scenario_id,selected_oc,true_oc,correct,score,scenario_seed,node_count,candidate_oc,x,y,local_density,speed,topology_hash,acoustic_state_hash,route_hash,generated_packets,delivered_packets,PDR,E2ED_ms,mean_source_destination_distance_m,connected_flow_pair_ratio,mean_static_shortest_hops,mean_static_shortest_path_length_m,mean_static_feasible_relay_candidates,mean_delivered_path_length_m,mean_delivered_hop_count,mean_delivered_relay_candidate_count,mean_delivered_relay_wait_ms,ROR_total,ROR_generated,ROR_hello,ROR_reactive,hello_tx,neighbor_update_tx,raw_neighbor_update_burden,compressed_topology_updates,topology_digest_packets,mc_topology_digest_ack_packets,lc_topology_update_tx,mc_topology_update_tx,route_request_tx,route_reply_tx,mc_control_tx,gateway_control_tx,control_transmissions,data_hops,OC_data_hops,architecture_violations,controller_requests,installed_route_hits,lc_cache_hits,lc_cache_misses,oc_route_computations,oc_route_successes,oc_route_failures,oc_cache_hits,oc_cache_misses,mc_fallbacks,mc_route_computations,mc_route_successes,mc_route_failures,route_recoveries,recovery_successes,recovery_failures,link_invalidations,control_unreachable,no_physical_path,routing_failure_with_path,final_no_path_drops,failed_route_attempts,negative_cache_hits,pending_route_suppressions,route_discovery_buffered_retries,route_discovery_timeout_drops,Model
4,2,0.0,0.0,0.0900010714242594,12000033,25,2,403.604193554009,175.0,22.0,1.746514060301,59dbe5815e751a2b,8d15af1f9d36efa1,1ae7f5959995227d,200,116,58.0,291.137931,237.879139,0.6,2.9,375.486901,1.282143,370.807475,4.775862,1.249097,0.0,0.278646,0.516908,0.152905,0.128931,100,176,176,32.0,0,0,16,16,37,37,8,0,214.0,554,0,0,21,104,0,21,16,12,4,0,16,4,4,0,4,0,0,0,0,5,80,4,84,9,75,0,0,0,SVM-selected OC
18,2,2.0,1.0,-1.4247681123336733,12000047,25,2,434.922569757502,175.0,11.0,2.59621734749,f0e4a8c06c8aa401,8d15af1f9d36efa1,9a9c0c00c57406af,200,40,20.0,88.55,281.968042,0.2,0.2,71.575578,2.5,71.575578,1.0,2.5,0.0,0.84,0.512195,0.714286,0.661017,100,280,280,32.0,0,0,16,16,31,31,16,4,210.0,40,0,0,17,36,0,17,12,4,8,0,12,8,8,0,8,0,0,0,0,5,160,0,160,13,147,0,0,0,SVM-selected OC
30,2,2.0,1.0,1.2030178202264086,12000059,25,2,265.91231589613,325.0,10.0,1.922115326986,1300486c1017bd5d,8d15af1f9d36efa1,9a7d7f00c55a1989,200,20,10.0,85.6,300.808824,0.1,0.1,77.299684,2.0,77.299684,1.0,2.0,0.0,0.944751,0.630996,0.833333,0.913043,100,296,296,32.0,0,0,16,16,96,96,18,0,342.0,20,0,0,85,18,0,85,11,2,9,0,11,9,9,0,9,0,0,0,0,74,180,0,180,83,97,0,0,0,SVM-selected OC
40,2,2.0,1.0,0.8924402282650803,12000069,25,2,208.96835861955,325.0,15.0,2.113224853144,c6414402b882dcff,8d15af1f9d36efa1,9aa64f00c57ccd0d,200,20,10.0,112.75,228.703702,0.1,0.1,95.814995,1.0,95.814995,1.0,1.0,0.0,0.906542,0.492386,0.833333,0.756098,100,176,176,32.0,0,0,16,16,22,22,18,0,194.0,20,0,0,11,18,0,11,11,2,9,0,11,9,9,0,9,0,0,0,0,0,180,0,180,9,171,0,0,0,SVM-selected OC
42,2,3.0,0.0,-0.771807074236925,12000071,25,2,420.326810861099,175.0,16.0,2.328542608734,25a86b49c5495509,8d15af1f9d36efa1,ff9deec04053ecb8,200,60,30.0,229.766667,234.471558,0.3,1.0,256.404066,1.783333,256.404066,3.333333,1.7,0.0,0.507389,0.507389,0.333333,0.270073,100,272,272,32.0,0,0,16,16,26,26,22,0,206.0,200,0,0,13,54,0,13,13,2,11,0,13,11,11,4,7,0,0,0,0,0,140,0,140,7,133,0,0,0,SVM-selected OC
49,0,0.0,1.0,1.1132691169265403,12000078,25,0,212.231273990048,175.0,13.0,1.931776767187,293e67af3bb84cf2,8d15af1f9d36efa1,a6f65ea038535fa2,200,20,10.0,235.75,313.753269,0.1,0.3,270.915073,1.666667,270.915073,3.0,1.666667,0.0,0.765625,0.494949,0.625,0.516129,100,232,232,32.0,0,0,16,16,22,22,20,0,196.0,60,0,0,11,18,0,11,11,1,10,0,11,10,10,1,9,0,0,0,0,0,180,0,180,9,171,0,0,0,SVM-selected OC
61,0,0.0,1.0,-0.015766814819736297,12000090,25,0,116.047917976655,325.0,18.0,2.095502539985,63c0de2d87a3b1cf,8d15af1f9d36efa1,0,200,0,0.0,,315.606781,0.0,0.0,,,,,,,1.0,0.5,1.0,1.0,100,152,152,32.0,0,0,16,16,24,24,20,0,200.0,0,0,0,14,0,0,14,10,0,10,0,10,10,10,0,10,0,0,0,0,4,200,0,200,14,186,0,0,0,SVM-selected OC
67,0,0.0,1.0,-1.7505499606858788,12000096,25,0,397.188163671401,175.0,14.0,2.994530004305,70bf5f4eeb66939e,8d15af1f9d36efa1,9a733d00c55154de,200,39,19.5,86.615385,255.723508,0.2,0.2,21.799212,2.0,22.137686,1.0,2.025641,0.0,0.839506,0.50495,0.719424,0.648649,100,200,200,32.0,0,0,16,16,26,26,20,0,204.0,39,0,0,14,35,0,14,12,2,10,0,12,10,10,2,8,0,0,0,0,2,160,1,161,10,151,0,0,0,SVM-selected OC
74,1,0.0,0.0,-0.961670040220687,12000103,25,1,214.273748432688,75.0,9.0,2.075187231215,c8961b6a99ef3305,8d15af1f9d36efa1,9aa63d00c57cae77,200,73,36.5,154.30137,286.262684,0.4,0.9,149.741127,1.375,158.855378,2.273973,1.39759,0.0,0.582915,0.537037,0.37594,0.37594,100,288,288,32.0,0,0,16,16,43,43,14,6,232.0,166,0,0,27,66,0,27,13,6,7,0,13,7,7,1,6,0,0,0,0,14,120,7,127,20,107,0,0,0,SVM-selected OC
76,0,0.0,1.0,0.40839760832314376,12000105,25,0,166.413946172866,175.0,15.0,2.220608854013,60861dbf74e34094,8d15af1f9d36efa1,3b63e531cd25ee81,200,54,27.0,304.537037,306.06306,0.3,1.3,376.118673,1.392857,374.57374,4.37037,1.398305,0.0,0.475556,0.516908,0.297619,0.257862,100,224,224,32.0,0,0,16,16,33,33,16,2,214.0,236,0,0,19,48,0,19,13,5,8,0,13,8,8,1,7,0,0,0,0,6,140,6,146,13,133,0,0,0,SVM-selected OC
103,3,3.0,1.0,1.2959184050607444,12000132,25,3,223.102069335125,325.0,18.0,1.683919890341,d8bd966627d22ff6,8d15af1f9d36efa1,adfe034b37d52cd1,200,98,49.0,212.622449,300.205592,0.5,1.6,247.374618,1.393333,246.045497,3.183673,1.5,0.0,0.4,0.509804,0.242718,0.195876,100,312,312,32.0,0,0,16,16,32,32,12,0,208.0,312,0,0,17,88,0,17,15,9,6,0,15,6,6,1,5,0,0,0,0,2,100,2,102,7,95,0,0,0,SVM-selected OC
106,1,1.0,1.0,-1.6981596499877938,12000135,25,1,459.107244456589,325.0,18.0,2.393187475184,777a0c034f6e91ef,8d15af1f9d36efa1,0,200,0,0.0,,377.941315,0.0,0.0,,,,,,,1.0,0.574468,1.0,1.0,100,240,240,32.0,0,0,16,16,59,59,20,4,270.0,0,0,0,47,0,0,47,10,0,10,0,10,10,10,0,10,0,0,0,0,37,200,0,200,47,153,0,0,0,SVM-selected OC
107,0,0.0,1.0,1.0788609170233325,12000136,25,0,318.555939822136,175.0,16.0,1.797216369565,f409d20b3b19424a,8d15af1f9d36efa1,fb3779042a27d958,200,40,20.0,120.2,269.260929,0.2,0.4,111.140723,1.333333,110.262405,2.0,1.75,0.0,0.71223,0.497487,0.555556,0.452055,100,240,240,32.0,0,0,16,16,25,25,16,0,198.0,80,0,0,13,36,0,13,12,4,8,0,12,8,8,0,8,0,0,0,0,1,160,0,160,9,151,0,0,0,SVM-selected OC
125,0,0.0,1.0,0.6424634279841044,12000154,25,0,140.314516226316,175.0,22.0,1.722763293398,f3353c958d56f2cc,8d15af1f9d36efa1,ee8cae4f61cf5565,200,100,50.0,228.8,227.575517,0.5,1.6,262.718486,1.56,276.260898,3.2,1.625,0.0,0.384615,0.5,0.238095,0.175258,100,288,288,32.0,0,0,16,16,28,28,12,0,200.0,320,0,0,15,90,0,15,15,9,6,0,15,6,6,1,5,0,0,0,0,0,100,0,100,5,95,0,0,0,SVM-selected OC
130,3,3.0,1.0,-1.0840088192950272,12000159,25,3,95.026324940295,175.0,19.0,2.57115143747,46453b3b6a6d4ff3,8d15af1f9d36efa1,9a65c500c545fe9a,200,20,10.0,94.15,253.141958,0.1,0.1,76.4009,4.0,76.4009,1.0,4.0,0.0,0.910714,0.50495,0.833333,0.782609,100,280,280,32.0,0,0,16,16,27,27,18,0,204.0,20,0,0,16,18,0,16,11,2,9,0,11,9,9,0,9,0,0,0,0,5,180,0,180,14,166,0,0,0,SVM-selected OC
133,1,1.0,1.0,0.11330921173684239,12000162,25,1,396.81195797746,325.0,19.0,1.867183193807,6b2e5c3e599afbd5,8d15af1f9d36efa1,45281c4f92dc6f1c,200,40,20.0,160.2,278.335125,0.2,0.4,183.405578,1.75,183.405578,2.0,1.75,0.0,0.714286,0.5,0.555556,0.459459,100,264,264,32.0,0,0,16,16,26,26,16,0,200.0,80,0,0,14,36,0,14,12,4,8,0,12,8,8,0,8,0,0,0,0,2,160,0,160,10,150,0,0,0,SVM-selected OC
134,0,2.0,0.0,-1.6327223896335763,12000163,25,0,182.270146504654,425.0,10.0,2.59515615128,45b095e50a7044fe,8d15af1f9d36efa1,31854941b06fe192,200,62,31.0,235.419355,299.134559,0.7,2.7,292.159158,1.383673,271.373691,3.596774,1.29148,0.0,0.603908,0.62963,0.309598,0.482599,100,224,224,32.0,0,0,16,16,99,99,10,0,340.0,223,0,0,90,56,0,90,9,4,5,0,9,5,5,2,3,0,0,0,0,81,60,78,138,84,54,0,0,0,SVM-selected OC
136,0,0.0,1.0,0.9083079680686321,12000165,25,0,234.934632876778,325.0,11.0,2.141249105317,f8767f866527e0ef,8d15af1f9d36efa1,9a8b1000c5659a48,200,20,10.0,91.05,321.732873,0.1,0.1,82.770748,1.0,82.770748,1.0,1.0,0.0,0.907407,0.494949,0.833333,0.761905,100,184,184,32.0,0,0,16,16,23,23,18,0,196.0,20,0,0,12,18,0,12,11,2,9,0,11,9,9,0,9,0,0,0,0,1,180,0,180,10,170,0,0,0,SVM-selected OC
142,3,3.0,1.0,-1.9030539112226705,12000171,25,3,467.407729568819,175.0,19.0,2.482917716316,a426a7c7169370e6,8d15af1f9d36efa1,7312d57fe097ce2f,200,42,21.0,184.333333,316.944028,0.3,0.7,184.583859,1.066667,191.472477,2.428571,1.147059,0.0,0.75,0.604743,0.49505,0.630435,100,224,224,32.0,0,0,16,16,79,79,16,2,306.0,102,0,0,66,37,0,66,12,4,8,0,12,8,8,1,7,0,0,0,0,54,140,18,158,61,97,0,0,0,SVM-selected OC
143,3,3.0,1.0,0.19968079668791816,12000172,25,3,331.681483669885,325.0,15.0,2.482586534803,8217fa9db786c0ff,8d15af1f9d36efa1,db4e9fda7b182045,200,40,20.0,166.875,224.267254,0.2,0.6,197.743462,1.5,190.847995,3.0,1.333333,0.0,0.622642,0.497487,0.454545,0.354839,100,224,224,32.0,0,0,16,16,25,25,16,2,198.0,120,0,0,12,36,0,12,12,4,8,0,12,8,8,0,8,0,0,0,0,0,160,0,160,8,152,0,0,0,SVM-selected OC
146,0,3.0,0.0,0.5808507938815435,12000175,25,0,317.337079766063,325.0,16.0,2.198083274355,ab6b859e41009944,8d15af1f9d36efa1,9a87a900c562b56c,200,60,30.0,120.85,297.625941,0.3,0.6,130.802048,2.25,119.119689,2.0,1.833333,0.0,0.628483,0.503722,0.454545,0.375,100,216,216,31.0,0,0,16,15,28,28,16,4,203.0,120,0,0,13,54,0,13,13,5,8,0,13,8,8,1,7,0,0,0,0,0,140,0,140,7,133,0,0,0,SVM-selected OC
149,2,2.0,1.0,-0.7180638465279188,12000178,25,2,69.066145054822,175.0,22.0,2.017609071845,ea8aafe76069fd3e,8d15af1f9d36efa1,c1294be80cd9a0fe,200,92,46.0,141.956522,229.42066,0.5,1.1,143.898781,2.146667,141.097508,2.108696,2.417526,0.0,0.561086,0.553571,0.340136,0.374194,100,320,320,32.0,0,0,16,16,52,52,12,0,248.0,194,0,0,37,82,0,37,15,9,6,0,15,6,6,1,5,0,0,0,0,22,100,8,108,27,81,0,0,0,SVM-selected OC
152,3,3.0,1.0,0.37140603894864554,12000181,25,3,130.56133393546,175.0,20.0,1.838924112232,c0fa319db31107ee,8d15af1f9d36efa1,9a80ca00c55cced1,200,19,9.5,112.105263,345.411329,0.1,0.1,76.982113,1.0,76.982113,1.0,1.0,0.0,0.914027,0.502488,0.840336,0.786517,100,200,200,32.0,0,0,16,16,25,25,20,0,202.0,19,0,0,14,17,0,14,11,1,10,0,11,10,10,1,9,0,0,0,0,3,180,1,181,12,169,0,0,0,SVM-selected OC
154,1,1.0,1.0,1.2919756410882375,12000183,25,1,281.475913307389,175.0,13.0,1.527749444679,a9b77d8a368bbd5c,8d15af1f9d36efa1,9a690600c548a2e4,200,139,69.5,201.165468,180.649803,0.8,2.9,254.484702,1.348214,241.393668,3.467626,1.259336,0.0,0.330556,0.543379,0.171821,0.180272,100,256,256,32.0,0,0,16,16,51,51,4,0,238.0,482,0,0,36,126,0,36,15,13,2,0,15,2,2,0,2,0,0,0,0,21,40,21,61,23,38,0,0,0,SVM-selected OC
168,1,1.0,1.0,0.6528925982591485,12000197,25,1,288.639500293229,325.0,12.0,2.402478908459,48e425d851eaf65,8d15af1f9d36efa1,84a2e7dd818339d8,200,20,10.0,249.0,334.002148,0.1,0.4,304.131374,1.75,304.131374,4.0,1.75,0.0,0.710145,0.494949,0.555556,0.444444,100,240,240,32.0,0,0,16,16,22,22,20,0,196.0,80,0,0,11,18,0,11,11,1,10,0,11,10,10,1,9,0,0,0,0,0,180,0,180,9,171,0,0,0,SVM-selected OC
175,0,3.0,0.0,-0.4887873948031398,12000204,25,0,416.672204201761,325.0,21.0,2.063296874175,124f52947838c594,8d15af1f9d36efa1,9a76ac00c5544752,200,51,25.5,127.960784,188.397305,0.3,0.4,104.685538,1.166667,102.38698,1.313725,1.238806,0.0,0.789969,0.557522,0.598802,0.641711,100,280,280,32.0,0,0,16,16,52,52,16,0,252.0,67,0,0,39,45,0,39,13,5,8,0,13,8,8,1,7,0,0,0,0,26,140,9,149,33,116,0,0,0,SVM-selected OC
178,1,1.0,1.0,0.8762769009354248,12000207,25,1,328.528160160569,175.0,18.0,1.912794918977,338d452a32afa608,8d15af1f9d36efa1,3c85754f8dfa445b,200,40,20.0,166.55,310.098858,0.2,0.5,176.178135,1.0,176.178135,2.5,1.0,0.0,0.662162,0.494949,0.5,0.390244,100,216,216,32.0,0,0,16,16,24,24,16,0,196.0,100,0,0,12,36,0,12,12,4,8,0,12,8,8,0,8,0,0,0,0,0,160,0,160,8,152,0,0,0,SVM-selected OC
186,3,3.0,1.0,1.1564555631716686,12000215,25,3,202.532620731452,325.0,18.0,1.737829350203,b3d7839a54c57f00,8d15af1f9d36efa1,d4a1314f5325b833,200,80,40.0,125.0875,217.596599,0.4,0.8,126.221888,1.25,126.221888,2.0,1.125,0.0,0.555556,0.5,0.384615,0.298246,100,232,232,32.0,0,0,16,16,28,28,12,0,200.0,160,0,0,14,72,0,14,14,8,6,0,14,6,6,0,6,0,0,0,0,0,120,0,120,6,114,0,0,0,SVM-selected OC
189,1,1.0,1.0,0.3092626552635451,12000218,25,1,323.575522585675,175.0,12.0,2.429375579198,e6159585df451a48,8d15af1f9d36efa1,854f8fc35f22796,200,20,10.0,242.2,314.749868,0.1,0.3,266.262559,1.0,266.262559,3.0,1.0,0.0,0.761905,0.489796,0.625,0.5,100,200,200,32.0,0,0,16,16,20,20,20,0,192.0,60,0,0,11,18,0,11,11,1,10,0,11,10,10,1,9,0,0,0,0,0,180,0,180,9,171,0,0,0,SVM-selected OC
192,1,1.0,1.0,0.13154373251736828,12000221,25,1,348.640601526752,325.0,14.0,2.44976230025,4afecf6c6f91bd15,8d15af1f9d36efa1,9a91d200c56b4f9c,200,40,20.0,137.025,251.22857,0.2,0.3,127.692581,1.25,127.692581,1.5,1.333333,0.0,0.777778,0.512195,0.625,0.565217,100,224,224,32.0,0,0,16,16,31,31,16,0,210.0,60,0,0,19,36,0,19,12,4,8,0,12,8,8,0,8,0,0,0,0,7,160,0,160,15,145,0,0,0,SVM-selected OC
212,3,3.0,1.0,0.37606239290154697,12000241,25,3,194.675430364245,325.0,12.0,2.444729334756,86f192da6845eda3,8d15af1f9d36efa1,9a8afa00c56574e6,200,20,10.0,90.1,301.196735,0.1,0.1,84.393202,2.0,84.393202,1.0,2.0,0.0,0.912281,0.509804,0.833333,0.791667,100,224,224,32.0,0,0,16,16,29,29,18,0,208.0,20,0,0,19,18,0,19,11,2,9,0,11,9,9,0,9,0,0,0,0,8,180,0,180,17,163,0,0,0,SVM-selected OC
220,1,1.0,1.0,-1.246566122754352,12000249,25,1,58.944582143257,175.0,21.0,2.255667352052,5867c8ed37517342,8d15af1f9d36efa1,9a845000c55fe85a,200,40,20.0,96.45,299.347699,0.2,0.3,87.672448,1.75,87.672448,1.5,1.666667,0.0,0.805825,0.554566,0.625,0.662921,100,224,224,31.0,0,0,16,15,51,51,16,2,249.0,60,0,0,38,36,0,38,12,4,8,0,12,8,8,0,8,0,0,0,0,26,160,0,160,34,126,0,0,0,SVM-selected OC
233,2,2.0,1.0,0.6020885866314725,12000262,25,2,354.779284407395,325.0,18.0,1.989549801493,69b987e583639d14,8d15af1f9d36efa1,9a691100c548b595,200,100,50.0,258.69,229.527169,0.5,2.1,321.79911,1.568889,321.79911,4.2,1.380952,0.0,0.329073,0.507389,0.192308,0.149798,100,280,280,32.0,0,0,16,16,31,31,12,2,206.0,420,0,0,15,90,0,15,15,9,6,0,15,6,6,1,5,0,0,0,0,0,100,0,100,5,95,0,0,0,SVM-selected OC
240,3,3.0,1.0,-1.4515581986718837,12000269,25,3,88.499829428495,325.0,17.0,2.768235270125,5360790263568b8a,8d15af1f9d36efa1,973e330810dd10b9,200,60,30.0,312.95,274.085179,0.3,1.6,395.347325,1.095238,395.347325,5.333333,1.125,0.0,0.42029,0.537037,0.238095,0.238095,100,160,160,32.0,0,0,16,16,42,42,16,0,232.0,320,0,0,29,54,0,29,13,5,8,0,13,8,8,1,7,0,0,0,0,16,140,0,140,23,117,0,0,0,SVM-selected OC
257,2,0.0,0.0,0.7129958234643254,12000286,25,2,182.384223521577,175.0,15.0,2.139369430129,aaacb60a36117a37,8d15af1f9d36efa1,9a734800c551678f,200,80,40.0,102.5375,246.846691,0.4,0.5,87.952398,1.0,87.952398,1.25,1.0,0.0,0.66443,0.497487,0.5,0.39759,100,232,232,32.0,0,0,16,16,27,27,12,2,198.0,100,0,0,14,72,2,12,12,6,6,0,12,6,6,0,6,0,0,0,0,0,120,0,120,6,114,0,0,0,SVM-selected OC
271,0,0.0,1.0,-0.03834233624026595,12000300,25,0,165.693175872703,175.0,12.0,2.524116414188,c1cb599bc2db8cd3,8d15af1f9d36efa1,9a623500c542d413,200,20,10.0,73.2,342.22353,0.1,0.1,57.719836,1.0,57.719836,1.0,1.0,0.0,0.907407,0.494949,0.833333,0.761905,100,264,264,32.0,0,0,16,16,23,23,18,0,196.0,20,0,0,12,18,0,12,11,2,9,0,11,9,9,0,9,0,0,0,0,1,180,0,180,10,170,0,0,0,SVM-selected OC
273,1,1.0,1.0,0.1976886844105561,12000302,25,1,110.950234735736,325.0,21.0,1.582936328155,c84e4dedfe337bf2,8d15af1f9d36efa1,9a8e8400c568953b,200,109,54.5,135.0,172.054383,0.6,1.0,106.453682,1.527778,117.21615,1.880734,1.57561,0.0,0.530892,0.537037,0.327869,0.327869,100,264,264,32.0,0,0,16,16,43,43,14,0,232.0,205,0,0,27,97,0,27,16,9,7,0,16,7,7,3,4,0,0,0,0,11,80,11,91,15,76,0,0,0,SVM-selected OC
278,3,3.0,1.0,-0.7542971579815099,12000307,25,3,271.055332426776,75.0,10.0,1.678912330206,d28337ee91f2c4ac,8d15af1f9d36efa1,69b741316832c466,200,73,36.5,254.479452,289.028327,0.4,1.6,302.683852,1.55,309.551026,3.90411,1.603509,0.0,0.428858,0.516908,0.25974,0.223433,100,264,264,32.0,0,0,16,16,34,34,14,0,214.0,285,0,0,22,66,0,22,12,5,7,0,12,7,7,2,5,0,0,0,0,10,120,7,127,15,112,0,0,0,SVM-selected OC
282,3,3.0,1.0,1.0887591276528106,12000311,25,3,323.519904783778,175.0,19.0,1.59656676829,9cf7c7cc9f1547d7,8d15af1f9d36efa1,de5f962775889266,200,152,76.0,371.085526,405.467536,0.8,4.8,445.951078,1.920536,445.486146,5.993421,1.879254,0.0,0.211255,0.54955,0.098912,0.109482,100,312,312,32.0,0,0,16,16,51,51,10,12,244.0,911,0,0,29,136,2,27,16,11,5,0,16,5,5,3,2,0,0,0,0,11,40,8,48,13,35,0,0,0,SVM-selected OC
283,3,3.0,1.0,0.830153649229807,12000312,25,3,287.786166122216,325.0,11.0,2.225015436902,3e90b6c24e0f5881,8d15af1f9d36efa1,a5cf0c9acc8119e,200,200,100.0,310.89,255.061208,1.0,4.7,387.13725,1.78254,383.69754,4.7,1.680851,0.0,0.195205,0.53271,0.096154,0.092664,100,296,296,32.0,0,0,16,16,40,40,16,0,228.0,940,0,0,20,180,0,20,20,12,8,0,20,8,8,8,0,0,0,0,0,0,0,0,0,0,0,0,0,0,SVM-selected OC
284,2,2.0,1.0,0.012451287491906271,12000313,25,2,111.83402584228,175.0,18.0,1.982434606623,c496380ebe7faee1,8d15af1f9d36efa1,9a5ee300c54012e6,200,40,20.0,133.875,287.76292,0.2,0.4,129.266972,1.166667,129.266972,2.0,1.25,0.0,0.71223,0.497487,0.555556,0.452055,100,216,216,32.0,0,0,16,16,24,24,18,0,198.0,80,0,0,12,36,0,12,12,3,9,0,12,9,9,1,8,0,0,0,0,0,160,0,160,8,152,0,0,0,SVM-selected OC
292,2,2.0,1.0,-0.9482858020114673,12000321,25,2,94.921883942325,175.0,15.0,2.500434203033,ae4d86be0998e93e,8d15af1f9d36efa1,0,200,0,0.0,,263.474767,0.0,0.0,,,,,,,1.0,0.50495,1.0,1.0,100,216,216,32.0,0,0,16,16,26,26,20,0,204.0,0,0,0,17,0,0,17,10,0,10,0,10,10,10,0,10,0,0,0,0,7,200,0,200,17,183,0,0,0,SVM-selected OC
293,1,1.0,1.0,-0.9969782441164874,12000322,25,1,303.623055857302,75.0,6.0,2.118741806071,f02c7102ba22890d,8d15af1f9d36efa1,450f2277e8fd110b,200,47,23.5,262.574468,337.075103,0.3,1.2,297.16013,1.827778,276.973148,3.787234,1.735955,0.0,0.639676,0.612403,0.359712,0.508287,100,256,256,32.0,0,0,16,16,86,86,12,20,316.0,178,0,0,66,42,0,66,10,4,6,0,10,6,6,1,5,0,0,0,0,56,140,13,153,61,92,0,0,0,SVM-selected OC
302,0,0.0,1.0,-0.18289950573188207,12000331,25,0,118.355979262839,325.0,17.0,2.217910586818,48f719a36218cd4c,8d15af1f9d36efa1,9a691200c548b748,200,60,30.0,126.5,232.820898,0.3,0.5,108.888018,2.555556,108.888018,1.666667,2.2,0.0,0.669967,0.503722,0.5,0.418605,100,264,264,31.0,0,0,16,15,28,28,16,0,203.0,100,0,0,15,54,0,15,13,5,8,0,13,8,8,1,7,0,0,0,0,2,140,0,140,9,131,0,0,0,SVM-selected OC
309,1,1.0,1.0,0.8091088290657886,12000338,25,1,342.020268361903,325.0,12.0,1.776015600402,5b79274a160f0ff6,8d15af1f9d36efa1,980c974f30d9973b,200,40,20.0,183.7,275.578415,0.2,0.4,173.937219,3.75,173.937219,2.0,3.75,0.0,0.727891,0.516908,0.555556,0.506173,100,304,304,32.0,0,0,16,16,32,32,18,2,214.0,80,0,0,19,36,0,19,12,3,9,0,12,9,9,1,8,0,0,0,0,7,160,0,160,15,145,0,0,0,SVM-selected OC
311,3,3.0,1.0,1.1466802527449467,12000340,25,3,208.202840716055,325.0,9.0,1.758097888879,93f9cb6ab6557a82,8d15af1f9d36efa1,e0b992c9f5fe08ee,200,20,10.0,201.25,278.163271,0.1,0.3,228.869703,1.333333,228.869703,3.0,1.333333,0.0,0.772727,0.50495,0.625,0.545455,100,216,216,32.0,0,0,16,16,27,27,18,10,204.0,60,0,0,11,18,0,11,11,2,9,0,11,9,9,0,9,0,0,0,0,0,180,0,180,9,171,0,0,0,SVM-selected OC
322,3,3.0,1.0,1.2671910754351021,12000351,25,3,291.452194249828,175.0,17.0,1.536113047199,8912b4a39994c94e,8d15af1f9d36efa1,9a953900c56e3478,200,83,41.5,175.843373,196.033831,0.5,1.2,188.186174,1.34,190.247879,2.385542,1.257576,0.0,0.556054,0.553571,0.33557,0.369427,100,232,232,32.0,0,0,16,16,52,52,12,0,248.0,198,0,0,39,75,0,39,13,7,6,0,13,6,6,1,5,0,0,0,0,26,100,17,117,31,86,0,0,0,SVM-selected OC
337,1,2.0,0.0,-0.7350725848774307,12000366,25,1,57.010801748246,325.0,21.0,1.669990535141,45c31b5e538ae4e,8d15af1f9d36efa1,b1cbcf4f3f5d8443,200,17,8.5,123.588235,281.098228,0.1,0.2,115.295764,1.0,115.295764,2.0,1.0,0.0,0.862903,0.516908,0.746269,0.706897,100,280,280,32.0,0,0,16,16,32,32,18,0,214.0,34,0,0,21,15,0,21,11,2,9,0,11,9,9,0,9,0,0,0,0,10,180,3,183,19,164,0,0,0,SVM-selected OC
346,0,0.0,1.0,0.7057058867226012,12000375,25,0,193.042965808212,175.0,14.0,2.233918755938,486d66c846377cd2,8d15af1f9d36efa1,97bae54f3094119d,200,40,20.0,127.85,229.363825,0.2,0.3,126.941015,2.0,126.941015,1.5,2.0,0.0,0.76378,0.492386,0.625,0.508197,100,216,216,32.0,0,0,16,16,23,23,16,0,194.0,60,0,0,12,36,0,12,12,4,8,0,12,8,8,0,8,0,0,0,0,0,160,0,160,8,152,0,0,0,SVM-selected OC
353,1,1.0,1.0,-0.6377965545306292,12000382,25,1,151.630416093846,325.0,15.0,2.801030853142,26856ac4cfd46d38,8d15af1f9d36efa1,0,200,0,0.0,,260.204985,0.0,0.0,,,,,,,1.0,0.497487,1.0,1.0,100,280,280,32.0,0,0,16,16,23,23,20,0,198.0,0,0,0,13,0,0,13,10,0,10,0,10,10,10,0,10,0,0,0,0,3,200,0,200,13,187,0,0,0,SVM-selected OC
355,0,0.0,1.0,0.2333133832748171,12000384,25,0,163.369168963284,325.0,20.0,2.370488615511,1a3d1aa2e4980a26,8d15af1f9d36efa1,83e1f567776740f3,200,60,30.0,202.15,275.569259,0.3,1.0,247.948497,1.783333,250.126631,3.333333,1.6,0.0,0.509804,0.509804,0.333333,0.275362,100,320,320,32.0,0,0,16,16,31,31,14,0,208.0,200,0,0,18,54,0,18,13,6,7,0,13,7,7,0,7,0,0,0,0,5,140,0,140,12,128,0,0,0,SVM-selected OC
360,3,3.0,1.0,-1.8372713446646536,12000389,25,3,52.825509357429,175.0,20.0,2.534736900248,d0502b687035db24,8d15af1f9d36efa1,7acebba8abe1f93a,200,20,10.0,199.15,310.713628,0.1,0.3,220.248125,1.666667,220.248125,3.0,1.666667,0.0,0.79661,0.54023,0.625,0.634146,100,224,224,31.0,0,0,16,15,43,43,18,2,235.0,60,0,0,31,18,0,31,11,2,9,0,11,9,9,0,9,0,0,0,0,20,180,0,180,29,151,0,0,0,SVM-selected OC
363,3,3.0,1.0,1.2683089203624256,12000392,25,3,246.92961137665,325.0,13.0,1.672044134815,24407c2c29e0664d,8d15af1f9d36efa1,be900a7fc748dcaa,200,100,50.0,186.69,189.771666,0.5,1.4,214.885907,1.466667,206.340482,2.8,1.5,0.0,0.423868,0.507389,0.263158,0.20904,100,248,248,32.0,0,0,16,16,30,30,14,0,206.0,280,0,0,15,90,0,15,15,8,7,0,15,7,7,2,5,0,0,0,0,0,100,0,100,5,95,0,0,0,SVM-selected OC
369,0,2.0,0.0,-1.8947517885571283,12000398,25,0,12.275556619615,325.0,23.0,1.912915821345,e23bbcc86ce6bf18,8d15af1f9d36efa1,33e2b44f8917ed6c,200,41,20.5,164.170732,242.612655,0.3,0.6,153.387271,2.333333,171.340273,2.292683,2.138298,0.0,0.752632,0.588477,0.515464,0.620968,100,328,328,32.0,0,0,16,16,69,69,16,0,286.0,94,0,0,58,37,0,58,11,3,8,0,11,8,8,1,7,0,0,0,0,47,140,19,159,54,105,0,0,0,SVM-selected OC
375,0,0.0,1.0,0.08012688528317469,12000404,25,0,100.657976577122,325.0,22.0,1.576858058834,ceedd14aa65fb53b,8d15af1f9d36efa1,9a76b700c5545a03,200,20,10.0,100.85,234.76692,0.1,0.1,65.218389,1.0,65.218389,1.0,1.0,0.0,0.908257,0.497487,0.833333,0.767442,100,248,248,32.0,0,0,16,16,23,23,20,0,198.0,20,0,0,12,18,0,12,11,1,10,0,11,10,10,1,9,0,0,0,0,1,180,0,180,10,170,0,0,0,SVM-selected OC
378,0,0.0,1.0,1.1999013734790083,12000407,25,0,212.473299124043,325.0,18.0,1.758587105378,254678b099045251,8d15af1f9d36efa1,febd16476ee00e88,200,40,20.0,146.525,309.24323,0.2,0.4,156.272153,1.666667,156.272153,2.0,1.5,0.0,0.714286,0.5,0.555556,0.459459,100,208,208,32.0,0,0,16,16,26,26,16,0,200.0,80,0,0,14,36,0,14,12,4,8,0,12,8,8,0,8,0,0,0,0,2,160,0,160,10,150,0,0,0,SVM-selected OC
381,2,2.0,1.0,0.7462179326033276,12000410,25,2,185.849267796057,175.0,17.0,2.156416448477,56ed6e769925e341,8d15af1f9d36efa1,b0f19882360cc22b,200,139,69.5,180.438849,233.809826,0.7,1.9,207.018217,1.785714,207.127009,2.71223,1.790451,0.0,0.355556,0.509804,0.209644,0.16777,100,256,256,32.0,0,0,16,16,35,35,6,0,208.0,377,0,0,18,125,0,18,17,14,3,0,17,3,3,0,3,0,0,0,0,1,60,1,61,4,57,0,0,0,SVM-selected OC
383,3,3.0,1.0,0.7191486431411622,12000412,25,3,177.771275430643,175.0,9.0,2.143708460725,79b2a3f384b3c6b7,8d15af1f9d36efa1,2282264f7f3c6372,200,66,33.0,167.242424,281.67403,0.4,1.1,189.186291,1.758333,182.306154,2.69697,1.595506,0.0,0.552764,0.52381,0.359712,0.330827,100,320,320,32.0,0,0,16,16,38,38,12,0,220.0,178,0,0,26,60,0,26,12,6,6,0,12,6,6,0,6,0,0,0,0,14,120,14,134,20,114,0,0,0,SVM-selected OC
385,3,3.0,1.0,1.0510046554220107,12000414,25,3,318.676929087924,175.0,20.0,1.640339667802,8c179ba7eda4843e,8d15af1f9d36efa1,9aa9a300c57f91a0,200,60,30.0,101.85,262.893545,0.3,0.4,87.832001,2.333333,92.269849,1.333333,2.4125,0.0,0.71223,0.497487,0.555556,0.452055,100,280,280,32.0,0,0,16,16,26,26,14,0,198.0,80,0,0,13,54,0,13,13,6,7,0,13,7,7,0,7,0,0,0,0,0,140,0,140,7,133,0,0,0,SVM-selected OC
389,1,1.0,1.0,-1.2015125695157938,12000418,25,1,448.636254968581,175.0,20.0,2.276223193716,c60d06f30d803fc3,8d15af1f9d36efa1,59b700ca3a717281,200,19,9.5,219.789474,339.994283,0.1,0.3,223.729579,1.333333,223.729579,3.0,1.333333,0.0,0.802768,0.537037,0.636943,0.636943,100,192,192,32.0,0,0,16,16,40,40,20,0,232.0,57,0,0,29,17,0,29,11,1,10,0,11,10,10,1,9,0,0,0,0,18,180,1,181,27,154,0,0,0,SVM-selected OC
406,1,1.0,1.0,0.4194082111476991,12000435,25,1,131.827326264581,325.0,16.0,1.793566804191,a0f4af57d7957bc3,8d15af1f9d36efa1,45281e4f92dc7282,200,40,20.0,224.475,327.905359,0.2,0.7,280.174691,1.75,280.174691,3.5,1.428571,0.0,0.583333,0.494949,0.416667,0.313725,100,232,232,32.0,0,0,16,16,24,24,16,0,196.0,140,0,0,12,36,0,12,12,4,8,0,12,8,8,0,8,0,0,0,0,0,160,0,160,8,152,0,0,0,SVM-selected OC
408,3,3.0,1.0,-0.9780317392711204,12000437,25,3,289.210342033068,425.0,14.0,1.740420151913,5c01d96cd23e6e6c,8d15af1f9d36efa1,8779ff68ccc19465,200,16,8.0,221.1875,277.452112,0.1,0.3,235.524582,1.333333,235.524582,3.0,1.333333,0.0,0.835616,0.54955,0.675676,0.7,100,160,160,32.0,0,0,16,16,47,47,18,2,244.0,48,0,0,39,14,0,35,11,2,9,0,11,9,9,0,9,0,0,0,0,28,180,4,184,37,147,0,0,0,SVM-selected OC
414,3,3.0,1.0,-0.4306183675040014,12000443,25,3,112.805923766073,325.0,19.0,2.357094930639,c524a644e460b2c7,8d15af1f9d36efa1,dd39b24f57ff4ddd,200,35,17.5,172.771429,270.752794,0.2,0.6,181.639726,1.625,179.605346,2.971429,1.663462,0.0,0.676012,0.520384,0.490196,0.452632,100,184,184,31.0,0,0,16,15,35,35,16,2,217.0,104,0,0,22,31,0,22,12,4,8,0,12,8,8,0,8,0,0,0,0,10,160,5,165,18,147,0,0,0,SVM-selected OC
417,0,3.0,0.0,-0.7902435357247164,12000446,25,0,52.65003526972,325.0,22.0,1.580884431842,b5c6d27166652bfd,8d15af1f9d36efa1,a93d784f3a8c8a7c,200,47,23.5,200.957447,253.356229,0.4,1.1,199.234653,1.791667,206.068643,2.914894,1.635036,0.0,0.720978,0.638989,0.421941,0.618384,100,264,264,32.0,0,0,16,16,105,105,12,0,354.0,137,0,0,96,42,0,96,9,3,6,0,9,6,6,2,4,0,0,0,0,87,120,33,153,91,62,0,0,0,SVM-selected OC
420,1,1.0,1.0,1.341953368664349,12000449,25,1,247.751027345555,325.0,15.0,1.641272429565,e792a8a65e413120,8d15af1f9d36efa1,2872fd295b47640,200,20,10.0,184.95,294.230456,0.1,0.3,191.697413,2.333333,191.697413,3.0,2.333333,0.0,0.765625,0.494949,0.625,0.516129,100,248,248,32.0,0,0,16,16,23,23,18,2,196.0,60,0,0,11,18,0,11,11,2,9,0,11,9,9,0,9,0,0,0,0,0,180,0,180,9,171,0,0,0,SVM-selected OC
426,3,3.0,1.0,1.235732427273689,12000455,25,3,243.926420945117,175.0,14.0,1.94597726513,4eec7314fea08517,8d15af1f9d36efa1,8db6acca57e72d6f,200,80,40.0,277.2,237.317529,0.4,1.8,359.37103,2.166667,346.537239,4.5,2.0,0.0,0.359431,0.502488,0.217391,0.162791,100,312,312,32.0,0,0,16,16,28,28,14,0,202.0,360,0,0,14,72,0,14,14,7,7,0,14,7,7,1,6,0,0,0,0,0,120,0,120,6,114,0,0,0,SVM-selected OC
428,0,0.0,1.0,1.3001398731510356,12000457,25,0,280.880593475857,175.0,11.0,1.714098729854,b69e8c1e2a4a02aa,8d15af1f9d36efa1,9a690600c548a2e4,200,60,30.0,202.433333,257.205128,0.3,0.9,205.154977,1.166667,205.154977,3.0,1.222222,0.0,0.552239,0.526066,0.357143,0.333333,100,208,208,32.0,0,0,16,16,38,38,14,4,222.0,180,0,0,25,54,2,23,11,4,7,0,11,7,7,0,7,0,0,0,0,12,140,0,140,19,121,0,0,0,SVM-selected OC
433,1,1.0,1.0,-0.622022059394979,12000462,25,1,60.966170206252,175.0,21.0,1.738543258424,894aeb8c1a9b02ab,8d15af1f9d36efa1,9a8afc00c565784c,200,11,5.5,103.909091,250.391415,0.1,0.1,45.54005,1.0,45.54005,1.0,1.0,0.0,0.956522,0.547511,0.900901,0.909091,100,232,232,32.0,0,0,16,16,45,45,20,0,242.0,11,0,0,35,10,0,35,10,0,10,0,10,10,10,1,9,0,0,0,0,25,180,9,189,34,155,0,0,0,SVM-selected OC
438,2,2.0,1.0,0.8284588720837416,12000467,25,2,349.137540436494,175.0,21.0,1.753175724298,47ac330c267798c1,8d15af1f9d36efa1,d2709d2888af272a,200,118,59.0,183.508475,246.448794,0.6,1.6,192.918313,3.127778,203.343147,2.669492,2.685714,0.0,0.395393,0.507389,0.240964,0.190231,100,320,320,32.0,0,0,16,16,33,33,8,2,206.0,315,0,0,18,106,0,18,16,12,4,0,16,4,4,0,4,0,0,0,0,2,80,2,82,6,76,0,0,0,SVM-selected OC
446,1,1.0,1.0,-0.7590864701281834,12000475,25,1,269.944416731629,75.0,9.0,1.642066148848,61c94f8d4310e5a7,8d15af1f9d36efa1,2b4a434f843e72f2,200,52,26.0,169.288462,224.916332,0.3,0.8,168.262542,1.583333,176.191477,2.769231,1.826389,0.0,0.595506,0.514563,0.409836,0.357143,100,264,264,32.0,0,0,16,16,32,32,16,0,212.0,144,0,0,20,47,0,20,12,4,8,0,12,8,8,1,7,0,0,0,0,8,140,8,148,15,133,0,0,0,SVM-selected OC
469,0,0.0,1.0,0.021283849234617236,12000498,25,0,365.892848782647,175.0,15.0,2.355713203148,af5df5823918f62d,8d15af1f9d36efa1,a925b04f3a7857c3,200,40,20.0,182.875,248.108554,0.2,0.7,226.942664,1.9,219.721965,3.5,1.714286,0.0,0.583333,0.494949,0.416667,0.313725,100,224,224,32.0,0,0,16,16,24,24,16,0,196.0,140,0,0,12,36,0,12,12,4,8,0,12,8,8,0,8,0,0,0,0,0,160,0,160,8,152,0,0,0,SVM-selected OC
483,1,1.0,1.0,-0.39279356936741117,12000512,25,1,144.951294942169,325.0,9.0,2.608806341965,6cca99d0f5b0294a,8d15af1f9d36efa1,0,200,0,0.0,,293.762892,0.0,0.0,,,,,,,1.0,0.521531,1.0,1.0,100,248,248,32.0,0,0,16,16,33,33,20,0,218.0,0,0,0,23,0,0,23,10,0,10,0,10,10,10,0,10,0,0,0,0,13,200,0,200,23,177,0,0,0,SVM-selected OC
485,3,3.0,1.0,0.5073958824311724,12000514,25,3,209.448398839236,175.0,12.0,2.427199395934,ebdced32130c285a,8d15af1f9d36efa1,85ccbb9fc57f70ec,200,120,60.0,201.641667,226.57837,0.6,1.7,241.084777,1.727778,231.378451,2.833333,1.470588,0.0,0.375,0.50495,0.227273,0.174757,100,288,288,32.0,0,0,16,16,32,32,8,0,204.0,340,0,0,16,108,0,16,16,12,4,0,16,4,4,0,4,0,0,0,0,0,80,0,80,4,76,0,0,0,SVM-selected OC
495,1,1.0,1.0,0.4249604922905039,12000524,25,1,123.337911097927,175.0,18.0,1.795231343264,6893fcb7f34e18ca,8d15af1f9d36efa1,642ca767259b227f,200,106,53.0,311.122642,235.704207,0.6,3.0,382.73759,1.421429,376.180143,4.943396,1.490458,0.0,0.335025,0.568966,0.160256,0.20122,100,248,248,32.0,0,0,16,16,59,59,14,10,264.0,524,0,0,39,94,0,39,16,9,7,0,16,7,7,3,4,0,0,0,0,23,80,14,94,27,67,0,0,0,SVM-selected OC
496,3,2.0,0.0,-0.7749369163302955,12000525,25,3,110.400354263655,325.0,15.0,2.517094763429,ad423af71d419d03,8d15af1f9d36efa1,9aa9b600c57fb1e9,200,33,16.5,134.030303,307.253428,0.2,0.4,144.724587,1.666667,129.328649,1.787879,1.559322,0.0,0.783883,0.516908,0.628931,0.58156,100,216,216,32.0,0,0,16,16,32,32,18,0,214.0,59,0,0,24,30,0,22,11,2,9,0,11,9,9,1,8,0,0,0,0,13,160,7,167,21,146,0,0,0,SVM-selected OC
501,0,1.0,0.0,-1.8336013958816197,13000030,50,0,378.973449543356,75.0,22.0,2.394439531222,3339c635531a8bfc,8d15af1f9d36efa1,9aa61d00c57c7817,200,83,41.5,318.60241,246.089098,1.0,4.3,326.06898,3.234762,381.260314,5.26506,2.171625,0.0,0.539515,0.719101,0.313972,0.390516,200,1120,1120,32.0,0,0,16,16,135,135,10,0,512.0,437,0,0,126,74,0,126,9,4,5,0,9,5,5,5,0,0,0,0,0,117,0,117,117,117,0,0,0,0,SVM-selected OC
518,2,2.0,1.0,0.3220781097842238,13000047,50,2,139.838678369379,175.0,28.0,2.190260739551,f91298cdaa69b793,8d15af1f9d36efa1,463ddd6b8a79e045,200,180,90.0,419.205556,329.921388,0.9,5.7,505.659655,2.74475,532.066166,6.705556,2.485501,0.0,0.213681,0.621212,0.142146,0.073676,200,944,944,32.0,0,0,16,16,43,43,10,10,328.0,1207,0,0,19,162,0,19,19,14,5,0,19,5,5,4,1,0,0,0,0,0,20,0,20,1,19,0,0,0,SVM-selected OC
531,3,3.0,1.0,0.23893127931684965,13000060,50,3,399.540776377717,325.0,37.0,1.613676884716,e4e25cd71935e526,8d15af1f9d36efa1,bc3a7d2da3933089,200,94,47.0,184.755319,223.801773,0.5,1.5,216.648557,1.28,214.077926,2.968085,1.415771,0.0,0.531092,0.612403,0.417537,0.231405,200,984,984,32.0,0,0,16,16,37,37,10,0,316.0,279,0,0,23,84,0,23,15,10,5,0,15,5,5,0,5,0,0,0,0,8,100,6,106,13,93,0,0,0,SVM-selected OC
535,3,3.0,1.0,0.6269551039283083,13000064,50,3,290.295204890782,175.0,25.0,2.434483156477,afeed29b44176547,8d15af1f9d36efa1,a4aa284fc9057115,200,119,59.5,428.428571,256.827922,0.7,5.0,588.613694,2.860714,573.114891,7.285714,2.54902,0.0,0.285243,0.6337,0.187441,0.116208,200,1152,1152,32.0,0,0,16,16,47,47,20,0,346.0,867,0,0,35,108,2,33,12,2,10,0,12,10,10,7,3,0,0,0,0,21,60,21,81,24,57,0,0,0,SVM-selected OC
540,2,2.0,1.0,0.36321684568346413,13000069,50,2,113.597015243779,325.0,43.0,1.634930493602,18f5a27146e43192,8d15af1f9d36efa1,b21c42b9f8735144,200,180,90.0,238.6,225.648625,0.9,3.5,262.935561,2.936508,273.034851,3.961111,2.645161,0.0,0.31244,0.618321,0.219058,0.114286,200,1040,1040,32.0,0,0,16,16,39,39,14,2,324.0,713,0,0,19,162,0,19,19,12,7,0,19,7,7,6,1,0,0,0,0,0,20,0,20,1,19,0,0,0,SVM-selected OC
543,3,3.0,1.0,0.7074470914555082,13000072,50,3,306.463066437789,325.0,25.0,2.414744703725,aa5981bc2ff08b1a,8d15af1f9d36efa1,6e85d6c9ed24b772,200,150,75.0,265.56,259.888673,0.8,3.1,312.107909,2.68006,324.164247,3.96,2.792929,0.0,0.354348,0.619772,0.251889,0.136628,200,1008,1008,32.0,0,0,16,16,44,44,6,0,326.0,594,0,0,27,135,0,27,17,14,3,0,17,3,3,1,2,0,0,0,0,10,40,10,50,12,38,0,0,0,SVM-selected OC
546,0,2.0,0.0,-1.0156737816842636,13000075,50,0,109.1009131241,175.0,33.0,2.72267130482,6c657fc762b9e4bd,8d15af1f9d36efa1,9aa9a900c57f9bd2,200,73,36.5,123.616438,211.877159,0.4,0.6,110.689999,3.75,110.87798,1.547945,4.176991,0.0,0.735363,0.610895,0.638978,0.420513,200,1144,1144,32.0,0,0,16,16,34,34,14,2,314.0,113,0,0,20,66,0,20,13,6,7,0,13,7,7,1,6,0,0,0,0,7,120,7,127,13,114,0,0,0,SVM-selected OC
547,1,1.0,1.0,-0.41553670799477516,13000076,50,1,94.592705380787,175.0,36.0,2.231551564181,7521f7b86eb89d77,8d15af1f9d36efa1,70a2aea838e7c9f,200,172,86.0,238.023256,249.164103,0.9,3.5,307.609717,2.60873,289.179406,3.883721,2.730539,0.0,0.329317,0.621212,0.230415,0.125654,200,1016,1016,32.0,0,0,16,16,46,46,4,0,328.0,668,0,0,27,154,0,27,19,17,2,0,19,2,2,1,1,0,0,0,0,8,20,8,28,9,19,0,0,0,SVM-selected OC
553,1,1.0,1.0,0.9464543828209635,13000082,50,1,274.383931127962,175.0,29.0,2.270865903167,bc2b9d1d08ada5c8,8d15af1f9d36efa1,d931265a9e32e860,200,140,70.0,225.814286,255.270597,0.7,2.3,261.558331,3.266667,260.954392,3.285714,3.086957,0.0,0.405685,0.610895,0.30303,0.151292,200,1008,1008,32.0,0,0,16,16,35,35,12,2,314.0,460,0,0,17,126,0,17,17,11,6,0,17,6,6,3,3,0,0,0,0,0,60,0,60,3,57,0,0,0,SVM-selected OC
562,2,2.0,1.0,0.7447965340018108,13000091,50,2,359.797081318385,325.0,35.0,1.853950037348,5882d63eb6ef756a,8d15af1f9d36efa1,6fe0420737c37d52,200,97,48.5,204.783505,255.627814,0.5,1.5,223.658185,2.7,228.426721,3.134021,2.638158,0.0,0.511254,0.6139,0.396825,0.220513,200,992,992,32.0,0,0,16,16,38,38,10,2,318.0,304,0,0,22,87,0,22,15,10,5,0,15,5,5,0,5,0,0,0,0,7,100,3,103,12,91,0,0,0,SVM-selected OC
572,2,2.0,1.0,1.3917856468046352,13000101,50,2,233.803133853206,175.0,32.0,1.602246506431,b7af4215b1f58a12,8d15af1f9d36efa1,66b86121d4a1beae,200,100,50.0,281.15,315.805081,0.5,2.1,348.062699,2.306667,358.342858,4.2,2.47619,0.0,0.418283,0.601594,0.322581,0.142857,200,928,928,32.0,0,0,16,16,30,30,10,0,302.0,420,0,0,15,90,0,15,15,10,5,0,15,5,5,0,5,0,0,0,0,0,100,0,100,5,95,0,0,0,SVM-selected OC
581,1,1.0,1.0,1.4237163053392834,13000110,50,1,240.247585927029,325.0,30.0,1.671867457751,fcfdbd196db3574c,8d15af1f9d36efa1,afe7e6c32f0fccad,200,175,87.5,251.302857,263.446177,1.0,4.2,316.838812,1.866667,292.212428,3.937143,1.844702,0.0,0.341929,0.641577,0.224972,0.154601,200,984,984,32.0,0,0,16,16,63,63,0,8,358.0,689,0,0,42,158,0,42,17,17,0,0,17,0,0,0,0,0,0,0,0,25,0,25,25,25,0,0,0,0,SVM-selected OC
582,1,1.0,1.0,1.2963204602780696,13000111,50,1,287.311482284685,325.0,34.0,1.967604171475,c3a2b4b31d50cce9,8d15af1f9d36efa1,18d9b7991be9786f,200,60,30.0,165.683333,289.956639,0.3,0.7,185.891008,3.266667,185.891008,2.333333,3.571429,0.0,0.680365,0.598394,0.588235,0.320388,200,1080,1080,32.0,0,0,16,16,26,26,14,0,298.0,140,0,0,13,54,0,13,13,6,7,0,13,7,7,0,7,0,0,0,0,0,140,0,140,7,133,0,0,0,SVM-selected OC
585,1,1.0,1.0,1.4152903743870535,13000114,50,1,271.234331774709,325.0,31.0,1.661893576481,ad34935e2952c5b2,8d15af1f9d36efa1,512338e062d652f8,200,160,80.0,239.875,250.733775,0.8,2.7,271.97906,2.991667,298.309142,3.63125,2.516351,0.0,0.346457,0.606299,0.256082,0.115677,200,1104,1104,32.0,0,0,16,16,36,36,4,0,308.0,581,0,0,18,144,0,18,18,16,2,0,18,2,2,0,2,0,0,0,0,0,40,0,40,2,38,0,0,0,SVM-selected OC
588,1,1.0,1.0,1.2542549757188084,13000117,50,1,229.407756714325,325.0,35.0,2.053870629479,a45835d35359439f,8d15af1f9d36efa1,e2f3a7e30bf1197f,200,192,96.0,202.276042,210.70757,1.0,3.1,240.26295,2.975,239.947208,3.203125,2.744715,0.0,0.345048,0.618321,0.245399,0.130127,200,1200,1200,32.0,0,0,16,16,46,46,0,0,324.0,615,0,0,27,173,0,27,19,19,0,0,19,0,0,0,0,0,0,0,0,8,0,8,8,8,0,0,0,0,SVM-selected OC
590,2,2.0,1.0,0.9053543195610576,13000119,50,2,332.3703287132,325.0,30.0,2.088356753041,e50281b13283f5aa,8d15af1f9d36efa1,7cef0289d7358778,200,200,100.0,272.75,253.031681,1.0,4.4,352.190757,3.41627,340.553618,4.4,2.795455,0.0,0.261745,0.609375,0.185185,0.083333,200,1200,1200,32.0,0,0,16,16,40,40,0,0,312.0,880,0,0,20,180,0,20,20,20,0,0,20,0,0,0,0,0,0,0,0,0,0,0,0,0,0,0,0,0,SVM-selected OC
597,2,2.0,1.0,1.1206770489572406,13000126,50,2,256.032483839872,175.0,28.0,2.160183737346,a94c23a93a5b36c5,8d15af1f9d36efa1,f6058e3afee2d1c8,200,179,89.5,314.324022,333.395432,1.0,5.2,401.060902,2.370833,399.678751,5.178771,2.31068,0.0,0.270653,0.632353,0.177462,0.107796,200,928,928,32.0,0,0,16,16,56,56,0,2,344.0,927,0,0,38,162,0,38,17,17,0,0,17,0,0,0,0,0,0,0,0,21,0,21,21,21,0,0,0,0,SVM-selected OC
600,3,1.0,0.0,-0.06159024334195351,13000129,50,3,150.72471143965,175.0,29.0,2.516556564941,6b149873587358ae,8d15af1f9d36efa1,71de6fd161da6f10,200,120,60.0,190.291667,273.945685,0.6,1.7,202.919351,2.5,212.35332,2.891667,2.403458,0.0,0.470229,0.606299,0.365631,0.179669,200,888,888,32.0,0,0,16,16,33,33,10,2,308.0,347,0,0,16,108,0,16,16,11,5,0,16,5,5,1,4,0,0,0,0,0,80,0,80,4,76,0,0,0,SVM-selected OC
626,3,1.0,0.0,-0.626191948535384,13000155,50,3,103.68585133835,325.0,34.0,2.517719227285,6ee36125ebce1c4f,8d15af1f9d36efa1,e3081417ca64c787,200,189,94.5,281.301587,259.933208,1.0,4.3,342.857075,1.716667,336.9737,4.312169,2.040491,0.0,0.296808,0.632353,0.197044,0.12082,200,912,912,32.0,0,0,16,16,53,53,6,4,344.0,815,0,0,31,169,0,31,20,17,3,0,20,3,3,3,0,0,0,0,0,11,0,11,11,11,0,0,0,0,SVM-selected OC
628,2,2.0,1.0,-0.8314157676640779,13000157,50,2,382.726452314937,325.0,29.0,2.831448632243,52f4a699e8ac5990,8d15af1f9d36efa1,1551993126b53480,200,199,99.5,332.522613,332.034209,1.0,5.6,421.845005,2.498885,413.573343,5.708543,2.333627,0.0,0.222982,0.619772,0.149701,0.076423,200,1000,1000,32.0,0,0,16,16,42,42,10,2,326.0,1136,0,0,21,179,0,21,20,15,5,0,20,5,5,5,0,0,0,0,0,1,0,1,1,1,0,0,0,0,SVM-selected OC
650,3,0.0,0.0,-1.5563910529585625,13000179,50,3,98.464586086877,175.0,34.0,2.910494009315,a6a132204c442463,8d15af1f9d36efa1,5b431bb3f2157baa,200,40,20.0,274.325,322.415141,0.2,0.8,342.524549,3.5,344.106077,4.0,2.875,0.0,0.66805,0.616858,0.555556,0.36,200,1144,1144,32.0,0,0,16,16,37,37,16,0,322.0,160,0,0,25,36,0,25,12,4,8,0,12,8,8,0,8,0,0,0,0,13,160,0,160,21,139,0,0,0,SVM-selected OC
651,3,3.0,1.0,1.2458291264397428,13000180,50,3,225.40154155421,325.0,27.0,2.048164821381,f14a09c5d90ff6ba,8d15af1f9d36efa1,d7266a3716510e50,200,200,100.0,289.995,252.432243,1.0,4.8,387.623196,2.558009,368.983765,4.8,2.583333,0.0,0.245283,0.609375,0.172414,0.076923,200,904,904,32.0,0,0,16,16,40,40,0,0,312.0,960,0,0,20,180,0,20,20,20,0,0,20,0,0,0,0,0,0,0,0,0,0,0,0,0,0,0,0,0,SVM-selected OC
653,3,3.0,1.0,0.3215098740285356,13000182,50,3,348.808975660918,175.0,33.0,2.351524576943,9dbfc6a4c62d64be,8d15af1f9d36efa1,9aed8000c5b922f3,200,191,95.5,250.356021,243.598118,1.0,4.1,326.21251,2.427381,305.129752,4.026178,2.335501,0.0,0.300909,0.623352,0.206398,0.115075,200,1032,1032,31.0,0,0,16,15,47,47,6,0,331.0,769,0,0,28,172,0,28,19,16,3,0,19,3,3,3,0,0,0,0,0,9,0,9,9,9,0,0,0,0,SVM-selected OC
661,2,2.0,1.0,-0.2991539102863747,13000190,50,2,126.901937943015,325.0,32.0,2.539173493185,f1bfa13d30c7567d,8d15af1f9d36efa1,9a7a0000c5570be5,200,38,19.0,111.078947,311.151502,0.2,0.3,69.599424,2.0,71.185855,1.5,2.22807,0.0,0.847594,0.613153,0.77821,0.601399,200,920,920,31.0,0,0,16,15,33,33,20,0,317.0,57,0,0,21,34,0,21,12,2,10,0,12,10,10,2,8,0,0,0,0,9,160,2,162,17,145,0,0,0,SVM-selected OC
665,0,0.0,1.0,0.44405346806526147,13000194,50,0,121.450529488698,175.0,39.0,1.810021882497,af8092d480261a4e,8d15af1f9d36efa1,43cf8640568f45a6,200,190,95.0,318.047368,290.831101,1.0,4.9,398.869495,2.551548,390.630267,4.989474,2.376582,0.0,0.265116,0.630996,0.174216,0.10397,200,1016,1016,32.0,0,0,16,16,50,50,10,0,342.0,948,0,0,30,170,0,30,20,15,5,0,20,5,5,5,0,0,0,0,0,10,0,10,10,10,0,0,0,0,SVM-selected OC
674,3,0.0,0.0,-0.8638423820686487,13000203,50,3,69.149342769728,325.0,37.0,2.240178126236,d2218c41b3d5dab3,8d15af1f9d36efa1,3c4fe8c1b5dfaf85,200,118,59.0,222.152542,285.178642,0.6,2.1,282.775446,2.814286,263.24268,3.508475,2.753623,0.0,0.434426,0.6139,0.325733,0.172,200,1096,1096,32.0,0,0,16,16,37,37,12,0,318.0,414,0,0,21,106,0,21,16,10,6,0,16,6,6,2,4,0,0,0,0,5,80,2,82,9,73,0,0,0,SVM-selected OC
681,2,0.0,0.0,0.06407425007231282,13000210,50,2,338.819180264841,325.0,28.0,2.639714005059,58549ad3487af21,8d15af1f9d36efa1,edd1da5d8ebd0730,200,151,75.5,288.304636,278.049057,1.0,4.4,354.802121,3.636905,373.305987,4.761589,3.164117,0.0,0.352835,0.662162,0.217628,0.182025,200,1224,1224,32.0,0,0,16,16,79,79,2,8,392.0,719,0,0,62,138,0,62,13,12,1,0,13,1,1,1,0,0,0,0,0,49,0,49,49,49,0,0,0,0,SVM-selected OC
687,1,1.0,1.0,0.18144822596452492,13000216,50,1,313.629173706695,175.0,20.0,2.599786862125,1fd2d2f6eef93faa,8d15af1f9d36efa1,4f252b29694105c4,200,60,30.0,204.25,316.432008,0.3,0.9,250.534655,4.055556,241.058319,3.0,3.666667,0.0,0.623431,0.598394,0.526316,0.268293,200,1024,1024,32.0,0,0,16,16,26,26,14,0,298.0,180,0,0,17,54,0,13,13,6,7,0,13,7,7,0,7,0,0,0,0,4,140,0,140,11,129,0,0,0,SVM-selected OC
694,3,3.0,1.0,1.1349782548664518,13000223,50,3,284.957919689637,175.0,27.0,2.095468803685,a01d280aba940b43,8d15af1f9d36efa1,c7b31a80c59935b6,200,194,97.0,302.030928,268.539442,1.0,4.8,378.271604,2.615873,381.235531,4.865979,2.345339,0.0,0.256107,0.619048,0.174825,0.090559,200,1080,1080,31.0,0,0,16,15,46,46,2,0,325.0,944,0,0,26,174,0,26,20,19,1,0,20,1,1,1,0,0,0,0,0,6,0,6,6,6,0,0,0,0,SVM-selected OC
702,3,0.0,0.0,-2.490559937448009,13000231,50,3,35.895782587512,325.0,31.0,2.868338950613,151ea80419e1a518,8d15af1f9d36efa1,cbf942e67e9ed639,200,168,84.0,258.607143,208.333347,1.0,3.7,264.720231,2.724286,309.658157,4.232143,2.578059,0.0,0.34349,0.65035,0.219539,0.164512,200,1064,1064,32.0,0,0,16,16,66,66,8,0,372.0,711,0,0,49,151,0,49,17,13,4,0,17,4,4,4,0,0,0,0,0,32,0,32,32,32,0,0,0,0,SVM-selected OC
706,3,3.0,1.0,1.217599276584913,13000235,50,3,312.812227848146,325.0,37.0,1.864451514333,695864e86f6d3340,8d15af1f9d36efa1,9ae00f00c5add894,200,137,68.5,190.934307,256.469806,0.7,2.1,222.913597,2.511905,225.577355,3.043796,2.390887,0.0,0.434193,0.615385,0.324149,0.174257,200,1152,1152,32.0,0,0,16,16,41,41,6,0,320.0,417,0,0,24,123,0,24,17,14,3,0,17,3,3,0,3,0,0,0,0,7,60,3,63,10,53,0,0,0,SVM-selected OC
711,3,3.0,1.0,1.3012754393294834,13000240,50,3,207.12709651624,175.0,27.0,1.748047407257,85fd29bf30d07048,8d15af1f9d36efa1,834bc3a5ef01a87a,200,170,85.0,288.164706,307.520436,1.0,4.8,375.491178,2.76131,350.873052,4.764706,2.435802,0.0,0.311224,0.646643,0.19802,0.141949,200,1080,1080,32.0,0,0,16,16,64,64,6,0,366.0,810,0,0,47,153,0,47,17,14,3,0,17,3,3,3,0,0,0,0,0,30,0,30,30,30,0,0,0,0,SVM-selected OC
715,0,0.0,1.0,1.3435459869393824,13000244,50,0,249.781192468772,325.0,29.0,1.991692647408,36bd6f34f99e6939,8d15af1f9d36efa1,fbb366f43338c95e,200,199,99.5,259.070352,215.793657,1.0,3.9,295.436168,1.922976,302.990126,4.030151,1.991272,0.0,0.287744,0.618321,0.199601,0.102908,200,1096,1096,32.0,0,0,16,16,41,41,10,0,324.0,802,0,0,21,179,0,21,20,15,5,0,20,5,5,5,0,0,0,0,0,1,0,1,1,1,0,0,0,0,SVM-selected OC
724,0,2.0,0.0,-0.28810798778313895,13000253,50,0,430.92485664627,175.0,39.0,1.613116814308,c74fbac81eacdb74,8d15af1f9d36efa1,bc8f599a8358bee8,200,160,80.0,350.25,323.258786,0.8,4.5,430.446824,2.415476,449.000094,5.625,2.216667,0.0,0.261084,0.6139,0.181818,0.087221,200,992,992,32.0,0,0,16,16,36,36,14,0,318.0,900,0,0,18,144,0,18,18,11,7,0,18,7,7,5,2,0,0,0,0,0,40,0,40,2,38,0,0,0,SVM-selected OC
727,2,2.0,1.0,1.3684984630353476,13000256,50,2,242.711252434018,325.0,25.0,1.937370413865,58d7bed295e394fa,8d15af1f9d36efa1,26d16838f2e35bb4,200,186,93.0,369.274194,293.82941,1.0,6.3,504.137813,2.413214,465.296843,6.134409,2.192813,0.0,0.232167,0.633028,0.149142,0.090837,200,944,944,31.0,0,0,16,15,50,50,14,0,345.0,1141,0,0,32,168,0,32,18,11,7,0,18,7,7,7,0,0,0,0,0,14,0,14,14,14,0,0,0,0,SVM-selected OC
737,3,3.0,1.0,1.3347243561400663,13000266,50,3,215.38660729604,175.0,32.0,1.589589583098,caafa3a50c98d3eb,8d15af1f9d36efa1,e5dc62718ec46d73,200,173,86.5,217.023121,236.64868,0.9,3.2,291.203887,2.385185,269.60109,3.49711,2.418182,0.0,0.345946,0.615385,0.248447,0.126984,200,992,992,32.0,0,0,16,16,43,43,2,0,320.0,605,0,0,25,156,0,25,18,17,1,0,18,1,1,0,1,0,0,0,0,7,20,7,27,8,19,0,0,0,SVM-selected OC
739,0,1.0,0.0,0.3446550874840817,13000268,50,0,140.031841522509,175.0,36.0,2.150157154607,529c9560bf1c727d,8d15af1f9d36efa1,a939fb4f3a89803e,200,76,38.0,220.947368,315.724683,0.4,1.3,243.417354,2.716667,249.055817,3.381579,2.793774,0.0,0.549912,0.610895,0.437637,0.241888,200,984,984,32.0,0,0,16,16,33,33,16,2,314.0,257,0,0,18,68,0,18,14,6,8,0,14,8,8,2,6,0,0,0,0,4,120,4,124,10,114,0,0,0,SVM-selected OC
743,1,1.0,1.0,-0.0895546630977524,13000272,50,1,121.528928672099,325.0,35.0,2.348388443891,9c9a0b268dd52076,8d15af1f9d36efa1,e1a16c4feba57d46,200,173,86.5,212.867052,206.926919,0.9,2.5,228.388776,2.574074,255.843152,3.150289,2.489908,0.0,0.369213,0.614644,0.268456,0.139021,200,1016,1016,31.0,0,0,16,15,43,43,2,0,319.0,545,0,0,25,156,0,25,18,17,1,0,18,1,1,0,1,0,0,0,0,7,20,7,27,8,19,0,0,0,SVM-selected OC
752,0,0.0,1.0,1.2743898361670354,13000281,50,0,202.157340024732,175.0,33.0,1.571939309559,fc5e618534363235,8d15af1f9d36efa1,412306a78dd76477,200,200,100.0,269.815,215.623336,1.0,4.5,332.950254,2.576667,341.55162,4.565,2.479737,0.0,0.254694,0.609375,0.179695,0.080564,200,1056,1056,32.0,0,0,16,16,40,40,0,0,312.0,913,0,0,20,180,0,20,20,20,0,0,20,0,0,0,0,0,0,0,0,0,0,0,0,0,0,0,0,0,SVM-selected OC
761,3,3.0,1.0,1.0756298632732815,13000290,50,3,268.47834296704,175.0,31.0,2.184498076583,c1ae2d2cbb10d8c0,8d15af1f9d36efa1,4cd24527726b3f0e,200,200,100.0,247.825,259.618409,1.0,4.2,318.357409,2.453333,308.143879,4.2,2.285714,0.0,0.272097,0.610895,0.192308,0.088937,200,920,920,32.0,0,0,16,16,40,40,2,0,314.0,840,0,0,20,180,0,20,20,19,1,0,20,1,1,1,0,0,0,0,0,0,0,0,0,0,0,0,0,0,SVM-selected OC
774,1,1.0,1.0,-1.1760660476639533,13000303,50,1,176.87996001668,425.0,30.0,1.588453294661,ecdf8109d702d31c,8d15af1f9d36efa1,1dd07e500d9bb6f4,200,93,46.5,295.043011,309.33436,0.6,2.8,342.225875,2.56746,348.260217,4.623656,2.390698,0.0,0.478155,0.6633,0.31746,0.273649,200,880,880,32.0,0,0,16,16,74,74,14,0,394.0,430,0,0,59,82,0,59,15,8,7,0,15,7,7,3,4,0,0,0,0,44,80,27,107,48,59,0,0,0,SVM-selected OC
792,3,0.0,0.0,-0.7037383578282697,13000321,50,3,118.895674990159,175.0,27.0,2.639407997089,cca2b0caab5e2faf,8d15af1f9d36efa1,c6a63f4fdc1534d4,200,191,95.5,300.586387,303.680818,1.0,5.1,394.984169,2.924762,382.82359,5.08377,2.652935,0.0,0.251926,0.620493,0.170794,0.089972,200,1096,1096,31.0,0,0,16,15,47,47,2,0,327.0,971,0,0,28,172,0,28,19,18,1,0,19,1,1,1,0,0,0,0,0,9,0,9,9,9,0,0,0,0,SVM-selected OC
796,0,1.0,0.0,-0.9693579828621584,13000325,50,0,435.296865651524,325.0,41.0,2.383895803498,c4544a89cadd500e,8d15af1f9d36efa1,f24a8a4ff4e53e96,200,91,45.5,197.483516,257.543543,0.5,1.4,231.999001,3.1,225.427059,2.78022,3.13834,0.0,0.56,0.616858,0.441501,0.262391,200,1176,1176,32.0,0,0,16,16,39,39,12,0,322.0,253,0,0,25,82,0,25,14,8,6,0,14,6,6,1,5,0,0,0,0,11,100,9,109,16,93,0,0,0,SVM-selected OC
797,2,2.0,1.0,0.2059684248845315,13000326,50,2,356.965088823786,325.0,31.0,2.438350152512,28f370af649f7273,8d15af1f9d36efa1,4778bf0d700c49b8,200,180,90.0,296.166667,240.648349,1.0,4.4,336.09178,2.183333,360.596158,4.788889,2.243619,0.0,0.292282,0.640288,0.188324,0.125761,200,912,912,32.0,0,0,16,16,60,60,4,0,356.0,862,0,0,40,160,0,40,20,18,2,0,20,2,2,2,0,0,0,0,0,20,0,20,20,20,0,0,0,0,SVM-selected OC
799,3,3.0,1.0,1.4316804458257337,13000328,50,3,245.808599702602,325.0,32.0,1.75471047721,98c3486076104979,8d15af1f9d36efa1,f15209e6b0dd0a1a,200,156,78.0,230.74359,276.012502,0.8,3.0,284.487649,2.3625,281.791496,3.641026,2.429577,0.0,0.358916,0.6139,0.260417,0.131498,200,968,968,32.0,0,0,16,16,41,41,4,2,318.0,568,0,0,22,140,0,22,18,16,2,0,18,2,2,0,2,0,0,0,0,4,40,4,44,6,38,0,0,0,SVM-selected OC
802,1,1.0,1.0,1.2350268802164752,13000331,50,1,303.25725761703,175.0,38.0,1.545511830889,772495033e50805f,8d15af1f9d36efa1,f7e0106d4b293bb2,200,193,96.5,240.207254,245.253807,1.0,4.1,309.025351,3.021667,286.13286,3.88601,2.842667,0.0,0.304267,0.621212,0.210526,0.113475,200,992,992,32.0,0,0,16,16,46,46,4,2,328.0,750,0,0,26,174,0,26,19,17,2,0,19,2,2,2,0,0,0,0,0,7,0,7,7,7,0,0,0,0,SVM-selected OC
804,0,0.0,1.0,1.3607596141788783,13000333,50,0,218.931220816226,325.0,31.0,1.643022129956,56da2193c5cea941,8d15af1f9d36efa1,9b08b900c5d04b86,200,146,73.0,292.705479,284.184025,0.8,4.2,403.09415,2.776637,364.34587,5.034247,2.533333,0.0,0.309211,0.621928,0.213904,0.117647,200,1032,1032,31.0,0,0,16,15,46,46,6,0,329.0,735,0,0,30,132,0,30,16,13,3,0,16,3,3,1,2,0,0,0,0,14,40,14,54,16,38,0,0,0,SVM-selected OC
816,1,1.0,1.0,1.1859096367055368,13000345,50,1,311.966684185764,325.0,35.0,1.919886571077,609e40bf1154cd4c,8d15af1f9d36efa1,41a4aff6f419d1e1,200,200,100.0,248.605,252.859371,1.0,4.0,304.097317,2.870833,305.867725,4.17,2.621103,0.0,0.272251,0.609375,0.193424,0.087527,200,1136,1136,32.0,0,0,16,16,40,40,0,0,312.0,834,0,0,20,180,0,20,20,20,0,0,20,0,0,0,0,0,0,0,0,0,0,0,0,0,0,0,0,0,SVM-selected OC
817,0,0.0,1.0,1.327979885851395,13000346,50,0,261.15093535298,325.0,23.0,2.010806623789,b9bb6b378ea9bfca,8d15af1f9d36efa1,56a0604f9ccc0d39,200,118,59.0,187.847458,245.737422,0.7,2.2,226.680209,3.333333,221.810152,3.228814,2.501312,0.0,0.470097,0.628253,0.344234,0.217659,200,1120,1120,32.0,0,0,16,16,50,50,6,0,338.0,381,0,0,36,107,0,36,14,11,3,0,14,3,3,0,3,0,0,0,0,22,60,22,82,25,57,0,0,0,SVM-selected OC
822,2,2.0,1.0,0.35382928805323566,13000351,50,2,192.695735802101,325.0,23.0,2.573202644362,722afa9b0f59e35b,8d15af1f9d36efa1,9a659500c545ad0a,200,80,40.0,142.175,237.253839,0.4,0.7,137.692248,4.0625,136.510221,1.75,3.714286,0.0,0.684685,0.603175,0.588235,0.339623,200,1160,1160,32.0,0,0,16,16,28,28,16,0,304.0,140,0,0,14,72,0,14,14,6,8,0,14,8,8,2,6,0,0,0,0,0,120,0,120,6,114,0,0,0,SVM-selected OC
823,1,1.0,1.0,0.28368044722377306,13000352,50,1,396.097638684278,325.0,44.0,1.546933559347,2114ccba2bd145ea,8d15af1f9d36efa1,c377d99c2379d15a,200,169,84.5,221.911243,252.091918,0.9,3.5,297.807092,2.457407,263.780855,3.710059,2.023923,0.0,0.346194,0.62406,0.241838,0.137552,200,992,992,32.0,0,0,16,16,49,49,2,0,332.0,627,0,0,30,151,0,30,19,18,1,0,19,1,1,0,1,0,0,0,0,11,20,11,31,12,19,0,0,0,SVM-selected OC
824,3,3.0,1.0,0.6821487039141321,13000353,50,3,210.910108433489,325.0,27.0,2.441180041388,2e3eb347355f0c4f,8d15af1f9d36efa1,5f9e08368c969b65,200,120,60.0,226.158333,236.075982,0.6,2.0,272.898972,3.111111,273.021504,3.333333,3.5,0.0,0.431818,0.603175,0.333333,0.152542,200,1096,1096,32.0,0,0,16,16,32,32,8,0,304.0,400,0,0,16,108,0,16,16,12,4,0,16,4,4,0,4,0,0,0,0,0,80,0,80,4,76,0,0,0,SVM-selected OC
838,2,2.0,1.0,0.31480983691515974,13000367,50,2,333.799387759298,175.0,28.0,2.445681363863,7c8cf763f450ba11,8d15af1f9d36efa1,c89850791f1e55db,200,200,100.0,333.56,229.245191,1.0,5.2,421.059205,2.347698,423.834588,5.2,2.326923,0.0,0.230769,0.609375,0.16129,0.071429,200,1128,1128,32.0,0,0,16,16,40,40,0,0,312.0,1040,0,0,20,180,0,20,20,20,0,0,20,0,0,0,0,0,0,0,0,0,0,0,0,0,0,0,0,0,SVM-selected OC
848,2,2.0,1.0,-0.24853807714247722,13000377,50,2,428.934740482781,325.0,42.0,1.611956164822,5467d73fab8b4ab8,8d15af1f9d36efa1,d92fd57c2886dece,200,138,69.0,321.268116,284.921562,0.9,4.5,386.345169,2.667857,394.866019,5.152174,2.361463,0.0,0.362903,0.669421,0.219539,0.19661,200,1056,1056,31.0,0,0,16,15,82,82,10,0,405.0,711,0,0,64,121,0,64,18,13,5,0,18,5,5,4,1,0,0,0,0,46,20,42,62,47,15,0,0,0,SVM-selected OC
851,1,0.0,0.0,-1.1234513470724217,13000380,50,1,67.93824429732,325.0,33.0,2.425620472537,f2a9a5e6c8ceea32,8d15af1f9d36efa1,440447e5c4da980e,200,129,64.5,323.968992,264.758774,0.7,4.0,430.500584,2.24881,409.121393,5.589147,2.216366,0.0,0.331789,0.641577,0.217155,0.14876,200,864,864,32.0,0,0,16,16,58,58,10,0,358.0,721,0,0,41,115,0,41,17,12,5,0,17,5,5,2,3,0,0,0,0,24,60,11,71,27,44,0,0,0,SVM-selected OC
859,2,2.0,1.0,-0.017573020806302964,13000388,50,2,399.196843960615,325.0,36.0,2.147914483306,7e3ee5e21b744cc8,8d15af1f9d36efa1,bfd9e3a3cfc89cbd,200,195,97.5,317.815385,272.022331,1.0,5.3,390.983626,1.969008,398.539359,5.471795,2.042174,0.0,0.237312,0.62406,0.157853,0.08569,200,984,984,32.0,0,0,16,16,47,47,6,4,332.0,1067,0,0,25,175,0,25,20,17,3,0,20,3,3,3,0,0,0,0,0,5,0,5,5,5,0,0,0,0,SVM-selected OC
880,2,2.0,1.0,0.39236845073311954,13000409,50,2,386.132764108456,325.0,42.0,1.873010004594,ba38e90209afdc5a,8d15af1f9d36efa1,9a988800c570f08c,200,176,88.0,230.778409,225.633192,1.0,3.2,262.229519,3.113333,258.550161,3.25,2.891608,0.0,0.388889,0.64539,0.259067,0.1875,200,1088,1088,32.0,0,0,16,16,66,66,0,4,364.0,572,0,0,44,156,0,44,20,20,0,0,20,0,0,0,0,0,0,0,0,24,0,24,24,24,0,0,0,0,SVM-selected OC
895,3,3.0,1.0,0.46443636912101205,13000424,50,3,380.983122016737,175.0,40.0,1.790690522231,393e06a6324ca0e1,8d15af1f9d36efa1,8d8488e2910ea38f,200,196,98.0,235.193878,204.139755,1.0,3.6,283.346098,2.256667,278.051618,3.596939,2.324823,0.0,0.317522,0.621212,0.220994,0.11985,200,1064,1064,32.0,0,0,16,16,44,44,8,0,328.0,705,0,0,24,176,0,24,20,16,4,0,20,4,4,4,0,0,0,0,0,4,0,4,4,4,0,0,0,0,SVM-selected OC
898,1,1.0,1.0,0.1911389646311914,13000427,50,1,316.969534301388,325.0,15.0,2.664088190411,2db15f4b6620db6f,8d15af1f9d36efa1,677d17d1e2db8c18,200,140,70.0,189.178571,243.215834,0.7,2.0,214.322927,4.285714,211.687672,2.857143,3.4825,0.0,0.433428,0.604743,0.333333,0.156118,200,1376,1376,32.0,0,0,16,16,34,34,6,0,306.0,400,0,0,17,126,0,17,17,14,3,0,17,3,3,0,3,0,0,0,0,0,60,0,60,3,57,0,0,0,SVM-selected OC
920,2,2.0,1.0,0.8509359306557194,13000449,50,2,338.911851761406,325.0,32.0,2.070974015204,29f499de2435605d,8d15af1f9d36efa1,9b8e2b4cc3efc076,200,178,89.0,233.280899,252.327913,0.9,3.5,281.1542,2.565079,268.341763,3.921348,2.404011,0.0,0.312315,0.613153,0.222717,0.109694,200,1032,1032,31.0,0,0,16,15,41,41,4,2,317.0,698,0,0,21,160,0,21,19,17,2,0,19,2,2,1,1,0,0,0,0,2,20,2,22,3,19,0,0,0,SVM-selected OC
921,3,3.0,1.0,-0.35051267736882785,13000450,50,3,331.161814192586,175.0,26.0,2.783064618354,43623800f31bc013,8d15af1f9d36efa1,ddb42a4f58677601,200,193,96.5,189.948187,184.623912,1.0,2.8,206.915681,2.77,207.821825,2.756477,2.75188,0.0,0.378505,0.618321,0.273224,0.147436,200,1088,1088,32.0,0,0,16,16,45,45,2,0,324.0,532,0,0,26,174,0,26,19,18,1,0,19,1,1,1,0,0,0,0,0,7,0,7,7,7,0,0,0,0,SVM-selected OC
924,2,2.0,1.0,0.45890473401129483,13000453,50,2,382.77399189131,175.0,40.0,1.755362958883,c9735ffead12c1fe,8d15af1f9d36efa1,46d675ee48ec2cda,200,180,90.0,275.633333,258.739375,0.9,3.8,327.525623,2.394268,331.647869,4.333333,2.153846,0.0,0.293478,0.618321,0.204082,0.105505,200,920,920,32.0,0,0,16,16,39,39,14,2,324.0,780,0,0,19,162,0,19,19,12,7,0,19,7,7,6,1,0,0,0,0,0,20,0,20,1,19,0,0,0,SVM-selected OC
934,2,2.0,1.0,0.658501861663721,13000463,50,2,132.123569543287,175.0,35.0,1.539984138191,caa1dc80a5d28db3,8d15af1f9d36efa1,9eeb04d630dbcd5f,200,190,95.0,332.831579,259.5165,1.0,5.8,423.157938,2.311071,424.549168,5.836842,2.358882,0.0,0.234645,0.62963,0.152788,0.088743,200,992,992,32.0,0,0,16,16,50,50,8,0,340.0,1109,0,0,30,170,0,30,20,16,4,0,20,4,4,4,0,0,0,0,0,10,0,10,10,10,0,0,0,0,SVM-selected OC
950,3,3.0,1.0,1.3956846080292884,13000479,50,3,228.327137095357,325.0,27.0,1.769631805293,c8d1d03997386ecd,8d15af1f9d36efa1,d945214805cc2296,200,189,94.5,279.089947,287.002495,1.0,4.5,349.039901,2.731667,338.615187,4.597884,2.512083,0.0,0.278838,0.626866,0.187091,0.106886,200,1056,1056,32.0,0,0,16,16,51,51,2,4,336.0,869,0,0,30,170,0,30,19,18,1,0,19,1,1,1,0,0,0,0,0,11,0,11,11,11,0,0,0,0,SVM-selected OC
952,3,3.0,1.0,-0.3100402414604133,13000481,50,3,103.053683439209,175.0,36.0,2.248170622364,b6bb9a08d7b4953f,8d15af1f9d36efa1,7baa2ba01fcdf47e,200,197,98.5,258.522843,230.17753,1.0,4.2,319.581096,2.7,317.091204,4.177665,2.534629,0.0,0.278703,0.6139,0.195503,0.094609,200,1024,1024,32.0,0,0,16,16,43,43,0,0,318.0,823,0,0,23,177,0,23,20,20,0,0,20,0,0,0,0,0,0,0,0,3,0,3,3,3,0,0,0,0,SVM-selected OC
954,2,2.0,1.0,0.5826282895636865,13000483,50,2,169.595718286513,325.0,36.0,2.303177110623,c4a8249f8220e903,8d15af1f9d36efa1,9b383a4fc3733174,200,160,80.0,220.2,218.353858,0.8,2.9,302.716711,2.8125,264.740173,3.625,2.275862,0.0,0.346847,0.606299,0.25641,0.115854,200,1128,1128,32.0,0,0,16,16,36,36,4,0,308.0,580,0,0,18,144,0,18,18,16,2,0,18,2,2,0,2,0,0,0,0,0,40,0,40,2,38,0,0,0,SVM-selected OC
955,0,2.0,0.0,-0.11534874114718008,13000484,50,0,104.527539601885,325.0,39.0,2.124299816106,88aafab8b41043ab,8d15af1f9d36efa1,5c7d0f94419d6dda,200,180,90.0,284.072222,272.524724,0.9,3.7,335.240391,2.634524,338.20696,4.222222,2.763158,0.0,0.300184,0.619772,0.208333,0.11007,200,1000,1000,32.0,0,0,16,16,40,40,14,4,326.0,760,0,0,19,162,0,19,19,12,7,0,19,7,7,6,1,0,0,0,0,0,20,0,20,1,19,0,0,0,SVM-selected OC
959,1,1.0,1.0,0.6389185061186566,13000488,50,1,137.715133957203,325.0,39.0,1.832375597836,4d0a3842eee26468,8d15af1f9d36efa1,9a953600c56e2f5f,200,160,80.0,283.95,278.285453,0.8,3.6,356.879404,2.918403,354.024617,4.5,2.3625,0.0,0.302326,0.609375,0.217391,0.1,200,1064,1064,32.0,0,0,16,16,36,36,8,0,312.0,720,0,0,18,144,0,18,18,14,4,0,18,4,4,2,2,0,0,0,0,0,40,0,40,2,38,0,0,0,SVM-selected OC
962,3,3.0,1.0,1.3413108192437484,13000491,50,3,218.698372915803,175.0,34.0,1.564267200198,68b3d38fd4fb9c0c,8d15af1f9d36efa1,73a46d3b771ade98,200,120,60.0,237.658333,276.938664,0.6,2.2,285.367534,1.833333,285.367534,3.666667,1.954545,0.0,0.414894,0.609375,0.3125,0.153846,200,856,856,32.0,0,0,16,16,36,36,8,2,312.0,440,0,0,19,108,0,19,16,12,4,0,16,4,4,0,4,0,0,0,0,3,80,0,80,7,73,0,0,0,SVM-selected OC
964,3,3.0,1.0,0.8664802791924231,13000493,50,3,291.674555769516,325.0,28.0,2.345412337544,dbd4be931701cb1e,8d15af1f9d36efa1,93a7cad0b28ab15d,200,160,80.0,257.00625,259.336996,0.8,2.8,261.422092,2.107143,312.478538,4.2,2.24256,0.0,0.314286,0.606299,0.229358,0.101604,200,912,912,32.0,0,0,16,16,36,36,4,0,308.0,672,0,0,18,144,0,18,18,16,2,0,18,2,2,0,2,0,0,0,0,0,40,0,40,2,38,0,0,0,SVM-selected OC
967,3,3.0,1.0,-0.9038798994915691,13000496,50,3,295.801912525876,75.0,25.0,1.791115386234,fbb45fea3aae6e65,8d15af1f9d36efa1,82b44021483bad50,200,120,60.0,325.675,288.717472,1.0,4.9,367.654877,2.542143,370.247538,4.908333,2.655348,0.0,0.45614,0.711816,0.253485,0.307873,200,968,968,32.0,0,0,16,16,123,123,16,34,494.0,589,0,0,93,107,0,93,13,5,8,0,13,8,8,8,0,0,0,0,0,80,0,80,80,80,0,0,0,0,SVM-selected OC
974,1,1.0,1.0,0.427494796335683,13000503,50,1,362.502398508857,175.0,38.0,2.154243134884,426b288a8a1c121f,8d15af1f9d36efa1,7c1065879bfe1ffb,200,97,48.5,235.061856,307.697659,0.5,2.0,300.170062,1.933333,287.830074,4.030928,1.897698,0.0,0.44539,0.610895,0.338409,0.173362,200,928,928,32.0,0,0,16,16,34,34,14,2,314.0,391,0,0,18,87,0,18,15,8,7,0,15,7,7,2,5,0,0,0,0,3,100,3,103,8,95,0,0,0,SVM-selected OC
975,0,0.0,1.0,1.37995312433274,13000504,50,0,246.722896206204,175.0,35.0,1.525649567834,7d2e4daa0fa860bf,8d15af1f9d36efa1,a1a33ed73b9d2d6b,200,170,85.0,244.217647,271.995867,0.9,3.8,324.478492,3.043519,291.480936,4.0,2.852941,0.0,0.325397,0.621212,0.227273,0.123711,200,1088,1088,32.0,0,0,16,16,46,46,4,0,328.0,680,0,0,28,153,0,28,18,16,2,0,18,2,2,1,1,0,0,0,0,10,20,10,30,11,19,0,0,0,SVM-selected OC
979,1,1.0,1.0,-1.591985925206946,13000508,50,1,358.433755681066,425.0,20.0,2.45970465763,b540d66638ffc240,8d15af1f9d36efa1,cf96e84fe139844c,200,84,42.0,162.77381,260.372771,0.5,1.1,155.808145,2.466667,155.167106,2.25,2.216931,0.0,0.681282,0.668874,0.514139,0.476454,200,840,840,32.0,0,0,16,16,82,82,8,0,404.0,189,0,0,70,75,0,70,12,8,4,0,12,4,4,1,3,0,0,0,0,58,100,16,116,61,55,0,0,0,SVM-selected OC
997,1,1.0,1.0,0.19038398106228271,13000526,50,1,374.421781387596,175.0,35.0,2.222945352245,8498edb629d724f8,8d15af1f9d36efa1,bbc17a5f176ef527,200,140,70.0,171.542857,181.026206,0.7,1.7,198.359217,3.15,195.879553,2.428571,3.235294,0.0,0.481707,0.612403,0.37037,0.198113,200,1184,1184,32.0,0,0,16,16,39,39,6,0,316.0,340,0,0,22,126,0,22,17,14,3,0,17,3,3,0,3,0,0,0,0,5,60,0,60,8,52,0,0,0,SVM-selected OC
1009,0,0.0,1.0,0.2758293162608485,14000038,75,0,337.122741841739,325.0,47.0,2.531075542356,1b8f3613ce5cc5f5,8d15af1f9d36efa1,9a7a3500c55765f4,200,200,100.0,234.265,238.704236,1.0,3.5,281.030315,3.74,279.585822,3.5,3.268571,0.0,0.371634,0.674267,0.3,0.104859,300,2192,2192,32.0,0,0,16,16,40,40,2,0,414.0,700,0,0,20,180,0,20,20,19,1,0,20,1,1,1,0,0,0,0,0,0,0,0,0,0,0,0,0,0,SVM-selected OC
1014,0,0.0,1.0,-1.2304030082849504,14000043,75,0,326.96603144346,75.0,43.0,1.56541880582,2b98b076d2300ba5,8d15af1f9d36efa1,e19d1f0228933a4c,200,125,62.5,228.472,194.267398,1.0,2.9,231.608436,3.448333,257.165504,3.4,3.927059,0.0,0.562307,0.731903,0.413793,0.334898,300,2432,2432,32.0,0,0,16,16,106,106,2,10,546.0,425,0,0,88,112,0,88,13,12,1,0,13,1,1,1,0,0,0,0,0,75,0,75,75,75,0,0,0,0,SVM-selected OC
1022,1,1.0,1.0,1.1545802354595018,14000051,75,1,321.990080310122,175.0,53.0,1.697866825733,4a2da881a2fc7705,8d15af1f9d36efa1,9a628b00c5436635,200,199,99.5,310.934673,303.016539,1.0,4.9,389.137698,3.309048,394.165785,4.904523,3.696721,0.0,0.297842,0.674267,0.23511,0.077505,300,2352,2352,32.0,0,0,16,16,41,41,0,0,414.0,976,0,0,21,179,0,21,20,20,0,0,20,0,0,0,0,0,0,0,0,1,0,1,1,1,0,0,0,0,SVM-selected OC
1028,0,0.0,1.0,1.4383637728916376,14000057,75,0,270.633827136075,325.0,28.0,1.850849972427,3acb4ebedb1becc3,8d15af1f9d36efa1,e570858b2ac5a79f,200,193,96.5,268.88601,271.87874,1.0,4.4,345.254612,4.115476,330.136066,4.430052,3.955556,0.0,0.33463,0.68254,0.25974,0.102833,300,2592,2592,32.0,0,0,16,16,47,47,4,0,430.0,855,0,0,27,173,0,27,20,18,2,0,20,2,2,2,0,0,0,0,0,7,0,7,7,7,0,0,0,0,SVM-selected OC
1029,0,1.0,0.0,-0.5122602274619865,14000058,75,0,59.85467848085,325.0,60.0,1.517720935421,16b8bf50076f3712,8d15af1f9d36efa1,9b388a00c5f91f6b,200,192,96.0,230.833333,232.341712,1.0,3.7,272.812444,3.768095,270.602718,3.713542,3.366059,0.0,0.381613,0.6875,0.29615,0.131547,300,2376,2376,32.0,0,0,16,16,48,48,12,0,440.0,713,0,0,28,172,0,28,20,14,6,0,20,6,6,6,0,0,0,0,0,8,0,8,8,8,0,0,0,0,SVM-selected OC
1037,3,3.0,1.0,0.20017398037867196,14000066,75,3,130.58202335084,175.0,54.0,2.227152009119,c3a04c72d2723c41,8d15af1f9d36efa1,c342a5addaacdff8,200,200,100.0,234.115,243.007145,1.0,3.8,293.365246,3.731667,286.958723,3.8,3.657895,0.0,0.351536,0.673203,0.283019,0.095238,300,2192,2192,32.0,0,0,16,16,40,40,0,0,412.0,760,0,0,20,180,0,20,20,20,0,0,20,0,0,0,0,0,0,0,0,0,0,0,0,0,0,0,0,0,SVM-selected OC
1043,2,2.0,1.0,0.4867598863692493,14000072,75,2,378.895676006117,175.0,46.0,1.855061315761,4ad889e77938267f,8d15af1f9d36efa1,7d22c325439cf9ce,200,164,82.0,357.317073,287.547401,1.0,5.6,446.830873,3.623611,460.405544,6.012195,2.841785,0.0,0.327422,0.705882,0.233281,0.130511,300,2432,2432,32.0,0,0,16,16,70,70,8,0,480.0,986,0,0,53,147,0,53,17,13,4,0,17,4,4,4,0,0,0,0,0,36,0,36,36,36,0,0,0,0,SVM-selected OC
1045,1,1.0,1.0,1.0152190475781566,14000074,75,1,166.51481334179,175.0,55.0,1.61356283768,df2b8a79f3b5e71a,8d15af1f9d36efa1,571fd822c91e419,200,200,100.0,266.405,275.595546,1.0,4.1,340.289551,3.83,335.040221,4.1,3.57439,0.0,0.334416,0.673203,0.267857,0.088889,300,2256,2256,32.0,0,0,16,16,40,40,0,0,412.0,820,0,0,20,180,0,20,20,20,0,0,20,0,0,0,0,0,0,0,0,0,0,0,0,0,0,0,0,0,SVM-selected OC
1047,1,1.0,1.0,1.4358510215355746,14000076,75,1,245.823397002798,175.0,44.0,1.696449832989,1a10e6cc395eb574,8d15af1f9d36efa1,9ac18600c593f23a,200,186,93.0,200.935484,188.088899,1.0,2.8,210.219828,3.64119,225.360717,3.043011,3.162544,0.0,0.43513,0.685535,0.34642,0.155224,300,2112,2112,32.0,0,0,16,16,51,51,2,2,436.0,566,0,0,32,168,0,32,18,17,1,0,18,1,1,1,0,0,0,0,0,14,0,14,14,14,0,0,0,0,SVM-selected OC
1053,2,2.0,1.0,-0.36969019361503186,14000082,75,2,367.376973221163,325.0,36.0,2.690631644265,3da85b5094a97d1b,8d15af1f9d36efa1,1f24cc4705f2535c,200,184,92.0,256.472826,278.220197,1.0,4.1,329.421166,3.898333,314.282156,4.190217,3.465629,0.0,0.365432,0.689441,0.280112,0.12684,300,2536,2536,32.0,0,0,16,16,54,54,4,0,444.0,771,0,0,35,165,0,35,19,17,2,0,19,2,2,2,0,0,0,0,0,16,0,16,16,16,0,0,0,0,SVM-selected OC
1067,2,2.0,1.0,0.9457946913769906,14000096,75,2,206.048304287255,175.0,47.0,2.228654850616,a2760bd3e534739b,8d15af1f9d36efa1,e72176a58ed79b46,200,200,100.0,307.185,314.379069,1.0,4.5,365.301286,4.26881,379.977101,4.83,3.774327,0.0,0.301013,0.675325,0.236967,0.08,300,2728,2728,32.0,0,0,16,16,40,40,4,0,416.0,966,0,0,20,180,0,20,20,18,2,0,20,2,2,2,0,0,0,0,0,0,0,0,0,0,0,0,0,0,SVM-selected OC
1069,2,2.0,1.0,-0.8127421225965197,14000098,75,2,112.800027884826,175.0,43.0,2.657008880381,129bc9b434997516,8d15af1f9d36efa1,2bed968d6b9aa225,200,174,87.0,355.413793,377.20506,1.0,5.9,455.927061,3.126786,449.936164,6.045977,2.881179,0.0,0.308804,0.701493,0.221893,0.115966,300,2192,2192,32.0,0,0,16,16,64,64,10,0,470.0,1052,0,0,45,155,0,45,19,14,5,0,19,5,5,5,0,0,0,0,0,26,0,26,26,26,0,0,0,0,SVM-selected OC
1076,2,3.0,0.0,-0.790857023563154,14000105,75,2,87.442478565548,325.0,57.0,2.459917571327,35cb7594dd1457cd,8d15af1f9d36efa1,fb086b4ff9de939d,200,180,90.0,229.555556,230.644739,1.0,3.4,263.792859,3.911667,259.081279,3.377778,4.129934,0.0,0.431776,0.697885,0.330396,0.176152,300,2720,2720,32.0,0,0,16,16,60,60,10,0,462.0,608,0,0,40,160,0,40,20,15,5,0,20,5,5,5,0,0,0,0,0,20,0,20,20,20,0,0,0,0,SVM-selected OC
1086,2,2.0,1.0,0.9532569844168481,14000115,75,2,348.4255534656,325.0,58.0,1.770448042266,90cff143a8f858a4,8d15af1f9d36efa1,aa34b09313331340,200,191,95.5,229.099476,239.050083,1.0,3.5,269.210166,4.091429,265.532736,3.507853,3.723881,0.0,0.398564,0.689441,0.309278,0.143223,300,2280,2280,32.0,0,0,16,16,53,53,6,8,444.0,670,0,0,29,171,0,29,20,17,3,0,20,3,3,3,0,0,0,0,0,9,0,9,9,9,0,0,0,0,SVM-selected OC
1088,0,0.0,1.0,-0.1284475650501804,14000117,75,0,374.637247873053,175.0,49.0,2.435346140648,3719fea5dffcb039,8d15af1f9d36efa1,82ae0137b6f598dd,200,194,97.0,264.670103,280.633849,1.0,4.1,327.823539,3.980476,324.919586,4.072165,3.834177,0.0,0.349259,0.679487,0.275229,0.104308,300,2336,2336,32.0,0,0,16,16,46,46,0,0,424.0,790,0,0,26,174,0,26,20,20,0,0,20,0,0,0,0,0,0,0,0,6,0,6,6,6,0,0,0,0,SVM-selected OC
1093,2,2.0,1.0,0.8675137201924663,14000122,75,2,162.621034349279,325.0,51.0,1.976112933291,1b6e0e91c79e46b4,8d15af1f9d36efa1,39bff16ec383229f,200,193,96.5,276.036269,261.183681,1.0,4.4,335.076579,3.340238,334.455717,4.378238,2.813018,0.0,0.337255,0.68254,0.262009,0.103924,300,2240,2240,32.0,0,0,16,16,47,47,4,4,430.0,845,0,0,26,174,0,26,19,17,2,0,19,2,2,2,0,0,0,0,0,7,0,7,7,7,0,0,0,0,SVM-selected OC
1104,1,1.0,1.0,1.339450124172748,14000133,75,1,223.362767326571,175.0,47.0,1.560840284735,cd320212cc2cdb98,8d15af1f9d36efa1,9a98aa00c5712a52,200,193,96.5,235.196891,243.826707,1.0,3.4,275.890239,4.508095,270.651654,3.341969,4.289922,0.0,0.396067,0.678973,0.31746,0.12483,300,2544,2544,31.0,0,0,16,15,46,46,0,2,423.0,645,0,0,26,174,0,26,19,19,0,0,19,0,0,0,0,0,0,0,0,7,0,7,7,7,0,0,0,0,SVM-selected OC
1118,0,0.0,1.0,1.1197583543521752,14000147,75,0,322.661919484822,175.0,57.0,1.82892482169,909d7aa5c5fac44b,8d15af1f9d36efa1,1b7c37bd786fcd98,200,197,98.5,259.177665,268.434065,1.0,4.1,322.520762,3.743333,325.289098,4.203046,3.335749,0.0,0.336538,0.677419,0.265957,0.09607,300,2264,2264,32.0,0,0,16,16,43,43,2,0,420.0,828,0,0,23,177,0,23,20,19,1,0,20,1,1,1,0,0,0,0,0,3,0,3,3,3,0,0,0,0,SVM-selected OC
1124,1,1.0,1.0,0.8593002086857293,14000153,75,1,343.10207928828,175.0,51.0,1.952822200925,2ebfd5fdda8671d8,8d15af1f9d36efa1,d607fa03a7808d47,200,200,100.0,188.515,186.924379,1.0,2.7,202.224729,4.205,212.537229,2.895,4.008636,0.0,0.415742,0.673203,0.341297,0.121396,300,2512,2512,32.0,0,0,16,16,40,40,0,0,412.0,579,0,0,20,180,0,20,20,20,0,0,20,0,0,0,0,0,0,0,0,0,0,0,0,0,0,0,0,0,SVM-selected OC
1136,2,2.0,1.0,-0.5757133358459257,14000165,75,2,344.463991147288,175.0,31.0,2.803135845588,69b9acfca852260f,8d15af1f9d36efa1,b0bfff6d6c16d86,200,200,100.0,284.535,257.382345,1.0,4.5,350.979021,3.614762,357.099739,4.665,3.438371,0.0,0.30735,0.674267,0.243309,0.080788,300,2256,2256,32.0,0,0,16,16,40,40,2,0,414.0,933,0,0,20,180,0,20,20,19,1,0,20,1,1,1,0,0,0,0,0,0,0,0,0,0,0,0,0,0,SVM-selected OC
1138,1,1.0,1.0,-1.2152174513360325,14000167,75,1,425.119024250508,175.0,58.0,2.597271574316,4bc19f4db5a5f232,8d15af1f9d36efa1,e8e984a800722e1d,200,192,96.0,273.703125,283.167456,1.0,4.3,340.352569,3.035833,324.464845,4.203125,3.004957,0.0,0.352847,0.6875,0.271003,0.118033,300,2048,2048,32.0,0,0,16,16,49,49,10,2,440.0,807,0,0,28,172,0,28,20,15,5,0,20,5,5,5,0,0,0,0,0,8,0,8,8,8,0,0,0,0,SVM-selected OC
1147,0,0.0,1.0,-0.280882790469013,14000176,75,0,356.161335974224,175.0,43.0,2.626080562097,15cb13ab1c29974f,8d15af1f9d36efa1,237b8b87959b83cb,200,199,99.5,283.819095,240.265843,1.0,4.4,339.451254,3.693333,344.207947,4.41206,3.542141,0.0,0.324615,0.678457,0.254669,0.092975,300,2376,2376,32.0,0,0,16,16,42,42,6,2,422.0,878,0,0,21,179,0,21,20,17,3,0,20,3,3,3,0,0,0,0,0,1,0,1,1,1,0,0,0,0,SVM-selected OC
1152,0,0.0,1.0,1.4055764205464225,14000181,75,0,227.363966813691,325.0,40.0,1.771772583645,6fd5c51c11ff8605,8d15af1f9d36efa1,9968b2a1d9d55865,200,165,82.5,251.133333,274.249269,1.0,4.0,313.423599,3.495,314.82693,4.042424,3.505247,0.0,0.410256,0.698795,0.310238,0.165207,300,2432,2432,32.0,0,0,16,16,65,65,2,0,464.0,667,0,0,50,150,0,50,15,14,1,0,15,1,1,1,0,0,0,0,0,35,0,35,35,35,0,0,0,0,SVM-selected OC
1157,3,1.0,0.0,-1.2067197292631135,14000186,75,3,78.304873521377,175.0,49.0,2.562896717094,87011f237cb7507b,8d15af1f9d36efa1,6a6a397e1d54995,200,187,93.5,255.513369,250.814732,1.0,3.9,289.442269,3.532381,303.642749,4.053476,3.006596,0.0,0.371476,0.691358,0.283554,0.132723,300,2248,2248,32.0,0,0,16,16,54,54,8,2,448.0,758,0,0,33,167,0,33,20,16,4,0,20,4,4,4,0,0,0,0,0,13,0,13,13,13,0,0,0,0,SVM-selected OC
1158,3,3.0,1.0,-0.8680821211942611,14000187,75,3,244.660002272699,75.0,35.0,1.837456854093,a5e8d2a44a3e9dd5,8d15af1f9d36efa1,ce645f55b80141a1,200,162,81.0,422.32716,316.527581,1.0,6.8,548.021727,3.94504,528.151834,6.58642,3.575445,0.0,0.319081,0.714286,0.219459,0.136032,300,2480,2480,32.0,0,0,16,16,77,77,14,14,500.0,1067,0,0,54,146,0,54,16,9,7,0,16,7,7,7,0,0,0,0,0,38,0,38,38,38,0,0,0,0,SVM-selected OC
1169,3,0.0,0.0,-1.0403381931972824,14000198,75,3,70.509798681489,325.0,57.0,2.416903643913,5fb0200e18a76f4a,8d15af1f9d36efa1,4c78ff8f7cb91c2e,200,171,85.5,201.830409,222.308759,1.0,3.3,252.078876,4.458333,235.379266,3.128655,4.364486,0.0,0.464464,0.698795,0.359281,0.197901,300,2344,2344,32.0,0,0,16,16,62,62,8,2,464.0,535,0,0,45,155,0,45,16,12,4,0,16,4,4,4,0,0,0,0,0,29,0,29,29,29,0,0,0,0,SVM-selected OC
1172,0,0.0,1.0,-0.06565898508161716,14000201,75,0,89.144386995236,325.0,61.0,1.801074619965,edaa317df3ba935,8d15af1f9d36efa1,ee4dc84317d02084,200,189,94.5,259.899471,265.884251,1.0,4.0,313.92915,3.5125,317.784568,4.275132,3.496287,0.0,0.350482,0.685535,0.270758,0.114035,300,2296,2296,32.0,0,0,16,16,51,51,2,0,436.0,808,0,0,31,169,0,31,20,19,1,0,20,1,1,1,0,0,0,0,0,11,0,11,11,11,0,0,0,0,SVM-selected OC
1175,3,3.0,1.0,1.0473450396187012,14000204,75,3,170.380024805049,325.0,55.0,1.706464621076,2ff2398a94c9c99e,8d15af1f9d36efa1,a0a5064f35b30e4f,200,200,100.0,303.755,278.055657,1.0,5.1,406.690019,4.734444,389.245041,5.1,4.137255,0.0,0.292649,0.678457,0.227273,0.081081,300,2624,2624,32.0,0,0,16,16,40,40,10,0,422.0,1020,0,0,20,180,0,20,20,15,5,0,20,5,5,5,0,0,0,0,0,0,0,0,0,0,0,0,0,0,SVM-selected OC
1178,1,1.0,1.0,-1.0470072720077876,14000207,75,1,315.02509385576,425.0,38.0,2.222151792941,4582bf6a7c2d0226,8d15af1f9d36efa1,cbe7a4507074778e,200,176,88.0,177.869318,155.442912,1.0,2.5,182.731424,3.353333,187.90896,2.551136,3.452116,0.0,0.502769,0.69419,0.400534,0.21366,300,2512,2512,32.0,0,0,16,16,60,60,2,0,454.0,449,0,0,42,158,0,42,18,17,1,0,18,1,1,1,0,0,0,0,0,24,0,24,24,24,0,0,0,0,SVM-selected OC
1194,0,0.0,1.0,1.3268572783186272,14000223,75,0,281.492860707642,325.0,36.0,1.527865403174,fe2315f9608967e5,8d15af1f9d36efa1,9ab39900c587d527,200,200,100.0,264.485,285.683455,1.0,4.1,318.845241,4.058571,329.410848,4.2,3.753571,0.0,0.330144,0.674267,0.263158,0.088937,300,2360,2360,32.0,0,0,16,16,40,40,2,0,414.0,840,0,0,20,180,0,20,20,19,1,0,20,1,1,1,0,0,0,0,0,0,0,0,0,0,0,0,0,0,SVM-selected OC
1206,1,1.0,1.0,0.7494722390229427,14000235,75,1,356.873834161549,175.0,61.0,1.539310578091,c335de45e1629285,8d15af1f9d36efa1,3bfd334e2d681765,200,186,93.0,240.091398,257.71865,1.0,3.9,307.63,3.54,287.389137,3.849462,3.793296,0.0,0.380623,0.6875,0.295276,0.131068,300,2432,2432,32.0,0,0,16,16,54,54,0,0,440.0,716,0,0,34,166,0,34,20,20,0,0,20,0,0,0,0,0,0,0,0,14,0,14,14,14,0,0,0,0,SVM-selected OC
1215,1,1.0,1.0,0.26318120322274297,14000244,75,1,395.683056704709,175.0,68.0,1.570503265155,15cd2e4a56908dc9,8d15af1f9d36efa1,e480acdc8d2473d,200,196,98.0,289.556122,301.400392,1.0,4.3,361.515569,4.645,362.08495,4.479592,4.146925,0.0,0.325653,0.679487,0.254669,0.094845,300,2768,2768,32.0,0,0,16,16,44,44,4,0,424.0,878,0,0,24,176,0,24,20,18,2,0,20,2,2,2,0,0,0,0,0,4,0,4,4,4,0,0,0,0,SVM-selected OC
1234,0,0.0,1.0,-0.5671087579915337,14000263,75,0,128.85043509626,325.0,37.0,2.689808609063,fac88db1fdd23334,8d15af1f9d36efa1,6bf38a4e3ac92af,200,199,99.5,288.78392,290.492441,1.0,4.2,336.639817,3.616667,350.874309,4.457286,3.547914,0.0,0.322383,0.678457,0.252738,0.092119,300,2440,2440,32.0,0,0,16,16,42,42,6,2,422.0,887,0,0,21,179,0,21,20,17,3,0,20,3,3,3,0,0,0,0,0,1,0,1,1,1,0,0,0,0,SVM-selected OC
1236,2,2.0,1.0,-1.357808210183176,14000265,75,2,151.936436749705,75.0,43.0,1.821116249197,c6a3a75e93d2cb81,8d15af1f9d36efa1,b8d202e24cef2c97,200,137,68.5,280.50365,304.074893,1.0,4.7,378.01304,3.361905,325.910613,4.328467,3.549747,0.0,0.477533,0.730458,0.335946,0.261519,300,2208,2208,32.0,0,0,16,16,100,100,10,10,542.0,593,0,0,79,121,0,79,16,11,5,0,16,5,5,5,0,0,0,0,0,63,0,63,63,63,0,0,0,0,SVM-selected OC
1238,3,2.0,0.0,0.9948918966331064,14000267,75,3,312.721632029257,175.0,50.0,2.128596752492,c8092074fde07967,8d15af1f9d36efa1,bc1379698f1bdec4,200,199,99.5,278.326633,280.795049,1.0,4.4,336.511331,3.815,342.100226,4.527638,3.597114,0.0,0.316907,0.676375,0.249792,0.087133,300,2360,2360,32.0,0,0,16,16,42,42,2,2,418.0,901,0,0,21,179,0,21,20,19,1,0,20,1,1,1,0,0,0,0,0,1,0,1,1,1,0,0,0,0,SVM-selected OC
1239,0,0.0,1.0,1.0270109068081776,14000268,75,0,295.305648402584,325.0,36.0,2.247522400572,a7b4f91e4dc55959,8d15af1f9d36efa1,2668a7501274b716,200,20,10.0,137.35,364.87166,0.1,0.2,145.795452,4.5,145.795452,2.0,4.5,0.0,0.906542,0.659864,0.882353,0.583333,300,2384,2384,32.0,0,0,16,16,20,20,16,0,388.0,40,0,0,10,18,0,10,10,2,8,0,10,8,8,0,8,0,0,0,0,0,180,0,180,8,172,0,0,0,SVM-selected OC
1242,3,3.0,1.0,-0.9152206159147873,14000271,75,3,227.383433184551,75.0,34.0,1.877117065792,1117eb0f970a8465,8d15af1f9d36efa1,1d28ed9b1909b590,200,179,89.5,308.860335,315.903758,1.0,4.6,371.858763,4.090238,389.034551,4.994413,3.252796,0.0,0.334821,0.692308,0.251256,0.116601,300,2392,2392,32.0,0,0,16,16,57,57,4,4,450.0,894,0,0,38,162,0,38,17,15,2,0,17,2,2,2,0,0,0,0,0,21,0,21,21,21,0,0,0,0,SVM-selected OC
1249,2,2.0,1.0,0.33298230082356817,14000278,75,2,369.473061198441,175.0,49.0,2.177094550196,b23359b599e09e57,8d15af1f9d36efa1,65b1e985ddc5a9cb,200,195,97.5,242.123077,218.064894,1.0,3.7,299.757938,3.695,289.669531,3.661538,3.257703,0.0,0.373684,0.680511,0.295858,0.116337,300,2488,2488,32.0,0,0,16,16,45,45,4,0,426.0,714,0,0,25,175,0,25,20,18,2,0,20,2,2,2,0,0,0,0,0,5,0,5,5,5,0,0,0,0,SVM-selected OC
1264,3,3.0,1.0,1.3624924868653068,14000293,75,3,216.613104613167,325.0,44.0,1.781204003928,3daeed16ecb25209,8d15af1f9d36efa1,c9ce095747f7629d,200,200,100.0,316.125,275.781335,1.0,4.4,343.969068,3.355714,400.488373,4.99,3.475952,0.0,0.294201,0.675325,0.231125,0.077634,300,2416,2416,32.0,0,0,16,16,40,40,4,0,416.0,998,0,0,20,180,0,20,20,18,2,0,20,2,2,2,0,0,0,0,0,0,0,0,0,0,0,0,0,0,SVM-selected OC
1266,1,1.0,1.0,1.446419443600778,14000295,75,1,244.843890116233,325.0,39.0,1.698811968675,2c4d581a5b4ed280,8d15af1f9d36efa1,82065beebe2052a3,200,200,100.0,262.095,270.078448,1.0,4.4,335.100924,3.277381,324.462798,4.535,3.020948,0.0,0.313399,0.674267,0.24855,0.082912,300,2240,2240,32.0,0,0,16,16,41,41,0,2,414.0,907,0,0,20,180,0,20,20,20,0,0,20,0,0,0,0,0,0,0,0,0,0,0,0,0,0,0,0,0,SVM-selected OC
1270,2,2.0,1.0,-0.9220345168367494,14000299,75,2,243.168012364048,425.0,26.0,1.580591653408,d44bd0b2a59a67a1,8d15af1f9d36efa1,9a9f7700c576f257,200,146,73.0,267.178082,260.266167,0.9,3.1,292.701384,3.07963,316.80063,3.773973,3.324864,0.0,0.462439,0.703264,0.352526,0.204906,300,1848,1848,32.0,0,0,16,16,64,64,14,0,474.0,551,0,0,49,132,0,49,15,8,7,0,15,7,7,6,1,0,0,0,0,34,20,34,54,35,19,0,0,0,SVM-selected OC
1272,3,3.0,1.0,-1.430383472980119,14000301,75,3,66.368421331995,175.0,52.0,2.565869327362,4afbf6b6af192825,8d15af1f9d36efa1,71710e682f08d7e2,200,178,89.0,201.623596,196.889352,1.0,2.9,215.658025,3.298333,218.348356,2.932584,3.258621,0.0,0.472727,0.700599,0.364964,0.206687,300,2200,2200,32.0,0,0,16,16,62,62,12,0,468.0,522,0,0,42,158,0,42,20,14,6,0,20,6,6,6,0,0,0,0,0,22,0,22,22,22,0,0,0,0,SVM-selected OC
1292,1,3.0,0.0,1.2941043672152386,14000321,75,1,303.037878948288,325.0,58.0,1.617846664675,9abe7f9360d6a0cd,8d15af1f9d36efa1,9b2aaa00c5ed186f,200,179,89.5,280.513966,269.652338,1.0,4.5,325.018137,3.776667,359.135404,4.73743,3.017689,0.0,0.343653,0.689441,0.261324,0.116667,300,2296,2296,32.0,0,0,16,16,55,55,2,0,444.0,848,0,0,38,162,0,38,17,16,1,0,17,1,1,1,0,0,0,0,0,21,0,21,21,21,0,0,0,0,SVM-selected OC
1296,3,3.0,1.0,0.923317287571221,14000325,75,3,160.185399776046,325.0,63.0,1.575489268863,e74e338e97ea9f27,8d15af1f9d36efa1,4a646268aa07f36a,200,177,88.5,247.587571,238.762635,0.9,3.2,286.163213,4.104497,298.420063,3.677966,3.847926,0.0,0.392157,0.677419,0.315457,0.11908,300,2360,2360,32.0,0,0,16,16,41,41,6,0,420.0,651,0,0,22,159,0,22,19,16,3,0,19,3,3,2,1,0,0,0,0,3,20,3,23,4,19,0,0,0,SVM-selected OC
1297,2,2.0,1.0,-1.59732917548354,14000326,75,2,160.229398203021,425.0,34.0,2.602495129761,2d062fc897303b71,8d15af1f9d36efa1,3c7818e197517c56,200,176,88.0,307.306818,297.05185,1.0,4.7,375.105095,3.790317,373.954143,4.829545,3.511765,0.0,0.351145,0.69697,0.26087,0.130879,300,2480,2480,32.0,0,0,16,16,60,60,8,0,460.0,850,0,0,42,158,0,42,18,14,4,0,18,4,4,4,0,0,0,0,0,24,0,24,24,24,0,0,0,0,SVM-selected OC
1304,1,1.0,1.0,0.4230309345228509,14000333,75,1,354.319562488369,175.0,45.0,2.259254657971,e564f358f73d791f,8d15af1f9d36efa1,4bcfeaade5343060,200,172,86.0,257.802326,214.852272,1.0,3.9,301.619738,3.231905,307.177577,4.02907,3.190476,0.0,0.398959,0.69697,0.302115,0.155907,300,2536,2536,32.0,0,0,16,16,62,62,4,0,460.0,693,0,0,45,155,0,45,17,15,2,0,17,2,2,2,0,0,0,0,0,28,0,28,28,28,0,0,0,0,SVM-selected OC
1306,3,3.0,1.0,0.9924883920900847,14000335,75,3,165.06979585403,175.0,58.0,1.79481365345,74b3c7ba0a1c59d3,8d15af1f9d36efa1,5c75f3865d302b55,200,199,99.5,224.422111,232.296979,1.0,3.4,281.595664,4.435,268.501461,3.497487,3.991379,0.0,0.374101,0.675325,0.301205,0.107692,300,2472,2472,32.0,0,0,16,16,41,41,2,0,416.0,696,0,0,21,179,0,21,20,19,1,0,20,1,1,1,0,0,0,0,0,1,0,1,1,1,0,0,0,0,SVM-selected OC
1308,1,1.0,1.0,1.4512184148413425,14000337,75,1,262.316315732362,175.0,48.0,1.708805741015,b35f58d0aaa3e75,8d15af1f9d36efa1,955265cdb8a83532,200,195,97.5,183.035897,178.365403,1.0,2.5,195.628046,5.016667,197.68157,2.523077,4.810976,0.0,0.462882,0.679487,0.378788,0.157534,300,2824,2824,32.0,0,0,16,16,45,45,2,0,424.0,492,0,0,25,175,0,25,20,19,1,0,20,1,1,1,0,0,0,0,0,5,0,5,5,5,0,0,0,0,SVM-selected OC
1324,0,0.0,1.0,0.8433735448422599,14000353,75,0,334.2845495112,175.0,47.0,2.079202126081,90a81ee4b0f13b8,8d15af1f9d36efa1,3c7c84dd3e87d7f,200,200,100.0,353.275,316.353377,1.0,5.7,458.144649,3.700952,449.527104,5.7,3.507895,0.0,0.268293,0.676375,0.208333,0.070147,300,2368,2368,32.0,0,0,16,16,41,41,4,2,418.0,1140,0,0,20,180,0,20,20,18,2,0,20,2,2,2,0,0,0,0,0,0,0,0,0,0,0,0,0,0,SVM-selected OC
1325,3,3.0,1.0,1.4525920873371057,14000354,75,3,246.980908020762,325.0,45.0,1.727962653454,429c88f8c1acaeb7,8d15af1f9d36efa1,1e281f58e1437146,200,172,86.0,177.075581,177.274835,1.0,2.9,209.347402,4.185,209.788729,2.965116,3.92549,0.0,0.469854,0.693252,0.37037,0.190476,300,2392,2392,32.0,0,0,16,16,60,60,0,0,452.0,510,0,0,44,156,0,44,16,16,0,0,16,0,0,0,0,0,0,0,0,28,0,28,28,28,0,0,0,0,SVM-selected OC
1330,3,3.0,1.0,0.6147548511275183,14000359,75,3,362.608792888344,325.0,52.0,2.127693067626,fe6dd3ae6d2b64b7,8d15af1f9d36efa1,2f27cd46f962bade,200,197,98.5,184.51269,167.232045,1.0,2.5,202.058188,3.723333,196.714065,2.593909,3.51272,0.0,0.455804,0.681529,0.369914,0.158155,300,2416,2416,32.0,0,0,16,16,45,45,6,4,428.0,511,0,0,23,177,0,23,20,17,3,0,20,3,3,3,0,0,0,0,0,3,0,3,3,3,0,0,0,0,SVM-selected OC
1332,0,0.0,1.0,-0.9132767396959718,14000361,75,0,275.493959144217,75.0,26.0,1.845925080325,bc33244a44e6d191,8d15af1f9d36efa1,280c303461eeeeb5,200,155,77.5,336.722581,274.448562,1.0,4.5,356.211599,3.350595,416.030956,5.354839,3.212048,0.0,0.374057,0.712644,0.265487,0.16499,300,2312,2312,32.0,0,0,16,16,77,77,10,0,496.0,830,0,0,61,139,0,61,16,11,5,0,16,5,5,5,0,0,0,0,0,45,0,45,45,45,0,0,0,0,SVM-selected OC
1337,3,3.0,1.0,1.0350905895493323,14000366,75,3,170.780788258594,325.0,62.0,1.612694865893,e372f1d513408f5b,8d15af1f9d36efa1,26e83f83d0dc9051,200,200,100.0,253.655,257.721698,1.0,3.8,299.470488,4.161667,316.060939,4.03,3.868486,0.0,0.340426,0.675325,0.271248,0.094382,300,2456,2456,32.0,0,0,16,16,40,40,4,0,416.0,806,0,0,20,180,0,20,20,18,2,0,20,2,2,2,0,0,0,0,0,0,0,0,0,0,0,0,0,0,SVM-selected OC
1338,3,3.0,1.0,0.09239561750347036,14000367,75,3,154.349335482623,175.0,46.0,2.468434487069,bf89b5e347118272,8d15af1f9d36efa1,9ab07800c585673d,200,200,100.0,196.515,180.883398,1.0,2.8,213.808464,3.176667,214.477702,2.865,3.511344,0.0,0.421796,0.676375,0.343643,0.130501,300,2384,2384,32.0,0,0,16,16,41,41,4,2,418.0,573,0,0,20,180,0,20,20,18,2,0,20,2,2,2,0,0,0,0,0,0,0,0,0,0,0,0,0,0,SVM-selected OC
1351,0,0.0,1.0,1.389056030837084,14000380,75,0,291.672314669879,325.0,53.0,1.737006315639,332bb47a651820ed,8d15af1f9d36efa1,68f641b4bae8e24a,200,193,96.5,302.766839,323.323634,1.0,4.9,404.427984,3.670833,383.97874,4.92228,3.492632,0.0,0.309593,0.680511,0.24,0.090038,300,2232,2232,32.0,0,0,16,16,46,46,2,2,426.0,950,0,0,26,174,0,26,19,18,1,0,19,1,1,1,0,0,0,0,0,7,0,7,7,7,0,0,0,0,SVM-selected OC
1354,2,2.0,1.0,-0.4428654598590782,14000383,75,2,403.35257032117,175.0,56.0,2.365121123005,3f4cc5b3bd9bfc29,8d15af1f9d36efa1,925c45ecc426d245,200,186,93.0,271.962366,292.376196,1.0,4.2,333.552815,3.701667,326.62187,4.166667,3.436129,0.0,0.368378,0.693252,0.27907,0.134078,300,2120,2120,32.0,0,0,16,16,54,54,12,4,452.0,775,0,0,33,167,0,33,19,13,6,0,19,6,6,6,0,0,0,0,0,14,0,14,14,14,0,0,0,0,SVM-selected OC
1356,0,0.0,1.0,0.9623206303308631,14000385,75,0,342.040799109169,325.0,52.0,1.523386872264,6188c6bbaf583fe5,8d15af1f9d36efa1,abb72a9b8a753dfc,200,192,96.0,322.203125,341.462097,1.0,5.3,415.282745,3.605952,406.373144,5.338542,3.47122,0.0,0.299385,0.68652,0.226415,0.093722,300,2184,2184,32.0,0,0,16,16,48,48,10,0,438.0,1025,0,0,28,172,0,28,20,15,5,0,20,5,5,5,0,0,0,0,0,8,0,8,8,8,0,0,0,0,SVM-selected OC
1361,2,0.0,0.0,-0.5500709798115508,14000390,75,2,358.242341338165,175.0,38.0,2.738607801946,6a9f75447df04b05,8d15af1f9d36efa1,9ad93500c5a7fa78,200,160,80.0,237.5125,259.436772,0.8,2.9,287.315712,3.585119,275.660894,3.625,3.436207,0.0,0.414141,0.672131,0.340909,0.118541,300,2096,2096,32.0,0,0,16,16,37,37,4,2,410.0,580,0,0,18,144,0,18,18,16,2,0,18,2,2,0,2,0,0,0,0,0,40,0,40,2,38,0,0,0,SVM-selected OC
1365,0,2.0,0.0,-0.40442085654982307,14000394,75,0,67.706452264215,325.0,68.0,1.676848526423,e01e4368d3f0d223,8d15af1f9d36efa1,38b778573d65f975,200,174,87.0,260.04023,293.396725,0.9,3.9,331.550249,3.951058,319.594635,4.310345,3.341333,0.0,0.362245,0.680511,0.285714,0.111374,300,2520,2520,32.0,0,0,16,16,44,44,6,0,426.0,750,0,0,25,156,0,25,19,16,3,0,19,3,3,2,1,0,0,0,0,6,20,6,26,7,19,0,0,0,SVM-selected OC
1366,3,3.0,1.0,0.7144044951243469,14000395,75,3,356.651284176109,325.0,53.0,2.05835849645,534a3f6c46952b03,8d15af1f9d36efa1,840e76bed61c56e5,200,200,100.0,286.17,270.766597,1.0,4.5,353.177389,3.646667,357.764934,4.5,3.504444,0.0,0.316109,0.675325,0.25,0.085366,300,2352,2352,32.0,0,0,16,16,41,41,2,2,416.0,900,0,0,20,180,0,20,20,19,1,0,20,1,1,1,0,0,0,0,0,0,0,0,0,0,0,0,0,0,SVM-selected OC
1374,0,0.0,1.0,0.378436386636972,14000403,75,0,124.216528608414,325.0,55.0,1.987584868207,7430bd5d1d8da201,8d15af1f9d36efa1,b47489884d176455,200,200,100.0,231.215,253.316225,1.0,3.7,282.37721,4.19,278.708865,3.7,3.72973,0.0,0.359862,0.675325,0.288462,0.101942,300,2448,2448,32.0,0,0,16,16,40,40,4,0,416.0,740,0,0,20,180,0,20,20,18,2,0,20,2,2,2,0,0,0,0,0,0,0,0,0,0,0,0,0,0,SVM-selected OC
1384,3,2.0,0.0,-0.8830414311648731,14000413,75,3,410.670540003163,325.0,38.0,2.656189431378,563704a49e923413,8d15af1f9d36efa1,736703b56b3067f5,200,183,91.5,213.846995,216.38334,1.0,3.0,253.486704,3.723333,244.715175,3.131148,3.385689,0.0,0.435468,0.688474,0.343643,0.161054,300,2272,2272,32.0,0,0,16,16,55,55,0,0,442.0,573,0,0,36,164,0,36,19,19,0,0,19,0,0,0,0,0,0,0,0,17,0,17,17,17,0,0,0,0,SVM-selected OC
1388,1,1.0,1.0,0.8130107694939177,14000417,75,1,327.774315838148,325.0,58.0,2.258305756485,209d1c85a1ea67ac,8d15af1f9d36efa1,fe2bf9f79dc221de,200,200,100.0,233.73,253.141322,1.0,3.5,286.676993,5.028333,285.749701,3.605,4.597781,0.0,0.363636,0.673203,0.29383,0.099875,300,2560,2560,32.0,0,0,16,16,40,40,0,0,412.0,721,0,0,20,180,0,20,20,20,0,0,20,0,0,0,0,0,0,0,0,0,0,0,0,0,0,0,0,0,SVM-selected OC
1396,2,2.0,1.0,0.2530099547190634,14000425,75,2,129.099508936586,175.0,51.0,2.16651274641,f29db2ba325c83e7,8d15af1f9d36efa1,a090bd39eb22eee5,200,195,97.5,293.220513,327.759135,1.0,4.6,389.94717,4.0,372.839022,4.610256,3.439377,0.0,0.322532,0.681529,0.250209,0.096482,300,2104,2104,32.0,0,0,16,16,45,45,6,0,428.0,899,0,0,25,175,0,25,20,17,3,0,20,3,3,3,0,0,0,0,0,5,0,5,5,5,0,0,0,0,SVM-selected OC
1414,3,3.0,1.0,1.3239821892094614,14000443,75,3,253.275887579245,325.0,41.0,2.055556835889,6c017a6da8eb02f0,8d15af1f9d36efa1,50d4a98083f4b380,200,179,89.5,242.553073,232.929056,1.0,4.2,335.966822,3.400379,295.345959,3.938547,3.252482,0.0,0.387489,0.690402,0.298507,0.139194,300,2016,2016,32.0,0,0,16,16,55,55,4,0,446.0,705,0,0,38,162,0,38,17,15,2,0,17,2,2,2,0,0,0,0,0,21,0,21,21,21,0,0,0,0,SVM-selected OC
1425,0,0.0,1.0,1.1093091518404403,14000454,75,0,261.165544549205,175.0,43.0,2.206283612126,5b4638286ae74a70,8d15af1f9d36efa1,e5d2e5a2991d10d7,200,185,92.5,278.648649,256.174605,1.0,3.9,313.039273,3.416667,325.918776,4.183784,3.395349,0.0,0.362438,0.6875,0.27933,0.122449,300,2416,2416,32.0,0,0,16,16,52,52,4,2,440.0,774,0,0,33,167,0,33,18,16,2,0,18,2,2,2,0,0,0,0,0,15,0,15,15,15,0,0,0,0,SVM-selected OC
1430,1,1.0,1.0,0.9401085863705845,14000459,75,1,349.161265821957,325.0,61.0,1.580676606532,b7443d0f7d0644c,8d15af1f9d36efa1,c3225f4f4930bd1e,200,180,90.0,203.622222,207.575498,0.9,2.6,232.666244,4.096296,235.617114,2.888889,4.230769,0.0,0.44086,0.672131,0.365854,0.130435,300,2888,2888,32.0,0,0,16,16,38,38,2,0,410.0,520,0,0,19,162,0,19,19,18,1,0,19,1,1,0,1,0,0,0,0,0,20,0,20,1,19,0,0,0,SVM-selected OC
1439,1,1.0,1.0,0.5248533118217011,14000468,75,1,151.63802888078,175.0,47.0,2.164695097006,99da622e7a52fff5,8d15af1f9d36efa1,f1a8c6ff5719ccc9,200,193,96.5,278.53886,264.53152,1.0,3.9,305.75295,3.233095,352.514865,4.414508,3.157277,0.0,0.334375,0.681529,0.260417,0.101266,300,2008,2008,32.0,0,0,16,16,45,45,6,0,428.0,852,0,0,26,174,0,26,19,16,3,0,19,3,3,3,0,0,0,0,0,7,0,7,7,7,0,0,0,0,SVM-selected OC
1440,0,0.0,1.0,1.407017965786297,14000469,75,0,248.217901405679,175.0,39.0,1.848463847849,b01c8cf427dcfbf8,8d15af1f9d36efa1,a249ff5dd6685518,200,200,100.0,268.45,289.427784,1.0,4.4,327.691293,3.3,340.47055,4.635,3.110032,0.0,0.308725,0.674267,0.244499,0.081269,300,2120,2120,32.0,0,0,16,16,40,40,2,0,414.0,927,0,0,20,180,0,20,20,19,1,0,20,1,1,1,0,0,0,0,0,0,0,0,0,0,0,0,0,0,SVM-selected OC
1444,1,1.0,1.0,0.6348678073050102,14000473,75,1,136.097011306212,325.0,62.0,1.513996337176,d23041848b50fc61,8d15af1f9d36efa1,968d2f5e474d47e3,200,193,96.5,234.927461,243.990773,1.0,3.8,282.667971,4.296667,281.843859,3.735751,4.417476,0.0,0.371404,0.680511,0.29383,0.115337,300,2616,2616,32.0,0,0,16,16,47,47,0,0,426.0,721,0,0,27,173,0,27,20,20,0,0,20,0,0,0,0,0,0,0,0,7,0,7,7,7,0,0,0,0,SVM-selected OC
1453,0,1.0,0.0,-0.1369162844119618,14000482,75,0,84.03011520454,175.0,59.0,1.813903007941,e4e4e1eb9127ea5d,8d15af1f9d36efa1,f4e885bda1d4fb0,200,200,100.0,226.42,211.496912,1.0,3.2,271.895328,4.39,271.05819,3.33,3.782282,0.0,0.385609,0.676375,0.310559,0.114362,300,2416,2416,32.0,0,0,16,16,40,40,6,0,418.0,666,0,0,20,180,0,20,20,17,3,0,20,3,3,3,0,0,0,0,0,0,0,0,0,0,0,0,0,0,SVM-selected OC
1464,0,0.0,1.0,-1.0276574555198668,14000493,75,0,38.939641088793,175.0,66.0,1.821019654111,858487cda26557fa,8d15af1f9d36efa1,e134cf4feb49539f,200,186,93.0,224.301075,232.363202,1.0,3.4,264.666578,3.453333,271.52668,3.505376,3.228528,0.0,0.40293,0.6875,0.315126,0.142105,300,2248,2248,32.0,0,0,16,16,52,52,4,0,440.0,652,0,0,33,167,0,33,19,17,2,0,19,2,2,2,0,0,0,0,0,14,0,14,14,14,0,0,0,0,SVM-selected OC
1465,1,1.0,1.0,1.246343863811365,14000494,75,1,207.51185905174,325.0,53.0,1.530904519085,e112fc0425c37c47,8d15af1f9d36efa1,996867f3e45f3d2,200,200,100.0,253.54,270.141342,1.0,4.0,317.56929,3.735238,314.031026,4.1,3.228049,0.0,0.33657,0.675325,0.267857,0.09292,300,2288,2288,32.0,0,0,16,16,40,40,4,0,416.0,820,0,0,20,180,0,20,20,18,2,0,20,2,2,2,0,0,0,0,0,0,0,0,0,0,0,0,0,0,SVM-selected OC
1478,0,0.0,1.0,0.9550611431234213,14000507,75,0,162.253021402312,325.0,60.0,1.787790625311,faf1b1f726bc335e,8d15af1f9d36efa1,9ac81f00c59961e3,200,200,100.0,304.925,309.601015,1.0,4.6,361.94595,4.9125,379.58328,4.665,4.386924,0.0,0.311439,0.678457,0.243309,0.087977,300,2696,2696,32.0,0,0,16,16,40,40,10,0,422.0,933,0,0,20,180,0,20,20,15,5,0,20,5,5,5,0,0,0,0,0,0,0,0,0,0,0,0,0,0,SVM-selected OC
1490,3,3.0,1.0,1.3191655622821425,14000519,75,3,220.056746800042,325.0,47.0,1.972968936898,49b644a3b2a8ee68,8d15af1f9d36efa1,ffb83a39b2d72282,200,176,88.0,248.403409,254.009918,1.0,3.5,291.953684,4.283333,301.742269,3.755682,3.824508,0.0,0.405041,0.692308,0.312175,0.151476,300,2408,2408,32.0,0,0,16,16,59,59,0,2,450.0,661,0,0,41,159,0,41,17,17,0,0,17,0,0,0,0,0,0,0,0,24,0,24,24,24,0,0,0,0,SVM-selected OC
1500,3,1.0,0.0,-0.680982005173977,15000029,100,3,455.091751075,325.0,86.0,1.70214309117,261384c55508c7c5,8d15af1f9d36efa1,24908e8b3d08178b,200,161,80.5,285.074534,291.922363,1.0,4.3,341.870448,4.885,346.432043,4.608696,4.726415,0.0,0.442105,0.746193,0.350263,0.173719,400,4328,4328,32.0,0,0,16,16,73,73,10,0,588.0,742,0,0,56,144,0,56,17,12,5,0,17,5,5,5,0,0,0,0,0,39,0,39,39,39,0,0,0,0,SVM-selected OC
1502,3,3.0,1.0,-0.8651563589250166,15000031,100,3,384.182070738181,325.0,62.0,2.791884966094,70425a7a235e6eca,8d15af1f9d36efa1,5fba424fa213c2a0,200,200,100.0,226.11,242.848994,1.0,3.4,273.404557,5.051667,275.788576,3.5,4.437143,0.0,0.424342,0.72067,0.363636,0.107143,400,4128,4128,32.0,0,0,16,16,40,40,4,0,516.0,700,0,0,20,180,0,20,20,18,2,0,20,2,2,2,0,0,0,0,0,0,0,0,0,0,0,0,0,0,SVM-selected OC
1505,1,1.0,1.0,-0.8498404329387395,15000034,100,1,197.02992876624,75.0,59.0,1.742102951218,10c695397e2432e9,8d15af1f9d36efa1,92cccf8511e30408,200,152,76.0,260.118421,267.427653,1.0,4.1,316.551144,4.805,305.369946,4.046053,4.360976,0.0,0.497138,0.752475,0.394089,0.222503,400,4312,4312,32.0,0,0,16,16,86,86,4,16,608.0,615,0,0,63,137,0,63,15,13,2,0,15,2,2,2,0,0,0,0,0,48,0,48,48,48,0,0,0,0,SVM-selected OC
1510,3,3.0,1.0,-0.2301438833341436,15000039,100,3,89.349606891624,325.0,74.0,2.06432341008,ae8239fc35a4f554,8d15af1f9d36efa1,d9922657846eb1b5,200,197,98.5,222.350254,241.597219,1.0,3.6,282.747344,4.296667,269.110494,3.57868,4.221277,0.0,0.425428,0.722992,0.361991,0.113208,400,3840,3840,32.0,0,0,16,16,43,43,4,0,522.0,705,0,0,23,177,0,23,20,18,2,0,20,2,2,2,0,0,0,0,0,3,0,3,3,3,0,0,0,0,SVM-selected OC
1518,1,1.0,1.0,1.4305324093563971,15000047,100,1,229.190985268337,325.0,63.0,1.728615186708,12f7dcbdff38c69b,8d15af1f9d36efa1,96940d5051dde053,200,200,100.0,207.57,210.9116,1.0,3.0,250.995345,4.97,247.846191,3.23,4.249226,0.0,0.442142,0.719101,0.382409,0.110193,400,4024,4024,32.0,0,0,16,16,40,40,0,0,512.0,646,0,0,20,180,0,20,20,20,0,0,20,0,0,0,0,0,0,0,0,0,0,0,0,0,0,0,0,0,SVM-selected OC
1522,3,3.0,1.0,0.9819963614640361,15000051,100,3,346.645393577679,175.0,70.0,1.881613289612,7182031956b0c152,8d15af1f9d36efa1,7de7cdb4f47f0972,200,196,98.0,220.887755,196.301278,1.0,3.1,232.345171,4.4,246.668679,3.183673,4.432692,0.0,0.456446,0.723757,0.390625,0.128492,400,3680,3680,32.0,0,0,16,16,45,45,2,2,524.0,624,0,0,24,176,0,24,20,19,1,0,20,1,1,1,0,0,0,0,0,4,0,4,4,4,0,0,0,0,SVM-selected OC
1529,0,0.0,1.0,1.4307355757757794,15000058,100,0,287.62824134318,175.0,70.0,1.642278341338,6a65896612676b93,8d15af1f9d36efa1,cd554f6c691948,200,200,100.0,244.915,271.554201,1.0,3.7,296.50109,4.671667,294.031438,3.7,4.704054,0.0,0.410828,0.72067,0.350877,0.101942,400,4296,4296,32.0,0,0,16,16,41,41,2,2,516.0,740,0,0,20,180,0,20,20,19,1,0,20,1,1,1,0,0,0,0,0,0,0,0,0,0,0,0,0,0,SVM-selected OC
1531,1,1.0,1.0,1.172222430540483,15000060,100,1,188.385967101207,175.0,53.0,2.032096814949,f2fa5e78f7f2be4c,8d15af1f9d36efa1,26a7101c9dd705c3,200,190,95.0,304.063158,346.66289,1.0,4.9,389.141287,4.319048,385.376909,4.868421,4.212973,0.0,0.365569,0.727149,0.301887,0.099318,400,3800,3800,31.0,0,0,16,15,50,50,2,0,533.0,925,0,0,30,170,0,30,20,19,1,0,20,1,1,1,0,0,0,0,0,10,0,10,10,10,0,0,0,0,SVM-selected OC
1535,3,3.0,1.0,0.1939184302076029,15000064,100,3,154.114681665059,325.0,64.0,2.439464944189,f40b4adb3c7a0f8e,8d15af1f9d36efa1,4e1ad659ac24f8b3,200,186,93.0,210.16129,207.576191,1.0,2.9,222.685742,5.591667,240.875597,3.037634,5.60708,0.0,0.484959,0.726776,0.414508,0.150376,400,4144,4144,32.0,0,0,16,16,50,50,0,0,532.0,565,0,0,32,168,0,32,18,18,0,0,18,0,0,0,0,0,0,0,0,14,0,14,14,14,0,0,0,0,SVM-selected OC
1536,0,0.0,1.0,1.3690084831444604,15000065,100,0,228.014205363865,325.0,54.0,1.634299948683,2bb60bb37426162f,8d15af1f9d36efa1,5d1364fccab33dd,200,200,100.0,237.55,250.726557,1.0,3.6,286.20053,4.946667,288.59094,3.77,4.395225,0.0,0.405363,0.719888,0.34662,0.098086,400,4336,4336,32.0,0,0,16,16,40,40,2,0,514.0,754,0,0,20,180,0,20,20,19,1,0,20,1,1,1,0,0,0,0,0,0,0,0,0,0,0,0,0,0,SVM-selected OC
1542,2,2.0,1.0,0.10774794318378156,15000071,100,2,106.110325332586,325.0,76.0,2.051991652604,fab5e06a9d6fd156,8d15af1f9d36efa1,3bb9a6fda91bb86d,200,199,99.5,231.452261,234.273591,1.0,3.4,270.001483,5.081667,280.281222,3.497487,5.150862,0.0,0.426689,0.721448,0.364964,0.109974,400,4256,4256,32.0,0,0,16,16,41,41,4,0,518.0,696,0,0,21,179,0,21,20,18,2,0,20,2,2,2,0,0,0,0,0,1,0,1,1,1,0,0,0,0,SVM-selected OC
1572,2,2.0,1.0,1.2566653725198798,15000101,100,2,196.832452546475,325.0,68.0,1.646139081105,1f1bc3a0ac8d9029,8d15af1f9d36efa1,d7e1f6510815850b,200,193,96.5,178.559585,181.457622,1.0,2.5,192.066595,4.91,204.568051,2.621762,4.750988,0.0,0.507782,0.722992,0.441501,0.151007,400,3976,3976,32.0,0,0,16,16,45,45,0,0,522.0,506,0,0,26,174,0,26,19,19,0,0,19,0,0,0,0,0,0,0,0,7,0,7,7,7,0,0,0,0,SVM-selected OC
1575,0,0.0,1.0,0.036514831609089526,15000104,100,0,91.851974436352,325.0,88.0,1.513445972054,9a52abae03db6bea,8d15af1f9d36efa1,67866ab6c46ebcd0,200,176,88.0,250.556818,243.513043,1.0,3.6,282.728802,4.758333,294.651913,3.886364,4.209064,0.0,0.449275,0.736148,0.369004,0.155556,400,4248,4248,32.0,0,0,16,16,62,62,2,0,558.0,684,0,0,43,157,0,43,19,18,1,0,19,1,1,1,0,0,0,0,0,24,0,24,24,24,0,0,0,0,SVM-selected OC
1576,0,0.0,1.0,1.4016690645160317,15000105,100,0,284.234019135336,325.0,47.0,1.621350530382,73ab6e6e2927b9f6,8d15af1f9d36efa1,9b9ae900c64c8b33,200,200,100.0,199.66,205.455722,1.0,3.0,223.129086,4.66,228.727755,3.0,4.833333,0.0,0.460432,0.719101,0.4,0.117647,400,4520,4520,32.0,0,0,16,16,40,40,0,0,512.0,600,0,0,20,180,0,20,20,20,0,0,20,0,0,0,0,0,0,0,0,0,0,0,0,0,0,0,0,0,SVM-selected OC
1589,1,1.0,1.0,-0.4805519137974592,15000118,100,1,118.223282164187,175.0,61.0,2.55216734967,6993ec150712b55c,8d15af1f9d36efa1,c2f73d81ed17d1c7,200,191,95.5,303.78534,301.825291,1.0,4.6,367.908542,4.583333,380.146262,4.73822,4.377901,0.0,0.371091,0.72752,0.306513,0.101291,400,4192,4192,32.0,0,0,16,16,49,49,4,0,534.0,905,0,0,29,171,0,29,20,18,2,0,20,2,2,2,0,0,0,0,0,9,0,9,9,9,0,0,0,0,SVM-selected OC
1595,2,0.0,0.0,-1.409679787337649,15000124,100,2,24.226094305169,325.0,80.0,1.874480143526,d5a909e5f1b18c38,8d15af1f9d36efa1,be5bd679cdf3b563,200,160,80.0,224.01875,236.232609,1.0,3.6,288.180492,4.533333,265.673771,3.41875,4.085923,0.0,0.5155,0.744246,0.422386,0.215208,400,3888,3888,32.0,0,0,16,16,74,74,2,0,582.0,547,0,0,57,143,0,57,17,16,1,0,17,1,1,1,0,0,0,0,0,40,0,40,40,40,0,0,0,0,SVM-selected OC
1596,1,1.0,1.0,1.3897863581133105,15000125,100,1,270.748822582754,175.0,65.0,1.549674796293,39070b6d1d325d9,8d15af1f9d36efa1,792bb850d2999480,200,200,100.0,208.105,217.801938,1.0,2.9,248.833092,6.05,241.79969,3.0,5.366667,0.0,0.460432,0.719101,0.4,0.117647,400,4632,4632,32.0,0,0,16,16,40,40,0,0,512.0,600,0,0,20,180,0,20,20,20,0,0,20,0,0,0,0,0,0,0,0,0,0,0,0,0,0,0,0,0,SVM-selected OC
1597,2,2.0,1.0,1.1448218374554813,15000126,100,2,191.255321113432,325.0,59.0,2.013001663851,5de9d0982fabad53,8d15af1f9d36efa1,20a02cc57af467ae,200,173,86.5,174.208092,184.397365,0.9,2.2,190.522907,5.231481,188.671893,2.381503,5.067961,0.0,0.558887,0.722992,0.492611,0.179283,400,4088,4088,32.0,0,0,16,16,44,44,2,2,522.0,412,0,0,25,156,0,25,18,17,1,0,18,1,1,0,1,0,0,0,0,7,20,7,27,8,19,0,0,0,SVM-selected OC
1598,2,0.0,0.0,0.1198935521634219,15000127,100,2,119.298702596689,325.0,78.0,2.228148273651,798251f29cd2eafc,8d15af1f9d36efa1,9a9c3700c5744fc0,200,199,99.5,200.140704,209.768819,1.0,2.9,225.564846,6.308333,229.435148,2.899497,5.923744,0.0,0.473059,0.721448,0.409417,0.129713,400,4696,4696,32.0,0,0,16,16,41,41,4,0,518.0,577,0,0,21,179,0,21,20,18,2,0,20,2,2,2,0,0,0,0,0,1,0,1,1,1,0,0,0,0,SVM-selected OC
1606,2,0.0,0.0,0.22371716361724303,15000135,100,2,123.716615685562,175.0,75.0,2.204660579153,14dbb01bc27177fa,8d15af1f9d36efa1,fdc0ce16929f9cbb,200,200,100.0,232.905,239.187265,1.0,3.4,273.616745,5.371667,276.718229,3.5,4.891429,0.0,0.424342,0.72067,0.363636,0.107143,400,4296,4296,32.0,0,0,16,16,41,41,2,2,516.0,700,0,0,20,180,0,20,20,19,1,0,20,1,1,1,0,0,0,0,0,0,0,0,0,0,0,0,0,0,SVM-selected OC
1607,2,2.0,1.0,1.3972878541186073,15000136,100,2,228.400060799755,175.0,47.0,2.018438908078,de7fc5b5fed4cd3b,8d15af1f9d36efa1,6d93b8a877a16ba3,200,168,84.0,225.541667,264.903787,1.0,3.6,283.252846,5.966667,280.19781,3.571429,5.226667,0.0,0.483649,0.737533,0.4,0.178082,400,4232,4232,32.0,0,0,16,16,64,64,2,0,562.0,600,0,0,48,152,0,48,16,15,1,0,16,1,1,1,0,0,0,0,0,32,0,32,32,32,0,0,0,0,SVM-selected OC
1619,1,1.0,1.0,1.1566664326024299,15000148,100,1,275.980968146212,325.0,53.0,2.205000328629,c7cdcb00e8289722,8d15af1f9d36efa1,a8154e8590aa391c,200,197,98.5,263.071066,287.861766,1.0,3.9,316.439709,5.766667,319.204855,4.035533,5.260377,0.0,0.397727,0.724138,0.334728,0.105737,400,4344,4344,31.0,0,0,16,15,43,43,8,0,525.0,795,0,0,23,177,0,23,20,16,4,0,20,4,4,4,0,0,0,0,0,3,0,3,3,3,0,0,0,0,SVM-selected OC
1630,0,0.0,1.0,-0.9482401697920793,15000159,100,0,218.544625205385,425.0,32.0,1.644304147762,fa13193b3f2b9464,8d15af1f9d36efa1,6fa853d6b79460e4,200,106,53.0,286.377358,282.730712,1.0,4.3,343.720533,4.467857,324.641331,4.132075,3.908676,0.0,0.607527,0.77221,0.477327,0.359649,400,4232,4232,32.0,0,0,16,16,118,118,10,4,678.0,438,0,0,105,95,0,105,11,6,5,0,11,5,5,5,0,0,0,0,0,94,0,94,94,94,0,0,0,0,SVM-selected OC
1632,1,1.0,1.0,1.1344422896240918,15000161,100,1,331.577204308354,325.0,55.0,1.942908644294,838119a1693627ef,8d15af1f9d36efa1,2c14449be4781ccc,200,200,100.0,238.56,266.224759,1.0,3.8,297.913221,4.257619,291.324531,3.865,4.35705,0.0,0.399378,0.719888,0.341006,0.095906,400,3528,3528,32.0,0,0,16,16,40,40,2,0,514.0,773,0,0,20,180,0,20,20,19,1,0,20,1,1,1,0,0,0,0,0,0,0,0,0,0,0,0,0,0,SVM-selected OC
1633,0,0.0,1.0,1.2836632236267924,15000162,100,0,214.64915806428,175.0,63.0,1.505990001344,9ebd611bb7e34885,8d15af1f9d36efa1,9b8d4200c640e512,200,196,98.0,236.27551,238.578472,1.0,3.4,267.372039,5.941667,275.022133,3.55102,5.221264,0.0,0.429508,0.723757,0.364964,0.116751,400,4504,4504,32.0,0,0,16,16,45,45,2,2,524.0,696,0,0,24,176,0,24,20,19,1,0,20,1,1,1,0,0,0,0,0,4,0,4,4,4,0,0,0,0,SVM-selected OC
1644,0,2.0,0.0,-0.5788963724705614,15000173,100,0,423.769835952897,175.0,80.0,2.292532679843,250e1551dff6f80e,8d15af1f9d36efa1,e5b89fcc5eb25186,200,194,97.0,248.206186,271.709663,1.0,3.7,299.274331,5.638571,294.790767,3.690722,5.108939,0.0,0.4272,0.72752,0.358423,0.124694,400,4528,4528,32.0,0,0,16,16,46,46,10,0,534.0,716,0,0,26,174,0,26,20,15,5,0,20,5,5,5,0,0,0,0,0,6,0,6,6,6,0,0,0,0,SVM-selected OC
1653,3,3.0,1.0,1.0979625194431062,15000182,100,3,174.676587410954,175.0,61.0,1.897654047337,7e483b60d44ac909,8d15af1f9d36efa1,9b1d4600c5e1e427,200,200,100.0,275.475,284.196143,1.0,4.3,337.01764,4.643214,340.902847,4.43,4.564334,0.0,0.368046,0.72067,0.311042,0.086598,400,3936,3936,32.0,0,0,16,16,40,40,4,0,516.0,886,0,0,20,180,0,20,20,18,2,0,20,2,2,2,0,0,0,0,0,0,0,0,0,0,0,0,0,0,SVM-selected OC
1658,3,3.0,1.0,-1.4168150874097218,15000187,100,3,365.613396120742,175.0,60.0,2.997634416474,ffd2169a0ec2b107,8d15af1f9d36efa1,16338cf7db658ad4,200,191,95.5,288.86911,306.801438,1.0,4.1,352.186237,5.556667,356.254266,4.424084,4.902959,0.0,0.389009,0.728997,0.321285,0.111462,400,4344,4344,32.0,0,0,16,16,49,49,8,0,538.0,845,0,0,29,171,0,29,20,16,4,0,20,4,4,4,0,0,0,0,0,9,0,9,9,9,0,0,0,0,SVM-selected OC
1660,1,3.0,0.0,-0.23658084252815037,15000189,100,1,386.850007608246,325.0,69.0,2.505432626938,630dd4edbabe08ce,8d15af1f9d36efa1,c038afabec830d50,200,200,100.0,245.835,248.169092,1.0,3.7,309.770962,4.641667,296.14317,3.8,4.403947,0.0,0.404389,0.72067,0.344828,0.099526,400,4088,4088,32.0,0,0,16,16,40,40,4,0,516.0,760,0,0,20,180,0,20,20,18,2,0,20,2,2,2,0,0,0,0,0,0,0,0,0,0,0,0,0,0,SVM-selected OC
1675,3,3.0,1.0,0.8747510049420164,15000204,100,3,360.764258156055,175.0,77.0,1.63650276592,712b9425af56185f,8d15af1f9d36efa1,4c94646da7c7b579,200,198,99.0,250.060606,256.130904,1.0,3.7,291.791906,6.756667,310.051212,3.868687,6.022193,0.0,0.404355,0.722222,0.343053,0.103044,400,4536,4536,32.0,0,0,16,16,42,42,4,0,520.0,766,0,0,22,178,0,22,20,18,2,0,20,2,2,2,0,0,0,0,0,2,0,2,2,2,0,0,0,0,SVM-selected OC
1694,1,1.0,1.0,1.197234779720926,15000223,100,1,193.27453168999,325.0,61.0,1.963302520037,5b3de82e3f610e74,8d15af1f9d36efa1,c6f4a684400d6e73,200,199,99.5,321.743719,339.375218,1.0,5.0,411.754259,4.950595,415.334185,5.145729,4.387695,0.0,0.336788,0.722222,0.280899,0.079137,400,4088,4088,32.0,0,0,16,16,41,41,6,0,520.0,1024,0,0,21,179,0,21,20,17,3,0,20,3,3,3,0,0,0,0,0,1,0,1,1,1,0,0,0,0,SVM-selected OC
1697,0,0.0,1.0,0.8357065579414424,15000226,100,0,198.045310284721,325.0,61.0,2.281370457506,c34a7a8cc7519212,8d15af1f9d36efa1,681b9d166eee7fe5,200,200,100.0,227.745,247.941301,1.0,3.4,270.597229,5.97619,273.774448,3.435,5.666667,0.0,0.427023,0.719101,0.367985,0.104302,400,4304,4304,32.0,0,0,16,16,40,40,0,0,512.0,687,0,0,20,180,0,20,20,20,0,0,20,0,0,0,0,0,0,0,0,0,0,0,0,0,0,0,0,0,SVM-selected OC
1699,3,3.0,1.0,0.16270176330633213,15000228,100,3,99.429185449628,325.0,88.0,1.556766891048,2641485f1b639a05,8d15af1f9d36efa1,77ca6450d16d7b6c,200,199,99.5,235.994975,259.583825,1.0,3.6,292.184098,5.546667,286.379893,3.683417,4.863574,0.0,0.415004,0.722222,0.353045,0.107186,400,4456,4456,32.0,0,0,16,16,42,42,4,2,520.0,733,0,0,21,179,0,21,20,18,2,0,20,2,2,2,0,0,0,0,0,1,0,1,1,1,0,0,0,0,SVM-selected OC
1703,2,1.0,0.0,1.4982517380480598,15000232,100,2,278.880566167,175.0,52.0,1.759775834822,efa82993deccc630,8d15af1f9d36efa1,9ac87700c599f76b,200,193,96.5,226.854922,246.207681,1.0,3.5,286.69904,5.238095,271.768882,3.65285,4.687943,0.0,0.426363,0.723757,0.361991,0.115433,400,4432,4432,32.0,0,0,16,16,45,45,2,0,524.0,705,0,0,26,174,0,26,19,18,1,0,19,1,1,1,0,0,0,0,0,7,0,7,7,7,0,0,0,0,SVM-selected OC
1713,3,3.0,1.0,0.9847089640970257,15000242,100,3,279.52041998456,175.0,45.0,2.321196675095,9e916ff5c6a110d9,8d15af1f9d36efa1,2c49ef6512526fb5,200,200,100.0,246.555,246.465589,1.0,3.8,301.977321,4.705,296.511925,3.8,4.509211,0.0,0.402516,0.719101,0.344828,0.095238,400,4616,4616,32.0,0,0,16,16,40,40,0,0,512.0,760,0,0,20,180,0,20,20,20,0,0,20,0,0,0,0,0,0,0,0,0,0,0,0,0,0,0,0,0,SVM-selected OC
1716,3,3.0,1.0,0.159082526439283,15000245,100,3,174.989760570604,175.0,50.0,2.559395280756,be754cd91a58c827,8d15af1f9d36efa1,c9372a5d88d55eec,200,193,96.5,225.093264,240.447369,1.0,3.4,280.508345,4.858333,275.741194,3.554404,4.846939,0.0,0.432119,0.722992,0.368324,0.115979,400,4264,4264,32.0,0,0,16,16,45,45,0,0,522.0,686,0,0,26,174,0,26,19,19,0,0,19,0,0,0,0,0,0,0,0,7,0,7,7,7,0,0,0,0,SVM-selected OC
1727,1,1.0,1.0,1.428895799450359,15000256,100,1,265.602092256585,325.0,63.0,1.645864733417,defcb34bcedcdb03,8d15af1f9d36efa1,6f3056ecf1276dfd,200,200,100.0,302.73,311.317649,1.0,4.5,369.043608,5.476429,375.104572,4.7,4.425532,0.0,0.353508,0.719888,0.298507,0.080235,400,4088,4088,32.0,0,0,16,16,41,41,0,2,514.0,940,0,0,20,180,0,20,20,20,0,0,20,0,0,0,0,0,0,0,0,0,0,0,0,0,0,0,0,0,SVM-selected OC
1744,3,1.0,0.0,1.5191023166116366,15000273,100,3,243.721974770837,175.0,55.0,1.793639680196,701c1f6cbdabb51f,8d15af1f9d36efa1,fad2394ff9b0af37,200,200,100.0,257.73,285.488753,1.0,3.9,318.676347,4.7,322.576811,4.0,4.425,0.0,0.390244,0.719101,0.333333,0.090909,400,3856,3856,32.0,0,0,16,16,40,40,0,0,512.0,800,0,0,20,180,0,20,20,20,0,0,20,0,0,0,0,0,0,0,0,0,0,0,0,0,0,0,0,0,SVM-selected OC
1745,2,2.0,1.0,0.6174142746978895,15000274,100,2,201.952160094751,325.0,54.0,2.41432047027,cba4975cb11d87d1,8d15af1f9d36efa1,e1640fc0678e7ee0,200,176,88.0,209.931818,200.270427,1.0,2.8,218.47744,4.370238,234.484881,2.982955,3.845714,0.0,0.525745,0.744246,0.432432,0.222222,400,3816,3816,32.0,0,0,16,16,72,72,6,28,582.0,525,0,0,41,159,0,41,17,14,3,0,17,3,3,3,0,0,0,0,0,24,0,24,24,24,0,0,0,0,SVM-selected OC
1766,2,2.0,1.0,1.1606448795039164,15000295,100,2,184.307169960382,325.0,71.0,1.621959146393,cae9f31c732bd511,8d15af1f9d36efa1,e4061f9be2be6851,200,186,93.0,246.580645,268.668421,1.0,4.0,319.263215,4.075,308.325247,3.924731,4.083562,0.0,0.421553,0.726776,0.353982,0.120482,400,3880,3880,32.0,0,0,16,16,50,50,0,0,532.0,730,0,0,32,168,0,32,18,18,0,0,18,0,0,0,0,0,0,0,0,14,0,14,14,14,0,0,0,0,SVM-selected OC
1767,3,3.0,1.0,1.3910156922423713,15000296,100,3,235.130959891931,325.0,55.0,1.939276796208,eb7284f7f104b5f1,8d15af1f9d36efa1,763823a1fb841002,200,200,100.0,187.595,195.279917,1.0,2.9,220.382872,4.363333,212.138802,2.9,4.458621,0.0,0.469835,0.719888,0.408163,0.123867,400,3848,3848,32.0,0,0,16,16,40,40,2,0,514.0,580,0,0,20,180,0,20,20,19,1,0,20,1,1,1,0,0,0,0,0,0,0,0,0,0,0,0,0,0,SVM-selected OC
1768,2,2.0,1.0,0.21232791962797748,15000297,100,2,102.867632291648,325.0,88.0,1.81489795929,121370bb0784ced2,8d15af1f9d36efa1,382fa27e2e08b03e,200,191,95.5,213.518325,225.57092,1.0,3.1,247.03151,6.375,250.205616,3.104712,5.91231,0.0,0.474756,0.728261,0.40282,0.149211,400,4680,4680,32.0,0,0,16,16,49,49,6,0,536.0,593,0,0,29,171,0,29,20,17,3,0,20,3,3,3,0,0,0,0,0,9,0,9,9,9,0,0,0,0,SVM-selected OC
1780,1,1.0,1.0,0.963568468642702,15000309,100,1,338.512473563357,325.0,59.0,2.138190172309,583f96bb01b770bd,8d15af1f9d36efa1,9baf1a00c65d8780,200,199,99.5,212.261307,228.003853,1.0,3.2,250.767099,5.596667,247.11511,3.201005,5.059655,0.0,0.446568,0.719888,0.385728,0.114047,400,4560,4560,32.0,0,0,16,16,41,41,0,0,514.0,637,0,0,21,179,0,21,20,20,0,0,20,0,0,0,0,0,0,0,0,1,0,1,1,1,0,0,0,0,SVM-selected OC
1786,1,3.0,0.0,-0.29461371513873935,15000315,100,1,79.711980221773,325.0,78.0,2.00685208177,d812d43d1919447,8d15af1f9d36efa1,2b6f994f845e2151,200,200,100.0,254.195,259.483206,1.0,3.6,283.267158,5.225,306.690543,3.8,4.5,0.0,0.40625,0.722222,0.344828,0.103774,400,3880,3880,32.0,0,0,16,16,41,41,6,2,520.0,760,0,0,20,180,0,20,20,17,3,0,20,3,3,3,0,0,0,0,0,0,0,0,0,0,0,0,0,0,SVM-selected OC
1789,3,3.0,1.0,1.4682759437398367,15000318,100,3,217.47181537992,175.0,53.0,1.820885777047,b8e4db6301e2531,8d15af1f9d36efa1,754567503f61926c,200,193,96.5,295.518135,311.765417,1.0,4.5,345.726594,5.3375,356.758686,4.725389,4.391447,0.0,0.368421,0.726776,0.304878,0.098814,400,4152,4152,32.0,0,0,16,16,45,45,10,0,532.0,912,0,0,26,174,0,26,19,14,5,0,19,5,5,5,0,0,0,0,0,7,0,7,7,7,0,0,0,0,SVM-selected OC
1790,0,0.0,1.0,0.7459756666693149,15000319,100,0,198.313144981023,325.0,46.0,2.334045015742,517963d0e7d1b045,8d15af1f9d36efa1,9ad93900c5a80144,200,184,92.0,203.554348,208.348323,1.0,2.8,228.346714,5.626667,237.013157,3.086957,5.091549,0.0,0.486438,0.728997,0.413223,0.15727,400,4272,4272,32.0,0,0,16,16,52,52,2,0,538.0,568,0,0,34,166,0,34,18,17,1,0,18,1,1,1,0,0,0,0,0,16,0,16,16,16,0,0,0,0,SVM-selected OC
1795,1,1.0,1.0,0.27532360191102967,15000324,100,1,134.119064884338,175.0,68.0,2.276042157116,62ef4fb80eb610e4,8d15af1f9d36efa1,d906b1437a3b39b9,200,200,100.0,246.98,251.6865,1.0,3.6,291.118231,5.011667,293.978294,3.6,4.916667,0.0,0.416532,0.719888,0.357143,0.102244,400,4336,4336,32.0,0,0,16,16,40,40,2,0,514.0,720,0,0,20,180,0,20,20,19,1,0,20,1,1,1,0,0,0,0,0,0,0,0,0,0,0,0,0,0,SVM-selected OC
1798,1,1.0,1.0,1.1110197294712592,15000327,100,1,194.659221363684,325.0,81.0,1.510961478478,5f6aa33eb4bf71c0,8d15af1f9d36efa1,4a35a6ccb39196c4,200,200,100.0,246.64,265.927755,1.0,3.5,293.315061,5.698333,298.596912,3.5,5.4,0.0,0.422442,0.719101,0.363636,0.102564,400,4544,4544,32.0,0,0,16,16,40,40,0,0,512.0,700,0,0,20,180,0,20,20,20,0,0,20,0,0,0,0,0,0,0,0,0,0,0,0,0,0,0,0,0,SVM-selected OC
1804,1,1.0,1.0,1.377649661371608,15000333,100,1,247.271929925494,325.0,46.0,2.019826089972,cfd69684f6f00312,8d15af1f9d36efa1,9af10100c5bc33fd,200,123,61.5,243.617886,229.517188,1.0,3.2,253.766266,5.578333,265.240167,3.203252,5.238579,0.0,0.624046,0.765808,0.503778,0.36039,400,4448,4448,32.0,0,0,16,16,107,107,8,0,654.0,394,0,0,92,108,0,92,15,11,4,0,15,4,4,4,0,0,0,0,0,77,0,77,77,77,0,0,0,0,SVM-selected OC
1812,2,2.0,1.0,-0.8454930126069353,15000341,100,2,295.268189704745,425.0,51.0,2.06140118762,921e15d83534417,8d15af1f9d36efa1,89979050dba530c0,200,178,89.0,295.47191,319.33873,1.0,4.6,368.23145,4.820833,365.726648,4.904494,4.420389,0.0,0.389083,0.73545,0.314218,0.124373,400,4152,4152,32.0,0,0,16,16,57,57,10,2,556.0,873,0,0,39,161,0,39,17,12,5,0,17,5,5,5,0,0,0,0,0,22,0,22,22,22,0,0,0,0,SVM-selected OC
1814,1,1.0,1.0,1.4588273889661263,15000343,100,1,259.453318468384,325.0,50.0,1.880413629438,7a5ad157e48a00f5,8d15af1f9d36efa1,258bb45011b8f396,200,158,79.0,275.867089,275.91409,1.0,4.0,311.859516,4.746429,328.170563,4.367089,4.533333,0.0,0.461778,0.747475,0.366972,0.188235,400,4088,4088,32.0,0,0,16,16,76,76,8,0,592.0,690,0,0,59,141,0,59,17,13,4,0,17,4,4,4,0,0,0,0,0,42,0,42,42,42,0,0,0,0,SVM-selected OC
1819,1,1.0,1.0,0.5554273380233781,15000348,100,1,352.409443161927,175.0,56.0,2.296416911873,db8310fbc28dedfb,8d15af1f9d36efa1,90cc1fb840c2c3b7,200,183,91.5,265.131148,270.398285,1.0,4.0,309.392131,4.436667,329.578394,4.114754,4.557769,0.0,0.417633,0.72973,0.346921,0.125436,400,4168,4168,32.0,0,0,16,16,53,53,2,0,540.0,753,0,0,35,165,0,35,18,17,1,0,18,1,1,1,0,0,0,0,0,17,0,17,17,17,0,0,0,0,SVM-selected OC
1827,2,2.0,1.0,-0.12004087572846345,15000356,100,2,361.851583092901,325.0,67.0,2.594133759725,b72b6968d90d0e1d,8d15af1f9d36efa1,e8f09d4fef679289,200,190,95.0,263.073684,245.954534,1.0,3.9,301.616175,4.634048,323.714932,4.194737,4.174404,0.0,0.400301,0.726776,0.334169,0.111483,400,3816,3816,32.0,0,0,16,16,50,50,0,0,532.0,797,0,0,30,170,0,30,20,20,0,0,20,0,0,0,0,0,0,0,0,10,0,10,10,10,0,0,0,0,SVM-selected OC
1850,3,3.0,1.0,0.39982724475115283,15000379,100,3,121.488960218441,325.0,72.0,1.986131185687,b25dea98cc6b8b08,8d15af1f9d36efa1,d5fbb0d7bd2fec4b,200,200,100.0,283.22,280.060694,1.0,4.3,339.570016,4.477024,347.317667,4.435,3.812852,0.0,0.369581,0.722222,0.3108,0.090256,400,3888,3888,32.0,0,0,16,16,41,41,6,2,520.0,887,0,0,20,180,0,20,20,17,3,0,20,3,3,3,0,0,0,0,0,0,0,0,0,0,0,0,0,0,SVM-selected OC
1855,2,2.0,1.0,-1.2539276650884439,15000384,100,2,324.221219903188,75.0,51.0,2.273587913388,9f79c47ac7094bb2,8d15af1f9d36efa1,2b536061848b6423,200,129,64.5,231.75969,286.272381,1.0,3.9,323.084952,4.6,251.608771,3.131783,4.492574,0.0,0.618147,0.765808,0.497512,0.354633,400,4104,4104,32.0,0,0,16,16,108,108,6,14,654.0,404,0,0,86,114,0,86,15,12,3,0,15,3,3,3,0,0,0,0,0,71,0,71,71,71,0,0,0,0,SVM-selected OC
1877,3,3.0,1.0,0.6225443830934214,15000406,100,3,310.426934362352,325.0,64.0,2.423438062126,5463b7c9c9e0c3fe,8d15af1f9d36efa1,9cd3594fc4d068c0,200,186,93.0,195.607527,209.089384,1.0,3.3,264.116077,4.710952,235.440538,3.204301,4.812081,0.0,0.472566,0.72752,0.401606,0.146132,400,4536,4536,32.0,0,0,16,16,50,50,2,0,534.0,596,0,0,32,168,0,32,18,17,1,0,18,1,1,1,0,0,0,0,0,14,0,14,14,14,0,0,0,0,SVM-selected OC
1890,2,2.0,1.0,1.2236416702907373,15000419,100,2,194.904748582955,175.0,67.0,1.531109187836,3721785361a330b0,8d15af1f9d36efa1,9ae39300c5b0eeb7,200,200,100.0,198.375,195.941376,1.0,2.9,225.077814,4.936667,212.064572,2.9,4.551724,0.0,0.471767,0.721448,0.408163,0.129129,400,4088,4088,32.0,0,0,16,16,43,43,0,6,518.0,580,0,0,20,180,0,20,20,20,0,0,20,0,0,0,0,0,0,0,0,0,0,0,0,0,0,0,0,0,SVM-selected OC
1891,0,0.0,1.0,1.4180884688320212,15000420,100,0,245.024624397593,175.0,44.0,2.04490076884,460f8707c4c8b74,8d15af1f9d36efa1,d6bf82f0e1caeb13,200,162,81.0,230.444444,239.502467,1.0,3.1,257.350167,5.175,264.975537,3.253086,4.686907,0.0,0.528201,0.746835,0.431499,0.230657,400,4600,4600,32.0,0,0,16,16,77,77,4,18,590.0,527,0,0,53,147,0,53,15,13,2,0,15,2,2,2,0,0,0,0,0,38,0,38,38,38,0,0,0,0,SVM-selected OC
1896,1,1.0,1.0,-0.8378654989297285,15000425,100,1,438.307344606987,175.0,79.0,2.234015408723,b0cbb3c55dc12c83,8d15af1f9d36efa1,6da0451a578dcd9,200,191,95.5,219.031414,210.965905,1.0,3.0,238.706667,4.083333,248.684272,3.193717,4.142623,0.0,0.466783,0.72752,0.39604,0.143258,400,3992,3992,32.0,0,0,16,16,49,49,4,0,534.0,610,0,0,29,171,0,29,20,18,2,0,20,2,2,2,0,0,0,0,0,9,0,9,9,9,0,0,0,0,SVM-selected OC
1897,3,3.0,1.0,1.474486119582373,15000426,100,3,250.172571761649,325.0,44.0,1.764494058977,7ca8efbd0765eb41,8d15af1f9d36efa1,c68595eabad8e5c5,200,200,100.0,258.0,261.299604,1.0,3.8,303.452037,4.872143,317.755638,4.2,4.165476,0.0,0.378698,0.719101,0.322581,0.086957,400,4208,4208,32.0,0,0,16,16,40,40,0,0,512.0,840,0,0,20,180,0,20,20,20,0,0,20,0,0,0,0,0,0,0,0,0,0,0,0,0,0,0,0,0,SVM-selected OC
1917,3,1.0,0.0,-0.9739128572975044,15000446,100,3,303.057008652375,75.0,46.0,1.884727321796,4c8d578fc6f82ffa,8d15af1f9d36efa1,9b4ca44fc3848e9c,200,153,76.5,236.522876,212.780331,1.0,3.2,244.741872,4.62,286.96979,3.660131,4.130357,0.0,0.511344,0.745547,0.416667,0.215686,400,4056,4056,32.0,0,0,16,16,77,77,0,0,586.0,560,0,0,62,138,0,62,15,15,0,0,15,0,0,0,0,0,0,0,0,47,0,47,47,47,0,0,0,0,SVM-selected OC
1923,1,1.0,1.0,1.3880324485802262,15000452,100,1,230.070311652448,325.0,54.0,1.95447165728,6b93c6a2396bd927,8d15af1f9d36efa1,d007e85103dddbd2,200,193,96.5,209.53886,222.555295,1.0,3.1,239.552866,5.035714,242.398471,3.062176,4.881557,0.0,0.469003,0.722992,0.403633,0.132159,400,4336,4336,32.0,0,0,16,16,45,45,0,0,522.0,591,0,0,26,174,0,26,19,19,0,0,19,0,0,0,0,0,0,0,0,7,0,7,7,7,0,0,0,0,SVM-selected OC
1930,3,3.0,1.0,-0.8764061739584434,15000459,100,3,221.578428488463,425.0,49.0,1.851260591118,6961d5d23726ba30,8d15af1f9d36efa1,efb4f6b976900d60,200,155,77.5,251.812903,278.224134,1.0,3.6,302.267428,4.516667,293.943978,3.535484,4.441606,0.0,0.520979,0.748744,0.421941,0.230337,400,3856,3856,32.0,0,0,16,16,75,75,14,0,596.0,548,0,0,60,140,0,60,15,8,7,0,15,7,7,7,0,0,0,0,0,45,0,45,45,45,0,0,0,0,SVM-selected OC
1936,3,3.0,1.0,0.8195883366820418,15000465,100,3,136.772041703598,175.0,75.0,1.791778654237,f994ea3620d85cee,8d15af1f9d36efa1,974cf8f5ad87d50f,200,197,98.5,236.360406,233.010654,1.0,3.3,250.795973,5.361667,269.193784,3.507614,5.280753,0.0,0.433142,0.725275,0.366636,0.121982,400,4040,4040,32.0,0,0,16,16,47,47,2,8,528.0,691,0,0,23,177,0,23,20,19,1,0,20,1,1,1,0,0,0,0,0,3,0,3,3,3,0,0,0,0,SVM-selected OC
1938,3,3.0,1.0,1.046421925933231,15000467,100,3,172.311182691874,175.0,75.0,1.504822810047,7ddb2ad2e37aded5,8d15af1f9d36efa1,28ac950760a1c96,200,200,100.0,287.23,305.292422,1.0,4.8,375.875295,4.310952,365.594207,4.965,3.800604,0.0,0.342819,0.721448,0.28715,0.079703,400,3984,3984,32.0,0,0,16,16,40,40,6,0,518.0,993,0,0,20,180,0,20,20,17,3,0,20,3,3,3,0,0,0,0,0,0,0,0,0,0,0,0,0,0,SVM-selected OC
1940,3,3.0,1.0,-0.06193487683655441,15000469,100,3,144.130463960247,175.0,63.0,2.513980036439,c978bfc9f84df8a1,8d15af1f9d36efa1,3d694637918cd61e,200,192,96.0,243.151042,280.105302,1.0,3.7,295.457053,5.3,297.624035,3.760417,5.01108,0.0,0.420546,0.723757,0.356506,0.113022,400,4360,4360,32.0,0,0,16,16,46,46,0,0,524.0,722,0,0,27,173,0,27,19,19,0,0,19,0,0,0,0,0,0,0,0,8,0,8,8,8,0,0,0,0,SVM-selected OC
1943,2,2.0,1.0,-1.3538265067819255,15000472,100,2,434.744897176087,175.0,70.0,2.573997631189,36c3d80ba49d60ff,8d15af1f9d36efa1,9249e57a9ed8e728,200,182,91.0,260.159341,261.285877,1.0,3.7,288.804725,5.181667,311.228935,3.857143,4.960114,0.0,0.448113,0.74026,0.362976,0.164286,400,3824,3824,32.0,0,0,16,16,64,64,10,16,570.0,702,0,0,37,163,0,37,19,14,5,0,19,5,5,5,0,0,0,0,0,18,0,18,18,18,0,0,0,0,SVM-selected OC
1947,2,2.0,1.0,-0.02481380577425263,15000476,100,2,416.331279627439,175.0,81.0,1.599283013068,69f1e1c0ed954bde,8d15af1f9d36efa1,58c79a02822b91a8,200,185,92.5,257.102703,302.980962,1.0,4.1,332.116642,4.248333,329.375875,4.097297,4.843008,0.0,0.415123,0.728997,0.345423,0.122685,400,4064,4064,32.0,0,0,16,16,51,51,4,0,538.0,758,0,0,33,167,0,33,18,16,2,0,18,2,2,2,0,0,0,0,0,15,0,15,15,15,0,0,0,0,SVM-selected OC
1951,2,2.0,1.0,0.3632474333159976,15000480,100,2,380.623459011704,325.0,69.0,2.183955233879,7e416ebb0c0e1469,8d15af1f9d36efa1,16d9d5dc7a215e28,200,190,95.0,225.294737,228.134267,1.0,3.4,251.458797,4.483333,261.001996,3.431579,4.452454,0.0,0.452101,0.728997,0.380228,0.139842,400,3728,3728,32.0,0,0,16,16,50,50,6,0,538.0,652,0,0,30,170,0,30,20,17,3,0,20,3,3,3,0,0,0,0,0,10,0,10,10,10,0,0,0,0,SVM-selected OC
1952,0,0.0,1.0,1.1465844456054608,15000481,100,0,336.512673899536,325.0,66.0,1.684757087565,2c63fd72e185237,8d15af1f9d36efa1,2e7b04f01aca44c2,200,200,100.0,287.45,302.095042,1.0,4.1,338.163094,5.358571,352.517251,4.3,5.117442,0.0,0.375907,0.721448,0.31746,0.090909,400,4216,4216,32.0,0,0,16,16,40,40,6,0,518.0,860,0,0,20,180,0,20,20,17,3,0,20,3,3,3,0,0,0,0,0,0,0,0,0,0,0,0,0,0,SVM-selected OC
1955,1,1.0,1.0,1.3087050604814863,15000484,100,1,287.088515993987,175.0,75.0,1.51364014717,f5761405abec32e0,8d15af1f9d36efa1,30d0bc99c754ac46,200,190,95.0,255.1,245.831791,1.0,3.8,292.587199,4.323333,314.550724,4.015789,4.431193,0.0,0.410811,0.726776,0.343938,0.115875,400,3984,3984,32.0,0,0,16,16,50,50,0,0,532.0,763,0,0,30,170,0,30,20,20,0,0,20,0,0,0,0,0,0,0,0,10,0,10,10,10,0,0,0,0,SVM-selected OC
1958,3,3.0,1.0,1.3253508928842503,15000487,100,3,192.660424896916,175.0,65.0,1.70900784183,2176d9fd87ccd5db,8d15af1f9d36efa1,1fdddcfe3e2325a7,200,200,100.0,233.795,242.72446,1.0,3.3,262.353492,4.621667,276.78961,3.435,4.409025,0.0,0.428928,0.72067,0.367985,0.108949,400,3848,3848,32.0,0,0,16,16,41,41,2,2,516.0,687,0,0,20,180,0,20,20,19,1,0,20,1,1,1,0,0,0,0,0,0,0,0,0,0,0,0,0,0,SVM-selected OC
1962,2,2.0,1.0,0.06981664025657963,15000491,100,2,186.680999827006,325.0,48.0,2.622234494735,a702e280b05beefd,8d15af1f9d36efa1,9b940a00c646a498,200,195,97.5,219.348718,222.090844,1.0,3.1,252.288678,3.5,253.611868,3.117949,3.753289,0.0,0.462898,0.723757,0.396825,0.131429,400,4080,4080,32.0,0,0,16,16,45,45,2,0,524.0,608,0,0,25,175,0,25,20,19,1,0,20,1,1,1,0,0,0,0,0,5,0,5,5,5,0,0,0,0,SVM-selected OC
1964,0,0.0,1.0,0.9976687476401462,15000493,100,0,170.847496618624,325.0,87.0,1.537533778344,fdf883c728659b91,8d15af1f9d36efa1,dd4b18f3d3aa618c,200,200,100.0,275.325,281.188526,1.0,4.1,324.917228,4.788333,339.580662,4.235,4.787485,0.0,0.377663,0.719888,0.32077,0.088267,400,4240,4240,32.0,0,0,16,16,40,40,2,0,514.0,847,0,0,20,180,0,20,20,19,1,0,20,1,1,1,0,0,0,0,0,0,0,0,0,0,0,0,0,0,SVM-selected OC
1989,1,1.0,1.0,1.1361057787417845,15000518,100,1,283.242046670126,325.0,44.0,2.213479405455,ccc7998b2795c545,8d15af1f9d36efa1,abc15b533ab71e85,200,199,99.5,214.341709,217.169031,1.0,3.3,254.03159,4.216667,249.987318,3.296482,4.115854,0.0,0.440273,0.72067,0.378788,0.113514,400,4056,4056,32.0,0,0,16,16,42,42,0,2,516.0,656,0,0,21,179,0,21,20,20,0,0,20,0,0,0,0,0,0,0,0,1,0,1,1,1,0,0,0,0,SVM-selected OC
4,2,0.0,0.0,0.7774762550881954,12000033,25,2,403.604193554009,175.0,22.0,1.746514060301,59dbe5815e751a2b,8d15af1f9d36efa1,1ae7f5959995227d,200,116,58.0,291.137931,237.879139,0.6,2.9,375.486901,1.282143,370.807475,4.775862,1.249097,0.0,0.278646,0.516908,0.152905,0.128931,100,176,176,32.0,0,0,16,16,37,37,8,0,214.0,554,0,0,21,104,0,21,16,12,4,0,16,4,4,0,4,0,0,0,0,5,80,4,84,9,75,0,0,0,DTC-selected OC
18,0,2.0,0.0,0.0865979381443299,12000047,25,0,497.202649171545,325.0,20.0,2.273694608985,f0e4a8c06c8aa401,8d15af1f9d36efa1,9a9c0c00c57406af,200,40,20.0,116.775,281.968042,0.2,0.2,71.575578,2.5,71.575578,1.0,2.5,0.0,0.866667,0.565217,0.714286,0.761905,100,280,280,32.0,0,0,16,16,56,56,16,2,260.0,40,0,0,43,36,0,43,12,4,8,0,12,8,8,0,8,0,0,0,0,31,160,0,160,39,121,0,0,0,DTC-selected OC
30,2,2.0,1.0,0.7774762550881954,12000059,25,2,265.91231589613,325.0,10.0,1.922115326986,1300486c1017bd5d,8d15af1f9d36efa1,9a7d7f00c55a1989,200,20,10.0,85.6,300.808824,0.1,0.1,77.299684,2.0,77.299684,1.0,2.0,0.0,0.944751,0.630996,0.833333,0.913043,100,296,296,32.0,0,0,16,16,96,96,18,0,342.0,20,0,0,85,18,0,85,11,2,9,0,11,9,9,0,9,0,0,0,0,74,180,0,180,83,97,0,0,0,DTC-selected OC
40,2,2.0,1.0,0.7774762550881954,12000069,25,2,208.96835861955,325.0,15.0,2.113224853144,c6414402b882dcff,8d15af1f9d36efa1,9aa64f00c57ccd0d,200,20,10.0,112.75,228.703702,0.1,0.1,95.814995,1.0,95.814995,1.0,1.0,0.0,0.906542,0.492386,0.833333,0.756098,100,176,176,32.0,0,0,16,16,22,22,18,0,194.0,20,0,0,11,18,0,11,11,2,9,0,11,9,9,0,9,0,0,0,0,0,180,0,180,9,171,0,0,0,DTC-selected OC
42,0,3.0,0.0,0.4147339699863574,12000071,25,0,127.89376308198,325.0,16.0,2.95574833077,25a86b49c5495509,8d15af1f9d36efa1,ff9deec04053ecb8,200,60,30.0,206.266667,234.471558,0.3,1.0,256.404066,1.783333,256.404066,3.333333,1.7,0.0,0.497487,0.497487,0.333333,0.24812,100,272,272,32.0,0,0,16,16,26,26,14,0,198.0,200,0,0,13,54,0,13,13,6,7,0,13,7,7,0,7,0,0,0,0,0,140,0,140,7,133,0,0,0,DTC-selected OC
49,0,0.0,1.0,0.7774762550881954,12000078,25,0,212.231273990048,175.0,13.0,1.931776767187,293e67af3bb84cf2,8d15af1f9d36efa1,a6f65ea038535fa2,200,20,10.0,235.75,313.753269,0.1,0.3,270.915073,1.666667,270.915073,3.0,1.666667,0.0,0.765625,0.494949,0.625,0.516129,100,232,232,32.0,0,0,16,16,22,22,20,0,196.0,60,0,0,11,18,0,11,11,1,10,0,11,10,10,1,9,0,0,0,0,0,180,0,180,9,171,0,0,0,DTC-selected OC
61,0,0.0,1.0,0.7774762550881954,12000090,25,0,116.047917976655,325.0,18.0,2.095502539985,63c0de2d87a3b1cf,8d15af1f9d36efa1,0,200,0,0.0,,315.606781,0.0,0.0,,,,,,,1.0,0.5,1.0,1.0,100,152,152,32.0,0,0,16,16,24,24,20,0,200.0,0,0,0,14,0,0,14,10,0,10,0,10,10,10,0,10,0,0,0,0,4,200,0,200,14,186,0,0,0,DTC-selected OC
67,0,0.0,1.0,0.0865979381443299,12000096,25,0,397.188163671401,175.0,14.0,2.994530004305,70bf5f4eeb66939e,8d15af1f9d36efa1,9a733d00c55154de,200,39,19.5,86.615385,255.723508,0.2,0.2,21.799212,2.0,22.137686,1.0,2.025641,0.0,0.839506,0.50495,0.719424,0.648649,100,200,200,32.0,0,0,16,16,26,26,20,0,204.0,39,0,0,14,35,0,14,12,2,10,0,12,10,10,2,8,0,0,0,0,2,160,1,161,10,151,0,0,0,DTC-selected OC
74,0,0.0,1.0,0.4147339699863574,12000103,25,0,364.320250216069,325.0,16.0,2.90598830857,c8961b6a99ef3305,8d15af1f9d36efa1,9aa63d00c57cae77,200,73,36.5,140.30137,286.262684,0.4,0.9,149.741127,1.375,142.551117,2.273973,1.361446,0.0,0.560847,0.514563,0.37594,0.325203,100,288,288,32.0,0,0,16,16,33,33,14,0,212.0,166,0,0,20,66,0,20,13,6,7,0,13,7,7,1,6,0,0,0,0,7,120,7,127,13,114,0,0,0,DTC-selected OC
76,0,0.0,1.0,0.7774762550881954,12000105,25,0,166.413946172866,175.0,15.0,2.220608854013,60861dbf74e34094,8d15af1f9d36efa1,3b63e531cd25ee81,200,54,27.0,304.537037,306.06306,0.3,1.3,376.118673,1.392857,374.57374,4.37037,1.398305,0.0,0.475556,0.516908,0.297619,0.257862,100,224,224,32.0,0,0,16,16,33,33,16,2,214.0,236,0,0,19,48,0,19,13,5,8,0,13,8,8,1,7,0,0,0,0,6,140,6,146,13,133,0,0,0,DTC-selected OC
103,3,3.0,1.0,0.7774762550881954,12000132,25,3,223.102069335125,325.0,18.0,1.683919890341,d8bd966627d22ff6,8d15af1f9d36efa1,adfe034b37d52cd1,200,98,49.0,212.622449,300.205592,0.5,1.6,247.374618,1.393333,246.045497,3.183673,1.5,0.0,0.4,0.509804,0.242718,0.195876,100,312,312,32.0,0,0,16,16,32,32,12,0,208.0,312,0,0,17,88,0,17,15,9,6,0,15,6,6,1,5,0,0,0,0,2,100,2,102,7,95,0,0,0,DTC-selected OC
106,1,1.0,1.0,0.0865979381443299,12000135,25,1,459.107244456589,325.0,18.0,2.393187475184,777a0c034f6e91ef,8d15af1f9d36efa1,0,200,0,0.0,,377.941315,0.0,0.0,,,,,,,1.0,0.574468,1.0,1.0,100,240,240,32.0,0,0,16,16,59,59,20,4,270.0,0,0,0,47,0,0,47,10,0,10,0,10,10,10,0,10,0,0,0,0,37,200,0,200,47,153,0,0,0,DTC-selected OC
107,0,0.0,1.0,0.7774762550881954,12000136,25,0,318.555939822136,175.0,16.0,1.797216369565,f409d20b3b19424a,8d15af1f9d36efa1,fb3779042a27d958,200,40,20.0,120.2,269.260929,0.2,0.4,111.140723,1.333333,110.262405,2.0,1.75,0.0,0.71223,0.497487,0.555556,0.452055,100,240,240,32.0,0,0,16,16,25,25,16,0,198.0,80,0,0,13,36,0,13,12,4,8,0,12,8,8,0,8,0,0,0,0,1,160,0,160,9,151,0,0,0,DTC-selected OC
125,0,0.0,1.0,0.7774762550881954,12000154,25,0,140.314516226316,175.0,22.0,1.722763293398,f3353c958d56f2cc,8d15af1f9d36efa1,ee8cae4f61cf5565,200,100,50.0,228.8,227.575517,0.5,1.6,262.718486,1.56,276.260898,3.2,1.625,0.0,0.384615,0.5,0.238095,0.175258,100,288,288,32.0,0,0,16,16,28,28,12,0,200.0,320,0,0,15,90,0,15,15,9,6,0,15,6,6,1,5,0,0,0,0,0,100,0,100,5,95,0,0,0,DTC-selected OC
130,3,3.0,1.0,0.4147339699863574,12000159,25,3,95.026324940295,175.0,19.0,2.57115143747,46453b3b6a6d4ff3,8d15af1f9d36efa1,9a65c500c545fe9a,200,20,10.0,94.15,253.141958,0.1,0.1,76.4009,4.0,76.4009,1.0,4.0,0.0,0.910714,0.50495,0.833333,0.782609,100,280,280,32.0,0,0,16,16,27,27,18,0,204.0,20,0,0,16,18,0,16,11,2,9,0,11,9,9,0,9,0,0,0,0,5,180,0,180,14,166,0,0,0,DTC-selected OC
133,1,1.0,1.0,0.7774762550881954,12000162,25,1,396.81195797746,325.0,19.0,1.867183193807,6b2e5c3e599afbd5,8d15af1f9d36efa1,45281c4f92dc6f1c,200,40,20.0,160.2,278.335125,0.2,0.4,183.405578,1.75,183.405578,2.0,1.75,0.0,0.714286,0.5,0.555556,0.459459,100,264,264,32.0,0,0,16,16,26,26,16,0,200.0,80,0,0,14,36,0,14,12,4,8,0,12,8,8,0,8,0,0,0,0,2,160,0,160,10,150,0,0,0,DTC-selected OC
134,3,2.0,0.0,0.18007662835249041,12000163,25,3,497.504521694198,325.0,23.0,2.091775094886,45b095e50a7044fe,8d15af1f9d36efa1,9e96e4245a62555f,200,96,48.0,223.083333,299.134559,0.7,2.7,292.159158,1.383673,269.934608,3.572917,1.326531,0.0,0.447665,0.58159,0.225734,0.298569,100,224,224,32.0,0,0,16,16,70,70,6,0,278.0,343,0,0,57,86,0,57,13,10,3,0,13,3,3,0,3,0,0,0,0,44,60,44,104,47,57,0,0,0,DTC-selected OC
136,0,0.0,1.0,0.7774762550881954,12000165,25,0,234.934632876778,325.0,11.0,2.141249105317,f8767f866527e0ef,8d15af1f9d36efa1,9a8b1000c5659a48,200,20,10.0,91.05,321.732873,0.1,0.1,82.770748,1.0,82.770748,1.0,1.0,0.0,0.907407,0.494949,0.833333,0.761905,100,184,184,32.0,0,0,16,16,23,23,18,0,196.0,20,0,0,12,18,0,12,11,2,9,0,11,9,9,0,9,0,0,0,0,1,180,0,180,10,170,0,0,0,DTC-selected OC
142,2,3.0,0.0,0.0865979381443299,12000171,25,2,482.682480939682,325.0,19.0,2.875368992859,a426a7c7169370e6,8d15af1f9d36efa1,9a7d8b00c55a2ded,200,37,18.5,163.0,316.944028,0.3,0.7,184.583859,1.066667,166.338331,2.081081,1.12987,0.0,0.794667,0.598394,0.564972,0.683128,100,224,224,32.0,0,0,16,16,76,76,14,0,298.0,77,0,0,65,33,0,65,11,4,7,0,11,7,7,0,7,0,0,0,0,54,140,23,163,61,102,0,0,0,DTC-selected OC
143,0,3.0,0.0,0.7774762550881954,12000172,25,0,90.877547481263,175.0,21.0,1.97222566373,8217fa9db786c0ff,8d15af1f9d36efa1,db4e9fda7b182045,200,40,20.0,169.3,224.267254,0.2,0.6,197.743462,1.5,190.847995,3.0,1.333333,0.0,0.638554,0.514563,0.454545,0.4,100,224,224,32.0,0,0,16,16,32,32,16,2,212.0,120,0,0,19,36,0,19,12,4,8,0,12,8,8,0,8,0,0,0,0,7,160,0,160,15,145,0,0,0,DTC-selected OC
146,0,3.0,0.0,0.7774762550881954,12000175,25,0,317.337079766063,325.0,16.0,2.198083274355,ab6b859e41009944,8d15af1f9d36efa1,9a87a900c562b56c,200,60,30.0,120.85,297.625941,0.3,0.6,130.802048,2.25,119.119689,2.0,1.833333,0.0,0.628483,0.503722,0.454545,0.375,100,216,216,31.0,0,0,16,15,28,28,16,4,203.0,120,0,0,13,54,0,13,13,5,8,0,13,8,8,1,7,0,0,0,0,0,140,0,140,7,133,0,0,0,DTC-selected OC
149,2,2.0,1.0,0.2518518518518518,12000178,25,2,69.066145054822,175.0,22.0,2.017609071845,ea8aafe76069fd3e,8d15af1f9d36efa1,c1294be80cd9a0fe,200,92,46.0,141.956522,229.42066,0.5,1.1,143.898781,2.146667,141.097508,2.108696,2.417526,0.0,0.561086,0.553571,0.340136,0.374194,100,320,320,32.0,0,0,16,16,52,52,12,0,248.0,194,0,0,37,82,0,37,15,9,6,0,15,6,6,1,5,0,0,0,0,22,100,8,108,27,81,0,0,0,DTC-selected OC
152,3,3.0,1.0,0.7774762550881954,12000181,25,3,130.56133393546,175.0,20.0,1.838924112232,c0fa319db31107ee,8d15af1f9d36efa1,9a80ca00c55cced1,200,19,9.5,112.105263,345.411329,0.1,0.1,76.982113,1.0,76.982113,1.0,1.0,0.0,0.914027,0.502488,0.840336,0.786517,100,200,200,32.0,0,0,16,16,25,25,20,0,202.0,19,0,0,14,17,0,14,11,1,10,0,11,10,10,1,9,0,0,0,0,3,180,1,181,12,169,0,0,0,DTC-selected OC
154,0,1.0,0.0,0.7774762550881954,12000183,25,0,138.767219760983,325.0,22.0,1.717653033985,a9b77d8a368bbd5c,8d15af1f9d36efa1,54e242d0c6ece953,200,160,80.0,216.11875,180.649803,0.8,2.9,254.484702,1.348214,254.484702,3.625,1.275862,0.0,0.263959,0.509804,0.147059,0.115854,100,256,256,32.0,0,0,16,16,36,36,4,0,208.0,580,0,0,18,144,0,18,18,16,2,0,18,2,2,0,2,0,0,0,0,0,40,0,40,2,38,0,0,0,DTC-selected OC
168,1,1.0,1.0,0.4147339699863574,12000197,25,1,288.639500293229,325.0,12.0,2.402478908459,48e425d851eaf65,8d15af1f9d36efa1,84a2e7dd818339d8,200,20,10.0,249.0,334.002148,0.1,0.4,304.131374,1.75,304.131374,4.0,1.75,0.0,0.710145,0.494949,0.555556,0.444444,100,240,240,32.0,0,0,16,16,22,22,20,0,196.0,80,0,0,11,18,0,11,11,1,10,0,11,10,10,1,9,0,0,0,0,0,180,0,180,9,171,0,0,0,DTC-selected OC
175,3,3.0,1.0,0.276,12000204,25,3,305.786117618623,425.0,17.0,2.123847390481,124f52947838c594,8d15af1f9d36efa1,9a6c8700c54bb3ee,200,49,24.5,146.0,188.397305,0.3,0.4,104.685538,1.166667,107.937722,1.346939,1.257576,0.0,0.804734,0.576271,0.60241,0.679612,100,280,280,32.0,0,0,16,16,62,62,16,0,272.0,66,0,0,50,43,0,50,12,4,8,0,12,8,8,2,6,0,0,0,0,38,140,11,151,44,107,0,0,0,DTC-selected OC
178,1,1.0,1.0,0.7774762550881954,12000207,25,1,328.528160160569,175.0,18.0,1.912794918977,338d452a32afa608,8d15af1f9d36efa1,3c85754f8dfa445b,200,40,20.0,166.55,310.098858,0.2,0.5,176.178135,1.0,176.178135,2.5,1.0,0.0,0.662162,0.494949,0.5,0.390244,100,216,216,32.0,0,0,16,16,24,24,16,0,196.0,100,0,0,12,36,0,12,12,4,8,0,12,8,8,0,8,0,0,0,0,0,160,0,160,8,152,0,0,0,DTC-selected OC
186,3,3.0,1.0,0.7774762550881954,12000215,25,3,202.532620731452,325.0,18.0,1.737829350203,b3d7839a54c57f00,8d15af1f9d36efa1,d4a1314f5325b833,200,80,40.0,125.0875,217.596599,0.4,0.8,126.221888,1.25,126.221888,2.0,1.125,0.0,0.555556,0.5,0.384615,0.298246,100,232,232,32.0,0,0,16,16,28,28,12,0,200.0,160,0,0,14,72,0,14,14,8,6,0,14,6,6,0,6,0,0,0,0,0,120,0,120,6,114,0,0,0,DTC-selected OC
189,1,1.0,1.0,0.4147339699863574,12000218,25,1,323.575522585675,175.0,12.0,2.429375579198,e6159585df451a48,8d15af1f9d36efa1,854f8fc35f22796,200,20,10.0,242.2,314.749868,0.1,0.3,266.262559,1.0,266.262559,3.0,1.0,0.0,0.761905,0.489796,0.625,0.5,100,200,200,32.0,0,0,16,16,20,20,20,0,192.0,60,0,0,11,18,0,11,11,1,10,0,11,10,10,1,9,0,0,0,0,0,180,0,180,9,171,0,0,0,DTC-selected OC
192,1,1.0,1.0,0.4147339699863574,12000221,25,1,348.640601526752,325.0,14.0,2.44976230025,4afecf6c6f91bd15,8d15af1f9d36efa1,9a91d200c56b4f9c,200,40,20.0,137.025,251.22857,0.2,0.3,127.692581,1.25,127.692581,1.5,1.333333,0.0,0.777778,0.512195,0.625,0.565217,100,224,224,32.0,0,0,16,16,31,31,16,0,210.0,60,0,0,19,36,0,19,12,4,8,0,12,8,8,0,8,0,0,0,0,7,160,0,160,15,145,0,0,0,DTC-selected OC
212,3,3.0,1.0,0.4147339699863574,12000241,25,3,194.675430364245,325.0,12.0,2.444729334756,86f192da6845eda3,8d15af1f9d36efa1,9a8afa00c56574e6,200,20,10.0,90.1,301.196735,0.1,0.1,84.393202,2.0,84.393202,1.0,2.0,0.0,0.912281,0.509804,0.833333,0.791667,100,224,224,32.0,0,0,16,16,29,29,18,0,208.0,20,0,0,19,18,0,19,11,2,9,0,11,9,9,0,9,0,0,0,0,8,180,0,180,17,163,0,0,0,DTC-selected OC
220,0,1.0,0.0,0.0865979381443299,12000249,25,0,496.678398023175,325.0,22.0,2.332366374262,5867c8ed37517342,8d15af1f9d36efa1,9a845000c55fe85a,200,28,14.0,141.071429,299.347699,0.2,0.3,87.672448,1.75,87.672448,1.5,1.666667,0.0,0.870769,0.585921,0.704225,0.783505,100,224,224,31.0,0,0,16,15,66,66,20,4,283.0,42,0,0,52,24,0,52,12,2,10,0,12,10,10,2,8,0,0,0,0,40,160,12,172,48,124,0,0,0,DTC-selected OC
233,0,2.0,0.0,0.7774762550881954,12000262,25,0,383.210860436098,175.0,18.0,1.716770303013,69b987e583639d14,8d15af1f9d36efa1,9a691100c548b595,200,100,50.0,262.85,229.527169,0.5,2.1,321.79911,1.568889,321.79911,4.2,1.380952,0.0,0.33121,0.509804,0.192308,0.153226,100,280,280,32.0,0,0,16,16,30,30,16,0,208.0,420,0,0,15,90,0,15,15,7,8,0,15,8,8,3,5,0,0,0,0,0,100,0,100,5,95,0,0,0,DTC-selected OC
240,3,3.0,1.0,0.4147339699863574,12000269,25,3,88.499829428495,325.0,17.0,2.768235270125,5360790263568b8a,8d15af1f9d36efa1,973e330810dd10b9,200,60,30.0,312.95,274.085179,0.3,1.6,395.347325,1.095238,395.347325,5.333333,1.125,0.0,0.42029,0.537037,0.238095,0.238095,100,160,160,32.0,0,0,16,16,42,42,16,0,232.0,320,0,0,29,54,0,29,13,5,8,0,13,8,8,1,7,0,0,0,0,16,140,0,140,23,117,0,0,0,DTC-selected OC
257,2,0.0,0.0,0.7774762550881954,12000286,25,2,182.384223521577,175.0,15.0,2.139369430129,aaacb60a36117a37,8d15af1f9d36efa1,9a734800c551678f,200,80,40.0,102.5375,246.846691,0.4,0.5,87.952398,1.0,87.952398,1.25,1.0,0.0,0.66443,0.497487,0.5,0.39759,100,232,232,32.0,0,0,16,16,27,27,12,2,198.0,100,0,0,14,72,2,12,12,6,6,0,12,6,6,0,6,0,0,0,0,0,120,0,120,6,114,0,0,0,DTC-selected OC
271,0,0.0,1.0,0.4147339699863574,12000300,25,0,165.693175872703,175.0,12.0,2.524116414188,c1cb599bc2db8cd3,8d15af1f9d36efa1,9a623500c542d413,200,20,10.0,73.2,342.22353,0.1,0.1,57.719836,1.0,57.719836,1.0,1.0,0.0,0.907407,0.494949,0.833333,0.761905,100,264,264,32.0,0,0,16,16,23,23,18,0,196.0,20,0,0,12,18,0,12,11,2,9,0,11,9,9,0,9,0,0,0,0,1,180,0,180,10,170,0,0,0,DTC-selected OC
273,1,1.0,1.0,0.7774762550881954,12000302,25,1,110.950234735736,325.0,21.0,1.582936328155,c84e4dedfe337bf2,8d15af1f9d36efa1,9a8e8400c568953b,200,109,54.5,135.0,172.054383,0.6,1.0,106.453682,1.527778,117.21615,1.880734,1.57561,0.0,0.530892,0.537037,0.327869,0.327869,100,264,264,32.0,0,0,16,16,43,43,14,0,232.0,205,0,0,27,97,0,27,16,9,7,0,16,7,7,3,4,0,0,0,0,11,80,11,91,15,76,0,0,0,DTC-selected OC
278,3,3.0,1.0,0.3076923076923077,12000307,25,3,271.055332426776,75.0,10.0,1.678912330206,d28337ee91f2c4ac,8d15af1f9d36efa1,69b741316832c466,200,73,36.5,254.479452,289.028327,0.4,1.6,302.683852,1.55,309.551026,3.90411,1.603509,0.0,0.428858,0.516908,0.25974,0.223433,100,264,264,32.0,0,0,16,16,34,34,14,0,214.0,285,0,0,22,66,0,22,12,5,7,0,12,7,7,2,5,0,0,0,0,10,120,7,127,15,112,0,0,0,DTC-selected OC
282,3,3.0,1.0,0.7774762550881954,12000311,25,3,323.519904783778,175.0,19.0,1.59656676829,9cf7c7cc9f1547d7,8d15af1f9d36efa1,de5f962775889266,200,152,76.0,371.085526,405.467536,0.8,4.8,445.951078,1.920536,445.486146,5.993421,1.879254,0.0,0.211255,0.54955,0.098912,0.109482,100,312,312,32.0,0,0,16,16,51,51,10,12,244.0,911,0,0,29,136,2,27,16,11,5,0,16,5,5,3,2,0,0,0,0,11,40,8,48,13,35,0,0,0,DTC-selected OC
283,3,3.0,1.0,0.7774762550881954,12000312,25,3,287.786166122216,325.0,11.0,2.225015436902,3e90b6c24e0f5881,8d15af1f9d36efa1,a5cf0c9acc8119e,200,200,100.0,310.89,255.061208,1.0,4.7,387.13725,1.78254,383.69754,4.7,1.680851,0.0,0.195205,0.53271,0.096154,0.092664,100,296,296,32.0,0,0,16,16,40,40,16,0,228.0,940,0,0,20,180,0,20,20,12,8,0,20,8,8,8,0,0,0,0,0,0,0,0,0,0,0,0,0,0,DTC-selected OC
284,1,2.0,0.0,0.7774762550881954,12000313,25,1,398.988815516693,325.0,21.0,1.734681006304,c496380ebe7faee1,8d15af1f9d36efa1,9a5ee300c54012e6,200,40,20.0,146.775,287.76292,0.2,0.4,129.266972,1.166667,129.266972,2.0,1.25,0.0,0.716312,0.502488,0.555556,0.466667,100,216,216,32.0,0,0,16,16,24,24,22,0,202.0,80,0,0,12,36,0,12,12,1,11,0,12,11,11,3,8,0,0,0,0,0,160,0,160,8,152,0,0,0,DTC-selected OC
292,2,2.0,1.0,0.4147339699863574,12000321,25,2,94.921883942325,175.0,15.0,2.500434203033,ae4d86be0998e93e,8d15af1f9d36efa1,0,200,0,0.0,,263.474767,0.0,0.0,,,,,,,1.0,0.50495,1.0,1.0,100,216,216,32.0,0,0,16,16,26,26,20,0,204.0,0,0,0,17,0,0,17,10,0,10,0,10,10,10,0,10,0,0,0,0,7,200,0,200,17,183,0,0,0,DTC-selected OC
293,3,1.0,0.0,0.07446808510638298,12000322,25,3,82.696832917479,325.0,19.0,2.963525489366,f02c7102ba22890d,8d15af1f9d36efa1,beff2e70a4c393f4,200,58,29.0,267.465517,337.075103,0.3,1.2,297.16013,1.827778,296.407112,3.982759,1.670996,0.0,0.485523,0.521531,0.302115,0.271293,100,256,256,32.0,0,0,16,16,32,32,22,0,218.0,231,0,0,19,52,0,19,13,2,11,0,13,11,11,4,7,0,0,0,0,6,140,2,142,13,129,0,0,0,DTC-selected OC
302,0,0.0,1.0,0.7774762550881954,12000331,25,0,118.355979262839,325.0,17.0,2.217910586818,48f719a36218cd4c,8d15af1f9d36efa1,9a691200c548b748,200,60,30.0,126.5,232.820898,0.3,0.5,108.888018,2.555556,108.888018,1.666667,2.2,0.0,0.669967,0.503722,0.5,0.418605,100,264,264,31.0,0,0,16,15,28,28,16,0,203.0,100,0,0,15,54,0,15,13,5,8,0,13,8,8,1,7,0,0,0,0,2,140,0,140,9,131,0,0,0,DTC-selected OC
309,1,1.0,1.0,0.7774762550881954,12000338,25,1,342.020268361903,325.0,12.0,1.776015600402,5b79274a160f0ff6,8d15af1f9d36efa1,980c974f30d9973b,200,40,20.0,183.7,275.578415,0.2,0.4,173.937219,3.75,173.937219,2.0,3.75,0.0,0.727891,0.516908,0.555556,0.506173,100,304,304,32.0,0,0,16,16,32,32,18,2,214.0,80,0,0,19,36,0,19,12,3,9,0,12,9,9,1,8,0,0,0,0,7,160,0,160,15,145,0,0,0,DTC-selected OC
311,3,3.0,1.0,0.7774762550881954,12000340,25,3,208.202840716055,325.0,9.0,1.758097888879,93f9cb6ab6557a82,8d15af1f9d36efa1,e0b992c9f5fe08ee,200,20,10.0,201.25,278.163271,0.1,0.3,228.869703,1.333333,228.869703,3.0,1.333333,0.0,0.772727,0.50495,0.625,0.545455,100,216,216,32.0,0,0,16,16,27,27,18,10,204.0,60,0,0,11,18,0,11,11,2,9,0,11,9,9,0,9,0,0,0,0,0,180,0,180,9,171,0,0,0,DTC-selected OC
322,3,3.0,1.0,0.7774762550881954,12000351,25,3,291.452194249828,175.0,17.0,1.536113047199,8912b4a39994c94e,8d15af1f9d36efa1,9a953900c56e3478,200,83,41.5,175.843373,196.033831,0.5,1.2,188.186174,1.34,190.247879,2.385542,1.257576,0.0,0.556054,0.553571,0.33557,0.369427,100,232,232,32.0,0,0,16,16,52,52,12,0,248.0,198,0,0,39,75,0,39,13,7,6,0,13,6,6,1,5,0,0,0,0,26,100,17,117,31,86,0,0,0,DTC-selected OC
337,3,2.0,0.0,0.4147339699863574,12000366,25,3,127.05053937069,175.0,11.0,2.88284346679,45c31b5e538ae4e,8d15af1f9d36efa1,b1cbcf4f3f5d8443,200,13,6.5,113.538462,281.098228,0.1,0.2,115.295764,1.0,115.295764,2.0,1.0,0.0,0.891667,0.516908,0.793651,0.759259,100,280,280,32.0,0,0,16,16,32,32,18,0,214.0,26,0,0,22,12,0,22,10,1,9,0,10,9,9,0,9,0,0,0,0,12,180,7,187,21,166,0,0,0,DTC-selected OC
346,0,0.0,1.0,0.7774762550881954,12000375,25,0,193.042965808212,175.0,14.0,2.233918755938,486d66c846377cd2,8d15af1f9d36efa1,97bae54f3094119d,200,40,20.0,127.85,229.363825,0.2,0.3,126.941015,2.0,126.941015,1.5,2.0,0.0,0.76378,0.492386,0.625,0.508197,100,216,216,32.0,0,0,16,16,23,23,16,0,194.0,60,0,0,12,36,0,12,12,4,8,0,12,8,8,0,8,0,0,0,0,0,160,0,160,8,152,0,0,0,DTC-selected OC
353,1,1.0,1.0,0.4147339699863574,12000382,25,1,151.630416093846,325.0,15.0,2.801030853142,26856ac4cfd46d38,8d15af1f9d36efa1,0,200,0,0.0,,260.204985,0.0,0.0,,,,,,,1.0,0.497487,1.0,1.0,100,280,280,32.0,0,0,16,16,23,23,20,0,198.0,0,0,0,13,0,0,13,10,0,10,0,10,10,10,0,10,0,0,0,0,3,200,0,200,13,187,0,0,0,DTC-selected OC
355,0,0.0,1.0,0.4147339699863574,12000384,25,0,163.369168963284,325.0,20.0,2.370488615511,1a3d1aa2e4980a26,8d15af1f9d36efa1,83e1f567776740f3,200,60,30.0,202.15,275.569259,0.3,1.0,247.948497,1.783333,250.126631,3.333333,1.6,0.0,0.509804,0.509804,0.333333,0.275362,100,320,320,32.0,0,0,16,16,31,31,14,0,208.0,200,0,0,18,54,0,18,13,6,7,0,13,7,7,0,7,0,0,0,0,5,140,0,140,12,128,0,0,0,DTC-selected OC
360,2,3.0,0.0,0.0865979381443299,12000389,25,2,464.225817304611,325.0,20.0,2.557988970461,d0502b687035db24,8d15af1f9d36efa1,7acebba8abe1f93a,200,14,7.0,208.5,310.713628,0.1,0.3,220.248125,1.666667,220.248125,3.0,1.666667,0.0,0.864078,0.571734,0.704225,0.764045,100,224,224,31.0,0,0,16,15,59,59,18,10,267.0,42,0,0,43,12,0,43,11,2,9,0,11,9,9,0,9,0,0,0,0,32,180,6,186,41,145,0,0,0,DTC-selected OC
363,3,3.0,1.0,0.7774762550881954,12000392,25,3,246.92961137665,325.0,13.0,1.672044134815,24407c2c29e0664d,8d15af1f9d36efa1,be900a7fc748dcaa,200,100,50.0,186.69,189.771666,0.5,1.4,214.885907,1.466667,206.340482,2.8,1.5,0.0,0.423868,0.507389,0.263158,0.20904,100,248,248,32.0,0,0,16,16,30,30,14,0,206.0,280,0,0,15,90,0,15,15,8,7,0,15,7,7,2,5,0,0,0,0,0,100,0,100,5,95,0,0,0,DTC-selected OC
369,0,2.0,0.0,0.06779661016949153,12000398,25,0,12.275556619615,325.0,23.0,1.912915821345,e23bbcc86ce6bf18,8d15af1f9d36efa1,33e2b44f8917ed6c,200,41,20.5,164.170732,242.612655,0.3,0.6,153.387271,2.333333,171.340273,2.292683,2.138298,0.0,0.752632,0.588477,0.515464,0.620968,100,328,328,32.0,0,0,16,16,69,69,16,0,286.0,94,0,0,58,37,0,58,11,3,8,0,11,8,8,1,7,0,0,0,0,47,140,19,159,54,105,0,0,0,DTC-selected OC
375,0,0.0,1.0,0.7774762550881954,12000404,25,0,100.657976577122,325.0,22.0,1.576858058834,ceedd14aa65fb53b,8d15af1f9d36efa1,9a76b700c5545a03,200,20,10.0,100.85,234.76692,0.1,0.1,65.218389,1.0,65.218389,1.0,1.0,0.0,0.908257,0.497487,0.833333,0.767442,100,248,248,32.0,0,0,16,16,23,23,20,0,198.0,20,0,0,12,18,0,12,11,1,10,0,11,10,10,1,9,0,0,0,0,1,180,0,180,10,170,0,0,0,DTC-selected OC
378,0,0.0,1.0,0.7774762550881954,12000407,25,0,212.473299124043,325.0,18.0,1.758587105378,254678b099045251,8d15af1f9d36efa1,febd16476ee00e88,200,40,20.0,146.525,309.24323,0.2,0.4,156.272153,1.666667,156.272153,2.0,1.5,0.0,0.714286,0.5,0.555556,0.459459,100,208,208,32.0,0,0,16,16,26,26,16,0,200.0,80,0,0,14,36,0,14,12,4,8,0,12,8,8,0,8,0,0,0,0,2,160,0,160,10,150,0,0,0,DTC-selected OC
381,0,2.0,0.0,0.7774762550881954,12000410,25,0,145.211624870657,325.0,16.0,2.244292519495,56ed6e769925e341,8d15af1f9d36efa1,b0f19882360cc22b,200,139,69.5,182.625899,233.809826,0.7,1.9,207.018217,1.785714,216.866084,2.81295,1.797954,0.0,0.351575,0.514563,0.203666,0.169851,100,256,256,32.0,0,0,16,16,37,37,6,0,212.0,391,0,0,20,125,0,20,17,14,3,0,17,3,3,0,3,0,0,0,0,3,60,1,61,6,55,0,0,0,DTC-selected OC
383,2,3.0,0.0,0.7774762550881954,12000412,25,2,403.770984038655,325.0,20.0,2.177942930753,79b2a3f384b3c6b7,8d15af1f9d36efa1,2282264f7f3c6372,200,80,40.0,169.75,281.67403,0.4,1.1,189.186291,1.758333,189.186291,2.75,1.545455,0.0,0.521739,0.545455,0.3125,0.329268,100,320,320,32.0,0,0,16,16,47,47,14,0,240.0,220,0,0,33,72,0,33,14,7,7,0,14,7,7,1,6,0,0,0,0,19,120,0,120,25,95,0,0,0,DTC-selected OC
385,1,3.0,0.0,0.7774762550881954,12000414,25,1,353.783177142558,325.0,18.0,2.242876991106,8c179ba7eda4843e,8d15af1f9d36efa1,9aa9a300c57f91a0,200,52,26.0,120.057692,262.893545,0.3,0.4,87.832001,2.333333,107.974982,1.384615,2.277778,0.0,0.76,0.53271,0.581395,0.571429,100,280,280,32.0,0,0,16,16,41,41,14,0,228.0,72,0,0,28,46,0,28,13,6,7,0,13,7,7,0,7,0,0,0,0,15,140,8,148,22,126,0,0,0,DTC-selected OC
389,0,1.0,0.0,0.0865979381443299,12000418,25,0,468.24679025057,325.0,18.0,2.569341018918,c60d06f30d803fc3,8d15af1f9d36efa1,59b700ca3a717281,200,14,7.0,228.0,339.994283,0.1,0.3,223.729579,1.333333,223.729579,3.0,1.333333,0.0,0.853147,0.54955,0.704225,0.727273,100,192,192,32.0,0,0,16,16,47,47,18,0,244.0,42,0,0,36,12,0,36,11,2,9,0,11,9,9,0,9,0,0,0,0,25,180,6,186,34,152,0,0,0,DTC-selected OC
406,1,1.0,1.0,0.7774762550881954,12000435,25,1,131.827326264581,325.0,16.0,1.793566804191,a0f4af57d7957bc3,8d15af1f9d36efa1,45281e4f92dc7282,200,40,20.0,224.475,327.905359,0.2,0.7,280.174691,1.75,280.174691,3.5,1.428571,0.0,0.583333,0.494949,0.416667,0.313725,100,232,232,32.0,0,0,16,16,24,24,16,0,196.0,140,0,0,12,36,0,12,12,4,8,0,12,8,8,0,8,0,0,0,0,0,160,0,160,8,152,0,0,0,DTC-selected OC
408,3,3.0,1.0,0.276,12000437,25,3,289.210342033068,425.0,14.0,1.740420151913,5c01d96cd23e6e6c,8d15af1f9d36efa1,8779ff68ccc19465,200,16,8.0,221.1875,277.452112,0.1,0.3,235.524582,1.333333,235.524582,3.0,1.333333,0.0,0.835616,0.54955,0.675676,0.7,100,160,160,32.0,0,0,16,16,47,47,18,2,244.0,48,0,0,39,14,0,35,11,2,9,0,11,9,9,0,9,0,0,0,0,28,180,4,184,37,147,0,0,0,DTC-selected OC
414,3,3.0,1.0,0.4147339699863574,12000443,25,3,112.805923766073,325.0,19.0,2.357094930639,c524a644e460b2c7,8d15af1f9d36efa1,dd39b24f57ff4ddd,200,35,17.5,172.771429,270.752794,0.2,0.6,181.639726,1.625,179.605346,2.971429,1.663462,0.0,0.676012,0.520384,0.490196,0.452632,100,184,184,31.0,0,0,16,15,35,35,16,2,217.0,104,0,0,22,31,0,22,12,4,8,0,12,8,8,0,8,0,0,0,0,10,160,5,165,18,147,0,0,0,DTC-selected OC
417,2,3.0,0.0,0.276,12000446,25,2,225.637153343076,425.0,10.0,1.884215549898,b5c6d27166652bfd,8d15af1f9d36efa1,644028ebe1ce0efb,200,40,20.0,187.6,253.356229,0.4,1.1,199.234653,1.791667,219.389655,3.0,1.666667,0.0,0.753086,0.646643,0.454545,0.661017,100,264,264,32.0,0,0,16,16,114,114,6,0,366.0,120,0,0,107,36,0,107,7,4,3,0,7,3,3,0,3,0,0,0,0,100,120,40,160,103,57,0,0,0,DTC-selected OC
420,1,1.0,1.0,0.7774762550881954,12000449,25,1,247.751027345555,325.0,15.0,1.641272429565,e792a8a65e413120,8d15af1f9d36efa1,2872fd295b47640,200,20,10.0,184.95,294.230456,0.1,0.3,191.697413,2.333333,191.697413,3.0,2.333333,0.0,0.765625,0.494949,0.625,0.516129,100,248,248,32.0,0,0,16,16,23,23,18,2,196.0,60,0,0,11,18,0,11,11,2,9,0,11,9,9,0,9,0,0,0,0,0,180,0,180,9,171,0,0,0,DTC-selected OC
426,3,3.0,1.0,0.7774762550881954,12000455,25,3,243.926420945117,175.0,14.0,1.94597726513,4eec7314fea08517,8d15af1f9d36efa1,8db6acca57e72d6f,200,80,40.0,277.2,237.317529,0.4,1.8,359.37103,2.166667,346.537239,4.5,2.0,0.0,0.359431,0.502488,0.217391,0.162791,100,312,312,32.0,0,0,16,16,28,28,14,0,202.0,360,0,0,14,72,0,14,14,7,7,0,14,7,7,1,6,0,0,0,0,0,120,0,120,6,114,0,0,0,DTC-selected OC
428,0,0.0,1.0,0.7774762550881954,12000457,25,0,280.880593475857,175.0,11.0,1.714098729854,b69e8c1e2a4a02aa,8d15af1f9d36efa1,9a690600c548a2e4,200,60,30.0,202.433333,257.205128,0.3,0.9,205.154977,1.166667,205.154977,3.0,1.222222,0.0,0.552239,0.526066,0.357143,0.333333,100,208,208,32.0,0,0,16,16,38,38,14,4,222.0,180,0,0,25,54,2,23,11,4,7,0,11,7,7,0,7,0,0,0,0,12,140,0,140,19,121,0,0,0,DTC-selected OC
433,1,1.0,1.0,0.2518518518518518,12000462,25,1,60.966170206252,175.0,21.0,1.738543258424,894aeb8c1a9b02ab,8d15af1f9d36efa1,9a8afc00c565784c,200,11,5.5,103.909091,250.391415,0.1,0.1,45.54005,1.0,45.54005,1.0,1.0,0.0,0.956522,0.547511,0.900901,0.909091,100,232,232,32.0,0,0,16,16,45,45,20,0,242.0,11,0,0,35,10,0,35,10,0,10,0,10,10,10,1,9,0,0,0,0,25,180,9,189,34,155,0,0,0,DTC-selected OC
438,2,2.0,1.0,0.7774762550881954,12000467,25,2,349.137540436494,175.0,21.0,1.753175724298,47ac330c267798c1,8d15af1f9d36efa1,d2709d2888af272a,200,118,59.0,183.508475,246.448794,0.6,1.6,192.918313,3.127778,203.343147,2.669492,2.685714,0.0,0.395393,0.507389,0.240964,0.190231,100,320,320,32.0,0,0,16,16,33,33,8,2,206.0,315,0,0,18,106,0,18,16,12,4,0,16,4,4,0,4,0,0,0,0,2,80,2,82,6,76,0,0,0,DTC-selected OC
446,0,1.0,0.0,0.4147339699863574,12000475,25,0,87.615012573184,175.0,20.0,2.762679617819,61c94f8d4310e5a7,8d15af1f9d36efa1,2b4a434f843e72f2,200,60,30.0,182.233333,224.916332,0.3,0.8,168.262542,1.583333,207.620628,3.1,1.784946,0.0,0.518135,0.5,0.34965,0.267717,100,264,264,32.0,0,0,16,16,26,26,16,0,200.0,186,0,0,13,54,0,13,13,5,8,0,13,8,8,1,7,0,0,0,0,0,140,0,140,7,133,0,0,0,DTC-selected OC
469,0,0.0,1.0,0.4147339699863574,12000498,25,0,365.892848782647,175.0,15.0,2.355713203148,af5df5823918f62d,8d15af1f9d36efa1,a925b04f3a7857c3,200,40,20.0,182.875,248.108554,0.2,0.7,226.942664,1.9,219.721965,3.5,1.714286,0.0,0.583333,0.494949,0.416667,0.313725,100,224,224,32.0,0,0,16,16,24,24,16,0,196.0,140,0,0,12,36,0,12,12,4,8,0,12,8,8,0,8,0,0,0,0,0,160,0,160,8,152,0,0,0,DTC-selected OC
483,1,1.0,1.0,0.4147339699863574,12000512,25,1,144.951294942169,325.0,9.0,2.608806341965,6cca99d0f5b0294a,8d15af1f9d36efa1,0,200,0,0.0,,293.762892,0.0,0.0,,,,,,,1.0,0.521531,1.0,1.0,100,248,248,32.0,0,0,16,16,33,33,20,0,218.0,0,0,0,23,0,0,23,10,0,10,0,10,10,10,0,10,0,0,0,0,13,200,0,200,23,177,0,0,0,DTC-selected OC
485,3,3.0,1.0,0.4147339699863574,12000514,25,3,209.448398839236,175.0,12.0,2.427199395934,ebdced32130c285a,8d15af1f9d36efa1,85ccbb9fc57f70ec,200,120,60.0,201.641667,226.57837,0.6,1.7,241.084777,1.727778,231.378451,2.833333,1.470588,0.0,0.375,0.50495,0.227273,0.174757,100,288,288,32.0,0,0,16,16,32,32,8,0,204.0,340,0,0,16,108,0,16,16,12,4,0,16,4,4,0,4,0,0,0,0,0,80,0,80,4,76,0,0,0,DTC-selected OC
495,1,1.0,1.0,0.7774762550881954,12000524,25,1,123.337911097927,175.0,18.0,1.795231343264,6893fcb7f34e18ca,8d15af1f9d36efa1,642ca767259b227f,200,106,53.0,311.122642,235.704207,0.6,3.0,382.73759,1.421429,376.180143,4.943396,1.490458,0.0,0.335025,0.568966,0.160256,0.20122,100,248,248,32.0,0,0,16,16,59,59,14,10,264.0,524,0,0,39,94,0,39,16,9,7,0,16,7,7,3,4,0,0,0,0,23,80,14,94,27,67,0,0,0,DTC-selected OC
496,3,2.0,0.0,0.4147339699863574,12000525,25,3,110.400354263655,325.0,15.0,2.517094763429,ad423af71d419d03,8d15af1f9d36efa1,9aa9b600c57fb1e9,200,33,16.5,134.030303,307.253428,0.2,0.4,144.724587,1.666667,129.328649,1.787879,1.559322,0.0,0.783883,0.516908,0.628931,0.58156,100,216,216,32.0,0,0,16,16,32,32,18,0,214.0,59,0,0,24,30,0,22,11,2,9,0,11,9,9,1,8,0,0,0,0,13,160,7,167,21,146,0,0,0,DTC-selected OC
501,2,1.0,0.0,0.0865979381443299,13000030,50,2,444.581722932052,175.0,35.0,2.758068818932,3339c635531a8bfc,8d15af1f9d36efa1,87694ea2f1b73a1f,200,147,73.5,301.217687,246.089098,1.0,4.3,326.06898,3.234762,357.493973,4.768707,2.499287,0.0,0.376889,0.679487,0.221976,0.215006,200,1120,1120,32.0,0,0,16,16,89,89,14,16,424.0,701,0,0,67,133,0,67,14,7,7,0,14,7,7,7,0,0,0,0,0,53,0,53,53,53,0,0,0,0,DTC-selected OC
518,2,2.0,1.0,0.7774762550881954,13000047,50,2,139.838678369379,175.0,28.0,2.190260739551,f91298cdaa69b793,8d15af1f9d36efa1,463ddd6b8a79e045,200,180,90.0,419.205556,329.921388,0.9,5.7,505.659655,2.74475,532.066166,6.705556,2.485501,0.0,0.213681,0.621212,0.142146,0.073676,200,944,944,32.0,0,0,16,16,43,43,10,10,328.0,1207,0,0,19,162,0,19,19,14,5,0,19,5,5,4,1,0,0,0,0,0,20,0,20,1,19,0,0,0,DTC-selected OC
531,3,3.0,1.0,0.7774762550881954,13000060,50,3,399.540776377717,325.0,37.0,1.613676884716,e4e25cd71935e526,8d15af1f9d36efa1,bc3a7d2da3933089,200,94,47.0,184.755319,223.801773,0.5,1.5,216.648557,1.28,214.077926,2.968085,1.415771,0.0,0.531092,0.612403,0.417537,0.231405,200,984,984,32.0,0,0,16,16,37,37,10,0,316.0,279,0,0,23,84,0,23,15,10,5,0,15,5,5,0,5,0,0,0,0,8,100,6,106,13,93,0,0,0,DTC-selected OC
535,3,3.0,1.0,0.4147339699863574,13000064,50,3,290.295204890782,175.0,25.0,2.434483156477,afeed29b44176547,8d15af1f9d36efa1,a4aa284fc9057115,200,119,59.5,428.428571,256.827922,0.7,5.0,588.613694,2.860714,573.114891,7.285714,2.54902,0.0,0.285243,0.6337,0.187441,0.116208,200,1152,1152,32.0,0,0,16,16,47,47,20,0,346.0,867,0,0,35,108,2,33,12,2,10,0,12,10,10,7,3,0,0,0,0,21,60,21,81,24,57,0,0,0,DTC-selected OC
540,2,2.0,1.0,0.7774762550881954,13000069,50,2,113.597015243779,325.0,43.0,1.634930493602,18f5a27146e43192,8d15af1f9d36efa1,b21c42b9f8735144,200,180,90.0,238.6,225.648625,0.9,3.5,262.935561,2.936508,273.034851,3.961111,2.645161,0.0,0.31244,0.618321,0.219058,0.114286,200,1040,1040,32.0,0,0,16,16,39,39,14,2,324.0,713,0,0,19,162,0,19,19,12,7,0,19,7,7,6,1,0,0,0,0,0,20,0,20,1,19,0,0,0,DTC-selected OC
543,3,3.0,1.0,0.4147339699863574,13000072,50,3,306.463066437789,325.0,25.0,2.414744703725,aa5981bc2ff08b1a,8d15af1f9d36efa1,6e85d6c9ed24b772,200,150,75.0,265.56,259.888673,0.8,3.1,312.107909,2.68006,324.164247,3.96,2.792929,0.0,0.354348,0.619772,0.251889,0.136628,200,1008,1008,32.0,0,0,16,16,44,44,6,0,326.0,594,0,0,27,135,0,27,17,14,3,0,17,3,3,1,2,0,0,0,0,10,40,10,50,12,38,0,0,0,DTC-selected OC
546,0,2.0,0.0,0.4147339699863574,13000075,50,0,109.1009131241,175.0,33.0,2.72267130482,6c657fc762b9e4bd,8d15af1f9d36efa1,9aa9a900c57f9bd2,200,73,36.5,123.616438,211.877159,0.4,0.6,110.689999,3.75,110.87798,1.547945,4.176991,0.0,0.735363,0.610895,0.638978,0.420513,200,1144,1144,32.0,0,0,16,16,34,34,14,2,314.0,113,0,0,20,66,0,20,13,6,7,0,13,7,7,1,6,0,0,0,0,7,120,7,127,13,114,0,0,0,DTC-selected OC
547,1,1.0,1.0,0.7774762550881954,13000076,50,1,94.592705380787,175.0,36.0,2.231551564181,7521f7b86eb89d77,8d15af1f9d36efa1,70a2aea838e7c9f,200,172,86.0,238.023256,249.164103,0.9,3.5,307.609717,2.60873,289.179406,3.883721,2.730539,0.0,0.329317,0.621212,0.230415,0.125654,200,1016,1016,32.0,0,0,16,16,46,46,4,0,328.0,668,0,0,27,154,0,27,19,17,2,0,19,2,2,1,1,0,0,0,0,8,20,8,28,9,19,0,0,0,DTC-selected OC
553,1,1.0,1.0,0.4147339699863574,13000082,50,1,274.383931127962,175.0,29.0,2.270865903167,bc2b9d1d08ada5c8,8d15af1f9d36efa1,d931265a9e32e860,200,140,70.0,225.814286,255.270597,0.7,2.3,261.558331,3.266667,260.954392,3.285714,3.086957,0.0,0.405685,0.610895,0.30303,0.151292,200,1008,1008,32.0,0,0,16,16,35,35,12,2,314.0,460,0,0,17,126,0,17,17,11,6,0,17,6,6,3,3,0,0,0,0,0,60,0,60,3,57,0,0,0,DTC-selected OC
562,2,2.0,1.0,0.7774762550881954,13000091,50,2,359.797081318385,325.0,35.0,1.853950037348,5882d63eb6ef756a,8d15af1f9d36efa1,6fe0420737c37d52,200,97,48.5,204.783505,255.627814,0.5,1.5,223.658185,2.7,228.426721,3.134021,2.638158,0.0,0.511254,0.6139,0.396825,0.220513,200,992,992,32.0,0,0,16,16,38,38,10,2,318.0,304,0,0,22,87,0,22,15,10,5,0,15,5,5,0,5,0,0,0,0,7,100,3,103,12,91,0,0,0,DTC-selected OC
572,2,2.0,1.0,0.7774762550881954,13000101,50,2,233.803133853206,175.0,32.0,1.602246506431,b7af4215b1f58a12,8d15af1f9d36efa1,66b86121d4a1beae,200,100,50.0,281.15,315.805081,0.5,2.1,348.062699,2.306667,358.342858,4.2,2.47619,0.0,0.418283,0.601594,0.322581,0.142857,200,928,928,32.0,0,0,16,16,30,30,10,0,302.0,420,0,0,15,90,0,15,15,10,5,0,15,5,5,0,5,0,0,0,0,0,100,0,100,5,95,0,0,0,DTC-selected OC
581,1,1.0,1.0,0.7774762550881954,13000110,50,1,240.247585927029,325.0,30.0,1.671867457751,fcfdbd196db3574c,8d15af1f9d36efa1,afe7e6c32f0fccad,200,175,87.5,251.302857,263.446177,1.0,4.2,316.838812,1.866667,292.212428,3.937143,1.844702,0.0,0.341929,0.641577,0.224972,0.154601,200,984,984,32.0,0,0,16,16,63,63,0,8,358.0,689,0,0,42,158,0,42,17,17,0,0,17,0,0,0,0,0,0,0,0,25,0,25,25,25,0,0,0,0,DTC-selected OC
582,1,1.0,1.0,0.7774762550881954,13000111,50,1,287.311482284685,325.0,34.0,1.967604171475,c3a2b4b31d50cce9,8d15af1f9d36efa1,18d9b7991be9786f,200,60,30.0,165.683333,289.956639,0.3,0.7,185.891008,3.266667,185.891008,2.333333,3.571429,0.0,0.680365,0.598394,0.588235,0.320388,200,1080,1080,32.0,0,0,16,16,26,26,14,0,298.0,140,0,0,13,54,0,13,13,6,7,0,13,7,7,0,7,0,0,0,0,0,140,0,140,7,133,0,0,0,DTC-selected OC
585,1,1.0,1.0,0.7774762550881954,13000114,50,1,271.234331774709,325.0,31.0,1.661893576481,ad34935e2952c5b2,8d15af1f9d36efa1,512338e062d652f8,200,160,80.0,239.875,250.733775,0.8,2.7,271.97906,2.991667,298.309142,3.63125,2.516351,0.0,0.346457,0.606299,0.256082,0.115677,200,1104,1104,32.0,0,0,16,16,36,36,4,0,308.0,581,0,0,18,144,0,18,18,16,2,0,18,2,2,0,2,0,0,0,0,0,40,0,40,2,38,0,0,0,DTC-selected OC
588,1,1.0,1.0,0.7774762550881954,13000117,50,1,229.407756714325,325.0,35.0,2.053870629479,a45835d35359439f,8d15af1f9d36efa1,e2f3a7e30bf1197f,200,192,96.0,202.276042,210.70757,1.0,3.1,240.26295,2.975,239.947208,3.203125,2.744715,0.0,0.345048,0.618321,0.245399,0.130127,200,1200,1200,32.0,0,0,16,16,46,46,0,0,324.0,615,0,0,27,173,0,27,19,19,0,0,19,0,0,0,0,0,0,0,0,8,0,8,8,8,0,0,0,0,DTC-selected OC
590,1,2.0,0.0,0.7774762550881954,13000119,50,1,96.497909723746,175.0,45.0,1.625293630407,e50281b13283f5aa,8d15af1f9d36efa1,7cef0289d7358778,200,200,100.0,271.76,253.031681,1.0,4.4,352.190757,3.41627,339.529436,4.4,2.825,0.0,0.267887,0.616858,0.185185,0.092784,200,1200,1200,32.0,0,0,16,16,41,41,8,2,322.0,880,0,0,20,180,0,20,20,16,4,0,20,4,4,4,0,0,0,0,0,0,0,0,0,0,0,0,0,0,DTC-selected OC
597,2,2.0,1.0,0.7774762550881954,13000126,50,2,256.032483839872,175.0,28.0,2.160183737346,a94c23a93a5b36c5,8d15af1f9d36efa1,f6058e3afee2d1c8,200,179,89.5,314.324022,333.395432,1.0,5.2,401.060902,2.370833,399.678751,5.178771,2.31068,0.0,0.270653,0.632353,0.177462,0.107796,200,928,928,32.0,0,0,16,16,56,56,0,2,344.0,927,0,0,38,162,0,38,17,17,0,0,17,0,0,0,0,0,0,0,0,21,0,21,21,21,0,0,0,0,DTC-selected OC
600,3,1.0,0.0,0.4147339699863574,13000129,50,3,150.72471143965,175.0,29.0,2.516556564941,6b149873587358ae,8d15af1f9d36efa1,71de6fd161da6f10,200,120,60.0,190.291667,273.945685,0.6,1.7,202.919351,2.5,212.35332,2.891667,2.403458,0.0,0.470229,0.606299,0.365631,0.179669,200,888,888,32.0,0,0,16,16,33,33,10,2,308.0,347,0,0,16,108,0,16,16,11,5,0,16,5,5,1,4,0,0,0,0,0,80,0,80,4,76,0,0,0,DTC-selected OC
626,3,1.0,0.0,0.4147339699863574,13000155,50,3,103.68585133835,325.0,34.0,2.517719227285,6ee36125ebce1c4f,8d15af1f9d36efa1,e3081417ca64c787,200,189,94.5,281.301587,259.933208,1.0,4.3,342.857075,1.716667,336.9737,4.312169,2.040491,0.0,0.296808,0.632353,0.197044,0.12082,200,912,912,32.0,0,0,16,16,53,53,6,4,344.0,815,0,0,31,169,0,31,20,17,3,0,20,3,3,3,0,0,0,0,0,11,0,11,11,11,0,0,0,0,DTC-selected OC
628,2,2.0,1.0,0.4147339699863574,13000157,50,2,382.726452314937,325.0,29.0,2.831448632243,52f4a699e8ac5990,8d15af1f9d36efa1,1551993126b53480,200,199,99.5,332.522613,332.034209,1.0,5.6,421.845005,2.498885,413.573343,5.708543,2.333627,0.0,0.222982,0.619772,0.149701,0.076423,200,1000,1000,32.0,0,0,16,16,42,42,10,2,326.0,1136,0,0,21,179,0,21,20,15,5,0,20,5,5,5,0,0,0,0,0,1,0,1,1,1,0,0,0,0,DTC-selected OC
650,3,0.0,0.0,0.4147339699863574,13000179,50,3,98.464586086877,175.0,34.0,2.910494009315,a6a132204c442463,8d15af1f9d36efa1,5b431bb3f2157baa,200,40,20.0,274.325,322.415141,0.2,0.8,342.524549,3.5,344.106077,4.0,2.875,0.0,0.66805,0.616858,0.555556,0.36,200,1144,1144,32.0,0,0,16,16,37,37,16,0,322.0,160,0,0,25,36,0,25,12,4,8,0,12,8,8,0,8,0,0,0,0,13,160,0,160,21,139,0,0,0,DTC-selected OC
651,2,3.0,0.0,0.7774762550881954,13000180,50,2,101.819361669005,175.0,38.0,1.760279185665,f14a09c5d90ff6ba,8d15af1f9d36efa1,d7266a3716510e50,200,167,83.5,322.497006,252.432243,1.0,4.8,387.623196,2.558009,407.064247,5.251497,2.59293,0.0,0.298961,0.651568,0.185701,0.139352,200,904,904,32.0,0,0,16,16,65,65,12,0,374.0,877,0,0,49,151,0,49,16,10,6,0,16,6,6,6,0,0,0,0,0,33,0,33,33,33,0,0,0,0,DTC-selected OC
653,3,3.0,1.0,0.4147339699863574,13000182,50,3,348.808975660918,175.0,33.0,2.351524576943,9dbfc6a4c62d64be,8d15af1f9d36efa1,9aed8000c5b922f3,200,191,95.5,250.356021,243.598118,1.0,4.1,326.21251,2.427381,305.129752,4.026178,2.335501,0.0,0.300909,0.623352,0.206398,0.115075,200,1032,1032,31.0,0,0,16,15,47,47,6,0,331.0,769,0,0,28,172,0,28,19,16,3,0,19,3,3,3,0,0,0,0,0,9,0,9,9,9,0,0,0,0,DTC-selected OC
661,2,2.0,1.0,0.4147339699863574,13000190,50,2,126.901937943015,325.0,32.0,2.539173493185,f1bfa13d30c7567d,8d15af1f9d36efa1,9a7a0000c5570be5,200,38,19.0,111.078947,311.151502,0.2,0.3,69.599424,2.0,71.185855,1.5,2.22807,0.0,0.847594,0.613153,0.77821,0.601399,200,920,920,31.0,0,0,16,15,33,33,20,0,317.0,57,0,0,21,34,0,21,12,2,10,0,12,10,10,2,8,0,0,0,0,9,160,2,162,17,145,0,0,0,DTC-selected OC
665,0,0.0,1.0,0.7774762550881954,13000194,50,0,121.450529488698,175.0,39.0,1.810021882497,af8092d480261a4e,8d15af1f9d36efa1,43cf8640568f45a6,200,190,95.0,318.047368,290.831101,1.0,4.9,398.869495,2.551548,390.630267,4.989474,2.376582,0.0,0.265116,0.630996,0.174216,0.10397,200,1016,1016,32.0,0,0,16,16,50,50,10,0,342.0,948,0,0,30,170,0,30,20,15,5,0,20,5,5,5,0,0,0,0,0,10,0,10,10,10,0,0,0,0,DTC-selected OC
674,0,0.0,1.0,0.3076923076923077,13000203,50,0,277.036988812341,75.0,24.0,2.230067296077,d2218c41b3d5dab3,8d15af1f9d36efa1,eaa5260a68521dc2,200,86,43.0,244.546512,285.178642,0.6,2.1,282.775446,2.814286,285.778167,3.837209,2.533333,0.0,0.589552,0.703264,0.377358,0.423077,200,1096,1096,32.0,0,0,16,16,117,117,8,0,474.0,330,0,0,107,78,0,107,10,6,4,0,10,4,4,2,2,0,0,0,0,97,80,34,114,99,15,0,0,0,DTC-selected OC
681,0,0.0,1.0,0.4147339699863574,13000210,50,0,170.50165156794,175.0,30.0,2.587877624558,58549ad3487af21,8d15af1f9d36efa1,6719fa5dd36fd7b3,200,200,100.0,286.84,278.049057,1.0,4.4,354.802121,3.636905,347.830931,4.4,3.242045,0.0,0.265442,0.6139,0.185185,0.089027,200,1224,1224,32.0,0,0,16,16,41,41,4,2,318.0,880,0,0,20,180,0,20,20,18,2,0,20,2,2,2,0,0,0,0,0,0,0,0,0,0,0,0,0,0,DTC-selected OC
687,1,1.0,1.0,0.4147339699863574,13000216,50,1,313.629173706695,175.0,20.0,2.599786862125,1fd2d2f6eef93faa,8d15af1f9d36efa1,4f252b29694105c4,200,60,30.0,204.25,316.432008,0.3,0.9,250.534655,4.055556,241.058319,3.0,3.666667,0.0,0.623431,0.598394,0.526316,0.268293,200,1024,1024,32.0,0,0,16,16,26,26,14,0,298.0,180,0,0,17,54,0,13,13,6,7,0,13,7,7,0,7,0,0,0,0,4,140,0,140,11,129,0,0,0,DTC-selected OC
694,3,3.0,1.0,0.7774762550881954,13000223,50,3,284.957919689637,175.0,27.0,2.095468803685,a01d280aba940b43,8d15af1f9d36efa1,c7b31a80c59935b6,200,194,97.0,302.030928,268.539442,1.0,4.8,378.271604,2.615873,381.235531,4.865979,2.345339,0.0,0.256107,0.619048,0.174825,0.090559,200,1080,1080,31.0,0,0,16,15,46,46,2,0,325.0,944,0,0,26,174,0,26,20,19,1,0,20,1,1,1,0,0,0,0,0,6,0,6,6,6,0,0,0,0,DTC-selected OC
702,0,0.0,1.0,0.061488673139158574,13000231,50,0,448.893940226968,75.0,32.0,1.527773605283,151ea80419e1a518,8d15af1f9d36efa1,6b46c9cd1f3fd8bb,200,125,62.5,232.544,208.333347,1.0,3.7,264.720231,2.724286,253.34464,3.568,2.410314,0.0,0.497748,0.688474,0.309598,0.320122,200,1064,1064,32.0,0,0,16,16,103,103,4,0,442.0,446,0,0,89,111,0,89,14,12,2,0,14,2,2,2,0,0,0,0,0,75,0,75,75,75,0,0,0,0,DTC-selected OC
706,3,3.0,1.0,0.7774762550881954,13000235,50,3,312.812227848146,325.0,37.0,1.864451514333,695864e86f6d3340,8d15af1f9d36efa1,9ae00f00c5add894,200,137,68.5,190.934307,256.469806,0.7,2.1,222.913597,2.511905,225.577355,3.043796,2.390887,0.0,0.434193,0.615385,0.324149,0.174257,200,1152,1152,32.0,0,0,16,16,41,41,6,0,320.0,417,0,0,24,123,0,24,17,14,3,0,17,3,3,0,3,0,0,0,0,7,60,3,63,10,53,0,0,0,DTC-selected OC
711,0,3.0,0.0,0.7774762550881954,13000240,50,0,174.13610313598,325.0,30.0,1.956291192602,85fd29bf30d07048,8d15af1f9d36efa1,2921e5f7d9645a33,200,186,93.0,290.822581,307.520436,1.0,4.8,375.491178,2.76131,365.354483,4.930108,2.514722,0.0,0.265813,0.62406,0.179051,0.098328,200,1080,1080,32.0,0,0,16,16,50,50,0,0,332.0,917,0,0,32,168,0,32,18,18,0,0,18,0,0,0,0,0,0,0,0,14,0,14,14,14,0,0,0,0,DTC-selected OC
715,0,0.0,1.0,0.7774762550881954,13000244,50,0,249.781192468772,325.0,29.0,1.991692647408,36bd6f34f99e6939,8d15af1f9d36efa1,fbb366f43338c95e,200,199,99.5,259.070352,215.793657,1.0,3.9,295.436168,1.922976,302.990126,4.030151,1.991272,0.0,0.287744,0.618321,0.199601,0.102908,200,1096,1096,32.0,0,0,16,16,41,41,10,0,324.0,802,0,0,21,179,0,21,20,15,5,0,20,5,5,5,0,0,0,0,0,1,0,1,1,1,0,0,0,0,DTC-selected OC
724,2,2.0,1.0,0.276,13000253,50,2,250.245908146181,425.0,22.0,1.769691478404,c74fbac81eacdb74,8d15af1f9d36efa1,6ab0f0f90b7e534e,200,140,70.0,338.964286,323.258786,0.8,4.5,430.446824,2.415476,419.204925,5.264286,2.097693,0.0,0.364107,0.678457,0.213447,0.204962,200,992,992,32.0,0,0,16,16,89,89,12,2,422.0,737,0,0,71,125,0,71,17,11,6,0,17,6,6,4,2,0,0,0,0,54,40,20,60,56,4,0,0,0,DTC-selected OC
727,2,2.0,1.0,0.7774762550881954,13000256,50,2,242.711252434018,325.0,25.0,1.937370413865,58d7bed295e394fa,8d15af1f9d36efa1,26d16838f2e35bb4,200,186,93.0,369.274194,293.82941,1.0,6.3,504.137813,2.413214,465.296843,6.134409,2.192813,0.0,0.232167,0.633028,0.149142,0.090837,200,944,944,31.0,0,0,16,15,50,50,14,0,345.0,1141,0,0,32,168,0,32,18,11,7,0,18,7,7,7,0,0,0,0,0,14,0,14,14,14,0,0,0,0,DTC-selected OC
737,1,3.0,0.0,0.7774762550881954,13000266,50,1,144.500445345565,325.0,31.0,1.968177841831,caafa3a50c98d3eb,8d15af1f9d36efa1,9087f3bcfd0c582c,200,169,84.5,213.313609,236.64868,0.9,3.2,291.203887,2.385185,258.06061,3.39645,2.277003,0.0,0.366446,0.62406,0.258398,0.148368,200,992,992,32.0,0,0,16,16,49,49,2,0,332.0,574,0,0,30,151,0,30,19,18,1,0,19,1,1,0,1,0,0,0,0,11,20,11,31,12,19,0,0,0,DTC-selected OC
739,0,1.0,0.0,0.7774762550881954,13000268,50,0,140.031841522509,175.0,36.0,2.150157154607,529c9560bf1c727d,8d15af1f9d36efa1,a939fb4f3a89803e,200,76,38.0,220.947368,315.724683,0.4,1.3,243.417354,2.716667,249.055817,3.381579,2.793774,0.0,0.549912,0.610895,0.437637,0.241888,200,984,984,32.0,0,0,16,16,33,33,16,2,314.0,257,0,0,18,68,0,18,14,6,8,0,14,8,8,2,6,0,0,0,0,4,120,4,124,10,114,0,0,0,DTC-selected OC
743,1,1.0,1.0,0.4147339699863574,13000272,50,1,121.528928672099,325.0,35.0,2.348388443891,9c9a0b268dd52076,8d15af1f9d36efa1,e1a16c4feba57d46,200,173,86.5,212.867052,206.926919,0.9,2.5,228.388776,2.574074,255.843152,3.150289,2.489908,0.0,0.369213,0.614644,0.268456,0.139021,200,1016,1016,31.0,0,0,16,15,43,43,2,0,319.0,545,0,0,25,156,0,25,18,17,1,0,18,1,1,0,1,0,0,0,0,7,20,7,27,8,19,0,0,0,DTC-selected OC
752,0,0.0,1.0,0.7774762550881954,13000281,50,0,202.157340024732,175.0,33.0,1.571939309559,fc5e618534363235,8d15af1f9d36efa1,412306a78dd76477,200,200,100.0,269.815,215.623336,1.0,4.5,332.950254,2.576667,341.55162,4.565,2.479737,0.0,0.254694,0.609375,0.179695,0.080564,200,1056,1056,32.0,0,0,16,16,40,40,0,0,312.0,913,0,0,20,180,0,20,20,20,0,0,20,0,0,0,0,0,0,0,0,0,0,0,0,0,0,0,0,0,DTC-selected OC
761,3,3.0,1.0,0.7774762550881954,13000290,50,3,268.47834296704,175.0,31.0,2.184498076583,c1ae2d2cbb10d8c0,8d15af1f9d36efa1,4cd24527726b3f0e,200,200,100.0,247.825,259.618409,1.0,4.2,318.357409,2.453333,308.143879,4.2,2.285714,0.0,0.272097,0.610895,0.192308,0.088937,200,920,920,32.0,0,0,16,16,40,40,2,0,314.0,840,0,0,20,180,0,20,20,19,1,0,20,1,1,1,0,0,0,0,0,0,0,0,0,0,0,0,0,0,DTC-selected OC
774,1,1.0,1.0,0.276,13000303,50,1,176.87996001668,425.0,30.0,1.588453294661,ecdf8109d702d31c,8d15af1f9d36efa1,1dd07e500d9bb6f4,200,93,46.5,295.043011,309.33436,0.6,2.8,342.225875,2.56746,348.260217,4.623656,2.390698,0.0,0.478155,0.6633,0.31746,0.273649,200,880,880,32.0,0,0,16,16,74,74,14,0,394.0,430,0,0,59,82,0,59,15,8,7,0,15,7,7,3,4,0,0,0,0,44,80,27,107,48,59,0,0,0,DTC-selected OC
792,3,0.0,0.0,0.4147339699863574,13000321,50,3,118.895674990159,175.0,27.0,2.639407997089,cca2b0caab5e2faf,8d15af1f9d36efa1,c6a63f4fdc1534d4,200,191,95.5,300.586387,303.680818,1.0,5.1,394.984169,2.924762,382.82359,5.08377,2.652935,0.0,0.251926,0.620493,0.170794,0.089972,200,1096,1096,31.0,0,0,16,15,47,47,2,0,327.0,971,0,0,28,172,0,28,19,18,1,0,19,1,1,1,0,0,0,0,0,9,0,9,9,9,0,0,0,0,DTC-selected OC
796,0,1.0,0.0,0.0865979381443299,13000325,50,0,435.296865651524,325.0,41.0,2.383895803498,c4544a89cadd500e,8d15af1f9d36efa1,f24a8a4ff4e53e96,200,91,45.5,197.483516,257.543543,0.5,1.4,231.999001,3.1,225.427059,2.78022,3.13834,0.0,0.56,0.616858,0.441501,0.262391,200,1176,1176,32.0,0,0,16,16,39,39,12,0,322.0,253,0,0,25,82,0,25,14,8,6,0,14,6,6,1,5,0,0,0,0,11,100,9,109,16,93,0,0,0,DTC-selected OC
797,2,2.0,1.0,0.4147339699863574,13000326,50,2,356.965088823786,325.0,31.0,2.438350152512,28f370af649f7273,8d15af1f9d36efa1,4778bf0d700c49b8,200,180,90.0,296.166667,240.648349,1.0,4.4,336.09178,2.183333,360.596158,4.788889,2.243619,0.0,0.292282,0.640288,0.188324,0.125761,200,912,912,32.0,0,0,16,16,60,60,4,0,356.0,862,0,0,40,160,0,40,20,18,2,0,20,2,2,2,0,0,0,0,0,20,0,20,20,20,0,0,0,0,DTC-selected OC
799,1,3.0,0.0,0.7774762550881954,13000328,50,1,344.379726379207,175.0,35.0,1.855206144618,98c3486076104979,8d15af1f9d36efa1,dc6ff3469926f3e9,200,153,76.5,241.156863,276.012502,0.8,3.0,284.487649,2.3625,303.210422,3.915033,2.499165,0.0,0.351029,0.618321,0.250313,0.13314,200,968,968,32.0,0,0,16,16,42,42,8,2,324.0,599,0,0,24,138,0,24,17,13,4,0,17,4,4,2,2,0,0,0,0,7,40,7,47,9,38,0,0,0,DTC-selected OC
802,1,1.0,1.0,0.7774762550881954,13000331,50,1,303.25725761703,175.0,38.0,1.545511830889,772495033e50805f,8d15af1f9d36efa1,f7e0106d4b293bb2,200,193,96.5,240.207254,245.253807,1.0,4.1,309.025351,3.021667,286.13286,3.88601,2.842667,0.0,0.304267,0.621212,0.210526,0.113475,200,992,992,32.0,0,0,16,16,46,46,4,2,328.0,750,0,0,26,174,0,26,19,17,2,0,19,2,2,2,0,0,0,0,0,7,0,7,7,7,0,0,0,0,DTC-selected OC
804,0,0.0,1.0,0.7774762550881954,13000333,50,0,218.931220816226,325.0,31.0,1.643022129956,56da2193c5cea941,8d15af1f9d36efa1,9b08b900c5d04b86,200,146,73.0,292.705479,284.184025,0.8,4.2,403.09415,2.776637,364.34587,5.034247,2.533333,0.0,0.309211,0.621928,0.213904,0.117647,200,1032,1032,31.0,0,0,16,15,46,46,6,0,329.0,735,0,0,30,132,0,30,16,13,3,0,16,3,3,1,2,0,0,0,0,14,40,14,54,16,38,0,0,0,DTC-selected OC
816,1,1.0,1.0,0.7774762550881954,13000345,50,1,311.966684185764,325.0,35.0,1.919886571077,609e40bf1154cd4c,8d15af1f9d36efa1,41a4aff6f419d1e1,200,200,100.0,248.605,252.859371,1.0,4.0,304.097317,2.870833,305.867725,4.17,2.621103,0.0,0.272251,0.609375,0.193424,0.087527,200,1136,1136,32.0,0,0,16,16,40,40,0,0,312.0,834,0,0,20,180,0,20,20,20,0,0,20,0,0,0,0,0,0,0,0,0,0,0,0,0,0,0,0,0,DTC-selected OC
817,0,0.0,1.0,0.7774762550881954,13000346,50,0,261.15093535298,325.0,23.0,2.010806623789,b9bb6b378ea9bfca,8d15af1f9d36efa1,56a0604f9ccc0d39,200,118,59.0,187.847458,245.737422,0.7,2.2,226.680209,3.333333,221.810152,3.228814,2.501312,0.0,0.470097,0.628253,0.344234,0.217659,200,1120,1120,32.0,0,0,16,16,50,50,6,0,338.0,381,0,0,36,107,0,36,14,11,3,0,14,3,3,0,3,0,0,0,0,22,60,22,82,25,57,0,0,0,DTC-selected OC
822,1,2.0,0.0,0.4147339699863574,13000351,50,1,385.460724908126,175.0,34.0,2.641549328321,722afa9b0f59e35b,8d15af1f9d36efa1,9a659500c545ad0a,200,80,40.0,135.4875,237.253839,0.4,0.7,137.692248,4.0625,136.510221,1.75,3.714286,0.0,0.683258,0.601594,0.588235,0.333333,200,1160,1160,32.0,0,0,16,16,28,28,14,0,302.0,140,0,0,14,72,0,14,14,7,7,0,14,7,7,1,6,0,0,0,0,0,120,0,120,6,114,0,0,0,DTC-selected OC
823,1,1.0,1.0,0.7774762550881954,13000352,50,1,396.097638684278,325.0,44.0,1.546933559347,2114ccba2bd145ea,8d15af1f9d36efa1,c377d99c2379d15a,200,169,84.5,221.911243,252.091918,0.9,3.5,297.807092,2.457407,263.780855,3.710059,2.023923,0.0,0.346194,0.62406,0.241838,0.137552,200,992,992,32.0,0,0,16,16,49,49,2,0,332.0,627,0,0,30,151,0,30,19,18,1,0,19,1,1,0,1,0,0,0,0,11,20,11,31,12,19,0,0,0,DTC-selected OC
824,3,3.0,1.0,0.4147339699863574,13000353,50,3,210.910108433489,325.0,27.0,2.441180041388,2e3eb347355f0c4f,8d15af1f9d36efa1,5f9e08368c969b65,200,120,60.0,226.158333,236.075982,0.6,2.0,272.898972,3.111111,273.021504,3.333333,3.5,0.0,0.431818,0.603175,0.333333,0.152542,200,1096,1096,32.0,0,0,16,16,32,32,8,0,304.0,400,0,0,16,108,0,16,16,12,4,0,16,4,4,0,4,0,0,0,0,0,80,0,80,4,76,0,0,0,DTC-selected OC
838,2,2.0,1.0,0.4147339699863574,13000367,50,2,333.799387759298,175.0,28.0,2.445681363863,7c8cf763f450ba11,8d15af1f9d36efa1,c89850791f1e55db,200,200,100.0,333.56,229.245191,1.0,5.2,421.059205,2.347698,423.834588,5.2,2.326923,0.0,0.230769,0.609375,0.16129,0.071429,200,1128,1128,32.0,0,0,16,16,40,40,0,0,312.0,1040,0,0,20,180,0,20,20,20,0,0,20,0,0,0,0,0,0,0,0,0,0,0,0,0,0,0,0,0,DTC-selected OC
848,2,2.0,1.0,0.18007662835249041,13000377,50,2,428.934740482781,325.0,42.0,1.611956164822,5467d73fab8b4ab8,8d15af1f9d36efa1,d92fd57c2886dece,200,138,69.0,321.268116,284.921562,0.9,4.5,386.345169,2.667857,394.866019,5.152174,2.361463,0.0,0.362903,0.669421,0.219539,0.19661,200,1056,1056,31.0,0,0,16,15,82,82,10,0,405.0,711,0,0,64,121,0,64,18,13,5,0,18,5,5,4,1,0,0,0,0,46,20,42,62,47,15,0,0,0,DTC-selected OC
851,1,0.0,0.0,0.07446808510638298,13000380,50,1,67.93824429732,325.0,33.0,2.425620472537,f2a9a5e6c8ceea32,8d15af1f9d36efa1,440447e5c4da980e,200,129,64.5,323.968992,264.758774,0.7,4.0,430.500584,2.24881,409.121393,5.589147,2.216366,0.0,0.331789,0.641577,0.217155,0.14876,200,864,864,32.0,0,0,16,16,58,58,10,0,358.0,721,0,0,41,115,0,41,17,12,5,0,17,5,5,2,3,0,0,0,0,24,60,11,71,27,44,0,0,0,DTC-selected OC
859,2,2.0,1.0,0.7774762550881954,13000388,50,2,399.196843960615,325.0,36.0,2.147914483306,7e3ee5e21b744cc8,8d15af1f9d36efa1,bfd9e3a3cfc89cbd,200,195,97.5,317.815385,272.022331,1.0,5.3,390.983626,1.969008,398.539359,5.471795,2.042174,0.0,0.237312,0.62406,0.157853,0.08569,200,984,984,32.0,0,0,16,16,47,47,6,4,332.0,1067,0,0,25,175,0,25,20,17,3,0,20,3,3,3,0,0,0,0,0,5,0,5,5,5,0,0,0,0,DTC-selected OC
880,2,2.0,1.0,0.7774762550881954,13000409,50,2,386.132764108456,325.0,42.0,1.873010004594,ba38e90209afdc5a,8d15af1f9d36efa1,9a988800c570f08c,200,176,88.0,230.778409,225.633192,1.0,3.2,262.229519,3.113333,258.550161,3.25,2.891608,0.0,0.388889,0.64539,0.259067,0.1875,200,1088,1088,32.0,0,0,16,16,66,66,0,4,364.0,572,0,0,44,156,0,44,20,20,0,0,20,0,0,0,0,0,0,0,0,24,0,24,24,24,0,0,0,0,DTC-selected OC
895,3,3.0,1.0,0.7774762550881954,13000424,50,3,380.983122016737,175.0,40.0,1.790690522231,393e06a6324ca0e1,8d15af1f9d36efa1,8d8488e2910ea38f,200,196,98.0,235.193878,204.139755,1.0,3.6,283.346098,2.256667,278.051618,3.596939,2.324823,0.0,0.317522,0.621212,0.220994,0.11985,200,1064,1064,32.0,0,0,16,16,44,44,8,0,328.0,705,0,0,24,176,0,24,20,16,4,0,20,4,4,4,0,0,0,0,0,4,0,4,4,4,0,0,0,0,DTC-selected OC
898,1,1.0,1.0,0.4147339699863574,13000427,50,1,316.969534301388,325.0,15.0,2.664088190411,2db15f4b6620db6f,8d15af1f9d36efa1,677d17d1e2db8c18,200,140,70.0,189.178571,243.215834,0.7,2.0,214.322927,4.285714,211.687672,2.857143,3.4825,0.0,0.433428,0.604743,0.333333,0.156118,200,1376,1376,32.0,0,0,16,16,34,34,6,0,306.0,400,0,0,17,126,0,17,17,14,3,0,17,3,3,0,3,0,0,0,0,0,60,0,60,3,57,0,0,0,DTC-selected OC
920,2,2.0,1.0,0.7774762550881954,13000449,50,2,338.911851761406,325.0,32.0,2.070974015204,29f499de2435605d,8d15af1f9d36efa1,9b8e2b4cc3efc076,200,178,89.0,233.280899,252.327913,0.9,3.5,281.1542,2.565079,268.341763,3.921348,2.404011,0.0,0.312315,0.613153,0.222717,0.109694,200,1032,1032,31.0,0,0,16,15,41,41,4,2,317.0,698,0,0,21,160,0,21,19,17,2,0,19,2,2,1,1,0,0,0,0,2,20,2,22,3,19,0,0,0,DTC-selected OC
921,3,3.0,1.0,0.4147339699863574,13000450,50,3,331.161814192586,175.0,26.0,2.783064618354,43623800f31bc013,8d15af1f9d36efa1,ddb42a4f58677601,200,193,96.5,189.948187,184.623912,1.0,2.8,206.915681,2.77,207.821825,2.756477,2.75188,0.0,0.378505,0.618321,0.273224,0.147436,200,1088,1088,32.0,0,0,16,16,45,45,2,0,324.0,532,0,0,26,174,0,26,19,18,1,0,19,1,1,1,0,0,0,0,0,7,0,7,7,7,0,0,0,0,DTC-selected OC
924,2,2.0,1.0,0.7774762550881954,13000453,50,2,382.77399189131,175.0,40.0,1.755362958883,c9735ffead12c1fe,8d15af1f9d36efa1,46d675ee48ec2cda,200,180,90.0,275.633333,258.739375,0.9,3.8,327.525623,2.394268,331.647869,4.333333,2.153846,0.0,0.293478,0.618321,0.204082,0.105505,200,920,920,32.0,0,0,16,16,39,39,14,2,324.0,780,0,0,19,162,0,19,19,12,7,0,19,7,7,6,1,0,0,0,0,0,20,0,20,1,19,0,0,0,DTC-selected OC
934,2,2.0,1.0,0.7774762550881954,13000463,50,2,132.123569543287,175.0,35.0,1.539984138191,caa1dc80a5d28db3,8d15af1f9d36efa1,9eeb04d630dbcd5f,200,190,95.0,332.831579,259.5165,1.0,5.8,423.157938,2.311071,424.549168,5.836842,2.358882,0.0,0.234645,0.62963,0.152788,0.088743,200,992,992,32.0,0,0,16,16,50,50,8,0,340.0,1109,0,0,30,170,0,30,20,16,4,0,20,4,4,4,0,0,0,0,0,10,0,10,10,10,0,0,0,0,DTC-selected OC
950,3,3.0,1.0,0.7774762550881954,13000479,50,3,228.327137095357,325.0,27.0,1.769631805293,c8d1d03997386ecd,8d15af1f9d36efa1,d945214805cc2296,200,189,94.5,279.089947,287.002495,1.0,4.5,349.039901,2.731667,338.615187,4.597884,2.512083,0.0,0.278838,0.626866,0.187091,0.106886,200,1056,1056,32.0,0,0,16,16,51,51,2,4,336.0,869,0,0,30,170,0,30,19,18,1,0,19,1,1,1,0,0,0,0,0,11,0,11,11,11,0,0,0,0,DTC-selected OC
952,3,3.0,1.0,0.7774762550881954,13000481,50,3,103.053683439209,175.0,36.0,2.248170622364,b6bb9a08d7b4953f,8d15af1f9d36efa1,7baa2ba01fcdf47e,200,197,98.5,258.522843,230.17753,1.0,4.2,319.581096,2.7,317.091204,4.177665,2.534629,0.0,0.278703,0.6139,0.195503,0.094609,200,1024,1024,32.0,0,0,16,16,43,43,0,0,318.0,823,0,0,23,177,0,23,20,20,0,0,20,0,0,0,0,0,0,0,0,3,0,3,3,3,0,0,0,0,DTC-selected OC
954,2,2.0,1.0,0.4147339699863574,13000483,50,2,169.595718286513,325.0,36.0,2.303177110623,c4a8249f8220e903,8d15af1f9d36efa1,9b383a4fc3733174,200,160,80.0,220.2,218.353858,0.8,2.9,302.716711,2.8125,264.740173,3.625,2.275862,0.0,0.346847,0.606299,0.25641,0.115854,200,1128,1128,32.0,0,0,16,16,36,36,4,0,308.0,580,0,0,18,144,0,18,18,16,2,0,18,2,2,0,2,0,0,0,0,0,40,0,40,2,38,0,0,0,DTC-selected OC
955,0,2.0,0.0,0.7774762550881954,13000484,50,0,104.527539601885,325.0,39.0,2.124299816106,88aafab8b41043ab,8d15af1f9d36efa1,5c7d0f94419d6dda,200,180,90.0,284.072222,272.524724,0.9,3.7,335.240391,2.634524,338.20696,4.222222,2.763158,0.0,0.300184,0.619772,0.208333,0.11007,200,1000,1000,32.0,0,0,16,16,40,40,14,4,326.0,760,0,0,19,162,0,19,19,12,7,0,19,7,7,6,1,0,0,0,0,0,20,0,20,1,19,0,0,0,DTC-selected OC
959,1,1.0,1.0,0.7774762550881954,13000488,50,1,137.715133957203,325.0,39.0,1.832375597836,4d0a3842eee26468,8d15af1f9d36efa1,9a953600c56e2f5f,200,160,80.0,283.95,278.285453,0.8,3.6,356.879404,2.918403,354.024617,4.5,2.3625,0.0,0.302326,0.609375,0.217391,0.1,200,1064,1064,32.0,0,0,16,16,36,36,8,0,312.0,720,0,0,18,144,0,18,18,14,4,0,18,4,4,2,2,0,0,0,0,0,40,0,40,2,38,0,0,0,DTC-selected OC
962,0,3.0,0.0,0.7774762550881954,13000491,50,0,311.100300353791,325.0,27.0,1.992962869594,68b3d38fd4fb9c0c,8d15af1f9d36efa1,73a46d3b771ade98,200,113,56.5,224.469027,276.938664,0.6,2.2,285.367534,1.833333,256.486148,3.336283,1.94695,0.0,0.457554,0.6139,0.34662,0.185745,200,856,856,32.0,0,0,16,16,38,38,10,2,318.0,377,0,0,22,102,0,22,15,10,5,0,15,5,5,1,4,0,0,0,0,7,80,7,87,11,76,0,0,0,DTC-selected OC
964,2,3.0,0.0,0.4147339699863574,13000493,50,2,141.096967762815,175.0,31.0,2.311638668945,dbd4be931701cb1e,8d15af1f9d36efa1,93a7cad0b28ab15d,200,160,80.0,245.96875,259.336996,0.8,2.8,261.422092,2.107143,287.373673,3.875,2.032258,0.0,0.339019,0.6139,0.243902,0.121813,200,912,912,32.0,0,0,16,16,37,37,12,2,318.0,620,0,0,18,144,0,18,18,12,6,0,18,6,6,4,2,0,0,0,0,0,40,0,40,2,38,0,0,0,DTC-selected OC
967,3,3.0,1.0,0.3076923076923077,13000496,50,3,295.801912525876,75.0,25.0,1.791115386234,fbb45fea3aae6e65,8d15af1f9d36efa1,82b44021483bad50,200,120,60.0,325.675,288.717472,1.0,4.9,367.654877,2.542143,370.247538,4.908333,2.655348,0.0,0.45614,0.711816,0.253485,0.307873,200,968,968,32.0,0,0,16,16,123,123,16,34,494.0,589,0,0,93,107,0,93,13,5,8,0,13,8,8,8,0,0,0,0,0,80,0,80,80,80,0,0,0,0,DTC-selected OC
974,1,1.0,1.0,0.7774762550881954,13000503,50,1,362.502398508857,175.0,38.0,2.154243134884,426b288a8a1c121f,8d15af1f9d36efa1,7c1065879bfe1ffb,200,97,48.5,235.061856,307.697659,0.5,2.0,300.170062,1.933333,287.830074,4.030928,1.897698,0.0,0.44539,0.610895,0.338409,0.173362,200,928,928,32.0,0,0,16,16,34,34,14,2,314.0,391,0,0,18,87,0,18,15,8,7,0,15,7,7,2,5,0,0,0,0,3,100,3,103,8,95,0,0,0,DTC-selected OC
975,0,0.0,1.0,0.7774762550881954,13000504,50,0,246.722896206204,175.0,35.0,1.525649567834,7d2e4daa0fa860bf,8d15af1f9d36efa1,a1a33ed73b9d2d6b,200,170,85.0,244.217647,271.995867,0.9,3.8,324.478492,3.043519,291.480936,4.0,2.852941,0.0,0.325397,0.621212,0.227273,0.123711,200,1088,1088,32.0,0,0,16,16,46,46,4,0,328.0,680,0,0,28,153,0,28,18,16,2,0,18,2,2,1,1,0,0,0,0,10,20,10,30,11,19,0,0,0,DTC-selected OC
979,3,1.0,0.0,0.0865979381443299,13000508,50,3,492.612176211631,175.0,45.0,2.265860501572,b540d66638ffc240,8d15af1f9d36efa1,cf85e84fe12b1119,200,87,43.5,171.563218,260.372771,0.5,1.1,155.808145,2.466667,162.581681,2.321839,2.287129,0.0,0.641844,0.644128,0.497512,0.391566,200,840,840,32.0,0,0,16,16,59,59,12,2,362.0,202,0,0,44,78,0,44,14,8,6,0,14,6,6,1,5,0,0,0,0,30,100,13,113,35,78,0,0,0,DTC-selected OC
997,1,1.0,1.0,0.7774762550881954,13000526,50,1,374.421781387596,175.0,35.0,2.222945352245,8498edb629d724f8,8d15af1f9d36efa1,bbc17a5f176ef527,200,140,70.0,171.542857,181.026206,0.7,1.7,198.359217,3.15,195.879553,2.428571,3.235294,0.0,0.481707,0.612403,0.37037,0.198113,200,1184,1184,32.0,0,0,16,16,39,39,6,0,316.0,340,0,0,22,126,0,22,17,14,3,0,17,3,3,0,3,0,0,0,0,5,60,0,60,8,52,0,0,0,DTC-selected OC
1009,0,0.0,1.0,0.4147339699863574,14000038,75,0,337.122741841739,325.0,47.0,2.531075542356,1b8f3613ce5cc5f5,8d15af1f9d36efa1,9a7a3500c55765f4,200,200,100.0,234.265,238.704236,1.0,3.5,281.030315,3.74,279.585822,3.5,3.268571,0.0,0.371634,0.674267,0.3,0.104859,300,2192,2192,32.0,0,0,16,16,40,40,2,0,414.0,700,0,0,20,180,0,20,20,19,1,0,20,1,1,1,0,0,0,0,0,0,0,0,0,0,0,0,0,0,DTC-selected OC
1014,3,0.0,0.0,0.06796116504854369,14000043,75,3,343.324373691907,425.0,34.0,2.254264500972,2b98b076d2300ba5,8d15af1f9d36efa1,9b5a4b00c6159ac4,200,135,67.5,190.592593,194.267398,1.0,2.9,231.608436,3.448333,199.393126,2.57037,3.682997,0.0,0.605233,0.726776,0.463679,0.365631,300,2432,2432,32.0,0,0,16,16,98,98,4,6,532.0,347,0,0,80,120,0,80,15,13,2,0,15,2,2,2,0,0,0,0,0,65,0,65,65,65,0,0,0,0,DTC-selected OC
1022,1,1.0,1.0,0.8695652173913043,14000051,75,1,321.990080310122,175.0,53.0,1.697866825733,4a2da881a2fc7705,8d15af1f9d36efa1,9a628b00c5436635,200,199,99.5,310.934673,303.016539,1.0,4.9,389.137698,3.309048,394.165785,4.904523,3.696721,0.0,0.297842,0.674267,0.23511,0.077505,300,2352,2352,32.0,0,0,16,16,41,41,0,0,414.0,976,0,0,21,179,0,21,20,20,0,0,20,0,0,0,0,0,0,0,0,1,0,1,1,1,0,0,0,0,DTC-selected OC
1028,0,0.0,1.0,0.8695652173913043,14000057,75,0,270.633827136075,325.0,28.0,1.850849972427,3acb4ebedb1becc3,8d15af1f9d36efa1,e570858b2ac5a79f,200,193,96.5,268.88601,271.87874,1.0,4.4,345.254612,4.115476,330.136066,4.430052,3.955556,0.0,0.33463,0.68254,0.25974,0.102833,300,2592,2592,32.0,0,0,16,16,47,47,4,0,430.0,855,0,0,27,173,0,27,20,18,2,0,20,2,2,2,0,0,0,0,0,7,0,7,7,7,0,0,0,0,DTC-selected OC
1029,1,1.0,1.0,0.4147339699863574,14000058,75,1,361.386389052208,175.0,37.0,2.918739190008,16b8bf50076f3712,8d15af1f9d36efa1,2d8a465a225022be,200,193,96.5,220.699482,232.341712,1.0,3.7,272.812444,3.768095,270.632147,3.699482,3.389356,0.0,0.375874,0.68254,0.295858,0.12069,300,2376,2376,32.0,0,0,16,16,47,47,4,0,430.0,714,0,0,27,173,0,27,20,18,2,0,20,2,2,2,0,0,0,0,0,7,0,7,7,7,0,0,0,0,DTC-selected OC
1037,3,3.0,1.0,0.7774762550881954,14000066,75,3,130.58202335084,175.0,54.0,2.227152009119,c3a04c72d2723c41,8d15af1f9d36efa1,c342a5addaacdff8,200,200,100.0,234.115,243.007145,1.0,3.8,293.365246,3.731667,286.958723,3.8,3.657895,0.0,0.351536,0.673203,0.283019,0.095238,300,2192,2192,32.0,0,0,16,16,40,40,0,0,412.0,760,0,0,20,180,0,20,20,20,0,0,20,0,0,0,0,0,0,0,0,0,0,0,0,0,0,0,0,0,DTC-selected OC
1043,2,2.0,1.0,0.7774762550881954,14000072,75,2,378.895676006117,175.0,46.0,1.855061315761,4ad889e77938267f,8d15af1f9d36efa1,7d22c325439cf9ce,200,164,82.0,357.317073,287.547401,1.0,5.6,446.830873,3.623611,460.405544,6.012195,2.841785,0.0,0.327422,0.705882,0.233281,0.130511,300,2432,2432,32.0,0,0,16,16,70,70,8,0,480.0,986,0,0,53,147,0,53,17,13,4,0,17,4,4,4,0,0,0,0,0,36,0,36,36,36,0,0,0,0,DTC-selected OC
1045,1,1.0,1.0,0.7774762550881954,14000074,75,1,166.51481334179,175.0,55.0,1.61356283768,df2b8a79f3b5e71a,8d15af1f9d36efa1,571fd822c91e419,200,200,100.0,266.405,275.595546,1.0,4.1,340.289551,3.83,335.040221,4.1,3.57439,0.0,0.334416,0.673203,0.267857,0.088889,300,2256,2256,32.0,0,0,16,16,40,40,0,0,412.0,820,0,0,20,180,0,20,20,20,0,0,20,0,0,0,0,0,0,0,0,0,0,0,0,0,0,0,0,0,DTC-selected OC
1047,1,1.0,1.0,0.8695652173913043,14000076,75,1,245.823397002798,175.0,44.0,1.696449832989,1a10e6cc395eb574,8d15af1f9d36efa1,9ac18600c593f23a,200,186,93.0,200.935484,188.088899,1.0,2.8,210.219828,3.64119,225.360717,3.043011,3.162544,0.0,0.43513,0.685535,0.34642,0.155224,300,2112,2112,32.0,0,0,16,16,51,51,2,2,436.0,566,0,0,32,168,0,32,18,17,1,0,18,1,1,1,0,0,0,0,0,14,0,14,14,14,0,0,0,0,DTC-selected OC
1053,2,2.0,1.0,0.4147339699863574,14000082,75,2,367.376973221163,325.0,36.0,2.690631644265,3da85b5094a97d1b,8d15af1f9d36efa1,1f24cc4705f2535c,200,184,92.0,256.472826,278.220197,1.0,4.1,329.421166,3.898333,314.282156,4.190217,3.465629,0.0,0.365432,0.689441,0.280112,0.12684,300,2536,2536,32.0,0,0,16,16,54,54,4,0,444.0,771,0,0,35,165,0,35,19,17,2,0,19,2,2,2,0,0,0,0,0,16,0,16,16,16,0,0,0,0,DTC-selected OC
1067,2,2.0,1.0,0.6835443037974683,14000096,75,2,206.048304287255,175.0,47.0,2.228654850616,a2760bd3e534739b,8d15af1f9d36efa1,e72176a58ed79b46,200,200,100.0,307.185,314.379069,1.0,4.5,365.301286,4.26881,379.977101,4.83,3.774327,0.0,0.301013,0.675325,0.236967,0.08,300,2728,2728,32.0,0,0,16,16,40,40,4,0,416.0,966,0,0,20,180,0,20,20,18,2,0,20,2,2,2,0,0,0,0,0,0,0,0,0,0,0,0,0,0,DTC-selected OC
1069,2,2.0,1.0,0.4147339699863574,14000098,75,2,112.800027884826,175.0,43.0,2.657008880381,129bc9b434997516,8d15af1f9d36efa1,2bed968d6b9aa225,200,174,87.0,355.413793,377.20506,1.0,5.9,455.927061,3.126786,449.936164,6.045977,2.881179,0.0,0.308804,0.701493,0.221893,0.115966,300,2192,2192,32.0,0,0,16,16,64,64,10,0,470.0,1052,0,0,45,155,0,45,19,14,5,0,19,5,5,5,0,0,0,0,0,26,0,26,26,26,0,0,0,0,DTC-selected OC
1076,2,3.0,0.0,0.4147339699863574,14000105,75,2,87.442478565548,325.0,57.0,2.459917571327,35cb7594dd1457cd,8d15af1f9d36efa1,fb086b4ff9de939d,200,180,90.0,229.555556,230.644739,1.0,3.4,263.792859,3.911667,259.081279,3.377778,4.129934,0.0,0.431776,0.697885,0.330396,0.176152,300,2720,2720,32.0,0,0,16,16,60,60,10,0,462.0,608,0,0,40,160,0,40,20,15,5,0,20,5,5,5,0,0,0,0,0,20,0,20,20,20,0,0,0,0,DTC-selected OC
1086,2,2.0,1.0,0.7774762550881954,14000115,75,2,348.4255534656,325.0,58.0,1.770448042266,90cff143a8f858a4,8d15af1f9d36efa1,aa34b09313331340,200,191,95.5,229.099476,239.050083,1.0,3.5,269.210166,4.091429,265.532736,3.507853,3.723881,0.0,0.398564,0.689441,0.309278,0.143223,300,2280,2280,32.0,0,0,16,16,53,53,6,8,444.0,670,0,0,29,171,0,29,20,17,3,0,20,3,3,3,0,0,0,0,0,9,0,9,9,9,0,0,0,0,DTC-selected OC
1088,0,0.0,1.0,0.4147339699863574,14000117,75,0,374.637247873053,175.0,49.0,2.435346140648,3719fea5dffcb039,8d15af1f9d36efa1,82ae0137b6f598dd,200,194,97.0,264.670103,280.633849,1.0,4.1,327.823539,3.980476,324.919586,4.072165,3.834177,0.0,0.349259,0.679487,0.275229,0.104308,300,2336,2336,32.0,0,0,16,16,46,46,0,0,424.0,790,0,0,26,174,0,26,20,20,0,0,20,0,0,0,0,0,0,0,0,6,0,6,6,6,0,0,0,0,DTC-selected OC
1093,2,2.0,1.0,0.7774762550881954,14000122,75,2,162.621034349279,325.0,51.0,1.976112933291,1b6e0e91c79e46b4,8d15af1f9d36efa1,39bff16ec383229f,200,193,96.5,276.036269,261.183681,1.0,4.4,335.076579,3.340238,334.455717,4.378238,2.813018,0.0,0.337255,0.68254,0.262009,0.103924,300,2240,2240,32.0,0,0,16,16,47,47,4,4,430.0,845,0,0,26,174,0,26,19,17,2,0,19,2,2,2,0,0,0,0,0,7,0,7,7,7,0,0,0,0,DTC-selected OC
1104,1,1.0,1.0,0.8695652173913043,14000133,75,1,223.362767326571,175.0,47.0,1.560840284735,cd320212cc2cdb98,8d15af1f9d36efa1,9a98aa00c5712a52,200,193,96.5,235.196891,243.826707,1.0,3.4,275.890239,4.508095,270.651654,3.341969,4.289922,0.0,0.396067,0.678973,0.31746,0.12483,300,2544,2544,31.0,0,0,16,15,46,46,0,2,423.0,645,0,0,26,174,0,26,19,19,0,0,19,0,0,0,0,0,0,0,0,7,0,7,7,7,0,0,0,0,DTC-selected OC
1118,0,0.0,1.0,0.7774762550881954,14000147,75,0,322.661919484822,175.0,57.0,1.82892482169,909d7aa5c5fac44b,8d15af1f9d36efa1,1b7c37bd786fcd98,200,197,98.5,259.177665,268.434065,1.0,4.1,322.520762,3.743333,325.289098,4.203046,3.335749,0.0,0.336538,0.677419,0.265957,0.09607,300,2264,2264,32.0,0,0,16,16,43,43,2,0,420.0,828,0,0,23,177,0,23,20,19,1,0,20,1,1,1,0,0,0,0,0,3,0,3,3,3,0,0,0,0,DTC-selected OC
1124,1,1.0,1.0,0.7774762550881954,14000153,75,1,343.10207928828,175.0,51.0,1.952822200925,2ebfd5fdda8671d8,8d15af1f9d36efa1,d607fa03a7808d47,200,200,100.0,188.515,186.924379,1.0,2.7,202.224729,4.205,212.537229,2.895,4.008636,0.0,0.415742,0.673203,0.341297,0.121396,300,2512,2512,32.0,0,0,16,16,40,40,0,0,412.0,579,0,0,20,180,0,20,20,20,0,0,20,0,0,0,0,0,0,0,0,0,0,0,0,0,0,0,0,0,DTC-selected OC
1136,2,2.0,1.0,0.4147339699863574,14000165,75,2,344.463991147288,175.0,31.0,2.803135845588,69b9acfca852260f,8d15af1f9d36efa1,b0bfff6d6c16d86,200,200,100.0,284.535,257.382345,1.0,4.5,350.979021,3.614762,357.099739,4.665,3.438371,0.0,0.30735,0.674267,0.243309,0.080788,300,2256,2256,32.0,0,0,16,16,40,40,2,0,414.0,933,0,0,20,180,0,20,20,19,1,0,20,1,1,1,0,0,0,0,0,0,0,0,0,0,0,0,0,0,DTC-selected OC
1138,1,1.0,1.0,0.0865979381443299,14000167,75,1,425.119024250508,175.0,58.0,2.597271574316,4bc19f4db5a5f232,8d15af1f9d36efa1,e8e984a800722e1d,200,192,96.0,273.703125,283.167456,1.0,4.3,340.352569,3.035833,324.464845,4.203125,3.004957,0.0,0.352847,0.6875,0.271003,0.118033,300,2048,2048,32.0,0,0,16,16,49,49,10,2,440.0,807,0,0,28,172,0,28,20,15,5,0,20,5,5,5,0,0,0,0,0,8,0,8,8,8,0,0,0,0,DTC-selected OC
1147,0,0.0,1.0,0.4147339699863574,14000176,75,0,356.161335974224,175.0,43.0,2.626080562097,15cb13ab1c29974f,8d15af1f9d36efa1,237b8b87959b83cb,200,199,99.5,283.819095,240.265843,1.0,4.4,339.451254,3.693333,344.207947,4.41206,3.542141,0.0,0.324615,0.678457,0.254669,0.092975,300,2376,2376,32.0,0,0,16,16,42,42,6,2,422.0,878,0,0,21,179,0,21,20,17,3,0,20,3,3,3,0,0,0,0,0,1,0,1,1,1,0,0,0,0,DTC-selected OC
1152,0,0.0,1.0,0.8695652173913043,14000181,75,0,227.363966813691,325.0,40.0,1.771772583645,6fd5c51c11ff8605,8d15af1f9d36efa1,9968b2a1d9d55865,200,165,82.5,251.133333,274.249269,1.0,4.0,313.423599,3.495,314.82693,4.042424,3.505247,0.0,0.410256,0.698795,0.310238,0.165207,300,2432,2432,32.0,0,0,16,16,65,65,2,0,464.0,667,0,0,50,150,0,50,15,14,1,0,15,1,1,1,0,0,0,0,0,35,0,35,35,35,0,0,0,0,DTC-selected OC
1157,1,1.0,1.0,0.276,14000186,75,1,353.466312109752,425.0,41.0,1.663041306036,87011f237cb7507b,8d15af1f9d36efa1,672a6796f6952a3b,200,142,71.0,277.401408,250.814732,1.0,3.9,289.442269,3.532381,331.310077,4.514085,2.981279,0.0,0.446937,0.721448,0.31881,0.224909,300,2248,2248,32.0,0,0,16,16,89,89,8,6,518.0,641,0,0,72,128,0,72,14,10,4,0,14,4,4,4,0,0,0,0,0,58,0,58,58,58,0,0,0,0,DTC-selected OC
1158,3,3.0,1.0,0.3076923076923077,14000187,75,3,244.660002272699,75.0,35.0,1.837456854093,a5e8d2a44a3e9dd5,8d15af1f9d36efa1,ce645f55b80141a1,200,162,81.0,422.32716,316.527581,1.0,6.8,548.021727,3.94504,528.151834,6.58642,3.575445,0.0,0.319081,0.714286,0.219459,0.136032,300,2480,2480,32.0,0,0,16,16,77,77,14,14,500.0,1067,0,0,54,146,0,54,16,9,7,0,16,7,7,7,0,0,0,0,0,38,0,38,38,38,0,0,0,0,DTC-selected OC
1169,0,0.0,1.0,0.276,14000198,75,0,191.532142955024,425.0,37.0,1.924359890139,5fb0200e18a76f4a,8d15af1f9d36efa1,9b5db100c6187ded,200,130,65.0,185.730769,222.308759,1.0,3.3,252.078876,4.458333,208.151952,2.738462,4.733146,0.0,0.596372,0.724518,0.457317,0.352727,300,2344,2344,32.0,0,0,16,16,96,96,2,0,526.0,356,0,0,83,117,0,83,13,12,1,0,13,1,1,1,0,0,0,0,0,70,0,70,70,70,0,0,0,0,DTC-selected OC
1172,0,0.0,1.0,0.7774762550881954,14000201,75,0,89.144386995236,325.0,61.0,1.801074619965,edaa317df3ba935,8d15af1f9d36efa1,ee4dc84317d02084,200,189,94.5,259.899471,265.884251,1.0,4.0,313.92915,3.5125,317.784568,4.275132,3.496287,0.0,0.350482,0.685535,0.270758,0.114035,300,2296,2296,32.0,0,0,16,16,51,51,2,0,436.0,808,0,0,31,169,0,31,20,19,1,0,20,1,1,1,0,0,0,0,0,11,0,11,11,11,0,0,0,0,DTC-selected OC
1175,1,3.0,0.0,0.7774762550881954,14000204,75,1,179.453682109714,175.0,62.0,1.94591445678,2ff2398a94c9c99e,8d15af1f9d36efa1,a0a5064f35b30e4f,200,200,100.0,299.225,278.055657,1.0,5.1,406.690019,4.734444,387.155056,5.1,4.086275,0.0,0.287709,0.673203,0.227273,0.072727,300,2624,2624,32.0,0,0,16,16,40,40,0,0,412.0,1020,0,0,20,180,0,20,20,20,0,0,20,0,0,0,0,0,0,0,0,0,0,0,0,0,0,0,0,0,DTC-selected OC
1178,2,1.0,0.0,0.4147339699863574,14000207,75,2,99.294460694774,325.0,51.0,2.808882594015,4582bf6a7c2d0226,8d15af1f9d36efa1,9ae33500c5b04efd,200,191,95.5,174.094241,155.442912,1.0,2.5,182.731424,3.353333,183.155975,2.513089,3.395833,0.0,0.473684,0.683544,0.384615,0.172414,300,2512,2512,32.0,0,0,16,16,49,49,2,0,432.0,480,0,0,29,171,0,29,20,19,1,0,20,1,1,1,0,0,0,0,0,9,0,9,9,9,0,0,0,0,DTC-selected OC
1194,0,0.0,1.0,0.8695652173913043,14000223,75,0,281.492860707642,325.0,36.0,1.527865403174,fe2315f9608967e5,8d15af1f9d36efa1,9ab39900c587d527,200,200,100.0,264.485,285.683455,1.0,4.1,318.845241,4.058571,329.410848,4.2,3.753571,0.0,0.330144,0.674267,0.263158,0.088937,300,2360,2360,32.0,0,0,16,16,40,40,2,0,414.0,840,0,0,20,180,0,20,20,19,1,0,20,1,1,1,0,0,0,0,0,0,0,0,0,0,0,0,0,0,DTC-selected OC
1206,1,1.0,1.0,0.7774762550881954,14000235,75,1,356.873834161549,175.0,61.0,1.539310578091,c335de45e1629285,8d15af1f9d36efa1,3bfd334e2d681765,200,186,93.0,240.091398,257.71865,1.0,3.9,307.63,3.54,287.389137,3.849462,3.793296,0.0,0.380623,0.6875,0.295276,0.131068,300,2432,2432,32.0,0,0,16,16,54,54,0,0,440.0,716,0,0,34,166,0,34,20,20,0,0,20,0,0,0,0,0,0,0,0,14,0,14,14,14,0,0,0,0,DTC-selected OC
1215,1,1.0,1.0,0.7774762550881954,14000244,75,1,395.683056704709,175.0,68.0,1.570503265155,15cd2e4a56908dc9,8d15af1f9d36efa1,e480acdc8d2473d,200,196,98.0,289.556122,301.400392,1.0,4.3,361.515569,4.645,362.08495,4.479592,4.146925,0.0,0.325653,0.679487,0.254669,0.094845,300,2768,2768,32.0,0,0,16,16,44,44,4,0,424.0,878,0,0,24,176,0,24,20,18,2,0,20,2,2,2,0,0,0,0,0,4,0,4,4,4,0,0,0,0,DTC-selected OC
1234,0,0.0,1.0,0.4147339699863574,14000263,75,0,128.85043509626,325.0,37.0,2.689808609063,fac88db1fdd23334,8d15af1f9d36efa1,6bf38a4e3ac92af,200,199,99.5,288.78392,290.492441,1.0,4.2,336.639817,3.616667,350.874309,4.457286,3.547914,0.0,0.322383,0.678457,0.252738,0.092119,300,2440,2440,32.0,0,0,16,16,42,42,6,2,422.0,887,0,0,21,179,0,21,20,17,3,0,20,3,3,3,0,0,0,0,0,1,0,1,1,1,0,0,0,0,DTC-selected OC
1236,1,2.0,0.0,0.0865979381443299,14000265,75,1,455.648654136587,325.0,59.0,2.439728932744,c6a3a75e93d2cb81,8d15af1f9d36efa1,35476b9e244f5c72,200,171,85.5,304.081871,304.074893,1.0,4.7,378.01304,3.361905,366.851659,4.859649,3.444043,0.0,0.366133,0.705882,0.265252,0.151175,300,2208,2208,32.0,0,0,16,16,72,72,4,6,480.0,831,0,0,49,151,0,49,20,18,2,0,20,2,2,2,0,0,0,0,0,29,0,29,29,29,0,0,0,0,DTC-selected OC
1238,2,2.0,1.0,0.7774762550881954,14000267,75,2,141.506910227822,325.0,52.0,1.825067041266,c8092074fde07967,8d15af1f9d36efa1,bc1379698f1bdec4,200,182,91.0,279.675824,280.795049,1.0,4.4,336.511331,3.815,347.035436,4.56044,3.574699,0.0,0.350548,0.691358,0.265487,0.122622,300,2360,2360,32.0,0,0,16,16,56,56,4,0,448.0,830,0,0,37,163,0,37,19,17,2,0,19,2,2,2,0,0,0,0,0,18,0,18,18,18,0,0,0,0,DTC-selected OC
1239,2,0.0,0.0,0.7774762550881954,14000268,75,2,360.669683000327,175.0,47.0,2.224841344405,a7b4f91e4dc55959,8d15af1f9d36efa1,2668a7501274b716,200,20,10.0,139.65,364.87166,0.1,0.2,145.795452,4.5,145.795452,2.0,4.5,0.0,0.906542,0.659864,0.882353,0.583333,300,2384,2384,32.0,0,0,16,16,20,20,16,0,388.0,40,0,0,10,18,0,10,10,2,8,0,10,8,8,0,8,0,0,0,0,0,180,0,180,8,172,0,0,0,DTC-selected OC
1242,3,3.0,1.0,0.3076923076923077,14000271,75,3,227.383433184551,75.0,34.0,1.877117065792,1117eb0f970a8465,8d15af1f9d36efa1,1d28ed9b1909b590,200,179,89.5,308.860335,315.903758,1.0,4.6,371.858763,4.090238,389.034551,4.994413,3.252796,0.0,0.334821,0.692308,0.251256,0.116601,300,2392,2392,32.0,0,0,16,16,57,57,4,4,450.0,894,0,0,38,162,0,38,17,15,2,0,17,2,2,2,0,0,0,0,0,21,0,21,21,21,0,0,0,0,DTC-selected OC
1249,2,2.0,1.0,0.7774762550881954,14000278,75,2,369.473061198441,175.0,49.0,2.177094550196,b23359b599e09e57,8d15af1f9d36efa1,65b1e985ddc5a9cb,200,195,97.5,242.123077,218.064894,1.0,3.7,299.757938,3.695,289.669531,3.661538,3.257703,0.0,0.373684,0.680511,0.295858,0.116337,300,2488,2488,32.0,0,0,16,16,45,45,4,0,426.0,714,0,0,25,175,0,25,20,18,2,0,20,2,2,2,0,0,0,0,0,5,0,5,5,5,0,0,0,0,DTC-selected OC
1264,3,3.0,1.0,0.8695652173913043,14000293,75,3,216.613104613167,325.0,44.0,1.781204003928,3daeed16ecb25209,8d15af1f9d36efa1,c9ce095747f7629d,200,200,100.0,316.125,275.781335,1.0,4.4,343.969068,3.355714,400.488373,4.99,3.475952,0.0,0.294201,0.675325,0.231125,0.077634,300,2416,2416,32.0,0,0,16,16,40,40,4,0,416.0,998,0,0,20,180,0,20,20,18,2,0,20,2,2,2,0,0,0,0,0,0,0,0,0,0,0,0,0,0,DTC-selected OC
1266,1,1.0,1.0,0.8695652173913043,14000295,75,1,244.843890116233,325.0,39.0,1.698811968675,2c4d581a5b4ed280,8d15af1f9d36efa1,82065beebe2052a3,200,200,100.0,262.095,270.078448,1.0,4.4,335.100924,3.277381,324.462798,4.535,3.020948,0.0,0.313399,0.674267,0.24855,0.082912,300,2240,2240,32.0,0,0,16,16,41,41,0,2,414.0,907,0,0,20,180,0,20,20,20,0,0,20,0,0,0,0,0,0,0,0,0,0,0,0,0,0,0,0,0,DTC-selected OC
1270,0,2.0,0.0,0.4147339699863574,14000299,75,0,86.055484330483,175.0,47.0,2.797688224321,d44bd0b2a59a67a1,8d15af1f9d36efa1,edb66816d4fa2549,200,171,85.5,247.233918,260.266167,0.9,3.1,292.701384,3.07963,285.675168,3.432749,3.277683,0.0,0.428432,0.6875,0.338219,0.155396,300,1848,1848,32.0,0,0,16,16,48,48,12,2,440.0,587,0,0,28,153,0,28,19,13,6,0,19,6,6,5,1,0,0,0,0,9,20,9,29,10,19,0,0,0,DTC-selected OC
1272,3,3.0,1.0,0.07446808510638298,14000301,75,3,66.368421331995,175.0,52.0,2.565869327362,4afbf6b6af192825,8d15af1f9d36efa1,71710e682f08d7e2,200,178,89.0,201.623596,196.889352,1.0,2.9,215.658025,3.298333,218.348356,2.932584,3.258621,0.0,0.472727,0.700599,0.364964,0.206687,300,2200,2200,32.0,0,0,16,16,62,62,12,0,468.0,522,0,0,42,158,0,42,20,14,6,0,20,6,6,6,0,0,0,0,0,22,0,22,22,22,0,0,0,0,DTC-selected OC
1292,3,3.0,1.0,0.8695652173913043,14000321,75,3,295.332705719635,175.0,58.0,1.524001898935,9abe7f9360d6a0cd,8d15af1f9d36efa1,b6bd45f2f14f4d0b,200,186,93.0,265.365591,269.652338,1.0,4.5,325.018137,3.776667,334.19108,4.532258,3.219454,0.0,0.339859,0.684543,0.262467,0.107937,300,2296,2296,32.0,0,0,16,16,50,50,2,0,434.0,843,0,0,32,168,0,32,18,17,1,0,18,1,1,1,0,0,0,0,0,14,0,14,14,14,0,0,0,0,DTC-selected OC
1296,3,3.0,1.0,0.7774762550881954,14000325,75,3,160.185399776046,325.0,63.0,1.575489268863,e74e338e97ea9f27,8d15af1f9d36efa1,4a646268aa07f36a,200,177,88.5,247.587571,238.762635,0.9,3.2,286.163213,4.104497,298.420063,3.677966,3.847926,0.0,0.392157,0.677419,0.315457,0.11908,300,2360,2360,32.0,0,0,16,16,41,41,6,0,420.0,651,0,0,22,159,0,22,19,16,3,0,19,3,3,2,1,0,0,0,0,3,20,3,23,4,19,0,0,0,DTC-selected OC
1297,0,2.0,0.0,0.0865979381443299,14000326,75,0,487.888913001678,325.0,56.0,2.738676490718,2d062fc897303b71,8d15af1f9d36efa1,3c7818e197517c56,200,184,92.0,298.565217,297.05185,1.0,4.7,375.105095,3.790317,359.630684,4.63587,3.63306,0.0,0.34435,0.691358,0.260191,0.119711,300,2480,2480,32.0,0,0,16,16,56,56,4,0,448.0,853,0,0,36,164,0,36,20,18,2,0,20,2,2,2,0,0,0,0,0,16,0,16,16,16,0,0,0,0,DTC-selected OC
1304,1,1.0,1.0,0.4147339699863574,14000333,75,1,354.319562488369,175.0,45.0,2.259254657971,e564f358f73d791f,8d15af1f9d36efa1,4bcfeaade5343060,200,172,86.0,257.802326,214.852272,1.0,3.9,301.619738,3.231905,307.177577,4.02907,3.190476,0.0,0.398959,0.69697,0.302115,0.155907,300,2536,2536,32.0,0,0,16,16,62,62,4,0,460.0,693,0,0,45,155,0,45,17,15,2,0,17,2,2,2,0,0,0,0,0,28,0,28,28,28,0,0,0,0,DTC-selected OC
1306,3,3.0,1.0,0.7774762550881954,14000335,75,3,165.06979585403,175.0,58.0,1.79481365345,74b3c7ba0a1c59d3,8d15af1f9d36efa1,5c75f3865d302b55,200,199,99.5,224.422111,232.296979,1.0,3.4,281.595664,4.435,268.501461,3.497487,3.991379,0.0,0.374101,0.675325,0.301205,0.107692,300,2472,2472,32.0,0,0,16,16,41,41,2,0,416.0,696,0,0,21,179,0,21,20,19,1,0,20,1,1,1,0,0,0,0,0,1,0,1,1,1,0,0,0,0,DTC-selected OC
1308,1,1.0,1.0,0.8695652173913043,14000337,75,1,262.316315732362,175.0,48.0,1.708805741015,b35f58d0aaa3e75,8d15af1f9d36efa1,955265cdb8a83532,200,195,97.5,183.035897,178.365403,1.0,2.5,195.628046,5.016667,197.68157,2.523077,4.810976,0.0,0.462882,0.679487,0.378788,0.157534,300,2824,2824,32.0,0,0,16,16,45,45,2,0,424.0,492,0,0,25,175,0,25,20,19,1,0,20,1,1,1,0,0,0,0,0,5,0,5,5,5,0,0,0,0,DTC-selected OC
1324,0,0.0,1.0,0.7774762550881954,14000353,75,0,334.2845495112,175.0,47.0,2.079202126081,90a81ee4b0f13b8,8d15af1f9d36efa1,3c7c84dd3e87d7f,200,200,100.0,353.275,316.353377,1.0,5.7,458.144649,3.700952,449.527104,5.7,3.507895,0.0,0.268293,0.676375,0.208333,0.070147,300,2368,2368,32.0,0,0,16,16,41,41,4,2,418.0,1140,0,0,20,180,0,20,20,18,2,0,20,2,2,2,0,0,0,0,0,0,0,0,0,0,0,0,0,0,DTC-selected OC
1325,3,3.0,1.0,0.8695652173913043,14000354,75,3,246.980908020762,325.0,45.0,1.727962653454,429c88f8c1acaeb7,8d15af1f9d36efa1,1e281f58e1437146,200,172,86.0,177.075581,177.274835,1.0,2.9,209.347402,4.185,209.788729,2.965116,3.92549,0.0,0.469854,0.693252,0.37037,0.190476,300,2392,2392,32.0,0,0,16,16,60,60,0,0,452.0,510,0,0,44,156,0,44,16,16,0,0,16,0,0,0,0,0,0,0,0,28,0,28,28,28,0,0,0,0,DTC-selected OC
1330,3,3.0,1.0,0.7774762550881954,14000359,75,3,362.608792888344,325.0,52.0,2.127693067626,fe6dd3ae6d2b64b7,8d15af1f9d36efa1,2f27cd46f962bade,200,197,98.5,184.51269,167.232045,1.0,2.5,202.058188,3.723333,196.714065,2.593909,3.51272,0.0,0.455804,0.681529,0.369914,0.158155,300,2416,2416,32.0,0,0,16,16,45,45,6,4,428.0,511,0,0,23,177,0,23,20,17,3,0,20,3,3,3,0,0,0,0,0,3,0,3,3,3,0,0,0,0,DTC-selected OC
1332,0,0.0,1.0,0.3076923076923077,14000361,75,0,275.493959144217,75.0,26.0,1.845925080325,bc33244a44e6d191,8d15af1f9d36efa1,280c303461eeeeb5,200,155,77.5,336.722581,274.448562,1.0,4.5,356.211599,3.350595,416.030956,5.354839,3.212048,0.0,0.374057,0.712644,0.265487,0.16499,300,2312,2312,32.0,0,0,16,16,77,77,10,0,496.0,830,0,0,61,139,0,61,16,11,5,0,16,5,5,5,0,0,0,0,0,45,0,45,45,45,0,0,0,0,DTC-selected OC
1337,3,3.0,1.0,0.7774762550881954,14000366,75,3,170.780788258594,325.0,62.0,1.612694865893,e372f1d513408f5b,8d15af1f9d36efa1,26e83f83d0dc9051,200,200,100.0,253.655,257.721698,1.0,3.8,299.470488,4.161667,316.060939,4.03,3.868486,0.0,0.340426,0.675325,0.271248,0.094382,300,2456,2456,32.0,0,0,16,16,40,40,4,0,416.0,806,0,0,20,180,0,20,20,18,2,0,20,2,2,2,0,0,0,0,0,0,0,0,0,0,0,0,0,0,DTC-selected OC
1338,0,3.0,0.0,0.4147339699863574,14000367,75,0,378.683556686434,325.0,46.0,2.635869891659,bf89b5e347118272,8d15af1f9d36efa1,9ab07800c585673d,200,200,100.0,192.77,180.883398,1.0,2.8,213.808464,3.176667,214.78269,2.9,3.472414,0.0,0.417671,0.675325,0.340909,0.126506,300,2384,2384,32.0,0,0,16,16,40,40,4,0,416.0,580,0,0,20,180,0,20,20,18,2,0,20,2,2,2,0,0,0,0,0,0,0,0,0,0,0,0,0,0,DTC-selected OC
1351,0,0.0,1.0,0.8695652173913043,14000380,75,0,291.672314669879,325.0,53.0,1.737006315639,332bb47a651820ed,8d15af1f9d36efa1,68f641b4bae8e24a,200,193,96.5,302.766839,323.323634,1.0,4.9,404.427984,3.670833,383.97874,4.92228,3.492632,0.0,0.309593,0.680511,0.24,0.090038,300,2232,2232,32.0,0,0,16,16,46,46,2,2,426.0,950,0,0,26,174,0,26,19,18,1,0,19,1,1,1,0,0,0,0,0,7,0,7,7,7,0,0,0,0,DTC-selected OC
1354,2,2.0,1.0,0.0865979381443299,14000383,75,2,403.35257032117,175.0,56.0,2.365121123005,3f4cc5b3bd9bfc29,8d15af1f9d36efa1,925c45ecc426d245,200,186,93.0,271.962366,292.376196,1.0,4.2,333.552815,3.701667,326.62187,4.166667,3.436129,0.0,0.368378,0.693252,0.27907,0.134078,300,2120,2120,32.0,0,0,16,16,54,54,12,4,452.0,775,0,0,33,167,0,33,19,13,6,0,19,6,6,6,0,0,0,0,0,14,0,14,14,14,0,0,0,0,DTC-selected OC
1356,0,0.0,1.0,0.7774762550881954,14000385,75,0,342.040799109169,325.0,52.0,1.523386872264,6188c6bbaf583fe5,8d15af1f9d36efa1,abb72a9b8a753dfc,200,192,96.0,322.203125,341.462097,1.0,5.3,415.282745,3.605952,406.373144,5.338542,3.47122,0.0,0.299385,0.68652,0.226415,0.093722,300,2184,2184,32.0,0,0,16,16,48,48,10,0,438.0,1025,0,0,28,172,0,28,20,15,5,0,20,5,5,5,0,0,0,0,0,8,0,8,8,8,0,0,0,0,DTC-selected OC
1361,0,0.0,1.0,0.4147339699863574,14000390,75,0,145.261406033721,325.0,39.0,2.810360012277,6a9f75447df04b05,8d15af1f9d36efa1,3be80a134e83a77d,200,154,77.0,226.584416,259.436772,0.8,2.9,287.315712,3.585119,268.04066,3.493506,3.490706,0.0,0.445361,0.683544,0.357995,0.15674,300,2096,2096,32.0,0,0,16,16,47,47,6,0,432.0,538,0,0,29,138,0,29,18,15,3,0,18,3,3,1,2,0,0,0,0,11,40,6,46,13,33,0,0,0,DTC-selected OC
1365,2,2.0,1.0,0.276,14000394,75,2,272.796912826297,425.0,21.0,2.213632888073,e01e4368d3f0d223,8d15af1f9d36efa1,ff2a6e006d8af46b,200,151,75.5,265.476821,293.396725,0.9,3.9,331.550249,3.951058,304.909145,4.231788,3.172144,0.0,0.422764,0.700599,0.319489,0.175484,300,2520,2520,32.0,0,0,16,16,65,65,6,8,468.0,639,0,0,45,136,0,45,16,13,3,0,16,3,3,2,1,0,0,0,0,29,20,29,49,30,19,0,0,0,DTC-selected OC
1366,3,3.0,1.0,0.7774762550881954,14000395,75,3,356.651284176109,325.0,53.0,2.05835849645,534a3f6c46952b03,8d15af1f9d36efa1,840e76bed61c56e5,200,200,100.0,286.17,270.766597,1.0,4.5,353.177389,3.646667,357.764934,4.5,3.504444,0.0,0.316109,0.675325,0.25,0.085366,300,2352,2352,32.0,0,0,16,16,41,41,2,2,416.0,900,0,0,20,180,0,20,20,19,1,0,20,1,1,1,0,0,0,0,0,0,0,0,0,0,0,0,0,0,DTC-selected OC
1374,0,0.0,1.0,0.7774762550881954,14000403,75,0,124.216528608414,325.0,55.0,1.987584868207,7430bd5d1d8da201,8d15af1f9d36efa1,b47489884d176455,200,200,100.0,231.215,253.316225,1.0,3.7,282.37721,4.19,278.708865,3.7,3.72973,0.0,0.359862,0.675325,0.288462,0.101942,300,2448,2448,32.0,0,0,16,16,40,40,4,0,416.0,740,0,0,20,180,0,20,20,18,2,0,20,2,2,2,0,0,0,0,0,0,0,0,0,0,0,0,0,0,DTC-selected OC
1384,1,2.0,0.0,0.4147339699863574,14000413,75,1,109.542247826416,175.0,54.0,2.832926145063,563704a49e923413,8d15af1f9d36efa1,c83514ad4c84c290,200,200,100.0,211.78,216.38334,1.0,3.0,253.486704,3.723333,253.564867,3.165,3.462875,0.0,0.395415,0.674267,0.321543,0.114685,300,2272,2272,32.0,0,0,16,16,40,40,2,0,414.0,633,0,0,20,180,0,20,20,19,1,0,20,1,1,1,0,0,0,0,0,0,0,0,0,0,0,0,0,0,DTC-selected OC
1388,1,1.0,1.0,0.4147339699863574,14000417,75,1,327.774315838148,325.0,58.0,2.258305756485,209d1c85a1ea67ac,8d15af1f9d36efa1,fe2bf9f79dc221de,200,200,100.0,233.73,253.141322,1.0,3.5,286.676993,5.028333,285.749701,3.605,4.597781,0.0,0.363636,0.673203,0.29383,0.099875,300,2560,2560,32.0,0,0,16,16,40,40,0,0,412.0,721,0,0,20,180,0,20,20,20,0,0,20,0,0,0,0,0,0,0,0,0,0,0,0,0,0,0,0,0,DTC-selected OC
1396,2,2.0,1.0,0.7774762550881954,14000425,75,2,129.099508936586,175.0,51.0,2.16651274641,f29db2ba325c83e7,8d15af1f9d36efa1,a090bd39eb22eee5,200,195,97.5,293.220513,327.759135,1.0,4.6,389.94717,4.0,372.839022,4.610256,3.439377,0.0,0.322532,0.681529,0.250209,0.096482,300,2104,2104,32.0,0,0,16,16,45,45,6,0,428.0,899,0,0,25,175,0,25,20,17,3,0,20,3,3,3,0,0,0,0,0,5,0,5,5,5,0,0,0,0,DTC-selected OC
1414,3,3.0,1.0,0.6835443037974683,14000443,75,3,253.275887579245,325.0,41.0,2.055556835889,6c017a6da8eb02f0,8d15af1f9d36efa1,50d4a98083f4b380,200,179,89.5,242.553073,232.929056,1.0,4.2,335.966822,3.400379,295.345959,3.938547,3.252482,0.0,0.387489,0.690402,0.298507,0.139194,300,2016,2016,32.0,0,0,16,16,55,55,4,0,446.0,705,0,0,38,162,0,38,17,15,2,0,17,2,2,2,0,0,0,0,0,21,0,21,21,21,0,0,0,0,DTC-selected OC
1425,0,0.0,1.0,0.6835443037974683,14000454,75,0,261.165544549205,175.0,43.0,2.206283612126,5b4638286ae74a70,8d15af1f9d36efa1,e5d2e5a2991d10d7,200,185,92.5,278.648649,256.174605,1.0,3.9,313.039273,3.416667,325.918776,4.183784,3.395349,0.0,0.362438,0.6875,0.27933,0.122449,300,2416,2416,32.0,0,0,16,16,52,52,4,2,440.0,774,0,0,33,167,0,33,18,16,2,0,18,2,2,2,0,0,0,0,0,15,0,15,15,15,0,0,0,0,DTC-selected OC
1430,1,1.0,1.0,0.8695652173913043,14000459,75,1,349.161265821957,325.0,61.0,1.580676606532,b7443d0f7d0644c,8d15af1f9d36efa1,c3225f4f4930bd1e,200,180,90.0,203.622222,207.575498,0.9,2.6,232.666244,4.096296,235.617114,2.888889,4.230769,0.0,0.44086,0.672131,0.365854,0.130435,300,2888,2888,32.0,0,0,16,16,38,38,2,0,410.0,520,0,0,19,162,0,19,19,18,1,0,19,1,1,0,1,0,0,0,0,0,20,0,20,1,19,0,0,0,DTC-selected OC
1439,1,1.0,1.0,0.7774762550881954,14000468,75,1,151.63802888078,175.0,47.0,2.164695097006,99da622e7a52fff5,8d15af1f9d36efa1,f1a8c6ff5719ccc9,200,193,96.5,278.53886,264.53152,1.0,3.9,305.75295,3.233095,352.514865,4.414508,3.157277,0.0,0.334375,0.681529,0.260417,0.101266,300,2008,2008,32.0,0,0,16,16,45,45,6,0,428.0,852,0,0,26,174,0,26,19,16,3,0,19,3,3,3,0,0,0,0,0,7,0,7,7,7,0,0,0,0,DTC-selected OC
1440,0,0.0,1.0,0.8695652173913043,14000469,75,0,248.217901405679,175.0,39.0,1.848463847849,b01c8cf427dcfbf8,8d15af1f9d36efa1,a249ff5dd6685518,200,200,100.0,268.45,289.427784,1.0,4.4,327.691293,3.3,340.47055,4.635,3.110032,0.0,0.308725,0.674267,0.244499,0.081269,300,2120,2120,32.0,0,0,16,16,40,40,2,0,414.0,927,0,0,20,180,0,20,20,19,1,0,20,1,1,1,0,0,0,0,0,0,0,0,0,0,0,0,0,0,DTC-selected OC
1444,1,1.0,1.0,0.7774762550881954,14000473,75,1,136.097011306212,325.0,62.0,1.513996337176,d23041848b50fc61,8d15af1f9d36efa1,968d2f5e474d47e3,200,193,96.5,234.927461,243.990773,1.0,3.8,282.667971,4.296667,281.843859,3.735751,4.417476,0.0,0.371404,0.680511,0.29383,0.115337,300,2616,2616,32.0,0,0,16,16,47,47,0,0,426.0,721,0,0,27,173,0,27,20,20,0,0,20,0,0,0,0,0,0,0,0,7,0,7,7,7,0,0,0,0,DTC-selected OC
1453,2,1.0,0.0,0.3076923076923077,14000482,75,2,272.256371002633,75.0,28.0,2.222754856522,e4e4e1eb9127ea5d,8d15af1f9d36efa1,d54792c8dd69c5cb,200,143,71.5,249.167832,211.496912,1.0,3.2,271.895328,4.39,289.801141,3.482517,3.704819,0.0,0.509843,0.721448,0.37594,0.27193,300,2416,2416,32.0,0,0,16,16,86,86,14,6,518.0,498,0,0,70,130,0,70,13,6,7,0,13,7,7,7,0,0,0,0,0,57,0,57,57,57,0,0,0,0,DTC-selected OC
1464,0,0.0,1.0,0.06779661016949153,14000493,75,0,38.939641088793,175.0,66.0,1.821019654111,858487cda26557fa,8d15af1f9d36efa1,e134cf4feb49539f,200,186,93.0,224.301075,232.363202,1.0,3.4,264.666578,3.453333,271.52668,3.505376,3.228528,0.0,0.40293,0.6875,0.315126,0.142105,300,2248,2248,32.0,0,0,16,16,52,52,4,0,440.0,652,0,0,33,167,0,33,19,17,2,0,19,2,2,2,0,0,0,0,0,14,0,14,14,14,0,0,0,0,DTC-selected OC
1465,1,1.0,1.0,0.8695652173913043,14000494,75,1,207.51185905174,325.0,53.0,1.530904519085,e112fc0425c37c47,8d15af1f9d36efa1,996867f3e45f3d2,200,200,100.0,253.54,270.141342,1.0,4.0,317.56929,3.735238,314.031026,4.1,3.228049,0.0,0.33657,0.675325,0.267857,0.09292,300,2288,2288,32.0,0,0,16,16,40,40,4,0,416.0,820,0,0,20,180,0,20,20,18,2,0,20,2,2,2,0,0,0,0,0,0,0,0,0,0,0,0,0,0,DTC-selected OC
1478,0,0.0,1.0,0.7774762550881954,14000507,75,0,162.253021402312,325.0,60.0,1.787790625311,faf1b1f726bc335e,8d15af1f9d36efa1,9ac81f00c59961e3,200,200,100.0,304.925,309.601015,1.0,4.6,361.94595,4.9125,379.58328,4.665,4.386924,0.0,0.311439,0.678457,0.243309,0.087977,300,2696,2696,32.0,0,0,16,16,40,40,10,0,422.0,933,0,0,20,180,0,20,20,15,5,0,20,5,5,5,0,0,0,0,0,0,0,0,0,0,0,0,0,0,DTC-selected OC
1490,3,3.0,1.0,0.6835443037974683,14000519,75,3,220.056746800042,325.0,47.0,1.972968936898,49b644a3b2a8ee68,8d15af1f9d36efa1,ffb83a39b2d72282,200,176,88.0,248.403409,254.009918,1.0,3.5,291.953684,4.283333,301.742269,3.755682,3.824508,0.0,0.405041,0.692308,0.312175,0.151476,300,2408,2408,32.0,0,0,16,16,59,59,0,2,450.0,661,0,0,41,159,0,41,17,17,0,0,17,0,0,0,0,0,0,0,0,24,0,24,24,24,0,0,0,0,DTC-selected OC
1500,3,1.0,0.0,0.18007662835249041,15000029,100,3,455.091751075,325.0,86.0,1.70214309117,261384c55508c7c5,8d15af1f9d36efa1,24908e8b3d08178b,200,161,80.5,285.074534,291.922363,1.0,4.3,341.870448,4.885,346.432043,4.608696,4.726415,0.0,0.442105,0.746193,0.350263,0.173719,400,4328,4328,32.0,0,0,16,16,73,73,10,0,588.0,742,0,0,56,144,0,56,17,12,5,0,17,5,5,5,0,0,0,0,0,39,0,39,39,39,0,0,0,0,DTC-selected OC
1502,1,3.0,0.0,0.4147339699863574,15000031,100,1,88.014416477079,175.0,71.0,2.520736312337,70425a7a235e6eca,8d15af1f9d36efa1,5fba424fa213c2a0,200,192,96.0,233.46875,242.848994,1.0,3.4,273.404557,5.051667,268.681533,3.494792,4.387481,0.0,0.442228,0.726776,0.373483,0.129702,400,4128,4128,32.0,0,0,16,16,48,48,4,0,532.0,671,0,0,28,172,0,28,20,18,2,0,20,2,2,2,0,0,0,0,0,8,0,8,8,8,0,0,0,0,DTC-selected OC
1505,0,1.0,0.0,0.18007662835249041,15000034,100,0,461.63339986744,325.0,83.0,2.142364975753,10c695397e2432e9,8d15af1f9d36efa1,92cccf8511e30408,200,194,97.0,258.458763,267.427653,1.0,4.1,316.551144,4.805,306.426333,4.170103,4.488257,0.0,0.399406,0.728997,0.330852,0.115847,400,4312,4312,32.0,0,0,16,16,46,46,14,0,538.0,809,0,0,26,174,0,26,20,13,7,0,20,7,7,7,0,0,0,0,0,6,0,6,6,6,0,0,0,0,DTC-selected OC
1510,3,3.0,1.0,0.7774762550881954,15000039,100,3,89.349606891624,325.0,74.0,2.06432341008,ae8239fc35a4f554,8d15af1f9d36efa1,d9922657846eb1b5,200,197,98.5,222.350254,241.597219,1.0,3.6,282.747344,4.296667,269.110494,3.57868,4.221277,0.0,0.425428,0.722992,0.361991,0.113208,400,3840,3840,32.0,0,0,16,16,43,43,4,0,522.0,705,0,0,23,177,0,23,20,18,2,0,20,2,2,2,0,0,0,0,0,3,0,3,3,3,0,0,0,0,DTC-selected OC
1518,1,1.0,1.0,0.9682539682539683,15000047,100,1,229.190985268337,325.0,63.0,1.728615186708,12f7dcbdff38c69b,8d15af1f9d36efa1,96940d5051dde053,200,200,100.0,207.57,210.9116,1.0,3.0,250.995345,4.97,247.846191,3.23,4.249226,0.0,0.442142,0.719101,0.382409,0.110193,400,4024,4024,32.0,0,0,16,16,40,40,0,0,512.0,646,0,0,20,180,0,20,20,20,0,0,20,0,0,0,0,0,0,0,0,0,0,0,0,0,0,0,0,0,DTC-selected OC
1522,3,3.0,1.0,0.8695652173913043,15000051,100,3,346.645393577679,175.0,70.0,1.881613289612,7182031956b0c152,8d15af1f9d36efa1,7de7cdb4f47f0972,200,196,98.0,220.887755,196.301278,1.0,3.1,232.345171,4.4,246.668679,3.183673,4.432692,0.0,0.456446,0.723757,0.390625,0.128492,400,3680,3680,32.0,0,0,16,16,45,45,2,2,524.0,624,0,0,24,176,0,24,20,19,1,0,20,1,1,1,0,0,0,0,0,4,0,4,4,4,0,0,0,0,DTC-selected OC
1529,0,0.0,1.0,0.9682539682539683,15000058,100,0,287.62824134318,175.0,70.0,1.642278341338,6a65896612676b93,8d15af1f9d36efa1,cd554f6c691948,200,200,100.0,244.915,271.554201,1.0,3.7,296.50109,4.671667,294.031438,3.7,4.704054,0.0,0.410828,0.72067,0.350877,0.101942,400,4296,4296,32.0,0,0,16,16,41,41,2,2,516.0,740,0,0,20,180,0,20,20,19,1,0,20,1,1,1,0,0,0,0,0,0,0,0,0,0,0,0,0,0,DTC-selected OC
1531,1,1.0,1.0,0.6835443037974683,15000060,100,1,188.385967101207,175.0,53.0,2.032096814949,f2fa5e78f7f2be4c,8d15af1f9d36efa1,26a7101c9dd705c3,200,190,95.0,304.063158,346.66289,1.0,4.9,389.141287,4.319048,385.376909,4.868421,4.212973,0.0,0.365569,0.727149,0.301887,0.099318,400,3800,3800,31.0,0,0,16,15,50,50,2,0,533.0,925,0,0,30,170,0,30,20,19,1,0,20,1,1,1,0,0,0,0,0,10,0,10,10,10,0,0,0,0,DTC-selected OC
1535,2,3.0,0.0,0.71875,15000064,100,2,336.227623990052,175.0,46.0,2.844457160456,f40b4adb3c7a0f8e,8d15af1f9d36efa1,55a27ea5a9d313df,200,200,100.0,198.85,207.576191,1.0,2.9,222.685742,5.591667,228.969135,2.9,5.496552,0.0,0.469835,0.719888,0.408163,0.123867,400,4144,4144,32.0,0,0,16,16,41,41,0,2,514.0,580,0,0,20,180,0,20,20,20,0,0,20,0,0,0,0,0,0,0,0,0,0,0,0,0,0,0,0,0,DTC-selected OC
1536,0,0.0,1.0,0.9682539682539683,15000065,100,0,228.014205363865,325.0,54.0,1.634299948683,2bb60bb37426162f,8d15af1f9d36efa1,5d1364fccab33dd,200,200,100.0,237.55,250.726557,1.0,3.6,286.20053,4.946667,288.59094,3.77,4.395225,0.0,0.405363,0.719888,0.34662,0.098086,400,4336,4336,32.0,0,0,16,16,40,40,2,0,514.0,754,0,0,20,180,0,20,20,19,1,0,20,1,1,1,0,0,0,0,0,0,0,0,0,0,0,0,0,0,DTC-selected OC
1542,2,2.0,1.0,0.6835443037974683,15000071,100,2,106.110325332586,325.0,76.0,2.051991652604,fab5e06a9d6fd156,8d15af1f9d36efa1,3bb9a6fda91bb86d,200,199,99.5,231.452261,234.273591,1.0,3.4,270.001483,5.081667,280.281222,3.497487,5.150862,0.0,0.426689,0.721448,0.364964,0.109974,400,4256,4256,32.0,0,0,16,16,41,41,4,0,518.0,696,0,0,21,179,0,21,20,18,2,0,20,2,2,2,0,0,0,0,0,1,0,1,1,1,0,0,0,0,DTC-selected OC
1572,2,2.0,1.0,0.8695652173913043,15000101,100,2,196.832452546475,325.0,68.0,1.646139081105,1f1bc3a0ac8d9029,8d15af1f9d36efa1,d7e1f6510815850b,200,193,96.5,178.559585,181.457622,1.0,2.5,192.066595,4.91,204.568051,2.621762,4.750988,0.0,0.507782,0.722992,0.441501,0.151007,400,3976,3976,32.0,0,0,16,16,45,45,0,0,522.0,506,0,0,26,174,0,26,19,19,0,0,19,0,0,0,0,0,0,0,0,7,0,7,7,7,0,0,0,0,DTC-selected OC
1575,0,0.0,1.0,0.8695652173913043,15000104,100,0,91.851974436352,325.0,88.0,1.513445972054,9a52abae03db6bea,8d15af1f9d36efa1,67866ab6c46ebcd0,200,176,88.0,250.556818,243.513043,1.0,3.6,282.728802,4.758333,294.651913,3.886364,4.209064,0.0,0.449275,0.736148,0.369004,0.155556,400,4248,4248,32.0,0,0,16,16,62,62,2,0,558.0,684,0,0,43,157,0,43,19,18,1,0,19,1,1,1,0,0,0,0,0,24,0,24,24,24,0,0,0,0,DTC-selected OC
1576,0,0.0,1.0,0.9682539682539683,15000105,100,0,284.234019135336,325.0,47.0,1.621350530382,73ab6e6e2927b9f6,8d15af1f9d36efa1,9b9ae900c64c8b33,200,200,100.0,199.66,205.455722,1.0,3.0,223.129086,4.66,228.727755,3.0,4.833333,0.0,0.460432,0.719101,0.4,0.117647,400,4520,4520,32.0,0,0,16,16,40,40,0,0,512.0,600,0,0,20,180,0,20,20,20,0,0,20,0,0,0,0,0,0,0,0,0,0,0,0,0,0,0,0,0,DTC-selected OC
1589,3,1.0,0.0,0.4375,15000118,100,3,370.310944256779,425.0,71.0,1.603775141502,6993ec150712b55c,8d15af1f9d36efa1,c2f73d81ed17d1c7,200,171,85.5,294.830409,301.825291,1.0,4.6,367.908542,4.583333,352.96166,4.51462,4.30829,0.0,0.423881,0.739583,0.341297,0.14978,400,4192,4192,32.0,0,0,16,16,63,63,10,4,568.0,772,0,0,45,155,0,45,16,11,5,0,16,5,5,5,0,0,0,0,0,29,0,29,29,29,0,0,0,0,DTC-selected OC
1595,0,0.0,1.0,0.07446808510638298,15000124,100,0,67.320120987306,175.0,64.0,2.840069011785,d5a909e5f1b18c38,8d15af1f9d36efa1,910824327ca21281,200,184,92.0,229.967391,236.232609,1.0,3.6,288.180492,4.533333,275.622713,3.527174,4.004622,0.0,0.453243,0.728997,0.381316,0.140397,400,3888,3888,32.0,0,0,16,16,52,52,2,0,538.0,649,0,0,34,166,0,34,18,17,1,0,18,1,1,1,0,0,0,0,0,16,0,16,16,16,0,0,0,0,DTC-selected OC
1596,1,1.0,1.0,0.9682539682539683,15000125,100,1,270.748822582754,175.0,65.0,1.549674796293,39070b6d1d325d9,8d15af1f9d36efa1,792bb850d2999480,200,200,100.0,208.105,217.801938,1.0,2.9,248.833092,6.05,241.79969,3.0,5.366667,0.0,0.460432,0.719101,0.4,0.117647,400,4632,4632,32.0,0,0,16,16,40,40,0,0,512.0,600,0,0,20,180,0,20,20,20,0,0,20,0,0,0,0,0,0,0,0,0,0,0,0,0,0,0,0,0,DTC-selected OC
1597,2,2.0,1.0,0.9682539682539683,15000126,100,2,191.255321113432,325.0,59.0,2.013001663851,5de9d0982fabad53,8d15af1f9d36efa1,20a02cc57af467ae,200,173,86.5,174.208092,184.397365,0.9,2.2,190.522907,5.231481,188.671893,2.381503,5.067961,0.0,0.558887,0.722992,0.492611,0.179283,400,4088,4088,32.0,0,0,16,16,44,44,2,2,522.0,412,0,0,25,156,0,25,18,17,1,0,18,1,1,0,1,0,0,0,0,7,20,7,27,8,19,0,0,0,DTC-selected OC
1598,0,0.0,1.0,0.6835443037974683,15000127,100,0,428.06302628342,175.0,86.0,1.965297944891,798251f29cd2eafc,8d15af1f9d36efa1,9a9c3700c5744fc0,200,197,98.5,201.796954,209.768819,1.0,2.9,225.564846,6.308333,233.028605,2.954315,6.120275,0.0,0.472826,0.722992,0.407332,0.133929,400,4696,4696,32.0,0,0,16,16,44,44,2,2,522.0,582,0,0,23,177,0,23,20,19,1,0,20,1,1,1,0,0,0,0,0,3,0,3,3,3,0,0,0,0,DTC-selected OC
1606,2,0.0,0.0,0.6835443037974683,15000135,100,2,123.716615685562,175.0,75.0,2.204660579153,14dbb01bc27177fa,8d15af1f9d36efa1,fdc0ce16929f9cbb,200,200,100.0,232.905,239.187265,1.0,3.4,273.616745,5.371667,276.718229,3.5,4.891429,0.0,0.424342,0.72067,0.363636,0.107143,400,4296,4296,32.0,0,0,16,16,41,41,2,2,516.0,700,0,0,20,180,0,20,20,19,1,0,20,1,1,1,0,0,0,0,0,0,0,0,0,0,0,0,0,0,DTC-selected OC
1607,2,2.0,1.0,0.9682539682539683,15000136,100,2,228.400060799755,175.0,47.0,2.018438908078,de7fc5b5fed4cd3b,8d15af1f9d36efa1,6d93b8a877a16ba3,200,168,84.0,225.541667,264.903787,1.0,3.6,283.252846,5.966667,280.19781,3.571429,5.226667,0.0,0.483649,0.737533,0.4,0.178082,400,4232,4232,32.0,0,0,16,16,64,64,2,0,562.0,600,0,0,48,152,0,48,16,15,1,0,16,1,1,1,0,0,0,0,0,32,0,32,32,32,0,0,0,0,DTC-selected OC
1619,1,1.0,1.0,0.8,15000148,100,1,275.980968146212,325.0,53.0,2.205000328629,c7cdcb00e8289722,8d15af1f9d36efa1,a8154e8590aa391c,200,197,98.5,263.071066,287.861766,1.0,3.9,316.439709,5.766667,319.204855,4.035533,5.260377,0.0,0.397727,0.724138,0.334728,0.105737,400,4344,4344,31.0,0,0,16,15,43,43,8,0,525.0,795,0,0,23,177,0,23,20,16,4,0,20,4,4,4,0,0,0,0,0,3,0,3,3,3,0,0,0,0,DTC-selected OC
1630,0,0.0,1.0,0.4375,15000159,100,0,218.544625205385,425.0,32.0,1.644304147762,fa13193b3f2b9464,8d15af1f9d36efa1,6fa853d6b79460e4,200,106,53.0,286.377358,282.730712,1.0,4.3,343.720533,4.467857,324.641331,4.132075,3.908676,0.0,0.607527,0.77221,0.477327,0.359649,400,4232,4232,32.0,0,0,16,16,118,118,10,4,678.0,438,0,0,105,95,0,105,11,6,5,0,11,5,5,5,0,0,0,0,0,94,0,94,94,94,0,0,0,0,DTC-selected OC
1632,1,1.0,1.0,0.6835443037974683,15000161,100,1,331.577204308354,325.0,55.0,1.942908644294,838119a1693627ef,8d15af1f9d36efa1,2c14449be4781ccc,200,200,100.0,238.56,266.224759,1.0,3.8,297.913221,4.257619,291.324531,3.865,4.35705,0.0,0.399378,0.719888,0.341006,0.095906,400,3528,3528,32.0,0,0,16,16,40,40,2,0,514.0,773,0,0,20,180,0,20,20,19,1,0,20,1,1,1,0,0,0,0,0,0,0,0,0,0,0,0,0,0,DTC-selected OC
1633,0,0.0,1.0,0.9682539682539683,15000162,100,0,214.64915806428,175.0,63.0,1.505990001344,9ebd611bb7e34885,8d15af1f9d36efa1,9b8d4200c640e512,200,196,98.0,236.27551,238.578472,1.0,3.4,267.372039,5.941667,275.022133,3.55102,5.221264,0.0,0.429508,0.723757,0.364964,0.116751,400,4504,4504,32.0,0,0,16,16,45,45,2,2,524.0,696,0,0,24,176,0,24,20,19,1,0,20,1,1,1,0,0,0,0,0,4,0,4,4,4,0,0,0,0,DTC-selected OC
1644,3,2.0,0.0,0.71875,15000173,100,3,346.597177577832,325.0,52.0,2.864633543425,250e1551dff6f80e,8d15af1f9d36efa1,500ea773fbfa6939,200,186,93.0,238.55914,271.709663,1.0,3.7,299.274331,5.638571,289.347247,3.639785,5.150665,0.0,0.440033,0.726776,0.371402,0.1287,400,4528,4528,32.0,0,0,16,16,50,50,0,0,532.0,677,0,0,32,168,0,32,18,18,0,0,18,0,0,0,0,0,0,0,0,14,0,14,14,14,0,0,0,0,DTC-selected OC
1653,3,3.0,1.0,0.6835443037974683,15000182,100,3,174.676587410954,175.0,61.0,1.897654047337,7e483b60d44ac909,8d15af1f9d36efa1,9b1d4600c5e1e427,200,200,100.0,275.475,284.196143,1.0,4.3,337.01764,4.643214,340.902847,4.43,4.564334,0.0,0.368046,0.72067,0.311042,0.086598,400,3936,3936,32.0,0,0,16,16,40,40,4,0,516.0,886,0,0,20,180,0,20,20,18,2,0,20,2,2,2,0,0,0,0,0,0,0,0,0,0,0,0,0,0,DTC-selected OC
1658,3,3.0,1.0,0.4147339699863574,15000187,100,3,365.613396120742,175.0,60.0,2.997634416474,ffd2169a0ec2b107,8d15af1f9d36efa1,16338cf7db658ad4,200,191,95.5,288.86911,306.801438,1.0,4.1,352.186237,5.556667,356.254266,4.424084,4.902959,0.0,0.389009,0.728997,0.321285,0.111462,400,4344,4344,32.0,0,0,16,16,49,49,8,0,538.0,845,0,0,29,171,0,29,20,16,4,0,20,4,4,4,0,0,0,0,0,9,0,9,9,9,0,0,0,0,DTC-selected OC
1660,2,3.0,0.0,0.5,15000189,100,2,202.23879806974,425.0,39.0,2.115223120061,630dd4edbabe08ce,8d15af1f9d36efa1,a4ecadd2cd1e9e4b,200,140,70.0,195.178571,248.169092,1.0,3.7,309.770962,4.641667,221.038839,2.957143,4.243961,0.0,0.597276,0.7543,0.4914,0.305369,400,4088,4088,32.0,0,0,16,16,88,88,6,0,614.0,414,0,0,74,126,0,74,14,11,3,0,14,3,3,3,0,0,0,0,0,60,0,60,60,60,0,0,0,0,DTC-selected OC
1675,3,3.0,1.0,0.8695652173913043,15000204,100,3,360.764258156055,175.0,77.0,1.63650276592,712b9425af56185f,8d15af1f9d36efa1,4c94646da7c7b579,200,198,99.0,250.060606,256.130904,1.0,3.7,291.791906,6.756667,310.051212,3.868687,6.022193,0.0,0.404355,0.722222,0.343053,0.103044,400,4536,4536,32.0,0,0,16,16,42,42,4,0,520.0,766,0,0,22,178,0,22,20,18,2,0,20,2,2,2,0,0,0,0,0,2,0,2,2,2,0,0,0,0,DTC-selected OC
1694,1,1.0,1.0,0.9682539682539683,15000223,100,1,193.27453168999,325.0,61.0,1.963302520037,5b3de82e3f610e74,8d15af1f9d36efa1,c6f4a684400d6e73,200,199,99.5,321.743719,339.375218,1.0,5.0,411.754259,4.950595,415.334185,5.145729,4.387695,0.0,0.336788,0.722222,0.280899,0.079137,400,4088,4088,32.0,0,0,16,16,41,41,6,0,520.0,1024,0,0,21,179,0,21,20,17,3,0,20,3,3,3,0,0,0,0,0,1,0,1,1,1,0,0,0,0,DTC-selected OC
1697,0,0.0,1.0,0.47368421052631576,15000226,100,0,198.045310284721,325.0,61.0,2.281370457506,c34a7a8cc7519212,8d15af1f9d36efa1,681b9d166eee7fe5,200,200,100.0,227.745,247.941301,1.0,3.4,270.597229,5.97619,273.774448,3.435,5.666667,0.0,0.427023,0.719101,0.367985,0.104302,400,4304,4304,32.0,0,0,16,16,40,40,0,0,512.0,687,0,0,20,180,0,20,20,20,0,0,20,0,0,0,0,0,0,0,0,0,0,0,0,0,0,0,0,0,DTC-selected OC
1699,3,3.0,1.0,0.8695652173913043,15000228,100,3,99.429185449628,325.0,88.0,1.556766891048,2641485f1b639a05,8d15af1f9d36efa1,77ca6450d16d7b6c,200,199,99.5,235.994975,259.583825,1.0,3.6,292.184098,5.546667,286.379893,3.683417,4.863574,0.0,0.415004,0.722222,0.353045,0.107186,400,4456,4456,32.0,0,0,16,16,42,42,4,2,520.0,733,0,0,21,179,0,21,20,18,2,0,20,2,2,2,0,0,0,0,0,1,0,1,1,1,0,0,0,0,DTC-selected OC
1703,1,1.0,1.0,0.9682539682539683,15000232,100,1,286.363461284377,325.0,61.0,1.748289610669,efa82993deccc630,8d15af1f9d36efa1,bde07e1bd3cb4951,200,186,93.0,237.677419,246.207681,1.0,3.5,286.69904,5.238095,295.316312,3.903226,4.698347,0.0,0.422893,0.726776,0.35524,0.121065,400,4432,4432,32.0,0,0,16,16,50,50,0,0,532.0,726,0,0,32,168,0,32,18,18,0,0,18,0,0,0,0,0,0,0,0,14,0,14,14,14,0,0,0,0,DTC-selected OC
1713,3,3.0,1.0,0.71875,15000242,100,3,279.52041998456,175.0,45.0,2.321196675095,9e916ff5c6a110d9,8d15af1f9d36efa1,2c49ef6512526fb5,200,200,100.0,246.555,246.465589,1.0,3.8,301.977321,4.705,296.511925,3.8,4.509211,0.0,0.402516,0.719101,0.344828,0.095238,400,4616,4616,32.0,0,0,16,16,40,40,0,0,512.0,760,0,0,20,180,0,20,20,20,0,0,20,0,0,0,0,0,0,0,0,0,0,0,0,0,0,0,0,0,DTC-selected OC
1716,3,3.0,1.0,0.47368421052631576,15000245,100,3,174.989760570604,175.0,50.0,2.559395280756,be754cd91a58c827,8d15af1f9d36efa1,c9372a5d88d55eec,200,193,96.5,225.093264,240.447369,1.0,3.4,280.508345,4.858333,275.741194,3.554404,4.846939,0.0,0.432119,0.722992,0.368324,0.115979,400,4264,4264,32.0,0,0,16,16,45,45,0,0,522.0,686,0,0,26,174,0,26,19,19,0,0,19,0,0,0,0,0,0,0,0,7,0,7,7,7,0,0,0,0,DTC-selected OC
1727,1,1.0,1.0,0.9682539682539683,15000256,100,1,265.602092256585,325.0,63.0,1.645864733417,defcb34bcedcdb03,8d15af1f9d36efa1,6f3056ecf1276dfd,200,200,100.0,302.73,311.317649,1.0,4.5,369.043608,5.476429,375.104572,4.7,4.425532,0.0,0.353508,0.719888,0.298507,0.080235,400,4088,4088,32.0,0,0,16,16,41,41,0,2,514.0,940,0,0,20,180,0,20,20,20,0,0,20,0,0,0,0,0,0,0,0,0,0,0,0,0,0,0,0,0,DTC-selected OC
1744,1,1.0,1.0,0.9682539682539683,15000273,100,1,218.781377246913,325.0,53.0,1.817868860439,701c1f6cbdabb51f,8d15af1f9d36efa1,fad2394ff9b0af37,200,179,89.5,252.608939,285.488753,1.0,3.9,318.676347,4.7,320.950086,4.0,4.445531,0.0,0.433544,0.73262,0.358423,0.139423,400,3856,3856,32.0,0,0,16,16,55,55,6,0,548.0,716,0,0,38,162,0,38,17,14,3,0,17,3,3,3,0,0,0,0,0,21,0,21,21,21,0,0,0,0,DTC-selected OC
1745,2,2.0,1.0,0.71875,15000274,100,2,201.952160094751,325.0,54.0,2.41432047027,cba4975cb11d87d1,8d15af1f9d36efa1,e1640fc0678e7ee0,200,176,88.0,209.931818,200.270427,1.0,2.8,218.47744,4.370238,234.484881,2.982955,3.845714,0.0,0.525745,0.744246,0.432432,0.222222,400,3816,3816,32.0,0,0,16,16,72,72,6,28,582.0,525,0,0,41,159,0,41,17,14,3,0,17,3,3,3,0,0,0,0,0,24,0,24,24,24,0,0,0,0,DTC-selected OC
1766,0,2.0,0.0,0.8695652173913043,15000295,100,0,99.035075963936,175.0,85.0,1.535089484381,cae9f31c732bd511,8d15af1f9d36efa1,e4061f9be2be6851,200,200,100.0,257.32,268.668421,1.0,4.0,319.263215,4.075,316.798116,4.0,4.07375,0.0,0.392097,0.72067,0.333333,0.095023,400,3880,3880,32.0,0,0,16,16,40,40,4,0,516.0,800,0,0,20,180,0,20,20,18,2,0,20,2,2,2,0,0,0,0,0,0,0,0,0,0,0,0,0,0,DTC-selected OC
1767,3,3.0,1.0,0.9682539682539683,15000296,100,3,235.130959891931,325.0,55.0,1.939276796208,eb7284f7f104b5f1,8d15af1f9d36efa1,763823a1fb841002,200,200,100.0,187.595,195.279917,1.0,2.9,220.382872,4.363333,212.138802,2.9,4.458621,0.0,0.469835,0.719888,0.408163,0.123867,400,3848,3848,32.0,0,0,16,16,40,40,2,0,514.0,580,0,0,20,180,0,20,20,19,1,0,20,1,1,1,0,0,0,0,0,0,0,0,0,0,0,0,0,0,DTC-selected OC
1768,2,2.0,1.0,0.8695652173913043,15000297,100,2,102.867632291648,325.0,88.0,1.81489795929,121370bb0784ced2,8d15af1f9d36efa1,382fa27e2e08b03e,200,191,95.5,213.518325,225.57092,1.0,3.1,247.03151,6.375,250.205616,3.104712,5.91231,0.0,0.474756,0.728261,0.40282,0.149211,400,4680,4680,32.0,0,0,16,16,49,49,6,0,536.0,593,0,0,29,171,0,29,20,17,3,0,20,3,3,3,0,0,0,0,0,9,0,9,9,9,0,0,0,0,DTC-selected OC
1780,1,1.0,1.0,0.8,15000309,100,1,338.512473563357,325.0,59.0,2.138190172309,583f96bb01b770bd,8d15af1f9d36efa1,9baf1a00c65d8780,200,199,99.5,212.261307,228.003853,1.0,3.2,250.767099,5.596667,247.11511,3.201005,5.059655,0.0,0.446568,0.719888,0.385728,0.114047,400,4560,4560,32.0,0,0,16,16,41,41,0,0,514.0,637,0,0,21,179,0,21,20,20,0,0,20,0,0,0,0,0,0,0,0,1,0,1,1,1,0,0,0,0,DTC-selected OC
1786,1,3.0,0.0,0.6835443037974683,15000315,100,1,79.711980221773,325.0,78.0,2.00685208177,d812d43d1919447,8d15af1f9d36efa1,2b6f994f845e2151,200,200,100.0,254.195,259.483206,1.0,3.6,283.267158,5.225,306.690543,3.8,4.5,0.0,0.40625,0.722222,0.344828,0.103774,400,3880,3880,32.0,0,0,16,16,41,41,6,2,520.0,760,0,0,20,180,0,20,20,17,3,0,20,3,3,3,0,0,0,0,0,0,0,0,0,0,0,0,0,0,DTC-selected OC
1789,3,3.0,1.0,0.9682539682539683,15000318,100,3,217.47181537992,175.0,53.0,1.820885777047,b8e4db6301e2531,8d15af1f9d36efa1,754567503f61926c,200,193,96.5,295.518135,311.765417,1.0,4.5,345.726594,5.3375,356.758686,4.725389,4.391447,0.0,0.368421,0.726776,0.304878,0.098814,400,4152,4152,32.0,0,0,16,16,45,45,10,0,532.0,912,0,0,26,174,0,26,19,14,5,0,19,5,5,5,0,0,0,0,0,7,0,7,7,7,0,0,0,0,DTC-selected OC
1790,0,0.0,1.0,0.47368421052631576,15000319,100,0,198.313144981023,325.0,46.0,2.334045015742,517963d0e7d1b045,8d15af1f9d36efa1,9ad93900c5a80144,200,184,92.0,203.554348,208.348323,1.0,2.8,228.346714,5.626667,237.013157,3.086957,5.091549,0.0,0.486438,0.728997,0.413223,0.15727,400,4272,4272,32.0,0,0,16,16,52,52,2,0,538.0,568,0,0,34,166,0,34,18,17,1,0,18,1,1,1,0,0,0,0,0,16,0,16,16,16,0,0,0,0,DTC-selected OC
1795,1,1.0,1.0,0.4147339699863574,15000324,100,1,134.119064884338,175.0,68.0,2.276042157116,62ef4fb80eb610e4,8d15af1f9d36efa1,d906b1437a3b39b9,200,200,100.0,246.98,251.6865,1.0,3.6,291.118231,5.011667,293.978294,3.6,4.916667,0.0,0.416532,0.719888,0.357143,0.102244,400,4336,4336,32.0,0,0,16,16,40,40,2,0,514.0,720,0,0,20,180,0,20,20,19,1,0,20,1,1,1,0,0,0,0,0,0,0,0,0,0,0,0,0,0,DTC-selected OC
1798,1,1.0,1.0,0.9682539682539683,15000327,100,1,194.659221363684,325.0,81.0,1.510961478478,5f6aa33eb4bf71c0,8d15af1f9d36efa1,4a35a6ccb39196c4,200,200,100.0,246.64,265.927755,1.0,3.5,293.315061,5.698333,298.596912,3.5,5.4,0.0,0.422442,0.719101,0.363636,0.102564,400,4544,4544,32.0,0,0,16,16,40,40,0,0,512.0,700,0,0,20,180,0,20,20,20,0,0,20,0,0,0,0,0,0,0,0,0,0,0,0,0,0,0,0,0,DTC-selected OC
1804,1,1.0,1.0,0.6835443037974683,15000333,100,1,247.271929925494,325.0,46.0,2.019826089972,cfd69684f6f00312,8d15af1f9d36efa1,9af10100c5bc33fd,200,123,61.5,243.617886,229.517188,1.0,3.2,253.766266,5.578333,265.240167,3.203252,5.238579,0.0,0.624046,0.765808,0.503778,0.36039,400,4448,4448,32.0,0,0,16,16,107,107,8,0,654.0,394,0,0,92,108,0,92,15,11,4,0,15,4,4,4,0,0,0,0,0,77,0,77,77,77,0,0,0,0,DTC-selected OC
1812,0,2.0,0.0,0.6835443037974683,15000341,100,0,50.685557299341,325.0,81.0,2.214996911787,921e15d83534417,8d15af1f9d36efa1,d73d11152f035c6b,200,198,99.0,297.626263,319.33873,1.0,4.6,368.23145,4.820833,369.050557,4.888889,4.416322,0.0,0.353805,0.726027,0.292398,0.091932,400,4152,4152,32.0,0,0,16,16,42,42,14,0,530.0,968,0,0,22,178,0,22,20,13,7,0,20,7,7,7,0,0,0,0,0,2,0,2,2,2,0,0,0,0,DTC-selected OC
1814,1,1.0,1.0,0.9682539682539683,15000343,100,1,259.453318468384,325.0,50.0,1.880413629438,7a5ad157e48a00f5,8d15af1f9d36efa1,258bb45011b8f396,200,158,79.0,275.867089,275.91409,1.0,4.0,311.859516,4.746429,328.170563,4.367089,4.533333,0.0,0.461778,0.747475,0.366972,0.188235,400,4088,4088,32.0,0,0,16,16,76,76,8,0,592.0,690,0,0,59,141,0,59,17,13,4,0,17,4,4,4,0,0,0,0,0,42,0,42,42,42,0,0,0,0,DTC-selected OC
1819,1,1.0,1.0,0.71875,15000348,100,1,352.409443161927,175.0,56.0,2.296416911873,db8310fbc28dedfb,8d15af1f9d36efa1,90cc1fb840c2c3b7,200,183,91.5,265.131148,270.398285,1.0,4.0,309.392131,4.436667,329.578394,4.114754,4.557769,0.0,0.417633,0.72973,0.346921,0.125436,400,4168,4168,32.0,0,0,16,16,53,53,2,0,540.0,753,0,0,35,165,0,35,18,17,1,0,18,1,1,1,0,0,0,0,0,17,0,17,17,17,0,0,0,0,DTC-selected OC
1827,1,2.0,0.0,0.5,15000356,100,1,117.209092984104,425.0,59.0,2.214551644204,b72b6968d90d0e1d,8d15af1f9d36efa1,666b0859db5903a9,200,157,78.5,253.808917,245.954534,1.0,3.9,301.616175,4.634048,289.12544,3.802548,4.360134,0.0,0.499581,0.748744,0.401204,0.215506,400,3816,3816,32.0,0,0,16,16,77,77,10,0,596.0,597,0,0,60,140,0,60,17,12,5,0,17,5,5,5,0,0,0,0,0,43,0,43,43,43,0,0,0,0,DTC-selected OC
1850,3,3.0,1.0,0.6835443037974683,15000379,100,3,121.488960218441,325.0,72.0,1.986131185687,b25dea98cc6b8b08,8d15af1f9d36efa1,d5fbb0d7bd2fec4b,200,200,100.0,283.22,280.060694,1.0,4.3,339.570016,4.477024,347.317667,4.435,3.812852,0.0,0.369581,0.722222,0.3108,0.090256,400,3888,3888,32.0,0,0,16,16,41,41,6,2,520.0,887,0,0,20,180,0,20,20,17,3,0,20,3,3,3,0,0,0,0,0,0,0,0,0,0,0,0,0,0,DTC-selected OC
1855,3,2.0,0.0,0.4147339699863574,15000384,100,3,381.672820803978,175.0,61.0,2.903640730788,9f79c47ac7094bb2,8d15af1f9d36efa1,2b536061848b6423,200,181,90.5,269.044199,286.272381,1.0,3.9,323.084952,4.6,307.6802,3.845304,4.377874,0.0,0.451969,0.741602,0.364964,0.169451,400,4104,4104,32.0,0,0,16,16,65,65,12,16,574.0,696,0,0,38,162,0,38,19,13,6,0,19,6,6,6,0,0,0,0,0,19,0,19,19,19,0,0,0,0,DTC-selected OC
1877,3,3.0,1.0,0.71875,15000406,100,3,310.426934362352,325.0,64.0,2.423438062126,5463b7c9c9e0c3fe,8d15af1f9d36efa1,9cd3594fc4d068c0,200,186,93.0,195.607527,209.089384,1.0,3.3,264.116077,4.710952,235.440538,3.204301,4.812081,0.0,0.472566,0.72752,0.401606,0.146132,400,4536,4536,32.0,0,0,16,16,50,50,2,0,534.0,596,0,0,32,168,0,32,18,17,1,0,18,1,1,1,0,0,0,0,0,14,0,14,14,14,0,0,0,0,DTC-selected OC
1890,2,2.0,1.0,0.9682539682539683,15000419,100,2,194.904748582955,175.0,67.0,1.531109187836,3721785361a330b0,8d15af1f9d36efa1,9ae39300c5b0eeb7,200,200,100.0,198.375,195.941376,1.0,2.9,225.077814,4.936667,212.064572,2.9,4.551724,0.0,0.471767,0.721448,0.408163,0.129129,400,4088,4088,32.0,0,0,16,16,43,43,0,6,518.0,580,0,0,20,180,0,20,20,20,0,0,20,0,0,0,0,0,0,0,0,0,0,0,0,0,0,0,0,0,DTC-selected OC
1891,0,0.0,1.0,0.9682539682539683,15000420,100,0,245.024624397593,175.0,44.0,2.04490076884,460f8707c4c8b74,8d15af1f9d36efa1,d6bf82f0e1caeb13,200,162,81.0,230.444444,239.502467,1.0,3.1,257.350167,5.175,264.975537,3.253086,4.686907,0.0,0.528201,0.746835,0.431499,0.230657,400,4600,4600,32.0,0,0,16,16,77,77,4,18,590.0,527,0,0,53,147,0,53,15,13,2,0,15,2,2,2,0,0,0,0,0,38,0,38,38,38,0,0,0,0,DTC-selected OC
1896,1,1.0,1.0,0.18007662835249041,15000425,100,1,438.307344606987,175.0,79.0,2.234015408723,b0cbb3c55dc12c83,8d15af1f9d36efa1,6da0451a578dcd9,200,191,95.5,219.031414,210.965905,1.0,3.0,238.706667,4.083333,248.684272,3.193717,4.142623,0.0,0.466783,0.72752,0.39604,0.143258,400,3992,3992,32.0,0,0,16,16,49,49,4,0,534.0,610,0,0,29,171,0,29,20,18,2,0,20,2,2,2,0,0,0,0,0,9,0,9,9,9,0,0,0,0,DTC-selected OC
1897,3,3.0,1.0,0.9682539682539683,15000426,100,3,250.172571761649,325.0,44.0,1.764494058977,7ca8efbd0765eb41,8d15af1f9d36efa1,c68595eabad8e5c5,200,200,100.0,258.0,261.299604,1.0,3.8,303.452037,4.872143,317.755638,4.2,4.165476,0.0,0.378698,0.719101,0.322581,0.086957,400,4208,4208,32.0,0,0,16,16,40,40,0,0,512.0,840,0,0,20,180,0,20,20,20,0,0,20,0,0,0,0,0,0,0,0,0,0,0,0,0,0,0,0,0,DTC-selected OC
1917,1,1.0,1.0,0.4147339699863574,15000446,100,1,369.396614900273,325.0,49.0,2.938120438304,4c8d578fc6f82ffa,8d15af1f9d36efa1,d28fd87a5fe1919d,200,200,100.0,211.19,212.780331,1.0,3.2,244.741872,4.62,244.360944,3.235,4.443586,0.0,0.44368,0.72067,0.382044,0.114911,400,4056,4056,32.0,0,0,16,16,40,40,4,0,516.0,647,0,0,20,180,0,20,20,18,2,0,20,2,2,2,0,0,0,0,0,0,0,0,0,0,0,0,0,0,DTC-selected OC
1923,1,1.0,1.0,0.9682539682539683,15000452,100,1,230.070311652448,325.0,54.0,1.95447165728,6b93c6a2396bd927,8d15af1f9d36efa1,d007e85103dddbd2,200,193,96.5,209.53886,222.555295,1.0,3.1,239.552866,5.035714,242.398471,3.062176,4.881557,0.0,0.469003,0.722992,0.403633,0.132159,400,4336,4336,32.0,0,0,16,16,45,45,0,0,522.0,591,0,0,26,174,0,26,19,19,0,0,19,0,0,0,0,0,0,0,0,7,0,7,7,7,0,0,0,0,DTC-selected OC
1930,0,3.0,0.0,0.4147339699863574,15000459,100,0,102.740926946717,175.0,58.0,2.664496545339,6961d5d23726ba30,8d15af1f9d36efa1,bd95e448f3434021,200,198,99.0,249.737374,278.224134,1.0,3.6,302.267428,4.516667,297.517958,3.606061,4.414566,0.0,0.421394,0.722222,0.359066,0.109726,400,3856,3856,32.0,0,0,16,16,43,43,2,2,520.0,714,0,0,22,178,0,22,20,19,1,0,20,1,1,1,0,0,0,0,0,2,0,2,2,2,0,0,0,0,DTC-selected OC
1936,3,3.0,1.0,0.8695652173913043,15000465,100,3,136.772041703598,175.0,75.0,1.791778654237,f994ea3620d85cee,8d15af1f9d36efa1,974cf8f5ad87d50f,200,197,98.5,236.360406,233.010654,1.0,3.3,250.795973,5.361667,269.193784,3.507614,5.280753,0.0,0.433142,0.725275,0.366636,0.121982,400,4040,4040,32.0,0,0,16,16,47,47,2,8,528.0,691,0,0,23,177,0,23,20,19,1,0,20,1,1,1,0,0,0,0,0,3,0,3,3,3,0,0,0,0,DTC-selected OC
1938,3,3.0,1.0,0.8695652173913043,15000467,100,3,172.311182691874,175.0,75.0,1.504822810047,7ddb2ad2e37aded5,8d15af1f9d36efa1,28ac950760a1c96,200,200,100.0,287.23,305.292422,1.0,4.8,375.875295,4.310952,365.594207,4.965,3.800604,0.0,0.342819,0.721448,0.28715,0.079703,400,3984,3984,32.0,0,0,16,16,40,40,6,0,518.0,993,0,0,20,180,0,20,20,17,3,0,20,3,3,3,0,0,0,0,0,0,0,0,0,0,0,0,0,0,DTC-selected OC
1940,3,3.0,1.0,0.4147339699863574,15000469,100,3,144.130463960247,175.0,63.0,2.513980036439,c978bfc9f84df8a1,8d15af1f9d36efa1,3d694637918cd61e,200,192,96.0,243.151042,280.105302,1.0,3.7,295.457053,5.3,297.624035,3.760417,5.01108,0.0,0.420546,0.723757,0.356506,0.113022,400,4360,4360,32.0,0,0,16,16,46,46,0,0,524.0,722,0,0,27,173,0,27,19,19,0,0,19,0,0,0,0,0,0,0,0,8,0,8,8,8,0,0,0,0,DTC-selected OC
1943,2,2.0,1.0,0.0865979381443299,15000472,100,2,434.744897176087,175.0,70.0,2.573997631189,36c3d80ba49d60ff,8d15af1f9d36efa1,9249e57a9ed8e728,200,182,91.0,260.159341,261.285877,1.0,3.7,288.804725,5.181667,311.228935,3.857143,4.960114,0.0,0.448113,0.74026,0.362976,0.164286,400,3824,3824,32.0,0,0,16,16,64,64,10,16,570.0,702,0,0,37,163,0,37,19,14,5,0,19,5,5,5,0,0,0,0,0,18,0,18,18,18,0,0,0,0,DTC-selected OC
1947,2,2.0,1.0,0.8695652173913043,15000476,100,2,416.331279627439,175.0,81.0,1.599283013068,69f1e1c0ed954bde,8d15af1f9d36efa1,58c79a02822b91a8,200,185,92.5,257.102703,302.980962,1.0,4.1,332.116642,4.248333,329.375875,4.097297,4.843008,0.0,0.415123,0.728997,0.345423,0.122685,400,4064,4064,32.0,0,0,16,16,51,51,4,0,538.0,758,0,0,33,167,0,33,18,16,2,0,18,2,2,2,0,0,0,0,0,15,0,15,15,15,0,0,0,0,DTC-selected OC
1951,2,2.0,1.0,0.6835443037974683,15000480,100,2,380.623459011704,325.0,69.0,2.183955233879,7e416ebb0c0e1469,8d15af1f9d36efa1,16d9d5dc7a215e28,200,190,95.0,225.294737,228.134267,1.0,3.4,251.458797,4.483333,261.001996,3.431579,4.452454,0.0,0.452101,0.728997,0.380228,0.139842,400,3728,3728,32.0,0,0,16,16,50,50,6,0,538.0,652,0,0,30,170,0,30,20,17,3,0,20,3,3,3,0,0,0,0,0,10,0,10,10,10,0,0,0,0,DTC-selected OC
1952,0,0.0,1.0,0.8695652173913043,15000481,100,0,336.512673899536,325.0,66.0,1.684757087565,2c63fd72e185237,8d15af1f9d36efa1,2e7b04f01aca44c2,200,200,100.0,287.45,302.095042,1.0,4.1,338.163094,5.358571,352.517251,4.3,5.117442,0.0,0.375907,0.721448,0.31746,0.090909,400,4216,4216,32.0,0,0,16,16,40,40,6,0,518.0,860,0,0,20,180,0,20,20,17,3,0,20,3,3,3,0,0,0,0,0,0,0,0,0,0,0,0,0,0,DTC-selected OC
1955,1,1.0,1.0,0.9682539682539683,15000484,100,1,287.088515993987,175.0,75.0,1.51364014717,f5761405abec32e0,8d15af1f9d36efa1,30d0bc99c754ac46,200,190,95.0,255.1,245.831791,1.0,3.8,292.587199,4.323333,314.550724,4.015789,4.431193,0.0,0.410811,0.726776,0.343938,0.115875,400,3984,3984,32.0,0,0,16,16,50,50,0,0,532.0,763,0,0,30,170,0,30,20,20,0,0,20,0,0,0,0,0,0,0,0,10,0,10,10,10,0,0,0,0,DTC-selected OC
1958,3,3.0,1.0,0.9682539682539683,15000487,100,3,192.660424896916,175.0,65.0,1.70900784183,2176d9fd87ccd5db,8d15af1f9d36efa1,1fdddcfe3e2325a7,200,200,100.0,233.795,242.72446,1.0,3.3,262.353492,4.621667,276.78961,3.435,4.409025,0.0,0.428928,0.72067,0.367985,0.108949,400,3848,3848,32.0,0,0,16,16,41,41,2,2,516.0,687,0,0,20,180,0,20,20,19,1,0,20,1,1,1,0,0,0,0,0,0,0,0,0,0,0,0,0,0,DTC-selected OC
1962,2,2.0,1.0,0.42857142857142855,15000491,100,2,186.680999827006,325.0,48.0,2.622234494735,a702e280b05beefd,8d15af1f9d36efa1,9b940a00c646a498,200,195,97.5,219.348718,222.090844,1.0,3.1,252.288678,3.5,253.611868,3.117949,3.753289,0.0,0.462898,0.723757,0.396825,0.131429,400,4080,4080,32.0,0,0,16,16,45,45,2,0,524.0,608,0,0,25,175,0,25,20,19,1,0,20,1,1,1,0,0,0,0,0,5,0,5,5,5,0,0,0,0,DTC-selected OC
1964,0,0.0,1.0,0.9682539682539683,15000493,100,0,170.847496618624,325.0,87.0,1.537533778344,fdf883c728659b91,8d15af1f9d36efa1,dd4b18f3d3aa618c,200,200,100.0,275.325,281.188526,1.0,4.1,324.917228,4.788333,339.580662,4.235,4.787485,0.0,0.377663,0.719888,0.32077,0.088267,400,4240,4240,32.0,0,0,16,16,40,40,2,0,514.0,847,0,0,20,180,0,20,20,19,1,0,20,1,1,1,0,0,0,0,0,0,0,0,0,0,0,0,0,0,DTC-selected OC
1989,1,1.0,1.0,0.8,15000518,100,1,283.242046670126,325.0,44.0,2.213479405455,ccc7998b2795c545,8d15af1f9d36efa1,abc15b533ab71e85,200,199,99.5,214.341709,217.169031,1.0,3.3,254.03159,4.216667,249.987318,3.296482,4.115854,0.0,0.440273,0.72067,0.378788,0.113514,400,4056,4056,32.0,0,0,16,16,42,42,0,2,516.0,656,0,0,21,179,0,21,20,20,0,0,20,0,0,0,0,0,0,0,0,1,0,1,1,1,0,0,0,0,DTC-selected OC
4,0,0.0,1.0,0.310324372811723,12000033,25,0,277.222229032255,425.0,8.0,1.751522790869,59dbe5815e751a2b,8d15af1f9d36efa1,3e7d1acd95f9a91d,200,113,56.5,325.309735,237.879139,0.6,2.9,375.486901,1.282143,388.277017,5.00885,1.234982,0.0,0.288945,0.534884,0.15015,0.14759,100,176,176,32.0,0,0,16,16,37,37,24,0,230.0,566,0,0,22,102,0,22,15,3,12,0,15,12,12,8,4,0,0,0,0,7,80,7,87,11,76,0,0,0,RF-selected OC
18,2,2.0,1.0,0.22704211870470484,12000047,25,2,434.922569757502,175.0,11.0,2.59621734749,f0e4a8c06c8aa401,8d15af1f9d36efa1,9a9c0c00c57406af,200,40,20.0,88.55,281.968042,0.2,0.2,71.575578,2.5,71.575578,1.0,2.5,0.0,0.84,0.512195,0.714286,0.661017,100,280,280,32.0,0,0,16,16,31,31,16,4,210.0,40,0,0,17,36,0,17,12,4,8,0,12,8,8,0,8,0,0,0,0,5,160,0,160,13,147,0,0,0,RF-selected OC
30,2,2.0,1.0,0.41473880183680845,12000059,25,2,265.91231589613,325.0,10.0,1.922115326986,1300486c1017bd5d,8d15af1f9d36efa1,9a7d7f00c55a1989,200,20,10.0,85.6,300.808824,0.1,0.1,77.299684,2.0,77.299684,1.0,2.0,0.0,0.944751,0.630996,0.833333,0.913043,100,296,296,32.0,0,0,16,16,96,96,18,0,342.0,20,0,0,85,18,0,85,11,2,9,0,11,9,9,0,9,0,0,0,0,74,180,0,180,83,97,0,0,0,RF-selected OC
40,2,2.0,1.0,0.41473880183680845,12000069,25,2,208.96835861955,325.0,15.0,2.113224853144,c6414402b882dcff,8d15af1f9d36efa1,9aa64f00c57ccd0d,200,20,10.0,112.75,228.703702,0.1,0.1,95.814995,1.0,95.814995,1.0,1.0,0.0,0.906542,0.492386,0.833333,0.756098,100,176,176,32.0,0,0,16,16,22,22,18,0,194.0,20,0,0,11,18,0,11,11,2,9,0,11,9,9,0,9,0,0,0,0,0,180,0,180,9,171,0,0,0,RF-selected OC
42,3,3.0,1.0,0.310324372811723,12000071,25,3,225.920555253423,425.0,16.0,1.759463796645,25a86b49c5495509,8d15af1f9d36efa1,ff9deec04053ecb8,200,60,30.0,212.583333,234.471558,0.3,1.0,256.404066,1.783333,256.404066,3.333333,1.7,0.0,0.512195,0.512195,0.333333,0.280576,100,272,272,32.0,0,0,16,16,32,32,14,0,210.0,200,0,0,20,54,0,20,13,6,7,0,13,7,7,0,7,0,0,0,0,7,140,0,140,14,126,0,0,0,RF-selected OC
49,0,0.0,1.0,0.40552041612090034,12000078,25,0,212.231273990048,175.0,13.0,1.931776767187,293e67af3bb84cf2,8d15af1f9d36efa1,a6f65ea038535fa2,200,20,10.0,235.75,313.753269,0.1,0.3,270.915073,1.666667,270.915073,3.0,1.666667,0.0,0.765625,0.494949,0.625,0.516129,100,232,232,32.0,0,0,16,16,22,22,20,0,196.0,60,0,0,11,18,0,11,11,1,10,0,11,10,10,1,9,0,0,0,0,0,180,0,180,9,171,0,0,0,RF-selected OC
61,0,0.0,1.0,0.3930691572070685,12000090,25,0,116.047917976655,325.0,18.0,2.095502539985,63c0de2d87a3b1cf,8d15af1f9d36efa1,0,200,0,0.0,,315.606781,0.0,0.0,,,,,,,1.0,0.5,1.0,1.0,100,152,152,32.0,0,0,16,16,24,24,20,0,200.0,0,0,0,14,0,0,14,10,0,10,0,10,10,10,0,10,0,0,0,0,4,200,0,200,14,186,0,0,0,RF-selected OC
67,0,0.0,1.0,0.2341724913507029,12000096,25,0,397.188163671401,175.0,14.0,2.994530004305,70bf5f4eeb66939e,8d15af1f9d36efa1,9a733d00c55154de,200,39,19.5,86.615385,255.723508,0.2,0.2,21.799212,2.0,22.137686,1.0,2.025641,0.0,0.839506,0.50495,0.719424,0.648649,100,200,200,32.0,0,0,16,16,26,26,20,0,204.0,39,0,0,14,35,0,14,12,2,10,0,12,10,10,2,8,0,0,0,0,2,160,1,161,10,151,0,0,0,RF-selected OC
74,0,0.0,1.0,0.30702614560835945,12000103,25,0,364.320250216069,325.0,16.0,2.90598830857,c8961b6a99ef3305,8d15af1f9d36efa1,9aa63d00c57cae77,200,73,36.5,140.30137,286.262684,0.4,0.9,149.741127,1.375,142.551117,2.273973,1.361446,0.0,0.560847,0.514563,0.37594,0.325203,100,288,288,32.0,0,0,16,16,33,33,14,0,212.0,166,0,0,20,66,0,20,13,6,7,0,13,7,7,1,6,0,0,0,0,7,120,7,127,13,114,0,0,0,RF-selected OC
76,0,0.0,1.0,0.39777324777465367,12000105,25,0,166.413946172866,175.0,15.0,2.220608854013,60861dbf74e34094,8d15af1f9d36efa1,3b63e531cd25ee81,200,54,27.0,304.537037,306.06306,0.3,1.3,376.118673,1.392857,374.57374,4.37037,1.398305,0.0,0.475556,0.516908,0.297619,0.257862,100,224,224,32.0,0,0,16,16,33,33,16,2,214.0,236,0,0,19,48,0,19,13,5,8,0,13,8,8,1,7,0,0,0,0,6,140,6,146,13,133,0,0,0,RF-selected OC
103,3,3.0,1.0,0.4258980232169761,12000132,25,3,223.102069335125,325.0,18.0,1.683919890341,d8bd966627d22ff6,8d15af1f9d36efa1,adfe034b37d52cd1,200,98,49.0,212.622449,300.205592,0.5,1.6,247.374618,1.393333,246.045497,3.183673,1.5,0.0,0.4,0.509804,0.242718,0.195876,100,312,312,32.0,0,0,16,16,32,32,12,0,208.0,312,0,0,17,88,0,17,15,9,6,0,15,6,6,1,5,0,0,0,0,2,100,2,102,7,95,0,0,0,RF-selected OC
106,1,1.0,1.0,0.19509779373868447,12000135,25,1,459.107244456589,325.0,18.0,2.393187475184,777a0c034f6e91ef,8d15af1f9d36efa1,0,200,0,0.0,,377.941315,0.0,0.0,,,,,,,1.0,0.574468,1.0,1.0,100,240,240,32.0,0,0,16,16,59,59,20,4,270.0,0,0,0,47,0,0,47,10,0,10,0,10,10,10,0,10,0,0,0,0,37,200,0,200,47,153,0,0,0,RF-selected OC
107,0,0.0,1.0,0.4194196882043156,12000136,25,0,318.555939822136,175.0,16.0,1.797216369565,f409d20b3b19424a,8d15af1f9d36efa1,fb3779042a27d958,200,40,20.0,120.2,269.260929,0.2,0.4,111.140723,1.333333,110.262405,2.0,1.75,0.0,0.71223,0.497487,0.555556,0.452055,100,240,240,32.0,0,0,16,16,25,25,16,0,198.0,80,0,0,13,36,0,13,12,4,8,0,12,8,8,0,8,0,0,0,0,1,160,0,160,9,151,0,0,0,RF-selected OC
125,0,0.0,1.0,0.4194196882043156,12000154,25,0,140.314516226316,175.0,22.0,1.722763293398,f3353c958d56f2cc,8d15af1f9d36efa1,ee8cae4f61cf5565,200,100,50.0,228.8,227.575517,0.5,1.6,262.718486,1.56,276.260898,3.2,1.625,0.0,0.384615,0.5,0.238095,0.175258,100,288,288,32.0,0,0,16,16,28,28,12,0,200.0,320,0,0,15,90,0,15,15,9,6,0,15,6,6,1,5,0,0,0,0,0,100,0,100,5,95,0,0,0,RF-selected OC
130,2,3.0,0.0,0.27652404511206824,12000159,25,2,499.93424030158,325.0,19.0,1.851868271299,46453b3b6a6d4ff3,8d15af1f9d36efa1,9a65c500c545fe9a,200,20,10.0,92.0,253.141958,0.1,0.1,76.4009,4.0,76.4009,1.0,4.0,0.0,0.917355,0.526066,0.833333,0.818182,100,280,280,32.0,0,0,16,16,36,36,18,0,222.0,20,0,0,25,18,0,25,11,2,9,0,11,9,9,0,9,0,0,0,0,14,180,0,180,23,157,0,0,0,RF-selected OC
133,1,1.0,1.0,0.33074968321480064,12000162,25,1,396.81195797746,325.0,19.0,1.867183193807,6b2e5c3e599afbd5,8d15af1f9d36efa1,45281c4f92dc6f1c,200,40,20.0,160.2,278.335125,0.2,0.4,183.405578,1.75,183.405578,2.0,1.75,0.0,0.714286,0.5,0.555556,0.459459,100,264,264,32.0,0,0,16,16,26,26,16,0,200.0,80,0,0,14,36,0,14,12,4,8,0,12,8,8,0,8,0,0,0,0,2,160,0,160,10,150,0,0,0,RF-selected OC
134,3,2.0,0.0,0.27652404511206824,12000163,25,3,497.504521694198,325.0,23.0,2.091775094886,45b095e50a7044fe,8d15af1f9d36efa1,9e96e4245a62555f,200,96,48.0,223.083333,299.134559,0.7,2.7,292.159158,1.383673,269.934608,3.572917,1.326531,0.0,0.447665,0.58159,0.225734,0.298569,100,224,224,32.0,0,0,16,16,70,70,6,0,278.0,343,0,0,57,86,0,57,13,10,3,0,13,3,3,0,3,0,0,0,0,44,60,44,104,47,57,0,0,0,RF-selected OC
136,0,0.0,1.0,0.41473880183680845,12000165,25,0,234.934632876778,325.0,11.0,2.141249105317,f8767f866527e0ef,8d15af1f9d36efa1,9a8b1000c5659a48,200,20,10.0,91.05,321.732873,0.1,0.1,82.770748,1.0,82.770748,1.0,1.0,0.0,0.907407,0.494949,0.833333,0.761905,100,184,184,32.0,0,0,16,16,23,23,18,0,196.0,20,0,0,12,18,0,12,11,2,9,0,11,9,9,0,9,0,0,0,0,1,180,0,180,10,170,0,0,0,RF-selected OC
142,3,3.0,1.0,0.19509779373868447,12000171,25,3,467.407729568819,175.0,19.0,2.482917716316,a426a7c7169370e6,8d15af1f9d36efa1,7312d57fe097ce2f,200,42,21.0,184.333333,316.944028,0.3,0.7,184.583859,1.066667,191.472477,2.428571,1.147059,0.0,0.75,0.604743,0.49505,0.630435,100,224,224,32.0,0,0,16,16,79,79,16,2,306.0,102,0,0,66,37,0,66,12,4,8,0,12,8,8,1,7,0,0,0,0,54,140,18,158,61,97,0,0,0,RF-selected OC
143,3,3.0,1.0,0.3363745056105022,12000172,25,3,331.681483669885,325.0,15.0,2.482586534803,8217fa9db786c0ff,8d15af1f9d36efa1,db4e9fda7b182045,200,40,20.0,166.875,224.267254,0.2,0.6,197.743462,1.5,190.847995,3.0,1.333333,0.0,0.622642,0.497487,0.454545,0.354839,100,224,224,32.0,0,0,16,16,25,25,16,2,198.0,120,0,0,12,36,0,12,12,4,8,0,12,8,8,0,8,0,0,0,0,0,160,0,160,8,152,0,0,0,RF-selected OC
146,0,3.0,0.0,0.3750473085245414,12000175,25,0,317.337079766063,325.0,16.0,2.198083274355,ab6b859e41009944,8d15af1f9d36efa1,9a87a900c562b56c,200,60,30.0,120.85,297.625941,0.3,0.6,130.802048,2.25,119.119689,2.0,1.833333,0.0,0.628483,0.503722,0.454545,0.375,100,216,216,31.0,0,0,16,15,28,28,16,4,203.0,120,0,0,13,54,0,13,13,5,8,0,13,8,8,1,7,0,0,0,0,0,140,0,140,7,133,0,0,0,RF-selected OC
149,0,2.0,0.0,0.2644807757622873,12000178,25,0,355.891870315267,425.0,13.0,1.97602696398,ea8aafe76069fd3e,8d15af1f9d36efa1,9a65b400c545e1b7,200,75,37.5,168.213333,229.42066,0.5,1.1,143.898781,2.146667,195.021938,2.6,2.641026,0.0,0.601227,0.595142,0.338983,0.453782,100,320,320,32.0,0,0,16,16,77,77,8,0,294.0,195,0,0,65,67,0,65,12,8,4,0,12,4,4,0,4,0,0,0,0,53,100,25,125,57,68,0,0,0,RF-selected OC
152,3,3.0,1.0,0.3519064465251401,12000181,25,3,130.56133393546,175.0,20.0,1.838924112232,c0fa319db31107ee,8d15af1f9d36efa1,9a80ca00c55cced1,200,19,9.5,112.105263,345.411329,0.1,0.1,76.982113,1.0,76.982113,1.0,1.0,0.0,0.914027,0.502488,0.840336,0.786517,100,200,200,32.0,0,0,16,16,25,25,20,0,202.0,19,0,0,14,17,0,14,11,1,10,0,11,10,10,1,9,0,0,0,0,3,180,1,181,12,169,0,0,0,RF-selected OC
154,1,1.0,1.0,0.43351741748298045,12000183,25,1,281.475913307389,175.0,13.0,1.527749444679,a9b77d8a368bbd5c,8d15af1f9d36efa1,9a690600c548a2e4,200,139,69.5,201.165468,180.649803,0.8,2.9,254.484702,1.348214,241.393668,3.467626,1.259336,0.0,0.330556,0.543379,0.171821,0.180272,100,256,256,32.0,0,0,16,16,51,51,4,0,238.0,482,0,0,36,126,0,36,15,13,2,0,15,2,2,0,2,0,0,0,0,21,40,21,61,23,38,0,0,0,RF-selected OC
168,1,1.0,1.0,0.3209118749348898,12000197,25,1,288.639500293229,325.0,12.0,2.402478908459,48e425d851eaf65,8d15af1f9d36efa1,84a2e7dd818339d8,200,20,10.0,249.0,334.002148,0.1,0.4,304.131374,1.75,304.131374,4.0,1.75,0.0,0.710145,0.494949,0.555556,0.444444,100,240,240,32.0,0,0,16,16,22,22,20,0,196.0,80,0,0,11,18,0,11,11,1,10,0,11,10,10,1,9,0,0,0,0,0,180,0,180,9,171,0,0,0,RF-selected OC
175,3,3.0,1.0,0.29642510072830763,12000204,25,3,305.786117618623,425.0,17.0,2.123847390481,124f52947838c594,8d15af1f9d36efa1,9a6c8700c54bb3ee,200,49,24.5,146.0,188.397305,0.3,0.4,104.685538,1.166667,107.937722,1.346939,1.257576,0.0,0.804734,0.576271,0.60241,0.679612,100,280,280,32.0,0,0,16,16,62,62,16,0,272.0,66,0,0,50,43,0,50,12,4,8,0,12,8,8,2,6,0,0,0,0,38,140,11,151,44,107,0,0,0,RF-selected OC
178,1,1.0,1.0,0.37357609115488,12000207,25,1,328.528160160569,175.0,18.0,1.912794918977,338d452a32afa608,8d15af1f9d36efa1,3c85754f8dfa445b,200,40,20.0,166.55,310.098858,0.2,0.5,176.178135,1.0,176.178135,2.5,1.0,0.0,0.662162,0.494949,0.5,0.390244,100,216,216,32.0,0,0,16,16,24,24,16,0,196.0,100,0,0,12,36,0,12,12,4,8,0,12,8,8,0,8,0,0,0,0,0,160,0,160,8,152,0,0,0,RF-selected OC
186,3,3.0,1.0,0.4286380739202237,12000215,25,3,202.532620731452,325.0,18.0,1.737829350203,b3d7839a54c57f00,8d15af1f9d36efa1,d4a1314f5325b833,200,80,40.0,125.0875,217.596599,0.4,0.8,126.221888,1.25,126.221888,2.0,1.125,0.0,0.555556,0.5,0.384615,0.298246,100,232,232,32.0,0,0,16,16,28,28,12,0,200.0,160,0,0,14,72,0,14,14,8,6,0,14,6,6,0,6,0,0,0,0,0,120,0,120,6,114,0,0,0,RF-selected OC
189,1,1.0,1.0,0.3363745056105022,12000218,25,1,323.575522585675,175.0,12.0,2.429375579198,e6159585df451a48,8d15af1f9d36efa1,854f8fc35f22796,200,20,10.0,242.2,314.749868,0.1,0.3,266.262559,1.0,266.262559,3.0,1.0,0.0,0.761905,0.489796,0.625,0.5,100,200,200,32.0,0,0,16,16,20,20,20,0,192.0,60,0,0,11,18,0,11,11,1,10,0,11,10,10,1,9,0,0,0,0,0,180,0,180,9,171,0,0,0,RF-selected OC
192,1,1.0,1.0,0.3363745056105022,12000221,25,1,348.640601526752,325.0,14.0,2.44976230025,4afecf6c6f91bd15,8d15af1f9d36efa1,9a91d200c56b4f9c,200,40,20.0,137.025,251.22857,0.2,0.3,127.692581,1.25,127.692581,1.5,1.333333,0.0,0.777778,0.512195,0.625,0.565217,100,224,224,32.0,0,0,16,16,31,31,16,0,210.0,60,0,0,19,36,0,19,12,4,8,0,12,8,8,0,8,0,0,0,0,7,160,0,160,15,145,0,0,0,RF-selected OC
212,3,3.0,1.0,0.3363745056105022,12000241,25,3,194.675430364245,325.0,12.0,2.444729334756,86f192da6845eda3,8d15af1f9d36efa1,9a8afa00c56574e6,200,20,10.0,90.1,301.196735,0.1,0.1,84.393202,2.0,84.393202,1.0,2.0,0.0,0.912281,0.509804,0.833333,0.791667,100,224,224,32.0,0,0,16,16,29,29,18,0,208.0,20,0,0,19,18,0,19,11,2,9,0,11,9,9,0,9,0,0,0,0,8,180,0,180,17,163,0,0,0,RF-selected OC
220,0,1.0,0.0,0.19509779373868447,12000249,25,0,496.678398023175,325.0,22.0,2.332366374262,5867c8ed37517342,8d15af1f9d36efa1,9a845000c55fe85a,200,28,14.0,141.071429,299.347699,0.2,0.3,87.672448,1.75,87.672448,1.5,1.666667,0.0,0.870769,0.585921,0.704225,0.783505,100,224,224,31.0,0,0,16,15,66,66,20,4,283.0,42,0,0,52,24,0,52,12,2,10,0,12,10,10,2,8,0,0,0,0,40,160,12,172,48,124,0,0,0,RF-selected OC
233,2,2.0,1.0,0.41473880183680845,12000262,25,2,354.779284407395,325.0,18.0,1.989549801493,69b987e583639d14,8d15af1f9d36efa1,9a691100c548b595,200,100,50.0,258.69,229.527169,0.5,2.1,321.79911,1.568889,321.79911,4.2,1.380952,0.0,0.329073,0.507389,0.192308,0.149798,100,280,280,32.0,0,0,16,16,31,31,12,2,206.0,420,0,0,15,90,0,15,15,9,6,0,15,6,6,1,5,0,0,0,0,0,100,0,100,5,95,0,0,0,RF-selected OC
240,1,3.0,0.0,0.19509779373868447,12000269,25,1,461.689903693104,175.0,19.0,2.482542421008,5360790263568b8a,8d15af1f9d36efa1,973e330810dd10b9,200,48,24.0,353.875,274.085179,0.3,1.6,395.347325,1.095238,428.091661,5.729167,1.130909,0.0,0.470135,0.54955,0.266667,0.289406,100,160,160,32.0,0,0,16,16,47,47,18,0,244.0,275,0,0,35,43,0,35,12,3,9,0,12,9,9,2,7,0,0,0,0,23,140,12,152,30,122,0,0,0,RF-selected OC
257,2,0.0,0.0,0.40552041612090034,12000286,25,2,182.384223521577,175.0,15.0,2.139369430129,aaacb60a36117a37,8d15af1f9d36efa1,9a734800c551678f,200,80,40.0,102.5375,246.846691,0.4,0.5,87.952398,1.0,87.952398,1.25,1.0,0.0,0.66443,0.497487,0.5,0.39759,100,232,232,32.0,0,0,16,16,27,27,12,2,198.0,100,0,0,14,72,2,12,12,6,6,0,12,6,6,0,6,0,0,0,0,0,120,0,120,6,114,0,0,0,RF-selected OC
271,0,0.0,1.0,0.3363745056105022,12000300,25,0,165.693175872703,175.0,12.0,2.524116414188,c1cb599bc2db8cd3,8d15af1f9d36efa1,9a623500c542d413,200,20,10.0,73.2,342.22353,0.1,0.1,57.719836,1.0,57.719836,1.0,1.0,0.0,0.907407,0.494949,0.833333,0.761905,100,264,264,32.0,0,0,16,16,23,23,18,0,196.0,20,0,0,12,18,0,12,11,2,9,0,11,9,9,0,9,0,0,0,0,1,180,0,180,10,170,0,0,0,RF-selected OC
273,1,1.0,1.0,0.3490687336186874,12000302,25,1,110.950234735736,325.0,21.0,1.582936328155,c84e4dedfe337bf2,8d15af1f9d36efa1,9a8e8400c568953b,200,109,54.5,135.0,172.054383,0.6,1.0,106.453682,1.527778,117.21615,1.880734,1.57561,0.0,0.530892,0.537037,0.327869,0.327869,100,264,264,32.0,0,0,16,16,43,43,14,0,232.0,205,0,0,27,97,0,27,16,9,7,0,16,7,7,3,4,0,0,0,0,11,80,11,91,15,76,0,0,0,RF-selected OC
278,3,3.0,1.0,0.28478786540109485,12000307,25,3,271.055332426776,75.0,10.0,1.678912330206,d28337ee91f2c4ac,8d15af1f9d36efa1,69b741316832c466,200,73,36.5,254.479452,289.028327,0.4,1.6,302.683852,1.55,309.551026,3.90411,1.603509,0.0,0.428858,0.516908,0.25974,0.223433,100,264,264,32.0,0,0,16,16,34,34,14,0,214.0,285,0,0,22,66,0,22,12,5,7,0,12,7,7,2,5,0,0,0,0,10,120,7,127,15,112,0,0,0,RF-selected OC
282,3,3.0,1.0,0.43351741748298045,12000311,25,3,323.519904783778,175.0,19.0,1.59656676829,9cf7c7cc9f1547d7,8d15af1f9d36efa1,de5f962775889266,200,152,76.0,371.085526,405.467536,0.8,4.8,445.951078,1.920536,445.486146,5.993421,1.879254,0.0,0.211255,0.54955,0.098912,0.109482,100,312,312,32.0,0,0,16,16,51,51,10,12,244.0,911,0,0,29,136,2,27,16,11,5,0,16,5,5,3,2,0,0,0,0,11,40,8,48,13,35,0,0,0,RF-selected OC
283,3,3.0,1.0,0.4069916334905617,12000312,25,3,287.786166122216,325.0,11.0,2.225015436902,3e90b6c24e0f5881,8d15af1f9d36efa1,a5cf0c9acc8119e,200,200,100.0,310.89,255.061208,1.0,4.7,387.13725,1.78254,383.69754,4.7,1.680851,0.0,0.195205,0.53271,0.096154,0.092664,100,296,296,32.0,0,0,16,16,40,40,16,0,228.0,940,0,0,20,180,0,20,20,12,8,0,20,8,8,8,0,0,0,0,0,0,0,0,0,0,0,0,0,0,RF-selected OC
284,2,2.0,1.0,0.32712776793041454,12000313,25,2,111.83402584228,175.0,18.0,1.982434606623,c496380ebe7faee1,8d15af1f9d36efa1,9a5ee300c54012e6,200,40,20.0,133.875,287.76292,0.2,0.4,129.266972,1.166667,129.266972,2.0,1.25,0.0,0.71223,0.497487,0.555556,0.452055,100,216,216,32.0,0,0,16,16,24,24,18,0,198.0,80,0,0,12,36,0,12,12,3,9,0,12,9,9,1,8,0,0,0,0,0,160,0,160,8,152,0,0,0,RF-selected OC
292,2,2.0,1.0,0.27301925500658997,12000321,25,2,94.921883942325,175.0,15.0,2.500434203033,ae4d86be0998e93e,8d15af1f9d36efa1,0,200,0,0.0,,263.474767,0.0,0.0,,,,,,,1.0,0.50495,1.0,1.0,100,216,216,32.0,0,0,16,16,26,26,20,0,204.0,0,0,0,17,0,0,17,10,0,10,0,10,10,10,0,10,0,0,0,0,7,200,0,200,17,183,0,0,0,RF-selected OC
293,1,1.0,1.0,0.2567908640390147,12000322,25,1,303.623055857302,75.0,6.0,2.118741806071,f02c7102ba22890d,8d15af1f9d36efa1,450f2277e8fd110b,200,47,23.5,262.574468,337.075103,0.3,1.2,297.16013,1.827778,276.973148,3.787234,1.735955,0.0,0.639676,0.612403,0.359712,0.508287,100,256,256,32.0,0,0,16,16,86,86,12,20,316.0,178,0,0,66,42,0,66,10,4,6,0,10,6,6,1,5,0,0,0,0,56,140,13,153,61,92,0,0,0,RF-selected OC
302,0,0.0,1.0,0.35337766389480146,12000331,25,0,118.355979262839,325.0,17.0,2.217910586818,48f719a36218cd4c,8d15af1f9d36efa1,9a691200c548b748,200,60,30.0,126.5,232.820898,0.3,0.5,108.888018,2.555556,108.888018,1.666667,2.2,0.0,0.669967,0.503722,0.5,0.418605,100,264,264,31.0,0,0,16,15,28,28,16,0,203.0,100,0,0,15,54,0,15,13,5,8,0,13,8,8,1,7,0,0,0,0,2,140,0,140,9,131,0,0,0,RF-selected OC
309,1,1.0,1.0,0.4286380739202237,12000338,25,1,342.020268361903,325.0,12.0,1.776015600402,5b79274a160f0ff6,8d15af1f9d36efa1,980c974f30d9973b,200,40,20.0,183.7,275.578415,0.2,0.4,173.937219,3.75,173.937219,2.0,3.75,0.0,0.727891,0.516908,0.555556,0.506173,100,304,304,32.0,0,0,16,16,32,32,18,2,214.0,80,0,0,19,36,0,19,12,3,9,0,12,9,9,1,8,0,0,0,0,7,160,0,160,15,145,0,0,0,RF-selected OC
311,3,3.0,1.0,0.4286380739202237,12000340,25,3,208.202840716055,325.0,9.0,1.758097888879,93f9cb6ab6557a82,8d15af1f9d36efa1,e0b992c9f5fe08ee,200,20,10.0,201.25,278.163271,0.1,0.3,228.869703,1.333333,228.869703,3.0,1.333333,0.0,0.772727,0.50495,0.625,0.545455,100,216,216,32.0,0,0,16,16,27,27,18,10,204.0,60,0,0,11,18,0,11,11,2,9,0,11,9,9,0,9,0,0,0,0,0,180,0,180,9,171,0,0,0,RF-selected OC
322,3,3.0,1.0,0.43351741748298045,12000351,25,3,291.452194249828,175.0,17.0,1.536113047199,8912b4a39994c94e,8d15af1f9d36efa1,9a953900c56e3478,200,83,41.5,175.843373,196.033831,0.5,1.2,188.186174,1.34,190.247879,2.385542,1.257576,0.0,0.556054,0.553571,0.33557,0.369427,100,232,232,32.0,0,0,16,16,52,52,12,0,248.0,198,0,0,39,75,0,39,13,7,6,0,13,6,6,1,5,0,0,0,0,26,100,17,117,31,86,0,0,0,RF-selected OC
337,3,2.0,0.0,0.30702614560835945,12000366,25,3,127.05053937069,175.0,11.0,2.88284346679,45c31b5e538ae4e,8d15af1f9d36efa1,b1cbcf4f3f5d8443,200,13,6.5,113.538462,281.098228,0.1,0.2,115.295764,1.0,115.295764,2.0,1.0,0.0,0.891667,0.516908,0.793651,0.759259,100,280,280,32.0,0,0,16,16,32,32,18,0,214.0,26,0,0,22,12,0,22,10,1,9,0,10,9,9,0,9,0,0,0,0,12,180,7,187,21,166,0,0,0,RF-selected OC
346,0,0.0,1.0,0.39777324777465367,12000375,25,0,193.042965808212,175.0,14.0,2.233918755938,486d66c846377cd2,8d15af1f9d36efa1,97bae54f3094119d,200,40,20.0,127.85,229.363825,0.2,0.3,126.941015,2.0,126.941015,1.5,2.0,0.0,0.76378,0.492386,0.625,0.508197,100,216,216,32.0,0,0,16,16,23,23,16,0,194.0,60,0,0,12,36,0,12,12,4,8,0,12,8,8,0,8,0,0,0,0,0,160,0,160,8,152,0,0,0,RF-selected OC
353,1,1.0,1.0,0.30702614560835945,12000382,25,1,151.630416093846,325.0,15.0,2.801030853142,26856ac4cfd46d38,8d15af1f9d36efa1,0,200,0,0.0,,260.204985,0.0,0.0,,,,,,,1.0,0.497487,1.0,1.0,100,280,280,32.0,0,0,16,16,23,23,20,0,198.0,0,0,0,13,0,0,13,10,0,10,0,10,10,10,0,10,0,0,0,0,3,200,0,200,13,187,0,0,0,RF-selected OC
355,0,0.0,1.0,0.3363745056105022,12000384,25,0,163.369168963284,325.0,20.0,2.370488615511,1a3d1aa2e4980a26,8d15af1f9d36efa1,83e1f567776740f3,200,60,30.0,202.15,275.569259,0.3,1.0,247.948497,1.783333,250.126631,3.333333,1.6,0.0,0.509804,0.509804,0.333333,0.275362,100,320,320,32.0,0,0,16,16,31,31,14,0,208.0,200,0,0,18,54,0,18,13,6,7,0,13,7,7,0,7,0,0,0,0,5,140,0,140,12,128,0,0,0,RF-selected OC
360,2,3.0,0.0,0.19509779373868447,12000389,25,2,464.225817304611,325.0,20.0,2.557988970461,d0502b687035db24,8d15af1f9d36efa1,7acebba8abe1f93a,200,14,7.0,208.5,310.713628,0.1,0.3,220.248125,1.666667,220.248125,3.0,1.666667,0.0,0.864078,0.571734,0.704225,0.764045,100,224,224,31.0,0,0,16,15,59,59,18,10,267.0,42,0,0,43,12,0,43,11,2,9,0,11,9,9,0,9,0,0,0,0,32,180,6,186,41,145,0,0,0,RF-selected OC
363,3,3.0,1.0,0.4413606538925885,12000392,25,3,246.92961137665,325.0,13.0,1.672044134815,24407c2c29e0664d,8d15af1f9d36efa1,be900a7fc748dcaa,200,100,50.0,186.69,189.771666,0.5,1.4,214.885907,1.466667,206.340482,2.8,1.5,0.0,0.423868,0.507389,0.263158,0.20904,100,248,248,32.0,0,0,16,16,30,30,14,0,206.0,280,0,0,15,90,0,15,15,8,7,0,15,7,7,2,5,0,0,0,0,0,100,0,100,5,95,0,0,0,RF-selected OC
369,2,2.0,1.0,0.20711350919605973,12000398,25,2,453.577542355414,425.0,16.0,1.569138663206,e23bbcc86ce6bf18,8d15af1f9d36efa1,33e2b44f8917ed6c,200,35,17.5,176.314286,242.612655,0.3,0.6,153.387271,2.333333,150.968613,1.971429,2.188406,0.0,0.867052,0.692308,0.591716,0.821705,100,328,328,32.0,0,0,16,16,152,152,14,46,450.0,69,0,0,120,32,0,120,9,2,7,0,9,7,7,1,6,0,0,0,0,111,140,25,165,117,48,0,0,0,RF-selected OC
375,0,0.0,1.0,0.3346893182292744,12000404,25,0,100.657976577122,325.0,22.0,1.576858058834,ceedd14aa65fb53b,8d15af1f9d36efa1,9a76b700c5545a03,200,20,10.0,100.85,234.76692,0.1,0.1,65.218389,1.0,65.218389,1.0,1.0,0.0,0.908257,0.497487,0.833333,0.767442,100,248,248,32.0,0,0,16,16,23,23,20,0,198.0,20,0,0,12,18,0,12,11,1,10,0,11,10,10,1,9,0,0,0,0,1,180,0,180,10,170,0,0,0,RF-selected OC
378,0,0.0,1.0,0.4286380739202237,12000407,25,0,212.473299124043,325.0,18.0,1.758587105378,254678b099045251,8d15af1f9d36efa1,febd16476ee00e88,200,40,20.0,146.525,309.24323,0.2,0.4,156.272153,1.666667,156.272153,2.0,1.5,0.0,0.714286,0.5,0.555556,0.459459,100,208,208,32.0,0,0,16,16,26,26,16,0,200.0,80,0,0,14,36,0,14,12,4,8,0,12,8,8,0,8,0,0,0,0,2,160,0,160,10,150,0,0,0,RF-selected OC
381,0,2.0,0.0,0.4069916334905617,12000410,25,0,145.211624870657,325.0,16.0,2.244292519495,56ed6e769925e341,8d15af1f9d36efa1,b0f19882360cc22b,200,139,69.5,182.625899,233.809826,0.7,1.9,207.018217,1.785714,216.866084,2.81295,1.797954,0.0,0.351575,0.514563,0.203666,0.169851,100,256,256,32.0,0,0,16,16,37,37,6,0,212.0,391,0,0,20,125,0,20,17,14,3,0,17,3,3,0,3,0,0,0,0,3,60,1,61,6,55,0,0,0,RF-selected OC
383,3,3.0,1.0,0.3900577854452879,12000412,25,3,177.771275430643,175.0,9.0,2.143708460725,79b2a3f384b3c6b7,8d15af1f9d36efa1,2282264f7f3c6372,200,66,33.0,167.242424,281.67403,0.4,1.1,189.186291,1.758333,182.306154,2.69697,1.595506,0.0,0.552764,0.52381,0.359712,0.330827,100,320,320,32.0,0,0,16,16,38,38,12,0,220.0,178,0,0,26,60,0,26,12,6,6,0,12,6,6,0,6,0,0,0,0,14,120,14,134,20,114,0,0,0,RF-selected OC
385,1,3.0,0.0,0.4069916334905617,12000414,25,1,353.783177142558,325.0,18.0,2.242876991106,8c179ba7eda4843e,8d15af1f9d36efa1,9aa9a300c57f91a0,200,52,26.0,120.057692,262.893545,0.3,0.4,87.832001,2.333333,107.974982,1.384615,2.277778,0.0,0.76,0.53271,0.581395,0.571429,100,280,280,32.0,0,0,16,16,41,41,14,0,228.0,72,0,0,28,46,0,28,13,6,7,0,13,7,7,0,7,0,0,0,0,15,140,8,148,22,126,0,0,0,RF-selected OC
389,0,1.0,0.0,0.19509779373868447,12000418,25,0,468.24679025057,325.0,18.0,2.569341018918,c60d06f30d803fc3,8d15af1f9d36efa1,59b700ca3a717281,200,14,7.0,228.0,339.994283,0.1,0.3,223.729579,1.333333,223.729579,3.0,1.333333,0.0,0.853147,0.54955,0.704225,0.727273,100,192,192,32.0,0,0,16,16,47,47,18,0,244.0,42,0,0,36,12,0,36,11,2,9,0,11,9,9,0,9,0,0,0,0,25,180,6,186,34,152,0,0,0,RF-selected OC
406,1,1.0,1.0,0.3930691572070685,12000435,25,1,131.827326264581,325.0,16.0,1.793566804191,a0f4af57d7957bc3,8d15af1f9d36efa1,45281e4f92dc7282,200,40,20.0,224.475,327.905359,0.2,0.7,280.174691,1.75,280.174691,3.5,1.428571,0.0,0.583333,0.494949,0.416667,0.313725,100,232,232,32.0,0,0,16,16,24,24,16,0,196.0,140,0,0,12,36,0,12,12,4,8,0,12,8,8,0,8,0,0,0,0,0,160,0,160,8,152,0,0,0,RF-selected OC
408,3,3.0,1.0,0.310324372811723,12000437,25,3,289.210342033068,425.0,14.0,1.740420151913,5c01d96cd23e6e6c,8d15af1f9d36efa1,8779ff68ccc19465,200,16,8.0,221.1875,277.452112,0.1,0.3,235.524582,1.333333,235.524582,3.0,1.333333,0.0,0.835616,0.54955,0.675676,0.7,100,160,160,32.0,0,0,16,16,47,47,18,2,244.0,48,0,0,39,14,0,35,11,2,9,0,11,9,9,0,9,0,0,0,0,28,180,4,184,37,147,0,0,0,RF-selected OC
414,3,3.0,1.0,0.3363745056105022,12000443,25,3,112.805923766073,325.0,19.0,2.357094930639,c524a644e460b2c7,8d15af1f9d36efa1,dd39b24f57ff4ddd,200,35,17.5,172.771429,270.752794,0.2,0.6,181.639726,1.625,179.605346,2.971429,1.663462,0.0,0.676012,0.520384,0.490196,0.452632,100,184,184,31.0,0,0,16,15,35,35,16,2,217.0,104,0,0,22,31,0,22,12,4,8,0,12,8,8,0,8,0,0,0,0,10,160,5,165,18,147,0,0,0,RF-selected OC
417,1,3.0,0.0,0.3031458971678484,12000446,25,1,481.680089444371,175.0,24.0,1.64308886971,b5c6d27166652bfd,8d15af1f9d36efa1,a93d784f3a8c8a7c,200,64,32.0,173.5625,253.356229,0.4,1.1,199.234653,1.791667,187.108059,2.6875,1.511628,0.0,0.619469,0.583333,0.367647,0.4625,100,264,264,32.0,0,0,16,16,66,66,16,0,280.0,172,0,0,54,58,0,54,12,4,8,0,12,8,8,2,6,0,0,0,0,42,120,16,136,48,88,0,0,0,RF-selected OC
420,1,1.0,1.0,0.4258980232169761,12000449,25,1,247.751027345555,325.0,15.0,1.641272429565,e792a8a65e413120,8d15af1f9d36efa1,2872fd295b47640,200,20,10.0,184.95,294.230456,0.1,0.3,191.697413,2.333333,191.697413,3.0,2.333333,0.0,0.765625,0.494949,0.625,0.516129,100,248,248,32.0,0,0,16,16,23,23,18,2,196.0,60,0,0,11,18,0,11,11,2,9,0,11,9,9,0,9,0,0,0,0,0,180,0,180,9,171,0,0,0,RF-selected OC
426,3,3.0,1.0,0.40552041612090034,12000455,25,3,243.926420945117,175.0,14.0,1.94597726513,4eec7314fea08517,8d15af1f9d36efa1,8db6acca57e72d6f,200,80,40.0,277.2,237.317529,0.4,1.8,359.37103,2.166667,346.537239,4.5,2.0,0.0,0.359431,0.502488,0.217391,0.162791,100,312,312,32.0,0,0,16,16,28,28,14,0,202.0,360,0,0,14,72,0,14,14,7,7,0,14,7,7,1,6,0,0,0,0,0,120,0,120,6,114,0,0,0,RF-selected OC
428,0,0.0,1.0,0.4194196882043156,12000457,25,0,280.880593475857,175.0,11.0,1.714098729854,b69e8c1e2a4a02aa,8d15af1f9d36efa1,9a690600c548a2e4,200,60,30.0,202.433333,257.205128,0.3,0.9,205.154977,1.166667,205.154977,3.0,1.222222,0.0,0.552239,0.526066,0.357143,0.333333,100,208,208,32.0,0,0,16,16,38,38,14,4,222.0,180,0,0,25,54,2,23,11,4,7,0,11,7,7,0,7,0,0,0,0,12,140,0,140,19,121,0,0,0,RF-selected OC
433,3,1.0,0.0,0.18419773834853836,12000462,25,3,56.945448070998,325.0,22.0,1.628105353915,894aeb8c1a9b02ab,8d15af1f9d36efa1,9a8afc00c565784c,200,16,8.0,115.625,250.391415,0.1,0.1,45.54005,1.0,45.54005,1.0,1.0,0.0,0.938462,0.54955,0.862069,0.875,100,232,232,32.0,0,0,16,16,46,46,20,0,244.0,16,0,0,35,14,0,35,11,1,10,0,11,10,10,1,9,0,0,0,0,24,180,4,184,33,151,0,0,0,RF-selected OC
438,2,2.0,1.0,0.4194196882043156,12000467,25,2,349.137540436494,175.0,21.0,1.753175724298,47ac330c267798c1,8d15af1f9d36efa1,d2709d2888af272a,200,118,59.0,183.508475,246.448794,0.6,1.6,192.918313,3.127778,203.343147,2.669492,2.685714,0.0,0.395393,0.507389,0.240964,0.190231,100,320,320,32.0,0,0,16,16,33,33,8,2,206.0,315,0,0,18,106,0,18,16,12,4,0,16,4,4,0,4,0,0,0,0,2,80,2,82,6,76,0,0,0,RF-selected OC
446,1,1.0,1.0,0.28478786540109485,12000475,25,1,269.944416731629,75.0,9.0,1.642066148848,61c94f8d4310e5a7,8d15af1f9d36efa1,2b4a434f843e72f2,200,52,26.0,169.288462,224.916332,0.3,0.8,168.262542,1.583333,176.191477,2.769231,1.826389,0.0,0.595506,0.514563,0.409836,0.357143,100,264,264,32.0,0,0,16,16,32,32,16,0,212.0,144,0,0,20,47,0,20,12,4,8,0,12,8,8,1,7,0,0,0,0,8,140,8,148,15,133,0,0,0,RF-selected OC
469,0,0.0,1.0,0.3363745056105022,12000498,25,0,365.892848782647,175.0,15.0,2.355713203148,af5df5823918f62d,8d15af1f9d36efa1,a925b04f3a7857c3,200,40,20.0,182.875,248.108554,0.2,0.7,226.942664,1.9,219.721965,3.5,1.714286,0.0,0.583333,0.494949,0.416667,0.313725,100,224,224,32.0,0,0,16,16,24,24,16,0,196.0,140,0,0,12,36,0,12,12,4,8,0,12,8,8,0,8,0,0,0,0,0,160,0,160,8,152,0,0,0,RF-selected OC
483,1,1.0,1.0,0.3363745056105022,12000512,25,1,144.951294942169,325.0,9.0,2.608806341965,6cca99d0f5b0294a,8d15af1f9d36efa1,0,200,0,0.0,,293.762892,0.0,0.0,,,,,,,1.0,0.521531,1.0,1.0,100,248,248,32.0,0,0,16,16,33,33,20,0,218.0,0,0,0,23,0,0,23,10,0,10,0,10,10,10,0,10,0,0,0,0,13,200,0,200,23,177,0,0,0,RF-selected OC
485,3,3.0,1.0,0.3209118749348898,12000514,25,3,209.448398839236,175.0,12.0,2.427199395934,ebdced32130c285a,8d15af1f9d36efa1,85ccbb9fc57f70ec,200,120,60.0,201.641667,226.57837,0.6,1.7,241.084777,1.727778,231.378451,2.833333,1.470588,0.0,0.375,0.50495,0.227273,0.174757,100,288,288,32.0,0,0,16,16,32,32,8,0,204.0,340,0,0,16,108,0,16,16,12,4,0,16,4,4,0,4,0,0,0,0,0,80,0,80,4,76,0,0,0,RF-selected OC
495,1,1.0,1.0,0.3838507714911604,12000524,25,1,123.337911097927,175.0,18.0,1.795231343264,6893fcb7f34e18ca,8d15af1f9d36efa1,642ca767259b227f,200,106,53.0,311.122642,235.704207,0.6,3.0,382.73759,1.421429,376.180143,4.943396,1.490458,0.0,0.335025,0.568966,0.160256,0.20122,100,248,248,32.0,0,0,16,16,59,59,14,10,264.0,524,0,0,39,94,0,39,16,9,7,0,16,7,7,3,4,0,0,0,0,23,80,14,94,27,67,0,0,0,RF-selected OC
496,2,2.0,1.0,0.310324372811723,12000525,25,2,238.799632728714,425.0,11.0,1.773958848546,ad423af71d419d03,8d15af1f9d36efa1,9aa9b600c57fb1e9,200,20,10.0,93.1,307.253428,0.2,0.4,144.724587,1.666667,72.143735,1.0,2.0,0.0,0.928058,0.563319,0.833333,0.863014,100,216,216,32.0,0,0,16,16,56,56,14,0,258.0,20,0,0,49,18,0,47,9,2,7,0,9,7,7,0,7,0,0,0,0,40,160,20,180,47,133,0,0,0,RF-selected OC
501,2,1.0,0.0,0.21353486648874992,13000030,50,2,444.581722932052,175.0,35.0,2.758068818932,3339c635531a8bfc,8d15af1f9d36efa1,87694ea2f1b73a1f,200,147,73.5,301.217687,246.089098,1.0,4.3,326.06898,3.234762,357.493973,4.768707,2.499287,0.0,0.376889,0.679487,0.221976,0.215006,200,1120,1120,32.0,0,0,16,16,89,89,14,16,424.0,701,0,0,67,133,0,67,14,7,7,0,14,7,7,7,0,0,0,0,0,53,0,53,53,53,0,0,0,0,RF-selected OC
518,2,2.0,1.0,0.3900577854452879,13000047,50,2,139.838678369379,175.0,28.0,2.190260739551,f91298cdaa69b793,8d15af1f9d36efa1,463ddd6b8a79e045,200,180,90.0,419.205556,329.921388,0.9,5.7,505.659655,2.74475,532.066166,6.705556,2.485501,0.0,0.213681,0.621212,0.142146,0.073676,200,944,944,32.0,0,0,16,16,43,43,10,10,328.0,1207,0,0,19,162,0,19,19,14,5,0,19,5,5,4,1,0,0,0,0,0,20,0,20,1,19,0,0,0,RF-selected OC
531,3,3.0,1.0,0.31962759145825637,13000060,50,3,399.540776377717,325.0,37.0,1.613676884716,e4e25cd71935e526,8d15af1f9d36efa1,bc3a7d2da3933089,200,94,47.0,184.755319,223.801773,0.5,1.5,216.648557,1.28,214.077926,2.968085,1.415771,0.0,0.531092,0.612403,0.417537,0.231405,200,984,984,32.0,0,0,16,16,37,37,10,0,316.0,279,0,0,23,84,0,23,15,10,5,0,15,5,5,0,5,0,0,0,0,8,100,6,106,13,93,0,0,0,RF-selected OC
535,3,3.0,1.0,0.3301713024678294,13000064,50,3,290.295204890782,175.0,25.0,2.434483156477,afeed29b44176547,8d15af1f9d36efa1,a4aa284fc9057115,200,119,59.5,428.428571,256.827922,0.7,5.0,588.613694,2.860714,573.114891,7.285714,2.54902,0.0,0.285243,0.6337,0.187441,0.116208,200,1152,1152,32.0,0,0,16,16,47,47,20,0,346.0,867,0,0,35,108,2,33,12,2,10,0,12,10,10,7,3,0,0,0,0,21,60,21,81,24,57,0,0,0,RF-selected OC
540,2,2.0,1.0,0.3903291065038209,13000069,50,2,113.597015243779,325.0,43.0,1.634930493602,18f5a27146e43192,8d15af1f9d36efa1,b21c42b9f8735144,200,180,90.0,238.6,225.648625,0.9,3.5,262.935561,2.936508,273.034851,3.961111,2.645161,0.0,0.31244,0.618321,0.219058,0.114286,200,1040,1040,32.0,0,0,16,16,39,39,14,2,324.0,713,0,0,19,162,0,19,19,12,7,0,19,7,7,6,1,0,0,0,0,0,20,0,20,1,19,0,0,0,RF-selected OC
543,3,3.0,1.0,0.3301713024678294,13000072,50,3,306.463066437789,325.0,25.0,2.414744703725,aa5981bc2ff08b1a,8d15af1f9d36efa1,6e85d6c9ed24b772,200,150,75.0,265.56,259.888673,0.8,3.1,312.107909,2.68006,324.164247,3.96,2.792929,0.0,0.354348,0.619772,0.251889,0.136628,200,1008,1008,32.0,0,0,16,16,44,44,6,0,326.0,594,0,0,27,135,0,27,17,14,3,0,17,3,3,1,2,0,0,0,0,10,40,10,50,12,38,0,0,0,RF-selected OC
546,0,2.0,0.0,0.2745320046842682,13000075,50,0,109.1009131241,175.0,33.0,2.72267130482,6c657fc762b9e4bd,8d15af1f9d36efa1,9aa9a900c57f9bd2,200,73,36.5,123.616438,211.877159,0.4,0.6,110.689999,3.75,110.87798,1.547945,4.176991,0.0,0.735363,0.610895,0.638978,0.420513,200,1144,1144,32.0,0,0,16,16,34,34,14,2,314.0,113,0,0,20,66,0,20,13,6,7,0,13,7,7,1,6,0,0,0,0,7,120,7,127,13,114,0,0,0,RF-selected OC
547,1,1.0,1.0,0.29728572186538904,13000076,50,1,94.592705380787,175.0,36.0,2.231551564181,7521f7b86eb89d77,8d15af1f9d36efa1,70a2aea838e7c9f,200,172,86.0,238.023256,249.164103,0.9,3.5,307.609717,2.60873,289.179406,3.883721,2.730539,0.0,0.329317,0.621212,0.230415,0.125654,200,1016,1016,32.0,0,0,16,16,46,46,4,0,328.0,668,0,0,27,154,0,27,19,17,2,0,19,2,2,1,1,0,0,0,0,8,20,8,28,9,19,0,0,0,RF-selected OC
553,1,1.0,1.0,0.3301713024678294,13000082,50,1,274.383931127962,175.0,29.0,2.270865903167,bc2b9d1d08ada5c8,8d15af1f9d36efa1,d931265a9e32e860,200,140,70.0,225.814286,255.270597,0.7,2.3,261.558331,3.266667,260.954392,3.285714,3.086957,0.0,0.405685,0.610895,0.30303,0.151292,200,1008,1008,32.0,0,0,16,16,35,35,12,2,314.0,460,0,0,17,126,0,17,17,11,6,0,17,6,6,3,3,0,0,0,0,0,60,0,60,3,57,0,0,0,RF-selected OC
562,2,2.0,1.0,0.39927617116119596,13000091,50,2,359.797081318385,325.0,35.0,1.853950037348,5882d63eb6ef756a,8d15af1f9d36efa1,6fe0420737c37d52,200,97,48.5,204.783505,255.627814,0.5,1.5,223.658185,2.7,228.426721,3.134021,2.638158,0.0,0.511254,0.6139,0.396825,0.220513,200,992,992,32.0,0,0,16,16,38,38,10,2,318.0,304,0,0,22,87,0,22,15,10,5,0,15,5,5,0,5,0,0,0,0,7,100,3,103,12,91,0,0,0,RF-selected OC
572,2,2.0,1.0,0.4372124498725941,13000101,50,2,233.803133853206,175.0,32.0,1.602246506431,b7af4215b1f58a12,8d15af1f9d36efa1,66b86121d4a1beae,200,100,50.0,281.15,315.805081,0.5,2.1,348.062699,2.306667,358.342858,4.2,2.47619,0.0,0.418283,0.601594,0.322581,0.142857,200,928,928,32.0,0,0,16,16,30,30,10,0,302.0,420,0,0,15,90,0,15,15,10,5,0,15,5,5,0,5,0,0,0,0,0,100,0,100,5,95,0,0,0,RF-selected OC
581,1,1.0,1.0,0.44505568628220216,13000110,50,1,240.247585927029,325.0,30.0,1.671867457751,fcfdbd196db3574c,8d15af1f9d36efa1,afe7e6c32f0fccad,200,175,87.5,251.302857,263.446177,1.0,4.2,316.838812,1.866667,292.212428,3.937143,1.844702,0.0,0.341929,0.641577,0.224972,0.154601,200,984,984,32.0,0,0,16,16,63,63,0,8,358.0,689,0,0,42,158,0,42,17,17,0,0,17,0,0,0,0,0,0,0,0,25,0,25,25,25,0,0,0,0,RF-selected OC
582,1,1.0,1.0,0.418433834226422,13000111,50,1,287.311482284685,325.0,34.0,1.967604171475,c3a2b4b31d50cce9,8d15af1f9d36efa1,18d9b7991be9786f,200,60,30.0,165.683333,289.956639,0.3,0.7,185.891008,3.266667,185.891008,2.333333,3.571429,0.0,0.680365,0.598394,0.588235,0.320388,200,1080,1080,32.0,0,0,16,16,26,26,14,0,298.0,140,0,0,13,54,0,13,13,6,7,0,13,7,7,0,7,0,0,0,0,0,140,0,140,7,133,0,0,0,RF-selected OC
585,1,1.0,1.0,0.44505568628220216,13000114,50,1,271.234331774709,325.0,31.0,1.661893576481,ad34935e2952c5b2,8d15af1f9d36efa1,512338e062d652f8,200,160,80.0,239.875,250.733775,0.8,2.7,271.97906,2.991667,298.309142,3.63125,2.516351,0.0,0.346457,0.606299,0.256082,0.115677,200,1104,1104,32.0,0,0,16,16,36,36,4,0,308.0,581,0,0,18,144,0,18,18,16,2,0,18,2,2,0,2,0,0,0,0,0,40,0,40,2,38,0,0,0,RF-selected OC
588,1,1.0,1.0,0.418433834226422,13000117,50,1,229.407756714325,325.0,35.0,2.053870629479,a45835d35359439f,8d15af1f9d36efa1,e2f3a7e30bf1197f,200,192,96.0,202.276042,210.70757,1.0,3.1,240.26295,2.975,239.947208,3.203125,2.744715,0.0,0.345048,0.618321,0.245399,0.130127,200,1200,1200,32.0,0,0,16,16,46,46,0,0,324.0,615,0,0,27,173,0,27,19,19,0,0,19,0,0,0,0,0,0,0,0,8,0,8,8,8,0,0,0,0,RF-selected OC
590,2,2.0,1.0,0.418433834226422,13000119,50,2,332.3703287132,325.0,30.0,2.088356753041,e50281b13283f5aa,8d15af1f9d36efa1,7cef0289d7358778,200,200,100.0,272.75,253.031681,1.0,4.4,352.190757,3.41627,340.553618,4.4,2.795455,0.0,0.261745,0.609375,0.185185,0.083333,200,1200,1200,32.0,0,0,16,16,40,40,0,0,312.0,880,0,0,20,180,0,20,20,20,0,0,20,0,0,0,0,0,0,0,0,0,0,0,0,0,0,0,0,0,RF-selected OC
597,2,2.0,1.0,0.409215448510514,13000126,50,2,256.032483839872,175.0,28.0,2.160183737346,a94c23a93a5b36c5,8d15af1f9d36efa1,f6058e3afee2d1c8,200,179,89.5,314.324022,333.395432,1.0,5.2,401.060902,2.370833,399.678751,5.178771,2.31068,0.0,0.270653,0.632353,0.177462,0.107796,200,928,928,32.0,0,0,16,16,56,56,0,2,344.0,927,0,0,38,162,0,38,17,17,0,0,17,0,0,0,0,0,0,0,0,21,0,21,21,21,0,0,0,0,RF-selected OC
600,3,1.0,0.0,0.3301713024678294,13000129,50,3,150.72471143965,175.0,29.0,2.516556564941,6b149873587358ae,8d15af1f9d36efa1,71de6fd161da6f10,200,120,60.0,190.291667,273.945685,0.6,1.7,202.919351,2.5,212.35332,2.891667,2.403458,0.0,0.470229,0.606299,0.365631,0.179669,200,888,888,32.0,0,0,16,16,33,33,10,2,308.0,347,0,0,16,108,0,16,16,11,5,0,16,5,5,1,4,0,0,0,0,0,80,0,80,4,76,0,0,0,RF-selected OC
626,1,1.0,1.0,0.28096247005269526,13000155,50,1,270.510440575823,425.0,18.0,1.823230561355,6ee36125ebce1c4f,8d15af1f9d36efa1,d8fde9f65a059b3b,200,142,71.0,301.549296,259.933208,1.0,4.3,342.857075,1.716667,357.822697,4.647887,2.128788,0.0,0.393382,0.681529,0.232558,0.228972,200,912,912,32.0,0,0,16,16,91,91,14,10,428.0,660,0,0,72,128,0,72,14,7,7,0,14,7,7,7,0,0,0,0,0,58,0,58,58,58,0,0,0,0,RF-selected OC
628,2,2.0,1.0,0.24997201390002685,13000157,50,2,382.726452314937,325.0,29.0,2.831448632243,52f4a699e8ac5990,8d15af1f9d36efa1,1551993126b53480,200,199,99.5,332.522613,332.034209,1.0,5.6,421.845005,2.498885,413.573343,5.708543,2.333627,0.0,0.222982,0.619772,0.149701,0.076423,200,1000,1000,32.0,0,0,16,16,42,42,10,2,326.0,1136,0,0,21,179,0,21,20,15,5,0,20,5,5,5,0,0,0,0,0,1,0,1,1,1,0,0,0,0,RF-selected OC
650,1,0.0,0.0,0.29300573940247615,13000179,50,1,487.319236470389,325.0,42.0,2.189030254542,a6a132204c442463,8d15af1f9d36efa1,171481e1406afe0d,200,38,19.0,280.473684,322.415141,0.2,0.8,342.524549,3.5,339.809234,3.947368,2.88,0.0,0.682203,0.616858,0.571429,0.375,200,1144,1144,32.0,0,0,16,16,37,37,16,0,322.0,150,0,0,25,34,0,25,12,4,8,0,12,8,8,0,8,0,0,0,0,13,160,2,162,21,141,0,0,0,RF-selected OC
651,3,3.0,1.0,0.418433834226422,13000180,50,3,225.40154155421,325.0,27.0,2.048164821381,f14a09c5d90ff6ba,8d15af1f9d36efa1,d7266a3716510e50,200,200,100.0,289.995,252.432243,1.0,4.8,387.623196,2.558009,368.983765,4.8,2.583333,0.0,0.245283,0.609375,0.172414,0.076923,200,904,904,32.0,0,0,16,16,40,40,0,0,312.0,960,0,0,20,180,0,20,20,20,0,0,20,0,0,0,0,0,0,0,0,0,0,0,0,0,0,0,0,0,RF-selected OC
653,3,3.0,1.0,0.3301713024678294,13000182,50,3,348.808975660918,175.0,33.0,2.351524576943,9dbfc6a4c62d64be,8d15af1f9d36efa1,9aed8000c5b922f3,200,191,95.5,250.356021,243.598118,1.0,4.1,326.21251,2.427381,305.129752,4.026178,2.335501,0.0,0.300909,0.623352,0.206398,0.115075,200,1032,1032,31.0,0,0,16,15,47,47,6,0,331.0,769,0,0,28,172,0,28,19,16,3,0,19,3,3,3,0,0,0,0,0,9,0,9,9,9,0,0,0,0,RF-selected OC
661,2,2.0,1.0,0.3209118749348898,13000190,50,2,126.901937943015,325.0,32.0,2.539173493185,f1bfa13d30c7567d,8d15af1f9d36efa1,9a7a0000c5570be5,200,38,19.0,111.078947,311.151502,0.2,0.3,69.599424,2.0,71.185855,1.5,2.22807,0.0,0.847594,0.613153,0.77821,0.601399,200,920,920,31.0,0,0,16,15,33,33,20,0,317.0,57,0,0,21,34,0,21,12,2,10,0,12,10,10,2,8,0,0,0,0,9,160,2,162,17,145,0,0,0,RF-selected OC
665,0,0.0,1.0,0.3875458038807741,13000194,50,0,121.450529488698,175.0,39.0,1.810021882497,af8092d480261a4e,8d15af1f9d36efa1,43cf8640568f45a6,200,190,95.0,318.047368,290.831101,1.0,4.9,398.869495,2.551548,390.630267,4.989474,2.376582,0.0,0.265116,0.630996,0.174216,0.10397,200,1016,1016,32.0,0,0,16,16,50,50,10,0,342.0,948,0,0,30,170,0,30,20,15,5,0,20,5,5,5,0,0,0,0,0,10,0,10,10,10,0,0,0,0,RF-selected OC
674,0,0.0,1.0,0.23358106501715556,13000203,50,0,277.036988812341,75.0,24.0,2.230067296077,d2218c41b3d5dab3,8d15af1f9d36efa1,eaa5260a68521dc2,200,86,43.0,244.546512,285.178642,0.6,2.1,282.775446,2.814286,285.778167,3.837209,2.533333,0.0,0.589552,0.703264,0.377358,0.423077,200,1096,1096,32.0,0,0,16,16,117,117,8,0,474.0,330,0,0,107,78,0,107,10,6,4,0,10,4,4,2,2,0,0,0,0,97,80,34,114,99,15,0,0,0,RF-selected OC
681,0,0.0,1.0,0.3301713024678294,13000210,50,0,170.50165156794,175.0,30.0,2.587877624558,58549ad3487af21,8d15af1f9d36efa1,6719fa5dd36fd7b3,200,200,100.0,286.84,278.049057,1.0,4.4,354.802121,3.636905,347.830931,4.4,3.242045,0.0,0.265442,0.6139,0.185185,0.089027,200,1224,1224,32.0,0,0,16,16,41,41,4,2,318.0,880,0,0,20,180,0,20,20,18,2,0,20,2,2,2,0,0,0,0,0,0,0,0,0,0,0,0,0,0,RF-selected OC
687,1,1.0,1.0,0.3301713024678294,13000216,50,1,313.629173706695,175.0,20.0,2.599786862125,1fd2d2f6eef93faa,8d15af1f9d36efa1,4f252b29694105c4,200,60,30.0,204.25,316.432008,0.3,0.9,250.534655,4.055556,241.058319,3.0,3.666667,0.0,0.623431,0.598394,0.526316,0.268293,200,1024,1024,32.0,0,0,16,16,26,26,14,0,298.0,180,0,0,17,54,0,13,13,6,7,0,13,7,7,0,7,0,0,0,0,4,140,0,140,11,129,0,0,0,RF-selected OC
694,3,3.0,1.0,0.409215448510514,13000223,50,3,284.957919689637,175.0,27.0,2.095468803685,a01d280aba940b43,8d15af1f9d36efa1,c7b31a80c59935b6,200,194,97.0,302.030928,268.539442,1.0,4.8,378.271604,2.615873,381.235531,4.865979,2.345339,0.0,0.256107,0.619048,0.174825,0.090559,200,1080,1080,31.0,0,0,16,15,46,46,2,0,325.0,944,0,0,26,174,0,26,20,19,1,0,20,1,1,1,0,0,0,0,0,6,0,6,6,6,0,0,0,0,RF-selected OC
702,0,0.0,1.0,0.20974555091677177,13000231,50,0,448.893940226968,75.0,32.0,1.527773605283,151ea80419e1a518,8d15af1f9d36efa1,6b46c9cd1f3fd8bb,200,125,62.5,232.544,208.333347,1.0,3.7,264.720231,2.724286,253.34464,3.568,2.410314,0.0,0.497748,0.688474,0.309598,0.320122,200,1064,1064,32.0,0,0,16,16,103,103,4,0,442.0,446,0,0,89,111,0,89,14,12,2,0,14,2,2,2,0,0,0,0,0,75,0,75,75,75,0,0,0,0,RF-selected OC
706,3,3.0,1.0,0.418433834226422,13000235,50,3,312.812227848146,325.0,37.0,1.864451514333,695864e86f6d3340,8d15af1f9d36efa1,9ae00f00c5add894,200,137,68.5,190.934307,256.469806,0.7,2.1,222.913597,2.511905,225.577355,3.043796,2.390887,0.0,0.434193,0.615385,0.324149,0.174257,200,1152,1152,32.0,0,0,16,16,41,41,6,0,320.0,417,0,0,24,123,0,24,17,14,3,0,17,3,3,0,3,0,0,0,0,7,60,3,63,10,53,0,0,0,RF-selected OC
711,3,3.0,1.0,0.42311472059392924,13000240,50,3,207.12709651624,175.0,27.0,1.748047407257,85fd29bf30d07048,8d15af1f9d36efa1,834bc3a5ef01a87a,200,170,85.0,288.164706,307.520436,1.0,4.8,375.491178,2.76131,350.873052,4.764706,2.435802,0.0,0.311224,0.646643,0.19802,0.141949,200,1080,1080,32.0,0,0,16,16,64,64,6,0,366.0,810,0,0,47,153,0,47,17,14,3,0,17,3,3,3,0,0,0,0,0,30,0,30,30,30,0,0,0,0,RF-selected OC
715,0,0.0,1.0,0.418433834226422,13000244,50,0,249.781192468772,325.0,29.0,1.991692647408,36bd6f34f99e6939,8d15af1f9d36efa1,fbb366f43338c95e,200,199,99.5,259.070352,215.793657,1.0,3.9,295.436168,1.922976,302.990126,4.030151,1.991272,0.0,0.287744,0.618321,0.199601,0.102908,200,1096,1096,32.0,0,0,16,16,41,41,10,0,324.0,802,0,0,21,179,0,21,20,15,5,0,20,5,5,5,0,0,0,0,0,1,0,1,1,1,0,0,0,0,RF-selected OC
724,0,2.0,0.0,0.31962759145825637,13000253,50,0,430.92485664627,175.0,39.0,1.613116814308,c74fbac81eacdb74,8d15af1f9d36efa1,bc8f599a8358bee8,200,160,80.0,350.25,323.258786,0.8,4.5,430.446824,2.415476,449.000094,5.625,2.216667,0.0,0.261084,0.6139,0.181818,0.087221,200,992,992,32.0,0,0,16,16,36,36,14,0,318.0,900,0,0,18,144,0,18,18,11,7,0,18,7,7,5,2,0,0,0,0,0,40,0,40,2,38,0,0,0,RF-selected OC
727,2,2.0,1.0,0.418433834226422,13000256,50,2,242.711252434018,325.0,25.0,1.937370413865,58d7bed295e394fa,8d15af1f9d36efa1,26d16838f2e35bb4,200,186,93.0,369.274194,293.82941,1.0,6.3,504.137813,2.413214,465.296843,6.134409,2.192813,0.0,0.232167,0.633028,0.149142,0.090837,200,944,944,31.0,0,0,16,15,50,50,14,0,345.0,1141,0,0,32,168,0,32,18,11,7,0,18,7,7,7,0,0,0,0,0,14,0,14,14,14,0,0,0,0,RF-selected OC
737,3,3.0,1.0,0.4372124498725941,13000266,50,3,215.38660729604,175.0,32.0,1.589589583098,caafa3a50c98d3eb,8d15af1f9d36efa1,e5dc62718ec46d73,200,173,86.5,217.023121,236.64868,0.9,3.2,291.203887,2.385185,269.60109,3.49711,2.418182,0.0,0.345946,0.615385,0.248447,0.126984,200,992,992,32.0,0,0,16,16,43,43,2,0,320.0,605,0,0,25,156,0,25,18,17,1,0,18,1,1,0,1,0,0,0,0,7,20,7,27,8,19,0,0,0,RF-selected OC
739,0,1.0,0.0,0.3900577854452879,13000268,50,0,140.031841522509,175.0,36.0,2.150157154607,529c9560bf1c727d,8d15af1f9d36efa1,a939fb4f3a89803e,200,76,38.0,220.947368,315.724683,0.4,1.3,243.417354,2.716667,249.055817,3.381579,2.793774,0.0,0.549912,0.610895,0.437637,0.241888,200,984,984,32.0,0,0,16,16,33,33,16,2,314.0,257,0,0,18,68,0,18,14,6,8,0,14,8,8,2,6,0,0,0,0,4,120,4,124,10,114,0,0,0,RF-selected OC
743,1,1.0,1.0,0.3301713024678294,13000272,50,1,121.528928672099,325.0,35.0,2.348388443891,9c9a0b268dd52076,8d15af1f9d36efa1,e1a16c4feba57d46,200,173,86.5,212.867052,206.926919,0.9,2.5,228.388776,2.574074,255.843152,3.150289,2.489908,0.0,0.369213,0.614644,0.268456,0.139021,200,1016,1016,31.0,0,0,16,15,43,43,2,0,319.0,545,0,0,25,156,0,25,18,17,1,0,18,1,1,0,1,0,0,0,0,7,20,7,27,8,19,0,0,0,RF-selected OC
752,0,0.0,1.0,0.4372124498725941,13000281,50,0,202.157340024732,175.0,33.0,1.571939309559,fc5e618534363235,8d15af1f9d36efa1,412306a78dd76477,200,200,100.0,269.815,215.623336,1.0,4.5,332.950254,2.576667,341.55162,4.565,2.479737,0.0,0.254694,0.609375,0.179695,0.080564,200,1056,1056,32.0,0,0,16,16,40,40,0,0,312.0,913,0,0,20,180,0,20,20,20,0,0,20,0,0,0,0,0,0,0,0,0,0,0,0,0,0,0,0,0,RF-selected OC
761,3,3.0,1.0,0.409215448510514,13000290,50,3,268.47834296704,175.0,31.0,2.184498076583,c1ae2d2cbb10d8c0,8d15af1f9d36efa1,4cd24527726b3f0e,200,200,100.0,247.825,259.618409,1.0,4.2,318.357409,2.453333,308.143879,4.2,2.285714,0.0,0.272097,0.610895,0.192308,0.088937,200,920,920,32.0,0,0,16,16,40,40,2,0,314.0,840,0,0,20,180,0,20,20,19,1,0,20,1,1,1,0,0,0,0,0,0,0,0,0,0,0,0,0,0,RF-selected OC
774,1,1.0,1.0,0.3075843221084754,13000303,50,1,176.87996001668,425.0,30.0,1.588453294661,ecdf8109d702d31c,8d15af1f9d36efa1,1dd07e500d9bb6f4,200,93,46.5,295.043011,309.33436,0.6,2.8,342.225875,2.56746,348.260217,4.623656,2.390698,0.0,0.478155,0.6633,0.31746,0.273649,200,880,880,32.0,0,0,16,16,74,74,14,0,394.0,430,0,0,59,82,0,59,15,8,7,0,15,7,7,3,4,0,0,0,0,44,80,27,107,48,59,0,0,0,RF-selected OC
792,3,0.0,0.0,0.3209118749348898,13000321,50,3,118.895674990159,175.0,27.0,2.639407997089,cca2b0caab5e2faf,8d15af1f9d36efa1,c6a63f4fdc1534d4,200,191,95.5,300.586387,303.680818,1.0,5.1,394.984169,2.924762,382.82359,5.08377,2.652935,0.0,0.251926,0.620493,0.170794,0.089972,200,1096,1096,31.0,0,0,16,15,47,47,2,0,327.0,971,0,0,28,172,0,28,19,18,1,0,19,1,1,1,0,0,0,0,0,9,0,9,9,9,0,0,0,0,RF-selected OC
796,0,1.0,0.0,0.21157948802909238,13000325,50,0,435.296865651524,325.0,41.0,2.383895803498,c4544a89cadd500e,8d15af1f9d36efa1,f24a8a4ff4e53e96,200,91,45.5,197.483516,257.543543,0.5,1.4,231.999001,3.1,225.427059,2.78022,3.13834,0.0,0.56,0.616858,0.441501,0.262391,200,1176,1176,32.0,0,0,16,16,39,39,12,0,322.0,253,0,0,25,82,0,25,14,8,6,0,14,6,6,1,5,0,0,0,0,11,100,9,109,16,93,0,0,0,RF-selected OC
797,2,2.0,1.0,0.3301713024678294,13000326,50,2,356.965088823786,325.0,31.0,2.438350152512,28f370af649f7273,8d15af1f9d36efa1,4778bf0d700c49b8,200,180,90.0,296.166667,240.648349,1.0,4.4,336.09178,2.183333,360.596158,4.788889,2.243619,0.0,0.292282,0.640288,0.188324,0.125761,200,912,912,32.0,0,0,16,16,60,60,4,0,356.0,862,0,0,40,160,0,40,20,18,2,0,20,2,2,2,0,0,0,0,0,20,0,20,20,20,0,0,0,0,RF-selected OC
799,3,3.0,1.0,0.43233310630983735,13000328,50,3,245.808599702602,325.0,32.0,1.75471047721,98c3486076104979,8d15af1f9d36efa1,f15209e6b0dd0a1a,200,156,78.0,230.74359,276.012502,0.8,3.0,284.487649,2.3625,281.791496,3.641026,2.429577,0.0,0.358916,0.6139,0.260417,0.131498,200,968,968,32.0,0,0,16,16,41,41,4,2,318.0,568,0,0,22,140,0,22,18,16,2,0,18,2,2,0,2,0,0,0,0,4,40,4,44,6,38,0,0,0,RF-selected OC
802,1,1.0,1.0,0.4372124498725941,13000331,50,1,303.25725761703,175.0,38.0,1.545511830889,772495033e50805f,8d15af1f9d36efa1,f7e0106d4b293bb2,200,193,96.5,240.207254,245.253807,1.0,4.1,309.025351,3.021667,286.13286,3.88601,2.842667,0.0,0.304267,0.621212,0.210526,0.113475,200,992,992,32.0,0,0,16,16,46,46,4,2,328.0,750,0,0,26,174,0,26,19,17,2,0,19,2,2,2,0,0,0,0,0,7,0,7,7,7,0,0,0,0,RF-selected OC
804,0,0.0,1.0,0.44505568628220216,13000333,50,0,218.931220816226,325.0,31.0,1.643022129956,56da2193c5cea941,8d15af1f9d36efa1,9b08b900c5d04b86,200,146,73.0,292.705479,284.184025,0.8,4.2,403.09415,2.776637,364.34587,5.034247,2.533333,0.0,0.309211,0.621928,0.213904,0.117647,200,1032,1032,31.0,0,0,16,15,46,46,6,0,329.0,735,0,0,30,132,0,30,16,13,3,0,16,3,3,1,2,0,0,0,0,14,40,14,54,16,38,0,0,0,RF-selected OC
816,1,1.0,1.0,0.418433834226422,13000345,50,1,311.966684185764,325.0,35.0,1.919886571077,609e40bf1154cd4c,8d15af1f9d36efa1,41a4aff6f419d1e1,200,200,100.0,248.605,252.859371,1.0,4.0,304.097317,2.870833,305.867725,4.17,2.621103,0.0,0.272251,0.609375,0.193424,0.087527,200,1136,1136,32.0,0,0,16,16,40,40,0,0,312.0,834,0,0,20,180,0,20,20,20,0,0,20,0,0,0,0,0,0,0,0,0,0,0,0,0,0,0,0,0,RF-selected OC
817,0,0.0,1.0,0.418433834226422,13000346,50,0,261.15093535298,325.0,23.0,2.010806623789,b9bb6b378ea9bfca,8d15af1f9d36efa1,56a0604f9ccc0d39,200,118,59.0,187.847458,245.737422,0.7,2.2,226.680209,3.333333,221.810152,3.228814,2.501312,0.0,0.470097,0.628253,0.344234,0.217659,200,1120,1120,32.0,0,0,16,16,50,50,6,0,338.0,381,0,0,36,107,0,36,14,11,3,0,14,3,3,0,3,0,0,0,0,22,60,22,82,25,57,0,0,0,RF-selected OC
822,2,2.0,1.0,0.3301713024678294,13000351,50,2,192.695735802101,325.0,23.0,2.573202644362,722afa9b0f59e35b,8d15af1f9d36efa1,9a659500c545ad0a,200,80,40.0,142.175,237.253839,0.4,0.7,137.692248,4.0625,136.510221,1.75,3.714286,0.0,0.684685,0.603175,0.588235,0.339623,200,1160,1160,32.0,0,0,16,16,28,28,16,0,304.0,140,0,0,14,72,0,14,14,6,8,0,14,8,8,2,6,0,0,0,0,0,120,0,120,6,114,0,0,0,RF-selected OC
823,1,1.0,1.0,0.34190890459496837,13000352,50,1,396.097638684278,325.0,44.0,1.546933559347,2114ccba2bd145ea,8d15af1f9d36efa1,c377d99c2379d15a,200,169,84.5,221.911243,252.091918,0.9,3.5,297.807092,2.457407,263.780855,3.710059,2.023923,0.0,0.346194,0.62406,0.241838,0.137552,200,992,992,32.0,0,0,16,16,49,49,2,0,332.0,627,0,0,30,151,0,30,19,18,1,0,19,1,1,0,1,0,0,0,0,11,20,11,31,12,19,0,0,0,RF-selected OC
824,3,3.0,1.0,0.3301713024678294,13000353,50,3,210.910108433489,325.0,27.0,2.441180041388,2e3eb347355f0c4f,8d15af1f9d36efa1,5f9e08368c969b65,200,120,60.0,226.158333,236.075982,0.6,2.0,272.898972,3.111111,273.021504,3.333333,3.5,0.0,0.431818,0.603175,0.333333,0.152542,200,1096,1096,32.0,0,0,16,16,32,32,8,0,304.0,400,0,0,16,108,0,16,16,12,4,0,16,4,4,0,4,0,0,0,0,0,80,0,80,4,76,0,0,0,RF-selected OC
838,2,2.0,1.0,0.3301713024678294,13000367,50,2,333.799387759298,175.0,28.0,2.445681363863,7c8cf763f450ba11,8d15af1f9d36efa1,c89850791f1e55db,200,200,100.0,333.56,229.245191,1.0,5.2,421.059205,2.347698,423.834588,5.2,2.326923,0.0,0.230769,0.609375,0.16129,0.071429,200,1128,1128,32.0,0,0,16,16,40,40,0,0,312.0,1040,0,0,20,180,0,20,20,20,0,0,20,0,0,0,0,0,0,0,0,0,0,0,0,0,0,0,0,0,RF-selected OC
848,2,2.0,1.0,0.31962759145825637,13000377,50,2,428.934740482781,325.0,42.0,1.611956164822,5467d73fab8b4ab8,8d15af1f9d36efa1,d92fd57c2886dece,200,138,69.0,321.268116,284.921562,0.9,4.5,386.345169,2.667857,394.866019,5.152174,2.361463,0.0,0.362903,0.669421,0.219539,0.19661,200,1056,1056,31.0,0,0,16,15,82,82,10,0,405.0,711,0,0,64,121,0,64,18,13,5,0,18,5,5,4,1,0,0,0,0,46,20,42,62,47,15,0,0,0,RF-selected OC
851,0,0.0,1.0,0.17873846695067336,13000380,50,0,39.880626261839,175.0,38.0,2.186060946705,f2a9a5e6c8ceea32,8d15af1f9d36efa1,440447e5c4da980e,200,119,59.5,298.403361,264.758774,0.7,4.0,430.500584,2.24881,379.732962,5.168067,2.193496,0.0,0.374364,0.647887,0.245399,0.181092,200,864,864,32.0,0,0,16,16,64,64,8,0,368.0,615,0,0,49,107,0,49,15,11,4,0,15,4,4,1,3,0,0,0,0,34,60,21,81,37,44,0,0,0,RF-selected OC
859,2,2.0,1.0,0.29300573940247615,13000388,50,2,399.196843960615,325.0,36.0,2.147914483306,7e3ee5e21b744cc8,8d15af1f9d36efa1,bfd9e3a3cfc89cbd,200,195,97.5,317.815385,272.022331,1.0,5.3,390.983626,1.969008,398.539359,5.471795,2.042174,0.0,0.237312,0.62406,0.157853,0.08569,200,984,984,32.0,0,0,16,16,47,47,6,4,332.0,1067,0,0,25,175,0,25,20,17,3,0,20,3,3,3,0,0,0,0,0,5,0,5,5,5,0,0,0,0,RF-selected OC
880,2,2.0,1.0,0.35768467012847577,13000409,50,2,386.132764108456,325.0,42.0,1.873010004594,ba38e90209afdc5a,8d15af1f9d36efa1,9a988800c570f08c,200,176,88.0,230.778409,225.633192,1.0,3.2,262.229519,3.113333,258.550161,3.25,2.891608,0.0,0.388889,0.64539,0.259067,0.1875,200,1088,1088,32.0,0,0,16,16,66,66,0,4,364.0,572,0,0,44,156,0,44,20,20,0,0,20,0,0,0,0,0,0,0,0,24,0,24,24,24,0,0,0,0,RF-selected OC
895,3,3.0,1.0,0.3815232195612091,13000424,50,3,380.983122016737,175.0,40.0,1.790690522231,393e06a6324ca0e1,8d15af1f9d36efa1,8d8488e2910ea38f,200,196,98.0,235.193878,204.139755,1.0,3.6,283.346098,2.256667,278.051618,3.596939,2.324823,0.0,0.317522,0.621212,0.220994,0.11985,200,1064,1064,32.0,0,0,16,16,44,44,8,0,328.0,705,0,0,24,176,0,24,20,16,4,0,20,4,4,4,0,0,0,0,0,4,0,4,4,4,0,0,0,0,RF-selected OC
898,1,1.0,1.0,0.30082294246568664,13000427,50,1,316.969534301388,325.0,15.0,2.664088190411,2db15f4b6620db6f,8d15af1f9d36efa1,677d17d1e2db8c18,200,140,70.0,189.178571,243.215834,0.7,2.0,214.322927,4.285714,211.687672,2.857143,3.4825,0.0,0.433428,0.604743,0.333333,0.156118,200,1376,1376,32.0,0,0,16,16,34,34,6,0,306.0,400,0,0,17,126,0,17,17,14,3,0,17,3,3,0,3,0,0,0,0,0,60,0,60,3,57,0,0,0,RF-selected OC
920,2,2.0,1.0,0.39927617116119596,13000449,50,2,338.911851761406,325.0,32.0,2.070974015204,29f499de2435605d,8d15af1f9d36efa1,9b8e2b4cc3efc076,200,178,89.0,233.280899,252.327913,0.9,3.5,281.1542,2.565079,268.341763,3.921348,2.404011,0.0,0.312315,0.613153,0.222717,0.109694,200,1032,1032,31.0,0,0,16,15,41,41,4,2,317.0,698,0,0,21,160,0,21,19,17,2,0,19,2,2,1,1,0,0,0,0,2,20,2,22,3,19,0,0,0,RF-selected OC
921,3,3.0,1.0,0.30082294246568664,13000450,50,3,331.161814192586,175.0,26.0,2.783064618354,43623800f31bc013,8d15af1f9d36efa1,ddb42a4f58677601,200,193,96.5,189.948187,184.623912,1.0,2.8,206.915681,2.77,207.821825,2.756477,2.75188,0.0,0.378505,0.618321,0.273224,0.147436,200,1088,1088,32.0,0,0,16,16,45,45,2,0,324.0,532,0,0,26,174,0,26,19,18,1,0,19,1,1,1,0,0,0,0,0,7,0,7,7,7,0,0,0,0,RF-selected OC
924,2,2.0,1.0,0.362365556495983,13000453,50,2,382.77399189131,175.0,40.0,1.755362958883,c9735ffead12c1fe,8d15af1f9d36efa1,46d675ee48ec2cda,200,180,90.0,275.633333,258.739375,0.9,3.8,327.525623,2.394268,331.647869,4.333333,2.153846,0.0,0.293478,0.618321,0.204082,0.105505,200,920,920,32.0,0,0,16,16,39,39,14,2,324.0,780,0,0,19,162,0,19,19,12,7,0,19,7,7,6,1,0,0,0,0,0,20,0,20,1,19,0,0,0,RF-selected OC
934,2,2.0,1.0,0.38248587009421287,13000463,50,2,132.123569543287,175.0,35.0,1.539984138191,caa1dc80a5d28db3,8d15af1f9d36efa1,9eeb04d630dbcd5f,200,190,95.0,332.831579,259.5165,1.0,5.8,423.157938,2.311071,424.549168,5.836842,2.358882,0.0,0.234645,0.62963,0.152788,0.088743,200,992,992,32.0,0,0,16,16,50,50,8,0,340.0,1109,0,0,30,170,0,30,20,16,4,0,20,4,4,4,0,0,0,0,0,10,0,10,10,10,0,0,0,0,RF-selected OC
950,3,3.0,1.0,0.43233310630983735,13000479,50,3,228.327137095357,325.0,27.0,1.769631805293,c8d1d03997386ecd,8d15af1f9d36efa1,d945214805cc2296,200,189,94.5,279.089947,287.002495,1.0,4.5,349.039901,2.731667,338.615187,4.597884,2.512083,0.0,0.278838,0.626866,0.187091,0.106886,200,1056,1056,32.0,0,0,16,16,51,51,2,4,336.0,869,0,0,30,170,0,30,19,18,1,0,19,1,1,1,0,0,0,0,0,11,0,11,11,11,0,0,0,0,RF-selected OC
952,1,3.0,0.0,0.28096247005269526,13000481,50,1,341.543405675262,425.0,26.0,2.112900887864,b6bb9a08d7b4953f,8d15af1f9d36efa1,7baa2ba01fcdf47e,200,172,86.0,275.459302,230.17753,1.0,4.2,319.581096,2.7,347.156147,4.593023,2.439241,0.0,0.316609,0.646643,0.20202,0.145022,200,1024,1024,32.0,0,0,16,16,64,64,6,4,366.0,790,0,0,45,155,0,45,17,14,3,0,17,3,3,3,0,0,0,0,0,28,0,28,28,28,0,0,0,0,RF-selected OC
954,2,2.0,1.0,0.3301713024678294,13000483,50,2,169.595718286513,325.0,36.0,2.303177110623,c4a8249f8220e903,8d15af1f9d36efa1,9b383a4fc3733174,200,160,80.0,220.2,218.353858,0.8,2.9,302.716711,2.8125,264.740173,3.625,2.275862,0.0,0.346847,0.606299,0.25641,0.115854,200,1128,1128,32.0,0,0,16,16,36,36,4,0,308.0,580,0,0,18,144,0,18,18,16,2,0,18,2,2,0,2,0,0,0,0,0,40,0,40,2,38,0,0,0,RF-selected OC
955,0,2.0,0.0,0.30650410758129704,13000484,50,0,104.527539601885,325.0,39.0,2.124299816106,88aafab8b41043ab,8d15af1f9d36efa1,5c7d0f94419d6dda,200,180,90.0,284.072222,272.524724,0.9,3.7,335.240391,2.634524,338.20696,4.222222,2.763158,0.0,0.300184,0.619772,0.208333,0.11007,200,1000,1000,32.0,0,0,16,16,40,40,14,4,326.0,760,0,0,19,162,0,19,19,12,7,0,19,7,7,6,1,0,0,0,0,0,20,0,20,1,19,0,0,0,RF-selected OC
959,1,1.0,1.0,0.39927617116119596,13000488,50,1,137.715133957203,325.0,39.0,1.832375597836,4d0a3842eee26468,8d15af1f9d36efa1,9a953600c56e2f5f,200,160,80.0,283.95,278.285453,0.8,3.6,356.879404,2.918403,354.024617,4.5,2.3625,0.0,0.302326,0.609375,0.217391,0.1,200,1064,1064,32.0,0,0,16,16,36,36,8,0,312.0,720,0,0,18,144,0,18,18,14,4,0,18,4,4,2,2,0,0,0,0,0,40,0,40,2,38,0,0,0,RF-selected OC
962,3,3.0,1.0,0.4372124498725941,13000491,50,3,218.698372915803,175.0,34.0,1.564267200198,68b3d38fd4fb9c0c,8d15af1f9d36efa1,73a46d3b771ade98,200,120,60.0,237.658333,276.938664,0.6,2.2,285.367534,1.833333,285.367534,3.666667,1.954545,0.0,0.414894,0.609375,0.3125,0.153846,200,856,856,32.0,0,0,16,16,36,36,8,2,312.0,440,0,0,19,108,0,19,16,12,4,0,16,4,4,0,4,0,0,0,0,3,80,0,80,7,73,0,0,0,RF-selected OC
964,2,3.0,0.0,0.3301713024678294,13000493,50,2,141.096967762815,175.0,31.0,2.311638668945,dbd4be931701cb1e,8d15af1f9d36efa1,93a7cad0b28ab15d,200,160,80.0,245.96875,259.336996,0.8,2.8,261.422092,2.107143,287.373673,3.875,2.032258,0.0,0.339019,0.6139,0.243902,0.121813,200,912,912,32.0,0,0,16,16,37,37,12,2,318.0,620,0,0,18,144,0,18,18,12,6,0,18,6,6,4,2,0,0,0,0,0,40,0,40,2,38,0,0,0,RF-selected OC
967,3,3.0,1.0,0.25522750544681755,13000496,50,3,295.801912525876,75.0,25.0,1.791115386234,fbb45fea3aae6e65,8d15af1f9d36efa1,82b44021483bad50,200,120,60.0,325.675,288.717472,1.0,4.9,367.654877,2.542143,370.247538,4.908333,2.655348,0.0,0.45614,0.711816,0.253485,0.307873,200,968,968,32.0,0,0,16,16,123,123,16,34,494.0,589,0,0,93,107,0,93,13,5,8,0,13,8,8,8,0,0,0,0,0,80,0,80,80,80,0,0,0,0,RF-selected OC
974,1,1.0,1.0,0.3900577854452879,13000503,50,1,362.502398508857,175.0,38.0,2.154243134884,426b288a8a1c121f,8d15af1f9d36efa1,7c1065879bfe1ffb,200,97,48.5,235.061856,307.697659,0.5,2.0,300.170062,1.933333,287.830074,4.030928,1.897698,0.0,0.44539,0.610895,0.338409,0.173362,200,928,928,32.0,0,0,16,16,34,34,14,2,314.0,391,0,0,18,87,0,18,15,8,7,0,15,7,7,2,5,0,0,0,0,3,100,3,103,8,95,0,0,0,RF-selected OC
975,0,0.0,1.0,0.4372124498725941,13000504,50,0,246.722896206204,175.0,35.0,1.525649567834,7d2e4daa0fa860bf,8d15af1f9d36efa1,a1a33ed73b9d2d6b,200,170,85.0,244.217647,271.995867,0.9,3.8,324.478492,3.043519,291.480936,4.0,2.852941,0.0,0.325397,0.621212,0.227273,0.123711,200,1088,1088,32.0,0,0,16,16,46,46,4,0,328.0,680,0,0,28,153,0,28,18,16,2,0,18,2,2,1,1,0,0,0,0,10,20,10,30,11,19,0,0,0,RF-selected OC
979,3,1.0,0.0,0.21157948802909238,13000508,50,3,492.612176211631,175.0,45.0,2.265860501572,b540d66638ffc240,8d15af1f9d36efa1,cf85e84fe12b1119,200,87,43.5,171.563218,260.372771,0.5,1.1,155.808145,2.466667,162.581681,2.321839,2.287129,0.0,0.641844,0.644128,0.497512,0.391566,200,840,840,32.0,0,0,16,16,59,59,12,2,362.0,202,0,0,44,78,0,44,14,8,6,0,14,6,6,1,5,0,0,0,0,30,100,13,113,35,78,0,0,0,RF-selected OC
997,1,1.0,1.0,0.38231061709904124,13000526,50,1,374.421781387596,175.0,35.0,2.222945352245,8498edb629d724f8,8d15af1f9d36efa1,bbc17a5f176ef527,200,140,70.0,171.542857,181.026206,0.7,1.7,198.359217,3.15,195.879553,2.428571,3.235294,0.0,0.481707,0.612403,0.37037,0.198113,200,1184,1184,32.0,0,0,16,16,39,39,6,0,316.0,340,0,0,22,126,0,22,17,14,3,0,17,3,3,0,3,0,0,0,0,5,60,0,60,8,52,0,0,0,RF-selected OC
1009,0,0.0,1.0,0.348524624480141,14000038,75,0,337.122741841739,325.0,47.0,2.531075542356,1b8f3613ce5cc5f5,8d15af1f9d36efa1,9a7a3500c55765f4,200,200,100.0,234.265,238.704236,1.0,3.5,281.030315,3.74,279.585822,3.5,3.268571,0.0,0.371634,0.674267,0.3,0.104859,300,2192,2192,32.0,0,0,16,16,40,40,2,0,414.0,700,0,0,20,180,0,20,20,19,1,0,20,1,1,1,0,0,0,0,0,0,0,0,0,0,0,0,0,0,RF-selected OC
1014,0,0.0,1.0,0.28848289779070846,14000043,75,0,326.96603144346,75.0,43.0,1.56541880582,2b98b076d2300ba5,8d15af1f9d36efa1,e19d1f0228933a4c,200,125,62.5,228.472,194.267398,1.0,2.9,231.608436,3.448333,257.165504,3.4,3.927059,0.0,0.562307,0.731903,0.413793,0.334898,300,2432,2432,32.0,0,0,16,16,106,106,2,10,546.0,425,0,0,88,112,0,88,13,12,1,0,13,1,1,1,0,0,0,0,0,75,0,75,75,75,0,0,0,0,RF-selected OC
1022,1,1.0,1.0,0.5202206050359743,14000051,75,1,321.990080310122,175.0,53.0,1.697866825733,4a2da881a2fc7705,8d15af1f9d36efa1,9a628b00c5436635,200,199,99.5,310.934673,303.016539,1.0,4.9,389.137698,3.309048,394.165785,4.904523,3.696721,0.0,0.297842,0.674267,0.23511,0.077505,300,2352,2352,32.0,0,0,16,16,41,41,0,0,414.0,976,0,0,21,179,0,21,20,20,0,0,20,0,0,0,0,0,0,0,0,1,0,1,1,1,0,0,0,0,RF-selected OC
1028,0,0.0,1.0,0.5014419893898023,14000057,75,0,270.633827136075,325.0,28.0,1.850849972427,3acb4ebedb1becc3,8d15af1f9d36efa1,e570858b2ac5a79f,200,193,96.5,268.88601,271.87874,1.0,4.4,345.254612,4.115476,330.136066,4.430052,3.955556,0.0,0.33463,0.68254,0.25974,0.102833,300,2592,2592,32.0,0,0,16,16,47,47,4,0,430.0,855,0,0,27,173,0,27,20,18,2,0,20,2,2,2,0,0,0,0,0,7,0,7,7,7,0,0,0,0,RF-selected OC
1029,1,1.0,1.0,0.3191762644779982,14000058,75,1,361.386389052208,175.0,37.0,2.918739190008,16b8bf50076f3712,8d15af1f9d36efa1,2d8a465a225022be,200,193,96.5,220.699482,232.341712,1.0,3.7,272.812444,3.768095,270.632147,3.699482,3.389356,0.0,0.375874,0.68254,0.295858,0.12069,300,2376,2376,32.0,0,0,16,16,47,47,4,0,430.0,714,0,0,27,173,0,27,20,18,2,0,20,2,2,2,0,0,0,0,0,7,0,7,7,7,0,0,0,0,RF-selected OC
1037,3,3.0,1.0,0.37899429448161287,14000066,75,3,130.58202335084,175.0,54.0,2.227152009119,c3a04c72d2723c41,8d15af1f9d36efa1,c342a5addaacdff8,200,200,100.0,234.115,243.007145,1.0,3.8,293.365246,3.731667,286.958723,3.8,3.657895,0.0,0.351536,0.673203,0.283019,0.095238,300,2192,2192,32.0,0,0,16,16,40,40,0,0,412.0,760,0,0,20,180,0,20,20,20,0,0,20,0,0,0,0,0,0,0,0,0,0,0,0,0,0,0,0,0,RF-selected OC
1043,2,2.0,1.0,0.3859772694901054,14000072,75,2,378.895676006117,175.0,46.0,1.855061315761,4ad889e77938267f,8d15af1f9d36efa1,7d22c325439cf9ce,200,164,82.0,357.317073,287.547401,1.0,5.6,446.830873,3.623611,460.405544,6.012195,2.841785,0.0,0.327422,0.705882,0.233281,0.130511,300,2432,2432,32.0,0,0,16,16,70,70,8,0,480.0,986,0,0,53,147,0,53,17,13,4,0,17,4,4,4,0,0,0,0,0,36,0,36,36,36,0,0,0,0,RF-selected OC
1045,1,1.0,1.0,0.45556577188490577,14000074,75,1,166.51481334179,175.0,55.0,1.61356283768,df2b8a79f3b5e71a,8d15af1f9d36efa1,571fd822c91e419,200,200,100.0,266.405,275.595546,1.0,4.1,340.289551,3.83,335.040221,4.1,3.57439,0.0,0.334416,0.673203,0.267857,0.088889,300,2256,2256,32.0,0,0,16,16,40,40,0,0,412.0,820,0,0,20,180,0,20,20,20,0,0,20,0,0,0,0,0,0,0,0,0,0,0,0,0,0,0,0,0,RF-selected OC
1047,1,1.0,1.0,0.5202206050359743,14000076,75,1,245.823397002798,175.0,44.0,1.696449832989,1a10e6cc395eb574,8d15af1f9d36efa1,9ac18600c593f23a,200,186,93.0,200.935484,188.088899,1.0,2.8,210.219828,3.64119,225.360717,3.043011,3.162544,0.0,0.43513,0.685535,0.34642,0.155224,300,2112,2112,32.0,0,0,16,16,51,51,2,2,436.0,566,0,0,32,168,0,32,18,17,1,0,18,1,1,1,0,0,0,0,0,14,0,14,14,14,0,0,0,0,RF-selected OC
1053,2,2.0,1.0,0.3191762644779982,14000082,75,2,367.376973221163,325.0,36.0,2.690631644265,3da85b5094a97d1b,8d15af1f9d36efa1,1f24cc4705f2535c,200,184,92.0,256.472826,278.220197,1.0,4.1,329.421166,3.898333,314.282156,4.190217,3.465629,0.0,0.365432,0.689441,0.280112,0.12684,300,2536,2536,32.0,0,0,16,16,54,54,4,0,444.0,771,0,0,35,165,0,35,19,17,2,0,19,2,2,2,0,0,0,0,0,16,0,16,16,16,0,0,0,0,RF-selected OC
1067,2,2.0,1.0,0.46531877226242147,14000096,75,2,206.048304287255,175.0,47.0,2.228654850616,a2760bd3e534739b,8d15af1f9d36efa1,e72176a58ed79b46,200,200,100.0,307.185,314.379069,1.0,4.5,365.301286,4.26881,379.977101,4.83,3.774327,0.0,0.301013,0.675325,0.236967,0.08,300,2728,2728,32.0,0,0,16,16,40,40,4,0,416.0,966,0,0,20,180,0,20,20,18,2,0,20,2,2,2,0,0,0,0,0,0,0,0,0,0,0,0,0,0,RF-selected OC
1069,2,2.0,1.0,0.3350173722641861,14000098,75,2,112.800027884826,175.0,43.0,2.657008880381,129bc9b434997516,8d15af1f9d36efa1,2bed968d6b9aa225,200,174,87.0,355.413793,377.20506,1.0,5.9,455.927061,3.126786,449.936164,6.045977,2.881179,0.0,0.308804,0.701493,0.221893,0.115966,300,2192,2192,32.0,0,0,16,16,64,64,10,0,470.0,1052,0,0,45,155,0,45,19,14,5,0,19,5,5,5,0,0,0,0,0,26,0,26,26,26,0,0,0,0,RF-selected OC
1076,3,3.0,1.0,0.26048589642862835,14000105,75,3,158.340718519084,75.0,46.0,1.815472371065,35cb7594dd1457cd,8d15af1f9d36efa1,a445c3f464ed13a0,200,176,88.0,215.857955,230.644739,1.0,3.4,263.792859,3.911667,253.506155,3.357955,4.027073,0.0,0.433365,0.693252,0.3367,0.168776,300,2720,2720,32.0,0,0,16,16,60,60,0,0,452.0,591,0,0,42,158,0,42,18,18,0,0,18,0,0,0,0,0,0,0,0,24,0,24,24,24,0,0,0,0,RF-selected OC
1086,2,2.0,1.0,0.450686428322149,14000115,75,2,348.4255534656,325.0,58.0,1.770448042266,90cff143a8f858a4,8d15af1f9d36efa1,aa34b09313331340,200,191,95.5,229.099476,239.050083,1.0,3.5,269.210166,4.091429,265.532736,3.507853,3.723881,0.0,0.398564,0.689441,0.309278,0.143223,300,2280,2280,32.0,0,0,16,16,53,53,6,8,444.0,670,0,0,29,171,0,29,20,17,3,0,20,3,3,3,0,0,0,0,0,9,0,9,9,9,0,0,0,0,RF-selected OC
1088,0,0.0,1.0,0.348524624480141,14000117,75,0,374.637247873053,175.0,49.0,2.435346140648,3719fea5dffcb039,8d15af1f9d36efa1,82ae0137b6f598dd,200,194,97.0,264.670103,280.633849,1.0,4.1,327.823539,3.980476,324.919586,4.072165,3.834177,0.0,0.349259,0.679487,0.275229,0.104308,300,2336,2336,32.0,0,0,16,16,46,46,0,0,424.0,790,0,0,26,174,0,26,20,20,0,0,20,0,0,0,0,0,0,0,0,6,0,6,6,6,0,0,0,0,RF-selected OC
1093,2,2.0,1.0,0.43678715623873365,14000122,75,2,162.621034349279,325.0,51.0,1.976112933291,1b6e0e91c79e46b4,8d15af1f9d36efa1,39bff16ec383229f,200,193,96.5,276.036269,261.183681,1.0,4.4,335.076579,3.340238,334.455717,4.378238,2.813018,0.0,0.337255,0.68254,0.262009,0.103924,300,2240,2240,32.0,0,0,16,16,47,47,4,4,430.0,845,0,0,26,174,0,26,19,17,2,0,19,2,2,2,0,0,0,0,0,7,0,7,7,7,0,0,0,0,RF-selected OC
1104,1,1.0,1.0,0.5202206050359743,14000133,75,1,223.362767326571,175.0,47.0,1.560840284735,cd320212cc2cdb98,8d15af1f9d36efa1,9a98aa00c5712a52,200,193,96.5,235.196891,243.826707,1.0,3.4,275.890239,4.508095,270.651654,3.341969,4.289922,0.0,0.396067,0.678973,0.31746,0.12483,300,2544,2544,31.0,0,0,16,15,46,46,0,2,423.0,645,0,0,26,174,0,26,19,19,0,0,19,0,0,0,0,0,0,0,0,7,0,7,7,7,0,0,0,0,RF-selected OC
1118,0,0.0,1.0,0.4275687705228256,14000147,75,0,322.661919484822,175.0,57.0,1.82892482169,909d7aa5c5fac44b,8d15af1f9d36efa1,1b7c37bd786fcd98,200,197,98.5,259.177665,268.434065,1.0,4.1,322.520762,3.743333,325.289098,4.203046,3.335749,0.0,0.336538,0.677419,0.265957,0.09607,300,2264,2264,32.0,0,0,16,16,43,43,2,0,420.0,828,0,0,23,177,0,23,20,19,1,0,20,1,1,1,0,0,0,0,0,3,0,3,3,3,0,0,0,0,RF-selected OC
1124,1,1.0,1.0,0.4275687705228256,14000153,75,1,343.10207928828,175.0,51.0,1.952822200925,2ebfd5fdda8671d8,8d15af1f9d36efa1,d607fa03a7808d47,200,200,100.0,188.515,186.924379,1.0,2.7,202.224729,4.205,212.537229,2.895,4.008636,0.0,0.415742,0.673203,0.341297,0.121396,300,2512,2512,32.0,0,0,16,16,40,40,0,0,412.0,579,0,0,20,180,0,20,20,20,0,0,20,0,0,0,0,0,0,0,0,0,0,0,0,0,0,0,0,0,RF-selected OC
1136,2,2.0,1.0,0.3191762644779982,14000165,75,2,344.463991147288,175.0,31.0,2.803135845588,69b9acfca852260f,8d15af1f9d36efa1,b0bfff6d6c16d86,200,200,100.0,284.535,257.382345,1.0,4.5,350.979021,3.614762,357.099739,4.665,3.438371,0.0,0.30735,0.674267,0.243309,0.080788,300,2256,2256,32.0,0,0,16,16,40,40,2,0,414.0,933,0,0,20,180,0,20,20,19,1,0,20,1,1,1,0,0,0,0,0,0,0,0,0,0,0,0,0,0,RF-selected OC
1138,0,1.0,0.0,0.2851504841409813,14000167,75,0,379.418168516047,425.0,46.0,1.616415923259,4bc19f4db5a5f232,8d15af1f9d36efa1,4d76e82140fb1a76,200,142,71.0,281.943662,283.167456,1.0,4.3,340.352569,3.035833,330.890942,4.21831,3.148581,0.0,0.464701,0.722222,0.333704,0.238882,300,2048,2048,32.0,0,0,16,16,88,88,12,0,520.0,599,0,0,73,127,0,73,15,9,6,0,15,6,6,6,0,0,0,0,0,58,0,58,58,58,0,0,0,0,RF-selected OC
1147,0,0.0,1.0,0.348524624480141,14000176,75,0,356.161335974224,175.0,43.0,2.626080562097,15cb13ab1c29974f,8d15af1f9d36efa1,237b8b87959b83cb,200,199,99.5,283.819095,240.265843,1.0,4.4,339.451254,3.693333,344.207947,4.41206,3.542141,0.0,0.324615,0.678457,0.254669,0.092975,300,2376,2376,32.0,0,0,16,16,42,42,6,2,422.0,878,0,0,21,179,0,21,20,17,3,0,20,3,3,3,0,0,0,0,0,1,0,1,1,1,0,0,0,0,RF-selected OC
1152,0,0.0,1.0,0.5153412614732176,14000181,75,0,227.363966813691,325.0,40.0,1.771772583645,6fd5c51c11ff8605,8d15af1f9d36efa1,9968b2a1d9d55865,200,165,82.5,251.133333,274.249269,1.0,4.0,313.423599,3.495,314.82693,4.042424,3.505247,0.0,0.410256,0.698795,0.310238,0.165207,300,2432,2432,32.0,0,0,16,16,65,65,2,0,464.0,667,0,0,50,150,0,50,15,14,1,0,15,1,1,1,0,0,0,0,0,35,0,35,35,35,0,0,0,0,RF-selected OC
1157,1,1.0,1.0,0.3267419851737015,14000186,75,1,353.466312109752,425.0,41.0,1.663041306036,87011f237cb7507b,8d15af1f9d36efa1,672a6796f6952a3b,200,142,71.0,277.401408,250.814732,1.0,3.9,289.442269,3.532381,331.310077,4.514085,2.981279,0.0,0.446937,0.721448,0.31881,0.224909,300,2248,2248,32.0,0,0,16,16,89,89,8,6,518.0,641,0,0,72,128,0,72,14,10,4,0,14,4,4,4,0,0,0,0,0,58,0,58,58,58,0,0,0,0,RF-selected OC
1158,1,3.0,0.0,0.30012013311792135,14000187,75,1,296.904605675564,425.0,25.0,1.834190542833,a5e8d2a44a3e9dd5,8d15af1f9d36efa1,51cb1af18e580720,200,143,71.5,469.076923,316.527581,1.0,6.8,548.021727,3.94504,578.296186,7.251748,3.579556,0.0,0.349843,0.736148,0.224383,0.178939,300,2480,2480,32.0,0,0,16,16,101,101,24,32,558.0,1037,0,0,71,129,0,71,14,2,12,0,14,12,12,12,0,0,0,0,0,57,0,57,57,57,0,0,0,0,RF-selected OC
1169,0,0.0,1.0,0.30012013311792135,14000198,75,0,191.532142955024,425.0,37.0,1.924359890139,5fb0200e18a76f4a,8d15af1f9d36efa1,9b5db100c6187ded,200,130,65.0,185.730769,222.308759,1.0,3.3,252.078876,4.458333,208.151952,2.738462,4.733146,0.0,0.596372,0.724518,0.457317,0.352727,300,2344,2344,32.0,0,0,16,16,96,96,2,0,526.0,356,0,0,83,117,0,83,13,12,1,0,13,1,1,1,0,0,0,0,0,70,0,70,70,70,0,0,0,0,RF-selected OC
1172,0,0.0,1.0,0.25034598667811137,14000201,75,0,89.144386995236,325.0,61.0,1.801074619965,edaa317df3ba935,8d15af1f9d36efa1,ee4dc84317d02084,200,189,94.5,259.899471,265.884251,1.0,4.0,313.92915,3.5125,317.784568,4.275132,3.496287,0.0,0.350482,0.685535,0.270758,0.114035,300,2296,2296,32.0,0,0,16,16,51,51,2,0,436.0,808,0,0,31,169,0,31,20,19,1,0,20,1,1,1,0,0,0,0,0,11,0,11,11,11,0,0,0,0,RF-selected OC
1175,3,3.0,1.0,0.4634090082945138,14000204,75,3,170.380024805049,325.0,55.0,1.706464621076,2ff2398a94c9c99e,8d15af1f9d36efa1,a0a5064f35b30e4f,200,200,100.0,303.755,278.055657,1.0,5.1,406.690019,4.734444,389.245041,5.1,4.137255,0.0,0.292649,0.678457,0.227273,0.081081,300,2624,2624,32.0,0,0,16,16,40,40,10,0,422.0,1020,0,0,20,180,0,20,20,15,5,0,20,5,5,5,0,0,0,0,0,0,0,0,0,0,0,0,0,0,RF-selected OC
1178,1,1.0,1.0,0.2732153017064486,14000207,75,1,315.02509385576,425.0,38.0,2.222151792941,4582bf6a7c2d0226,8d15af1f9d36efa1,cbe7a4507074778e,200,176,88.0,177.869318,155.442912,1.0,2.5,182.731424,3.353333,187.90896,2.551136,3.452116,0.0,0.502769,0.69419,0.400534,0.21366,300,2512,2512,32.0,0,0,16,16,60,60,2,0,454.0,449,0,0,42,158,0,42,18,17,1,0,18,1,1,1,0,0,0,0,0,24,0,24,24,24,0,0,0,0,RF-selected OC
1194,0,0.0,1.0,0.5280638414455824,14000223,75,0,281.492860707642,325.0,36.0,1.527865403174,fe2315f9608967e5,8d15af1f9d36efa1,9ab39900c587d527,200,200,100.0,264.485,285.683455,1.0,4.1,318.845241,4.058571,329.410848,4.2,3.753571,0.0,0.330144,0.674267,0.263158,0.088937,300,2360,2360,32.0,0,0,16,16,40,40,2,0,414.0,840,0,0,20,180,0,20,20,19,1,0,20,1,1,1,0,0,0,0,0,0,0,0,0,0,0,0,0,0,RF-selected OC
1206,1,1.0,1.0,0.45556577188490577,14000235,75,1,356.873834161549,175.0,61.0,1.539310578091,c335de45e1629285,8d15af1f9d36efa1,3bfd334e2d681765,200,186,93.0,240.091398,257.71865,1.0,3.9,307.63,3.54,287.389137,3.849462,3.793296,0.0,0.380623,0.6875,0.295276,0.131068,300,2432,2432,32.0,0,0,16,16,54,54,0,0,440.0,716,0,0,34,166,0,34,20,20,0,0,20,0,0,0,0,0,0,0,0,14,0,14,14,14,0,0,0,0,RF-selected OC
1215,1,1.0,1.0,0.379419889672506,14000244,75,1,395.683056704709,175.0,68.0,1.570503265155,15cd2e4a56908dc9,8d15af1f9d36efa1,e480acdc8d2473d,200,196,98.0,289.556122,301.400392,1.0,4.3,361.515569,4.645,362.08495,4.479592,4.146925,0.0,0.325653,0.679487,0.254669,0.094845,300,2768,2768,32.0,0,0,16,16,44,44,4,0,424.0,878,0,0,24,176,0,24,20,18,2,0,20,2,2,2,0,0,0,0,0,4,0,4,4,4,0,0,0,0,RF-selected OC
1234,0,0.0,1.0,0.3191762644779982,14000263,75,0,128.85043509626,325.0,37.0,2.689808609063,fac88db1fdd23334,8d15af1f9d36efa1,6bf38a4e3ac92af,200,199,99.5,288.78392,290.492441,1.0,4.2,336.639817,3.616667,350.874309,4.457286,3.547914,0.0,0.322383,0.678457,0.252738,0.092119,300,2440,2440,32.0,0,0,16,16,42,42,6,2,422.0,887,0,0,21,179,0,21,20,17,3,0,20,3,3,3,0,0,0,0,0,1,0,1,1,1,0,0,0,0,RF-selected OC
1236,2,2.0,1.0,0.26048589642862835,14000265,75,2,151.936436749705,75.0,43.0,1.821116249197,c6a3a75e93d2cb81,8d15af1f9d36efa1,b8d202e24cef2c97,200,137,68.5,280.50365,304.074893,1.0,4.7,378.01304,3.361905,325.910613,4.328467,3.549747,0.0,0.477533,0.730458,0.335946,0.261519,300,2208,2208,32.0,0,0,16,16,100,100,10,10,542.0,593,0,0,79,121,0,79,16,11,5,0,16,5,5,5,0,0,0,0,0,63,0,63,63,63,0,0,0,0,RF-selected OC
1238,3,2.0,0.0,0.4922236036738942,14000267,75,3,312.721632029257,175.0,50.0,2.128596752492,c8092074fde07967,8d15af1f9d36efa1,bc1379698f1bdec4,200,199,99.5,278.326633,280.795049,1.0,4.4,336.511331,3.815,342.100226,4.527638,3.597114,0.0,0.316907,0.676375,0.249792,0.087133,300,2360,2360,32.0,0,0,16,16,42,42,2,2,418.0,901,0,0,21,179,0,21,20,19,1,0,20,1,1,1,0,0,0,0,0,1,0,1,1,1,0,0,0,0,RF-selected OC
1239,0,0.0,1.0,0.4472984764341458,14000268,75,0,295.305648402584,325.0,36.0,2.247522400572,a7b4f91e4dc55959,8d15af1f9d36efa1,2668a7501274b716,200,20,10.0,137.35,364.87166,0.1,0.2,145.795452,4.5,145.795452,2.0,4.5,0.0,0.906542,0.659864,0.882353,0.583333,300,2384,2384,32.0,0,0,16,16,20,20,16,0,388.0,40,0,0,10,18,0,10,10,2,8,0,10,8,8,0,8,0,0,0,0,0,180,0,180,8,172,0,0,0,RF-selected OC
1242,3,3.0,1.0,0.27883921844093995,14000271,75,3,227.383433184551,75.0,34.0,1.877117065792,1117eb0f970a8465,8d15af1f9d36efa1,1d28ed9b1909b590,200,179,89.5,308.860335,315.903758,1.0,4.6,371.858763,4.090238,389.034551,4.994413,3.252796,0.0,0.334821,0.692308,0.251256,0.116601,300,2392,2392,32.0,0,0,16,16,57,57,4,4,450.0,894,0,0,38,162,0,38,17,15,2,0,17,2,2,2,0,0,0,0,0,21,0,21,21,21,0,0,0,0,RF-selected OC
1249,2,2.0,1.0,0.4275687705228256,14000278,75,2,369.473061198441,175.0,49.0,2.177094550196,b23359b599e09e57,8d15af1f9d36efa1,65b1e985ddc5a9cb,200,195,97.5,242.123077,218.064894,1.0,3.7,299.757938,3.695,289.669531,3.661538,3.257703,0.0,0.373684,0.680511,0.295858,0.116337,300,2488,2488,32.0,0,0,16,16,45,45,4,0,426.0,714,0,0,25,175,0,25,20,18,2,0,20,2,2,2,0,0,0,0,0,5,0,5,5,5,0,0,0,0,RF-selected OC
1264,3,3.0,1.0,0.4751904545237511,14000293,75,3,216.613104613167,325.0,44.0,1.781204003928,3daeed16ecb25209,8d15af1f9d36efa1,c9ce095747f7629d,200,200,100.0,316.125,275.781335,1.0,4.4,343.969068,3.355714,400.488373,4.99,3.475952,0.0,0.294201,0.675325,0.231125,0.077634,300,2416,2416,32.0,0,0,16,16,40,40,4,0,416.0,998,0,0,20,180,0,20,20,18,2,0,20,2,2,2,0,0,0,0,0,0,0,0,0,0,0,0,0,0,RF-selected OC
1266,1,1.0,1.0,0.5280638414455824,14000295,75,1,244.843890116233,325.0,39.0,1.698811968675,2c4d581a5b4ed280,8d15af1f9d36efa1,82065beebe2052a3,200,200,100.0,262.095,270.078448,1.0,4.4,335.100924,3.277381,324.462798,4.535,3.020948,0.0,0.313399,0.674267,0.24855,0.082912,300,2240,2240,32.0,0,0,16,16,41,41,0,2,414.0,907,0,0,20,180,0,20,20,20,0,0,20,0,0,0,0,0,0,0,0,0,0,0,0,0,0,0,0,0,RF-selected OC
1270,2,2.0,1.0,0.3267419851737015,14000299,75,2,243.168012364048,425.0,26.0,1.580591653408,d44bd0b2a59a67a1,8d15af1f9d36efa1,9a9f7700c576f257,200,146,73.0,267.178082,260.266167,0.9,3.1,292.701384,3.07963,316.80063,3.773973,3.324864,0.0,0.462439,0.703264,0.352526,0.204906,300,1848,1848,32.0,0,0,16,16,64,64,14,0,474.0,551,0,0,49,132,0,49,15,8,7,0,15,7,7,6,1,0,0,0,0,34,20,34,54,35,19,0,0,0,RF-selected OC
1272,2,3.0,0.0,0.21185760135932866,14000301,75,2,365.181719112391,425.0,38.0,2.513673003742,4afbf6b6af192825,8d15af1f9d36efa1,4e26c74f980cff56,200,110,55.0,220.272727,196.889352,1.0,2.9,215.658025,3.298333,224.685011,2.972727,3.486239,0.0,0.636263,0.740933,0.478469,0.42328,300,2200,2200,32.0,0,0,16,16,116,116,8,8,572.0,327,0,0,101,99,0,101,11,7,4,0,11,4,4,4,0,0,0,0,0,90,0,90,90,90,0,0,0,0,RF-selected OC
1292,3,3.0,1.0,0.5202206050359743,14000321,75,3,295.332705719635,175.0,58.0,1.524001898935,9abe7f9360d6a0cd,8d15af1f9d36efa1,b6bd45f2f14f4d0b,200,186,93.0,265.365591,269.652338,1.0,4.5,325.018137,3.776667,334.19108,4.532258,3.219454,0.0,0.339859,0.684543,0.262467,0.107937,300,2296,2296,32.0,0,0,16,16,50,50,2,0,434.0,843,0,0,32,168,0,32,18,17,1,0,18,1,1,1,0,0,0,0,0,14,0,14,14,14,0,0,0,0,RF-selected OC
1296,3,3.0,1.0,0.4634090082945138,14000325,75,3,160.185399776046,325.0,63.0,1.575489268863,e74e338e97ea9f27,8d15af1f9d36efa1,4a646268aa07f36a,200,177,88.5,247.587571,238.762635,0.9,3.2,286.163213,4.104497,298.420063,3.677966,3.847926,0.0,0.392157,0.677419,0.315457,0.11908,300,2360,2360,32.0,0,0,16,16,41,41,6,0,420.0,651,0,0,22,159,0,22,19,16,3,0,19,3,3,2,1,0,0,0,0,3,20,3,23,4,19,0,0,0,RF-selected OC
1297,2,2.0,1.0,0.21185760135932866,14000326,75,2,160.229398203021,425.0,34.0,2.602495129761,2d062fc897303b71,8d15af1f9d36efa1,3c7818e197517c56,200,176,88.0,307.306818,297.05185,1.0,4.7,375.105095,3.790317,373.954143,4.829545,3.511765,0.0,0.351145,0.69697,0.26087,0.130879,300,2480,2480,32.0,0,0,16,16,60,60,8,0,460.0,850,0,0,42,158,0,42,18,14,4,0,18,4,4,4,0,0,0,0,0,24,0,24,24,24,0,0,0,0,RF-selected OC
1304,1,1.0,1.0,0.348524624480141,14000333,75,1,354.319562488369,175.0,45.0,2.259254657971,e564f358f73d791f,8d15af1f9d36efa1,4bcfeaade5343060,200,172,86.0,257.802326,214.852272,1.0,3.9,301.619738,3.231905,307.177577,4.02907,3.190476,0.0,0.398959,0.69697,0.302115,0.155907,300,2536,2536,32.0,0,0,16,16,62,62,4,0,460.0,693,0,0,45,155,0,45,17,15,2,0,17,2,2,2,0,0,0,0,0,28,0,28,28,28,0,0,0,0,RF-selected OC
1306,3,3.0,1.0,0.4414680426062409,14000335,75,3,165.06979585403,175.0,58.0,1.79481365345,74b3c7ba0a1c59d3,8d15af1f9d36efa1,5c75f3865d302b55,200,199,99.5,224.422111,232.296979,1.0,3.4,281.595664,4.435,268.501461,3.497487,3.991379,0.0,0.374101,0.675325,0.301205,0.107692,300,2472,2472,32.0,0,0,16,16,41,41,2,0,416.0,696,0,0,21,179,0,21,20,19,1,0,20,1,1,1,0,0,0,0,0,1,0,1,1,1,0,0,0,0,RF-selected OC
1308,1,1.0,1.0,0.5202206050359743,14000337,75,1,262.316315732362,175.0,48.0,1.708805741015,b35f58d0aaa3e75,8d15af1f9d36efa1,955265cdb8a83532,200,195,97.5,183.035897,178.365403,1.0,2.5,195.628046,5.016667,197.68157,2.523077,4.810976,0.0,0.462882,0.679487,0.378788,0.157534,300,2824,2824,32.0,0,0,16,16,45,45,2,0,424.0,492,0,0,25,175,0,25,20,19,1,0,20,1,1,1,0,0,0,0,0,5,0,5,5,5,0,0,0,0,RF-selected OC
1324,0,0.0,1.0,0.4275687705228256,14000353,75,0,334.2845495112,175.0,47.0,2.079202126081,90a81ee4b0f13b8,8d15af1f9d36efa1,3c7c84dd3e87d7f,200,200,100.0,353.275,316.353377,1.0,5.7,458.144649,3.700952,449.527104,5.7,3.507895,0.0,0.268293,0.676375,0.208333,0.070147,300,2368,2368,32.0,0,0,16,16,41,41,4,2,418.0,1140,0,0,20,180,0,20,20,18,2,0,20,2,2,2,0,0,0,0,0,0,0,0,0,0,0,0,0,0,RF-selected OC
1325,3,3.0,1.0,0.5153412614732176,14000354,75,3,246.980908020762,325.0,45.0,1.727962653454,429c88f8c1acaeb7,8d15af1f9d36efa1,1e281f58e1437146,200,172,86.0,177.075581,177.274835,1.0,2.9,209.347402,4.185,209.788729,2.965116,3.92549,0.0,0.469854,0.693252,0.37037,0.190476,300,2392,2392,32.0,0,0,16,16,60,60,0,0,452.0,510,0,0,44,156,0,44,16,16,0,0,16,0,0,0,0,0,0,0,0,28,0,28,28,28,0,0,0,0,RF-selected OC
1330,3,3.0,1.0,0.43678715623873365,14000359,75,3,362.608792888344,325.0,52.0,2.127693067626,fe6dd3ae6d2b64b7,8d15af1f9d36efa1,2f27cd46f962bade,200,197,98.5,184.51269,167.232045,1.0,2.5,202.058188,3.723333,196.714065,2.593909,3.51272,0.0,0.455804,0.681529,0.369914,0.158155,300,2416,2416,32.0,0,0,16,16,45,45,6,4,428.0,511,0,0,23,177,0,23,20,17,3,0,20,3,3,3,0,0,0,0,0,3,0,3,3,3,0,0,0,0,RF-selected OC
1332,0,0.0,1.0,0.26048589642862835,14000361,75,0,275.493959144217,75.0,26.0,1.845925080325,bc33244a44e6d191,8d15af1f9d36efa1,280c303461eeeeb5,200,155,77.5,336.722581,274.448562,1.0,4.5,356.211599,3.350595,416.030956,5.354839,3.212048,0.0,0.374057,0.712644,0.265487,0.16499,300,2312,2312,32.0,0,0,16,16,77,77,10,0,496.0,830,0,0,61,139,0,61,16,11,5,0,16,5,5,5,0,0,0,0,0,45,0,45,45,45,0,0,0,0,RF-selected OC
1337,3,3.0,1.0,0.4634090082945138,14000366,75,3,170.780788258594,325.0,62.0,1.612694865893,e372f1d513408f5b,8d15af1f9d36efa1,26e83f83d0dc9051,200,200,100.0,253.655,257.721698,1.0,3.8,299.470488,4.161667,316.060939,4.03,3.868486,0.0,0.340426,0.675325,0.271248,0.094382,300,2456,2456,32.0,0,0,16,16,40,40,4,0,416.0,806,0,0,20,180,0,20,20,18,2,0,20,2,2,2,0,0,0,0,0,0,0,0,0,0,0,0,0,0,RF-selected OC
1338,3,3.0,1.0,0.348524624480141,14000367,75,3,154.349335482623,175.0,46.0,2.468434487069,bf89b5e347118272,8d15af1f9d36efa1,9ab07800c585673d,200,200,100.0,196.515,180.883398,1.0,2.8,213.808464,3.176667,214.477702,2.865,3.511344,0.0,0.421796,0.676375,0.343643,0.130501,300,2384,2384,32.0,0,0,16,16,41,41,4,2,418.0,573,0,0,20,180,0,20,20,18,2,0,20,2,2,2,0,0,0,0,0,0,0,0,0,0,0,0,0,0,RF-selected OC
1351,0,0.0,1.0,0.5153412614732176,14000380,75,0,291.672314669879,325.0,53.0,1.737006315639,332bb47a651820ed,8d15af1f9d36efa1,68f641b4bae8e24a,200,193,96.5,302.766839,323.323634,1.0,4.9,404.427984,3.670833,383.97874,4.92228,3.492632,0.0,0.309593,0.680511,0.24,0.090038,300,2232,2232,32.0,0,0,16,16,46,46,2,2,426.0,950,0,0,26,174,0,26,19,18,1,0,19,1,1,1,0,0,0,0,0,7,0,7,7,7,0,0,0,0,RF-selected OC
1354,2,2.0,1.0,0.21157948802909238,14000383,75,2,403.35257032117,175.0,56.0,2.365121123005,3f4cc5b3bd9bfc29,8d15af1f9d36efa1,925c45ecc426d245,200,186,93.0,271.962366,292.376196,1.0,4.2,333.552815,3.701667,326.62187,4.166667,3.436129,0.0,0.368378,0.693252,0.27907,0.134078,300,2120,2120,32.0,0,0,16,16,54,54,12,4,452.0,775,0,0,33,167,0,33,19,13,6,0,19,6,6,6,0,0,0,0,0,14,0,14,14,14,0,0,0,0,RF-selected OC
1356,0,0.0,1.0,0.4634090082945138,14000385,75,0,342.040799109169,325.0,52.0,1.523386872264,6188c6bbaf583fe5,8d15af1f9d36efa1,abb72a9b8a753dfc,200,192,96.0,322.203125,341.462097,1.0,5.3,415.282745,3.605952,406.373144,5.338542,3.47122,0.0,0.299385,0.68652,0.226415,0.093722,300,2184,2184,32.0,0,0,16,16,48,48,10,0,438.0,1025,0,0,28,172,0,28,20,15,5,0,20,5,5,5,0,0,0,0,0,8,0,8,8,8,0,0,0,0,RF-selected OC
1361,0,0.0,1.0,0.3191762644779982,14000390,75,0,145.261406033721,325.0,39.0,2.810360012277,6a9f75447df04b05,8d15af1f9d36efa1,3be80a134e83a77d,200,154,77.0,226.584416,259.436772,0.8,2.9,287.315712,3.585119,268.04066,3.493506,3.490706,0.0,0.445361,0.683544,0.357995,0.15674,300,2096,2096,32.0,0,0,16,16,47,47,6,0,432.0,538,0,0,29,138,0,29,18,15,3,0,18,3,3,1,2,0,0,0,0,11,40,6,46,13,33,0,0,0,RF-selected OC
1365,3,2.0,0.0,0.28848289779070846,14000394,75,3,368.408056723151,75.0,47.0,1.64519404133,e01e4368d3f0d223,8d15af1f9d36efa1,813e2201deb5e1ef,200,104,52.0,301.586538,293.396725,0.9,3.9,331.550249,3.951058,345.856493,4.644231,3.621118,0.0,0.544769,0.742931,0.383142,0.337449,300,2520,2520,32.0,0,0,16,16,120,120,6,0,578.0,483,0,0,108,92,0,108,12,9,3,0,12,3,3,3,0,0,0,0,0,96,20,76,96,96,0,0,0,0,RF-selected OC
1366,3,3.0,1.0,0.418433834226422,14000395,75,3,356.651284176109,325.0,53.0,2.05835849645,534a3f6c46952b03,8d15af1f9d36efa1,840e76bed61c56e5,200,200,100.0,286.17,270.766597,1.0,4.5,353.177389,3.646667,357.764934,4.5,3.504444,0.0,0.316109,0.675325,0.25,0.085366,300,2352,2352,32.0,0,0,16,16,41,41,2,2,416.0,900,0,0,20,180,0,20,20,19,1,0,20,1,1,1,0,0,0,0,0,0,0,0,0,0,0,0,0,0,RF-selected OC
1374,0,0.0,1.0,0.4151175116089937,14000403,75,0,124.216528608414,325.0,55.0,1.987584868207,7430bd5d1d8da201,8d15af1f9d36efa1,b47489884d176455,200,200,100.0,231.215,253.316225,1.0,3.7,282.37721,4.19,278.708865,3.7,3.72973,0.0,0.359862,0.675325,0.288462,0.101942,300,2448,2448,32.0,0,0,16,16,40,40,4,0,416.0,740,0,0,20,180,0,20,20,18,2,0,20,2,2,2,0,0,0,0,0,0,0,0,0,0,0,0,0,0,RF-selected OC
1384,1,2.0,0.0,0.2837914322172078,14000413,75,1,109.542247826416,175.0,54.0,2.832926145063,563704a49e923413,8d15af1f9d36efa1,c83514ad4c84c290,200,200,100.0,211.78,216.38334,1.0,3.0,253.486704,3.723333,253.564867,3.165,3.462875,0.0,0.395415,0.674267,0.321543,0.114685,300,2272,2272,32.0,0,0,16,16,40,40,2,0,414.0,633,0,0,20,180,0,20,20,19,1,0,20,1,1,1,0,0,0,0,0,0,0,0,0,0,0,0,0,0,RF-selected OC
1388,1,1.0,1.0,0.4131794576312096,14000417,75,1,327.774315838148,325.0,58.0,2.258305756485,209d1c85a1ea67ac,8d15af1f9d36efa1,fe2bf9f79dc221de,200,200,100.0,233.73,253.141322,1.0,3.5,286.676993,5.028333,285.749701,3.605,4.597781,0.0,0.363636,0.673203,0.29383,0.099875,300,2560,2560,32.0,0,0,16,16,40,40,0,0,412.0,721,0,0,20,180,0,20,20,20,0,0,20,0,0,0,0,0,0,0,0,0,0,0,0,0,0,0,0,0,RF-selected OC
1396,2,2.0,1.0,0.4058991258930857,14000425,75,2,129.099508936586,175.0,51.0,2.16651274641,f29db2ba325c83e7,8d15af1f9d36efa1,a090bd39eb22eee5,200,195,97.5,293.220513,327.759135,1.0,4.6,389.94717,4.0,372.839022,4.610256,3.439377,0.0,0.322532,0.681529,0.250209,0.096482,300,2104,2104,32.0,0,0,16,16,45,45,6,0,428.0,899,0,0,25,175,0,25,20,17,3,0,20,3,3,3,0,0,0,0,0,5,0,5,5,5,0,0,0,0,RF-selected OC
1414,3,3.0,1.0,0.5014419893898023,14000443,75,3,253.275887579245,325.0,41.0,2.055556835889,6c017a6da8eb02f0,8d15af1f9d36efa1,50d4a98083f4b380,200,179,89.5,242.553073,232.929056,1.0,4.2,335.966822,3.400379,295.345959,3.938547,3.252482,0.0,0.387489,0.690402,0.298507,0.139194,300,2016,2016,32.0,0,0,16,16,55,55,4,0,446.0,705,0,0,38,162,0,38,17,15,2,0,17,2,2,2,0,0,0,0,0,21,0,21,21,21,0,0,0,0,RF-selected OC
1425,0,0.0,1.0,0.46531877226242147,14000454,75,0,261.165544549205,175.0,43.0,2.206283612126,5b4638286ae74a70,8d15af1f9d36efa1,e5d2e5a2991d10d7,200,185,92.5,278.648649,256.174605,1.0,3.9,313.039273,3.416667,325.918776,4.183784,3.395349,0.0,0.362438,0.6875,0.27933,0.122449,300,2416,2416,32.0,0,0,16,16,52,52,4,2,440.0,774,0,0,33,167,0,33,18,16,2,0,18,2,2,2,0,0,0,0,0,15,0,15,15,15,0,0,0,0,RF-selected OC
1430,1,1.0,1.0,0.5280638414455824,14000459,75,1,349.161265821957,325.0,61.0,1.580676606532,b7443d0f7d0644c,8d15af1f9d36efa1,c3225f4f4930bd1e,200,180,90.0,203.622222,207.575498,0.9,2.6,232.666244,4.096296,235.617114,2.888889,4.230769,0.0,0.44086,0.672131,0.365854,0.130435,300,2888,2888,32.0,0,0,16,16,38,38,2,0,410.0,520,0,0,19,162,0,19,19,18,1,0,19,1,1,0,1,0,0,0,0,0,20,0,20,1,19,0,0,0,RF-selected OC
1439,1,1.0,1.0,0.409215448510514,14000468,75,1,151.63802888078,175.0,47.0,2.164695097006,99da622e7a52fff5,8d15af1f9d36efa1,f1a8c6ff5719ccc9,200,193,96.5,278.53886,264.53152,1.0,3.9,305.75295,3.233095,352.514865,4.414508,3.157277,0.0,0.334375,0.681529,0.260417,0.101266,300,2008,2008,32.0,0,0,16,16,45,45,6,0,428.0,852,0,0,26,174,0,26,19,16,3,0,19,3,3,3,0,0,0,0,0,7,0,7,7,7,0,0,0,0,RF-selected OC
1440,0,0.0,1.0,0.45207279672442785,14000469,75,0,248.217901405679,175.0,39.0,1.848463847849,b01c8cf427dcfbf8,8d15af1f9d36efa1,a249ff5dd6685518,200,200,100.0,268.45,289.427784,1.0,4.4,327.691293,3.3,340.47055,4.635,3.110032,0.0,0.308725,0.674267,0.244499,0.081269,300,2120,2120,32.0,0,0,16,16,40,40,2,0,414.0,927,0,0,20,180,0,20,20,19,1,0,20,1,1,1,0,0,0,0,0,0,0,0,0,0,0,0,0,0,RF-selected OC
1444,1,1.0,1.0,0.4523441177829607,14000473,75,1,136.097011306212,325.0,62.0,1.513996337176,d23041848b50fc61,8d15af1f9d36efa1,968d2f5e474d47e3,200,193,96.5,234.927461,243.990773,1.0,3.8,282.667971,4.296667,281.843859,3.735751,4.417476,0.0,0.371404,0.680511,0.29383,0.115337,300,2616,2616,32.0,0,0,16,16,47,47,0,0,426.0,721,0,0,27,173,0,27,20,20,0,0,20,0,0,0,0,0,0,0,0,7,0,7,7,7,0,0,0,0,RF-selected OC
1453,1,1.0,1.0,0.30012013311792135,14000482,75,1,247.598434489721,425.0,35.0,1.856689346294,e4e4e1eb9127ea5d,8d15af1f9d36efa1,f4e885bda1d4fb0,200,179,89.5,233.050279,211.496912,1.0,3.2,271.895328,4.39,265.465176,3.217877,3.914931,0.0,0.439689,0.693252,0.342466,0.172414,300,2416,2416,32.0,0,0,16,16,57,57,6,4,452.0,576,0,0,38,162,0,38,17,14,3,0,17,3,3,3,0,0,0,0,0,21,0,21,21,21,0,0,0,0,RF-selected OC
1464,0,0.0,1.0,0.17873846695067336,14000493,75,0,38.939641088793,175.0,66.0,1.821019654111,858487cda26557fa,8d15af1f9d36efa1,e134cf4feb49539f,200,186,93.0,224.301075,232.363202,1.0,3.4,264.666578,3.453333,271.52668,3.505376,3.228528,0.0,0.40293,0.6875,0.315126,0.142105,300,2248,2248,32.0,0,0,16,16,52,52,4,0,440.0,652,0,0,33,167,0,33,19,17,2,0,19,2,2,2,0,0,0,0,0,14,0,14,14,14,0,0,0,0,RF-selected OC
1465,1,1.0,1.0,0.5280638414455824,14000494,75,1,207.51185905174,325.0,53.0,1.530904519085,e112fc0425c37c47,8d15af1f9d36efa1,996867f3e45f3d2,200,200,100.0,253.54,270.141342,1.0,4.0,317.56929,3.735238,314.031026,4.1,3.228049,0.0,0.33657,0.675325,0.267857,0.09292,300,2288,2288,32.0,0,0,16,16,40,40,4,0,416.0,820,0,0,20,180,0,20,20,18,2,0,20,2,2,2,0,0,0,0,0,0,0,0,0,0,0,0,0,0,RF-selected OC
1478,0,0.0,1.0,0.450686428322149,14000507,75,0,162.253021402312,325.0,60.0,1.787790625311,faf1b1f726bc335e,8d15af1f9d36efa1,9ac81f00c59961e3,200,200,100.0,304.925,309.601015,1.0,4.6,361.94595,4.9125,379.58328,4.665,4.386924,0.0,0.311439,0.678457,0.243309,0.087977,300,2696,2696,32.0,0,0,16,16,40,40,10,0,422.0,933,0,0,20,180,0,20,20,15,5,0,20,5,5,5,0,0,0,0,0,0,0,0,0,0,0,0,0,0,RF-selected OC
1490,3,3.0,1.0,0.5014419893898023,14000519,75,3,220.056746800042,325.0,47.0,1.972968936898,49b644a3b2a8ee68,8d15af1f9d36efa1,ffb83a39b2d72282,200,176,88.0,248.403409,254.009918,1.0,3.5,291.953684,4.283333,301.742269,3.755682,3.824508,0.0,0.405041,0.692308,0.312175,0.151476,300,2408,2408,32.0,0,0,16,16,59,59,0,2,450.0,661,0,0,41,159,0,41,17,17,0,0,17,0,0,0,0,0,0,0,0,24,0,24,24,24,0,0,0,0,RF-selected OC
1500,3,1.0,0.0,0.3387852545234824,15000029,100,3,455.091751075,325.0,86.0,1.70214309117,261384c55508c7c5,8d15af1f9d36efa1,24908e8b3d08178b,200,161,80.5,285.074534,291.922363,1.0,4.3,341.870448,4.885,346.432043,4.608696,4.726415,0.0,0.442105,0.746193,0.350263,0.173719,400,4328,4328,32.0,0,0,16,16,73,73,10,0,588.0,742,0,0,56,144,0,56,17,12,5,0,17,5,5,5,0,0,0,0,0,39,0,39,39,39,0,0,0,0,RF-selected OC
1502,0,3.0,0.0,0.36477496626898986,15000031,100,0,338.05730307476,425.0,54.0,2.031897081399,70425a7a235e6eca,8d15af1f9d36efa1,3624ccff5e03929e,200,186,93.0,230.451613,242.848994,1.0,3.4,273.404557,5.051667,269.039108,3.44086,4.515625,0.0,0.460371,0.731903,0.384615,0.151194,400,4128,4128,32.0,0,0,16,16,53,53,8,2,546.0,640,0,0,33,167,0,33,19,15,4,0,19,4,4,4,0,0,0,0,0,14,0,14,14,14,0,0,0,0,RF-selected OC
1505,1,1.0,1.0,0.38324105431461775,15000034,100,1,197.02992876624,75.0,59.0,1.742102951218,10c695397e2432e9,8d15af1f9d36efa1,92cccf8511e30408,200,152,76.0,260.118421,267.427653,1.0,4.1,316.551144,4.805,305.369946,4.046053,4.360976,0.0,0.497138,0.752475,0.394089,0.222503,400,4312,4312,32.0,0,0,16,16,86,86,4,16,608.0,615,0,0,63,137,0,63,15,13,2,0,15,2,2,2,0,0,0,0,0,48,0,48,48,48,0,0,0,0,RF-selected OC
1510,3,3.0,1.0,0.2989394700398861,15000039,100,3,89.349606891624,325.0,74.0,2.06432341008,ae8239fc35a4f554,8d15af1f9d36efa1,d9922657846eb1b5,200,197,98.5,222.350254,241.597219,1.0,3.6,282.747344,4.296667,269.110494,3.57868,4.221277,0.0,0.425428,0.722992,0.361991,0.113208,400,3840,3840,32.0,0,0,16,16,43,43,4,0,522.0,705,0,0,23,177,0,23,20,18,2,0,20,2,2,2,0,0,0,0,0,3,0,3,3,3,0,0,0,0,RF-selected OC
1518,1,1.0,1.0,0.5153412614732176,15000047,100,1,229.190985268337,325.0,63.0,1.728615186708,12f7dcbdff38c69b,8d15af1f9d36efa1,96940d5051dde053,200,200,100.0,207.57,210.9116,1.0,3.0,250.995345,4.97,247.846191,3.23,4.249226,0.0,0.442142,0.719101,0.382409,0.110193,400,4024,4024,32.0,0,0,16,16,40,40,0,0,512.0,646,0,0,20,180,0,20,20,20,0,0,20,0,0,0,0,0,0,0,0,0,0,0,0,0,0,0,0,0,RF-selected OC
1522,3,3.0,1.0,0.4922236036738942,15000051,100,3,346.645393577679,175.0,70.0,1.881613289612,7182031956b0c152,8d15af1f9d36efa1,7de7cdb4f47f0972,200,196,98.0,220.887755,196.301278,1.0,3.1,232.345171,4.4,246.668679,3.183673,4.432692,0.0,0.456446,0.723757,0.390625,0.128492,400,3680,3680,32.0,0,0,16,16,45,45,2,2,524.0,624,0,0,24,176,0,24,20,19,1,0,20,1,1,1,0,0,0,0,0,4,0,4,4,4,0,0,0,0,RF-selected OC
1529,0,0.0,1.0,0.5202206050359743,15000058,100,0,287.62824134318,175.0,70.0,1.642278341338,6a65896612676b93,8d15af1f9d36efa1,cd554f6c691948,200,200,100.0,244.915,271.554201,1.0,3.7,296.50109,4.671667,294.031438,3.7,4.704054,0.0,0.410828,0.72067,0.350877,0.101942,400,4296,4296,32.0,0,0,16,16,41,41,2,2,516.0,740,0,0,20,180,0,20,20,19,1,0,20,1,1,1,0,0,0,0,0,0,0,0,0,0,0,0,0,0,RF-selected OC
1531,1,1.0,1.0,0.4922236036738942,15000060,100,1,188.385967101207,175.0,53.0,2.032096814949,f2fa5e78f7f2be4c,8d15af1f9d36efa1,26a7101c9dd705c3,200,190,95.0,304.063158,346.66289,1.0,4.9,389.141287,4.319048,385.376909,4.868421,4.212973,0.0,0.365569,0.727149,0.301887,0.099318,400,3800,3800,31.0,0,0,16,15,50,50,2,0,533.0,925,0,0,30,170,0,30,20,19,1,0,20,1,1,1,0,0,0,0,0,10,0,10,10,10,0,0,0,0,RF-selected OC
1535,3,3.0,1.0,0.4131794576312096,15000064,100,3,154.114681665059,325.0,64.0,2.439464944189,f40b4adb3c7a0f8e,8d15af1f9d36efa1,4e1ad659ac24f8b3,200,186,93.0,210.16129,207.576191,1.0,2.9,222.685742,5.591667,240.875597,3.037634,5.60708,0.0,0.484959,0.726776,0.414508,0.150376,400,4144,4144,32.0,0,0,16,16,50,50,0,0,532.0,565,0,0,32,168,0,32,18,18,0,0,18,0,0,0,0,0,0,0,0,14,0,14,14,14,0,0,0,0,RF-selected OC
1536,0,0.0,1.0,0.5280638414455824,15000065,100,0,228.014205363865,325.0,54.0,1.634299948683,2bb60bb37426162f,8d15af1f9d36efa1,5d1364fccab33dd,200,200,100.0,237.55,250.726557,1.0,3.6,286.20053,4.946667,288.59094,3.77,4.395225,0.0,0.405363,0.719888,0.34662,0.098086,400,4336,4336,32.0,0,0,16,16,40,40,2,0,514.0,754,0,0,20,180,0,20,20,19,1,0,20,1,1,1,0,0,0,0,0,0,0,0,0,0,0,0,0,0,RF-selected OC
1542,2,2.0,1.0,0.38951226274467726,15000071,100,2,106.110325332586,325.0,76.0,2.051991652604,fab5e06a9d6fd156,8d15af1f9d36efa1,3bb9a6fda91bb86d,200,199,99.5,231.452261,234.273591,1.0,3.4,270.001483,5.081667,280.281222,3.497487,5.150862,0.0,0.426689,0.721448,0.364964,0.109974,400,4256,4256,32.0,0,0,16,16,41,41,4,0,518.0,696,0,0,21,179,0,21,20,18,2,0,20,2,2,2,0,0,0,0,0,1,0,1,1,1,0,0,0,0,RF-selected OC
1572,2,2.0,1.0,0.5280638414455824,15000101,100,2,196.832452546475,325.0,68.0,1.646139081105,1f1bc3a0ac8d9029,8d15af1f9d36efa1,d7e1f6510815850b,200,193,96.5,178.559585,181.457622,1.0,2.5,192.066595,4.91,204.568051,2.621762,4.750988,0.0,0.507782,0.722992,0.441501,0.151007,400,3976,3976,32.0,0,0,16,16,45,45,0,0,522.0,506,0,0,26,174,0,26,19,19,0,0,19,0,0,0,0,0,0,0,0,7,0,7,7,7,0,0,0,0,RF-selected OC
1575,0,0.0,1.0,0.3518128569617173,15000104,100,0,91.851974436352,325.0,88.0,1.513445972054,9a52abae03db6bea,8d15af1f9d36efa1,67866ab6c46ebcd0,200,176,88.0,250.556818,243.513043,1.0,3.6,282.728802,4.758333,294.651913,3.886364,4.209064,0.0,0.449275,0.736148,0.369004,0.155556,400,4248,4248,32.0,0,0,16,16,62,62,2,0,558.0,684,0,0,43,157,0,43,19,18,1,0,19,1,1,1,0,0,0,0,0,24,0,24,24,24,0,0,0,0,RF-selected OC
1576,0,0.0,1.0,0.5280638414455824,15000105,100,0,284.234019135336,325.0,47.0,1.621350530382,73ab6e6e2927b9f6,8d15af1f9d36efa1,9b9ae900c64c8b33,200,200,100.0,199.66,205.455722,1.0,3.0,223.129086,4.66,228.727755,3.0,4.833333,0.0,0.460432,0.719101,0.4,0.117647,400,4520,4520,32.0,0,0,16,16,40,40,0,0,512.0,600,0,0,20,180,0,20,20,20,0,0,20,0,0,0,0,0,0,0,0,0,0,0,0,0,0,0,0,0,RF-selected OC
1589,1,1.0,1.0,0.4131794576312096,15000118,100,1,118.223282164187,175.0,61.0,2.55216734967,6993ec150712b55c,8d15af1f9d36efa1,c2f73d81ed17d1c7,200,191,95.5,303.78534,301.825291,1.0,4.6,367.908542,4.583333,380.146262,4.73822,4.377901,0.0,0.371091,0.72752,0.306513,0.101291,400,4192,4192,32.0,0,0,16,16,49,49,4,0,534.0,905,0,0,29,171,0,29,20,18,2,0,20,2,2,2,0,0,0,0,0,9,0,9,9,9,0,0,0,0,RF-selected OC
1595,0,0.0,1.0,0.2260180492706115,15000124,100,0,67.320120987306,175.0,64.0,2.840069011785,d5a909e5f1b18c38,8d15af1f9d36efa1,910824327ca21281,200,184,92.0,229.967391,236.232609,1.0,3.6,288.180492,4.533333,275.622713,3.527174,4.004622,0.0,0.453243,0.728997,0.381316,0.140397,400,3888,3888,32.0,0,0,16,16,52,52,2,0,538.0,649,0,0,34,166,0,34,18,17,1,0,18,1,1,1,0,0,0,0,0,16,0,16,16,16,0,0,0,0,RF-selected OC
1596,1,1.0,1.0,0.5202206050359743,15000125,100,1,270.748822582754,175.0,65.0,1.549674796293,39070b6d1d325d9,8d15af1f9d36efa1,792bb850d2999480,200,200,100.0,208.105,217.801938,1.0,2.9,248.833092,6.05,241.79969,3.0,5.366667,0.0,0.460432,0.719101,0.4,0.117647,400,4632,4632,32.0,0,0,16,16,40,40,0,0,512.0,600,0,0,20,180,0,20,20,20,0,0,20,0,0,0,0,0,0,0,0,0,0,0,0,0,0,0,0,0,RF-selected OC
1597,2,2.0,1.0,0.5014419893898023,15000126,100,2,191.255321113432,325.0,59.0,2.013001663851,5de9d0982fabad53,8d15af1f9d36efa1,20a02cc57af467ae,200,173,86.5,174.208092,184.397365,0.9,2.2,190.522907,5.231481,188.671893,2.381503,5.067961,0.0,0.558887,0.722992,0.492611,0.179283,400,4088,4088,32.0,0,0,16,16,44,44,2,2,522.0,412,0,0,25,156,0,25,18,17,1,0,18,1,1,0,1,0,0,0,0,7,20,7,27,8,19,0,0,0,RF-selected OC
1598,2,0.0,0.0,0.4528675133485896,15000127,100,2,119.298702596689,325.0,78.0,2.228148273651,798251f29cd2eafc,8d15af1f9d36efa1,9a9c3700c5744fc0,200,199,99.5,200.140704,209.768819,1.0,2.9,225.564846,6.308333,229.435148,2.899497,5.923744,0.0,0.473059,0.721448,0.409417,0.129713,400,4696,4696,32.0,0,0,16,16,41,41,4,0,518.0,577,0,0,21,179,0,21,20,18,2,0,20,2,2,2,0,0,0,0,0,1,0,1,1,1,0,0,0,0,RF-selected OC
1606,2,0.0,0.0,0.4436491276326815,15000135,100,2,123.716615685562,175.0,75.0,2.204660579153,14dbb01bc27177fa,8d15af1f9d36efa1,fdc0ce16929f9cbb,200,200,100.0,232.905,239.187265,1.0,3.4,273.616745,5.371667,276.718229,3.5,4.891429,0.0,0.424342,0.72067,0.363636,0.107143,400,4296,4296,32.0,0,0,16,16,41,41,2,2,516.0,700,0,0,20,180,0,20,20,19,1,0,20,1,1,1,0,0,0,0,0,0,0,0,0,0,0,0,0,0,RF-selected OC
1607,2,2.0,1.0,0.4922236036738942,15000136,100,2,228.400060799755,175.0,47.0,2.018438908078,de7fc5b5fed4cd3b,8d15af1f9d36efa1,6d93b8a877a16ba3,200,168,84.0,225.541667,264.903787,1.0,3.6,283.252846,5.966667,280.19781,3.571429,5.226667,0.0,0.483649,0.737533,0.4,0.178082,400,4232,4232,32.0,0,0,16,16,64,64,2,0,562.0,600,0,0,48,152,0,48,16,15,1,0,16,1,1,1,0,0,0,0,0,32,0,32,32,32,0,0,0,0,RF-selected OC
1619,1,1.0,1.0,0.47453715797832957,15000148,100,1,275.980968146212,325.0,53.0,2.205000328629,c7cdcb00e8289722,8d15af1f9d36efa1,a8154e8590aa391c,200,197,98.5,263.071066,287.861766,1.0,3.9,316.439709,5.766667,319.204855,4.035533,5.260377,0.0,0.397727,0.724138,0.334728,0.105737,400,4344,4344,31.0,0,0,16,15,43,43,8,0,525.0,795,0,0,23,177,0,23,20,16,4,0,20,4,4,4,0,0,0,0,0,3,0,3,3,3,0,0,0,0,RF-selected OC
1630,0,0.0,1.0,0.35124601137530365,15000159,100,0,218.544625205385,425.0,32.0,1.644304147762,fa13193b3f2b9464,8d15af1f9d36efa1,6fa853d6b79460e4,200,106,53.0,286.377358,282.730712,1.0,4.3,343.720533,4.467857,324.641331,4.132075,3.908676,0.0,0.607527,0.77221,0.477327,0.359649,400,4232,4232,32.0,0,0,16,16,118,118,10,4,678.0,438,0,0,105,95,0,105,11,6,5,0,11,5,5,5,0,0,0,0,0,94,0,94,94,94,0,0,0,0,RF-selected OC
1632,1,1.0,1.0,0.5014419893898023,15000161,100,1,331.577204308354,325.0,55.0,1.942908644294,838119a1693627ef,8d15af1f9d36efa1,2c14449be4781ccc,200,200,100.0,238.56,266.224759,1.0,3.8,297.913221,4.257619,291.324531,3.865,4.35705,0.0,0.399378,0.719888,0.341006,0.095906,400,3528,3528,32.0,0,0,16,16,40,40,2,0,514.0,773,0,0,20,180,0,20,20,19,1,0,20,1,1,1,0,0,0,0,0,0,0,0,0,0,0,0,0,0,RF-selected OC
1633,0,0.0,1.0,0.5202206050359743,15000162,100,0,214.64915806428,175.0,63.0,1.505990001344,9ebd611bb7e34885,8d15af1f9d36efa1,9b8d4200c640e512,200,196,98.0,236.27551,238.578472,1.0,3.4,267.372039,5.941667,275.022133,3.55102,5.221264,0.0,0.429508,0.723757,0.364964,0.116751,400,4504,4504,32.0,0,0,16,16,45,45,2,2,524.0,696,0,0,24,176,0,24,20,19,1,0,20,1,1,1,0,0,0,0,0,4,0,4,4,4,0,0,0,0,RF-selected OC
1644,3,2.0,0.0,0.38383109762906675,15000173,100,3,346.597177577832,325.0,52.0,2.864633543425,250e1551dff6f80e,8d15af1f9d36efa1,500ea773fbfa6939,200,186,93.0,238.55914,271.709663,1.0,3.7,299.274331,5.638571,289.347247,3.639785,5.150665,0.0,0.440033,0.726776,0.371402,0.1287,400,4528,4528,32.0,0,0,16,16,50,50,0,0,532.0,677,0,0,32,168,0,32,18,18,0,0,18,0,0,0,0,0,0,0,0,14,0,14,14,14,0,0,0,0,RF-selected OC
1653,3,3.0,1.0,0.4922236036738942,15000182,100,3,174.676587410954,175.0,61.0,1.897654047337,7e483b60d44ac909,8d15af1f9d36efa1,9b1d4600c5e1e427,200,200,100.0,275.475,284.196143,1.0,4.3,337.01764,4.643214,340.902847,4.43,4.564334,0.0,0.368046,0.72067,0.311042,0.086598,400,3936,3936,32.0,0,0,16,16,40,40,4,0,516.0,886,0,0,20,180,0,20,20,18,2,0,20,2,2,2,0,0,0,0,0,0,0,0,0,0,0,0,0,0,RF-selected OC
1658,3,3.0,1.0,0.38383109762906675,15000187,100,3,365.613396120742,175.0,60.0,2.997634416474,ffd2169a0ec2b107,8d15af1f9d36efa1,16338cf7db658ad4,200,191,95.5,288.86911,306.801438,1.0,4.1,352.186237,5.556667,356.254266,4.424084,4.902959,0.0,0.389009,0.728997,0.321285,0.111462,400,4344,4344,32.0,0,0,16,16,49,49,8,0,538.0,845,0,0,29,171,0,29,20,16,4,0,20,4,4,4,0,0,0,0,0,9,0,9,9,9,0,0,0,0,RF-selected OC
1660,3,3.0,1.0,0.38383109762906675,15000189,100,3,135.323742725757,175.0,43.0,2.964107409015,630dd4edbabe08ce,8d15af1f9d36efa1,c038afabec830d50,200,200,100.0,252.495,248.169092,1.0,3.7,309.770962,4.641667,306.189516,3.9,4.246154,0.0,0.399076,0.721448,0.338983,0.099307,400,4088,4088,32.0,0,0,16,16,40,40,6,0,518.0,780,0,0,20,180,0,20,20,17,3,0,20,3,3,3,0,0,0,0,0,0,0,0,0,0,0,0,0,0,RF-selected OC
1675,3,3.0,1.0,0.5202206050359743,15000204,100,3,360.764258156055,175.0,77.0,1.63650276592,712b9425af56185f,8d15af1f9d36efa1,4c94646da7c7b579,200,198,99.0,250.060606,256.130904,1.0,3.7,291.791906,6.756667,310.051212,3.868687,6.022193,0.0,0.404355,0.722222,0.343053,0.103044,400,4536,4536,32.0,0,0,16,16,42,42,4,0,520.0,766,0,0,22,178,0,22,20,18,2,0,20,2,2,2,0,0,0,0,0,2,0,2,2,2,0,0,0,0,RF-selected OC
1694,1,1.0,1.0,0.5014419893898023,15000223,100,1,193.27453168999,325.0,61.0,1.963302520037,5b3de82e3f610e74,8d15af1f9d36efa1,c6f4a684400d6e73,200,199,99.5,321.743719,339.375218,1.0,5.0,411.754259,4.950595,415.334185,5.145729,4.387695,0.0,0.336788,0.722222,0.280899,0.079137,400,4088,4088,32.0,0,0,16,16,41,41,6,0,520.0,1024,0,0,21,179,0,21,20,17,3,0,20,3,3,3,0,0,0,0,0,1,0,1,1,1,0,0,0,0,RF-selected OC
1697,0,0.0,1.0,0.4131794576312096,15000226,100,0,198.045310284721,325.0,61.0,2.281370457506,c34a7a8cc7519212,8d15af1f9d36efa1,681b9d166eee7fe5,200,200,100.0,227.745,247.941301,1.0,3.4,270.597229,5.97619,273.774448,3.435,5.666667,0.0,0.427023,0.719101,0.367985,0.104302,400,4304,4304,32.0,0,0,16,16,40,40,0,0,512.0,687,0,0,20,180,0,20,20,20,0,0,20,0,0,0,0,0,0,0,0,0,0,0,0,0,0,0,0,0,RF-selected OC
1699,2,3.0,0.0,0.4304031520946879,15000228,100,2,118.663792754737,175.0,69.0,2.176086860829,2641485f1b639a05,8d15af1f9d36efa1,9b9e1b00c64f1600,200,192,96.0,238.864583,259.583825,1.0,3.6,292.184098,5.546667,292.709734,3.760417,4.842105,0.0,0.423323,0.726027,0.356506,0.119512,400,4456,4456,32.0,0,0,16,16,48,48,2,0,530.0,722,0,0,28,172,0,28,20,19,1,0,20,1,1,1,0,0,0,0,0,8,0,8,8,8,0,0,0,0,RF-selected OC
1703,1,1.0,1.0,0.5153412614732176,15000232,100,1,286.363461284377,325.0,61.0,1.748289610669,efa82993deccc630,8d15af1f9d36efa1,bde07e1bd3cb4951,200,186,93.0,237.677419,246.207681,1.0,3.5,286.69904,5.238095,295.316312,3.903226,4.698347,0.0,0.422893,0.726776,0.35524,0.121065,400,4432,4432,32.0,0,0,16,16,50,50,0,0,532.0,726,0,0,32,168,0,32,18,18,0,0,18,0,0,0,0,0,0,0,0,14,0,14,14,14,0,0,0,0,RF-selected OC
1713,2,3.0,0.0,0.4131794576312096,15000242,100,2,125.904943392959,325.0,62.0,2.375694935825,9e916ff5c6a110d9,8d15af1f9d36efa1,4fd6936526b61e25,200,200,100.0,250.035,246.465589,1.0,3.8,301.977321,4.705,295.915621,3.8,4.614474,0.0,0.405321,0.721448,0.344828,0.101655,400,4616,4616,32.0,0,0,16,16,40,40,6,0,518.0,760,0,0,20,180,0,20,20,17,3,0,20,3,3,3,0,0,0,0,0,0,0,0,0,0,0,0,0,0,RF-selected OC
1716,3,3.0,1.0,0.4131794576312096,15000245,100,3,174.989760570604,175.0,50.0,2.559395280756,be754cd91a58c827,8d15af1f9d36efa1,c9372a5d88d55eec,200,193,96.5,225.093264,240.447369,1.0,3.4,280.508345,4.858333,275.741194,3.554404,4.846939,0.0,0.432119,0.722992,0.368324,0.115979,400,4264,4264,32.0,0,0,16,16,45,45,0,0,522.0,686,0,0,26,174,0,26,19,19,0,0,19,0,0,0,0,0,0,0,0,7,0,7,7,7,0,0,0,0,RF-selected OC
1727,1,1.0,1.0,0.5280638414455824,15000256,100,1,265.602092256585,325.0,63.0,1.645864733417,defcb34bcedcdb03,8d15af1f9d36efa1,6f3056ecf1276dfd,200,200,100.0,302.73,311.317649,1.0,4.5,369.043608,5.476429,375.104572,4.7,4.425532,0.0,0.353508,0.719888,0.298507,0.080235,400,4088,4088,32.0,0,0,16,16,41,41,0,2,514.0,940,0,0,20,180,0,20,20,20,0,0,20,0,0,0,0,0,0,0,0,0,0,0,0,0,0,0,0,0,RF-selected OC
1744,3,1.0,0.0,0.5061228757573095,15000273,100,3,243.721974770837,175.0,55.0,1.793639680196,701c1f6cbdabb51f,8d15af1f9d36efa1,fad2394ff9b0af37,200,200,100.0,257.73,285.488753,1.0,3.9,318.676347,4.7,322.576811,4.0,4.425,0.0,0.390244,0.719101,0.333333,0.090909,400,3856,3856,32.0,0,0,16,16,40,40,0,0,512.0,800,0,0,20,180,0,20,20,20,0,0,20,0,0,0,0,0,0,0,0,0,0,0,0,0,0,0,0,0,RF-selected OC
1745,2,2.0,1.0,0.4131794576312096,15000274,100,2,201.952160094751,325.0,54.0,2.41432047027,cba4975cb11d87d1,8d15af1f9d36efa1,e1640fc0678e7ee0,200,176,88.0,209.931818,200.270427,1.0,2.8,218.47744,4.370238,234.484881,2.982955,3.845714,0.0,0.525745,0.744246,0.432432,0.222222,400,3816,3816,32.0,0,0,16,16,72,72,6,28,582.0,525,0,0,41,159,0,41,17,14,3,0,17,3,3,3,0,0,0,0,0,24,0,24,24,24,0,0,0,0,RF-selected OC
1766,2,2.0,1.0,0.5280638414455824,15000295,100,2,184.307169960382,325.0,71.0,1.621959146393,cae9f31c732bd511,8d15af1f9d36efa1,e4061f9be2be6851,200,186,93.0,246.580645,268.668421,1.0,4.0,319.263215,4.075,308.325247,3.924731,4.083562,0.0,0.421553,0.726776,0.353982,0.120482,400,3880,3880,32.0,0,0,16,16,50,50,0,0,532.0,730,0,0,32,168,0,32,18,18,0,0,18,0,0,0,0,0,0,0,0,14,0,14,14,14,0,0,0,0,RF-selected OC
1767,3,3.0,1.0,0.5014419893898023,15000296,100,3,235.130959891931,325.0,55.0,1.939276796208,eb7284f7f104b5f1,8d15af1f9d36efa1,763823a1fb841002,200,200,100.0,187.595,195.279917,1.0,2.9,220.382872,4.363333,212.138802,2.9,4.458621,0.0,0.469835,0.719888,0.408163,0.123867,400,3848,3848,32.0,0,0,16,16,40,40,2,0,514.0,580,0,0,20,180,0,20,20,19,1,0,20,1,1,1,0,0,0,0,0,0,0,0,0,0,0,0,0,0,RF-selected OC
1768,2,2.0,1.0,0.38951226274467726,15000297,100,2,102.867632291648,325.0,88.0,1.81489795929,121370bb0784ced2,8d15af1f9d36efa1,382fa27e2e08b03e,200,191,95.5,213.518325,225.57092,1.0,3.1,247.03151,6.375,250.205616,3.104712,5.91231,0.0,0.474756,0.728261,0.40282,0.149211,400,4680,4680,32.0,0,0,16,16,49,49,6,0,536.0,593,0,0,29,171,0,29,20,17,3,0,20,3,3,3,0,0,0,0,0,9,0,9,9,9,0,0,0,0,RF-selected OC
1780,1,1.0,1.0,0.5014419893898023,15000309,100,1,338.512473563357,325.0,59.0,2.138190172309,583f96bb01b770bd,8d15af1f9d36efa1,9baf1a00c65d8780,200,199,99.5,212.261307,228.003853,1.0,3.2,250.767099,5.596667,247.11511,3.201005,5.059655,0.0,0.446568,0.719888,0.385728,0.114047,400,4560,4560,32.0,0,0,16,16,41,41,0,0,514.0,637,0,0,21,179,0,21,20,20,0,0,20,0,0,0,0,0,0,0,0,1,0,1,1,1,0,0,0,0,RF-selected OC
1786,2,3.0,0.0,0.38383109762906675,15000315,100,2,351.719848934061,175.0,54.0,2.829762583854,d812d43d1919447,8d15af1f9d36efa1,2b6f994f845e2151,200,199,99.5,253.070352,259.483206,1.0,3.6,283.267158,5.225,301.680518,3.773869,4.920107,0.0,0.409127,0.722222,0.347524,0.104887,400,3880,3880,32.0,0,0,16,16,42,42,4,2,520.0,751,0,0,21,179,0,21,20,18,2,0,20,2,2,2,0,0,0,0,0,1,0,1,1,1,0,0,0,0,RF-selected OC
1789,3,3.0,1.0,0.4922236036738942,15000318,100,3,217.47181537992,175.0,53.0,1.820885777047,b8e4db6301e2531,8d15af1f9d36efa1,754567503f61926c,200,193,96.5,295.518135,311.765417,1.0,4.5,345.726594,5.3375,356.758686,4.725389,4.391447,0.0,0.368421,0.726776,0.304878,0.098814,400,4152,4152,32.0,0,0,16,16,45,45,10,0,532.0,912,0,0,26,174,0,26,19,14,5,0,19,5,5,5,0,0,0,0,0,7,0,7,7,7,0,0,0,0,RF-selected OC
1790,0,0.0,1.0,0.4131794576312096,15000319,100,0,198.313144981023,325.0,46.0,2.334045015742,517963d0e7d1b045,8d15af1f9d36efa1,9ad93900c5a80144,200,184,92.0,203.554348,208.348323,1.0,2.8,228.346714,5.626667,237.013157,3.086957,5.091549,0.0,0.486438,0.728997,0.413223,0.15727,400,4272,4272,32.0,0,0,16,16,52,52,2,0,538.0,568,0,0,34,166,0,34,18,17,1,0,18,1,1,1,0,0,0,0,0,16,0,16,16,16,0,0,0,0,RF-selected OC
1795,1,1.0,1.0,0.4131794576312096,15000324,100,1,134.119064884338,175.0,68.0,2.276042157116,62ef4fb80eb610e4,8d15af1f9d36efa1,d906b1437a3b39b9,200,200,100.0,246.98,251.6865,1.0,3.6,291.118231,5.011667,293.978294,3.6,4.916667,0.0,0.416532,0.719888,0.357143,0.102244,400,4336,4336,32.0,0,0,16,16,40,40,2,0,514.0,720,0,0,20,180,0,20,20,19,1,0,20,1,1,1,0,0,0,0,0,0,0,0,0,0,0,0,0,0,RF-selected OC
1798,1,1.0,1.0,0.5280638414455824,15000327,100,1,194.659221363684,325.0,81.0,1.510961478478,5f6aa33eb4bf71c0,8d15af1f9d36efa1,4a35a6ccb39196c4,200,200,100.0,246.64,265.927755,1.0,3.5,293.315061,5.698333,298.596912,3.5,5.4,0.0,0.422442,0.719101,0.363636,0.102564,400,4544,4544,32.0,0,0,16,16,40,40,0,0,512.0,700,0,0,20,180,0,20,20,20,0,0,20,0,0,0,0,0,0,0,0,0,0,0,0,0,0,0,0,0,RF-selected OC
1804,1,1.0,1.0,0.5014419893898023,15000333,100,1,247.271929925494,325.0,46.0,2.019826089972,cfd69684f6f00312,8d15af1f9d36efa1,9af10100c5bc33fd,200,123,61.5,243.617886,229.517188,1.0,3.2,253.766266,5.578333,265.240167,3.203252,5.238579,0.0,0.624046,0.765808,0.503778,0.36039,400,4448,4448,32.0,0,0,16,16,107,107,8,0,654.0,394,0,0,92,108,0,92,15,11,4,0,15,4,4,4,0,0,0,0,0,77,0,77,77,77,0,0,0,0,RF-selected OC
1812,2,2.0,1.0,0.36477496626898986,15000341,100,2,295.268189704745,425.0,51.0,2.06140118762,921e15d83534417,8d15af1f9d36efa1,89979050dba530c0,200,178,89.0,295.47191,319.33873,1.0,4.6,368.23145,4.820833,365.726648,4.904494,4.420389,0.0,0.389083,0.73545,0.314218,0.124373,400,4152,4152,32.0,0,0,16,16,57,57,10,2,556.0,873,0,0,39,161,0,39,17,12,5,0,17,5,5,5,0,0,0,0,0,22,0,22,22,22,0,0,0,0,RF-selected OC
1814,1,1.0,1.0,0.5014419893898023,15000343,100,1,259.453318468384,325.0,50.0,1.880413629438,7a5ad157e48a00f5,8d15af1f9d36efa1,258bb45011b8f396,200,158,79.0,275.867089,275.91409,1.0,4.0,311.859516,4.746429,328.170563,4.367089,4.533333,0.0,0.461778,0.747475,0.366972,0.188235,400,4088,4088,32.0,0,0,16,16,76,76,8,0,592.0,690,0,0,59,141,0,59,17,13,4,0,17,4,4,4,0,0,0,0,0,42,0,42,42,42,0,0,0,0,RF-selected OC
1819,1,1.0,1.0,0.4131794576312096,15000348,100,1,352.409443161927,175.0,56.0,2.296416911873,db8310fbc28dedfb,8d15af1f9d36efa1,90cc1fb840c2c3b7,200,183,91.5,265.131148,270.398285,1.0,4.0,309.392131,4.436667,329.578394,4.114754,4.557769,0.0,0.417633,0.72973,0.346921,0.125436,400,4168,4168,32.0,0,0,16,16,53,53,2,0,540.0,753,0,0,35,165,0,35,18,17,1,0,18,1,1,1,0,0,0,0,0,17,0,17,17,17,0,0,0,0,RF-selected OC
1827,2,2.0,1.0,0.4131794576312096,15000356,100,2,361.851583092901,325.0,67.0,2.594133759725,b72b6968d90d0e1d,8d15af1f9d36efa1,e8f09d4fef679289,200,190,95.0,263.073684,245.954534,1.0,3.9,301.616175,4.634048,323.714932,4.194737,4.174404,0.0,0.400301,0.726776,0.334169,0.111483,400,3816,3816,32.0,0,0,16,16,50,50,0,0,532.0,797,0,0,30,170,0,30,20,20,0,0,20,0,0,0,0,0,0,0,0,10,0,10,10,10,0,0,0,0,RF-selected OC
1850,3,3.0,1.0,0.47977234476006236,15000379,100,3,121.488960218441,325.0,72.0,1.986131185687,b25dea98cc6b8b08,8d15af1f9d36efa1,d5fbb0d7bd2fec4b,200,200,100.0,283.22,280.060694,1.0,4.3,339.570016,4.477024,347.317667,4.435,3.812852,0.0,0.369581,0.722222,0.3108,0.090256,400,3888,3888,32.0,0,0,16,16,41,41,6,2,520.0,887,0,0,20,180,0,20,20,17,3,0,20,3,3,3,0,0,0,0,0,0,0,0,0,0,0,0,0,0,RF-selected OC
1855,3,2.0,0.0,0.3422395965963466,15000384,100,3,381.672820803978,175.0,61.0,2.903640730788,9f79c47ac7094bb2,8d15af1f9d36efa1,2b536061848b6423,200,181,90.5,269.044199,286.272381,1.0,3.9,323.084952,4.6,307.6802,3.845304,4.377874,0.0,0.451969,0.741602,0.364964,0.169451,400,4104,4104,32.0,0,0,16,16,65,65,12,16,574.0,696,0,0,38,162,0,38,19,13,6,0,19,6,6,6,0,0,0,0,0,19,0,19,19,19,0,0,0,0,RF-selected OC
1877,3,3.0,1.0,0.4131794576312096,15000406,100,3,310.426934362352,325.0,64.0,2.423438062126,5463b7c9c9e0c3fe,8d15af1f9d36efa1,9cd3594fc4d068c0,200,186,93.0,195.607527,209.089384,1.0,3.3,264.116077,4.710952,235.440538,3.204301,4.812081,0.0,0.472566,0.72752,0.401606,0.146132,400,4536,4536,32.0,0,0,16,16,50,50,2,0,534.0,596,0,0,32,168,0,32,18,17,1,0,18,1,1,1,0,0,0,0,0,14,0,14,14,14,0,0,0,0,RF-selected OC
1890,2,2.0,1.0,0.5202206050359743,15000419,100,2,194.904748582955,175.0,67.0,1.531109187836,3721785361a330b0,8d15af1f9d36efa1,9ae39300c5b0eeb7,200,200,100.0,198.375,195.941376,1.0,2.9,225.077814,4.936667,212.064572,2.9,4.551724,0.0,0.471767,0.721448,0.408163,0.129129,400,4088,4088,32.0,0,0,16,16,43,43,0,6,518.0,580,0,0,20,180,0,20,20,20,0,0,20,0,0,0,0,0,0,0,0,0,0,0,0,0,0,0,0,0,RF-selected OC
1891,0,0.0,1.0,0.4922236036738942,15000420,100,0,245.024624397593,175.0,44.0,2.04490076884,460f8707c4c8b74,8d15af1f9d36efa1,d6bf82f0e1caeb13,200,162,81.0,230.444444,239.502467,1.0,3.1,257.350167,5.175,264.975537,3.253086,4.686907,0.0,0.528201,0.746835,0.431499,0.230657,400,4600,4600,32.0,0,0,16,16,77,77,4,18,590.0,527,0,0,53,147,0,53,15,13,2,0,15,2,2,2,0,0,0,0,0,38,0,38,38,38,0,0,0,0,RF-selected OC
1896,1,1.0,1.0,0.26331766492610814,15000425,100,1,438.307344606987,175.0,79.0,2.234015408723,b0cbb3c55dc12c83,8d15af1f9d36efa1,6da0451a578dcd9,200,191,95.5,219.031414,210.965905,1.0,3.0,238.706667,4.083333,248.684272,3.193717,4.142623,0.0,0.466783,0.72752,0.39604,0.143258,400,3992,3992,32.0,0,0,16,16,49,49,4,0,534.0,610,0,0,29,171,0,29,20,18,2,0,20,2,2,2,0,0,0,0,0,9,0,9,9,9,0,0,0,0,RF-selected OC
1897,3,3.0,1.0,0.5153412614732176,15000426,100,3,250.172571761649,325.0,44.0,1.764494058977,7ca8efbd0765eb41,8d15af1f9d36efa1,c68595eabad8e5c5,200,200,100.0,258.0,261.299604,1.0,3.8,303.452037,4.872143,317.755638,4.2,4.165476,0.0,0.378698,0.719101,0.322581,0.086957,400,4208,4208,32.0,0,0,16,16,40,40,0,0,512.0,840,0,0,20,180,0,20,20,20,0,0,20,0,0,0,0,0,0,0,0,0,0,0,0,0,0,0,0,0,RF-selected OC
1917,1,1.0,1.0,0.38383109762906675,15000446,100,1,369.396614900273,325.0,49.0,2.938120438304,4c8d578fc6f82ffa,8d15af1f9d36efa1,d28fd87a5fe1919d,200,200,100.0,211.19,212.780331,1.0,3.2,244.741872,4.62,244.360944,3.235,4.443586,0.0,0.44368,0.72067,0.382044,0.114911,400,4056,4056,32.0,0,0,16,16,40,40,4,0,516.0,647,0,0,20,180,0,20,20,18,2,0,20,2,2,2,0,0,0,0,0,0,0,0,0,0,0,0,0,0,RF-selected OC
1923,1,1.0,1.0,0.5014419893898023,15000452,100,1,230.070311652448,325.0,54.0,1.95447165728,6b93c6a2396bd927,8d15af1f9d36efa1,d007e85103dddbd2,200,193,96.5,209.53886,222.555295,1.0,3.1,239.552866,5.035714,242.398471,3.062176,4.881557,0.0,0.469003,0.722992,0.403633,0.132159,400,4336,4336,32.0,0,0,16,16,45,45,0,0,522.0,591,0,0,26,174,0,26,19,19,0,0,19,0,0,0,0,0,0,0,0,7,0,7,7,7,0,0,0,0,RF-selected OC
1930,3,3.0,1.0,0.36477496626898986,15000459,100,3,221.578428488463,425.0,49.0,1.851260591118,6961d5d23726ba30,8d15af1f9d36efa1,efb4f6b976900d60,200,155,77.5,251.812903,278.224134,1.0,3.6,302.267428,4.516667,293.943978,3.535484,4.441606,0.0,0.520979,0.748744,0.421941,0.230337,400,3856,3856,32.0,0,0,16,16,75,75,14,0,596.0,548,0,0,60,140,0,60,15,8,7,0,15,7,7,7,0,0,0,0,0,45,0,45,45,45,0,0,0,0,RF-selected OC
1936,3,3.0,1.0,0.47055395904415426,15000465,100,3,136.772041703598,175.0,75.0,1.791778654237,f994ea3620d85cee,8d15af1f9d36efa1,974cf8f5ad87d50f,200,197,98.5,236.360406,233.010654,1.0,3.3,250.795973,5.361667,269.193784,3.507614,5.280753,0.0,0.433142,0.725275,0.366636,0.121982,400,4040,4040,32.0,0,0,16,16,47,47,2,8,528.0,691,0,0,23,177,0,23,20,19,1,0,20,1,1,1,0,0,0,0,0,3,0,3,3,3,0,0,0,0,RF-selected OC
1938,3,3.0,1.0,0.5202206050359743,15000467,100,3,172.311182691874,175.0,75.0,1.504822810047,7ddb2ad2e37aded5,8d15af1f9d36efa1,28ac950760a1c96,200,200,100.0,287.23,305.292422,1.0,4.8,375.875295,4.310952,365.594207,4.965,3.800604,0.0,0.342819,0.721448,0.28715,0.079703,400,3984,3984,32.0,0,0,16,16,40,40,6,0,518.0,993,0,0,20,180,0,20,20,17,3,0,20,3,3,3,0,0,0,0,0,0,0,0,0,0,0,0,0,0,RF-selected OC
1940,3,3.0,1.0,0.4131794576312096,15000469,100,3,144.130463960247,175.0,63.0,2.513980036439,c978bfc9f84df8a1,8d15af1f9d36efa1,3d694637918cd61e,200,192,96.0,243.151042,280.105302,1.0,3.7,295.457053,5.3,297.624035,3.760417,5.01108,0.0,0.420546,0.723757,0.356506,0.113022,400,4360,4360,32.0,0,0,16,16,46,46,0,0,524.0,722,0,0,27,173,0,27,19,19,0,0,19,0,0,0,0,0,0,0,0,8,0,8,8,8,0,0,0,0,RF-selected OC
1943,0,2.0,0.0,0.2260180492706115,15000472,100,0,43.848388564383,325.0,70.0,2.948858212838,36c3d80ba49d60ff,8d15af1f9d36efa1,e72e0d467bc91e76,200,169,84.5,251.313609,261.285877,1.0,3.7,288.804725,5.181667,288.615071,3.609467,4.785246,0.0,0.487395,0.74359,0.39604,0.195251,400,3824,3824,32.0,0,0,16,16,70,70,8,6,580.0,610,0,0,49,151,0,49,18,14,4,0,18,4,4,4,0,0,0,0,0,31,0,31,31,31,0,0,0,0,RF-selected OC
1947,2,2.0,1.0,0.403440087674551,15000476,100,2,416.331279627439,175.0,81.0,1.599283013068,69f1e1c0ed954bde,8d15af1f9d36efa1,58c79a02822b91a8,200,185,92.5,257.102703,302.980962,1.0,4.1,332.116642,4.248333,329.375875,4.097297,4.843008,0.0,0.415123,0.728997,0.345423,0.122685,400,4064,4064,32.0,0,0,16,16,51,51,4,0,538.0,758,0,0,33,167,0,33,18,16,2,0,18,2,2,2,0,0,0,0,0,15,0,15,15,15,0,0,0,0,RF-selected OC
1951,2,2.0,1.0,0.4598504883570821,15000480,100,2,380.623459011704,325.0,69.0,2.183955233879,7e416ebb0c0e1469,8d15af1f9d36efa1,16d9d5dc7a215e28,200,190,95.0,225.294737,228.134267,1.0,3.4,251.458797,4.483333,261.001996,3.431579,4.452454,0.0,0.452101,0.728997,0.380228,0.139842,400,3728,3728,32.0,0,0,16,16,50,50,6,0,538.0,652,0,0,30,170,0,30,20,17,3,0,20,3,3,3,0,0,0,0,0,10,0,10,10,10,0,0,0,0,RF-selected OC
1952,0,0.0,1.0,0.5280638414455824,15000481,100,0,336.512673899536,325.0,66.0,1.684757087565,2c63fd72e185237,8d15af1f9d36efa1,2e7b04f01aca44c2,200,200,100.0,287.45,302.095042,1.0,4.1,338.163094,5.358571,352.517251,4.3,5.117442,0.0,0.375907,0.721448,0.31746,0.090909,400,4216,4216,32.0,0,0,16,16,40,40,6,0,518.0,860,0,0,20,180,0,20,20,17,3,0,20,3,3,3,0,0,0,0,0,0,0,0,0,0,0,0,0,0,RF-selected OC
1955,1,1.0,1.0,0.5202206050359743,15000484,100,1,287.088515993987,175.0,75.0,1.51364014717,f5761405abec32e0,8d15af1f9d36efa1,30d0bc99c754ac46,200,190,95.0,255.1,245.831791,1.0,3.8,292.587199,4.323333,314.550724,4.015789,4.431193,0.0,0.410811,0.726776,0.343938,0.115875,400,3984,3984,32.0,0,0,16,16,50,50,0,0,532.0,763,0,0,30,170,0,30,20,20,0,0,20,0,0,0,0,0,0,0,0,10,0,10,10,10,0,0,0,0,RF-selected OC
1958,3,3.0,1.0,0.5202206050359743,15000487,100,3,192.660424896916,175.0,65.0,1.70900784183,2176d9fd87ccd5db,8d15af1f9d36efa1,1fdddcfe3e2325a7,200,200,100.0,233.795,242.72446,1.0,3.3,262.353492,4.621667,276.78961,3.435,4.409025,0.0,0.428928,0.72067,0.367985,0.108949,400,3848,3848,32.0,0,0,16,16,41,41,2,2,516.0,687,0,0,20,180,0,20,20,19,1,0,20,1,1,1,0,0,0,0,0,0,0,0,0,0,0,0,0,0,RF-selected OC
1962,2,2.0,1.0,0.4131794576312096,15000491,100,2,186.680999827006,325.0,48.0,2.622234494735,a702e280b05beefd,8d15af1f9d36efa1,9b940a00c646a498,200,195,97.5,219.348718,222.090844,1.0,3.1,252.288678,3.5,253.611868,3.117949,3.753289,0.0,0.462898,0.723757,0.396825,0.131429,400,4080,4080,32.0,0,0,16,16,45,45,2,0,524.0,608,0,0,25,175,0,25,20,19,1,0,20,1,1,1,0,0,0,0,0,5,0,5,5,5,0,0,0,0,RF-selected OC
1964,0,0.0,1.0,0.5280638414455824,15000493,100,0,170.847496618624,325.0,87.0,1.537533778344,fdf883c728659b91,8d15af1f9d36efa1,dd4b18f3d3aa618c,200,200,100.0,275.325,281.188526,1.0,4.1,324.917228,4.788333,339.580662,4.235,4.787485,0.0,0.377663,0.719888,0.32077,0.088267,400,4240,4240,32.0,0,0,16,16,40,40,2,0,514.0,847,0,0,20,180,0,20,20,19,1,0,20,1,1,1,0,0,0,0,0,0,0,0,0,0,0,0,0,0,RF-selected OC
1989,1,1.0,1.0,0.47453715797832957,15000518,100,1,283.242046670126,325.0,44.0,2.213479405455,ccc7998b2795c545,8d15af1f9d36efa1,abc15b533ab71e85,200,199,99.5,214.341709,217.169031,1.0,3.3,254.03159,4.216667,249.987318,3.296482,4.115854,0.0,0.440273,0.72067,0.378788,0.113514,400,4056,4056,32.0,0,0,16,16,42,42,0,2,516.0,656,0,0,21,179,0,21,20,20,0,0,20,0,0,0,0,0,0,0,0,1,0,1,1,1,0,0,0,0,RF-selected OC
4,0,,,,12000033,25,0,277.222229032255,425.0,8.0,1.751522790869,59dbe5815e751a2b,8d15af1f9d36efa1,3e7d1acd95f9a91d,200,113,56.5,325.309735,237.879139,0.6,2.9,375.486901,1.282143,388.277017,5.00885,1.234982,0.0,0.288945,0.534884,0.15015,0.14759,100,176,176,32.0,0,0,16,16,37,37,24,0,230.0,566,0,0,22,102,0,22,15,3,12,0,15,12,12,8,4,0,0,0,0,7,80,7,87,11,76,0,0,0,Baseline OC0
18,0,,,,12000047,25,0,497.202649171545,325.0,20.0,2.273694608985,f0e4a8c06c8aa401,8d15af1f9d36efa1,9a9c0c00c57406af,200,40,20.0,116.775,281.968042,0.2,0.2,71.575578,2.5,71.575578,1.0,2.5,0.0,0.866667,0.565217,0.714286,0.761905,100,280,280,32.0,0,0,16,16,56,56,16,2,260.0,40,0,0,43,36,0,43,12,4,8,0,12,8,8,0,8,0,0,0,0,31,160,0,160,39,121,0,0,0,Baseline OC0
30,0,,,,12000059,25,0,414.844937858084,425.0,18.0,1.564959918574,1300486c1017bd5d,8d15af1f9d36efa1,9a7d7f00c55a1989,200,20,10.0,93.15,300.808824,0.1,0.1,77.299684,2.0,77.299684,1.0,2.0,0.0,0.945652,0.635036,0.833333,0.915254,100,296,296,32.0,0,0,16,16,101,101,14,0,348.0,20,0,0,92,18,0,92,9,2,7,0,9,7,7,0,7,0,0,0,0,83,180,0,180,90,90,0,0,0,Baseline OC0
40,0,,,,12000069,25,0,414.904538061069,425.0,13.0,2.075899108534,c6414402b882dcff,8d15af1f9d36efa1,9aa64f00c57ccd0d,200,20,10.0,109.85,228.703702,0.1,0.1,95.814995,1.0,95.814995,1.0,1.0,0.0,0.94382,0.626866,0.833333,0.910714,100,176,176,32.0,0,0,16,16,95,95,14,0,336.0,20,0,0,86,18,0,86,9,2,7,0,9,7,7,0,7,0,0,0,0,77,180,0,180,84,96,0,0,0,Baseline OC0
42,0,,,,12000071,25,0,127.89376308198,325.0,16.0,2.95574833077,25a86b49c5495509,8d15af1f9d36efa1,ff9deec04053ecb8,200,60,30.0,206.266667,234.471558,0.3,1.0,256.404066,1.783333,256.404066,3.333333,1.7,0.0,0.497487,0.497487,0.333333,0.24812,100,272,272,32.0,0,0,16,16,26,26,14,0,198.0,200,0,0,13,54,0,13,13,6,7,0,13,7,7,0,7,0,0,0,0,0,140,0,140,7,133,0,0,0,Baseline OC0
49,0,,,,12000078,25,0,212.231273990048,175.0,13.0,1.931776767187,293e67af3bb84cf2,8d15af1f9d36efa1,a6f65ea038535fa2,200,20,10.0,235.75,313.753269,0.1,0.3,270.915073,1.666667,270.915073,3.0,1.666667,0.0,0.765625,0.494949,0.625,0.516129,100,232,232,32.0,0,0,16,16,22,22,20,0,196.0,60,0,0,11,18,0,11,11,1,10,0,11,10,10,1,9,0,0,0,0,0,180,0,180,9,171,0,0,0,Baseline OC0
61,0,,,,12000090,25,0,116.047917976655,325.0,18.0,2.095502539985,63c0de2d87a3b1cf,8d15af1f9d36efa1,0,200,0,0.0,,315.606781,0.0,0.0,,,,,,,1.0,0.5,1.0,1.0,100,152,152,32.0,0,0,16,16,24,24,20,0,200.0,0,0,0,14,0,0,14,10,0,10,0,10,10,10,0,10,0,0,0,0,4,200,0,200,14,186,0,0,0,Baseline OC0
67,0,,,,12000096,25,0,397.188163671401,175.0,14.0,2.994530004305,70bf5f4eeb66939e,8d15af1f9d36efa1,9a733d00c55154de,200,39,19.5,86.615385,255.723508,0.2,0.2,21.799212,2.0,22.137686,1.0,2.025641,0.0,0.839506,0.50495,0.719424,0.648649,100,200,200,32.0,0,0,16,16,26,26,20,0,204.0,39,0,0,14,35,0,14,12,2,10,0,12,10,10,2,8,0,0,0,0,2,160,1,161,10,151,0,0,0,Baseline OC0
74,0,,,,12000103,25,0,364.320250216069,325.0,16.0,2.90598830857,c8961b6a99ef3305,8d15af1f9d36efa1,9aa63d00c57cae77,200,73,36.5,140.30137,286.262684,0.4,0.9,149.741127,1.375,142.551117,2.273973,1.361446,0.0,0.560847,0.514563,0.37594,0.325203,100,288,288,32.0,0,0,16,16,33,33,14,0,212.0,166,0,0,20,66,0,20,13,6,7,0,13,7,7,1,6,0,0,0,0,7,120,7,127,13,114,0,0,0,Baseline OC0
76,0,,,,12000105,25,0,166.413946172866,175.0,15.0,2.220608854013,60861dbf74e34094,8d15af1f9d36efa1,3b63e531cd25ee81,200,54,27.0,304.537037,306.06306,0.3,1.3,376.118673,1.392857,374.57374,4.37037,1.398305,0.0,0.475556,0.516908,0.297619,0.257862,100,224,224,32.0,0,0,16,16,33,33,16,2,214.0,236,0,0,19,48,0,19,13,5,8,0,13,8,8,1,7,0,0,0,0,6,140,6,146,13,133,0,0,0,Baseline OC0
103,0,,,,12000132,25,0,490.867566485456,175.0,19.0,2.851620170301,d8bd966627d22ff6,8d15af1f9d36efa1,1a9d30b101f21d6b,200,100,50.0,218.17,300.205592,0.5,1.6,247.374618,1.393333,250.503672,3.2,1.459375,0.0,0.393939,0.509804,0.238095,0.191919,100,312,312,32.0,0,0,16,16,32,32,12,0,208.0,320,0,0,17,90,0,17,15,9,6,0,15,6,6,1,5,0,0,0,0,2,100,0,100,7,93,0,0,0,Baseline OC0
106,0,,,,12000135,25,0,413.501485780956,425.0,12.0,2.399470159766,777a0c034f6e91ef,8d15af1f9d36efa1,0,200,0,0.0,,377.941315,0.0,0.0,,,,,,,1.0,0.595142,1.0,1.0,100,240,240,32.0,0,0,16,16,72,72,18,0,294.0,0,0,0,63,0,0,63,9,0,9,0,9,9,9,0,9,0,0,0,0,54,200,0,200,63,137,0,0,0,Baseline OC0
107,0,,,,12000136,25,0,318.555939822136,175.0,16.0,1.797216369565,f409d20b3b19424a,8d15af1f9d36efa1,fb3779042a27d958,200,40,20.0,120.2,269.260929,0.2,0.4,111.140723,1.333333,110.262405,2.0,1.75,0.0,0.71223,0.497487,0.555556,0.452055,100,240,240,32.0,0,0,16,16,25,25,16,0,198.0,80,0,0,13,36,0,13,12,4,8,0,12,8,8,0,8,0,0,0,0,1,160,0,160,9,151,0,0,0,Baseline OC0
125,0,,,,12000154,25,0,140.314516226316,175.0,22.0,1.722763293398,f3353c958d56f2cc,8d15af1f9d36efa1,ee8cae4f61cf5565,200,100,50.0,228.8,227.575517,0.5,1.6,262.718486,1.56,276.260898,3.2,1.625,0.0,0.384615,0.5,0.238095,0.175258,100,288,288,32.0,0,0,16,16,28,28,12,0,200.0,320,0,0,15,90,0,15,15,9,6,0,15,6,6,1,5,0,0,0,0,0,100,0,100,5,95,0,0,0,Baseline OC0
130,0,,,,12000159,25,0,353.599238063405,75.0,17.0,2.346811146722,46453b3b6a6d4ff3,8d15af1f9d36efa1,9a65c500c545fe9a,200,20,10.0,102.9,253.141958,0.1,0.1,76.4009,4.0,76.4009,1.0,4.0,0.0,0.919355,0.53271,0.833333,0.827586,100,280,280,32.0,0,0,16,16,40,40,16,0,228.0,20,0,0,30,18,0,30,10,2,8,0,10,8,8,0,8,0,0,0,0,20,180,0,180,28,152,0,0,0,Baseline OC0
133,0,,,,12000162,25,0,67.093669630274,175.0,23.0,1.602428662452,6b2e5c3e599afbd5,8d15af1f9d36efa1,a9224b4f3a75764d,200,37,18.5,179.027027,278.335125,0.2,0.4,183.405578,1.75,183.380113,2.0,1.743243,0.0,0.79558,0.590164,0.574713,0.678261,100,264,264,32.0,0,0,16,16,68,68,20,2,288.0,74,0,0,56,33,0,56,11,1,10,0,11,10,10,3,7,0,0,0,0,45,160,3,163,52,111,0,0,0,Baseline OC0
134,0,,,,12000163,25,0,182.270146504654,425.0,10.0,2.59515615128,45b095e50a7044fe,8d15af1f9d36efa1,31854941b06fe192,200,62,31.0,235.419355,299.134559,0.7,2.7,292.159158,1.383673,271.373691,3.596774,1.29148,0.0,0.603908,0.62963,0.309598,0.482599,100,224,224,32.0,0,0,16,16,99,99,10,0,340.0,223,0,0,90,56,0,90,9,4,5,0,9,5,5,2,3,0,0,0,0,81,60,78,138,84,54,0,0,0,Baseline OC0
136,0,,,,12000165,25,0,234.934632876778,325.0,11.0,2.141249105317,f8767f866527e0ef,8d15af1f9d36efa1,9a8b1000c5659a48,200,20,10.0,91.05,321.732873,0.1,0.1,82.770748,1.0,82.770748,1.0,1.0,0.0,0.907407,0.494949,0.833333,0.761905,100,184,184,32.0,0,0,16,16,23,23,18,0,196.0,20,0,0,12,18,0,12,11,2,9,0,11,9,9,0,9,0,0,0,0,1,180,0,180,10,170,0,0,0,Baseline OC0
142,0,,,,12000171,25,0,50.527112037861,75.0,16.0,1.956368094409,a426a7c7169370e6,8d15af1f9d36efa1,7312d57fe097ce2f,200,32,16.0,211.96875,316.944028,0.3,0.7,184.583859,1.066667,224.291683,2.875,1.163043,0.0,0.809129,0.661017,0.520833,0.737143,100,224,224,32.0,0,0,16,16,122,122,14,0,390.0,92,0,0,111,28,0,111,11,4,7,0,11,7,7,0,7,0,0,0,0,100,140,28,168,107,61,0,0,0,Baseline OC0
143,0,,,,12000172,25,0,90.877547481263,175.0,21.0,1.97222566373,8217fa9db786c0ff,8d15af1f9d36efa1,db4e9fda7b182045,200,40,20.0,169.3,224.267254,0.2,0.6,197.743462,1.5,190.847995,3.0,1.333333,0.0,0.638554,0.514563,0.454545,0.4,100,224,224,32.0,0,0,16,16,32,32,16,2,212.0,120,0,0,19,36,0,19,12,4,8,0,12,8,8,0,8,0,0,0,0,7,160,0,160,15,145,0,0,0,Baseline OC0
146,0,,,,12000175,25,0,317.337079766063,325.0,16.0,2.198083274355,ab6b859e41009944,8d15af1f9d36efa1,9a87a900c562b56c,200,60,30.0,120.85,297.625941,0.3,0.6,130.802048,2.25,119.119689,2.0,1.833333,0.0,0.628483,0.503722,0.454545,0.375,100,216,216,31.0,0,0,16,15,28,28,16,4,203.0,120,0,0,13,54,0,13,13,5,8,0,13,8,8,1,7,0,0,0,0,0,140,0,140,7,133,0,0,0,Baseline OC0
149,0,,,,12000178,25,0,355.891870315267,425.0,13.0,1.97602696398,ea8aafe76069fd3e,8d15af1f9d36efa1,9a65b400c545e1b7,200,75,37.5,168.213333,229.42066,0.5,1.1,143.898781,2.146667,195.021938,2.6,2.641026,0.0,0.601227,0.595142,0.338983,0.453782,100,320,320,32.0,0,0,16,16,77,77,8,0,294.0,195,0,0,65,67,0,65,12,8,4,0,12,4,4,0,4,0,0,0,0,53,100,25,125,57,68,0,0,0,Baseline OC0
152,0,,,,12000181,25,0,117.323118247299,425.0,13.0,2.620294485454,c0fa319db31107ee,8d15af1f9d36efa1,9a80ca00c55cced1,200,20,10.0,107.0,345.411329,0.1,0.1,76.982113,1.0,76.982113,1.0,1.0,0.0,0.933333,0.583333,0.833333,0.880952,100,200,200,32.0,0,0,16,16,64,64,20,0,280.0,20,0,0,53,18,0,53,11,1,10,0,11,10,10,1,9,0,0,0,0,42,180,0,180,51,129,0,0,0,Baseline OC0
154,0,,,,12000183,25,0,138.767219760983,325.0,22.0,1.717653033985,a9b77d8a368bbd5c,8d15af1f9d36efa1,54e242d0c6ece953,200,160,80.0,216.11875,180.649803,0.8,2.9,254.484702,1.348214,254.484702,3.625,1.275862,0.0,0.263959,0.509804,0.147059,0.115854,100,256,256,32.0,0,0,16,16,36,36,4,0,208.0,580,0,0,18,144,0,18,18,16,2,0,18,2,2,0,2,0,0,0,0,0,40,0,40,2,38,0,0,0,Baseline OC0
168,0,,,,12000197,25,0,131.837828928685,75.0,15.0,1.753271761856,48e425d851eaf65,8d15af1f9d36efa1,84a2e7dd818339d8,200,1,0.5,946.0,334.002148,0.1,0.4,304.131374,1.75,304.131374,4.0,1.75,0.0,0.989071,0.644128,0.961538,0.982906,100,240,240,32.0,0,0,16,16,106,106,18,0,362.0,4,0,0,97,0,0,97,9,0,9,0,9,9,9,1,8,0,0,0,0,88,180,19,199,96,103,0,0,0,Baseline OC0
175,0,,,,12000204,25,0,416.672204201761,325.0,21.0,2.063296874175,124f52947838c594,8d15af1f9d36efa1,9a76ac00c5544752,200,51,25.5,127.960784,188.397305,0.3,0.4,104.685538,1.166667,102.38698,1.313725,1.238806,0.0,0.789969,0.557522,0.598802,0.641711,100,280,280,32.0,0,0,16,16,52,52,16,0,252.0,67,0,0,39,45,0,39,13,5,8,0,13,8,8,1,7,0,0,0,0,26,140,9,149,33,116,0,0,0,Baseline OC0
178,0,,,,12000207,25,0,374.197368817037,425.0,15.0,2.182387655261,338d452a32afa608,8d15af1f9d36efa1,3c85754f8dfa445b,200,40,20.0,188.125,310.098858,0.2,0.5,176.178135,1.0,176.178135,2.5,1.0,0.0,0.681529,0.516908,0.5,0.450549,100,216,216,32.0,0,0,16,16,29,29,24,0,214.0,100,0,0,17,36,0,17,12,0,12,0,12,12,12,4,8,0,0,0,0,5,160,0,160,13,147,0,0,0,Baseline OC0
186,0,,,,12000215,25,0,41.296914403491,425.0,15.0,2.97833956549,b3d7839a54c57f00,8d15af1f9d36efa1,9abaad00c58e15d1,200,74,37.0,139.675676,217.596599,0.4,0.8,126.221888,1.25,134.513478,2.081081,1.090909,0.0,0.596859,0.53271,0.393701,0.384,100,232,232,32.0,0,0,16,16,40,40,16,0,228.0,154,0,0,26,66,0,26,14,6,8,0,14,8,8,2,6,0,0,0,0,12,120,6,126,18,108,0,0,0,Baseline OC0
189,0,,,,12000218,25,0,355.202604292192,425.0,14.0,2.54363305661,e6159585df451a48,8d15af1f9d36efa1,854f8fc35f22796,200,20,10.0,257.85,314.749868,0.1,0.3,266.262559,1.0,266.262559,3.0,1.0,0.0,0.814815,0.568966,0.625,0.6875,100,200,200,32.0,0,0,16,16,59,59,14,2,264.0,60,0,0,49,18,0,49,9,2,7,0,9,7,7,0,7,0,0,0,0,40,180,0,180,47,133,0,0,0,Baseline OC0
192,0,,,,12000221,25,0,423.853941390191,75.0,15.0,2.048323970959,4afecf6c6f91bd15,8d15af1f9d36efa1,9a91d200c56b4f9c,200,40,20.0,150.35,251.22857,0.2,0.3,127.692581,1.25,127.692581,1.5,1.333333,0.0,0.798658,0.543379,0.625,0.638554,100,224,224,32.0,0,0,16,16,45,45,16,2,238.0,60,0,0,32,36,0,32,12,4,8,0,12,8,8,0,8,0,0,0,0,20,160,0,160,28,132,0,0,0,Baseline OC0
212,0,,,,12000241,25,0,487.038727272726,75.0,14.0,2.784994597821,86f192da6845eda3,8d15af1f9d36efa1,9a8afa00c56574e6,200,6,3.0,179.833333,301.196735,0.1,0.1,84.393202,2.0,84.393202,1.0,2.0,0.0,0.979592,0.590164,0.943396,0.962963,100,224,224,32.0,0,0,16,16,68,68,20,0,288.0,6,0,0,60,5,0,60,10,0,10,0,10,10,10,1,9,0,0,0,0,50,180,14,194,59,135,0,0,0,Baseline OC0
220,0,,,,12000249,25,0,496.678398023175,325.0,22.0,2.332366374262,5867c8ed37517342,8d15af1f9d36efa1,9a845000c55fe85a,200,28,14.0,141.071429,299.347699,0.2,0.3,87.672448,1.75,87.672448,1.5,1.666667,0.0,0.870769,0.585921,0.704225,0.783505,100,224,224,31.0,0,0,16,15,66,66,20,4,283.0,42,0,0,52,24,0,52,12,2,10,0,12,10,10,2,8,0,0,0,0,40,160,12,172,48,124,0,0,0,Baseline OC0
233,0,,,,12000262,25,0,383.210860436098,175.0,18.0,1.716770303013,69b987e583639d14,8d15af1f9d36efa1,9a691100c548b595,200,100,50.0,262.85,229.527169,0.5,2.1,321.79911,1.568889,321.79911,4.2,1.380952,0.0,0.33121,0.509804,0.192308,0.153226,100,280,280,32.0,0,0,16,16,30,30,16,0,208.0,420,0,0,15,90,0,15,15,7,8,0,15,8,8,3,5,0,0,0,0,0,100,0,100,5,95,0,0,0,Baseline OC0
240,0,,,,12000269,25,0,149.217807824101,425.0,12.0,2.56893208853,5360790263568b8a,8d15af1f9d36efa1,9a8e7800c56880d7,200,56,28.0,364.053571,274.085179,0.3,1.6,395.347325,1.095238,420.715268,5.642857,1.126582,0.0,0.498413,0.610895,0.240385,0.365462,100,160,160,32.0,0,0,16,16,83,83,16,10,314.0,316,0,0,67,50,0,67,11,3,8,0,11,8,8,3,5,0,0,0,0,56,140,4,144,61,83,0,0,0,Baseline OC0
257,0,,,,12000286,25,0,158.466967035192,425.0,13.0,1.814928993027,aaacb60a36117a37,8d15af1f9d36efa1,9a734800c551678f,200,80,40.0,100.2875,246.846691,0.4,0.5,87.952398,1.0,87.952398,1.25,1.0,0.0,0.683544,0.519231,0.5,0.456522,100,232,232,32.0,0,0,16,16,36,36,12,0,216.0,100,0,0,25,72,2,23,12,6,6,0,12,6,6,0,6,0,0,0,0,11,120,0,120,17,103,0,0,0,Baseline OC0
271,0,,,,12000300,25,0,165.693175872703,175.0,12.0,2.524116414188,c1cb599bc2db8cd3,8d15af1f9d36efa1,9a623500c542d413,200,20,10.0,73.2,342.22353,0.1,0.1,57.719836,1.0,57.719836,1.0,1.0,0.0,0.907407,0.494949,0.833333,0.761905,100,264,264,32.0,0,0,16,16,23,23,18,0,196.0,20,0,0,12,18,0,12,11,2,9,0,11,9,9,0,9,0,0,0,0,1,180,0,180,10,170,0,0,0,Baseline OC0
273,0,,,,12000302,25,0,469.629609724527,425.0,16.0,2.19764710637,c84e4dedfe337bf2,8d15af1f9d36efa1,3c8c3b4f8e00007b,200,85,42.5,118.823529,172.054383,0.6,1.0,106.453682,1.527778,108.766418,1.694118,1.590278,0.0,0.68,0.604743,0.409836,0.54717,100,264,264,32.0,0,0,16,16,81,81,12,0,306.0,144,0,0,70,78,0,70,11,5,6,0,11,6,6,2,4,0,0,0,0,59,80,35,115,63,52,0,0,0,Baseline OC0
278,0,,,,12000307,25,0,38.079192952976,325.0,21.0,2.384650688099,d28337ee91f2c4ac,8d15af1f9d36efa1,b856303c67676ab6,200,72,36.0,279.958333,289.028327,0.4,1.6,302.683852,1.55,320.986394,4.027778,1.641379,0.0,0.462963,0.555556,0.25641,0.289216,100,264,264,32.0,0,0,16,16,50,50,18,0,250.0,290,0,0,37,64,0,37,13,4,9,0,13,9,9,4,5,0,0,0,0,24,120,8,128,29,99,0,0,0,Baseline OC0
282,0,,,,12000311,25,0,0.795137317721,325.0,21.0,2.509814327021,9cf7c7cc9f1547d7,8d15af1f9d36efa1,de5f962775889266,200,153,76.5,361.803922,405.467536,0.8,4.8,445.951078,1.920536,445.572473,5.993464,1.878953,0.0,0.207433,0.545455,0.098328,0.105366,100,312,312,32.0,0,0,16,16,44,44,20,2,240.0,917,0,0,27,137,2,25,16,6,10,0,16,10,10,8,2,0,0,0,0,9,40,7,47,11,36,0,0,0,Baseline OC0
283,0,,,,12000312,25,0,23.454946801878,175.0,23.0,1.820648331873,3e90b6c24e0f5881,8d15af1f9d36efa1,60f27844be93d382,200,193,96.5,318.704663,255.061208,1.0,4.7,387.13725,1.78254,385.758522,4.725389,1.679825,0.0,0.208333,0.545455,0.098814,0.105882,100,296,296,32.0,0,0,16,16,47,47,14,0,240.0,912,0,0,27,173,0,27,20,13,7,0,20,7,7,7,0,0,0,0,0,7,0,7,7,7,0,0,0,0,Baseline OC0
284,0,,,,12000313,25,0,234.980956779278,75.0,9.0,1.922427130507,c496380ebe7faee1,8d15af1f9d36efa1,9a5ee300c54012e6,200,40,20.0,129.525,287.76292,0.2,0.4,129.266972,1.166667,129.266972,2.0,1.25,0.0,0.741935,0.534884,0.555556,0.550562,100,216,216,32.0,0,0,16,16,41,41,16,0,230.0,80,0,0,32,36,0,32,11,3,8,0,11,8,8,1,7,0,0,0,0,21,160,0,160,28,132,0,0,0,Baseline OC0
292,0,,,,12000321,25,0,471.404584108186,325.0,19.0,2.789835102178,ae4d86be0998e93e,8d15af1f9d36efa1,0,200,0,0.0,,263.474767,0.0,0.0,,,,,,,1.0,0.545455,1.0,1.0,100,216,216,32.0,0,0,16,16,44,44,20,0,240.0,0,0,0,34,0,0,34,10,0,10,0,10,10,10,0,10,0,0,0,0,24,200,0,200,34,166,0,0,0,Baseline OC0
293,0,,,,12000322,25,0,455.386545753515,425.0,16.0,2.174947272097,f02c7102ba22890d,8d15af1f9d36efa1,beff2e70a4c393f4,200,33,16.5,316.424242,337.075103,0.3,1.2,297.16013,1.827778,316.442862,4.30303,1.570423,0.0,0.684444,0.606299,0.413223,0.553459,100,256,256,32.0,0,0,16,16,78,78,20,14,308.0,142,0,0,60,29,0,60,11,1,10,0,11,10,10,3,7,0,0,0,0,49,140,27,167,56,111,0,0,0,Baseline OC0
302,0,,,,12000331,25,0,118.355979262839,325.0,17.0,2.217910586818,48f719a36218cd4c,8d15af1f9d36efa1,9a691200c548b748,200,60,30.0,126.5,232.820898,0.3,0.5,108.888018,2.555556,108.888018,1.666667,2.2,0.0,0.669967,0.503722,0.5,0.418605,100,264,264,31.0,0,0,16,15,28,28,16,0,203.0,100,0,0,15,54,0,15,13,5,8,0,13,8,8,1,7,0,0,0,0,2,140,0,140,9,131,0,0,0,Baseline OC0
309,0,,,,12000338,25,0,26.617016100003,75.0,17.0,1.662221233721,5b79274a160f0ff6,8d15af1f9d36efa1,45280e4f92dc5752,200,37,18.5,238.864865,275.578415,0.2,0.4,173.937219,3.75,174.485377,2.0,3.77027,0.0,0.804233,0.603175,0.574713,0.699187,100,304,304,32.0,0,0,16,16,76,76,20,12,304.0,74,0,0,59,33,0,59,11,1,10,0,11,10,10,3,7,0,0,0,0,48,160,3,163,55,108,0,0,0,Baseline OC0
311,0,,,,12000340,25,0,188.672033261635,175.0,15.0,2.464862247426,93f9cb6ab6557a82,8d15af1f9d36efa1,e0b992c9f5fe08ee,200,13,6.5,168.384615,278.163271,0.1,0.3,228.869703,1.333333,228.869703,3.0,1.333333,0.0,0.840816,0.507389,0.719424,0.654867,100,216,216,32.0,0,0,16,16,28,28,18,2,206.0,39,0,0,17,12,0,17,10,1,9,0,10,9,9,0,9,0,0,0,0,7,180,7,187,16,171,0,0,0,Baseline OC0
322,0,,,,12000351,25,0,186.892916026668,75.0,7.0,2.63334758111,8912b4a39994c94e,8d15af1f9d36efa1,6dd99be35ab3990c,200,60,30.0,184.05,196.033831,0.5,1.2,188.186174,1.34,175.721141,2.216667,1.300752,0.0,0.692841,0.6,0.429185,0.55814,100,232,232,32.0,0,0,16,16,75,75,18,0,300.0,133,0,0,64,54,0,64,11,2,9,0,11,9,9,4,5,0,0,0,0,53,100,40,140,58,82,0,0,0,Baseline OC0
337,0,,,,12000366,25,0,458.239230716583,425.0,15.0,2.45994173059,45c31b5e538ae4e,8d15af1f9d36efa1,b1cbcf4f3f5d8443,200,17,8.5,146.058824,281.098228,0.1,0.2,115.295764,1.0,115.295764,2.0,1.0,0.0,0.910053,0.632353,0.746269,0.861789,100,280,280,32.0,0,0,16,16,99,99,14,4,344.0,34,0,0,88,15,0,88,9,2,7,0,9,7,7,0,7,0,0,0,0,79,180,3,183,86,97,0,0,0,Baseline OC0
346,0,,,,12000375,25,0,193.042965808212,175.0,14.0,2.233918755938,486d66c846377cd2,8d15af1f9d36efa1,97bae54f3094119d,200,40,20.0,127.85,229.363825,0.2,0.3,126.941015,2.0,126.941015,1.5,2.0,0.0,0.76378,0.492386,0.625,0.508197,100,216,216,32.0,0,0,16,16,23,23,16,0,194.0,60,0,0,12,36,0,12,12,4,8,0,12,8,8,0,8,0,0,0,0,0,160,0,160,8,152,0,0,0,Baseline OC0
353,0,,,,12000382,25,0,32.884236283357,75.0,16.0,2.223757094581,26856ac4cfd46d38,8d15af1f9d36efa1,0,200,0,0.0,,260.204985,0.0,0.0,,,,,,,1.0,0.559471,1.0,1.0,100,280,280,32.0,0,0,16,16,51,51,20,0,254.0,0,0,0,41,0,0,41,10,0,10,0,10,10,10,0,10,0,0,0,0,31,200,0,200,41,159,0,0,0,Baseline OC0
355,0,,,,12000384,25,0,163.369168963284,325.0,20.0,2.370488615511,1a3d1aa2e4980a26,8d15af1f9d36efa1,83e1f567776740f3,200,60,30.0,202.15,275.569259,0.3,1.0,247.948497,1.783333,250.126631,3.333333,1.6,0.0,0.509804,0.509804,0.333333,0.275362,100,320,320,32.0,0,0,16,16,31,31,14,0,208.0,200,0,0,18,54,0,18,13,6,7,0,13,7,7,0,7,0,0,0,0,5,140,0,140,12,128,0,0,0,Baseline OC0
360,0,,,,12000389,25,0,3.812709833329,425.0,16.0,1.543536865648,d0502b687035db24,8d15af1f9d36efa1,7acebba8abe1f93a,200,20,10.0,196.95,310.713628,0.1,0.3,220.248125,1.666667,220.248125,3.0,1.666667,0.0,0.825073,0.585921,0.625,0.716981,100,224,224,31.0,0,0,16,15,67,67,18,0,283.0,60,0,0,56,18,0,56,11,2,9,0,11,9,9,0,9,0,0,0,0,45,180,0,180,54,126,0,0,0,Baseline OC0
363,0,,,,12000392,25,0,434.137690466031,175.0,22.0,2.507395947623,24407c2c29e0664d,8d15af1f9d36efa1,be900a7fc748dcaa,200,100,50.0,184.52,189.771666,0.5,1.4,214.885907,1.466667,206.340482,2.8,1.5,0.0,0.423868,0.507389,0.263158,0.20904,100,248,248,32.0,0,0,16,16,32,32,10,4,206.0,280,0,0,15,90,0,15,15,10,5,0,15,5,5,0,5,0,0,0,0,0,100,0,100,5,95,0,0,0,Baseline OC0
369,0,,,,12000398,25,0,12.275556619615,325.0,23.0,1.912915821345,e23bbcc86ce6bf18,8d15af1f9d36efa1,33e2b44f8917ed6c,200,41,20.5,164.170732,242.612655,0.3,0.6,153.387271,2.333333,171.340273,2.292683,2.138298,0.0,0.752632,0.588477,0.515464,0.620968,100,328,328,32.0,0,0,16,16,69,69,16,0,286.0,94,0,0,58,37,0,58,11,3,8,0,11,8,8,1,7,0,0,0,0,47,140,19,159,54,105,0,0,0,Baseline OC0
375,0,,,,12000404,25,0,100.657976577122,325.0,22.0,1.576858058834,ceedd14aa65fb53b,8d15af1f9d36efa1,9a76b700c5545a03,200,20,10.0,100.85,234.76692,0.1,0.1,65.218389,1.0,65.218389,1.0,1.0,0.0,0.908257,0.497487,0.833333,0.767442,100,248,248,32.0,0,0,16,16,23,23,20,0,198.0,20,0,0,12,18,0,12,11,1,10,0,11,10,10,1,9,0,0,0,0,1,180,0,180,10,170,0,0,0,Baseline OC0
378,0,,,,12000407,25,0,212.473299124043,325.0,18.0,1.758587105378,254678b099045251,8d15af1f9d36efa1,febd16476ee00e88,200,40,20.0,146.525,309.24323,0.2,0.4,156.272153,1.666667,156.272153,2.0,1.5,0.0,0.714286,0.5,0.555556,0.459459,100,208,208,32.0,0,0,16,16,26,26,16,0,200.0,80,0,0,14,36,0,14,12,4,8,0,12,8,8,0,8,0,0,0,0,2,160,0,160,10,150,0,0,0,Baseline OC0
381,0,,,,12000410,25,0,145.211624870657,325.0,16.0,2.244292519495,56ed6e769925e341,8d15af1f9d36efa1,b0f19882360cc22b,200,139,69.5,182.625899,233.809826,0.7,1.9,207.018217,1.785714,216.866084,2.81295,1.797954,0.0,0.351575,0.514563,0.203666,0.169851,100,256,256,32.0,0,0,16,16,37,37,6,0,212.0,391,0,0,20,125,0,20,17,14,3,0,17,3,3,0,3,0,0,0,0,3,60,1,61,6,55,0,0,0,Baseline OC0
383,0,,,,12000412,25,0,22.93902053926,75.0,12.0,2.8878346126,79b2a3f384b3c6b7,8d15af1f9d36efa1,2282264f7f3c6372,200,33,16.5,148.787879,281.67403,0.4,1.1,189.186291,1.758333,150.131968,2.393939,1.924051,0.0,0.796915,0.607843,0.558659,0.692607,100,320,320,32.0,0,0,16,16,83,83,12,0,310.0,79,0,0,75,30,0,75,8,2,6,0,8,6,6,1,5,0,0,0,0,67,120,47,167,72,95,0,0,0,Baseline OC0
385,0,,,,12000414,25,0,227.80399705344,425.0,9.0,2.038673870868,8c179ba7eda4843e,8d15af1f9d36efa1,8f55654f2be5d73f,200,33,16.5,142.909091,262.893545,0.3,0.4,87.832001,2.333333,154.105682,1.606061,2.622642,0.0,0.839879,0.58159,0.653595,0.733668,100,280,280,32.0,0,0,16,16,67,67,12,0,278.0,53,0,0,58,30,0,58,9,3,6,0,9,6,6,0,6,0,0,0,0,49,140,27,167,55,112,0,0,0,Baseline OC0
389,0,,,,12000418,25,0,468.24679025057,325.0,18.0,2.569341018918,c60d06f30d803fc3,8d15af1f9d36efa1,59b700ca3a717281,200,14,7.0,228.0,339.994283,0.1,0.3,223.729579,1.333333,223.729579,3.0,1.333333,0.0,0.853147,0.54955,0.704225,0.727273,100,192,192,32.0,0,0,16,16,47,47,18,0,244.0,42,0,0,36,12,0,36,11,2,9,0,11,9,9,0,9,0,0,0,0,25,180,6,186,34,152,0,0,0,Baseline OC0
406,0,,,,12000435,25,0,19.444965469507,175.0,16.0,2.738407587981,a0f4af57d7957bc3,8d15af1f9d36efa1,45281e4f92dc7282,200,38,19.0,235.578947,327.905359,0.2,0.7,280.174691,1.75,286.261127,3.578947,1.397059,0.0,0.624309,0.530516,0.423729,0.408696,100,232,232,32.0,0,0,16,16,38,38,18,2,226.0,136,0,0,25,34,0,25,12,3,9,0,12,9,9,1,8,0,0,0,0,13,160,2,162,21,141,0,0,0,Baseline OC0
408,0,,,,12000437,25,0,30.997587039638,175.0,20.0,2.243630276462,5c01d96cd23e6e6c,8d15af1f9d36efa1,8779ff68ccc19465,200,17,8.5,230.705882,277.452112,0.1,0.3,235.524582,1.333333,235.524582,3.0,1.333333,0.0,0.818505,0.534884,0.662252,0.657718,100,160,160,32.0,0,0,16,16,39,39,20,0,230.0,51,0,0,28,15,0,28,11,1,10,0,11,10,10,1,9,0,0,0,0,17,180,3,183,26,157,0,0,0,Baseline OC0
414,0,,,,12000443,25,0,432.1968108082,175.0,13.0,2.939170993558,c524a644e460b2c7,8d15af1f9d36efa1,dd39b24f57ff4ddd,200,39,19.5,185.25641,270.752794,0.2,0.6,181.639726,1.625,179.814,2.974359,1.663793,0.0,0.653731,0.522673,0.462963,0.431373,100,184,184,31.0,0,0,16,15,34,34,20,0,219.0,116,0,0,22,35,0,22,12,2,10,0,12,10,10,2,8,0,0,0,0,10,160,1,161,18,143,0,0,0,Baseline OC0
417,0,,,,12000446,25,0,52.65003526972,325.0,22.0,1.580884431842,b5c6d27166652bfd,8d15af1f9d36efa1,a93d784f3a8c8a7c,200,47,23.5,200.957447,253.356229,0.4,1.1,199.234653,1.791667,206.068643,2.914894,1.635036,0.0,0.720978,0.638989,0.421941,0.618384,100,264,264,32.0,0,0,16,16,105,105,12,0,354.0,137,0,0,96,42,0,96,9,3,6,0,9,6,6,2,4,0,0,0,0,87,120,33,153,91,62,0,0,0,Baseline OC0
420,0,,,,12000449,25,0,50.194024282395,425.0,19.0,1.579032894945,e792a8a65e413120,8d15af1f9d36efa1,24a03d295807d5e,200,18,9.0,199.388889,294.230456,0.1,0.3,191.697413,2.333333,195.941751,3.0,2.333333,0.0,0.873832,0.651568,0.649351,0.817568,100,248,248,32.0,0,0,16,16,111,111,20,0,374.0,54,0,0,100,16,0,100,11,1,10,0,11,10,10,1,9,0,0,0,0,89,180,2,182,98,84,0,0,0,Baseline OC0
426,0,,,,12000455,25,0,385.742836048725,325.0,17.0,2.904129116873,4eec7314fea08517,8d15af1f9d36efa1,8db6acca57e72d6f,200,80,40.0,275.9375,237.317529,0.4,1.8,359.37103,2.166667,346.537239,4.5,2.0,0.0,0.354839,0.497487,0.217391,0.15493,100,312,312,32.0,0,0,16,16,27,27,12,0,198.0,360,0,0,14,72,0,14,14,8,6,0,14,6,6,0,6,0,0,0,0,0,120,0,120,6,114,0,0,0,Baseline OC0
428,0,,,,12000457,25,0,280.880593475857,175.0,11.0,1.714098729854,b69e8c1e2a4a02aa,8d15af1f9d36efa1,9a690600c548a2e4,200,60,30.0,202.433333,257.205128,0.3,0.9,205.154977,1.166667,205.154977,3.0,1.222222,0.0,0.552239,0.526066,0.357143,0.333333,100,208,208,32.0,0,0,16,16,38,38,14,4,222.0,180,0,0,25,54,2,23,11,4,7,0,11,7,7,0,7,0,0,0,0,12,140,0,140,19,121,0,0,0,Baseline OC0
433,0,,,,12000462,25,0,458.158357154392,425.0,12.0,2.887411272609,894aeb8c1a9b02ab,8d15af1f9d36efa1,9a8afc00c565784c,200,10,5.0,133.6,250.391415,0.1,0.1,45.54005,1.0,45.54005,1.0,1.0,0.0,0.972222,0.636364,0.909091,0.95614,100,232,232,32.0,0,0,16,16,100,100,18,12,350.0,10,0,0,84,9,0,84,10,1,9,0,10,9,9,0,9,0,0,0,0,74,180,10,190,83,107,0,0,0,Baseline OC0
438,0,,,,12000467,25,0,35.217867573184,325.0,20.0,2.473324864991,47ac330c267798c1,8d15af1f9d36efa1,8bb8152e18fc788f,200,117,58.5,182.538462,246.448794,0.6,1.6,192.918313,3.127778,203.321348,2.666667,2.679487,0.0,0.428571,0.539171,0.242718,0.246377,100,320,320,32.0,0,0,16,16,46,46,10,2,234.0,312,0,0,29,105,0,29,16,11,5,0,16,5,5,1,4,0,0,0,0,13,80,3,83,17,66,0,0,0,Baseline OC0
446,0,,,,12000475,25,0,87.615012573184,175.0,20.0,2.762679617819,61c94f8d4310e5a7,8d15af1f9d36efa1,2b4a434f843e72f2,200,60,30.0,182.233333,224.916332,0.3,0.8,168.262542,1.583333,207.620628,3.1,1.784946,0.0,0.518135,0.5,0.34965,0.267717,100,264,264,32.0,0,0,16,16,26,26,16,0,200.0,186,0,0,13,54,0,13,13,5,8,0,13,8,8,1,7,0,0,0,0,0,140,0,140,7,133,0,0,0,Baseline OC0
469,0,,,,12000498,25,0,365.892848782647,175.0,15.0,2.355713203148,af5df5823918f62d,8d15af1f9d36efa1,a925b04f3a7857c3,200,40,20.0,182.875,248.108554,0.2,0.7,226.942664,1.9,219.721965,3.5,1.714286,0.0,0.583333,0.494949,0.416667,0.313725,100,224,224,32.0,0,0,16,16,24,24,16,0,196.0,140,0,0,12,36,0,12,12,4,8,0,12,8,8,0,8,0,0,0,0,0,160,0,160,8,152,0,0,0,Baseline OC0
483,0,,,,12000512,25,0,447.248207877878,75.0,12.0,2.978895338162,6cca99d0f5b0294a,8d15af1f9d36efa1,0,200,0,0.0,,293.762892,0.0,0.0,,,,,,,1.0,0.563319,1.0,1.0,100,248,248,32.0,0,0,16,16,53,53,20,2,258.0,0,0,0,42,0,0,42,10,0,10,0,10,10,10,0,10,0,0,0,0,32,200,0,200,42,158,0,0,0,Baseline OC0
485,0,,,,12000514,25,0,465.600574422977,75.0,21.0,2.54518342547,ebdced32130c285a,8d15af1f9d36efa1,f6d657f56d110135,200,102,51.0,209.019608,226.57837,0.6,1.7,241.084777,1.727778,226.880847,2.77451,1.452297,0.0,0.491921,0.578059,0.261097,0.334118,100,288,288,32.0,0,0,16,16,64,64,14,0,274.0,283,0,0,51,92,0,50,14,7,7,0,14,7,7,3,4,0,0,0,0,37,80,18,98,41,57,0,0,0,Baseline OC0
495,0,,,,12000524,25,0,465.31199444741,325.0,23.0,2.45747551739,6893fcb7f34e18ca,8d15af1f9d36efa1,51c364b3958b2838,200,114,57.0,314.903509,235.704207,0.6,3.0,382.73759,1.421429,379.585086,4.991228,1.460457,0.0,0.296663,0.545455,0.149477,0.159527,100,248,248,32.0,0,0,16,16,45,45,18,2,240.0,569,0,0,28,102,0,28,16,7,9,0,16,9,9,5,4,0,0,0,0,12,80,6,86,16,70,0,0,0,Baseline OC0
496,0,,,,12000525,25,0,484.853560674204,75.0,13.0,2.576984216262,ad423af71d419d03,8d15af1f9d36efa1,9aa9b600c57fb1e9,200,34,17.0,178.029412,307.253428,0.2,0.4,144.724587,1.666667,157.532973,2.176471,1.459459,0.0,0.801075,0.598394,0.574713,0.691667,100,216,216,32.0,0,0,16,16,74,74,18,0,298.0,74,0,0,65,30,0,63,11,2,9,0,11,9,9,2,7,0,0,0,0,54,160,6,166,61,105,0,0,0,Baseline OC0
501,0,,,,13000030,50,0,378.973449543356,75.0,22.0,2.394439531222,3339c635531a8bfc,8d15af1f9d36efa1,9aa61d00c57c7817,200,83,41.5,318.60241,246.089098,1.0,4.3,326.06898,3.234762,381.260314,5.26506,2.171625,0.0,0.539515,0.719101,0.313972,0.390516,200,1120,1120,32.0,0,0,16,16,135,135,10,0,512.0,437,0,0,126,74,0,126,9,4,5,0,9,5,5,5,0,0,0,0,0,117,0,117,117,117,0,0,0,0,Baseline OC0
518,0,,,,13000047,50,0,463.272522844879,75.0,28.0,2.861963248835,f91298cdaa69b793,8d15af1f9d36efa1,463ddd6b8a79e045,200,173,86.5,420.913295,329.921388,0.9,5.7,505.659655,2.74475,536.357638,6.728324,2.485395,0.0,0.221925,0.62406,0.146628,0.079114,200,944,944,32.0,0,0,16,16,43,43,14,0,332.0,1164,0,0,25,156,0,25,18,11,7,0,18,7,7,6,1,0,0,0,0,7,20,7,27,8,19,0,0,0,Baseline OC0
531,0,,,,13000060,50,0,75.045052633543,175.0,36.0,2.753834077953,e4e25cd71935e526,8d15af1f9d36efa1,2ef4e4c0207d7655,200,97,48.5,190.309278,223.801773,0.5,1.5,216.648557,1.28,212.321038,2.948454,1.391608,0.0,0.52649,0.6139,0.411523,0.231183,200,984,984,32.0,0,0,16,16,35,35,16,0,318.0,286,0,0,20,87,0,20,15,7,8,0,15,8,8,3,5,0,0,0,0,5,100,3,103,10,93,0,0,0,Baseline OC0
535,0,,,,13000064,50,0,209.170259532574,75.0,23.0,2.041838776339,afeed29b44176547,8d15af1f9d36efa1,d2a13692944ac451,200,90,45.0,427.7,256.827922,0.7,5.0,588.613694,2.860714,570.797706,7.233333,2.56682,0.0,0.385269,0.671053,0.235018,0.212817,200,1152,1152,32.0,0,0,16,16,80,80,16,0,408.0,651,0,0,71,83,1,70,9,1,8,0,9,8,8,5,3,0,0,0,0,61,60,50,110,64,46,0,0,0,Baseline OC0
540,0,,,,13000069,50,0,216.923183046719,425.0,21.0,2.094529625968,18f5a27146e43192,8d15af1f9d36efa1,b21c42b9f8735144,200,138,69.0,209.007246,225.648625,0.9,3.5,262.935561,2.936508,243.041447,3.376812,2.978541,0.0,0.472851,0.676375,0.3003,0.285276,200,1040,1040,32.0,0,0,16,16,92,92,2,4,418.0,466,0,0,76,124,0,76,14,13,1,0,14,1,1,1,0,0,0,0,0,62,20,42,62,62,0,0,0,0,Baseline OC0
543,0,,,,13000072,50,0,191.864471725961,75.0,27.0,1.532499559398,aa5981bc2ff08b1a,8d15af1f9d36efa1,93da2eeec85d8f6a,200,133,66.5,272.368421,259.888673,0.8,3.1,312.107909,2.68006,339.197692,4.203008,2.785331,0.0,0.404686,0.655172,0.263505,0.209335,200,1008,1008,32.0,0,0,16,16,71,71,6,0,380.0,559,0,0,61,120,0,57,14,11,3,0,14,3,3,2,1,0,0,0,0,47,40,27,67,48,19,0,0,0,Baseline OC0
546,0,,,,13000075,50,0,109.1009131241,175.0,33.0,2.72267130482,6c657fc762b9e4bd,8d15af1f9d36efa1,9aa9a900c57f9bd2,200,73,36.5,123.616438,211.877159,0.4,0.6,110.689999,3.75,110.87798,1.547945,4.176991,0.0,0.735363,0.610895,0.638978,0.420513,200,1144,1144,32.0,0,0,16,16,34,34,14,2,314.0,113,0,0,20,66,0,20,13,6,7,0,13,7,7,1,6,0,0,0,0,7,120,7,127,13,114,0,0,0,Baseline OC0
547,0,,,,13000076,50,0,308.478274692092,425.0,20.0,2.323446633748,7521f7b86eb89d77,8d15af1f9d36efa1,8f3494b87d2a80f4,200,139,69.5,290.611511,249.164103,0.9,3.5,307.609717,2.60873,351.085279,4.561151,2.646688,0.0,0.383268,0.6633,0.239808,0.203518,200,1016,1016,32.0,0,0,16,16,75,75,12,8,394.0,634,0,0,56,125,0,56,15,9,6,0,15,6,6,5,1,0,0,0,0,41,20,41,61,42,19,0,0,0,Baseline OC0
553,0,,,,13000082,50,0,405.674099553085,425.0,30.0,2.204161790884,bc2b9d1d08ada5c8,8d15af1f9d36efa1,2b13d14f841021cc,200,110,55.0,282.809091,255.270597,0.7,2.3,261.558331,3.266667,297.679245,3.745455,3.009709,0.0,0.478481,0.653979,0.326797,0.261649,200,1008,1008,32.0,0,0,16,16,63,63,20,4,378.0,412,0,0,46,98,0,46,15,5,10,0,15,10,10,7,3,0,0,0,0,31,60,30,90,34,56,0,0,0,Baseline OC0
562,0,,,,13000091,50,0,197.879409849852,425.0,24.0,1.827280374812,5882d63eb6ef756a,8d15af1f9d36efa1,3c821e4f8df77aaf,200,81,40.5,221.938272,255.627814,0.5,1.5,223.658185,2.7,242.480293,3.135802,2.69685,0.0,0.604361,0.659864,0.440529,0.380488,200,992,992,32.0,0,0,16,16,71,71,14,4,388.0,254,0,0,55,72,0,55,14,7,7,0,14,7,7,2,5,0,0,0,0,41,100,19,119,46,73,0,0,0,Baseline OC0
572,0,,,,13000101,50,0,411.199709530803,325.0,36.0,2.579460277931,b7af4215b1f58a12,8d15af1f9d36efa1,66b86121d4a1beae,200,86,43.0,288.383721,315.805081,0.5,2.1,348.062699,2.306667,358.772448,4.232558,2.414835,0.0,0.475504,0.622642,0.35461,0.212121,200,928,928,32.0,0,0,16,16,40,40,18,0,330.0,364,0,0,27,78,0,27,13,4,9,0,13,9,9,4,5,0,0,0,0,14,100,14,114,19,95,0,0,0,Baseline OC0
581,0,,,,13000110,50,0,467.321498343305,175.0,46.0,2.016248348045,fcfdbd196db3574c,8d15af1f9d36efa1,74b21c2548ec7d2f,200,188,94.0,269.595745,263.446177,1.0,4.2,316.838812,1.866667,305.316913,4.085106,1.880208,0.0,0.316726,0.640288,0.206612,0.139013,200,984,984,32.0,0,0,16,16,52,52,20,0,356.0,768,0,0,32,168,0,32,20,10,10,0,20,10,10,10,0,0,0,0,0,12,0,12,12,12,0,0,0,0,Baseline OC0
582,0,,,,13000111,50,0,40.174477443109,425.0,32.0,2.512970087281,c3a2b4b31d50cce9,8d15af1f9d36efa1,18d9b7991be9786f,200,53,26.5,185.528302,289.956639,0.3,0.7,185.891008,3.266667,200.385729,2.509434,3.548872,0.0,0.725773,0.637681,0.600601,0.474308,200,1080,1080,32.0,0,0,16,16,52,52,16,0,352.0,133,0,0,40,48,0,40,12,4,8,0,12,8,8,1,7,0,0,0,0,28,140,7,147,35,112,0,0,0,Baseline OC0
585,0,,,,13000114,50,0,198.442379333254,425.0,30.0,1.960348363135,ad34935e2952c5b2,8d15af1f9d36efa1,775282a294dcfb66,200,96,48.0,268.604167,250.733775,0.8,2.7,271.97906,2.991667,300.564053,3.729167,2.321229,0.0,0.545685,0.68254,0.358423,0.356115,200,1104,1104,32.0,0,0,16,16,95,95,8,2,430.0,358,0,0,81,85,0,81,13,9,4,0,13,4,4,2,2,0,0,0,0,68,40,64,104,70,34,0,0,0,Baseline OC0
588,0,,,,13000117,50,0,462.788924733838,75.0,28.0,2.505092660018,a45835d35359439f,8d15af1f9d36efa1,9fea9e0ff161fb21,200,177,88.5,225.310734,210.70757,1.0,3.1,240.26295,2.975,249.361668,3.254237,2.920139,0.0,0.385928,0.644128,0.257732,0.184136,200,1200,1200,32.0,0,0,16,16,57,57,16,0,362.0,576,0,0,40,160,0,40,17,9,8,0,17,8,8,8,0,0,0,0,0,23,0,23,23,23,0,0,0,0,Baseline OC0
590,0,,,,13000119,50,0,346.475097913143,75.0,26.0,2.056250813811,e50281b13283f5aa,8d15af1f9d36efa1,7cef0289d7358778,200,184,92.0,290.608696,253.031681,1.0,4.4,352.190757,3.41627,350.407857,4.532609,2.756595,0.0,0.29798,0.638989,0.193424,0.127615,200,1200,1200,32.0,0,0,16,16,52,52,18,0,354.0,834,0,0,34,166,0,34,18,9,9,0,18,9,9,9,0,0,0,0,0,16,0,16,16,16,0,0,0,0,Baseline OC0
597,0,,,,13000126,50,0,52.15541006788,325.0,31.0,2.728688701368,a94c23a93a5b36c5,8d15af1f9d36efa1,9fb6b4db71c3bf25,200,171,85.5,313.561404,333.395432,1.0,5.2,401.060902,2.370833,399.399091,5.181287,2.306998,0.0,0.290064,0.644128,0.184162,0.127953,200,928,928,32.0,0,0,16,16,63,63,4,0,362.0,886,0,0,46,154,0,46,17,15,2,0,17,2,2,2,0,0,0,0,0,29,0,29,29,29,0,0,0,0,Baseline OC0
600,0,,,,13000129,50,0,15.342041041605,325.0,35.0,2.947998468466,6b149873587358ae,8d15af1f9d36efa1,ae8c06484ea15521,200,113,56.5,173.389381,273.945685,0.6,1.7,202.919351,2.5,192.661992,2.761062,2.294872,0.0,0.517028,0.625468,0.390625,0.246377,200,888,888,32.0,0,0,16,16,46,46,10,0,334.0,312,0,0,31,102,0,31,15,10,5,0,15,5,5,1,4,0,0,0,0,16,80,7,87,20,67,0,0,0,Baseline OC0
626,0,,,,13000155,50,0,12.562436124269,175.0,38.0,2.806557813516,6ee36125ebce1c4f,8d15af1f9d36efa1,e3081417ca64c787,200,175,87.5,283.228571,259.933208,1.0,4.3,342.857075,1.716667,332.652151,4.228571,1.975676,0.0,0.335727,0.651568,0.212766,0.160998,200,912,912,32.0,0,0,16,16,65,65,12,0,374.0,740,0,0,45,155,0,45,20,14,6,0,20,6,6,6,0,0,0,0,0,25,0,25,25,25,0,0,0,0,Baseline OC0
628,0,,,,13000157,50,0,144.793757954052,425.0,21.0,2.980687562981,52f4a699e8ac5990,8d15af1f9d36efa1,593e64318622c5fa,200,176,88.0,334.465909,332.034209,1.0,5.6,421.845005,2.498885,406.145073,5.568182,2.405102,0.0,0.271917,0.646643,0.169492,0.120287,200,1000,1000,32.0,0,0,16,16,60,60,14,0,366.0,980,0,0,42,158,0,42,18,11,7,0,18,7,7,7,0,0,0,0,0,24,0,24,24,24,0,0,0,0,Baseline OC0
650,0,,,,13000179,50,0,141.554702614787,425.0,23.0,2.262852055424,a6a132204c442463,8d15af1f9d36efa1,5b431bb3f2157baa,200,27,13.5,337.259259,322.415141,0.2,0.8,342.524549,3.5,383.414229,4.481481,2.834711,0.0,0.759443,0.656357,0.623053,0.553506,200,1144,1144,32.0,0,0,16,16,64,64,22,0,382.0,121,0,0,53,24,0,53,11,0,11,0,11,11,11,3,8,0,0,0,0,42,160,13,173,50,123,0,0,0,Baseline OC0
651,0,,,,13000180,50,0,331.194665445563,75.0,14.0,2.773809577677,f14a09c5d90ff6ba,8d15af1f9d36efa1,77a8340005e27d39,200,114,57.0,392.657895,252.432243,1.0,4.8,387.623196,2.558009,484.578393,6.263158,2.617647,0.0,0.393888,0.698795,0.218818,0.245243,200,904,904,32.0,0,0,16,16,109,109,14,2,464.0,714,0,0,97,103,0,97,11,4,7,0,11,7,7,7,0,0,0,0,0,86,0,86,86,86,0,0,0,0,Baseline OC0
653,0,,,,13000182,50,0,496.914131419574,425.0,32.0,1.894519168259,9dbfc6a4c62d64be,8d15af1f9d36efa1,1ca01e7fa7de4382,200,139,69.5,253.683453,243.598118,1.0,4.1,326.21251,2.427381,301.432905,3.856115,2.375,0.0,0.436383,0.674797,0.271739,0.255556,200,1032,1032,31.0,0,0,16,15,89,89,6,0,415.0,536,0,0,75,125,0,75,14,11,3,0,14,3,3,3,0,0,0,0,0,61,0,61,61,61,0,0,0,0,Baseline OC0
661,0,,,,13000190,50,0,377.599598983725,75.0,23.0,2.839613048932,f1bfa13d30c7567d,8d15af1f9d36efa1,9a7a0000c5570be5,200,40,20.0,90.775,311.151502,0.2,0.3,69.599424,2.0,71.918054,1.5,2.333333,0.0,0.86014,0.648506,0.769231,0.69697,200,920,920,31.0,0,0,16,15,63,63,12,0,369.0,60,0,0,53,36,0,53,10,4,6,0,10,6,6,0,6,0,0,0,0,43,160,0,160,49,111,0,0,0,Baseline OC0
665,0,,,,13000194,50,0,121.450529488698,175.0,39.0,1.810021882497,af8092d480261a4e,8d15af1f9d36efa1,43cf8640568f45a6,200,190,95.0,318.047368,290.831101,1.0,4.9,398.869495,2.551548,390.630267,4.989474,2.376582,0.0,0.265116,0.630996,0.174216,0.10397,200,1016,1016,32.0,0,0,16,16,50,50,10,0,342.0,948,0,0,30,170,0,30,20,15,5,0,20,5,5,5,0,0,0,0,0,10,0,10,10,10,0,0,0,0,Baseline OC0
674,0,,,,13000203,50,0,277.036988812341,75.0,24.0,2.230067296077,d2218c41b3d5dab3,8d15af1f9d36efa1,eaa5260a68521dc2,200,86,43.0,244.546512,285.178642,0.6,2.1,282.775446,2.814286,285.778167,3.837209,2.533333,0.0,0.589552,0.703264,0.377358,0.423077,200,1096,1096,32.0,0,0,16,16,117,117,8,0,474.0,330,0,0,107,78,0,107,10,6,4,0,10,4,4,2,2,0,0,0,0,97,80,34,114,99,15,0,0,0,Baseline OC0
681,0,,,,13000210,50,0,170.50165156794,175.0,30.0,2.587877624558,58549ad3487af21,8d15af1f9d36efa1,6719fa5dd36fd7b3,200,200,100.0,286.84,278.049057,1.0,4.4,354.802121,3.636905,347.830931,4.4,3.242045,0.0,0.265442,0.6139,0.185185,0.089027,200,1224,1224,32.0,0,0,16,16,41,41,4,2,318.0,880,0,0,20,180,0,20,20,18,2,0,20,2,2,2,0,0,0,0,0,0,0,0,0,0,0,0,0,0,Baseline OC0
687,0,,,,13000216,50,0,82.48285141573,425.0,21.0,2.562595433613,1fd2d2f6eef93faa,8d15af1f9d36efa1,4f252b29694105c4,200,26,13.0,195.884615,316.432008,0.3,0.9,250.534655,4.055556,229.149179,3.0,3.166667,0.0,0.853383,0.69419,0.719424,0.74,200,1024,1024,32.0,0,0,16,16,104,104,14,2,454.0,78,0,0,100,24,0,96,8,1,7,0,8,7,7,1,6,0,0,0,0,92,140,34,174,98,76,0,0,0,Baseline OC0
694,0,,,,13000223,50,0,4.780206105839,425.0,29.0,2.545724267088,a01d280aba940b43,8d15af1f9d36efa1,1a6fd628622d355a,200,124,62.0,354.064516,268.539442,1.0,4.8,378.271604,2.615873,417.773561,5.427419,2.254086,0.0,0.40757,0.698341,0.229095,0.256354,200,1080,1080,31.0,0,0,16,15,110,110,12,8,463.0,673,0,0,91,109,0,91,15,9,6,0,15,6,6,6,0,0,0,0,0,76,0,76,76,76,0,0,0,0,Baseline OC0
702,0,,,,13000231,50,0,448.893940226968,75.0,32.0,1.527773605283,151ea80419e1a518,8d15af1f9d36efa1,6b46c9cd1f3fd8bb,200,125,62.5,232.544,208.333347,1.0,3.7,264.720231,2.724286,253.34464,3.568,2.410314,0.0,0.497748,0.688474,0.309598,0.320122,200,1064,1064,32.0,0,0,16,16,103,103,4,0,442.0,446,0,0,89,111,0,89,14,12,2,0,14,2,2,2,0,0,0,0,0,75,0,75,75,75,0,0,0,0,Baseline OC0
706,0,,,,13000235,50,0,38.226630804242,75.0,23.0,2.829162468881,695864e86f6d3340,8d15af1f9d36efa1,9ae00f00c5add894,200,119,59.5,209.857143,256.469806,0.7,2.1,222.913597,2.511905,235.389057,3.117647,2.447439,0.0,0.482566,0.6337,0.350263,0.235052,200,1152,1152,32.0,0,0,16,16,51,51,12,0,346.0,371,0,0,37,108,0,37,14,8,6,0,14,6,6,3,3,0,0,0,0,23,60,21,81,26,55,0,0,0,Baseline OC0
711,0,,,,13000240,50,0,174.13610313598,325.0,30.0,1.956291192602,85fd29bf30d07048,8d15af1f9d36efa1,2921e5f7d9645a33,200,186,93.0,290.822581,307.520436,1.0,4.8,375.491178,2.76131,365.354483,4.930108,2.514722,0.0,0.265813,0.62406,0.179051,0.098328,200,1080,1080,32.0,0,0,16,16,50,50,0,0,332.0,917,0,0,32,168,0,32,18,18,0,0,18,0,0,0,0,0,0,0,0,14,0,14,14,14,0,0,0,0,Baseline OC0
715,0,,,,13000244,50,0,249.781192468772,325.0,29.0,1.991692647408,36bd6f34f99e6939,8d15af1f9d36efa1,fbb366f43338c95e,200,199,99.5,259.070352,215.793657,1.0,3.9,295.436168,1.922976,302.990126,4.030151,1.991272,0.0,0.287744,0.618321,0.199601,0.102908,200,1096,1096,32.0,0,0,16,16,41,41,10,0,324.0,802,0,0,21,179,0,21,20,15,5,0,20,5,5,5,0,0,0,0,0,1,0,1,1,1,0,0,0,0,Baseline OC0
724,0,,,,13000253,50,0,430.92485664627,175.0,39.0,1.613116814308,c74fbac81eacdb74,8d15af1f9d36efa1,bc8f599a8358bee8,200,160,80.0,350.25,323.258786,0.8,4.5,430.446824,2.415476,449.000094,5.625,2.216667,0.0,0.261084,0.6139,0.181818,0.087221,200,992,992,32.0,0,0,16,16,36,36,14,0,318.0,900,0,0,18,144,0,18,18,11,7,0,18,7,7,5,2,0,0,0,0,0,40,0,40,2,38,0,0,0,Baseline OC0
727,0,,,,13000256,50,0,493.658293857822,175.0,39.0,2.706889217337,58d7bed295e394fa,8d15af1f9d36efa1,8c9ed99862e74761,200,177,88.5,392.768362,293.82941,1.0,6.3,504.137813,2.413214,477.500752,6.259887,2.218412,0.0,0.250845,0.649737,0.152905,0.112179,200,944,944,31.0,0,0,16,15,59,59,22,0,371.0,1108,0,0,41,159,0,41,18,7,11,0,18,11,11,11,0,0,0,0,0,23,0,23,23,23,0,0,0,0,Baseline OC0
737,0,,,,13000266,50,0,482.197044644406,75.0,36.0,2.509345445505,caafa3a50c98d3eb,8d15af1f9d36efa1,e5dc62718ec46d73,200,156,78.0,251.442308,236.64868,0.9,3.2,291.203887,2.385185,277.014901,3.628205,2.383392,0.0,0.397872,0.651568,0.261097,0.200565,200,992,992,32.0,0,0,16,16,58,58,26,0,374.0,566,0,0,41,140,0,41,17,4,13,0,17,13,13,12,1,0,0,0,0,24,20,24,44,25,19,0,0,0,Baseline OC0
739,0,,,,13000268,50,0,140.031841522509,175.0,36.0,2.150157154607,529c9560bf1c727d,8d15af1f9d36efa1,a939fb4f3a89803e,200,76,38.0,220.947368,315.724683,0.4,1.3,243.417354,2.716667,249.055817,3.381579,2.793774,0.0,0.549912,0.610895,0.437637,0.241888,200,984,984,32.0,0,0,16,16,33,33,16,2,314.0,257,0,0,18,68,0,18,14,6,8,0,14,8,8,2,6,0,0,0,0,4,120,4,124,10,114,0,0,0,Baseline OC0
743,0,,,,13000272,50,0,495.826082398442,75.0,34.0,2.480636608457,9c9a0b268dd52076,8d15af1f9d36efa1,29a056b0c3573371,200,108,54.0,231.972222,206.926919,0.9,2.5,228.388776,2.574074,235.360212,2.944444,2.581761,0.0,0.594904,0.70015,0.3861,0.425993,200,1016,1016,31.0,0,0,16,15,113,113,10,12,467.0,318,0,0,93,95,0,93,14,9,5,0,14,5,5,4,1,0,0,0,0,79,20,72,92,80,12,0,0,0,Baseline OC0
752,0,,,,13000281,50,0,202.157340024732,175.0,33.0,1.571939309559,fc5e618534363235,8d15af1f9d36efa1,412306a78dd76477,200,200,100.0,269.815,215.623336,1.0,4.5,332.950254,2.576667,341.55162,4.565,2.479737,0.0,0.254694,0.609375,0.179695,0.080564,200,1056,1056,32.0,0,0,16,16,40,40,0,0,312.0,913,0,0,20,180,0,20,20,20,0,0,20,0,0,0,0,0,0,0,0,0,0,0,0,0,0,0,0,0,Baseline OC0
761,0,,,,13000290,50,0,345.044762625104,425.0,22.0,2.850583443024,c1ae2d2cbb10d8c0,8d15af1f9d36efa1,a09ea18f87707c1f,200,141,70.5,267.787234,259.618409,1.0,4.2,318.357409,2.453333,316.721055,4.304965,2.327842,0.0,0.406647,0.675325,0.247831,0.232617,200,920,920,32.0,0,0,16,16,87,87,10,0,416.0,607,0,0,73,127,0,73,14,9,5,0,14,5,5,5,0,0,0,0,0,59,0,59,59,59,0,0,0,0,Baseline OC0
774,0,,,,13000303,50,0,47.615053794253,325.0,32.0,2.90063796199,ecdf8109d702d31c,8d15af1f9d36efa1,b5a93b98d0533142,200,106,53.0,299.273585,309.33436,0.6,2.8,342.225875,2.56746,349.446218,4.632075,2.439919,0.0,0.424385,0.644128,0.289436,0.20934,200,880,880,32.0,0,0,16,16,58,58,14,2,362.0,491,0,0,41,94,0,41,16,9,7,0,16,7,7,3,4,0,0,0,0,25,80,14,94,29,65,0,0,0,Baseline OC0
792,0,,,,13000321,50,0,259.827992123118,75.0,24.0,1.901867158933,cca2b0caab5e2faf,8d15af1f9d36efa1,f779303b5a857b45,200,131,65.5,314.320611,303.680818,1.0,5.1,394.984169,2.924762,407.2272,5.396947,2.74116,0.0,0.372114,0.676898,0.220507,0.210056,200,1096,1096,31.0,0,0,16,15,93,93,2,0,419.0,707,0,0,81,119,0,81,12,11,1,0,12,1,1,1,0,0,0,0,0,69,0,69,69,69,0,0,0,0,Baseline OC0
796,0,,,,13000325,50,0,435.296865651524,325.0,41.0,2.383895803498,c4544a89cadd500e,8d15af1f9d36efa1,f24a8a4ff4e53e96,200,91,45.5,197.483516,257.543543,0.5,1.4,231.999001,3.1,225.427059,2.78022,3.13834,0.0,0.56,0.616858,0.441501,0.262391,200,1176,1176,32.0,0,0,16,16,39,39,12,0,322.0,253,0,0,25,82,0,25,14,8,6,0,14,6,6,1,5,0,0,0,0,11,100,9,109,16,93,0,0,0,Baseline OC0
797,0,,,,13000326,50,0,8.628743575367,425.0,34.0,1.697820990784,28f370af649f7273,8d15af1f9d36efa1,3e70c655047ce2ba,200,86,43.0,306.953488,240.648349,1.0,4.4,336.09178,2.183333,324.715725,4.186047,2.511111,0.0,0.590909,0.722222,0.357143,0.444444,200,912,912,32.0,0,0,16,16,138,138,12,0,520.0,360,0,0,126,74,0,126,12,6,6,0,12,6,6,6,0,0,0,0,0,114,0,114,114,114,0,0,0,0,Baseline OC0
799,0,,,,13000328,50,0,184.162103975175,425.0,21.0,2.341648947481,98c3486076104979,8d15af1f9d36efa1,629d5ea91b5fc95a,200,125,62.5,177.072,276.012502,0.8,3.0,284.487649,2.3625,198.84582,2.56,2.609375,0.0,0.538905,0.651568,0.384615,0.307359,200,968,968,32.0,0,0,16,16,66,66,10,2,374.0,320,0,0,50,112,0,50,15,10,5,0,15,5,5,3,2,0,0,0,0,35,40,35,75,37,38,0,0,0,Baseline OC0
802,0,,,,13000331,50,0,73.525619785807,75.0,32.0,2.055791984466,772495033e50805f,8d15af1f9d36efa1,f7e0106d4b293bb2,200,146,73.0,221.410959,245.253807,1.0,4.1,309.025351,3.021667,252.54483,3.376712,2.855984,0.0,0.45283,0.671053,0.2886,0.263079,200,992,992,32.0,0,0,16,16,85,85,6,2,408.0,493,0,0,69,131,0,69,15,12,3,0,15,3,3,3,0,0,0,0,0,54,0,54,54,54,0,0,0,0,Baseline OC0
804,0,,,,13000333,50,0,218.931220816226,325.0,31.0,1.643022129956,56da2193c5cea941,8d15af1f9d36efa1,9b08b900c5d04b86,200,146,73.0,292.705479,284.184025,0.8,4.2,403.09415,2.776637,364.34587,5.034247,2.533333,0.0,0.309211,0.621928,0.213904,0.117647,200,1032,1032,31.0,0,0,16,15,46,46,6,0,329.0,735,0,0,30,132,0,30,16,13,3,0,16,3,3,1,2,0,0,0,0,14,40,14,54,16,38,0,0,0,Baseline OC0
816,0,,,,13000345,50,0,407.860285746872,75.0,39.0,2.22815466067,609e40bf1154cd4c,8d15af1f9d36efa1,d304f67c15fb8506,200,157,78.5,237.063694,252.859371,1.0,4.0,304.097317,2.870833,259.774739,3.503185,2.725455,0.0,0.417373,0.6633,0.266667,0.227528,200,1136,1136,32.0,0,0,16,16,76,76,10,2,394.0,550,0,0,59,141,0,59,16,11,5,0,16,5,5,5,0,0,0,0,0,43,0,43,43,43,0,0,0,0,Baseline OC0
817,0,,,,13000346,50,0,261.15093535298,325.0,23.0,2.010806623789,b9bb6b378ea9bfca,8d15af1f9d36efa1,56a0604f9ccc0d39,200,118,59.0,187.847458,245.737422,0.7,2.2,226.680209,3.333333,221.810152,3.228814,2.501312,0.0,0.470097,0.628253,0.344234,0.217659,200,1120,1120,32.0,0,0,16,16,50,50,6,0,338.0,381,0,0,36,107,0,36,14,11,3,0,14,3,3,0,3,0,0,0,0,22,60,22,82,25,57,0,0,0,Baseline OC0
822,0,,,,13000351,50,0,404.67063741406,425.0,36.0,2.081348818038,722afa9b0f59e35b,8d15af1f9d36efa1,9c52b18b4755035c,200,57,28.5,164.035088,237.253839,0.4,0.7,137.692248,4.0625,157.227739,2.052632,3.649573,0.0,0.759754,0.649123,0.630915,0.541176,200,1160,1160,32.0,0,0,16,16,61,61,16,0,370.0,117,0,0,49,51,0,49,12,4,8,0,12,8,8,2,6,0,0,0,0,37,120,23,143,43,100,0,0,0,Baseline OC0
823,0,,,,13000352,50,0,89.93165575652,75.0,35.0,2.098000125197,2114ccba2bd145ea,8d15af1f9d36efa1,86e48eeddd15b335,200,124,62.0,270.08871,252.091918,0.9,3.5,297.807092,2.457407,306.534562,4.16129,2.036822,0.0,0.460251,0.6875,0.27933,0.287293,200,992,992,32.0,0,0,16,16,98,98,12,12,440.0,516,0,0,78,111,0,78,14,8,6,0,14,6,6,5,1,0,0,0,0,64,20,56,76,65,11,0,0,0,Baseline OC0
824,0,,,,13000353,50,0,441.620054751874,425.0,23.0,2.69256514912,2e3eb347355f0c4f,8d15af1f9d36efa1,cc8aa7485cd29418,200,114,57.0,217.535088,236.075982,0.6,2.0,272.898972,3.111111,258.33625,3.245614,3.502703,0.0,0.498645,0.647887,0.350877,0.268775,200,1096,1096,32.0,0,0,16,16,65,65,6,0,368.0,370,0,0,50,102,0,50,15,12,3,0,15,3,3,0,3,0,0,0,0,35,80,6,86,38,48,0,0,0,Baseline OC0
838,0,,,,13000367,50,0,365.709770826089,425.0,21.0,2.926231514753,7c8cf763f450ba11,8d15af1f9d36efa1,9a732600c5512dc9,200,169,84.5,381.952663,229.245191,1.0,5.2,421.059205,2.347698,469.135637,5.846154,2.32996,0.0,0.280932,0.658703,0.16835,0.134851,200,1128,1128,32.0,0,0,16,16,66,66,22,2,386.0,988,0,0,48,152,0,48,17,6,11,0,17,11,11,11,0,0,0,0,0,31,0,31,31,31,0,0,0,0,Baseline OC0
848,0,,,,13000377,50,0,478.14364387175,425.0,30.0,2.492516966935,5467d73fab8b4ab8,8d15af1f9d36efa1,67af954fa662a8d0,200,132,66.0,319.045455,284.921562,0.9,4.5,386.345169,2.667857,374.478725,4.863636,2.428349,0.0,0.398313,0.68,0.23753,0.232057,200,1056,1056,31.0,0,0,16,15,86,86,22,4,425.0,642,0,0,70,119,0,70,14,3,11,0,14,11,11,10,1,0,0,0,0,56,20,48,68,57,11,0,0,0,Baseline OC0
851,0,,,,13000380,50,0,39.880626261839,175.0,38.0,2.186060946705,f2a9a5e6c8ceea32,8d15af1f9d36efa1,440447e5c4da980e,200,119,59.5,298.403361,264.758774,0.7,4.0,430.500584,2.24881,379.732962,5.168067,2.193496,0.0,0.374364,0.647887,0.245399,0.181092,200,864,864,32.0,0,0,16,16,64,64,8,0,368.0,615,0,0,49,107,0,49,15,11,4,0,15,4,4,1,3,0,0,0,0,34,60,21,81,37,44,0,0,0,Baseline OC0
859,0,,,,13000388,50,0,130.097983476789,75.0,27.0,1.92339147223,7e3ee5e21b744cc8,8d15af1f9d36efa1,b5c8b66857e804de,200,169,84.5,297.213018,272.022331,1.0,5.3,390.983626,1.969008,364.245602,4.970414,2.069048,0.0,0.313725,0.657534,0.192308,0.153226,200,984,984,32.0,0,0,16,16,67,67,18,0,384.0,840,0,0,49,151,0,49,18,9,9,0,18,9,9,9,0,0,0,0,0,31,0,31,31,31,0,0,0,0,Baseline OC0
880,0,,,,13000409,50,0,11.470554098372,175.0,46.0,1.58896812145,ba38e90209afdc5a,8d15af1f9d36efa1,b291eece4da2b701,200,167,83.5,232.113772,225.633192,1.0,3.2,262.229519,3.113333,249.011196,3.185629,2.74812,0.0,0.434043,0.671053,0.273224,0.248588,200,1088,1088,32.0,0,0,16,16,84,84,8,22,408.0,532,0,0,53,147,0,53,20,16,4,0,20,4,4,4,0,0,0,0,0,33,0,33,33,33,0,0,0,0,Baseline OC0
895,0,,,,13000424,50,0,446.994573992953,325.0,37.0,2.586817796734,393e06a6324ca0e1,8d15af1f9d36efa1,b41255342e095979,200,167,83.5,236.952096,204.139755,1.0,3.6,283.346098,2.256667,281.0213,3.640719,2.205592,0.0,0.37577,0.646643,0.247525,0.180593,200,1064,1064,32.0,0,0,16,16,65,65,4,0,366.0,608,0,0,49,151,0,49,16,14,2,0,16,2,2,2,0,0,0,0,0,33,0,33,33,33,0,0,0,0,Baseline OC0
898,0,,,,13000427,50,0,62.250881085292,175.0,40.0,2.849990076488,2db15f4b6620db6f,8d15af1f9d36efa1,26ce37b982b1d4a0,200,140,70.0,184.364286,243.215834,0.7,2.0,214.322927,4.285714,207.239367,2.857143,3.5,0.0,0.438202,0.609375,0.333333,0.166667,200,1376,1376,32.0,0,0,16,16,34,34,12,0,312.0,400,0,0,17,126,0,17,17,11,6,0,17,6,6,3,3,0,0,0,0,0,60,0,60,3,57,0,0,0,Baseline OC0
920,0,,,,13000449,50,0,398.901438164591,75.0,29.0,2.87344736209,29f499de2435605d,8d15af1f9d36efa1,4050ea50211bbbe3,200,156,78.0,241.224359,252.327913,0.9,3.5,281.1542,2.565079,277.21358,4.025641,2.471338,0.0,0.377602,0.655766,0.241546,0.192802,200,1032,1032,31.0,0,0,16,15,72,72,6,0,381.0,628,0,0,55,140,0,55,17,14,3,0,17,3,3,2,1,0,0,0,0,38,20,24,44,39,5,0,0,0,Baseline OC0
921,0,,,,13000450,50,0,64.843842996817,75.0,31.0,2.706626207271,43623800f31bc013,8d15af1f9d36efa1,ddb42a4f58677601,200,193,96.5,201.150259,184.623912,1.0,2.8,206.915681,2.77,215.219509,2.823834,2.638532,0.0,0.382786,0.628253,0.268456,0.162826,200,1088,1088,32.0,0,0,16,16,45,45,16,0,338.0,545,0,0,26,174,0,26,19,11,8,0,19,8,8,8,0,0,0,0,0,7,0,7,7,7,0,0,0,0,Baseline OC0
924,0,,,,13000453,50,0,444.756649047536,325.0,39.0,2.693920762993,c9735ffead12c1fe,8d15af1f9d36efa1,78e73d4fb01b59e4,200,176,88.0,287.284091,258.739375,0.9,3.8,327.525623,2.394268,335.830748,4.380682,2.159533,0.0,0.302262,0.625468,0.205973,0.116838,200,920,920,32.0,0,0,16,16,43,43,16,2,334.0,771,0,0,23,158,0,23,19,11,8,0,19,8,8,7,1,0,0,0,0,4,20,4,24,5,19,0,0,0,Baseline OC0
934,0,,,,13000463,50,0,429.780724615318,425.0,33.0,2.299005755967,caa1dc80a5d28db3,8d15af1f9d36efa1,6f2883cd12239d6e,200,129,64.5,379.015504,259.5165,1.0,5.8,423.157938,2.311071,431.767488,5.860465,2.473545,0.0,0.3952,0.711816,0.209205,0.257367,200,992,992,32.0,0,0,16,16,122,122,18,38,494.0,756,0,0,87,113,0,87,16,7,9,0,16,9,9,9,0,0,0,0,0,71,0,71,71,71,0,0,0,0,Baseline OC0
950,0,,,,13000479,50,0,329.265381341967,75.0,32.0,1.998623497708,c8d1d03997386ecd,8d15af1f9d36efa1,877c70719f4b1c51,200,165,82.5,274.484848,287.002495,1.0,4.5,349.039901,2.731667,333.97932,4.515152,2.487248,0.0,0.334227,0.651568,0.21164,0.16009,200,1056,1056,32.0,0,0,16,16,66,66,10,2,374.0,745,0,0,50,150,0,50,15,10,5,0,15,5,5,5,0,0,0,0,0,35,0,35,35,35,0,0,0,0,Baseline OC0
952,0,,,,13000481,50,0,420.517877748046,325.0,37.0,2.538818855687,b6bb9a08d7b4953f,8d15af1f9d36efa1,7baa2ba01fcdf47e,200,188,94.0,264.787234,230.17753,1.0,4.2,319.581096,2.7,331.300007,4.388298,2.45697,0.0,0.289406,0.626866,0.195122,0.111948,200,1024,1024,32.0,0,0,16,16,50,50,4,0,336.0,825,0,0,31,169,0,31,19,17,2,0,19,2,2,2,0,0,0,0,0,12,0,12,12,12,0,0,0,0,Baseline OC0
954,0,,,,13000483,50,0,441.258997966908,175.0,41.0,2.086736559497,c4a8249f8220e903,8d15af1f9d36efa1,9b383a4fc3733174,200,160,80.0,227.35625,218.353858,0.8,2.9,302.716711,2.8125,264.740173,3.625,2.275862,0.0,0.352679,0.612403,0.25641,0.126506,200,1128,1128,32.0,0,0,16,16,38,38,8,0,316.0,580,0,0,20,144,0,20,18,14,4,0,18,4,4,2,2,0,0,0,0,2,40,0,40,4,36,0,0,0,Baseline OC0
955,0,,,,13000484,50,0,104.527539601885,325.0,39.0,2.124299816106,88aafab8b41043ab,8d15af1f9d36efa1,5c7d0f94419d6dda,200,180,90.0,284.072222,272.524724,0.9,3.7,335.240391,2.634524,338.20696,4.222222,2.763158,0.0,0.300184,0.619772,0.208333,0.11007,200,1000,1000,32.0,0,0,16,16,40,40,14,4,326.0,760,0,0,19,162,0,19,19,12,7,0,19,7,7,6,1,0,0,0,0,0,20,0,20,1,19,0,0,0,Baseline OC0
959,0,,,,13000488,50,0,291.049857601126,425.0,20.0,1.944836903301,4d0a3842eee26468,8d15af1f9d36efa1,f854b831e01278aa,200,136,68.0,283.007353,278.285453,0.8,3.6,356.879404,2.918403,334.73768,4.257353,2.419689,0.0,0.383387,0.642857,0.256739,0.181047,200,1064,1064,32.0,0,0,16,16,56,56,16,0,360.0,579,0,0,40,122,0,40,16,8,8,0,16,8,8,6,2,0,0,0,0,24,40,24,64,26,38,0,0,0,Baseline OC0
962,0,,,,13000491,50,0,311.100300353791,325.0,27.0,1.992962869594,68b3d38fd4fb9c0c,8d15af1f9d36efa1,73a46d3b771ade98,200,113,56.5,224.469027,276.938664,0.6,2.2,285.367534,1.833333,256.486148,3.336283,1.94695,0.0,0.457554,0.6139,0.34662,0.185745,200,856,856,32.0,0,0,16,16,38,38,10,2,318.0,377,0,0,22,102,0,22,15,10,5,0,15,5,5,1,4,0,0,0,0,7,80,7,87,11,76,0,0,0,Baseline OC0
964,0,,,,13000493,50,0,53.275084854834,425.0,25.0,2.729070355932,dbd4be931701cb1e,8d15af1f9d36efa1,93de2ad0b2b8e3ed,200,146,73.0,236.260274,259.336996,0.8,2.8,261.422092,2.107143,274.775739,3.719178,2.101289,0.0,0.382253,0.626866,0.269179,0.160742,200,912,912,32.0,0,0,16,16,46,46,12,0,336.0,543,0,0,30,132,0,30,16,10,6,0,16,6,6,4,2,0,0,0,0,14,40,14,54,16,38,0,0,0,Baseline OC0
967,0,,,,13000496,50,0,380.63747716925,425.0,23.0,2.976272301916,fbb45fea3aae6e65,8d15af1f9d36efa1,86180f9d673b2bfa,200,139,69.5,301.194245,288.717472,1.0,4.9,367.654877,2.542143,347.087165,4.741007,2.593323,0.0,0.392627,0.680511,0.232829,0.227433,200,968,968,32.0,0,0,16,16,91,91,12,4,426.0,659,0,0,75,125,0,75,14,8,6,0,14,6,6,6,0,0,0,0,0,61,0,61,61,61,0,0,0,0,Baseline OC0
974,0,,,,13000503,50,0,440.000508902128,75.0,30.0,2.884875847282,426b288a8a1c121f,8d15af1f9d36efa1,e393b91d317cf48b,200,73,36.5,236.794521,307.697659,0.5,2.0,300.170062,1.933333,297.116975,4.082192,2.0,0.0,0.555224,0.65035,0.401606,0.319635,200,928,928,32.0,0,0,16,16,64,64,12,0,372.0,298,0,0,52,66,0,52,12,6,6,0,12,6,6,1,5,0,0,0,0,40,100,27,127,45,82,0,0,0,Baseline OC0
975,0,,,,13000504,50,0,246.722896206204,175.0,35.0,1.525649567834,7d2e4daa0fa860bf,8d15af1f9d36efa1,a1a33ed73b9d2d6b,200,170,85.0,244.217647,271.995867,0.9,3.8,324.478492,3.043519,291.480936,4.0,2.852941,0.0,0.325397,0.621212,0.227273,0.123711,200,1088,1088,32.0,0,0,16,16,46,46,4,0,328.0,680,0,0,28,153,0,28,18,16,2,0,18,2,2,1,1,0,0,0,0,10,20,10,30,11,19,0,0,0,Baseline OC0
979,0,,,,13000508,50,0,42.519461261757,75.0,30.0,2.794280755913,b540d66638ffc240,8d15af1f9d36efa1,3f42d80ab8af7f50,200,88,44.0,165.045455,260.372771,0.5,1.1,155.808145,2.466667,150.094953,2.136364,2.207447,0.0,0.661871,0.647887,0.515464,0.419753,200,840,840,32.0,0,0,16,16,61,61,14,0,368.0,188,0,0,46,78,0,46,15,8,7,0,15,7,7,2,5,0,0,0,0,31,100,12,112,36,76,0,0,0,Baseline OC0
997,0,,,,13000526,50,0,126.634446483782,75.0,33.0,2.11900053869,8498edb629d724f8,8d15af1f9d36efa1,bbc17a5f176ef527,200,126,63.0,183.722222,181.026206,0.7,1.7,198.359217,3.15,210.737058,2.587302,3.288344,0.0,0.521994,0.640288,0.380228,0.275556,200,1184,1184,32.0,0,0,16,16,58,58,8,0,356.0,326,0,0,44,114,0,44,15,11,4,0,15,4,4,1,3,0,0,0,0,29,60,14,74,32,42,0,0,0,Baseline OC0
1009,0,,,,14000038,75,0,337.122741841739,325.0,47.0,2.531075542356,1b8f3613ce5cc5f5,8d15af1f9d36efa1,9a7a3500c55765f4,200,200,100.0,234.265,238.704236,1.0,3.5,281.030315,3.74,279.585822,3.5,3.268571,0.0,0.371634,0.674267,0.3,0.104859,300,2192,2192,32.0,0,0,16,16,40,40,2,0,414.0,700,0,0,20,180,0,20,20,19,1,0,20,1,1,1,0,0,0,0,0,0,0,0,0,0,0,0,0,0,Baseline OC0
1014,0,,,,14000043,75,0,326.96603144346,75.0,43.0,1.56541880582,2b98b076d2300ba5,8d15af1f9d36efa1,e19d1f0228933a4c,200,125,62.5,228.472,194.267398,1.0,2.9,231.608436,3.448333,257.165504,3.4,3.927059,0.0,0.562307,0.731903,0.413793,0.334898,300,2432,2432,32.0,0,0,16,16,106,106,2,10,546.0,425,0,0,88,112,0,88,13,12,1,0,13,1,1,1,0,0,0,0,0,75,0,75,75,75,0,0,0,0,Baseline OC0
1022,0,,,,14000051,75,0,497.510506564721,325.0,58.0,2.942909921558,4a2da881a2fc7705,8d15af1f9d36efa1,5639fb064e9a043,200,178,89.0,310.623596,303.016539,1.0,4.9,389.137698,3.309048,382.659204,4.882022,3.337169,0.0,0.346125,0.69697,0.25663,0.128385,300,2352,2352,32.0,0,0,16,16,61,61,6,2,460.0,869,0,0,41,159,0,41,19,16,3,0,19,3,3,3,0,0,0,0,0,22,0,22,22,22,0,0,0,0,Baseline OC0
1028,0,,,,14000057,75,0,270.633827136075,325.0,28.0,1.850849972427,3acb4ebedb1becc3,8d15af1f9d36efa1,e570858b2ac5a79f,200,193,96.5,268.88601,271.87874,1.0,4.4,345.254612,4.115476,330.136066,4.430052,3.955556,0.0,0.33463,0.68254,0.25974,0.102833,300,2592,2592,32.0,0,0,16,16,47,47,4,0,430.0,855,0,0,27,173,0,27,20,18,2,0,20,2,2,2,0,0,0,0,0,7,0,7,7,7,0,0,0,0,Baseline OC0
1029,0,,,,14000058,75,0,59.85467848085,325.0,60.0,1.517720935421,16b8bf50076f3712,8d15af1f9d36efa1,9b388a00c5f91f6b,200,192,96.0,230.833333,232.341712,1.0,3.7,272.812444,3.768095,270.602718,3.713542,3.366059,0.0,0.381613,0.6875,0.29615,0.131547,300,2376,2376,32.0,0,0,16,16,48,48,12,0,440.0,713,0,0,28,172,0,28,20,14,6,0,20,6,6,6,0,0,0,0,0,8,0,8,8,8,0,0,0,0,Baseline OC0
1037,0,,,,14000066,75,0,437.727651851801,325.0,51.0,2.958899664548,c3a04c72d2723c41,8d15af1f9d36efa1,c342a5addaacdff8,200,191,95.5,245.026178,243.007145,1.0,3.8,293.365246,3.731667,292.767349,3.900524,3.818792,0.0,0.363792,0.680511,0.287081,0.112038,300,2192,2192,32.0,0,0,16,16,47,47,0,0,426.0,745,0,0,28,172,0,28,19,19,0,0,19,0,0,0,0,0,0,0,0,9,0,9,9,9,0,0,0,0,Baseline OC0
1043,0,,,,14000072,75,0,438.018211609698,75.0,44.0,1.579793944424,4ad889e77938267f,8d15af1f9d36efa1,be6591782f2bd365,200,103,51.5,419.320388,287.547401,1.0,5.6,446.830873,3.623611,530.304709,6.980583,2.766342,0.0,0.448196,0.744898,0.294406,0.259526,300,2432,2432,32.0,0,0,16,16,119,119,14,0,584.0,719,0,0,108,92,0,108,11,4,7,0,11,7,7,7,0,0,0,0,0,97,0,97,97,97,0,0,0,0,Baseline OC0
1045,0,,,,14000074,75,0,454.225014409477,75.0,39.0,2.435146658465,df2b8a79f3b5e71a,8d15af1f9d36efa1,b0f9c95060ef44ce,200,119,59.5,297.831933,275.595546,1.0,4.1,340.289551,3.83,347.11959,4.235294,3.30754,0.0,0.523629,0.734748,0.373134,0.305785,300,2256,2256,32.0,0,0,16,16,107,107,8,0,554.0,504,0,0,94,106,0,94,13,9,4,0,13,4,4,4,0,0,0,0,0,81,0,81,81,81,0,0,0,0,Baseline OC0
1047,0,,,,14000076,75,0,177.398358798342,325.0,40.0,2.622102915258,1a10e6cc395eb574,8d15af1f9d36efa1,9aed7f00c5b92140,200,177,88.5,190.610169,188.088899,1.0,2.8,210.219828,3.64119,215.12379,2.898305,3.438596,0.0,0.466181,0.691358,0.369004,0.18442,300,2112,2112,32.0,0,0,16,16,57,57,2,0,448.0,513,0,0,40,160,0,40,17,16,1,0,17,1,1,1,0,0,0,0,0,23,0,23,23,23,0,0,0,0,Baseline OC0
1053,0,,,,14000082,75,0,173.460755659726,425.0,30.0,2.541177938626,3da85b5094a97d1b,8d15af1f9d36efa1,92c5aa40eb7e6aae,200,118,59.0,260.152542,278.220197,1.0,4.1,329.421166,3.898333,296.302441,3.932203,3.215517,0.0,0.543307,0.734043,0.39267,0.321637,300,2536,2536,32.0,0,0,16,16,106,106,8,0,552.0,464,0,0,94,106,0,94,12,8,4,0,12,4,4,4,0,0,0,0,0,82,0,82,82,82,0,0,0,0,Baseline OC0
1067,0,,,,14000096,75,0,454.898620183118,75.0,40.0,2.804760333925,a2760bd3e534739b,8d15af1f9d36efa1,443347aa433fb088,200,162,81.0,319.938272,314.379069,1.0,4.5,365.301286,4.26881,378.196208,4.759259,3.811933,0.0,0.38858,0.710145,0.280112,0.170075,300,2728,2728,32.0,0,0,16,16,70,70,18,0,490.0,771,0,0,54,146,0,54,16,7,9,0,16,9,9,9,0,0,0,0,0,38,0,38,38,38,0,0,0,0,Baseline OC0
1069,0,,,,14000098,75,0,428.939681423297,425.0,42.0,2.687686151603,129bc9b434997516,8d15af1f9d36efa1,fd697d86fe67c8d3,200,133,66.5,396.300752,377.20506,1.0,5.9,455.927061,3.126786,486.677566,6.488722,2.848204,0.0,0.388377,0.73262,0.257954,0.200185,300,2192,2192,32.0,0,0,16,16,95,95,26,0,548.0,863,0,0,81,119,0,81,14,1,13,0,14,13,13,13,0,0,0,0,0,67,0,67,67,67,0,0,0,0,Baseline OC0
1076,0,,,,14000105,75,0,480.859899347049,175.0,63.0,2.945705759488,35cb7594dd1457cd,8d15af1f9d36efa1,86436a51958c0618,200,188,94.0,227.803191,230.644739,1.0,3.4,263.792859,3.911667,262.463108,3.452128,4.130971,0.0,0.40404,0.6875,0.316122,0.142668,300,2720,2720,32.0,0,0,16,16,52,52,4,0,440.0,649,0,0,32,168,0,32,20,18,2,0,20,2,2,2,0,0,0,0,0,12,0,12,12,12,0,0,0,0,Baseline OC0
1086,0,,,,14000115,75,0,327.905209133425,425.0,37.0,1.843445319007,90cff143a8f858a4,8d15af1f9d36efa1,bc34172ab3c8281d,200,159,79.5,229.333333,239.050083,1.0,3.5,269.210166,4.091429,272.457469,3.572327,3.589789,0.0,0.463138,0.710145,0.345622,0.217631,300,2280,2280,32.0,0,0,16,16,73,73,12,0,490.0,568,0,0,57,143,0,57,16,10,6,0,16,6,6,6,0,0,0,0,0,41,0,41,41,41,0,0,0,0,Baseline OC0
1088,0,,,,14000117,75,0,374.637247873053,175.0,49.0,2.435346140648,3719fea5dffcb039,8d15af1f9d36efa1,82ae0137b6f598dd,200,194,97.0,264.670103,280.633849,1.0,4.1,327.823539,3.980476,324.919586,4.072165,3.834177,0.0,0.349259,0.679487,0.275229,0.104308,300,2336,2336,32.0,0,0,16,16,46,46,0,0,424.0,790,0,0,26,174,0,26,20,20,0,0,20,0,0,0,0,0,0,0,0,6,0,6,6,6,0,0,0,0,Baseline OC0
1093,0,,,,14000122,75,0,461.245089710417,425.0,48.0,2.344303986654,1b6e0e91c79e46b4,8d15af1f9d36efa1,a3f1693637889788,200,138,69.0,280.369565,261.183681,1.0,4.4,335.076579,3.340238,328.398134,4.202899,2.97931,0.0,0.471767,0.721448,0.340909,0.24282,300,2240,2240,32.0,0,0,16,16,89,89,8,2,518.0,580,0,0,75,125,0,75,13,9,4,0,13,4,4,4,0,0,0,0,0,62,0,62,62,62,0,0,0,0,Baseline OC0
1104,0,,,,14000133,75,0,63.902539699683,425.0,40.0,2.524192401057,cd320212cc2cdb98,8d15af1f9d36efa1,fe59d9366be26b79,200,180,90.0,273.366667,243.826707,1.0,3.4,275.890239,4.508095,304.440274,3.705556,4.26087,0.0,0.412852,0.701046,0.310238,0.171429,300,2544,2544,31.0,0,0,16,15,56,56,26,0,469.0,667,0,0,38,162,0,38,18,5,13,0,18,13,13,13,0,0,0,0,0,20,0,20,20,20,0,0,0,0,Baseline OC0
1118,0,,,,14000147,75,0,322.661919484822,175.0,57.0,1.82892482169,909d7aa5c5fac44b,8d15af1f9d36efa1,1b7c37bd786fcd98,200,197,98.5,259.177665,268.434065,1.0,4.1,322.520762,3.743333,325.289098,4.203046,3.335749,0.0,0.336538,0.677419,0.265957,0.09607,300,2264,2264,32.0,0,0,16,16,43,43,2,0,420.0,828,0,0,23,177,0,23,20,19,1,0,20,1,1,1,0,0,0,0,0,3,0,3,3,3,0,0,0,0,Baseline OC0
1124,0,,,,14000153,75,0,45.914544095864,75.0,42.0,1.989426852965,2ebfd5fdda8671d8,8d15af1f9d36efa1,d607fa03a7808d47,200,160,80.0,177.44375,186.924379,1.0,2.7,202.224729,4.205,188.833769,2.75,3.818182,0.0,0.522777,0.706745,0.405405,0.254237,300,2512,2512,32.0,0,0,16,16,72,72,6,0,482.0,440,0,0,56,144,0,56,16,13,3,0,16,3,3,3,0,0,0,0,0,40,0,40,40,40,0,0,0,0,Baseline OC0
1136,0,,,,14000165,75,0,147.924674676262,75.0,44.0,1.835019654028,69b9acfca852260f,8d15af1f9d36efa1,6418df7d2d440151,200,149,74.5,312.0,257.382345,1.0,4.5,350.979021,3.614762,386.599447,5.080537,3.323646,0.0,0.397772,0.714286,0.283822,0.181622,300,2256,2256,32.0,0,0,16,16,79,79,10,0,500.0,757,0,0,65,135,0,65,14,9,5,0,14,5,5,5,0,0,0,0,0,51,0,51,51,51,0,0,0,0,Baseline OC0
1138,0,,,,14000167,75,0,379.418168516047,425.0,46.0,1.616415923259,4bc19f4db5a5f232,8d15af1f9d36efa1,4d76e82140fb1a76,200,142,71.0,281.943662,283.167456,1.0,4.3,340.352569,3.035833,330.890942,4.21831,3.148581,0.0,0.464701,0.722222,0.333704,0.238882,300,2048,2048,32.0,0,0,16,16,88,88,12,0,520.0,599,0,0,73,127,0,73,15,9,6,0,15,6,6,6,0,0,0,0,0,58,0,58,58,58,0,0,0,0,Baseline OC0
1147,0,,,,14000176,75,0,356.161335974224,175.0,43.0,2.626080562097,15cb13ab1c29974f,8d15af1f9d36efa1,237b8b87959b83cb,200,199,99.5,283.819095,240.265843,1.0,4.4,339.451254,3.693333,344.207947,4.41206,3.542141,0.0,0.324615,0.678457,0.254669,0.092975,300,2376,2376,32.0,0,0,16,16,42,42,6,2,422.0,878,0,0,21,179,0,21,20,17,3,0,20,3,3,3,0,0,0,0,0,1,0,1,1,1,0,0,0,0,Baseline OC0
1152,0,,,,14000181,75,0,227.363966813691,325.0,40.0,1.771772583645,6fd5c51c11ff8605,8d15af1f9d36efa1,9968b2a1d9d55865,200,165,82.5,251.133333,274.249269,1.0,4.0,313.423599,3.495,314.82693,4.042424,3.505247,0.0,0.410256,0.698795,0.310238,0.165207,300,2432,2432,32.0,0,0,16,16,65,65,2,0,464.0,667,0,0,50,150,0,50,15,14,1,0,15,1,1,1,0,0,0,0,0,35,0,35,35,35,0,0,0,0,Baseline OC0
1157,0,,,,14000186,75,0,459.826254823201,75.0,46.0,2.071423694975,87011f237cb7507b,8d15af1f9d36efa1,9b757d4fc3a7516b,200,120,60.0,249.741667,250.814732,1.0,3.9,289.442269,3.532381,268.992664,3.558333,3.023419,0.0,0.56473,0.734748,0.412655,0.342065,300,2248,2248,32.0,0,0,16,16,106,106,10,0,554.0,427,0,0,93,107,0,93,13,8,5,0,13,5,5,5,0,0,0,0,0,80,0,80,80,80,0,0,0,0,Baseline OC0
1158,0,,,,14000187,75,0,51.14610400832,325.0,58.0,2.460401924517,a5e8d2a44a3e9dd5,8d15af1f9d36efa1,ce645f55b80141a1,200,200,100.0,430.285,316.527581,1.0,6.8,548.021727,3.94504,545.428529,6.8,3.617647,0.0,0.246955,0.690402,0.180723,0.077341,300,2480,2480,32.0,0,0,16,16,41,41,32,2,446.0,1360,0,0,20,180,0,20,20,4,16,0,20,16,16,16,0,0,0,0,0,0,0,0,0,0,0,0,0,0,Baseline OC0
1169,0,,,,14000198,75,0,191.532142955024,425.0,37.0,1.924359890139,5fb0200e18a76f4a,8d15af1f9d36efa1,9b5db100c6187ded,200,130,65.0,185.730769,222.308759,1.0,3.3,252.078876,4.458333,208.151952,2.738462,4.733146,0.0,0.596372,0.724518,0.457317,0.352727,300,2344,2344,32.0,0,0,16,16,96,96,2,0,526.0,356,0,0,83,117,0,83,13,12,1,0,13,1,1,1,0,0,0,0,0,70,0,70,70,70,0,0,0,0,Baseline OC0
1172,0,,,,14000201,75,0,89.144386995236,325.0,61.0,1.801074619965,edaa317df3ba935,8d15af1f9d36efa1,ee4dc84317d02084,200,189,94.5,259.899471,265.884251,1.0,4.0,313.92915,3.5125,317.784568,4.275132,3.496287,0.0,0.350482,0.685535,0.270758,0.114035,300,2296,2296,32.0,0,0,16,16,51,51,2,0,436.0,808,0,0,31,169,0,31,20,19,1,0,20,1,1,1,0,0,0,0,0,11,0,11,11,11,0,0,0,0,Baseline OC0
1175,0,,,,14000204,75,0,324.128807715876,425.0,36.0,1.775007581457,2ff2398a94c9c99e,8d15af1f9d36efa1,a0a5064f35b30e4f,200,153,76.5,323.228758,278.055657,1.0,5.1,406.690019,4.734444,398.593428,5.20915,4.091593,0.0,0.385505,0.714286,0.273473,0.174093,300,2624,2624,32.0,0,0,16,16,77,77,14,0,500.0,797,0,0,62,138,0,62,15,8,7,0,15,7,7,7,0,0,0,0,0,47,0,47,47,47,0,0,0,0,Baseline OC0
1178,0,,,,14000207,75,0,478.149651746253,175.0,53.0,2.91677316082,4582bf6a7c2d0226,8d15af1f9d36efa1,9802dcb944963087,200,197,98.5,183.928934,155.442912,1.0,2.5,182.731424,3.353333,188.607986,2.502538,3.233266,0.0,0.464712,0.681529,0.37831,0.162988,300,2512,2512,32.0,0,0,16,16,43,43,10,0,428.0,493,0,0,23,177,0,23,20,15,5,0,20,5,5,5,0,0,0,0,0,3,0,3,3,3,0,0,0,0,Baseline OC0
1194,0,,,,14000223,75,0,281.492860707642,325.0,36.0,1.527865403174,fe2315f9608967e5,8d15af1f9d36efa1,9ab39900c587d527,200,200,100.0,264.485,285.683455,1.0,4.1,318.845241,4.058571,329.410848,4.2,3.753571,0.0,0.330144,0.674267,0.263158,0.088937,300,2360,2360,32.0,0,0,16,16,40,40,2,0,414.0,840,0,0,20,180,0,20,20,19,1,0,20,1,1,1,0,0,0,0,0,0,0,0,0,0,0,0,0,0,Baseline OC0
1206,0,,,,14000235,75,0,80.361556208432,425.0,45.0,2.302053341834,c335de45e1629285,8d15af1f9d36efa1,b4d1dff5564a5a54,200,150,75.0,284.926667,257.71865,1.0,3.9,307.63,3.54,319.937196,4.186667,3.402866,0.0,0.450088,0.719888,0.323276,0.224691,300,2432,2432,32.0,0,0,16,16,84,84,14,4,514.0,628,0,0,66,134,0,66,16,9,7,0,16,7,7,7,0,0,0,0,0,50,0,50,50,50,0,0,0,0,Baseline OC0
1215,0,,,,14000244,75,0,57.62010172481,325.0,57.0,2.623292229867,15cd2e4a56908dc9,8d15af1f9d36efa1,4e2a9438bd2517ae,200,180,90.0,308.35,301.400392,1.0,4.3,361.515569,4.645,378.929123,4.677778,3.975059,0.0,0.355283,0.698795,0.262697,0.135524,300,2768,2768,32.0,0,0,16,16,58,58,16,0,464.0,842,0,0,39,161,0,39,19,11,8,0,19,8,8,8,0,0,0,0,0,20,0,20,20,20,0,0,0,0,Baseline OC0
1234,0,,,,14000263,75,0,128.85043509626,325.0,37.0,2.689808609063,fac88db1fdd23334,8d15af1f9d36efa1,6bf38a4e3ac92af,200,199,99.5,288.78392,290.492441,1.0,4.2,336.639817,3.616667,350.874309,4.457286,3.547914,0.0,0.322383,0.678457,0.252738,0.092119,300,2440,2440,32.0,0,0,16,16,42,42,6,2,422.0,887,0,0,21,179,0,21,20,17,3,0,20,3,3,3,0,0,0,0,0,1,0,1,1,1,0,0,0,0,Baseline OC0
1236,0,,,,14000265,75,0,429.57151728124,425.0,48.0,2.10064841058,c6a3a75e93d2cb81,8d15af1f9d36efa1,6b18c340d6c1655f,200,167,83.5,291.874251,304.074893,1.0,4.7,378.01304,3.361905,347.916105,4.592814,3.396349,0.0,0.387869,0.708455,0.281162,0.16721,300,2208,2208,32.0,0,0,16,16,68,68,18,2,486.0,767,0,0,50,150,0,50,17,8,9,0,17,9,9,9,0,0,0,0,0,33,0,33,33,33,0,0,0,0,Baseline OC0
1238,0,,,,14000267,75,0,466.214454695883,75.0,56.0,2.249347751252,c8092074fde07967,8d15af1f9d36efa1,67f6f90568ed5fd3,200,129,64.5,271.790698,280.795049,1.0,4.4,336.511331,3.815,304.640079,4.054264,3.686424,0.0,0.507996,0.72973,0.36452,0.284542,300,2360,2360,32.0,0,0,16,16,100,100,8,2,540.0,523,0,0,85,115,0,85,14,10,4,0,14,4,4,4,0,0,0,0,0,71,0,71,71,71,0,0,0,0,Baseline OC0
1239,0,,,,14000268,75,0,295.305648402584,325.0,36.0,2.247522400572,a7b4f91e4dc55959,8d15af1f9d36efa1,2668a7501274b716,200,20,10.0,137.35,364.87166,0.1,0.2,145.795452,4.5,145.795452,2.0,4.5,0.0,0.906542,0.659864,0.882353,0.583333,300,2384,2384,32.0,0,0,16,16,20,20,16,0,388.0,40,0,0,10,18,0,10,10,2,8,0,10,8,8,0,8,0,0,0,0,0,180,0,180,8,172,0,0,0,Baseline OC0
1242,0,,,,14000271,75,0,72.843809172995,325.0,52.0,2.528841529723,1117eb0f970a8465,8d15af1f9d36efa1,cf4d502f974451bd,200,196,98.0,342.831633,315.903758,1.0,4.6,371.858763,4.090238,422.096342,5.306122,3.000962,0.0,0.297297,0.6875,0.223881,0.094077,300,2392,2392,32.0,0,0,16,16,46,46,16,4,440.0,1040,0,0,24,176,0,24,20,12,8,0,20,8,8,8,0,0,0,0,0,4,0,4,4,4,0,0,0,0,Baseline OC0
1249,0,,,,14000278,75,0,121.599814610007,425.0,37.0,2.212557624612,b23359b599e09e57,8d15af1f9d36efa1,65b1e985ddc5a9cb,200,138,69.0,279.413043,218.064894,1.0,3.7,299.757938,3.695,316.272117,4.007246,3.311031,0.0,0.486537,0.723757,0.3517,0.257718,300,2488,2488,32.0,0,0,16,16,92,92,8,4,524.0,553,0,0,76,124,0,76,14,10,4,0,14,4,4,4,0,0,0,0,0,62,0,62,62,62,0,0,0,0,Baseline OC0
1264,0,,,,14000293,75,0,81.386745634791,75.0,39.0,2.409078049344,3daeed16ecb25209,8d15af1f9d36efa1,2869886e27568968,200,178,89.0,309.241573,275.781335,1.0,4.4,343.969068,3.355714,367.43631,4.595506,3.448655,0.0,0.359937,0.69697,0.268336,0.135307,300,2416,2416,32.0,0,0,16,16,59,59,10,2,460.0,818,0,0,40,160,0,40,18,13,5,0,18,5,5,5,0,0,0,0,0,22,0,22,22,22,0,0,0,0,Baseline OC0
1266,0,,,,14000295,75,0,311.062289647219,75.0,37.0,1.568843297635,2c4d581a5b4ed280,8d15af1f9d36efa1,67b2f84fa66586e0,200,118,59.0,258.474576,270.078448,1.0,4.4,335.100924,3.277381,304.987102,4.033898,3.239496,0.0,0.536965,0.734043,0.386598,0.316092,300,2240,2240,32.0,0,0,16,16,106,106,8,0,552.0,476,0,0,94,106,0,94,12,8,4,0,12,4,4,4,0,0,0,0,0,82,0,82,82,82,0,0,0,0,Baseline OC0
1270,0,,,,14000299,75,0,86.055484330483,175.0,47.0,2.797688224321,d44bd0b2a59a67a1,8d15af1f9d36efa1,edb66816d4fa2549,200,171,85.5,247.233918,260.266167,0.9,3.1,292.701384,3.07963,285.675168,3.432749,3.277683,0.0,0.428432,0.6875,0.338219,0.155396,300,1848,1848,32.0,0,0,16,16,48,48,12,2,440.0,587,0,0,28,153,0,28,19,13,6,0,19,6,6,5,1,0,0,0,0,9,20,9,29,10,19,0,0,0,Baseline OC0
1272,0,,,,14000301,75,0,10.660572865019,325.0,65.0,2.430403526529,4afbf6b6af192825,8d15af1f9d36efa1,282469aba4e61920,200,155,77.5,213.948387,196.889352,1.0,2.9,215.658025,3.298333,239.864837,3.141935,3.293634,0.0,0.506586,0.714286,0.381194,0.256489,300,2200,2200,32.0,0,0,16,16,77,77,14,0,500.0,487,0,0,61,139,0,61,16,9,7,0,16,7,7,7,0,0,0,0,0,45,0,45,45,45,0,0,0,0,Baseline OC0
1292,0,,,,14000321,75,0,161.383151411076,75.0,33.0,2.551439782048,9abe7f9360d6a0cd,8d15af1f9d36efa1,9b2aaa00c5ed186f,200,165,82.5,274.090909,269.652338,1.0,4.5,325.018137,3.776667,335.088808,4.557576,3.011968,0.0,0.385621,0.702381,0.285171,0.156951,300,2296,2296,32.0,0,0,16,16,65,65,10,0,472.0,752,0,0,50,150,0,50,15,10,5,0,15,5,5,5,0,0,0,0,0,35,0,35,35,35,0,0,0,0,Baseline OC0
1296,0,,,,14000325,75,0,495.988521230853,175.0,65.0,2.463326076576,e74e338e97ea9f27,8d15af1f9d36efa1,2bf97ee354418fcb,200,173,86.5,254.687861,238.762635,0.9,3.2,286.163213,4.104497,294.0793,3.66474,3.714511,0.0,0.404135,0.68254,0.321199,0.13388,300,2360,2360,32.0,0,0,16,16,45,45,8,0,430.0,634,0,0,26,155,0,26,19,15,4,0,19,4,4,3,1,0,0,0,0,7,20,7,27,8,19,0,0,0,Baseline OC0
1297,0,,,,14000326,75,0,487.888913001678,325.0,56.0,2.738676490718,2d062fc897303b71,8d15af1f9d36efa1,3c7818e197517c56,200,184,92.0,298.565217,297.05185,1.0,4.7,375.105095,3.790317,359.630684,4.63587,3.63306,0.0,0.34435,0.691358,0.260191,0.119711,300,2480,2480,32.0,0,0,16,16,56,56,4,0,448.0,853,0,0,36,164,0,36,20,18,2,0,20,2,2,2,0,0,0,0,0,16,0,16,16,16,0,0,0,0,Baseline OC0
1304,0,,,,14000333,75,0,447.189934657022,75.0,53.0,1.50242751808,e564f358f73d791f,8d15af1f9d36efa1,4bcfeaade5343060,200,151,75.5,273.483444,214.852272,1.0,3.9,301.619738,3.231905,331.195868,4.278146,3.430341,0.0,0.435315,0.713467,0.317125,0.204433,300,2536,2536,32.0,0,0,16,16,79,79,8,0,498.0,646,0,0,64,136,0,64,15,11,4,0,15,4,4,4,0,0,0,0,0,49,0,49,49,49,0,0,0,0,Baseline OC0
1306,0,,,,14000335,75,0,470.720677407682,75.0,41.0,2.869945578891,74b3c7ba0a1c59d3,8d15af1f9d36efa1,c833ee09e0deb48c,200,159,79.5,234.855346,232.296979,1.0,3.4,281.595664,4.435,273.761679,3.534591,3.998221,0.0,0.462715,0.707602,0.348028,0.212885,300,2472,2472,32.0,0,0,16,16,71,71,10,0,484.0,562,0,0,56,144,0,56,15,10,5,0,15,5,5,5,0,0,0,0,0,41,0,41,41,41,0,0,0,0,Baseline OC0
1308,0,,,,14000337,75,0,487.914150590332,325.0,55.0,2.899110834749,b35f58d0aaa3e75,8d15af1f9d36efa1,955265cdb8a83532,200,178,89.0,180.353933,178.365403,1.0,2.5,195.628046,5.016667,198.021669,2.511236,4.675615,0.0,0.504983,0.695122,0.401606,0.217163,300,2824,2824,32.0,0,0,16,16,58,58,8,0,456.0,447,0,0,40,160,0,40,18,14,4,0,18,4,4,4,0,0,0,0,0,22,0,22,22,22,0,0,0,0,Baseline OC0
1324,0,,,,14000353,75,0,334.2845495112,175.0,47.0,2.079202126081,90a81ee4b0f13b8,8d15af1f9d36efa1,3c7c84dd3e87d7f,200,200,100.0,353.275,316.353377,1.0,5.7,458.144649,3.700952,449.527104,5.7,3.507895,0.0,0.268293,0.676375,0.208333,0.070147,300,2368,2368,32.0,0,0,16,16,41,41,4,2,418.0,1140,0,0,20,180,0,20,20,18,2,0,20,2,2,2,0,0,0,0,0,0,0,0,0,0,0,0,0,0,Baseline OC0
1325,0,,,,14000354,75,0,358.725461361485,75.0,39.0,2.348695348626,429c88f8c1acaeb7,8d15af1f9d36efa1,4cbd4570a4093e80,200,151,75.5,202.119205,177.274835,1.0,2.9,209.347402,4.185,239.005168,3.178808,3.935417,0.0,0.517103,0.719888,0.384615,0.274924,300,2392,2392,32.0,0,0,16,16,89,89,4,28,514.0,480,0,0,62,138,0,62,13,11,2,0,13,2,2,2,0,0,0,0,0,49,0,49,49,49,0,0,0,0,Baseline OC0
1330,0,,,,14000359,75,0,23.920375426611,425.0,56.0,1.516411409575,fe6dd3ae6d2b64b7,8d15af1f9d36efa1,3773cbca27257925,200,173,86.5,184.265896,167.232045,1.0,2.5,202.058188,3.723333,186.443025,2.485549,3.790698,0.0,0.521158,0.700599,0.410959,0.240283,300,2416,2416,32.0,0,0,16,16,63,63,10,0,468.0,430,0,0,45,155,0,45,18,13,5,0,18,5,5,5,0,0,0,0,0,27,0,27,27,27,0,0,0,0,Baseline OC0
1332,0,,,,14000361,75,0,275.493959144217,75.0,26.0,1.845925080325,bc33244a44e6d191,8d15af1f9d36efa1,280c303461eeeeb5,200,155,77.5,336.722581,274.448562,1.0,4.5,356.211599,3.350595,416.030956,5.354839,3.212048,0.0,0.374057,0.712644,0.265487,0.16499,300,2312,2312,32.0,0,0,16,16,77,77,10,0,496.0,830,0,0,61,139,0,61,16,11,5,0,16,5,5,5,0,0,0,0,0,45,0,45,45,45,0,0,0,0,Baseline OC0
1337,0,,,,14000366,75,0,230.270830874087,425.0,38.0,1.664552746405,e372f1d513408f5b,8d15af1f9d36efa1,4dbf285de14192b3,200,165,82.5,249.278788,257.721698,1.0,3.8,299.470488,4.161667,301.848464,3.921212,4.063369,0.0,0.42077,0.701493,0.31679,0.175796,300,2456,2456,32.0,0,0,16,16,66,66,6,2,470.0,647,0,0,50,150,0,50,15,12,3,0,15,3,3,3,0,0,0,0,0,35,0,35,35,35,0,0,0,0,Baseline OC0
1338,0,,,,14000367,75,0,378.683556686434,325.0,46.0,2.635869891659,bf89b5e347118272,8d15af1f9d36efa1,9ab07800c585673d,200,200,100.0,192.77,180.883398,1.0,2.8,213.808464,3.176667,214.78269,2.9,3.472414,0.0,0.417671,0.675325,0.340909,0.126506,300,2384,2384,32.0,0,0,16,16,40,40,4,0,416.0,580,0,0,20,180,0,20,20,18,2,0,20,2,2,2,0,0,0,0,0,0,0,0,0,0,0,0,0,0,Baseline OC0
1351,0,,,,14000380,75,0,291.672314669879,325.0,53.0,1.737006315639,332bb47a651820ed,8d15af1f9d36efa1,68f641b4bae8e24a,200,193,96.5,302.766839,323.323634,1.0,4.9,404.427984,3.670833,383.97874,4.92228,3.492632,0.0,0.309593,0.680511,0.24,0.090038,300,2232,2232,32.0,0,0,16,16,46,46,2,2,426.0,950,0,0,26,174,0,26,19,18,1,0,19,1,1,1,0,0,0,0,0,7,0,7,7,7,0,0,0,0,Baseline OC0
1354,0,,,,14000383,75,0,426.61234950419,75.0,44.0,2.942184183474,3f4cc5b3bd9bfc29,8d15af1f9d36efa1,eb8ca8b056518fcd,200,157,78.5,280.10828,292.376196,1.0,4.2,333.552815,3.701667,322.660933,4.10828,3.63876,0.0,0.439618,0.716714,0.31746,0.212454,300,2120,2120,32.0,0,0,16,16,79,79,16,4,506.0,645,0,0,60,140,0,60,17,9,8,0,17,8,8,8,0,0,0,0,0,43,0,43,43,43,0,0,0,0,Baseline OC0
1356,0,,,,14000385,75,0,342.040799109169,325.0,52.0,1.523386872264,6188c6bbaf583fe5,8d15af1f9d36efa1,abb72a9b8a753dfc,200,192,96.0,322.203125,341.462097,1.0,5.3,415.282745,3.605952,406.373144,5.338542,3.47122,0.0,0.299385,0.68652,0.226415,0.093722,300,2184,2184,32.0,0,0,16,16,48,48,10,0,438.0,1025,0,0,28,172,0,28,20,15,5,0,20,5,5,5,0,0,0,0,0,8,0,8,8,8,0,0,0,0,Baseline OC0
1361,0,,,,14000390,75,0,145.261406033721,325.0,39.0,2.810360012277,6a9f75447df04b05,8d15af1f9d36efa1,3be80a134e83a77d,200,154,77.0,226.584416,259.436772,0.8,2.9,287.315712,3.585119,268.04066,3.493506,3.490706,0.0,0.445361,0.683544,0.357995,0.15674,300,2096,2096,32.0,0,0,16,16,47,47,6,0,432.0,538,0,0,29,138,0,29,18,15,3,0,18,3,3,1,2,0,0,0,0,11,40,6,46,13,33,0,0,0,Baseline OC0
1365,0,,,,14000394,75,0,67.706452264215,325.0,68.0,1.676848526423,e01e4368d3f0d223,8d15af1f9d36efa1,38b778573d65f975,200,174,87.0,260.04023,293.396725,0.9,3.9,331.550249,3.951058,319.594635,4.310345,3.341333,0.0,0.362245,0.680511,0.285714,0.111374,300,2520,2520,32.0,0,0,16,16,44,44,6,0,426.0,750,0,0,25,156,0,25,19,16,3,0,19,3,3,2,1,0,0,0,0,6,20,6,26,7,19,0,0,0,Baseline OC0
1366,0,,,,14000395,75,0,400.812179076603,425.0,41.0,1.980442063526,534a3f6c46952b03,8d15af1f9d36efa1,81db854fb542ed60,200,176,88.0,311.744318,270.766597,1.0,4.5,353.177389,3.646667,380.123657,4.772727,3.515476,0.0,0.361702,0.704142,0.263158,0.146341,300,2352,2352,32.0,0,0,16,16,63,63,18,2,476.0,840,0,0,43,157,0,43,19,10,9,0,19,9,9,9,0,0,0,0,0,24,0,24,24,24,0,0,0,0,Baseline OC0
1374,0,,,,14000403,75,0,124.216528608414,325.0,55.0,1.987584868207,7430bd5d1d8da201,8d15af1f9d36efa1,b47489884d176455,200,200,100.0,231.215,253.316225,1.0,3.7,282.37721,4.19,278.708865,3.7,3.72973,0.0,0.359862,0.675325,0.288462,0.101942,300,2448,2448,32.0,0,0,16,16,40,40,4,0,416.0,740,0,0,20,180,0,20,20,18,2,0,20,2,2,2,0,0,0,0,0,0,0,0,0,0,0,0,0,0,Baseline OC0
1384,0,,,,14000413,75,0,408.778971464394,425.0,31.0,2.488263478675,563704a49e923413,8d15af1f9d36efa1,a512426d8ef7d532,200,144,72.0,211.118056,216.38334,1.0,3.0,253.486704,3.723333,246.305808,3.208333,3.411255,0.0,0.524691,0.71831,0.393701,0.278125,300,2272,2272,32.0,0,0,16,16,86,86,6,0,510.0,462,0,0,71,129,0,71,15,12,3,0,15,3,3,3,0,0,0,0,0,56,0,56,56,56,0,0,0,0,Baseline OC0
1388,0,,,,14000417,75,0,63.524181425313,175.0,66.0,1.666663550188,209d1c85a1ea67ac,8d15af1f9d36efa1,fe2bf9f79dc221de,200,200,100.0,243.865,253.141322,1.0,3.5,286.676993,5.028333,285.512225,3.565,4.746143,0.0,0.372911,0.679487,0.29615,0.114286,300,2560,2560,32.0,0,0,16,16,40,40,12,0,424.0,713,0,0,20,180,0,20,20,14,6,0,20,6,6,6,0,0,0,0,0,0,0,0,0,0,0,0,0,0,Baseline OC0
1396,0,,,,14000425,75,0,347.633161814718,75.0,40.0,2.214504403957,f29db2ba325c83e7,8d15af1f9d36efa1,e9a1380d319cbc8d,200,166,83.0,310.210843,327.759135,1.0,4.6,389.94717,4.0,373.45606,4.554217,3.387566,0.0,0.390323,0.707602,0.284091,0.167401,300,2104,2104,32.0,0,0,16,16,68,68,16,0,484.0,756,0,0,51,149,0,51,17,9,8,0,17,8,8,8,0,0,0,0,0,34,0,34,34,34,0,0,0,0,Baseline OC0
1414,0,,,,14000443,75,0,430.689662470666,75.0,38.0,2.73338366121,6c017a6da8eb02f0,8d15af1f9d36efa1,50d4a98083f4b380,200,170,85.0,310.705882,232.929056,1.0,4.2,335.966822,3.400379,367.193726,4.8,3.294118,0.0,0.368421,0.704142,0.268817,0.15,300,2016,2016,32.0,0,0,16,16,63,63,18,2,476.0,816,0,0,46,154,0,46,16,7,9,0,16,9,9,9,0,0,0,0,0,30,0,30,30,30,0,0,0,0,Baseline OC0
1425,0,,,,14000454,75,0,261.165544549205,175.0,43.0,2.206283612126,5b4638286ae74a70,8d15af1f9d36efa1,e5d2e5a2991d10d7,200,185,92.5,278.648649,256.174605,1.0,3.9,313.039273,3.416667,325.918776,4.183784,3.395349,0.0,0.362438,0.6875,0.27933,0.122449,300,2416,2416,32.0,0,0,16,16,52,52,4,2,440.0,774,0,0,33,167,0,33,18,16,2,0,18,2,2,2,0,0,0,0,0,15,0,15,15,15,0,0,0,0,Baseline OC0
1430,0,,,,14000459,75,0,145.314480032502,425.0,30.0,2.680531139522,b7443d0f7d0644c,8d15af1f9d36efa1,c3225f4f4930bd1e,200,180,90.0,203.522222,207.575498,0.9,2.6,232.666244,4.096296,240.699153,3.033333,4.399267,0.0,0.42887,0.672131,0.35461,0.125,300,2888,2888,32.0,0,0,16,16,38,38,2,0,410.0,546,0,0,19,162,0,19,19,18,1,0,19,1,1,0,1,0,0,0,0,0,20,0,20,1,19,0,0,0,Baseline OC0
1439,0,,,,14000468,75,0,335.009848991443,325.0,39.0,2.755261666665,99da622e7a52fff5,8d15af1f9d36efa1,9b3bc200c5fbb46a,200,184,92.0,262.065217,264.53152,1.0,3.9,305.75295,3.233095,319.404034,4.103261,3.21457,0.0,0.376548,0.695122,0.28436,0.141069,300,2008,2008,32.0,0,0,16,16,58,58,8,12,456.0,755,0,0,34,166,0,34,18,14,4,0,18,4,4,4,0,0,0,0,0,16,0,16,16,16,0,0,0,0,Baseline OC0
1440,0,,,,14000469,75,0,248.217901405679,175.0,39.0,1.848463847849,b01c8cf427dcfbf8,8d15af1f9d36efa1,a249ff5dd6685518,200,200,100.0,268.45,289.427784,1.0,4.4,327.691293,3.3,340.47055,4.635,3.110032,0.0,0.308725,0.674267,0.244499,0.081269,300,2120,2120,32.0,0,0,16,16,40,40,2,0,414.0,927,0,0,20,180,0,20,20,19,1,0,20,1,1,1,0,0,0,0,0,0,0,0,0,0,0,0,0,0,Baseline OC0
1444,0,,,,14000473,75,0,477.159685349264,425.0,45.0,2.904031302614,d23041848b50fc61,8d15af1f9d36efa1,8efc45ef5697398e,200,123,61.5,237.00813,243.990773,1.0,3.8,282.667971,4.296667,266.459393,3.528455,4.370968,0.0,0.552577,0.728261,0.408719,0.319749,300,2616,2616,32.0,0,0,16,16,97,97,10,0,536.0,434,0,0,87,113,0,87,10,5,5,0,10,5,5,5,0,0,0,0,0,77,0,77,77,77,0,0,0,0,Baseline OC0
1453,0,,,,14000482,75,0,84.03011520454,175.0,59.0,1.813903007941,e4e4e1eb9127ea5d,8d15af1f9d36efa1,f4e885bda1d4fb0,200,200,100.0,226.42,211.496912,1.0,3.2,271.895328,4.39,271.05819,3.33,3.782282,0.0,0.385609,0.676375,0.310559,0.114362,300,2416,2416,32.0,0,0,16,16,40,40,6,0,418.0,666,0,0,20,180,0,20,20,17,3,0,20,3,3,3,0,0,0,0,0,0,0,0,0,0,0,0,0,0,Baseline OC0
1464,0,,,,14000493,75,0,38.939641088793,175.0,66.0,1.821019654111,858487cda26557fa,8d15af1f9d36efa1,e134cf4feb49539f,200,186,93.0,224.301075,232.363202,1.0,3.4,264.666578,3.453333,271.52668,3.505376,3.228528,0.0,0.40293,0.6875,0.315126,0.142105,300,2248,2248,32.0,0,0,16,16,52,52,4,0,440.0,652,0,0,33,167,0,33,19,17,2,0,19,2,2,2,0,0,0,0,0,14,0,14,14,14,0,0,0,0,Baseline OC0
1465,0,,,,14000494,75,0,103.65270217853,75.0,44.0,1.683076097449,e112fc0425c37c47,8d15af1f9d36efa1,996867f3e45f3d2,200,172,86.0,273.168605,270.141342,1.0,4.0,317.56929,3.735238,327.080494,4.209302,3.348066,0.0,0.393635,0.701493,0.292969,0.160093,300,2288,2288,32.0,0,0,16,16,63,63,12,2,470.0,724,0,0,45,155,0,45,17,11,6,0,17,6,6,6,0,0,0,0,0,28,0,28,28,28,0,0,0,0,Baseline OC0
1478,0,,,,14000507,75,0,162.253021402312,325.0,60.0,1.787790625311,faf1b1f726bc335e,8d15af1f9d36efa1,9ac81f00c59961e3,200,200,100.0,304.925,309.601015,1.0,4.6,361.94595,4.9125,379.58328,4.665,4.386924,0.0,0.311439,0.678457,0.243309,0.087977,300,2696,2696,32.0,0,0,16,16,40,40,10,0,422.0,933,0,0,20,180,0,20,20,15,5,0,20,5,5,5,0,0,0,0,0,0,0,0,0,0,0,0,0,0,Baseline OC0
1490,0,,,,14000519,75,0,398.135563260307,75.0,40.0,2.642709591759,49b644a3b2a8ee68,8d15af1f9d36efa1,36c03c988e570898,200,138,69.0,211.434783,254.009918,1.0,3.5,291.953684,4.283333,228.363795,2.855072,4.258883,0.0,0.578158,0.72973,0.432277,0.345515,300,2408,2408,32.0,0,0,16,16,102,102,4,24,540.0,394,0,0,76,124,0,76,14,12,2,0,14,2,2,2,0,0,0,0,0,62,0,62,62,62,0,0,0,0,Baseline OC0
1500,0,,,,15000029,100,0,402.565764294,425.0,64.0,1.92862843395,261384c55508c7c5,8d15af1f9d36efa1,7c8d5150431d105c,200,131,65.5,277.900763,291.922363,1.0,4.3,341.870448,4.885,345.024221,4.664122,4.733224,0.0,0.50686,0.758454,0.395648,0.242875,400,4328,4328,32.0,0,0,16,16,93,93,10,0,628.0,611,0,0,81,119,0,81,12,7,5,0,12,5,5,5,0,0,0,0,0,69,0,69,69,69,0,0,0,0,Baseline OC0
1502,0,,,,15000031,100,0,338.05730307476,425.0,54.0,2.031897081399,70425a7a235e6eca,8d15af1f9d36efa1,3624ccff5e03929e,200,186,93.0,230.451613,242.848994,1.0,3.4,273.404557,5.051667,269.039108,3.44086,4.515625,0.0,0.460371,0.731903,0.384615,0.151194,400,4128,4128,32.0,0,0,16,16,53,53,8,2,546.0,640,0,0,33,167,0,33,19,15,4,0,19,4,4,4,0,0,0,0,0,14,0,14,14,14,0,0,0,0,Baseline OC0
1505,0,,,,15000034,100,0,461.63339986744,325.0,83.0,2.142364975753,10c695397e2432e9,8d15af1f9d36efa1,92cccf8511e30408,200,194,97.0,258.458763,267.427653,1.0,4.1,316.551144,4.805,306.426333,4.170103,4.488257,0.0,0.399406,0.728997,0.330852,0.115847,400,4312,4312,32.0,0,0,16,16,46,46,14,0,538.0,809,0,0,26,174,0,26,20,13,7,0,20,7,7,7,0,0,0,0,0,6,0,6,6,6,0,0,0,0,Baseline OC0
1510,0,,,,15000039,100,0,37.975212678407,175.0,78.0,2.342627503394,ae8239fc35a4f554,8d15af1f9d36efa1,724537801f1876cc,200,185,92.5,220.275676,241.597219,1.0,3.6,282.747344,4.296667,262.92755,3.518919,4.215054,0.0,0.452481,0.728997,0.38059,0.140026,400,3840,3840,32.0,0,0,16,16,51,51,4,0,538.0,651,0,0,33,167,0,33,18,16,2,0,18,2,2,2,0,0,0,0,0,15,0,15,15,15,0,0,0,0,Baseline OC0
1518,0,,,,15000047,100,0,360.953820677979,75.0,47.0,2.288826968673,12f7dcbdff38c69b,8d15af1f9d36efa1,96940d5051dde053,200,147,73.5,204.142857,210.9116,1.0,3.0,250.995345,4.97,233.732657,3.040816,4.331096,0.0,0.571429,0.748744,0.472255,0.268412,400,4024,4024,32.0,0,0,16,16,79,79,6,0,596.0,447,0,0,66,134,0,66,13,10,3,0,13,3,3,3,0,0,0,0,0,53,0,53,53,53,0,0,0,0,Baseline OC0
1522,0,,,,15000051,100,0,113.81156001598,425.0,50.0,2.240202774268,7182031956b0c152,8d15af1f9d36efa1,e97c6669d4b5124e,200,147,73.5,221.585034,196.301278,1.0,3.1,232.345171,4.4,244.730002,3.183673,4.726496,0.0,0.560976,0.749373,0.460829,0.26183,400,3680,3680,32.0,0,0,16,16,79,79,8,0,598.0,468,0,0,66,134,0,66,13,9,4,0,13,4,4,4,0,0,0,0,0,53,0,53,53,53,0,0,0,0,Baseline OC0
1529,0,,,,15000058,100,0,287.62824134318,175.0,70.0,1.642278341338,6a65896612676b93,8d15af1f9d36efa1,cd554f6c691948,200,200,100.0,244.915,271.554201,1.0,3.7,296.50109,4.671667,294.031438,3.7,4.704054,0.0,0.410828,0.72067,0.350877,0.101942,400,4296,4296,32.0,0,0,16,16,41,41,2,2,516.0,740,0,0,20,180,0,20,20,19,1,0,20,1,1,1,0,0,0,0,0,0,0,0,0,0,0,0,0,0,Baseline OC0
1531,0,,,,15000060,100,0,424.912847526611,75.0,62.0,1.827841754336,f2fa5e78f7f2be4c,8d15af1f9d36efa1,6fccd1726c8f5cd6,200,132,66.0,315.166667,346.66289,1.0,4.9,389.141287,4.319048,381.333074,4.856061,4.209048,0.0,0.495276,0.758745,0.384246,0.235995,400,3800,3800,31.0,0,0,16,15,92,92,14,0,629.0,641,0,0,80,120,0,80,12,5,7,0,12,7,7,7,0,0,0,0,0,68,0,68,68,68,0,0,0,0,Baseline OC0
1535,0,,,,15000064,100,0,40.17788242231,425.0,58.0,2.883270430399,f40b4adb3c7a0f8e,8d15af1f9d36efa1,ccde12fc1498f606,200,150,75.0,238.446667,207.576191,1.0,2.9,222.685742,5.591667,258.095812,3.213333,5.670124,0.0,0.559415,0.753695,0.453515,0.271903,400,4144,4144,32.0,0,0,16,16,82,82,16,0,612.0,482,0,0,66,134,0,66,16,8,8,0,16,8,8,8,0,0,0,0,0,50,0,50,50,50,0,0,0,0,Baseline OC0
1536,0,,,,15000065,100,0,228.014205363865,325.0,54.0,1.634299948683,2bb60bb37426162f,8d15af1f9d36efa1,5d1364fccab33dd,200,200,100.0,237.55,250.726557,1.0,3.6,286.20053,4.946667,288.59094,3.77,4.395225,0.0,0.405363,0.719888,0.34662,0.098086,400,4336,4336,32.0,0,0,16,16,40,40,2,0,514.0,754,0,0,20,180,0,20,20,19,1,0,20,1,1,1,0,0,0,0,0,0,0,0,0,0,0,0,0,0,Baseline OC0
1542,0,,,,15000071,100,0,313.158688960498,75.0,36.0,2.521624606359,fab5e06a9d6fd156,8d15af1f9d36efa1,cc928d68f3d5b266,200,142,71.0,222.204225,234.273591,1.0,3.4,270.001483,5.081667,268.076637,3.274648,5.488172,0.0,0.565826,0.751861,0.462428,0.2723,400,4256,4256,32.0,0,0,16,16,86,86,2,0,606.0,465,0,0,72,128,0,72,14,13,1,0,14,1,1,1,0,0,0,0,0,58,0,58,58,58,0,0,0,0,Baseline OC0
1572,0,,,,15000101,100,0,397.945069163729,175.0,65.0,2.518011705393,1f1bc3a0ac8d9029,8d15af1f9d36efa1,9ad24400c5a1f547,200,195,97.5,179.723077,181.457622,1.0,2.5,192.066595,4.91,201.797195,2.574359,4.766932,0.0,0.509766,0.722992,0.443459,0.152027,400,3976,3976,32.0,0,0,16,16,45,45,0,0,522.0,502,0,0,25,175,0,25,20,20,0,0,20,0,0,0,0,0,0,0,0,5,0,5,5,5,0,0,0,0,Baseline OC0
1575,0,,,,15000104,100,0,91.851974436352,325.0,88.0,1.513445972054,9a52abae03db6bea,8d15af1f9d36efa1,67866ab6c46ebcd0,200,176,88.0,250.556818,243.513043,1.0,3.6,282.728802,4.758333,294.651913,3.886364,4.209064,0.0,0.449275,0.736148,0.369004,0.155556,400,4248,4248,32.0,0,0,16,16,62,62,2,0,558.0,684,0,0,43,157,0,43,19,18,1,0,19,1,1,1,0,0,0,0,0,24,0,24,24,24,0,0,0,0,Baseline OC0
1576,0,,,,15000105,100,0,284.234019135336,325.0,47.0,1.621350530382,73ab6e6e2927b9f6,8d15af1f9d36efa1,9b9ae900c64c8b33,200,200,100.0,199.66,205.455722,1.0,3.0,223.129086,4.66,228.727755,3.0,4.833333,0.0,0.460432,0.719101,0.4,0.117647,400,4520,4520,32.0,0,0,16,16,40,40,0,0,512.0,600,0,0,20,180,0,20,20,20,0,0,20,0,0,0,0,0,0,0,0,0,0,0,0,0,0,0,0,0,Baseline OC0
1589,0,,,,15000118,100,0,364.319750117422,75.0,40.0,2.530828059979,6993ec150712b55c,8d15af1f9d36efa1,8707f6c91a8a27c3,200,118,59.0,316.033898,301.825291,1.0,4.6,367.908542,4.583333,380.567243,4.90678,4.234888,0.0,0.530414,0.765808,0.40858,0.277154,400,4192,4192,32.0,0,0,16,16,104,104,14,0,654.0,579,0,0,93,107,0,93,11,4,7,0,11,7,7,7,0,0,0,0,0,82,0,82,82,82,0,0,0,0,Baseline OC0
1595,0,,,,15000124,100,0,67.320120987306,175.0,64.0,2.840069011785,d5a909e5f1b18c38,8d15af1f9d36efa1,910824327ca21281,200,184,92.0,229.967391,236.232609,1.0,3.6,288.180492,4.533333,275.622713,3.527174,4.004622,0.0,0.453243,0.728997,0.381316,0.140397,400,3888,3888,32.0,0,0,16,16,52,52,2,0,538.0,649,0,0,34,166,0,34,18,17,1,0,18,1,1,1,0,0,0,0,0,16,0,16,16,16,0,0,0,0,Baseline OC0
1596,0,,,,15000125,100,0,216.561285390685,75.0,36.0,2.319661330968,39070b6d1d325d9,8d15af1f9d36efa1,9ad24300c5a1f394,200,181,90.5,216.563536,217.801938,1.0,2.9,248.833092,6.05,249.773147,3.071823,5.415468,0.0,0.497288,0.733333,0.41841,0.175074,400,4632,4632,32.0,0,0,16,16,57,57,4,0,550.0,556,0,0,38,162,0,38,19,17,2,0,19,2,2,2,0,0,0,0,0,19,0,19,19,19,0,0,0,0,Baseline OC0
1597,0,,,,15000126,100,0,50.528589910423,425.0,69.0,1.536733965773,5de9d0982fabad53,8d15af1f9d36efa1,e807d86faf442796,200,107,53.5,151.878505,184.397365,0.9,2.2,190.522907,5.231481,148.711952,1.971963,5.350711,0.0,0.753216,0.763033,0.654664,0.501182,400,4088,4088,32.0,0,0,16,16,104,104,4,4,644.0,211,0,0,89,95,0,89,13,11,2,0,13,2,2,1,1,0,0,0,0,76,20,73,93,77,16,0,0,0,Baseline OC0
1598,0,,,,15000127,100,0,428.06302628342,175.0,86.0,1.965297944891,798251f29cd2eafc,8d15af1f9d36efa1,9a9c3700c5744fc0,200,197,98.5,201.796954,209.768819,1.0,2.9,225.564846,6.308333,233.028605,2.954315,6.120275,0.0,0.472826,0.722992,0.407332,0.133929,400,4696,4696,32.0,0,0,16,16,44,44,2,2,522.0,582,0,0,23,177,0,23,20,19,1,0,20,1,1,1,0,0,0,0,0,3,0,3,3,3,0,0,0,0,Baseline OC0
1606,0,,,,15000135,100,0,219.924265405321,425.0,46.0,1.848774993077,14dbb01bc27177fa,8d15af1f9d36efa1,9baf9700c65e5be7,200,163,81.5,229.067485,239.187265,1.0,3.4,273.616745,5.371667,264.145381,3.343558,4.924771,0.0,0.514693,0.742931,0.42328,0.211288,400,4296,4296,32.0,0,0,16,16,69,69,8,0,578.0,545,0,0,53,147,0,53,16,12,4,0,16,4,4,4,0,0,0,0,0,37,0,37,37,37,0,0,0,0,Baseline OC0
1607,0,,,,15000136,100,0,288.155691428392,325.0,64.0,2.403883129147,de7fc5b5fed4cd3b,8d15af1f9d36efa1,868a85504925965e,200,151,75.5,224.443709,264.903787,1.0,3.6,283.252846,5.966667,287.821201,3.609272,5.552294,0.0,0.517272,0.744898,0.42328,0.218077,400,4232,4232,32.0,0,0,16,16,75,75,2,0,584.0,545,0,0,62,138,0,62,13,12,1,0,13,1,1,1,0,0,0,0,0,49,0,49,49,49,0,0,0,0,Baseline OC0
1619,0,,,,15000148,100,0,3.087774667998,75.0,72.0,2.14178087612,c7cdcb00e8289722,8d15af1f9d36efa1,bc192a54db8c38bd,200,164,82.0,265.109756,287.861766,1.0,3.9,316.439709,5.766667,304.528063,3.871951,5.269291,0.0,0.476073,0.7426,0.386473,0.18694,400,4344,4344,31.0,0,0,16,15,67,67,12,2,577.0,635,0,0,51,149,0,51,15,9,6,0,15,6,6,6,0,0,0,0,0,36,0,36,36,36,0,0,0,0,Baseline OC0
1630,0,,,,15000159,100,0,218.544625205385,425.0,32.0,1.644304147762,fa13193b3f2b9464,8d15af1f9d36efa1,6fa853d6b79460e4,200,106,53.0,286.377358,282.730712,1.0,4.3,343.720533,4.467857,324.641331,4.132075,3.908676,0.0,0.607527,0.77221,0.477327,0.359649,400,4232,4232,32.0,0,0,16,16,118,118,10,4,678.0,438,0,0,105,95,0,105,11,6,5,0,11,5,5,5,0,0,0,0,0,94,0,94,94,94,0,0,0,0,Baseline OC0
1632,0,,,,15000161,100,0,80.543316490821,175.0,71.0,2.354348566965,838119a1693627ef,8d15af1f9d36efa1,2c14449be4781ccc,200,200,100.0,244.415,266.224759,1.0,3.8,297.913221,4.257619,293.555716,3.87,4.395349,0.0,0.400929,0.721448,0.340716,0.1,400,3528,3528,32.0,0,0,16,16,40,40,6,0,518.0,774,0,0,20,180,0,20,20,17,3,0,20,3,3,3,0,0,0,0,0,0,0,0,0,0,0,0,0,0,Baseline OC0
1633,0,,,,15000162,100,0,214.64915806428,175.0,63.0,1.505990001344,9ebd611bb7e34885,8d15af1f9d36efa1,9b8d4200c640e512,200,196,98.0,236.27551,238.578472,1.0,3.4,267.372039,5.941667,275.022133,3.55102,5.221264,0.0,0.429508,0.723757,0.364964,0.116751,400,4504,4504,32.0,0,0,16,16,45,45,2,2,524.0,696,0,0,24,176,0,24,20,19,1,0,20,1,1,1,0,0,0,0,0,4,0,4,4,4,0,0,0,0,Baseline OC0
1644,0,,,,15000173,100,0,423.769835952897,175.0,80.0,2.292532679843,250e1551dff6f80e,8d15af1f9d36efa1,e5b89fcc5eb25186,200,194,97.0,248.206186,271.709663,1.0,3.7,299.274331,5.638571,294.790767,3.690722,5.108939,0.0,0.4272,0.72752,0.358423,0.124694,400,4528,4528,32.0,0,0,16,16,46,46,10,0,534.0,716,0,0,26,174,0,26,20,15,5,0,20,5,5,5,0,0,0,0,0,6,0,6,6,6,0,0,0,0,Baseline OC0
1653,0,,,,15000182,100,0,353.524744862178,425.0,59.0,1.997719381016,7e483b60d44ac909,8d15af1f9d36efa1,9b1d4600c5e1e427,200,166,83.0,270.927711,284.196143,1.0,4.3,337.01764,4.643214,324.555675,4.23494,4.633001,0.0,0.448627,0.740933,0.362647,0.166074,400,3936,3936,32.0,0,0,16,16,66,66,8,0,572.0,703,0,0,50,150,0,50,16,12,4,0,16,4,4,4,0,0,0,0,0,34,0,34,34,34,0,0,0,0,Baseline OC0
1658,0,,,,15000187,100,0,48.54846462932,75.0,64.0,2.227179903943,ffd2169a0ec2b107,8d15af1f9d36efa1,781b84adc3cf92eb,200,144,72.0,300.368056,306.801438,1.0,4.1,352.186237,5.556667,336.547684,4.118056,5.173693,0.0,0.512736,0.757282,0.40282,0.244586,400,4344,4344,32.0,0,0,16,16,89,89,14,6,624.0,593,0,0,71,129,0,71,15,8,7,0,15,7,7,7,0,0,0,0,0,56,0,56,56,56,0,0,0,0,Baseline OC0
1660,0,,,,15000189,100,0,357.466086538203,75.0,39.0,2.865432690443,630dd4edbabe08ce,8d15af1f9d36efa1,a608605fc0311d0a,200,187,93.5,255.320856,248.169092,1.0,3.7,309.770962,4.641667,302.214237,3.925134,4.189373,0.0,0.425665,0.731183,0.352734,0.132388,400,4088,4088,32.0,0,0,16,16,51,51,10,0,544.0,734,0,0,32,168,0,32,19,14,5,0,19,5,5,5,0,0,0,0,0,13,0,13,13,13,0,0,0,0,Baseline OC0
1675,0,,,,15000204,100,0,129.939670413722,325.0,68.0,2.77634404773,712b9425af56185f,8d15af1f9d36efa1,5247ff32fe3821dc,200,198,99.0,248.025253,256.130904,1.0,3.7,291.791906,6.756667,310.313689,3.843434,6.134034,0.0,0.405004,0.721448,0.344531,0.101535,400,4536,4536,32.0,0,0,16,16,42,42,2,0,518.0,761,0,0,22,178,0,22,20,19,1,0,20,1,1,1,0,0,0,0,0,2,0,2,2,2,0,0,0,0,Baseline OC0
1694,0,,,,15000223,100,0,472.026356945298,425.0,63.0,2.410375099405,5b3de82e3f610e74,8d15af1f9d36efa1,8cfb490fe59b464b,200,152,76.0,369.269737,339.375218,1.0,5.0,411.754259,4.950595,454.85915,5.592105,4.32,0.0,0.415406,0.751244,0.32,0.168297,400,4088,4088,32.0,0,0,16,16,76,76,20,0,604.0,850,0,0,62,138,0,62,14,4,10,0,14,10,10,10,0,0,0,0,0,48,0,48,48,48,0,0,0,0,Baseline OC0
1697,0,,,,15000226,100,0,198.045310284721,325.0,61.0,2.281370457506,c34a7a8cc7519212,8d15af1f9d36efa1,681b9d166eee7fe5,200,200,100.0,227.745,247.941301,1.0,3.4,270.597229,5.97619,273.774448,3.435,5.666667,0.0,0.427023,0.719101,0.367985,0.104302,400,4304,4304,32.0,0,0,16,16,40,40,0,0,512.0,687,0,0,20,180,0,20,20,20,0,0,20,0,0,0,0,0,0,0,0,0,0,0,0,0,0,0,0,0,Baseline OC0
1699,0,,,,15000228,100,0,418.421267213017,425.0,46.0,2.951836953138,2641485f1b639a05,8d15af1f9d36efa1,ad5be88ebbdb96b1,200,177,88.5,255.40113,259.583825,1.0,3.6,292.184098,5.546667,298.191562,3.864407,4.887427,0.0,0.451043,0.737533,0.369004,0.159705,400,4456,4456,32.0,0,0,16,16,59,59,12,0,562.0,684,0,0,41,159,0,41,18,12,6,0,18,6,6,6,0,0,0,0,0,23,0,23,23,23,0,0,0,0,Baseline OC0
1703,0,,,,15000232,100,0,278.079896476564,75.0,41.0,1.866930593835,efa82993deccc630,8d15af1f9d36efa1,32c95f46d1ce244b,200,158,79.0,252.772152,246.207681,1.0,3.5,286.69904,5.238095,302.115512,4.012658,4.717666,0.0,0.479475,0.744898,0.386847,0.193384,400,4432,4432,32.0,0,0,16,16,71,71,10,2,584.0,634,0,0,56,144,0,56,14,9,5,0,14,5,5,5,0,0,0,0,0,42,0,42,42,42,0,0,0,0,Baseline OC0
1713,0,,,,15000242,100,0,178.143945639847,75.0,52.0,2.200963293087,9e916ff5c6a110d9,8d15af1f9d36efa1,d836224fe618bfff,200,162,81.0,254.691358,246.465589,1.0,3.8,301.977321,4.705,296.325096,3.820988,4.499192,0.0,0.484596,0.744246,0.392542,0.195059,400,4616,4616,32.0,0,0,16,16,72,72,6,0,582.0,619,0,0,55,145,0,55,17,14,3,0,17,3,3,3,0,0,0,0,0,38,0,38,38,38,0,0,0,0,Baseline OC0
1716,0,,,,15000245,100,0,486.70842938731,75.0,68.0,2.144500557075,be754cd91a58c827,8d15af1f9d36efa1,2266ef4f7f253e45,200,167,83.5,248.401198,240.447369,1.0,3.4,280.508345,4.858333,282.94366,3.592814,4.643333,0.0,0.489796,0.742268,0.4,0.193548,400,4264,4264,32.0,0,0,16,16,67,67,10,0,576.0,600,0,0,50,150,0,50,17,12,5,0,17,5,5,5,0,0,0,0,0,33,0,33,33,33,0,0,0,0,Baseline OC0
1727,0,,,,15000256,100,0,399.976390776876,175.0,71.0,1.871304661527,defcb34bcedcdb03,8d15af1f9d36efa1,9bb9a4002e696676,200,190,95.0,315.378947,311.317649,1.0,4.5,369.043608,5.476429,395.386869,4.978947,4.421776,0.0,0.361673,0.728261,0.297177,0.099048,400,4088,4088,32.0,0,0,16,16,50,50,4,0,536.0,946,0,0,30,170,0,30,20,18,2,0,20,2,2,2,0,0,0,0,0,10,0,10,10,10,0,0,0,0,Baseline OC0
1744,0,,,,15000273,100,0,62.949816597466,425.0,56.0,2.360724887062,701c1f6cbdabb51f,8d15af1f9d36efa1,fad2394ff9b0af37,200,172,86.0,266.046512,285.488753,1.0,3.9,318.676347,4.7,310.74246,3.877907,4.404798,0.0,0.460792,0.74026,0.374883,0.171429,400,3856,3856,32.0,0,0,16,16,60,60,18,0,570.0,667,0,0,44,156,0,44,16,7,9,0,16,9,9,9,0,0,0,0,0,28,0,28,28,28,0,0,0,0,Baseline OC0
1745,0,,,,15000274,100,0,316.057201652188,175.0,48.0,2.654159282136,cba4975cb11d87d1,8d15af1f9d36efa1,9b572100c6131d8f,200,169,84.5,199.650888,200.270427,1.0,2.8,218.47744,4.370238,227.347586,2.881657,4.386037,0.0,0.536632,0.73822,0.450958,0.213247,400,3816,3816,32.0,0,0,16,16,65,65,2,0,564.0,487,0,0,48,152,0,48,17,16,1,0,17,1,1,1,0,0,0,0,0,31,0,31,31,31,0,0,0,0,Baseline OC0
1766,0,,,,15000295,100,0,99.035075963936,175.0,85.0,1.535089484381,cae9f31c732bd511,8d15af1f9d36efa1,e4061f9be2be6851,200,200,100.0,257.32,268.668421,1.0,4.0,319.263215,4.075,316.798116,4.0,4.07375,0.0,0.392097,0.72067,0.333333,0.095023,400,3880,3880,32.0,0,0,16,16,40,40,4,0,516.0,800,0,0,20,180,0,20,20,18,2,0,20,2,2,2,0,0,0,0,0,0,0,0,0,0,0,0,0,0,Baseline OC0
1767,0,,,,15000296,100,0,475.934280455599,175.0,82.0,1.740887987275,eb7284f7f104b5f1,8d15af1f9d36efa1,763823a1fb841002,200,200,100.0,195.7,195.279917,1.0,2.9,220.382872,4.363333,214.940127,2.935,4.456559,0.0,0.471647,0.723757,0.405268,0.135493,400,3848,3848,32.0,0,0,16,16,40,40,12,0,524.0,587,0,0,20,180,0,20,20,14,6,0,20,6,6,6,0,0,0,0,0,0,0,0,0,0,0,0,0,0,Baseline OC0
1768,0,,,,15000297,100,0,399.801831339475,75.0,77.0,1.62286103279,121370bb0784ced2,8d15af1f9d36efa1,817df0ea3807b6bc,200,147,73.5,185.571429,225.57092,1.0,3.1,247.03151,6.375,224.170157,2.972789,5.615561,0.0,0.577778,0.749373,0.477897,0.27529,400,4680,4680,32.0,0,0,16,16,83,83,0,0,598.0,437,0,0,68,132,0,68,15,15,0,0,15,0,0,0,0,0,0,0,0,53,0,53,53,53,0,0,0,0,Baseline OC0
1780,0,,,,15000309,100,0,4.619223352479,175.0,88.0,2.284010802312,583f96bb01b770bd,8d15af1f9d36efa1,9b0c1400c5d31bfe,200,180,90.0,219.611111,228.003853,1.0,3.2,250.767099,5.596667,247.513992,3.116667,5.15508,0.0,0.49866,0.736148,0.416233,0.183406,400,4560,4560,32.0,0,0,16,16,56,56,14,0,558.0,561,0,0,38,162,0,38,18,11,7,0,18,7,7,7,0,0,0,0,0,20,0,20,20,20,0,0,0,0,Baseline OC0
1786,0,,,,15000315,100,0,11.639991673097,75.0,48.0,2.962649458544,d812d43d1919447,8d15af1f9d36efa1,b3faecab89c5666b,200,149,74.5,282.241611,259.483206,1.0,3.6,283.267158,5.225,319.67834,3.899329,4.428571,0.0,0.513808,0.7543,0.407747,0.238532,400,3880,3880,32.0,0,0,16,16,82,82,18,2,614.0,581,0,0,66,134,0,66,15,6,9,0,15,9,9,9,0,0,0,0,0,51,0,51,51,51,0,0,0,0,Baseline OC0
1789,0,,,,15000318,100,0,67.079247887429,325.0,84.0,1.938588199223,b8e4db6301e2531,8d15af1f9d36efa1,ab5d4746f871e44,200,195,97.5,288.282051,311.765417,1.0,4.5,345.726594,5.3375,358.929275,4.717949,4.434783,0.0,0.366391,0.726776,0.30303,0.098039,400,4152,4152,32.0,0,0,16,16,45,45,10,0,532.0,920,0,0,25,175,0,25,20,15,5,0,20,5,5,5,0,0,0,0,0,5,0,5,5,5,0,0,0,0,Baseline OC0
1790,0,,,,15000319,100,0,198.313144981023,325.0,46.0,2.334045015742,517963d0e7d1b045,8d15af1f9d36efa1,9ad93900c5a80144,200,184,92.0,203.554348,208.348323,1.0,2.8,228.346714,5.626667,237.013157,3.086957,5.091549,0.0,0.486438,0.728997,0.413223,0.15727,400,4272,4272,32.0,0,0,16,16,52,52,2,0,538.0,568,0,0,34,166,0,34,18,17,1,0,18,1,1,1,0,0,0,0,0,16,0,16,16,16,0,0,0,0,Baseline OC0
1795,0,,,,15000324,100,0,183.107567414768,425.0,35.0,2.541936964457,62ef4fb80eb610e4,8d15af1f9d36efa1,3c8f634f8e027a4a,200,169,84.5,250.331361,251.6865,1.0,3.6,291.118231,5.011667,296.095583,3.686391,4.786517,0.0,0.47691,0.739583,0.391007,0.179183,400,4336,4336,32.0,0,0,16,16,63,63,10,0,568.0,623,0,0,47,153,0,47,16,11,5,0,16,5,5,5,0,0,0,0,0,31,0,31,31,31,0,0,0,0,Baseline OC0
1798,0,,,,15000327,100,0,346.584194636144,75.0,45.0,2.175803850364,5f6aa33eb4bf71c0,8d15af1f9d36efa1,4a35a6ccb39196c4,200,160,80.0,257.7875,265.927755,1.0,3.5,293.315061,5.698333,309.941051,3.70625,5.318718,0.0,0.494459,0.74359,0.40282,0.19973,400,4544,4544,32.0,0,0,16,16,72,72,4,0,580.0,593,0,0,56,144,0,56,16,14,2,0,16,2,2,2,0,0,0,0,0,40,0,40,40,40,0,0,0,0,Baseline OC0
1804,0,,,,15000333,100,0,9.733820572148,75.0,54.0,2.791128348192,cfd69684f6f00312,8d15af1f9d36efa1,9b2aa100c5ed0924,200,165,82.5,265.163636,229.517188,1.0,3.2,253.766266,5.578333,276.543642,3.406061,5.202847,0.0,0.518836,0.751861,0.4158,0.236413,400,4448,4448,32.0,0,0,16,16,79,79,16,12,606.0,562,0,0,54,146,0,54,19,11,8,0,19,8,8,8,0,0,0,0,0,35,0,35,35,35,0,0,0,0,Baseline OC0
1812,0,,,,15000341,100,0,50.685557299341,325.0,81.0,2.214996911787,921e15d83534417,8d15af1f9d36efa1,d73d11152f035c6b,200,198,99.0,297.626263,319.33873,1.0,4.6,368.23145,4.820833,369.050557,4.888889,4.416322,0.0,0.353805,0.726027,0.292398,0.091932,400,4152,4152,32.0,0,0,16,16,42,42,14,0,530.0,968,0,0,22,178,0,22,20,13,7,0,20,7,7,7,0,0,0,0,0,2,0,2,2,2,0,0,0,0,Baseline OC0
1814,0,,,,15000343,100,0,497.099349202855,175.0,71.0,2.900693409681,7a5ad157e48a00f5,8d15af1f9d36efa1,7ab6159881e1bb40,200,187,93.5,270.304813,275.91409,1.0,4.0,311.859516,4.746429,312.559616,4.181818,4.474425,0.0,0.412913,0.733333,0.338409,0.131111,400,4088,4088,32.0,0,0,16,16,51,51,16,0,550.0,782,0,0,32,168,0,32,19,11,8,0,19,8,8,8,0,0,0,0,0,13,0,13,13,13,0,0,0,0,Baseline OC0
1819,0,,,,15000348,100,0,229.319295225162,75.0,58.0,1.559069993079,db8310fbc28dedfb,8d15af1f9d36efa1,b379422bed628164,200,122,61.0,295.286885,270.398285,1.0,4.0,309.392131,4.436667,343.887514,4.155738,4.899408,0.0,0.561039,0.764151,0.441014,0.298755,400,4168,4168,32.0,0,0,16,16,105,105,6,6,648.0,507,0,0,90,110,0,90,12,9,3,0,12,3,3,3,0,0,0,0,0,78,0,78,78,78,0,0,0,0,Baseline OC0
1827,0,,,,15000356,100,0,440.036743619607,175.0,74.0,2.511041563102,b72b6968d90d0e1d,8d15af1f9d36efa1,f9d6c94ff8db19c1,200,172,86.0,255.383721,245.954534,1.0,3.9,301.616175,4.634048,296.308206,3.965116,4.195015,0.0,0.457006,0.741602,0.369686,0.17233,400,3816,3816,32.0,0,0,16,16,68,68,6,0,574.0,682,0,0,48,152,0,48,20,17,3,0,20,3,3,3,0,0,0,0,0,28,0,28,28,28,0,0,0,0,Baseline OC0
1850,0,,,,15000379,100,0,233.818296038671,425.0,29.0,1.942933209337,b25dea98cc6b8b08,8d15af1f9d36efa1,8a601950dc4f9718,200,182,91.0,296.368132,280.060694,1.0,4.3,339.570016,4.477024,349.338025,4.450549,3.818519,0.0,0.407895,0.736148,0.330579,0.134615,400,3888,3888,32.0,0,0,16,16,56,56,14,0,558.0,810,0,0,37,163,0,37,19,12,7,0,19,7,7,7,0,0,0,0,0,18,0,18,18,18,0,0,0,0,Baseline OC0
1855,0,,,,15000384,100,0,88.317153294369,425.0,38.0,2.890193436815,9f79c47ac7094bb2,8d15af1f9d36efa1,d01b5f4fe1a9ff42,200,128,64.0,307.117188,286.272381,1.0,3.9,323.084952,4.6,371.801689,4.71875,4.236755,0.0,0.515249,0.76247,0.398406,0.257985,400,4104,4104,32.0,0,0,16,16,99,99,12,2,642.0,604,0,0,85,115,0,85,13,7,6,0,13,6,6,6,0,0,0,0,0,72,0,72,72,72,0,0,0,0,Baseline OC0
1877,0,,,,15000406,100,0,367.435985360987,175.0,56.0,2.975890192652,5463b7c9c9e0c3fe,8d15af1f9d36efa1,bbfd5a2201819594,200,197,98.5,211.71066,209.089384,1.0,3.3,264.116077,4.710952,247.063781,3.441624,4.442478,0.0,0.435,0.722992,0.371058,0.117188,400,4536,4536,32.0,0,0,16,16,44,44,2,2,522.0,678,0,0,23,177,0,23,20,19,1,0,20,1,1,1,0,0,0,0,0,3,0,3,3,3,0,0,0,0,Baseline OC0
1890,0,,,,15000419,100,0,458.344761203512,75.0,58.0,2.955331773438,3721785361a330b0,8d15af1f9d36efa1,4661a4fff5fbf27,200,173,86.5,216.260116,195.941376,1.0,2.9,225.077814,4.936667,229.357064,3.115607,4.619666,0.0,0.51832,0.74359,0.425985,0.215429,400,4088,4088,32.0,0,0,16,16,69,69,10,12,580.0,539,0,0,45,155,0,45,18,13,5,0,18,5,5,5,0,0,0,0,0,27,0,27,27,27,0,0,0,0,Baseline OC0
1891,0,,,,15000420,100,0,245.024624397593,175.0,44.0,2.04490076884,460f8707c4c8b74,8d15af1f9d36efa1,d6bf82f0e1caeb13,200,162,81.0,230.444444,239.502467,1.0,3.1,257.350167,5.175,264.975537,3.253086,4.686907,0.0,0.528201,0.746835,0.431499,0.230657,400,4600,4600,32.0,0,0,16,16,77,77,4,18,590.0,527,0,0,53,147,0,53,15,13,2,0,15,2,2,2,0,0,0,0,0,38,0,38,38,38,0,0,0,0,Baseline OC0
1896,0,,,,15000425,100,0,358.842467872995,425.0,45.0,2.511620472616,b0cbb3c55dc12c83,8d15af1f9d36efa1,6b51f2503960f27c,200,174,87.0,237.695402,210.965905,1.0,3.0,238.706667,4.083333,263.328414,3.270115,4.128295,0.0,0.498678,0.738903,0.412797,0.190612,400,3992,3992,32.0,0,0,16,16,62,62,10,0,566.0,569,0,0,44,156,0,44,18,13,5,0,18,5,5,5,0,0,0,0,0,26,0,26,26,26,0,0,0,0,Baseline OC0
1897,0,,,,15000426,100,0,471.499445982129,175.0,82.0,2.509071414899,7ca8efbd0765eb41,8d15af1f9d36efa1,c68595eabad8e5c5,200,200,100.0,281.315,261.299604,1.0,3.8,303.452037,4.872143,333.612187,4.37,3.964531,0.0,0.375714,0.724518,0.313972,0.097107,400,4208,4208,32.0,0,0,16,16,41,41,12,2,526.0,874,0,0,20,180,0,20,20,14,6,0,20,6,6,6,0,0,0,0,0,0,0,0,0,0,0,0,0,0,Baseline OC0
1917,0,,,,15000446,100,0,116.415402812546,425.0,59.0,2.30035091441,4c8d578fc6f82ffa,8d15af1f9d36efa1,187e8c509b72613f,200,146,73.0,209.363014,212.780331,1.0,3.2,244.741872,4.62,236.635674,3.178082,5.006466,0.0,0.564728,0.750623,0.462963,0.268139,400,4056,4056,32.0,0,0,16,16,82,82,6,0,602.0,464,0,0,68,132,0,68,14,11,3,0,14,3,3,3,0,0,0,0,0,54,0,54,54,54,0,0,0,0,Baseline OC0
1923,0,,,,15000452,100,0,57.231577620462,175.0,79.0,2.223555519135,6b93c6a2396bd927,8d15af1f9d36efa1,d800ee884c90e818,200,185,92.5,229.935135,222.555295,1.0,3.1,239.552866,5.035714,273.233247,3.405405,4.671429,0.0,0.460616,0.728997,0.38835,0.144022,400,4336,4336,32.0,0,0,16,16,51,51,4,0,538.0,630,0,0,33,167,0,33,18,16,2,0,18,2,2,2,0,0,0,0,0,15,0,15,15,15,0,0,0,0,Baseline OC0
1930,0,,,,15000459,100,0,102.740926946717,175.0,58.0,2.664496545339,6961d5d23726ba30,8d15af1f9d36efa1,bd95e448f3434021,200,198,99.0,249.737374,278.224134,1.0,3.6,302.267428,4.516667,297.517958,3.606061,4.414566,0.0,0.421394,0.722222,0.359066,0.109726,400,3856,3856,32.0,0,0,16,16,43,43,2,2,520.0,714,0,0,22,178,0,22,20,19,1,0,20,1,1,1,0,0,0,0,0,2,0,2,2,2,0,0,0,0,Baseline OC0
1936,0,,,,15000465,100,0,249.111653066736,425.0,41.0,1.756130515691,f994ea3620d85cee,8d15af1f9d36efa1,3b78be4f8d15c30d,200,116,58.0,283.603448,233.010654,1.0,3.3,250.795973,5.361667,291.68646,3.836207,4.889888,0.0,0.601611,0.770642,0.473373,0.350365,400,4040,4040,32.0,0,0,16,16,113,113,14,2,672.0,445,0,0,98,102,0,98,14,7,7,0,14,7,7,7,0,0,0,0,0,84,0,84,84,84,0,0,0,0,Baseline OC0
1938,0,,,,15000467,100,0,267.512216584015,75.0,40.0,1.716266958162,7ddb2ad2e37aded5,8d15af1f9d36efa1,4f3da0a291cdfd3,200,165,82.5,294.866667,305.292422,1.0,4.8,375.875295,4.310952,362.404445,4.945455,3.898284,0.0,0.413793,0.742268,0.328947,0.15,400,3984,3984,32.0,0,0,16,16,67,67,10,0,576.0,816,0,0,51,149,0,51,16,11,5,0,16,5,5,5,0,0,0,0,0,35,0,35,35,35,0,0,0,0,Baseline OC0
1940,0,,,,15000469,100,0,37.011325621857,325.0,83.0,2.052273056638,c978bfc9f84df8a1,8d15af1f9d36efa1,968ae0d0df82f212,200,178,89.0,234.241573,280.105302,1.0,3.7,295.457053,5.3,284.766506,3.578652,5.141287,0.0,0.462447,0.73262,0.385728,0.15405,400,4360,4360,32.0,0,0,16,16,56,56,4,0,548.0,637,0,0,39,161,0,39,17,15,2,0,17,2,2,2,0,0,0,0,0,22,0,22,22,22,0,0,0,0,Baseline OC0
1943,0,,,,15000472,100,0,43.848388564383,325.0,70.0,2.948858212838,36c3d80ba49d60ff,8d15af1f9d36efa1,e72e0d467bc91e76,200,169,84.5,251.313609,261.285877,1.0,3.7,288.804725,5.181667,288.615071,3.609467,4.785246,0.0,0.487395,0.74359,0.39604,0.195251,400,3824,3824,32.0,0,0,16,16,70,70,8,6,580.0,610,0,0,49,151,0,49,18,14,4,0,18,4,4,4,0,0,0,0,0,31,0,31,31,31,0,0,0,0,Baseline OC0
1947,0,,,,15000476,100,0,36.863384563854,425.0,63.0,2.977760508549,69f1e1c0ed954bde,8d15af1f9d36efa1,58c79a02822b91a8,200,92,46.0,277.978261,302.980962,1.0,4.1,332.116642,4.248333,320.615661,4.152174,4.041885,0.0,0.64695,0.777778,0.511509,0.412308,400,4064,4064,32.0,0,0,16,16,130,130,8,0,700.0,382,0,0,119,81,0,119,11,7,4,0,11,4,4,4,0,0,0,0,0,108,0,108,108,108,0,0,0,0,Baseline OC0
1951,0,,,,15000480,100,0,420.329290054836,175.0,68.0,2.813049150282,7e416ebb0c0e1469,8d15af1f9d36efa1,36c5bd2ec6c6b80b,200,183,91.5,219.606557,228.134267,1.0,3.4,251.458797,4.483333,249.2483,3.322404,4.286184,0.0,0.475862,0.734043,0.396825,0.164835,400,3728,3728,32.0,0,0,16,16,57,57,6,0,552.0,608,0,0,37,163,0,37,20,17,3,0,20,3,3,3,0,0,0,0,0,17,0,17,17,17,0,0,0,0,Baseline OC0
1952,0,,,,15000481,100,0,336.512673899536,325.0,66.0,1.684757087565,2c63fd72e185237,8d15af1f9d36efa1,2e7b04f01aca44c2,200,200,100.0,287.45,302.095042,1.0,4.1,338.163094,5.358571,352.517251,4.3,5.117442,0.0,0.375907,0.721448,0.31746,0.090909,400,4216,4216,32.0,0,0,16,16,40,40,6,0,518.0,860,0,0,20,180,0,20,20,17,3,0,20,3,3,3,0,0,0,0,0,0,0,0,0,0,0,0,0,0,Baseline OC0
1955,0,,,,15000484,100,0,66.320718556923,75.0,65.0,1.877109044856,f5761405abec32e0,8d15af1f9d36efa1,8fd37d4f2c51451a,200,158,79.0,261.044304,245.831791,1.0,3.8,292.587199,4.323333,313.03176,4.018987,4.193701,0.0,0.479934,0.745547,0.386473,0.195184,400,3984,3984,32.0,0,0,16,16,74,74,6,0,586.0,635,0,0,58,142,0,58,16,13,3,0,16,3,3,3,0,0,0,0,0,42,0,42,42,42,0,0,0,0,Baseline OC0
1958,0,,,,15000487,100,0,125.741163523112,75.0,48.0,2.301297909647,2176d9fd87ccd5db,8d15af1f9d36efa1,20d9e18b5621cdd4,200,137,68.5,238.912409,242.72446,1.0,3.3,262.353492,4.621667,281.646404,3.489051,4.527197,0.0,0.568592,0.759036,0.455581,0.292899,400,3848,3848,32.0,0,0,16,16,97,97,4,8,630.0,478,0,0,78,122,0,78,15,13,2,0,15,2,2,2,0,0,0,0,0,63,0,63,63,63,0,0,0,0,Baseline OC0
1962,0,,,,15000491,100,0,419.201352496034,75.0,63.0,1.956517569098,a702e280b05beefd,8d15af1f9d36efa1,fb74fb4ffa3aa72d,200,184,92.0,226.146739,222.090844,1.0,3.1,252.288678,3.5,260.390233,3.222826,3.41484,0.0,0.477533,0.730458,0.40282,0.156472,400,4080,4080,32.0,0,0,16,16,54,54,2,0,542.0,593,0,0,35,165,0,35,19,18,1,0,19,1,1,1,0,0,0,0,0,16,0,16,16,16,0,0,0,0,Baseline OC0
1964,0,,,,15000493,100,0,170.847496618624,325.0,87.0,1.537533778344,fdf883c728659b91,8d15af1f9d36efa1,dd4b18f3d3aa618c,200,200,100.0,275.325,281.188526,1.0,4.1,324.917228,4.788333,339.580662,4.235,4.787485,0.0,0.377663,0.719888,0.32077,0.088267,400,4240,4240,32.0,0,0,16,16,40,40,2,0,514.0,847,0,0,20,180,0,20,20,19,1,0,20,1,1,1,0,0,0,0,0,0,0,0,0,0,0,0,0,0,Baseline OC0
1989,0,,,,15000518,100,0,96.84659246055,175.0,71.0,2.606925443558,ccc7998b2795c545,8d15af1f9d36efa1,ee87018c524e16ac,200,200,100.0,204.715,217.169031,1.0,3.3,254.03159,4.216667,245.12672,3.3,4.151515,0.0,0.43686,0.719101,0.377358,0.108108,400,4056,4056,32.0,0,0,16,16,40,40,0,0,512.0,660,0,0,20,180,0,20,20,20,0,0,20,0,0,0,0,0,0,0,0,0,0,0,0,0,0,0,0,0,Baseline OC0
