scenario_id,scenario_seed,node_count,auv_id,x,y,local_density,speed,source_to_oc_distance,destination_to_oc_distance,sensors_in_oc_range,gateways_in_oc_range,source_covered_by_oc,destination_covered_by_oc,estimated_local_path_exists,average_link_quality_in_oc_view,estimated_hop_count,mean_source_destination_distance_m,connected_flow_pair_ratio,mean_static_shortest_hops,mean_static_shortest_path_length_m,mean_static_feasible_relay_candidates,topology_hash
0,12000029,25,0,419.819505361,75,13,1.51190407496,291.827549631,270.544883775,13,13,0.5,0.5,0.2,1,2.70544883775,296.65037436,0.2,0.3,99.2464958696,2.25,fbe8e00e1c16c05c
0,12000029,25,1,417.693300368,325,15,2.42668820956,246.028931897,238.347974173,15,15,0.6,0.7,0.2,1,2.38347974173,296.65037436,0.2,0.3,99.2464958696,2.25,fbe8e00e1c16c05c
0,12000029,25,2,223.136479673,425,17,1.64332892833,260.214583695,264.513840684,17,17,0.6,0.7,0.2,1,2.64513840684,296.65037436,0.2,0.3,99.2464958696,2.25,fbe8e00e1c16c05c
0,12000029,25,3,164.595460846,175,24,1.58132099955,194.344696111,210.303994349,24,24,1,0.9,0.2,1,2.10303994349,296.65037436,0.2,0.3,99.2464958696,2.25,fbe8e00e1c16c05c
1,12000030,25,0,448.675890062,175,13,2.12857773143,327.598323517,324.846230473,13,13,0.3,0.5,0.2,1,3.24846230473,248.391241021,0.3,0.6,160.396106741,1.72222222222,8479354f3c97be16
1,12000030,25,1,286.589254046,75,13,1.56638322652,286.183610525,279.328384685,13,13,0.4,0.5,0.2,1,2.79328384685,248.391241021,0.3,0.6,160.396106741,1.72222222222,8479354f3c97be16
1,12000030,25,2,464.799151484,325,12,1.92658028909,330.396229109,353.981172267,12,12,0.4,0.4,0.1,1,3.53981172267,248.391241021,0.3,0.6,160.396106741,1.72222222222,8479354f3c97be16
1,12000030,25,3,80.0913756682,425,12,2.45511860454,277.499671884,220.82250038,12,12,0.4,0.7,0.1,1,2.2082250038,248.391241021,0.3,0.6,160.396106741,1.72222222222,8479354f3c97be16
2,12000031,25,0,442.153479511,425,11,2.85299697776,311.002125976,271.937056446,11,11,0.4,0.6,0.3,1,2.71937056446,206.173050053,0.3,0.5,123.18874106,1.83333333333,d00fc46ecdc82985
2,12000031,25,1,467.711243472,325,13,1.62154658822,276.207643795,261.759419665,13,13,0.5,0.7,0.3,1,2.61759419665,206.173050053,0.3,0.5,123.18874106,1.83333333333,d00fc46ecdc82985
2,12000031,25,2,145.746731123,175,20,1.96346111096,183.49186469,202.930817601,20,20,1,0.7,0.3,1,2.02930817601,206.173050053,0.3,0.5,123.18874106,1.83333333333,d00fc46ecdc82985
2,12000031,25,3,119.016950198,75,15,2.94594834733,225.924601544,269.973791614,15,15,0.7,0.6,0,1,2.69973791614,206.173050053,0.3,0.5,123.18874106,1.83333333333,d00fc46ecdc82985
3,12000032,25,0,326.25058794,175,22,1.90481817096,205.279978433,204.990656964,22,22,0.8,1,0.4,1,2.04990656964,279.231461604,0.4,0.9,193.18611356,1.25,2faf3071b70b296c
3,12000032,25,1,136.521091772,425,13,2.77684882698,243.628315015,343.053247928,13,13,0.7,0.2,0.4,1,3.43053247928,279.231461604,0.4,0.9,193.18611356,1.25,2faf3071b70b296c
3,12000032,25,2,3.18868354815,325,11,1.8335195807,318.434905498,351.83653383,11,11,0.4,0.2,0.3,1,3.5183653383,279.231461604,0.4,0.9,193.18611356,1.25,2faf3071b70b296c
3,12000032,25,3,342.378446748,75,19,2.18456507312,260.142113827,202.895958926,19,19,0.5,0.8,0.3,1,2.02895958926,279.231461604,0.4,0.9,193.18611356,1.25,2faf3071b70b296c
4,12000033,25,0,277.222229032,425,18,1.75152279087,241.555071669,293.994385684,18,18,0.8,0.6,0.2,1,2.93994385684,237.879138662,0.6,2.9,375.48690099,1.28214285714,59dbe5815e751a2b
4,12000033,25,1,493.452902689,75,10,2.17458579359,306.769900421,328.954779332,10,10,0.5,0.4,0.3,1,3.28954779332,237.879138662,0.6,2.9,375.48690099,1.28214285714,59dbe5815e751a2b
4,12000033,25,2,403.604193554,175,16,1.7465140603,201.38497805,251.915494813,16,16,0.8,0.7,0.6,1,2.51915494813,237.879138662,0.6,2.9,375.48690099,1.28214285714,59dbe5815e751a2b
4,12000033,25,3,77.6346376254,325,17,2.20474095034,212.013186431,231.213571743,17,17,0.9,0.6,0.4,1,2.31213571743,237.879138662,0.6,2.9,375.48690099,1.28214285714,59dbe5815e751a2b
5,12000034,25,0,337.910094359,325,21,1.55443556535,249.166255651,281.536344439,21,21,1,0.6,0.1,1,2.81536344439,223.671933778,0.1,0.3,210.60536794,2,83c9529e4b190952
5,12000034,25,1,146.33432511,175,20,2.9302857039,148.491674135,201.490652617,20,20,0.9,0.8,0.1,1,2.01490652617,223.671933778,0.1,0.3,210.60536794,2,83c9529e4b190952
5,12000034,25,2,175.51148534,425,8,2.6648183477,310.887195732,358.427767572,8,8,0.3,0.1,0,1,3.58427767572,223.671933778,0.1,0.3,210.60536794,2,83c9529e4b190952
5,12000034,25,3,422.647226125,75,19,2.46024433079,219.007641176,238.687610412,19,19,0.9,0.6,0.1,1,2.38687610412,223.671933778,0.1,0.3,210.60536794,2,83c9529e4b190952
6,12000035,25,0,46.5136729173,75,11,2.88704161789,263.52360985,305.392108395,11,11,0.6,0.4,0,1,3.05392108395,267.672442838,0.3,1,291.216281579,1.83333333333,b2414e35c780429
6,12000035,25,1,420.706193514,425,15,2.53953427148,295.643763898,270.746374217,15,15,0.6,0.6,0.3,1,2.70746374217,267.672442838,0.3,1,291.216281579,1.83333333333,b2414e35c780429
6,12000035,25,2,190.305792743,175,22,2.04810962992,152.883448365,221.908806635,22,22,0.9,0.7,0.3,1,2.21908806635,267.672442838,0.3,1,291.216281579,1.83333333333,b2414e35c780429
6,12000035,25,3,335.497202563,325,21,2.62403255394,181.260620462,212.957209836,21,21,0.7,0.8,0.3,1,2.12957209836,267.672442838,0.3,1,291.216281579,1.83333333333,b2414e35c780429
7,12000036,25,0,19.2136762126,175,12,2.46162631415,250.437773677,292.278683205,12,12,0.6,0.4,0.2,1,2.92278683205,229.935886509,0.2,0.2,40.420707146,1,790ab57a409f5e79
7,12000036,25,1,396.320416957,325,18,2.65660815413,223.756834296,197.779884122,18,18,0.7,0.9,0.2,1,1.97779884122,229.935886509,0.2,0.2,40.420707146,1,790ab57a409f5e79
7,12000036,25,2,446.868888646,425,16,2.64979425321,318.247076935,274.201504198,16,16,0.6,0.8,0.2,1,2.74201504198,229.935886509,0.2,0.2,40.420707146,1,790ab57a409f5e79
7,12000036,25,3,95.6520315268,75,12,2.15937008363,215.170967854,283.397623498,12,12,0.6,0.4,0.2,1,2.83397623498,229.935886509,0.2,0.2,40.420707146,1,790ab57a409f5e79
8,12000037,25,0,70.4355892654,425,11,2.25676782411,312.334938217,294.022224614,11,11,0.5,0.6,0.1,1,2.94022224614,267.197188359,0.2,0.4,150.940269641,1.16666666667,795f727f1fa95386
8,12000037,25,1,465.793125932,175,12,2.78087641394,240.167076382,272.0563683,12,12,0.7,0.6,0.2,1,2.720563683,267.197188359,0.2,0.4,150.940269641,1.16666666667,795f727f1fa95386
8,12000037,25,2,380.806000346,75,13,2.52070247257,234.49291835,287.307248963,13,13,0.7,0.4,0.2,1,2.87307248963,267.197188359,0.2,0.4,150.940269641,1.16666666667,795f727f1fa95386
8,12000037,25,3,145.109332032,325,17,2.37512370076,215.410570992,210.020944825,17,17,0.9,0.8,0.1,1,2.10020944825,267.197188359,0.2,0.4,150.940269641,1.16666666667,795f727f1fa95386
9,12000038,25,0,338.385259397,425,13,1.83572241842,223.247456754,250.436641247,13,13,0.7,0.6,0.4,1,2.50436641247,200.97744278,0.5,1,136.879057308,1.3,25a19533cc41de53
9,12000038,25,1,486.314362963,175,10,2.91246462218,347.564600841,314.73764714,10,10,0.3,0.4,0.2,1,3.1473764714,200.97744278,0.5,1,136.879057308,1.3,25a19533cc41de53
9,12000038,25,2,106.47095117,75,16,2.77937081543,238.308585278,295.337413324,16,16,0.8,0.6,0.4,1,2.95337413324,200.97744278,0.5,1,136.879057308,1.3,25a19533cc41de53
9,12000038,25,3,165.389484953,325,20,2.48460631912,114.942487364,181.635572952,20,20,1,0.9,0.5,1,1.81635572952,200.97744278,0.5,1,136.879057308,1.3,25a19533cc41de53
10,12000039,25,0,322.951068629,425,17,1.97051648693,294.936635642,226.621647884,17,17,0.5,0.8,0.6,1,2.26621647884,225.759213064,1,3.7,278.501186921,2.13333333333,bb719d9265b09f54
10,12000039,25,1,42.5287846191,75,15,2.65060748728,246.705685307,305.399040531,15,15,0.8,0.4,0.8,1,3.05399040531,225.759213064,1,3.7,278.501186921,2.13333333333,bb719d9265b09f54
10,12000039,25,2,85.6186226337,325,18,1.57259756091,209.674646532,244.23452958,18,18,0.8,0.8,1,1,2.4423452958,225.759213064,1,3.7,278.501186921,2.13333333333,bb719d9265b09f54
10,12000039,25,3,291.079315875,175,22,2.39883181052,172.245150933,128.838585327,22,22,0.8,0.9,0.9,1,1.28838585327,225.759213064,1,3.7,278.501186921,2.13333333333,bb719d9265b09f54
11,12000040,25,0,94.2372137676,325,18,2.40918621717,185.870355571,225.169966823,18,18,1,0.7,0.4,1,2.25169966823,199.829824988,0.4,0.9,171.79941569,1.5625,771fff002e1ea921
11,12000040,25,1,130.759680558,175,20,2.81339611033,145.134691828,221.20130866,20,20,1,1,0.3,1,2.2120130866,199.829824988,0.4,0.9,171.79941569,1.5625,771fff002e1ea921
11,12000040,25,2,405.083743132,75,13,2.02342252171,278.956493131,299.197002247,13,13,0.6,0.3,0.2,1,2.99197002247,199.829824988,0.4,0.9,171.79941569,1.5625,771fff002e1ea921
11,12000040,25,3,319.23281472,425,14,1.67192052633,287.200393745,274.099075178,14,14,0.6,0.4,0.3,1,2.74099075178,199.829824988,0.4,0.9,171.79941569,1.5625,771fff002e1ea921
12,12000041,25,0,0.664089444725,75,11,2.18347968228,352.546523856,371.884906064,11,11,0.3,0.3,0,1,3.71884906064,260.786951546,0.2,0.2,45.1912488483,1,9ee4704b4dab3106
12,12000041,25,1,384.436223086,425,13,2.95619914044,239.321142467,211.761482603,13,13,0.6,0.7,0.2,1,2.11761482603,260.786951546,0.2,0.2,45.1912488483,1,9ee4704b4dab3106
12,12000041,25,2,385.94204696,175,18,2.75048194156,217.341714924,239.964392849,18,18,1,0.8,0.2,1,2.39964392849,260.786951546,0.2,0.2,45.1912488483,1,9ee4704b4dab3106
12,12000041,25,3,82.0335004725,325,18,1.7301003684,250.752171806,240.595761697,18,18,0.8,0.7,0.2,1,2.40595761697,260.786951546,0.2,0.2,45.1912488483,1,9ee4704b4dab3106
13,12000042,25,0,86.2764409324,175,17,2.2421738505,227.773238946,239.622723958,17,17,0.6,0.6,0.3,1,2.39622723958,272.129156583,0.3,0.3,76.1918156322,1.66666666667,6d3ac3b12a93555f
13,12000042,25,1,376.2971873,75,14,2.54845628635,216.094709548,282.193932982,14,14,0.6,0.3,0,1,2.82193932982,272.129156583,0.3,0.3,76.1918156322,1.66666666667,6d3ac3b12a93555f
13,12000042,25,2,443.314650748,325,16,1.5963425442,316.392778218,278.697507546,16,16,0.6,0.5,0.2,1,2.78697507546,272.129156583,0.3,0.3,76.1918156322,1.66666666667,6d3ac3b12a93555f
13,12000042,25,3,294.618252921,425,15,1.61260795194,309.66122614,260.567329583,15,15,0.2,0.6,0.2,1,2.60567329583,272.129156583,0.3,0.3,76.1918156322,1.66666666667,6d3ac3b12a93555f
14,12000043,25,0,382.754935527,75,11,1.965751495,277.107478996,303.073269516,11,11,0.4,0.3,0,1,3.03073269516,335.26032379,0.1,0.2,129.886853399,2,45e61bb9c36c6cf4
14,12000043,25,1,66.5666261191,175,13,2.25207269833,291.095350454,270.32268134,13,13,0.6,0.6,0,1,2.7032268134,335.26032379,0.1,0.2,129.886853399,2,45e61bb9c36c6cf4
14,12000043,25,2,141.911081907,425,15,2.7489520175,239.473301665,273.644374106,15,15,0.7,0.5,0.1,1,2.73644374106,335.26032379,0.1,0.2,129.886853399,2,45e61bb9c36c6cf4
14,12000043,25,3,371.806231574,325,18,1.63810967137,176.850075138,234.87936136,18,18,0.9,0.7,0.1,1,2.3487936136,335.26032379,0.1,0.2,129.886853399,2,45e61bb9c36c6cf4
15,12000044,25,0,145.602626607,425,13,2.32850928622,260.147535877,221.550166942,13,13,0.5,0.8,0,1,2.21550166942,274.353130665,0.1,0.3,199.439160235,1.33333333333,1327aaa1c7b747df
15,12000044,25,1,307.209329846,325,21,2.13623163738,205.35121841,212.539630178,21,21,0.8,0.9,0.1,1,2.12539630178,274.353130665,0.1,0.3,199.439160235,1.33333333333,1327aaa1c7b747df
15,12000044,25,2,430.872024591,75,15,2.83363995071,247.485030692,323.200849933,15,15,0.6,0.4,0.1,1,3.23200849933,274.353130665,0.1,0.3,199.439160235,1.33333333333,1327aaa1c7b747df
15,12000044,25,3,189.148018491,175,22,2.10287897647,173.295107825,145.705589308,22,22,1,0.9,0.1,1,1.45705589308,274.353130665,0.1,0.3,199.439160235,1.33333333333,1327aaa1c7b747df
16,12000045,25,0,220.233726871,325,21,1.60868310219,180.697764074,216.579139742,21,21,1,0.8,0.5,1,2.16579139742,238.494758161,0.5,1.2,170.001065718,2.26,db512fff5afc920f
16,12000045,25,1,233.342567851,425,18,1.8166492243,170.212593457,258.40855926,18,18,0.8,0.6,0.5,1,2.5840855926,238.494758161,0.5,1.2,170.001065718,2.26,db512fff5afc920f
16,12000045,25,2,224.109930653,75,16,1.87658912337,329.856606416,229.887436556,16,16,0.3,0.6,0.4,1,2.29887436556,238.494758161,0.5,1.2,170.001065718,2.26,db512fff5afc920f
16,12000045,25,3,279.895003532,175,21,1.55498247569,263.890153531,210.897085787,21,21,0.6,0.8,0.5,1,2.10897085787,238.494758161,0.5,1.2,170.001065718,2.26,db512fff5afc920f
17,12000046,25,0,222.863224346,175,19,2.03484527666,190.550522263,168.785881999,19,19,0.9,0.8,0.2,1,1.68785881999,203.75592633,0.2,0.3,108.495473791,1.5,c728b257e6330e6b
17,12000046,25,1,386.035952272,325,17,2.93585271961,202.619205997,222.146684544,17,17,0.7,0.7,0.2,1,2.22146684544,203.75592633,0.2,0.3,108.495473791,1.5,c728b257e6330e6b
17,12000046,25,2,399.865666398,425,13,2.61236638045,256.34168838,280.111461271,13,13,0.6,0.6,0.1,1,2.80111461271,203.75592633,0.2,0.3,108.495473791,1.5,c728b257e6330e6b
17,12000046,25,3,162.118879092,75,14,2.84108758606,251.444636498,229.483082759,14,14,0.6,0.7,0.2,1,2.29483082759,203.75592633,0.2,0.3,108.495473791,1.5,c728b257e6330e6b
18,12000047,25,0,497.202649172,325,15,2.27369460899,238.637645154,208.049684991,15,15,0.6,0.7,0.2,1,2.08049684991,281.968042005,0.2,0.2,71.5755778603,2.5,f0e4a8c06c8aa401
18,12000047,25,1,46.2987660156,75,7,2.01933355506,392.271183005,369.873041066,7,7,0.2,0.2,0,1,3.69873041066,281.968042005,0.2,0.2,71.5755778603,2.5,f0e4a8c06c8aa401
18,12000047,25,2,434.922569758,175,19,2.59621734749,233.125462553,209.515263113,19,19,0.9,0.8,0.2,1,2.09515263113,281.968042005,0.2,0.2,71.5755778603,2.5,f0e4a8c06c8aa401
18,12000047,25,3,13.6961023732,425,3,1.89841797915,408.519392732,418.377684492,3,3,0.2,0,0,1,4.18377684492,281.968042005,0.2,0.2,71.5755778603,2.5,f0e4a8c06c8aa401
19,12000048,25,0,489.155218332,425,12,2.65325599389,299.874339515,366.450650496,12,12,0.5,0.2,0,1,3.66450650496,224.894218261,0.3,0.7,212.571033327,1.5,fc9debb55af259f0
19,12000048,25,1,54.3306248261,75,13,2.18498958457,319.571562051,254.132046263,13,13,0.4,0.8,0.3,1,2.54132046263,224.894218261,0.3,0.7,212.571033327,1.5,fc9debb55af259f0
19,12000048,25,2,460.554612553,175,14,2.64097761192,308.46914934,304.553554681,14,14,0.4,0.5,0,1,3.04553554681,224.894218261,0.3,0.7,212.571033327,1.5,fc9debb55af259f0
19,12000048,25,3,152.129439279,325,17,2.03755763825,154.968330088,191.407655473,17,17,0.9,0.7,0.3,1,1.91407655473,224.894218261,0.3,0.7,212.571033327,1.5,fc9debb55af259f0
20,12000049,25,0,110.812062938,75,11,1.82478947338,250.195157221,243.269007874,11,11,0.5,0.7,0.3,1,2.43269007874,157.046022961,0.4,0.5,88.1997820759,1.5,bd2c2ca20bbee205
20,12000049,25,1,304.151455685,425,15,1.88634514303,227.70337075,286.094096785,15,15,0.6,0.6,0.2,1,2.86094096785,157.046022961,0.4,0.5,88.1997820759,1.5,bd2c2ca20bbee205
20,12000049,25,2,171.226020195,175,18,2.66998960675,192.688530088,199.798888045,18,18,0.7,0.8,0.4,1,1.99798888045,157.046022961,0.4,0.5,88.1997820759,1.5,bd2c2ca20bbee205
20,12000049,25,3,390.621236874,325,15,2.01276470858,250.35176505,255.182714287,15,15,0.5,0.5,0.2,1,2.55182714287,157.046022961,0.4,0.5,88.1997820759,1.5,bd2c2ca20bbee205
21,12000050,25,0,332.696047324,325,16,2.75774825234,287.638244693,249.786473797,16,16,0.5,0.6,0,1,2.49786473797,313.427241363,0.3,1.4,364.481958374,1.26666666667,c276b3ef391ce0d3
21,12000050,25,1,28.380237044,75,13,2.63622816727,170.19247735,297.195079329,13,13,0.8,0.5,0.3,1,2.97195079329,313.427241363,0.3,1.4,364.481958374,1.26666666667,c276b3ef391ce0d3
21,12000050,25,2,418.374480628,425,12,2.97272061865,395.812244193,334.060472929,12,12,0.2,0.3,0,1,3.34060472929,313.427241363,0.3,1.4,364.481958374,1.26666666667,c276b3ef391ce0d3
21,12000050,25,3,34.7419889475,175,14,2.20715750595,149.195532942,270.486862887,14,14,0.8,0.6,0.3,1,2.70486862887,313.427241363,0.3,1.4,364.481958374,1.26666666667,c276b3ef391ce0d3
22,12000051,25,0,148.895726029,425,15,2.72586788671,240.386168851,262.662637898,15,15,0.6,0.7,0.1,1,2.62662637898,311.773524227,0.1,0.1,97.9074007014,2,7e26517f15c47781
22,12000051,25,1,378.808820597,175,19,2.76219923824,256.317241686,272.308765344,19,19,0.6,0.7,0.1,1,2.72308765344,311.773524227,0.1,0.1,97.9074007014,2,7e26517f15c47781
22,12000051,25,2,114.651626982,325,15,2.53931097367,219.848115881,223.682725794,15,15,0.7,0.6,0.1,1,2.23682725794,311.773524227,0.1,0.1,97.9074007014,2,7e26517f15c47781
22,12000051,25,3,435.09171788,75,12,1.83731344152,320.153523733,339.324508549,12,12,0.3,0.3,0.1,1,3.39324508549,311.773524227,0.1,0.1,97.9074007014,2,7e26517f15c47781
23,12000052,25,0,99.7438008016,75,13,2.05676517352,238.674059657,278.149624661,13,13,0.8,0.5,0.4,1,2.78149624661,223.596752517,0.6,1.7,228.56265448,2,927bf895a366b8d5
23,12000052,25,1,181.235494206,325,21,1.52895203418,160.951393512,173.016752673,21,21,0.8,0.9,0.6,1,1.73016752673,223.596752517,0.6,1.7,228.56265448,2,927bf895a366b8d5
23,12000052,25,2,222.154182622,175,21,2.24839683449,166.169006901,200.995339337,21,21,1,0.9,0.6,1,2.00995339337,223.596752517,0.6,1.7,228.56265448,2,927bf895a366b8d5
23,12000052,25,3,364.888656091,425,13,2.33658410047,281.310352295,255.115734944,13,13,0.5,0.7,0.4,1,2.55115734944,223.596752517,0.6,1.7,228.56265448,2,927bf895a366b8d5
24,12000053,25,0,172.159660881,425,16,2.71202944083,308.475384196,291.045797748,16,16,0.3,0.6,0,1,2.91045797748,208.052882325,0.2,0.2,90.4802371457,1,8d8bf7be4e01551d
24,12000053,25,1,486.441076976,175,15,1.83126902571,280.036025089,250.372175999,15,15,0.4,0.8,0.1,1,2.50372175999,208.052882325,0.2,0.2,90.4802371457,1,8d8bf7be4e01551d
24,12000053,25,2,457.313061371,75,9,1.54304901929,285.843130831,248.312815049,9,9,0.4,0.5,0.1,1,2.48312815049,208.052882325,0.2,0.2,90.4802371457,1,8d8bf7be4e01551d
24,12000053,25,3,176.621564187,325,20,2.56431006666,259.334254848,229.166546025,20,20,0.8,0.8,0.2,1,2.29166546025,208.052882325,0.2,0.2,90.4802371457,1,8d8bf7be4e01551d
25,12000054,25,0,337.232661648,425,18,1.67621480016,225.347093664,198.650389182,18,18,0.6,0.8,0.4,1,1.98650389182,255.529587837,0.4,1.2,244.530844331,1.88333333333,ad81dbe706736908
25,12000054,25,1,260.308174802,175,24,1.70217950442,199.218109774,208.950398876,24,24,0.9,0.8,0.4,1,2.08950398876,255.529587837,0.4,1.2,244.530844331,1.88333333333,ad81dbe706736908
25,12000054,25,2,181.46171304,75,15,1.86466935933,246.698781091,289.300006257,15,15,0.5,0.5,0.1,1,2.89300006257,255.529587837,0.4,1.2,244.530844331,1.88333333333,ad81dbe706736908
25,12000054,25,3,65.8866619005,325,16,2.15521121177,219.950874001,235.009714774,16,16,0.9,0.7,0.3,1,2.35009714774,255.529587837,0.4,1.2,244.530844331,1.88333333333,ad81dbe706736908
26,12000055,25,0,452.257209009,175,16,2.87446972763,270.939648797,302.425347183,16,16,0.5,0.7,0.6,1,3.02425347183,234.268182731,0.8,2.9,275.981732836,1.80416666667,d8a915e65c79ec59
26,12000055,25,1,159.530990858,325,23,1.78311099204,187.197447294,135.692705988,23,23,0.9,1,0.8,1,1.35692705988,234.268182731,0.8,2.9,275.981732836,1.80416666667,d8a915e65c79ec59
26,12000055,25,2,138.46378785,425,18,2.73659506206,246.178542863,193.994222902,18,18,0.7,1,0.8,1,1.93994222902,234.268182731,0.8,2.9,275.981732836,1.80416666667,d8a915e65c79ec59
26,12000055,25,3,335.155180445,75,18,1.57991970989,249.954329387,269.602981807,18,18,0.6,0.7,0.4,1,2.69602981807,234.268182731,0.8,2.9,275.981732836,1.80416666667,d8a915e65c79ec59
27,12000056,25,0,257.513259148,425,18,1.64432472468,195.072161074,219.791849814,18,18,0.7,0.7,0.2,1,2.19791849814,222.255951931,0.2,0.2,65.4390651783,1.5,50a3da1c6b47fc88
27,12000056,25,1,119.484468197,175,18,2.58904677105,214.362891546,211.188506645,18,18,0.9,0.8,0.1,1,2.11188506645,222.255951931,0.2,0.2,65.4390651783,1.5,50a3da1c6b47fc88
27,12000056,25,2,75.3156807808,325,20,2.56126518955,192.808965779,235.109951713,20,20,0.9,0.7,0.1,1,2.35109951713,222.255951931,0.2,0.2,65.4390651783,1.5,50a3da1c6b47fc88
27,12000056,25,3,487.591919341,75,6,2.65042646994,377.684443253,313.172944315,6,6,0.3,0.4,0.1,1,3.13172944315,222.255951931,0.2,0.2,65.4390651783,1.5,50a3da1c6b47fc88
28,12000057,25,0,168.83781329,325,20,1.60553253815,240.815557116,204.035159906,20,20,0.7,0.9,0.2,1,2.04035159906,260.565277451,0.2,0.3,110.886431724,2,73563d006a483862
28,12000057,25,1,196.884877788,425,13,2.16960893587,275.340310999,262.737166166,13,13,0.4,0.6,0.1,1,2.62737166166,260.565277451,0.2,0.3,110.886431724,2,73563d006a483862
28,12000057,25,2,481.826693493,175,11,2.82942709336,206.084878751,276.998723875,11,11,0.6,0.5,0.1,1,2.76998723875,260.565277451,0.2,0.3,110.886431724,2,73563d006a483862
28,12000057,25,3,464.458703963,75,12,2.51731967914,247.980445169,296.396846356,12,12,0.7,0.6,0.1,1,2.96396846356,260.565277451,0.2,0.3,110.886431724,2,73563d006a483862
29,12000058,25,0,406.307733131,325,19,2.59746330942,220.882063773,186.36479412,19,19,0.7,0.8,0.2,1,1.8636479412,303.989438718,0.2,0.6,225.97350071,2.3,302d7edf22791a61
29,12000058,25,1,143.310945642,75,14,2.37964299041,270.297690386,348.988891288,14,14,0.6,0.3,0,1,3.48988891288,303.989438718,0.2,0.6,225.97350071,2.3,302d7edf22791a61
29,12000058,25,2,327.237969287,175,21,2.42735680989,211.951449283,225.047855082,21,21,0.9,0.7,0.2,1,2.25047855082,303.989438718,0.2,0.6,225.97350071,2.3,302d7edf22791a61
29,12000058,25,3,35.6397891973,425,11,2.71994464343,336.352928841,376.340187145,11,11,0.4,0.3,0,1,3.76340187145,303.989438718,0.2,0.6,225.97350071,2.3,302d7edf22791a61
30,12000059,25,0,414.844937858,425,12,1.56495991857,342.428168016,289.757987624,12,12,0.4,0.7,0.1,1,2.89757987624,300.80882423,0.1,0.1,77.2996842251,2,1300486c1017bd5d
30,12000059,25,1,50.7343998235,75,13,2.5416925262,234.296308245,290.394731734,13,13,0.7,0.7,0,1,2.90394731734,300.80882423,0.1,0.1,77.2996842251,2,1300486c1017bd5d
30,12000059,25,2,265.912315896,325,21,1.92211532699,231.921875073,163.982374105,21,21,0.5,0.9,0.1,1,1.63982374105,300.80882423,0.1,0.1,77.2996842251,2,1300486c1017bd5d
30,12000059,25,3,425.479891828,175,15,2.9500080456,276.360254155,259.403601264,15,15,0.5,0.5,0,1,2.59403601264,300.80882423,0.1,0.1,77.2996842251,2,1300486c1017bd5d
31,12000060,25,0,41.8409291122,425,10,1.87665284529,312.881194999,377.24043759,10,10,0.4,0.3,0,1,3.7724043759,314.595183548,0.2,0.8,254.87200229,1.5,da8c8c75a1f4f9e7
31,12000060,25,1,49.7089289257,75,13,1.54956901709,252.000534187,310.226408155,13,13,0.5,0.5,0.2,1,3.10226408155,314.595183548,0.2,0.8,254.87200229,1.5,da8c8c75a1f4f9e7
31,12000060,25,2,440.591237558,175,15,1.67551328611,309.940251299,267.160745584,15,15,0.4,0.8,0,1,2.67160745584,314.595183548,0.2,0.8,254.87200229,1.5,da8c8c75a1f4f9e7
31,12000060,25,3,473.42935301,325,9,2.32190433527,364.887291435,318.568756769,9,9,0.2,0.4,0,1,3.18568756769,314.595183548,0.2,0.8,254.87200229,1.5,da8c8c75a1f4f9e7
32,12000061,25,0,34.3976740893,175,13,2.66828326686,253.194816163,256.673413732,13,13,0.6,0.5,0.1,1,2.56673413732,252.049055968,0.1,0.1,46.3874631322,1,7598206465d7c2b5
32,12000061,25,1,402.764654149,325,14,2.74134109816,277.193262299,228.613172134,14,14,0.4,0.7,0,1,2.28613172134,252.049055968,0.1,0.1,46.3874631322,1,7598206465d7c2b5
32,12000061,25,2,417.181492839,425,13,1.6600728173,330.240691854,273.178326266,13,13,0.4,0.7,0,1,2.73178326266,252.049055968,0.1,0.1,46.3874631322,1,7598206465d7c2b5
32,12000061,25,3,79.4069048297,75,15,2.10590771362,257.220348402,276.992397904,15,15,0.6,0.5,0.1,1,2.76992397904,252.049055968,0.1,0.1,46.3874631322,1,7598206465d7c2b5
33,12000062,25,0,275.988644767,75,18,1.65732129621,230.749279205,255.324377077,18,18,0.8,0.7,0.1,1,2.55324377077,302.542980311,0.1,0.2,174.655465791,2,25d3feda330fb9ad
33,12000062,25,1,2.83135885848,175,12,2.81152392649,236.83520887,276.364924744,12,12,0.5,0.5,0,1,2.76364924744,302.542980311,0.1,0.2,174.655465791,2,25d3feda330fb9ad
33,12000062,25,2,327.572894139,325,20,2.74626638649,260.805868686,224.38036696,20,20,0.6,0.7,0.1,1,2.2438036696,302.542980311,0.1,0.2,174.655465791,2,25d3feda330fb9ad
33,12000062,25,3,113.602703503,425,14,2.85784996694,281.418134065,241.234973542,14,14,0.4,0.5,0,1,2.41234973542,302.542980311,0.1,0.2,174.655465791,2,25d3feda330fb9ad
34,12000063,25,0,340.504967079,175,21,1.95383258258,217.824065593,203.43195042,21,21,0.8,0.9,0.4,1,2.0343195042,243.346360457,0.5,1.2,189.187900035,1.35,dee968ccdf9a8e69
34,12000063,25,1,111.628166853,325,16,1.75771590825,160.136860214,270.870782402,16,16,0.9,0.5,0.4,1,2.70870782402,243.346360457,0.5,1.2,189.187900035,1.35,dee968ccdf9a8e69
34,12000063,25,2,139.771548095,425,13,2.97978228236,191.377383831,322.078688569,13,13,0.9,0.4,0.4,1,3.22078688569,243.346360457,0.5,1.2,189.187900035,1.35,dee968ccdf9a8e69
34,12000063,25,3,311.286776294,75,18,2.03726424271,274.694534387,232.274456406,18,18,0.6,0.9,0.4,1,2.32274456406,243.346360457,0.5,1.2,189.187900035,1.35,dee968ccdf9a8e69
35,12000064,25,0,97.3523829455,75,10,1.93448625889,392.758363466,334.688560621,10,10,0.3,0.4,0.1,1,3.34688560621,279.877124152,0.3,0.7,196.111679812,1.72222222222,7bf4f279f9a4c4f0
35,12000064,25,1,412.170111982,425,19,1.7267236436,182.281987367,255.140015522,19,19,0.9,0.6,0.3,1,2.55140015522,279.877124152,0.3,0.7,196.111679812,1.72222222222,7bf4f279f9a4c4f0
35,12000064,25,2,324.501270819,325,22,1.98345521766,166.426628725,216.625227714,22,22,1,0.9,0.3,1,2.16625227714,279.877124152,0.3,0.7,196.111679812,1.72222222222,7bf4f279f9a4c4f0
35,12000064,25,3,210.980164246,175,22,1.89491165111,265.160916414,233.724793542,22,22,0.7,0.8,0.2,1,2.33724793542,279.877124152,0.3,0.7,196.111679812,1.72222222222,7bf4f279f9a4c4f0
36,12000065,25,0,378.555800712,175,17,1.61019996875,289.282531448,243.951061209,17,17,0.6,0.7,0.2,1,2.43951061209,317.190154783,0.3,1,255.190881332,1,a7e2d11efc5953a7
36,12000065,25,1,195.173331184,425,16,1.55635363563,249.754756352,312.01867381,16,16,0.6,0.5,0.2,1,3.1201867381,317.190154783,0.3,1,255.190881332,1,a7e2d11efc5953a7
36,12000065,25,2,258.181021388,325,23,1.86235231104,233.519106511,252.204092244,23,23,1,0.8,0.3,1,2.52204092244,317.190154783,0.3,1,255.190881332,1,a7e2d11efc5953a7
36,12000065,25,3,54.7130309698,75,10,2.21565814193,317.341053284,294.326150345,10,10,0.3,0.5,0.1,1,2.94326150345,317.190154783,0.3,1,255.190881332,1,a7e2d11efc5953a7
37,12000066,25,0,80.6681406683,175,13,1.53292350761,269.575540642,277.217649512,13,13,0.5,0.5,0.2,1,2.77217649512,322.479794672,0.3,1,246.75046365,1.6,62baf75ed33d72f1
37,12000066,25,1,55.2895000226,425,11,2.17519061941,258.885618199,335.206060809,11,11,0.6,0.3,0.3,1,3.35206060809,322.479794672,0.3,1,246.75046365,1.6,62baf75ed33d72f1
37,12000066,25,2,497.886118808,325,13,2.70389912573,304.602700612,270.442077072,13,13,0.5,0.6,0.1,1,2.70442077072,322.479794672,0.3,1,246.75046365,1.6,62baf75ed33d72f1
37,12000066,25,3,475.604150594,75,9,1.54702134671,391.858824133,288.571909644,9,9,0.1,0.5,0,1,2.88571909644,322.479794672,0.3,1,246.75046365,1.6,62baf75ed33d72f1
38,12000067,25,0,60.0968568688,425,11,2.41740369471,267.082234006,329.617254441,11,11,0.6,0.4,0.1,1,3.29617254441,305.182136725,0.2,0.8,316.45186922,1.75,74504a6943d6eb7f
38,12000067,25,1,127.112150694,325,17,2.42831018529,239.438670159,267.076724168,17,17,0.7,0.6,0.2,1,2.67076724168,305.182136725,0.2,0.8,316.45186922,1.75,74504a6943d6eb7f
38,12000067,25,2,439.362273193,175,15,2.21801520667,282.060555752,243.610043938,15,15,0.5,0.6,0.2,1,2.43610043938,305.182136725,0.2,0.8,316.45186922,1.75,74504a6943d6eb7f
38,12000067,25,3,444.826699922,75,12,1.74307173788,348.768168855,299.39952475,12,12,0.3,0.5,0,1,2.9939952475,305.182136725,0.2,0.8,316.45186922,1.75,74504a6943d6eb7f
39,12000068,25,0,406.843735963,175,16,1.77940267398,209.903668038,250.489207067,16,16,0.6,0.5,0.2,1,2.50489207067,250.058815845,0.3,0.4,92.3382340806,2.16666666667,318a59cb4f8ee1f4
39,12000068,25,1,31.8422519308,75,12,2.62361092363,311.104562705,358.895158996,12,12,0.4,0.3,0.1,1,3.58895158996,250.058815845,0.3,0.4,92.3382340806,2.16666666667,318a59cb4f8ee1f4
39,12000068,25,2,288.040593276,325,19,1.71300654149,254.453989337,194.896471249,19,19,0.5,0.8,0.3,1,1.94896471249,250.058815845,0.3,0.4,92.3382340806,2.16666666667,318a59cb4f8ee1f4
39,12000068,25,3,45.7581855467,425,10,1.65767983956,411.547244658,315.006219565,10,10,0.2,0.6,0.1,1,3.15006219565,250.058815845,0.3,0.4,92.3382340806,2.16666666667,318a59cb4f8ee1f4
40,12000069,25,0,414.904538061,425,11,2.07589910853,298.294352508,283.761675563,11,11,0.5,0.5,0.1,1,2.83761675563,228.703701905,0.1,0.1,95.8149947526,1,c6414402b882dcff
40,12000069,25,1,21.2480799471,175,13,2.84776640468,310.940387653,309.042660109,13,13,0.4,0.5,0,1,3.09042660109,228.703701905,0.1,0.1,95.8149947526,1,c6414402b882dcff
40,12000069,25,2,208.96835862,325,19,2.11322485314,242.549468776,244.803149264,19,19,0.8,0.6,0.1,1,2.44803149264,228.703701905,0.1,0.1,95.8149947526,1,c6414402b882dcff
40,12000069,25,3,306.191016478,75,19,2.40532422832,175.8267597,238.853474687,19,19,1,0.8,0.1,1,2.38853474687,228.703701905,0.1,0.1,95.8149947526,1,c6414402b882dcff
41,12000070,25,0,264.744078148,425,15,1.92473765723,286.812468112,234.315159351,15,15,0.6,0.6,0.2,1,2.34315159351,295.72470659,0.2,0.5,185.936474749,1.83333333333,e0e3f72846fb9b15
41,12000070,25,1,264.8845159,175,22,1.92640924932,168.943199656,212.861797093,22,22,0.8,1,0.2,1,2.12861797093,295.72470659,0.2,0.5,185.936474749,1.83333333333,e0e3f72846fb9b15
41,12000070,25,2,439.661432225,325,15,2.12852027172,262.6900512,180.368304772,15,15,0.7,0.9,0.2,1,1.80368304772,295.72470659,0.2,0.5,185.936474749,1.83333333333,e0e3f72846fb9b15
41,12000070,25,3,222.413625191,75,19,1.8891480693,209.116058186,284.483297351,19,19,0.8,0.6,0.2,1,2.84483297351,295.72470659,0.2,0.5,185.936474749,1.83333333333,e0e3f72846fb9b15
42,12000071,25,0,127.893763082,325,17,2.95574833077,204.495844253,226.82545282,17,17,0.8,0.7,0.3,1,2.2682545282,234.471557818,0.3,1,256.404066094,1.78333333333,25a86b49c5495509
42,12000071,25,1,216.252510345,75,13,1.80503501436,296.036372959,235.582277821,13,13,0.5,0.8,0.1,1,2.35582277821,234.471557818,0.3,1,256.404066094,1.78333333333,25a86b49c5495509
42,12000071,25,2,420.326810861,175,16,2.32854260873,284.315976959,175.140621323,16,16,0.6,0.9,0.1,1,1.75140621323,234.471557818,0.3,1,256.404066094,1.78333333333,25a86b49c5495509
42,12000071,25,3,225.920555253,425,21,1.75946379664,203.505599035,225.03910658,21,21,1,0.7,0.3,1,2.2503910658,234.471557818,0.3,1,256.404066094,1.78333333333,25a86b49c5495509
43,12000072,25,0,238.106341732,175,25,1.54982187863,121.489474799,157.371746657,25,25,1,1,0.9,1,1.57371746657,241.917402035,0.9,3.6,331.732094133,1.61481481481,dff472b15aa3c08f
43,12000072,25,1,413.091905149,325,19,2.37842187474,268.240989079,197.739330382,19,19,0.6,0.8,0.8,1,1.97739330382,241.917402035,0.9,3.6,331.732094133,1.61481481481,dff472b15aa3c08f
43,12000072,25,2,384.554000751,75,16,2.8370251231,183.654151266,278.962326754,16,16,0.9,0.6,0.4,1,2.78962326754,241.917402035,0.9,3.6,331.732094133,1.61481481481,dff472b15aa3c08f
43,12000072,25,3,82.7682582117,425,11,2.00786383999,345.276567928,243.117308206,11,11,0.2,0.6,0.6,1,2.43117308206,241.917402035,0.9,3.6,331.732094133,1.61481481481,dff472b15aa3c08f
44,12000073,25,0,491.718783819,175,17,1.65338276455,241.24650436,258.458610252,17,17,0.7,0.6,0.3,1,2.58458610252,288.318696826,0.3,0.7,176.067160556,2.66666666667,471e363910932fab
44,12000073,25,1,438.235208069,425,8,2.31356740711,335.87382801,334.221984014,8,8,0.2,0.2,0,1,3.34221984014,288.318696826,0.3,0.7,176.067160556,2.66666666667,471e363910932fab
44,12000073,25,2,76.8137171812,325,11,1.62999376808,298.265327893,269.947341174,11,11,0.3,0.5,0,1,2.69947341174,288.318696826,0.3,0.7,176.067160556,2.66666666667,471e363910932fab
44,12000073,25,3,148.729571023,75,17,2.51652198174,236.2132631,267.406538357,17,17,0.8,0.6,0.3,1,2.67406538357,288.318696826,0.3,0.7,176.067160556,2.66666666667,471e363910932fab
45,12000074,25,0,116.857188705,425,17,2.15083324239,257.389506154,207.815595249,17,17,0.6,0.7,0.6,1,2.07815595249,237.996498868,0.8,2.6,228.88893492,1.89791666667,71a5c4303e5918b0
45,12000074,25,1,489.690595505,325,15,2.83583373863,193.873995814,293.35612499,15,15,0.8,0.6,0.5,1,2.9335612499,237.996498868,0.8,2.6,228.88893492,1.89791666667,71a5c4303e5918b0
45,12000074,25,2,347.488152677,175,21,2.70095345094,204.13421231,243.984448152,21,21,0.9,0.8,0.6,1,2.43984448152,237.996498868,0.8,2.6,228.88893492,1.89791666667,71a5c4303e5918b0
45,12000074,25,3,145.131615141,75,13,2.31177661283,321.614546674,277.774215905,13,13,0.3,0.4,0.2,1,2.77774215905,237.996498868,0.8,2.6,228.88893492,1.89791666667,71a5c4303e5918b0
46,12000075,25,0,395.431007026,325,20,1.7506329775,179.128716375,216.805059035,20,20,1,0.9,0.4,1,2.16805059035,238.294840207,0.4,0.9,185.561078972,1.75,f4f039c319caff02
46,12000075,25,1,106.303788145,425,12,1.70622580565,312.788896376,227.757342376,12,12,0.3,0.7,0.1,1,2.27757342376,238.294840207,0.4,0.9,185.561078972,1.75,f4f039c319caff02
46,12000075,25,2,471.743560352,75,12,2.29986844339,267.743367933,344.174125424,12,12,0.5,0.2,0.3,1,3.44174125424,238.294840207,0.4,0.9,185.561078972,1.75,f4f039c319caff02
46,12000075,25,3,29.3537637802,175,11,2.37379483866,376.614615517,292.733250114,11,11,0.3,0.6,0.3,1,2.92733250114,238.294840207,0.4,0.9,185.561078972,1.75,f4f039c319caff02
47,12000076,25,0,406.130557203,175,16,2.63164284967,253.675351628,262.480524345,16,16,0.6,0.7,0.3,1,2.62480524345,242.556417235,0.4,0.9,171.720300576,1.66666666667,290e178482aeb5b3
47,12000076,25,1,254.521741276,75,19,1.79788395979,181.201119246,219.669626168,19,19,1,0.7,0.3,1,2.19669626168,242.556417235,0.4,0.9,171.720300576,1.66666666667,290e178482aeb5b3
47,12000076,25,2,137.239358706,325,17,2.61685633881,226.498161376,226.30966353,17,17,0.7,0.7,0.3,1,2.2630966353,242.556417235,0.4,0.9,171.720300576,1.66666666667,290e178482aeb5b3
47,12000076,25,3,409.155639493,425,8,2.61047931829,377.579089741,365.604593589,8,8,0.3,0.1,0,1,3.65604593589,242.556417235,0.4,0.9,171.720300576,1.66666666667,290e178482aeb5b3
48,12000077,25,0,31.8510406945,75,10,2.62386426043,337.643317808,333.448577741,10,10,0.3,0.4,0.1,1,3.33448577741,281.57189632,0.1,0.1,55.9101778645,2,7074973d7a9b9411
48,12000077,25,1,380.077921424,325,19,2.31413958257,271.558170968,236.955334077,19,19,0.5,0.8,0.1,1,2.36955334077,281.57189632,0.1,0.1,55.9101778645,2,7074973d7a9b9411
48,12000077,25,2,435.61023873,175,12,2.64916264671,208.64540665,333.936988943,12,12,0.7,0.3,0,1,3.33936988943,281.57189632,0.1,0.1,55.9101778645,2,7074973d7a9b9411
48,12000077,25,3,14.5075308,425,15,1.75685168645,410.007130244,205.771972638,15,15,0.3,0.9,0.1,1,2.05771972638,281.57189632,0.1,0.1,55.9101778645,2,7074973d7a9b9411
49,12000078,25,0,212.23127399,175,19,1.93177676719,251.948320324,188.779873415,19,19,0.8,0.8,0.1,1,1.88779873415,313.753268671,0.1,0.3,270.91507258,1.66666666667,293e67af3bb84cf2
49,12000078,25,1,491.315777026,425,10,2.24353574128,285.734654468,334.413026664,10,10,0.7,0.3,0,1,3.34413026664,313.753268671,0.1,0.3,270.91507258,1.66666666667,293e67af3bb84cf2
49,12000078,25,2,59.2486928247,75,11,1.63877033771,381.03784955,282.657650662,11,11,0.2,0.5,0,1,2.82657650662,313.753268671,0.1,0.3,270.91507258,1.66666666667,293e67af3bb84cf2
49,12000078,25,3,356.05311959,325,21,2.60157296247,188.174473307,220.170723987,21,21,0.9,0.9,0.1,1,2.20170723987,313.753268671,0.1,0.3,270.91507258,1.66666666667,293e67af3bb84cf2
50,12000079,25,0,175.425664714,75,17,2.06627920542,244.316411471,259.415156195,17,17,0.7,0.6,0.3,1,2.59415156195,238.970874411,0.3,0.3,55.7641777957,2.33333333333,f3e0b610dae5a167
50,12000079,25,1,419.221525363,425,10,2.93077047682,314.564426789,300.467499914,10,10,0.5,0.3,0,1,3.00467499914,238.970874411,0.3,0.3,55.7641777957,2.33333333333,f3e0b610dae5a167
50,12000079,25,2,470.931331665,175,14,2.00268683593,270.58509767,311.674771939,14,14,0.5,0.4,0.1,1,3.11674771939,238.970874411,0.3,0.3,55.7641777957,2.33333333333,f3e0b610dae5a167
50,12000079,25,3,99.9496736049,325,11,2.15428740601,300.714667973,259.602425921,11,11,0.4,0.5,0.2,1,2.59602425921,238.970874411,0.3,0.3,55.7641777957,2.33333333333,f3e0b610dae5a167
51,12000080,25,0,200.720697153,175,20,2.45935771173,177.46079507,177.193552813,20,20,0.9,0.9,0.8,1,1.77193552813,176.260851901,0.8,2.3,216.54214995,1.54583333333,c71d40277d6f4b77
51,12000080,25,1,30.2363330472,325,9,2.06157207332,334.891219609,316.675819255,9,9,0.4,0.4,0.3,1,3.16675819255,176.260851901,0.8,2.3,216.54214995,1.54583333333,c71d40277d6f4b77
51,12000080,25,2,340.346195472,425,18,1.86461139633,204.873400611,239.968382019,18,18,0.8,0.6,0.6,1,2.39968382019,176.260851901,0.8,2.3,216.54214995,1.54583333333,c71d40277d6f4b77
51,12000080,25,3,498.64064595,75,12,2.56500997972,249.179112118,254.186864206,12,12,0.7,0.6,0.4,1,2.54186864206,176.260851901,0.8,2.3,216.54214995,1.54583333333,c71d40277d6f4b77
52,12000081,25,0,251.248931833,75,16,1.88149455763,324.807745552,271.999994605,16,16,0.4,0.6,0,1,2.71999994605,294.867229146,0.2,1,336.01507762,1.125,efea5959fc39251
52,12000081,25,1,356.646348858,175,17,2.43122952282,255.012735969,247.29890066,17,17,0.5,0.7,0,1,2.4729890066,294.867229146,0.2,1,336.01507762,1.125,efea5959fc39251
52,12000081,25,2,202.136645982,425,14,1.99605030217,178.336703654,249.374000018,14,14,0.8,0.7,0.2,1,2.49374000018,294.867229146,0.2,1,336.01507762,1.125,efea5959fc39251
52,12000081,25,3,286.469004336,325,19,2.20833445772,191.25438163,215.629804739,19,19,0.9,0.9,0.2,1,2.15629804739,294.867229146,0.2,1,336.01507762,1.125,efea5959fc39251
53,12000082,25,0,470.752369068,175,15,2.11025827418,262.912408426,207.07822515,15,15,0.6,0.8,0,1,2.0707822515,221.627948978,0.1,0.4,290.217466806,1.5,73733b1147f94a83
53,12000082,25,1,157.080624543,325,18,2.22524571732,222.055068632,309.615947507,18,18,0.8,0.4,0.1,1,3.09615947507,221.627948978,0.1,0.4,290.217466806,1.5,73733b1147f94a83
53,12000082,25,2,360.277380216,425,12,2.75460225041,302.306504433,340.540715344,12,12,0.4,0.3,0,1,3.40540715344,221.627948978,0.1,0.4,290.217466806,1.5,73733b1147f94a83
53,12000082,25,3,95.9029447098,75,14,2.9493370806,222.475960755,274.621371741,14,14,0.7,0.5,0.1,1,2.74621371741,221.627948978,0.1,0.4,290.217466806,1.5,73733b1147f94a83
54,12000083,25,0,357.834467654,175,22,2.20018714772,210.205805849,210.846870585,22,22,0.9,0.9,0.2,1,2.10846870585,249.145599736,0.2,0.2,59.6235549208,2,8bb3e5daeedbb23a
54,12000083,25,1,188.09523141,75,18,1.56299703748,275.377093441,323.541106307,18,18,0.6,0.5,0,1,3.23541106307,249.145599736,0.2,0.2,59.6235549208,2,8bb3e5daeedbb23a
54,12000083,25,2,19.2723661459,425,9,2.87325003265,373.878816505,333.153093648,9,9,0.4,0.6,0.2,1,3.33153093648,249.145599736,0.2,0.2,59.6235549208,2,8bb3e5daeedbb23a
54,12000083,25,3,150.676469341,325,17,2.16674986031,246.340193932,208.694825207,17,17,0.7,0.8,0.2,1,2.08694825207,249.145599736,0.2,0.2,59.6235549208,2,8bb3e5daeedbb23a
55,12000084,25,0,406.508766124,425,14,2.06590585157,267.052067344,232.276979385,14,14,0.7,0.5,0.3,1,2.32276979385,266.371353519,0.5,1.7,261.498243479,1.58666666667,c5327772e6035b2b
55,12000084,25,1,186.181968124,325,24,2.23904285502,147.752575,175.531134703,24,24,1,1,0.5,1,1.75531134703,266.371353519,0.5,1.7,261.498243479,1.58666666667,c5327772e6035b2b
55,12000084,25,2,477.824602907,75,7,1.56316178804,358.253116723,461.155721767,7,7,0.2,0,0,1,4.61155721767,266.371353519,0.5,1.7,261.498243479,1.58666666667,c5327772e6035b2b
55,12000084,25,3,23.8915002418,175,14,1.5709891985,246.48197892,326.197604445,14,14,0.7,0.5,0.4,1,3.26197604445,266.371353519,0.5,1.7,261.498243479,1.58666666667,c5327772e6035b2b
56,12000085,25,0,24.9357538853,325,10,2.15159852076,292.305626594,253.966952535,10,10,0.4,0.7,0,1,2.53966952535,263.177435041,0.1,0.3,199.3522602,2.33333333333,142a3c21b2dbb64
56,12000085,25,1,158.737491578,175,15,1.70846669368,196.922658702,196.134273569,15,15,0.8,0.7,0,1,1.96134273569,263.177435041,0.1,0.3,199.3522602,2.33333333333,142a3c21b2dbb64
56,12000085,25,2,429.487387336,425,15,2.06998460862,286.336084066,282.34015046,15,15,0.6,0.4,0.1,1,2.8234015046,263.177435041,0.1,0.3,199.3522602,2.33333333333,142a3c21b2dbb64
56,12000085,25,3,457.418751865,75,9,2.54949245145,314.201475772,348.475929181,9,9,0.4,0.4,0,1,3.48475929181,263.177435041,0.1,0.3,199.3522602,2.33333333333,142a3c21b2dbb64
57,12000086,25,0,349.592325712,175,21,2.07114925703,263.281726998,212.970526815,21,21,0.8,1,0.2,1,2.12970526815,256.587045985,0.2,0.3,103.336475064,2.75,4109850a2ce03216
57,12000086,25,1,416.852590879,325,17,2.08716638214,288.863400909,180.083039301,17,17,0.6,0.9,0.2,1,1.80083039301,256.587045985,0.2,0.3,103.336475064,2.75,4109850a2ce03216
57,12000086,25,2,74.8550925062,425,16,2.6038601256,165.341015799,297.677998155,16,16,0.9,0.6,0.2,1,2.97677998155,256.587045985,0.2,0.3,103.336475064,2.75,4109850a2ce03216
57,12000086,25,3,48.3418709573,75,12,2.45825295511,269.583618526,370.90212266,12,12,0.7,0.3,0.2,1,3.7090212266,256.587045985,0.2,0.3,103.336475064,2.75,4109850a2ce03216
58,12000087,25,0,137.465638065,425,14,2.44063901692,284.313575372,273.455539502,14,14,0.5,0.4,0.2,1,2.73455539502,257.621336489,0.3,0.7,148.622365895,1.33333333333,5004b4babf49da89
58,12000087,25,1,321.083723044,175,19,2.35309785594,220.02899442,182.852297002,19,19,0.9,0.8,0.3,1,1.82852297002,257.621336489,0.3,0.7,148.622365895,1.33333333333,5004b4babf49da89
58,12000087,25,2,33.3867402326,75,10,1.7211224786,269.831370833,296.410805268,10,10,0.5,0.3,0.1,1,2.96410805268,257.621336489,0.3,0.7,148.622365895,1.33333333333,5004b4babf49da89
58,12000087,25,3,230.062893823,325,22,1.61646287757,219.878458232,200.63888462,22,22,0.8,1,0.3,1,2.0063888462,257.621336489,0.3,0.7,148.622365895,1.33333333333,5004b4babf49da89
59,12000088,25,0,92.5384272574,325,18,2.19715358777,188.993294417,273.253329547,18,18,0.8,0.7,0.3,1,2.73253329547,271.415593499,0.3,1.4,370.596095052,1.4,1a346541c85cc3a8
59,12000088,25,1,276.700143273,175,19,1.80215567195,215.285377269,225.505194399,19,19,0.8,0.6,0.3,1,2.25505194399,271.415593499,0.3,1.4,370.596095052,1.4,1a346541c85cc3a8
59,12000088,25,2,363.584082837,425,16,1.97898648105,285.693691156,275.497965671,16,16,0.6,0.5,0.2,1,2.75497965671,271.415593499,0.3,1.4,370.596095052,1.4,1a346541c85cc3a8
59,12000088,25,3,22.9128385337,75,11,2.81275977747,308.465586142,325.730334578,11,11,0.6,0.4,0.3,1,3.25730334578,271.415593499,0.3,1.4,370.596095052,1.4,1a346541c85cc3a8
60,12000089,25,0,176.368742449,75,16,2.40315062394,269.001303502,285.415675447,16,16,0.5,0.5,0,1,2.85415675447,215.579275673,0.6,2.5,313.901911568,1.3873015873,40583c4118ffa549
60,12000089,25,1,317.403328282,425,17,2.19198406823,222.322557077,236.804598654,17,17,0.7,0.7,0.6,1,2.36804598654,215.579275673,0.6,2.5,313.901911568,1.3873015873,40583c4118ffa549
60,12000089,25,2,1.47965492965,175,13,1.65948606233,269.833361165,265.915669909,13,13,0.6,0.5,0,1,2.65915669909,215.579275673,0.6,2.5,313.901911568,1.3873015873,40583c4118ffa549
60,12000089,25,3,426.099719354,325,14,2.15587275776,291.309686049,293.347758995,14,14,0.4,0.6,0.2,1,2.93347758995,215.579275673,0.6,2.5,313.901911568,1.3873015873,40583c4118ffa549
61,12000090,25,0,116.047917977,325,19,2.09550253999,188.938689964,319.914523981,19,19,1,0.2,0,1,3.19914523981,315.606780962,0,0,nan,nan,63c0de2d87a3b1cf
61,12000090,25,1,30.488499199,75,11,1.65164147455,316.146560729,387.391000806,11,11,0.4,0.4,0,1,3.87391000806,315.606780962,0,0,nan,nan,63c0de2d87a3b1cf
61,12000090,25,2,366.105077112,425,14,2.04351425695,226.814022242,312.072892005,14,14,0.8,0.3,0,1,3.12072892005,315.606780962,0,0,nan,nan,63c0de2d87a3b1cf
61,12000090,25,3,448.890433123,175,17,2.67169103872,245.18334147,254.339584148,17,17,0.8,0.6,0,1,2.54339584148,315.606780962,0,0,nan,nan,63c0de2d87a3b1cf
62,12000091,25,0,52.9638573063,75,15,1.84206225438,293.475237686,263.370211033,15,15,0.5,0.8,0.2,1,2.63370211033,234.526058004,0.4,1.2,222.19509541,2.0625,233671cfcbd00192
62,12000091,25,1,347.477502401,175,21,1.5856258631,175.881882949,194.704906662,21,21,0.9,1,0.4,1,1.94704906662,234.526058004,0.4,1.2,222.19509541,2.0625,233671cfcbd00192
62,12000091,25,2,226.471142014,425,18,1.64511091763,255.809833654,218.920300742,18,18,0.7,0.7,0.4,1,2.18920300742,234.526058004,0.4,1.2,222.19509541,2.0625,233671cfcbd00192
62,12000091,25,3,16.1138708388,325,17,2.81522277067,295.714244966,263.061807214,17,17,0.5,0.7,0.3,1,2.63061807214,234.526058004,0.4,1.2,222.19509541,2.0625,233671cfcbd00192
63,12000092,25,0,151.89976241,175,20,1.89802845392,212.798770219,219.885784478,20,20,0.8,0.9,0.4,1,2.19885784478,273.676263877,0.4,0.7,141.133116247,1.95833333333,aa74aab89497518f
63,12000092,25,1,352.85798282,75,13,2.13176787099,296.709407237,285.012210083,13,13,0.5,0.5,0.1,1,2.85012210083,273.676263877,0.4,0.7,141.133116247,1.95833333333,aa74aab89497518f
63,12000092,25,2,109.034423311,325,18,2.38037603034,184.545132083,208.865885862,18,18,0.8,0.6,0.4,1,2.08865885862,273.676263877,0.4,0.7,141.133116247,1.95833333333,aa74aab89497518f
63,12000092,25,3,355.344902705,425,12,2.14002811081,222.961354246,317.239743388,12,12,0.7,0.4,0.4,1,3.17239743388,273.676263877,0.4,0.7,141.133116247,1.95833333333,aa74aab89497518f
64,12000093,25,0,168.584791038,425,14,1.68315628919,299.593907525,278.04329229,14,14,0.5,0.6,0.1,1,2.7804329229,249.741864838,0.4,1.1,181.533414377,1.58333333333,59f116b11329984a
64,12000093,25,1,140.179698219,75,11,2.30273286551,228.387670534,273.463693021,11,11,0.6,0.3,0.1,1,2.73463693021,249.741864838,0.4,1.1,181.533414377,1.58333333333,59f116b11329984a
64,12000093,25,2,439.456253424,325,15,2.78385449555,308.535457052,178.504201095,15,15,0.4,0.7,0.2,1,1.78504201095,249.741864838,0.4,1.1,181.533414377,1.58333333333,59f116b11329984a
64,12000093,25,3,403.142629495,175,16,2.10659257737,266.817644546,180.10346441,16,16,0.6,1,0.4,1,1.8010346441,249.741864838,0.4,1.1,181.533414377,1.58333333333,59f116b11329984a
65,12000094,25,0,320.586420221,425,16,2.61676673456,330.014157228,263.556876918,16,16,0.3,0.5,0,1,2.63556876918,281.166479426,0.1,0.1,97.7662777923,1,57d2031fde99a7d8
65,12000094,25,1,234.17297154,75,17,1.81274338507,235.842723749,174.887793149,17,17,0.8,0.7,0.1,1,1.74887793149,281.166479426,0.1,0.1,97.7662777923,1,57d2031fde99a7d8
65,12000094,25,2,54.4322084355,175,14,2.81683365398,240.878620877,267.920781931,14,14,0.6,0.7,0,1,2.67920781931,281.166479426,0.1,0.1,97.7662777923,1,57d2031fde99a7d8
65,12000094,25,3,125.826134866,325,20,1.5865441232,283.22060751,239.554050267,20,20,0.6,0.9,0,1,2.39554050267,281.166479426,0.1,0.1,97.7662777923,1,57d2031fde99a7d8
66,12000095,25,0,373.053030456,325,18,2.16715418409,269.7044225,220.051076731,18,18,0.5,0.7,0.3,1,2.20051076731,240.407335651,0.3,0.3,56.33626755,1.33333333333,c2c38dd2b254de96
66,12000095,25,1,183.963807201,75,16,2.39421791404,190.909622088,242.080848982,16,16,0.7,0.6,0.2,1,2.42080848982,240.407335651,0.3,0.3,56.33626755,1.33333333333,c2c38dd2b254de96
66,12000095,25,2,80.4595416983,175,13,1.60522330629,237.674886215,292.607351744,13,13,0.7,0.4,0.2,1,2.92607351744,240.407335651,0.3,0.3,56.33626755,1.33333333333,c2c38dd2b254de96
66,12000095,25,3,184.019151556,425,11,1.54082475719,324.020214253,295.154345164,11,11,0.2,0.3,0.1,1,2.95154345164,240.407335651,0.3,0.3,56.33626755,1.33333333333,c2c38dd2b254de96
67,12000096,25,0,397.188163671,175,14,2.99453000431,290.566147236,308.263525802,14,14,0.5,0.3,0,1,3.08263525802,255.723508277,0.2,0.2,21.7992118069,2,70bf5f4eeb66939e
67,12000096,25,1,76.1135969368,325,13,2.78751625792,199.774074965,175.436594657,13,13,0.7,0.9,0.2,1,1.75436594657,255.723508277,0.2,0.2,21.7992118069,2,70bf5f4eeb66939e
67,12000096,25,2,483.021388299,425,8,2.69746363964,343.019945947,423.134619174,8,8,0.5,0,0,1,4.23134619174,255.723508277,0.2,0.2,21.7992118069,2,70bf5f4eeb66939e
67,12000096,25,3,69.122305502,75,11,1.5338902856,334.883438946,222.556795534,11,11,0.3,0.5,0.2,1,2.22556795534,255.723508277,0.2,0.2,21.7992118069,2,70bf5f4eeb66939e
68,12000097,25,0,373.11502989,175,20,2.4984149202,249.178197546,151.869150706,20,20,0.7,1,0.2,1,1.51869150706,243.284708997,0.2,0.3,106.301789707,2.5,86f0e69a9fb7c53d
68,12000097,25,1,65.4499021168,325,14,2.26926844634,250.512003334,386.035095384,14,14,0.7,0.1,0,1,3.86035095384,243.284708997,0.2,0.3,106.301789707,2.5,86f0e69a9fb7c53d
68,12000097,25,2,418.148539347,75,14,2.66334025076,310.083613242,201.747017351,14,14,0.6,0.7,0,1,2.01747017351,243.284708997,0.2,0.3,106.301789707,2.5,86f0e69a9fb7c53d
68,12000097,25,3,83.7248387752,425,14,1.67521356616,268.095670012,395.939159187,14,14,0.6,0.1,0.2,1,3.95939159187,243.284708997,0.2,0.3,106.301789707,2.5,86f0e69a9fb7c53d
69,12000098,25,0,368.011422725,425,13,2.37906753104,294.159125156,330.658156227,13,13,0.6,0.3,0.1,1,3.30658156227,222.498752001,0.3,0.5,114.631590389,1.5,f7038dcff790b753
69,12000098,25,1,73.3197002628,75,13,2.7862742857,294.059906061,279.891521781,13,13,0.7,0.6,0.1,1,2.79891521781,222.498752001,0.3,0.5,114.631590389,1.5,f7038dcff790b753
69,12000098,25,2,203.708711291,175,22,1.69995536539,191.540411818,208.715693923,22,22,1,0.9,0.3,1,2.08715693923,222.498752001,0.3,0.5,114.631590389,1.5,f7038dcff790b753
69,12000098,25,3,463.388580083,325,11,2.23165225502,271.454124391,312.258863251,11,11,0.5,0.3,0.2,1,3.12258863251,222.498752001,0.3,0.5,114.631590389,1.5,f7038dcff790b753
70,12000099,25,0,60.5574256404,425,10,1.87694721666,320.597230217,244.093266881,10,10,0.4,0.5,0.2,1,2.44093266881,268.67406047,0.3,1,283.702921,1.7619047619,88f721e8c238b1fe
70,12000099,25,1,306.269419641,175,21,2.53039100894,187.224644938,249.335266114,21,21,1,0.6,0.1,1,2.49335266114,268.67406047,0.3,1,283.702921,1.7619047619,88f721e8c238b1fe
70,12000099,25,2,0.280166201985,75,9,2.27302789929,293.320770853,407.54452326,9,9,0.5,0.2,0,1,4.0754452326,268.67406047,0.3,1,283.702921,1.7619047619,88f721e8c238b1fe
70,12000099,25,3,461.501541586,325,13,2.61527362496,309.147838038,234.62187188,13,13,0.7,0.5,0.1,1,2.3462187188,268.67406047,0.3,1,283.702921,1.7619047619,88f721e8c238b1fe
71,12000100,25,0,31.3757644374,75,7,2.91320847,280.329434264,415.605820707,7,7,0.4,0.1,0,1,4.15605820707,329.761981742,0.1,0.3,235.392247962,1,b99884b22b03998a
71,12000100,25,1,126.352890273,325,14,2.87670902154,212.6379974,315.485719797,14,14,0.8,0.4,0.1,1,3.15485719797,329.761981742,0.1,0.3,235.392247962,1,b99884b22b03998a
71,12000100,25,2,441.543912152,175,18,1.77094436607,266.18650015,232.765585722,18,18,0.5,0.6,0.1,1,2.32765585722,329.761981742,0.1,0.3,235.392247962,1,b99884b22b03998a
71,12000100,25,3,251.954569817,425,18,1.90331483333,268.204519437,280.500117238,18,18,0.6,0.5,0.1,1,2.80500117238,329.761981742,0.1,0.3,235.392247962,1,b99884b22b03998a
72,12000101,25,0,360.920480053,425,17,2.51467328447,220.653416602,278.528650457,17,17,0.6,0.6,0.4,1,2.78528650457,192.555427977,0.5,0.6,99.2554964246,1.9,b4b19263e11e51de
72,12000101,25,1,475.866207169,175,13,2.29145421353,239.597657678,326.422649111,13,13,0.7,0.3,0.2,1,3.26422649111,192.555427977,0.5,0.6,99.2554964246,1.9,b4b19263e11e51de
72,12000101,25,2,127.816650266,325,18,2.18475685749,223.143466692,161.613532492,18,18,0.7,0.9,0.5,1,1.61613532492,192.555427977,0.5,0.6,99.2554964246,1.9,b4b19263e11e51de
72,12000101,25,3,42.0380974389,75,9,1.81317749421,352.929641069,273.370336749,9,9,0.4,0.5,0.4,1,2.73370336749,192.555427977,0.5,0.6,99.2554964246,1.9,b4b19263e11e51de
73,12000102,25,0,152.960131826,325,23,2.15339245817,162.517486776,188.309415426,23,23,1,1,0.6,1,1.88309415426,217.980554506,0.6,1.6,184.543470864,2.01944444444,d188beffe4b83daa
73,12000102,25,1,64.1726191079,175,19,2.9991277199,216.526749181,167.346263548,19,19,0.9,1,0.3,1,1.67346263548,217.980554506,0.6,1.6,184.543470864,2.01944444444,d188beffe4b83daa
73,12000102,25,2,442.15053736,75,8,1.91396227373,403.174182428,418.639770349,8,8,0.1,0.1,0,1,4.18639770349,217.980554506,0.6,1.6,184.543470864,2.01944444444,d188beffe4b83daa
73,12000102,25,3,461.473282592,425,10,1.78313311938,346.953524793,421.523238674,10,10,0.3,0.2,0.1,1,4.21523238674,217.980554506,0.6,1.6,184.543470864,2.01944444444,d188beffe4b83daa
74,12000103,25,0,364.320250216,325,17,2.90598830857,235.593304197,201.083072721,17,17,0.6,0.6,0.3,1,2.01083072721,286.262684326,0.4,0.9,149.74112718,1.375,c8961b6a99ef3305
74,12000103,25,1,214.273748433,75,16,2.07518723122,204.597872778,289.426991066,16,16,0.8,0.7,0.4,1,2.89426991066,286.262684326,0.4,0.9,149.74112718,1.375,c8961b6a99ef3305
74,12000103,25,2,439.006403132,175,12,2.54001156359,252.21674542,259.7548464,12,12,0.5,0.6,0.4,1,2.597548464,286.262684326,0.4,0.9,149.74112718,1.375,c8961b6a99ef3305
74,12000103,25,3,101.355693211,425,15,1.54214689236,335.644593223,268.727729189,15,15,0.2,0.7,0.2,1,2.68727729189,286.262684326,0.4,0.9,149.74112718,1.375,c8961b6a99ef3305
75,12000104,25,0,439.990155345,175,16,2.19512088826,300.067114723,281.266329261,16,16,0.6,0.6,0.1,1,2.81266329261,325.174553609,0.2,0.4,144.282876787,1.33333333333,db7682b6190efde5
75,12000104,25,1,389.869258528,75,14,2.82723150201,310.399407535,271.441013681,14,14,0.5,0.7,0.1,1,2.71441013681,325.174553609,0.2,0.4,144.282876787,1.33333333333,db7682b6190efde5
75,12000104,25,2,234.394154975,425,15,1.63291910144,255.885305885,282.146600874,15,15,0.8,0.7,0.2,1,2.82146600874,325.174553609,0.2,0.4,144.282876787,1.33333333333,db7682b6190efde5
75,12000104,25,3,184.179265582,325,19,1.93787090927,214.66380148,238.833437153,19,19,0.8,0.7,0.2,1,2.38833437153,325.174553609,0.2,0.4,144.282876787,1.33333333333,db7682b6190efde5
76,12000105,25,0,166.413946173,175,17,2.22060885401,194.670895113,202.138251662,17,17,0.9,0.6,0.3,1,2.02138251662,306.063059955,0.3,1.3,376.118673238,1.39285714286,60861dbf74e34094
76,12000105,25,1,44.9693435035,75,10,2.41122925921,304.523676735,310.734148401,10,10,0.5,0.6,0.1,1,3.10734148401,306.063059955,0.3,1.3,376.118673238,1.39285714286,60861dbf74e34094
76,12000105,25,2,318.172661013,425,17,2.58576539865,246.989886048,264.018634347,17,17,0.7,0.7,0.3,1,2.64018634347,306.063059955,0.3,1.3,376.118673238,1.39285714286,60861dbf74e34094
76,12000105,25,3,446.606760693,325,12,1.62236365409,244.576042065,259.153336814,12,12,0.5,0.5,0.2,1,2.59153336814,306.063059955,0.3,1.3,376.118673238,1.39285714286,60861dbf74e34094
77,12000106,25,0,273.804118352,175,21,1.55073466697,230.064802412,255.633423136,21,21,0.8,0.8,0,1,2.55633423136,305.231711387,0,0,nan,nan,bd0049c0b4f81c16
77,12000106,25,1,344.979977375,425,15,2.13148605458,253.433946895,229.949326605,15,15,0.5,0.7,0,1,2.29949326605,305.231711387,0,0,nan,nan,bd0049c0b4f81c16
77,12000106,25,2,74.3431407577,75,9,1.9496324373,336.911430889,337.19869353,9,9,0.4,0.3,0,1,3.3719869353,305.231711387,0,0,nan,nan,bd0049c0b4f81c16
77,12000106,25,3,185.965728675,325,20,2.22370501054,237.286885614,188.233272086,20,20,0.8,0.9,0,1,1.88233272086,305.231711387,0,0,nan,nan,bd0049c0b4f81c16
78,12000107,25,0,294.169634372,425,22,2.12603578698,208.264952597,197.21709373,22,22,0.9,1,1,1,1.9721709373,285.953059676,1,5.6,439.505178732,1.85182539683,549a9723200e2dcd
78,12000107,25,1,100.492143489,75,11,2.78303335939,320.539455655,350.183633562,11,11,0.4,0.5,0.2,1,3.50183633562,285.953059676,1,5.6,439.505178732,1.85182539683,549a9723200e2dcd
78,12000107,25,2,37.8571711567,175,14,2.89402992392,275.587197032,304.145206859,14,14,0.7,0.5,0.3,1,3.04145206859,285.953059676,1,5.6,439.505178732,1.85182539683,549a9723200e2dcd
78,12000107,25,3,384.945473592,325,19,2.28676861081,231.174741681,209.14717438,19,19,0.8,0.7,0.9,1,2.0914717438,285.953059676,1,5.6,439.505178732,1.85182539683,549a9723200e2dcd
79,12000108,25,0,493.850194134,425,14,1.50044509287,232.423535604,196.332308801,14,14,0.9,0.8,0.5,1,1.96332308801,209.949132041,0.5,0.6,81.9688820764,1.6,bb9040a971efc590
79,12000108,25,1,367.790009217,75,16,2.79087019396,291.780428619,272.210851394,16,16,0.5,0.5,0.3,1,2.72210851394,209.949132041,0.5,0.6,81.9688820764,1.6,bb9040a971efc590
79,12000108,25,2,118.846040943,325,15,2.06465502641,256.642225843,313.82289888,15,15,0.5,0.4,0.3,1,3.1382289888,209.949132041,0.5,0.6,81.9688820764,1.6,bb9040a971efc590
79,12000108,25,3,260.860168065,175,20,1.75848171521,236.32601805,255.35617025,20,20,0.7,0.6,0.4,1,2.5535617025,209.949132041,0.5,0.6,81.9688820764,1.6,bb9040a971efc590
80,12000109,25,0,118.666053031,75,13,2.31740906817,253.264196304,234.059665284,13,13,0.5,0.5,0,1,2.34059665284,350.562400112,0,0,nan,nan,97c69cd776749d9
80,12000109,25,1,363.01588036,325,19,2.75923771045,225.514944056,290.850028803,19,19,0.6,0.6,0,1,2.90850028803,350.562400112,0,0,nan,nan,97c69cd776749d9
80,12000109,25,2,66.2843597102,175,15,2.18530536314,272.222663567,226.147263691,15,15,0.5,0.6,0,1,2.26147263691,350.562400112,0,0,nan,nan,97c69cd776749d9
80,12000109,25,3,452.632543594,425,12,2.44307794412,305.000505552,400.853083516,12,12,0.5,0.2,0,1,4.00853083516,350.562400112,0,0,nan,nan,97c69cd776749d9
81,12000110,25,0,463.584079497,175,11,1.61439643118,260.997798663,315.016762872,11,11,0.6,0.4,0.3,1,3.15016762872,235.737859736,0.5,1.2,184.038282381,2.2,f866b2bbf5fae501
81,12000110,25,1,473.011221144,325,14,2.26330774266,270.560275998,340.45683561,14,14,0.4,0.3,0.3,1,3.4045683561,235.737859736,0.5,1.2,184.038282381,2.2,f866b2bbf5fae501
81,12000110,25,2,13.6278108738,425,13,2.35565266148,330.165637587,254.660161319,13,13,0.4,0.6,0.2,1,2.54660161319,235.737859736,0.5,1.2,184.038282381,2.2,f866b2bbf5fae501
81,12000110,25,3,32.9350738505,75,12,2.83168222142,321.313288693,267.303294323,12,12,0.6,0.8,0.3,1,2.67303294323,235.737859736,0.5,1.2,184.038282381,2.2,f866b2bbf5fae501
82,12000111,25,0,212.275971902,425,18,1.70678458171,229.293891591,232.751888787,18,18,0.8,0.5,0.1,1,2.32751888787,251.194608997,0.1,0.2,134.807777164,1,5a12b564ad5da928
82,12000111,25,1,346.25009411,175,18,2.40691093515,176.93551708,247.837320175,18,18,1,0.7,0.1,1,2.47837320175,251.194608997,0.1,0.2,134.807777164,1,5a12b564ad5da928
82,12000111,25,2,85.470988849,325,19,2.50942047606,242.800951621,252.99008521,19,19,0.8,0.6,0.1,1,2.5299008521,251.194608997,0.1,0.2,134.807777164,1,5a12b564ad5da928
82,12000111,25,3,398.275692002,75,14,1.93085156759,257.710477226,321.497555144,14,14,0.7,0.5,0.1,1,3.21497555144,251.194608997,0.1,0.2,134.807777164,1,5a12b564ad5da928
83,12000112,25,0,365.186520389,425,14,2.15172492892,255.418200494,256.479908056,14,14,0.4,0.7,0.4,1,2.56479908056,257.287790729,0.4,0.6,129.93843268,2,97da2676befdf921
83,12000112,25,1,156.931421936,175,20,1.77119207928,272.350578179,208.681040154,20,20,0.8,0.8,0.4,1,2.08681040154,257.287790729,0.4,0.6,129.93843268,2,97da2676befdf921
83,12000112,25,2,476.276159786,75,8,2.14757500744,383.709562465,348.987814965,8,8,0.3,0.4,0,1,3.48987814965,257.287790729,0.4,0.6,129.93843268,2,97da2676befdf921
83,12000112,25,3,23.6973427777,325,11,2.89389839501,259.80809651,266.368935141,11,11,0.6,0.6,0.3,1,2.66368935141,257.287790729,0.4,0.6,129.93843268,2,97da2676befdf921
84,12000113,25,0,90.8532059801,75,13,2.63535654694,235.645832051,224.100190152,13,13,0.7,0.7,0.4,1,2.24100190152,232.091553151,0.4,0.8,139.718528757,1.5625,2b17d30f5b4c955f
84,12000113,25,1,300.760425388,175,23,1.83994649723,199.500533281,181.144496525,23,23,0.8,1,0.4,1,1.81144496525,232.091553151,0.4,0.8,139.718528757,1.5625,2b17d30f5b4c955f
84,12000113,25,2,348.181357675,325,18,2.79706296692,255.88309781,244.489791253,18,18,0.6,0.7,0.3,1,2.44489791253,232.091553151,0.4,0.8,139.718528757,1.5625,2b17d30f5b4c955f
84,12000113,25,3,190.699223937,425,16,1.578136814,279.067959708,312.687674579,16,16,0.6,0.5,0.2,1,3.12687674579,232.091553151,0.4,0.8,139.718528757,1.5625,2b17d30f5b4c955f
85,12000114,25,0,51.6291887614,425,7,2.56583093228,319.913763459,326.944196888,7,7,0.2,0.3,0,1,3.26944196888,330.887158956,0.1,0.1,54.2048407123,3,ffcefdf85572677f
85,12000114,25,1,247.71097556,75,20,1.77829920415,260.624672573,224.474205018,20,20,0.6,0.7,0.1,1,2.24474205018,330.887158956,0.1,0.1,54.2048407123,3,ffcefdf85572677f
85,12000114,25,2,330.223332333,325,16,2.78718730997,192.976451864,222.463480133,16,16,0.8,0.7,0.1,1,2.22463480133,330.887158956,0.1,0.1,54.2048407123,3,ffcefdf85572677f
85,12000114,25,3,280.323690789,175,24,1.70557106632,211.40797073,203.287205976,24,24,0.9,1,0.1,1,2.03287205976,330.887158956,0.1,0.1,54.2048407123,3,ffcefdf85572677f
86,12000115,25,0,330.000650102,175,18,2.53783927884,301.694160612,163.848709098,18,18,0.3,0.9,0.1,1,1.63848709098,296.407533398,0.2,0.6,219.727451892,2.33333333333,6f3d075e1df737fd
86,12000115,25,1,254.641962145,425,21,1.69522662897,219.436550406,195.75671263,21,21,0.8,0.8,0.2,1,1.9575671263,296.407533398,0.2,0.6,219.727451892,2.33333333333,6f3d075e1df737fd
86,12000115,25,2,117.222917315,75,10,2.94683404837,371.452560376,293.826963965,10,10,0.1,0.4,0.1,1,2.93826963965,296.407533398,0.2,0.6,219.727451892,2.33333333333,6f3d075e1df737fd
86,12000115,25,3,376.920409052,325,22,1.69666505562,266.830206529,159.375106749,22,22,0.6,1,0.2,1,1.59375106749,296.407533398,0.2,0.6,219.727451892,2.33333333333,6f3d075e1df737fd
87,12000116,25,0,497.08131409,175,12,2.85637629256,322.202056919,273.753860803,12,12,0.4,0.4,0,1,2.73753860803,323.943392386,0,0,nan,nan,aba4c47ba51379d2
87,12000116,25,1,144.539585758,75,13,2.92876065065,257.800610162,268.031205873,13,13,0.5,0.5,0,1,2.68031205873,323.943392386,0,0,nan,nan,aba4c47ba51379d2
87,12000116,25,2,406.369925838,325,15,2.4343121681,289.277075786,253.180038195,15,15,0.3,0.7,0,1,2.53180038195,323.943392386,0,0,nan,nan,aba4c47ba51379d2
87,12000116,25,3,13.9599503754,425,7,1.87478070955,333.103809716,381.821032905,7,7,0.4,0.3,0,1,3.81821032905,323.943392386,0,0,nan,nan,aba4c47ba51379d2
88,12000117,25,0,255.8343373,325,21,1.95235798925,190.673974019,172.794445051,21,21,0.7,1,0.3,1,1.72794445051,266.790910937,0.3,0.9,236.088310758,1.86111111111,64f66314a92d3b17
88,12000117,25,1,255.902195916,425,17,1.55783961655,248.075141489,201.893843744,17,17,0.7,1,0.2,1,2.01893843744,266.790910937,0.3,0.9,236.088310758,1.86111111111,64f66314a92d3b17
88,12000117,25,2,303.903670638,75,18,2.24850835,212.779811211,294.112706263,18,18,0.9,0.7,0.2,1,2.94112706263,266.790910937,0.3,0.9,236.088310758,1.86111111111,64f66314a92d3b17
88,12000117,25,3,110.807516857,175,18,2.31892916902,275.685983382,252.97350905,18,18,0.7,0.7,0.1,1,2.5297350905,266.790910937,0.3,0.9,236.088310758,1.86111111111,64f66314a92d3b17
89,12000118,25,0,290.795293302,325,20,1.81989658982,208.35130332,221.780944889,20,20,0.8,0.9,0.2,1,2.21780944889,241.748509694,0.2,0.6,215.314910567,1.3,1cb0557c323bb0c0
89,12000118,25,1,387.309238425,425,11,2.85649629845,294.022933605,309.568219815,11,11,0.5,0.4,0,1,3.09568219815,241.748509694,0.2,0.6,215.314910567,1.3,1cb0557c323bb0c0
89,12000118,25,2,106.436136815,175,15,2.74312717364,237.472888606,212.934536531,15,15,0.7,0.7,0.1,1,2.12934536531,241.748509694,0.2,0.6,215.314910567,1.3,1cb0557c323bb0c0
89,12000118,25,3,24.8047863512,75,11,2.77405286769,322.138199884,282.4475665,11,11,0.3,0.5,0.1,1,2.824475665,241.748509694,0.2,0.6,215.314910567,1.3,1cb0557c323bb0c0
90,12000119,25,0,131.596714609,175,18,2.60861637255,200.582481592,220.574488482,18,18,0.8,0.6,0.1,1,2.20574488482,249.254821283,0.1,0.2,160.055588055,3,72adc8f9646ba916
90,12000119,25,1,5.59567527248,75,10,2.7938575729,336.589710683,327.841907103,10,10,0.4,0.4,0,1,3.27841907103,249.254821283,0.1,0.2,160.055588055,3,72adc8f9646ba916
90,12000119,25,2,343.47483141,325,18,1.71369722048,146.406179117,229.361822641,18,18,0.9,0.6,0.1,1,2.29361822641,249.254821283,0.1,0.2,160.055588055,3,72adc8f9646ba916
90,12000119,25,3,311.443468328,425,16,1.84337930548,179.089141157,287.060259921,16,16,0.9,0.5,0.1,1,2.87060259921,249.254821283,0.1,0.2,160.055588055,3,72adc8f9646ba916
91,12000120,25,0,172.659709172,175,15,1.68278113477,263.913199851,235.818743604,15,15,0.6,0.6,0.1,1,2.35818743604,252.591595691,0.2,0.3,108.64200275,2.75,4e9cad385012d6dc
91,12000120,25,1,316.189334956,325,22,2.48413375147,211.375509411,196.651858627,22,22,0.9,0.8,0.2,1,1.96651858627,252.591595691,0.2,0.3,108.64200275,2.75,4e9cad385012d6dc
91,12000120,25,2,452.093952286,75,13,2.31390668006,286.736427539,230.072732772,13,13,0.5,0.7,0.1,1,2.30072732772,252.591595691,0.2,0.3,108.64200275,2.75,4e9cad385012d6dc
91,12000120,25,3,60.8391074564,425,9,1.93125388426,357.147524622,365.695285862,9,9,0.2,0.3,0.1,1,3.65695285862,252.591595691,0.2,0.3,108.64200275,2.75,4e9cad385012d6dc
92,12000121,25,0,84.3903904727,325,14,1.55642804952,278.436986722,270.519262625,14,14,0.5,0.6,0.3,1,2.70519262625,238.985910098,0.3,0.4,107.034457841,1.66666666667,74d8cf032167a1cd
92,12000121,25,1,261.175826951,175,24,1.55635517951,186.395494768,168.445281344,24,24,1,1,0.3,1,1.68445281344,238.985910098,0.3,0.4,107.034457841,1.66666666667,74d8cf032167a1cd
92,12000121,25,2,445.137521579,75,14,2.87823587444,268.851063048,253.444624045,14,14,0.6,0.7,0.2,1,2.53444624045,238.985910098,0.3,0.4,107.034457841,1.66666666667,74d8cf032167a1cd
92,12000121,25,3,286.767964478,425,19,1.7564512663,223.229039063,215.398805627,19,19,0.7,0.8,0.3,1,2.15398805627,238.985910098,0.3,0.4,107.034457841,1.66666666667,74d8cf032167a1cd
93,12000122,25,0,134.913517505,425,15,2.61702997514,289.122182326,286.311297471,15,15,0.5,0.7,0.2,1,2.86311297471,275.621478313,0.4,1.3,232.790240645,1.9375,da78e54dc5866577
93,12000122,25,1,415.259002852,175,21,2.15592636177,201.156862947,199.398037835,21,21,0.9,1,0.4,1,1.99398037835,275.621478313,0.4,1.3,232.790240645,1.9375,da78e54dc5866577
93,12000122,25,2,124.639212782,325,18,2.08537340227,233.766421502,239.969870361,18,18,0.6,0.8,0.3,1,2.39969870361,275.621478313,0.4,1.3,232.790240645,1.9375,da78e54dc5866577
93,12000122,25,3,353.666032962,75,16,2.44390945342,195.605857554,209.628429876,16,16,0.6,0.7,0.3,1,2.09628429876,275.621478313,0.4,1.3,232.790240645,1.9375,da78e54dc5866577
94,12000123,25,0,488.813230952,75,12,2.73862219003,328.199303555,349.276369471,12,12,0.3,0.3,0.1,1,3.49276369471,253.622654321,0.1,0.1,59.4827950949,1,9066aac2d98dc666
94,12000123,25,1,376.6847279,325,17,2.94486200614,223.080590268,292.14427451,17,17,0.8,0.7,0.1,1,2.9214427451,253.622654321,0.1,0.1,59.4827950949,1,9066aac2d98dc666
94,12000123,25,2,156.569947814,175,19,1.90106163124,178.417365119,179.738627204,19,19,0.8,0.9,0.1,1,1.79738627204,253.622654321,0.1,0.1,59.4827950949,1,9066aac2d98dc666
94,12000123,25,3,2.35003807679,425,6,2.96369780892,339.493038339,309.591418281,6,6,0.3,0.6,0.1,1,3.09591418281,253.622654321,0.1,0.1,59.4827950949,1,9066aac2d98dc666
95,12000124,25,0,199.346055787,325,13,2.4178723854,276.45475623,257.299292718,13,13,0.6,0.6,0.3,1,2.57299292718,305.678015554,0.4,0.8,161.427892193,2,53bc4b1abe076ca6
95,12000124,25,1,399.149738389,175,18,1.94996441976,241.065826179,181.091027319,18,18,0.7,0.9,0.4,1,1.81091027319,305.678015554,0.4,0.8,161.427892193,2,53bc4b1abe076ca6
95,12000124,25,2,491.938366114,75,13,1.56287626546,310.748338613,225.882187753,13,13,0.4,0.6,0.3,1,2.25882187753,305.678015554,0.4,0.8,161.427892193,2,53bc4b1abe076ca6
95,12000124,25,3,251.731085524,425,11,1.97787696497,325.270569762,319.891767073,11,11,0.4,0.4,0.1,1,3.19891767073,305.678015554,0.4,0.8,161.427892193,2,53bc4b1abe076ca6
96,12000125,25,0,32.0441492758,75,14,2.64573214126,247.156793111,267.857096724,14,14,0.7,0.5,0.5,1,2.67857096724,220.168582785,0.7,2,219.812848288,2.18095238095,a09710af3a05dc13
96,12000125,25,1,394.358749718,325,14,2.96821361138,272.577310807,236.690429128,14,14,0.5,0.7,0.5,1,2.36690429128,220.168582785,0.7,2,219.812848288,2.18095238095,a09710af3a05dc13
96,12000125,25,2,24.245876832,175,17,1.74583735543,184.848633026,229.41046078,17,17,0.8,0.6,0.5,1,2.2941046078,220.168582785,0.7,2,219.812848288,2.18095238095,a09710af3a05dc13
96,12000125,25,3,429.430736922,425,6,2.360239608,336.993360857,315.020342172,6,6,0.3,0.3,0.1,1,3.15020342172,220.168582785,0.7,2,219.812848288,2.18095238095,a09710af3a05dc13
97,12000126,25,0,376.054875855,325,19,2.54374285177,189.041834727,242.834193777,19,19,0.8,0.7,0.1,1,2.42834193777,266.012850113,0.1,0.2,162.884645115,1,90576eb662562e3
97,12000126,25,1,309.282594624,425,13,1.6524621575,257.337643079,263.204363031,13,13,0.5,0.6,0.1,1,2.63204363031,266.012850113,0.1,0.2,162.884645115,1,90576eb662562e3
97,12000126,25,2,154.746970954,75,17,2.38488741911,231.609378327,279.522130187,17,17,0.6,0.6,0.1,1,2.79522130187,266.012850113,0.1,0.2,162.884645115,1,90576eb662562e3
97,12000126,25,3,77.9088828426,175,16,2.94188746779,252.218190606,279.008525774,16,16,0.6,0.6,0.1,1,2.79008525774,266.012850113,0.1,0.2,162.884645115,1,90576eb662562e3
98,12000127,25,0,83.4754644415,175,17,1.58182696335,242.09105923,209.177473192,17,17,0.6,0.9,0.7,1,2.09177473192,214.451529608,0.7,3.3,380.415295904,1.49886621315,9de6e2aa94b2fc56
98,12000127,25,1,312.178371321,325,17,1.69105497484,279.059566881,156.330465385,17,17,0.5,0.9,0.5,1,1.56330465385,214.451529608,0.7,3.3,380.415295904,1.49886621315,9de6e2aa94b2fc56
98,12000127,25,2,414.522274491,425,12,2.37765833911,376.809326397,268.799899524,12,12,0.3,0.7,0.1,1,2.68799899524,214.451529608,0.7,3.3,380.415295904,1.49886621315,9de6e2aa94b2fc56
98,12000127,25,3,239.964448037,75,17,1.67020996101,256.633627322,236.349547477,17,17,0.5,0.6,0.5,1,2.36349547477,214.451529608,0.7,3.3,380.415295904,1.49886621315,9de6e2aa94b2fc56
99,12000128,25,0,356.226822568,75,8,2.37943247844,336.512211443,306.944335955,8,8,0.2,0.3,0.2,1,3.06944335955,254.88024519,0.3,0.8,220.91584927,1.41666666667,4fc4f3d319627191
99,12000128,25,1,406.955500892,425,11,1.73222667594,242.877373349,262.163425608,11,11,0.6,0.5,0.2,1,2.62163425608,254.88024519,0.3,0.8,220.91584927,1.41666666667,4fc4f3d319627191
99,12000128,25,2,238.634879508,175,21,1.62872095095,252.117334879,215.002601269,21,21,0.7,0.9,0.3,1,2.15002601269,254.88024519,0.3,0.8,220.91584927,1.41666666667,4fc4f3d319627191
99,12000128,25,3,169.009625463,325,22,2.60489254982,206.05225245,176.663399997,22,22,0.8,0.9,0.3,1,1.76663399997,254.88024519,0.3,0.8,220.91584927,1.41666666667,4fc4f3d319627191
100,12000129,25,0,205.544037453,75,16,1.71152967867,236.735191215,259.94172682,16,16,0.8,0.6,0.3,1,2.5994172682,237.338071411,0.4,1.1,221.113722779,1.54166666667,5ae380117099550e
100,12000129,25,1,263.47169127,175,21,1.91816425983,190.13615259,192.046616692,21,21,1,0.9,0.4,1,1.92046616692,237.338071411,0.4,1.1,221.113722779,1.54166666667,5ae380117099550e
100,12000129,25,2,382.792831093,425,17,2.57720166739,309.041319395,206.427163941,17,17,0.4,0.6,0.2,1,2.06427163941,237.338071411,0.4,1.1,221.113722779,1.54166666667,5ae380117099550e
100,12000129,25,3,341.576914014,325,20,2.83104558665,231.225802971,172.186063052,20,20,0.6,0.9,0.3,1,1.72186063052,237.338071411,0.4,1.1,221.113722779,1.54166666667,5ae380117099550e
101,12000130,25,0,58.0273130671,75,10,1.58471424557,254.853251047,220.979736299,10,10,0.4,0.6,0.2,1,2.20979736299,223.020088553,0.6,2.2,280.454217592,1.98611111111,264f0a7881f9118
101,12000130,25,1,330.87491494,175,23,2.05922357984,203.862385504,164.216407131,23,23,0.9,1,0.6,1,1.64216407131,223.020088553,0.6,2.2,280.454217592,1.98611111111,264f0a7881f9118
101,12000130,25,2,87.7063864028,325,19,2.98457329822,220.963278342,257.704840081,19,19,0.8,0.7,0.6,1,2.57704840081,223.020088553,0.6,2.2,280.454217592,1.98611111111,264f0a7881f9118
101,12000130,25,3,492.306709686,425,12,2.32259389995,392.36404486,374.186762774,12,12,0.1,0.3,0.2,1,3.74186762774,223.020088553,0.6,2.2,280.454217592,1.98611111111,264f0a7881f9118
102,12000131,25,0,63.8692306011,325,12,2.85259881814,289.514291197,319.037672472,12,12,0.5,0.4,0.1,1,3.19037672472,278.577439264,0.3,0.3,67.0393598345,2,826cb20888cdb7d7
102,12000131,25,1,334.442890301,75,18,2.19579948134,216.814734612,226.341859122,18,18,0.6,0.5,0.2,1,2.26341859122,278.577439264,0.3,0.3,67.0393598345,2,826cb20888cdb7d7
102,12000131,25,2,154.563078569,175,20,2.63078867093,239.874294909,274.361072489,20,20,0.8,0.8,0.3,1,2.74361072489,278.577439264,0.3,0.3,67.0393598345,2,826cb20888cdb7d7
102,12000131,25,3,493.948190254,425,9,2.37600243383,358.367963311,283.83728858,9,9,0.2,0.4,0,1,2.8383728858,278.577439264,0.3,0.3,67.0393598345,2,826cb20888cdb7d7
103,12000132,25,0,490.867566485,175,13,2.8516201703,274.750587663,260.582988143,13,13,0.6,0.6,0.4,1,2.60582988143,300.205592423,0.5,1.6,247.374617582,1.39333333333,d8bd966627d22ff6
103,12000132,25,1,204.278849108,425,15,2.06379098072,279.099049805,286.057735805,15,15,0.6,0.5,0.4,1,2.86057735805,300.205592423,0.5,1.6,247.374617582,1.39333333333,d8bd966627d22ff6
103,12000132,25,2,325.432479987,75,18,1.86679196574,201.467932256,251.030171527,18,18,0.8,0.7,0.4,1,2.51030171527,300.205592423,0.5,1.6,247.374617582,1.39333333333,d8bd966627d22ff6
103,12000132,25,3,223.102069335,325,24,1.68391989034,205.667091728,231.811865351,24,24,0.9,0.9,0.5,1,2.31811865351,300.205592423,0.5,1.6,247.374617582,1.39333333333,d8bd966627d22ff6
104,12000133,25,0,339.870639967,325,20,2.75722661362,258.666001906,141.706362884,20,20,0.7,1,0.2,1,1.41706362884,266.816185991,0.2,0.5,186.41505148,2,e723d73cfbde99b3
104,12000133,25,1,34.8966238844,425,11,2.33717134483,271.041513365,323.917728393,11,11,0.5,0.3,0.2,1,3.23917728393,266.816185991,0.2,0.5,186.41505148,2,e723d73cfbde99b3
104,12000133,25,2,27.9280855376,75,15,2.35874836734,232.938790605,413.974558371,15,15,0.9,0.2,0.2,1,4.13974558371,266.816185991,0.2,0.5,186.41505148,2,e723d73cfbde99b3
104,12000133,25,3,417.885730006,175,14,2.07763930878,312.776814074,230.159965041,14,14,0.4,0.7,0,1,2.30159965041,266.816185991,0.2,0.5,186.41505148,2,e723d73cfbde99b3
105,12000134,25,0,315.063256275,175,20,2.36098714614,220.258318814,230.295361265,20,20,0.6,0.8,0,1,2.30295361265,309.987898855,0,0,nan,nan,1a9ea5973379e806
105,12000134,25,1,378.095978151,75,12,2.37661873395,273.866075308,314.923487207,12,12,0.5,0.5,0,1,3.14923487207,309.987898855,0,0,nan,nan,1a9ea5973379e806
105,12000134,25,2,75.2649534021,325,18,2.93861399338,237.635086963,251.398218667,18,18,0.7,0.6,0,1,2.51398218667,309.987898855,0,0,nan,nan,1a9ea5973379e806
105,12000134,25,3,52.7118507684,425,14,2.98815264631,300.053236345,290.154165257,14,14,0.6,0.5,0,1,2.90154165257,309.987898855,0,0,nan,nan,1a9ea5973379e806
106,12000135,25,0,413.501485781,425,10,2.39947015977,324.161671888,294.692290519,10,10,0.3,0.5,0,1,2.94692290519,377.941314665,0,0,nan,nan,777a0c034f6e91ef
106,12000135,25,1,459.107244457,325,12,2.39318747518,303.543219193,314.693400069,12,12,0.4,0.4,0,1,3.14693400069,377.941314665,0,0,nan,nan,777a0c034f6e91ef
106,12000135,25,2,10.4607525224,75,7,2.06876584347,303.940683101,346.616126372,7,7,0.5,0.3,0,1,3.46616126372,377.941314665,0,0,nan,nan,777a0c034f6e91ef
106,12000135,25,3,8.72508458724,175,13,2.9863514492,280.115648768,306.571025516,13,13,0.6,0.5,0,1,3.06571025516,377.941314665,0,0,nan,nan,777a0c034f6e91ef
107,12000136,25,0,318.555939822,175,20,1.79721636957,277.776076722,238.222735986,20,20,0.7,0.7,0.2,1,2.38222735986,269.260929001,0.2,0.4,111.140722551,1.33333333333,f409d20b3b19424a
107,12000136,25,1,222.412119249,75,15,2.31943616343,287.442115079,277.349425281,15,15,0.6,0.5,0.2,1,2.77349425281,269.260929001,0.2,0.4,111.140722551,1.33333333333,f409d20b3b19424a
107,12000136,25,2,33.4996101963,325,17,2.1143474825,192.241477012,237.500168174,17,17,0.7,0.8,0.2,1,2.37500168174,269.260929001,0.2,0.4,111.140722551,1.33333333333,f409d20b3b19424a
107,12000136,25,3,492.613463329,425,10,2.38989634636,409.392742509,332.26320472,10,10,0.3,0.4,0,1,3.3226320472,269.260929001,0.2,0.4,111.140722551,1.33333333333,f409d20b3b19424a
108,12000137,25,0,111.790976957,425,9,2.01287332422,323.525403609,320.984277113,9,9,0.3,0.3,0,1,3.20984277113,282.595447697,0.2,0.3,116.127424428,1.5,8f659b63cb127df0
108,12000137,25,1,397.647061431,175,18,2.73105524487,244.11844019,188.66677309,18,18,0.6,0.9,0.2,1,1.8866677309,282.595447697,0.2,0.3,116.127424428,1.5,8f659b63cb127df0
108,12000137,25,2,20.8359367087,75,10,2.64658185378,270.429643932,338.177162327,10,10,0.6,0.3,0.1,1,3.38177162327,282.595447697,0.2,0.3,116.127424428,1.5,8f659b63cb127df0
108,12000137,25,3,415.95878002,325,18,1.88339855901,284.216177967,197.492151089,18,18,0.5,0.9,0.2,1,1.97492151089,282.595447697,0.2,0.3,116.127424428,1.5,8f659b63cb127df0
109,12000138,25,0,79.3389001592,325,12,2.68900381392,263.871521339,285.896214145,12,12,0.4,0.4,0.3,1,2.85896214145,230.369746921,0.4,1,192.495854484,1.66666666667,832022fd87f4758f
109,12000138,25,1,234.68936384,425,16,1.89286003768,227.015156085,245.534504193,16,16,0.7,0.5,0.3,1,2.45534504193,230.369746921,0.4,1,192.495854484,1.66666666667,832022fd87f4758f
109,12000138,25,2,42.2114716252,75,12,2.27649697584,320.148377002,325.380927963,12,12,0.4,0.4,0.1,1,3.25380927963,230.369746921,0.4,1,192.495854484,1.66666666667,832022fd87f4758f
109,12000138,25,3,498.692987393,175,11,2.35614190598,287.393139172,275.116121305,11,11,0.5,0.6,0,1,2.75116121305,230.369746921,0.4,1,192.495854484,1.66666666667,832022fd87f4758f
110,12000139,25,0,148.688504739,175,22,2.25608565331,252.993503601,219.610534837,22,22,0.8,0.9,0.5,1,2.19610534837,192.521361414,0.5,0.6,80.5865612286,1.7,51366d66ea528dff
110,12000139,25,1,46.4481788941,75,10,2.58060991811,327.65936897,259.302395077,10,10,0.3,0.4,0.2,1,2.59302395077,192.521361414,0.5,0.6,80.5865612286,1.7,51366d66ea528dff
110,12000139,25,2,480.512587248,425,10,2.28396003398,318.800681352,377.955764955,10,10,0.4,0.4,0.2,1,3.77955764955,192.521361414,0.5,0.6,80.5865612286,1.7,51366d66ea528dff
110,12000139,25,3,432.018709856,325,17,2.66980037012,259.873572652,298.109985607,17,17,0.8,0.5,0.3,1,2.98109985607,192.521361414,0.5,0.6,80.5865612286,1.7,51366d66ea528dff
111,12000140,25,0,168.717590297,75,18,1.99364859421,214.487389949,245.301895814,18,18,0.7,0.4,0.1,1,2.45301895814,318.388596562,0.2,0.5,171.891211175,1.75,21f927d217df04a3
111,12000140,25,1,254.21456406,425,15,1.66587952236,273.124467276,236.295610669,15,15,0.5,0.7,0.2,1,2.36295610669,318.388596562,0.2,0.5,171.891211175,1.75,21f927d217df04a3
111,12000140,25,2,1.2884927488,175,13,2.36084181481,237.279263046,322.049329128,13,13,0.6,0.4,0,1,3.22049329128,318.388596562,0.2,0.5,171.891211175,1.75,21f927d217df04a3
111,12000140,25,3,486.468782663,325,11,1.89890805517,317.794665082,255.721916804,11,11,0.4,0.6,0.2,1,2.55721916804,318.388596562,0.2,0.5,171.891211175,1.75,21f927d217df04a3
112,12000141,25,0,89.8569217117,425,8,2.24623919878,265.794552219,338.927649106,8,8,0.4,0.2,0.1,1,3.38927649106,209.182183088,0.5,0.8,107.716176499,1.9,f0610e98e8118b56
112,12000141,25,1,423.347900588,175,16,2.44857113226,319.444584974,192.492546826,16,16,0.4,0.8,0.4,1,1.92492546826,209.182183088,0.5,0.8,107.716176499,1.9,f0610e98e8118b56
112,12000141,25,2,309.188953453,75,19,2.39672884288,284.566265993,183.505256927,19,19,0.6,0.8,0.4,1,1.83505256927,209.182183088,0.5,0.8,107.716176499,1.9,f0610e98e8118b56
112,12000141,25,3,65.2155406056,325,15,2.02522466379,225.072285217,281.683100576,15,15,0.8,0.4,0.3,1,2.81683100576,209.182183088,0.5,0.8,107.716176499,1.9,f0610e98e8118b56
113,12000142,25,0,479.340810156,325,8,2.65834784843,318.528953292,348.870627179,8,8,0.4,0.4,0,1,3.48870627179,321.27273256,0,0,nan,nan,c6d62b31f3e36ac
113,12000142,25,1,468.050080198,175,10,2.97886034886,249.106489896,348.123720267,10,10,0.7,0.4,0,1,3.48123720267,321.27273256,0,0,nan,nan,c6d62b31f3e36ac
113,12000142,25,2,83.898751937,75,11,2.87978424552,251.462895126,236.323351647,11,11,0.5,0.5,0,1,2.36323351647,321.27273256,0,0,nan,nan,c6d62b31f3e36ac
113,12000142,25,3,29.8988129459,425,13,2.9998929122,383.55481943,279.931820844,13,13,0.2,0.5,0,1,2.79931820844,321.27273256,0,0,nan,nan,c6d62b31f3e36ac
114,12000143,25,0,244.285012435,325,23,2.09245957396,195.687521208,133.459836782,23,23,1,1,0.1,1,1.33459836782,287.622015971,0.1,0.1,95.6135502341,4,e29b5274ed9509f9
114,12000143,25,1,397.719016454,425,16,2.39636828823,175.51876741,287.527692758,16,16,0.8,0.7,0.1,1,2.87527692758,287.622015971,0.1,0.1,95.6135502341,4,e29b5274ed9509f9
114,12000143,25,2,96.7960890141,75,11,1.71746179738,394.246807515,207.923030495,11,11,0.2,0.9,0.1,1,2.07923030495,287.622015971,0.1,0.1,95.6135502341,4,e29b5274ed9509f9
114,12000143,25,3,446.368392805,175,18,2.43979651607,237.950374476,271.373894219,18,18,0.8,0.7,0.1,1,2.71373894219,287.622015971,0.1,0.1,95.6135502341,4,e29b5274ed9509f9
115,12000144,25,0,81.5409701646,75,13,2.48329052569,273.23913452,282.041599375,13,13,0.5,0.5,0.1,1,2.82041599375,247.781419686,0.2,0.2,56.6322129774,2,36d89963f75f7d23
115,12000144,25,1,408.716753522,325,16,2.92129771065,274.783794106,213.186055546,16,16,0.6,0.9,0.2,1,2.13186055546,247.781419686,0.2,0.2,56.6322129774,2,36d89963f75f7d23
115,12000144,25,2,344.701396394,175,19,2.29443428987,236.392283663,156.515071306,19,19,0.6,1,0.2,1,1.56515071306,247.781419686,0.2,0.2,56.6322129774,2,36d89963f75f7d23
115,12000144,25,3,201.947626108,425,17,2.40633797002,273.794156808,250.606774627,17,17,0.7,0.5,0.1,1,2.50606774627,247.781419686,0.2,0.2,56.6322129774,2,36d89963f75f7d23
116,12000145,25,0,2.65827541622,325,11,2.94061073934,287.120521332,225.098421754,11,11,0.6,0.6,0,1,2.25098421754,276.290648508,0,0,nan,nan,b12f98857abca854
116,12000145,25,1,268.806904419,425,20,2.26570354035,247.682424129,198.261608876,20,20,0.5,0.9,0,1,1.98261608876,276.290648508,0,0,nan,nan,b12f98857abca854
116,12000145,25,2,259.075811497,175,23,1.68556506097,232.449725642,201.658320779,23,23,1,1,0,1,2.01658320779,276.290648508,0,0,nan,nan,b12f98857abca854
116,12000145,25,3,403.979918277,75,12,2.85085670858,323.970241039,326.217025183,12,12,0.4,0.4,0,1,3.26217025183,276.290648508,0,0,nan,nan,b12f98857abca854
117,12000146,25,0,341.342465133,325,16,2.87922875401,219.634024303,244.567610673,16,16,0.7,0.5,0.5,1,2.44567610673,228.895439988,0.6,1.8,226.058021854,1.56944444444,be6fef6ee36ff93c
117,12000146,25,1,189.302461148,75,22,2.58158162067,180.841595947,198.116935343,22,22,0.9,0.8,0.4,1,1.98116935343,228.895439988,0.6,1.8,226.058021854,1.56944444444,be6fef6ee36ff93c
117,12000146,25,2,3.97094300322,425,11,1.97634310708,337.486410123,377.514489175,11,11,0.4,0.3,0.2,1,3.77514489175,228.895439988,0.6,1.8,226.058021854,1.56944444444,be6fef6ee36ff93c
117,12000146,25,3,485.410515809,175,11,2.66970321322,288.411451551,283.29735479,11,11,0.5,0.5,0.4,1,2.8329735479,228.895439988,0.6,1.8,226.058021854,1.56944444444,be6fef6ee36ff93c
118,12000147,25,0,394.985154138,325,15,2.73090160637,223.371959268,301.061337262,15,15,0.8,0.3,0,1,3.01061337262,364.088106131,0.1,0.5,381.721650481,1,4742c8cceb40af69
118,12000147,25,1,132.583946196,75,15,1.88739019969,350.271832633,217.767005917,15,15,0.3,0.7,0,1,2.17767005917,364.088106131,0.1,0.5,381.721650481,1,4742c8cceb40af69
118,12000147,25,2,167.121214366,175,22,2.23322547794,270.399350004,202.648216076,22,22,0.9,0.8,0.1,1,2.02648216076,364.088106131,0.1,0.5,381.721650481,1,4742c8cceb40af69
118,12000147,25,3,280.779643726,425,12,2.30050659085,154.414988692,295.618882924,12,12,0.8,0.4,0.1,1,2.95618882924,364.088106131,0.1,0.5,381.721650481,1,4742c8cceb40af69
119,12000148,25,0,351.05326643,325,20,1.89970488612,236.264200087,173.522218253,20,20,0.7,1,0.5,1,1.73522218253,264.050203283,0.5,1.7,277.239436704,1.70333333333,7d35e07cd511b71b
119,12000148,25,1,294.316480193,175,21,2.1296291564,184.370390418,141.223451636,21,21,0.9,1,0.5,1,1.41223451636,264.050203283,0.5,1.7,277.239436704,1.70333333333,7d35e07cd511b71b
119,12000148,25,2,54.2549251395,75,8,2.99548274906,310.409306293,337.48227058,8,8,0.3,0.4,0,1,3.3748227058,264.050203283,0.5,1.7,277.239436704,1.70333333333,7d35e07cd511b71b
119,12000148,25,3,115.882286587,425,14,2.31562569221,302.256748119,323.725024415,14,14,0.5,0.2,0.3,1,3.23725024415,264.050203283,0.5,1.7,277.239436704,1.70333333333,7d35e07cd511b71b
120,12000149,25,0,36.6246925446,425,13,1.90994820206,285.351357596,298.438584383,13,13,0.5,0.4,0.1,1,2.98438584383,275.008461326,0.2,0.4,143.065885184,2,509a9e035e3e2356
120,12000149,25,1,282.623848266,175,23,1.54967135503,245.903551797,196.9756841,23,23,0.9,1,0.2,1,1.969756841,275.008461326,0.2,0.4,143.065885184,2,509a9e035e3e2356
120,12000149,25,2,422.806349499,325,14,1.73799525296,339.944134442,272.491267383,14,14,0.3,0.5,0.1,1,2.72491267383,275.008461326,0.2,0.4,143.065885184,2,509a9e035e3e2356
120,12000149,25,3,289.751092219,75,14,2.26755625963,273.783766127,237.881379026,14,14,0.6,0.6,0.1,1,2.37881379026,275.008461326,0.2,0.4,143.065885184,2,509a9e035e3e2356
121,12000150,25,0,359.046277476,75,14,1.54098475177,308.625693614,285.58068604,14,14,0.1,0.4,0.4,1,2.8558068604,158.36921449,0.4,0.6,93.1559312686,1.33333333333,92532f7364925b8c
121,12000150,25,1,48.3860413098,325,15,2.95569932342,178.275094559,228.549646743,15,15,0.9,0.7,0.3,1,2.28549646743,158.36921449,0.4,0.6,93.1559312686,1.33333333333,92532f7364925b8c
121,12000150,25,2,340.198133675,175,19,2.46293359036,267.517062547,258.388585632,19,19,0.8,0.7,0.4,1,2.58388585632,158.36921449,0.4,0.6,93.1559312686,1.33333333333,92532f7364925b8c
121,12000150,25,3,88.2191419996,425,13,2.96401457841,238.77147864,271.800297367,13,13,0.8,0.5,0.2,1,2.71800297367,158.36921449,0.4,0.6,93.1559312686,1.33333333333,92532f7364925b8c
122,12000151,25,0,121.468618345,425,10,2.03712512239,316.956089121,333.598487826,10,10,0.4,0.3,0.1,1,3.33598487826,184.848182578,0.4,0.5,58.7585933282,1.125,97a9dee4e00958a6
122,12000151,25,1,66.6464813132,175,11,2.98684260805,366.259872209,352.282655057,11,11,0.3,0.3,0.1,1,3.52282655057,184.848182578,0.4,0.5,58.7585933282,1.125,97a9dee4e00958a6
122,12000151,25,2,477.856697999,75,12,2.25177038969,260.255925208,241.68414385,12,12,0.5,0.8,0.4,1,2.4168414385,184.848182578,0.4,0.5,58.7585933282,1.125,97a9dee4e00958a6
122,12000151,25,3,271.635369472,325,21,1.80499602311,213.425538236,205.668011053,21,21,0.9,0.9,0.4,1,2.05668011053,184.848182578,0.4,0.5,58.7585933282,1.125,97a9dee4e00958a6
123,12000152,25,0,2.51056644938,75,7,2.2831291536,368.499540847,389.278617141,7,7,0.3,0.1,0,1,3.89278617141,263.225087812,0,0,nan,nan,4c072d229f4d1cae
123,12000152,25,1,47.6173893093,325,15,2.51915293274,272.873827602,317.057776583,15,15,0.7,0.5,0,1,3.17057776583,263.225087812,0,0,nan,nan,4c072d229f4d1cae
123,12000152,25,2,353.043450668,175,22,2.80768435323,215.497837709,161.2508175,22,22,0.9,1,0,1,1.612508175,263.225087812,0,0,nan,nan,4c072d229f4d1cae
123,12000152,25,3,395.173619483,425,17,2.73740011342,206.341923131,233.099745161,17,17,0.7,0.6,0,1,2.33099745161,263.225087812,0,0,nan,nan,4c072d229f4d1cae
124,12000153,25,0,338.872563155,75,16,1.74161300211,214.146737429,236.098843649,16,16,0.8,0.7,0.2,1,2.36098843649,270.086820974,0.4,1.2,225.360667431,2.425,a3a5cfd9aba3af5c
124,12000153,25,1,48.5296440475,325,15,2.42707815982,321.000962649,280.558229943,15,15,0.5,0.6,0.2,1,2.80558229943,270.086820974,0.4,1.2,225.360667431,2.425,a3a5cfd9aba3af5c
124,12000153,25,2,433.514708407,175,16,2.84255721864,207.970728722,236.089723099,16,16,0.8,0.5,0.4,1,2.36089723099,270.086820974,0.4,1.2,225.360667431,2.425,a3a5cfd9aba3af5c
124,12000153,25,3,155.172616365,425,18,2.22276483804,288.603166317,265.271051281,18,18,0.5,0.6,0.4,1,2.65271051281,270.086820974,0.4,1.2,225.360667431,2.425,a3a5cfd9aba3af5c
125,12000154,25,0,140.314516226,175,19,1.7227632934,202.618380015,192.398569551,19,19,0.9,0.8,0.4,1,1.92398569551,227.575517114,0.5,1.6,262.718485918,1.56,f3353c958d56f2cc
125,12000154,25,1,397.201427527,75,16,1.99210732141,310.308429723,189.947393198,16,16,0.3,0.8,0.3,1,1.89947393198,227.575517114,0.5,1.6,262.718485918,1.56,f3353c958d56f2cc
125,12000154,25,2,410.625093684,325,18,2.40594460597,310.596612434,275.716568572,18,18,0.6,0.8,0.5,1,2.75716568572,227.575517114,0.5,1.6,262.718485918,1.56,f3353c958d56f2cc
125,12000154,25,3,100.060323122,425,11,2.63102835584,268.489912494,325.852447318,11,11,0.6,0.5,0.1,1,3.25852447318,227.575517114,0.5,1.6,262.718485918,1.56,f3353c958d56f2cc
126,12000155,25,0,17.674499779,425,9,2.11293818124,280.665461253,327.325672247,9,9,0.4,0.4,0,1,3.27325672247,346.104559783,0,0,nan,nan,cc47d36358df6038
126,12000155,25,1,110.418566817,75,13,1.61421174272,286.420263425,270.741307501,13,13,0.6,0.7,0,1,2.70741307501,346.104559783,0,0,nan,nan,cc47d36358df6038
126,12000155,25,2,351.635214002,175,15,2.70678698899,280.264663622,258.952831113,15,15,0.4,0.5,0,1,2.58952831113,346.104559783,0,0,nan,nan,cc47d36358df6038
126,12000155,25,3,442.346899105,325,11,2.2029329911,293.598148302,316.261108799,11,11,0.4,0.2,0,1,3.16261108799,346.104559783,0,0,nan,nan,cc47d36358df6038
127,12000156,25,0,352.46076034,75,14,1.89113613152,267.282282804,234.402379328,14,14,0.6,0.7,0.1,1,2.34402379328,239.218370728,0.2,0.4,122.118561675,1.5,7dfed0e9673aa092
127,12000156,25,1,139.032679091,425,14,2.25037637771,273.066144717,304.206845572,14,14,0.5,0.5,0.1,1,3.04206845572,239.218370728,0.2,0.4,122.118561675,1.5,7dfed0e9673aa092
127,12000156,25,2,205.719044724,175,23,1.55705844857,239.381861374,211.254690179,23,23,0.7,1,0.2,1,2.11254690179,239.218370728,0.2,0.4,122.118561675,1.5,7dfed0e9673aa092
127,12000156,25,3,363.976702346,325,19,2.71391480047,193.59330617,215.135781713,19,19,0.9,0.6,0.2,1,2.15135781713,239.218370728,0.2,0.4,122.118561675,1.5,7dfed0e9673aa092
128,12000157,25,0,368.162501002,425,12,2.10657005144,265.61333198,302.607803275,12,12,0.6,0.4,0.1,1,3.02607803275,298.478604471,0.2,0.3,102.091947009,1.5,2b6a7982d514bb25
128,12000157,25,1,178.276450422,75,12,2.1122191281,286.168832233,287.228258653,12,12,0.6,0.4,0.1,1,2.87228258653,298.478604471,0.2,0.3,102.091947009,1.5,2b6a7982d514bb25
128,12000157,25,2,327.611762986,175,17,2.43501974216,247.71446949,246.035383686,17,17,0.7,0.7,0,1,2.46035383686,298.478604471,0.2,0.3,102.091947009,1.5,2b6a7982d514bb25
128,12000157,25,3,66.2128610923,325,13,2.85276065013,212.893665386,303.990961869,13,13,0.7,0.4,0.2,1,3.03990961869,298.478604471,0.2,0.3,102.091947009,1.5,2b6a7982d514bb25
129,12000158,25,0,454.11551691,175,11,1.60308000267,260.925400039,277.777174866,11,11,0.6,0.4,0.1,1,2.77777174866,258.395593706,0.2,0.5,182.764005709,2.125,2a949dbcbe551c57
129,12000158,25,1,395.929001422,425,12,2.62201846339,322.650547051,269.668864729,12,12,0.2,0.5,0.1,1,2.69668864729,258.395593706,0.2,0.5,182.764005709,2.125,2a949dbcbe551c57
129,12000158,25,2,136.71598462,325,21,2.2176883023,257.923927543,227.236692396,21,21,0.8,0.8,0.2,1,2.27236692396,258.395593706,0.2,0.5,182.764005709,2.125,2a949dbcbe551c57
129,12000158,25,3,223.9883644,75,15,1.56795924537,221.816363417,264.613615915,15,15,0.7,0.5,0,1,2.64613615915,258.395593706,0.2,0.5,182.764005709,2.125,2a949dbcbe551c57
130,12000159,25,0,353.599238063,75,18,2.34681114672,215.290896117,281.672891072,18,18,0.7,0.5,0.1,1,2.81672891072,253.141958384,0.1,0.1,76.4008997159,4,46453b3b6a6d4ff3
130,12000159,25,1,153.677655359,425,12,2.26097712436,259.442188371,259.390632696,12,12,0.7,0.6,0,1,2.59390632696,253.141958384,0.1,0.1,76.4008997159,4,46453b3b6a6d4ff3
130,12000159,25,2,499.934240302,325,11,1.8518682713,285.565100653,354.553578736,11,11,0.6,0.3,0.1,1,3.54553578736,253.141958384,0.1,0.1,76.4008997159,4,46453b3b6a6d4ff3
130,12000159,25,3,95.0263249403,175,18,2.57115143747,233.730829276,204.249791205,18,18,0.8,0.7,0.1,1,2.04249791205,253.141958384,0.1,0.1,76.4008997159,4,46453b3b6a6d4ff3
131,12000160,25,0,180.779190585,325,21,2.66432696817,179.209106253,173.389496301,21,21,0.9,0.9,0.6,1,1.73389496301,251.470644667,0.6,2.4,281.720003421,2.08333333333,1f5ce71d84bd1395
131,12000160,25,1,372.88088543,75,12,2.53625148791,348.911071172,290.058101698,12,12,0.3,0.5,0.3,1,2.90058101698,251.470644667,0.6,2.4,281.720003421,2.08333333333,1f5ce71d84bd1395
131,12000160,25,2,6.02108294321,175,12,2.88086888627,319.741071662,271.205424843,12,12,0.5,0.5,0.2,1,2.71205424843,251.470644667,0.6,2.4,281.720003421,2.08333333333,1f5ce71d84bd1395
131,12000160,25,3,492.415602936,425,10,1.7843730295,311.542679703,329.157835738,10,10,0.5,0.5,0.3,1,3.29157835738,251.470644667,0.6,2.4,281.720003421,2.08333333333,1f5ce71d84bd1395
132,12000161,25,0,160.28974693,325,21,2.69040926565,212.98064214,268.238127645,21,21,0.8,0.7,0.4,1,2.68238127645,232.372022573,0.4,0.6,117.865223586,2,dc0335b6a280b7a3
132,12000161,25,1,205.322366098,75,12,2.17270632989,274.981404408,274.773956275,12,12,0.6,0.6,0.3,1,2.74773956275,232.372022573,0.4,0.6,117.865223586,2,dc0335b6a280b7a3
132,12000161,25,2,265.916862887,425,19,2.18643354449,232.229057966,261.040892775,19,19,0.7,0.7,0.3,1,2.61040892775,232.372022573,0.4,0.6,117.865223586,2,dc0335b6a280b7a3
132,12000161,25,3,387.508397494,175,16,2.6445606648,262.06522381,175.605269151,16,16,0.5,0.8,0.3,1,1.75605269151,232.372022573,0.4,0.6,117.865223586,2,dc0335b6a280b7a3
133,12000162,25,0,67.0936696303,175,10,1.60242866245,348.258314871,231.609668255,10,10,0.2,0.5,0,1,2.31609668255,278.335124527,0.2,0.4,183.4055783,1.75,6b2e5c3e599afbd5
133,12000162,25,1,396.811957977,325,21,1.86718319381,140.950161256,225.665234224,21,21,0.8,0.7,0.2,1,2.25665234224,278.335124527,0.2,0.4,183.4055783,1.75,6b2e5c3e599afbd5
133,12000162,25,2,305.12838989,425,15,1.5371928568,207.461304111,220.77756111,15,15,0.7,0.6,0.2,1,2.2077756111,278.335124527,0.2,0.4,183.4055783,1.75,6b2e5c3e599afbd5
133,12000162,25,3,491.896208408,75,12,2.40052480277,266.780155996,338.562203473,12,12,0.6,0.2,0.1,1,3.38562203473,278.335124527,0.2,0.4,183.4055783,1.75,6b2e5c3e599afbd5
134,12000163,25,0,182.270146505,425,12,2.59515615128,284.063961746,310.772211442,12,12,0.6,0.3,0.1,1,3.10772211442,299.134559423,0.7,2.7,292.159158098,1.38367346939,45b095e50a7044fe
134,12000163,25,1,14.1639735536,75,11,2.74355017276,331.138440712,398.594800607,11,11,0.4,0.3,0.1,1,3.98594800607,299.134559423,0.7,2.7,292.159158098,1.38367346939,45b095e50a7044fe
134,12000163,25,2,468.84730074,175,17,2.57643809143,239.100085375,206.436543226,17,17,0.8,0.8,0.6,1,2.06436543226,299.134559423,0.7,2.7,292.159158098,1.38367346939,45b095e50a7044fe
134,12000163,25,3,497.504521694,325,13,2.09177509489,260.246981228,216.967568476,13,13,0.5,0.8,0.5,1,2.16967568476,299.134559423,0.7,2.7,292.159158098,1.38367346939,45b095e50a7044fe
135,12000164,25,0,442.886832443,425,13,1.75850242248,287.666838379,284.751218746,13,13,0.5,0.5,0.1,1,2.84751218746,278.765036968,0.1,0.2,170.489089932,3,fad6caa364775552
135,12000164,25,1,27.688521648,75,10,2.12451089738,292.193963838,331.222369864,10,10,0.6,0.5,0,1,3.31222369864,278.765036968,0.1,0.2,170.489089932,3,fad6caa364775552
135,12000164,25,2,73.8906085769,325,17,2.70565598583,243.983048695,261.790594417,17,17,0.8,0.7,0.1,1,2.61790594417,278.765036968,0.1,0.2,170.489089932,3,fad6caa364775552
135,12000164,25,3,321.724573286,175,21,2.01630948542,220.417004536,196.255546653,21,21,0.8,0.9,0.1,1,1.96255546653,278.765036968,0.1,0.2,170.489089932,3,fad6caa364775552
136,12000165,25,0,234.934632877,325,17,2.14124910532,180.114304362,236.212488977,17,17,0.7,0.7,0.1,1,2.36212488977,321.7328725,0.1,0.1,82.7707478982,1,f8767f866527e0ef
136,12000165,25,1,77.6219306768,175,16,2.29106826254,196.197271579,299.73546359,16,16,0.9,0.7,0.1,1,2.9973546359,321.7328725,0.1,0.1,82.7707478982,1,f8767f866527e0ef
136,12000165,25,2,390.753128705,425,10,2.46187530986,308.92762544,310.251766206,10,10,0.5,0.4,0.1,1,3.10251766206,321.7328725,0.1,0.1,82.7707478982,1,f8767f866527e0ef
136,12000165,25,3,453.303081516,75,12,2.20802513652,352.054143634,327.758583311,12,12,0.2,0.4,0,1,3.27758583311,321.7328725,0.1,0.1,82.7707478982,1,f8767f866527e0ef
137,12000166,25,0,50.845039399,175,14,2.69274168057,275.916063015,255.84744451,14,14,0.5,0.6,0.2,1,2.5584744451,285.303820218,0.2,0.2,45.5902294696,1.5,879a18b156cf4bc1
137,12000166,25,1,422.623231403,75,11,2.83897862234,302.77205357,266.029042815,11,11,0.4,0.5,0.1,1,2.66029042815,285.303820218,0.2,0.2,45.5902294696,1.5,879a18b156cf4bc1
137,12000166,25,2,138.8032521,325,18,2.87083450604,234.593090349,208.706164569,18,18,0.7,0.7,0.2,1,2.08706164569,285.303820218,0.2,0.2,45.5902294696,1.5,879a18b156cf4bc1
137,12000166,25,3,306.507682978,425,16,1.73090494244,251.493852481,257.861181026,16,16,0.6,0.6,0.1,1,2.57861181026,285.303820218,0.2,0.2,45.5902294696,1.5,879a18b156cf4bc1
138,12000167,25,0,51.2099123342,75,12,1.97725685624,371.96817858,360.929273445,12,12,0.2,0.2,0,1,3.60929273445,353.169308025,0.2,0.7,269.16179577,1.55,34c34ed227205bfa
138,12000167,25,1,94.7069665765,425,9,2.68913855805,343.790641285,242.781855958,9,9,0.3,0.7,0,1,2.42781855958,353.169308025,0.2,0.7,269.16179577,1.55,34c34ed227205bfa
138,12000167,25,2,335.201925702,325,18,1.9818739316,215.777546414,195.469656725,18,18,0.7,0.7,0.2,1,1.95469656725,353.169308025,0.2,0.7,269.16179577,1.55,34c34ed227205bfa
138,12000167,25,3,459.842540768,175,15,2.35033497334,220.531322937,310.285108468,15,15,0.8,0.6,0.2,1,3.10285108468,353.169308025,0.2,0.7,269.16179577,1.55,34c34ed227205bfa
139,12000168,25,0,111.352368897,75,14,1.78896364417,185.796079376,256.12812337,14,14,0.8,0.5,0.1,1,2.5612812337,230.503842034,0.2,0.5,193.533926183,1.75,310bee2ddeecb919
139,12000168,25,1,341.414008329,175,18,2.34212478557,190.349384987,213.349832693,18,18,0.8,0.8,0.1,1,2.13349832693,230.503842034,0.2,0.5,193.533926183,1.75,310bee2ddeecb919
139,12000168,25,2,27.4791394382,425,9,2.62229110777,330.435469663,331.817581065,9,9,0.1,0.3,0,1,3.31817581065,230.503842034,0.2,0.5,193.533926183,1.75,310bee2ddeecb919
139,12000168,25,3,207.061055124,325,21,1.5538756438,206.583630717,202.848913731,21,21,0.8,0.9,0.2,1,2.02848913731,230.503842034,0.2,0.5,193.533926183,1.75,310bee2ddeecb919
140,12000169,25,0,431.16011217,425,12,2.89580546547,328.62308328,303.270263201,12,12,0.4,0.4,0.4,1,3.03270263201,184.827796241,0.8,2.6,240.247456454,1.34375,f3f52b4667d4a279
140,12000169,25,1,472.7569193,75,13,2.71486849768,366.78715376,370.743110169,13,13,0.3,0.4,0.1,1,3.70743110169,184.827796241,0.8,2.6,240.247456454,1.34375,f3f52b4667d4a279
140,12000169,25,2,147.488176159,325,20,2.90755751569,197.239089146,168.818791881,20,20,0.8,0.9,0.7,1,1.68818791881,184.827796241,0.8,2.6,240.247456454,1.34375,f3f52b4667d4a279
140,12000169,25,3,5.54923254931,175,13,2.75597468061,239.917913001,243.168837154,13,13,0.8,0.7,0.4,1,2.43168837154,184.827796241,0.8,2.6,240.247456454,1.34375,f3f52b4667d4a279
141,12000170,25,0,0.900435247414,425,9,2.08389850254,333.994500442,271.458059867,9,9,0.4,0.4,0.1,1,2.71458059867,294.375434957,0.2,0.2,71.0071283886,2,94089a1d89482b9
141,12000170,25,1,442.646458436,325,15,2.14665690468,264.726059769,256.126940506,15,15,0.6,0.5,0.2,1,2.56126940506,294.375434957,0.2,0.2,71.0071283886,2,94089a1d89482b9
141,12000170,25,2,419.91066885,175,16,2.38623064625,241.704259008,296.637641286,16,16,0.6,0.6,0.1,1,2.96637641286,294.375434957,0.2,0.2,71.0071283886,2,94089a1d89482b9
141,12000170,25,3,36.6421152157,75,9,2.07109463281,340.965940174,359.879576077,9,9,0.4,0.2,0.1,1,3.59879576077,294.375434957,0.2,0.2,71.0071283886,2,94089a1d89482b9
142,12000171,25,0,50.5271120379,75,11,1.95636809441,288.842027779,352.496133147,11,11,0.6,0.4,0.3,1,3.52496133147,316.944027714,0.3,0.7,184.583859156,1.06666666667,a426a7c7169370e6
142,12000171,25,1,54.4983565441,425,12,1.97399886297,247.86985732,311.324637505,12,12,0.5,0.6,0.2,1,3.11324637505,316.944027714,0.3,0.7,184.583859156,1.06666666667,a426a7c7169370e6
142,12000171,25,2,482.68248094,325,11,2.87536899286,350.729614047,335.427613898,11,11,0.1,0.4,0.1,1,3.35427613898,316.944027714,0.3,0.7,184.583859156,1.06666666667,a426a7c7169370e6
142,12000171,25,3,467.407729569,175,13,2.48291771632,340.184613358,309.192649436,13,13,0.3,0.4,0.2,1,3.09192649436,316.944027714,0.3,0.7,184.583859156,1.06666666667,a426a7c7169370e6
143,12000172,25,0,90.8775474813,175,19,1.97222566373,233.040367144,267.536442066,19,19,0.8,0.6,0.2,1,2.67536442066,224.267253891,0.2,0.6,197.74346212,1.5,8217fa9db786c0ff
143,12000172,25,1,38.5042723052,75,11,2.09796232335,303.06079682,324.887029379,11,11,0.5,0.4,0,1,3.24887029379,224.267253891,0.2,0.6,197.74346212,1.5,8217fa9db786c0ff
143,12000172,25,2,411.178327261,425,12,1.50363631426,277.180929416,297.587326803,12,12,0.6,0.4,0.2,1,2.97587326803,224.267253891,0.2,0.6,197.74346212,1.5,8217fa9db786c0ff
143,12000172,25,3,331.68148367,325,21,2.4825865348,190.445289313,215.841492201,21,21,0.8,0.9,0.2,1,2.15841492201,224.267253891,0.2,0.6,197.74346212,1.5,8217fa9db786c0ff
144,12000173,25,0,372.225920138,75,17,2.18046024365,243.697132382,261.856874414,17,17,0.8,0.6,0.3,1,2.61856874414,213.588995116,0.6,2,238.025965269,1.39047619048,45f80e9dc960a06
144,12000173,25,1,221.928019828,325,21,2.23937504946,198.378430407,208.177342168,21,21,1,0.8,0.6,1,2.08177342168,213.588995116,0.6,2,238.025965269,1.39047619048,45f80e9dc960a06
144,12000173,25,2,396.529686081,175,20,2.65338913246,188.450923488,252.716506574,20,20,0.9,0.6,0.5,1,2.52716506574,213.588995116,0.6,2,238.025965269,1.39047619048,45f80e9dc960a06
144,12000173,25,3,40.7501464547,425,11,1.56351013162,362.101283904,319.925924252,11,11,0.3,0.6,0.4,1,3.19925924252,213.588995116,0.6,2,238.025965269,1.39047619048,45f80e9dc960a06
145,12000174,25,0,324.18265907,325,20,2.09275632007,240.799746935,213.113319707,20,20,0.6,0.8,0.3,1,2.13113319707,239.916795139,0.3,0.8,182.410576724,2.43333333333,1c161ef1a665ca46
145,12000174,25,1,54.6007094514,175,16,2.50380077636,265.974543915,279.869174501,16,16,0.7,0.7,0.2,1,2.79869174501,239.916795139,0.3,0.8,182.410576724,2.43333333333,1c161ef1a665ca46
145,12000174,25,2,163.787523731,425,18,2.37173933989,193.355011569,231.813510277,18,18,0.9,0.6,0.3,1,2.31813510277,239.916795139,0.3,0.8,182.410576724,2.43333333333,1c161ef1a665ca46
145,12000174,25,3,385.252663712,75,9,2.89070832627,370.997701928,282.796553645,9,9,0.2,0.5,0,1,2.82796553645,239.916795139,0.3,0.8,182.410576724,2.43333333333,1c161ef1a665ca46
146,12000175,25,0,317.337079766,325,15,2.19808327435,210.861215338,209.010461767,15,15,0.7,0.6,0.2,1,2.09010461767,297.625941377,0.3,0.6,130.802048028,2.25,ab6b859e41009944
146,12000175,25,1,268.322421744,75,14,1.62582075892,358.282803775,259.958478245,14,14,0.2,0.7,0,1,2.59958478245,297.625941377,0.3,0.6,130.802048028,2.25,ab6b859e41009944
146,12000175,25,2,4.83920630092,425,12,2.64109482857,238.465351868,325.650833455,12,12,0.6,0.5,0.3,1,3.25650833455,297.625941377,0.3,0.6,130.802048028,2.25,ab6b859e41009944
146,12000175,25,3,201.31283957,175,20,2.45872754741,279.091029453,218.330221525,20,20,0.7,1,0.3,1,2.18330221525,297.625941377,0.3,0.6,130.802048028,2.25,ab6b859e41009944
147,12000176,25,0,436.695618791,75,10,2.74782162835,316.856217673,318.444880784,10,10,0.4,0.4,0.3,1,3.18444880784,279.265369133,0.4,0.8,170.638316439,1.70833333333,6fb01e23144cf5f
147,12000176,25,1,397.321702047,175,16,1.98006379598,265.894261639,260.245731156,16,16,0.5,0.6,0.3,1,2.60245731156,279.265369133,0.4,0.8,170.638316439,1.70833333333,6fb01e23144cf5f
147,12000176,25,2,46.1473926324,425,12,2.2567464881,294.587667702,283.388767048,12,12,0.5,0.4,0.2,1,2.83388767048,279.265369133,0.4,0.8,170.638316439,1.70833333333,6fb01e23144cf5f
147,12000176,25,3,84.9374431149,325,17,2.79742553165,218.527890323,235.357519386,17,17,0.6,0.7,0.4,1,2.35357519386,279.265369133,0.4,0.8,170.638316439,1.70833333333,6fb01e23144cf5f
148,12000177,25,0,473.242595277,175,13,2.0252076991,245.341196006,288.121256454,13,13,0.7,0.3,0.2,1,2.88121256454,330.217904285,0.3,0.7,180.622427795,1.86666666667,34a580ba0900644d
148,12000177,25,1,299.767650426,75,14,2.31993646686,194.633854434,311.27378936,14,14,0.7,0.3,0.2,1,3.1127378936,330.217904285,0.3,0.7,180.622427795,1.86666666667,34a580ba0900644d
148,12000177,25,2,87.2428954863,425,11,2.83323357499,380.189197704,297.948986658,11,11,0.2,0.6,0.1,1,2.97948986658,330.217904285,0.3,0.7,180.622427795,1.86666666667,34a580ba0900644d
148,12000177,25,3,137.156103837,325,15,2.47209842412,298.008324455,246.786056349,15,15,0.4,0.7,0.1,1,2.46786056349,330.217904285,0.3,0.7,180.622427795,1.86666666667,34a580ba0900644d
149,12000178,25,0,355.891870315,425,16,1.97602696398,210.634842766,276.212418105,16,16,0.8,0.6,0.5,1,2.76212418105,229.420659616,0.5,1.1,143.898781143,2.14666666667,ea8aafe76069fd3e
149,12000178,25,1,151.710449954,75,19,2.21447922804,286.759111799,164.320168118,19,19,0.6,1,0.4,1,1.64320168118,229.420659616,0.5,1.1,143.898781143,2.14666666667,ea8aafe76069fd3e
149,12000178,25,2,69.0661450548,175,18,2.01760907184,281.920506029,203.497965674,18,18,0.6,0.9,0.4,1,2.03497965674,229.420659616,0.5,1.1,143.898781143,2.14666666667,ea8aafe76069fd3e
149,12000178,25,3,445.237488734,325,18,2.40408168969,222.532123978,245.593441053,18,18,0.9,0.9,0.5,1,2.45593441053,229.420659616,0.5,1.1,143.898781143,2.14666666667,ea8aafe76069fd3e
150,12000179,25,0,180.76395267,425,16,2.46104082703,215.35775215,298.557740378,16,16,0.8,0.5,0.3,1,2.98557740378,211.696384545,0.5,1.3,192.997460261,1.16666666667,55e78780d5e3ba9b
150,12000179,25,1,283.290665148,325,24,1.84358385316,215.876225395,230.310433103,24,24,1,0.9,0.5,1,2.30310433103,211.696384545,0.5,1.3,192.997460261,1.16666666667,55e78780d5e3ba9b
150,12000179,25,2,47.4006249738,175,15,2.53125678254,170.483720429,252.567220725,15,15,1,0.6,0.5,1,2.52567220725,211.696384545,0.5,1.3,192.997460261,1.16666666667,55e78780d5e3ba9b
150,12000179,25,3,266.799276232,75,15,1.76114480288,251.249283818,196.591798966,15,15,0.6,0.9,0.3,1,1.96591798966,211.696384545,0.5,1.3,192.997460261,1.16666666667,55e78780d5e3ba9b
151,12000180,25,0,491.330405165,75,5,2.74884005555,396.912842446,395.361631884,5,5,0.2,0.1,0,1,3.95361631884,326.791733976,0.2,0.6,239.335588579,2.3,fb8d68defa53fa11
151,12000180,25,1,472.715954069,175,9,2.83882261394,351.836663223,324.302457697,9,9,0.3,0.1,0.1,1,3.24302457697,326.791733976,0.2,0.6,239.335588579,2.3,fb8d68defa53fa11
151,12000180,25,2,137.177883551,425,15,1.85657996103,235.315892898,268.320686472,15,15,0.5,0.5,0.2,1,2.68320686472,326.791733976,0.2,0.6,239.335588579,2.3,fb8d68defa53fa11
151,12000180,25,3,133.765237312,325,19,1.69090049537,202.654565947,252.002746329,19,19,0.9,0.6,0.2,1,2.52002746329,326.791733976,0.2,0.6,239.335588579,2.3,fb8d68defa53fa11
152,12000181,25,0,117.323118247,425,11,2.62029448545,314.733931653,280.147491985,11,11,0.4,0.5,0,1,2.80147491985,345.411329083,0.1,0.1,76.9821134262,1,c0fa319db31107ee
152,12000181,25,1,485.094688024,325,16,2.80610009973,255.227480359,301.80728778,16,16,0.6,0.5,0.1,1,3.0180728778,345.411329083,0.1,0.1,76.9821134262,1,c0fa319db31107ee
152,12000181,25,2,365.504944437,75,15,2.20633388198,219.161198276,279.394616545,15,15,0.7,0.4,0.1,1,2.79394616545,345.411329083,0.1,0.1,76.9821134262,1,c0fa319db31107ee
152,12000181,25,3,130.561333935,175,14,1.83892411223,267.506046544,239.281610928,14,14,0.3,0.5,0,1,2.39281610928,345.411329083,0.1,0.1,76.9821134262,1,c0fa319db31107ee
153,12000182,25,0,361.426167045,75,16,2.65463693744,174.474185222,264.576509585,16,16,0.9,0.6,0.6,1,2.64576509585,282.850183707,0.8,4.5,430.747083811,1.43645833333,e17fe4725071eaf7
153,12000182,25,1,82.3656121387,425,12,2.82056686604,338.287728518,313.856313975,12,12,0.3,0.4,0.2,1,3.13856313975,282.850183707,0.8,4.5,430.747083811,1.43645833333,e17fe4725071eaf7
153,12000182,25,2,83.4742211044,325,17,2.15951765864,274.769989575,251.236716268,17,17,0.7,0.7,0.6,1,2.51236716268,282.850183707,0.8,4.5,430.747083811,1.43645833333,e17fe4725071eaf7
153,12000182,25,3,423.383172127,175,15,2.85580176424,212.162902921,269.568346681,15,15,0.8,0.6,0.1,1,2.69568346681,282.850183707,0.8,4.5,430.747083811,1.43645833333,e17fe4725071eaf7
154,12000183,25,0,138.767219761,325,19,1.71765303399,161.645446383,145.257787174,19,19,0.9,0.9,0.8,1,1.45257787174,180.649802825,0.8,2.9,254.484702073,1.34821428571,a9b77d8a368bbd5c
154,12000183,25,1,281.475913307,175,20,1.52774944468,207.340028491,180.509073445,20,20,1,0.9,0.8,1,1.80509073445,180.649802825,0.8,2.9,254.484702073,1.34821428571,a9b77d8a368bbd5c
154,12000183,25,2,488.877835266,75,5,2.02766353174,380.656079857,367.986708195,5,5,0,0.2,0.1,1,3.67986708195,180.649802825,0.8,2.9,254.484702073,1.34821428571,a9b77d8a368bbd5c
154,12000183,25,3,440.125913856,425,15,2.90456135806,280.430375341,286.076950156,15,15,0.6,0.5,0.5,1,2.86076950156,180.649802825,0.8,2.9,254.484702073,1.34821428571,a9b77d8a368bbd5c
155,12000184,25,0,170.72514329,175,18,2.65264569044,220.043851134,311.765442747,18,18,0.8,0.5,0.2,1,3.11765442747,280.177592218,0.2,0.7,294.81415102,2.7,fac704c619e8bebd
155,12000184,25,1,486.977588655,325,14,2.42718877606,323.947465361,232.396863686,14,14,0.4,0.7,0.1,1,2.32396863686,280.177592218,0.2,0.7,294.81415102,2.7,fac704c619e8bebd
155,12000184,25,2,242.425024128,75,11,1.9099003425,294.888307429,380.884240614,11,11,0.4,0.1,0.2,1,3.80884240614,280.177592218,0.2,0.7,294.81415102,2.7,fac704c619e8bebd
155,12000184,25,3,342.129629774,425,18,1.65805054879,270.792108804,149.536329758,18,18,0.6,0.9,0.2,1,1.49536329758,280.177592218,0.2,0.7,294.81415102,2.7,fac704c619e8bebd
156,12000185,25,0,450.279277906,175,13,2.93464354849,256.958056637,307.451107666,13,13,0.5,0.5,0,1,3.07451107666,289.674423014,0.1,0.2,155.927525307,1.5,cabe12d212f5bb5
156,12000185,25,1,499.464808768,325,14,2.75322226636,272.917121966,320.518377116,14,14,0.5,0.6,0.1,1,3.20518377116,289.674423014,0.1,0.2,155.927525307,1.5,cabe12d212f5bb5
156,12000185,25,2,3.78151917521,75,8,2.79307094542,371.704952083,352.974349446,8,8,0.3,0.1,0,1,3.52974349446,289.674423014,0.1,0.2,155.927525307,1.5,cabe12d212f5bb5
156,12000185,25,3,154.799980561,425,17,2.56278848306,227.419120588,195.745808056,17,17,0.7,0.8,0.1,1,1.95745808056,289.674423014,0.1,0.2,155.927525307,1.5,cabe12d212f5bb5
157,12000186,25,0,281.710788258,175,23,1.52382924272,198.462425989,219.389501314,23,23,1,1,0.4,1,2.19389501314,273.874477191,0.4,0.9,161.419762493,2.54166666667,afdb192e5dc6abb0
157,12000186,25,1,386.459872012,325,19,2.19312993525,260.703962796,100.565699226,19,19,0.6,1,0.4,1,1.00565699226,273.874477191,0.4,0.9,161.419762493,2.54166666667,afdb192e5dc6abb0
157,12000186,25,2,35.9651442298,425,13,2.48420234813,312.142350618,305.180792741,13,13,0.5,0.5,0.4,1,3.05180792741,273.874477191,0.4,0.9,161.419762493,2.54166666667,afdb192e5dc6abb0
157,12000186,25,3,61.0121572172,75,11,2.85346679827,251.730194771,409.390301448,11,11,0.7,0.1,0,1,4.09390301448,273.874477191,0.4,0.9,161.419762493,2.54166666667,afdb192e5dc6abb0
158,12000187,25,0,80.0929146955,325,17,2.13373972688,257.771970016,255.774772442,17,17,0.6,0.8,0.4,1,2.55774772442,298.334757745,0.5,2.5,308.490634629,1.24071428571,2b5a2f1acfefadaf
158,12000187,25,1,492.730914326,175,10,2.99557105357,313.901143045,337.600198021,10,10,0.4,0.6,0.2,1,3.37600198021,298.334757745,0.5,2.5,308.490634629,1.24071428571,2b5a2f1acfefadaf
158,12000187,25,2,362.078828401,75,14,2.22595400523,267.723479026,305.606027937,14,14,0.5,0.4,0.2,1,3.05606027937,298.334757745,0.5,2.5,308.490634629,1.24071428571,2b5a2f1acfefadaf
158,12000187,25,3,65.5713253201,425,11,2.49350592026,289.325735701,294.063394816,11,11,0.4,0.5,0.1,1,2.94063394816,298.334757745,0.5,2.5,308.490634629,1.24071428571,2b5a2f1acfefadaf
159,12000188,25,0,434.595376412,175,19,2.40468301562,182.986613568,199.549996368,19,19,0.8,0.8,0.2,1,1.99549996368,258.678654416,0.5,1.8,291.042301107,1.7,e115ce4fb1abb72e
159,12000188,25,1,77.8965808124,425,12,2.1602641097,322.686157503,331.920849464,12,12,0.5,0.6,0.3,1,3.31920849464,258.678654416,0.5,1.8,291.042301107,1.7,e115ce4fb1abb72e
159,12000188,25,2,73.2664804588,75,10,1.79776386331,274.99241734,338.901241997,10,10,0.5,0.3,0.1,1,3.38901241997,258.678654416,0.5,1.8,291.042301107,1.7,e115ce4fb1abb72e
159,12000188,25,3,417.087731691,325,21,1.8599108728,227.361396553,193.616762443,21,21,0.8,0.8,0.2,1,1.93616762443,258.678654416,0.5,1.8,291.042301107,1.7,e115ce4fb1abb72e
160,12000189,25,0,194.369947538,425,15,2.52446922372,268.977057799,297.534148972,15,15,0.7,0.4,0.3,1,2.97534148972,220.15457891,0.7,2.7,287.136091421,1.17142857143,5c54fee5a0136328
160,12000189,25,1,403.884522746,75,16,1.73960100789,260.534478659,220.80375735,16,16,0.5,0.8,0.6,1,2.2080375735,220.15457891,0.7,2.7,287.136091421,1.17142857143,5c54fee5a0136328
160,12000189,25,2,373.407405984,325,18,2.93329997461,169.898207277,195.668236561,18,18,0.9,0.8,0.7,1,1.95668236561,220.15457891,0.7,2.7,287.136091421,1.17142857143,5c54fee5a0136328
160,12000189,25,3,59.6555558917,175,10,2.53439245334,335.29268068,322.758190552,10,10,0.3,0.2,0.1,1,3.22758190552,220.15457891,0.7,2.7,287.136091421,1.17142857143,5c54fee5a0136328
161,12000190,25,0,354.109314612,175,19,2.90626498181,222.293541284,213.803941841,19,19,0.9,0.7,0.6,1,2.13803941841,183.719648068,0.8,2.7,275.219832044,1.6125,e8eb07f39df9d2cb
161,12000190,25,1,43.3477764504,75,14,2.86707527118,229.489511328,246.038341622,14,14,0.8,0.6,0.6,1,2.46038341622,183.719648068,0.8,2.7,275.219832044,1.6125,e8eb07f39df9d2cb
161,12000190,25,2,456.938656977,325,12,2.81595286762,319.757969199,298.350154112,12,12,0.4,0.4,0.3,1,2.98350154112,183.719648068,0.8,2.7,275.219832044,1.6125,e8eb07f39df9d2cb
161,12000190,25,3,137.344602945,425,18,1.82880503167,266.156592404,216.192205478,18,18,0.7,0.8,0.7,1,2.16192205478,183.719648068,0.8,2.7,275.219832044,1.6125,e8eb07f39df9d2cb
162,12000191,25,0,365.740768256,175,20,2.63311246246,289.277835805,244.664361915,20,20,0.5,0.8,0.3,1,2.44664361915,269.187320848,0.3,0.8,192.86969533,1.55555555556,3a1a07bcb03ee4ea
162,12000191,25,1,213.995991667,325,23,2.01499738791,226.983465811,135.268062249,23,23,0.8,1,0.3,1,1.35268062249,269.187320848,0.3,0.8,192.86969533,1.55555555556,3a1a07bcb03ee4ea
162,12000191,25,2,454.480620042,75,8,1.5571105128,379.373687119,365.420581334,8,8,0.2,0.1,0.1,1,3.65420581334,269.187320848,0.3,0.8,192.86969533,1.55555555556,3a1a07bcb03ee4ea
162,12000191,25,3,134.318183866,425,18,2.50022904229,260.262257966,182.51761821,18,18,0.5,1,0.2,1,1.8251761821,269.187320848,0.3,0.8,192.86969533,1.55555555556,3a1a07bcb03ee4ea
163,12000192,25,0,372.816515847,175,20,1.72508527895,234.457486612,217.728461833,20,20,0.8,0.8,0.2,1,2.17728461833,263.03837585,0.3,0.8,175.707531047,1.5,8034cd5d7dae86a3
163,12000192,25,1,16.8140887824,75,5,1.7360896339,297.971881384,384.730097937,5,5,0.4,0.2,0.1,1,3.84730097937,263.03837585,0.3,0.8,175.707531047,1.5,8034cd5d7dae86a3
163,12000192,25,2,269.604247532,425,18,1.78062385728,199.370183959,201.814745783,18,18,0.8,0.7,0.2,1,2.01814745783,263.03837585,0.3,0.8,175.707531047,1.5,8034cd5d7dae86a3
163,12000192,25,3,452.519507169,325,15,2.59019435098,259.773127303,223.15033836,15,15,0.6,0.6,0.1,1,2.2315033836,263.03837585,0.3,0.8,175.707531047,1.5,8034cd5d7dae86a3
164,12000193,25,0,208.581512389,175,19,2.07469487123,240.570590312,273.529441615,19,19,0.6,0.4,0.1,1,2.73529441615,269.31161473,0.4,1.4,243.926002006,1.43333333333,1d782bb7fe5813cd
164,12000193,25,1,383.219942003,325,19,1.51337324678,177.775484222,229.916199419,19,19,0.9,0.7,0.4,1,2.29916199419,269.31161473,0.4,1.4,243.926002006,1.43333333333,1d782bb7fe5813cd
164,12000193,25,2,88.8483817699,75,10,2.87200725882,362.144711654,383.050184195,10,10,0.4,0.1,0,1,3.83050184195,269.31161473,0.4,1.4,243.926002006,1.43333333333,1d782bb7fe5813cd
164,12000193,25,3,436.711309743,425,14,2.19877653057,203.722321279,259.794012885,14,14,0.7,0.5,0.4,1,2.59794012885,269.31161473,0.4,1.4,243.926002006,1.43333333333,1d782bb7fe5813cd
165,12000194,25,0,252.579602954,325,22,1.86102963132,174.482838535,253.938116438,22,22,1,0.8,0.2,1,2.53938116438,315.941595145,0.2,0.5,139.612855534,1.58333333333,52b6bdd6214d48b6
165,12000194,25,1,64.9301866887,175,14,2.16712262948,315.83042741,240.229161918,14,14,0.5,0.6,0,1,2.40229161918,315.941595145,0.2,0.5,139.612855534,1.58333333333,52b6bdd6214d48b6
165,12000194,25,2,227.769718869,75,15,1.94493554778,331.561063744,180.353930536,15,15,0.2,0.8,0,1,1.80353930536,315.941595145,0.2,0.5,139.612855534,1.58333333333,52b6bdd6214d48b6
165,12000194,25,3,498.403909508,425,10,2.07897885751,273.717826096,389.537125237,10,10,0.8,0.3,0.2,1,3.89537125237,315.941595145,0.2,0.5,139.612855534,1.58333333333,52b6bdd6214d48b6
166,12000195,25,0,67.0041214061,75,9,2.45102209369,356.507062665,290.299709573,9,9,0.2,0.5,0,1,2.90299709573,274.455454683,0.3,0.8,196.329048278,1.88888888889,aaeccc71fd2f57fa
166,12000195,25,1,426.974489475,175,17,2.49326027252,209.589791811,246.246914438,17,17,0.9,0.7,0.3,1,2.46246914438,274.455454683,0.3,0.8,196.329048278,1.88888888889,aaeccc71fd2f57fa
166,12000195,25,2,151.329229047,425,14,2.80314921961,293.562758649,334.544469173,14,14,0.6,0.2,0,1,3.34544469173,274.455454683,0.3,0.8,196.329048278,1.88888888889,aaeccc71fd2f57fa
166,12000195,25,3,353.345505206,325,18,2.47450675839,185.219271416,269.454586809,18,18,0.8,0.4,0.1,1,2.69454586809,274.455454683,0.3,0.8,196.329048278,1.88888888889,aaeccc71fd2f57fa
167,12000196,25,0,226.592544549,325,22,2.19816324809,146.463394721,187.01358314,22,22,1,0.8,0.2,1,1.8701358314,266.609129383,0.2,0.6,232.168553941,2.5,2d16dd72f10c3644
167,12000196,25,1,415.223177302,175,14,2.60458188429,248.675025043,237.18616256,14,14,0.7,0.7,0.1,1,2.3718616256,266.609129383,0.2,0.6,232.168553941,2.5,2d16dd72f10c3644
167,12000196,25,2,212.762305895,75,19,2.05322177827,228.945534192,238.068392488,19,19,0.6,0.6,0.2,1,2.38068392488,266.609129383,0.2,0.6,232.168553941,2.5,2d16dd72f10c3644
167,12000196,25,3,372.399610877,425,10,2.72612512969,247.499128786,251.009232434,10,10,0.8,0.6,0,1,2.51009232434,266.609129383,0.2,0.6,232.168553941,2.5,2d16dd72f10c3644
168,12000197,25,0,131.837828929,75,12,1.75327176186,327.233942468,247.206430372,12,12,0.2,0.5,0,1,2.47206430372,334.002147725,0.1,0.4,304.131373788,1.75,48e425d851eaf65
168,12000197,25,1,288.639500293,325,24,2.40247890846,184.097569169,260.87154297,24,24,1,0.9,0.1,1,2.6087154297,334.002147725,0.1,0.4,304.131373788,1.75,48e425d851eaf65
168,12000197,25,2,113.903095164,175,15,2.64707628482,273.827765313,226.288518772,15,15,0.4,0.7,0,1,2.26288518772,334.002147725,0.1,0.4,304.131373788,1.75,48e425d851eaf65
168,12000197,25,3,446.223542388,425,12,2.95987160793,214.896882924,382.089161535,12,12,0.7,0.3,0.1,1,3.82089161535,334.002147725,0.1,0.4,304.131373788,1.75,48e425d851eaf65
169,12000198,25,0,269.897277977,325,20,1.84856265631,249.835480518,219.944629557,20,20,0.7,0.7,0.5,1,2.19944629557,178.837074275,0.5,0.8,86.5525020659,1.7,3a1c6c953b6fc3b5
169,12000198,25,1,364.904448048,175,21,1.7864480644,159.354266345,172.821234224,21,21,0.9,1,0.5,1,1.72821234224,178.837074275,0.5,0.8,86.5525020659,1.7,3a1c6c953b6fc3b5
169,12000198,25,2,88.6073797205,75,11,1.93977221055,298.342696458,305.122170002,11,11,0.3,0.4,0.2,1,3.05122170002,178.837074275,0.5,0.8,86.5525020659,1.7,3a1c6c953b6fc3b5
169,12000198,25,3,58.9455064328,425,7,1.88065978148,418.844207877,399.850975119,7,7,0.1,0.2,0.2,1,3.99850975119,178.837074275,0.5,0.8,86.5525020659,1.7,3a1c6c953b6fc3b5
170,12000199,25,0,211.512362367,175,23,1.68579981416,228.46232431,214.666556864,23,23,0.8,0.9,0.4,1,2.14666556864,260.272589111,0.4,1.2,256.934965702,2.89583333333,2a19551807044acf
170,12000199,25,1,391.581065879,325,20,1.94043946541,262.386742432,156.676119998,20,20,0.5,0.9,0.4,1,1.56676119998,260.272589111,0.4,1.2,256.934965702,2.89583333333,2a19551807044acf
170,12000199,25,2,188.391103984,425,19,1.64737448013,212.378141177,175.512773842,19,19,0.8,0.9,0.4,1,1.75512773842,260.272589111,0.4,1.2,256.934965702,2.89583333333,2a19551807044acf
170,12000199,25,3,205.363378402,75,16,2.09206119812,286.845320312,293.290468151,16,16,0.5,0.6,0.2,1,2.93290468151,260.272589111,0.4,1.2,256.934965702,2.89583333333,2a19551807044acf
171,12000200,25,0,29.7509973749,325,12,2.97351107623,318.557930977,300.638431373,12,12,0.4,0.4,0.2,1,3.00638431373,257.254083129,0.2,0.5,175.197945835,1.125,b123e75f2eccf208
171,12000200,25,1,65.7811358696,175,15,2.94211392816,257.571260967,208.185960197,15,15,0.6,0.8,0.2,1,2.08185960197,257.254083129,0.2,0.5,175.197945835,1.125,b123e75f2eccf208
171,12000200,25,2,472.754119328,425,10,2.55417023196,356.862008933,431.089520419,10,10,0.3,0.2,0,1,4.31089520419,257.254083129,0.2,0.5,175.197945835,1.125,b123e75f2eccf208
171,12000200,25,3,393.540492076,75,17,2.87574826412,243.415683645,244.276890685,17,17,0.7,0.7,0.1,1,2.44276890685,257.254083129,0.2,0.5,175.197945835,1.125,b123e75f2eccf208
172,12000201,25,0,119.483517613,75,13,2.04388449104,274.276080972,307.313557868,13,13,0.4,0.2,0.2,1,3.07313557868,271.205641005,0.2,0.2,70.1463368739,3,1a85caa6d86c805
172,12000201,25,1,154.189578748,175,21,2.51476767158,225.378110967,222.553082919,21,21,0.6,0.9,0.2,1,2.22553082919,271.205641005,0.2,0.2,70.1463368739,3,1a85caa6d86c805
172,12000201,25,2,448.647710809,425,8,2.67666740335,351.895813087,291.446382331,8,8,0.2,0.5,0,1,2.91446382331,271.205641005,0.2,0.2,70.1463368739,3,1a85caa6d86c805
172,12000201,25,3,469.128067427,325,11,1.73824818498,338.661863979,310.262977693,11,11,0.4,0.5,0,1,3.10262977693,271.205641005,0.2,0.2,70.1463368739,3,1a85caa6d86c805
173,12000202,25,0,252.981026369,75,15,2.11434732139,342.270685336,245.178654038,15,15,0.2,0.6,0.1,1,2.45178654038,284.018415429,0.3,0.8,164.069336389,1.19444444444,1f9ca0d4fba86168
173,12000202,25,1,7.46966746167,425,9,1.71384157721,260.083558054,324.615174868,9,9,0.5,0.4,0.1,1,3.24615174868,284.018415429,0.3,0.8,164.069336389,1.19444444444,1f9ca0d4fba86168
173,12000202,25,2,478.577497331,325,12,2.4543501964,319.246670408,326.548638205,12,12,0.5,0.5,0.1,1,3.26548638205,284.018415429,0.3,0.8,164.069336389,1.19444444444,1f9ca0d4fba86168
173,12000202,25,3,136.44389305,175,17,2.81059609345,266.191325277,207.859597281,17,17,0.5,0.8,0.2,1,2.07859597281,284.018415429,0.3,0.8,164.069336389,1.19444444444,1f9ca0d4fba86168
174,12000203,25,0,387.807673711,175,18,2.33364333002,200.311780724,224.612660262,18,18,0.8,0.8,0.4,1,2.24612660262,196.526434839,0.4,0.5,97.6536104812,2.375,917e8f8faac82a7b
174,12000203,25,1,47.2364760654,325,15,1.70634637319,278.260355019,289.596393787,15,15,0.6,0.5,0.1,1,2.89596393787,196.526434839,0.4,0.5,97.6536104812,2.375,917e8f8faac82a7b
174,12000203,25,2,1.09736678462,75,9,2.86464255875,349.673992636,316.161053186,9,9,0.3,0.3,0,1,3.16161053186,196.526434839,0.4,0.5,97.6536104812,2.375,917e8f8faac82a7b
174,12000203,25,3,499.457344613,425,9,2.57036076615,318.481939795,333.017113543,9,9,0.4,0.5,0.3,1,3.33017113543,196.526434839,0.4,0.5,97.6536104812,2.375,917e8f8faac82a7b
175,12000204,25,0,416.672204202,325,14,2.06329687418,281.859262988,263.219225148,14,14,0.7,0.6,0.2,1,2.63219225148,188.39730505,0.3,0.4,104.685537652,1.16666666667,124f52947838c594
175,12000204,25,1,145.439651248,75,16,2.95819616541,210.707787093,218.382295544,16,16,0.9,0.8,0.3,1,2.18382295544,188.39730505,0.3,0.4,104.685537652,1.16666666667,124f52947838c594
175,12000204,25,2,58.1110733704,175,18,1.58024884351,229.420604803,228.566977495,18,18,0.7,0.8,0.3,1,2.28566977495,188.39730505,0.3,0.4,104.685537652,1.16666666667,124f52947838c594
175,12000204,25,3,305.786117619,425,17,2.12384739048,290.878296011,246.838825833,17,17,0.5,0.7,0.2,1,2.46838825833,188.39730505,0.3,0.4,104.685537652,1.16666666667,124f52947838c594
176,12000205,25,0,460.25457897,325,16,2.64236732931,276.508547732,279.295189538,16,16,0.6,0.4,0.2,1,2.79295189538,214.873762304,1,4,319.297042378,1.885,9d2250984dfb8121
176,12000205,25,1,177.815578766,425,15,1.87842383573,277.081095765,254.684978462,15,15,0.4,0.6,0.1,1,2.54684978462,214.873762304,1,4,319.297042378,1.885,9d2250984dfb8121
176,12000205,25,2,46.6034379583,175,19,1.59986366006,248.778279913,234.120676312,19,19,0.9,0.9,0.9,1,2.34120676312,214.873762304,1,4,319.297042378,1.885,9d2250984dfb8121
176,12000205,25,3,405.053140939,75,17,1.51229743014,210.014038657,254.825263973,17,17,0.8,0.7,0.5,1,2.54825263973,214.873762304,1,4,319.297042378,1.885,9d2250984dfb8121
177,12000206,25,0,160.009867307,175,17,2.68926357575,245.202611758,257.204388676,17,17,0.7,0.8,0.1,1,2.57204388676,323.546444981,0.2,0.6,205.703171775,1.375,18d06c0f53a0fbf4
177,12000206,25,1,101.927678204,325,14,2.18314182561,188.773938276,323.220475511,14,14,0.6,0.3,0.1,1,3.23220475511,323.546444981,0.2,0.6,205.703171775,1.375,18d06c0f53a0fbf4
177,12000206,25,2,388.565646628,75,11,2.65362064847,375.249640259,171.202081126,11,11,0.2,0.8,0,1,1.71202081126,323.546444981,0.2,0.6,205.703171775,1.375,18d06c0f53a0fbf4
177,12000206,25,3,463.585793371,425,9,1.96878493087,305.752695495,273.815313759,9,9,0.3,0.5,0.1,1,2.73815313759,323.546444981,0.2,0.6,205.703171775,1.375,18d06c0f53a0fbf4
178,12000207,25,0,374.197368817,425,13,2.18238765526,264.800776296,289.463677434,13,13,0.5,0.5,0,1,2.89463677434,310.098857947,0.2,0.5,176.178135308,1,338d452a32afa608
178,12000207,25,1,328.528160161,175,16,1.91279491898,258.418111884,235.351114895,16,16,0.5,0.7,0.2,1,2.35351114895,310.098857947,0.2,0.5,176.178135308,1,338d452a32afa608
178,12000207,25,2,280.807495627,75,14,1.6280804492,286.448616084,242.034526637,14,14,0.4,0.5,0.2,1,2.42034526637,310.098857947,0.2,0.5,176.178135308,1,338d452a32afa608
178,12000207,25,3,78.968297719,325,15,2.99784914619,175.793327965,259.211978618,15,15,0.9,0.3,0,1,2.59211978618,310.098857947,0.2,0.5,176.178135308,1,338d452a32afa608
179,12000208,25,0,78.5215986701,75,14,2.9094365492,199.147755225,258.291301591,14,14,0.7,0.7,0.1,1,2.58291301591,187.927152806,0.1,0.1,99.9288248616,1,523e5dfbc1436530
179,12000208,25,1,277.760812731,175,22,1.6881620872,183.296784333,194.822500958,22,22,1,0.9,0.1,1,1.94822500958,187.927152806,0.1,0.1,99.9288248616,1,523e5dfbc1436530
179,12000208,25,2,351.318469222,325,19,2.96244684582,244.565765796,227.197285195,19,19,0.7,0.9,0.1,1,2.27197285195,187.927152806,0.1,0.1,99.9288248616,1,523e5dfbc1436530
179,12000208,25,3,258.783677401,425,14,1.95041810243,295.366172952,248.891430857,14,14,0.5,0.7,0.1,1,2.48891430857,187.927152806,0.1,0.1,99.9288248616,1,523e5dfbc1436530
180,12000209,25,0,369.012256279,325,17,2.95811053878,248.985173057,255.938523207,17,17,0.7,0.7,0.2,1,2.55938523207,327.702474244,0.2,0.2,88.7296326652,1.5,37baacaf589cca56
180,12000209,25,1,71.5255444722,425,9,2.41980110414,346.112231078,356.033436311,9,9,0.3,0.3,0,1,3.56033436311,327.702474244,0.2,0.2,88.7296326652,1.5,37baacaf589cca56
180,12000209,25,2,241.481570938,75,18,1.64833378331,302.010148708,266.949270319,18,18,0.6,0.6,0.1,1,2.66949270319,327.702474244,0.2,0.2,88.7296326652,1.5,37baacaf589cca56
180,12000209,25,3,228.248101438,175,20,1.57166991957,259.961891511,242.907291187,20,20,0.6,0.7,0.1,1,2.42907291187,327.702474244,0.2,0.2,88.7296326652,1.5,37baacaf589cca56
181,12000210,25,0,426.78252057,425,10,2.9344588187,273.343753151,313.416245957,10,10,0.4,0.4,0.1,1,3.13416245957,258.603602606,0.3,0.4,114.487800869,2,31841086345b8b6
181,12000210,25,1,207.147176243,75,15,2.35258583784,253.414397818,226.646483812,15,15,0.5,0.7,0.2,1,2.26646483812,258.603602606,0.3,0.4,114.487800869,2,31841086345b8b6
181,12000210,25,2,491.181372366,175,10,2.71594026062,341.96724621,266.329658611,10,10,0.4,0.6,0.1,1,2.66329658611,258.603602606,0.3,0.4,114.487800869,2,31841086345b8b6
181,12000210,25,3,200.912139415,325,18,1.87734684521,181.712047476,248.750579777,18,18,0.9,0.8,0.3,1,2.48750579777,258.603602606,0.3,0.4,114.487800869,2,31841086345b8b6
182,12000211,25,0,337.983821758,325,19,2.76643092568,277.532503116,225.366209861,19,19,0.7,0.6,0.4,1,2.25366209861,261.306976866,0.4,0.8,141.546671363,1.33333333333,c342767d9f04337b
182,12000211,25,1,449.264720734,425,7,2.92851843805,391.457084934,293.657225407,7,7,0.1,0.4,0,1,2.93657225407,261.306976866,0.4,0.8,141.546671363,1.33333333333,c342767d9f04337b
182,12000211,25,2,189.268546534,75,15,2.44199870081,248.181977001,296.510396298,15,15,0.8,0.5,0.2,1,2.96510396298,261.306976866,0.4,0.8,141.546671363,1.33333333333,c342767d9f04337b
182,12000211,25,3,79.4511990656,175,18,2.57719154723,203.225715644,242.08332896,18,18,0.8,0.6,0.4,1,2.4208332896,261.306976866,0.4,0.8,141.546671363,1.33333333333,c342767d9f04337b
183,12000212,25,0,229.666954133,425,20,1.9326487432,219.270515798,232.854920995,20,20,0.8,0.8,0.3,1,2.32854920995,279.084315942,0.3,0.4,89.3577734949,1.83333333333,e5709d2e62c15d87
183,12000212,25,1,492.391961717,175,14,2.26330818847,291.173413178,316.525546102,14,14,0.6,0.4,0.3,1,3.16525546102,279.084315942,0.3,0.4,89.3577734949,1.83333333333,e5709d2e62c15d87
183,12000212,25,2,86.8635685188,75,8,2.06626431446,362.050049357,361.044870388,8,8,0.3,0.2,0,1,3.61044870388,279.084315942,0.3,0.4,89.3577734949,1.83333333333,e5709d2e62c15d87
183,12000212,25,3,430.914734942,325,17,2.00623559614,210.404449309,249.601345996,17,17,0.7,0.5,0.3,1,2.49601345996,279.084315942,0.3,0.4,89.3577734949,1.83333333333,e5709d2e62c15d87
184,12000213,25,0,240.012764624,325,22,1.51175251561,181.126301465,186.347272319,22,22,0.9,0.8,0.2,1,1.86347272319,294.094781725,0.2,0.9,289.721865531,1.25,b2d28259ddbbdb5c
184,12000213,25,1,141.823698732,75,15,2.90220597749,267.613633213,280.818616777,15,15,0.6,0.6,0.2,1,2.80818616777,294.094781725,0.2,0.9,289.721865531,1.25,b2d28259ddbbdb5c
184,12000213,25,2,288.532577949,425,16,2.41199378882,222.421030927,224.442653545,16,16,0.6,0.8,0.1,1,2.24442653545,294.094781725,0.2,0.9,289.721865531,1.25,b2d28259ddbbdb5c
184,12000213,25,3,180.001057036,175,17,2.39237367521,200.784394043,211.362704164,17,17,0.8,0.7,0.2,1,2.11362704164,294.094781725,0.2,0.9,289.721865531,1.25,b2d28259ddbbdb5c
185,12000214,25,0,33.4070606547,425,7,2.57234798069,362.833622737,351.30951498,7,7,0.1,0.5,0,1,3.5130951498,267.559347229,0,0,nan,nan,bc0a7322ce08bf26
185,12000214,25,1,3.74853383941,75,13,2.12702171572,303.807843738,404.710873923,13,13,0.7,0.2,0,1,4.04710873923,267.559347229,0,0,nan,nan,bc0a7322ce08bf26
185,12000214,25,2,459.796754651,325,15,1.55457951636,263.568420548,225.022866735,15,15,0.7,0.9,0,1,2.25022866735,267.559347229,0,0,nan,nan,bc0a7322ce08bf26
185,12000214,25,3,234.642176732,175,23,1.78073791199,141.569630716,222.77412169,23,23,0.9,0.6,0,1,2.2277412169,267.559347229,0,0,nan,nan,bc0a7322ce08bf26
186,12000215,25,0,41.2969144035,425,13,2.97833956549,286.881709718,353.534265977,13,13,0.5,0.3,0.2,1,3.53534265977,217.596599474,0.4,0.8,126.22188791,1.25,b3d7839a54c57f00
186,12000215,25,1,246.57202345,75,14,2.01035089109,316.199467123,293.779986794,14,14,0.6,0.6,0.2,1,2.93779986794,217.596599474,0.4,0.8,126.22188791,1.25,b3d7839a54c57f00
186,12000215,25,2,412.696328134,175,16,2.50643807638,244.200163816,194.883138596,16,16,0.7,0.9,0.3,1,1.94883138596,217.596599474,0.4,0.8,126.22188791,1.25,b3d7839a54c57f00
186,12000215,25,3,202.532620731,325,21,1.7378293502,189.941165681,210.422596302,21,21,0.8,0.8,0.4,1,2.10422596302,217.596599474,0.4,0.8,126.22188791,1.25,b3d7839a54c57f00
187,12000216,25,0,380.872667593,175,15,2.88913320919,195.157146725,245.779538171,15,15,0.9,0.5,0.4,1,2.45779538171,190.612251437,0.6,1.3,147.318502485,2,7a6cc5bcfb7b8e44
187,12000216,25,1,169.541911067,325,18,1.95392608842,159.091248203,168.224174948,18,18,0.8,0.8,0.5,1,1.68224174948,190.612251437,0.6,1.3,147.318502485,2,7a6cc5bcfb7b8e44
187,12000216,25,2,435.570166801,425,12,2.4327061641,290.383015806,274.052195902,12,12,0.6,0.3,0.5,1,2.74052195902,190.612251437,0.6,1.3,147.318502485,2,7a6cc5bcfb7b8e44
187,12000216,25,3,15.9669594333,75,5,1.88766443731,325.914666395,364.584838972,5,5,0.3,0.3,0,1,3.64584838972,190.612251437,0.6,1.3,147.318502485,2,7a6cc5bcfb7b8e44
188,12000217,25,0,377.755939652,75,17,2.81853506898,294.136694071,325.346411491,17,17,0.6,0.5,0.1,1,3.25346411491,282.480741409,0.1,0.1,96.1293079303,2,fded2c13b4d12c1
188,12000217,25,1,115.18262832,325,18,2.84202945672,214.203438704,188.237827919,18,18,0.8,0.8,0.1,1,1.88237827919,282.480741409,0.1,0.1,96.1293079303,2,fded2c13b4d12c1
188,12000217,25,2,93.1243831083,175,19,2.04482493892,243.77408134,205.71818362,19,19,0.7,0.8,0.1,1,2.0571818362,282.480741409,0.1,0.1,96.1293079303,2,fded2c13b4d12c1
188,12000217,25,3,327.162245499,425,13,2.49419901083,248.708628641,272.704834276,13,13,0.7,0.6,0,1,2.72704834276,282.480741409,0.1,0.1,96.1293079303,2,fded2c13b4d12c1
189,12000218,25,0,355.202604292,425,12,2.54363305661,330.240214697,255.824206297,12,12,0.3,0.6,0.1,1,2.55824206297,314.749867562,0.1,0.3,266.262559465,1,e6159585df451a48
189,12000218,25,1,323.575522586,175,20,2.4293755792,203.857265472,247.187068164,20,20,0.9,0.7,0.1,1,2.47187068164,314.749867562,0.1,0.3,266.262559465,1,e6159585df451a48
189,12000218,25,2,80.1547582943,325,14,2.60114577656,328.228026894,261.257049558,14,14,0.3,0.6,0,1,2.61257049558,314.749867562,0.1,0.3,266.262559465,1,e6159585df451a48
189,12000218,25,3,109.998311231,75,12,2.176476981,275.430292272,325.284870706,12,12,0.6,0.4,0,1,3.25284870706,314.749867562,0.1,0.3,266.262559465,1,e6159585df451a48
190,12000219,25,0,240.050286622,175,22,1.85360598813,187.728771479,186.883564314,22,22,0.8,0.9,0.1,1,1.86883564314,272.33174791,0.1,0.1,46.3255277475,1,f04a0b12a9024c29
190,12000219,25,1,400.236610548,425,15,2.00434896566,273.693822572,282.598873876,15,15,0.6,0.7,0,1,2.82598873876,272.33174791,0.1,0.1,46.3255277475,1,f04a0b12a9024c29
190,12000219,25,2,315.79321287,325,22,1.50045244385,201.449863885,210.484547626,22,22,0.9,1,0.1,1,2.10484547626,272.33174791,0.1,0.1,46.3255277475,1,f04a0b12a9024c29
190,12000219,25,3,346.156655577,75,16,1.84492644943,221.833497165,201.64816477,16,16,0.7,0.9,0.1,1,2.0164816477,272.33174791,0.1,0.1,46.3255277475,1,f04a0b12a9024c29
191,12000220,25,0,14.4534017427,75,13,2.13896252174,198.376325967,228.894580598,13,13,0.8,0.8,0.4,1,2.28894580598,216.258976851,0.4,0.6,87.2421843799,2.91666666667,4e1b8f8bdd48b251
191,12000220,25,1,455.774291695,325,11,1.67679961428,357.386874779,324.832475978,11,11,0.2,0.3,0,1,3.24832475978,216.258976851,0.4,0.6,87.2421843799,2.91666666667,4e1b8f8bdd48b251
191,12000220,25,2,212.011086447,425,14,1.87393984156,245.638311032,296.783814928,14,14,0.6,0.4,0.3,1,2.96783814928,216.258976851,0.4,0.6,87.2421843799,2.91666666667,4e1b8f8bdd48b251
191,12000220,25,3,309.157450961,175,21,2.51739780244,233.616572747,183.095964612,21,21,0.9,1,0.4,1,1.83095964612,216.258976851,0.4,0.6,87.2421843799,2.91666666667,4e1b8f8bdd48b251
192,12000221,25,0,423.85394139,75,12,2.04832397096,244.886294233,203.795269127,12,12,0.4,0.7,0.2,1,2.03795269127,251.228570327,0.2,0.3,127.692581078,1.25,4afecf6c6f91bd15
192,12000221,25,1,348.640601527,325,23,2.44976230025,231.631215725,188.778910401,23,23,0.8,1,0.2,1,1.88778910401,251.228570327,0.2,0.3,127.692581078,1.25,4afecf6c6f91bd15
192,12000221,25,2,0.156144195801,175,12,2.77632981188,298.307643094,349.509316579,12,12,0.6,0.3,0,1,3.49509316579,251.228570327,0.2,0.3,127.692581078,1.25,4afecf6c6f91bd15
192,12000221,25,3,197.219995774,425,16,2.40692769243,286.948658307,268.032589175,16,16,0.4,0.6,0,1,2.68032589175,251.228570327,0.2,0.3,127.692581078,1.25,4afecf6c6f91bd15
193,12000222,25,0,175.727717929,75,18,1.92380275479,316.15148691,201.085637994,18,18,0.3,0.7,0.6,1,2.01085637994,258.111883465,0.6,2.4,299.828154015,2.13888888889,9388216a8fd545f
193,12000222,25,1,484.165901923,425,13,2.59274758733,233.790407,315.973963558,13,13,0.7,0.6,0.4,1,3.15973963558,258.111883465,0.6,2.4,299.828154015,2.13888888889,9388216a8fd545f
193,12000222,25,2,259.554209663,325,24,1.79709156729,171.935681586,145.555664591,24,24,0.8,1,0.6,1,1.45555664591,258.111883465,0.6,2.4,299.828154015,2.13888888889,9388216a8fd545f
193,12000222,25,3,284.113955453,175,24,2.22442530556,215.534410406,129.024404685,24,24,1,1,0.6,1,1.29024404685,258.111883465,0.6,2.4,299.828154015,2.13888888889,9388216a8fd545f
194,12000223,25,0,104.081006194,175,18,2.00568516747,287.108753561,176.878868314,18,18,0.6,0.9,0.2,1,1.76878868314,238.875628423,0.3,0.7,166.865607224,3.11111111111,eaff369cf9326d2c
194,12000223,25,1,465.452704884,425,15,1.8409546063,223.413957989,358.623944117,15,15,0.8,0.3,0.3,1,3.58623944117,238.875628423,0.3,0.7,166.865607224,3.11111111111,eaff369cf9326d2c
194,12000223,25,2,279.372243092,75,15,1.79883388385,308.957919912,240.614871091,15,15,0.4,0.8,0.2,1,2.40614871091,238.875628423,0.3,0.7,166.865607224,3.11111111111,eaff369cf9326d2c
194,12000223,25,3,82.2408416063,325,18,2.24412631223,256.044319976,210.94114534,18,18,0.7,1,0.2,1,2.1094114534,238.875628423,0.3,0.7,166.865607224,3.11111111111,eaff369cf9326d2c
195,12000224,25,0,170.357263777,425,14,2.75235964425,206.081795817,268.096386169,14,14,0.8,0.7,0.1,1,2.68096386169,244.621017896,0.1,0.1,47.9325007674,1,dec2b2d2efc5999e
195,12000224,25,1,68.8018830776,175,14,2.61829623565,224.444345967,263.816954002,14,14,0.6,0.3,0,1,2.63816954002,244.621017896,0.1,0.1,47.9325007674,1,dec2b2d2efc5999e
195,12000224,25,2,432.29236978,325,14,2.27533742236,251.276724749,234.376640582,14,14,0.5,0.6,0.1,1,2.34376640582,244.621017896,0.1,0.1,47.9325007674,1,dec2b2d2efc5999e
195,12000224,25,3,338.258713078,75,16,2.24044140768,289.506335628,230.732344407,16,16,0.5,0.6,0.1,1,2.30732344407,244.621017896,0.1,0.1,47.9325007674,1,dec2b2d2efc5999e
196,12000225,25,0,478.470116756,425,15,2.55515052698,187.813205263,305.576970319,15,15,0.8,0.5,0.3,1,3.05576970319,298.658287135,0.3,0.9,232.453392379,1.75,5be04555867a2c68
196,12000225,25,1,158.28166934,325,21,2.86707147751,237.505385756,231.892685809,21,21,0.8,0.9,0.3,1,2.31892685809,298.658287135,0.3,0.9,232.453392379,1.75,5be04555867a2c68
196,12000225,25,2,54.6344107088,75,9,1.79973761578,422.957081355,278.737696222,9,9,0.2,0.6,0,1,2.78737696222,298.658287135,0.3,0.9,232.453392379,1.75,5be04555867a2c68
196,12000225,25,3,371.687922071,175,21,2.73039888391,221.246156055,231.669524673,21,21,0.9,0.8,0.3,1,2.31669524673,298.658287135,0.3,0.9,232.453392379,1.75,5be04555867a2c68
197,12000226,25,0,86.9751702572,325,14,2.25349966505,254.530277231,283.497637696,14,14,0.6,0.5,0.3,1,2.83497637696,289.666477037,0.3,0.6,154.576456311,2.44444444444,cf83c2d5f1bb4107
197,12000226,25,1,477.233701639,175,11,2.91743997465,275.078083388,325.716022056,11,11,0.5,0.3,0.1,1,3.25716022056,289.666477037,0.3,0.6,154.576456311,2.44444444444,cf83c2d5f1bb4107
197,12000226,25,2,219.293838407,425,12,1.7316158649,268.259397321,329.298191105,12,12,0.7,0.4,0.1,1,3.29298191105,289.666477037,0.3,0.6,154.576456311,2.44444444444,cf83c2d5f1bb4107
197,12000226,25,3,30.3977725247,75,15,1.75644344403,301.04788442,219.571127867,15,15,0.4,0.7,0.3,1,2.19571127867,289.666477037,0.3,0.6,154.576456311,2.44444444444,cf83c2d5f1bb4107
198,12000227,25,0,408.931777315,425,16,1.60492966038,193.023515997,311.172551531,16,16,0.8,0.5,0.3,1,3.11172551531,266.289555717,0.4,1,175.839432943,1.66666666667,3ddf094b04890f2
198,12000227,25,1,32.3970334663,175,10,2.49769269115,370.08402276,314.943252734,10,10,0.1,0.4,0,1,3.14943252734,266.289555717,0.4,1,175.839432943,1.66666666667,3ddf094b04890f2
198,12000227,25,2,404.5889245,75,15,2.60126032289,224.517923379,246.31014699,15,15,0.9,0.6,0.4,1,2.4631014699,266.289555717,0.4,1,175.839432943,1.66666666667,3ddf094b04890f2
198,12000227,25,3,18.5548894454,325,6,2.53323503384,380.418299343,334.683039971,6,6,0,0.2,0,1,3.34683039971,266.289555717,0.4,1,175.839432943,1.66666666667,3ddf094b04890f2
199,12000228,25,0,283.376500677,75,19,1.62034888123,192.098926082,200.75180026,19,19,0.9,0.7,0.3,1,2.0075180026,189.12224677,0.3,0.4,80.9778543785,1.5,c5430ff456d04d45
199,12000228,25,1,139.031206089,175,17,2.0370315114,216.43655288,188.508657049,17,17,0.8,0.8,0.3,1,1.88508657049,189.12224677,0.3,0.4,80.9778543785,1.5,c5430ff456d04d45
199,12000228,25,2,497.686200974,325,8,2.51410886815,339.395657979,343.283900401,8,8,0.4,0.3,0.1,1,3.43283900401,189.12224677,0.3,0.4,80.9778543785,1.5,c5430ff456d04d45
199,12000228,25,3,107.82835994,425,9,1.58707459008,346.344493897,315.419566654,9,9,0.3,0.3,0,1,3.15419566654,189.12224677,0.3,0.4,80.9778543785,1.5,c5430ff456d04d45
200,12000229,25,0,357.021414807,325,14,2.10402360754,215.264868233,270.045982478,14,14,0.6,0.5,0.5,1,2.70045982478,219.557555497,0.5,1.5,233.398980497,2.01666666667,42d214638b9c3323
200,12000229,25,1,129.368857697,175,22,1.51835978271,205.700453823,139.737958999,22,22,0.8,1,0.5,1,1.39737958999,219.557555497,0.5,1.5,233.398980497,2.01666666667,42d214638b9c3323
200,12000229,25,2,156.697694695,75,18,2.82854934594,268.379479749,208.639903579,18,18,0.5,1,0.3,1,2.08639903579,219.557555497,0.5,1.5,233.398980497,2.01666666667,42d214638b9c3323
200,12000229,25,3,216.14154007,425,16,1.65218195896,229.396979496,223.230636636,16,16,0.8,0.7,0.5,1,2.23230636636,219.557555497,0.5,1.5,233.398980497,2.01666666667,42d214638b9c3323
201,12000230,25,0,305.738905993,75,15,1.62741502717,254.107159522,322.676495114,15,15,0.7,0.3,0,1,3.22676495114,331.349299738,0,0,nan,nan,d43f95b8b8e326cb
201,12000230,25,1,423.179533476,325,12,2.97425637938,281.336104242,168.606079517,12,12,0.5,0.8,0,1,1.68606079517,331.349299738,0,0,nan,nan,d43f95b8b8e326cb
201,12000230,25,2,30.7678920731,425,9,2.75769622124,318.501387689,303.756982209,9,9,0.4,0.4,0,1,3.03756982209,331.349299738,0,0,nan,nan,d43f95b8b8e326cb
201,12000230,25,3,157.847754618,175,19,1.84609798889,202.076354862,272.870274376,19,19,0.7,0.6,0,1,2.72870274376,331.349299738,0,0,nan,nan,d43f95b8b8e326cb
202,12000231,25,0,196.060819965,425,15,2.42663676841,229.496822455,261.181430754,15,15,0.6,0.6,0.1,1,2.61181430754,266.67497623,0.1,0.3,224.283395475,2,702f189f78bd92eb
202,12000231,25,1,277.468102873,325,21,1.8149333129,167.213671897,216.130457935,21,21,1,1,0.1,1,2.16130457935,266.67497623,0.1,0.3,224.283395475,2,702f189f78bd92eb
202,12000231,25,2,134.979118248,175,17,1.59461943573,219.845836438,221.257160054,17,17,0.8,0.8,0.1,1,2.21257160054,266.67497623,0.1,0.3,224.283395475,2,702f189f78bd92eb
202,12000231,25,3,469.690422258,75,15,2.59908825297,294.658655242,323.759797535,15,15,0.6,0.6,0.1,1,3.23759797535,266.67497623,0.1,0.3,224.283395475,2,702f189f78bd92eb
203,12000232,25,0,247.942687695,175,20,1.98226189171,229.118387303,215.106294362,20,20,0.8,0.9,0.2,1,2.15106294362,281.561110171,0.3,0.5,130.340775398,2.66666666667,f775156b7e911a31
203,12000232,25,1,292.000267202,425,17,1.78439870649,300.951840095,186.560917195,17,17,0.5,0.7,0.3,1,1.86560917195,281.561110171,0.3,0.5,130.340775398,2.66666666667,f775156b7e911a31
203,12000232,25,2,60.9609813784,75,13,2.93832659432,302.463035943,317.384447317,13,13,0.4,0.4,0.2,1,3.17384447317,281.561110171,0.3,0.5,130.340775398,2.66666666667,f775156b7e911a31
203,12000232,25,3,219.677587375,325,21,2.08529670789,253.59235554,180.556105713,21,21,0.6,0.8,0.3,1,1.80556105713,281.561110171,0.3,0.5,130.340775398,2.66666666667,f775156b7e911a31
204,12000233,25,0,240.061371658,425,13,2.02580839727,232.988233064,288.227137318,13,13,0.7,0.6,0,1,2.88227137318,220.4332128,0.1,0.1,98.7794479967,1,2a33fa8ea893101f
204,12000233,25,1,166.88904633,325,17,1.97323675076,192.303196763,227.720878183,17,17,0.8,0.7,0,1,2.27720878183,220.4332128,0.1,0.1,98.7794479967,1,2a33fa8ea893101f
204,12000233,25,2,127.4235344,175,22,2.4063737871,212.169330984,199.869219642,22,22,0.9,0.9,0.1,1,1.99869219642,220.4332128,0.1,0.1,98.7794479967,1,2a33fa8ea893101f
204,12000233,25,3,481.388457975,75,13,1.85028716097,359.604863131,316.579037129,13,13,0.4,0.6,0.1,1,3.16579037129,220.4332128,0.1,0.1,98.7794479967,1,2a33fa8ea893101f
205,12000234,25,0,325.538013224,175,17,2.61740408058,211.817725649,222.416439703,17,17,0.6,0.7,0.4,1,2.22416439703,256.84832339,0.4,0.5,99.5863064721,1.75,1a57b40a4250e73d
205,12000234,25,1,390.628156933,75,12,2.11207417693,262.380402832,269.37208829,12,12,0.5,0.4,0.2,1,2.6937208829,256.84832339,0.4,0.5,99.5863064721,1.75,1a57b40a4250e73d
205,12000234,25,2,63.624491282,425,13,2.20840783697,329.065564463,296.164493715,13,13,0.2,0.5,0.2,1,2.96164493715,256.84832339,0.4,0.5,99.5863064721,1.75,1a57b40a4250e73d
205,12000234,25,3,24.2036998597,325,12,2.97655507274,328.851669523,312.005601616,12,12,0.2,0.4,0.1,1,3.12005601616,256.84832339,0.4,0.5,99.5863064721,1.75,1a57b40a4250e73d
206,12000235,25,0,367.597712197,75,12,2.71900509985,247.162621777,348.328215121,12,12,0.5,0.4,0.1,1,3.48328215121,277.440709822,0.3,0.6,111.287586582,1.16666666667,2f4760190c3cf1db
206,12000235,25,1,388.877887845,325,15,2.23769832228,261.507629637,284.950393415,15,15,0.6,0.6,0.2,1,2.84950393415,277.440709822,0.3,0.6,111.287586582,1.16666666667,2f4760190c3cf1db
206,12000235,25,2,225.789715927,175,21,1.83793614376,186.344543661,213.44565345,21,21,0.9,0.8,0.3,1,2.1344565345,277.440709822,0.3,0.6,111.287586582,1.16666666667,2f4760190c3cf1db
206,12000235,25,3,62.0272676481,425,17,2.83807305963,327.272936104,204.738490775,17,17,0.4,0.9,0.3,1,2.04738490775,277.440709822,0.3,0.6,111.287586582,1.16666666667,2f4760190c3cf1db
207,12000236,25,0,13.5332688829,425,9,2.96083564466,375.283302241,355.569340953,9,9,0.1,0.3,0.2,1,3.55569340953,258.042118294,0.3,0.7,180.173309111,1.66666666667,a38110191295122f
207,12000236,25,1,438.708573154,175,19,2.57914979045,252.563351087,234.961820572,19,19,0.8,0.7,0.3,1,2.34961820572,258.042118294,0.3,0.7,180.173309111,1.66666666667,a38110191295122f
207,12000236,25,2,340.254552697,75,17,2.76562169041,249.663017741,206.226892611,17,17,0.7,0.9,0.3,1,2.06226892611,258.042118294,0.3,0.7,180.173309111,1.66666666667,a38110191295122f
207,12000236,25,3,20.2800269574,325,13,2.48790792367,331.425651489,309.26428147,13,13,0.4,0.5,0.2,1,3.0926428147,258.042118294,0.3,0.7,180.173309111,1.66666666667,a38110191295122f
208,12000237,25,0,89.7220321209,325,17,2.60017540413,197.506029156,233.855106239,17,17,0.8,0.7,0.5,1,2.33855106239,207.606215953,0.6,1.2,152.35090547,1.80555555556,15f1969242a8e087
208,12000237,25,1,276.935857979,425,21,2.07125214573,203.221318142,222.265780317,21,21,1,0.8,0.6,1,2.22265780317,207.606215953,0.6,1.2,152.35090547,1.80555555556,15f1969242a8e087
208,12000237,25,2,441.889002036,75,11,2.41088864613,328.200449632,350.984920297,11,11,0.5,0.4,0.3,1,3.50984920297,207.606215953,0.6,1.2,152.35090547,1.80555555556,15f1969242a8e087
208,12000237,25,3,2.22949747306,175,11,1.83907826925,308.371017675,330.633835603,11,11,0.6,0.4,0.3,1,3.30633835603,207.606215953,0.6,1.2,152.35090547,1.80555555556,15f1969242a8e087
209,12000238,25,0,116.882792926,325,21,1.88451549526,248.016571109,206.350020492,21,21,0.8,0.8,0.5,1,2.06350020492,221.399056352,0.5,1.3,154.650064042,1.28,a282f29da24640cb
209,12000238,25,1,63.0489392277,175,13,2.39637844372,325.626266575,238.486804484,13,13,0.3,0.5,0.1,1,2.38486804484,221.399056352,0.5,1.3,154.650064042,1.28,a282f29da24640cb
209,12000238,25,2,382.241794294,75,8,2.99264993873,302.452311984,314.398099177,8,8,0.4,0.3,0.1,1,3.14398099177,221.399056352,0.5,1.3,154.650064042,1.28,a282f29da24640cb
209,12000238,25,3,330.780233597,425,18,2.61443980612,175.831625791,227.227403234,18,18,0.9,0.7,0.5,1,2.27227403234,221.399056352,0.5,1.3,154.650064042,1.28,a282f29da24640cb
210,12000239,25,0,4.9331007407,175,12,1.74774042425,313.093783236,283.153412983,12,12,0.4,0.6,0.2,1,2.83153412983,248.361144626,0.3,0.3,69.4540426516,1,39a03e96a45050e8
210,12000239,25,1,98.7346639336,425,13,1.74429996201,300.690736732,380.405752792,13,13,0.5,0.1,0.1,1,3.80405752792,248.361144626,0.3,0.3,69.4540426516,1,39a03e96a45050e8
210,12000239,25,2,372.726798615,325,16,2.51653829411,268.517048636,268.660521718,16,16,0.6,0.6,0.3,1,2.68660521718,248.361144626,0.3,0.3,69.4540426516,1,39a03e96a45050e8
210,12000239,25,3,475.870045577,75,10,2.9592534902,283.610669588,216.516957084,10,10,0.4,0.7,0.2,1,2.16516957084,248.361144626,0.3,0.3,69.4540426516,1,39a03e96a45050e8
211,12000240,25,0,134.628520351,325,20,2.94345388396,249.939446174,229.393592759,20,20,0.8,0.8,0.6,1,2.29393592759,270.780017198,0.7,2.7,284.86683163,2.04761904762,a8afe8c253009064
211,12000240,25,1,359.69660027,75,18,1.85289348509,226.508146437,193.862419698,18,18,0.8,0.9,0.7,1,1.93862419698,270.780017198,0.7,2.7,284.86683163,2.04761904762,a8afe8c253009064
211,12000240,25,2,496.505474591,425,8,1.62537720434,322.729295506,351.307402409,8,8,0.3,0.2,0,1,3.51307402409,270.780017198,0.7,2.7,284.86683163,2.04761904762,a8afe8c253009064
211,12000240,25,3,135.376720744,175,21,2.96263036337,220.799111451,196.21432208,21,21,0.7,0.9,0.7,1,1.9621432208,270.780017198,0.7,2.7,284.86683163,2.04761904762,a8afe8c253009064
212,12000241,25,0,487.038727273,75,8,2.78499459782,294.144017608,270.395169836,8,8,0.4,0.4,0,1,2.70395169836,301.196735229,0.1,0.1,84.3932015742,2,86f192da6845eda3
212,12000241,25,1,486.852100189,425,7,2.01182883231,295.026801162,266.373077795,7,7,0.4,0.4,0.1,1,2.66373077795,301.196735229,0.1,0.1,84.3932015742,2,86f192da6845eda3
212,12000241,25,2,6.05016589613,175,11,2.77891254131,362.353008604,413.771352537,11,11,0.2,0.1,0,1,4.13771352537,301.196735229,0.1,0.1,84.3932015742,2,86f192da6845eda3
212,12000241,25,3,194.675430364,325,20,2.44472933476,231.771243514,264.487919394,20,20,0.7,0.5,0.1,1,2.64487919394,301.196735229,0.1,0.1,84.3932015742,2,86f192da6845eda3
213,12000242,25,0,99.8058387622,425,13,2.42553598503,283.311149915,313.412008232,13,13,0.5,0.4,0.2,1,3.13412008232,357.507794617,0.3,1.5,411.050272994,1.33333333333,382e16c85816b87b
213,12000242,25,1,115.742733352,325,15,2.22968622954,226.148247304,271.620467886,15,15,0.7,0.5,0.3,1,2.71620467886,357.507794617,0.3,1.5,411.050272994,1.33333333333,382e16c85816b87b
213,12000242,25,2,475.662704126,175,14,2.58577623166,328.966359666,285.434523232,14,14,0.5,0.7,0,1,2.85434523232,357.507794617,0.3,1.5,411.050272994,1.33333333333,382e16c85816b87b
213,12000242,25,3,324.64032706,75,14,1.54654248937,281.022077577,280.415396996,14,14,0.5,0.4,0.2,1,2.80415396996,357.507794617,0.3,1.5,411.050272994,1.33333333333,382e16c85816b87b
214,12000243,25,0,84.5726548286,425,13,2.7894152567,267.159209615,278.546565849,13,13,0.6,0.5,0.5,1,2.78546565849,209.59321497,0.9,2.9,261.630186145,1.60555555556,339546405a448c28
214,12000243,25,1,388.196354927,325,16,2.12979199275,299.827727275,267.630748117,16,16,0.4,0.4,0.5,1,2.67630748117,209.59321497,0.9,2.9,261.630186145,1.60555555556,339546405a448c28
214,12000243,25,2,28.8576932306,175,17,2.69941652355,186.046407819,210.808085459,17,17,0.7,0.8,0.6,1,2.10808085459,209.59321497,0.9,2.9,261.630186145,1.60555555556,339546405a448c28
214,12000243,25,3,385.454754695,75,13,1.69530176775,336.987740414,288.320817533,13,13,0.3,0.6,0.5,1,2.88320817533,209.59321497,0.9,2.9,261.630186145,1.60555555556,339546405a448c28
215,12000244,25,0,143.279137974,425,14,2.68618598325,190.350635917,263.998563715,14,14,0.8,0.5,0.5,1,2.63998563715,239.746627105,0.5,2.3,335.637730348,1.33714285714,234cef2877a516d8
215,12000244,25,1,377.885061134,175,17,2.6481747618,299.594779597,189.165347229,17,17,0.5,1,0.2,1,1.89165347229,239.746627105,0.5,2.3,335.637730348,1.33714285714,234cef2877a516d8
215,12000244,25,2,352.044550854,75,16,2.51703777113,352.328352538,224.206883352,16,16,0.3,0.9,0.1,1,2.24206883352,239.746627105,0.5,2.3,335.637730348,1.33714285714,234cef2877a516d8
215,12000244,25,3,257.214155194,325,23,1.81595340978,201.294209786,173.208382815,23,23,1,1,0.5,1,1.73208382815,239.746627105,0.5,2.3,335.637730348,1.33714285714,234cef2877a516d8
216,12000245,25,0,152.355109563,75,15,2.56964541077,298.163255207,209.313964087,15,15,0.4,0.7,0.2,1,2.09313964087,206.052764017,0.4,0.6,120.763934019,1.625,74bce9a3572b491f
216,12000245,25,1,492.53027681,425,9,2.81703804167,329.035524258,386.082198756,9,9,0.4,0.3,0.2,1,3.86082198756,206.052764017,0.4,0.6,120.763934019,1.625,74bce9a3572b491f
216,12000245,25,2,464.699976607,175,13,2.84624842186,296.47699278,327.583560707,13,13,0.4,0.4,0.2,1,3.27583560707,206.052764017,0.4,0.6,120.763934019,1.625,74bce9a3572b491f
216,12000245,25,3,186.355471116,325,22,2.54752099237,187.227314256,223.221634464,22,22,0.9,1,0.4,1,2.23221634464,206.052764017,0.4,0.6,120.763934019,1.625,74bce9a3572b491f
217,12000246,25,0,442.897106902,325,13,2.95878486195,308.298542981,244.186440984,13,13,0.4,0.7,0.2,1,2.44186440984,244.736916677,0.4,0.9,177.012656678,2.3125,7422762a18390856
217,12000246,25,1,489.667701656,75,8,1.78986204914,367.625655467,321.036376981,8,8,0.2,0.5,0.2,1,3.21036376981,244.736916677,0.4,0.9,177.012656678,2.3125,7422762a18390856
217,12000246,25,2,207.948324746,425,18,2.13416463508,276.167640458,241.416059269,18,18,0.5,0.7,0.3,1,2.41416059269,244.736916677,0.4,0.9,177.012656678,2.3125,7422762a18390856
217,12000246,25,3,69.4071494663,175,16,1.99262180038,229.145446263,224.085455138,16,16,0.6,0.6,0.3,1,2.24085455138,244.736916677,0.4,0.9,177.012656678,2.3125,7422762a18390856
218,12000247,25,0,452.813750698,425,10,2.02684324957,276.402891701,349.091136763,10,10,0.7,0.3,0,1,3.49091136763,255.632343128,0.3,1.1,288.866742673,1.56666666667,dd0ccd185cfa7f7b
218,12000247,25,1,386.823626483,325,17,2.43250122006,196.103243791,267.49067351,17,17,0.9,0.4,0.3,1,2.6749067351,255.632343128,0.3,1.1,288.866742673,1.56666666667,dd0ccd185cfa7f7b
218,12000247,25,2,40.0189762323,75,11,2.32765310143,345.461863251,265.480520486,11,11,0.2,0.6,0.3,1,2.65480520486,255.632343128,0.3,1.1,288.866742673,1.56666666667,dd0ccd185cfa7f7b
218,12000247,25,3,116.637432631,175,21,2.89471392805,247.385008135,187.850580829,21,21,0.8,0.8,0.3,1,1.87850580829,255.632343128,0.3,1.1,288.866742673,1.56666666667,dd0ccd185cfa7f7b
219,12000248,25,0,449.08680929,175,15,2.16875287279,272.039304954,264.012232625,15,15,0.6,0.7,0.5,1,2.64012232625,233.651138602,0.7,2,217.951230562,1.76428571429,1e7b389be80a5285
219,12000248,25,1,145.805212552,425,16,1.76510648505,230.575811034,249.975461653,16,16,0.9,0.8,0.7,1,2.49975461653,233.651138602,0.7,2,217.951230562,1.76428571429,1e7b389be80a5285
219,12000248,25,2,238.856534048,325,21,2.00597711431,169.676998085,175.808656732,21,21,0.9,0.9,0.7,1,1.75808656732,233.651138602,0.7,2,217.951230562,1.76428571429,1e7b389be80a5285
219,12000248,25,3,133.210179508,75,18,2.55260473576,269.383509931,246.366523096,18,18,0.5,0.8,0.5,1,2.46366523096,233.651138602,0.7,2,217.951230562,1.76428571429,1e7b389be80a5285
220,12000249,25,0,496.678398023,325,11,2.33236637426,319.808796818,257.406626639,11,11,0.4,0.4,0,1,2.57406626639,299.347698863,0.2,0.3,87.6724482586,1.75,5867c8ed37517342
220,12000249,25,1,58.9445821433,175,16,2.25566735205,268.262084849,291.178657163,16,16,0.5,0.6,0.2,1,2.91178657163,299.347698863,0.2,0.3,87.6724482586,1.75,5867c8ed37517342
220,12000249,25,2,148.709282655,75,15,2.39322479364,225.788895686,263.654307662,15,15,0.6,0.4,0.2,1,2.63654307662,299.347698863,0.2,0.3,87.6724482586,1.75,5867c8ed37517342
220,12000249,25,3,497.196548339,425,9,2.81931575814,365.762206235,315.187828136,9,9,0.3,0.4,0,1,3.15187828136,299.347698863,0.2,0.3,87.6724482586,1.75,5867c8ed37517342
221,12000250,25,0,185.892909107,425,15,2.3321000892,221.830920573,284.610617949,15,15,0.8,0.4,0.2,1,2.84610617949,239.755360295,0.8,3.4,316.979286829,1.52232142857,69179964147298ce
221,12000250,25,1,144.526326573,175,21,2.64510646531,220.163476022,237.726642083,21,21,1,0.8,0.8,1,2.37726642083,239.755360295,0.8,3.4,316.979286829,1.52232142857,69179964147298ce
221,12000250,25,2,219.650862959,325,20,1.74762930133,157.197552809,207.251483263,20,20,0.8,0.9,0.6,1,2.07251483263,239.755360295,0.8,3.4,316.979286829,1.52232142857,69179964147298ce
221,12000250,25,3,470.72839705,75,14,2.63630059186,288.974074503,214.047980513,14,14,0.5,0.7,0.5,1,2.14047980513,239.755360295,0.8,3.4,316.979286829,1.52232142857,69179964147298ce
222,12000251,25,0,334.053357129,75,15,1.94556896021,313.26956968,212.670623373,15,15,0.3,0.8,0.4,1,2.12670623373,220.715074167,0.5,1.5,218.207610307,1.9,82910097879d7a85
222,12000251,25,1,492.521743742,175,13,2.83993406819,343.307433802,304.613243535,13,13,0.3,0.5,0.1,1,3.04613243535,220.715074167,0.5,1.5,218.207610307,1.9,82910097879d7a85
222,12000251,25,2,62.538902406,425,12,2.97820732168,276.436403298,276.867169964,12,12,0.6,0.5,0.4,1,2.76867169964,220.715074167,0.5,1.5,218.207610307,1.9,82910097879d7a85
222,12000251,25,3,89.6868367046,325,19,2.276924244,231.544102967,208.344106021,19,19,0.7,0.9,0.5,1,2.08344106021,220.715074167,0.5,1.5,218.207610307,1.9,82910097879d7a85
223,12000252,25,0,298.655530919,325,23,2.50010684788,209.368984704,189.785836818,23,23,0.9,0.9,0.5,1,1.89785836818,243.977507007,0.5,0.8,122.875542291,1.46666666667,abc5d02070bec9d7
223,12000252,25,1,56.6298399894,425,10,2.07013419499,302.88609524,346.314937063,10,10,0.4,0.2,0.1,1,3.46314937063,243.977507007,0.5,0.8,122.875542291,1.46666666667,abc5d02070bec9d7
223,12000252,25,2,158.488268867,175,14,2.70314868488,217.174809559,217.763138263,14,14,0.6,0.6,0.3,1,2.17763138263,243.977507007,0.5,0.8,122.875542291,1.46666666667,abc5d02070bec9d7
223,12000252,25,3,402.731752845,75,10,1.83948611151,319.124676478,264.866266707,10,10,0.5,0.6,0.4,1,2.64866266707,243.977507007,0.5,0.8,122.875542291,1.46666666667,abc5d02070bec9d7
224,12000253,25,0,90.9121251539,175,12,2.56627677584,337.148574115,224.457840899,12,12,0.1,0.6,0,1,2.24457840899,277.570452662,0.1,0.1,89.1283667433,1,5cf78609bcf66a55
224,12000253,25,1,462.672205689,325,16,2.77052949149,179.094443887,281.145040098,16,16,0.9,0.7,0.1,1,2.81145040098,277.570452662,0.1,0.1,89.1283667433,1,5cf78609bcf66a55
224,12000253,25,2,16.9021685064,75,9,2.18268605135,446.254253387,294.665258899,9,9,0.1,0.6,0,1,2.94665258899,277.570452662,0.1,0.1,89.1283667433,1,5cf78609bcf66a55
224,12000253,25,3,338.016961732,425,19,2.8369946611,167.317832518,244.738257363,19,19,0.9,0.7,0.1,1,2.44738257363,277.570452662,0.1,0.1,89.1283667433,1,5cf78609bcf66a55
225,12000254,25,0,228.213914536,75,17,1.58408919982,221.598281917,271.141932381,17,17,0.9,0.6,0.3,1,2.71141932381,279.703090098,0.5,1.4,214.786170921,1.3,922a8fa684ed0cf7
225,12000254,25,1,335.528658623,325,20,2.81414290346,219.467357739,169.75519312,20,20,0.8,0.9,0.5,1,1.6975519312,279.703090098,0.5,1.4,214.786170921,1.3,922a8fa684ed0cf7
225,12000254,25,2,129.316278572,425,17,2.44975339618,253.877741105,206.436244949,17,17,0.7,0.9,0.5,1,2.06436244949,279.703090098,0.5,1.4,214.786170921,1.3,922a8fa684ed0cf7
225,12000254,25,3,98.3184408979,175,18,1.966075634,219.616830815,252.334906377,18,18,0.8,0.7,0.4,1,2.52334906377,279.703090098,0.5,1.4,214.786170921,1.3,922a8fa684ed0cf7
226,12000255,25,0,6.71935712394,325,11,1.70273029841,231.748094896,319.682705605,11,11,0.8,0.3,0.2,1,3.19682705605,279.390459171,0.3,0.9,220.987572387,2,8209b2c4c6467511
226,12000255,25,1,267.90084755,175,22,1.91453945124,178.401664856,220.555487998,22,22,0.9,0.7,0.3,1,2.20555487998,279.390459171,0.3,0.9,220.987572387,2,8209b2c4c6467511
226,12000255,25,2,17.4394654405,75,13,2.39374489313,231.843756344,372.001724219,13,13,0.7,0.3,0.3,1,3.72001724219,279.390459171,0.3,0.9,220.987572387,2,8209b2c4c6467511
226,12000255,25,3,470.54814411,425,10,2.472536885,382.089449543,268.040531019,10,10,0.2,0.5,0,1,2.68040531019,279.390459171,0.3,0.9,220.987572387,2,8209b2c4c6467511
227,12000256,25,0,194.790216497,75,14,1.66145963703,309.144470958,271.386681511,14,14,0.5,0.7,0.2,1,2.71386681511,251.628054544,0.2,0.2,55.5271454021,2,a4de5679f61ac630
227,12000256,25,1,202.047666137,175,20,1.52069559015,237.622880475,229.648436157,20,20,0.8,0.8,0.2,1,2.29648436157,251.628054544,0.2,0.2,55.5271454021,2,a4de5679f61ac630
227,12000256,25,2,425.760350666,425,11,2.00471727489,203.459448839,251.045633885,11,11,0.8,0.6,0.1,1,2.51045633885,251.628054544,0.2,0.2,55.5271454021,2,a4de5679f61ac630
227,12000256,25,3,392.124968918,325,14,2.44566742881,173.411087935,203.346355386,14,14,0.8,0.7,0.1,1,2.03346355386,251.628054544,0.2,0.2,55.5271454021,2,a4de5679f61ac630
228,12000257,25,0,199.945148834,175,20,2.39834823802,193.773426442,204.402766398,20,20,0.8,0.8,0.2,1,2.04402766398,250.551338053,0.2,0.3,91.5986353321,1.5,cef43affdee4d352
228,12000257,25,1,471.003495196,75,10,2.77444560048,339.195411601,361.929132705,10,10,0.5,0.3,0.2,1,3.61929132705,250.551338053,0.2,0.3,91.5986353321,1.5,cef43affdee4d352
228,12000257,25,2,292.529723494,325,22,1.88146979676,252.309476224,173.403050803,22,22,0.8,0.6,0.2,1,1.73403050803,250.551338053,0.2,0.3,91.5986353321,1.5,cef43affdee4d352
228,12000257,25,3,98.001101676,425,18,1.8903575355,272.682571248,235.180328074,18,18,0.4,0.7,0,1,2.35180328074,250.551338053,0.2,0.3,91.5986353321,1.5,cef43affdee4d352
229,12000258,25,0,376.303114209,75,15,2.33725991606,250.775531186,216.200799632,15,15,0.6,0.6,0.4,1,2.16200799632,183.489004108,0.6,1.1,144.844175322,1.5,5a82a705e82aa7da
229,12000258,25,1,64.7704304562,175,15,1.82264648107,270.530643604,279.551399893,15,15,0.4,0.7,0.4,1,2.79551399893,183.489004108,0.6,1.1,144.844175322,1.5,5a82a705e82aa7da
229,12000258,25,2,347.016462865,325,19,2.79136554742,214.30234502,193.54386074,19,19,0.7,1,0.6,1,1.9354386074,183.489004108,0.6,1.1,144.844175322,1.5,5a82a705e82aa7da
229,12000258,25,3,8.93840796694,425,8,2.85281792565,350.797800773,372.076099862,8,8,0.4,0.2,0.2,1,3.72076099862,183.489004108,0.6,1.1,144.844175322,1.5,5a82a705e82aa7da
230,12000259,25,0,79.7116318909,425,11,2.52589324586,232.096255114,373.458581356,11,11,0.6,0.1,0.1,1,3.73458581356,275.63714873,0.2,0.5,203.455237036,1.83333333333,5cf2fbdc2bc52837
230,12000259,25,1,479.793882568,75,12,2.53126815187,366.883158287,222.12026277,12,12,0.4,0.7,0.1,1,2.2212026277,275.63714873,0.2,0.5,203.455237036,1.83333333333,5cf2fbdc2bc52837
230,12000259,25,2,158.980980321,175,15,2.83069561463,194.289066154,263.316081653,15,15,0.9,0.3,0.2,1,2.63316081653,275.63714873,0.2,0.5,203.455237036,1.83333333333,5cf2fbdc2bc52837
230,12000259,25,3,452.568181012,325,18,1.71008125178,310.251559015,153.226290991,18,18,0.4,0.9,0.2,1,1.53226290991,275.63714873,0.2,0.5,203.455237036,1.83333333333,5cf2fbdc2bc52837
231,12000260,25,0,497.734548435,325,12,2.35921076932,395.329993541,296.758210889,12,12,0.2,0.6,0.1,1,2.96758210889,323.070752265,0.2,1,339.413308492,1,88fe45811f6d642c
231,12000260,25,1,449.149965839,425,12,2.61136579249,373.416281169,352.323423559,12,12,0.3,0.3,0.2,1,3.52323423559,323.070752265,0.2,1,339.413308492,1,88fe45811f6d642c
231,12000260,25,2,12.8599918568,175,14,1.68477523471,207.70436965,317.096519723,14,14,0.8,0.4,0,1,3.17096519723,323.070752265,0.2,1,339.413308492,1,88fe45811f6d642c
231,12000260,25,3,21.5858127445,75,11,2.11420636859,229.163387838,307.023876937,11,11,0.7,0.4,0,1,3.07023876937,323.070752265,0.2,1,339.413308492,1,88fe45811f6d642c
232,12000261,25,0,196.274917053,325,21,2.53811102892,211.148461027,125.355444991,21,21,0.8,1,0.9,1,1.25355444991,198.052814738,0.9,2.7,226.537751061,1.76904761905,65e356681fadfc3e
232,12000261,25,1,169.116940719,425,15,2.14549701009,304.600796604,195.493943894,15,15,0.5,0.9,0.5,1,1.95493943894,198.052814738,0.9,2.7,226.537751061,1.76904761905,65e356681fadfc3e
232,12000261,25,2,321.114517769,75,21,1.56304809697,153.299393542,243.204715609,21,21,1,1,0.9,1,2.43204715609,198.052814738,0.9,2.7,226.537751061,1.76904761905,65e356681fadfc3e
232,12000261,25,3,494.081468302,175,16,2.92256868272,251.26557974,254.555604128,16,16,0.8,0.8,0.9,1,2.54555604128,198.052814738,0.9,2.7,226.537751061,1.76904761905,65e356681fadfc3e
233,12000262,25,0,383.210860436,175,20,1.71677030301,164.871504106,231.792416272,20,20,0.7,0.7,0.3,1,2.31792416272,229.527168617,0.5,2.1,321.799110375,1.56888888889,69b987e583639d14
233,12000262,25,1,200.743539178,425,17,1.7947976854,269.729546377,244.844448768,17,17,0.6,0.5,0.3,1,2.44844448768,229.527168617,0.5,2.1,321.799110375,1.56888888889,69b987e583639d14
233,12000262,25,2,354.779284407,325,22,1.98954980149,192.309890438,194.562243598,22,22,0.9,0.9,0.4,1,1.94562243598,229.527168617,0.5,2.1,321.799110375,1.56888888889,69b987e583639d14
233,12000262,25,3,118.319855383,75,13,2.55335352352,314.812895812,334.023676152,13,13,0.6,0.3,0.2,1,3.34023676152,229.527168617,0.5,2.1,321.799110375,1.56888888889,69b987e583639d14
234,12000263,25,0,361.335434995,325,17,1.62448548497,193.423464781,224.638463627,17,17,0.8,0.7,0.2,1,2.24638463627,259.483977104,0.2,0.4,131.525802606,3.16666666667,2846af098608f417
234,12000263,25,1,68.4991585914,175,15,2.30991820676,300.342656259,283.308229403,15,15,0.5,0.8,0.2,1,2.83308229403,259.483977104,0.2,0.4,131.525802606,3.16666666667,2846af098608f417
234,12000263,25,2,2.99259733777,75,7,2.94099049073,373.656093686,364.322527645,7,7,0.2,0.2,0,1,3.64322527645,259.483977104,0.2,0.4,131.525802606,3.16666666667,2846af098608f417
234,12000263,25,3,322.070758955,425,14,2.20958494606,265.123643479,261.987461646,14,14,0.5,0.6,0.1,1,2.61987461646,259.483977104,0.2,0.4,131.525802606,3.16666666667,2846af098608f417
235,12000264,25,0,410.716864484,425,11,2.88114585171,247.651162208,315.767457924,11,11,0.7,0.4,0.1,1,3.15767457924,254.275143958,0.9,6.6,535.403565056,1.26772486772,3373c18239e51f55
235,12000264,25,1,361.881237779,75,15,2.39459256311,324.422556267,204.984190085,15,15,0.5,0.8,0.4,1,2.04984190085,254.275143958,0.9,6.6,535.403565056,1.26772486772,3373c18239e51f55
235,12000264,25,2,49.9741475776,325,15,1.89243091693,238.944150936,276.973385767,15,15,0.8,0.3,0.1,1,2.76973385767,254.275143958,0.9,6.6,535.403565056,1.26772486772,3373c18239e51f55
235,12000264,25,3,236.379162075,175,21,1.94542665777,229.211040833,158.784301076,21,21,0.5,1,0.8,1,1.58784301076,254.275143958,0.9,6.6,535.403565056,1.26772486772,3373c18239e51f55
236,12000265,25,0,126.758010194,325,17,2.32802642353,284.736828671,232.591855913,17,17,0.6,0.7,0.4,1,2.32591855913,268.623911439,0.4,0.9,151.149426556,2.08333333333,d78e409265c110bb
236,12000265,25,1,184.063976707,425,13,1.64137801942,320.166479998,282.697768185,13,13,0.4,0.5,0,1,2.82697768185,268.623911439,0.4,0.9,151.149426556,2.08333333333,d78e409265c110bb
236,12000265,25,2,446.493036445,75,16,2.02084464464,216.968440864,272.298888163,16,16,0.9,0.7,0.4,1,2.72298888163,268.623911439,0.4,0.9,151.149426556,2.08333333333,d78e409265c110bb
236,12000265,25,3,328.502375363,175,22,1.50950828112,158.568393636,187.180476832,22,22,0.9,0.8,0.4,1,1.87180476832,268.623911439,0.4,0.9,151.149426556,2.08333333333,d78e409265c110bb
237,12000266,25,0,297.39127554,75,15,1.79333491789,220.345304314,278.044250429,15,15,0.8,0.6,0.5,1,2.78044250429,276.450925464,0.6,2.3,334.858915199,1.38333333333,e548891a6958ad97
237,12000266,25,1,167.601437797,325,19,2.41343532943,154.157363273,268.421548275,19,19,0.9,0.5,0.6,1,2.68421548275,276.450925464,0.6,2.3,334.858915199,1.38333333333,e548891a6958ad97
237,12000266,25,2,240.119323787,425,21,2.01606658726,191.917586409,295.845540764,21,21,0.8,0.7,0.2,1,2.95845540764,276.450925464,0.6,2.3,334.858915199,1.38333333333,e548891a6958ad97
237,12000266,25,3,290.045603614,175,21,2.30419289185,155.024763659,233.169992667,21,21,1,0.7,0.6,1,2.33169992667,276.450925464,0.6,2.3,334.858915199,1.38333333333,e548891a6958ad97
238,12000267,25,0,149.065881358,175,19,1.70423514121,239.453044844,234.503842147,19,19,0.8,0.7,0.2,1,2.34503842147,286.510671969,0.2,0.5,167.576372465,1,8b62e2565abe84ec
238,12000267,25,1,446.813733544,75,10,2.86619529113,315.599292959,333.719547362,10,10,0.5,0.4,0,1,3.33719547362,286.510671969,0.2,0.5,167.576372465,1,8b62e2565abe84ec
238,12000267,25,2,386.024034347,325,18,1.71409975764,266.518080817,251.341830907,18,18,0.5,0.7,0.2,1,2.51341830907,286.510671969,0.2,0.5,167.576372465,1,8b62e2565abe84ec
238,12000267,25,3,190.337670899,425,15,1.86577932905,251.580210843,201.835357231,15,15,0.5,0.7,0.2,1,2.01835357231,286.510671969,0.2,0.5,167.576372465,1,8b62e2565abe84ec
239,12000268,25,0,179.892528021,175,21,2.15724096716,220.759022563,261.200731566,21,21,0.8,0.7,0.2,1,2.61200731566,271.65504552,0.3,0.9,223.584005468,1.46666666667,6283c9149d86895a
239,12000268,25,1,411.201916377,325,14,2.00162633252,253.331263323,196.108470377,14,14,0.5,0.7,0.3,1,1.96108470377,271.65504552,0.3,0.9,223.584005468,1.46666666667,6283c9149d86895a
239,12000268,25,2,403.422967643,75,14,2.86607547322,282.365070957,284.812214662,14,14,0.5,0.4,0.1,1,2.84812214662,271.65504552,0.3,0.9,223.584005468,1.46666666667,6283c9149d86895a
239,12000268,25,3,11.5067959522,425,7,2.7696624427,328.135999007,378.872510168,7,7,0.5,0.2,0,1,3.78872510168,271.65504552,0.3,0.9,223.584005468,1.46666666667,6283c9149d86895a
240,12000269,25,0,149.217807824,425,16,2.56893208853,277.372506469,250.109769714,16,16,0.6,0.7,0.2,1,2.50109769714,274.085179466,0.3,1.6,395.347325121,1.09523809524,5360790263568b8a
240,12000269,25,1,461.689903693,175,14,2.48254242101,266.85303381,343.153968949,14,14,0.5,0.3,0.1,1,3.43153968949,274.085179466,0.3,1.6,395.347325121,1.09523809524,5360790263568b8a
240,12000269,25,2,419.798504182,75,11,2.02400762715,288.887698871,349.090633999,11,11,0.5,0.2,0,1,3.49090633999,274.085179466,0.3,1.6,395.347325121,1.09523809524,5360790263568b8a
240,12000269,25,3,88.4998294285,325,17,2.76823527013,274.783863798,246.286262755,17,17,0.5,0.6,0.2,1,2.46286262755,274.085179466,0.3,1.6,395.347325121,1.09523809524,5360790263568b8a
241,12000270,25,0,394.686709276,325,15,2.75067190914,227.897927838,200.959066171,15,15,0.7,0.8,0.1,1,2.00959066171,275.807672436,0.1,0.1,79.3596240462,2,5b5590d9ebdd5178
241,12000270,25,1,270.712615241,175,23,1.50953490302,187.313913371,170.727961822,23,23,0.9,1,0.1,1,1.70727961822,275.807672436,0.1,0.1,79.3596240462,2,5b5590d9ebdd5178
241,12000270,25,2,132.23148729,75,15,1.85313154638,260.205960089,245.579596612,15,15,0.6,0.5,0.1,1,2.45579596612,275.807672436,0.1,0.1,79.3596240462,2,5b5590d9ebdd5178
241,12000270,25,3,325.093931732,425,11,2.73229336937,250.526568686,246.773839177,11,11,0.6,0.5,0.1,1,2.46773839177,275.807672436,0.1,0.1,79.3596240462,2,5b5590d9ebdd5178
242,12000271,25,0,92.3069752053,75,11,2.76914331508,273.600716154,320.539568905,11,11,0.5,0.3,0,1,3.20539568905,332.050328172,0.2,0.6,225.277998332,1.33333333333,11456c33a97145f1
242,12000271,25,1,251.017942352,425,16,1.80435929778,214.078637394,292.688823286,16,16,0.8,0.4,0.2,1,2.92688823286,332.050328172,0.2,0.6,225.277998332,1.33333333333,11456c33a97145f1
242,12000271,25,2,399.842259223,325,12,2.04354692988,263.062402275,280.252918814,12,12,0.6,0.5,0,1,2.80252918814,332.050328172,0.2,0.6,225.277998332,1.33333333333,11456c33a97145f1
242,12000271,25,3,224.197884886,175,20,1.537822167,192.670011288,252.519252802,20,20,0.8,0.8,0.2,1,2.52519252802,332.050328172,0.2,0.6,225.277998332,1.33333333333,11456c33a97145f1
243,12000272,25,0,342.553151704,175,20,2.39171799217,229.596304808,189.265385501,20,20,0.8,0.8,0.3,1,1.89265385501,274.072166776,0.3,1.1,288.791508828,1.44444444444,90fc1b1272ddab8d
243,12000272,25,1,463.427935158,75,10,1.75437625215,353.746103608,300.879817183,10,10,0.4,0.5,0.1,1,3.00879817183,274.072166776,0.3,1.1,288.791508828,1.44444444444,90fc1b1272ddab8d
243,12000272,25,2,165.688079414,325,22,2.75680597871,187.529637384,204.229956139,22,22,1,0.8,0.3,1,2.04229956139,274.072166776,0.3,1.1,288.791508828,1.44444444444,90fc1b1272ddab8d
243,12000272,25,3,140.210323735,425,17,2.49952159264,216.289975224,254.220960736,17,17,0.8,0.6,0.3,1,2.54220960736,274.072166776,0.3,1.1,288.791508828,1.44444444444,90fc1b1272ddab8d
244,12000273,25,0,491.616448039,425,8,2.14616628232,362.907987749,370.303644408,8,8,0.1,0.3,0.1,1,3.70303644408,144.11837585,0.7,1.4,146.446857054,1.61904761905,a53d0179f12386c9
244,12000273,25,1,80.0182657456,325,17,2.48140552831,208.051740338,226.829100654,17,17,0.8,0.8,0.6,1,2.26829100654,144.11837585,0.7,1.4,146.446857054,1.61904761905,a53d0179f12386c9
244,12000273,25,2,179.062747828,175,21,2.48218364369,146.601061456,149.434319116,21,21,0.9,1,0.7,1,1.49434319116,144.11837585,0.7,1.4,146.446857054,1.61904761905,a53d0179f12386c9
244,12000273,25,3,248.519815814,75,15,1.82139159508,213.627806709,212.712855212,15,15,0.8,0.9,0.7,1,2.12712855212,144.11837585,0.7,1.4,146.446857054,1.61904761905,a53d0179f12386c9
245,12000274,25,0,286.637155019,325,20,1.89271494846,203.486412667,232.673413443,20,20,0.9,0.9,0,1,2.32673413443,288.797706989,0,0,nan,nan,8ed1e8a077037b48
245,12000274,25,1,3.90542302899,175,13,2.79394260605,269.316744484,300.017213783,13,13,0.5,0.5,0,1,3.00017213783,288.797706989,0,0,nan,nan,8ed1e8a077037b48
245,12000274,25,2,309.228277219,425,13,1.97986424359,249.896946851,295.946366026,13,13,0.6,0.4,0,1,2.95946366026,288.797706989,0,0,nan,nan,8ed1e8a077037b48
245,12000274,25,3,183.600734652,75,18,1.85160760971,228.427845514,228.715719169,18,18,0.6,0.8,0,1,2.28715719169,288.797706989,0,0,nan,nan,8ed1e8a077037b48
246,12000275,25,0,290.377997979,425,18,2.32077616409,207.542314965,211.410407825,18,18,0.9,0.8,0.5,1,2.11410407825,275.598762752,0.5,2.9,424.089500156,1.40357142857,ec9203115abf076a
246,12000275,25,1,171.866084015,175,20,1.99853241721,217.884881462,180.698372392,20,20,0.7,1,0.1,1,1.80698372392,275.598762752,0.5,2.9,424.089500156,1.40357142857,ec9203115abf076a
246,12000275,25,2,491.286393819,75,10,2.76825591321,337.176478254,361.923829591,10,10,0.4,0.4,0,1,3.61923829591,275.598762752,0.5,2.9,424.089500156,1.40357142857,ec9203115abf076a
246,12000275,25,3,145.372834731,325,19,2.89126478885,204.199944511,182.604320463,19,19,0.7,1,0.3,1,1.82604320463,275.598762752,0.5,2.9,424.089500156,1.40357142857,ec9203115abf076a
247,12000276,25,0,341.967905015,425,13,2.34038159962,245.222471113,283.138192097,13,13,0.6,0.6,0,1,2.83138192097,312.452549228,0.2,0.8,348.628379043,2.8,8f4faa6f00cdfff0
247,12000276,25,1,71.9907316377,175,16,2.50778914104,273.1562056,171.92175076,16,16,0.5,0.9,0.2,1,1.7192175076,312.452549228,0.2,0.8,348.628379043,2.8,8f4faa6f00cdfff0
247,12000276,25,2,449.361083434,325,12,2.2564678985,275.023180126,333.999960074,12,12,0.5,0.3,0,1,3.33999960074,312.452549228,0.2,0.8,348.628379043,2.8,8f4faa6f00cdfff0
247,12000276,25,3,288.103024863,75,16,1.59884967438,298.265982708,297.584408353,16,16,0.4,0.7,0.1,1,2.97584408353,312.452549228,0.2,0.8,348.628379043,2.8,8f4faa6f00cdfff0
248,12000277,25,0,411.490407088,175,14,1.87354572372,223.1124019,325.010175904,14,14,0.7,0.3,0.2,1,3.25010175904,296.378605881,0.7,4.5,530.138095122,1.52380952381,29d803cf8c87383b
248,12000277,25,1,119.79987805,425,17,2.34003287899,292.191104709,219.908066987,17,17,0.4,0.7,0.2,1,2.19908066987,296.378605881,0.7,4.5,530.138095122,1.52380952381,29d803cf8c87383b
248,12000277,25,2,71.6678957216,75,14,2.1619053348,276.125974216,297.095062347,14,14,0.6,0.5,0.2,1,2.97095062347,296.378605881,0.7,4.5,530.138095122,1.52380952381,29d803cf8c87383b
248,12000277,25,3,381.650559894,325,15,2.00398130655,244.289399922,269.306933206,15,15,0.8,0.5,0,1,2.69306933206,296.378605881,0.7,4.5,530.138095122,1.52380952381,29d803cf8c87383b
249,12000278,25,0,65.171008808,425,13,2.7187557467,378.40731759,305.556777039,13,13,0.1,0.4,0,1,3.05556777039,257.068631331,0.7,3.8,422.706771231,2.10340136054,21c937d7c06202ca
249,12000278,25,1,73.0270023933,325,18,1.81506499575,309.639306119,244.384727301,18,18,0.3,0.8,0.1,1,2.44384727301,257.068631331,0.7,3.8,422.706771231,2.10340136054,21c937d7c06202ca
249,12000278,25,2,423.551520086,75,13,2.9659203744,169.285511948,266.223635419,13,13,0.9,0.7,0.4,1,2.66223635419,257.068631331,0.7,3.8,422.706771231,2.10340136054,21c937d7c06202ca
249,12000278,25,3,488.567952335,175,14,2.21593720043,186.712582314,293.210608331,14,14,0.8,0.5,0.4,1,2.93210608331,257.068631331,0.7,3.8,422.706771231,2.10340136054,21c937d7c06202ca
250,12000279,25,0,380.388152678,325,12,2.50472032478,303.211381933,220.718270856,12,12,0.3,0.7,0.1,1,2.20718270856,309.909332995,0.2,0.3,70.5144115539,1,adb39d80567de1a1
250,12000279,25,1,245.450436821,425,13,1.77067065324,287.372442508,291.983861788,13,13,0.5,0.3,0.2,1,2.91983861788,309.909332995,0.2,0.3,70.5144115539,1,adb39d80567de1a1
250,12000279,25,2,79.8898219729,75,14,2.18292198161,217.739712648,313.246698254,14,14,0.8,0.3,0.1,1,3.13246698254,309.909332995,0.2,0.3,70.5144115539,1,adb39d80567de1a1
250,12000279,25,3,202.621204093,175,24,1.67336976677,189.776777635,226.381749902,24,24,1,1,0.2,1,2.26381749902,309.909332995,0.2,0.3,70.5144115539,1,adb39d80567de1a1
251,12000280,25,0,67.8278379806,325,16,2.53476446851,279.012740777,230.215695085,16,16,0.7,0.7,0.2,1,2.30215695085,238.548269751,0.3,0.6,146.187948527,1.72222222222,54200f567d5cc823
251,12000280,25,1,12.7260419826,75,13,2.61380296771,267.620327408,219.400638106,13,13,0.5,0.9,0.3,1,2.19400638106,238.548269751,0.3,0.6,146.187948527,1.72222222222,54200f567d5cc823
251,12000280,25,2,387.182747018,175,18,1.51788909833,244.76124027,287.313972007,18,18,0.9,0.6,0.2,1,2.87313972007,238.548269751,0.3,0.6,146.187948527,1.72222222222,54200f567d5cc823
251,12000280,25,3,283.734484504,425,13,1.5675169134,296.557235375,305.670436744,13,13,0.4,0.5,0,1,3.05670436744,238.548269751,0.3,0.6,146.187948527,1.72222222222,54200f567d5cc823
252,12000281,25,0,71.3593868771,175,13,2.41447297808,217.425103893,302.110617988,13,13,0.8,0.4,0,1,3.02110617988,249.989455573,0.2,0.5,175.759068893,1.75,c717452607b4bdde
252,12000281,25,1,33.8727189419,75,6,1.59126089331,299.401625094,371.237064177,6,6,0.5,0.3,0,1,3.71237064177,249.989455573,0.2,0.5,175.759068893,1.75,c717452607b4bdde
252,12000281,25,2,449.415951613,425,16,2.98065518552,306.547029973,279.647092409,16,16,0.5,0.7,0.2,1,2.79647092409,249.989455573,0.2,0.5,175.759068893,1.75,c717452607b4bdde
252,12000281,25,3,351.714007937,325,20,1.94299544328,205.762560437,210.188556289,20,20,0.9,0.8,0.2,1,2.10188556289,249.989455573,0.2,0.5,175.759068893,1.75,c717452607b4bdde
253,12000282,25,0,479.308488181,325,10,2.73927460341,356.036369432,264.524457535,10,10,0.2,0.8,0,1,2.64524457535,296.121249484,0,0,nan,nan,aedcc638132dc4f7
253,12000282,25,1,78.3327551243,425,12,2.8260290434,227.097512388,308.953899445,12,12,0.7,0.5,0,1,3.08953899445,296.121249484,0,0,nan,nan,aedcc638132dc4f7
253,12000282,25,2,415.105948303,75,10,1.5235666348,341.108517207,261.275209996,10,10,0.2,0.6,0,1,2.61275209996,296.121249484,0,0,nan,nan,aedcc638132dc4f7
253,12000282,25,3,86.9362184891,175,17,2.78059561819,179.699790344,291.53911758,17,17,0.8,0.4,0,1,2.9153911758,296.121249484,0,0,nan,nan,aedcc638132dc4f7
254,12000283,25,0,440.01778663,425,16,2.44652750863,207.613303656,313.502838231,16,16,0.9,0.5,0.3,1,3.13502838231,209.534472368,0.3,0.6,145.057694384,2.22222222222,f90a1b5e7ec2a867
254,12000283,25,1,111.832212483,325,17,2.72104127964,277.697715517,170.482217257,17,17,0.4,0.8,0.2,1,1.70482217257,209.534472368,0.3,0.6,145.057694384,2.22222222222,f90a1b5e7ec2a867
254,12000283,25,2,336.521567921,75,16,1.6431500562,226.418792773,282.125574939,16,16,0.7,0.6,0.1,1,2.82125574939,209.534472368,0.3,0.6,145.057694384,2.22222222222,f90a1b5e7ec2a867
254,12000283,25,3,143.801026265,175,19,2.65877503937,271.892374446,195.263262076,19,19,0.6,0.9,0.3,1,1.95263262076,209.534472368,0.3,0.6,145.057694384,2.22222222222,f90a1b5e7ec2a867
255,12000284,25,0,213.532054754,425,18,1.50665368605,253.305220273,282.258897561,18,18,0.8,0.7,0.2,1,2.82258897561,212.926011288,0.2,0.6,213.281850433,1.6,dbc367a4853a8a9f
255,12000284,25,1,211.081349543,175,24,1.65964278388,159.03252462,165.88861977,24,24,1,1,0.2,1,1.6588861977,212.926011288,0.2,0.6,213.281850433,1.6,dbc367a4853a8a9f
255,12000284,25,2,0.85832476825,75,12,2.53488546151,288.805631961,308.275887178,12,12,0.5,0.5,0.1,1,3.08275887178,212.926011288,0.2,0.6,213.281850433,1.6,dbc367a4853a8a9f
255,12000284,25,3,172.998326883,325,22,2.71449188565,196.689480027,223.400493946,22,22,0.9,0.8,0.2,1,2.23400493946,212.926011288,0.2,0.6,213.281850433,1.6,dbc367a4853a8a9f
256,12000285,25,0,110.297032371,75,14,2.84664290538,277.629544913,252.564449438,14,14,0.5,0.7,0.1,1,2.52564449438,272.041420672,0.1,0.1,27.0165166828,1,643bb1cc0f586ed7
256,12000285,25,1,166.843787469,425,17,2.12434952784,221.819963224,265.391558641,17,17,0.7,0.6,0,1,2.65391558641,272.041420672,0.1,0.1,27.0165166828,1,643bb1cc0f586ed7
256,12000285,25,2,461.053833559,325,14,2.44562991196,278.99546409,360.856456435,14,14,0.7,0.3,0,1,3.60856456435,272.041420672,0.1,0.1,27.0165166828,1,643bb1cc0f586ed7
256,12000285,25,3,427.129238863,175,11,1.83874225472,268.472408629,317.4427208,11,11,0.6,0.4,0,1,3.174427208,272.041420672,0.1,0.1,27.0165166828,1,643bb1cc0f586ed7
257,12000286,25,0,158.466967035,425,17,1.81492899303,227.849002961,245.481324313,17,17,0.8,0.7,0.4,1,2.45481324313,246.84669052,0.4,0.5,87.9523977472,1,aaacb60a36117a37
257,12000286,25,1,418.287463077,325,15,2.0926109866,297.741432063,289.717761729,15,15,0.5,0.3,0.1,1,2.89717761729,246.84669052,0.4,0.5,87.9523977472,1,aaacb60a36117a37
257,12000286,25,2,182.384223522,175,20,2.13936943013,201.02145635,187.602816009,20,20,0.7,0.9,0.4,1,1.87602816009,246.84669052,0.4,0.5,87.9523977472,1,aaacb60a36117a37
257,12000286,25,3,459.1218408,75,8,2.1767776964,372.994592151,363.787659932,8,8,0.1,0.2,0,1,3.63787659932,246.84669052,0.4,0.5,87.9523977472,1,aaacb60a36117a37
258,12000287,25,0,153.212085952,325,22,2.91625033807,150.208853625,198.294079241,22,22,1,0.8,0.6,1,1.98294079241,228.865233277,0.6,3.7,540.013403987,1.93452380952,123332445f5aad54
258,12000287,25,1,103.127109562,425,14,2.33618322697,220.68023211,272.877607402,14,14,0.6,0.6,0.6,1,2.72877607402,228.865233277,0.6,3.7,540.013403987,1.93452380952,123332445f5aad54
258,12000287,25,2,338.656145094,75,17,1.65617435809,261.260545941,266.129070187,17,17,0.6,0.7,0.4,1,2.66129070187,228.865233277,0.6,3.7,540.013403987,1.93452380952,123332445f5aad54
258,12000287,25,3,211.246558506,175,24,1.78281818082,172.845832777,184.580410574,24,24,1,0.9,0.6,1,1.84580410574,228.865233277,0.6,3.7,540.013403987,1.93452380952,123332445f5aad54
259,12000288,25,0,340.076056134,75,20,2.56955222614,232.781132565,148.229109311,20,20,0.7,1,0.5,1,1.48229109311,253.448360822,0.5,1.7,256.568744887,1.96666666667,7686104d0438d964
259,12000288,25,1,9.19293831777,425,6,2.36132650245,427.098616973,487.970514996,6,6,0.1,0,0,1,4.87970514996,253.448360822,0.5,1.7,256.568744887,1.96666666667,7686104d0438d964
259,12000288,25,2,56.3447750689,175,10,2.55895680566,358.66786487,356.728885213,10,10,0.1,0.2,0,1,3.56728885213,253.448360822,0.5,1.7,256.568744887,1.96666666667,7686104d0438d964
259,12000288,25,3,287.205511941,325,21,1.62412119033,197.250237665,233.150051841,21,21,0.8,0.8,0.2,1,2.33150051841,253.448360822,0.5,1.7,256.568744887,1.96666666667,7686104d0438d964
260,12000289,25,0,478.773946162,325,14,2.62443315089,326.400423848,290.287779283,14,14,0.5,0.6,0.5,1,2.90287779283,303.023258986,0.5,0.9,139.151090369,1.95,ec45d108d5789784
260,12000289,25,1,389.86970075,425,12,1.93822441219,360.908407577,316.474384075,12,12,0.3,0.4,0.3,1,3.16474384075,303.023258986,0.5,0.9,139.151090369,1.95,ec45d108d5789784
260,12000289,25,2,88.4967153776,75,13,1.96787426119,320.47012969,284.813276977,13,13,0.3,0.5,0.4,1,2.84813276977,303.023258986,0.5,0.9,139.151090369,1.95,ec45d108d5789784
260,12000289,25,3,280.06304719,175,21,1.80458043024,222.548458453,176.16270494,21,21,0.8,0.9,0.5,1,1.7616270494,303.023258986,0.5,0.9,139.151090369,1.95,ec45d108d5789784
261,12000290,25,0,68.4089385027,425,10,2.92444468993,340.09386548,275.202268249,10,10,0.4,0.6,0,1,2.75202268249,267.146370194,0.5,2.2,329.117154369,1.17,369b83545fa34fbc
261,12000290,25,1,21.0666259716,325,12,2.93865247172,325.52608047,264.065815874,12,12,0.4,0.7,0.1,1,2.64065815874,267.146370194,0.5,2.2,329.117154369,1.17,369b83545fa34fbc
261,12000290,25,2,356.729806458,75,17,2.22413488439,215.460339619,259.996050941,17,17,0.9,0.6,0.4,1,2.59996050941,267.146370194,0.5,2.2,329.117154369,1.17,369b83545fa34fbc
261,12000290,25,3,435.066975153,175,16,2.06261614691,190.233240913,243.941321893,16,16,0.8,0.6,0.4,1,2.43941321893,267.146370194,0.5,2.2,329.117154369,1.17,369b83545fa34fbc
262,12000291,25,0,57.0413669626,425,8,2.50480825864,308.587100453,267.279486573,8,8,0.4,0.5,0,1,2.67279486573,254.405898587,0.1,0.2,108.17216474,2.5,8bd41dea6cc49539
262,12000291,25,1,197.584489183,75,15,1.6133726285,296.318415871,339.827961902,15,15,0.5,0.2,0.1,1,3.39827961902,254.405898587,0.1,0.2,108.17216474,2.5,8bd41dea6cc49539
262,12000291,25,2,222.309888284,175,21,1.52678623047,235.986222752,259.08459431,21,21,0.7,0.8,0.1,1,2.5908459431,254.405898587,0.1,0.2,108.17216474,2.5,8bd41dea6cc49539
262,12000291,25,3,484.832866499,325,14,2.06907141056,254.81705901,230.241573273,14,14,0.6,0.8,0.1,1,2.30241573273,254.405898587,0.1,0.2,108.17216474,2.5,8bd41dea6cc49539
263,12000292,25,0,278.763150494,75,17,2.16499831269,290.469850205,265.477624301,17,17,0.5,0.6,0,1,2.65477624301,326.121260477,0,0,nan,nan,eae8b8d2d9f651a1
263,12000292,25,1,54.1780985479,325,13,2.4959692759,256.19085428,232.275672285,13,13,0.6,0.8,0,1,2.32275672285,326.121260477,0,0,nan,nan,eae8b8d2d9f651a1
263,12000292,25,2,418.098572081,175,19,2.03382775297,319.61624977,270.419468672,19,19,0.4,0.6,0,1,2.70419468672,326.121260477,0,0,nan,nan,eae8b8d2d9f651a1
263,12000292,25,3,142.732937218,425,14,1.70025530668,254.180960617,226.893078796,14,14,0.5,0.8,0,1,2.26893078796,326.121260477,0,0,nan,nan,eae8b8d2d9f651a1
264,12000293,25,0,329.271531561,75,16,1.65466866614,282.895088593,245.951704471,16,16,0.6,0.7,0.3,1,2.45951704471,214.40336599,0.5,0.8,133.316811244,1.73333333333,5b846647d195a02a
264,12000293,25,1,317.30204602,325,20,2.47887842589,175.609670087,214.185436902,20,20,0.9,0.6,0.4,1,2.14185436902,214.40336599,0.5,0.8,133.316811244,1.73333333333,5b846647d195a02a
264,12000293,25,2,161.440784973,175,19,2.16774532144,249.131853187,231.406252414,19,19,0.6,0.7,0.3,1,2.31406252414,214.40336599,0.5,0.8,133.316811244,1.73333333333,5b846647d195a02a
264,12000293,25,3,121.594069521,425,17,2.62390014104,283.029355311,332.430744578,17,17,0.6,0.4,0.4,1,3.32430744578,214.40336599,0.5,0.8,133.316811244,1.73333333333,5b846647d195a02a
265,12000294,25,0,9.83289247046,75,8,2.08745616827,368.772577076,352.166383485,8,8,0.1,0.3,0.1,1,3.52166383485,238.699506999,0.4,0.4,65.963042194,2.75,f589968d34a487fb
265,12000294,25,1,476.45528511,325,13,2.43953262178,287.402813851,277.744206155,13,13,0.4,0.6,0.4,1,2.77744206155,238.699506999,0.4,0.4,65.963042194,2.75,f589968d34a487fb
265,12000294,25,2,86.3099157373,425,15,2.62612248761,188.330691391,318.167597816,15,15,0.9,0.5,0.3,1,3.18167597816,238.699506999,0.4,0.4,65.963042194,2.75,f589968d34a487fb
265,12000294,25,3,338.378008353,175,17,1.51093970562,248.598958692,201.100709199,17,17,0.6,0.8,0.4,1,2.01100709199,238.699506999,0.4,0.4,65.963042194,2.75,f589968d34a487fb
266,12000295,25,0,98.5438748014,425,11,2.7798368366,260.718913751,227.299617538,11,11,0.6,0.7,0.1,1,2.27299617538,286.749161826,0.1,0.1,91.4347231127,2,da13e1b45c2e89a6
266,12000295,25,1,346.914817682,75,13,2.74713380804,305.524850345,311.227723058,13,13,0.3,0.3,0,1,3.11227723058,286.749161826,0.1,0.1,91.4347231127,2,da13e1b45c2e89a6
266,12000295,25,2,76.3032667828,175,12,1.78839145354,278.795117355,196.776862809,12,12,0.4,0.8,0.1,1,1.96776862809,286.749161826,0.1,0.1,91.4347231127,2,da13e1b45c2e89a6
266,12000295,25,3,368.588765046,325,19,2.68666202275,242.481670455,311.37557936,19,19,0.7,0.4,0,1,3.1137557936,286.749161826,0.1,0.1,91.4347231127,2,da13e1b45c2e89a6
267,12000296,25,0,439.184774211,425,13,2.89788613559,306.248480149,315.071476369,13,13,0.5,0.4,0.4,1,3.15071476369,258.572236227,0.6,2,264.44936548,2.23333333333,fa1ca2c5db8e7a4a
267,12000296,25,1,298.068934346,325,22,1.51655570614,192.808963232,189.85439452,22,22,0.7,0.9,0.6,1,1.8985439452,258.572236227,0.6,2,264.44936548,2.23333333333,fa1ca2c5db8e7a4a
267,12000296,25,2,140.799782736,175,17,2.51152844802,212.227641084,175.985967912,17,17,0.9,0.8,0.5,1,1.75985967912,258.572236227,0.6,2,264.44936548,2.23333333333,fa1ca2c5db8e7a4a
267,12000296,25,3,82.1472653534,75,11,1.60164347661,279.749258843,260.705957125,11,11,0.6,0.7,0.3,1,2.60705957125,258.572236227,0.6,2,264.44936548,2.23333333333,fa1ca2c5db8e7a4a
268,12000297,25,0,387.596762286,425,14,2.13851306079,279.672080787,247.274547961,14,14,0.7,0.6,0.3,1,2.47274547961,225.048910638,0.6,1.4,164.089687688,1.475,4abfcab58abdff57
268,12000297,25,1,497.158488375,325,11,2.57108865497,255.468549916,236.839388529,11,11,0.5,0.6,0.2,1,2.36839388529,225.048910638,0.6,1.4,164.089687688,1.475,4abfcab58abdff57
268,12000297,25,2,0.293692681951,175,16,2.78662343902,327.294589337,335.98133803,16,16,0.6,0.4,0.4,1,3.3598133803,225.048910638,0.6,1.4,164.089687688,1.475,4abfcab58abdff57
268,12000297,25,3,121.992726904,75,18,2.8682605458,257.751720778,295.530041037,18,18,0.6,0.4,0.4,1,2.95530041037,225.048910638,0.6,1.4,164.089687688,1.475,4abfcab58abdff57
269,12000298,25,0,373.524616015,75,20,2.74861880598,219.987264267,250.315418185,20,20,0.7,0.7,0.5,1,2.50315418185,241.227457892,0.7,2.7,298.730948193,1.80714285714,a7de113ff966c6e6
269,12000298,25,1,54.2284994485,325,13,2.82723530391,243.911879822,260.301607726,13,13,0.5,0.6,0.3,1,2.60301607726,241.227457892,0.7,2.7,298.730948193,1.80714285714,a7de113ff966c6e6
269,12000298,25,2,465.926603943,425,11,2.71016507967,406.657225624,277.165588325,11,11,0.1,0.6,0.2,1,2.77165588325,241.227457892,0.7,2.7,298.730948193,1.80714285714,a7de113ff966c6e6
269,12000298,25,3,190.070602652,175,23,2.35303591836,132.391965832,190.981215909,23,23,1,1,0.7,1,1.90981215909,241.227457892,0.7,2.7,298.730948193,1.80714285714,a7de113ff966c6e6
270,12000299,25,0,168.619351944,325,20,1.60147733602,211.314840477,211.105814068,20,20,0.8,1,0.5,1,2.11105814068,183.116508862,0.5,0.8,141.856472987,2.2,a2ec29c8dc7a6111
270,12000299,25,1,423.364745866,175,15,2.43424019603,249.24433636,265.422860357,15,15,0.5,0.7,0.3,1,2.65422860357,183.116508862,0.5,0.8,141.856472987,2.2,a2ec29c8dc7a6111
270,12000299,25,2,143.88997853,75,15,2.27323471323,262.735874892,202.453751365,15,15,0.6,0.6,0.5,1,2.02453751365,183.116508862,0.5,0.8,141.856472987,2.2,a2ec29c8dc7a6111
270,12000299,25,3,350.963776681,425,8,2.46305467923,259.619339366,280.009868198,8,8,0.7,0.3,0.2,1,2.80009868198,183.116508862,0.5,0.8,141.856472987,2.2,a2ec29c8dc7a6111
271,12000300,25,0,165.693175873,175,21,2.52411641419,201.151536778,234.517373702,21,21,0.9,0.7,0.1,1,2.34517373702,342.223530212,0.1,0.1,57.7198361782,1,c1cb599bc2db8cd3
271,12000300,25,1,375.071566511,425,11,1.51647251751,336.061739322,315.57493759,11,11,0.4,0.3,0,1,3.1557493759,342.223530212,0.1,0.1,57.7198361782,1,c1cb599bc2db8cd3
271,12000300,25,2,54.51767886,325,15,2.63502923293,329.521680785,239.474848147,15,15,0.3,0.7,0.1,1,2.39474848147,342.223530212,0.1,0.1,57.7198361782,1,c1cb599bc2db8cd3
271,12000300,25,3,200.323199056,75,19,1.57529496315,180.905919935,280.499716708,19,19,0.9,0.6,0.1,1,2.80499716708,342.223530212,0.1,0.1,57.7198361782,1,c1cb599bc2db8cd3
272,12000301,25,0,320.345819867,425,12,2.06049419244,303.036360226,235.687725283,12,12,0.3,0.6,0.1,1,2.35687725283,239.124196067,0.4,1.2,228.894571166,2.27083333333,c228978ed20850dc
272,12000301,25,1,297.824239037,75,21,1.55631821059,134.505053159,220.436093468,21,21,0.9,0.9,0.4,1,2.20436093468,239.124196067,0.4,1.2,228.894571166,2.27083333333,c228978ed20850dc
272,12000301,25,2,339.752331369,325,22,2.01139817821,225.697382034,183.671837987,22,22,1,0.9,0.4,1,1.83671837987,239.124196067,0.4,1.2,228.894571166,2.27083333333,c228978ed20850dc
272,12000301,25,3,164.305086564,175,21,1.97204487908,205.386125651,224.589408357,21,21,0.8,0.8,0.4,1,2.24589408357,239.124196067,0.4,1.2,228.894571166,2.27083333333,c228978ed20850dc
273,12000302,25,0,469.629609725,425,12,2.19764710637,345.565256714,308.741630846,12,12,0.2,0.5,0.3,1,3.08741630846,172.054382783,0.6,1,106.453681708,1.52777777778,c84e4dedfe337bf2
273,12000302,25,1,110.950234736,325,16,1.58293632815,252.43614033,256.697110936,16,16,0.6,0.7,0.4,1,2.56697110936,172.054382783,0.6,1,106.453681708,1.52777777778,c84e4dedfe337bf2
273,12000302,25,2,460.526993781,175,19,2.75200669893,204.411625117,187.36635246,19,19,0.8,0.8,0.6,1,1.8736635246,172.054382783,0.6,1,106.453681708,1.52777777778,c84e4dedfe337bf2
273,12000302,25,3,143.285285646,75,16,2.02907254,201.898877627,250.42302469,16,16,0.9,0.7,0.6,1,2.5042302469,172.054382783,0.6,1,106.453681708,1.52777777778,c84e4dedfe337bf2
274,12000303,25,0,155.513200385,75,15,2.89001545678,198.10812172,219.031919629,15,15,0.8,0.6,0.3,1,2.19031919629,256.702862995,0.6,1.8,220.754903681,1.80555555556,34abdefd6d5eea98
274,12000303,25,1,418.656142186,175,18,1.98292300473,210.140649716,294.647289918,18,18,0.9,0.6,0.5,1,2.94647289918,256.702862995,0.6,1.8,220.754903681,1.80555555556,34abdefd6d5eea98
274,12000303,25,2,44.3080059664,325,15,2.08249647107,281.907458516,223.265245422,15,15,0.7,0.7,0.3,1,2.23265245422,256.702862995,0.6,1.8,220.754903681,1.80555555556,34abdefd6d5eea98
274,12000303,25,3,249.350747623,425,19,2.06145198886,248.934024144,247.201084605,19,19,0.6,0.7,0.4,1,2.47201084605,256.702862995,0.6,1.8,220.754903681,1.80555555556,34abdefd6d5eea98
275,12000304,25,0,2.83974771251,425,10,2.13491712608,354.682234366,270.273458279,10,10,0.4,0.5,0.2,1,2.70273458279,284.117316045,0.2,0.5,207.307214527,1.75,3a8c8f2211535c26
275,12000304,25,1,239.775029282,325,23,1.90845567102,168.11877919,170.097707398,23,23,0.9,1,0.2,1,1.70097707398,284.117316045,0.2,0.5,207.307214527,1.75,3a8c8f2211535c26
275,12000304,25,2,11.7296602122,175,13,1.55981388498,344.226367928,227.777605891,13,13,0.3,0.8,0.2,1,2.27777605891,284.117316045,0.2,0.5,207.307214527,1.75,3a8c8f2211535c26
275,12000304,25,3,489.395100825,75,9,2.46856460891,320.441581477,371.121638274,9,9,0.3,0.3,0.1,1,3.71121638274,284.117316045,0.2,0.5,207.307214527,1.75,3a8c8f2211535c26
276,12000305,25,0,273.968053254,75,21,2.21196147491,244.827752815,202.301629966,21,21,0.7,0.8,0.5,1,2.02301629966,269.143332189,0.5,2,295.519178075,1.74333333333,1f9c4feccb540667
276,12000305,25,1,136.587956048,425,18,2.95616463322,224.892062359,257.867433686,18,18,0.6,0.5,0.2,1,2.57867433686,269.143332189,0.5,2,295.519178075,1.74333333333,1f9c4feccb540667
276,12000305,25,2,423.45973566,175,17,2.93147157877,270.402455909,250.470106524,17,17,0.8,0.7,0.5,1,2.50470106524,269.143332189,0.5,2,295.519178075,1.74333333333,1f9c4feccb540667
276,12000305,25,3,12.148270265,325,15,2.90214595702,279.991170395,283.851078367,15,15,0.6,0.4,0.2,1,2.83851078367,269.143332189,0.5,2,295.519178075,1.74333333333,1f9c4feccb540667
277,12000306,25,0,481.454100347,425,7,2.74941078816,358.101973547,330.949783112,7,7,0.2,0.4,0,1,3.30949783112,247.876410377,0.2,0.4,152.867530043,1.16666666667,8e7415e322f627f7
277,12000306,25,1,254.583499329,175,22,1.87214598595,213.187060342,191.55626047,22,22,0.8,0.9,0.2,1,1.9155626047,247.876410377,0.2,0.4,152.867530043,1.16666666667,8e7415e322f627f7
277,12000306,25,2,185.193293411,325,19,1.93051743569,172.580756279,177.573406804,19,19,0.9,0.7,0.2,1,1.77573406804,247.876410377,0.2,0.4,152.867530043,1.16666666667,8e7415e322f627f7
277,12000306,25,3,458.293726046,75,10,2.02008169824,359.223074819,297.415038015,10,10,0.3,0.4,0,1,2.97415038015,247.876410377,0.2,0.4,152.867530043,1.16666666667,8e7415e322f627f7
278,12000307,25,0,38.079192953,325,8,2.3846506881,322.19286948,284.876430548,8,8,0.3,0.5,0,1,2.84876430548,289.028327238,0.4,1.6,302.6838522,1.55,d28337ee91f2c4ac
278,12000307,25,1,139.309109198,425,12,2.83966008927,305.269460217,285.830047677,12,12,0.3,0.5,0,1,2.85830047677,289.028327238,0.4,1.6,302.6838522,1.55,d28337ee91f2c4ac
278,12000307,25,2,438.854691946,175,18,2.82176705595,214.273630282,239.09736007,18,18,0.8,0.6,0.4,1,2.3909736007,289.028327238,0.4,1.6,302.6838522,1.55,d28337ee91f2c4ac
278,12000307,25,3,271.055332427,75,17,1.67891233021,210.525990696,204.806334873,17,17,0.5,0.9,0.3,1,2.04806334873,289.028327238,0.4,1.6,302.6838522,1.55,d28337ee91f2c4ac
279,12000308,25,0,395.299226259,425,8,2.25853608243,367.465496825,354.594216827,8,8,0.1,0.3,0,1,3.54594216827,318.759641818,0.2,0.4,123.520112734,3,499164f7b265d720
279,12000308,25,1,383.292341963,175,13,1.53930113842,252.713345276,293.896481873,13,13,0.6,0.1,0.2,1,2.93896481873,318.759641818,0.2,0.4,123.520112734,3,499164f7b265d720
279,12000308,25,2,308.001454551,75,17,1.59543479296,245.517097373,279.352895912,17,17,0.7,0.8,0.2,1,2.79352895912,318.759641818,0.2,0.4,123.520112734,3,499164f7b265d720
279,12000308,25,3,96.0936170344,325,15,2.6124763094,281.956440448,212.586491989,15,15,0.5,0.7,0.2,1,2.12586491989,318.759641818,0.2,0.4,123.520112734,3,499164f7b265d720
280,12000309,25,0,125.366484212,425,13,1.76248419779,313.543719704,283.452889322,13,13,0.5,0.5,0.1,1,2.83452889322,237.85020444,0.3,0.4,79.6874377249,1,40c1a55f09c97ab1
280,12000309,25,1,157.534214797,75,16,2.84820075287,278.285344878,239.093489433,16,16,0.7,0.6,0.2,1,2.39093489433,237.85020444,0.3,0.4,79.6874377249,1,40c1a55f09c97ab1
280,12000309,25,2,403.480559717,175,16,1.53228539919,238.916276765,231.703690143,16,16,0.6,0.7,0.3,1,2.31703690143,237.85020444,0.3,0.4,79.6874377249,1,40c1a55f09c97ab1
280,12000309,25,3,479.873259072,325,13,1.65985883795,286.288753267,303.638729497,13,13,0.6,0.6,0.3,1,3.03638729497,237.85020444,0.3,0.4,79.6874377249,1,40c1a55f09c97ab1
281,12000310,25,0,251.752508775,425,19,1.52805526614,230.102854898,255.368357842,19,19,0.8,0.6,0.3,1,2.55368357842,234.78346656,0.4,0.8,96.1847796042,2,43576ff2ef1848fa
281,12000310,25,1,489.576874121,75,9,2.57184673777,337.461515901,314.245895682,9,9,0.4,0.5,0.2,1,3.14245895682,234.78346656,0.4,0.8,96.1847796042,2,43576ff2ef1848fa
281,12000310,25,2,258.539712584,325,23,1.95614228406,181.463304154,208.518690104,23,23,0.9,0.8,0.4,1,2.08518690104,234.78346656,0.4,0.8,96.1847796042,2,43576ff2ef1848fa
281,12000310,25,3,76.8958513641,175,15,2.12519907766,260.966428341,274.513003986,15,15,0.5,0.5,0.1,1,2.74513003986,234.78346656,0.4,0.8,96.1847796042,2,43576ff2ef1848fa
282,12000311,25,0,0.795137317721,325,14,2.50981432702,299.028128468,333.537996946,14,14,0.6,0.4,0.3,1,3.33537996946,405.467536001,0.8,4.8,445.951077643,1.92053571429,9cf7c7cc9f1547d7
282,12000311,25,1,88.590467475,425,14,2.58826959918,308.587558207,324.088793174,14,14,0.2,0.5,0.1,1,3.24088793174,405.467536001,0.8,4.8,445.951077643,1.92053571429,9cf7c7cc9f1547d7
282,12000311,25,2,461.619251877,75,8,2.00599173268,404.869873855,306.436240302,8,8,0,0.5,0,1,3.06436240302,405.467536001,0.8,4.8,445.951077643,1.92053571429,9cf7c7cc9f1547d7
282,12000311,25,3,323.519904784,175,21,1.59656676829,290.010587102,200.6408867,21,21,0.4,0.9,0.8,1,2.006408867,405.467536001,0.8,4.8,445.951077643,1.92053571429,9cf7c7cc9f1547d7
283,12000312,25,0,23.4549468019,175,14,1.82064833187,220.206762753,263.232644717,14,14,0.7,0.6,0.4,1,2.63232644717,255.061207914,1,4.7,387.13724999,1.78253968254,3e90b6c24e0f5881
283,12000312,25,1,99.0518184554,425,10,1.55386589949,347.477882309,295.302893488,10,10,0.3,0.4,0.4,1,2.95302893488,255.061207914,1,4.7,387.13724999,1.78253968254,3e90b6c24e0f5881
283,12000312,25,2,351.266284407,75,17,1.62399817177,211.373962243,253.872350337,17,17,0.8,0.7,0.9,1,2.53872350337,255.061207914,1,4.7,387.13724999,1.78253968254,3e90b6c24e0f5881
283,12000312,25,3,287.786166122,325,20,2.2250154369,261.984499205,212.59217357,20,20,0.7,0.8,0.6,1,2.1259217357,255.061207914,1,4.7,387.13724999,1.78253968254,3e90b6c24e0f5881
284,12000313,25,0,234.980956779,75,16,1.92242713051,260.571777659,329.994942268,16,16,0.6,0.3,0.2,1,3.29994942268,287.762920259,0.2,0.4,129.266971609,1.16666666667,c496380ebe7faee1
284,12000313,25,1,398.988815517,325,11,1.7346810063,245.628276301,307.703291344,11,11,0.4,0.3,0,1,3.07703291344,287.762920259,0.2,0.4,129.266971609,1.16666666667,c496380ebe7faee1
284,12000313,25,2,111.834025842,175,16,1.98243460662,256.556352045,288.54577273,16,16,0.5,0.5,0.1,1,2.8854577273,287.762920259,0.2,0.4,129.266971609,1.16666666667,c496380ebe7faee1
284,12000313,25,3,291.786567724,425,16,2.46881541578,272.568764636,280.685699463,16,16,0.7,0.7,0.1,1,2.80685699463,287.762920259,0.2,0.4,129.266971609,1.16666666667,c496380ebe7faee1
285,12000314,25,0,77.141484356,75,9,1.9565946975,265.352986838,293.538972286,9,9,0.6,0.5,0.2,1,2.93538972286,237.641636259,0.4,1.1,189.381049034,2.05,59b0503ea541fca1
285,12000314,25,1,89.1972195064,175,14,2.89615672473,234.814658238,246.044479848,14,14,0.7,0.5,0.2,1,2.46044479848,237.641636259,0.4,1.1,189.381049034,2.05,59b0503ea541fca1
285,12000314,25,2,372.373793902,325,22,2.03546829599,249.142604509,194.180671946,22,22,1,0.9,0.4,1,1.94180671946,237.641636259,0.4,1.1,189.381049034,2.05,59b0503ea541fca1
285,12000314,25,3,255.631737698,425,17,1.6956989887,306.619229953,254.436406546,17,17,0.4,0.8,0.2,1,2.54436406546,237.641636259,0.4,1.1,189.381049034,2.05,59b0503ea541fca1
286,12000315,25,0,252.991293791,325,21,1.88776173526,269.791852325,213.240942855,21,21,0.8,0.9,0.5,1,2.13240942855,226.411311803,0.5,0.7,97.8006169853,1.8,420eb326644108f
286,12000315,25,1,424.248457806,75,12,2.40175053049,321.150694819,272.331196824,12,12,0.7,0.8,0.5,1,2.72331196824,226.411311803,0.5,0.7,97.8006169853,1.8,420eb326644108f
286,12000315,25,2,460.482329619,175,12,2.30941920297,349.310055365,294.815001938,12,12,0.2,0.7,0.3,1,2.94815001938,226.411311803,0.5,0.7,97.8006169853,1.8,420eb326644108f
286,12000315,25,3,124.91145361,425,12,2.92992988269,316.777537613,296.328937249,12,12,0.3,0.3,0,1,2.96328937249,226.411311803,0.5,0.7,97.8006169853,1.8,420eb326644108f
287,12000316,25,0,237.585714214,175,21,2.16516822926,229.073303579,176.47715737,21,21,0.9,1,0.5,1,1.7647715737,187.537780773,0.5,0.8,129.981076127,2.2,4c062587da94e02d
287,12000316,25,1,41.8935543238,75,11,2.23759331673,316.210652531,258.313698527,11,11,0.3,0.7,0.2,1,2.58313698527,187.537780773,0.5,0.8,129.981076127,2.2,4c062587da94e02d
287,12000316,25,2,360.869066478,425,16,2.73493679864,250.971225032,301.020399692,16,16,0.7,0.4,0.5,1,3.01020399692,187.537780773,0.5,0.8,129.981076127,2.2,4c062587da94e02d
287,12000316,25,3,327.256064687,325,22,1.7437058612,219.578628077,238.479756627,22,22,1,0.8,0.5,1,2.38479756627,187.537780773,0.5,0.8,129.981076127,2.2,4c062587da94e02d
288,12000317,25,0,305.749692561,75,14,2.28464129963,294.966239874,247.639597295,14,14,0.5,0.4,0.3,1,2.47639597295,244.681185664,0.7,1.9,221.492157545,1.85714285714,5f9fc082a724694f
288,12000317,25,1,276.490962598,325,18,1.83362252971,196.669565545,166.687581527,18,18,0.9,0.8,0.7,1,1.66687581527,244.681185664,0.7,1.9,221.492157545,1.85714285714,5f9fc082a724694f
288,12000317,25,2,111.795936473,175,17,2.68759576991,267.834105738,273.057117514,17,17,0.4,0.7,0.2,1,2.73057117514,244.681185664,0.7,1.9,221.492157545,1.85714285714,5f9fc082a724694f
288,12000317,25,3,387.49585943,425,13,2.86485928799,225.384854247,197.906538959,13,13,0.6,0.7,0.7,1,1.97906538959,244.681185664,0.7,1.9,221.492157545,1.85714285714,5f9fc082a724694f
289,12000318,25,0,74.2712248516,325,17,1.83586605317,265.39009289,178.870804376,17,17,0.7,0.9,0.1,1,1.78870804376,262.145268787,0.1,0.1,51.5415787335,2,5f72da1b4e772859
289,12000318,25,1,136.655024053,175,21,1.69777779212,225.622996287,191.681490325,21,21,0.7,1,0.1,1,1.91681490325,262.145268787,0.1,0.1,51.5415787335,2,5f72da1b4e772859
289,12000318,25,2,435.875124628,75,15,1.53103192859,313.337833946,395.151270993,15,15,0.6,0.4,0,1,3.95151270993,262.145268787,0.1,0.1,51.5415787335,2,5f72da1b4e772859
289,12000318,25,3,426.492024295,425,11,2.3933105752,320.374233881,387.255151937,11,11,0.5,0.2,0,1,3.87255151937,262.145268787,0.1,0.1,51.5415787335,2,5f72da1b4e772859
290,12000319,25,0,126.38264635,175,18,2.55660451026,241.30721381,228.249124197,18,18,0.6,0.8,0.6,1,2.28249124197,241.133749996,0.6,1.8,248.410026366,1.51388888889,9a16ce16a042c26
290,12000319,25,1,478.451708989,325,15,1.71515218787,259.066338962,245.14489613,15,15,0.7,0.8,0.5,1,2.4514489613,241.133749996,0.6,1.8,248.410026366,1.51388888889,9a16ce16a042c26
290,12000319,25,2,193.376853676,425,14,2.18344178955,262.769313175,288.15193903,14,14,0.6,0.5,0.5,1,2.8815193903,241.133749996,0.6,1.8,248.410026366,1.51388888889,9a16ce16a042c26
290,12000319,25,3,491.822677346,75,15,1.95632581271,300.297694394,245.309777886,15,15,0.5,0.7,0.6,1,2.45309777886,241.133749996,0.6,1.8,248.410026366,1.51388888889,9a16ce16a042c26
291,12000320,25,0,48.0002535432,75,12,1.59072045897,231.313682756,316.723391333,12,12,0.8,0.5,0.3,1,3.16723391333,282.346619772,0.7,2.9,319.977899372,2.12585034014,da414fde154ff66f
291,12000320,25,1,128.792556872,175,19,2.61275172431,161.416193368,194.377667068,19,19,0.8,0.8,0.5,1,1.94377667068,282.346619772,0.7,2.9,319.977899372,2.12585034014,da414fde154ff66f
291,12000320,25,2,457.363920672,425,11,2.4640891625,332.571590375,250.590711002,11,11,0.4,0.4,0.3,1,2.50590711002,282.346619772,0.7,2.9,319.977899372,2.12585034014,da414fde154ff66f
291,12000320,25,3,485.778163515,325,13,2.33288445665,324.355295184,252.117994322,13,13,0.5,0.4,0.4,1,2.52117994322,282.346619772,0.7,2.9,319.977899372,2.12585034014,da414fde154ff66f
292,12000321,25,0,471.404584108,325,11,2.78983510218,305.955721311,291.511733641,11,11,0.4,0.4,0,1,2.91511733641,263.474766669,0,0,nan,nan,ae4d86be0998e93e
292,12000321,25,1,434.982855082,75,11,2.52965008198,308.138366552,287.663708433,11,11,0.3,0.6,0,1,2.87663708433,263.474766669,0,0,nan,nan,ae4d86be0998e93e
292,12000321,25,2,94.9218839423,175,19,2.50043420303,216.467942447,241.436871701,19,19,0.8,0.9,0,1,2.41436871701,263.474766669,0,0,nan,nan,ae4d86be0998e93e
292,12000321,25,3,10.4816956627,425,10,2.92966192799,310.275790278,329.298758697,10,10,0.6,0.3,0,1,3.29298758697,263.474766669,0,0,nan,nan,ae4d86be0998e93e
293,12000322,25,0,455.386545754,425,13,2.1749472721,274.545795587,353.09190036,13,13,0.3,0.3,0.1,1,3.5309190036,337.075102586,0.3,1.2,297.160129648,1.82777777778,f02c7102ba22890d
293,12000322,25,1,303.623055857,75,19,2.11874180607,288.760742625,196.051334093,19,19,0.4,1,0.3,1,1.96051334093,337.075102586,0.3,1.2,297.160129648,1.82777777778,f02c7102ba22890d
293,12000322,25,2,34.620562449,175,11,2.14944076764,358.813144319,282.373458212,11,11,0.5,0.6,0,1,2.82373458212,337.075102586,0.3,1.2,297.160129648,1.82777777778,f02c7102ba22890d
293,12000322,25,3,82.6968329175,325,11,2.96352548937,279.819885299,292.261468814,11,11,0.4,0.5,0,1,2.92261468814,337.075102586,0.3,1.2,297.160129648,1.82777777778,f02c7102ba22890d
294,12000323,25,0,95.8945744579,75,8,2.32748378451,399.467835094,344.440155092,8,8,0,0.3,0,1,3.44440155092,211.450514545,0.4,0.7,128.727149021,1.625,751d06890b1c1e87
294,12000323,25,1,489.167431131,325,16,2.10099224321,219.451842906,281.893904033,16,16,0.6,0.5,0.2,1,2.81893904033,211.450514545,0.4,0.7,128.727149021,1.625,751d06890b1c1e87
294,12000323,25,2,77.3622231178,425,13,2.53548998396,288.467208328,253.735556408,13,13,0.5,0.5,0.2,1,2.53735556408,211.450514545,0.4,0.7,128.727149021,1.625,751d06890b1c1e87
294,12000323,25,3,444.23901477,175,16,2.34507437665,227.118059948,297.857250823,16,16,0.6,0.4,0.2,1,2.97857250823,211.450514545,0.4,0.7,128.727149021,1.625,751d06890b1c1e87
295,12000324,25,0,147.869349971,175,21,1.99913846478,222.278373812,246.182664008,21,21,0.9,0.9,0.1,1,2.46182664008,332.089925307,0.1,0.1,61.6327626436,1,a879df4ac43fd7df
295,12000324,25,1,115.045602393,75,16,2.50281325564,266.132788859,280.406224772,16,16,0.7,0.7,0.1,1,2.80406224772,332.089925307,0.1,0.1,61.6327626436,1,a879df4ac43fd7df
295,12000324,25,2,341.645001308,425,8,1.83327119689,309.874275819,290.562751155,8,8,0.3,0.3,0,1,2.90562751155,332.089925307,0.1,0.1,61.6327626436,1,a879df4ac43fd7df
295,12000324,25,3,389.304144077,325,14,2.83019467515,287.353690534,250.970748216,14,14,0.6,0.5,0.1,1,2.50970748216,332.089925307,0.1,0.1,61.6327626436,1,a879df4ac43fd7df
296,12000325,25,0,188.454563722,75,18,1.52707947969,232.654734443,178.724358703,18,18,0.7,0.7,0.1,1,1.78724358703,223.269509301,0.2,0.3,85.3782903871,1.5,2273545d97ffca45
296,12000325,25,1,39.1383764644,175,19,2.91397404488,190.568253935,232.635930061,19,19,0.7,0.8,0.2,1,2.32635930061,223.269509301,0.2,0.3,85.3782903871,1.5,2273545d97ffca45
296,12000325,25,2,373.09454601,325,14,2.77731010198,260.387286898,246.696127149,14,14,0.6,0.8,0.2,1,2.46696127149,223.269509301,0.2,0.3,85.3782903871,1.5,2273545d97ffca45
296,12000325,25,3,259.981946171,425,15,1.77495499342,218.04420474,238.070749558,15,15,0.7,0.6,0.2,1,2.38070749558,223.269509301,0.2,0.3,85.3782903871,1.5,2273545d97ffca45
297,12000326,25,0,313.823119698,75,14,2.50682465827,214.502624807,206.053060165,14,14,0.5,0.7,0.2,1,2.06053060165,252.109352304,0.3,0.8,191.104383968,1.66666666667,b748760166ac13d8
297,12000326,25,1,144.253687403,425,13,2.00284937237,314.205880757,284.26690039,13,13,0.1,0.4,0,1,2.8426690039,252.109352304,0.3,0.8,191.104383968,1.66666666667,b748760166ac13d8
297,12000326,25,2,175.879656773,325,21,1.78768380942,246.793764227,208.36263198,21,21,0.7,0.8,0.3,1,2.0836263198,252.109352304,0.3,0.8,191.104383968,1.66666666667,b748760166ac13d8
297,12000326,25,3,332.139738954,175,23,2.73707414809,189.430056314,176.148697583,23,23,1,1,0.3,1,1.76148697583,252.109352304,0.3,0.8,191.104383968,1.66666666667,b748760166ac13d8
298,12000327,25,0,438.5987996,75,10,2.53657092366,281.815437352,246.57240086,10,10,0.4,0.6,0.2,1,2.4657240086,260.296235828,0.3,0.4,98.4861444743,1.5,e9af01c25b22ab76
298,12000327,25,1,71.1016086797,425,12,2.89142001722,331.015247095,331.055223959,12,12,0.4,0.4,0.1,1,3.31055223959,260.296235828,0.3,0.4,98.4861444743,1.5,e9af01c25b22ab76
298,12000327,25,2,51.320784608,175,13,1.76652060653,276.730264319,281.350216269,13,13,0.4,0.4,0.2,1,2.81350216269,260.296235828,0.3,0.4,98.4861444743,1.5,e9af01c25b22ab76
298,12000327,25,3,482.533957643,325,12,2.11006502893,308.134229153,277.877708441,12,12,0.6,0.7,0.3,1,2.77877708441,260.296235828,0.3,0.4,98.4861444743,1.5,e9af01c25b22ab76
299,12000328,25,0,74.4658486933,325,12,1.90634301656,282.719171237,293.996889151,12,12,0.4,0.4,0.2,1,2.93996889151,166.176955215,0.8,1.8,163.743963797,2.69791666667,46f8e6382cc918ef
299,12000328,25,1,115.873346321,175,20,1.60309469019,230.921368741,231.604633537,20,20,1,0.7,0.8,1,2.31604633537,166.176955215,0.8,1.8,163.743963797,2.69791666667,46f8e6382cc918ef
299,12000328,25,2,330.697616607,75,20,2.55378198373,163.591711826,153.967281119,20,20,0.9,0.9,0.8,1,1.53967281119,166.176955215,0.8,1.8,163.743963797,2.69791666667,46f8e6382cc918ef
299,12000328,25,3,279.058162563,425,14,1.91074606497,247.10552725,271.764771638,14,14,0.5,0.3,0.5,1,2.71764771638,166.176955215,0.8,1.8,163.743963797,2.69791666667,46f8e6382cc918ef
300,12000329,25,0,355.176721011,325,18,2.51219063996,220.356004186,289.771494572,18,18,0.7,0.5,0,1,2.89771494572,324.071129477,0,0,nan,nan,52663beef0def10f
300,12000329,25,1,167.70811318,425,15,2.00163556724,288.689652101,292.924384737,15,15,0.7,0.5,0,1,2.92924384737,324.071129477,0,0,nan,nan,52663beef0def10f
300,12000329,25,2,79.1275589179,75,12,2.60528051715,210.858247866,273.733588352,12,12,0.7,0.4,0,1,2.73733588352,324.071129477,0,0,nan,nan,52663beef0def10f
300,12000329,25,3,394.007887499,175,16,2.60294722165,200.909856534,293.368913382,16,16,0.8,0.4,0,1,2.93368913382,324.071129477,0,0,nan,nan,52663beef0def10f
301,12000330,25,0,167.307284383,75,17,2.60602705571,263.957715672,234.768791053,17,17,0.8,0.7,0.3,1,2.34768791053,209.721296216,0.4,0.7,120.523633755,2,d9648e1f868b42ab
301,12000330,25,1,313.045189925,175,17,2.14764239625,188.121362956,227.448772305,17,17,0.8,0.7,0.3,1,2.27448772305,209.721296216,0.4,0.7,120.523633755,2,d9648e1f868b42ab
301,12000330,25,2,257.54368349,325,19,1.85751991301,194.56505493,189.45720542,19,19,0.7,0.9,0.4,1,1.8945720542,209.721296216,0.4,0.7,120.523633755,2,d9648e1f868b42ab
301,12000330,25,3,198.143841715,425,13,2.2487303417,258.837470362,236.204710796,13,13,0.6,0.8,0.2,1,2.36204710796,209.721296216,0.4,0.7,120.523633755,2,d9648e1f868b42ab
302,12000331,25,0,118.355979263,325,16,2.21791058682,279.094308669,259.282645873,16,16,0.7,0.5,0.2,1,2.59282645873,232.820898414,0.3,0.5,108.888017741,2.55555555556,48f719a36218cd4c
302,12000331,25,1,455.184761693,175,12,2.27249148001,251.958032037,226.771420121,12,12,0.8,0.7,0.3,1,2.26771420121,232.820898414,0.3,0.5,108.888017741,2.55555555556,48f719a36218cd4c
302,12000331,25,2,352.195558961,425,14,2.33148739868,315.973461001,255.955043818,14,14,0.2,0.4,0.1,1,2.55955043818,232.820898414,0.3,0.5,108.888017741,2.55555555556,48f719a36218cd4c
302,12000331,25,3,4.29327120096,75,10,2.82334797868,289.1377149,361.743488489,10,10,0.7,0.3,0.2,1,3.61743488489,232.820898414,0.3,0.5,108.888017741,2.55555555556,48f719a36218cd4c
303,12000332,25,0,360.448250672,75,17,2.8799819238,325.607091918,345.045113366,17,17,0.4,0.3,0.3,1,3.45045113366,267.310817238,0.4,0.8,143.261245195,1.5,221e7e339beff956
303,12000332,25,1,6.10932882665,325,12,2.02698514905,285.575230401,304.902047257,12,12,0.7,0.5,0.3,1,3.04902047257,267.310817238,0.4,0.8,143.261245195,1.5,221e7e339beff956
303,12000332,25,2,462.094396944,175,14,2.00048549603,354.982102182,356.428219529,14,14,0.3,0.4,0.1,1,3.56428219529,267.310817238,0.4,0.8,143.261245195,1.5,221e7e339beff956
303,12000332,25,3,26.8808594539,425,7,2.57370798921,284.030344129,317.198719392,7,7,0.5,0.3,0.1,1,3.17198719392,267.310817238,0.4,0.8,143.261245195,1.5,221e7e339beff956
304,12000333,25,0,14.3202883366,325,12,2.66921286747,307.122467415,269.220825483,12,12,0.4,0.4,0.3,1,2.69220825483,276.878813952,0.3,0.8,199.008919138,2.38888888889,9c4699f5ccf626fc
304,12000333,25,1,248.308170767,175,24,1.9952387474,161.581304313,206.969451787,24,24,1,0.7,0.3,1,2.06969451787,276.878813952,0.3,0.8,199.008919138,2.38888888889,9c4699f5ccf626fc
304,12000333,25,2,411.606311783,425,10,2.32496905339,310.615915491,214.94537141,10,10,0.3,0.7,0.3,1,2.1494537141,276.878813952,0.3,0.8,199.008919138,2.38888888889,9c4699f5ccf626fc
304,12000333,25,3,175.948705761,75,19,2.20544979026,210.823874457,295.126819232,19,19,0.9,0.5,0.3,1,2.95126819232,276.878813952,0.3,0.8,199.008919138,2.38888888889,9c4699f5ccf626fc
305,12000334,25,0,187.462861849,75,17,2.53781593676,218.601997119,281.127699756,17,17,0.9,0.6,0.1,1,2.81127699756,368.520793443,0.1,0.4,275.025692441,1.25,58ffb7cc3aa9f732
305,12000334,25,1,292.776256939,175,19,2.29333253034,190.437693198,215.116621859,19,19,0.9,0.8,0.1,1,2.15116621859,368.520793443,0.1,0.4,275.025692441,1.25,58ffb7cc3aa9f732
305,12000334,25,2,386.030073632,325,15,2.42810052746,258.979445303,226.994775093,15,15,0.7,0.8,0.1,1,2.26994775093,368.520793443,0.1,0.4,275.025692441,1.25,58ffb7cc3aa9f732
305,12000334,25,3,162.376160992,425,11,2.71736648025,273.657631737,319.874393391,11,11,0.5,0.2,0,1,3.19874393391,368.520793443,0.1,0.4,275.025692441,1.25,58ffb7cc3aa9f732
306,12000335,25,0,434.659925686,325,14,1.53097992546,241.620478378,308.719265395,14,14,0.5,0.5,0.2,1,3.08719265395,256.410706853,0.3,0.4,72.6337636521,2.83333333333,68e547be3493bfd3
306,12000335,25,1,339.455542578,75,18,2.57178755808,238.265394118,208.781278451,18,18,0.8,0.8,0.3,1,2.08781278451,256.410706853,0.3,0.4,72.6337636521,2.83333333333,68e547be3493bfd3
306,12000335,25,2,231.530029669,425,19,2.12544265757,294.470656036,280.29124909,19,19,0.6,0.8,0.2,1,2.8029124909,256.410706853,0.3,0.4,72.6337636521,2.83333333333,68e547be3493bfd3
306,12000335,25,3,11.0510668688,175,15,2.97742561387,331.598456198,262.651598306,15,15,0.5,0.8,0.2,1,2.62651598306,256.410706853,0.3,0.4,72.6337636521,2.83333333333,68e547be3493bfd3
307,12000336,25,0,106.29377572,75,17,2.7634734738,241.942043249,165.170424877,17,17,0.7,0.9,0.7,1,1.65170424877,179.175411241,0.7,1.7,166.404972046,1.46666666667,7633063b8dc89f61
307,12000336,25,1,447.698599796,175,11,2.3184640086,321.014622703,332.452583113,11,11,0.6,0.2,0.2,1,3.32452583113,179.175411241,0.7,1.7,166.404972046,1.46666666667,7633063b8dc89f61
307,12000336,25,2,431.702762843,325,10,1.96764050492,307.589783815,354.834448775,10,10,0.4,0.1,0.1,1,3.54834448775,179.175411241,0.7,1.7,166.404972046,1.46666666667,7633063b8dc89f61
307,12000336,25,3,67.5300098986,425,12,2.6436587426,284.328208369,272.296600921,12,12,0.6,0.6,0.2,1,2.72296600921,179.175411241,0.7,1.7,166.404972046,1.46666666667,7633063b8dc89f61
308,12000337,25,0,23.4408660213,75,10,2.2440116626,353.895092528,375.220991517,10,10,0.2,0.2,0,1,3.75220991517,213.731864785,0.5,1.5,222.550334712,1.93333333333,fda6433c6169daf3
308,12000337,25,1,130.748172922,175,20,2.84157467206,239.507586473,245.053235409,20,20,0.7,0.7,0.5,1,2.45053235409,213.731864785,0.5,1.5,222.550334712,1.93333333333,fda6433c6169daf3
308,12000337,25,2,304.180447692,325,22,1.6642963211,171.279447454,140.627680356,22,22,1,1,0.5,1,1.40627680356,213.731864785,0.5,1.5,222.550334712,1.93333333333,fda6433c6169daf3
308,12000337,25,3,498.510386311,425,10,2.75111063431,298.730228058,282.236846336,10,10,0.6,0.6,0.2,1,2.82236846336,213.731864785,0.5,1.5,222.550334712,1.93333333333,fda6433c6169daf3
309,12000338,25,0,26.6170161,75,5,1.66222123372,358.699723321,406.747587443,5,5,0.3,0.2,0,1,4.06747587443,275.578414908,0.2,0.4,173.937218998,3.75,5b79274a160f0ff6
309,12000338,25,1,342.020268362,325,19,1.7760156004,246.315691418,212.168889502,19,19,0.7,0.9,0.2,1,2.12168889502,275.578414908,0.2,0.4,173.937218998,3.75,5b79274a160f0ff6
309,12000338,25,2,8.38424900154,425,7,2.7406473885,426.448789513,437.337180466,7,7,0.2,0.2,0,1,4.37337180466,275.578414908,0.2,0.4,173.937218998,3.75,5b79274a160f0ff6
309,12000338,25,3,380.624156126,175,18,2.42560486952,193.488757746,187.737187112,18,18,0.7,0.8,0.2,1,1.87737187112,275.578414908,0.2,0.4,173.937218998,3.75,5b79274a160f0ff6
310,12000339,25,0,428.688980742,325,15,2.52021149848,277.724837263,249.608419331,15,15,0.5,0.7,0,1,2.49608419331,329.071096415,0.1,0.3,196.874648457,1.33333333333,323c68ebc5854198
310,12000339,25,1,409.973709424,175,16,1.50841576803,287.212743402,244.969053695,16,16,0.6,0.7,0,1,2.44969053695,329.071096415,0.1,0.3,196.874648457,1.33333333333,323c68ebc5854198
310,12000339,25,2,59.2632268458,75,11,2.99150858575,306.995973938,321.774872791,11,11,0.4,0.4,0.1,1,3.21774872791,329.071096415,0.1,0.3,196.874648457,1.33333333333,323c68ebc5854198
310,12000339,25,3,68.3758126569,425,12,2.9153737004,266.783798573,253.05764167,12,12,0.6,0.5,0.1,1,2.5305764167,329.071096415,0.1,0.3,196.874648457,1.33333333333,323c68ebc5854198
311,12000340,25,0,188.672033262,175,18,2.46486224743,220.160488103,197.992985279,18,18,0.7,0.8,0.1,1,1.97992985279,278.163270778,0.1,0.3,228.869702721,1.33333333333,93f9cb6ab6557a82
311,12000340,25,1,40.7682307758,425,7,2.01423494226,318.000133338,342.661744064,7,7,0.4,0.3,0,1,3.42661744064,278.163270778,0.1,0.3,228.869702721,1.33333333333,93f9cb6ab6557a82
311,12000340,25,2,239.253613418,75,16,2.00501182064,256.026979078,221.10315479,16,16,0.5,0.7,0.1,1,2.2110315479,278.163270778,0.1,0.3,228.869702721,1.33333333333,93f9cb6ab6557a82
311,12000340,25,3,208.202840716,325,19,1.75809788888,223.891046454,212.766498294,19,19,0.8,0.8,0.1,1,2.12766498294,278.163270778,0.1,0.3,228.869702721,1.33333333333,93f9cb6ab6557a82
312,12000341,25,0,260.042490034,75,19,1.85332289362,208.674946014,222.780962247,19,19,0.9,0.8,0.3,1,2.22780962247,275.594729243,0.3,0.6,142.444587305,2,3c9c2178c6bc7e8e
312,12000341,25,1,216.552621902,175,23,1.81048394203,192.952946668,152.937856514,23,23,0.9,0.9,0.3,1,1.52937856514,275.594729243,0.3,0.6,142.444587305,2,3c9c2178c6bc7e8e
312,12000341,25,2,462.376966029,425,7,2.13967388128,343.226994923,350.904992954,7,7,0.2,0.3,0,1,3.50904992954,275.594729243,0.3,0.6,142.444587305,2,3c9c2178c6bc7e8e
312,12000341,25,3,286.590103713,325,20,2.14282448938,238.94402815,194.001845293,20,20,0.8,0.9,0.3,1,1.94001845293,275.594729243,0.3,0.6,142.444587305,2,3c9c2178c6bc7e8e
313,12000342,25,0,73.9797846902,425,11,1.6176426136,320.714735979,323.761350602,11,11,0.3,0.3,0,1,3.23761350602,275.58398917,0.4,1.1,223.307058055,1.9,729ff84aeff7cab4
313,12000342,25,1,393.874484366,75,15,2.8208093939,197.205188122,250.765253092,15,15,0.8,0.6,0.4,1,2.50765253092,275.58398917,0.4,1.1,223.307058055,1.9,729ff84aeff7cab4
313,12000342,25,2,36.4986050489,325,14,1.74811314596,293.709109134,273.930325308,14,14,0.3,0.6,0.1,1,2.73930325308,275.58398917,0.4,1.1,223.307058055,1.9,729ff84aeff7cab4
313,12000342,25,3,316.299221978,175,20,2.32584446784,134.308526855,193.767943548,20,20,0.9,0.9,0.4,1,1.93767943548,275.58398917,0.4,1.1,223.307058055,1.9,729ff84aeff7cab4
314,12000343,25,0,326.367850294,425,16,1.77816121675,322.18762535,211.447333742,16,16,0.3,0.9,0.1,1,2.11447333742,340.977978426,0.1,0.2,158.194360246,2,bbb0392aa9235289
314,12000343,25,1,294.170708007,75,18,1.68224309556,195.588639229,278.291003102,18,18,0.9,0.6,0,1,2.78291003102,340.977978426,0.1,0.2,158.194360246,2,bbb0392aa9235289
314,12000343,25,2,266.821489827,175,22,2.06538205171,192.546506863,216.193313244,22,22,1,0.8,0.1,1,2.16193313244,340.977978426,0.1,0.2,158.194360246,2,bbb0392aa9235289
314,12000343,25,3,121.080179705,325,19,2.41170455422,253.331661906,249.072333779,19,19,0.6,0.6,0.1,1,2.49072333779,340.977978426,0.1,0.2,158.194360246,2,bbb0392aa9235289
315,12000344,25,0,418.568116212,175,22,2.42512920844,258.049416096,199.204516943,22,22,0.8,0.9,0.5,1,1.99204516943,204.193130964,0.6,1.2,146.154177908,1.91666666667,83b8a609e8912f7f
315,12000344,25,1,46.4477377511,75,10,2.14037025992,305.585124035,302.930073071,10,10,0.4,0.6,0.4,1,3.02930073071,204.193130964,0.6,1.2,146.154177908,1.91666666667,83b8a609e8912f7f
315,12000344,25,2,377.369832821,325,21,1.86553425612,214.287114996,199.765653887,21,21,0.9,0.9,0.5,1,1.99765653887,204.193130964,0.6,1.2,146.154177908,1.91666666667,83b8a609e8912f7f
315,12000344,25,3,188.40858791,425,15,2.33515372951,200.01649747,245.917428401,15,15,0.8,0.7,0.5,1,2.45917428401,204.193130964,0.6,1.2,146.154177908,1.91666666667,83b8a609e8912f7f
316,12000345,25,0,147.938641187,325,17,2.19082863526,243.893320184,247.24713422,17,17,0.7,0.5,0.3,1,2.4724713422,246.979368395,0.6,2.3,286.446546241,1.42261904762,2ba39d6a4e6e95c6
316,12000345,25,1,261.354633972,175,21,1.74515545794,186.933458933,216.05300342,21,21,0.9,0.8,0.6,1,2.1605300342,246.979368395,0.6,2.3,286.446546241,1.42261904762,2ba39d6a4e6e95c6
316,12000345,25,2,19.7700718007,75,12,2.35182363288,322.995113306,290.022356501,12,12,0.4,0.7,0.3,1,2.90022356501,246.979368395,0.6,2.3,286.446546241,1.42261904762,2ba39d6a4e6e95c6
316,12000345,25,3,476.021050321,425,7,2.70035923351,385.694341914,419.972470509,7,7,0.1,0.2,0,1,4.19972470509,246.979368395,0.6,2.3,286.446546241,1.42261904762,2ba39d6a4e6e95c6
317,12000346,25,0,56.7627451699,75,10,1.66072356408,268.2441163,238.850923543,10,10,0.6,0.6,0,1,2.38850923543,312.403947355,0.1,0.6,477.435816235,1,5d3ba218c3381578
317,12000346,25,1,350.999616337,425,14,1.88563727006,310.860539546,299.29176789,14,14,0.5,0.4,0.1,1,2.9929176789,312.403947355,0.1,0.6,477.435816235,1,5d3ba218c3381578
317,12000346,25,2,30.3276081581,325,15,2.05537040835,242.64649696,288.759933478,15,15,0.8,0.6,0.1,1,2.88759933478,312.403947355,0.1,0.6,477.435816235,1,5d3ba218c3381578
317,12000346,25,3,490.96392763,175,12,1.88016586717,348.278437269,309.930316183,12,12,0.3,0.4,0,1,3.09930316183,312.403947355,0.1,0.6,477.435816235,1,5d3ba218c3381578
318,12000347,25,0,4.49960908644,325,14,1.97300667355,311.721297806,374.692078166,14,14,0.7,0.3,0,1,3.74692078166,220.902232386,0.2,0.4,135.354650636,2,b923395b65d2ed63
318,12000347,25,1,486.230693695,175,14,1.99221821747,280.382658367,224.418898275,14,14,0.5,0.6,0.2,1,2.24418898275,220.902232386,0.2,0.4,135.354650636,2,b923395b65d2ed63
318,12000347,25,2,485.817427284,75,10,2.36044533149,328.254915368,256.181509417,10,10,0.4,0.5,0.2,1,2.56181509417,220.902232386,0.2,0.4,135.354650636,2,b923395b65d2ed63
318,12000347,25,3,115.727437193,425,13,2.77930610686,260.816283431,333.97763434,13,13,0.5,0.2,0.1,1,3.3397763434,220.902232386,0.2,0.4,135.354650636,2,b923395b65d2ed63
319,12000348,25,0,169.07720193,75,15,2.46183802684,259.991706513,252.636863713,15,15,0.7,0.4,0.1,1,2.52636863713,349.224320531,0.1,0.3,250.94302199,1,ccabac8a6a63b475
319,12000348,25,1,194.857314065,425,15,2.46659598953,268.865603072,220.499938789,15,15,0.6,0.8,0.1,1,2.20499938789,349.224320531,0.1,0.3,250.94302199,1,ccabac8a6a63b475
319,12000348,25,2,270.3721499,175,21,2.23851150971,204.516765106,232.717815261,21,21,0.9,0.9,0.1,1,2.32717815261,349.224320531,0.1,0.3,250.94302199,1,ccabac8a6a63b475
319,12000348,25,3,337.556262869,325,18,1.80873174172,228.970409241,253.612080648,18,18,0.8,0.8,0.1,1,2.53612080648,349.224320531,0.1,0.3,250.94302199,1,ccabac8a6a63b475
320,12000349,25,0,451.562825421,325,12,2.23216326025,312.208721559,276.433393321,12,12,0.4,0.4,0.1,1,2.76433393321,315.591502305,0.8,3.6,384.81152881,1.2875,72057a15794484bb
320,12000349,25,1,295.399461968,75,18,2.05374667147,251.283917809,224.897777136,18,18,0.6,0.9,0.4,1,2.24897777136,315.591502305,0.8,3.6,384.81152881,1.2875,72057a15794484bb
320,12000349,25,2,133.62701621,425,17,2.01774191993,234.592762096,259.07551457,17,17,0.5,0.6,0.5,1,2.5907551457,315.591502305,0.8,3.6,384.81152881,1.2875,72057a15794484bb
320,12000349,25,3,8.36419223487,175,15,1.55062541447,300.373308538,259.132344734,15,15,0.6,0.7,0.5,1,2.59132344734,315.591502305,0.8,3.6,384.81152881,1.2875,72057a15794484bb
321,12000350,25,0,336.104344965,175,23,2.44139029572,128.841653267,187.530560699,23,23,0.9,0.9,0.8,1,1.87530560699,226.645206094,0.8,4.2,398.11197423,1.51319444444,256d1843f8accf09
321,12000350,25,1,295.472131917,425,14,1.90116736158,266.606289561,292.890336098,14,14,0.7,0.4,0.3,1,2.92890336098,226.645206094,0.8,4.2,398.11197423,1.51319444444,256d1843f8accf09
321,12000350,25,2,17.2658311453,75,10,2.1393029262,356.129408916,251.044526842,10,10,0.2,0.6,0,1,2.51044526842,226.645206094,0.8,4.2,398.11197423,1.51319444444,256d1843f8accf09
321,12000350,25,3,81.664889181,325,14,2.8851457622,305.039882557,240.616219702,14,14,0.3,0.7,0.4,1,2.40616219702,226.645206094,0.8,4.2,398.11197423,1.51319444444,256d1843f8accf09
322,12000351,25,0,186.892916027,75,13,2.63334758111,318.22235803,321.20932554,13,13,0.3,0.3,0.1,1,3.2120932554,196.033830824,0.5,1.2,188.186174183,1.34,8912b4a39994c94e
322,12000351,25,1,137.95824521,325,19,2.98266281544,217.634638247,188.445752108,19,19,0.8,0.9,0.5,1,1.88445752108,196.033830824,0.5,1.2,188.186174183,1.34,8912b4a39994c94e
322,12000351,25,2,486.651287797,425,11,2.07886282719,276.84051516,273.439116456,11,11,0.5,0.6,0.5,1,2.73439116456,196.033830824,0.5,1.2,188.186174183,1.34,8912b4a39994c94e
322,12000351,25,3,291.45219425,175,21,1.5361130472,264.178217378,238.5059545,21,21,0.8,0.7,0.5,1,2.385059545,196.033830824,0.5,1.2,188.186174183,1.34,8912b4a39994c94e
323,12000352,25,0,439.607196098,325,15,2.2541954719,240.425603482,255.622152358,15,15,0.6,0.6,0.2,1,2.55622152358,340.827927428,0.2,0.4,150.137714982,2,6f68dfd329684835
323,12000352,25,1,217.281258795,425,15,2.16632093849,257.450449391,247.860043555,15,15,0.6,0.7,0.2,1,2.47860043555,340.827927428,0.2,0.4,150.137714982,2,6f68dfd329684835
323,12000352,25,2,260.783757458,75,18,1.77205252958,297.454253153,282.536394614,18,18,0.4,0.7,0.1,1,2.82536394614,340.827927428,0.2,0.4,150.137714982,2,6f68dfd329684835
323,12000352,25,3,467.261614533,175,16,2.45201432244,300.312548544,292.329903898,16,16,0.7,0.6,0.1,1,2.92329903898,340.827927428,0.2,0.4,150.137714982,2,6f68dfd329684835
324,12000353,25,0,150.239060445,325,18,2.74892141756,270.318240222,245.966912388,18,18,0.5,0.6,0.3,1,2.45966912388,335.503397669,0.3,0.8,223.294892835,1.94444444444,d9d0f831d50ca9bf
324,12000353,25,1,120.677087188,175,18,2.18091911696,279.665470149,318.781780572,18,18,0.6,0.5,0.1,1,3.18781780572,335.503397669,0.3,0.8,223.294892835,1.94444444444,d9d0f831d50ca9bf
324,12000353,25,2,329.236320218,75,13,2.08775011593,303.469637774,338.352854866,13,13,0.5,0.2,0,1,3.38352854866,335.503397669,0.3,0.8,223.294892835,1.94444444444,d9d0f831d50ca9bf
324,12000353,25,3,321.511321536,425,15,1.52378297563,256.273975038,157.77073223,15,15,0.6,0.8,0.2,1,1.5777073223,335.503397669,0.3,0.8,223.294892835,1.94444444444,d9d0f831d50ca9bf
325,12000354,25,0,28.3888594921,175,17,2.46919941018,223.631188498,209.935853507,17,17,0.7,0.9,0.7,1,2.09935853507,242.852646715,0.8,2.7,271.533895397,1.46041666667,59d43f26a780b692
325,12000354,25,1,219.672581502,425,17,2.03894782793,208.694304211,244.537068764,17,17,0.8,0.7,0.5,1,2.44537068764,242.852646715,0.8,2.7,271.533895397,1.46041666667,59d43f26a780b692
325,12000354,25,2,310.592979626,75,18,1.77947421503,281.75156146,224.26245299,18,18,0.7,0.7,0.7,1,2.2426245299,242.852646715,0.8,2.7,271.533895397,1.46041666667,59d43f26a780b692
325,12000354,25,3,437.400046549,325,14,2.23576918726,276.17534446,322.956651511,14,14,0.6,0.3,0.2,1,3.22956651511,242.852646715,0.8,2.7,271.533895397,1.46041666667,59d43f26a780b692
326,12000355,25,0,473.383048528,325,14,1.66425473519,290.54434461,288.088725807,14,14,0.4,0.5,0,1,2.88088725807,328.461145917,0,0,nan,nan,44a6f825755cf836
326,12000355,25,1,95.2184980141,175,13,2.57750846926,287.783382739,284.784506013,13,13,0.5,0.6,0,1,2.84784506013,328.461145917,0,0,nan,nan,44a6f825755cf836
326,12000355,25,2,140.447087404,425,12,2.52908218168,281.198188401,331.521775734,12,12,0.6,0.4,0,1,3.31521775734,328.461145917,0,0,nan,nan,44a6f825755cf836
326,12000355,25,3,326.318574948,75,17,1.91509742372,255.490510828,204.389816768,17,17,0.6,0.7,0,1,2.04389816768,328.461145917,0,0,nan,nan,44a6f825755cf836
327,12000356,25,0,254.804354664,175,21,1.60768903457,219.558129213,225.417079978,21,21,0.8,0.8,0.1,1,2.25417079978,298.174217469,0.1,0.1,79.951747541,2,37591a98f9333d80
327,12000356,25,1,280.085605753,425,12,1.63733936476,242.320727599,298.747648803,12,12,0.6,0.4,0,1,2.98747648803,298.174217469,0.1,0.1,79.951747541,2,37591a98f9333d80
327,12000356,25,2,42.2094641501,325,12,2.55730911191,278.057594152,234.854735551,12,12,0.6,0.7,0,1,2.34854735551,298.174217469,0.1,0.1,79.951747541,2,37591a98f9333d80
327,12000356,25,3,388.222194458,75,12,2.41160342061,285.443663764,316.662186472,12,12,0.3,0.3,0.1,1,3.16662186472,298.174217469,0.1,0.1,79.951747541,2,37591a98f9333d80
328,12000357,25,0,60.4704394021,175,21,2.06291689125,203.962206148,206.705397556,21,21,0.8,0.8,0.6,1,2.06705397556,228.791124394,0.7,2.2,254.312244916,2.48571428571,9b3608ed908ab4f
328,12000357,25,1,286.801585282,325,20,2.29636103448,196.799306995,200.241585708,20,20,0.8,0.7,0.7,1,2.00241585708,228.791124394,0.7,2.2,254.312244916,2.48571428571,9b3608ed908ab4f
328,12000357,25,2,422.853469223,75,9,2.83604992313,350.530568346,311.013779847,9,9,0.2,0.4,0.1,1,3.11013779847,228.791124394,0.7,2.2,254.312244916,2.48571428571,9b3608ed908ab4f
328,12000357,25,3,110.787998741,425,16,2.17943413258,199.401908531,260.567007699,16,16,0.8,0.7,0.4,1,2.60567007699,228.791124394,0.7,2.2,254.312244916,2.48571428571,9b3608ed908ab4f
329,12000358,25,0,141.022829702,75,13,2.83071105215,196.398389486,198.608333543,13,13,0.7,0.8,0.4,1,1.98608333543,244.963468057,0.5,1.6,235.293717919,2.2,c6947433d7945e64
329,12000358,25,1,379.518610329,175,23,1.8694048754,205.483955562,209.386242853,23,23,1,0.9,0.5,1,2.09386242853,244.963468057,0.5,1.6,235.293717919,2.2,c6947433d7945e64
329,12000358,25,2,98.306185588,325,16,1.90542380377,227.830942628,246.370497678,16,16,0.9,0.7,0.3,1,2.46370497678,244.963468057,0.5,1.6,235.293717919,2.2,c6947433d7945e64
329,12000358,25,3,278.297798038,425,14,1.84326094729,240.709777385,281.707485847,14,14,0.6,0.4,0.3,1,2.81707485847,244.963468057,0.5,1.6,235.293717919,2.2,c6947433d7945e64
330,12000359,25,0,495.585577738,175,14,2.3003557604,292.398990483,314.271008184,14,14,0.5,0.4,0,1,3.14271008184,279.865739279,0.1,0.1,77.6861876456,1,7408babcfc804dc2
330,12000359,25,1,12.552438311,425,11,2.45386837692,349.615065466,327.26481986,11,11,0.4,0.4,0.1,1,3.2726481986,279.865739279,0.1,0.1,77.6861876456,1,7408babcfc804dc2
330,12000359,25,2,57.0607887754,75,11,2.21194641615,301.486144916,315.882945835,11,11,0.4,0.3,0.1,1,3.15882945835,279.865739279,0.1,0.1,77.6861876456,1,7408babcfc804dc2
330,12000359,25,3,495.323560629,325,10,1.9548683368,336.409307883,351.655393731,10,10,0.3,0.4,0,1,3.51655393731,279.865739279,0.1,0.1,77.6861876456,1,7408babcfc804dc2
331,12000360,25,0,413.248943981,75,11,2.07572733234,262.523939956,268.624332959,11,11,0.5,0.5,0,1,2.68624332959,262.588331183,0,0,nan,nan,c7656ced36a002ca
331,12000360,25,1,421.304715344,175,16,2.48178647297,242.174658415,238.161219549,16,16,0.6,0.6,0,1,2.38161219549,262.588331183,0,0,nan,nan,c7656ced36a002ca
331,12000360,25,2,177.929696311,325,21,2.66041657875,188.776670236,186.320771659,21,21,0.9,0.8,0,1,1.86320771659,262.588331183,0,0,nan,nan,c7656ced36a002ca
331,12000360,25,3,22.382922664,425,12,2.49192820272,285.932735097,331.061746723,12,12,0.6,0.5,0,1,3.31061746723,262.588331183,0,0,nan,nan,c7656ced36a002ca
332,12000361,25,0,132.625369812,325,17,2.65156014234,257.416799276,220.019512124,17,17,0.6,0.5,0,1,2.20019512124,272.407269594,0.2,0.2,33.2959379677,1.5,f317732656718e69
332,12000361,25,1,372.452696667,75,12,2.47945449834,283.499103926,343.603839463,12,12,0.6,0.2,0.2,1,3.43603839463,272.407269594,0.2,0.2,33.2959379677,1.5,f317732656718e69
332,12000361,25,2,307.893199736,175,21,2.5082345563,215.999400763,263.731679052,21,21,0.8,0.9,0.2,1,2.63731679052,272.407269594,0.2,0.2,33.2959379677,1.5,f317732656718e69
332,12000361,25,3,261.54633251,425,16,1.71744089786,251.006129662,227.88160241,16,16,0.8,0.8,0.1,1,2.2788160241,272.407269594,0.2,0.2,33.2959379677,1.5,f317732656718e69
333,12000362,25,0,94.622219809,425,14,2.81335118821,278.622863734,234.401722973,14,14,0.4,0.7,0,1,2.34401722973,302.201413191,0,0,nan,nan,bca0d76038695e45
333,12000362,25,1,15.7577911197,325,14,2.38107614123,319.5127288,219.105275885,14,14,0.5,0.9,0,1,2.19105275885,302.201413191,0,0,nan,nan,bca0d76038695e45
333,12000362,25,2,363.960001472,175,18,2.77880818396,233.66607782,278.590016607,18,18,0.9,0.7,0,1,2.78590016607,302.201413191,0,0,nan,nan,bca0d76038695e45
333,12000362,25,3,485.901101453,75,4,2.69943347207,353.672924842,409.902705125,4,4,0.1,0,0,1,4.09902705125,302.201413191,0,0,nan,nan,bca0d76038695e45
334,12000363,25,0,140.835795564,325,20,1.84547676177,167.504411151,213.121556727,20,20,0.9,0.7,0.5,1,2.13121556727,198.385201366,0.5,1.1,180.624195969,2.15,6cd8aa0c91c78593
334,12000363,25,1,329.807338183,425,18,2.30800957745,187.271537451,218.456753305,18,18,0.9,0.9,0.5,1,2.18456753305,198.385201366,0.5,1.1,180.624195969,2.15,6cd8aa0c91c78593
334,12000363,25,2,193.529922548,75,19,1.50614325158,308.489414799,269.764797701,19,19,0.4,0.7,0.3,1,2.69764797701,198.385201366,0.5,1.1,180.624195969,2.15,6cd8aa0c91c78593
334,12000363,25,3,437.824495351,175,15,2.68432682795,299.91111132,219.192586248,15,15,0.5,0.8,0.4,1,2.19192586248,198.385201366,0.5,1.1,180.624195969,2.15,6cd8aa0c91c78593
335,12000364,25,0,166.542276309,325,14,2.24563595293,306.893939397,253.877111625,14,14,0.4,0.8,0.1,1,2.53877111625,325.190498547,0.2,0.4,127.987055731,1.66666666667,ec41c8a18529a184
335,12000364,25,1,32.8946458892,175,9,2.10053352168,370.098592625,255.624705135,9,9,0.2,0.5,0,1,2.55624705135,325.190498547,0.2,0.4,127.987055731,1.66666666667,ec41c8a18529a184
335,12000364,25,2,425.319382153,75,15,1.72779167955,241.041001822,318.246795816,15,15,0.7,0.4,0.2,1,3.18246795816,325.190498547,0.2,0.4,127.987055731,1.66666666667,ec41c8a18529a184
335,12000364,25,3,485.445575931,425,13,2.10998500961,254.161127139,366.609221408,13,13,0.6,0.4,0.2,1,3.66609221408,325.190498547,0.2,0.4,127.987055731,1.66666666667,ec41c8a18529a184
336,12000365,25,0,97.1379663921,75,10,2.55557563698,230.598749282,314.317735329,10,10,0.6,0.2,0,1,3.14317735329,288.437963006,0,0,nan,nan,1a83bc9cadac45f8
336,12000365,25,1,480.692605614,425,12,1.5576976622,363.946881955,341.441777318,12,12,0.3,0.3,0,1,3.41441777318,288.437963006,0,0,nan,nan,1a83bc9cadac45f8
336,12000365,25,2,97.6035305859,325,16,2.09439037471,234.99819,176.195977729,16,16,0.6,0.9,0,1,1.76195977729,288.437963006,0,0,nan,nan,1a83bc9cadac45f8
336,12000365,25,3,219.362801833,175,22,1.64827729412,183.779943103,222.286492128,22,22,0.9,1,0,1,2.22286492128,288.437963006,0,0,nan,nan,1a83bc9cadac45f8
337,12000366,25,0,458.239230717,425,12,2.45994173059,362.783347891,309.943142335,12,12,0.4,0.5,0.1,1,3.09943142335,281.098228051,0.1,0.2,115.29576404,1,45c31b5e538ae4e
337,12000366,25,1,57.0108017482,325,14,1.66999053514,303.266158275,290.420941688,14,14,0.3,0.5,0.1,1,2.90420941688,281.098228051,0.1,0.2,115.29576404,1,45c31b5e538ae4e
337,12000366,25,2,265.539998505,75,15,1.75763618349,225.776045808,214.087054453,15,15,0.7,0.7,0,1,2.14087054453,281.098228051,0.1,0.2,115.29576404,1,45c31b5e538ae4e
337,12000366,25,3,127.050539371,175,18,2.88284346679,237.303902332,222.613376306,18,18,0.6,0.7,0,1,2.22613376306,281.098228051,0.1,0.2,115.29576404,1,45c31b5e538ae4e
338,12000367,25,0,110.989666714,425,16,1.76976616032,272.193034854,222.822255744,16,16,0.6,0.7,0.1,1,2.22822255744,304.785810074,0.2,0.4,156.676388044,1.16666666667,93548d2e2383692f
338,12000367,25,1,5.554100852,75,8,1.94190944111,363.333414505,318.567241356,8,8,0.2,0.5,0,1,3.18567241356,304.785810074,0.2,0.4,156.676388044,1.16666666667,93548d2e2383692f
338,12000367,25,2,443.020488524,325,14,2.07798502203,265.511341702,299.254835743,14,14,0.6,0.4,0.1,1,2.99254835743,304.785810074,0.2,0.4,156.676388044,1.16666666667,93548d2e2383692f
338,12000367,25,3,474.641805477,175,12,2.0269683428,280.341483179,348.590334388,12,12,0.5,0.2,0.1,1,3.48590334388,304.785810074,0.2,0.4,156.676388044,1.16666666667,93548d2e2383692f
339,12000368,25,0,29.0396900057,425,12,2.65638667285,373.559864554,399.176733522,12,12,0.3,0.3,0.2,1,3.99176733522,214.496260071,0.2,0.6,224.592635748,1.2,ddc1877add2f9ada
339,12000368,25,1,77.5443142428,325,14,1.61994891342,297.946047172,328.433432015,14,14,0.3,0.4,0.2,1,3.28433432015,214.496260071,0.2,0.6,224.592635748,1.2,ddc1877add2f9ada
339,12000368,25,2,401.448613039,175,18,2.2690223831,186.951383873,163.393457114,18,18,1,1,0.2,1,1.63393457114,214.496260071,0.2,0.6,224.592635748,1.2,ddc1877add2f9ada
339,12000368,25,3,442.33432383,75,11,2.59283035677,249.536843864,226.779505482,11,11,0.5,0.7,0.1,1,2.26779505482,214.496260071,0.2,0.6,224.592635748,1.2,ddc1877add2f9ada
340,12000369,25,0,41.0571411628,425,12,1.64763381334,259.369861891,274.625109442,12,12,0.6,0.5,0.4,1,2.74625109442,208.774780581,0.5,1.2,186.205758391,1.52666666667,f271b483f1183b07
340,12000369,25,1,61.9589526876,75,12,1.78319142805,311.136446545,222.761997092,12,12,0.4,0.8,0.3,1,2.22761997092,208.774780581,0.5,1.2,186.205758391,1.52666666667,f271b483f1183b07
340,12000369,25,2,438.560995215,325,14,2.92211332882,256.997913234,317.088390106,14,14,0.7,0.4,0.1,1,3.17088390106,208.774780581,0.5,1.2,186.205758391,1.52666666667,f271b483f1183b07
340,12000369,25,3,292.650450598,175,22,1.90015344668,205.022614232,191.602257309,22,22,0.9,0.9,0.3,1,1.91602257309,208.774780581,0.5,1.2,186.205758391,1.52666666667,f271b483f1183b07
341,12000370,25,0,352.16819226,425,16,2.38695434722,312.85500744,292.827320622,16,16,0.4,0.5,0,1,2.92827320622,266.292739382,0.1,0.1,36.2886603559,2,a1780541438f920
341,12000370,25,1,165.365582475,175,20,2.56347505391,214.209090963,245.040523795,20,20,1,0.8,0.1,1,2.45040523795,266.292739382,0.1,0.1,36.2886603559,2,a1780541438f920
341,12000370,25,2,163.792660436,75,13,2.2417373617,217.877262039,272.362737968,13,13,0.6,0.5,0,1,2.72362737968,266.292739382,0.1,0.1,36.2886603559,2,a1780541438f920
341,12000370,25,3,466.127313642,325,13,2.80760284054,340.551238437,310.644137368,13,13,0.5,0.3,0,1,3.10644137368,266.292739382,0.1,0.1,36.2886603559,2,a1780541438f920
342,12000371,25,0,27.9695208433,175,11,1.86447904896,293.296482524,276.14698632,11,11,0.4,0.4,0.1,1,2.7614698632,336.271891784,0.1,0.1,11.1182030856,1,3c87e702a9cc9565
342,12000371,25,1,98.237104319,325,14,2.38167815325,271.643889107,200.252745641,14,14,0.3,0.6,0.1,1,2.00252745641,336.271891784,0.1,0.1,11.1182030856,1,3c87e702a9cc9565
342,12000371,25,2,386.034175346,75,17,1.54227631634,260.628312822,251.677283732,17,17,0.5,0.5,0.1,1,2.51677283732,336.271891784,0.1,0.1,11.1182030856,1,3c87e702a9cc9565
342,12000371,25,3,353.757236398,425,13,1.75157240147,297.517378232,262.093276822,13,13,0.4,0.6,0.1,1,2.62093276822,336.271891784,0.1,0.1,11.1182030856,1,3c87e702a9cc9565
343,12000372,25,0,241.194436848,325,21,1.69751557218,159.030101853,194.851172613,21,21,0.9,0.7,0.6,1,1.94851172613,238.293285412,0.6,1.7,210.745682195,1.86666666667,931d7060432b8b4a
343,12000372,25,1,413.925201818,175,17,2.48359023133,210.18133058,252.380723418,17,17,0.8,0.6,0.6,1,2.52380723418,238.293285412,0.6,1.7,210.745682195,1.86666666667,931d7060432b8b4a
343,12000372,25,2,296.36709414,75,21,1.98828736726,174.978876919,209.064308002,21,21,0.8,0.8,0.4,1,2.09064308002,238.293285412,0.6,1.7,210.745682195,1.86666666667,931d7060432b8b4a
343,12000372,25,3,166.602311813,425,16,2.45352009088,242.013722897,262.682370519,16,16,0.7,0.6,0.5,1,2.62682370519,238.293285412,0.6,1.7,210.745682195,1.86666666667,931d7060432b8b4a
344,12000373,25,0,111.602610147,175,19,1.6286865314,164.363002902,268.257242985,19,19,0.8,0.5,0.7,1,2.68257242985,246.481108969,0.7,2.3,252.429502917,1.65238095238,e8ce03c21db9295
344,12000373,25,1,425.993010276,325,13,1.74389874035,279.346756958,235.092727292,13,13,0.5,0.5,0.3,1,2.35092727292,246.481108969,0.7,2.3,252.429502917,1.65238095238,e8ce03c21db9295
344,12000373,25,2,453.485436687,425,8,1.59471849531,342.236122907,266.264949321,8,8,0.4,0.4,0.3,1,2.66264949321,246.481108969,0.7,2.3,252.429502917,1.65238095238,e8ce03c21db9295
344,12000373,25,3,147.885104262,75,14,2.27776524966,204.468811776,327.074095061,14,14,0.7,0.2,0.6,1,3.27074095061,246.481108969,0.7,2.3,252.429502917,1.65238095238,e8ce03c21db9295
345,12000374,25,0,220.362685702,325,21,1.52649922164,220.10995116,175.80982379,21,21,0.8,0.9,0.2,1,1.7580982379,221.548048036,0.3,0.5,136.70995189,1.11111111111,ec2666f1ed675617
345,12000374,25,1,480.87794027,75,13,2.98241857775,329.178722746,315.783390216,13,13,0.4,0.5,0,1,3.15783390216,221.548048036,0.3,0.5,136.70995189,1.11111111111,ec2666f1ed675617
345,12000374,25,2,149.68114951,175,20,2.15308329696,164.517363636,208.152050505,20,20,1,0.9,0.3,1,2.08152050505,221.548048036,0.3,0.5,136.70995189,1.11111111111,ec2666f1ed675617
345,12000374,25,3,417.810976063,425,13,2.72853780228,372.483948864,261.858310951,13,13,0.3,0.5,0.1,1,2.61858310951,221.548048036,0.3,0.5,136.70995189,1.11111111111,ec2666f1ed675617
346,12000375,25,0,193.042965808,175,23,2.23391875594,165.336632373,174.372766763,23,23,0.9,1,0.2,1,1.74372766763,229.363824561,0.2,0.3,126.941015095,2,486d66c846377cd2
346,12000375,25,1,451.403352146,325,11,1.70095784842,288.178185254,382.007480266,11,11,0.5,0.2,0,1,3.82007480266,229.363824561,0.2,0.3,126.941015095,2,486d66c846377cd2
346,12000375,25,2,20.4282063547,425,9,1.95173201808,375.235209386,382.192906201,9,9,0.1,0.3,0,1,3.82192906201,229.363824561,0.2,0.3,126.941015095,2,486d66c846377cd2
346,12000375,25,3,410.132137289,75,12,2.92836357211,246.456536055,261.453412514,12,12,0.7,0.5,0.2,1,2.61453412514,229.363824561,0.2,0.3,126.941015095,2,486d66c846377cd2
347,12000376,25,0,367.790183733,325,21,2.71528421661,208.93973309,210.669518974,21,21,0.9,1,0.2,1,2.10669518974,285.231807251,0.2,0.6,195.122714253,1.5,3024b0399fccd363
347,12000376,25,1,189.43546076,425,18,2.54322465287,247.506433108,302.065798283,18,18,0.7,0.6,0.2,1,3.02065798283,285.231807251,0.2,0.6,195.122714253,1.5,3024b0399fccd363
347,12000376,25,2,63.4570315912,75,12,2.99381057337,336.891432632,422.506768652,12,12,0.5,0.1,0.1,1,4.22506768652,285.231807251,0.2,0.6,195.122714253,1.5,3024b0399fccd363
347,12000376,25,3,352.285201158,175,19,2.44625440971,225.819239465,221.275019168,19,19,0.8,0.8,0.2,1,2.21275019168,285.231807251,0.2,0.6,195.122714253,1.5,3024b0399fccd363
348,12000377,25,0,15.1448661945,75,11,2.80097424884,278.563183348,315.039753196,11,11,0.4,0.3,0.4,1,3.15039753196,232.011239863,0.5,1,143.616124012,1.5,74047bfcb3ced544
348,12000377,25,1,380.35142036,175,19,2.79305028462,193.053954438,190.170438515,19,19,0.9,0.7,0.5,1,1.90170438515,232.011239863,0.5,1,143.616124012,1.5,74047bfcb3ced544
348,12000377,25,2,353.013802591,425,12,1.78325395787,321.801214482,276.238370374,12,12,0.3,0.6,0.3,1,2.76238370374,232.011239863,0.5,1,143.616124012,1.5,74047bfcb3ced544
348,12000377,25,3,137.441192536,325,16,2.23501363324,265.779643335,223.908985692,16,16,0.8,0.8,0.5,1,2.23908985692,232.011239863,0.5,1,143.616124012,1.5,74047bfcb3ced544
349,12000378,25,0,25.8804803297,75,13,2.95412994255,273.020494277,209.281317697,13,13,0.5,0.9,0.4,1,2.09281317697,238.399796962,0.5,1,159.248174234,2.2,12d49ee3a43b274d
349,12000378,25,1,404.396911369,425,10,2.19718821708,337.211296437,340.746973301,10,10,0.3,0.2,0,1,3.40746973301,238.399796962,0.5,1,159.248174234,2.2,12d49ee3a43b274d
349,12000378,25,2,400.713216379,175,18,2.63174094875,297.833405935,241.578962443,18,18,0.6,0.8,0.4,1,2.41578962443,238.399796962,0.5,1,159.248174234,2.2,12d49ee3a43b274d
349,12000378,25,3,207.167272317,325,23,1.68190114384,200.001121824,188.117630997,23,23,1,1,0.5,1,1.88117630997,238.399796962,0.5,1,159.248174234,2.2,12d49ee3a43b274d
350,12000379,25,0,343.435567369,425,17,2.84905673964,243.576692766,236.766837341,17,17,0.6,0.7,0.1,1,2.36766837341,236.96081869,0.3,0.6,142.051109161,1.33333333333,5a39dba12dd71d08
350,12000379,25,1,326.01100787,75,10,2.64404597251,261.783052721,295.977522925,10,10,0.5,0.4,0.1,1,2.95977522925,236.96081869,0.3,0.6,142.051109161,1.33333333333,5a39dba12dd71d08
350,12000379,25,2,153.63653982,175,18,1.64662123357,234.571756192,252.422673356,18,18,0.6,0.8,0.3,1,2.52422673356,236.96081869,0.3,0.6,142.051109161,1.33333333333,5a39dba12dd71d08
350,12000379,25,3,100.829022797,325,19,1.70682784492,238.506532615,221.45021828,19,19,0.7,0.6,0.2,1,2.2145021828,236.96081869,0.3,0.6,142.051109161,1.33333333333,5a39dba12dd71d08
351,12000380,25,0,277.635761418,175,19,1.9414265482,211.46979792,174.617920457,19,19,0.6,0.9,0,1,1.74617920457,259.552443652,0,0,nan,nan,84fe543f9b56dff9
351,12000380,25,1,119.551641984,425,13,1.8179443452,204.420225043,319.368271356,13,13,0.7,0.5,0,1,3.19368271356,259.552443652,0,0,nan,nan,84fe543f9b56dff9
351,12000380,25,2,160.658917441,325,17,2.51418118808,173.731501793,245.677048663,17,17,0.8,0.7,0,1,2.45677048663,259.552443652,0,0,nan,nan,84fe543f9b56dff9
351,12000380,25,3,394.582430287,75,14,2.91575187187,301.895118839,218.130148068,14,14,0.4,0.8,0,1,2.18130148068,259.552443652,0,0,nan,nan,84fe543f9b56dff9
352,12000381,25,0,399.2680859,175,18,1.79803339562,301.274994736,228.161305303,18,18,0.3,0.6,0.4,1,2.28161305303,293.287748085,0.9,4.2,355.257355518,1.5664021164,d5408268db0f56e1
352,12000381,25,1,71.7895394952,425,14,2.36987442903,234.539870598,299.888815621,14,14,0.6,0.5,0.4,1,2.99888815621,293.287748085,0.9,4.2,355.257355518,1.5664021164,d5408268db0f56e1
352,12000381,25,2,138.891177887,325,21,1.61585594832,165.16641774,201.624351932,21,21,0.9,0.7,0.9,1,2.01624351932,293.287748085,0.9,4.2,355.257355518,1.5664021164,d5408268db0f56e1
352,12000381,25,3,412.044464731,75,12,1.87472559976,348.1169746,274.734873789,12,12,0.2,0.5,0,1,2.74734873789,293.287748085,0.9,4.2,355.257355518,1.5664021164,d5408268db0f56e1
353,12000382,25,0,32.8842362834,75,10,2.22375709458,301.906025375,239.471685099,10,10,0.3,0.7,0,1,2.39471685099,260.204985002,0,0,nan,nan,26856ac4cfd46d38
353,12000382,25,1,151.630416094,325,20,2.80103085314,222.168357352,167.495183841,20,20,0.9,1,0,1,1.67495183841,260.204985002,0,0,nan,nan,26856ac4cfd46d38
353,12000382,25,2,480.504326663,175,15,2.61175440112,221.48491245,330.698770307,15,15,0.8,0.3,0,1,3.30698770307,260.204985002,0,0,nan,nan,26856ac4cfd46d38
353,12000382,25,3,363.709491477,425,17,2.34990546866,245.591077116,310.644467115,17,17,0.8,0.5,0,1,3.10644467115,260.204985002,0,0,nan,nan,26856ac4cfd46d38
354,12000383,25,0,69.1043560832,175,13,2.660648711,260.549329345,229.452664653,13,13,0.6,0.7,0,1,2.29452664653,245.233214751,0.3,0.9,252.305833224,1.97222222222,fc8f6c0625d1c4a2
354,12000383,25,1,51.2142707564,425,7,1.6341719214,283.569420177,304.415499356,7,7,0.5,0.4,0,1,3.04415499356,245.233214751,0.3,0.9,252.305833224,1.97222222222,fc8f6c0625d1c4a2
354,12000383,25,2,415.483552286,325,19,1.61753200729,191.795267039,220.924686134,19,19,0.8,0.6,0.3,1,2.20924686134,245.233214751,0.3,0.9,252.305833224,1.97222222222,fc8f6c0625d1c4a2
354,12000383,25,3,379.572621808,75,13,2.97886632971,273.014614758,267.394724062,13,13,0.4,0.5,0,1,2.67394724062,245.233214751,0.3,0.9,252.305833224,1.97222222222,fc8f6c0625d1c4a2
355,12000384,25,0,163.369168963,325,20,2.37048861551,217.125946258,247.754065479,20,20,0.8,0.8,0.3,1,2.47754065479,275.569258607,0.3,1,247.948496665,1.78333333333,1a3d1aa2e4980a26
355,12000384,25,1,151.596238874,425,18,2.41559667904,260.149368564,305.639417987,18,18,0.8,0.8,0.3,1,3.05639417987,275.569258607,0.3,1,247.948496665,1.78333333333,1a3d1aa2e4980a26
355,12000384,25,2,314.312906128,175,22,2.60194513862,203.045039031,185.602836716,22,22,0.9,0.9,0.3,1,1.85602836716,275.569258607,0.3,1,247.948496665,1.78333333333,1a3d1aa2e4980a26
355,12000384,25,3,448.675558181,75,13,2.7281642612,288.414954388,254.197646681,13,13,0.5,0.7,0.3,1,2.54197646681,275.569258607,0.3,1,247.948496665,1.78333333333,1a3d1aa2e4980a26
356,12000385,25,0,277.414508211,425,15,1.5426696063,223.25647461,345.266768596,15,15,0.6,0.3,0.1,1,3.45266768596,291.735391756,0.1,0.2,173.297440579,1,5a3556bf157c97ba
356,12000385,25,1,474.33703629,75,16,2.17311892296,259.29686065,230.914246041,16,16,0.7,0.6,0.1,1,2.30914246041,291.735391756,0.1,0.2,173.297440579,1,5a3556bf157c97ba
356,12000385,25,2,77.4309007571,175,11,2.78691540185,278.00220109,281.415640854,11,11,0.4,0.6,0.1,1,2.81415640854,291.735391756,0.1,0.2,173.297440579,1,5a3556bf157c97ba
356,12000385,25,3,200.834139107,325,19,1.80894019674,190.80584966,283.905544769,19,19,0.9,0.3,0.1,1,2.83905544769,291.735391756,0.1,0.2,173.297440579,1,5a3556bf157c97ba
357,12000386,25,0,470.936745182,75,12,2.72134421271,225.625184623,283.918866239,12,12,0.7,0.6,0.4,1,2.83918866239,223.267089425,0.7,2.8,286.196067642,1.97278911565,c6fc462ff8ad9634
357,12000386,25,1,69.0239731291,325,14,2.27864491955,287.902613841,262.298078394,14,14,0.4,0.4,0.2,1,2.62298078394,223.267089425,0.7,2.8,286.196067642,1.97278911565,c6fc462ff8ad9634
357,12000386,25,2,135.602069739,175,22,2.92580947484,177.934198828,216.617113314,22,22,1,0.9,0.7,1,2.16617113314,223.267089425,0.7,2.8,286.196067642,1.97278911565,c6fc462ff8ad9634
357,12000386,25,3,494.50444221,425,9,1.65516377922,363.665142803,306.942268352,9,9,0.3,0.6,0.2,1,3.06942268352,223.267089425,0.7,2.8,286.196067642,1.97278911565,c6fc462ff8ad9634
358,12000387,25,0,308.72608083,325,23,1.7758171636,207.905522014,193.959123331,23,23,1,1,0.1,1,1.93959123331,283.58792103,0.1,0.2,168.740671161,1.5,1d87f50f96b639c1
358,12000387,25,1,281.312510512,175,22,1.52427297892,192.466041238,186.245578331,22,22,1,0.9,0.1,1,1.86245578331,283.58792103,0.1,0.2,168.740671161,1.5,1d87f50f96b639c1
358,12000387,25,2,163.9859072,425,15,1.77612897547,274.16757471,309.893762223,15,15,0.5,0.4,0,1,3.09893762223,283.58792103,0.1,0.2,168.740671161,1.5,1d87f50f96b639c1
358,12000387,25,3,14.1395276254,75,9,2.1993194779,329.187151438,392.037033958,9,9,0.5,0.2,0,1,3.92037033958,283.58792103,0.1,0.2,168.740671161,1.5,1d87f50f96b639c1
359,12000388,25,0,90.2477187001,75,12,1.91201919623,236.214236463,253.832834053,12,12,0.6,0.7,0,1,2.53832834053,246.574839366,0.1,0.1,57.9156508934,2,e4a1d63007cbaaee
359,12000388,25,1,274.513760906,175,21,2.00993765956,207.142268699,161.039346531,21,21,1,0.9,0.1,1,1.61039346531,246.574839366,0.1,0.1,57.9156508934,2,e4a1d63007cbaaee
359,12000388,25,2,342.676052048,325,19,2.11233328065,228.34167448,221.922443698,19,19,0.5,0.8,0.1,1,2.21922443698,246.574839366,0.1,0.1,57.9156508934,2,e4a1d63007cbaaee
359,12000388,25,3,75.8630419848,425,15,1.88985600578,264.742431934,343.036314303,15,15,0.5,0.3,0.1,1,3.43036314303,246.574839366,0.1,0.1,57.9156508934,2,e4a1d63007cbaaee
360,12000389,25,0,3.81270983333,425,10,1.54353686565,313.214528174,332.219642664,10,10,0.5,0.4,0.1,1,3.32219642664,310.713628194,0.1,0.3,220.248124665,1.66666666667,d0502b687035db24
360,12000389,25,1,493.01154945,75,8,2.7240330688,339.52372177,357.103441061,8,8,0.3,0.1,0,1,3.57103441061,310.713628194,0.1,0.3,220.248124665,1.66666666667,d0502b687035db24
360,12000389,25,2,464.225817305,325,13,2.55798897046,285.607370738,240.507509158,13,13,0.4,0.7,0,1,2.40507509158,310.713628194,0.1,0.3,220.248124665,1.66666666667,d0502b687035db24
360,12000389,25,3,52.8255093574,175,13,2.53473690025,232.3619568,306.294430931,13,13,0.6,0.5,0.1,1,3.06294430931,310.713628194,0.1,0.3,220.248124665,1.66666666667,d0502b687035db24
361,12000390,25,0,470.101282236,175,13,2.78511792522,239.500288205,298.563470635,13,13,0.7,0.4,0,1,2.98563470635,254.779771468,0.1,0.2,125.836712452,3,96086d4349a72e8
361,12000390,25,1,96.5560692309,75,13,2.09853462383,341.505478874,242.624177949,13,13,0.3,0.7,0.1,1,2.42624177949,254.779771468,0.1,0.2,125.836712452,3,96086d4349a72e8
361,12000390,25,2,121.480464926,325,20,1.93473287545,233.729518069,195.644571486,20,20,0.6,1,0.1,1,1.95644571486,254.779771468,0.1,0.2,125.836712452,3,96086d4349a72e8
361,12000390,25,3,275.344206738,425,20,2.19781915558,230.503497365,240.496552003,20,20,0.8,0.8,0.1,1,2.40496552003,254.779771468,0.1,0.2,125.836712452,3,96086d4349a72e8
362,12000391,25,0,49.2862393674,325,17,2.4843614493,178.777666807,233.87325203,17,17,0.7,0.7,0.2,1,2.3387325203,246.115021363,0.2,0.3,110.620033766,2.25,3ba63a1dd5e293de
362,12000391,25,1,318.195152968,75,12,1.86509483685,280.418365858,274.128584145,12,12,0.4,0.4,0.1,1,2.74128584145,246.115021363,0.2,0.3,110.620033766,2.25,3ba63a1dd5e293de
362,12000391,25,2,485.257420384,175,10,2.95896207126,344.599081268,310.968135527,10,10,0.3,0.4,0.1,1,3.10968135527,246.115021363,0.2,0.3,110.620033766,2.25,3ba63a1dd5e293de
362,12000391,25,3,37.466574501,425,15,2.54151639432,228.935122563,263.553870858,15,15,0.7,0.7,0.1,1,2.63553870858,246.115021363,0.2,0.3,110.620033766,2.25,3ba63a1dd5e293de
363,12000392,25,0,434.137690466,175,19,2.50739594762,142.242831988,202.061058916,19,19,0.9,0.7,0.5,1,2.02061058916,189.771666495,0.5,1.4,214.885906695,1.46666666667,24407c2c29e0664d
363,12000392,25,1,83.4575288158,425,12,2.59891732156,372.602697465,333.610191986,12,12,0.2,0.4,0.2,1,3.33610191986,189.771666495,0.5,1.4,214.885906695,1.46666666667,24407c2c29e0664d
363,12000392,25,2,132.416185623,75,17,1.6633505881,275.93933278,233.853427075,17,17,0.5,0.6,0.4,1,2.33853427075,189.771666495,0.5,1.4,214.885906695,1.46666666667,24407c2c29e0664d
363,12000392,25,3,246.929611377,325,19,1.67204413481,213.663035881,199.42922702,19,19,0.9,0.8,0.5,1,1.9942922702,189.771666495,0.5,1.4,214.885906695,1.46666666667,24407c2c29e0664d
364,12000393,25,0,378.348420856,325,21,1.92983955249,220.381699195,230.256230863,21,21,0.9,0.9,0.5,1,2.30256230863,259.855382277,0.6,1.9,226.588660945,2.125,b2ba0791833b4939
364,12000393,25,1,444.737193561,75,12,2.01329720931,267.642179996,322.880754072,12,12,0.5,0.5,0.4,1,3.22880754072,259.855382277,0.6,1.9,226.588660945,2.125,b2ba0791833b4939
364,12000393,25,2,148.891131005,175,18,2.47685215212,212.621750413,201.048020644,18,18,0.6,0.6,0.4,1,2.01048020644,259.855382277,0.6,1.9,226.588660945,2.125,b2ba0791833b4939
364,12000393,25,3,168.715522188,425,18,2.80321159161,270.317833738,223.230883022,18,18,0.6,0.9,0.6,1,2.23230883022,259.855382277,0.6,1.9,226.588660945,2.125,b2ba0791833b4939
365,12000394,25,0,453.585130622,175,16,2.94988872686,274.247777987,237.804518695,16,16,0.7,0.8,0.4,1,2.37804518695,191.308179678,0.5,1.5,209.843342618,2.21904761905,f9a509deca3f8159
365,12000394,25,1,224.70701717,325,24,2.23459896174,177.120749353,153.760560934,24,24,1,0.9,0.5,1,1.53760560934,191.308179678,0.5,1.5,209.843342618,2.21904761905,f9a509deca3f8159
365,12000394,25,2,129.510317898,425,17,1.54419833962,250.668670562,248.607692118,17,17,0.7,0.7,0.4,1,2.48607692118,191.308179678,0.5,1.5,209.843342618,2.21904761905,f9a509deca3f8159
365,12000394,25,3,443.992123446,75,10,1.83456955583,328.650112312,281.329572677,10,10,0.3,0.4,0.1,1,2.81329572677,191.308179678,0.5,1.5,209.843342618,2.21904761905,f9a509deca3f8159
366,12000395,25,0,117.318429031,325,21,2.15501746064,197.058101047,145.541122489,21,21,0.8,1,0.4,1,1.45541122489,230.570442014,0.4,0.8,150.671687162,3,d4457a0ea5339ba9
366,12000395,25,1,364.542155916,75,16,2.63246619218,299.386390485,302.909149071,16,16,0.5,0.6,0.4,1,3.02909149071,230.570442014,0.4,0.8,150.671687162,3,d4457a0ea5339ba9
366,12000395,25,2,33.8111881816,425,16,1.99492392999,282.7457646,209.042957907,16,16,0.7,0.9,0.4,1,2.09042957907,230.570442014,0.4,0.8,150.671687162,3,d4457a0ea5339ba9
366,12000395,25,3,399.725292292,175,20,2.75921734399,235.168984477,295.924564877,20,20,0.8,0.6,0.4,1,2.95924564877,230.570442014,0.4,0.8,150.671687162,3,d4457a0ea5339ba9
367,12000396,25,0,102.282839888,75,18,2.9662177211,291.345174295,213.881700698,18,18,0.6,0.8,0.4,1,2.13881700698,277.601488964,0.4,0.5,76.2823722075,3.125,3db3ea27fc9f0201
367,12000396,25,1,498.13912009,325,8,2.31705176939,286.399460648,360.644946465,8,8,0.4,0.3,0.3,1,3.60644946465,277.601488964,0.4,0.5,76.2823722075,3.125,3db3ea27fc9f0201
367,12000396,25,2,397.988225394,175,18,2.44433639436,255.651244402,277.904451938,18,18,0.8,0.7,0.4,1,2.77904451938,277.601488964,0.4,0.5,76.2823722075,3.125,3db3ea27fc9f0201
367,12000396,25,3,56.5011813111,425,15,2.81306436575,287.102877936,223.116371022,15,15,0.5,0.8,0.4,1,2.23116371022,277.601488964,0.4,0.5,76.2823722075,3.125,3db3ea27fc9f0201
368,12000397,25,0,251.246546047,325,22,2.01933090195,220.2197981,216.015695737,22,22,0.7,0.9,0.3,1,2.16015695737,270.495398125,0.3,0.5,124.241993409,1.66666666667,3e4f609cb22dc76e
368,12000397,25,1,278.043299787,175,19,2.01112336224,134.664281406,225.13213937,19,19,1,0.6,0.3,1,2.2513213937,270.495398125,0.3,0.5,124.241993409,1.66666666667,3e4f609cb22dc76e
368,12000397,25,2,96.0444140224,425,9,2.70449862231,391.537609702,264.171966358,9,9,0.2,0.5,0,1,2.64171966358,270.495398125,0.3,0.5,124.241993409,1.66666666667,3e4f609cb22dc76e
368,12000397,25,3,138.295295302,75,15,2.31478325104,257.26347339,300.591852338,15,15,1,0.5,0.3,1,3.00591852338,270.495398125,0.3,0.5,124.241993409,1.66666666667,3e4f609cb22dc76e
369,12000398,25,0,12.2755566196,325,9,1.91291582134,329.652353361,330.166551548,9,9,0.3,0.4,0,1,3.30166551548,242.612655062,0.3,0.6,153.387270842,2.33333333333,e23bbcc86ce6bf18
369,12000398,25,1,29.0686072056,175,11,2.41320042133,289.593104323,326.420442905,11,11,0.6,0.5,0.1,1,3.26420442905,242.612655062,0.3,0.6,153.387270842,2.33333333333,e23bbcc86ce6bf18
369,12000398,25,2,453.577542355,425,13,1.56913866321,282.84600148,233.032290371,13,13,0.3,0.7,0.2,1,2.33032290371,242.612655062,0.3,0.6,153.387270842,2.33333333333,e23bbcc86ce6bf18
369,12000398,25,3,332.725762265,75,12,2.77037523737,189.783695535,283.02554532,12,12,0.8,0.4,0.1,1,2.8302554532,242.612655062,0.3,0.6,153.387270842,2.33333333333,e23bbcc86ce6bf18
370,12000399,25,0,329.335576199,75,19,2.51062776579,191.634228892,234.403788635,19,19,0.8,0.8,0.2,1,2.34403788635,291.715588993,0.2,0.4,148.864024105,1.25,305ec523df5424df
370,12000399,25,1,145.678277975,175,19,1.57415105184,254.93371564,225.431283578,19,19,0.8,0.8,0.2,1,2.25431283578,291.715588993,0.2,0.4,148.864024105,1.25,305ec523df5424df
370,12000399,25,2,75.0499905841,425,10,2.93437554258,396.060193758,350.231444921,10,10,0.1,0.3,0.1,1,3.50231444921,291.715588993,0.2,0.4,148.864024105,1.25,305ec523df5424df
370,12000399,25,3,367.038663553,325,18,2.42204739345,209.495629034,226.139528398,18,18,0.6,0.5,0.1,1,2.26139528398,291.715588993,0.2,0.4,148.864024105,1.25,305ec523df5424df
371,12000400,25,0,105.13409047,325,13,2.41488190229,245.303626412,233.83415516,13,13,0.5,0.4,0,1,2.3383415516,309.490882579,0,0,nan,nan,e9f3058dd28141d5
371,12000400,25,1,470.476647228,175,16,2.6806098906,236.456488278,326.941517771,16,16,0.9,0.3,0,1,3.26941517771,309.490882579,0,0,nan,nan,e9f3058dd28141d5
371,12000400,25,2,280.532473418,75,18,1.93170455313,196.895229201,335.617993294,18,18,0.9,0.2,0,1,3.35617993294,309.490882579,0,0,nan,nan,e9f3058dd28141d5
371,12000400,25,3,114.075035709,425,10,2.87792170456,287.214579797,229.340144082,10,10,0.4,0.6,0,1,2.29340144082,309.490882579,0,0,nan,nan,e9f3058dd28141d5
372,12000401,25,0,4.88948560447,425,6,2.28566326797,457.960744341,395.284074238,6,6,0.1,0.3,0,1,3.95284074238,305.559005279,0.1,0.1,70.3564815572,3,e2e3f3d6c3294f01
372,12000401,25,1,300.33285587,75,19,2.14043684177,199.754978118,206.779478534,19,19,0.9,0.9,0.1,1,2.06779478534,305.559005279,0.1,0.1,70.3564815572,3,e2e3f3d6c3294f01
372,12000401,25,2,413.345346608,325,12,1.85560326144,257.259868657,270.28222689,12,12,0.4,0.3,0.1,1,2.7028222689,305.559005279,0.1,0.1,70.3564815572,3,e2e3f3d6c3294f01
372,12000401,25,3,227.628768169,175,21,2.30096168915,213.140419955,196.753290043,21,21,0.7,0.9,0.1,1,1.96753290043,305.559005279,0.1,0.1,70.3564815572,3,e2e3f3d6c3294f01
373,12000402,25,0,427.86898847,175,17,2.07405774166,264.867507995,221.488310408,17,17,0.7,0.7,0.1,1,2.21488310408,221.955781878,0.3,0.5,141.022474332,1.83333333333,e6210e8c43536313
373,12000402,25,1,375.309541919,325,15,2.03988607475,246.753452031,254.719189134,15,15,0.7,0.6,0.1,1,2.54719189134,221.955781878,0.3,0.5,141.022474332,1.83333333333,e6210e8c43536313
373,12000402,25,2,16.4180385543,75,12,2.98887994593,275.058843752,255.4221921,12,12,0.4,0.6,0.2,1,2.554221921,221.955781878,0.3,0.5,141.022474332,1.83333333333,e6210e8c43536313
373,12000402,25,3,117.944355023,425,10,2.56957802891,284.235532073,341.806266578,10,10,0.6,0.2,0,1,3.41806266578,221.955781878,0.3,0.5,141.022474332,1.83333333333,e6210e8c43536313
374,12000403,25,0,112.920647817,325,22,2.99710658182,158.834221416,180.435296901,22,22,0.8,0.9,0.5,1,1.80435296901,209.799712629,0.5,1.4,232.442803674,2.05,3a2cce21dbb3010f
374,12000403,25,1,372.782817101,425,14,2.90572606675,239.025684533,208.862352829,14,14,0.8,0.7,0.4,1,2.08862352829,209.799712629,0.5,1.4,232.442803674,2.05,3a2cce21dbb3010f
374,12000403,25,2,490.415028716,175,8,2.82779293985,347.563854229,340.373007115,8,8,0.3,0.4,0,1,3.40373007115,209.799712629,0.5,1.4,232.442803674,2.05,3a2cce21dbb3010f
374,12000403,25,3,189.979877528,75,17,2.40426762567,284.390566395,288.209783902,17,17,0.6,0.4,0.4,1,2.88209783902,209.799712629,0.5,1.4,232.442803674,2.05,3a2cce21dbb3010f
375,12000404,25,0,100.657976577,325,18,1.57685805883,261.599229511,167.023448048,18,18,0.6,0.8,0,1,1.67023448048,234.766920217,0.1,0.1,65.2183890528,1,ceedd14aa65fb53b
375,12000404,25,1,417.497415453,425,12,1.59617270208,268.274488547,214.83424247,12,12,0.6,0.7,0.1,1,2.1483424247,234.766920217,0.1,0.1,65.2183890528,1,ceedd14aa65fb53b
375,12000404,25,2,305.636925925,75,13,2.00840550131,260.61036415,306.664551989,13,13,0.6,0.4,0,1,3.06664551989,234.766920217,0.1,0.1,65.2183890528,1,ceedd14aa65fb53b
375,12000404,25,3,3.40498327928,175,11,2.70652803329,322.051641789,300.073575617,11,11,0.5,0.5,0,1,3.00073575617,234.766920217,0.1,0.1,65.2183890528,1,ceedd14aa65fb53b
376,12000405,25,0,135.929703655,75,14,2.56408134831,256.419844429,278.718578315,14,14,0.7,0.6,0.2,1,2.78718578315,246.476262066,0.5,1,151.824737367,1.96666666667,9911ec02eab8205d
376,12000405,25,1,112.918837517,425,15,2.956594067,287.087949087,322.706235658,15,15,0.5,0.3,0.3,1,3.22706235658,246.476262066,0.5,1,151.824737367,1.96666666667,9911ec02eab8205d
376,12000405,25,2,307.061698267,175,19,2.57925829452,236.910805212,211.514561593,19,19,0.9,0.9,0.5,1,2.11514561593,246.476262066,0.5,1,151.824737367,1.96666666667,9911ec02eab8205d
376,12000405,25,3,477.365678251,325,13,1.52144088452,304.431046552,248.426434393,13,13,0.4,0.6,0.4,1,2.48426434393,246.476262066,0.5,1,151.824737367,1.96666666667,9911ec02eab8205d
377,12000406,25,0,295.149366547,175,20,2.26352531985,193.08531107,214.80673318,20,20,0.9,0.6,0.1,1,2.1480673318,254.288189259,0.1,0.1,31.6410457224,2,1f6e9f8e67d7bdea
377,12000406,25,1,491.572722671,425,15,2.67460274992,235.374922632,263.417013429,15,15,0.8,0.7,0.1,1,2.63417013429,254.288189259,0.1,0.1,31.6410457224,2,1f6e9f8e67d7bdea
377,12000406,25,2,119.5897928,325,17,1.51304398432,279.770397934,285.015807872,17,17,0.6,0.6,0,1,2.85015807872,254.288189259,0.1,0.1,31.6410457224,2,1f6e9f8e67d7bdea
377,12000406,25,3,33.829088242,75,8,1.76229108024,395.704098972,368.880160404,8,8,0.1,0.3,0,1,3.68880160404,254.288189259,0.1,0.1,31.6410457224,2,1f6e9f8e67d7bdea
378,12000407,25,0,212.473299124,325,21,1.75858710538,238.30004673,183.55807882,21,21,0.7,0.9,0.2,1,1.8355807882,309.243230327,0.2,0.4,156.272153272,1.66666666667,254678b099045251
378,12000407,25,1,431.29597188,75,13,2.22331016382,226.187031038,355.27378555,13,13,0.7,0.4,0.2,1,3.5527378555,309.243230327,0.2,0.4,156.272153272,1.66666666667,254678b099045251
378,12000407,25,2,139.601946848,175,17,2.61499443384,262.813487217,171.402143244,17,17,0.6,0.8,0.2,1,1.71402143244,309.243230327,0.2,0.4,156.272153272,1.66666666667,254678b099045251
378,12000407,25,3,489.801861505,425,10,2.93042291404,278.200425728,386.721939892,10,10,0.4,0.1,0,1,3.86721939892,309.243230327,0.2,0.4,156.272153272,1.66666666667,254678b099045251
379,12000408,25,0,118.384398686,425,15,2.22992667004,274.265276017,243.38190643,15,15,0.5,0.6,0.4,1,2.4338190643,192.669991396,0.5,1.1,164.349862134,1.95,f73bc948c4b9045
379,12000408,25,1,380.41884035,325,16,2.2006922307,270.737663319,280.490208466,16,16,0.6,0.6,0.4,1,2.80490208466,192.669991396,0.5,1.1,164.349862134,1.95,f73bc948c4b9045
379,12000408,25,2,151.229102497,175,22,1.94169002021,177.722109541,192.075235868,22,22,0.9,1,0.5,1,1.92075235868,192.669991396,0.5,1.1,164.349862134,1.95,f73bc948c4b9045
379,12000408,25,3,387.223924029,75,13,2.47994138384,288.68301157,305.307953028,13,13,0.7,0.4,0.2,1,3.05307953028,192.669991396,0.5,1.1,164.349862134,1.95,f73bc948c4b9045
380,12000409,25,0,127.237440783,175,16,1.50669317835,270.648727946,201.851695795,16,16,0.4,0.8,0.4,1,2.01851695795,172.996149527,0.5,0.6,80.3253350169,1.6,8171119c426835f8
380,12000409,25,1,229.461630216,325,19,1.991684595,225.948679605,212.76064826,19,19,0.7,0.8,0.4,1,2.1276064826,172.996149527,0.5,0.6,80.3253350169,1.6,8171119c426835f8
380,12000409,25,2,395.228426671,425,10,2.45107259281,286.232070693,343.32259623,10,10,0.5,0.2,0.1,1,3.4332259623,172.996149527,0.5,0.6,80.3253350169,1.6,8171119c426835f8
380,12000409,25,3,461.872681676,75,10,2.4965278355,302.431799415,280.292546783,10,10,0.4,0.4,0.4,1,2.80292546783,172.996149527,0.5,0.6,80.3253350169,1.6,8171119c426835f8
381,12000410,25,0,145.211624871,325,18,2.2442925195,244.929936706,321.253526865,18,18,0.9,0.4,0.7,1,3.21253526865,233.809826206,0.7,1.9,207.018217118,1.78571428571,56ed6e769925e341
381,12000410,25,1,389.765393928,425,13,1.50896125897,226.534849659,251.696363604,13,13,0.6,0.7,0.7,1,2.51696363604,233.809826206,0.7,1.9,207.018217118,1.78571428571,56ed6e769925e341
381,12000410,25,2,185.849267796,175,22,2.15641644848,194.390729202,266.020715619,22,22,1,0.6,0.7,1,2.66020715619,233.809826206,0.7,1.9,207.018217118,1.78571428571,56ed6e769925e341
381,12000410,25,3,378.861249802,75,16,2.56050305294,201.418491283,192.556424862,16,16,0.9,0.9,0.7,1,1.92556424862,233.809826206,0.7,1.9,207.018217118,1.78571428571,56ed6e769925e341
382,12000411,25,0,99.0624782188,325,19,2.67555643388,259.40922663,231.329313748,19,19,0.6,0.7,0.8,1,2.31329313748,212.416407045,0.8,3.3,326.107028814,1.37470238095,261e6c57cecbb428
382,12000411,25,1,152.462907615,175,18,2.78042362377,227.221975446,218.384960091,18,18,0.6,0.8,0.8,1,2.18384960091,212.416407045,0.8,3.3,326.107028814,1.37470238095,261e6c57cecbb428
382,12000411,25,2,276.804158297,75,14,2.06819525793,245.907934101,224.902973446,14,14,0.7,0.6,0.4,1,2.24902973446,212.416407045,0.8,3.3,326.107028814,1.37470238095,261e6c57cecbb428
382,12000411,25,3,396.277876624,425,15,2.52885885091,287.228049674,286.566333185,15,15,0.5,0.5,0.6,1,2.86566333185,212.416407045,0.8,3.3,326.107028814,1.37470238095,261e6c57cecbb428
383,12000412,25,0,22.9390205393,75,10,2.8878346126,232.404414595,316.224322961,10,10,0.5,0.3,0.1,1,3.16224322961,281.674029621,0.4,1.1,189.186291113,1.75833333333,79b2a3f384b3c6b7
383,12000412,25,1,349.79367978,425,12,2.95058931268,330.864200755,280.343145989,12,12,0.4,0.5,0.3,1,2.80343145989,281.674029621,0.4,1.1,189.186291113,1.75833333333,79b2a3f384b3c6b7
383,12000412,25,2,403.770984039,325,13,2.17794293075,323.966469938,251.9051831,13,13,0.3,0.7,0.3,1,2.519051831,281.674029621,0.4,1.1,189.186291113,1.75833333333,79b2a3f384b3c6b7
383,12000412,25,3,177.771275431,175,24,2.14370846072,190.460979828,228.303457005,24,24,1,0.9,0.4,1,2.28303457005,281.674029621,0.4,1.1,189.186291113,1.75833333333,79b2a3f384b3c6b7
384,12000413,25,0,419.634207839,325,15,2.82044707722,228.696494145,260.299455336,15,15,0.7,0.7,0.1,1,2.60299455336,285.363389553,0.1,0.1,77.1776784909,2,70cf31269af708d0
384,12000413,25,1,70.1252848314,175,14,2.75386948113,297.346875303,306.252709687,14,14,0.3,0.3,0.1,1,3.06252709687,285.363389553,0.1,0.1,77.1776784909,2,70cf31269af708d0
384,12000413,25,2,77.2603361456,75,14,2.31195395119,331.230827163,321.311370502,14,14,0.3,0.5,0.1,1,3.21311370502,285.363389553,0.1,0.1,77.1776784909,2,70cf31269af708d0
384,12000413,25,3,268.246190753,425,15,2.02530217397,272.508243271,306.611946982,15,15,0.6,0.5,0.1,1,3.06611946982,285.363389553,0.1,0.1,77.1776784909,2,70cf31269af708d0
385,12000414,25,0,227.803997053,425,18,2.03867387087,257.085790709,215.540406426,18,18,0.6,0.6,0.2,1,2.15540406426,262.893544954,0.3,0.4,87.8320008919,2.33333333333,8c179ba7eda4843e
385,12000414,25,1,353.783177143,325,20,2.24287699111,230.116088215,204.048531608,20,20,0.9,0.8,0.3,1,2.04048531608,262.893544954,0.3,0.4,87.8320008919,2.33333333333,8c179ba7eda4843e
385,12000414,25,2,19.4602032023,75,10,2.85863530565,304.895596949,340.523953043,10,10,0.5,0.3,0.3,1,3.40523953043,262.893544954,0.3,0.4,87.8320008919,2.33333333333,8c179ba7eda4843e
385,12000414,25,3,318.676929088,175,15,1.6403396678,212.99344561,213.598451068,15,15,0.9,0.8,0.3,1,2.13598451068,262.893544954,0.3,0.4,87.8320008919,2.33333333333,8c179ba7eda4843e
386,12000415,25,0,251.315741409,75,17,1.70554514999,266.120034125,239.497411502,17,17,0.7,0.6,0,1,2.39497411502,304.60786994,0.1,0.1,62.6531826312,1,a55a168c1731d00e
386,12000415,25,1,147.332467259,425,12,2.22095669508,280.144346282,295.294436404,12,12,0.4,0.3,0.1,1,2.95294436404,304.60786994,0.1,0.1,62.6531826312,1,a55a168c1731d00e
386,12000415,25,2,413.200029578,325,20,2.79554270996,230.97740589,284.878843503,20,20,0.8,0.7,0.1,1,2.84878843503,304.60786994,0.1,0.1,62.6531826312,1,a55a168c1731d00e
386,12000415,25,3,448.951770072,175,15,2.67288419599,259.570080898,275.294592677,15,15,0.7,0.5,0,1,2.75294592677,304.60786994,0.1,0.1,62.6531826312,1,a55a168c1731d00e
387,12000416,25,0,155.58159086,325,20,2.47073576612,214.70070337,192.950900688,20,20,0.9,0.7,0.4,1,1.92950900688,262.359836881,0.4,0.7,154.432010903,1.95833333333,7479fe3dd98a0538
387,12000416,25,1,405.081037015,175,11,2.87920497662,266.370050493,288.816450085,11,11,0.6,0.2,0.2,1,2.88816450085,262.359836881,0.4,0.7,154.432010903,1.95833333333,7479fe3dd98a0538
387,12000416,25,2,411.820212197,425,11,2.67654220633,366.273080588,280.847534512,11,11,0.1,0.7,0,1,2.80847534512,262.359836881,0.4,0.7,154.432010903,1.95833333333,7479fe3dd98a0538
387,12000416,25,3,111.662565682,75,14,2.30080704087,198.633073958,290.467686201,14,14,0.8,0.4,0.3,1,2.90467686201,262.359836881,0.4,0.7,154.432010903,1.95833333333,7479fe3dd98a0538
388,12000417,25,0,110.518958522,325,20,2.90439881926,190.166676792,200.411239802,20,20,0.9,0.8,0.1,1,2.00411239802,243.579693136,0.1,0.2,161.921695103,1.5,e11efcbf407b12e6
388,12000417,25,1,488.606742297,175,11,2.16337996781,340.450724327,312.13606066,11,11,0.4,0.7,0.1,1,3.1213606066,243.579693136,0.1,0.2,161.921695103,1.5,e11efcbf407b12e6
388,12000417,25,2,458.697789215,75,9,1.50035142268,359.86074485,339.354191268,9,9,0.4,0.5,0,1,3.39354191268,243.579693136,0.1,0.2,161.921695103,1.5,e11efcbf407b12e6
388,12000417,25,3,151.032037708,425,17,2.78648216426,201.368298184,224.90088175,17,17,0.7,0.6,0.1,1,2.2490088175,243.579693136,0.1,0.2,161.921695103,1.5,e11efcbf407b12e6
389,12000418,25,0,468.246790251,325,16,2.56934101892,347.390534462,245.020505347,16,16,0.4,0.8,0,1,2.45020505347,339.994283327,0.1,0.3,223.729579361,1.33333333333,c60d06f30d803fc3
389,12000418,25,1,448.636254969,175,16,2.27622319372,338.332876001,227.6135318,16,16,0.3,0.8,0,1,2.276135318,339.994283327,0.1,0.3,223.729579361,1.33333333333,c60d06f30d803fc3
389,12000418,25,2,83.0993236901,75,13,2.57759367433,267.875604719,349.268497057,13,13,0.6,0.4,0,1,3.49268497057,339.994283327,0.1,0.3,223.729579361,1.33333333333,c60d06f30d803fc3
389,12000418,25,3,143.137836174,425,12,2.79339056662,228.329119019,293.6716258,12,12,0.6,0.3,0.1,1,2.936716258,339.994283327,0.1,0.3,223.729579361,1.33333333333,c60d06f30d803fc3
390,12000419,25,0,118.990047437,325,21,2.69145099783,214.680848653,186.936734311,21,21,0.7,0.9,0.3,1,1.86936734311,216.668233628,0.3,0.5,106.956255034,2.16666666667,cbacb1c0bee9e25c
390,12000419,25,1,153.985612856,175,20,2.50487924083,222.11789218,178.982571402,20,20,0.8,0.9,0.3,1,1.78982571402,216.668233628,0.3,0.5,106.956255034,2.16666666667,cbacb1c0bee9e25c
390,12000419,25,2,339.895689202,75,10,2.70093949788,267.740289541,227.333649533,10,10,0.4,0.6,0.3,1,2.27333649533,216.668233628,0.3,0.5,106.956255034,2.16666666667,cbacb1c0bee9e25c
390,12000419,25,3,401.712830575,425,14,2.23993202736,265.670202626,269.987574892,14,14,0.5,0.5,0.2,1,2.69987574892,216.668233628,0.3,0.5,106.956255034,2.16666666667,cbacb1c0bee9e25c
391,12000420,25,0,439.064996091,75,13,2.16989619447,275.692539045,268.435829567,13,13,0.5,0.4,0.4,1,2.68435829567,192.332106311,0.4,0.5,90.5718329821,1.75,2bf3e052cdeddcf1
391,12000420,25,1,149.660368781,175,22,2.25758611826,207.171030476,157.230575651,22,22,0.9,0.9,0.4,1,1.57230575651,192.332106311,0.4,0.5,90.5718329821,1.75,2bf3e052cdeddcf1
391,12000420,25,2,170.315856386,325,19,1.52980045463,188.506218665,212.824444082,19,19,0.9,0.8,0.3,1,2.12824444082,192.332106311,0.4,0.5,90.5718329821,1.75,2bf3e052cdeddcf1
391,12000420,25,3,496.388067296,425,9,2.65385346176,322.725177747,396.53114482,9,9,0.4,0.3,0.1,1,3.9653114482,192.332106311,0.4,0.5,90.5718329821,1.75,2bf3e052cdeddcf1
392,12000421,25,0,42.4462444683,175,12,2.86088890176,284.482086697,301.924178356,12,12,0.6,0.3,0.3,1,3.01924178356,238.64454344,0.7,1.9,214.275094071,1.3119047619,4f34d9f24adb9ef4
392,12000421,25,1,448.903846859,325,17,1.64983321315,226.276516527,230.252509203,17,17,0.7,0.8,0.7,1,2.30252509203,238.64454344,0.7,1.9,214.275094071,1.3119047619,4f34d9f24adb9ef4
392,12000421,25,2,345.835228771,75,14,2.67958419533,235.111662709,263.833563449,14,14,0.7,0.5,0.4,1,2.63833563449,238.64454344,0.7,1.9,214.275094071,1.3119047619,4f34d9f24adb9ef4
392,12000421,25,3,98.9046679947,425,13,2.22300180045,310.331120676,243.82239135,13,13,0.4,0.6,0.2,1,2.4382239135,238.64454344,0.7,1.9,214.275094071,1.3119047619,4f34d9f24adb9ef4
393,12000422,25,0,1.18273752857,175,11,2.16712386054,255.260280494,364.12596788,11,11,0.6,0.3,0.2,1,3.6412596788,253.935366499,0.8,3.4,360.467482709,1.78055555556,bd6fd1ca69294512
393,12000422,25,1,217.847971563,425,21,1.94894027599,200.201678181,172.166544558,21,21,0.8,1,0.8,1,1.72166544558,253.935366499,0.8,3.4,360.467482709,1.78055555556,bd6fd1ca69294512
393,12000422,25,2,219.5115422,75,16,1.62543494071,255.677207962,331.408297502,16,16,0.6,0.4,0.2,1,3.31408297502,253.935366499,0.8,3.4,360.467482709,1.78055555556,bd6fd1ca69294512
393,12000422,25,3,440.036919778,325,18,2.24127303598,290.431524561,192.404426804,18,18,0.6,0.9,0.6,1,1.92404426804,253.935366499,0.8,3.4,360.467482709,1.78055555556,bd6fd1ca69294512
394,12000423,25,0,59.2433111958,175,15,1.82520023362,243.368302097,236.687021248,15,15,0.6,0.6,0.2,1,2.36687021248,250.687342099,0.2,0.4,131.618415707,1.33333333333,63a74c1081974e20
394,12000423,25,1,384.982686434,325,18,2.40461992464,251.180747808,203.610260081,18,18,0.9,0.8,0.2,1,2.03610260081,250.687342099,0.2,0.4,131.618415707,1.33333333333,63a74c1081974e20
394,12000423,25,2,85.514501014,425,11,2.81310818659,309.823672989,307.541122196,11,11,0.4,0.5,0,1,3.07541122196,250.687342099,0.2,0.4,131.618415707,1.33333333333,63a74c1081974e20
394,12000423,25,3,459.430368261,75,12,2.35899815639,251.840487021,265.664747394,12,12,0.6,0.6,0.2,1,2.65664747394,250.687342099,0.2,0.4,131.618415707,1.33333333333,63a74c1081974e20
395,12000424,25,0,226.212905134,75,16,1.66272416921,217.096512021,226.835561779,16,16,0.9,0.8,0.2,1,2.26835561779,221.714326127,0.2,0.3,97.395182636,2,cbd7ede30743b5c5
395,12000424,25,1,252.62966727,425,18,1.9127641934,228.368693105,241.566825881,18,18,0.8,0.7,0.2,1,2.41566825881,221.714326127,0.2,0.3,97.395182636,2,cbd7ede30743b5c5
395,12000424,25,2,36.5007363376,325,16,2.92025262305,302.073141826,308.054669097,16,16,0.4,0.4,0.2,1,3.08054669097,221.714326127,0.2,0.3,97.395182636,2,cbd7ede30743b5c5
395,12000424,25,3,471.342063098,175,13,1.54545917014,189.108699034,218.920241037,13,13,0.9,0.7,0.2,1,2.18920241037,221.714326127,0.2,0.3,97.395182636,2,cbd7ede30743b5c5
396,12000425,25,0,483.95931014,75,11,2.96213414638,411.025732892,376.83049779,11,11,0.3,0.3,0.1,1,3.7683049779,242.051055413,0.2,0.4,157.522462141,1.66666666667,960f7a010027c447
396,12000425,25,1,202.278967192,425,18,1.81264043458,188.067386018,178.584185454,18,18,0.8,0.9,0.2,1,1.78584185454,242.051055413,0.2,0.4,157.522462141,1.66666666667,960f7a010027c447
396,12000425,25,2,142.583539369,325,18,1.56246979214,189.894529985,189.171316979,18,18,0.8,0.9,0.2,1,1.89171316979,242.051055413,0.2,0.4,157.522462141,1.66666666667,960f7a010027c447
396,12000425,25,3,400.346808096,175,15,2.45090950269,296.987181641,263.172830947,15,15,0.5,0.6,0.2,1,2.63172830947,242.051055413,0.2,0.4,157.522462141,1.66666666667,960f7a010027c447
397,12000426,25,0,138.972545244,75,15,2.92206288266,235.247090939,253.062151504,15,15,0.8,0.5,0.5,1,2.53062151504,247.064182509,0.5,1.3,189.809354764,1.74,cc231d182b2bedb
397,12000426,25,1,203.857563629,175,20,1.6136029864,174.696596639,196.500573104,20,20,1,0.9,0.5,1,1.96500573104,247.064182509,0.5,1.3,189.809354764,1.74,cc231d182b2bedb
397,12000426,25,2,407.185046108,425,14,2.97858953788,292.436904414,251.565115198,14,14,0.6,0.7,0.4,1,2.51565115198,247.064182509,0.5,1.3,189.809354764,1.74,cc231d182b2bedb
397,12000426,25,3,381.868520898,325,15,2.39395992287,212.768641343,195.976110934,15,15,0.7,0.7,0.4,1,1.95976110934,247.064182509,0.5,1.3,189.809354764,1.74,cc231d182b2bedb
398,12000427,25,0,323.633552337,425,14,2.40428931473,201.564392699,281.038212448,14,14,0.9,0.6,0.1,1,2.81038212448,266.875691817,0.1,0.2,134.058132517,1.5,d36df82ab9288088
398,12000427,25,1,113.224060788,175,20,2.84668620399,239.282713983,245.012452947,20,20,0.7,0.7,0.1,1,2.45012452947,266.875691817,0.1,0.2,134.058132517,1.5,d36df82ab9288088
398,12000427,25,2,84.9052321376,75,14,2.84741461424,314.047161934,276.561620708,14,14,0.5,0.4,0.1,1,2.76561620708,266.875691817,0.1,0.2,134.058132517,1.5,d36df82ab9288088
398,12000427,25,3,352.434244326,325,17,2.64259637281,161.050884182,224.489496159,17,17,0.9,0.7,0.1,1,2.24489496159,266.875691817,0.1,0.2,134.058132517,1.5,d36df82ab9288088
399,12000428,25,0,153.033406547,175,22,2.77191715123,210.746797084,148.980508192,22,22,0.7,0.9,0.3,1,1.48980508192,255.266473699,0.3,0.6,152.789439953,1.83333333333,9f1354cfd2ae896f
399,12000428,25,1,332.792949657,425,13,2.09790104931,244.976303498,296.585813814,13,13,0.5,0.4,0.3,1,2.96585813814,255.266473699,0.3,0.6,152.789439953,1.83333333333,9f1354cfd2ae896f
399,12000428,25,2,395.479767772,325,14,2.36029136285,269.749735239,291.68513644,14,14,0.4,0.5,0,1,2.9168513644,255.266473699,0.3,0.6,152.789439953,1.83333333333,9f1354cfd2ae896f
399,12000428,25,3,171.96219965,75,18,1.64589105703,264.743177511,188.719420642,18,18,0.7,0.8,0.3,1,1.88719420642,255.266473699,0.3,0.6,152.789439953,1.83333333333,9f1354cfd2ae896f
400,12000429,25,0,300.970008143,425,16,1.76792577101,258.305755869,317.880050595,16,16,0.7,0.3,0.1,1,3.17880050595,286.168577354,0.2,0.2,80.1695079244,3,67313c4a5d364809
400,12000429,25,1,306.603862686,75,16,2.47202849717,300.693403386,203.832470511,16,16,0.7,0.7,0.1,1,2.03832470511,286.168577354,0.2,0.2,80.1695079244,3,67313c4a5d364809
400,12000429,25,2,133.741345546,325,17,2.42001111656,216.167951242,275.486937727,17,17,0.7,0.4,0.1,1,2.75486937727,286.168577354,0.2,0.2,80.1695079244,3,67313c4a5d364809
400,12000429,25,3,76.1961086336,175,17,2.98877403351,236.637208599,270.882842366,17,17,0.8,0.5,0.2,1,2.70882842366,286.168577354,0.2,0.2,80.1695079244,3,67313c4a5d364809
401,12000430,25,0,293.445100464,325,19,2.25046718982,162.633694671,214.149725103,19,19,1,0.9,0.3,1,2.14149725103,226.556227284,0.3,0.5,94.7037688233,1.33333333333,a0e198be563db50f
401,12000430,25,1,13.6588740733,175,12,2.2265768977,336.657064897,231.196432623,12,12,0.3,0.6,0.1,1,2.31196432623,226.556227284,0.3,0.5,94.7037688233,1.33333333333,a0e198be563db50f
401,12000430,25,2,367.859891136,75,15,2.88434564297,221.800703014,246.08267197,15,15,0.7,0.6,0.2,1,2.4608267197,226.556227284,0.3,0.5,94.7037688233,1.33333333333,a0e198be563db50f
401,12000430,25,3,66.0048402699,425,10,2.74133170387,316.968619236,276.924909457,10,10,0.3,0.5,0.1,1,2.76924909457,226.556227284,0.3,0.5,94.7037688233,1.33333333333,a0e198be563db50f
402,12000431,25,0,300.591513615,325,22,2.53211366792,261.701110126,205.591567486,22,22,0.7,0.8,0.6,1,2.05591567486,264.065673581,0.6,1.7,207.763988924,2.19444444444,2bcd40ce4f7bf8a1
402,12000431,25,1,346.045681878,175,20,2.12882782189,231.29099076,208.096433996,20,20,0.6,0.7,0.6,1,2.08096433996,264.065673581,0.6,1.7,207.763988924,2.19444444444,2bcd40ce4f7bf8a1
402,12000431,25,2,235.802061844,75,20,2.20513437866,210.867630145,200.149418977,20,20,0.8,1,0.5,1,2.00149418977,264.065673581,0.6,1.7,207.763988924,2.19444444444,2bcd40ce4f7bf8a1
402,12000431,25,3,203.023124062,425,13,2.11774578615,298.121116737,259.792982323,13,13,0.5,0.5,0.6,1,2.59792982323,264.065673581,0.6,1.7,207.763988924,2.19444444444,2bcd40ce4f7bf8a1
403,12000432,25,0,20.2849894955,175,10,1.99819735787,361.063751579,307.457261154,10,10,0.1,0.3,0,1,3.07457261154,252.918663476,0.4,0.8,142.683508027,2.1875,b14d808014f9665f
403,12000432,25,1,175.522857834,425,18,2.72861413726,269.018402537,208.760789345,18,18,0.7,0.8,0.3,1,2.08760789345,252.918663476,0.4,0.8,142.683508027,2.1875,b14d808014f9665f
403,12000432,25,2,434.710185136,75,11,2.77645397266,245.861889254,297.694150443,11,11,0.5,0.4,0.2,1,2.97694150443,252.918663476,0.4,0.8,142.683508027,2.1875,b14d808014f9665f
403,12000432,25,3,464.517621716,325,15,2.32699935477,198.767883613,243.810312717,15,15,0.8,0.6,0.4,1,2.43810312717,252.918663476,0.4,0.8,142.683508027,2.1875,b14d808014f9665f
404,12000433,25,0,235.951937123,325,21,1.83839744337,181.470996848,250.084700125,21,21,0.9,0.8,0.2,1,2.50084700125,325.961750603,0.2,1.1,380.59949406,1.45,cfcd2881c2f5b990
404,12000433,25,1,77.6692907832,425,8,2.28611778919,284.707989388,373.101683808,8,8,0.5,0.1,0,1,3.73101683808,325.961750603,0.2,1.1,380.59949406,1.45,cfcd2881c2f5b990
404,12000433,25,2,147.720712648,75,10,1.95997169525,268.8742218,393.085561802,10,10,0.6,0.2,0,1,3.93085561802,325.961750603,0.2,1.1,380.59949406,1.45,cfcd2881c2f5b990
404,12000433,25,3,399.794061629,175,16,2.79455205398,229.598988237,228.726455718,16,16,0.6,0.5,0.1,1,2.28726455718,325.961750603,0.2,1.1,380.59949406,1.45,cfcd2881c2f5b990
405,12000434,25,0,435.570965332,175,14,2.50862643768,218.421549879,286.942096612,14,14,0.6,0.5,0.3,1,2.86942096612,253.382172424,0.5,1.4,210.688085825,1.83333333333,b4a7211bd66c1c08
405,12000434,25,1,31.608596847,425,9,2.53322703936,309.93656456,271.283479019,9,9,0.5,0.7,0.2,1,2.71283479019,253.382172424,0.5,1.4,210.688085825,1.83333333333,b4a7211bd66c1c08
405,12000434,25,2,290.566368837,325,21,2.22229048382,200.439816254,224.547059974,21,21,0.8,0.8,0.5,1,2.24547059974,253.382172424,0.5,1.4,210.688085825,1.83333333333,b4a7211bd66c1c08
405,12000434,25,3,104.437109759,75,14,2.69875571935,287.968407039,210.430323013,14,14,0.5,0.9,0.5,1,2.10430323013,253.382172424,0.5,1.4,210.688085825,1.83333333333,b4a7211bd66c1c08
406,12000435,25,0,19.4449654695,175,13,2.73840758798,302.254449924,308.360408666,13,13,0.4,0.4,0.1,1,3.08360408666,327.90535878,0.2,0.7,280.174691066,1.75,a0f4af57d7957bc3
406,12000435,25,1,131.827326265,325,17,1.79356680419,220.322128527,214.542711767,17,17,0.7,0.7,0.2,1,2.14542711767,327.90535878,0.2,0.7,280.174691066,1.75,a0f4af57d7957bc3
406,12000435,25,2,398.242573779,75,12,2.88782562367,360.847254103,342.750877728,12,12,0.4,0.4,0.1,1,3.42750877728,327.90535878,0.2,0.7,280.174691066,1.75,a0f4af57d7957bc3
406,12000435,25,3,282.300166001,425,17,1.79091075839,224.029051313,229.042052706,17,17,0.8,0.9,0.1,1,2.29042052706,327.90535878,0.2,0.7,280.174691066,1.75,a0f4af57d7957bc3
407,12000436,25,0,296.884532877,325,23,1.90187107544,180.550264903,173.617523054,23,23,1,0.9,0.4,1,1.73617523054,219.190698604,0.4,0.7,128.631708843,1.75,480b6ffa21aba4fb
407,12000436,25,1,434.781384054,425,12,1.72408595602,268.229010829,270.814029304,12,12,0.5,0.6,0.2,1,2.70814029304,219.190698604,0.4,0.7,128.631708843,1.75,480b6ffa21aba4fb
407,12000436,25,2,154.533271072,75,15,1.81832813319,268.263759322,277.891211697,15,15,0.4,0.5,0.4,1,2.77891211697,219.190698604,0.4,0.7,128.631708843,1.75,480b6ffa21aba4fb
407,12000436,25,3,47.0137195787,175,16,1.5508159499,260.395119485,279.226300656,16,16,0.6,0.6,0.4,1,2.79226300656,219.190698604,0.4,0.7,128.631708843,1.75,480b6ffa21aba4fb
408,12000437,25,0,30.9975870396,175,12,2.24363027646,284.089696808,354.502388861,12,12,0.5,0.3,0,1,3.54502388861,277.452111853,0.1,0.3,235.524581868,1.33333333333,5c01d96cd23e6e6c
408,12000437,25,1,17.1483690779,325,11,1.87450266596,255.86718802,344.814067933,11,11,0.6,0.3,0,1,3.44814067933,277.452111853,0.1,0.3,235.524581868,1.33333333333,5c01d96cd23e6e6c
408,12000437,25,2,462.402626801,75,10,2.04266734262,389.018378861,276.555859063,10,10,0.2,0.6,0,1,2.76555859063,277.452111853,0.1,0.3,235.524581868,1.33333333333,5c01d96cd23e6e6c
408,12000437,25,3,289.210342033,425,18,1.74042015191,197.252414685,228.440515536,18,18,0.8,0.7,0.1,1,2.28440515536,277.452111853,0.1,0.3,235.524581868,1.33333333333,5c01d96cd23e6e6c
409,12000438,25,0,170.568130365,175,21,1.66014053149,185.486322034,203.464195973,21,21,1,0.9,0.2,1,2.03464195973,239.7746361,0.2,0.2,68.5662948699,2,c10465b13ee2f061
409,12000438,25,1,18.079725941,75,13,2.67559810843,216.025435411,309.621406905,13,13,0.8,0.5,0.2,1,3.09621406905,239.7746361,0.2,0.2,68.5662948699,2,c10465b13ee2f061
409,12000438,25,2,473.480479004,425,9,2.57430154512,459.784911845,341.700300006,9,9,0,0.3,0,1,3.41700300006,239.7746361,0.2,0.2,68.5662948699,2,c10465b13ee2f061
409,12000438,25,3,309.208784612,325,22,2.20846402383,286.269302544,212.010227231,22,22,0.7,0.9,0.2,1,2.12010227231,239.7746361,0.2,0.2,68.5662948699,2,c10465b13ee2f061
410,12000439,25,0,451.613914774,175,16,1.91058951261,265.677614185,222.051298523,16,16,0.6,0.6,0.5,1,2.22051298523,201.39033722,0.8,3.4,325.500146679,1.53888888889,8685e66fed6870cc
410,12000439,25,1,473.169681956,325,16,2.81671578631,254.472709254,204.508668259,16,16,0.6,0.8,0.6,1,2.04508668259,201.39033722,0.8,3.4,325.500146679,1.53888888889,8685e66fed6870cc
410,12000439,25,2,95.1268160737,425,12,1.98855766697,225.787769962,252.971779339,12,12,0.8,0.7,0.2,1,2.52971779339,201.39033722,0.8,3.4,325.500146679,1.53888888889,8685e66fed6870cc
410,12000439,25,3,100.220009533,75,7,2.07684264564,307.988531968,367.808798434,7,7,0.3,0.1,0,1,3.67808798434,201.39033722,0.8,3.4,325.500146679,1.53888888889,8685e66fed6870cc
411,12000440,25,0,328.452884805,325,20,2.14373116954,205.551049851,205.703132406,20,20,0.8,1,0.4,1,2.05703132406,215.267521819,0.4,0.7,111.349668385,1.375,d73a660b9c04587a
411,12000440,25,1,11.6600330803,425,11,2.18853214809,330.363933715,283.877133412,11,11,0.4,0.6,0.3,1,2.83877133412,215.267521819,0.4,0.7,111.349668385,1.375,d73a660b9c04587a
411,12000440,25,2,256.301030982,75,16,1.84256468165,264.460334184,288.418840218,16,16,0.6,0.6,0.4,1,2.88418840218,215.267521819,0.4,0.7,111.349668385,1.375,d73a660b9c04587a
411,12000440,25,3,252.981717614,175,22,2.01254404868,213.969017802,223.794588577,22,22,0.8,0.9,0.4,1,2.23794588577,215.267521819,0.4,0.7,111.349668385,1.375,d73a660b9c04587a
412,12000441,25,0,78.8719622982,175,14,1.54788271617,222.522631365,336.602091475,14,14,0.7,0.3,0.4,1,3.36602091475,270.303534912,0.4,0.6,109.13472602,1.91666666667,fa54b22c90451e3f
412,12000441,25,1,276.936115636,75,15,1.51021328934,279.864928046,358.573061298,15,15,0.6,0.3,0.1,1,3.58573061298,270.303534912,0.4,0.6,109.13472602,1.91666666667,fa54b22c90451e3f
412,12000441,25,2,400.31810901,425,16,2.03380157676,290.966718235,205.844227857,16,16,0.5,0.6,0.4,1,2.05844227857,270.303534912,0.4,0.6,109.13472602,1.91666666667,fa54b22c90451e3f
412,12000441,25,3,94.4936658034,325,17,2.6435765057,194.609366448,245.655170353,17,17,0.7,0.6,0.4,1,2.45655170353,270.303534912,0.4,0.6,109.13472602,1.91666666667,fa54b22c90451e3f
413,12000442,25,0,137.27838806,175,19,1.78088666203,256.633699864,245.384623412,19,19,0.6,0.6,0,1,2.45384623412,318.023584555,0.2,0.5,175.80942664,1.625,45c7c2f4ed11bd69
413,12000442,25,1,145.802916785,75,16,2.68759358874,301.461223561,269.54157626,16,16,0.5,0.6,0,1,2.6954157626,318.023584555,0.2,0.5,175.80942664,1.625,45c7c2f4ed11bd69
413,12000442,25,2,304.575292286,325,18,2.54685098605,190.698959833,243.619098526,18,18,0.9,0.8,0.2,1,2.43619098526,318.023584555,0.2,0.5,175.80942664,1.625,45c7c2f4ed11bd69
413,12000442,25,3,327.741291599,425,11,2.68731017302,220.52219913,270.404280063,11,11,0.7,0.4,0.2,1,2.70404280063,318.023584555,0.2,0.5,175.80942664,1.625,45c7c2f4ed11bd69
414,12000443,25,0,432.196810808,175,16,2.93917099356,309.419718663,276.921188813,16,16,0.3,0.7,0,1,2.76921188813,270.752793995,0.2,0.6,181.639725847,1.625,c524a644e460b2c7
414,12000443,25,1,497.635192819,425,12,2.72239798602,352.974382552,289.279743331,12,12,0.5,0.4,0.2,1,2.89279743331,270.752793995,0.2,0.6,181.639725847,1.625,c524a644e460b2c7
414,12000443,25,2,35.5144351949,75,7,2.93777021802,284.899501609,403.412030415,7,7,0.4,0.1,0,1,4.03412030415,270.752793995,0.2,0.6,181.639725847,1.625,c524a644e460b2c7
414,12000443,25,3,112.805923766,325,17,2.35709493064,197.846873082,250.665514048,17,17,1,0.5,0.2,1,2.50665514048,270.752793995,0.2,0.6,181.639725847,1.625,c524a644e460b2c7
415,12000444,25,0,58.8775066649,325,17,2.29099088511,215.533322937,237.997761901,17,17,0.7,0.7,0.3,1,2.37997761901,246.961008127,0.4,1.1,194.752506852,1.6875,f59027ab907302d6
415,12000444,25,1,34.9749861391,425,12,2.56047736892,304.446871492,308.222115408,12,12,0.7,0.3,0.2,1,3.08222115408,246.961008127,0.4,1.1,194.752506852,1.6875,f59027ab907302d6
415,12000444,25,2,492.379050978,75,11,2.59655067018,356.855668192,348.029229383,11,11,0.3,0.4,0.1,1,3.48029229383,246.961008127,0.4,1.1,194.752506852,1.6875,f59027ab907302d6
415,12000444,25,3,492.011500655,175,12,2.94131813791,343.005269012,334.443555881,12,12,0.3,0.4,0.1,1,3.34443555881,246.961008127,0.4,1.1,194.752506852,1.6875,f59027ab907302d6
416,12000445,25,0,380.235016529,175,19,2.33371539663,233.720194701,233.541278696,19,19,0.6,0.8,0,1,2.33541278696,259.845134996,0,0,nan,nan,ace8538d3b2310f6
416,12000445,25,1,337.813055888,325,17,2.04516884786,229.115349231,240.590708414,17,17,0.9,0.6,0,1,2.40590708414,259.845134996,0,0,nan,nan,ace8538d3b2310f6
416,12000445,25,2,18.93377556,75,9,2.74490355297,370.712110764,304.976537411,9,9,0.2,0.4,0,1,3.04976537411,259.845134996,0,0,nan,nan,ace8538d3b2310f6
416,12000445,25,3,241.210541609,425,15,2.00245634009,256.680852127,264.269415057,15,15,0.6,0.5,0,1,2.64269415057,259.845134996,0,0,nan,nan,ace8538d3b2310f6
417,12000446,25,0,52.6500352697,325,13,1.58088443184,253.759656012,247.762041425,13,13,0.5,0.5,0.2,1,2.47762041425,253.356229258,0.4,1.1,199.234653409,1.79166666667,b5c6d27166652bfd
417,12000446,25,1,481.680089444,175,12,1.64308886971,266.954072249,278.858035143,12,12,0.5,0.5,0.2,1,2.78858035143,253.356229258,0.4,1.1,199.234653409,1.79166666667,b5c6d27166652bfd
417,12000446,25,2,225.637153343,425,17,1.8842155499,286.734051107,246.168657857,17,17,0.6,0.6,0.3,1,2.46168657857,253.356229258,0.4,1.1,199.234653409,1.79166666667,b5c6d27166652bfd
417,12000446,25,3,303.561025055,75,16,1.53909014998,178.123367373,245.113564528,16,16,0.9,0.5,0.1,1,2.45113564528,253.356229258,0.4,1.1,199.234653409,1.79166666667,b5c6d27166652bfd
418,12000447,25,0,492.974290749,75,10,2.95285050885,267.973374477,313.231439777,10,10,0.6,0.4,0,1,3.13231439777,317.009799618,0.2,0.7,249.471543454,2.125,54b3278cf74203ff
418,12000447,25,1,44.3351859733,325,13,2.67066367299,352.892987269,274.031246606,13,13,0.1,0.6,0.1,1,2.74031246606,317.009799618,0.2,0.7,249.471543454,2.125,54b3278cf74203ff
418,12000447,25,2,33.7257265358,425,10,2.46899913217,394.648330851,325.478018313,10,10,0.1,0.5,0,1,3.25478018313,317.009799618,0.2,0.7,249.471543454,2.125,54b3278cf74203ff
418,12000447,25,3,432.42996442,175,17,2.71968260635,199.283879316,246.349438975,17,17,1,0.7,0.2,1,2.46349438975,317.009799618,0.2,0.7,249.471543454,2.125,54b3278cf74203ff
419,12000448,25,0,459.934951981,175,18,2.04573816308,253.526820772,180.061300654,18,18,0.7,0.9,0.6,1,1.80061300654,256.959444817,0.6,2.4,317.273687326,1.58888888889,9e87dfe9ee7b4424
419,12000448,25,1,383.988960855,425,15,2.22460336011,229.977565465,227.771153822,15,15,0.6,0.7,0.3,1,2.27771153822,256.959444817,0.6,2.4,317.273687326,1.58888888889,9e87dfe9ee7b4424
419,12000448,25,2,248.462094933,325,24,1.90607373039,199.730370322,195.823160909,24,24,1,1,0.6,1,1.95823160909,256.959444817,0.6,2.4,317.273687326,1.58888888889,9e87dfe9ee7b4424
419,12000448,25,3,166.248200887,75,15,2.59952280063,294.519474309,252.611594371,15,15,0.5,0.6,0.4,1,2.52611594371,256.959444817,0.6,2.4,317.273687326,1.58888888889,9e87dfe9ee7b4424
420,12000449,25,0,50.1940242824,425,11,1.57903289495,355.402098616,307.897810208,11,11,0.3,0.3,0,1,3.07897810208,294.230456421,0.1,0.3,191.697412604,2.33333333333,e792a8a65e413120
420,12000449,25,1,247.751027346,325,24,1.64127242956,239.720658378,210.051757463,24,24,1,1,0.1,1,2.10051757463,294.230456421,0.1,0.3,191.697412604,2.33333333333,e792a8a65e413120
420,12000449,25,2,193.432995877,75,17,1.66981221569,253.394521284,228.546865256,17,17,0.7,0.7,0.1,1,2.28546865256,294.230456421,0.1,0.3,191.697412604,2.33333333333,e792a8a65e413120
420,12000449,25,3,490.519814245,175,14,1.73124578248,307.591022274,279.031903161,14,14,0.5,0.6,0.1,1,2.79031903161,294.230456421,0.1,0.3,191.697412604,2.33333333333,e792a8a65e413120
421,12000450,25,0,393.003317183,325,14,1.75490747787,303.223827241,256.456178705,14,14,0.4,0.5,0.2,1,2.56456178705,304.733670094,0.2,0.4,154.710510863,2,a78184b9617995ec
421,12000450,25,1,388.151097646,75,11,2.94008640609,361.605450386,253.056856933,11,11,0.3,0.6,0,1,2.53056856933,304.733670094,0.2,0.4,154.710510863,2,a78184b9617995ec
421,12000450,25,2,2.58272334154,425,13,1.77420604485,236.576489328,356.708024327,13,13,0.7,0.4,0.2,1,3.56708024327,304.733670094,0.2,0.4,154.710510863,2,a78184b9617995ec
421,12000450,25,3,294.041280182,175,19,1.67485781085,251.374841315,207.654738204,19,19,0.7,0.7,0.2,1,2.07654738204,304.733670094,0.2,0.4,154.710510863,2,a78184b9617995ec
422,12000451,25,0,107.39388193,75,16,2.77649972353,201.806916478,192.555104532,16,16,0.8,0.9,0.7,1,1.92555104532,215.551655028,0.7,1.7,202.094310709,1.47142857143,f711168f2851a1d8
422,12000451,25,1,356.375264894,425,13,2.24047451373,298.362867569,291.126256443,13,13,0.5,0.6,0.2,1,2.91126256443,215.551655028,0.7,1.7,202.094310709,1.47142857143,f711168f2851a1d8
422,12000451,25,2,356.316273874,175,19,2.85035689382,200.630548624,207.340251664,19,19,0.9,0.9,0.7,1,2.07340251664,215.551655028,0.7,1.7,202.094310709,1.47142857143,f711168f2851a1d8
422,12000451,25,3,56.0861714827,325,15,2.00042535446,247.367928569,225.291189269,15,15,0.7,0.7,0.4,1,2.25291189269,215.551655028,0.7,1.7,202.094310709,1.47142857143,f711168f2851a1d8
423,12000452,25,0,241.019960925,75,16,1.71495260786,217.143962982,215.590554762,16,16,0.7,0.6,0.4,1,2.15590554762,250.346577789,0.8,4.3,436.057770097,1.61096230159,8605fe0841900171
423,12000452,25,1,58.4695504507,425,12,2.70473972573,319.828903988,325.928595375,12,12,0.2,0.3,0.2,1,3.25928595375,250.346577789,0.8,4.3,436.057770097,1.61096230159,8605fe0841900171
423,12000452,25,2,383.835260596,325,18,1.63031906343,231.785096561,235.551485728,18,18,0.7,0.8,0.8,1,2.35551485728,250.346577789,0.8,4.3,436.057770097,1.61096230159,8605fe0841900171
423,12000452,25,3,410.828843159,175,18,2.94160908361,234.498103489,231.195683226,18,18,0.7,0.6,0.7,1,2.31195683226,250.346577789,0.8,4.3,436.057770097,1.61096230159,8605fe0841900171
424,12000453,25,0,118.04164107,325,15,1.6827504036,259.083478155,210.771901547,15,15,0.5,0.8,0.3,1,2.10771901547,306.743070813,0.3,0.4,111.282644613,1.5,aa270504db094b4e
424,12000453,25,1,393.793222871,75,10,2.91864417621,279.804910678,324.155207425,10,10,0.5,0.4,0.1,1,3.24155207425,306.743070813,0.3,0.4,111.282644613,1.5,aa270504db094b4e
424,12000453,25,2,376.924902523,425,13,1.64014058947,314.636362591,295.929286747,13,13,0.3,0.3,0.1,1,2.95929286747,306.743070813,0.3,0.4,111.282644613,1.5,aa270504db094b4e
424,12000453,25,3,148.111560972,175,15,1.56261379758,244.681946882,224.513600524,15,15,0.6,0.7,0.3,1,2.24513600524,306.743070813,0.3,0.4,111.282644613,1.5,aa270504db094b4e
425,12000454,25,0,45.280818487,75,11,2.25544215829,277.984187623,280.533987086,11,11,0.4,0.5,0,1,2.80533987086,260.033492039,0.1,0.2,155.64902818,1,7eb04f3513b37b60
425,12000454,25,1,73.7890860537,325,14,2.92192252416,231.088936042,205.753151903,14,14,0.6,0.6,0.1,1,2.05753151903,260.033492039,0.1,0.2,155.64902818,1,7eb04f3513b37b60
425,12000454,25,2,472.777951295,425,9,2.85843920492,334.090176433,377.470479317,9,9,0.4,0.1,0.1,1,3.77470479317,260.033492039,0.1,0.2,155.64902818,1,7eb04f3513b37b60
425,12000454,25,3,287.350458239,175,22,2.29555758504,189.990504352,211.928751628,22,22,1,0.9,0.1,1,2.11928751628,260.033492039,0.1,0.2,155.64902818,1,7eb04f3513b37b60
426,12000455,25,0,385.742836049,325,19,2.90412911687,150.399350753,234.048647759,19,19,0.9,0.6,0.4,1,2.34048647759,237.31752941,0.4,1.8,359.371029589,2.16666666667,4eec7314fea08517
426,12000455,25,1,307.243130171,75,13,2.51898786325,270.134062613,279.459395022,13,13,0.7,0.5,0.3,1,2.79459395022,237.31752941,0.4,1.8,359.371029589,2.16666666667,4eec7314fea08517
426,12000455,25,2,84.6505803166,425,17,2.98988323451,245.692629164,280.907975395,17,17,0.9,0.4,0.4,1,2.80907975395,237.31752941,0.4,1.8,359.371029589,2.16666666667,4eec7314fea08517
426,12000455,25,3,243.926420945,175,22,1.94597726513,183.551784421,211.093682339,22,22,0.9,0.8,0.4,1,2.11093682339,237.31752941,0.4,1.8,359.371029589,2.16666666667,4eec7314fea08517
427,12000456,25,0,246.698744848,75,19,2.1109309148,246.823902211,222.510564176,19,19,0.7,0.7,0.2,1,2.22510564176,243.132615659,0.2,0.3,146.049810587,2,9e73c71af21d4fc7
427,12000456,25,1,138.475384535,175,19,1.76715144452,214.868700144,226.060123349,19,19,0.7,0.8,0.2,1,2.26060123349,243.132615659,0.2,0.3,146.049810587,2,9e73c71af21d4fc7
427,12000456,25,2,251.948262688,325,23,1.73953052082,213.876437289,184.51675618,23,23,0.9,1,0.2,1,1.8451675618,243.132615659,0.2,0.3,146.049810587,2,9e73c71af21d4fc7
427,12000456,25,3,480.581869936,425,9,2.53420719447,328.625461537,301.818180721,9,9,0.4,0.4,0,1,3.01818180721,243.132615659,0.2,0.3,146.049810587,2,9e73c71af21d4fc7
428,12000457,25,0,280.880593476,175,20,1.71409872985,198.907902547,232.887751036,20,20,0.8,0.9,0.3,1,2.32887751036,257.205127863,0.3,0.9,205.15497748,1.16666666667,b69e8c1e2a4a02aa
428,12000457,25,1,364.31954887,425,14,2.22274809339,255.338344576,332.67771459,14,14,0.5,0.3,0.3,1,3.3267771459,257.205127863,0.3,0.9,205.15497748,1.16666666667,b69e8c1e2a4a02aa
428,12000457,25,2,6.96437952032,325,16,2.1637894614,319.966969297,273.619770909,16,16,0.4,0.7,0,1,2.73619770909,257.205127863,0.3,0.9,205.15497748,1.16666666667,b69e8c1e2a4a02aa
428,12000457,25,3,341.191199089,75,13,2.4676110936,251.774397632,279.191555792,13,13,0.8,0.5,0.3,1,2.79191555792,257.205127863,0.3,0.9,205.15497748,1.16666666667,b69e8c1e2a4a02aa
429,12000458,25,0,47.476535386,75,8,2.25113085293,421.085976983,377.565507404,8,8,0.1,0.2,0,1,3.77565507404,215.259884831,0.4,1,189.166459033,1.98333333333,fd15f503c47f1da
429,12000458,25,1,458.25544164,175,15,2.13244496042,185.26682405,211.61062736,15,15,0.9,0.8,0.3,1,2.1161062736,215.259884831,0.4,1,189.166459033,1.98333333333,fd15f503c47f1da
429,12000458,25,2,494.516864772,325,14,2.66389467266,190.811659335,231.884676443,14,14,0.9,0.6,0.4,1,2.31884676443,215.259884831,0.4,1,189.166459033,1.98333333333,fd15f503c47f1da
429,12000458,25,3,28.812177338,425,8,2.51489639028,419.316446219,393.774017906,8,8,0.1,0.2,0,1,3.93774017906,215.259884831,0.4,1,189.166459033,1.98333333333,fd15f503c47f1da
430,12000459,25,0,121.63147162,425,13,2.38791740557,319.609227834,256.039348309,13,13,0.2,0.6,0.1,1,2.56039348309,236.380750693,0.4,0.9,184.214890223,1.375,80bbf4185d82e97e
430,12000459,25,1,39.3816074132,175,13,2.95358572417,342.152448294,348.816282308,13,13,0.4,0.4,0.2,1,3.48816282308,236.380750693,0.4,0.9,184.214890223,1.375,80bbf4185d82e97e
430,12000459,25,2,391.97973379,75,14,1.62626333548,254.353757365,288.559360416,14,14,0.6,0.5,0.4,1,2.88559360416,236.380750693,0.4,0.9,184.214890223,1.375,80bbf4185d82e97e
430,12000459,25,3,333.319509748,325,23,1.69603746187,186.321209706,167.377596654,23,23,0.9,1,0.4,1,1.67377596654,236.380750693,0.4,0.9,184.214890223,1.375,80bbf4185d82e97e
431,12000460,25,0,279.729483298,325,22,1.99002620636,193.799936776,191.945518801,22,22,0.8,0.9,0.1,1,1.91945518801,264.017589555,0.1,0.1,98.3718698131,1,345a3ac6a7900b0c
431,12000460,25,1,21.6646109946,175,15,2.97138032702,288.275272011,325.537611443,15,15,0.6,0.4,0,1,3.25537611443,264.017589555,0.1,0.1,98.3718698131,1,345a3ac6a7900b0c
431,12000460,25,2,377.426709032,425,17,1.83573534225,268.294776872,229.896259372,17,17,0.6,0.6,0.1,1,2.29896259372,264.017589555,0.1,0.1,98.3718698131,1,345a3ac6a7900b0c
431,12000460,25,3,170.426874427,75,15,1.94721954467,241.304823247,311.351502048,15,15,0.7,0.3,0,1,3.11351502048,264.017589555,0.1,0.1,98.3718698131,1,345a3ac6a7900b0c
432,12000461,25,0,312.229581647,325,22,2.34847623108,180.569882784,188.263568685,22,22,1,1,0.3,1,1.88263568685,255.105686197,0.3,0.8,199.579882943,2.63888888889,4c76b787b2b1606f
432,12000461,25,1,14.3271388298,425,6,2.82929567139,323.720789062,385.874581683,6,6,0.4,0.2,0,1,3.85874581683,255.105686197,0.3,0.8,199.579882943,2.63888888889,4c76b787b2b1606f
432,12000461,25,2,497.265738627,75,14,2.75532213778,310.163646165,284.731640668,14,14,0.5,0.6,0.3,1,2.84731640668,255.105686197,0.3,0.8,199.579882943,2.63888888889,4c76b787b2b1606f
432,12000461,25,3,160.687692385,175,19,1.58033469097,177.590366202,222.960813198,19,19,0.9,0.7,0.3,1,2.22960813198,255.105686197,0.3,0.8,199.579882943,2.63888888889,4c76b787b2b1606f
433,12000462,25,0,458.158357154,425,11,2.88741127261,281.261152514,320.38134229,11,11,0.5,0.5,0.1,1,3.2038134229,250.391414862,0.1,0.1,45.5400497593,1,894aeb8c1a9b02ab
433,12000462,25,1,60.9661702063,175,16,1.73854325842,279.912187706,267.917517664,16,16,0.5,0.6,0,1,2.67917517664,250.391414862,0.1,0.1,45.5400497593,1,894aeb8c1a9b02ab
433,12000462,25,2,376.732272216,75,13,2.89431837708,242.214753648,316.02675102,13,13,0.6,0.3,0.1,1,3.1602675102,250.391414862,0.1,0.1,45.5400497593,1,894aeb8c1a9b02ab
433,12000462,25,3,56.945448071,325,13,1.62810535392,265.787423619,283.901243299,13,13,0.4,0.7,0,1,2.83901243299,250.391414862,0.1,0.1,45.5400497593,1,894aeb8c1a9b02ab
434,12000463,25,0,168.769752139,325,19,2.28205708379,270.728161358,246.215082033,19,19,0.7,0.7,0.5,1,2.46215082033,225.15377122,0.6,1.7,209.205001278,1.39444444444,8615ce50d1076099
434,12000463,25,1,452.140668822,75,16,1.80734013734,303.48140049,296.238348149,16,16,0.6,0.5,0.4,1,2.96238348149,225.15377122,0.6,1.7,209.205001278,1.39444444444,8615ce50d1076099
434,12000463,25,2,443.891578704,175,18,2.24322830393,273.79273704,263.45081583,18,18,0.7,0.7,0.4,1,2.6345081583,225.15377122,0.6,1.7,209.205001278,1.39444444444,8615ce50d1076099
434,12000463,25,3,193.055505594,425,16,2.48910708191,301.735365285,249.258111353,16,16,0.5,0.7,0.2,1,2.49258111353,225.15377122,0.6,1.7,209.205001278,1.39444444444,8615ce50d1076099
435,12000464,25,0,336.136997749,75,18,1.63939239209,244.338716812,223.970989136,18,18,0.7,0.7,0.2,1,2.23970989136,271.240349197,0.3,0.8,212.20963168,1.5,7a356f2abb96a0c3
435,12000464,25,1,334.59736085,175,22,2.30336725483,195.991461352,214.350948966,22,22,0.9,0.8,0.3,1,2.14350948966,271.240349197,0.3,0.8,212.20963168,1.5,7a356f2abb96a0c3
435,12000464,25,2,113.878199838,325,17,2.35511253119,204.112804012,226.033046709,17,17,0.7,0.7,0.2,1,2.26033046709,271.240349197,0.3,0.8,212.20963168,1.5,7a356f2abb96a0c3
435,12000464,25,3,85.3260466642,425,11,2.08592571804,268.536029941,277.223420094,11,11,0.6,0.5,0.1,1,2.77223420094,271.240349197,0.3,0.8,212.20963168,1.5,7a356f2abb96a0c3
436,12000465,25,0,428.586599522,175,17,2.09148485797,202.325793077,238.062854556,17,17,0.8,0.7,0.1,1,2.38062854556,278.810861385,0.2,0.2,79.1463869784,2,9bba707f58221ec3
436,12000465,25,1,127.945492385,425,10,2.24311638065,265.718462878,294.026582608,10,10,0.5,0.5,0.2,1,2.94026582608,278.810861385,0.2,0.2,79.1463869784,2,9bba707f58221ec3
436,12000465,25,2,302.135704807,325,20,2.51117386934,169.547788428,209.847904835,20,20,0.9,0.8,0.2,1,2.09847904835,278.810861385,0.2,0.2,79.1463869784,2,9bba707f58221ec3
436,12000465,25,3,224.357534042,75,16,1.90235772508,280.353846034,271.70233549,16,16,0.7,0.4,0.1,1,2.7170233549,278.810861385,0.2,0.2,79.1463869784,2,9bba707f58221ec3
437,12000466,25,0,272.985209095,75,20,2.00084367698,235.844683466,215.130305157,20,20,0.9,0.8,0.1,1,2.15130305157,282.014769651,0.3,1,299.678214966,1.22222222222,1167237ee5aa72e8
437,12000466,25,1,382.918997297,175,19,2.61794965777,225.377809542,200.618005377,19,19,0.7,0.8,0.2,1,2.00618005377,282.014769651,0.3,1,299.678214966,1.22222222222,1167237ee5aa72e8
437,12000466,25,2,137.15940263,425,9,2.55663567767,264.842153503,337.470451411,9,9,0.4,0.3,0.2,1,3.37470451411,282.014769651,0.3,1,299.678214966,1.22222222222,1167237ee5aa72e8
437,12000466,25,3,6.46746961908,325,12,2.72882138419,281.702184003,363.624475429,12,12,0.7,0.4,0.2,1,3.63624475429,282.014769651,0.3,1,299.678214966,1.22222222222,1167237ee5aa72e8
438,12000467,25,0,35.2178675732,325,16,2.47332486499,280.584865667,281.475743451,16,16,0.6,0.6,0.5,1,2.81475743451,246.448793953,0.6,1.6,192.918313104,3.12777777778,47ac330c267798c1
438,12000467,25,1,414.500745867,75,13,1.54098899998,281.161193731,280.350519455,13,13,0.5,0.6,0.5,1,2.80350519455,246.448793953,0.6,1.6,192.918313104,3.12777777778,47ac330c267798c1
438,12000467,25,2,349.137540436,175,20,1.7531757243,195.592899393,198.282550811,20,20,0.9,0.9,0.6,1,1.98282550811,246.448793953,0.6,1.6,192.918313104,3.12777777778,47ac330c267798c1
438,12000467,25,3,33.4603585064,425,14,2.43143813981,312.452911098,308.556080547,14,14,0.5,0.5,0.4,1,3.08556080547,246.448793953,0.6,1.6,192.918313104,3.12777777778,47ac330c267798c1
439,12000468,25,0,433.533529069,175,16,2.05594593548,192.705867754,196.153094352,16,16,0.7,0.8,0.4,1,1.96153094352,260.123026424,0.4,1.1,200.217129724,1.60416666667,7babb0052aac453
439,12000468,25,1,22.7261912839,75,8,2.08945330419,317.748772067,362.226325018,8,8,0.3,0.2,0,1,3.62226325018,260.123026424,0.4,1.1,200.217129724,1.60416666667,7babb0052aac453
439,12000468,25,2,129.565248832,425,15,2.28883607698,328.491022494,313.753990751,15,15,0.5,0.5,0,1,3.13753990751,260.123026424,0.4,1.1,200.217129724,1.60416666667,7babb0052aac453
439,12000468,25,3,471.667166526,325,16,2.29125349624,269.2455166,268.678313158,16,16,0.8,0.7,0.4,1,2.68678313158,260.123026424,0.4,1.1,200.217129724,1.60416666667,7babb0052aac453
440,12000469,25,0,451.826497669,175,17,2.30061929983,308.389090931,240.912120962,17,17,0.5,0.9,0.2,1,2.40912120962,193.007129219,0.3,0.4,67.0150949191,2,7ad67b8784fee25c
440,12000469,25,1,103.859325983,425,11,2.66158231192,244.470746952,313.716472366,11,11,0.6,0.4,0.2,1,3.13716472366,193.007129219,0.3,0.4,67.0150949191,2,7ad67b8784fee25c
440,12000469,25,2,271.379461239,75,17,2.23569023213,277.20091568,252.580960527,17,17,0.5,0.6,0.2,1,2.52580960527,193.007129219,0.3,0.4,67.0150949191,2,7ad67b8784fee25c
440,12000469,25,3,0.573873106496,325,9,2.78669447618,270.644626806,360.90158693,9,9,0.4,0.3,0.3,1,3.6090158693,193.007129219,0.3,0.4,67.0150949191,2,7ad67b8784fee25c
441,12000470,25,0,262.253434421,425,15,1.93964027386,202.03311117,199.531281129,15,15,0.8,0.7,0.4,1,1.99531281129,237.416114116,0.4,1.2,230.507306791,2.55,fc9a8f1e376f1e29
441,12000470,25,1,111.337269791,325,19,2.43092562676,185.234662005,153.955280725,19,19,1,0.9,0.4,1,1.53955280725,237.416114116,0.4,1.2,230.507306791,2.55,fc9a8f1e376f1e29
441,12000470,25,2,327.206367914,175,21,1.65753669194,262.492889826,253.132648054,21,21,0.7,0.8,0.4,1,2.53132648054,237.416114116,0.4,1.2,230.507306791,2.55,fc9a8f1e376f1e29
441,12000470,25,3,450.989369421,75,10,2.34271444759,392.707322732,370.677170808,10,10,0.3,0.2,0,1,3.70677170808,237.416114116,0.4,1.2,230.507306791,2.55,fc9a8f1e376f1e29
442,12000471,25,0,62.0228053982,175,12,1.50620366641,286.183209692,235.626287776,12,12,0.5,0.7,0.1,1,2.35626287776,264.75882742,0.5,2.1,284.1805172,1.18857142857,80339df5ced36c4f
442,12000471,25,1,363.366442108,325,15,2.07757422233,221.981053806,274.159794684,15,15,0.5,0.4,0.2,1,2.74159794684,264.75882742,0.5,2.1,284.1805172,1.18857142857,80339df5ced36c4f
442,12000471,25,2,185.301098057,425,19,2.07150485898,185.083353922,214.780164248,19,19,0.9,0.8,0.5,1,2.14780164248,264.75882742,0.5,2.1,284.1805172,1.18857142857,80339df5ced36c4f
442,12000471,25,3,416.544708004,75,11,2.8905180112,379.093203052,361.761749422,11,11,0.5,0.2,0,1,3.61761749422,264.75882742,0.5,2.1,284.1805172,1.18857142857,80339df5ced36c4f
443,12000472,25,0,454.128059269,425,13,2.92487005037,329.502968783,275.784079679,13,13,0.5,0.7,0.2,1,2.75784079679,251.760906747,0.3,0.7,203.013720719,2.66666666667,32d4ec77f3856026
443,12000472,25,1,166.570174183,75,18,1.979096851,224.157901242,250.869801759,18,18,0.9,0.7,0.3,1,2.50869801759,251.760906747,0.3,0.7,203.013720719,2.66666666667,32d4ec77f3856026
443,12000472,25,2,10.5801551418,175,13,2.59743040153,303.002862598,293.087056844,13,13,0.5,0.6,0.3,1,2.93087056844,251.760906747,0.3,0.7,203.013720719,2.66666666667,32d4ec77f3856026
443,12000472,25,3,436.705775449,325,18,2.68899097729,254.379525189,218.613841887,18,18,0.5,0.9,0.3,1,2.18613841887,251.760906747,0.3,0.7,203.013720719,2.66666666667,32d4ec77f3856026
444,12000473,25,0,288.924929655,175,22,1.81206566011,127.040069078,145.050677668,22,22,1,1,0.5,1,1.45050677668,170.498134178,0.5,0.9,109.237642904,1.6,c4d3422d71e262ff
444,12000473,25,1,382.599639689,75,14,2.99945955706,124.070371921,220.303213688,14,14,0.9,0.6,0.5,1,2.20303213688,170.498134178,0.5,0.9,109.237642904,1.6,c4d3422d71e262ff
444,12000473,25,2,4.6150855957,325,8,1.60300615858,398.224644251,304.398176568,8,8,0.1,0.6,0.1,1,3.04398176568,170.498134178,0.5,0.9,109.237642904,1.6,c4d3422d71e262ff
444,12000473,25,3,92.8938622963,425,9,2.85368167375,389.038295663,294.1506033,9,9,0.2,0.5,0.1,1,2.941506033,170.498134178,0.5,0.9,109.237642904,1.6,c4d3422d71e262ff
445,12000474,25,0,343.181512089,325,17,2.33009631784,270.628587438,260.090502727,17,17,0.6,0.5,0,1,2.60090502727,384.130257895,0,0,nan,nan,c673c40bb841db76
445,12000474,25,1,167.456307316,175,20,2.33702719976,221.959753673,216.780611805,20,20,0.8,0.8,0,1,2.16780611805,384.130257895,0,0,nan,nan,c673c40bb841db76
445,12000474,25,2,360.34764467,425,13,2.54847238427,317.874537499,299.139967823,13,13,0.3,0.4,0,1,2.99139967823,384.130257895,0,0,nan,nan,c673c40bb841db76
445,12000474,25,3,36.9670294989,75,11,2.04626211651,289.879778634,268.887062893,11,11,0.6,0.5,0,1,2.68887062893,384.130257895,0,0,nan,nan,c673c40bb841db76
446,12000475,25,0,87.6150125732,175,13,2.76267961782,191.484980072,271.075946401,13,13,0.8,0.7,0.3,1,2.71075946401,224.916332369,0.3,0.8,168.262541663,1.58333333333,61c94f8d4310e5a7
446,12000475,25,1,269.944416732,75,20,1.64206614885,242.349910565,203.064600038,20,20,0.6,0.9,0.2,1,2.03064600038,224.916332369,0.3,0.8,168.262541663,1.58333333333,61c94f8d4310e5a7
446,12000475,25,2,318.212368784,425,14,2.00400033448,270.893631948,266.06456839,14,14,0.7,0.6,0.1,1,2.6606456839,224.916332369,0.3,0.8,168.262541663,1.58333333333,61c94f8d4310e5a7
446,12000475,25,3,72.3251865558,325,11,2.90465350086,184.730020233,281.944655918,11,11,0.8,0.4,0.1,1,2.81944655918,224.916332369,0.3,0.8,168.262541663,1.58333333333,61c94f8d4310e5a7
447,12000476,25,0,38.8701494226,75,15,2.47068800844,306.328114411,288.494833316,15,15,0.5,0.5,0.3,1,2.88494833316,225.658782949,0.5,1,134.608613339,1.66666666667,ed1566268306c339
447,12000476,25,1,472.763164211,425,8,2.06879730091,310.959764738,338.863361108,8,8,0.4,0.5,0.2,1,3.38863361108,225.658782949,0.5,1,134.608613339,1.66666666667,ed1566268306c339
447,12000476,25,2,320.126733396,175,20,2.37812876315,233.777349888,232.207281146,20,20,0.9,0.8,0.5,1,2.32207281146,225.658782949,0.5,1,134.608613339,1.66666666667,ed1566268306c339
447,12000476,25,3,168.2072686,325,17,1.9317218062,178.48873649,230.730969499,17,17,0.8,0.7,0.5,1,2.30730969499,225.658782949,0.5,1,134.608613339,1.66666666667,ed1566268306c339
448,12000477,25,0,172.01323178,175,24,2.20579072671,155.321918986,117.243675427,24,24,1,1,0.8,1,1.17243675427,229.890903463,0.8,2.2,215.988818372,2.02083333333,b5a1b93fdbf7d06c
448,12000477,25,1,112.559472552,325,19,2.04869507275,251.960352075,186.257175322,19,19,0.7,0.9,0.7,1,1.86257175322,229.890903463,0.8,2.2,215.988818372,2.02083333333,b5a1b93fdbf7d06c
448,12000477,25,2,473.152282323,75,8,2.94092662806,334.843516488,332.656998448,8,8,0.2,0.1,0,1,3.32656998448,229.890903463,0.8,2.2,215.988818372,2.02083333333,b5a1b93fdbf7d06c
448,12000477,25,3,383.236743013,425,11,2.96444531061,384.824275592,343.748892949,11,11,0.1,0.4,0.1,1,3.43748892949,229.890903463,0.8,2.2,215.988818372,2.02083333333,b5a1b93fdbf7d06c
449,12000478,25,0,292.10536738,75,16,2.34582474897,298.043265814,247.663577865,16,16,0.4,0.7,0.2,1,2.47663577865,238.388706086,0.2,0.2,85.1110555947,1.5,7e5cb6f33c959d2c
449,12000478,25,1,211.723212326,425,17,1.97374538237,215.478093788,211.18812819,17,17,0.7,0.8,0.2,1,2.1118812819,238.388706086,0.2,0.2,85.1110555947,1.5,7e5cb6f33c959d2c
449,12000478,25,2,163.644862574,325,18,2.14546103502,194.56861302,186.545504615,18,18,0.7,0.8,0.2,1,1.86545504615,238.388706086,0.2,0.2,85.1110555947,1.5,7e5cb6f33c959d2c
449,12000478,25,3,363.241566501,175,18,2.48782953574,250.943830062,198.148636941,18,18,0.5,0.8,0.2,1,1.98148636941,238.388706086,0.2,0.2,85.1110555947,1.5,7e5cb6f33c959d2c
450,12000479,25,0,465.907079862,425,12,1.66633177987,294.820170047,322.236375941,12,12,0.5,0.4,0.2,1,3.22236375941,234.063686221,0.5,1.1,116.570014006,1.73333333333,f5fc9e3da0e124ca
450,12000479,25,1,499.988770615,75,12,1.94307466678,308.484003764,321.031592841,12,12,0.6,0.6,0.3,1,3.21031592841,234.063686221,0.5,1.1,116.570014006,1.73333333333,f5fc9e3da0e124ca
450,12000479,25,2,77.8098695491,325,17,1.97804379122,315.654138663,261.811301421,17,17,0.6,0.8,0.4,1,2.61811301421,234.063686221,0.5,1.1,116.570014006,1.73333333333,f5fc9e3da0e124ca
450,12000479,25,3,192.590073929,175,20,1.82268498432,212.47027541,160.384352331,20,20,0.7,0.9,0.5,1,1.60384352331,234.063686221,0.5,1.1,116.570014006,1.73333333333,f5fc9e3da0e124ca
451,12000480,25,0,67.8559117649,425,11,1.8784760217,359.714525062,283.140152342,11,11,0.3,0.6,0.1,1,2.83140152342,296.041570259,0.5,2.6,454.322957004,1.36666666667,d419486c4629b836
451,12000480,25,1,36.4776923295,325,15,2.42337011323,329.435016447,208.185299052,15,15,0.4,0.7,0.3,1,2.08185299052,296.041570259,0.5,2.6,454.322957004,1.36666666667,d419486c4629b836
451,12000480,25,2,341.898592811,175,17,1.79956328555,188.458349645,243.289635633,17,17,1,0.6,0.3,1,2.43289635633,296.041570259,0.5,2.6,454.322957004,1.36666666667,d419486c4629b836
451,12000480,25,3,287.338013484,75,16,2.30037915608,220.730781312,243.682608644,16,16,0.8,0.6,0.3,1,2.43682608644,296.041570259,0.5,2.6,454.322957004,1.36666666667,d419486c4629b836
452,12000481,25,0,92.9720204267,175,15,1.83441271226,266.533126392,175.667768896,15,15,0.5,0.8,0.1,1,1.75667768896,243.939819361,0.2,0.5,184.359251584,2.125,4afc388b98c889e6
452,12000481,25,1,378.73731884,425,11,2.69413844988,287.786573874,317.321510273,11,11,0.4,0.4,0.1,1,3.17321510273,243.939819361,0.2,0.5,184.359251584,2.125,4afc388b98c889e6
452,12000481,25,2,53.4658718015,75,11,2.47305844663,301.882384342,231.909283543,11,11,0.5,0.6,0.1,1,2.31909283543,243.939819361,0.2,0.5,184.359251584,2.125,4afc388b98c889e6
452,12000481,25,3,344.213510231,325,16,2.75394864801,249.385924619,249.419463145,16,16,0.5,0.6,0.1,1,2.49419463145,243.939819361,0.2,0.5,184.359251584,2.125,4afc388b98c889e6
453,12000482,25,0,127.333688127,325,13,2.75879047433,210.524407715,286.251510905,13,13,0.7,0.4,0,1,2.86251510905,310.678091687,0,0,nan,nan,e413fcf3c8f2d02b
453,12000482,25,1,256.741818522,75,18,1.72689894624,318.497846215,176.313018494,18,18,0.3,0.9,0,1,1.76313018494,310.678091687,0,0,nan,nan,e413fcf3c8f2d02b
453,12000482,25,2,44.3000062116,425,10,2.71107105556,254.190985581,398.137841819,10,10,0.7,0.2,0,1,3.98137841819,310.678091687,0,0,nan,nan,e413fcf3c8f2d02b
453,12000482,25,3,389.20791692,175,20,2.52119881023,254.537887412,192.4340995,20,20,0.5,0.8,0,1,1.924340995,310.678091687,0,0,nan,nan,e413fcf3c8f2d02b
454,12000483,25,0,59.7348880216,175,13,2.1407933819,309.002107957,273.087110569,13,13,0.4,0.6,0.4,1,2.73087110569,215.816449989,0.5,1.4,229.642251997,1.61666666667,859ad0152369078
454,12000483,25,1,414.647476087,75,14,2.30791586467,213.33389242,220.073285431,14,14,0.6,0.9,0.4,1,2.20073285431,215.816449989,0.5,1.4,229.642251997,1.61666666667,859ad0152369078
454,12000483,25,2,326.214364186,325,21,1.96668014647,214.821381995,178.30646898,21,21,0.9,0.9,0.4,1,1.7830646898,215.816449989,0.5,1.4,229.642251997,1.61666666667,859ad0152369078
454,12000483,25,3,88.4778356402,425,9,2.5453571418,376.373792244,326.374629248,9,9,0.2,0.4,0.2,1,3.26374629248,215.816449989,0.5,1.4,229.642251997,1.61666666667,859ad0152369078
455,12000484,25,0,367.947367335,425,12,2.0709501141,301.968497324,291.448904604,12,12,0.4,0.4,0,1,2.91448904604,273.110678051,0.2,0.6,222.97789308,1.75,8d1f6e320de1b6fd
455,12000484,25,1,63.5496867267,175,17,2.34821363576,266.517003037,299.288107037,17,17,0.8,0.4,0.2,1,2.99288107037,273.110678051,0.2,0.6,222.97789308,1.75,8d1f6e320de1b6fd
455,12000484,25,2,157.248108846,75,15,2.42924234177,218.144722729,239.576046087,15,15,0.7,0.5,0.2,1,2.39576046087,273.110678051,0.2,0.6,222.97789308,1.75,8d1f6e320de1b6fd
455,12000484,25,3,497.748414507,325,12,2.6225598541,312.324291388,265.077279285,12,12,0.4,0.6,0,1,2.65077279285,273.110678051,0.2,0.6,222.97789308,1.75,8d1f6e320de1b6fd
456,12000485,25,0,257.610141366,175,21,1.90998555646,205.319992183,217.343748682,21,21,1,0.9,0.3,1,2.17343748682,259.897639309,0.3,0.9,220.418362073,2.5,4c6ab504644c5506
456,12000485,25,1,444.706990661,75,5,2.88039417937,352.731872948,308.331849253,5,5,0.3,0.4,0,1,3.08331849253,259.897639309,0.3,0.9,220.418362073,2.5,4c6ab504644c5506
456,12000485,25,2,307.610035251,325,18,1.51610314492,274.895197242,222.329886377,18,18,0.6,0.8,0.3,1,2.22329886377,259.897639309,0.3,0.9,220.418362073,2.5,4c6ab504644c5506
456,12000485,25,3,464.087565196,425,7,1.81588414089,425.332083638,343.983824973,7,7,0.2,0.4,0.1,1,3.43983824973,259.897639309,0.3,0.9,220.418362073,2.5,4c6ab504644c5506
457,12000486,25,0,42.6329529132,325,15,1.51007405957,271.180568342,304.685553524,15,15,0.7,0.5,0.1,1,3.04685553524,254.879487415,0.2,0.4,160.26292286,2.33333333333,b8c8fc725918805d
457,12000486,25,1,359.517888482,75,16,2.22459874162,218.842546614,245.851360391,16,16,0.9,0.7,0.2,1,2.45851360391,254.879487415,0.2,0.4,160.26292286,2.33333333333,b8c8fc725918805d
457,12000486,25,2,496.889676651,175,13,1.97991173646,258.564607134,257.812819753,13,13,0.6,0.7,0.2,1,2.57812819753,254.879487415,0.2,0.4,160.26292286,2.33333333333,b8c8fc725918805d
457,12000486,25,3,15.2868765773,425,10,2.23737812449,337.655413025,364.640408624,10,10,0.5,0.2,0.1,1,3.64640408624,254.879487415,0.2,0.4,160.26292286,2.33333333333,b8c8fc725918805d
458,12000487,25,0,95.9847396507,75,14,2.73048844232,284.287655388,266.093817591,14,14,0.6,0.6,0.1,1,2.66093817591,239.664910748,0.4,1.3,236.305736538,1.22916666667,f85163754edc7a03
458,12000487,25,1,163.011456937,175,19,2.17040366335,202.852945705,184.334644253,19,19,0.6,0.9,0.4,1,1.84334644253,239.664910748,0.4,1.3,236.305736538,1.22916666667,f85163754edc7a03
458,12000487,25,2,383.454668632,425,14,1.73559187565,235.759284976,244.495467865,14,14,0.7,0.7,0.3,1,2.44495467865,239.664910748,0.4,1.3,236.305736538,1.22916666667,f85163754edc7a03
458,12000487,25,3,328.632042487,325,19,1.9149117121,182.146158099,165.403368882,19,19,0.9,0.8,0.4,1,1.65403368882,239.664910748,0.4,1.3,236.305736538,1.22916666667,f85163754edc7a03
459,12000488,25,0,142.169120022,75,13,2.29829023797,314.451381945,268.152019249,13,13,0.4,0.6,0.4,1,2.68152019249,165.384738986,0.5,0.8,118.989074415,1.33333333333,5ab95dfc05c8d92e
459,12000488,25,1,38.0592482369,175,9,2.99527306649,376.612443587,344.024489793,9,9,0.1,0.3,0.2,1,3.44024489793,165.384738986,0.5,0.8,118.989074415,1.33333333333,5ab95dfc05c8d92e
459,12000488,25,2,476.074473303,325,17,1.82316337542,195.48317926,219.462406973,17,17,0.9,0.8,0.5,1,2.19462406973,165.384738986,0.5,0.8,118.989074415,1.33333333333,5ab95dfc05c8d92e
459,12000488,25,3,341.513311404,425,14,2.55598513681,221.008190346,258.162663267,14,14,0.6,0.3,0.3,1,2.58162663267,165.384738986,0.5,0.8,118.989074415,1.33333333333,5ab95dfc05c8d92e
460,12000489,25,0,345.993116371,325,19,2.0566657491,254.549238385,233.312234961,19,19,0.4,0.7,0,1,2.33312234961,328.544637502,0,0,nan,nan,2eff5345687574cc
460,12000489,25,1,238.623352571,175,21,1.8911168809,284.312256049,230.872609144,21,21,0.5,0.8,0,1,2.30872609144,328.544637502,0,0,nan,nan,2eff5345687574cc
460,12000489,25,2,366.349182919,425,13,2.40920472716,266.428015769,259.578077724,13,13,0.4,0.5,0,1,2.59578077724,328.544637502,0,0,nan,nan,2eff5345687574cc
460,12000489,25,3,85.1410414623,75,10,1.68845016835,361.356090088,311.147822852,10,10,0.3,0.5,0,1,3.11147822852,328.544637502,0,0,nan,nan,2eff5345687574cc
461,12000490,25,0,120.395117335,175,14,1.83604778137,204.894815055,222.667079895,14,14,0.9,0.7,0.3,1,2.22667079895,259.177972179,0.3,0.7,181.657574893,1.16666666667,906b56347d7a5fe3
461,12000490,25,1,253.239188457,75,15,1.58266324048,283.303726383,202.695235819,15,15,0.7,0.8,0.2,1,2.02695235819,259.177972179,0.3,0.7,181.657574893,1.16666666667,906b56347d7a5fe3
461,12000490,25,2,416.632970516,325,15,2.21049935532,267.309926157,244.050200494,15,15,0.5,0.7,0.2,1,2.44050200494,259.177972179,0.3,0.7,181.657574893,1.16666666667,906b56347d7a5fe3
461,12000490,25,3,75.9519916615,425,12,2.34002638773,196.593902664,319.897125711,12,12,0.9,0.3,0.2,1,3.19897125711,259.177972179,0.3,0.7,181.657574893,1.16666666667,906b56347d7a5fe3
462,12000491,25,0,198.844241013,325,21,2.01113217157,137.35586841,183.880957529,21,21,1,1,0.2,1,1.83880957529,214.558823203,0.2,0.3,99.1488048455,1,cda3ae2191f838b3
462,12000491,25,1,8.94024091665,425,13,2.02725099541,249.521657214,250.433932576,13,13,0.8,0.7,0.2,1,2.50433932576,214.558823203,0.2,0.3,99.1488048455,1,cda3ae2191f838b3
462,12000491,25,2,187.046089349,175,19,1.54014150084,177.002057169,214.249242045,19,19,0.9,0.8,0.2,1,2.14249242045,214.558823203,0.2,0.3,99.1488048455,1,cda3ae2191f838b3
462,12000491,25,3,248.729896448,75,13,1.75927752548,265.028904874,290.940242396,13,13,0.7,0.5,0.2,1,2.90940242396,214.558823203,0.2,0.3,99.1488048455,1,cda3ae2191f838b3
463,12000492,25,0,135.897963819,325,19,2.24332994332,153.200295114,226.716088821,19,19,1,0.8,0.1,1,2.26716088821,263.624766265,0.1,0.2,171.044983422,2.5,3ea00f661948e3e3
463,12000492,25,1,313.528178055,425,18,1.68099728115,295.254612223,203.318502308,18,18,0.4,0.8,0.1,1,2.03318502308,263.624766265,0.1,0.2,171.044983422,2.5,3ea00f661948e3e3
463,12000492,25,2,6.22870548151,175,11,2.60300935134,160.079485114,337.788047165,11,11,0.9,0.4,0,1,3.37788047165,263.624766265,0.1,0.2,171.044983422,2.5,3ea00f661948e3e3
463,12000492,25,3,284.069835211,75,14,2.21733228534,284.707605754,218.669203318,14,14,0.6,0.7,0,1,2.18669203318,263.624766265,0.1,0.2,171.044983422,2.5,3ea00f661948e3e3
464,12000493,25,0,373.659903713,75,17,2.23565929227,211.677574714,221.070153549,17,17,0.8,0.7,0.4,1,2.21070153549,241.78676477,0.5,1.4,202.719151578,1.33333333333,5af5addb95e1a45f
464,12000493,25,1,315.137500782,425,16,1.79314094637,290.479365532,261.403026425,16,16,0.7,0.7,0.4,1,2.61403026425,241.78676477,0.5,1.4,202.719151578,1.33333333333,5af5addb95e1a45f
464,12000493,25,2,81.8140714921,175,14,2.95344355748,222.536347448,265.494842707,14,14,0.7,0.5,0.3,1,2.65494842707,241.78676477,0.5,1.4,202.719151578,1.33333333333,5af5addb95e1a45f
464,12000493,25,3,320.94550306,325,20,1.51241066379,213.085073521,197.20977631,20,20,0.7,0.8,0.5,1,1.9720977631,241.78676477,0.5,1.4,202.719151578,1.33333333333,5af5addb95e1a45f
465,12000494,25,0,342.953410961,325,19,2.18918654637,206.532489055,191.979007802,19,19,0.8,0.9,0.5,1,1.91979007802,203.692668668,0.5,1.2,187.659538341,2.1,403e8453520f2efc
465,12000494,25,1,287.170963167,425,16,2.09876503032,263.255180191,256.939475991,16,16,0.6,0.9,0.5,1,2.56939475991,203.692668668,0.5,1.2,187.659538341,2.1,403e8453520f2efc
465,12000494,25,2,184.390606104,175,21,2.47151151079,172.643804486,119.757969414,21,21,0.9,1,0.4,1,1.19757969414,203.692668668,0.5,1.2,187.659538341,2.1,403e8453520f2efc
465,12000494,25,3,128.648827755,75,15,2.42867276177,235.027814429,186.02103175,15,15,0.8,0.9,0.3,1,1.8602103175,203.692668668,0.5,1.2,187.659538341,2.1,403e8453520f2efc
466,12000495,25,0,488.918488397,175,13,2.42634364423,265.891583878,278.276304773,13,13,0.7,0.8,0.3,1,2.78276304773,233.393669148,0.4,0.6,111.627689713,1.33333333333,42c22ee9c7926db
466,12000495,25,1,193.272887607,325,22,2.54853410075,189.304020006,194.362912536,22,22,0.8,0.9,0.4,1,1.94362912536,233.393669148,0.4,0.6,111.627689713,1.33333333333,42c22ee9c7926db
466,12000495,25,2,356.616539392,425,17,2.53432753458,216.920049942,240.848608305,17,17,0.8,0.7,0.4,1,2.40848608305,233.393669148,0.4,0.6,111.627689713,1.33333333333,42c22ee9c7926db
466,12000495,25,3,229.024264462,75,16,2.00993950161,275.226793686,220.149194051,16,16,0.6,0.8,0.3,1,2.20149194051,233.393669148,0.4,0.6,111.627689713,1.33333333333,42c22ee9c7926db
467,12000496,25,0,391.839968759,175,14,2.88993231694,228.659638781,276.92604345,14,14,0.6,0.5,0,1,2.7692604345,311.894392216,0.1,0.2,159.919000674,3.5,c07346b24902a91d
467,12000496,25,1,31.8507559209,75,5,2.87330647735,358.226792612,375.350233022,5,5,0.1,0.1,0,1,3.75350233022,311.894392216,0.1,0.2,159.919000674,3.5,c07346b24902a91d
467,12000496,25,2,347.378888055,425,14,2.54777403019,254.884643928,261.932270212,14,14,0.6,0.6,0.1,1,2.61932270212,311.894392216,0.1,0.2,159.919000674,3.5,c07346b24902a91d
467,12000496,25,3,172.605697782,325,20,1.63232554114,226.773082291,220.683150575,20,20,0.7,0.8,0.1,1,2.20683150575,311.894392216,0.1,0.2,159.919000674,3.5,c07346b24902a91d
468,12000497,25,0,473.849557066,175,15,1.93340380187,268.888220199,267.670811688,15,15,0.7,0.7,0.3,1,2.67670811688,300.979735598,0.3,1.1,263.049864179,2.05555555556,adda900465b9e4d4
468,12000497,25,1,445.687791742,425,7,2.47261406612,394.682827087,271.738531758,7,7,0.1,0.4,0.1,1,2.71738531758,300.979735598,0.3,1.1,263.049864179,2.05555555556,adda900465b9e4d4
468,12000497,25,2,260.477118644,325,21,1.85899623918,243.953942245,215.146635064,21,21,0.6,0.9,0.3,1,2.15146635064,300.979735598,0.3,1.1,263.049864179,2.05555555556,adda900465b9e4d4
468,12000497,25,3,203.743146527,75,19,1.7964990811,133.406089419,253.787915682,19,19,1,0.5,0.3,1,2.53787915682,300.979735598,0.3,1.1,263.049864179,2.05555555556,adda900465b9e4d4
469,12000498,25,0,365.892848783,175,20,2.35571320315,271.739155221,220.113834271,20,20,0.6,0.8,0.2,1,2.20113834271,248.108553904,0.2,0.7,226.942663676,1.9,af5df5823918f62d
469,12000498,25,1,240.451176276,425,13,2.14263173306,224.328843401,259.632082658,13,13,0.7,0.5,0,1,2.59632082658,248.108553904,0.2,0.7,226.942663676,1.9,af5df5823918f62d
469,12000498,25,2,68.7864891318,325,14,2.40555905015,203.796388913,292.324436482,14,14,0.9,0.6,0.1,1,2.92324436482,248.108553904,0.2,0.7,226.942663676,1.9,af5df5823918f62d
469,12000498,25,3,341.190679677,75,15,2.02684204867,299.664705568,241.967340438,15,15,0.4,0.6,0.2,1,2.41967340438,248.108553904,0.2,0.7,226.942663676,1.9,af5df5823918f62d
470,12000499,25,0,489.583146255,325,13,1.86199140609,250.382640645,346.232311356,13,13,0.6,0.2,0,1,3.46232311356,282.633690466,0.2,0.3,121.863151591,2.5,c9238721ba2a87b4
470,12000499,25,1,301.57092011,75,17,1.61764229171,251.901091868,243.501392197,17,17,0.8,0.8,0.2,1,2.43501392197,282.633690466,0.2,0.3,121.863151591,2.5,c9238721ba2a87b4
470,12000499,25,2,150.364012613,425,17,2.20549203665,235.152303003,228.958519835,17,17,0.6,0.8,0.2,1,2.28958519835,282.633690466,0.2,0.3,121.863151591,2.5,c9238721ba2a87b4
470,12000499,25,3,185.526393605,175,20,1.53557489338,198.884983087,147.279707545,20,20,1,0.9,0.2,1,1.47279707545,282.633690466,0.2,0.3,121.863151591,2.5,c9238721ba2a87b4
471,12000500,25,0,405.779025221,325,19,2.89968268089,223.539169672,253.654347071,19,19,0.8,0.7,0.5,1,2.53654347071,241.243305111,0.7,1.9,200.218228456,1.79761904762,1d296328b5a472d4
471,12000500,25,1,296.138090162,75,20,2.33539561873,183.63372055,199.119298041,20,20,0.9,0.7,0.6,1,1.99119298041,241.243305111,0.7,1.9,200.218228456,1.79761904762,1d296328b5a472d4
471,12000500,25,2,151.100795623,175,20,2.9540418596,164.429847656,189.767074526,20,20,0.9,0.9,0.7,1,1.89767074526,241.243305111,0.7,1.9,200.218228456,1.79761904762,1d296328b5a472d4
471,12000500,25,3,67.9679185547,425,12,2.31790240911,333.337842492,306.332168961,12,12,0.4,0.5,0.4,1,3.06332168961,241.243305111,0.7,1.9,200.218228456,1.79761904762,1d296328b5a472d4
472,12000501,25,0,1.83113054348,325,9,1.76324883456,392.254832688,368.457975329,9,9,0.1,0.1,0.1,1,3.68457975329,144.24270947,0.6,1,115.053885819,2,f96e098e6ea85e64
472,12000501,25,1,471.577600616,425,13,2.36905311162,239.557110336,285.906975387,13,13,0.7,0.7,0.4,1,2.85906975387,144.24270947,0.6,1,115.053885819,2,f96e098e6ea85e64
472,12000501,25,2,129.002649229,175,16,2.30981437218,271.517908148,248.079314704,16,16,0.5,0.7,0.4,1,2.48079314704,144.24270947,0.6,1,115.053885819,2,f96e098e6ea85e64
472,12000501,25,3,427.776895235,75,14,2.00018467027,205.060512391,209.350219752,14,14,0.9,0.9,0.5,1,2.09350219752,144.24270947,0.6,1,115.053885819,2,f96e098e6ea85e64
473,12000502,25,0,34.6579796434,75,9,2.44847262076,397.058791955,336.597868694,9,9,0.2,0.2,0.1,1,3.36597868694,276.538950243,0.1,0.2,151.167040103,3,1ea5df0555f2eca1
473,12000502,25,1,184.81226627,175,16,1.56313156141,258.787318335,219.176297356,16,16,0.4,0.7,0.1,1,2.19176297356,276.538950243,0.1,0.2,151.167040103,3,1ea5df0555f2eca1
473,12000502,25,2,201.86313516,325,25,1.53281649783,199.81160629,214.355555347,25,25,1,1,0.1,1,2.14355555347,276.538950243,0.1,0.2,151.167040103,3,1ea5df0555f2eca1
473,12000502,25,3,76.097326432,425,15,2.73596840719,258.359998007,275.139130215,15,15,0.7,0.5,0.1,1,2.75139130215,276.538950243,0.1,0.2,151.167040103,3,1ea5df0555f2eca1
474,12000503,25,0,201.621342647,175,21,1.63688844599,187.741148956,167.058056281,21,21,0.9,1,0.2,1,1.67058056281,263.228483217,0.2,0.3,126.214037227,2,fdbc09e27122e62d
474,12000503,25,1,28.0105672879,325,16,1.85651646799,301.07197912,238.248571596,16,16,0.6,0.8,0.2,1,2.38248571596,263.228483217,0.2,0.3,126.214037227,2,fdbc09e27122e62d
474,12000503,25,2,285.512535532,75,17,1.70378521803,216.473677306,235.423195361,17,17,0.8,0.8,0.1,1,2.35423195361,263.228483217,0.2,0.3,126.214037227,2,fdbc09e27122e62d
474,12000503,25,3,74.3582238575,425,15,2.24083009703,318.617712321,269.952085803,15,15,0.4,0.7,0.2,1,2.69952085803,263.228483217,0.2,0.3,126.214037227,2,fdbc09e27122e62d
475,12000504,25,0,387.361581159,325,17,2.73608263989,268.944966846,202.772030291,17,17,0.5,0.8,0,1,2.02772030291,276.627757342,0,0,nan,nan,bbdf72ce34f9216f
475,12000504,25,1,412.270067104,425,12,2.89107244592,321.957716029,221.188837833,12,12,0.3,0.7,0,1,2.21188837833,276.627757342,0,0,nan,nan,bbdf72ce34f9216f
475,12000504,25,2,78.3582293816,75,12,2.10408990661,260.603198846,337.191846844,12,12,0.5,0.3,0,1,3.37191846844,276.627757342,0,0,nan,nan,bbdf72ce34f9216f
475,12000504,25,3,160.395625367,175,21,2.65473516963,196.5062908,256.981600972,21,21,0.8,0.5,0,1,2.56981600972,276.627757342,0,0,nan,nan,bbdf72ce34f9216f
476,12000505,25,0,174.883922912,175,20,1.67307844815,261.216276384,239.111022496,20,20,0.6,0.6,0.4,1,2.39111022496,269.310796788,0.6,1.6,179.928649425,1.08333333333,76d83a38fc79ba4e
476,12000505,25,1,498.642182323,425,10,1.71460379018,333.596722869,334.019997793,10,10,0.5,0.3,0.3,1,3.34019997793,269.310796788,0.6,1.6,179.928649425,1.08333333333,76d83a38fc79ba4e
476,12000505,25,2,13.7299377407,325,14,2.47959728085,319.262531463,295.691932197,14,14,0.2,0.5,0.3,1,2.95691932197,269.310796788,0.6,1.6,179.928649425,1.08333333333,76d83a38fc79ba4e
476,12000505,25,3,412.176195358,75,9,2.31763623089,334.263576928,345.093825787,9,9,0.4,0.3,0.1,1,3.45093825787,269.310796788,0.6,1.6,179.928649425,1.08333333333,76d83a38fc79ba4e
477,12000506,25,0,212.844643558,425,19,1.7301080871,187.169869582,230.949908062,19,19,0.9,0.7,0.5,1,2.30949908062,208.754244163,0.6,1.3,153.988528004,1.66666666667,7770c4be086ab33c
477,12000506,25,1,8.94112605726,175,14,2.85193044544,282.574912247,291.113993039,14,14,0.6,0.6,0.4,1,2.91113993039,208.754244163,0.6,1.3,153.988528004,1.66666666667,7770c4be086ab33c
477,12000506,25,2,70.6551835011,75,11,2.9898894594,313.346529698,286.392585804,11,11,0.4,0.5,0.2,1,2.86392585804,208.754244163,0.6,1.3,153.988528004,1.66666666667,7770c4be086ab33c
477,12000506,25,3,461.75802143,325,14,1.51710999388,272.560597851,254.649117628,14,14,0.5,0.6,0.3,1,2.54649117628,208.754244163,0.6,1.3,153.988528004,1.66666666667,7770c4be086ab33c
478,12000507,25,0,382.868432625,325,19,1.92867754644,213.005211341,201.558886994,19,19,0.7,0.7,0.4,1,2.01558886994,196.329490658,0.5,1.1,173.101253674,2.13333333333,a5d922855e1e79c
478,12000507,25,1,3.35425502405,425,11,2.51670518994,277.135298362,312.432418942,11,11,0.5,0.4,0.3,1,3.12432418942,196.329490658,0.5,1.1,173.101253674,2.13333333333,a5d922855e1e79c
478,12000507,25,2,229.406759613,75,18,1.73737943022,262.828786895,220.872172391,18,18,0.6,0.9,0.4,1,2.20872172391,196.329490658,0.5,1.1,173.101253674,2.13333333333,a5d922855e1e79c
478,12000507,25,3,308.359002878,175,21,2.45370325228,215.816424804,171.071479893,21,21,0.7,0.9,0.5,1,1.71071479893,196.329490658,0.5,1.1,173.101253674,2.13333333333,a5d922855e1e79c
479,12000508,25,0,159.28554961,175,19,2.045634059,265.778335792,191.610031348,19,19,0.5,0.9,0.2,1,1.91610031348,311.565484398,0.2,0.9,349.432522387,1.225,102c7478d02db6fb
479,12000508,25,1,376.839957963,325,17,2.23030057121,202.902142332,228.928315642,17,17,0.7,0.8,0.2,1,2.28928315642,311.565484398,0.2,0.9,349.432522387,1.225,102c7478d02db6fb
479,12000508,25,2,221.261402747,75,21,1.88090969045,289.02149148,201.767560575,21,21,0.7,0.9,0.2,1,2.01767560575,311.565484398,0.2,0.9,349.432522387,1.225,102c7478d02db6fb
479,12000508,25,3,253.248581557,425,13,1.94864215731,241.800246661,265.694826869,13,13,0.6,0.5,0,1,2.65694826869,311.565484398,0.2,0.9,349.432522387,1.225,102c7478d02db6fb
480,12000509,25,0,111.632255654,75,15,2.62666735903,312.829222485,248.674498475,15,15,0.4,0.7,0.3,1,2.48674498475,198.511865409,0.5,0.9,121.187464295,1.4,b3ee4653265eeeee
480,12000509,25,1,67.4797386812,425,12,2.63567161035,229.527293757,252.6507251,12,12,0.6,0.5,0.2,1,2.526507251,198.511865409,0.5,0.9,121.187464295,1.4,b3ee4653265eeeee
480,12000509,25,2,487.458755985,175,16,2.94939994168,318.573542934,312.336185132,16,16,0.5,0.5,0.3,1,3.12336185132,198.511865409,0.5,0.9,121.187464295,1.4,b3ee4653265eeeee
480,12000509,25,3,434.76524746,325,16,2.66568618275,269.76081839,273.098921125,16,16,0.5,0.5,0.2,1,2.73098921125,198.511865409,0.5,0.9,121.187464295,1.4,b3ee4653265eeeee
481,12000510,25,0,151.976362767,425,14,1.78553458102,335.251392099,271.384696654,14,14,0.2,0.6,0.2,1,2.71384696654,272.806790801,0.2,0.7,276.564144186,2.41666666667,368216643feb3f2d
481,12000510,25,1,411.490092083,175,16,2.81871787256,225.729176842,238.677045207,16,16,0.7,0.6,0.1,1,2.38677045207,272.806790801,0.2,0.7,276.564144186,2.41666666667,368216643feb3f2d
481,12000510,25,2,304.22757417,75,20,2.48157910881,203.836774883,252.704246296,20,20,0.8,0.7,0.2,1,2.52704246296,272.806790801,0.2,0.7,276.564144186,2.41666666667,368216643feb3f2d
481,12000510,25,3,1.79973766973,325,12,2.64585829265,338.722929459,306.901420323,12,12,0.3,0.5,0.1,1,3.06901420323,272.806790801,0.2,0.7,276.564144186,2.41666666667,368216643feb3f2d
482,12000511,25,0,168.707646204,425,17,2.7858121668,252.443736999,223.605795611,17,17,0.6,0.8,0.1,1,2.23605795611,263.416895618,0.2,0.7,232.083596511,1.29166666667,48c0a15319f62a19
482,12000511,25,1,432.467225237,175,13,1.96282965708,249.928760107,319.322746345,13,13,0.6,0.5,0.1,1,3.19322746345,263.416895618,0.2,0.7,232.083596511,1.29166666667,48c0a15319f62a19
482,12000511,25,2,404.862689769,75,10,2.79417034962,276.834566767,334.37354174,10,10,0.5,0.5,0.1,1,3.3437354174,263.416895618,0.2,0.7,232.083596511,1.29166666667,48c0a15319f62a19
482,12000511,25,3,75.6738023117,325,18,2.90029645911,284.469254869,182.573788216,18,18,0.5,0.9,0.1,1,1.82573788216,263.416895618,0.2,0.7,232.083596511,1.29166666667,48c0a15319f62a19
483,12000512,25,0,447.248207878,75,10,2.97889533816,329.003209673,317.768938837,10,10,0.4,0.4,0,1,3.17768938837,293.762892347,0,0,nan,nan,6cca99d0f5b0294a
483,12000512,25,1,144.951294942,325,18,2.60880634196,190.596420211,197.222610576,18,18,0.8,0.7,0,1,1.97222610576,293.762892347,0,0,nan,nan,6cca99d0f5b0294a
483,12000512,25,2,161.095328255,425,14,2.80508829182,242.230364369,222.201128845,14,14,0.6,0.7,0,1,2.22201128845,293.762892347,0,0,nan,nan,6cca99d0f5b0294a
483,12000512,25,3,476.792495102,175,9,1.59967896977,339.670773219,279.011333718,9,9,0.3,0.4,0,1,2.79011333718,293.762892347,0,0,nan,nan,6cca99d0f5b0294a
484,12000513,25,0,138.816552562,75,19,2.58693703945,270.650754209,300.138598723,19,19,0.6,0.6,0.2,1,3.00138598723,288.736873967,0.2,0.3,78.5857813218,2,48edb39301c1f3bf
484,12000513,25,1,117.459864189,325,18,2.66321906394,241.866512021,261.553630047,18,18,0.5,0.5,0.2,1,2.61553630047,288.736873967,0.2,0.3,78.5857813218,2,48edb39301c1f3bf
484,12000513,25,2,448.699673802,175,13,2.33312856526,259.189791099,273.266125438,13,13,0.7,0.6,0.1,1,2.73266125438,288.736873967,0.2,0.3,78.5857813218,2,48edb39301c1f3bf
484,12000513,25,3,464.821979833,425,7,2.25356356537,286.086055074,279.703847231,7,7,0.5,0.5,0,1,2.79703847231,288.736873967,0.2,0.3,78.5857813218,2,48edb39301c1f3bf
485,12000514,25,0,465.600574423,75,11,2.54518342547,337.838751507,265.58932629,11,11,0.5,0.5,0.2,1,2.6558932629,226.578370021,0.6,1.7,241.084777032,1.72777777778,ebdced32130c285a
485,12000514,25,1,196.432657062,425,16,2.42750738808,191.768415035,242.859905112,16,16,0.9,0.6,0.4,1,2.42859905112,226.578370021,0.6,1.7,241.084777032,1.72777777778,ebdced32130c285a
485,12000514,25,2,449.889077913,325,15,2.06732413668,247.020703758,221.816605524,15,15,0.6,0.8,0.6,1,2.21816605524,226.578370021,0.6,1.7,241.084777032,1.72777777778,ebdced32130c285a
485,12000514,25,3,209.448398839,175,24,2.42719939593,179.948648862,210.003351328,24,24,0.9,1,0.6,1,2.10003351328,226.578370021,0.6,1.7,241.084777032,1.72777777778,ebdced32130c285a
486,12000515,25,0,7.45742778559,75,8,2.63405973545,344.365179643,336.615717769,8,8,0.4,0.4,0.4,1,3.36615717769,216.589444697,0.6,1.6,228.019446865,1.93333333333,b85a62b0db816fcd
486,12000515,25,1,484.813175917,425,12,2.71327688388,329.902830907,328.316643172,12,12,0.4,0.4,0,1,3.28316643172,216.589444697,0.6,1.6,228.019446865,1.93333333333,b85a62b0db816fcd
486,12000515,25,2,363.205714044,175,19,2.31488971364,249.407366649,213.335038149,19,19,0.7,0.6,0.4,1,2.13335038149,216.589444697,0.6,1.6,228.019446865,1.93333333333,b85a62b0db816fcd
486,12000515,25,3,33.5170858383,325,12,2.65411572123,237.17477536,225.200129092,12,12,0.7,0.7,0.6,1,2.25200129092,216.589444697,0.6,1.6,228.019446865,1.93333333333,b85a62b0db816fcd
487,12000516,25,0,8.93964243477,175,10,2.72573789047,283.287908368,306.128941631,10,10,0.4,0.4,0.2,1,3.06128941631,232.896862963,0.5,1,144.335045923,1.9,660b9bc1bf7fdea8
487,12000516,25,1,447.281971472,325,15,2.46761057454,310.358476112,269.026968577,15,15,0.5,0.7,0.3,1,2.69026968577,232.896862963,0.5,1,144.335045923,1.9,660b9bc1bf7fdea8
487,12000516,25,2,378.213094862,75,12,1.69443847385,259.556061895,239.535677625,12,12,0.4,0.5,0.3,1,2.39535677625,232.896862963,0.5,1,144.335045923,1.9,660b9bc1bf7fdea8
487,12000516,25,3,222.727896297,425,15,2.00061632373,293.372063004,280.168412475,15,15,0.4,0.6,0.1,1,2.80168412475,232.896862963,0.5,1,144.335045923,1.9,660b9bc1bf7fdea8
488,12000517,25,0,395.183480108,325,12,2.21797388331,299.942594883,289.944674562,12,12,0.5,0.5,0.2,1,2.89944674562,302.344410172,0.2,0.4,184.261149384,2.75,f62297bea74b7d2f
488,12000517,25,1,130.631592424,425,15,2.64880309323,256.957982249,262.929558472,15,15,0.6,0.5,0.2,1,2.62929558472,302.344410172,0.2,0.4,184.261149384,2.75,f62297bea74b7d2f
488,12000517,25,2,424.238159222,175,14,2.04183616543,311.22691819,286.75168847,14,14,0.4,0.5,0.2,1,2.8675168847,302.344410172,0.2,0.4,184.261149384,2.75,f62297bea74b7d2f
488,12000517,25,3,100.328193622,75,17,2.78536721186,193.569476398,261.052421301,17,17,0.8,0.6,0.2,1,2.61052421301,302.344410172,0.2,0.4,184.261149384,2.75,f62297bea74b7d2f
489,12000518,25,0,62.1884062303,425,15,2.57254804176,238.68228846,247.926379664,15,15,0.8,0.7,0.5,1,2.47926379664,229.288385156,0.6,2.1,260.088175743,2.34814814815,c7441cdaa2246877
489,12000518,25,1,416.621957114,325,17,2.62198776981,261.371839687,314.569454189,17,17,0.6,0.5,0.3,1,3.14569454189,229.288385156,0.6,2.1,260.088175743,2.34814814815,c7441cdaa2246877
489,12000518,25,2,103.762543478,75,12,2.99048762435,245.830540751,198.55014496,12,12,0.6,0.8,0.3,1,1.9855014496,229.288385156,0.6,2.1,260.088175743,2.34814814815,c7441cdaa2246877
489,12000518,25,3,208.382155064,175,24,1.56362859844,174.129338009,165.066806745,24,24,1,1,0.6,1,1.65066806745,229.288385156,0.6,2.1,260.088175743,2.34814814815,c7441cdaa2246877
490,12000519,25,0,109.95767566,325,15,2.04919111812,171.420140996,286.868797542,15,15,0.9,0.6,0.2,1,2.86868797542,291.298331849,0.2,0.3,93.069378625,1.25,ba5b27422c952fae
490,12000519,25,1,5.24419923677,175,10,2.20193609673,253.882097806,321.043850447,10,10,0.6,0.5,0.1,1,3.21043850447,291.298331849,0.2,0.3,93.069378625,1.25,ba5b27422c952fae
490,12000519,25,2,376.623282843,75,17,1.84638013272,276.785176385,211.89257676,17,17,0.4,0.8,0.2,1,2.1189257676,291.298331849,0.2,0.3,93.069378625,1.25,ba5b27422c952fae
490,12000519,25,3,404.256384428,425,11,2.46993258067,287.823850873,343.249746439,11,11,0.4,0.2,0.2,1,3.43249746439,291.298331849,0.2,0.3,93.069378625,1.25,ba5b27422c952fae
491,12000520,25,0,84.6485106354,75,8,1.68169940553,402.792956849,239.804247356,8,8,0.2,0.6,0,1,2.39804247356,275.577817748,0.3,0.9,221.829309555,2,cba3379ac1543d5c
491,12000520,25,1,471.136450839,175,20,2.26629255173,223.731216928,247.141388614,20,20,1,0.7,0.3,1,2.47141388614,275.577817748,0.3,0.9,221.829309555,2,cba3379ac1543d5c
491,12000520,25,2,132.371513618,425,11,2.53533698278,314.034637475,307.415014523,11,11,0.5,0.4,0.2,1,3.07415014523,275.577817748,0.3,0.9,221.829309555,2,cba3379ac1543d5c
491,12000520,25,3,359.809424434,325,21,2.92133888498,149.31886117,227.229711889,21,21,1,0.8,0.3,1,2.27229711889,275.577817748,0.3,0.9,221.829309555,2,cba3379ac1543d5c
492,12000521,25,0,346.592137414,425,11,1.50812591696,250.086267829,236.068427983,11,11,0.7,0.8,0.1,1,2.36068427983,214.649916777,0.2,0.2,71.8365190173,2.5,6cb366ce2d701c2a
492,12000521,25,1,68.8680001157,325,15,2.78994189387,194.064637394,255.412671772,15,15,0.8,0.6,0.2,1,2.55412671772,214.649916777,0.2,0.2,71.8365190173,2.5,6cb366ce2d701c2a
492,12000521,25,2,36.0573239075,75,14,2.25864239841,261.919280014,305.034592389,14,14,0.4,0.4,0.1,1,3.05034592389,214.649916777,0.2,0.2,71.8365190173,2.5,6cb366ce2d701c2a
492,12000521,25,3,492.394232397,175,14,2.78604292612,328.238870595,242.205365044,14,14,0.3,0.8,0.1,1,2.42205365044,214.649916777,0.2,0.2,71.8365190173,2.5,6cb366ce2d701c2a
493,12000522,25,0,34.9595859645,325,13,2.18197638596,260.268908612,295.483831087,13,13,0.8,0.5,0.1,1,2.95483831087,245.172159979,0.1,0.1,35.2413387842,1,96ba53a2b09161bf
493,12000522,25,1,67.2422910469,175,14,2.41551618767,262.357313103,267.863151457,14,14,0.6,0.4,0,1,2.67863151457,245.172159979,0.1,0.1,35.2413387842,1,96ba53a2b09161bf
493,12000522,25,2,195.64808434,75,19,1.60429426637,278.169574348,280.485954725,19,19,0.7,0.6,0,1,2.80485954725,245.172159979,0.1,0.1,35.2413387842,1,96ba53a2b09161bf
493,12000522,25,3,338.360652593,425,13,2.80998802733,219.690653128,219.582100097,13,13,0.8,0.6,0.1,1,2.19582100097,245.172159979,0.1,0.1,35.2413387842,1,96ba53a2b09161bf
494,12000523,25,0,59.5887189561,425,14,2.83283349015,324.425737564,297.465292946,14,14,0.4,0.5,0.3,1,2.97465292946,185.605100713,0.5,0.9,128.67776889,1.86666666667,4f4f4a08c116eed0
494,12000523,25,1,323.072024774,325,23,2.0026636034,163.966996885,154.866364076,23,23,0.9,1,0.5,1,1.54866364076,185.605100713,0.5,0.9,128.67776889,1.86666666667,4f4f4a08c116eed0
494,12000523,25,2,82.8745350286,175,18,1.92394779875,323.129908684,247.339625534,18,18,0.5,0.7,0.3,1,2.47339625534,185.605100713,0.5,0.9,128.67776889,1.86666666667,4f4f4a08c116eed0
494,12000523,25,3,389.545782555,75,15,2.86552039168,304.793857445,256.326229479,15,15,0.5,0.6,0.2,1,2.56326229479,185.605100713,0.5,0.9,128.67776889,1.86666666667,4f4f4a08c116eed0
495,12000524,25,0,465.311994447,325,9,2.45747551739,336.357735582,330.364466112,9,9,0.4,0.2,0.1,1,3.30364466112,235.704207379,0.6,3,382.737589705,1.42142857143,6893fcb7f34e18ca
495,12000524,25,1,123.337911098,175,23,1.79523134326,221.50605444,173.802742672,23,23,0.7,1,0.6,1,1.73802742672,235.704207379,0.6,3,382.737589705,1.42142857143,6893fcb7f34e18ca
495,12000524,25,2,55.4389815807,75,14,2.01989303127,318.447996445,236.434781915,14,14,0.4,0.7,0.1,1,2.36434781915,235.704207379,0.6,3,382.737589705,1.42142857143,6893fcb7f34e18ca
495,12000524,25,3,424.870622488,425,10,2.39761359792,317.968320504,362.038705984,10,10,0.4,0.2,0.2,1,3.62038705984,235.704207379,0.6,3,382.737589705,1.42142857143,6893fcb7f34e18ca
496,12000525,25,0,484.853560674,75,10,2.57698421626,384.138419203,292.66035488,10,10,0.3,0.6,0.1,1,2.9266035488,307.253428105,0.2,0.4,144.724587496,1.66666666667,ad423af71d419d03
496,12000525,25,1,432.228796398,175,16,2.24568682562,310.991248322,255.872777152,16,16,0.3,0.8,0.1,1,2.55872777152,307.253428105,0.2,0.4,144.724587496,1.66666666667,ad423af71d419d03
496,12000525,25,2,238.799632729,425,17,1.77395884855,238.146475544,309.753321169,17,17,0.7,0.5,0.1,1,3.09753321169,307.253428105,0.2,0.4,144.724587496,1.66666666667,ad423af71d419d03
496,12000525,25,3,110.400354264,325,14,2.51709476343,226.120171045,313.280165166,14,14,0.6,0.3,0.1,1,3.13280165166,307.253428105,0.2,0.4,144.724587496,1.66666666667,ad423af71d419d03
497,12000526,25,0,472.698938874,325,12,2.95663752229,255.503911788,252.069100044,12,12,0.6,0.6,0.3,1,2.52069100044,216.568921891,0.4,0.9,187.202141537,1.66666666667,f720590bf0a96e78
497,12000526,25,1,130.063324854,425,13,2.68243901891,253.056279549,328.540062966,13,13,0.7,0.2,0.2,1,3.28540062966,216.568921891,0.4,0.9,187.202141537,1.66666666667,f720590bf0a96e78
497,12000526,25,2,477.845290482,175,12,2.91240217828,271.542334668,204.561705044,12,12,0.5,0.7,0.3,1,2.04561705044,216.568921891,0.4,0.9,187.202141537,1.66666666667,f720590bf0a96e78
497,12000526,25,3,179.515039412,75,20,1.85846198198,247.274279959,220.942639206,20,20,0.8,0.9,0.3,1,2.20942639206,216.568921891,0.4,0.9,187.202141537,1.66666666667,f720590bf0a96e78
498,12000527,25,0,399.952298856,325,14,2.20961093007,327.147035242,264.574044079,14,14,0.4,0.6,0.1,1,2.64574044079,234.586133758,0.5,1,149.362628778,1.36666666667,3cd9bfe0e5746a41
498,12000527,25,1,293.856432784,175,20,2.02475044064,255.240341905,225.725512451,20,20,0.7,0.7,0.2,1,2.25725512451,234.586133758,0.5,1,149.362628778,1.36666666667,3cd9bfe0e5746a41
498,12000527,25,2,36.7737594374,425,11,1.60210677647,321.257981606,213.547102069,11,11,0.3,0.8,0.3,1,2.13547102069,234.586133758,0.5,1,149.362628778,1.36666666667,3cd9bfe0e5746a41
498,12000527,25,3,212.088859348,75,18,2.00742986557,240.949828856,255.986849242,18,18,0.6,0.6,0.2,1,2.55986849242,234.586133758,0.5,1,149.362628778,1.36666666667,3cd9bfe0e5746a41
499,12000528,25,0,367.65602981,425,15,1.87978862809,221.853784473,241.038408728,15,15,0.7,0.6,0.5,1,2.41038408728,210.470717627,0.6,1.3,149.625090457,1.36111111111,6d278e9318b0c82b
499,12000528,25,1,227.283603862,325,22,1.63905892962,172.918711172,171.477239157,22,22,0.9,0.8,0.6,1,1.71477239157,210.470717627,0.6,1.3,149.625090457,1.36111111111,6d278e9318b0c82b
499,12000528,25,2,36.3146329313,175,14,2.37721569177,275.85151293,288.090326315,14,14,0.6,0.6,0.4,1,2.88090326315,210.470717627,0.6,1.3,149.625090457,1.36111111111,6d278e9318b0c82b
499,12000528,25,3,365.126921678,75,11,1.83134539453,300.731363671,243.371275813,11,11,0.4,0.7,0.3,1,2.43371275813,210.470717627,0.6,1.3,149.625090457,1.36111111111,6d278e9318b0c82b
