scenario_id,scenario_seed,node_count,auv_id,x,y,local_density,speed,source_to_oc_distance,destination_to_oc_distance,sensors_in_oc_range,gateways_in_oc_range,source_covered_by_oc,destination_covered_by_oc,estimated_local_path_exists,average_link_quality_in_oc_view,estimated_hop_count,mean_source_destination_distance_m,connected_flow_pair_ratio,mean_static_shortest_hops,mean_static_shortest_path_length_m,mean_static_feasible_relay_candidates,topology_hash
500,13000029,50,0,59.6426222955,75,21,2.7786598234,297.727142108,333.922317476,21,21,0.5,0.3,0.1,1,3.33922317476,274.299260614,0.9,5,428.807141923,2.53249559083,8e4e63d97e6d5d93
500,13000029,50,1,275.791332812,325,40,1.5147701837,225.303031659,210.109049516,40,40,1,0.8,0.9,1,2.10109049516,274.299260614,0.9,5,428.807141923,2.53249559083,8e4e63d97e6d5d93
500,13000029,50,2,382.21133832,175,31,2.01656801661,200.394444783,158.693563746,31,31,0.8,1,0.7,1,1.58693563746,274.299260614,0.9,5,428.807141923,2.53249559083,8e4e63d97e6d5d93
500,13000029,50,3,367.095639765,425,23,2.34627758725,296.101584935,287.203048908,23,23,0.5,0.5,0.2,1,2.87203048908,274.299260614,0.9,5,428.807141923,2.53249559083,8e4e63d97e6d5d93
501,13000030,50,0,378.973449543,75,17,2.39443953122,380.183342688,364.676044651,17,17,0.2,0.2,0.1,1,3.64676044651,246.089098228,1,4.3,326.068980223,3.23476190476,3339c635531a8bfc
501,13000030,50,1,17.0914150463,325,29,2.62312583701,241.669062124,215.312208555,29,29,0.6,0.8,0.7,1,2.15312208555,246.089098228,1,4.3,326.068980223,3.23476190476,3339c635531a8bfc
501,13000030,50,2,444.581722932,175,18,2.75806881893,335.098386405,382.821325452,18,18,0.3,0,0,1,3.82821325452,246.089098228,1,4.3,326.068980223,3.23476190476,3339c635531a8bfc
501,13000030,50,3,8.31252638491,425,26,2.92908639163,244.269033439,249.415982669,26,26,0.7,0.7,0.5,1,2.49415982669,246.089098228,1,4.3,326.068980223,3.23476190476,3339c635531a8bfc
502,13000031,50,0,251.621151326,425,35,1.5045632072,212.754746423,250.316189477,35,35,0.9,0.7,0.6,1,2.50316189477,280.903595799,1,5.5,428.392756379,2.33222222222,75ece9ff99f1457
502,13000031,50,1,410.545850578,75,24,2.52298324338,317.758530355,346.397400489,24,24,0.2,0.2,0.4,1,3.46397400489,280.903595799,1,5.5,428.392756379,2.33222222222,75ece9ff99f1457
502,13000031,50,2,70.049111354,325,23,2.33414129838,241.977892689,264.191564247,23,23,0.6,0.6,0.7,1,2.64191564247,280.903595799,1,5.5,428.392756379,2.33222222222,75ece9ff99f1457
502,13000031,50,3,419.337643027,175,35,2.15476588713,262.972784817,313.492176925,35,35,0.8,0.5,0.5,1,3.13492176925,280.903595799,1,5.5,428.392756379,2.33222222222,75ece9ff99f1457
503,13000032,50,0,297.78696129,425,36,1.77451151708,274.282356929,184.929548123,36,36,0.6,0.9,0.6,1,1.84929548123,342.931286184,1,7,539.93184002,2.53311965812,ac93a6d06e6a786b
503,13000032,50,1,209.41623839,175,39,1.59591521876,200.021315665,310.011115006,39,39,0.8,0.4,0.6,1,3.10011115006,342.931286184,1,7,539.93184002,2.53311965812,ac93a6d06e6a786b
503,13000032,50,2,89.071330263,325,31,1.60511242115,276.797371853,315.323225131,31,31,0.6,0.4,0.3,1,3.15323225131,342.931286184,1,7,539.93184002,2.53311965812,ac93a6d06e6a786b
503,13000032,50,3,11.121115301,75,14,1.6999488364,361.125538795,491.536204978,14,14,0.2,0,0.1,1,4.91536204978,342.931286184,1,7,539.93184002,2.53311965812,ac93a6d06e6a786b
504,13000033,50,0,425.10695252,325,29,2.38625367596,299.766441925,223.896864679,29,29,0.4,0.7,0.5,1,2.23896864679,271.126534893,1,5.8,460.337018431,2.15261904762,a7ab1090e8a67b23
504,13000033,50,1,94.9891197623,175,33,2.63102538961,211.003261454,301.659765621,33,33,0.7,0.4,0.7,1,3.01659765621,271.126534893,1,5.8,460.337018431,2.15261904762,a7ab1090e8a67b23
504,13000033,50,2,134.989030016,425,32,1.79698326544,290.671338039,214.316823099,32,32,0.5,0.7,0.7,1,2.14316823099,271.126534893,1,5.8,460.337018431,2.15261904762,a7ab1090e8a67b23
504,13000033,50,3,352.756913565,75,27,1.97058324635,268.86332481,301.450300923,27,27,0.6,0.4,0.5,1,3.01450300923,271.126534893,1,5.8,460.337018431,2.15261904762,a7ab1090e8a67b23
505,13000034,50,0,418.892108387,175,27,2.86222714026,279.315251389,290.190348541,27,27,0.5,0.5,0.5,1,2.90190348541,270.41643092,0.7,2.4,245.691757901,1.7619047619,24147f8ed9770761
505,13000034,50,1,144.787595783,425,36,2.93681384942,227.657942279,237.875142351,36,36,0.6,0.8,0.7,1,2.37875142351,270.41643092,0.7,2.4,245.691757901,1.7619047619,24147f8ed9770761
505,13000034,50,2,301.109048191,325,45,2.19082840268,197.026456271,186.700038684,45,45,0.9,0.8,0.7,1,1.86700038684,270.41643092,0.7,2.4,245.691757901,1.7619047619,24147f8ed9770761
505,13000034,50,3,23.7080530814,75,21,2.90817947749,343.743601789,295.774521571,21,21,0.3,0.5,0.3,1,2.95774521571,270.41643092,0.7,2.4,245.691757901,1.7619047619,24147f8ed9770761
506,13000035,50,0,496.528320665,425,19,1.99670593511,345.499865759,321.401105994,19,19,0.4,0.4,0,1,3.21401105994,336.684086877,0.6,3.8,500.700047986,2.35462962963,51d3af310bf66412
506,13000035,50,1,12.6933257337,325,26,1.53795456692,268.977028131,262.091877133,26,26,0.6,0.6,0.4,1,2.62091877133,336.684086877,0.6,3.8,500.700047986,2.35462962963,51d3af310bf66412
506,13000035,50,2,494.338006943,175,24,2.81829575155,338.02825803,350.794199174,24,24,0.4,0.5,0,1,3.50794199174,336.684086877,0.6,3.8,500.700047986,2.35462962963,51d3af310bf66412
506,13000035,50,3,195.612270156,75,34,1.84521805447,294.541155693,276.3984334,34,34,0.5,0.5,0,1,2.763984334,336.684086877,0.6,3.8,500.700047986,2.35462962963,51d3af310bf66412
507,13000036,50,0,242.455825923,75,33,1.89653157768,257.22287291,264.690606614,33,33,0.7,0.7,0.4,1,2.64690606614,183.525866692,0.7,2.1,226.569285313,2.76870748299,45f63009efac358a
507,13000036,50,1,360.301747247,425,28,2.86072322149,240.857337658,275.657281034,28,28,0.7,0.5,0.6,1,2.75657281034,183.525866692,0.7,2.1,226.569285313,2.76870748299,45f63009efac358a
507,13000036,50,2,87.7270013209,175,23,1.84153646382,247.8183404,252.732195863,23,23,0.6,0.6,0.2,1,2.52732195863,183.525866692,0.7,2.1,226.569285313,2.76870748299,45f63009efac358a
507,13000036,50,3,456.525917142,325,32,2.5367828908,248.438777386,299.372642842,32,32,0.6,0.5,0.5,1,2.99372642842,183.525866692,0.7,2.1,226.569285313,2.76870748299,45f63009efac358a
508,13000037,50,0,22.6497301449,75,18,2.59374068046,331.78657019,345.400998668,18,18,0.3,0.4,0.2,1,3.45400998668,243.614252235,0.9,3.2,266.294449043,2.91428571429,b1adad5b2b606818
508,13000037,50,1,409.504757082,325,39,2.73516343899,201.705277626,228.043847316,39,39,0.9,0.8,0.8,1,2.28043847316,243.614252235,0.9,3.2,266.294449043,2.91428571429,b1adad5b2b606818
508,13000037,50,2,486.514169065,175,27,2.83200629684,254.88868609,304.134967702,27,27,0.6,0.4,0.5,1,3.04134967702,243.614252235,0.9,3.2,266.294449043,2.91428571429,b1adad5b2b606818
508,13000037,50,3,42.4782187775,425,23,1.91168870104,335.079390009,255.596503416,23,23,0.5,0.7,0.3,1,2.55596503416,243.614252235,0.9,3.2,266.294449043,2.91428571429,b1adad5b2b606818
509,13000038,50,0,495.027838284,325,22,2.77072670084,346.080587562,271.054288323,22,22,0.2,0.5,0.4,1,2.71054288323,222.260902191,1,3.5,265.180741905,2.07285714286,4c7c0b82426fccba
509,13000038,50,1,26.6933232713,75,21,2.28279968885,248.709633666,345.800179125,21,21,0.6,0.4,0.4,1,3.45800179125,222.260902191,1,3.5,265.180741905,2.07285714286,4c7c0b82426fccba
509,13000038,50,2,181.703324056,425,31,1.98010024282,293.493729944,250.028247633,31,31,0.5,0.8,0.6,1,2.50028247633,222.260902191,1,3.5,265.180741905,2.07285714286,4c7c0b82426fccba
509,13000038,50,3,391.332551498,175,35,1.82397082644,226.257956829,245.608046906,35,35,0.7,0.7,1,1,2.45608046906,222.260902191,1,3.5,265.180741905,2.07285714286,4c7c0b82426fccba
510,13000039,50,0,12.9621888565,75,17,2.80470618963,296.138204943,340.499712852,17,17,0.4,0.3,0.1,1,3.40499712852,298.626901452,0.7,3.1,343.060020578,2.45816326531,cf0288d05f92f8e
510,13000039,50,1,467.922511887,175,23,2.03287904082,295.645264813,295.032169298,23,23,0.5,0.5,0.3,1,2.95032169298,298.626901452,0.7,3.1,343.060020578,2.45816326531,cf0288d05f92f8e
510,13000039,50,2,102.071765261,425,27,2.79758330779,288.166511762,256.749481148,27,27,0.5,0.6,0.3,1,2.56749481148,298.626901452,0.7,3.1,343.060020578,2.45816326531,cf0288d05f92f8e
510,13000039,50,3,267.817081533,325,43,2.03463234624,229.608523172,178.952782114,43,43,0.8,0.8,0.7,1,1.78952782114,298.626901452,0.7,3.1,343.060020578,2.45816326531,cf0288d05f92f8e
511,13000040,50,0,179.830863538,325,42,2.26912385837,232.998370324,209.761456587,42,42,0.7,0.8,1,1,2.09761456587,216.206051039,1,3.5,274.768910897,2.46833333333,fb479c779dccc9f4
511,13000040,50,1,291.79356875,175,44,1.62862667211,235.964887002,233.360525502,44,44,0.8,0.8,1,1,2.33360525502,216.206051039,1,3.5,274.768910897,2.46833333333,fb479c779dccc9f4
511,13000040,50,2,380.826508404,75,25,2.0940813512,306.864299929,326.357948106,25,25,0.4,0.3,0.5,1,3.26357948106,216.206051039,1,3.5,274.768910897,2.46833333333,fb479c779dccc9f4
511,13000040,50,3,56.2070811631,425,22,2.98867329618,318.241443392,284.413476546,22,22,0.4,0.5,0.4,1,2.84413476546,216.206051039,1,3.5,274.768910897,2.46833333333,fb479c779dccc9f4
512,13000041,50,0,66.6977345112,75,21,2.64876092473,264.679642809,336.960466675,21,21,0.5,0.3,0.4,1,3.36960466675,270.448111528,0.4,1.2,219.788427858,2.8125,c6a3a265aff0e9f4
512,13000041,50,1,448.618383792,425,23,2.63650213251,357.477574071,257.938133645,23,23,0.2,0.5,0.2,1,2.57938133645,270.448111528,0.4,1.2,219.788427858,2.8125,c6a3a265aff0e9f4
512,13000041,50,2,337.448232818,175,39,2.61052353831,216.795181185,211.689093003,39,39,0.8,0.7,0.4,1,2.11689093003,270.448111528,0.4,1.2,219.788427858,2.8125,c6a3a265aff0e9f4
512,13000041,50,3,164.398790334,325,39,2.23378069085,203.235653124,224.827771507,39,39,0.8,0.7,0.4,1,2.24827771507,270.448111528,0.4,1.2,219.788427858,2.8125,c6a3a265aff0e9f4
513,13000042,50,0,39.5472531979,175,27,2.52331384861,195.042908769,275.23569028,27,27,0.7,0.7,0.5,1,2.7523569028,198.109730175,0.8,3,290.364754541,2.8318452381,636991c6b71cf5a
513,13000042,50,1,335.696873169,75,22,1.50455909167,313.987712255,308.391450141,22,22,0.2,0.6,0.1,1,3.08391450141,198.109730175,0.8,3,290.364754541,2.8318452381,636991c6b71cf5a
513,13000042,50,2,434.931091533,425,25,2.29325334738,335.153221495,284.480894555,25,25,0.5,0.5,0.3,1,2.84480894555,198.109730175,0.8,3,290.364754541,2.8318452381,636991c6b71cf5a
513,13000042,50,3,140.132090744,325,40,2.67203891816,164.826233798,200.026466416,40,40,1,0.6,0.8,1,2.00026466416,198.109730175,0.8,3,290.364754541,2.8318452381,636991c6b71cf5a
514,13000043,50,0,5.3851253448,425,20,2.56807122884,265.504265745,282.729059051,20,20,0.7,0.4,0.3,1,2.82729059051,237.131104029,1,3.9,300.86392563,2.86880952381,c1c8b5778322c13
514,13000043,50,1,340.950660718,325,41,2.47064790456,190.983351612,191.293106828,41,41,0.9,0.8,0.9,1,1.91293106828,237.131104029,1,3.9,300.86392563,2.86880952381,c1c8b5778322c13
514,13000043,50,2,208.324181514,175,42,2.37361089039,221.770328603,203.764181106,42,42,0.9,0.8,0.8,1,2.03764181106,237.131104029,1,3.9,300.86392563,2.86880952381,c1c8b5778322c13
514,13000043,50,3,290.354801758,75,28,2.44892232261,309.387642341,280.482314553,28,28,0.4,0.5,0.7,1,2.80482314553,237.131104029,1,3.9,300.86392563,2.86880952381,c1c8b5778322c13
515,13000044,50,0,86.4082020242,425,21,1.85785561188,280.473772402,374.265278607,21,21,0.4,0.2,0.2,1,3.74265278607,262.776615431,1,6.1,483.485735237,2.1769047619,8c8cea1b0d6d46fd
515,13000044,50,1,86.9676334684,325,26,2.1392786865,256.581408829,319.807094781,26,26,0.4,0.3,0.2,1,3.19807094781,262.776615431,1,6.1,483.485735237,2.1769047619,8c8cea1b0d6d46fd
515,13000044,50,2,370.776668337,175,39,2.13183932094,237.901543433,177.475632103,39,39,0.7,1,0.7,1,1.77475632103,262.776615431,1,6.1,483.485735237,2.1769047619,8c8cea1b0d6d46fd
515,13000044,50,3,435.683743234,75,25,2.08146650334,311.703735974,219.219739807,25,25,0.5,0.7,0.4,1,2.19219739807,262.776615431,1,6.1,483.485735237,2.1769047619,8c8cea1b0d6d46fd
516,13000045,50,0,49.2772190297,175,32,2.17789756387,302.55887245,311.256048127,32,32,0.4,0.6,0.2,1,3.11256048127,278.056922827,0.7,2.1,232.471577792,3.03571428571,df15e087ac7313e3
516,13000045,50,1,94.4794254211,75,33,2.17769395903,301.173007023,285.974644802,33,33,0.5,0.5,0.2,1,2.85974644802,278.056922827,0.7,2.1,232.471577792,3.03571428571,df15e087ac7313e3
516,13000045,50,2,342.942924604,425,23,2.82864259046,299.67292255,297.779801131,23,23,0.4,0.5,0.6,1,2.97779801131,278.056922827,0.7,2.1,232.471577792,3.03571428571,df15e087ac7313e3
516,13000045,50,3,434.4268995,325,29,2.94578270781,276.511031787,239.045821212,29,29,0.6,0.7,0.6,1,2.39045821212,278.056922827,0.7,2.1,232.471577792,3.03571428571,df15e087ac7313e3
517,13000046,50,0,256.986528561,425,42,1.64678108649,213.267646852,175.394832542,42,42,0.6,1,0.8,1,1.75394832542,205.619706739,0.8,2.7,258.127894036,2.69568452381,b0fcc4d95f4ce3f3
517,13000046,50,1,225.934227639,325,48,1.88463024181,204.595258885,157.397463783,48,48,1,1,0.8,1,1.57397463783,205.619706739,0.8,2.7,258.127894036,2.69568452381,b0fcc4d95f4ce3f3
517,13000046,50,2,269.662757525,175,38,1.7018613308,224.556055108,226.822228292,38,38,0.8,0.7,0.6,1,2.26822228292,205.619706739,0.8,2.7,258.127894036,2.69568452381,b0fcc4d95f4ce3f3
517,13000046,50,3,396.877627655,75,27,1.6123145019,280.566933567,346.573545253,27,27,0.6,0.3,0.4,1,3.46573545253,205.619706739,0.8,2.7,258.127894036,2.69568452381,b0fcc4d95f4ce3f3
518,13000047,50,0,463.272522845,75,19,2.86196324884,337.419704208,251.597509371,19,19,0.4,0.6,0.4,1,2.51597509371,329.921388394,0.9,5.7,505.659654813,2.74474969475,f91298cdaa69b793
518,13000047,50,1,354.581002914,325,37,2.85952082565,242.003875115,218.635906109,37,37,0.6,0.9,0.5,1,2.18635906109,329.921388394,0.9,5.7,505.659654813,2.74474969475,f91298cdaa69b793
518,13000047,50,2,139.838678369,175,37,2.19026073955,211.749196169,273.845256008,37,37,0.7,0.4,0.5,1,2.73845256008,329.921388394,0.9,5.7,505.659654813,2.74474969475,f91298cdaa69b793
518,13000047,50,3,38.6533090746,425,21,2.89415553311,353.583073845,384.214746373,21,21,0.2,0.2,0,1,3.84214746373,329.921388394,0.9,5.7,505.659654813,2.74474969475,f91298cdaa69b793
519,13000048,50,0,70.070075121,425,23,2.64149958186,352.933330615,301.762325748,23,23,0.3,0.6,0.4,1,3.01762325748,211.285837052,1,3.7,284.516899888,2.49,54ff886a0b28dba6
519,13000048,50,1,302.548473841,175,35,1.6532829249,181.54335484,248.524118909,35,35,0.9,0.7,0.8,1,2.48524118909,211.285837052,1,3.7,284.516899888,2.49,54ff886a0b28dba6
519,13000048,50,2,361.04153834,325,34,2.69305496501,238.098412748,237.327947482,34,34,0.5,0.5,0.7,1,2.37327947482,211.285837052,1,3.7,284.516899888,2.49,54ff886a0b28dba6
519,13000048,50,3,429.876909627,75,23,2.77609714064,243.071350353,318.01271708,23,23,0.6,0.4,0.3,1,3.1801271708,211.285837052,1,3.7,284.516899888,2.49,54ff886a0b28dba6
520,13000049,50,0,76.861034982,425,29,2.0989612639,258.125653081,337.866328223,29,29,0.6,0.4,0.6,1,3.37866328223,237.456237187,0.9,3.5,295.89266027,3.12566137566,437577c217de47b2
520,13000049,50,1,423.138245332,175,35,1.52058283302,305.525652881,197.627590888,35,35,0.3,0.7,0.5,1,1.97627590888,237.456237187,0.9,3.5,295.89266027,3.12566137566,437577c217de47b2
520,13000049,50,2,25.0783992705,325,29,2.00896882404,209.634004685,301.694721432,29,29,0.9,0.4,0.6,1,3.01694721432,237.456237187,0.9,3.5,295.89266027,3.12566137566,437577c217de47b2
520,13000049,50,3,491.063328225,75,20,1.59974457369,384.817903378,262.545154069,20,20,0.2,0.7,0.1,1,2.62545154069,237.456237187,0.9,3.5,295.89266027,3.12566137566,437577c217de47b2
521,13000050,50,0,404.246700094,425,28,2.65222467474,263.290750541,241.291723985,28,28,0.6,0.7,0.4,1,2.41291723985,257.512249709,0.4,1.2,230.383153782,2.025,40318667d8aa05cd
521,13000050,50,1,199.787134042,75,35,1.73198683006,235.281031477,250.728750187,35,35,0.8,0.8,0.1,1,2.50728750187,257.512249709,0.4,1.2,230.383153782,2.025,40318667d8aa05cd
521,13000050,50,2,445.416417944,175,25,2.32497540029,292.861477913,185.210514709,25,25,0.5,0.8,0.4,1,1.85210514709,257.512249709,0.4,1.2,230.383153782,2.025,40318667d8aa05cd
521,13000050,50,3,10.5855855452,325,28,2.27133270636,250.371328865,341.479196843,28,28,0.6,0.3,0.1,1,3.41479196843,257.512249709,0.4,1.2,230.383153782,2.025,40318667d8aa05cd
522,13000051,50,0,437.974644379,175,32,2.28613802994,286.563629332,227.264948662,32,32,0.5,0.7,0.4,1,2.27264948662,280.485213027,1,7.1,539.026499496,2.1721978022,97db0a3b07d5ae7e
522,13000051,50,1,343.680015097,425,34,2.87349177571,282.54394119,177.865143059,34,34,0.6,1,0.5,1,1.77865143059,280.485213027,1,7.1,539.026499496,2.1721978022,97db0a3b07d5ae7e
522,13000051,50,2,101.351888896,75,20,1.53126637736,335.428743899,343.328326288,20,20,0.3,0.4,0.3,1,3.43328326288,280.485213027,1,7.1,539.026499496,2.1721978022,97db0a3b07d5ae7e
522,13000051,50,3,112.046941255,325,32,2.61629078379,265.339701005,220.954504141,32,32,0.4,0.7,0.5,1,2.20954504141,280.485213027,1,7.1,539.026499496,2.1721978022,97db0a3b07d5ae7e
523,13000052,50,0,276.778748458,75,33,2.33494518442,197.147280669,251.945832114,33,33,0.7,0.7,0.6,1,2.51945832114,189.609816229,1,3,236.365008085,3.53,e89b3a0fa89c8cf1
523,13000052,50,1,248.471130593,425,38,1.88585207864,229.779778448,216.819659026,38,38,0.8,0.9,0.9,1,2.16819659026,189.609816229,1,3,236.365008085,3.53,e89b3a0fa89c8cf1
523,13000052,50,2,97.140819453,175,45,1.82671077026,210.291156315,191.070379512,45,45,1,0.9,1,1,1.91070379512,189.609816229,1,3,236.365008085,3.53,e89b3a0fa89c8cf1
523,13000052,50,3,489.377742877,325,19,2.07407869829,312.34337593,327.57828644,19,19,0.4,0.4,0.3,1,3.2757828644,189.609816229,1,3,236.365008085,3.53,e89b3a0fa89c8cf1
524,13000053,50,0,21.3691549458,175,24,2.27264643765,325.31477364,269.568679869,24,24,0.3,0.6,0.3,1,2.69568679869,263.290516937,1,4.6,359.405365642,2.37619047619,73450b32f73b7efb
524,13000053,50,1,233.186634394,425,31,1.65838871166,283.686105613,286.350671003,31,31,0.5,0.5,0.2,1,2.86350671003,263.290516937,1,4.6,359.405365642,2.37619047619,73450b32f73b7efb
524,13000053,50,2,253.461702463,325,42,1.65505965881,219.737381157,212.731757494,42,42,0.9,0.8,1,1,2.12731757494,263.290516937,1,4.6,359.405365642,2.37619047619,73450b32f73b7efb
524,13000053,50,3,447.462071538,75,25,1.94190346748,223.266267443,248.065565716,25,25,0.5,0.7,0.6,1,2.48065565716,263.290516937,1,4.6,359.405365642,2.37619047619,73450b32f73b7efb
525,13000054,50,0,364.814845489,425,31,2.80524158619,224.160549677,225.799602253,31,31,0.8,0.9,0.8,1,2.25799602253,294.232122352,0.9,3.9,325.333874355,2.47751322751,7f61d82d5533f750
525,13000054,50,1,173.283562491,175,39,2.46805714124,212.659003655,244.534990725,39,39,0.7,0.8,0.9,1,2.44534990725,294.232122352,0.9,3.9,325.333874355,2.47751322751,7f61d82d5533f750
525,13000054,50,2,243.012767222,325,42,2.0696515423,177.87967622,185.732805121,42,42,1,0.9,0.9,1,1.85732805121,294.232122352,0.9,3.9,325.333874355,2.47751322751,7f61d82d5533f750
525,13000054,50,3,338.043890994,75,32,1.99274298416,250.525852011,298.174677924,32,32,0.6,0.4,0.5,1,2.98174677924,294.232122352,0.9,3.9,325.333874355,2.47751322751,7f61d82d5533f750
526,13000055,50,0,341.832862466,325,37,2.00089436389,276.373869348,236.382221482,37,37,0.8,0.8,0.4,1,2.36382221482,327.594310361,0.5,2.1,336.372782724,2.49571428571,7f82303919e2e7f9
526,13000055,50,1,465.477238122,75,17,2.46412618633,182.522650421,304.881113585,17,17,0.7,0.3,0.3,1,3.04881113585,327.594310361,0.5,2.1,336.372782724,2.49571428571,7f82303919e2e7f9
526,13000055,50,2,42.8250590732,425,19,2.88317111931,434.05020133,385.080072865,19,19,0.2,0.3,0.1,1,3.85080072865,327.594310361,0.5,2.1,336.372782724,2.49571428571,7f82303919e2e7f9
526,13000055,50,3,108.377187441,175,32,2.5703149829,271.506994952,255.027528319,32,32,0.4,0.5,0.1,1,2.55027528319,327.594310361,0.5,2.1,336.372782724,2.49571428571,7f82303919e2e7f9
527,13000056,50,0,141.674733505,175,31,2.50850578358,237.98664678,273.106982681,31,31,0.5,0.6,0.5,1,2.73106982681,304.41409787,0.6,2.3,308.643907692,2.44444444444,a8b7dfc8ae90fac0
527,13000056,50,1,162.828588427,75,28,2.6519837925,249.903747814,325.432055296,28,28,0.6,0.5,0.4,1,3.25432055296,304.41409787,0.6,2.3,308.643907692,2.44444444444,a8b7dfc8ae90fac0
527,13000056,50,2,483.866835812,325,28,2.04999959686,342.62739348,239.918290172,28,28,0.4,0.7,0.3,1,2.39918290172,304.41409787,0.6,2.3,308.643907692,2.44444444444,a8b7dfc8ae90fac0
527,13000056,50,3,456.724139762,425,25,2.17910947219,363.226337476,233.108266312,25,25,0.4,0.7,0.2,1,2.33108266312,304.41409787,0.6,2.3,308.643907692,2.44444444444,a8b7dfc8ae90fac0
528,13000057,50,0,17.2778693012,425,22,2.92878583119,336.577837111,287.655086473,22,22,0.5,0.6,0.2,1,2.87655086473,303.962483335,0.6,3.9,453.509252979,3.30037878788,9931fb6666ec6462
528,13000057,50,1,420.564265465,75,22,2.99194288511,275.188651588,323.336443067,22,22,0.5,0.2,0.3,1,3.23336443067,303.962483335,0.6,3.9,453.509252979,3.30037878788,9931fb6666ec6462
528,13000057,50,2,160.543022455,175,38,1.58698548444,210.692830148,209.799050092,38,38,0.9,0.8,0.2,1,2.09799050092,303.962483335,0.6,3.9,453.509252979,3.30037878788,9931fb6666ec6462
528,13000057,50,3,464.787628839,325,28,1.62552314134,306.485168053,290.270403743,28,28,0.5,0.5,0.2,1,2.90270403743,303.962483335,0.6,3.9,453.509252979,3.30037878788,9931fb6666ec6462
529,13000058,50,0,275.152886559,425,31,2.22919968246,287.503048298,270.912337498,31,31,0.6,0.7,0.4,1,2.70912337498,292.254165341,1,7,506.802243543,2.97545454545,498b1619f0723747
529,13000058,50,1,43.4611387244,75,24,2.83662033947,334.590040968,279.847694069,24,24,0.4,0.5,0.2,1,2.79847694069,292.254165341,1,7,506.802243543,2.97545454545,498b1619f0723747
529,13000058,50,2,53.9855587136,175,31,2.54590917504,304.957738323,258.519337896,31,31,0.4,0.6,0.4,1,2.58519337896,292.254165341,1,7,506.802243543,2.97545454545,498b1619f0723747
529,13000058,50,3,426.363567455,325,32,1.9745751259,199.948631897,244.738872032,32,32,0.7,0.6,0.5,1,2.44738872032,292.254165341,1,7,506.802243543,2.97545454545,498b1619f0723747
530,13000059,50,0,453.369530709,175,36,2.45108783667,237.274861701,215.809715045,36,36,0.7,0.9,0.4,1,2.15809715045,201.972277818,0.6,1.6,219.817962293,3.84722222222,2929201df576e532
530,13000059,50,1,342.465477404,425,37,2.00745251976,199.645864952,201.031622257,37,37,0.9,0.9,0.6,1,2.01031622257,201.972277818,0.6,1.6,219.817962293,3.84722222222,2929201df576e532
530,13000059,50,2,15.4739123623,75,22,2.75074305583,408.881589708,365.702919667,22,22,0.1,0.3,0.2,1,3.65702919667,201.972277818,0.6,1.6,219.817962293,3.84722222222,2929201df576e532
530,13000059,50,3,138.384565985,325,35,2.8055681765,229.557023565,218.525110856,35,35,0.7,0.8,0.6,1,2.18525110856,201.972277818,0.6,1.6,219.817962293,3.84722222222,2929201df576e532
531,13000060,50,0,75.0450526335,175,30,2.75383407795,303.603051217,233.359636083,30,30,0.5,0.7,0.2,1,2.33359636083,223.80177299,0.5,1.5,216.648556956,1.28,e4e25cd71935e526
531,13000060,50,1,38.7158754161,425,18,2.02224719652,354.695684218,301.471118033,18,18,0.4,0.5,0.2,1,3.01471118033,223.80177299,0.5,1.5,216.648556956,1.28,e4e25cd71935e526
531,13000060,50,2,334.09178647,75,33,1.71000806893,231.001389075,234.857268346,33,33,0.7,0.7,0.2,1,2.34857268346,223.80177299,0.5,1.5,216.648556956,1.28,e4e25cd71935e526
531,13000060,50,3,399.540776378,325,33,1.61367688472,197.833329252,208.327978828,33,33,0.9,0.9,0.5,1,2.08327978828,223.80177299,0.5,1.5,216.648556956,1.28,e4e25cd71935e526
532,13000061,50,0,480.037669148,325,28,2.46403349014,238.743678133,289.00704411,28,28,0.6,0.7,0.5,1,2.8900704411,316.586961128,1,5.2,413.763913463,2.41880952381,15c1875461aa167e
532,13000061,50,1,42.5760437599,75,20,2.42801658663,399.32239622,294.775997385,20,20,0.2,0.5,0.3,1,2.94775997385,316.586961128,1,5.2,413.763913463,2.41880952381,15c1875461aa167e
532,13000061,50,2,99.7873588064,175,29,2.02154753755,308.169218361,205.212064302,29,29,0.4,0.6,0.4,1,2.05212064302,316.586961128,1,5.2,413.763913463,2.41880952381,15c1875461aa167e
532,13000061,50,3,483.773064614,425,17,2.75014445597,257.531845105,338.906820955,17,17,0.4,0.2,0.2,1,3.38906820955,316.586961128,1,5.2,413.763913463,2.41880952381,15c1875461aa167e
533,13000062,50,0,295.031320686,425,31,2.39270181242,255.528182521,254.732658424,31,31,0.6,0.8,0.3,1,2.54732658424,220.538458189,0.5,0.7,108.190575008,3.4,ab47c029286e81f1
533,13000062,50,1,147.639564546,325,41,2.21954926523,223.508808014,234.481183094,41,41,0.9,0.6,0.5,1,2.34481183094,220.538458189,0.5,0.7,108.190575008,3.4,ab47c029286e81f1
533,13000062,50,2,294.005875255,175,40,2.02606657707,234.482738157,240.984248302,40,40,0.8,0.7,0.4,1,2.40984248302,220.538458189,0.5,0.7,108.190575008,3.4,ab47c029286e81f1
533,13000062,50,3,96.6717063321,75,27,1.75871638595,247.753683682,310.17895145,27,27,0.5,0.3,0.2,1,3.1017895145,220.538458189,0.5,0.7,108.190575008,3.4,ab47c029286e81f1
534,13000063,50,0,359.095339409,175,36,2.12506564939,245.517502879,134.23579799,36,36,0.5,0.9,0.3,1,1.3423579799,209.267517477,0.5,0.8,119.9655932,1.9,e4de599d6b47c00c
534,13000063,50,1,191.423257673,425,28,2.44967147757,248.416695545,307.487850564,28,28,0.4,0.2,0.2,1,3.07487850564,209.267517477,0.5,0.8,119.9655932,1.9,e4de599d6b47c00c
534,13000063,50,2,441.938862692,325,33,1.78860052383,325.287565784,208.912682672,33,33,0.5,1,0.4,1,2.08912682672,209.267517477,0.5,0.8,119.9655932,1.9,e4de599d6b47c00c
534,13000063,50,3,59.8503214198,75,22,1.99357007953,243.838517579,347.826954563,22,22,0.5,0.3,0.1,1,3.47826954563,209.267517477,0.5,0.8,119.9655932,1.9,e4de599d6b47c00c
535,13000064,50,0,209.170259533,75,32,2.04183877634,295.05544124,256.701653569,32,32,0.6,0.5,0.1,1,2.56701653569,256.827921735,0.7,5,588.613693966,2.86071428571,afeed29b44176547
535,13000064,50,1,477.650085179,325,27,2.98828045973,214.311059996,193.554936762,27,27,0.8,0.6,0.7,1,1.93554936762,256.827921735,0.7,5,588.613693966,2.86071428571,afeed29b44176547
535,13000064,50,2,161.344658587,425,27,2.75526290923,269.616656294,353.183633594,27,27,0.5,0,0.2,1,3.53183633594,256.827921735,0.7,5,588.613693966,2.86071428571,afeed29b44176547
535,13000064,50,3,290.295204891,175,40,2.43448315648,206.802078171,202.945839509,40,40,0.6,0.8,0.2,1,2.02945839509,256.827921735,0.7,5,588.613693966,2.86071428571,afeed29b44176547
536,13000065,50,0,257.847344784,425,33,1.63321415519,174.446306051,227.200420641,33,33,0.8,0.7,0.2,1,2.27200420641,202.514707269,0.3,0.3,84.9784988735,3.33333333333,5ff7f16d7a81ac3
536,13000065,50,1,57.7839852846,325,30,2.92416027147,245.923406267,292.008796826,30,30,0.7,0.5,0.2,1,2.92008796826,202.514707269,0.3,0.3,84.9784988735,3.33333333333,5ff7f16d7a81ac3
536,13000065,50,2,122.512624144,175,38,2.18815464113,257.981394898,278.227091754,38,38,0.5,0.5,0.2,1,2.78227091754,202.514707269,0.3,0.3,84.9784988735,3.33333333333,5ff7f16d7a81ac3
536,13000065,50,3,334.50689718,75,23,2.31914561017,329.210984829,298.672974908,23,23,0.3,0.4,0.1,1,2.98672974908,202.514707269,0.3,0.3,84.9784988735,3.33333333333,5ff7f16d7a81ac3
537,13000066,50,0,91.3445005104,75,22,2.82701648446,358.475173846,258.354754447,22,22,0.3,0.6,0.3,1,2.58354754447,272.011952935,0.6,1.9,239.519121155,3.16944444444,472228f042334312
537,13000066,50,1,490.206375356,325,32,2.07042430641,264.172222856,283.391170659,32,32,0.6,0.6,0.4,1,2.83391170659,272.011952935,0.6,1.9,239.519121155,3.16944444444,472228f042334312
537,13000066,50,2,95.8856662737,175,34,1.71230001881,304.613101249,228.613393965,34,34,0.6,0.7,0.4,1,2.28613393965,272.011952935,0.6,1.9,239.519121155,3.16944444444,472228f042334312
537,13000066,50,3,399.841022475,425,30,2.24871062158,246.578503822,299.26843299,30,30,0.5,0.6,0.4,1,2.9926843299,272.011952935,0.6,1.9,239.519121155,3.16944444444,472228f042334312
538,13000067,50,0,351.624512197,425,29,1.54363361903,270.658555789,262.154762854,29,29,0.5,0.7,0.2,1,2.62154762854,232.436843443,0.9,5.1,417.148525791,1.89082491582,79a6e487379396fd
538,13000067,50,1,347.337812487,175,35,1.74225985502,250.855984577,257.620573289,35,35,0.6,0.8,0.3,1,2.57620573289,232.436843443,0.9,5.1,417.148525791,1.89082491582,79a6e487379396fd
538,13000067,50,2,111.515200291,75,27,1.96285671127,265.45374745,267.111045256,27,27,0.6,0.7,0.6,1,2.67111045256,232.436843443,0.9,5.1,417.148525791,1.89082491582,79a6e487379396fd
538,13000067,50,3,193.541246615,325,42,2.18415582012,182.637003088,182.149095043,42,42,0.8,0.8,0.9,1,1.82149095043,232.436843443,0.9,5.1,417.148525791,1.89082491582,79a6e487379396fd
539,13000068,50,0,385.357826279,175,40,2.58464480317,281.028581577,207.454798973,40,40,0.6,0.8,0.7,1,2.07454798973,266.551937251,1,4.8,355.199150582,2.20178571429,8efb7a7a54d8cf35
539,13000068,50,1,15.7161492966,425,12,2.1127740566,301.55037184,375.310488084,12,12,0.4,0.3,0.2,1,3.75310488084,266.551937251,1,4.8,355.199150582,2.20178571429,8efb7a7a54d8cf35
539,13000068,50,2,435.869829968,325,30,2.00713262133,273.683850915,180.576068859,30,30,0.5,0.9,0.5,1,1.80576068859,266.551937251,1,4.8,355.199150582,2.20178571429,8efb7a7a54d8cf35
539,13000068,50,3,175.027469339,75,34,1.92526251264,271.580687043,318.187615496,34,34,0.5,0.5,0.5,1,3.18187615496,266.551937251,1,4.8,355.199150582,2.20178571429,8efb7a7a54d8cf35
540,13000069,50,0,216.923183047,425,33,2.09452962597,249.765061798,179.144366587,33,33,0.6,0.9,0.6,1,1.79144366587,225.648624688,0.9,3.5,262.935561264,2.93650793651,18f5a27146e43192
540,13000069,50,1,384.168213258,175,31,2.98495972842,279.991064094,283.958973877,31,31,0.6,0.5,0.4,1,2.83958973877,225.648624688,0.9,3.5,262.935561264,2.93650793651,18f5a27146e43192
540,13000069,50,2,113.597015244,325,32,1.6349304936,230.692571592,216.687134601,32,32,0.5,0.7,0.6,1,2.16687134601,225.648624688,0.9,3.5,262.935561264,2.93650793651,18f5a27146e43192
540,13000069,50,3,308.603726849,75,28,2.10245905546,283.314333495,340.152500113,28,28,0.4,0.3,0.1,1,3.40152500113,225.648624688,0.9,3.5,262.935561264,2.93650793651,18f5a27146e43192
541,13000070,50,0,119.361148363,425,24,1.59284494429,355.254595993,317.199110946,24,24,0.3,0.5,0,1,3.17199110946,294.423914748,1,5.2,402.45626108,3.11761904762,56d3d1e16c7e21c6
541,13000070,50,1,359.312843894,75,32,2.37457419438,161.85513637,230.050308039,32,32,1,0.5,0.8,1,2.30050308039,294.423914748,1,5.2,402.45626108,3.11761904762,56d3d1e16c7e21c6
541,13000070,50,2,135.02547175,175,39,2.45033479213,219.43898438,235.323350747,39,39,0.7,0.8,0.7,1,2.35323350747,294.423914748,1,5.2,402.45626108,3.11761904762,56d3d1e16c7e21c6
541,13000070,50,3,371.870307122,325,39,1.96918204189,216.568480203,225.693244956,39,39,0.8,0.7,0.6,1,2.25693244956,294.423914748,1,5.2,402.45626108,3.11761904762,56d3d1e16c7e21c6
542,13000071,50,0,448.290739888,325,27,2.78257483519,179.103512803,234.370941096,27,27,0.9,0.6,0.8,1,2.34370941096,248.299088334,1,3.9,302.031720797,2.54888888889,c4f176d628daaae6
542,13000071,50,1,23.7692520363,425,26,2.73945032027,346.273900198,316.162141919,26,26,0.4,0.5,0.2,1,3.16162141919,248.299088334,1,3.9,302.031720797,2.54888888889,c4f176d628daaae6
542,13000071,50,2,4.40488782665,175,26,2.86790359909,396.050669242,316.788989212,26,26,0.1,0.4,0.1,1,3.16788989212,248.299088334,1,3.9,302.031720797,2.54888888889,c4f176d628daaae6
542,13000071,50,3,371.980521924,75,26,2.39427119561,280.400475074,279.479136051,26,26,0.5,0.6,0.4,1,2.79479136051,248.299088334,1,3.9,302.031720797,2.54888888889,c4f176d628daaae6
543,13000072,50,0,191.864471726,75,33,1.5324995594,269.153874136,202.86598445,33,33,0.6,0.9,0.6,1,2.0286598445,259.888673097,0.8,3.1,312.107908709,2.68005952381,aa5981bc2ff08b1a
543,13000072,50,1,290.062048056,425,34,1.561436244,258.21969534,227.131861706,34,34,0.7,0.7,0.6,1,2.27131861706,259.888673097,0.8,3.1,312.107908709,2.68005952381,aa5981bc2ff08b1a
543,13000072,50,2,84.0190478146,175,34,2.69986015297,276.825923626,171.038248557,34,34,0.6,1,0.5,1,1.71038248557,259.888673097,0.8,3.1,312.107908709,2.68005952381,aa5981bc2ff08b1a
543,13000072,50,3,306.463066438,325,45,2.41474470373,216.641341507,178.74249867,45,45,0.9,0.8,0.8,1,1.7874249867,259.888673097,0.8,3.1,312.107908709,2.68005952381,aa5981bc2ff08b1a
544,13000073,50,0,321.423726656,425,30,2.17775804871,248.590739167,223.809608225,30,30,0.5,0.7,0.6,1,2.23809608225,281.695217269,1,6.9,502.166212572,2.70142857143,55ab1179604e3ec5
544,13000073,50,1,437.771459965,75,23,1.75101590542,321.225901806,380.490779471,23,23,0.4,0.2,0.1,1,3.80490779471,281.695217269,1,6.9,502.166212572,2.70142857143,55ab1179604e3ec5
544,13000073,50,2,262.762572815,325,47,1.80686603289,200.449572891,183.919651998,47,47,1,1,1,1,1.83919651998,281.695217269,1,6.9,502.166212572,2.70142857143,55ab1179604e3ec5
544,13000073,50,3,194.55685326,175,40,1.60286927918,198.299882517,219.23158174,40,40,0.8,0.7,0.8,1,2.1923158174,281.695217269,1,6.9,502.166212572,2.70142857143,55ab1179604e3ec5
545,13000074,50,0,19.7781261993,175,23,1.94073366342,282.176831003,270.001338671,23,23,0.6,0.4,0.2,1,2.70001338671,283.186327506,0.6,2.5,322.259861369,2.375,80c2452958fe29b9
545,13000074,50,1,39.3691424857,325,24,2.48000460219,281.164107696,278.155992383,24,24,0.5,0.6,0.2,1,2.78155992383,283.186327506,0.6,2.5,322.259861369,2.375,80c2452958fe29b9
545,13000074,50,2,191.844800892,75,34,1.50897457941,234.922076669,242.715306466,34,34,0.6,0.7,0.4,1,2.42715306466,283.186327506,0.6,2.5,322.259861369,2.375,80c2452958fe29b9
545,13000074,50,3,306.535975637,425,32,2.34849965851,259.016451125,245.296335746,32,32,0.6,0.6,0.4,1,2.45296335746,283.186327506,0.6,2.5,322.259861369,2.375,80c2452958fe29b9
546,13000075,50,0,109.100913124,175,32,2.72267130482,314.485464123,220.473038676,32,32,0.5,1,0.3,1,2.20473038676,211.877159257,0.4,0.6,110.689999058,3.75,6c657fc762b9e4bd
546,13000075,50,1,310.863418702,425,31,2.4432546834,261.878271881,259.929499447,31,31,0.5,0.5,0.2,1,2.59929499447,211.877159257,0.4,0.6,110.689999058,3.75,6c657fc762b9e4bd
546,13000075,50,2,331.151321539,75,34,1.87727645207,243.043564662,199.34694617,34,34,0.5,0.7,0.3,1,1.9934694617,211.877159257,0.4,0.6,110.689999058,3.75,6c657fc762b9e4bd
546,13000075,50,3,41.068315471,325,22,2.10631211697,345.935199688,282.447229543,22,22,0.3,0.6,0.1,1,2.82447229543,211.877159257,0.4,0.6,110.689999058,3.75,6c657fc762b9e4bd
547,13000076,50,0,308.478274692,425,29,2.32344663375,233.269467679,320.01548091,29,29,0.7,0.3,0.4,1,3.2001548091,249.164102964,0.9,3.5,307.609716937,2.60873015873,7521f7b86eb89d77
547,13000076,50,1,94.5927053808,175,38,2.23155156418,211.102836728,191.883981896,38,38,0.8,0.9,0.8,1,1.91883981896,249.164102964,0.9,3.5,307.609716937,2.60873015873,7521f7b86eb89d77
547,13000076,50,2,43.9540980246,75,25,2.70928071464,273.897559568,242.314078143,25,25,0.5,0.7,0.6,1,2.42314078143,249.164102964,0.9,3.5,307.609716937,2.60873015873,7521f7b86eb89d77
547,13000076,50,3,449.605414752,325,26,1.89860627405,269.703617391,346.237340415,26,26,0.6,0.4,0.4,1,3.46237340415,249.164102964,0.9,3.5,307.609716937,2.60873015873,7521f7b86eb89d77
548,13000077,50,0,471.042922399,175,21,2.85726457458,269.202854214,279.951674302,21,21,0.7,0.6,0.5,1,2.79951674302,239.831138145,0.9,2.8,243.241831915,2.93518518519,82540fb117b20848
548,13000077,50,1,457.406434812,425,20,2.27226973767,359.110148721,327.778205414,20,20,0.3,0.5,0.4,1,3.27778205414,239.831138145,0.9,2.8,243.241831915,2.93518518519,82540fb117b20848
548,13000077,50,2,5.81647785196,325,29,1.7169179105,296.310775634,271.361566671,29,29,0.6,0.6,0.6,1,2.71361566671,239.831138145,0.9,2.8,243.241831915,2.93518518519,82540fb117b20848
548,13000077,50,3,39.7990872336,75,27,1.9131182517,274.948328344,316.20761238,27,27,0.7,0.6,0.5,1,3.1620761238,239.831138145,0.9,2.8,243.241831915,2.93518518519,82540fb117b20848
549,13000078,50,0,66.1820984657,325,34,2.80846158905,222.60362962,274.124866095,34,34,0.7,0.6,0.6,1,2.74124866095,246.296332675,1,4.4,344.004095999,2.12380952381,ebf98009b831438a
549,13000078,50,1,193.650868755,175,43,2.47225531843,219.33659179,217.997495164,43,43,0.7,0.7,0.9,1,2.17997495164,246.296332675,1,4.4,344.004095999,2.12380952381,ebf98009b831438a
549,13000078,50,2,389.700149452,425,27,2.63337467153,239.659616767,296.775051989,27,27,0.6,0.4,0.5,1,2.96775051989,246.296332675,1,4.4,344.004095999,2.12380952381,ebf98009b831438a
549,13000078,50,3,457.79051926,75,20,2.94463545111,346.583680932,298.89289026,20,20,0.2,0.5,0.2,1,2.9889289026,246.296332675,1,4.4,344.004095999,2.12380952381,ebf98009b831438a
550,13000079,50,0,340.891750004,425,29,1.77703617999,293.175065945,243.6135065,29,29,0.6,0.6,0.6,1,2.436135065,285.38439069,1,5,386.38579715,1.99896825397,dd1b4d787ad1f70a
550,13000079,50,1,28.8574804749,75,21,2.96609000577,378.907298904,352.857469068,21,21,0.3,0.3,0,1,3.52857469068,285.38439069,1,5,386.38579715,1.99896825397,dd1b4d787ad1f70a
550,13000079,50,2,372.558834064,175,36,2.62496988851,208.663579167,157.961312715,36,36,0.7,1,0.7,1,1.57961312715,285.38439069,1,5,386.38579715,1.99896825397,dd1b4d787ad1f70a
550,13000079,50,3,25.2778485525,325,23,2.33542516613,329.383867373,356.34436391,23,23,0.3,0.4,0.1,1,3.5634436391,285.38439069,1,5,386.38579715,1.99896825397,dd1b4d787ad1f70a
551,13000080,50,0,399.363293257,325,37,2.28189846463,247.317210798,256.117241994,37,37,0.7,0.6,0.7,1,2.56117241994,185.188088753,0.9,2.9,242.579453474,3.94444444444,2ae4927241bcdf9d
551,13000080,50,1,79.0432375705,175,34,1.85396666169,200.699232286,234.063294911,34,34,0.8,0.6,0.7,1,2.34063294911,185.188088753,0.9,2.9,242.579453474,3.94444444444,2ae4927241bcdf9d
551,13000080,50,2,354.013541782,425,29,2.45927187279,271.803164528,323.562382188,29,29,0.6,0.3,0.3,1,3.23562382188,185.188088753,0.9,2.9,242.579453474,3.94444444444,2ae4927241bcdf9d
551,13000080,50,3,113.142354973,75,32,1.54616101578,224.127014627,233.946404026,32,32,0.8,0.8,0.7,1,2.33946404026,185.188088753,0.9,2.9,242.579453474,3.94444444444,2ae4927241bcdf9d
552,13000081,50,0,105.769289961,75,26,2.29601054874,254.00925033,260.696065114,26,26,0.6,0.5,0.1,1,2.60696065114,250.875157815,0.8,4.2,398.501320221,2.3566468254,81072ea9b5a35a52
552,13000081,50,1,267.218277058,425,33,1.78292440928,271.770120313,297.11050434,33,33,0.5,0.6,0.6,1,2.9711050434,250.875157815,0.8,4.2,398.501320221,2.3566468254,81072ea9b5a35a52
552,13000081,50,2,478.636329128,175,29,2.81029378179,285.148976913,292.237730004,29,29,0.5,0.5,0.3,1,2.92237730004,250.875157815,0.8,4.2,398.501320221,2.3566468254,81072ea9b5a35a52
552,13000081,50,3,259.553387946,325,44,1.53358336769,221.142821687,245.248015449,44,44,0.8,0.7,0.7,1,2.45248015449,250.875157815,0.8,4.2,398.501320221,2.3566468254,81072ea9b5a35a52
553,13000082,50,0,405.674099553,425,24,2.20416179088,359.383409332,354.71397104,24,24,0.2,0.3,0,1,3.5471397104,255.270596747,0.7,2.3,261.558330882,3.26666666667,bc2b9d1d08ada5c8
553,13000082,50,1,274.383931128,175,42,2.27086590317,233.795248762,195.528791518,42,42,0.7,0.9,0.6,1,1.95528791518,255.270596747,0.7,2.3,261.558330882,3.26666666667,bc2b9d1d08ada5c8
553,13000082,50,2,9.59729601435,75,22,2.29553684447,237.565188384,230.521649828,22,22,0.7,0.6,0.5,1,2.30521649828,255.270596747,0.7,2.3,261.558330882,3.26666666667,bc2b9d1d08ada5c8
553,13000082,50,3,62.2947846254,325,33,2.8484240612,218.650663988,250.202949715,33,33,0.7,0.6,0.6,1,2.50202949715,255.270596747,0.7,2.3,261.558330882,3.26666666667,bc2b9d1d08ada5c8
554,13000083,50,0,99.6332079366,175,37,2.29910683586,224.578299822,274.320681527,37,37,0.8,0.6,0.5,1,2.74320681527,254.030476613,0.5,2,329.058372268,3.02,f163ef50ab0f2641
554,13000083,50,1,342.697788274,425,34,2.72044578588,238.739096214,213.926507824,34,34,0.7,0.8,0.4,1,2.13926507824,254.030476613,0.5,2,329.058372268,3.02,f163ef50ab0f2641
554,13000083,50,2,253.400578153,75,35,1.88683086596,226.660326139,268.83216984,35,35,0.7,0.7,0.4,1,2.6883216984,254.030476613,0.5,2,329.058372268,3.02,f163ef50ab0f2641
554,13000083,50,3,457.188041383,325,31,2.06578427143,275.554822777,228.613395369,31,31,0.6,0.7,0.2,1,2.28613395369,254.030476613,0.5,2,329.058372268,3.02,f163ef50ab0f2641
555,13000084,50,0,267.33957814,75,35,1.66252653395,222.896112128,302.335100257,35,35,0.6,0.3,0.7,1,3.02335100257,255.610819166,0.8,2.6,250.844465724,2.62291666667,c87e86ef7dae7553
555,13000084,50,1,496.653023159,325,26,1.9710142333,265.343264844,356.003076246,26,26,0.6,0.2,0.5,1,3.56003076246,255.610819166,0.8,2.6,250.844465724,2.62291666667,c87e86ef7dae7553
555,13000084,50,2,53.6701882853,175,24,2.73740443793,274.047509212,267.03674394,24,24,0.5,0.7,0.6,1,2.6703674394,255.610819166,0.8,2.6,250.844465724,2.62291666667,c87e86ef7dae7553
555,13000084,50,3,406.817983901,425,27,2.97519039663,270.320590734,285.520214724,27,27,0.6,0.7,0.5,1,2.85520214724,255.610819166,0.8,2.6,250.844465724,2.62291666667,c87e86ef7dae7553
556,13000085,50,0,125.636639384,325,36,2.85685864526,269.731478116,226.212969842,36,36,0.6,0.8,0.6,1,2.26212969842,306.562838883,0.7,3.2,341.576416598,2.50680272109,2603f4e9371c9fcc
556,13000085,50,1,198.845913681,425,33,1.54725304399,299.293415559,264.271226661,33,33,0.5,0.7,0.6,1,2.64271226661,306.562838883,0.7,3.2,341.576416598,2.50680272109,2603f4e9371c9fcc
556,13000085,50,2,106.433005415,175,35,2.99056518694,272.01400079,214.931693777,35,35,0.6,0.9,0.5,1,2.14931693777,306.562838883,0.7,3.2,341.576416598,2.50680272109,2603f4e9371c9fcc
556,13000085,50,3,341.911763591,75,31,2.31899702338,252.071947753,248.68128982,31,31,0.6,0.7,0.1,1,2.4868128982,306.562838883,0.7,3.2,341.576416598,2.50680272109,2603f4e9371c9fcc
557,13000086,50,0,312.619468194,75,33,2.50849176029,191.035193139,254.066905074,33,33,0.8,0.5,0.6,1,2.54066905074,277.513468945,0.7,2.8,329.3350124,2.12619047619,7c51d3c01c716cd1
557,13000086,50,1,361.254060732,425,24,2.87226346554,274.801429404,230.063493844,24,24,0.5,0.6,0.5,1,2.30063493844,277.513468945,0.7,2.8,329.3350124,2.12619047619,7c51d3c01c716cd1
557,13000086,50,2,120.588082513,325,33,2.35155978757,284.008691751,220.615864475,33,33,0.6,0.7,0.5,1,2.20615864475,277.513468945,0.7,2.8,329.3350124,2.12619047619,7c51d3c01c716cd1
557,13000086,50,3,267.223044911,175,46,1.52517374237,180.029744347,198.583376491,46,46,0.9,0.9,0.7,1,1.98583376491,277.513468945,0.7,2.8,329.3350124,2.12619047619,7c51d3c01c716cd1
558,13000087,50,0,124.627509176,325,30,1.74343455409,174.465381213,237.555283965,30,30,0.9,0.5,0.5,1,2.37555283965,263.355869262,0.8,4.3,425.557234811,2.64236111111,c93b1b542aa0a04d
558,13000087,50,1,177.038264493,175,39,2.66874947676,213.420151405,211.689696602,39,39,1,0.9,0.8,1,2.11689696602,263.355869262,0.8,4.3,425.557234811,2.64236111111,c93b1b542aa0a04d
558,13000087,50,2,391.884979342,425,31,1.95642657886,269.25596353,265.823557737,31,31,0.5,0.7,0.4,1,2.65823557737,263.355869262,0.8,4.3,425.557234811,2.64236111111,c93b1b542aa0a04d
558,13000087,50,3,303.22503779,75,35,2.07789889336,294.094683426,247.304503144,35,35,0.6,0.9,0.6,1,2.47304503144,263.355869262,0.8,4.3,425.557234811,2.64236111111,c93b1b542aa0a04d
559,13000088,50,0,262.26572716,425,31,1.92572555913,224.731401683,231.759372108,31,31,0.7,0.8,0.6,1,2.31759372108,266.094872522,0.8,3.6,361.962314861,2.44613095238,9fa462266ab8d5cd
559,13000088,50,1,73.7859987364,325,30,2.56926547065,313.610218284,270.196324669,30,30,0.6,0.6,0.5,1,2.70196324669,266.094872522,0.8,3.6,361.962314861,2.44613095238,9fa462266ab8d5cd
559,13000088,50,2,392.761777821,175,31,2.84799751265,198.874535245,245.71660876,31,31,0.9,0.6,0.5,1,2.4571660876,266.094872522,0.8,3.6,361.962314861,2.44613095238,9fa462266ab8d5cd
559,13000088,50,3,300.706441272,75,29,1.7722202637,251.812211014,286.024295501,29,29,0.7,0.5,0.5,1,2.86024295501,266.094872522,0.8,3.6,361.962314861,2.44613095238,9fa462266ab8d5cd
560,13000089,50,0,32.3389384717,325,27,2.60896716881,309.288631829,262.009843449,27,27,0.4,0.5,0.4,1,2.62009843449,257.716845305,1,4.8,362.633318706,2.77166666667,b42b5adf90f4b29e
560,13000089,50,1,229.259182957,175,47,1.99772859805,165.560064382,181.502400017,47,47,1,1,1,1,1.81502400017,257.716845305,1,4.8,362.633318706,2.77166666667,b42b5adf90f4b29e
560,13000089,50,2,271.546258609,75,39,1.87217898241,188.424275996,212.111440189,39,39,0.9,0.7,0.8,1,2.12111440189,257.716845305,1,4.8,362.633318706,2.77166666667,b42b5adf90f4b29e
560,13000089,50,3,354.691754659,425,27,2.94605736956,290.454559228,293.593015365,27,27,0.6,0.5,0.3,1,2.93593015365,257.716845305,1,4.8,362.633318706,2.77166666667,b42b5adf90f4b29e
561,13000090,50,0,387.999555608,425,22,2.50459620028,302.365115692,329.046985586,22,22,0.5,0.2,0,1,3.29046985586,331.510893072,0.5,2.3,371.582677571,2.82666666667,c8dde11204f9e50c
561,13000090,50,1,338.602408586,325,36,1.73162860995,232.139111336,258.590110795,36,36,0.8,0.6,0.3,1,2.58590110795,331.510893072,0.5,2.3,371.582677571,2.82666666667,c8dde11204f9e50c
561,13000090,50,2,100.413241194,175,36,2.39903109584,239.754519174,180.033106094,36,36,0.7,0.9,0.3,1,1.80033106094,331.510893072,0.5,2.3,371.582677571,2.82666666667,c8dde11204f9e50c
561,13000090,50,3,43.7949268018,75,21,2.20243291533,295.843401244,240.367793046,21,21,0.6,0.6,0.3,1,2.40367793046,331.510893072,0.5,2.3,371.582677571,2.82666666667,c8dde11204f9e50c
562,13000091,50,0,197.87940985,425,36,1.82728037481,216.169159346,253.102339243,36,36,0.9,0.8,0.5,1,2.53102339243,255.627814284,0.5,1.5,223.658184703,2.7,5882d63eb6ef756a
562,13000091,50,1,491.711545903,175,20,2.12901918128,368.853520042,271.523392558,20,20,0.2,0.4,0.2,1,2.71523392558,255.627814284,0.5,1.5,223.658184703,2.7,5882d63eb6ef756a
562,13000091,50,2,359.797081318,325,34,1.85395003735,244.107588164,217.070748021,34,34,0.6,0.7,0.5,1,2.17070748021,255.627814284,0.5,1.5,223.658184703,2.7,5882d63eb6ef756a
562,13000091,50,3,104.356725644,75,25,2.52187396061,284.480931331,264.155837672,25,25,0.5,0.5,0.3,1,2.64155837672,255.627814284,0.5,1.5,223.658184703,2.7,5882d63eb6ef756a
563,13000092,50,0,165.010280938,75,35,2.7704098123,199.876767541,266.060632454,35,35,1,0.7,0.8,1,2.66060632454,256.341435097,0.8,3.9,385.585007452,3.14642857143,743f9e9e295edff8
563,13000092,50,1,449.978754911,325,29,2.2128133965,259.421778303,240.580463182,29,29,0.8,0.8,0.5,1,2.40580463182,256.341435097,0.8,3.9,385.585007452,3.14642857143,743f9e9e295edff8
563,13000092,50,2,491.934022167,175,24,2.98402399544,200.981025141,254.285091132,24,24,0.9,0.7,0.4,1,2.54285091132,256.341435097,0.8,3.9,385.585007452,3.14642857143,743f9e9e295edff8
563,13000092,50,3,247.385634875,425,33,1.62934588973,315.926315753,259.716680758,33,33,0.4,0.6,0.3,1,2.59716680758,256.341435097,0.8,3.9,385.585007452,3.14642857143,743f9e9e295edff8
564,13000093,50,0,478.117958214,175,25,2.45489457213,290.071810828,347.980152703,25,25,0.4,0.4,0.2,1,3.47980152703,305.299338992,1,6.3,482.526018506,2.45414141414,e6088528dc34d423
564,13000093,50,1,477.107640615,325,24,2.19448652294,276.369541763,354.967761324,24,24,0.7,0.4,0.2,1,3.54967761324,305.299338992,1,6.3,482.526018506,2.45414141414,e6088528dc34d423
564,13000093,50,2,139.028105912,75,31,2.64792641546,286.154422088,230.889696541,31,31,0.6,0.7,0.4,1,2.30889696541,305.299338992,1,6.3,482.526018506,2.45414141414,e6088528dc34d423
564,13000093,50,3,295.970027157,425,31,1.56256550944,209.823281134,303.265701358,31,31,0.7,0.5,0.5,1,3.03265701358,305.299338992,1,6.3,482.526018506,2.45414141414,e6088528dc34d423
565,13000094,50,0,81.9382975085,325,30,2.72113391521,252.015317162,207.643089755,30,30,0.4,0.8,0.6,1,2.07643089755,213.721012242,0.9,2.8,242.173737413,2.32275132275,2cb6172589fa289e
565,13000094,50,1,376.696693574,175,38,1.96500803955,199.82497181,252.485361839,38,38,0.8,0.6,0.8,1,2.52485361839,213.721012242,0.9,2.8,242.173737413,2.32275132275,2cb6172589fa289e
565,13000094,50,2,227.976547481,75,35,1.82834395427,230.078419104,246.399614187,35,35,0.8,0.8,0.7,1,2.46399614187,213.721012242,0.9,2.8,242.173737413,2.32275132275,2cb6172589fa289e
565,13000094,50,3,222.018493377,425,32,2.31658721493,269.600574864,226.932946665,32,32,0.7,0.6,0.6,1,2.26932946665,213.721012242,0.9,2.8,242.173737413,2.32275132275,2cb6172589fa289e
566,13000095,50,0,207.865390284,75,26,2.3191028476,300.653278501,329.612686137,26,26,0.4,0.3,0,1,3.29612686137,356.873052219,0.3,1.5,381.487431838,2.4,600804ae5fa60584
566,13000095,50,1,474.922510261,325,27,2.76978450318,305.647584974,295.05860034,27,27,0.3,0.3,0.1,1,2.9505860034,356.873052219,0.3,1.5,381.487431838,2.4,600804ae5fa60584
566,13000095,50,2,343.917846407,425,35,2.38507647991,239.982152591,248.069185709,35,35,0.8,0.6,0.2,1,2.48069185709,356.873052219,0.3,1.5,381.487431838,2.4,600804ae5fa60584
566,13000095,50,3,2.21138982305,175,18,1.98954506648,314.847198635,310.20426546,18,18,0.4,0.5,0.2,1,3.1020426546,356.873052219,0.3,1.5,381.487431838,2.4,600804ae5fa60584
567,13000096,50,0,54.5404252356,75,19,2.90106675548,310.455513467,317.146352,19,19,0.5,0.3,0.2,1,3.17146352,251.54729523,1,4.1,334.995783085,2.89047619048,17e50a04201fab3a
567,13000096,50,1,73.2303225684,175,26,2.97836821774,266.376590563,274.514108667,26,26,0.5,0.4,0.8,1,2.74514108667,251.54729523,1,4.1,334.995783085,2.89047619048,17e50a04201fab3a
567,13000096,50,2,273.916023668,425,30,2.28490260996,262.906987266,258.337132454,30,30,0.7,0.7,0.6,1,2.58337132454,251.54729523,1,4.1,334.995783085,2.89047619048,17e50a04201fab3a
567,13000096,50,3,483.856348798,325,30,2.72242636563,263.25679152,242.547995151,30,30,0.7,0.6,0.7,1,2.42547995151,251.54729523,1,4.1,334.995783085,2.89047619048,17e50a04201fab3a
568,13000097,50,0,97.0580397581,425,23,2.89283139176,314.40317552,300.627931346,23,23,0.4,0.4,0.3,1,3.00627931346,256.095927384,1,3.9,323.320438741,3.105,1cc2367c1720d5af
568,13000097,50,1,306.586114972,75,35,1.62623533797,200.489345715,207.787171705,35,35,0.8,0.8,0.7,1,2.07787171705,256.095927384,1,3.9,323.320438741,3.105,1cc2367c1720d5af
568,13000097,50,2,154.974497475,325,40,2.58714524313,226.093606774,210.702257127,40,40,0.8,0.9,0.9,1,2.10702257127,256.095927384,1,3.9,323.320438741,3.105,1cc2367c1720d5af
568,13000097,50,3,448.662670181,175,35,2.41631710811,252.447996841,217.372642121,35,35,0.6,0.8,0.8,1,2.17372642121,256.095927384,1,3.9,323.320438741,3.105,1cc2367c1720d5af
569,13000098,50,0,16.8779929252,75,21,2.91083134389,354.129222734,334.643908866,21,21,0.3,0.4,0.2,1,3.34643908866,364.315411772,1,6,447.614023202,2.19412698413,b2a9a1b1efd9a04a
569,13000098,50,1,81.2785135778,325,28,2.35810600303,297.940782043,286.100978629,28,28,0.4,0.4,0.5,1,2.86100978629,364.315411772,1,6,447.614023202,2.19412698413,b2a9a1b1efd9a04a
569,13000098,50,2,474.529505491,425,20,2.89150750706,295.057625666,346.873638338,20,20,0.3,0.4,0.2,1,3.46873638338,364.315411772,1,6,447.614023202,2.19412698413,b2a9a1b1efd9a04a
569,13000098,50,3,397.782054146,175,32,1.9270017717,188.5640894,273.084199829,32,32,1,0.6,0.7,1,2.73084199829,364.315411772,1,6,447.614023202,2.19412698413,b2a9a1b1efd9a04a
570,13000099,50,0,363.179615285,425,33,2.3866137502,231.032904408,255.950452385,33,33,0.8,0.8,0.6,1,2.55950452385,294.102399242,1,5.3,404.981418492,2.7721031746,744b977644be6f84
570,13000099,50,1,495.85169625,75,17,2.42571131832,296.288634268,358.041764469,17,17,0.5,0.2,0,1,3.58041764469,294.102399242,1,5.3,404.981418492,2.7721031746,744b977644be6f84
570,13000099,50,2,147.351427546,325,36,2.48048227109,254.682289182,217.803319744,36,36,0.7,0.8,0.9,1,2.17803319744,294.102399242,1,5.3,404.981418492,2.7721031746,744b977644be6f84
570,13000099,50,3,76.4956518729,175,33,2.79745769068,294.517528129,254.639458954,33,33,0.3,0.6,0.5,1,2.54639458954,294.102399242,1,5.3,404.981418492,2.7721031746,744b977644be6f84
571,13000100,50,0,86.4980337401,425,22,2.83632739674,273.379077212,285.972893577,22,22,0.4,0.5,0.4,1,2.85972893577,222.236122883,1,4,304.047754167,2.56341991342,9733c5d93de93d72
571,13000100,50,1,268.557414884,175,43,2.09563002594,163.010225341,214.793217568,43,43,1,0.8,0.8,1,2.14793217568,222.236122883,1,4,304.047754167,2.56341991342,9733c5d93de93d72
571,13000100,50,2,404.670790922,325,30,2.8862765774,251.651358708,244.807848503,30,30,0.6,0.5,0.7,1,2.44807848503,222.236122883,1,4,304.047754167,2.56341991342,9733c5d93de93d72
571,13000100,50,3,60.5398460729,75,26,2.94387221923,255.54711872,342.42194843,26,26,0.6,0.3,0.3,1,3.4242194843,222.236122883,1,4,304.047754167,2.56341991342,9733c5d93de93d72
572,13000101,50,0,411.199709531,325,30,2.57946027793,325.263747579,252.750685289,30,30,0.4,0.5,0.2,1,2.52750685289,315.805081021,0.5,2.1,348.06269915,2.30666666667,b7af4215b1f58a12
572,13000101,50,1,8.47907263018,75,22,2.93798135189,259.994226385,311.38171629,22,22,0.7,0.3,0.4,1,3.1138171629,315.805081021,0.5,2.1,348.06269915,2.30666666667,b7af4215b1f58a12
572,13000101,50,2,233.803133853,175,43,1.60224650643,190.881049561,208.433653641,43,43,0.9,0.8,0.5,1,2.08433653641,315.805081021,0.5,2.1,348.06269915,2.30666666667,b7af4215b1f58a12
572,13000101,50,3,257.260024541,425,34,1.81921747944,281.382010854,285.415475014,34,34,0.6,0.5,0.1,1,2.85415475014,315.805081021,0.5,2.1,348.06269915,2.30666666667,b7af4215b1f58a12
573,13000102,50,0,332.996646911,75,31,1.79017373916,336.006524934,319.481806699,31,31,0.1,0.5,0.1,1,3.19481806699,297.117915539,0.6,2.4,301.377134414,2.66031746032,65066981140433e4
573,13000102,50,1,16.1092727345,175,22,2.92634891348,320.188443153,316.845502702,22,22,0.3,0.5,0.1,1,3.16845502702,297.117915539,0.6,2.4,301.377134414,2.66031746032,65066981140433e4
573,13000102,50,2,184.832054671,425,34,2.00882753729,221.781541221,229.987193368,34,34,0.7,0.8,0.6,1,2.29987193368,297.117915539,0.6,2.4,301.377134414,2.66031746032,65066981140433e4
573,13000102,50,3,384.824145615,325,40,1.8365057135,250.132864216,233.270922171,40,40,0.6,0.7,0.6,1,2.33270922171,297.117915539,0.6,2.4,301.377134414,2.66031746032,65066981140433e4
574,13000103,50,0,198.539405786,75,37,2.45307353414,216.603068125,130.118316409,37,37,0.7,1,0.8,1,1.30118316409,270.859083598,1,5,371.694794438,3.06944444444,3b53fc15e543809
574,13000103,50,1,472.603214729,175,31,2.14362375132,257.28444058,259.789934454,31,31,0.7,0.8,0.6,1,2.59789934454,270.859083598,1,5,371.694794438,3.06944444444,3b53fc15e543809
574,13000103,50,2,441.981796933,325,32,1.99134516398,284.306696423,314.976811386,32,32,0.4,0.4,0.7,1,3.14976811386,270.859083598,1,5,371.694794438,3.06944444444,3b53fc15e543809
574,13000103,50,3,82.3693827529,425,25,2.8852624832,356.753751162,367.384310094,25,25,0.3,0.2,0,1,3.67384310094,270.859083598,1,5,371.694794438,3.06944444444,3b53fc15e543809
575,13000104,50,0,249.962461022,325,42,1.81791738833,205.03300875,214.644099157,42,42,0.9,0.7,0.8,1,2.14644099157,328.795337451,0.8,4.7,444.722587273,2.36488095238,45679b98d9da6226
575,13000104,50,1,462.916823771,175,22,2.99021943423,259.04849989,264.789637068,22,22,0.6,0.5,0.2,1,2.64789637068,328.795337451,0.8,4.7,444.722587273,2.36488095238,45679b98d9da6226
575,13000104,50,2,439.791439268,425,20,2.00788757473,241.192078111,332.774723932,20,20,0.6,0.3,0.1,1,3.32774723932,328.795337451,0.8,4.7,444.722587273,2.36488095238,45679b98d9da6226
575,13000104,50,3,22.0911205993,75,24,2.2248153232,374.455805167,278.36596947,24,24,0.4,0.7,0.3,1,2.7836596947,328.795337451,0.8,4.7,444.722587273,2.36488095238,45679b98d9da6226
576,13000105,50,0,310.571519858,325,36,2.3502833514,201.132306436,251.088565807,36,36,0.8,0.6,0.2,1,2.51088565807,217.843849562,0.3,0.7,174.748520931,2.16666666667,2164c872cbedf5eb
576,13000105,50,1,418.968358758,75,23,2.09514992475,227.580908006,256.218217316,23,23,0.6,0.5,0.2,1,2.56218217316,217.843849562,0.3,0.7,174.748520931,2.16666666667,2164c872cbedf5eb
576,13000105,50,2,188.387575879,175,38,2.46728419016,200.768464386,243.646121327,38,38,0.9,0.6,0.3,1,2.43646121327,217.843849562,0.3,0.7,174.748520931,2.16666666667,2164c872cbedf5eb
576,13000105,50,3,19.1403406703,425,18,2.34437058763,381.460479804,377.70168908,18,18,0.3,0.3,0,1,3.7770168908,217.843849562,0.3,0.7,174.748520931,2.16666666667,2164c872cbedf5eb
577,13000106,50,0,498.980638848,175,25,2.28374444536,306.605259701,248.473655733,25,25,0.6,0.6,0.5,1,2.48473655733,190.202937567,0.8,2.5,234.696531818,3.28645833333,bdaf9569b077d694
577,13000106,50,1,442.031549596,75,19,2.25264190932,312.969343498,204.967516258,19,19,0.4,0.6,0.4,1,2.04967516258,190.202937567,0.8,2.5,234.696531818,3.28645833333,bdaf9569b077d694
577,13000106,50,2,52.3535115954,425,28,2.49949868222,263.004376593,353.972663456,28,28,0.7,0.4,0.3,1,3.53972663456,190.202937567,0.8,2.5,234.696531818,3.28645833333,bdaf9569b077d694
577,13000106,50,3,101.647016382,325,35,2.9025868736,201.02273403,258.162913977,35,35,0.9,0.5,0.6,1,2.58162913977,190.202937567,0.8,2.5,234.696531818,3.28645833333,bdaf9569b077d694
578,13000107,50,0,294.135928054,425,30,2.33496009581,289.946201043,205.177187542,30,30,0.6,0.8,0.6,1,2.05177187542,286.88065154,1,7.8,558.844331848,1.82285714286,14e2262b9095f841
578,13000107,50,1,49.0572981851,175,22,2.55147967506,248.151318783,298.724850396,22,22,0.6,0.4,0.1,1,2.98724850396,286.88065154,1,7.8,558.844331848,1.82285714286,14e2262b9095f841
578,13000107,50,2,39.0177198272,75,17,2.19285308776,279.010221043,346.958444675,17,17,0.3,0.3,0.1,1,3.46958444675,286.88065154,1,7.8,558.844331848,1.82285714286,14e2262b9095f841
578,13000107,50,3,481.695944148,325,27,2.88669173711,316.37661878,234.23689314,27,27,0.5,0.6,0.4,1,2.3423689314,286.88065154,1,7.8,558.844331848,1.82285714286,14e2262b9095f841
579,13000108,50,0,353.50416323,325,38,2.94616834442,246.183157139,234.412665645,38,38,0.6,0.8,0.6,1,2.34412665645,275.073791694,1,4.1,305.647476578,2.3169047619,da05970d316943cb
579,13000108,50,1,425.9134147,425,26,2.24161057956,333.602723813,311.985732061,26,26,0.4,0.4,0.2,1,3.11985732061,275.073791694,1,4.1,305.647476578,2.3169047619,da05970d316943cb
579,13000108,50,2,142.590592963,75,31,2.31527928526,223.85452388,243.503558662,31,31,0.6,0.6,0.8,1,2.43503558662,275.073791694,1,4.1,305.647476578,2.3169047619,da05970d316943cb
579,13000108,50,3,83.355669919,175,30,2.4924129632,199.827372066,203.007761909,30,30,0.6,0.6,0.8,1,2.03007761909,275.073791694,1,4.1,305.647476578,2.3169047619,da05970d316943cb
580,13000109,50,0,67.8305672639,75,19,2.0158869231,203.285894183,320.688287781,19,19,0.7,0.4,0.3,1,3.20688287781,268.882389134,1,4.3,354.799541773,2.8146031746,babddc7c325fd2a1
580,13000109,50,1,408.988975058,425,21,2.42487718744,365.59428589,290.561953389,21,21,0.3,0.4,0.3,1,2.90561953389,268.882389134,1,4.3,354.799541773,2.8146031746,babddc7c325fd2a1
580,13000109,50,2,183.14875926,325,37,2.49052030884,228.582332038,253.35538222,37,37,0.9,0.7,0.9,1,2.5335538222,268.882389134,1,4.3,354.799541773,2.8146031746,babddc7c325fd2a1
580,13000109,50,3,407.774479026,175,35,2.30544815394,246.524083683,159.032673224,35,35,0.5,0.9,0.5,1,1.59032673224,268.882389134,1,4.3,354.799541773,2.8146031746,babddc7c325fd2a1
581,13000110,50,0,467.321498343,175,30,2.01624834804,325.657001458,317.044103918,30,30,0.5,0.4,0.3,1,3.17044103918,263.446177033,1,4.2,316.838812077,1.86666666667,fcfdbd196db3574c
581,13000110,50,1,240.247585927,325,44,1.67186745775,194.701686393,200.316794039,44,44,1,0.9,1,1,2.00316794039,263.446177033,1,4.2,316.838812077,1.86666666667,fcfdbd196db3574c
581,13000110,50,2,438.263754792,425,23,2.79125000218,307.025124683,326.443785635,23,23,0.4,0.4,0.4,1,3.26443785635,263.446177033,1,4.2,316.838812077,1.86666666667,fcfdbd196db3574c
581,13000110,50,3,23.902521349,75,20,2.5791255942,319.09793406,335.905450544,20,20,0.3,0.3,0.3,1,3.35905450544,263.446177033,1,4.2,316.838812077,1.86666666667,fcfdbd196db3574c
582,13000111,50,0,40.1744774431,425,25,2.51297008728,300.932287734,367.549114686,25,25,0.4,0.3,0.2,1,3.67549114686,289.956639314,0.3,0.7,185.89100808,3.26666666667,c3a2b4b31d50cce9
582,13000111,50,1,287.311482285,325,43,1.96760417147,206.956346444,221.412914246,43,43,0.9,0.9,0.3,1,2.21412914246,289.956639314,0.3,0.7,185.89100808,3.26666666667,c3a2b4b31d50cce9
582,13000111,50,2,61.292868561,175,31,1.9289611854,241.109293265,286.25308718,31,31,0.6,0.4,0.2,1,2.8625308718,289.956639314,0.3,0.7,185.89100808,3.26666666667,c3a2b4b31d50cce9
582,13000111,50,3,365.352569703,75,23,2.67345702479,274.318236535,241.545385935,23,23,0.6,0.6,0.2,1,2.41545385935,289.956639314,0.3,0.7,185.89100808,3.26666666667,c3a2b4b31d50cce9
583,13000112,50,0,373.866838888,175,39,2.67836173843,229.809090676,252.25231407,39,39,0.8,0.6,0.9,1,2.5225231407,259.06047124,0.9,3.1,267.15287168,3.67301587302,49ec2dca59703ec0
583,13000112,50,1,36.2573311255,325,29,2.76505905109,274.367634748,237.226685636,29,29,0.5,0.7,0.6,1,2.37226685636,259.06047124,0.9,3.1,267.15287168,3.67301587302,49ec2dca59703ec0
583,13000112,50,2,54.557936594,75,16,1.82629856696,377.049459784,315.479906396,16,16,0.2,0.4,0.2,1,3.15479906396,259.06047124,0.9,3.1,267.15287168,3.67301587302,49ec2dca59703ec0
583,13000112,50,3,448.020568575,425,32,2.03203610745,234.858888182,296.039650726,32,32,0.6,0.6,0.6,1,2.96039650726,259.06047124,0.9,3.1,267.15287168,3.67301587302,49ec2dca59703ec0
584,13000113,50,0,68.1332588015,175,25,1.81262834229,236.188507032,325.378213294,25,25,0.8,0.4,0.3,1,3.25378213294,327.234663315,0.3,1.1,243.682073119,2.26666666667,7d4b2489f1c31da5
584,13000113,50,1,389.803074375,425,25,2.98528235309,280.509744927,267.833206064,25,25,0.4,0.5,0,1,2.67833206064,327.234663315,0.3,1.1,243.682073119,2.26666666667,7d4b2489f1c31da5
584,13000113,50,2,369.481193228,325,34,2.0497258974,241.664838559,210.223093028,34,34,0.7,0.9,0.2,1,2.10223093028,327.234663315,0.3,1.1,243.682073119,2.26666666667,7d4b2489f1c31da5
584,13000113,50,3,206.164125807,75,28,2.47180898357,254.793745663,261.050799134,28,28,0.5,0.6,0.2,1,2.61050799134,327.234663315,0.3,1.1,243.682073119,2.26666666667,7d4b2489f1c31da5
585,13000114,50,0,198.442379333,425,37,1.96034836313,303.56795358,257.313010701,37,37,0.5,0.6,0.7,1,2.57313010701,250.733774992,0.8,2.7,271.979059721,2.99166666667,ad34935e2952c5b2
585,13000114,50,1,271.234331775,325,48,1.66189357648,209.398509159,198.205388943,48,48,0.9,0.9,0.8,1,1.98205388943,250.733774992,0.8,2.7,271.979059721,2.99166666667,ad34935e2952c5b2
585,13000114,50,2,307.63782822,75,32,1.92265155722,143.720010931,253.948637854,32,32,0.9,0.7,0.7,1,2.53948637854,250.733774992,0.8,2.7,271.979059721,2.99166666667,ad34935e2952c5b2
585,13000114,50,3,7.24046114796,175,22,2.78348830786,300.421836442,288.118584364,22,22,0.5,0.5,0.5,1,2.88118584364,250.733774992,0.8,2.7,271.979059721,2.99166666667,ad34935e2952c5b2
586,13000115,50,0,404.317579901,175,30,2.66417330706,287.281270705,302.895845217,30,30,0.6,0.5,0.4,1,3.02895845217,248.047649222,1,6.4,514.931212615,2.26727272727,a6b68d1a7d3af0c8
586,13000115,50,1,148.394269806,75,27,2.9695334588,266.66734537,258.04076138,27,27,0.4,0.7,0.7,1,2.5804076138,248.047649222,1,6.4,514.931212615,2.26727272727,a6b68d1a7d3af0c8
586,13000115,50,2,169.243613648,425,38,2.30351834176,217.773275088,157.468205021,38,38,0.8,1,0.5,1,1.57468205021,248.047649222,1,6.4,514.931212615,2.26727272727,a6b68d1a7d3af0c8
586,13000115,50,3,314.883426708,325,42,1.50561169849,212.930935926,186.683836472,42,42,0.8,0.9,1,1,1.86683836472,248.047649222,1,6.4,514.931212615,2.26727272727,a6b68d1a7d3af0c8
587,13000116,50,0,313.910175802,425,39,1.77624408092,233.598736626,209.715356079,39,39,0.8,0.8,1,1,2.09715356079,188.124814494,1,3.5,250.813213356,2.69634920635,5004f663cf76de7c
587,13000116,50,1,263.342641594,325,47,2.02829074798,194.676348416,184.041251426,47,47,1,1,1,1,1.84041251426,188.124814494,1,3.5,250.813213356,2.69634920635,5004f663cf76de7c
587,13000116,50,2,288.247303408,175,41,1.63186028118,144.164096187,189.060576247,41,41,0.9,0.8,1,1,1.89060576247,188.124814494,1,3.5,250.813213356,2.69634920635,5004f663cf76de7c
587,13000116,50,3,175.088111241,75,22,1.89986789655,260.552890303,290.993838982,22,22,0.6,0.4,0.5,1,2.90993838982,188.124814494,1,3.5,250.813213356,2.69634920635,5004f663cf76de7c
588,13000117,50,0,462.788924734,75,24,2.50509266002,290.388184619,336.61688209,24,24,0.5,0.5,0.5,1,3.3661688209,210.70757041,1,3.1,240.262949669,2.975,a45835d35359439f
588,13000117,50,1,229.407756714,325,43,2.05387062948,186.75935774,139.19140731,43,43,1,1,1,1,1.3919140731,210.70757041,1,3.1,240.262949669,2.975,a45835d35359439f
588,13000117,50,2,124.305873091,425,25,2.47054869188,279.191383205,206.254861071,25,25,0.7,0.7,0.9,1,2.06254861071,210.70757041,1,3.1,240.262949669,2.975,a45835d35359439f
588,13000117,50,3,305.932053602,175,44,2.26141084657,173.572766385,193.690006817,44,44,0.7,0.8,1,1,1.93690006817,210.70757041,1,3.1,240.262949669,2.975,a45835d35359439f
589,13000118,50,0,73.7811179927,325,29,2.83913875947,206.970090898,306.880034009,29,29,0.7,0.3,0,1,3.06880034009,284.362110769,0.1,0.7,576.279197205,1.85714285714,af2e2bff19e4648d
589,13000118,50,1,254.067260618,425,35,1.76006939899,214.346740481,292.650655744,35,35,0.8,0.6,0,1,2.92650655744,284.362110769,0.1,0.7,576.279197205,1.85714285714,af2e2bff19e4648d
589,13000118,50,2,337.063376918,75,28,2.32651055983,308.801271648,162.499103335,28,28,0.3,0.9,0,1,1.62499103335,284.362110769,0.1,0.7,576.279197205,1.85714285714,af2e2bff19e4648d
589,13000118,50,3,170.017984804,175,37,1.69742359683,223.686966831,197.149915719,37,37,0.9,0.9,0.1,1,1.97149915719,284.362110769,0.1,0.7,576.279197205,1.85714285714,af2e2bff19e4648d
590,13000119,50,0,346.475097913,75,31,2.05625081381,197.933873278,274.257203528,31,31,0.7,0.5,0.4,1,2.74257203528,253.031681358,1,4.4,352.190757368,3.41626984127,e50281b13283f5aa
590,13000119,50,1,96.4979097237,175,35,1.62529363041,220.82242056,233.436248112,35,35,0.7,0.8,0.6,1,2.33436248112,253.031681358,1,4.4,352.190757368,3.41626984127,e50281b13283f5aa
590,13000119,50,2,332.370328713,325,40,2.08835675304,230.867216969,211.097488311,40,40,0.8,0.8,1,1,2.11097488311,253.031681358,1,4.4,352.190757368,3.41626984127,e50281b13283f5aa
590,13000119,50,3,27.4257498185,425,18,2.80659283589,352.922828045,273.891348165,18,18,0.3,0.5,0.2,1,2.73891348165,253.031681358,1,4.4,352.190757368,3.41626984127,e50281b13283f5aa
591,13000120,50,0,134.46574191,325,32,2.29291124384,221.621365233,245.94165718,32,32,0.6,0.8,0.9,1,2.4594165718,365.933732498,1,6,476.28474983,2.62142857143,48f5c76c0b58a23
591,13000120,50,1,224.851052957,425,30,1.99052898368,271.722975462,239.526991984,30,30,0.4,0.7,0.6,1,2.39526991984,365.933732498,1,6,476.28474983,2.62142857143,48f5c76c0b58a23
591,13000120,50,2,451.24739693,75,25,1.7157718591,333.105759638,301.697294487,25,25,0.3,0.5,0.1,1,3.01697294487,365.933732498,1,6,476.28474983,2.62142857143,48f5c76c0b58a23
591,13000120,50,3,327.928987676,175,37,2.32627262424,235.436256531,217.822832655,37,37,0.6,0.5,0.7,1,2.17822832655,365.933732498,1,6,476.28474983,2.62142857143,48f5c76c0b58a23
592,13000121,50,0,16.0443803034,75,20,1.72171775595,337.116499082,296.163813722,20,20,0.3,0.5,0.3,1,2.96163813722,293.514469856,1,4.7,357.517437876,2.64035714286,96cf4e289fc2716a
592,13000121,50,1,64.5399752141,425,28,2.1819333347,272.004499683,235.255253776,28,28,0.6,0.8,0.4,1,2.35255253776,293.514469856,1,4.7,357.517437876,2.64035714286,96cf4e289fc2716a
592,13000121,50,2,457.086832719,325,30,2.24829929942,312.076282579,286.385201531,30,30,0.4,0.6,0.4,1,2.86385201531,293.514469856,1,4.7,357.517437876,2.64035714286,96cf4e289fc2716a
592,13000121,50,3,350.792215159,175,40,2.49747770209,260.139783234,235.002293286,40,40,0.7,0.9,0.8,1,2.35002293286,293.514469856,1,4.7,357.517437876,2.64035714286,96cf4e289fc2716a
593,13000122,50,0,266.359593295,325,45,1.66121037028,179.468471575,207.304905007,45,45,1,1,1,1,2.07304905007,233.763379341,1,4,319.659722982,2.59166666667,d21d4377a99b62ad
593,13000122,50,1,462.382077178,175,26,2.71572231546,324.12086493,275.090943088,26,26,0.3,0.4,0.5,1,2.75090943088,233.763379341,1,4,319.659722982,2.59166666667,d21d4377a99b62ad
593,13000122,50,2,495.09344814,425,13,2.34507794336,368.211770673,371.171148395,13,13,0.2,0.4,0.2,1,3.71171148395,233.763379341,1,4,319.659722982,2.59166666667,d21d4377a99b62ad
593,13000122,50,3,175.125191471,75,29,2.25325387106,269.20777694,187.511325545,29,29,0.5,0.6,0.7,1,1.87511325545,233.763379341,1,4,319.659722982,2.59166666667,d21d4377a99b62ad
594,13000123,50,0,166.84353913,425,29,1.85289160791,277.497804492,311.382144298,29,29,0.5,0.4,0.3,1,3.11382144298,266.009020105,1,4.6,348.02541371,2.35968253968,3235388d9031e419
594,13000123,50,1,363.896580562,325,37,2.97891798,199.274308855,271.65554811,37,37,0.8,0.7,0.9,1,2.7165554811,266.009020105,1,4.6,348.02541371,2.35968253968,3235388d9031e419
594,13000123,50,2,79.1526824825,175,26,2.6014386978,266.421068369,264.096261298,26,26,0.6,0.6,0.5,1,2.64096261298,266.009020105,1,4.6,348.02541371,2.35968253968,3235388d9031e419
594,13000123,50,3,384.804889762,75,27,2.79628710038,231.78137949,234.586138674,27,27,0.7,0.7,0.5,1,2.34586138674,266.009020105,1,4.6,348.02541371,2.35968253968,3235388d9031e419
595,13000124,50,0,470.120794823,175,30,2.66792183988,279.899683136,271.34985178,30,30,0.5,0.4,0.2,1,2.7134985178,314.981110958,0.9,5.1,439.824606998,2.65925925926,9735147472380f7c
595,13000124,50,1,449.141530169,425,23,2.53662678618,279.224412118,290.740187765,23,23,0.4,0.4,0.3,1,2.90740187765,314.981110958,0.9,5.1,439.824606998,2.65925925926,9735147472380f7c
595,13000124,50,2,8.08969726226,75,16,2.45786656332,316.334875169,394.71227757,16,16,0.5,0.2,0.2,1,3.9471227757,314.981110958,0.9,5.1,439.824606998,2.65925925926,9735147472380f7c
595,13000124,50,3,120.785538969,325,31,2.80669875311,201.561501878,258.802413707,31,31,0.8,0.5,0.6,1,2.58802413707,314.981110958,0.9,5.1,439.824606998,2.65925925926,9735147472380f7c
596,13000125,50,0,183.926256406,75,35,1.51746819858,181.125245664,279.322819889,35,35,1,0.5,0.3,1,2.79322819889,279.419399544,0.6,2.3,275.89451437,2.22916666667,3622a721a5e1075a
596,13000125,50,1,128.957360629,425,25,2.79557929111,314.073697647,219.103473818,25,25,0.3,0.7,0.2,1,2.19103473818,279.419399544,0.6,2.3,275.89451437,2.22916666667,3622a721a5e1075a
596,13000125,50,2,443.42449627,325,30,2.67546722961,288.415430689,323.831990505,30,30,0.6,0.4,0.3,1,3.23831990505,279.419399544,0.6,2.3,275.89451437,2.22916666667,3622a721a5e1075a
596,13000125,50,3,409.697729369,175,32,1.62120219765,207.067420085,320.394007461,32,32,0.6,0.2,0.3,1,3.20394007461,279.419399544,0.6,2.3,275.89451437,2.22916666667,3622a721a5e1075a
597,13000126,50,0,52.1554100679,325,32,2.72868870137,241.968586657,211.484154881,32,32,0.7,0.8,0.5,1,2.11484154881,333.395431686,1,5.2,401.060902271,2.37083333333,a94c23a93a5b36c5
597,13000126,50,1,282.118334936,75,33,1.60774278419,247.137677286,274.396850332,33,33,0.6,0.6,0.4,1,2.74396850332,333.395431686,1,5.2,401.060902271,2.37083333333,a94c23a93a5b36c5
597,13000126,50,2,256.03248384,175,43,2.16018373735,217.807725177,220.706452986,43,43,0.8,0.8,1,1,2.20706452986,333.395431686,1,5.2,401.060902271,2.37083333333,a94c23a93a5b36c5
597,13000126,50,3,223.635303662,425,29,1.6440397461,261.038466057,240.848509414,29,29,0.4,0.7,0.3,1,2.40848509414,333.395431686,1,5.2,401.060902271,2.37083333333,a94c23a93a5b36c5
598,13000127,50,0,334.131356332,175,39,1.98036381608,275.111116055,230.681004826,39,39,0.4,0.7,0.6,1,2.30681004826,332.5522464,0.7,3.9,428.765182257,2.60714285714,1ec670bf115e9e8c
598,13000127,50,1,360.616731243,75,30,1.98537765704,322.364316339,275.842726607,30,30,0.4,0.5,0.3,1,2.75842726607,332.5522464,0.7,3.9,428.765182257,2.60714285714,1ec670bf115e9e8c
598,13000127,50,2,128.055516624,425,29,1.69959221912,245.369506224,245.42265909,29,29,0.5,0.6,0.3,1,2.4542265909,332.5522464,0.7,3.9,428.765182257,2.60714285714,1ec670bf115e9e8c
598,13000127,50,3,306.141483748,325,43,1.61201793767,254.031121016,221.736447976,43,43,0.6,0.7,0.7,1,2.21736447976,332.5522464,0.7,3.9,428.765182257,2.60714285714,1ec670bf115e9e8c
599,13000128,50,0,321.058762783,325,38,1.86588043124,180.562695289,190.917269208,38,38,0.9,0.8,0.9,1,1.90917269208,262.251208148,0.9,3.7,317.926195516,2.28306878307,61c7041fe463af9d
599,13000128,50,1,52.6677556718,75,23,2.59448737985,263.543655062,302.846644578,23,23,0.6,0.3,0.4,1,3.02846644578,262.251208148,0.9,3.7,317.926195516,2.28306878307,61c7041fe463af9d
599,13000128,50,2,98.8787583734,425,25,1.57924199875,213.140373434,228.843227593,25,25,0.9,0.7,0.7,1,2.28843227593,262.251208148,0.9,3.7,317.926195516,2.28306878307,61c7041fe463af9d
599,13000128,50,3,331.673404,175,41,1.80834849053,212.340295592,230.091652613,41,41,0.8,0.8,0.7,1,2.30091652613,262.251208148,0.9,3.7,317.926195516,2.28306878307,61c7041fe463af9d
600,13000129,50,0,15.3420410416,325,24,2.94799846847,270.08466569,291.695874535,24,24,0.6,0.6,0.4,1,2.91695874535,273.945685006,0.6,1.7,202.919351036,2.5,6b149873587358ae
600,13000129,50,1,239.50035878,425,39,1.8827865258,248.007137081,211.016158223,39,39,0.8,0.8,0.6,1,2.11016158223,273.945685006,0.6,1.7,202.919351036,2.5,6b149873587358ae
600,13000129,50,2,465.771190657,75,20,2.46905517065,329.490028183,338.298154072,20,20,0.3,0.3,0.3,1,3.38298154072,273.945685006,0.6,1.7,202.919351036,2.5,6b149873587358ae
600,13000129,50,3,150.72471144,175,36,2.51655656494,186.522799578,240.710182865,36,36,0.6,0.7,0.5,1,2.40710182865,273.945685006,0.6,1.7,202.919351036,2.5,6b149873587358ae
601,13000130,50,0,237.669876803,325,45,2.08473939889,221.808822188,197.416673711,45,45,0.9,0.9,1,1,1.97416673711,258.650562018,1,3.9,301.164102173,3.44,736c98d239b7e5eb
601,13000130,50,1,133.946949664,75,27,1.92391157456,296.764032698,312.969684406,27,27,0.3,0.3,0.6,1,3.12969684406,258.650562018,1,3.9,301.164102173,3.44,736c98d239b7e5eb
601,13000130,50,2,470.820583752,425,20,2.32553986073,327.526771205,327.796066595,20,20,0.5,0.3,0.3,1,3.27796066595,258.650562018,1,3.9,301.164102173,3.44,736c98d239b7e5eb
601,13000130,50,3,468.543972986,175,26,2.80683190566,290.33853827,303.492853291,26,26,0.5,0.4,0.3,1,3.03492853291,258.650562018,1,3.9,301.164102173,3.44,736c98d239b7e5eb
602,13000131,50,0,361.964320308,75,26,1.66384008598,222.55792365,294.277409672,26,26,0.6,0.5,0.2,1,2.94277409672,228.793389405,0.6,2.2,267.587050663,2.03174603175,12235bf09fd007ff
602,13000131,50,1,16.2173813952,325,27,1.89226960936,368.105270268,242.412120498,27,27,0.4,0.6,0.5,1,2.42412120498,228.793389405,0.6,2.2,267.587050663,2.03174603175,12235bf09fd007ff
602,13000131,50,2,399.132962125,175,32,2.51009403869,180.333863105,275.582104979,32,32,0.9,0.6,0.5,1,2.75582104979,228.793389405,0.6,2.2,267.587050663,2.03174603175,12235bf09fd007ff
602,13000131,50,3,157.038298987,425,34,1.89434419626,277.582170569,202.351539268,34,34,0.5,0.7,0.6,1,2.02351539268,228.793389405,0.6,2.2,267.587050663,2.03174603175,12235bf09fd007ff
603,13000132,50,0,55.0728099707,75,30,2.07090353621,308.934500254,247.610910809,30,30,0.4,0.6,0.5,1,2.47610910809,270.434126,0.6,2,268.029083614,1.94166666667,c55712213db19027
603,13000132,50,1,301.809103126,325,40,1.84447970786,207.927594022,211.722532662,40,40,0.6,0.8,0.5,1,2.11722532662,270.434126,0.6,2,268.029083614,1.94166666667,c55712213db19027
603,13000132,50,2,31.6802360196,175,34,2.8158012479,308.268569201,258.682586847,34,34,0.4,0.6,0.4,1,2.58682586847,270.434126,0.6,2,268.029083614,1.94166666667,c55712213db19027
603,13000132,50,3,414.114239385,425,21,1.9118988258,276.348718079,328.888364558,21,21,0.5,0.6,0.1,1,3.28888364558,270.434126,0.6,2,268.029083614,1.94166666667,c55712213db19027
604,13000133,50,0,455.597845261,175,27,2.79977241956,228.128632537,338.390034352,27,27,0.6,0.3,0.2,1,3.38390034352,282.610365514,1,4.7,337.528913507,2.61380952381,4f79e63230db3868
604,13000133,50,1,493.373130728,75,18,2.07559397585,296.171118253,384.064004527,18,18,0.4,0.3,0.2,1,3.84064004527,282.610365514,1,4.7,337.528913507,2.61380952381,4f79e63230db3868
604,13000133,50,2,94.5685433679,325,35,2.88859926584,249.595118966,229.810528668,35,35,0.8,0.8,0.7,1,2.29810528668,282.610365514,1,4.7,337.528913507,2.61380952381,4f79e63230db3868
604,13000133,50,3,73.4915654602,425,27,2.99228482411,310.782347721,283.475959291,27,27,0.4,0.7,0.7,1,2.83475959291,282.610365514,1,4.7,337.528913507,2.61380952381,4f79e63230db3868
605,13000134,50,0,298.52127407,425,33,1.93972666985,280.249198323,311.305262983,33,33,0.5,0.5,0.3,1,3.11305262983,245.686963582,0.8,2.7,270.310208589,3.48958333333,3bc1ee9268b5c56c
605,13000134,50,1,102.822497277,325,25,2.03340667979,286.116039394,334.706125907,25,25,0.5,0.2,0.3,1,3.34706125907,245.686963582,0.8,2.7,270.310208589,3.48958333333,3bc1ee9268b5c56c
605,13000134,50,2,470.184312953,75,27,2.55758269438,251.020977795,150.146193492,27,27,0.7,0.9,0.7,1,1.50146193492,245.686963582,0.8,2.7,270.310208589,3.48958333333,3bc1ee9268b5c56c
605,13000134,50,3,176.617116009,175,35,1.90676151074,208.27975328,222.619663593,35,35,1,0.9,0.8,1,2.22619663593,245.686963582,0.8,2.7,270.310208589,3.48958333333,3bc1ee9268b5c56c
606,13000135,50,0,214.83887613,75,31,2.09488382748,279.06201025,241.628531671,31,31,0.8,0.6,0.5,1,2.41628531671,221.450616664,0.8,2.3,231.324201442,2.8375,efa03df13217b442
606,13000135,50,1,327.785875001,175,38,2.64331367352,246.20062483,245.776936185,38,38,0.8,0.7,0.6,1,2.45776936185,221.450616664,0.8,2.3,231.324201442,2.8375,efa03df13217b442
606,13000135,50,2,52.7320632368,325,34,2.47939263936,197.123478183,237.973804069,34,34,0.8,0.8,0.7,1,2.37973804069,221.450616664,0.8,2.3,231.324201442,2.8375,efa03df13217b442
606,13000135,50,3,425.799236406,425,21,1.58246776725,320.759816484,325.036560866,21,21,0.4,0.4,0.3,1,3.25036560866,221.450616664,0.8,2.3,231.324201442,2.8375,efa03df13217b442
607,13000136,50,0,32.2279494492,75,20,2.58157409959,285.070417738,308.049558052,20,20,0.6,0.3,0.2,1,3.08049558052,317.814765938,0.4,1.2,246.081693326,2.04166666667,61e2f94308146a77
607,13000136,50,1,308.593019301,425,28,2.04624762821,279.840221125,272.40819437,28,28,0.4,0.5,0.1,1,2.7240819437,317.814765938,0.4,1.2,246.081693326,2.04166666667,61e2f94308146a77
607,13000136,50,2,63.0510592625,175,27,2.15450438865,229.382141935,265.555878444,27,27,0.7,0.4,0.2,1,2.65555878444,317.814765938,0.4,1.2,246.081693326,2.04166666667,61e2f94308146a77
607,13000136,50,3,218.513393691,325,42,1.73666958663,219.716418953,234.922567295,42,42,0.9,0.7,0.3,1,2.34922567295,317.814765938,0.4,1.2,246.081693326,2.04166666667,61e2f94308146a77
608,13000137,50,0,247.381985981,325,45,1.77666574454,176.058759123,183.122797135,45,45,1,0.9,0.9,1,1.83122797135,306.486146589,1,5.3,386.013342791,2.33007936508,93e87e8291b17ec3
608,13000137,50,1,456.537092152,175,28,2.64664093136,195.825004754,335.088080851,28,28,0.8,0.4,0.3,1,3.35088080851,306.486146589,1,5.3,386.013342791,2.33007936508,93e87e8291b17ec3
608,13000137,50,2,425.605533504,75,23,2.94519736991,225.205246667,372.184304655,23,23,0.7,0.3,0.2,1,3.72184304655,306.486146589,1,5.3,386.013342791,2.33007936508,93e87e8291b17ec3
608,13000137,50,3,104.624321101,425,29,2.96527337534,296.257168024,182.495224105,29,29,0.3,0.8,0.7,1,1.82495224105,306.486146589,1,5.3,386.013342791,2.33007936508,93e87e8291b17ec3
609,13000138,50,0,401.928138927,175,34,2.85796569036,228.115572814,238.90231204,34,34,0.6,0.7,0.8,1,2.3890231204,265.851987154,1,4.8,379.048740339,2.66706349206,174246b03ef520ee
609,13000138,50,1,89.1759653017,425,25,1.99662831033,282.803124718,287.372427553,25,25,0.5,0.6,0.5,1,2.87372427553,265.851987154,1,4.8,379.048740339,2.66706349206,174246b03ef520ee
609,13000138,50,2,270.14565088,325,44,2.18056978453,195.07856352,187.671123974,44,44,0.8,0.9,1,1,1.87671123974,265.851987154,1,4.8,379.048740339,2.66706349206,174246b03ef520ee
609,13000138,50,3,38.6308274499,75,19,2.97492024787,289.752619994,318.761348735,19,19,0.3,0.3,0.2,1,3.18761348735,265.851987154,1,4.8,379.048740339,2.66706349206,174246b03ef520ee
610,13000139,50,0,387.448075896,75,19,1.74585695823,278.536226482,275.653152409,19,19,0.4,0.6,0.5,1,2.75653152409,230.031270233,0.7,1.9,217.206416561,2.30476190476,60c7d95156376d81
610,13000139,50,1,348.247173815,425,31,1.53057678178,228.066090776,280.658448672,31,31,0.8,0.5,0.5,1,2.80658448672,230.031270233,0.7,1.9,217.206416561,2.30476190476,60c7d95156376d81
610,13000139,50,2,181.531518213,325,44,2.28882424051,178.62619035,198.85292366,44,44,0.8,0.8,0.7,1,1.9885292366,230.031270233,0.7,1.9,217.206416561,2.30476190476,60c7d95156376d81
610,13000139,50,3,153.300591756,175,43,2.66649430511,214.797823316,183.084607048,43,43,0.7,0.8,0.6,1,1.83084607048,230.031270233,0.7,1.9,217.206416561,2.30476190476,60c7d95156376d81
611,13000140,50,0,19.9717202723,75,22,1.68150954921,321.658459093,305.428997798,22,22,0.6,0.6,0.3,1,3.05428997798,287.834157627,0.9,4.2,362.038910851,2.48505291005,ab6f0e9c006867bd
611,13000140,50,1,419.737856543,325,33,1.87387285313,280.990013606,264.168548932,33,33,0.4,0.7,0.8,1,2.64168548932,287.834157627,0.9,4.2,362.038910851,2.48505291005,ab6f0e9c006867bd
611,13000140,50,2,148.683667433,175,33,2.87283215307,197.699694428,192.959954559,33,33,0.8,0.7,0.6,1,1.92959954559,287.834157627,0.9,4.2,362.038910851,2.48505291005,ab6f0e9c006867bd
611,13000140,50,3,470.109521329,425,23,2.88497124768,312.647753694,322.943032395,23,23,0.3,0.3,0.1,1,3.22943032395,287.834157627,0.9,4.2,362.038910851,2.48505291005,ab6f0e9c006867bd
612,13000141,50,0,309.002405251,425,34,1.81030288112,251.697408333,228.241510979,34,34,0.7,0.7,0.7,1,2.28241510979,297.962698881,1,5.7,452.249575684,2.61452380952,6b49ca4bcd4169fc
612,13000141,50,1,71.4415115803,175,34,2.30655626578,237.508399835,255.634230247,34,34,0.8,0.5,0.7,1,2.55634230247,297.962698881,1,5.7,452.249575684,2.61452380952,6b49ca4bcd4169fc
612,13000141,50,2,1.63332397569,75,19,1.9606109347,330.235331768,349.657943101,19,19,0.5,0.4,0.2,1,3.49657943101,297.962698881,1,5.7,452.249575684,2.61452380952,6b49ca4bcd4169fc
612,13000141,50,3,280.365146497,325,45,2.09853190962,212.544893233,198.00680167,45,45,1,1,1,1,1.9800680167,297.962698881,1,5.7,452.249575684,2.61452380952,6b49ca4bcd4169fc
613,13000142,50,0,279.960395656,75,34,2.00801905671,253.860210508,211.064346149,34,34,0.7,0.8,0.4,1,2.11064346149,292.238034267,0.6,2.8,355.748292748,2.5,8e5a6695b5b268ff
613,13000142,50,1,4.57540578049,175,26,2.38993985822,243.187255013,342.913865697,26,26,0.7,0.3,0.3,1,3.42913865697,292.238034267,0.6,2.8,355.748292748,2.5,8e5a6695b5b268ff
613,13000142,50,2,43.3938121666,425,19,2.89837448427,286.136818148,374.139384329,19,19,0.5,0.4,0.1,1,3.74139384329,292.238034267,0.6,2.8,355.748292748,2.5,8e5a6695b5b268ff
613,13000142,50,3,315.321571927,325,37,2.17824050542,242.81154648,240.736833975,37,37,0.8,0.8,0.5,1,2.40736833975,292.238034267,0.6,2.8,355.748292748,2.5,8e5a6695b5b268ff
614,13000143,50,0,12.6207991622,425,15,2.6835880289,391.75692755,305.11922423,15,15,0.2,0.5,0.2,1,3.0511922423,227.57911113,0.4,0.7,117.171547526,2.83333333333,af1ca5fc456b6c15
614,13000143,50,1,60.8741895021,325,30,2.4038963409,310.75011321,245.4403846,30,30,0.6,0.8,0.3,1,2.454403846,227.57911113,0.4,0.7,117.171547526,2.83333333333,af1ca5fc456b6c15
614,13000143,50,2,469.272526587,75,28,1.63570476661,289.927132271,339.255636527,28,28,0.4,0.4,0.4,1,3.39255636527,227.57911113,0.4,0.7,117.171547526,2.83333333333,af1ca5fc456b6c15
614,13000143,50,3,254.264534512,175,46,1.50026440369,188.509558565,183.859517968,46,46,0.9,0.9,0.4,1,1.83859517968,227.57911113,0.4,0.7,117.171547526,2.83333333333,af1ca5fc456b6c15
615,13000144,50,0,448.687792131,325,28,2.76886517911,325.252013572,247.012299693,28,28,0.5,0.8,0.2,1,2.47012299693,289.474282782,1,5.7,446.218092912,2.6,9123f2122f0dbee0
615,13000144,50,1,46.9030165,425,27,2.88136177531,289.552832998,272.216462505,27,27,0.3,0.5,0.4,1,2.72216462505,289.474282782,1,5.7,446.218092912,2.6,9123f2122f0dbee0
615,13000144,50,2,28.2177851341,175,34,1.83503708752,221.918721084,297.887124875,34,34,0.8,0.5,0.7,1,2.97887124875,289.474282782,1,5.7,446.218092912,2.6,9123f2122f0dbee0
615,13000144,50,3,328.173390075,75,29,2.43968976684,250.97193279,254.061268733,29,29,0.8,0.6,0.6,1,2.54061268733,289.474282782,1,5.7,446.218092912,2.6,9123f2122f0dbee0
616,13000145,50,0,42.1807619142,175,29,1.96461518959,295.24413318,266.174498182,29,29,0.5,0.8,0.5,1,2.66174498182,250.323295589,1,4.1,326.522767218,2.66666666667,85c2a7350a17e83
616,13000145,50,1,285.758903105,425,31,1.74151748529,167.396387035,207.947861303,31,31,0.9,0.8,0.8,1,2.07947861303,250.323295589,1,4.1,326.522767218,2.66666666667,85c2a7350a17e83
616,13000145,50,2,89.4646769691,75,25,2.43469384336,313.288468821,297.795307351,25,25,0.5,0.5,0.5,1,2.97795307351,250.323295589,1,4.1,326.522767218,2.66666666667,85c2a7350a17e83
616,13000145,50,3,333.339615943,325,34,2.3390165781,163.076513932,218.827565405,34,34,0.9,0.8,0.8,1,2.18827565405,250.323295589,1,4.1,326.522767218,2.66666666667,85c2a7350a17e83
617,13000146,50,0,304.753936443,175,41,1.87720625828,233.449105678,237.263733775,41,41,0.6,0.9,0.8,1,2.37263733775,247.544125576,0.9,3.6,308.241969093,1.92592592593,61e04f445b42cf11
617,13000146,50,1,151.031316928,325,39,2.16809562771,231.761627773,218.770160061,39,39,0.9,0.8,0.7,1,2.18770160061,247.544125576,0.9,3.6,308.241969093,1.92592592593,61e04f445b42cf11
617,13000146,50,2,424.910082115,75,27,2.46525537301,329.33426863,304.150397284,27,27,0.4,0.5,0.2,1,3.04150397284,247.544125576,0.9,3.6,308.241969093,1.92592592593,61e04f445b42cf11
617,13000146,50,3,100.034611995,425,23,2.79045570017,279.414657174,272.636468456,23,23,0.3,0.5,0.3,1,2.72636468456,247.544125576,0.9,3.6,308.241969093,1.92592592593,61e04f445b42cf11
618,13000147,50,0,344.742520282,175,38,2.44506048622,196.190516904,265.438710647,38,38,0.9,0.6,0.5,1,2.65438710647,267.525798473,0.8,3.6,381.064421823,2.65625,a75066bc8ec7a4ed
618,13000147,50,1,349.133065716,425,32,2.67967957762,206.698283807,306.505461165,32,32,0.9,0.6,0.5,1,3.06505461165,267.525798473,0.8,3.6,381.064421823,2.65625,a75066bc8ec7a4ed
618,13000147,50,2,142.407238142,325,35,2.55048247586,208.141642059,215.22548492,35,35,0.6,0.7,0.6,1,2.1522548492,267.525798473,0.8,3.6,381.064421823,2.65625,a75066bc8ec7a4ed
618,13000147,50,3,28.7567756907,75,17,2.26825729618,368.305242878,322.300140224,17,17,0.2,0.5,0,1,3.22300140224,267.525798473,0.8,3.6,381.064421823,2.65625,a75066bc8ec7a4ed
619,13000148,50,0,254.618640238,75,34,1.82523577805,243.670053988,210.490488818,34,34,0.6,0.9,0.7,1,2.10490488818,306.243009811,1,6.4,515.320968084,1.99166666667,635826b76a9207ea
619,13000148,50,1,186.453009158,175,45,2.59367071722,228.48933689,155.178104634,45,45,0.8,1,1,1,1.55178104634,306.243009811,1,6.4,515.320968084,1.99166666667,635826b76a9207ea
619,13000148,50,2,487.637861462,325,23,2.75049889065,334.450342427,343.790906023,23,23,0.5,0.3,0,1,3.43790906023,306.243009811,1,6.4,515.320968084,1.99166666667,635826b76a9207ea
619,13000148,50,3,36.6668536863,425,26,1.74390401453,322.999830793,260.976126577,26,26,0.5,0.6,0.5,1,2.60976126577,306.243009811,1,6.4,515.320968084,1.99166666667,635826b76a9207ea
620,13000149,50,0,107.294087739,75,21,2.68671717061,296.196974855,300.312882511,21,21,0.4,0.5,0.3,1,3.00312882511,244.465217288,0.9,3.4,285.921485279,2.45052910053,25ef9992a62f4ecd
620,13000149,50,1,315.697778321,175,36,1.91583084201,210.281236934,172.793565889,36,36,0.8,1,0.9,1,1.72793565889,244.465217288,0.9,3.4,285.921485279,2.45052910053,25ef9992a62f4ecd
620,13000149,50,2,379.483412564,325,36,1.58509913425,202.115140872,160.714711094,36,36,0.8,0.9,0.9,1,1.60714711094,244.465217288,0.9,3.4,285.921485279,2.45052910053,25ef9992a62f4ecd
620,13000149,50,3,81.7983194506,425,31,2.95653307461,239.050306864,309.419814638,31,31,0.9,0.5,0.5,1,3.09419814638,244.465217288,0.9,3.4,285.921485279,2.45052910053,25ef9992a62f4ecd
621,13000150,50,0,20.717944183,425,25,1.54087742675,237.349417519,305.074671556,25,25,0.7,0.5,0.4,1,3.05074671556,161.161694912,1,2.7,186.830767836,2.67,f56f5a593d058fdb
621,13000150,50,1,280.134266496,75,32,1.61112777769,301.198775546,220.245746905,32,32,0.4,0.6,0.7,1,2.20245746905,161.161694912,1,2.7,186.830767836,2.67,f56f5a593d058fdb
621,13000150,50,2,20.3068009645,325,27,2.59779555086,224.449097358,269.764229534,27,27,0.8,0.5,0.4,1,2.69764229534,161.161694912,1,2.7,186.830767836,2.67,f56f5a593d058fdb
621,13000150,50,3,383.61844499,175,36,2.39610744167,285.812261412,209.987931493,36,36,0.6,0.9,0.8,1,2.09987931493,161.161694912,1,2.7,186.830767836,2.67,f56f5a593d058fdb
622,13000151,50,0,159.105603399,425,32,1.51781605636,276.040709108,247.014280083,32,32,0.7,0.9,0.7,1,2.47014280083,195.716052601,0.9,2.9,238.847792011,2.45925925926,3a6cbcc5534d442d
622,13000151,50,1,173.368092771,325,40,2.60014814877,204.642612384,175.598755215,40,40,0.7,1,0.8,1,1.75598755215,195.716052601,0.9,2.9,238.847792011,2.45925925926,3a6cbcc5534d442d
622,13000151,50,2,488.873662547,75,19,2.22363843702,329.251887183,284.330424306,19,19,0.5,0.5,0.4,1,2.84330424306,195.716052601,0.9,2.9,238.847792011,2.45925925926,3a6cbcc5534d442d
622,13000151,50,3,456.692585608,175,31,2.80276301163,285.046111031,204.519712496,31,31,0.5,0.9,0.5,1,2.04519712496,195.716052601,0.9,2.9,238.847792011,2.45925925926,3a6cbcc5534d442d
623,13000152,50,0,128.724513403,325,39,2.5344659013,156.46134078,194.012737016,39,39,0.9,0.9,0.7,1,1.94012737016,242.546063989,0.8,2.9,285.918475937,3.11805555556,24902cbabed94696
623,13000152,50,1,212.425022444,175,44,1.78195566476,185.461864486,176.253266604,44,44,0.8,1,0.8,1,1.76253266604,242.546063989,0.8,2.9,285.918475937,3.11805555556,24902cbabed94696
623,13000152,50,2,242.956329797,425,35,2.01784280035,213.442847713,231.450317514,35,35,0.8,0.8,0.6,1,2.31450317514,242.546063989,0.8,2.9,285.918475937,3.11805555556,24902cbabed94696
623,13000152,50,3,370.624335044,75,30,1.56548630265,286.013888598,262.70525998,30,30,0.4,0.5,0.4,1,2.6270525998,242.546063989,0.8,2.9,285.918475937,3.11805555556,24902cbabed94696
624,13000153,50,0,383.366445188,175,34,2.51140709118,244.174633859,194.43540714,34,34,0.5,0.7,0.4,1,1.9443540714,285.128589329,0.4,1,184.317098249,3.375,fc6196ec6763baa
624,13000153,50,1,73.4633560631,75,24,1.73934996697,299.417153319,341.142473784,24,24,0.5,0.4,0.2,1,3.41142473784,285.128589329,0.4,1,184.317098249,3.375,fc6196ec6763baa
624,13000153,50,2,207.863842489,325,38,1.87876167012,230.726727999,215.382035106,38,38,0.8,0.9,0.4,1,2.15382035106,285.128589329,0.4,1,184.317098249,3.375,fc6196ec6763baa
624,13000153,50,3,335.096513914,425,32,2.72884600879,261.06220269,250.13967726,32,32,0.7,0.8,0.3,1,2.5013967726,285.128589329,0.4,1,184.317098249,3.375,fc6196ec6763baa
625,13000154,50,0,209.466017884,325,40,1.66767395983,237.933615059,244.615709326,40,40,0.8,0.7,0.5,1,2.44615709326,371.212744573,0.5,2.8,375.33242683,1.94857142857,a741bff5a1e214a1
625,13000154,50,1,291.862669433,425,31,1.75173230335,275.248827746,296.588602797,31,31,0.4,0.5,0.1,1,2.96588602797,371.212744573,0.5,2.8,375.33242683,1.94857142857,a741bff5a1e214a1
625,13000154,50,2,357.45638166,75,29,1.72910882334,268.529854031,275.422176469,29,29,0.5,0.6,0.1,1,2.75422176469,371.212744573,0.5,2.8,375.33242683,1.94857142857,a741bff5a1e214a1
625,13000154,50,3,194.347219559,175,43,2.47640298544,218.640852341,219.86233656,43,43,0.8,0.7,0.4,1,2.1986233656,371.212744573,0.5,2.8,375.33242683,1.94857142857,a741bff5a1e214a1
626,13000155,50,0,12.5624361243,175,21,2.80655781352,302.419865098,228.545174258,21,21,0.5,0.8,0.5,1,2.28545174258,259.933207792,1,4.3,342.857074723,1.71666666667,6ee36125ebce1c4f
626,13000155,50,1,270.510440576,425,30,1.82323056135,273.081103707,287.233704148,30,30,0.6,0.4,0.4,1,2.87233704148,259.933207792,1,4.3,342.857074723,1.71666666667,6ee36125ebce1c4f
626,13000155,50,2,469.271995458,75,27,2.99568308649,307.449840384,312.317560213,27,27,0.5,0.4,0.4,1,3.12317560213,259.933207792,1,4.3,342.857074723,1.71666666667,6ee36125ebce1c4f
626,13000155,50,3,103.685851338,325,32,2.51771922728,273.22698666,198.609973935,32,32,0.4,0.6,0.8,1,1.98609973935,259.933207792,1,4.3,342.857074723,1.71666666667,6ee36125ebce1c4f
627,13000156,50,0,65.296451809,75,29,2.6180101755,313.178321807,310.461113917,29,29,0.5,0.5,0.5,1,3.10461113917,276.353413845,1,4.2,315.700930877,2.46452380952,3bde3abaec17db12
627,13000156,50,1,357.947259705,425,28,2.76882776719,227.413258128,246.769968021,28,28,0.6,0.6,0.4,1,2.46769968021,276.353413845,1,4.2,315.700930877,2.46452380952,3bde3abaec17db12
627,13000156,50,2,426.556771451,325,28,2.81882983663,216.739958828,235.320632664,28,28,0.7,0.7,0.7,1,2.35320632664,276.353413845,1,4.2,315.700930877,2.46452380952,3bde3abaec17db12
627,13000156,50,3,128.057836753,175,40,2.18217458136,238.565846264,227.325987927,40,40,0.8,0.7,0.8,1,2.27325987927,276.353413845,1,4.2,315.700930877,2.46452380952,3bde3abaec17db12
628,13000157,50,0,144.793757954,425,30,2.98068756298,211.356362946,282.096846777,30,30,0.7,0.6,0.6,1,2.82096846777,332.034209449,1,5.6,421.84500482,2.49888528139,52f4a699e8ac5990
628,13000157,50,1,74.8815861058,175,31,2.80712015421,255.102962215,187.756789839,31,31,0.6,0.9,0.7,1,1.87756789839,332.034209449,1,5.6,421.84500482,2.49888528139,52f4a699e8ac5990
628,13000157,50,2,382.726452315,325,34,2.83144863224,249.393973615,297.569011255,34,34,0.5,0.5,0.5,1,2.97569011255,332.034209449,1,5.6,421.84500482,2.49888528139,52f4a699e8ac5990
628,13000157,50,3,416.821698127,75,19,2.1652898917,343.867415814,331.50139235,19,19,0.3,0.3,0,1,3.3150139235,332.034209449,1,5.6,421.84500482,2.49888528139,52f4a699e8ac5990
629,13000158,50,0,80.7825246821,325,28,2.23877127836,240.714148197,246.174179031,28,28,0.6,0.6,0.4,1,2.46174179031,291.687992159,0.6,2.5,325.767984318,2.19841269841,4853fe2aae04a3ad
629,13000158,50,1,95.3332412202,75,23,2.65741840917,250.861347159,325.78955885,23,23,0.6,0.4,0.2,1,3.2578955885,291.687992159,0.6,2.5,325.767984318,2.19841269841,4853fe2aae04a3ad
629,13000158,50,2,290.594050662,175,39,2.33457125841,228.06657119,233.347134154,39,39,0.8,0.8,0.5,1,2.33347134154,291.687992159,0.6,2.5,325.767984318,2.19841269841,4853fe2aae04a3ad
629,13000158,50,3,407.493357488,425,27,2.71675632278,325.828039061,247.132871145,27,27,0.3,0.6,0.3,1,2.47132871145,291.687992159,0.6,2.5,325.767984318,2.19841269841,4853fe2aae04a3ad
630,13000159,50,0,78.0295447234,75,23,2.98619368999,214.880187685,348.781838085,23,23,0.7,0.2,0.2,1,3.48781838085,287.625397743,1,4.8,395.938727715,2.9369047619,ca8efe6c7f4d197d
630,13000159,50,1,355.50556256,175,38,2.83243476467,205.655991274,255.921519497,38,38,0.9,0.7,0.7,1,2.55921519497,287.625397743,1,4.8,395.938727715,2.9369047619,ca8efe6c7f4d197d
630,13000159,50,2,2.44076669613,425,24,2.62733345645,336.584456025,281.558338364,24,24,0.4,0.6,0.3,1,2.81558338364,287.625397743,1,4.8,395.938727715,2.9369047619,ca8efe6c7f4d197d
630,13000159,50,3,455.755261897,325,26,2.897064891,312.860761963,251.925949831,26,26,0.3,0.5,0.4,1,2.51925949831,287.625397743,1,4.8,395.938727715,2.9369047619,ca8efe6c7f4d197d
631,13000160,50,0,169.64542382,175,35,2.21256940461,213.504838383,244.673420636,35,35,0.7,0.6,0.1,1,2.44673420636,313.29581962,0.1,0.1,50.5312693315,2,927fc03953c94462
631,13000160,50,1,139.283282834,425,31,2.66068257902,210.076540945,309.427737404,31,31,0.6,0.3,0.1,1,3.09427737404,313.29581962,0.1,0.1,50.5312693315,2,927fc03953c94462
631,13000160,50,2,456.118678968,325,23,2.8244697325,347.638925402,266.187696711,23,23,0.2,0.5,0,1,2.66187696711,313.29581962,0.1,0.1,50.5312693315,2,927fc03953c94462
631,13000160,50,3,379.379512619,75,19,2.3837938904,332.518641267,277.903784139,19,19,0.4,0.7,0,1,2.77903784139,313.29581962,0.1,0.1,50.5312693315,2,927fc03953c94462
632,13000161,50,0,214.033451883,425,33,1.8446859596,214.500108373,227.895344332,33,33,0.6,0.7,0.5,1,2.27895344332,272.925202556,0.7,2.1,219.73630241,3.08333333333,2f21aee57ef61183
632,13000161,50,1,492.594224842,75,16,1.76912244244,417.876065863,323.483052631,16,16,0.1,0.3,0.1,1,3.23483052631,272.925202556,0.7,2.1,219.73630241,3.08333333333,2f21aee57ef61183
632,13000161,50,2,32.6100906257,325,29,2.10823479983,203.444844422,242.009857565,29,29,1,0.8,0.7,1,2.42009857565,272.925202556,0.7,2.1,219.73630241,3.08333333333,2f21aee57ef61183
632,13000161,50,3,406.421737869,175,33,1.57915150681,314.459816092,235.016538646,33,33,0.3,0.8,0.7,1,2.35016538646,272.925202556,0.7,2.1,219.73630241,3.08333333333,2f21aee57ef61183
633,13000162,50,0,396.536790826,325,41,1.68594712619,229.23941946,222.4183171,41,41,0.8,0.8,0.9,1,2.224183171,202.241501554,1,3,240.684946715,2.74833333333,99794361c00cbc8f
633,13000162,50,1,106.694064798,175,37,2.32484715283,201.50870819,197.337935883,37,37,0.9,0.8,0.9,1,1.97337935883,202.241501554,1,3,240.684946715,2.74833333333,99794361c00cbc8f
633,13000162,50,2,67.262701739,425,25,1.59029639373,287.373761133,257.902955196,25,25,0.7,0.6,0.7,1,2.57902955196,202.241501554,1,3,240.684946715,2.74833333333,99794361c00cbc8f
633,13000162,50,3,327.130559227,75,35,1.96334371449,219.997370093,263.958648994,35,35,0.8,0.5,0.7,1,2.63958648994,202.241501554,1,3,240.684946715,2.74833333333,99794361c00cbc8f
634,13000163,50,0,67.6034763983,175,27,2.81872421194,267.651605401,323.294435077,27,27,0.6,0.4,0.6,1,3.23294435077,223.300245836,1,3.5,280.773278867,2.78,8f606a3b8698c928
634,13000163,50,1,459.763340466,75,21,1.69549772706,229.971368664,240.425651699,21,21,0.7,0.6,0.6,1,2.40425651699,223.300245836,1,3.5,280.773278867,2.78,8f606a3b8698c928
634,13000163,50,2,212.134429947,425,36,1.75797648265,267.747305796,251.749562039,36,36,0.6,0.5,0.6,1,2.51749562039,223.300245836,1,3.5,280.773278867,2.78,8f606a3b8698c928
634,13000163,50,3,465.163235394,325,31,2.19679662186,253.483770454,212.218555801,31,31,0.8,0.7,0.8,1,2.12218555801,223.300245836,1,3.5,280.773278867,2.78,8f606a3b8698c928
635,13000164,50,0,120.938133475,325,34,2.61138905389,219.008955405,229.502241916,34,34,0.7,0.8,0.7,1,2.29502241916,252.499625092,0.7,2.6,267.693199,2.55,a2bef020c8644193
635,13000164,50,1,462.297492081,175,31,2.52723054879,273.158719791,256.264650841,31,31,0.6,0.7,0.4,1,2.56264650841,252.499625092,0.7,2.6,267.693199,2.55,a2bef020c8644193
635,13000164,50,2,17.0968190156,425,16,1.73141749509,301.559476618,318.249328729,16,16,0.4,0.4,0.2,1,3.18249328729,252.499625092,0.7,2.6,267.693199,2.55,a2bef020c8644193
635,13000164,50,3,260.457073614,75,32,2.04707353044,267.728273884,268.833350354,32,32,0.6,0.6,0.4,1,2.68833350354,252.499625092,0.7,2.6,267.693199,2.55,a2bef020c8644193
636,13000165,50,0,389.905296791,325,34,2.20863821792,231.469014013,202.188583828,34,34,0.7,0.8,1,1,2.02188583828,240.007554877,1,3.6,283.683187649,3.1,f5c3c085380ff39f
636,13000165,50,1,387.29834462,425,32,1.69137677242,269.108732388,230.199116311,32,32,0.6,0.8,1,1,2.30199116311,240.007554877,1,3.6,283.683187649,3.1,f5c3c085380ff39f
636,13000165,50,2,205.748313691,75,30,1.63121440178,251.50134704,260.870867482,30,30,0.5,0.6,0.6,1,2.60870867482,240.007554877,1,3.6,283.683187649,3.1,f5c3c085380ff39f
636,13000165,50,3,145.426828027,175,37,2.56063090443,222.470002501,205.493293851,37,37,0.7,0.8,0.7,1,2.05493293851,240.007554877,1,3.6,283.683187649,3.1,f5c3c085380ff39f
637,13000166,50,0,122.438437307,75,20,2.91053858048,338.914842149,302.064906327,20,20,0.3,0.4,0.1,1,3.02064906327,347.693387197,0.8,4.8,460.225910137,2.36681547619,5c87d934d205a0db
637,13000166,50,1,240.038757931,325,42,1.82925071216,223.747600181,233.587709695,42,42,0.8,0.8,0.6,1,2.33587709695,347.693387197,0.8,4.8,460.225910137,2.36681547619,5c87d934d205a0db
637,13000166,50,2,406.840592361,425,29,2.22527930698,207.951232373,278.266500856,29,29,0.7,0.4,0.2,1,2.78266500856,347.693387197,0.8,4.8,460.225910137,2.36681547619,5c87d934d205a0db
637,13000166,50,3,385.472804421,175,35,2.81195237026,233.564036106,266.985073678,35,35,0.8,0.5,0.8,1,2.66985073678,347.693387197,0.8,4.8,460.225910137,2.36681547619,5c87d934d205a0db
638,13000167,50,0,149.277389072,325,42,1.98041232654,211.34580493,158.546965023,42,42,0.9,0.9,1,1,1.58546965023,222.420653541,1,3.5,269.40879754,3.15833333333,ff88f36b55e48343
638,13000167,50,1,397.248514935,425,31,1.55292732694,150.601351686,238.87802152,31,31,0.9,0.7,1,1,2.3887802152,222.420653541,1,3.5,269.40879754,3.15833333333,ff88f36b55e48343
638,13000167,50,2,406.077597083,75,20,1.97271281303,305.974456716,326.720833457,20,20,0.3,0.4,0.4,1,3.26720833457,222.420653541,1,3.5,269.40879754,3.15833333333,ff88f36b55e48343
638,13000167,50,3,6.44609370138,175,29,2.34379119311,372.112499435,277.374581339,29,29,0.2,0.5,0.3,1,2.77374581339,222.420653541,1,3.5,269.40879754,3.15833333333,ff88f36b55e48343
639,13000168,50,0,394.817840377,175,31,2.72020455072,236.212090561,194.67805906,31,31,0.5,0.8,0.8,1,1.9467805906,212.353457377,0.9,3.5,302.574982604,2.85833333333,ab18e2e38f1c3658
639,13000168,50,1,122.041657524,75,32,1.86946674477,235.941607062,266.732233101,32,32,0.6,0.8,0.6,1,2.66732233101,212.353457377,0.9,3.5,302.574982604,2.85833333333,ab18e2e38f1c3658
639,13000168,50,2,32.0309655781,325,26,2.23010595565,236.775029577,301.406160688,26,26,0.6,0.4,0.2,1,3.01406160688,212.353457377,0.9,3.5,302.574982604,2.85833333333,ab18e2e38f1c3658
639,13000168,50,3,454.950765143,425,22,1.96002932045,332.338343739,275.144417289,22,22,0.4,0.4,0.3,1,2.75144417289,212.353457377,0.9,3.5,302.574982604,2.85833333333,ab18e2e38f1c3658
640,13000169,50,0,368.58391843,325,34,1.79495169741,277.752026383,245.368183924,34,34,0.7,0.7,0.6,1,2.45368183924,293.035522464,0.8,3.8,377.886469318,2.63125,acad94a25cae9d6
640,13000169,50,1,145.326055646,425,28,2.58647397741,254.234761078,291.131208959,28,28,0.5,0.5,0.5,1,2.91131208959,293.035522464,0.8,3.8,377.886469318,2.63125,acad94a25cae9d6
640,13000169,50,2,98.8717558089,175,37,1.74137803479,202.311053543,238.388562775,37,37,0.8,0.8,0.7,1,2.38388562775,293.035522464,0.8,3.8,377.886469318,2.63125,acad94a25cae9d6
640,13000169,50,3,419.932061286,75,24,2.42294584316,317.928442503,246.808413119,24,24,0.3,0.7,0.3,1,2.46808413119,293.035522464,0.8,3.8,377.886469318,2.63125,acad94a25cae9d6
641,13000170,50,0,390.738499274,425,19,2.28871719551,347.7614213,289.670149575,19,19,0.2,0.4,0.2,1,2.89670149575,224.316550887,0.6,1,131.715406579,3.16666666667,66fb08e78ca0b0e7
641,13000170,50,1,94.9741909381,175,32,2.91462854779,175.070094182,210.961256146,32,32,0.8,0.6,0.5,1,2.10961256146,224.316550887,0.6,1,131.715406579,3.16666666667,66fb08e78ca0b0e7
641,13000170,50,2,306.931886617,75,31,1.69117448338,251.7754116,259.992579925,31,31,0.6,0.7,0.5,1,2.59992579925,224.316550887,0.6,1,131.715406579,3.16666666667,66fb08e78ca0b0e7
641,13000170,50,3,152.963298612,325,39,2.47947408981,217.6725194,207.192719693,39,39,0.8,0.9,0.5,1,2.07192719693,224.316550887,0.6,1,131.715406579,3.16666666667,66fb08e78ca0b0e7
642,13000171,50,0,337.605621811,75,32,2.83903103725,193.976397931,257.701417103,32,32,0.8,0.7,0.7,1,2.57701417103,239.642303871,1,3.7,277.784451004,2.75166666667,1c520a838edca770
642,13000171,50,1,242.751546964,425,36,2.16628972126,249.076669328,210.561686306,36,36,0.6,0.9,0.7,1,2.10561686306,239.642303871,1,3.7,277.784451004,2.75166666667,1c520a838edca770
642,13000171,50,2,177.488410279,175,43,2.69692073347,197.731872901,188.382379718,43,43,1,0.7,1,1,1.88382379718,239.642303871,1,3.7,277.784451004,2.75166666667,1c520a838edca770
642,13000171,50,3,267.04650999,325,46,2.2602210549,181.706602894,160.70745563,46,46,1,0.9,1,1,1.6070745563,239.642303871,1,3.7,277.784451004,2.75166666667,1c520a838edca770
643,13000172,50,0,475.897127908,75,21,1.60913190175,296.07554361,276.174213467,21,21,0.5,0.6,0.2,1,2.76174213467,199.199489588,0.7,2.6,266.193632566,3.36972789116,566f11d9c0036518
643,13000172,50,1,123.134724904,425,29,1.92043403109,278.764919644,290.506557482,29,29,0.5,0.5,0.4,1,2.90506557482,199.199489588,0.7,2.6,266.193632566,3.36972789116,566f11d9c0036518
643,13000172,50,2,394.929895506,325,33,1.96673125474,231.682765814,219.212732155,33,33,0.9,0.6,0.5,1,2.19212732155,199.199489588,0.7,2.6,266.193632566,3.36972789116,566f11d9c0036518
643,13000172,50,3,138.244186476,175,36,2.90442669969,207.11038879,200.81859998,36,36,0.7,0.9,0.5,1,2.0081859998,199.199489588,0.7,2.6,266.193632566,3.36972789116,566f11d9c0036518
644,13000173,50,0,384.840644259,325,38,2.91678220126,192.254194978,173.674934182,38,38,0.8,1,0.5,1,1.73674934182,201.14908369,0.5,1.6,242.229617898,4.15,d79af56a10dae042
644,13000173,50,1,176.948184038,175,40,1.56883963592,180.373569261,197.830042824,40,40,1,0.8,0.4,1,1.97830042824,201.14908369,0.5,1.6,242.229617898,4.15,d79af56a10dae042
644,13000173,50,2,77.1521591293,425,20,2.05188477614,282.507129583,301.607773418,20,20,0.5,0.5,0.1,1,3.01607773418,201.14908369,0.5,1.6,242.229617898,4.15,d79af56a10dae042
644,13000173,50,3,370.787758255,75,29,2.3095952524,240.367864028,238.837404249,29,29,0.7,0.7,0.4,1,2.38837404249,201.14908369,0.5,1.6,242.229617898,4.15,d79af56a10dae042
645,13000174,50,0,95.5070812863,175,33,2.37882345337,211.661749502,208.342933337,33,33,0.7,0.8,0.2,1,2.08342933337,317.925677199,0.4,2.3,455.174815511,2.69791666667,4e500c711310c68e
645,13000174,50,1,217.361171152,425,38,1.7998652334,292.803118172,244.450595869,38,38,0.5,0.6,0.3,1,2.44450595869,317.925677199,0.4,2.3,455.174815511,2.69791666667,4e500c711310c68e
645,13000174,50,2,105.369370194,75,27,2.97455860444,213.089423421,243.401636401,27,27,0.6,0.6,0.1,1,2.43401636401,317.925677199,0.4,2.3,455.174815511,2.69791666667,4e500c711310c68e
645,13000174,50,3,347.461570617,325,42,2.81351643515,242.202727942,247.973926149,42,42,0.7,0.7,0.2,1,2.47973926149,317.925677199,0.4,2.3,455.174815511,2.69791666667,4e500c711310c68e
646,13000175,50,0,35.4653829992,325,30,1.92991923935,264.69369792,255.195273759,30,30,0.6,0.7,0.4,1,2.55195273759,273.278359554,0.8,2.6,257.746779178,3.14166666667,126207a76ab4eb02
646,13000175,50,1,118.826425487,175,35,1.55124169902,225.41532478,216.191725084,35,35,0.7,0.7,0.5,1,2.16191725084,273.278359554,0.8,2.6,257.746779178,3.14166666667,126207a76ab4eb02
646,13000175,50,2,452.065178236,425,25,2.59294582894,267.871990094,283.470134928,25,25,0.5,0.6,0.6,1,2.83470134928,273.278359554,0.8,2.6,257.746779178,3.14166666667,126207a76ab4eb02
646,13000175,50,3,366.076476722,75,29,1.98546922585,265.221459933,275.989012654,29,29,0.5,0.5,0.7,1,2.75989012654,273.278359554,0.8,2.6,257.746779178,3.14166666667,126207a76ab4eb02
647,13000176,50,0,238.526529189,425,34,2.20297635409,215.092902454,216.922069708,34,34,0.8,0.8,0.7,1,2.16922069708,180.01243953,0.9,2.3,190.498114117,2.75,520454493124f1e6
647,13000176,50,1,434.354214263,325,30,2.53188888991,290.193071862,320.759839062,30,30,0.5,0.4,0.7,1,3.20759839062,180.01243953,0.9,2.3,190.498114117,2.75,520454493124f1e6
647,13000176,50,2,107.759029244,175,33,2.82805812531,156.70954593,182.043357934,33,33,1,0.9,0.9,1,1.82043357934,180.01243953,0.9,2.3,190.498114117,2.75,520454493124f1e6
647,13000176,50,3,252.843546707,75,34,1.82608544772,211.000346832,259.770915797,34,34,0.7,0.7,0.7,1,2.59770915797,180.01243953,0.9,2.3,190.498114117,2.75,520454493124f1e6
648,13000177,50,0,447.088608742,425,21,1.74281949651,329.476163524,328.1867095,21,21,0.3,0.3,0.2,1,3.281867095,300.108006449,1,4.9,378.822967733,2.80464285714,579e5a1fce46183b
648,13000177,50,1,146.854149025,75,32,2.9086520612,234.465304009,277.85037423,32,32,0.7,0.5,0.5,1,2.7785037423,300.108006449,1,4.9,378.822967733,2.80464285714,579e5a1fce46183b
648,13000177,50,2,245.094231665,175,44,1.71642387266,193.454327905,221.959950146,44,44,1,0.7,0.8,1,2.21959950146,300.108006449,1,4.9,378.822967733,2.80464285714,579e5a1fce46183b
648,13000177,50,3,144.957740225,325,38,2.74236658553,173.888990609,233.529922638,38,38,0.8,0.8,1,1,2.33529922638,300.108006449,1,4.9,378.822967733,2.80464285714,579e5a1fce46183b
649,13000178,50,0,15.0031082835,175,21,2.04061598689,341.518785409,367.266884915,21,21,0.2,0.2,0.1,1,3.67266884915,233.8746487,0.5,0.9,143.424307901,3.4,823af95ff6b822d3
649,13000178,50,1,389.497823848,325,34,2.37580212908,221.28577787,164.664536752,34,34,0.9,1,0.5,1,1.64664536752,233.8746487,0.5,0.9,143.424307901,3.4,823af95ff6b822d3
649,13000178,50,2,371.133871816,425,26,1.67798541293,217.420633214,204.327211057,26,26,0.6,0.7,0.5,1,2.04327211057,233.8746487,0.5,0.9,143.424307901,3.4,823af95ff6b822d3
649,13000178,50,3,80.8375509811,75,18,2.03756224102,340.785198233,347.553738057,18,18,0.4,0.3,0.1,1,3.47553738057,233.8746487,0.5,0.9,143.424307901,3.4,823af95ff6b822d3
650,13000179,50,0,141.554702615,425,27,2.26285205542,266.618498614,290.931273066,27,27,0.7,0.6,0,1,2.90931273066,322.415140506,0.2,0.8,342.524549427,3.5,a6a132204c442463
650,13000179,50,1,487.31923647,325,26,2.18903025454,254.909112617,291.074306815,26,26,0.7,0.6,0.2,1,2.91074306815,322.415140506,0.2,0.8,342.524549427,3.5,a6a132204c442463
650,13000179,50,2,467.923697863,75,24,2.50040022686,282.208743694,284.505309886,24,24,0.4,0.5,0.1,1,2.84505309886,322.415140506,0.2,0.8,342.524549427,3.5,a6a132204c442463
650,13000179,50,3,98.4645860869,175,30,2.91049400932,269.100212261,242.912809032,30,30,0.4,0.4,0.2,1,2.42912809032,322.415140506,0.2,0.8,342.524549427,3.5,a6a132204c442463
651,13000180,50,0,331.194665446,75,27,2.77380957768,274.941062266,218.714627428,27,27,0.5,0.8,0.7,1,2.18714627428,252.432243257,1,4.8,387.623195546,2.55800865801,f14a09c5d90ff6ba
651,13000180,50,1,471.290593569,425,20,2.219879886,228.677752825,249.20570378,20,20,0.6,0.5,0.8,1,2.4920570378,252.432243257,1,4.8,387.623195546,2.55800865801,f14a09c5d90ff6ba
651,13000180,50,2,101.819361669,175,29,1.76027918567,305.770153277,311.681985596,29,29,0.3,0.3,0.1,1,3.11681985596,252.432243257,1,4.8,387.623195546,2.55800865801,f14a09c5d90ff6ba
651,13000180,50,3,225.401541554,325,43,2.04816482138,176.150202301,228.874833594,43,43,0.9,0.8,1,1,2.28874833594,252.432243257,1,4.8,387.623195546,2.55800865801,f14a09c5d90ff6ba
652,13000181,50,0,468.141122713,175,27,2.96535658441,255.772655493,235.686139075,27,27,0.8,0.5,0.7,1,2.35686139075,269.02432385,0.9,4.3,393.043266773,2.6684303351,655cb4ec94dc794c
652,13000181,50,1,373.358693389,325,32,2.19819590842,203.792191999,222.418658912,32,32,0.8,0.8,0.8,1,2.22418658912,269.02432385,0.9,4.3,393.043266773,2.6684303351,655cb4ec94dc794c
652,13000181,50,2,127.322948573,425,26,1.73499233572,269.666000555,311.188319179,26,26,0.7,0.4,0.1,1,3.11188319179,269.02432385,0.9,4.3,393.043266773,2.6684303351,655cb4ec94dc794c
652,13000181,50,3,148.195153659,75,24,2.8300474431,240.64588904,257.620919787,24,24,0.7,0.6,0.5,1,2.57620919787,269.02432385,0.9,4.3,393.043266773,2.6684303351,655cb4ec94dc794c
653,13000182,50,0,496.91413142,425,20,1.89451916826,322.183859002,267.22848786,20,20,0.5,0.6,0.7,1,2.6722848786,243.598117906,1,4.1,326.212509542,2.42738095238,9dbfc6a4c62d64be
653,13000182,50,1,79.140158278,325,29,2.28136540713,209.15946781,324.509552934,29,29,0.9,0.3,0.9,1,3.24509552934,243.598117906,1,4.1,326.212509542,2.42738095238,9dbfc6a4c62d64be
653,13000182,50,2,23.6089349556,75,23,2.26587186058,293.255249437,378.077000641,23,23,0.5,0.3,0.2,1,3.78077000641,243.598117906,1,4.1,326.212509542,2.42738095238,9dbfc6a4c62d64be
653,13000182,50,3,348.808975661,175,41,2.35152457694,185.621655776,181.462077481,41,41,0.9,0.9,0.8,1,1.81462077481,243.598117906,1,4.1,326.212509542,2.42738095238,9dbfc6a4c62d64be
654,13000183,50,0,102.596104786,425,22,2.31413760263,324.859963529,324.096277327,22,22,0.3,0.4,0.1,1,3.24096277327,258.038787999,0.6,2.4,278.217006647,2.45,7acbf22b2cd3603e
654,13000183,50,1,471.185250339,325,24,2.36293112937,289.78792727,288.33446695,24,24,0.4,0.5,0.4,1,2.8833446695,258.038787999,0.6,2.4,278.217006647,2.45,7acbf22b2cd3603e
654,13000183,50,2,71.3554543864,175,30,1.65734708666,243.359145331,247.333930037,30,30,0.7,0.8,0.3,1,2.47333930037,258.038787999,0.6,2.4,278.217006647,2.45,7acbf22b2cd3603e
654,13000183,50,3,395.14996893,75,25,1.60413888442,244.598486495,250.578435862,25,25,0.5,0.7,0.3,1,2.50578435862,258.038787999,0.6,2.4,278.217006647,2.45,7acbf22b2cd3603e
655,13000184,50,0,22.4153233384,325,31,2.9638312098,274.883127615,323.130213928,31,31,0.5,0.5,0.3,1,3.23130213928,307.260748921,0.3,1.4,354.093810673,2.44166666667,e242d62bb207a19f
655,13000184,50,1,440.651219119,175,26,1.66366347884,287.709310143,265.335900613,26,26,0.6,0.6,0,1,2.65335900613,307.260748921,0.3,1.4,354.093810673,2.44166666667,e242d62bb207a19f
655,13000184,50,2,353.05435883,425,32,2.69167571522,221.702997763,269.131970585,32,32,0.6,0.7,0.2,1,2.69131970585,307.260748921,0.3,1.4,354.093810673,2.44166666667,e242d62bb207a19f
655,13000184,50,3,88.9703789399,75,25,2.96645111803,304.966762873,307.099507232,25,25,0.4,0.4,0.1,1,3.07099507232,307.260748921,0.3,1.4,354.093810673,2.44166666667,e242d62bb207a19f
656,13000185,50,0,42.1611533811,175,31,1.89745241172,212.438031269,262.956783904,31,31,0.7,0.6,0.5,1,2.62956783904,264.862161637,0.9,4.3,379.901106923,3.35192400192,d884134f92b1ccca
656,13000185,50,1,347.702455162,75,30,1.9816604491,289.128718965,354.572341769,30,30,0.6,0.3,0.1,1,3.54572341769,264.862161637,0.9,4.3,379.901106923,3.35192400192,d884134f92b1ccca
656,13000185,50,2,69.565777474,325,35,1.63357208083,210.762404046,171.229292141,35,35,0.9,0.9,0.8,1,1.71229292141,264.862161637,0.9,4.3,379.901106923,3.35192400192,d884134f92b1ccca
656,13000185,50,3,411.089476749,425,18,2.67892150367,329.803399167,265.295919649,18,18,0.2,0.5,0.2,1,2.65295919649,264.862161637,0.9,4.3,379.901106923,3.35192400192,d884134f92b1ccca
657,13000186,50,0,225.049587563,425,36,1.98950636771,279.297624097,282.38462798,36,36,0.6,0.7,0.4,1,2.8238462798,235.395175674,0.6,1.5,179.896945571,2.52777777778,6029207073537dda
657,13000186,50,1,443.463740074,325,32,2.93746570885,258.840058862,207.18222671,32,32,0.8,0.7,0.4,1,2.0718222671,235.395175674,0.6,1.5,179.896945571,2.52777777778,6029207073537dda
657,13000186,50,2,466.111091744,175,28,2.92064924138,242.584628919,230.193362647,28,28,0.6,0.7,0.4,1,2.30193362647,235.395175674,0.6,1.5,179.896945571,2.52777777778,6029207073537dda
657,13000186,50,3,52.6870910507,75,25,2.05246092486,306.663439347,342.410488178,25,25,0.7,0.3,0.4,1,3.42410488178,235.395175674,0.6,1.5,179.896945571,2.52777777778,6029207073537dda
658,13000187,50,0,81.2969472075,175,36,2.62977133399,226.427810739,220.834121434,36,36,0.7,0.7,0.6,1,2.20834121434,280.459195558,1,4.4,347.924148992,2.2769047619,4bd2721b73a1d0dc
658,13000187,50,1,45.6785432632,425,24,2.0222329582,257.628808028,357.056501638,24,24,0.6,0.3,0.5,1,3.57056501638,280.459195558,1,4.4,347.924148992,2.2769047619,4bd2721b73a1d0dc
658,13000187,50,2,481.015944711,325,19,2.04098918828,299.48451345,296.95966326,19,19,0.5,0.3,0.2,1,2.9695966326,280.459195558,1,4.4,347.924148992,2.2769047619,4bd2721b73a1d0dc
658,13000187,50,3,340.94954919,75,33,2.78484904162,278.725060074,229.335374711,33,33,0.7,0.7,0.7,1,2.29335374711,280.459195558,1,4.4,347.924148992,2.2769047619,4bd2721b73a1d0dc
659,13000188,50,0,338.984877541,325,36,1.82228358571,251.785421203,203.186373771,36,36,0.7,0.7,0.5,1,2.03186373771,304.456792529,0.8,4.1,406.43565647,2.30416666667,9cc88c9218df3446
659,13000188,50,1,230.389219082,425,29,2.06667738264,257.560664107,245.809485537,29,29,0.7,0.6,0.3,1,2.45809485537,304.456792529,0.8,4.1,406.43565647,2.30416666667,9cc88c9218df3446
659,13000188,50,2,424.515647,175,32,2.0722040915,298.680859321,234.248871603,32,32,0.5,0.7,0.4,1,2.34248871603,304.456792529,0.8,4.1,406.43565647,2.30416666667,9cc88c9218df3446
659,13000188,50,3,81.007983049,75,28,1.65335085593,218.584076575,310.337853249,28,28,0.7,0.5,0.5,1,3.10337853249,304.456792529,0.8,4.1,406.43565647,2.30416666667,9cc88c9218df3446
660,13000189,50,0,124.605974909,75,28,2.72352804068,307.699515128,307.505120478,28,28,0.6,0.5,0.4,1,3.07505120478,310.031732416,1,5,401.487401418,3.00416666667,8ce4f545bc28065d
660,13000189,50,1,483.784994449,175,26,2.009034279,269.402415936,297.757419021,26,26,0.5,0.5,0.6,1,2.97757419021,310.031732416,1,5,401.487401418,3.00416666667,8ce4f545bc28065d
660,13000189,50,2,283.681255115,325,46,2.301357124,204.018380402,204.659296166,46,46,0.8,0.9,1,1,2.04659296166,310.031732416,1,5,401.487401418,3.00416666667,8ce4f545bc28065d
660,13000189,50,3,175.824146393,425,33,2.07847745856,265.656423585,258.659659704,33,33,0.6,0.6,0.7,1,2.58659659704,310.031732416,1,5,401.487401418,3.00416666667,8ce4f545bc28065d
661,13000190,50,0,377.599598984,75,25,2.83961304893,228.717844475,274.062077091,25,25,0.6,0.4,0.2,1,2.74062077091,311.151502346,0.2,0.3,69.5994240502,2,f1bfa13d30c7567d
661,13000190,50,1,476.362428446,175,24,2.81436379309,280.755405733,280.656025177,24,24,0.6,0.6,0.2,1,2.80656025177,311.151502346,0.2,0.3,69.5994240502,2,f1bfa13d30c7567d
661,13000190,50,2,126.901937943,325,35,2.53917349319,275.015889548,260.916503238,35,35,0.5,0.5,0,1,2.60916503238,311.151502346,0.2,0.3,69.5994240502,2,f1bfa13d30c7567d
661,13000190,50,3,0.504073760596,425,22,2.33321279393,374.034468394,356.954275843,22,22,0.3,0.4,0,1,3.56954275843,311.151502346,0.2,0.3,69.5994240502,2,f1bfa13d30c7567d
662,13000191,50,0,496.850128155,325,20,2.39698566227,321.022965002,323.161563096,20,20,0.4,0.5,0.1,1,3.23161563096,289.950238937,1,4.9,378.180122095,2.44404761905,83990da5632121d8
662,13000191,50,1,64.2085684943,425,27,1.81848710036,240.217554853,289.166577493,27,27,0.7,0.4,0.5,1,2.89166577493,289.950238937,1,4.9,378.180122095,2.44404761905,83990da5632121d8
662,13000191,50,2,325.321307292,175,41,2.7418103306,251.956955749,200.32124558,41,41,0.7,0.8,0.9,1,2.0032124558,289.950238937,1,4.9,378.180122095,2.44404761905,83990da5632121d8
662,13000191,50,3,119.415652695,75,29,2.04949940325,298.94327526,245.483485293,29,29,0.5,0.6,0.4,1,2.45483485293,289.950238937,1,4.9,378.180122095,2.44404761905,83990da5632121d8
663,13000192,50,0,349.615412927,75,35,1.75987047072,270.277554566,208.20539588,35,35,0.5,0.8,0.5,1,2.0820539588,318.626600694,1,6.8,511.62201913,2.74206349206,34afa71099cd3461
663,13000192,50,1,54.994020062,325,21,2.92256524714,291.704608584,333.816911173,21,21,0.5,0.3,0.1,1,3.33816911173,318.626600694,1,6.8,511.62201913,2.74206349206,34afa71099cd3461
663,13000192,50,2,319.8660921,175,45,2.00224055684,255.518902228,185.52876924,45,45,0.7,0.9,0.7,1,1.8552876924,318.626600694,1,6.8,511.62201913,2.74206349206,34afa71099cd3461
663,13000192,50,3,31.7927623023,425,15,2.56678762387,320.876978882,405.403338892,15,15,0.5,0.2,0.1,1,4.05403338892,318.626600694,1,6.8,511.62201913,2.74206349206,34afa71099cd3461
664,13000193,50,0,115.425312234,75,28,1.54883512976,182.15452731,256.181685408,28,28,0.7,0.6,0.5,1,2.56181685408,225.414235012,0.8,2.2,222.480565491,2.64583333333,6703842f3ab77102
664,13000193,50,1,416.315709789,175,31,2.98040176701,229.287828956,234.36779323,31,31,0.9,0.7,0.6,1,2.3436779323,225.414235012,0.8,2.2,222.480565491,2.64583333333,6703842f3ab77102
664,13000193,50,2,329.694256289,425,31,2.71172016097,320.435601632,318.316032666,31,31,0.3,0.4,0.5,1,3.18316032666,225.414235012,0.8,2.2,222.480565491,2.64583333333,6703842f3ab77102
664,13000193,50,3,116.464046659,325,37,1.84887136894,255.817907219,268.249677709,37,37,0.6,0.6,0.7,1,2.68249677709,225.414235012,0.8,2.2,222.480565491,2.64583333333,6703842f3ab77102
665,13000194,50,0,121.450529489,175,39,1.8100218825,197.122377507,304.22712142,39,39,0.8,0.6,0.7,1,3.0422712142,290.831101398,1,4.9,398.869495487,2.55154761905,af8092d480261a4e
665,13000194,50,1,485.320836908,325,23,2.89683957428,314.001752634,252.492732158,23,23,0.4,0.5,0.2,1,2.52492732158,290.831101398,1,4.9,398.869495487,2.55154761905,af8092d480261a4e
665,13000194,50,2,223.798931987,75,33,2.06563023442,253.359565988,322.803506727,33,33,0.7,0.3,0.5,1,3.22803506727,290.831101398,1,4.9,398.869495487,2.55154761905,af8092d480261a4e
665,13000194,50,3,350.248964235,425,29,1.94240165826,266.107044188,229.67031532,29,29,0.8,0.9,0.9,1,2.2967031532,290.831101398,1,4.9,398.869495487,2.55154761905,af8092d480261a4e
666,13000195,50,0,58.2311428785,175,30,1.96379771323,269.343729703,203.883506573,30,30,0.5,0.7,0.6,1,2.03883506573,285.617334376,0.9,4.4,384.444826523,2.43950617284,4be09ecd69f44393
666,13000195,50,1,429.566600935,325,30,1.98618720687,224.582982508,323.054347026,30,30,0.6,0.3,0.2,1,3.23054347026,285.617334376,0.9,4.4,384.444826523,2.43950617284,4be09ecd69f44393
666,13000195,50,2,447.161516552,75,22,2.43844913392,282.961932987,355.248608388,22,22,0.5,0.3,0.4,1,3.55248608388,285.617334376,0.9,4.4,384.444826523,2.43950617284,4be09ecd69f44393
666,13000195,50,3,159.037543875,425,31,1.94026179601,274.673403326,263.141930129,31,31,0.5,0.6,0.5,1,2.63141930129,285.617334376,0.9,4.4,384.444826523,2.43950617284,4be09ecd69f44393
667,13000196,50,0,188.090014227,75,27,2.18174432094,299.76625456,230.253357014,27,27,0.3,0.6,0.3,1,2.30253357014,307.529348199,0.8,3.6,336.78165802,2.98898809524,c0ab9a5c4c0fbf3a
667,13000196,50,1,441.186734237,325,31,2.81561627889,196.389139367,207.018315438,31,31,0.8,0.8,0.6,1,2.07018315438,307.529348199,0.8,3.6,336.78165802,2.98898809524,c0ab9a5c4c0fbf3a
667,13000196,50,2,385.513448418,425,30,1.95232577772,180.60559081,235.079045091,30,30,0.7,0.7,0.5,1,2.35079045091,307.529348199,0.8,3.6,336.78165802,2.98898809524,c0ab9a5c4c0fbf3a
667,13000196,50,3,3.37450020104,175,20,1.70653379274,367.497294529,312.08394554,20,20,0.2,0.5,0.2,1,3.1208394554,307.529348199,0.8,3.6,336.78165802,2.98898809524,c0ab9a5c4c0fbf3a
668,13000197,50,0,484.499810916,425,26,2.71338918827,345.652866001,297.577691358,26,26,0.3,0.5,0.2,1,2.97577691358,251.335157026,0.9,3.8,334.800681017,2.9037037037,e50cf5a73b71e9a6
668,13000197,50,1,76.1227306507,325,31,1.7519651218,224.996951879,267.128339888,31,31,0.8,0.6,0.8,1,2.67128339888,251.335157026,0.9,3.8,334.800681017,2.9037037037,e50cf5a73b71e9a6
668,13000197,50,2,221.892074491,175,44,2.26878424573,205.955269029,170.639923705,44,44,0.8,1,0.9,1,1.70639923705,251.335157026,0.9,3.8,334.800681017,2.9037037037,e50cf5a73b71e9a6
668,13000197,50,3,338.483810467,75,30,2.00798646695,278.937720734,212.082639648,30,30,0.6,0.6,0.4,1,2.12082639648,251.335157026,0.9,3.8,334.800681017,2.9037037037,e50cf5a73b71e9a6
669,13000198,50,0,353.074880373,425,28,2.72512837506,219.729937337,313.46436068,28,28,0.9,0.4,0.1,1,3.1346436068,329.50612513,0.2,0.9,353.351779244,3.46428571429,dcd06d776a41657
669,13000198,50,1,133.087387322,325,34,2.56537299654,222.386605605,254.335859867,34,34,0.7,0.7,0.1,1,2.54335859867,329.50612513,0.2,0.9,353.351779244,3.46428571429,dcd06d776a41657
669,13000198,50,2,107.468339607,175,33,2.46078416957,277.450592359,224.900614901,33,33,0.6,0.7,0.1,1,2.24900614901,329.50612513,0.2,0.9,353.351779244,3.46428571429,dcd06d776a41657
669,13000198,50,3,225.995589178,75,34,1.50144583984,280.609346982,239.288882095,34,34,0.5,0.7,0.1,1,2.39288882095,329.50612513,0.2,0.9,353.351779244,3.46428571429,dcd06d776a41657
670,13000199,50,0,366.192882517,75,23,2.22377566767,225.045917935,313.803169953,23,23,0.6,0.3,0.3,1,3.13803169953,277.870478709,0.8,3.5,353.478671975,3.10863095238,fc9a25d2189a98a0
670,13000199,50,1,248.266362107,175,43,1.81872415899,186.148717779,221.693267133,43,43,1,0.9,0.8,1,2.21693267133,277.870478709,0.8,3.5,353.478671975,3.10863095238,fc9a25d2189a98a0
670,13000199,50,2,14.8414539658,325,25,1.54412449397,332.652596534,225.888572303,25,25,0.4,0.5,0.3,1,2.25888572303,277.870478709,0.8,3.5,353.478671975,3.10863095238,fc9a25d2189a98a0
670,13000199,50,3,321.272487072,425,35,2.08657588148,245.404311845,276.760820165,35,35,0.6,0.5,0.7,1,2.76760820165,277.870478709,0.8,3.5,353.478671975,3.10863095238,fc9a25d2189a98a0
671,13000200,50,0,38.3017935647,425,31,1.95756845861,245.708625088,300.260149822,31,31,0.6,0.5,0.2,1,3.00260149822,294.589231128,0.3,0.6,143.810860141,2.16666666667,afb77adbeb5da016
671,13000200,50,1,395.278161439,175,35,2.47272733113,295.173084946,243.156332586,35,35,0.6,0.6,0.3,1,2.43156332586,294.589231128,0.3,0.6,143.810860141,2.16666666667,afb77adbeb5da016
671,13000200,50,2,35.1640788412,325,34,2.04487661925,206.72613148,277.413529694,34,34,0.8,0.6,0.3,1,2.77413529694,294.589231128,0.3,0.6,143.810860141,2.16666666667,afb77adbeb5da016
671,13000200,50,3,410.422246617,75,21,1.65793350043,345.090888549,307.760071311,21,21,0.3,0.5,0.3,1,3.07760071311,294.589231128,0.3,0.6,143.810860141,2.16666666667,afb77adbeb5da016
672,13000201,50,0,478.42973782,425,20,1.62954158432,324.60767152,252.363826731,20,20,0.5,0.7,0.2,1,2.52363826731,234.667538533,0.9,4.3,368.827618578,2.28796296296,7c212121f70f2da2
672,13000201,50,1,178.515892182,75,30,2.06840067576,299.031247765,277.623396046,30,30,0.4,0.6,0.5,1,2.77623396046,234.667538533,0.9,4.3,368.827618578,2.28796296296,7c212121f70f2da2
672,13000201,50,2,134.328818986,325,38,2.52844353962,191.673613109,236.431762498,38,38,0.8,0.7,0.6,1,2.36431762498,234.667538533,0.9,4.3,368.827618578,2.28796296296,7c212121f70f2da2
672,13000201,50,3,240.981713065,175,43,1.63898723912,235.473707138,203.977255231,43,43,0.8,0.8,0.8,1,2.03977255231,234.667538533,0.9,4.3,368.827618578,2.28796296296,7c212121f70f2da2
673,13000202,50,0,15.5001496604,325,26,1.7535893738,251.955540672,334.560128698,26,26,0.8,0.6,0.2,1,3.34560128698,362.828275219,0.3,1.2,314.894943157,4.63492063492,577da0bae0cf00ac
673,13000202,50,1,81.7954495258,425,27,2.33228868559,239.081113953,305.818016847,27,27,0.8,0.5,0.2,1,3.05818016847,362.828275219,0.3,1.2,314.894943157,4.63492063492,577da0bae0cf00ac
673,13000202,50,2,477.411386967,75,16,2.35724658141,410.490881636,310.333061256,16,16,0.2,0.3,0,1,3.10333061256,362.828275219,0.3,1.2,314.894943157,4.63492063492,577da0bae0cf00ac
673,13000202,50,3,340.414572782,175,37,2.55690921866,275.586220958,254.707906787,37,37,0.5,0.7,0.3,1,2.54707906787,362.828275219,0.3,1.2,314.894943157,4.63492063492,577da0bae0cf00ac
674,13000203,50,0,277.036988812,75,38,2.23006729608,311.039614215,214.741695845,38,38,0.4,0.8,0.3,1,2.14741695845,285.178642432,0.6,2.1,282.775446144,2.81428571429,d2218c41b3d5dab3
674,13000203,50,1,408.679177308,425,24,1.83789429183,234.499318541,372.678248635,24,24,0.8,0.3,0.1,1,3.72678248635,285.178642432,0.6,2.1,282.775446144,2.81428571429,d2218c41b3d5dab3
674,13000203,50,2,78.4359380629,175,36,2.92899991991,300.100415538,193.425785145,36,36,0.3,0.8,0.5,1,1.93425785145,285.178642432,0.6,2.1,282.775446144,2.81428571429,d2218c41b3d5dab3
674,13000203,50,3,69.1493427697,325,32,2.24017812624,261.307962913,262.86831709,32,32,0.6,0.7,0.5,1,2.6286831709,285.178642432,0.6,2.1,282.775446144,2.81428571429,d2218c41b3d5dab3
675,13000204,50,0,428.86066774,425,24,2.16651914186,318.404152695,410.207037998,24,24,0.5,0.1,0,1,4.10207037998,242.2312489,0.4,1.4,260.701193884,3.225,1ae7e281b419860e
675,13000204,50,1,415.883513732,175,37,2.11486531622,203.987239105,324.722285784,37,37,0.7,0.2,0.3,1,3.24722285784,242.2312489,0.4,1.4,260.701193884,3.225,1ae7e281b419860e
675,13000204,50,2,45.7174315161,75,21,2.23640596025,269.396172342,213.45090518,21,21,0.5,0.6,0.3,1,2.1345090518,242.2312489,0.4,1.4,260.701193884,3.225,1ae7e281b419860e
675,13000204,50,3,115.371856251,325,35,2.61877613386,214.815628706,207.643394985,35,35,0.8,0.8,0.4,1,2.07643394985,242.2312489,0.4,1.4,260.701193884,3.225,1ae7e281b419860e
676,13000205,50,0,85.0336576016,175,33,2.7823453456,233.282545885,215.356268609,33,33,0.7,0.6,0.9,1,2.15356268609,181.312629606,1,3.3,233.700197433,2.53642857143,effa0538df418094
676,13000205,50,1,120.87169729,425,30,2.79337486477,223.786395273,223.745192282,30,30,0.6,0.6,0.8,1,2.23745192282,181.312629606,1,3.3,233.700197433,2.53642857143,effa0538df418094
676,13000205,50,2,310.318381832,75,27,2.15244475648,265.665448155,256.212791351,27,27,0.5,0.7,0.6,1,2.56212791351,181.312629606,1,3.3,233.700197433,2.53642857143,effa0538df418094
676,13000205,50,3,335.136424914,325,39,1.66189582796,198.38006152,196.43229517,39,39,0.8,0.9,0.9,1,1.9643229517,181.312629606,1,3.3,233.700197433,2.53642857143,effa0538df418094
677,13000206,50,0,212.739630619,425,35,2.2234651677,296.158670896,193.589820679,35,35,0.4,0.8,0.8,1,1.93589820679,264.200008944,0.8,3,301.371564568,3.90833333333,a7e0ce9e55b930f5
677,13000206,50,1,260.982850155,325,42,1.92087081042,235.274437868,153.508208004,42,42,0.9,1,0.8,1,1.53508208004,264.200008944,0.8,3,301.371564568,3.90833333333,a7e0ce9e55b930f5
677,13000206,50,2,337.824348498,75,29,2.44992226093,236.207911743,256.755506825,29,29,0.6,0.6,0.5,1,2.56755506825,264.200008944,0.8,3,301.371564568,3.90833333333,a7e0ce9e55b930f5
677,13000206,50,3,369.402721254,175,40,2.84560657716,191.157094664,196.774282067,40,40,0.8,0.7,0.8,1,1.96774282067,264.200008944,0.8,3,301.371564568,3.90833333333,a7e0ce9e55b930f5
678,13000207,50,0,38.3123548139,75,21,2.90523405833,347.049111763,311.620596564,21,21,0.3,0.4,0.1,1,3.11620596564,281.863081737,0.7,3.8,427.796990053,1.86972789116,a2c584218357d27
678,13000207,50,1,36.3770977964,425,21,2.90187014563,291.398637531,223.144984243,21,21,0.4,0.6,0.3,1,2.23144984243,281.863081737,0.7,3.8,427.796990053,1.86972789116,a2c584218357d27
678,13000207,50,2,449.263893526,325,19,2.79294544703,253.011182706,331.913934464,19,19,0.5,0.3,0.2,1,3.31913934464,281.863081737,0.7,3.8,427.796990053,1.86972789116,a2c584218357d27
678,13000207,50,3,432.788997966,175,28,2.13143918921,277.518854654,335.424099381,28,28,0.7,0.4,0.2,1,3.35424099381,281.863081737,0.7,3.8,427.796990053,1.86972789116,a2c584218357d27
679,13000208,50,0,487.781879366,425,19,1.73558763116,321.398107447,336.9553914,19,19,0.3,0.3,0.2,1,3.369553914,236.914419008,1,5.2,408.936579978,2.26111111111,444c2788bf78696a
679,13000208,50,1,113.070708443,325,29,2.28347364937,200.251283426,337.846559386,29,29,0.8,0.3,0.3,1,3.37846559386,236.914419008,1,5.2,408.936579978,2.26111111111,444c2788bf78696a
679,13000208,50,2,383.570027692,175,36,2.51910444491,219.522720612,175.415608339,36,36,0.8,0.8,0.9,1,1.75415608339,236.914419008,1,5.2,408.936579978,2.26111111111,444c2788bf78696a
679,13000208,50,3,122.820102876,75,25,2.80328230131,269.126486366,320.156715487,25,25,0.6,0.4,0.7,1,3.20156715487,236.914419008,1,5.2,408.936579978,2.26111111111,444c2788bf78696a
680,13000209,50,0,165.208780498,425,24,1.63292409917,323.509004451,268.048381769,24,24,0.4,0.3,0.5,1,2.68048381769,306.027285159,0.8,4.3,430.631003768,2.49112103175,8b080529fe1939fa
680,13000209,50,1,189.733168284,175,42,1.50590320746,205.709236645,252.009813017,42,42,0.8,0.8,0.7,1,2.52009813017,306.027285159,0.8,4.3,430.631003768,2.49112103175,8b080529fe1939fa
680,13000209,50,2,425.954465592,325,27,2.90937590503,333.482432687,214.412460355,27,27,0.5,0.6,0.1,1,2.14412460355,306.027285159,0.8,4.3,430.631003768,2.49112103175,8b080529fe1939fa
680,13000209,50,3,104.450253188,75,30,2.14704813513,217.304091105,333.312536112,30,30,0.7,0.4,0.4,1,3.33312536112,306.027285159,0.8,4.3,430.631003768,2.49112103175,8b080529fe1939fa
681,13000210,50,0,170.501651568,175,42,2.58787762456,206.387869433,175.072830196,42,42,0.7,0.9,0.8,1,1.75072830196,278.049056991,1,4.4,354.80212061,3.6369047619,58549ad3487af21
681,13000210,50,1,148.374221696,425,33,2.49927705842,282.747240621,187.75502887,33,33,0.6,0.9,0.9,1,1.8775502887,278.049056991,1,4.4,354.80212061,3.6369047619,58549ad3487af21
681,13000210,50,2,338.819180265,325,42,2.63971400506,236.150953825,234.982285324,42,42,0.8,0.9,0.9,1,2.34982285324,278.049056991,1,4.4,354.80212061,3.6369047619,58549ad3487af21
681,13000210,50,3,469.918673813,75,23,2.00345364422,328.251152853,410.223343798,23,23,0.4,0.2,0.2,1,4.10223343798,278.049056991,1,4.4,354.80212061,3.6369047619,58549ad3487af21
682,13000211,50,0,166.917881353,75,34,2.62633970541,267.160979513,267.27575522,34,34,0.6,0.5,0.1,1,2.6727575522,310.96071302,0.7,4.4,512.306656943,2.18129251701,207ddc9dc3d9d4a6
682,13000211,50,1,315.178314906,175,38,1.54609614876,208.457615277,221.786088684,38,38,0.8,0.7,0.1,1,2.21786088684,310.96071302,0.7,4.4,512.306656943,2.18129251701,207ddc9dc3d9d4a6
682,13000211,50,2,217.77167898,325,45,1.68398088902,167.281524555,194.339593807,45,45,1,0.9,0.7,1,1.94339593807,310.96071302,0.7,4.4,512.306656943,2.18129251701,207ddc9dc3d9d4a6
682,13000211,50,3,305.427903004,425,30,1.51181186229,195.473715256,238.63808785,30,30,0.8,0.7,0.4,1,2.3863808785,310.96071302,0.7,4.4,512.306656943,2.18129251701,207ddc9dc3d9d4a6
683,13000212,50,0,497.367339125,75,15,2.04991959818,308.518031724,286.111498546,15,15,0.3,0.7,0.2,1,2.86111498546,230.315431767,1,4.1,299.924895638,2.28023809524,9990c393cd610774
683,13000212,50,1,35.2960145114,175,32,2.345216176,241.992867076,258.03440022,32,32,0.6,0.7,0.5,1,2.5803440022,230.315431767,1,4.1,299.924895638,2.28023809524,9990c393cd610774
683,13000212,50,2,356.933486024,325,37,2.06398025814,235.355194425,216.734160506,37,37,0.7,0.7,1,1,2.16734160506,230.315431767,1,4.1,299.924895638,2.28023809524,9990c393cd610774
683,13000212,50,3,57.8926155715,425,26,1.77401201075,333.850868317,345.816447237,26,26,0.3,0.3,0.3,1,3.45816447237,230.315431767,1,4.1,299.924895638,2.28023809524,9990c393cd610774
684,13000213,50,0,114.140114827,425,24,2.57920946109,300.782063724,359.115103615,24,24,0.4,0.2,0.4,1,3.59115103615,251.268505213,0.9,3.3,299.546040801,3.89788359788,ecff41f687d4b024
684,13000213,50,1,78.498204065,175,36,2.09650484929,262.024164249,278.753538959,36,36,0.6,0.5,0.8,1,2.78753538959,251.268505213,0.9,3.3,299.546040801,3.89788359788,ecff41f687d4b024
684,13000213,50,2,492.489230889,75,23,2.16343232905,290.630445718,200.082060744,23,23,0.6,0.9,0.5,1,2.00082060744,251.268505213,0.9,3.3,299.546040801,3.89788359788,ecff41f687d4b024
684,13000213,50,3,423.273613151,325,31,1.51430320894,248.769030554,195.09554753,31,31,0.6,0.8,0.6,1,1.9509554753,251.268505213,0.9,3.3,299.546040801,3.89788359788,ecff41f687d4b024
685,13000214,50,0,424.38185887,75,18,2.93625347955,256.48910528,317.920723912,18,18,0.4,0.4,0.3,1,3.17920723912,227.7660157,1,3.5,271.394380268,3.12916666667,6346bf52109fc00f
685,13000214,50,1,252.680052183,425,36,1.96321268785,212.004990052,182.091790189,36,36,0.8,0.8,0.8,1,1.82091790189,227.7660157,1,3.5,271.394380268,3.12916666667,6346bf52109fc00f
685,13000214,50,2,3.32023953696,175,30,1.88034170126,288.441175951,325.915179639,30,30,0.6,0.2,0.5,1,3.25915179639,227.7660157,1,3.5,271.394380268,3.12916666667,6346bf52109fc00f
685,13000214,50,3,378.665936549,325,34,2.69437514758,213.170638687,193.025853064,34,34,1,0.8,1,1,1.93025853064,227.7660157,1,3.5,271.394380268,3.12916666667,6346bf52109fc00f
686,13000215,50,0,4.37707020685,175,24,2.55482256528,340.11330319,291.774665698,24,24,0.4,0.5,0.2,1,2.91774665698,272.104373025,0.6,2.8,357.216317869,2.80277777778,a061018b749524b6
686,13000215,50,1,22.3755947505,325,34,2.9873095329,328.384587332,264.792238326,34,34,0.4,0.7,0.3,1,2.64792238326,272.104373025,0.6,2.8,357.216317869,2.80277777778,a061018b749524b6
686,13000215,50,2,272.085013033,75,30,2.10816278712,216.118119713,264.414549809,30,30,0.8,0.5,0.1,1,2.64414549809,272.104373025,0.6,2.8,357.216317869,2.80277777778,a061018b749524b6
686,13000215,50,3,250.36007448,425,39,1.78761142162,241.408290034,204.8563162,39,39,0.7,0.9,0.5,1,2.048563162,272.104373025,0.6,2.8,357.216317869,2.80277777778,a061018b749524b6
687,13000216,50,0,82.4828514157,425,19,2.56259543361,367.966036919,253.203389055,19,19,0.3,0.5,0.1,1,2.53203389055,316.432007589,0.3,0.9,250.534655269,4.05555555556,1fd2d2f6eef93faa
687,13000216,50,1,313.629173707,175,41,2.59978686212,160.195255996,253.541895146,41,41,0.9,0.6,0.3,1,2.53541895146,316.432007589,0.3,0.9,250.534655269,4.05555555556,1fd2d2f6eef93faa
687,13000216,50,2,40.8823599553,325,22,2.58306357355,339.619000155,252.360583402,22,22,0.3,0.7,0.2,1,2.52360583402,316.432007589,0.3,0.9,250.534655269,4.05555555556,1fd2d2f6eef93faa
687,13000216,50,3,454.419563439,75,27,2.72491885602,207.491268661,361.793166006,27,27,0.6,0.4,0.2,1,3.61793166006,316.432007589,0.3,0.9,250.534655269,4.05555555556,1fd2d2f6eef93faa
688,13000217,50,0,45.5401717862,325,27,2.36436557021,268.314650451,311.984474212,27,27,0.6,0.5,0.1,1,3.11984474212,303.319349339,0.3,1.1,267.053432985,2.93333333333,8604598940ea8ef
688,13000217,50,1,443.997819813,75,21,2.92275071505,341.554019025,261.303058623,21,21,0.2,0.8,0.2,1,2.61303058623,303.319349339,0.3,1.1,267.053432985,2.93333333333,8604598940ea8ef
688,13000217,50,2,170.002883129,425,27,2.4576656727,264.453876007,282.99120799,27,27,0.5,0.5,0.1,1,2.8299120799,303.319349339,0.3,1.1,267.053432985,2.93333333333,8604598940ea8ef
688,13000217,50,3,323.582476381,175,35,2.34578807553,234.673552891,181.807886593,35,35,0.7,0.8,0.2,1,1.81807886593,303.319349339,0.3,1.1,267.053432985,2.93333333333,8604598940ea8ef
689,13000218,50,0,59.1874827364,425,22,2.74237903528,367.75866038,454.345762228,22,22,0.1,0.1,0.1,1,4.54345762228,298.612877692,0.9,4.1,364.440287948,2.00564373898,5873e7c466500c4d
689,13000218,50,1,439.498824911,325,30,2.61986910491,357.300860548,242.007017814,30,30,0.5,0.9,0.4,1,2.42007017814,298.612877692,0.9,4.1,364.440287948,2.00564373898,5873e7c466500c4d
689,13000218,50,2,126.481682257,175,36,1.70382003256,197.622080661,301.844558094,36,36,0.9,0.5,0.9,1,3.01844558094,298.612877692,0.9,4.1,364.440287948,2.00564373898,5873e7c466500c4d
689,13000218,50,3,276.352615951,75,36,2.25299089105,184.759602405,199.707479846,36,36,0.9,0.8,0.8,1,1.99707479846,298.612877692,0.9,4.1,364.440287948,2.00564373898,5873e7c466500c4d
690,13000219,50,0,134.713171533,175,43,1.55580249625,171.859425008,204.275907266,43,43,0.8,0.9,0.9,1,2.04275907266,281.479847358,0.9,3.7,327.176280088,3.11111111111,95b4bf626859a3a4
690,13000219,50,1,446.382853194,75,19,2.52005495585,298.760366791,310.606683935,19,19,0.4,0.5,0.4,1,3.10606683935,281.479847358,0.9,3.7,327.176280088,3.11111111111,95b4bf626859a3a4
690,13000219,50,2,285.247341168,425,37,2.13129356536,258.135633015,230.435468214,37,37,0.6,0.9,0.9,1,2.30435468214,281.479847358,0.9,3.7,327.176280088,3.11111111111,95b4bf626859a3a4
690,13000219,50,3,97.9248319254,325,40,1.91519898494,213.858234105,207.007257135,40,40,0.8,0.7,0.5,1,2.07007257135,281.479847358,0.9,3.7,327.176280088,3.11111111111,95b4bf626859a3a4
691,13000220,50,0,193.617044863,425,25,2.00378555305,305.848805983,243.594670664,25,25,0.5,0.7,0.3,1,2.43594670664,287.360167551,1,6.6,503.982783757,2.98939393939,995ba6cde56c3c59
691,13000220,50,1,401.297832143,75,21,2.62340446966,248.28423521,346.84639931,21,21,0.6,0.1,0,1,3.4684639931,287.360167551,1,6.6,503.982783757,2.98939393939,995ba6cde56c3c59
691,13000220,50,2,88.1715857253,175,34,2.2743197934,209.654089797,221.426865337,34,34,0.8,0.8,0.6,1,2.21426865337,287.360167551,1,6.6,503.982783757,2.98939393939,995ba6cde56c3c59
691,13000220,50,3,351.240573715,325,34,2.48295476841,237.661839482,258.724557012,34,34,0.6,0.6,0.1,1,2.58724557012,287.360167551,1,6.6,503.982783757,2.98939393939,995ba6cde56c3c59
692,13000221,50,0,469.588064173,175,29,2.54452707287,241.427800563,239.259838646,29,29,0.5,0.6,0.4,1,2.39259838646,274.165206694,0.7,3.1,318.352793215,2.10289115646,9abbbf1b9a2cf5c7
692,13000221,50,1,143.305026457,325,35,1.71137359722,253.041944158,241.438188541,35,35,0.5,0.7,0.3,1,2.41438188541,274.165206694,0.7,3.1,318.352793215,2.10289115646,9abbbf1b9a2cf5c7
692,13000221,50,2,406.584132391,75,27,2.83199242185,242.436535737,220.729183453,27,27,0.7,0.8,0.6,1,2.20729183453,274.165206694,0.7,3.1,318.352793215,2.10289115646,9abbbf1b9a2cf5c7
692,13000221,50,3,101.289782357,425,27,1.93919831084,331.412769821,324.53279203,27,27,0.3,0.4,0.1,1,3.2453279203,274.165206694,0.7,3.1,318.352793215,2.10289115646,9abbbf1b9a2cf5c7
693,13000222,50,0,403.866849752,75,23,1.78472456902,330.120369942,354.154123573,23,23,0.3,0.2,0.1,1,3.54154123573,273.884887499,1,5.2,388.26901164,2.24880952381,9226ccdd6ef2891e
693,13000222,50,1,83.828691354,175,37,2.1164501575,214.570859925,256.505141591,37,37,0.7,0.8,0.7,1,2.56505141591,273.884887499,1,5.2,388.26901164,2.24880952381,9226ccdd6ef2891e
693,13000222,50,2,7.20313809613,325,30,2.35255493869,251.510242793,245.807558096,30,30,0.6,0.7,0.6,1,2.45807558096,273.884887499,1,5.2,388.26901164,2.24880952381,9226ccdd6ef2891e
693,13000222,50,3,424.856457448,425,22,2.86447561742,328.206806251,274.302131062,22,22,0.3,0.7,0.1,1,2.74302131062,273.884887499,1,5.2,388.26901164,2.24880952381,9226ccdd6ef2891e
694,13000223,50,0,4.78020610584,425,13,2.54572426709,331.724351436,345.23533504,13,13,0.2,0.2,0.2,1,3.4523533504,268.539441937,1,4.8,378.271604436,2.61587301587,a01d280aba940b43
694,13000223,50,1,433.882542682,325,30,1.73224749385,243.408120395,229.990015588,30,30,0.7,0.7,0.6,1,2.29990015588,268.539441937,1,4.8,378.271604436,2.61587301587,a01d280aba940b43
694,13000223,50,2,168.559520649,75,33,1.86417008865,260.64254626,269.068915151,33,33,0.6,0.4,0.7,1,2.69068915151,268.539441937,1,4.8,378.271604436,2.61587301587,a01d280aba940b43
694,13000223,50,3,284.95791969,175,43,2.09546880368,189.077025813,183.75182475,43,43,0.8,0.8,0.9,1,1.8375182475,268.539441937,1,4.8,378.271604436,2.61587301587,a01d280aba940b43
695,13000224,50,0,171.373265736,425,24,2.63126253865,326.345011432,314.235434403,24,24,0.3,0.4,0,1,3.14235434403,317.588469149,0.6,3.8,485.868270434,3.34829059829,1743548bca1fff84
695,13000224,50,1,107.554421218,75,23,1.89688996372,251.743887217,318.987186112,23,23,0.7,0.4,0.3,1,3.18987186112,317.588469149,0.6,3.8,485.868270434,3.34829059829,1743548bca1fff84
695,13000224,50,2,347.20436701,175,36,2.53877513227,185.49899134,204.528653591,36,36,1,0.8,0.6,1,2.04528653591,317.588469149,0.6,3.8,485.868270434,3.34829059829,1743548bca1fff84
695,13000224,50,3,266.198723199,325,41,1.90927080088,233.766588005,252.898660094,41,41,0.7,0.7,0.3,1,2.52898660094,317.588469149,0.6,3.8,485.868270434,3.34829059829,1743548bca1fff84
696,13000225,50,0,184.042965844,75,30,1.6951081649,242.521628719,186.053581989,30,30,0.7,1,0.5,1,1.86053581989,232.136843139,0.5,1.1,170.70085064,2.23333333333,44c7fc3061f9c7a1
696,13000225,50,1,495.647799422,425,15,2.94937787617,338.719647338,388.386087025,15,15,0.3,0.1,0,1,3.88386087025,232.136843139,0.5,1.1,170.70085064,2.23333333333,44c7fc3061f9c7a1
696,13000225,50,2,121.567429912,325,37,2.80586629325,269.764870002,170.054005619,37,37,0.4,0.9,0.5,1,1.70054005619,232.136843139,0.5,1.1,170.70085064,2.23333333333,44c7fc3061f9c7a1
696,13000225,50,3,291.128851774,175,40,2.40795505885,202.992086789,164.8600179,40,40,0.9,1,0.5,1,1.648600179,232.136843139,0.5,1.1,170.70085064,2.23333333333,44c7fc3061f9c7a1
697,13000226,50,0,450.746036458,175,29,2.9313666516,177.64288351,345.463704198,29,29,0.8,0.3,0.3,1,3.45463704198,365.990485439,0.7,3.9,443.121290182,2.76734693878,f17e060a175099a8
697,13000226,50,1,204.632574588,425,31,2.33687925906,322.660201903,187.896439787,31,31,0.3,0.9,0.2,1,1.87896439787,365.990485439,0.7,3.9,443.121290182,2.76734693878,f17e060a175099a8
697,13000226,50,2,284.816949043,325,43,2.06785062506,232.479022075,199.146319288,43,43,0.8,0.9,0.7,1,1.99146319288,365.990485439,0.7,3.9,443.121290182,2.76734693878,f17e060a175099a8
697,13000226,50,3,229.081127959,75,35,1.89583161281,196.885947523,318.640768153,35,35,0.9,0.4,0.6,1,3.18640768153,365.990485439,0.7,3.9,443.121290182,2.76734693878,f17e060a175099a8
698,13000227,50,0,385.014997717,425,22,2.59550884331,293.894431455,307.631859227,22,22,0.5,0.4,0.4,1,3.07631859227,259.298748148,0.8,3.1,279.322009995,2.16319444444,b5dbb860ced08f2f
698,13000227,50,1,487.663810585,75,19,1.72061656746,310.059308712,297.060289163,19,19,0.5,0.4,0.4,1,2.97060289163,259.298748148,0.8,3.1,279.322009995,2.16319444444,b5dbb860ced08f2f
698,13000227,50,2,144.840639683,175,31,2.55745062323,250.524267085,251.745267274,31,31,0.5,0.6,0.4,1,2.51745267274,259.298748148,0.8,3.1,279.322009995,2.16319444444,b5dbb860ced08f2f
698,13000227,50,3,96.8681640939,325,29,2.93765029167,293.234588835,309.354815694,29,29,0.5,0.4,0.3,1,3.09354815694,259.298748148,0.8,3.1,279.322009995,2.16319444444,b5dbb860ced08f2f
699,13000228,50,0,251.70186518,75,38,1.81152109477,189.371470201,169.467013183,38,38,0.9,0.9,0.9,1,1.69467013183,170.247126185,1,2.5,179.431431496,2.63333333333,eff855168bfa21eb
699,13000228,50,1,117.448218905,175,37,1.50410914616,230.762895057,199.111059999,37,37,0.8,0.9,1,1,1.99111059999,170.247126185,1,2.5,179.431431496,2.63333333333,eff855168bfa21eb
699,13000228,50,2,91.4155835804,425,25,1.69173181433,345.157763816,303.121685169,25,25,0.3,0.6,0.3,1,3.03121685169,170.247126185,1,2.5,179.431431496,2.63333333333,eff855168bfa21eb
699,13000228,50,3,358.993746114,325,38,2.14852812061,186.417881826,202.618766126,38,38,0.9,0.7,0.9,1,2.02618766126,170.247126185,1,2.5,179.431431496,2.63333333333,eff855168bfa21eb
700,13000229,50,0,110.790603259,175,29,1.67246148448,271.740119956,258.629599994,29,29,0.5,0.7,0.7,1,2.58629599994,274.713599802,0.8,2.7,290.171150386,2.83958333333,428340e7276b77a9
700,13000229,50,1,80.0285093974,75,15,2.35528314051,302.664341601,327.347557697,15,15,0.3,0.2,0.4,1,3.27347557697,274.713599802,0.8,2.7,290.171150386,2.83958333333,428340e7276b77a9
700,13000229,50,2,291.016903813,425,37,1.89306548215,282.953032955,208.305745221,37,37,0.6,0.8,0.5,1,2.08305745221,274.713599802,0.8,2.7,290.171150386,2.83958333333,428340e7276b77a9
700,13000229,50,3,473.529363582,325,31,2.23785403383,269.7204981,215.914690266,31,31,0.5,0.7,0.6,1,2.15914690266,274.713599802,0.8,2.7,290.171150386,2.83958333333,428340e7276b77a9
701,13000230,50,0,362.153536356,75,28,2.24674797509,318.616760329,286.905671155,28,28,0.5,0.6,0.2,1,2.86905671155,291.373873323,1,4.1,328.359281497,2.525,d916c41e831c440f
701,13000230,50,1,254.906660943,175,43,1.57798311122,222.722038166,192.617686703,43,43,0.8,0.7,0.8,1,1.92617686703,291.373873323,1,4.1,328.359281497,2.525,d916c41e831c440f
701,13000230,50,2,362.868812032,425,31,2.713745292,235.902107656,262.783990192,31,31,0.7,0.7,1,1,2.62783990192,291.373873323,1,4.1,328.359281497,2.525,d916c41e831c440f
701,13000230,50,3,146.693151717,325,40,1.89349104642,176.775075972,188.306545779,40,40,0.9,0.9,1,1,1.88306545779,291.373873323,1,4.1,328.359281497,2.525,d916c41e831c440f
702,13000231,50,0,448.893940227,75,29,1.52777360528,278.715671772,288.301415324,29,29,0.6,0.6,0.6,1,2.88301415324,208.33334698,1,3.7,264.720231351,2.72428571429,151ea80419e1a518
702,13000231,50,1,437.779433758,425,21,2.95752292919,322.337361847,286.864651331,21,21,0.4,0.4,0.3,1,2.86864651331,208.33334698,1,3.7,264.720231351,2.72428571429,151ea80419e1a518
702,13000231,50,2,22.5963904113,175,26,2.9338580998,276.051275682,320.605413001,26,26,0.5,0.5,0.5,1,3.20605413001,208.33334698,1,3.7,264.720231351,2.72428571429,151ea80419e1a518
702,13000231,50,3,35.8957825875,325,18,2.86833895061,278.911482901,330.273635872,18,18,0.5,0.3,0.3,1,3.30273635872,208.33334698,1,3.7,264.720231351,2.72428571429,151ea80419e1a518
703,13000232,50,0,9.86371956589,175,26,2.95527868311,277.450934029,342.11055667,26,26,0.4,0.2,0.1,1,3.4211055667,270.344311804,1,4.3,346.303473973,2.68333333333,8fdd2cab64d15b37
703,13000232,50,1,483.540547541,75,15,2.66947683048,330.519745495,288.549651895,15,15,0.3,0.4,0.2,1,2.88549651895,270.344311804,1,4.3,346.303473973,2.68333333333,8fdd2cab64d15b37
703,13000232,50,2,224.494729135,325,47,2.12910927707,196.390305233,206.251784466,47,47,0.9,0.9,1,1,2.06251784466,270.344311804,1,4.3,346.303473973,2.68333333333,8fdd2cab64d15b37
703,13000232,50,3,417.452032425,425,23,2.7414919093,287.387507921,246.695248243,23,23,0.5,0.6,0.6,1,2.46695248243,270.344311804,1,4.3,346.303473973,2.68333333333,8fdd2cab64d15b37
704,13000233,50,0,156.171641524,325,36,2.03933759056,179.277521151,208.578689677,36,36,0.7,0.7,0.9,1,2.08578689677,208.525652481,0.9,3.9,322.742417936,2.85537918871,a5bda59bcff93352
704,13000233,50,1,279.013222904,175,47,2.22446129176,187.341113465,187.938386791,47,47,1,1,0.9,1,1.87938386791,208.525652481,0.9,3.9,322.742417936,2.85537918871,a5bda59bcff93352
704,13000233,50,2,447.121494161,75,27,2.82187158444,285.448477758,266.794826164,27,27,0.4,0.5,0.3,1,2.66794826164,208.525652481,0.9,3.9,322.742417936,2.85537918871,a5bda59bcff93352
704,13000233,50,3,43.6646732991,425,17,1.91030181999,291.852410409,330.070954977,17,17,0.6,0.4,0.3,1,3.30070954977,208.525652481,0.9,3.9,322.742417936,2.85537918871,a5bda59bcff93352
705,13000234,50,0,183.36066195,75,33,1.55394097659,174.30801847,225.253926742,33,33,0.8,0.7,0.8,1,2.25253926742,245.332764056,1,4.2,335.613946304,2.65,cb037b549a061337
705,13000234,50,1,327.05907367,325,36,2.49935763255,234.256535456,239.90234012,36,36,0.7,0.8,0.6,1,2.3990234012,245.332764056,1,4.2,335.613946304,2.65,cb037b549a061337
705,13000234,50,2,390.008141272,425,23,1.53018616255,335.111507906,320.032688112,23,23,0.2,0.5,0.4,1,3.20032688112,245.332764056,1,4.2,335.613946304,2.65,cb037b549a061337
705,13000234,50,3,232.080928912,175,43,1.66994384748,148.19768032,187.102160933,43,43,1,0.9,1,1,1.87102160933,245.332764056,1,4.2,335.613946304,2.65,cb037b549a061337
706,13000235,50,0,38.2266308042,75,22,2.82916246888,266.872726928,302.743133271,22,22,0.6,0.5,0.5,1,3.02743133271,256.469806244,0.7,2.1,222.913597149,2.5119047619,695864e86f6d3340
706,13000235,50,1,169.836789442,425,39,2.01309500514,270.461846691,213.438134089,39,39,0.7,0.8,0.5,1,2.13438134089,256.469806244,0.7,2.1,222.913597149,2.5119047619,695864e86f6d3340
706,13000235,50,2,313.516474915,175,38,2.53326712515,172.491407908,259.130042493,38,38,0.9,0.7,0.7,1,2.59130042493,256.469806244,0.7,2.1,222.913597149,2.5119047619,695864e86f6d3340
706,13000235,50,3,312.812227848,325,45,1.86445151433,197.499646747,226.443018649,45,45,0.8,0.8,0.7,1,2.26443018649,256.469806244,0.7,2.1,222.913597149,2.5119047619,695864e86f6d3340
707,13000236,50,0,176.628913323,75,32,2.71149292031,236.740634693,268.771427487,32,32,0.8,0.7,0.5,1,2.68771427487,283.831907118,1,5,391.283981735,2.63642857143,45659e910bee554b
707,13000236,50,1,328.686345481,175,37,2.4946831575,216.787759075,182.031577943,37,37,0.8,0.8,0.6,1,1.82031577943,283.831907118,1,5,391.283981735,2.63642857143,45659e910bee554b
707,13000236,50,2,295.233770168,325,43,2.24188335327,218.942181429,181.199799071,43,43,0.9,0.9,1,1,1.81199799071,283.831907118,1,5,391.283981735,2.63642857143,45659e910bee554b
707,13000236,50,3,145.603711024,425,28,2.97057101537,247.422542285,258.834051842,28,28,0.7,0.5,0.3,1,2.58834051842,283.831907118,1,5,391.283981735,2.63642857143,45659e910bee554b
708,13000237,50,0,17.5421263154,175,25,1.72698725542,241.542510597,234.1480575,25,25,0.7,0.9,0.5,1,2.341480575,220.263240826,0.6,1.9,248.274993506,2.14285714286,601b7ef42cccad9d
708,13000237,50,1,21.3720790849,325,25,2.53796748304,284.77654221,218.07959516,25,25,0.7,0.8,0.4,1,2.1807959516,220.263240826,0.6,1.9,248.274993506,2.14285714286,601b7ef42cccad9d
708,13000237,50,2,283.294458587,75,32,1.98609601543,192.563002281,267.881454385,32,32,0.9,0.6,0.3,1,2.67881454385,220.263240826,0.6,1.9,248.274993506,2.14285714286,601b7ef42cccad9d
708,13000237,50,3,466.149646534,425,21,2.29416892056,353.393828513,334.753840946,21,21,0.2,0.3,0.2,1,3.34753840946,220.263240826,0.6,1.9,248.274993506,2.14285714286,601b7ef42cccad9d
709,13000238,50,0,382.18474227,175,34,1.95724522434,258.213521835,222.519174853,34,34,0.7,0.8,0.7,1,2.22519174853,302.768359957,1,5.6,436.43582459,2.105,615561ef3dfef5ba
709,13000238,50,1,126.60549331,75,29,2.47398936425,289.780763588,208.887883371,29,29,0.4,0.7,0.3,1,2.08887883371,302.768359957,1,5.6,436.43582459,2.105,615561ef3dfef5ba
709,13000238,50,2,314.072092487,325,39,2.41092098175,203.859795784,250.851003388,39,39,0.9,0.6,0.9,1,2.50851003388,302.768359957,1,5.6,436.43582459,2.105,615561ef3dfef5ba
709,13000238,50,3,7.59902056038,425,19,2.89325136484,284.111569281,390.289337361,19,19,0.6,0.2,0.2,1,3.90289337361,302.768359957,1,5.6,436.43582459,2.105,615561ef3dfef5ba
710,13000239,50,0,79.1038740277,175,31,1.542743548,229.536718956,278.907667036,31,31,0.8,0.6,0.6,1,2.78907667036,293.78145652,0.9,4.2,348.184020681,2.42473544974,662d5b87558975e8
710,13000239,50,1,282.884579039,75,33,2.14033258495,251.19421012,188.729690402,33,33,0.6,0.7,0.5,1,1.88729690402,293.78145652,0.9,4.2,348.184020681,2.42473544974,662d5b87558975e8
710,13000239,50,2,369.712344019,325,37,1.7313383207,237.379516677,244.611426164,37,37,0.5,0.6,0.9,1,2.44611426164,293.78145652,0.9,4.2,348.184020681,2.42473544974,662d5b87558975e8
710,13000239,50,3,282.458053946,425,33,1.54741017761,254.005239491,297.425698342,33,33,0.7,0.4,0.5,1,2.97425698342,293.78145652,0.9,4.2,348.184020681,2.42473544974,662d5b87558975e8
711,13000240,50,0,174.136103136,325,45,1.9562911926,231.747399363,149.203195568,45,45,0.9,1,1,1,1.49203195568,307.52043635,1,4.8,375.491177814,2.76130952381,85fd29bf30d07048
711,13000240,50,1,60.9005788354,75,28,2.79275665294,310.384206332,310.765286011,28,28,0.4,0.6,0.3,1,3.10765286011,307.52043635,1,4.8,375.491177814,2.76130952381,85fd29bf30d07048
711,13000240,50,2,444.313232932,425,21,2.93265674307,302.235661243,287.275809234,21,21,0.4,0.3,0.2,1,2.87275809234,307.52043635,1,4.8,375.491177814,2.76130952381,85fd29bf30d07048
711,13000240,50,3,207.127096516,175,45,1.74804740726,232.296638439,207.567720112,45,45,0.8,0.8,1,1,2.07567720112,307.52043635,1,4.8,375.491177814,2.76130952381,85fd29bf30d07048
712,13000241,50,0,473.689151267,325,25,2.05379120195,290.272732323,351.487112317,25,25,0.6,0.3,0.1,1,3.51487112317,331.853599646,0.6,2.3,309.686751653,2.83333333333,815ad5d08416ae0
712,13000241,50,1,99.9043702831,425,27,2.83856293356,269.098758372,307.815256034,27,27,0.6,0.3,0.5,1,3.07815256034,331.853599646,0.6,2.3,309.686751653,2.83333333333,815ad5d08416ae0
712,13000241,50,2,113.120778283,75,30,2.87523010287,322.169636468,201.775478734,30,30,0.5,0.6,0.3,1,2.01775478734,331.853599646,0.6,2.3,309.686751653,2.83333333333,815ad5d08416ae0
712,13000241,50,3,260.739906328,175,46,2.07333367858,245.012646005,220.995139256,46,46,0.9,0.9,0.6,1,2.20995139256,331.853599646,0.6,2.3,309.686751653,2.83333333333,815ad5d08416ae0
713,13000242,50,0,428.22029087,325,31,1.70861647662,227.642313403,271.737419984,31,31,0.6,0.6,0.3,1,2.71737419984,280.050829848,0.6,2.5,302.854307499,1.78306878307,9606e5c5ac67b9e4
713,13000242,50,1,42.3894143,425,19,2.91665150779,327.664543452,331.921308812,19,19,0.5,0.3,0,1,3.31921308812,280.050829848,0.6,2.5,302.854307499,1.78306878307,9606e5c5ac67b9e4
713,13000242,50,2,368.400877072,175,38,2.10890481213,215.713381364,250.210532164,38,38,0.7,0.7,0.5,1,2.50210532164,280.050829848,0.6,2.5,302.854307499,1.78306878307,9606e5c5ac67b9e4
713,13000242,50,3,80.2137041231,75,27,2.08855356581,320.393696985,303.620833211,27,27,0.5,0.6,0.2,1,3.03620833211,280.050829848,0.6,2.5,302.854307499,1.78306878307,9606e5c5ac67b9e4
714,13000243,50,0,434.183148346,75,23,1.77834823767,333.428358905,284.424907363,23,23,0.4,0.6,0.4,1,2.84424907363,254.654208779,0.9,4.8,378.388794297,2.11717171717,e38afe0a70d26da7
714,13000243,50,1,419.469536628,425,20,2.33978370136,308.362632795,281.775801855,20,20,0.5,0.4,0.1,1,2.81775801855,254.654208779,0.9,4.8,378.388794297,2.11717171717,e38afe0a70d26da7
714,13000243,50,2,99.2625946623,175,31,2.96914825817,241.739109176,228.022148421,31,31,0.6,0.7,0.5,1,2.28022148421,254.654208779,0.9,4.8,378.388794297,2.11717171717,e38afe0a70d26da7
714,13000243,50,3,165.193923584,325,38,2.36960053075,188.263141739,232.95638481,38,38,0.9,0.7,0.9,1,2.3295638481,254.654208779,0.9,4.8,378.388794297,2.11717171717,e38afe0a70d26da7
715,13000244,50,0,249.781192469,325,45,1.99169264741,203.806233879,200.141179801,45,45,0.9,0.8,1,1,2.00141179801,215.793657009,1,3.9,295.436167936,1.92297619048,36bd6f34f99e6939
715,13000244,50,1,456.482809708,75,20,2.65462917547,377.885107941,326.996851097,20,20,0.4,0.3,0.2,1,3.26996851097,215.793657009,1,3.9,295.436167936,1.92297619048,36bd6f34f99e6939
715,13000244,50,2,346.865284394,425,30,2.42398738328,291.760725013,275.334805433,30,30,0.5,0.5,0.4,1,2.75334805433,215.793657009,1,3.9,295.436167936,1.92297619048,36bd6f34f99e6939
715,13000244,50,3,11.6053780008,175,23,2.94006770761,239.124127261,256.863280989,23,23,0.7,0.6,0.7,1,2.56863280989,215.793657009,1,3.9,295.436167936,1.92297619048,36bd6f34f99e6939
716,13000245,50,0,370.621486515,425,29,2.25100885694,289.794984651,220.253291371,29,29,0.5,0.7,0.3,1,2.20253291371,219.209336608,0.5,1.2,163.056819463,2.02857142857,1eb6d7b343dabf30
716,13000245,50,1,62.2608767719,75,26,2.14212073582,258.057502915,365.036890289,26,26,0.7,0.3,0.3,1,3.65036890289,219.209336608,0.5,1.2,163.056819463,2.02857142857,1eb6d7b343dabf30
716,13000245,50,2,405.153586548,175,39,2.07673314614,267.054879473,210.970977249,39,39,0.6,0.8,0.3,1,2.10970977249,219.209336608,0.5,1.2,163.056819463,2.02857142857,1eb6d7b343dabf30
716,13000245,50,3,112.671259446,325,32,1.89837535825,195.622623732,259.551781434,32,32,0.8,0.5,0.4,1,2.59551781434,219.209336608,0.5,1.2,163.056819463,2.02857142857,1eb6d7b343dabf30
717,13000246,50,0,469.603321098,425,23,1.99400323744,276.459112866,319.504448514,23,23,0.4,0.3,0,1,3.19504448514,328.724087894,0,0,nan,nan,1450754c07bc389b
717,13000246,50,1,32.6488587973,175,21,2.12002348368,320.82564925,309.036354861,21,21,0.4,0.3,0,1,3.09036354861,328.724087894,0,0,nan,nan,1450754c07bc389b
717,13000246,50,2,79.0223627321,75,26,1.71686447562,334.989087099,301.982064153,26,26,0.6,0.7,0,1,3.01982064153,328.724087894,0,0,nan,nan,1450754c07bc389b
717,13000246,50,3,488.822690884,325,29,1.93893714379,278.068018288,278.148682583,29,29,0.6,0.6,0,1,2.78148682583,328.724087894,0,0,nan,nan,1450754c07bc389b
718,13000247,50,0,58.1405023246,75,23,2.73258359186,326.197404566,273.421186062,23,23,0.4,0.6,0.2,1,2.73421186062,285.742309234,0.9,4,359.586825618,3.30238095238,52ecf5b47b978fb8
718,13000247,50,1,361.153882399,175,39,2.9705281391,212.312505976,210.69943072,39,39,0.8,0.8,0.8,1,2.1069943072,285.742309234,0.9,4,359.586825618,3.30238095238,52ecf5b47b978fb8
718,13000247,50,2,70.6639614484,325,27,1.94740515919,269.250510045,230.858080728,27,27,0.7,0.7,0.3,1,2.30858080728,285.742309234,0.9,4,359.586825618,3.30238095238,52ecf5b47b978fb8
718,13000247,50,3,442.28603781,425,24,1.61752688256,280.748644889,308.815016382,24,24,0.5,0.4,0.3,1,3.08815016382,285.742309234,0.9,4,359.586825618,3.30238095238,52ecf5b47b978fb8
719,13000248,50,0,330.361179253,175,42,2.29115092912,191.801499238,183.211170451,42,42,0.9,0.8,0.7,1,1.83211170451,238.800378479,0.7,2.7,312.461095587,2.91071428571,6347a29356069668
719,13000248,50,1,103.282980159,325,28,2.18533149228,269.796310945,220.940781956,28,28,0.6,0.9,0.2,1,2.20940781956,238.800378479,0.7,2.7,312.461095587,2.91071428571,6347a29356069668
719,13000248,50,2,3.943475539,75,14,1.90746989613,328.032830085,358.593662827,14,14,0.4,0.2,0.1,1,3.58593662827,238.800378479,0.7,2.7,312.461095587,2.91071428571,6347a29356069668
719,13000248,50,3,499.952733818,425,25,2.62773038672,356.884057563,298.02210098,25,25,0.5,0.6,0.4,1,2.9802210098,238.800378479,0.7,2.7,312.461095587,2.91071428571,6347a29356069668
720,13000249,50,0,81.2234571138,425,26,1.54942205808,282.724784918,294.137274184,26,26,0.6,0.5,0.4,1,2.94137274184,203.541554469,0.9,2.7,222.053453858,3.35185185185,6973ef16fa659b1b
720,13000249,50,1,466.7968443,175,30,2.64726403685,282.575657714,265.90542376,30,30,0.5,0.6,0.7,1,2.6590542376,203.541554469,0.9,2.7,222.053453858,3.35185185185,6973ef16fa659b1b
720,13000249,50,2,442.851272383,325,29,2.97510017197,263.370346947,295.599834485,29,29,0.6,0.6,0.5,1,2.95599834485,203.541554469,0.9,2.7,222.053453858,3.35185185185,6973ef16fa659b1b
720,13000249,50,3,8.64447501134,75,24,1.98772124128,274.780216268,267.288267215,24,24,0.6,0.6,0.7,1,2.67288267215,203.541554469,0.9,2.7,222.053453858,3.35185185185,6973ef16fa659b1b
721,13000250,50,0,45.2041273947,175,31,1.79815611875,254.792586685,328.176731053,31,31,0.7,0.5,0.5,1,3.28176731053,272.881766179,0.9,3.2,298.068337167,2.90925925926,474c35a73bcf804c
721,13000250,50,1,120.362880981,425,31,2.83849816362,164.979082644,287.499131629,31,31,0.9,0.7,0.7,1,2.87499131629,272.881766179,0.9,3.2,298.068337167,2.90925925926,474c35a73bcf804c
721,13000250,50,2,387.204586895,325,35,2.65629610437,227.872879494,194.011436889,35,35,0.5,0.8,0.7,1,1.94011436889,272.881766179,0.9,3.2,298.068337167,2.90925925926,474c35a73bcf804c
721,13000250,50,3,418.828039219,75,28,2.45566565051,377.74176335,252.154247979,28,28,0.1,0.7,0.1,1,2.52154247979,272.881766179,0.9,3.2,298.068337167,2.90925925926,474c35a73bcf804c
722,13000251,50,0,52.4792884553,75,22,1.83671255711,310.270269606,250.745461299,22,22,0.4,0.5,0.3,1,2.50745461299,269.792017808,1,4.3,347.037671204,2.15297619048,a6bbab815918cebb
722,13000251,50,1,354.859111362,175,37,2.82083574944,304.621002829,206.063771079,37,37,0.4,0.8,0.7,1,2.06063771079,269.792017808,1,4.3,347.037671204,2.15297619048,a6bbab815918cebb
722,13000251,50,2,475.839621126,425,17,1.89612411442,377.329190761,357.355179155,17,17,0.2,0.4,0.2,1,3.57355179155,269.792017808,1,4.3,347.037671204,2.15297619048,a6bbab815918cebb
722,13000251,50,3,114.582769633,325,37,2.46112926041,182.007102808,251.679112943,37,37,0.8,0.7,1,1,2.51679112943,269.792017808,1,4.3,347.037671204,2.15297619048,a6bbab815918cebb
723,13000252,50,0,103.020300685,325,34,2.53317060618,167.052299969,281.840201162,34,34,0.7,0.4,0.5,1,2.81840201162,257.121286138,0.9,3.7,313.761158064,2.50899470899,89ba5b78c61b0537
723,13000252,50,1,167.893914147,75,32,1.69558844568,260.219404107,236.904363942,32,32,0.8,0.7,0.6,1,2.36904363942,257.121286138,0.9,3.7,313.761158064,2.50899470899,89ba5b78c61b0537
723,13000252,50,2,481.219524129,425,24,1.60434908183,368.641003864,326.394564989,24,24,0.3,0.3,0.1,1,3.26394564989,257.121286138,0.9,3.7,313.761158064,2.50899470899,89ba5b78c61b0537
723,13000252,50,3,462.989668116,175,26,1.70744092923,312.911568288,258.288470409,26,26,0.3,0.6,0.2,1,2.58288470409,257.121286138,0.9,3.7,313.761158064,2.50899470899,89ba5b78c61b0537
724,13000253,50,0,430.924856646,175,30,1.61311681431,270.140731141,230.310283845,30,30,0.5,0.7,0.5,1,2.30310283845,323.258785984,0.8,4.5,430.446823904,2.41547619048,c74fbac81eacdb74
724,13000253,50,1,451.597843001,325,27,2.46533614504,286.389127767,207.064890586,27,27,0.4,0.7,0.6,1,2.07064890586,323.258785984,0.8,4.5,430.446823904,2.41547619048,c74fbac81eacdb74
724,13000253,50,2,250.245908146,425,39,1.7696914784,268.165060658,196.666127203,39,39,0.6,0.8,0.5,1,1.96666127203,323.258785984,0.8,4.5,430.446823904,2.41547619048,c74fbac81eacdb74
724,13000253,50,3,136.878295516,75,33,1.78873271321,250.278440625,327.658801991,33,33,0.7,0.5,0.6,1,3.27658801991,323.258785984,0.8,4.5,430.446823904,2.41547619048,c74fbac81eacdb74
725,13000254,50,0,88.0943585277,325,32,2.37432561355,235.752171207,232.80664376,32,32,0.7,0.5,0.4,1,2.3280664376,268.137600484,0.5,1.6,266.137902684,2.96,2e6f6970a15e82c4
725,13000254,50,1,163.513272943,425,28,2.83065365597,262.875366742,199.267373911,28,28,0.5,0.9,0.3,1,1.99267373911,268.137600484,0.5,1.6,266.137902684,2.96,2e6f6970a15e82c4
725,13000254,50,2,482.118288183,175,25,2.36704563908,297.440286547,305.977327728,25,25,0.5,0.4,0.2,1,3.05977327728,268.137600484,0.5,1.6,266.137902684,2.96,2e6f6970a15e82c4
725,13000254,50,3,317.930944779,75,32,2.6330491132,236.652142467,304.210867373,32,32,0.8,0.3,0.4,1,3.04210867373,268.137600484,0.5,1.6,266.137902684,2.96,2e6f6970a15e82c4
726,13000255,50,0,284.562169482,175,42,2.049456808,249.088651663,269.549709316,42,42,0.5,0.7,0.4,1,2.69549709316,256.307990152,0.6,1.9,258.650355305,2.63888888889,fbdc946cbc4dc906
726,13000255,50,1,100.639270555,325,34,2.927183327,261.662009712,194.863678494,34,34,0.5,0.8,0.5,1,1.94863678494,256.307990152,0.6,1.9,258.650355305,2.63888888889,fbdc946cbc4dc906
726,13000255,50,2,425.181296197,425,23,2.07873068029,259.291222963,341.297333885,23,23,0.4,0.3,0.1,1,3.41297333885,256.307990152,0.6,1.9,258.650355305,2.63888888889,fbdc946cbc4dc906
726,13000255,50,3,234.920758314,75,35,1.91137132945,291.805047772,311.307358298,35,35,0.4,0.4,0.4,1,3.11307358298,256.307990152,0.6,1.9,258.650355305,2.63888888889,fbdc946cbc4dc906
727,13000256,50,0,493.658293858,175,26,2.70688921734,301.037732508,382.190585642,26,26,0.6,0.3,0.1,1,3.82190585642,293.829409909,1,6.3,504.137813407,2.41321428571,58d7bed295e394fa
727,13000256,50,1,122.972920182,75,25,2.85014584379,296.318265149,293.133125572,25,25,0.4,0.4,0.2,1,2.93133125572,293.829409909,1,6.3,504.137813407,2.41321428571,58d7bed295e394fa
727,13000256,50,2,242.711252434,325,44,1.93737041387,211.066374866,213.724066293,44,44,1,1,0.6,1,2.13724066293,293.829409909,1,6.3,504.137813407,2.41321428571,58d7bed295e394fa
727,13000256,50,3,6.25795747173,425,20,2.1496874712,345.507914364,231.369507323,20,20,0.2,0.8,0.2,1,2.31369507323,293.829409909,1,6.3,504.137813407,2.41321428571,58d7bed295e394fa
728,13000257,50,0,109.242640637,425,30,2.05037338785,231.35109112,243.835484802,30,30,0.7,0.8,0.7,1,2.43835484802,261.105000828,0.7,2.5,285.713612932,2.90952380952,ab78af54974a8c5e
728,13000257,50,1,348.347907147,325,44,2.88118145601,217.799353882,191.176578638,44,44,0.8,0.8,0.7,1,1.91176578638,261.105000828,0.7,2.5,285.713612932,2.90952380952,ab78af54974a8c5e
728,13000257,50,2,428.396893811,175,34,1.59398520338,313.726410261,271.730052888,34,34,0.6,0.7,0.6,1,2.71730052888,261.105000828,0.7,2.5,285.713612932,2.90952380952,ab78af54974a8c5e
728,13000257,50,3,142.743196236,75,27,1.96211408457,276.932656641,305.503728612,27,27,0.6,0.5,0.2,1,3.05503728612,261.105000828,0.7,2.5,285.713612932,2.90952380952,ab78af54974a8c5e
729,13000258,50,0,333.571677725,425,31,2.38197445214,191.838716854,246.967089721,31,31,0.8,0.6,0.7,1,2.46967089721,236.232447217,1,4.2,337.417426351,2.31111111111,87390042ae6cacfa
729,13000258,50,1,26.5242770972,175,26,1.94888060477,361.673209994,262.588677265,26,26,0.3,0.5,0.3,1,2.62588677265,236.232447217,1,4.2,337.417426351,2.31111111111,87390042ae6cacfa
729,13000258,50,2,417.618427338,325,34,2.48707140165,185.083557967,269.515786992,34,34,0.8,0.4,0.6,1,2.69515786992,236.232447217,1,4.2,337.417426351,2.31111111111,87390042ae6cacfa
729,13000258,50,3,248.77326691,75,34,2.1165516724,298.388023378,284.992264804,34,34,0.4,0.5,0.3,1,2.84992264804,236.232447217,1,4.2,337.417426351,2.31111111111,87390042ae6cacfa
730,13000259,50,0,456.763286595,325,27,2.1816366891,309.044338295,296.871448845,27,27,0.6,0.6,0.3,1,2.96871448845,275.050255503,0.8,4.3,414.167488728,2.23958333333,19e31b30a971a3f9
730,13000259,50,1,184.057494767,425,29,2.6395004102,188.524578397,293.574600012,29,29,0.8,0.5,0.7,1,2.93574600012,275.050255503,0.8,4.3,414.167488728,2.23958333333,19e31b30a971a3f9
730,13000259,50,2,21.6342157152,175,30,2.48011310797,236.715002592,267.976108899,30,30,0.7,0.5,0.5,1,2.67976108899,275.050255503,0.8,4.3,414.167488728,2.23958333333,19e31b30a971a3f9
730,13000259,50,3,358.762590203,75,26,2.82199438992,328.742691446,230.456871151,26,26,0.5,0.6,0,1,2.30456871151,275.050255503,0.8,4.3,414.167488728,2.23958333333,19e31b30a971a3f9
731,13000260,50,0,166.629298555,75,27,2.37403043007,307.65264804,292.922923809,27,27,0.4,0.5,0.5,1,2.92922923809,230.461407929,1,4.5,370.93044525,3.07583333333,3f9390d967ee0941
731,13000260,50,1,496.128093837,425,18,2.02310288705,337.968211545,327.013985823,18,18,0.5,0.5,0.2,1,3.27013985823,230.461407929,1,4.5,370.93044525,3.07583333333,3f9390d967ee0941
731,13000260,50,2,223.387587852,325,42,1.83607382811,183.712132161,227.835294025,42,42,0.8,0.9,1,1,2.27835294025,230.461407929,1,4.5,370.93044525,3.07583333333,3f9390d967ee0941
731,13000260,50,3,407.651905212,175,27,1.97037002453,261.473543342,218.541935453,27,27,0.5,0.6,0.4,1,2.18541935453,230.461407929,1,4.5,370.93044525,3.07583333333,3f9390d967ee0941
732,13000261,50,0,221.204666235,325,36,1.58236430653,261.939001566,228.18050662,36,36,0.5,0.7,0.6,1,2.2818050662,279.605275713,0.8,4.2,392.248593971,2.25208333333,c9b1dcd414d8d38b
732,13000261,50,1,183.82036262,175,42,1.90443322288,201.400505688,154.75773786,42,42,0.8,1,0.8,1,1.5475773786,279.605275713,0.8,4.2,392.248593971,2.25208333333,c9b1dcd414d8d38b
732,13000261,50,2,379.169564329,75,28,1.6665449853,220.805259264,217.886231544,28,28,0.7,1,0.7,1,2.17886231544,279.605275713,0.8,4.2,392.248593971,2.25208333333,c9b1dcd414d8d38b
732,13000261,50,3,335.498585543,425,25,2.63222308749,339.012401076,315.428965515,25,25,0.4,0.5,0.3,1,3.15428965515,279.605275713,0.8,4.2,392.248593971,2.25208333333,c9b1dcd414d8d38b
733,13000262,50,0,323.446542492,425,34,2.3830324677,216.614809932,206.234628159,34,34,0.7,0.8,0.7,1,2.06234628159,269.785422105,0.9,3.4,308.821812735,3.18888888889,acf9f2c26cb32d01
733,13000262,50,1,178.503798403,175,42,2.04823009863,216.939802187,187.379443886,42,42,0.8,0.9,0.9,1,1.87379443886,269.785422105,0.9,3.4,308.821812735,3.18888888889,acf9f2c26cb32d01
733,13000262,50,2,418.701086752,325,33,1.6645802423,253.482916631,176.862098309,33,33,0.5,0.9,0.7,1,1.76862098309,269.785422105,0.9,3.4,308.821812735,3.18888888889,acf9f2c26cb32d01
733,13000262,50,3,128.507856082,75,29,2.36409609578,282.22554823,269.803486862,29,29,0.5,0.6,0.4,1,2.69803486862,269.785422105,0.9,3.4,308.821812735,3.18888888889,acf9f2c26cb32d01
734,13000263,50,0,68.7566346472,75,23,1.77394683597,370.11401668,239.184121077,23,23,0.1,0.7,0.2,1,2.39184121077,236.730474076,1,5.2,420.437542728,2.04773809524,3a8e27c31d5ee069
734,13000263,50,1,239.421154143,175,47,2.05929388895,212.958447903,184.004183447,47,47,0.9,1,1,1,1.84004183447,236.730474076,1,5.2,420.437542728,2.04773809524,3a8e27c31d5ee069
734,13000263,50,2,477.424735755,325,26,2.39060563168,215.910963006,307.40998434,26,26,0.9,0.4,0.4,1,3.0740998434,236.730474076,1,5.2,420.437542728,2.04773809524,3a8e27c31d5ee069
734,13000263,50,3,462.834238291,425,21,2.99171530438,247.333634381,359.580455473,21,21,0.7,0.4,0.4,1,3.59580455473,236.730474076,1,5.2,420.437542728,2.04773809524,3a8e27c31d5ee069
735,13000264,50,0,460.891817087,75,25,2.30439438729,244.276182074,290.005913745,25,25,0.8,0.5,0.4,1,2.90005913745,265.849484232,0.7,3.5,388.393062117,2.44112554113,c3284c774e5de8a6
735,13000264,50,1,3.61644146867,325,24,2.79161958163,374.611082282,332.797212636,24,24,0.3,0.3,0,1,3.32797212636,265.849484232,0.7,3.5,388.393062117,2.44112554113,c3284c774e5de8a6
735,13000264,50,2,19.2226882565,425,20,1.62988406122,384.41397007,339.023094793,20,20,0.3,0.4,0,1,3.39023094793,265.849484232,0.7,3.5,388.393062117,2.44112554113,c3284c774e5de8a6
735,13000264,50,3,435.495119676,175,33,1.68850222117,197.145914561,227.290568201,33,33,0.8,0.7,0.7,1,2.27290568201,265.849484232,0.7,3.5,388.393062117,2.44112554113,c3284c774e5de8a6
736,13000265,50,0,114.465280638,325,32,1.71095649043,234.360889993,277.451153385,32,32,0.7,0.6,0.5,1,2.77451153385,279.600235626,1,4.3,335.809857375,2.35,dac69f0721014dd8
736,13000265,50,1,370.074110151,425,28,2.36192618753,267.222146158,247.83920829,28,28,0.5,0.6,0.6,1,2.4783920829,279.600235626,1,4.3,335.809857375,2.35,dac69f0721014dd8
736,13000265,50,2,16.5294104345,175,24,2.30089800947,301.83015189,350.505531644,24,24,0.4,0.4,0.2,1,3.50505531644,279.600235626,1,4.3,335.809857375,2.35,dac69f0721014dd8
736,13000265,50,3,339.156023392,75,34,2.11801024574,217.079396078,209.019864493,34,34,0.7,0.7,0.8,1,2.09019864493,279.600235626,1,4.3,335.809857375,2.35,dac69f0721014dd8
737,13000266,50,0,482.197044644,75,18,2.5093454455,260.365609213,350.348660254,18,18,0.6,0.3,0.2,1,3.50348660254,236.648679954,0.9,3.2,291.203886504,2.38518518519,caafa3a50c98d3eb
737,13000266,50,1,144.500445346,325,34,1.96817784183,213.238786568,205.721474567,34,34,0.8,0.9,0.8,1,2.05721474567,236.648679954,0.9,3.2,291.203886504,2.38518518519,caafa3a50c98d3eb
737,13000266,50,2,261.767718472,425,32,1.81912818438,226.223216932,180.723348515,32,32,0.8,1,0.7,1,1.80723348515,236.648679954,0.9,3.2,291.203886504,2.38518518519,caafa3a50c98d3eb
737,13000266,50,3,215.386607296,175,44,1.5895895831,162.551479496,242.118007871,44,44,1,0.8,0.9,1,2.42118007871,236.648679954,0.9,3.2,291.203886504,2.38518518519,caafa3a50c98d3eb
738,13000267,50,0,252.124524217,175,45,1.76036450793,188.31012973,204.044658963,45,45,1,0.9,0.8,1,2.04044658963,283.739385682,0.8,4.2,393.445570049,2.36666666667,b1bab85adba66dc7
738,13000267,50,1,376.610496201,75,32,1.9287765073,197.505383582,220.654177399,32,32,0.8,0.7,0.5,1,2.20654177399,283.739385682,0.8,4.2,393.445570049,2.36666666667,b1bab85adba66dc7
738,13000267,50,2,192.293122015,425,32,2.3178227516,344.686497268,272.42434133,32,32,0.4,0.6,0.1,1,2.7242434133,283.739385682,0.8,4.2,393.445570049,2.36666666667,b1bab85adba66dc7
738,13000267,50,3,370.370309987,325,36,2.46336704651,267.973545233,201.377609252,36,36,0.7,0.9,0.7,1,2.01377609252,283.739385682,0.8,4.2,393.445570049,2.36666666667,b1bab85adba66dc7
739,13000268,50,0,140.031841523,175,29,2.15015715461,228.637186788,280.787872972,29,29,0.7,0.4,0.2,1,2.80787872972,315.724683413,0.4,1.3,243.417354445,2.71666666667,529c9560bf1c727d
739,13000268,50,1,187.087906371,425,32,1.52907789566,275.549031159,224.198354524,32,32,0.6,0.6,0.3,1,2.24198354524,315.724683413,0.4,1.3,243.417354445,2.71666666667,529c9560bf1c727d
739,13000268,50,2,431.32344734,75,25,2.57810176307,323.04840071,313.358633419,25,25,0.5,0.5,0.3,1,3.13358633419,315.724683413,0.4,1.3,243.417354445,2.71666666667,529c9560bf1c727d
739,13000268,50,3,475.16874196,325,30,2.47899249285,305.209799208,252.238249406,30,30,0.5,0.6,0.4,1,2.52238249406,315.724683413,0.4,1.3,243.417354445,2.71666666667,529c9560bf1c727d
740,13000269,50,0,32.2496079483,175,25,1.76302150276,312.607608579,259.882726601,25,25,0.5,0.6,0.3,1,2.59882726601,300.828003226,0.4,0.9,189.600301885,2.66666666667,a7856e2d5ccc98d9
740,13000269,50,1,332.408808245,325,35,2.03539621466,218.112026037,218.909364189,35,35,0.7,0.6,0.4,1,2.18909364189,300.828003226,0.4,0.9,189.600301885,2.66666666667,a7856e2d5ccc98d9
740,13000269,50,2,407.713899754,425,26,1.82436957636,296.489603641,290.630447049,26,26,0.4,0.5,0.3,1,2.90630447049,300.828003226,0.4,0.9,189.600301885,2.66666666667,a7856e2d5ccc98d9
740,13000269,50,3,33.7178269211,75,20,2.59397215208,334.260733096,286.458137257,20,20,0.3,0.4,0.1,1,2.86458137257,300.828003226,0.4,0.9,189.600301885,2.66666666667,a7856e2d5ccc98d9
741,13000270,50,0,224.074382744,325,43,2.24596886763,164.395381261,237.672224544,43,43,0.9,0.6,0.7,1,2.37672224544,259.651156588,0.9,4.9,409.971430691,1.81349206349,72140fbba0354d75
741,13000270,50,1,103.882473132,425,30,2.73826066163,227.376846938,304.811856809,30,30,0.8,0.4,0.4,1,3.04811856809,259.651156588,0.9,4.9,409.971430691,1.81349206349,72140fbba0354d75
741,13000270,50,2,440.251730554,175,21,2.73495439248,271.605834939,304.845070637,21,21,0.6,0.4,0.2,1,3.04845070637,259.651156588,0.9,4.9,409.971430691,1.81349206349,72140fbba0354d75
741,13000270,50,3,474.55362832,75,16,1.90785102507,335.817557727,370.993186199,16,16,0.4,0.3,0.2,1,3.70993186199,259.651156588,0.9,4.9,409.971430691,1.81349206349,72140fbba0354d75
742,13000271,50,0,458.46117501,175,32,2.20497012233,282.261597728,261.220489171,32,32,0.4,0.4,0.5,1,2.61220489171,241.654966637,1,3.6,285.270588521,2.87952380952,ec02c25285cac0e0
742,13000271,50,1,154.212244752,325,40,2.05516754696,210.986356567,182.607068274,40,40,0.7,0.9,0.9,1,1.82607068274,241.654966637,1,3.6,285.270588521,2.87952380952,ec02c25285cac0e0
742,13000271,50,2,79.7163727958,75,23,1.55856503,246.823997663,316.533554594,23,23,0.6,0.4,0.7,1,3.16533554594,241.654966637,1,3.6,285.270588521,2.87952380952,ec02c25285cac0e0
742,13000271,50,3,380.029199357,425,31,2.94205585922,287.080044414,231.424916208,31,31,0.6,0.8,0.7,1,2.31424916208,241.654966637,1,3.6,285.270588521,2.87952380952,ec02c25285cac0e0
743,13000272,50,0,495.826082398,75,19,2.48063660846,369.070285251,326.915338115,19,19,0.2,0.5,0.2,1,3.26915338115,206.926919154,0.9,2.5,228.388776053,2.57407407407,9c9a0b268dd52076
743,13000272,50,1,121.528928672,325,36,2.34838844389,218.140315346,210.7301404,36,36,0.8,0.8,0.8,1,2.107301404,206.926919154,0.9,2.5,228.388776053,2.57407407407,9c9a0b268dd52076
743,13000272,50,2,52.6174248749,175,26,2.04408929843,264.296550135,304.365432585,26,26,0.6,0.4,0.3,1,3.04365432585,206.926919154,0.9,2.5,228.388776053,2.57407407407,9c9a0b268dd52076
743,13000272,50,3,422.082092995,425,28,2.8657097926,290.191674985,219.05298761,28,28,0.5,0.8,0.7,1,2.1905298761,206.926919154,0.9,2.5,228.388776053,2.57407407407,9c9a0b268dd52076
744,13000273,50,0,447.732685891,75,17,2.46709270656,263.689710086,354.983547134,17,17,0.6,0.3,0.3,1,3.54983547134,357.376680401,0.7,4.3,501.061196876,2.09431045145,c922d8b57a450d66
744,13000273,50,1,451.127984051,325,22,2.1500065402,325.177495516,275.924259484,22,22,0.4,0.5,0,1,2.75924259484,357.376680401,0.7,4.3,501.061196876,2.09431045145,c922d8b57a450d66
744,13000273,50,2,35.3099460501,425,20,2.64112817393,359.163754611,321.308185195,20,20,0.2,0.3,0.1,1,3.21308185195,357.376680401,0.7,4.3,501.061196876,2.09431045145,c922d8b57a450d66
744,13000273,50,3,128.520613317,175,36,2.11777266748,234.560956912,239.183045806,36,36,0.7,0.6,0.6,1,2.39183045806,357.376680401,0.7,4.3,501.061196876,2.09431045145,c922d8b57a450d66
745,13000274,50,0,182.592439933,425,27,2.64247330403,291.921260668,310.813667788,27,27,0.4,0.2,0,1,3.10813667788,251.390759578,1,8.1,629.712444242,2.1918956044,da2befac9b24d23d
745,13000274,50,1,40.4118009221,325,24,1.7160975132,284.046779344,376.017678706,24,24,0.4,0.2,0.1,1,3.76017678706,251.390759578,1,8.1,629.712444242,2.1918956044,da2befac9b24d23d
745,13000274,50,2,281.933373112,75,33,2.07615085724,216.780490374,227.704956895,33,33,0.8,0.8,0.5,1,2.27704956895,251.390759578,1,8.1,629.712444242,2.1918956044,da2befac9b24d23d
745,13000274,50,3,356.813457352,175,37,2.90894036878,210.86006799,166.673352274,37,37,0.7,0.8,0.4,1,1.66673352274,251.390759578,1,8.1,629.712444242,2.1918956044,da2befac9b24d23d
746,13000275,50,0,13.3455675856,75,24,2.65644810788,383.777887563,289.638158596,24,24,0.2,0.6,0.5,1,2.89638158596,276.361095121,0.6,1.9,262.574717525,2.76111111111,3f9006e075330835
746,13000275,50,1,333.778412515,325,38,2.1218233302,205.841503331,213.810340087,38,38,0.9,0.7,0.6,1,2.13810340087,276.361095121,0.6,1.9,262.574717525,2.76111111111,3f9006e075330835
746,13000275,50,2,100.978532407,175,38,2.66207279564,290.850363882,202.03472675,38,38,0.6,0.8,0.5,1,2.0203472675,276.361095121,0.6,1.9,262.574717525,2.76111111111,3f9006e075330835
746,13000275,50,3,480.560134422,425,17,1.67648838095,256.836053505,347.465744848,17,17,0.5,0.4,0.2,1,3.47465744848,276.361095121,0.6,1.9,262.574717525,2.76111111111,3f9006e075330835
747,13000276,50,0,325.596026725,325,36,2.44567463638,191.545475369,164.789439934,36,36,0.7,0.9,0.6,1,1.64789439934,241.364301016,0.6,1.7,213.724407206,2.65277777778,78611a28d058c232
747,13000276,50,1,47.0911789963,75,24,2.6014671686,304.00764385,303.575893656,24,24,0.5,0.5,0.2,1,3.03575893656,241.364301016,0.6,1.7,213.724407206,2.65277777778,78611a28d058c232
747,13000276,50,2,370.162241396,425,31,2.50336274513,234.988518655,234.591017654,31,31,0.7,0.8,0.6,1,2.34591017654,241.364301016,0.6,1.7,213.724407206,2.65277777778,78611a28d058c232
747,13000276,50,3,50.6810208775,175,29,1.85559497517,258.095798628,259.272532583,29,29,0.5,0.6,0.3,1,2.59272532583,241.364301016,0.6,1.7,213.724407206,2.65277777778,78611a28d058c232
748,13000277,50,0,314.885186722,425,28,2.13681646277,297.033925811,233.706777534,28,28,0.4,0.7,0.4,1,2.33706777534,341.834483721,0.7,3.9,399.04221471,2.38240568955,a5fa6add1791fcd7
748,13000277,50,1,487.355329755,75,20,2.21829668752,396.594206808,287.358567741,20,20,0.2,0.5,0,1,2.87358567741,341.834483721,0.7,3.9,399.04221471,2.38240568955,a5fa6add1791fcd7
748,13000277,50,2,131.86753226,175,34,1.71088637941,213.454253508,281.620926469,34,34,0.9,0.4,0.4,1,2.81620926469,341.834483721,0.7,3.9,399.04221471,2.38240568955,a5fa6add1791fcd7
748,13000277,50,3,121.153418885,325,31,2.11088744472,233.363541766,285.589359441,31,31,0.6,0.6,0.6,1,2.85589359441,341.834483721,0.7,3.9,399.04221471,2.38240568955,a5fa6add1791fcd7
749,13000278,50,0,111.942202934,325,31,2.84722192456,222.000785884,133.982438237,31,31,0.8,1,0.2,1,1.33982438237,265.55428495,0.8,5.9,598.064196001,2.23620580808,89c9e9be8a900b7d
749,13000278,50,1,131.917417911,425,25,2.72362706171,268.166345569,173.933106229,25,25,0.4,0.8,0.2,1,1.73933106229,265.55428495,0.8,5.9,598.064196001,2.23620580808,89c9e9be8a900b7d
749,13000278,50,2,295.738972996,175,40,2.3766449418,213.816774768,224.464367672,40,40,0.8,0.8,0.8,1,2.24464367672,265.55428495,0.8,5.9,598.064196001,2.23620580808,89c9e9be8a900b7d
749,13000278,50,3,271.423031603,75,37,1.55037529848,240.060366388,278.985961465,37,37,0.8,0.8,0.6,1,2.78985961465,265.55428495,0.8,5.9,598.064196001,2.23620580808,89c9e9be8a900b7d
750,13000279,50,0,117.33274781,425,28,1.85453701379,291.382030682,194.106041477,28,28,0.6,0.7,0.5,1,1.94106041477,225.190742692,1,3.7,268.05585077,2.5769047619,1d9833dd160f121d
750,13000279,50,1,191.410863382,175,45,1.55891035961,158.397042744,228.158517637,45,45,1,1,1,1,2.28158517637,225.190742692,1,3.7,268.05585077,2.5769047619,1d9833dd160f121d
750,13000279,50,2,485.218498951,325,18,1.55652936173,305.94267303,312.891242223,18,18,0.4,0.3,0.1,1,3.12891242223,225.190742692,1,3.7,268.05585077,2.5769047619,1d9833dd160f121d
750,13000279,50,3,113.149572727,75,29,2.2425767475,226.334820904,307.280819828,29,29,0.8,0.3,0.7,1,3.07280819828,225.190742692,1,3.7,268.05585077,2.5769047619,1d9833dd160f121d
751,13000280,50,0,490.920581108,425,21,2.57144233962,337.416858973,270.417372961,21,21,0.3,0.5,0.2,1,2.70417372961,214.28326216,1,4,301.139964088,2.26,620be2c46b45698e
751,13000280,50,1,473.707864724,75,20,2.08751064733,314.480381869,261.319154402,20,20,0.5,0.5,0.4,1,2.61319154402,214.28326216,1,4,301.139964088,2.26,620be2c46b45698e
751,13000280,50,2,165.099942966,325,36,2.26847054257,158.82917586,258.794135233,36,36,0.8,0.6,0.9,1,2.58794135233,214.28326216,1,4,301.139964088,2.26,620be2c46b45698e
751,13000280,50,3,190.869986498,175,42,2.39519750513,182.013927574,240.999402801,42,42,1,0.8,0.9,1,2.40999402801,214.28326216,1,4,301.139964088,2.26,620be2c46b45698e
752,13000281,50,0,202.157340025,175,42,1.57193930956,200.209870735,168.483172132,42,42,0.8,1,1,1,1.68483172132,215.623336127,1,4.5,332.95025395,2.57666666667,fc5e618534363235
752,13000281,50,1,356.035230714,75,27,2.13445303048,221.424732984,183.803220256,27,27,0.6,0.9,0.8,1,1.83803220256,215.623336127,1,4.5,332.95025395,2.57666666667,fc5e618534363235
752,13000281,50,2,376.14637328,325,40,1.79980773548,162.717278292,171.508698957,40,40,0.9,1,1,1,1.71508698957,215.623336127,1,4.5,332.95025395,2.57666666667,fc5e618534363235
752,13000281,50,3,106.934624615,425,27,1.72478736593,297.050531036,293.640751164,27,27,0.3,0.5,0.1,1,2.93640751164,215.623336127,1,4.5,332.95025395,2.57666666667,fc5e618534363235
753,13000282,50,0,32.4486282238,75,25,2.67767549597,250.472600072,287.80725322,25,25,0.7,0.6,0.6,1,2.8780725322,203.024028943,0.6,1.3,176.520435411,2.86666666667,a4dfb1fb595f861b
753,13000282,50,1,72.5402550337,175,34,1.77348259674,219.974858102,228.264878361,34,34,0.8,0.7,0.6,1,2.28264878361,203.024028943,0.6,1.3,176.520435411,2.86666666667,a4dfb1fb595f861b
753,13000282,50,2,497.944104062,425,16,2.60169231121,425.313993407,348.907559923,16,16,0.1,0.2,0,1,3.48907559923,203.024028943,0.6,1.3,176.520435411,2.86666666667,a4dfb1fb595f861b
753,13000282,50,3,281.037534282,325,40,2.28943452113,256.212957638,184.588408797,40,40,0.7,0.9,0.5,1,1.84588408797,203.024028943,0.6,1.3,176.520435411,2.86666666667,a4dfb1fb595f861b
754,13000283,50,0,31.9547146706,175,21,2.80676017221,323.101853838,287.126189041,21,21,0.5,0.5,0.1,1,2.87126189041,267.317383583,1,5.8,451.085384016,2.75138888889,c7ef583bbe081dca
754,13000283,50,1,464.762267098,75,23,1.68601298547,285.424378078,353.792855463,23,23,0.7,0.2,0.3,1,3.53792855463,267.317383583,1,5.8,451.085384016,2.75138888889,c7ef583bbe081dca
754,13000283,50,2,368.588113555,425,36,1.58077587252,262.520424476,190.801515154,36,36,0.6,0.7,0.7,1,1.90801515154,267.317383583,1,5.8,451.085384016,2.75138888889,c7ef583bbe081dca
754,13000283,50,3,189.706519122,325,44,2.0257549536,223.388957164,175.669126135,44,44,0.9,1,1,1,1.75669126135,267.317383583,1,5.8,451.085384016,2.75138888889,c7ef583bbe081dca
755,13000284,50,0,242.960119485,325,44,1.95027696486,229.760303894,164.927851389,44,44,0.9,1,0.7,1,1.64927851389,227.638807808,0.7,2,230.091667276,2.90476190476,76b183fa650dab42
755,13000284,50,1,452.944327544,425,21,2.2276241942,344.792596548,317.244867072,21,21,0.2,0.3,0.2,1,3.17244867072,227.638807808,0.7,2,230.091667276,2.90476190476,76b183fa650dab42
755,13000284,50,2,106.071528446,175,31,2.56355821055,206.059601629,186.24415766,31,31,0.7,0.8,0.5,1,1.8624415766,227.638807808,0.7,2,230.091667276,2.90476190476,76b183fa650dab42
755,13000284,50,3,138.433479217,75,30,2.85948466406,212.28793784,254.724847465,30,30,0.7,0.6,0.5,1,2.54724847465,227.638807808,0.7,2,230.091667276,2.90476190476,76b183fa650dab42
756,13000285,50,0,54.2051086285,175,35,2.84914264171,181.002537246,213.826915569,35,35,0.9,0.8,1,1,2.13826915569,208.236574241,1,3,234.840293782,3.21666666667,b9800be09bcfa3a1
756,13000285,50,1,287.731395645,75,36,1.72895965791,174.569158531,226.73013596,36,36,1,0.7,0.8,1,2.2673013596,208.236574241,1,3,234.840293782,3.21666666667,b9800be09bcfa3a1
756,13000285,50,2,13.1995540473,325,28,2.38327934536,287.650413739,242.402970851,28,28,0.6,0.8,0.7,1,2.42402970851,208.236574241,1,3,234.840293782,3.21666666667,b9800be09bcfa3a1
756,13000285,50,3,304.671301905,425,33,1.55584805924,328.554090176,232.976146646,33,33,0.3,0.7,0.7,1,2.32976146646,208.236574241,1,3,234.840293782,3.21666666667,b9800be09bcfa3a1
757,13000286,50,0,145.419541934,425,29,2.93595699422,318.301681186,279.695574314,29,29,0.3,0.7,0.3,1,2.79695574314,314.233980992,0.6,2.3,307.158295155,3.09166666667,1d94ab444ed015ab
757,13000286,50,1,461.949914247,325,26,1.97761413927,304.734839016,219.82905538,26,26,0.5,0.7,0.4,1,2.1982905538,314.233980992,0.6,2.3,307.158295155,3.09166666667,1d94ab444ed015ab
757,13000286,50,2,353.697666846,175,40,2.72644492719,193.268623282,197.857823489,40,40,0.8,0.9,0.6,1,1.97857823489,314.233980992,0.6,2.3,307.158295155,3.09166666667,1d94ab444ed015ab
757,13000286,50,3,25.5331071171,75,24,2.78647213413,318.283576865,388.813278303,24,24,0.3,0.2,0.2,1,3.88813278303,314.233980992,0.6,2.3,307.158295155,3.09166666667,1d94ab444ed015ab
758,13000287,50,0,225.240625968,325,45,2.00180634151,192.500759089,210.881135791,45,45,0.9,0.9,0.9,1,2.10881135791,258.131307811,0.9,3.9,327.301368775,2.01851851852,48fa76c9b34ea4a4
758,13000287,50,1,372.82385424,425,27,1.95566116475,279.845572766,253.668657809,27,27,0.6,0.6,0.4,1,2.53668657809,258.131307811,0.9,3.9,327.301368775,2.01851851852,48fa76c9b34ea4a4
758,13000287,50,2,102.984437508,175,34,1.998560059,224.811107173,230.577272711,34,34,0.8,0.6,0.7,1,2.30577272711,258.131307811,0.9,3.9,327.301368775,2.01851851852,48fa76c9b34ea4a4
758,13000287,50,3,429.776781155,75,21,2.15567953606,355.628445994,343.329044473,21,21,0.4,0.4,0.2,1,3.43329044473,258.131307811,0.9,3.9,327.301368775,2.01851851852,48fa76c9b34ea4a4
759,13000288,50,0,287.572161986,75,36,1.56135271784,218.16003535,234.555290299,36,36,0.7,0.7,0.3,1,2.34555290299,301.3115979,0.5,2.7,404.911390032,1.77207792208,4b7d381b2b8e6afa
759,13000288,50,1,106.447430234,425,20,1.75742221358,301.091626414,315.512185398,20,20,0.3,0.3,0.4,1,3.15512185398,301.3115979,0.5,2.7,404.911390032,1.77207792208,4b7d381b2b8e6afa
759,13000288,50,2,381.361496355,325,31,2.09242304389,328.754582299,250.41326732,31,31,0.4,0.7,0.1,1,2.5041326732,301.3115979,0.5,2.7,404.911390032,1.77207792208,4b7d381b2b8e6afa
759,13000288,50,3,455.036085331,175,26,1.98144539803,324.214644134,256.78121582,26,26,0.4,0.6,0,1,2.5678121582,301.3115979,0.5,2.7,404.911390032,1.77207792208,4b7d381b2b8e6afa
760,13000289,50,0,19.6775853035,425,25,1.6184176175,273.90881183,342.881339497,25,25,0.5,0.3,0.4,1,3.42881339497,204.907180268,0.8,2.2,216.526787861,3.53273809524,97f399c714cbd609
760,13000289,50,1,291.353198835,75,25,2.05078452406,309.511412571,301.934480874,25,25,0.5,0.4,0.6,1,3.01934480874,204.907180268,0.8,2.2,216.526787861,3.53273809524,97f399c714cbd609
760,13000289,50,2,402.94679836,325,34,1.54422901507,202.593241882,190.853903383,34,34,0.8,0.8,0.8,1,1.90853903383,204.907180268,0.8,2.2,216.526787861,3.53273809524,97f399c714cbd609
760,13000289,50,3,9.53046413756,175,22,2.08684189638,311.511058317,378.97236297,22,22,0.5,0.3,0.3,1,3.7897236297,204.907180268,0.8,2.2,216.526787861,3.53273809524,97f399c714cbd609
761,13000290,50,0,345.044762625,425,27,2.85058344302,286.549131537,293.268627586,27,27,0.4,0.3,0.4,1,2.93268627586,259.618408997,1,4.2,318.357409106,2.45333333333,c1ae2d2cbb10d8c0
761,13000290,50,1,193.449098038,75,33,1.90850023026,168.079878589,281.213667923,33,33,0.8,0.4,0.7,1,2.81213667923,259.618408997,1,4.2,318.357409106,2.45333333333,c1ae2d2cbb10d8c0
761,13000290,50,2,7.63224175757,325,26,1.92667417256,282.734062938,190.799008621,26,26,0.4,0.8,0.7,1,1.90799008621,259.618408997,1,4.2,318.357409106,2.45333333333,c1ae2d2cbb10d8c0
761,13000290,50,3,268.478342967,175,41,2.18449807658,153.26662924,249.898805519,41,41,1,0.7,0.9,1,2.49898805519,259.618408997,1,4.2,318.357409106,2.45333333333,c1ae2d2cbb10d8c0
762,13000291,50,0,10.7028726097,175,21,2.10647261623,369.499612778,377.721790806,21,21,0.3,0.1,0.1,1,3.77721790806,201.068137319,1,5.9,462.646580872,2.32576923077,fb3025d4b99566fa
762,13000291,50,1,73.7583737786,325,27,2.75458841306,296.700225796,301.72485108,27,27,0.5,0.5,0.2,1,3.0172485108,201.068137319,1,5.9,462.646580872,2.32576923077,fb3025d4b99566fa
762,13000291,50,2,463.379653492,75,25,2.10854222986,288.181547628,308.006261948,25,25,0.6,0.5,0.6,1,3.08006261948,201.068137319,1,5.9,462.646580872,2.32576923077,fb3025d4b99566fa
762,13000291,50,3,318.565148623,425,30,2.17342220488,185.454416665,213.667671234,30,30,0.8,0.8,0.5,1,2.13667671234,201.068137319,1,5.9,462.646580872,2.32576923077,fb3025d4b99566fa
763,13000292,50,0,454.693943625,75,20,2.89704010912,310.435307627,314.138272254,20,20,0.5,0.5,0.3,1,3.14138272254,242.481834243,1,4.5,354.284840279,2.48523809524,298b2883a2155df5
763,13000292,50,1,244.076514838,325,46,2.163483563,181.42158013,156.434527533,46,46,1,1,1,1,1.56434527533,242.481834243,1,4.5,354.284840279,2.48523809524,298b2883a2155df5
763,13000292,50,2,85.6411730447,175,34,1.52830223453,215.318874472,229.63974755,34,34,0.8,0.7,0.7,1,2.2963974755,242.481834243,1,4.5,354.284840279,2.48523809524,298b2883a2155df5
763,13000292,50,3,328.574415453,425,35,2.78036141843,261.436133455,207.318746402,35,35,0.8,0.8,0.7,1,2.07318746402,242.481834243,1,4.5,354.284840279,2.48523809524,298b2883a2155df5
764,13000293,50,0,117.735118028,175,32,1.93393972196,211.920864036,267.859772264,32,32,0.8,0.4,0.6,1,2.67859772264,246.391276944,0.8,3.8,355.192642792,2.81418650794,5cee82ff9af5eb0b
764,13000293,50,1,358.07947826,75,29,1.99343837828,303.45210537,258.266966785,29,29,0.4,0.7,0.4,1,2.58266966785,246.391276944,0.8,3.8,355.192642792,2.81418650794,5cee82ff9af5eb0b
764,13000293,50,2,390.473049942,325,39,2.97916060633,238.489948212,158.008057091,39,39,0.7,0.9,0.8,1,1.58008057091,246.391276944,0.8,3.8,355.192642792,2.81418650794,5cee82ff9af5eb0b
764,13000293,50,3,89.0494278806,425,26,2.13963979217,239.29300447,297.001671681,26,26,0.6,0.3,0.3,1,2.97001671681,246.391276944,0.8,3.8,355.192642792,2.81418650794,5cee82ff9af5eb0b
765,13000294,50,0,307.337460773,175,44,1.77391076301,185.253922201,161.339845814,44,44,0.8,1,1,1,1.61339845814,258.329614687,1,6.6,513.394286285,2.16821428571,b1939f72aaf31e2d
765,13000294,50,1,57.6120483084,75,26,1.82960306589,321.348246188,233.238380749,26,26,0.4,0.6,0.6,1,2.33238380749,258.329614687,1,6.6,513.394286285,2.16821428571,b1939f72aaf31e2d
765,13000294,50,2,334.089917873,325,37,1.9320645423,206.723727088,232.972242031,37,37,0.9,0.6,0.8,1,2.32972242031,258.329614687,1,6.6,513.394286285,2.16821428571,b1939f72aaf31e2d
765,13000294,50,3,63.8685357285,425,17,1.64830346253,281.301732016,373.298804129,17,17,0.5,0.2,0.1,1,3.73298804129,258.329614687,1,6.6,513.394286285,2.16821428571,b1939f72aaf31e2d
766,13000295,50,0,375.788543847,325,36,2.04515750093,216.460875404,219.350876433,36,36,0.9,0.8,0.6,1,2.19350876433,267.476685329,0.6,2,270.973919112,2.51111111111,bf789943d62f99d9
766,13000295,50,1,382.552833119,425,27,1.68744013042,269.237767958,279.422934311,27,27,0.4,0.5,0.2,1,2.79422934311,267.476685329,0.6,2,270.973919112,2.51111111111,bf789943d62f99d9
766,13000295,50,2,219.222564171,75,35,1.53215033244,204.880603231,185.668770657,35,35,0.8,0.8,0.6,1,1.85668770657,267.476685329,0.6,2,270.973919112,2.51111111111,bf789943d62f99d9
766,13000295,50,3,148.162687609,175,39,2.75996724271,198.334316103,175.645386351,39,39,0.8,0.8,0.6,1,1.75645386351,267.476685329,0.6,2,270.973919112,2.51111111111,bf789943d62f99d9
767,13000296,50,0,370.466080092,325,34,2.28782390338,243.692389273,229.361240942,34,34,0.6,0.8,0.5,1,2.29361240942,279.954359177,0.7,3,345.56189113,2.46904761905,8dcda4b2c55d6537
767,13000296,50,1,148.231732912,425,25,2.73893813373,300.510358195,260.844530475,25,25,0.5,0.6,0.2,1,2.60844530475,279.954359177,0.7,3,345.56189113,2.46904761905,8dcda4b2c55d6537
767,13000296,50,2,145.660625332,75,27,2.6957521094,271.650638323,249.020432925,27,27,0.6,0.7,0.5,1,2.49020432925,279.954359177,0.7,3,345.56189113,2.46904761905,8dcda4b2c55d6537
767,13000296,50,3,258.161191234,175,44,2.15139145906,230.033799156,178.732766854,44,44,0.7,0.9,0.7,1,1.78732766854,279.954359177,0.7,3,345.56189113,2.46904761905,8dcda4b2c55d6537
768,13000297,50,0,473.576789821,75,22,2.7814138124,325.366219427,407.903687413,22,22,0.4,0,0.2,1,4.07903687413,264.119413409,0.4,1,195.721693993,3.54166666667,167d20b6e07b1aa4
768,13000297,50,1,46.4265725349,425,21,2.9041775801,302.760646014,241.323920027,21,21,0.5,0.8,0.2,1,2.41323920027,264.119413409,0.4,1,195.721693993,3.54166666667,167d20b6e07b1aa4
768,13000297,50,2,493.009692543,175,25,2.56872825493,292.541352513,385.730075891,25,25,0.4,0.3,0.2,1,3.85730075891,264.119413409,0.4,1,195.721693993,3.54166666667,167d20b6e07b1aa4
768,13000297,50,3,126.12147465,325,38,2.73871269439,210.166648077,170.59227881,38,38,0.9,0.9,0.4,1,1.7059227881,264.119413409,0.4,1,195.721693993,3.54166666667,167d20b6e07b1aa4
769,13000298,50,0,117.894465484,325,34,2.21521246266,215.60093613,249.167122123,34,34,0.8,0.7,0.9,1,2.49167122123,287.614254046,1,5.3,406.139169892,2.05892857143,32e0e57cbb1ca23b
769,13000298,50,1,483.444295754,75,19,1.91922031523,353.119027064,316.287238898,19,19,0.2,0.4,0,1,3.16287238898,287.614254046,1,5.3,406.139169892,2.05892857143,32e0e57cbb1ca23b
769,13000298,50,2,19.5197165386,175,25,2.00083971493,241.493202776,287.28211599,25,25,0.6,0.4,0.5,1,2.8728211599,287.614254046,1,5.3,406.139169892,2.05892857143,32e0e57cbb1ca23b
769,13000298,50,3,241.407822397,425,31,1.93348820291,250.197006054,260.773324968,31,31,0.7,0.7,0.5,1,2.60773324968,287.614254046,1,5.3,406.139169892,2.05892857143,32e0e57cbb1ca23b
770,13000299,50,0,99.4121886948,75,30,2.31231839761,252.974704574,244.037746842,30,30,0.7,0.7,0.7,1,2.44037746842,244.435538288,1,3.6,293.655877204,2.78666666667,d443c9af9066c03d
770,13000299,50,1,365.358300148,175,41,2.57258510865,203.67941686,195.522162034,41,41,0.8,0.9,0.8,1,1.95522162034,244.435538288,1,3.6,293.655877204,2.78666666667,d443c9af9066c03d
770,13000299,50,2,32.2615270053,425,19,2.99384975273,284.987775239,358.554326934,19,19,0.6,0.2,0.3,1,3.58554326934,244.435538288,1,3.6,293.655877204,2.78666666667,d443c9af9066c03d
770,13000299,50,3,358.258934072,325,38,1.96450484231,198.12272466,245.710609019,38,38,0.8,0.7,0.9,1,2.45710609019,244.435538288,1,3.6,293.655877204,2.78666666667,d443c9af9066c03d
771,13000300,50,0,310.691499831,425,28,2.57898618428,279.126377668,279.724954833,28,28,0.4,0.4,0.5,1,2.79724954833,364.144982879,1,7.1,535.177087072,2.26265873016,eff1841ef83dba9f
771,13000300,50,1,377.541021607,325,30,1.58374835449,249.685908618,240.900788574,30,30,0.6,0.5,0.7,1,2.40900788574,364.144982879,1,7.1,535.177087072,2.26265873016,eff1841ef83dba9f
771,13000300,50,2,85.9560403002,175,31,2.85475699805,288.531892689,283.676351326,31,31,0.3,0.4,0.1,1,2.83676351326,364.144982879,1,7.1,535.177087072,2.26265873016,eff1841ef83dba9f
771,13000300,50,3,169.998118968,75,28,2.62208024619,288.54866803,270.651085419,28,28,0.5,0.4,0,1,2.70651085419,364.144982879,1,7.1,535.177087072,2.26265873016,eff1841ef83dba9f
772,13000301,50,0,247.469019946,175,47,1.57005095077,218.576389568,191.579595958,47,47,1,1,0.7,1,1.91579595958,285.495306696,0.7,3.5,389.611167836,3.20238095238,415eb272de95635c
772,13000301,50,1,284.190313605,325,40,1.7594585086,224.611432744,199.100682147,40,40,0.8,0.7,0.6,1,1.99100682147,285.495306696,0.7,3.5,389.611167836,3.20238095238,415eb272de95635c
772,13000301,50,2,363.26002043,75,30,2.26900934073,243.389784174,240.495197085,30,30,0.6,0.6,0.6,1,2.40495197085,285.495306696,0.7,3.5,389.611167836,3.20238095238,415eb272de95635c
772,13000301,50,3,328.910342441,425,24,2.02227255395,280.46002517,275.585363647,24,24,0.4,0.5,0.3,1,2.75585363647,285.495306696,0.7,3.5,389.611167836,3.20238095238,415eb272de95635c
773,13000302,50,0,54.4004247011,175,24,2.42273724688,260.923616852,327.187023509,24,24,0.7,0.2,0.4,1,3.27187023509,288.155384417,1,5.3,410.942608961,2.99607142857,d6f66c9d41202d1c
773,13000302,50,1,304.537011822,325,45,2.1662129218,191.175803829,183.931322815,45,45,0.8,0.9,0.9,1,1.83931322815,288.155384417,1,5.3,410.942608961,2.99607142857,d6f66c9d41202d1c
773,13000302,50,2,326.250743049,75,35,2.22582420536,220.109076822,263.525068533,35,35,0.8,0.5,1,1,2.63525068533,288.155384417,1,5.3,410.942608961,2.99607142857,d6f66c9d41202d1c
773,13000302,50,3,71.6959886521,425,22,1.74098689665,323.571280076,347.315879579,22,22,0.4,0.4,0.4,1,3.47315879579,288.155384417,1,5.3,410.942608961,2.99607142857,d6f66c9d41202d1c
774,13000303,50,0,47.6150537943,325,29,2.90063796199,340.481012931,269.834904613,29,29,0.3,0.7,0.2,1,2.69834904613,309.334359575,0.6,2.8,342.225875222,2.56746031746,ecdf8109d702d31c
774,13000303,50,1,176.879960017,425,33,1.58845329466,300.044042594,265.426559227,33,33,0.6,0.5,0.5,1,2.65426559227,309.334359575,0.6,2.8,342.225875222,2.56746031746,ecdf8109d702d31c
774,13000303,50,2,445.569120374,175,25,2.36659092158,201.899933449,279.087185391,25,25,0.8,0.5,0.3,1,2.79087185391,309.334359575,0.6,2.8,342.225875222,2.56746031746,ecdf8109d702d31c
774,13000303,50,3,388.685730927,75,24,2.61299437316,238.981211503,294.458799417,24,24,0.7,0.6,0.4,1,2.94458799417,309.334359575,0.6,2.8,342.225875222,2.56746031746,ecdf8109d702d31c
775,13000304,50,0,217.029177652,325,39,1.67405890396,179.384878764,226.149618781,39,39,1,0.8,0.8,1,2.26149618781,216.552990951,0.8,2.4,248.017602879,2.61079545455,d5d753ea71ec652a
775,13000304,50,1,416.967484348,425,20,2.96489396327,355.932206005,374.817787947,20,20,0.1,0.1,0,1,3.74817787947,216.552990951,0.8,2.4,248.017602879,2.61079545455,d5d753ea71ec652a
775,13000304,50,2,112.935443213,175,33,1.86323632747,113.915091239,154.144649915,33,33,0.9,0.9,0.8,1,1.54144649915,216.552990951,0.8,2.4,248.017602879,2.61079545455,d5d753ea71ec652a
775,13000304,50,3,289.680856999,75,34,1.75181834894,235.047574714,214.571323568,34,34,0.9,0.9,0.7,1,2.14571323568,216.552990951,0.8,2.4,248.017602879,2.61079545455,d5d753ea71ec652a
776,13000305,50,0,54.3388784136,75,27,2.4901380431,252.359540956,267.059337932,27,27,0.5,0.7,0.5,1,2.67059337932,256.061957924,0.9,3.3,280.990812312,2.48015873016,b6ec0b57f9218acc
776,13000305,50,1,71.3164430148,425,20,2.99018576913,334.041759355,339.554297501,20,20,0.4,0.3,0.2,1,3.39554297501,256.061957924,0.9,3.3,280.990812312,2.48015873016,b6ec0b57f9218acc
776,13000305,50,2,455.618521075,175,32,2.84482876982,255.512286601,256.560996081,32,32,0.6,0.8,0.6,1,2.56560996081,256.061957924,0.9,3.3,280.990812312,2.48015873016,b6ec0b57f9218acc
776,13000305,50,3,427.88202186,325,32,2.66606003657,275.305220184,279.06386477,32,32,0.6,0.6,0.5,1,2.7906386477,256.061957924,0.9,3.3,280.990812312,2.48015873016,b6ec0b57f9218acc
777,13000306,50,0,6.0477344045,175,16,2.41012657079,467.505051801,409.45781784,16,16,0,0.1,0,1,4.0945781784,226.923610523,1,3.6,279.136254224,2.92166666667,e3e3b46b0634f3d4
777,13000306,50,1,364.988082714,325,39,1.76745966111,169.31961685,179.171745487,39,39,1,1,0.9,1,1.79171745487,226.923610523,1,3.6,279.136254224,2.92166666667,e3e3b46b0634f3d4
777,13000306,50,2,40.1795167796,75,15,2.11676622835,467.868426012,432.811197387,15,15,0.1,0.1,0,1,4.32811197387,226.923610523,1,3.6,279.136254224,2.92166666667,e3e3b46b0634f3d4
777,13000306,50,3,489.918872422,425,24,1.66975712189,190.054282719,215.535968273,24,24,0.7,0.7,0.7,1,2.15535968273,226.923610523,1,3.6,279.136254224,2.92166666667,e3e3b46b0634f3d4
778,13000307,50,0,166.933465567,175,38,2.30819320455,221.892243823,290.930032162,38,38,0.8,0.4,0.2,1,2.90930032162,240.019107262,0.4,1,183.139656072,2.79166666667,5cea7f21d8f98b91
778,13000307,50,1,197.95938818,425,40,2.52516546261,221.115484953,196.014933974,40,40,0.8,1,0.4,1,1.96014933974,240.019107262,0.4,1,183.139656072,2.79166666667,5cea7f21d8f98b91
778,13000307,50,2,377.770695611,325,42,2.18910959515,217.190002179,166.452566349,42,42,0.8,1,0.4,1,1.66452566349,240.019107262,0.4,1,183.139656072,2.79166666667,5cea7f21d8f98b91
778,13000307,50,3,309.28615076,75,24,1.95523686876,259.247347953,325.180720881,24,24,0.5,0.3,0.1,1,3.25180720881,240.019107262,0.4,1,183.139656072,2.79166666667,5cea7f21d8f98b91
779,13000308,50,0,211.682195153,425,34,2.25928429152,243.690515561,252.518849381,34,34,0.6,0.8,0.7,1,2.52518849381,216.353421349,0.8,2.1,203.935878631,3.09375,7f7d01f2079aa513
779,13000308,50,1,331.99570919,175,43,1.82259872156,148.174965555,202.199130039,43,43,1,0.8,0.8,1,2.02199130039,216.353421349,0.8,2.1,203.935878631,3.09375,7f7d01f2079aa513
779,13000308,50,2,380.829439804,75,28,2.43861434636,201.386140246,275.48318668,28,28,0.7,0.6,0.5,1,2.7548318668,216.353421349,0.8,2.1,203.935878631,3.09375,7f7d01f2079aa513
779,13000308,50,3,35.1307174072,325,32,2.52163577817,319.808515788,249.16358168,32,32,0.5,0.6,0.6,1,2.4916358168,216.353421349,0.8,2.1,203.935878631,3.09375,7f7d01f2079aa513
780,13000309,50,0,164.718267831,75,31,1.67926256683,283.638356702,321.66864209,31,31,0.4,0.3,0.3,1,3.2166864209,309.84341161,1,6.6,540.457917696,2.49034992785,b47bae40b567f540
780,13000309,50,1,196.67026807,175,43,1.84359622483,238.183540548,257.914056585,43,43,0.7,0.5,0.8,1,2.57914056585,309.84341161,1,6.6,540.457917696,2.49034992785,b47bae40b567f540
780,13000309,50,2,378.293379572,325,36,2.7897752717,232.768793231,185.654904769,36,36,0.8,0.9,0.6,1,1.85654904769,309.84341161,1,6.6,540.457917696,2.49034992785,b47bae40b567f540
780,13000309,50,3,433.986344379,425,23,2.32277411345,255.801542354,220.819365947,23,23,0.6,0.5,0.3,1,2.20819365947,309.84341161,1,6.6,540.457917696,2.49034992785,b47bae40b567f540
781,13000310,50,0,45.8528019846,325,25,2.94192787297,271.338509867,322.855327039,25,25,0.6,0.5,0.1,1,3.22855327039,282.20131369,0.9,4.5,382.814585162,2.72821869489,ba61c0b7c0b439de
781,13000310,50,1,426.865411377,425,19,2.43142526886,353.225357967,347.822329796,19,19,0.2,0.3,0.2,1,3.47822329796,282.20131369,0.9,4.5,382.814585162,2.72821869489,ba61c0b7c0b439de
781,13000310,50,2,405.990666603,75,32,2.15982591891,231.407318163,228.820992462,32,32,0.6,0.6,0.6,1,2.28820992462,282.20131369,0.9,4.5,382.814585162,2.72821869489,ba61c0b7c0b439de
781,13000310,50,3,6.12922689461,175,22,2.75471271022,261.883000044,307.364304735,22,22,0.5,0.4,0.3,1,3.07364304735,282.20131369,0.9,4.5,382.814585162,2.72821869489,ba61c0b7c0b439de
782,13000311,50,0,18.3617292072,75,22,2.6317598115,328.632042324,292.416463235,22,22,0.5,0.5,0.3,1,2.92416463235,256.121503455,1,5,386.667618459,2.20373015873,7fbdeeeb6938be58
782,13000311,50,1,458.629620141,425,18,2.82625475393,282.994011078,341.126532237,18,18,0.5,0.5,0.3,1,3.41126532237,256.121503455,1,5,386.667618459,2.20373015873,7fbdeeeb6938be58
782,13000311,50,2,329.519790937,325,39,2.12716553162,188.282413922,212.70050146,39,39,0.9,0.7,0.9,1,2.1270050146,256.121503455,1,5,386.667618459,2.20373015873,7fbdeeeb6938be58
782,13000311,50,3,52.0495808546,175,33,1.51577945358,261.223557348,242.957565914,33,33,0.5,0.7,0.9,1,2.42957565914,256.121503455,1,5,386.667618459,2.20373015873,7fbdeeeb6938be58
783,13000312,50,0,224.001021875,325,43,1.76488556907,208.088428332,231.824336306,43,43,0.8,0.6,0.6,1,2.31824336306,306.929924015,1,5.6,449.200071918,2.41396825397,16e0ef1b00fe1d4
783,13000312,50,1,207.377856633,175,41,2.2706230407,224.214977104,176.254911818,41,41,0.9,0.9,0.8,1,1.76254911818,306.929924015,1,5.6,449.200071918,2.41396825397,16e0ef1b00fe1d4
783,13000312,50,2,425.81565917,75,25,1.60646576472,262.23905399,220.834717412,25,25,0.7,0.8,0.7,1,2.20834717412,306.929924015,1,5.6,449.200071918,2.41396825397,16e0ef1b00fe1d4
783,13000312,50,3,380.404428461,425,33,2.6326907507,254.600656105,305.147483279,33,33,0.6,0.5,0.5,1,3.05147483279,306.929924015,1,5.6,449.200071918,2.41396825397,16e0ef1b00fe1d4
784,13000313,50,0,418.491952673,75,30,1.76546250573,268.950518517,304.148388858,30,30,0.7,0.5,0.5,1,3.04148388858,226.50240864,0.8,2.6,255.166002296,2.68333333333,27db97871ede6c0
784,13000313,50,1,467.566564664,175,28,2.76817293068,238.33089297,307.481727321,28,28,0.6,0.5,0.5,1,3.07481727321,226.50240864,0.8,2.6,255.166002296,2.68333333333,27db97871ede6c0
784,13000313,50,2,138.615587012,325,31,2.30433934234,190.337029845,204.699658925,31,31,0.7,0.9,0.8,1,2.04699658925,226.50240864,0.8,2.6,255.166002296,2.68333333333,27db97871ede6c0
784,13000313,50,3,76.9353953619,425,16,2.62780511486,283.393915506,289.148918144,16,16,0.6,0.5,0.4,1,2.89148918144,226.50240864,0.8,2.6,255.166002296,2.68333333333,27db97871ede6c0
785,13000314,50,0,174.93812963,75,29,2.23450083789,271.112924134,250.868954642,29,29,0.6,0.9,0.3,1,2.50868954642,285.518742804,0.5,1.7,223.205033042,2.61333333333,173f1a1b173e58a0
785,13000314,50,1,320.701074192,325,43,1.60107404024,240.659625118,194.939126705,43,43,0.7,0.9,0.5,1,1.94939126705,285.518742804,0.5,1.7,223.205033042,2.61333333333,173f1a1b173e58a0
785,13000314,50,2,58.5475227007,175,25,2.16651091022,268.830005361,242.351674803,25,25,0.4,0.7,0.4,1,2.42351674803,285.518742804,0.5,1.7,223.205033042,2.61333333333,173f1a1b173e58a0
785,13000314,50,3,480.281984918,425,25,2.25270422443,368.12073442,344.925915935,25,25,0.4,0.3,0.4,1,3.44925915935,285.518742804,0.5,1.7,223.205033042,2.61333333333,173f1a1b173e58a0
786,13000315,50,0,479.927097803,175,31,2.28599018715,168.707971239,271.562773821,31,31,0.9,0.7,0.6,1,2.71562773821,268.366922283,0.9,4.3,371.476007733,2.73743386243,b1c7a61f3eeae388
786,13000315,50,1,42.2552579737,325,22,2.73028499854,372.785646773,283.581818076,22,22,0.1,0.4,0.1,1,2.83581818076,268.366922283,0.9,4.3,371.476007733,2.73743386243,b1c7a61f3eeae388
786,13000315,50,2,235.103089074,75,36,1.91927229274,218.480537533,238.640812459,36,36,0.9,0.6,0.9,1,2.38640812459,268.366922283,0.9,4.3,371.476007733,2.73743386243,b1c7a61f3eeae388
786,13000315,50,3,416.783193978,425,24,1.84023676193,281.280531635,282.973487015,24,24,0.5,0.4,0.4,1,2.82973487015,268.366922283,0.9,4.3,371.476007733,2.73743386243,b1c7a61f3eeae388
787,13000316,50,0,398.231354819,425,27,1.61661286093,168.157414443,317.63525317,27,27,0.9,0.5,0.5,1,3.1763525317,239.286704054,1,3.7,284.141491356,2.92476190476,a1b1140884071273
787,13000316,50,1,389.29443353,75,34,2.09424626863,250.996168445,192.078666922,34,34,0.7,0.8,0.8,1,1.92078666922,239.286704054,1,3.7,284.141491356,2.92476190476,a1b1140884071273
787,13000316,50,2,123.080873567,325,32,1.56170082992,277.626896374,290.191425307,32,32,0.5,0.4,0.8,1,2.90191425307,239.286704054,1,3.7,284.141491356,2.92476190476,a1b1140884071273
787,13000316,50,3,237.656773731,175,46,1.93755183522,228.761639918,191.740305161,46,46,0.9,0.9,0.9,1,1.91740305161,239.286704054,1,3.7,284.141491356,2.92476190476,a1b1140884071273
788,13000317,50,0,62.3124265054,325,28,2.92725069941,257.670638982,276.077625472,28,28,0.6,0.6,0.7,1,2.76077625472,330.10570553,1,7.2,573.041880697,2.19079365079,381b3e1b20fadfbb
788,13000317,50,1,475.865163911,425,20,2.76142922327,327.73430298,286.457089281,20,20,0.4,0.5,0.1,1,2.86457089281,330.10570553,1,7.2,573.041880697,2.19079365079,381b3e1b20fadfbb
788,13000317,50,2,473.042037229,175,25,2.48094635486,346.810857085,323.817969861,25,25,0.3,0.5,0.1,1,3.23817969861,330.10570553,1,7.2,573.041880697,2.19079365079,381b3e1b20fadfbb
788,13000317,50,3,81.7216012974,75,21,2.89133258038,346.314098405,343.587166616,21,21,0.3,0.3,0,1,3.43587166616,330.10570553,1,7.2,573.041880697,2.19079365079,381b3e1b20fadfbb
789,13000318,50,0,85.3554522746,175,33,2.10574671878,285.561230977,172.42433546,33,33,0.6,0.9,0.7,1,1.7242433546,275.059102117,0.9,3.9,348.007232389,2.98148148148,1823b948c5d3e620
789,13000318,50,1,307.032805493,325,38,2.3122855796,193.721530805,187.501456095,38,38,0.7,0.8,0.4,1,1.87501456095,275.059102117,0.9,3.9,348.007232389,2.98148148148,1823b948c5d3e620
789,13000318,50,2,125.569062494,425,29,2.89318539822,278.589384719,243.499100416,29,29,0.5,0.7,0.8,1,2.43499100416,275.059102117,0.9,3.9,348.007232389,2.98148148148,1823b948c5d3e620
789,13000318,50,3,352.443756715,75,29,2.97287595401,272.263873479,240.670995468,29,29,0.7,0.8,0.4,1,2.40670995468,275.059102117,0.9,3.9,348.007232389,2.98148148148,1823b948c5d3e620
790,13000319,50,0,130.934742779,325,34,1.65886656124,208.04112831,233.947775014,34,34,0.8,0.5,0.9,1,2.33947775014,277.294062755,0.9,3.5,314.04799772,2.72037037037,d7b2c5610a48ea04
790,13000319,50,1,371.316402065,75,30,2.8049323188,269.318593378,298.651714958,30,30,0.5,0.5,0.3,1,2.98651714958,277.294062755,0.9,3.5,314.04799772,2.72037037037,d7b2c5610a48ea04
790,13000319,50,2,98.4051239444,175,27,2.8530346573,256.933676608,269.502700054,27,27,0.6,0.6,0.6,1,2.69502700054,277.294062755,0.9,3.5,314.04799772,2.72037037037,d7b2c5610a48ea04
790,13000319,50,3,484.273063248,425,25,2.22120376665,282.315668371,271.503112679,25,25,0.5,0.6,0.4,1,2.71503112679,277.294062755,0.9,3.5,314.04799772,2.72037037037,d7b2c5610a48ea04
791,13000320,50,0,87.1276693391,325,34,2.52690397948,231.835902537,240.893591511,34,34,0.8,0.6,0.5,1,2.40893591511,287.953938046,1,5.3,435.815593378,2.16,1db8972ed96f739d
791,13000320,50,1,456.269332024,75,19,2.95066329972,366.237084752,367.935108457,19,19,0.1,0.2,0.1,1,3.67935108457,287.953938046,1,5.3,435.815593378,2.16,1db8972ed96f739d
791,13000320,50,2,108.488983506,175,36,2.21820967067,240.496170667,283.563998268,36,36,0.4,0.6,0.6,1,2.83563998268,287.953938046,1,5.3,435.815593378,2.16,1db8972ed96f739d
791,13000320,50,3,284.519171375,425,35,1.77380736686,201.960014495,234.209352404,35,35,0.8,0.7,0.8,1,2.34209352404,287.953938046,1,5.3,435.815593378,2.16,1db8972ed96f739d
792,13000321,50,0,259.827992123,75,36,1.90186715893,178.972624753,269.898334164,36,36,0.9,0.7,1,1,2.69898334164,303.680817957,1,5.1,394.984168757,2.92476190476,cca2b0caab5e2faf
792,13000321,50,1,5.15294081722,425,19,1.76331700031,445.842202469,288.7480492,19,19,0.1,0.5,0.1,1,2.887480492,303.680817957,1,5.1,394.984168757,2.92476190476,cca2b0caab5e2faf
792,13000321,50,2,457.526671953,325,26,1.81252995987,255.587545207,245.797366145,26,26,0.6,0.6,0.6,1,2.45797366145,303.680817957,1,5.1,394.984168757,2.92476190476,cca2b0caab5e2faf
792,13000321,50,3,118.89567499,175,35,2.63940799709,252.755546078,221.613864345,35,35,0.4,0.7,0.9,1,2.21613864345,303.680817957,1,5.1,394.984168757,2.92476190476,cca2b0caab5e2faf
793,13000322,50,0,65.198071988,175,23,1.85409103469,241.215966834,343.069306628,23,23,0.6,0.2,0.1,1,3.43069306628,272.460039148,0.7,2.5,293.86407022,2.94404761905,50ed525740921c65
793,13000322,50,1,107.679226072,75,21,2.73183479288,286.052157728,373.060297429,21,21,0.6,0.2,0.2,1,3.73060297429,272.460039148,0.7,2.5,293.86407022,2.94404761905,50ed525740921c65
793,13000322,50,2,405.439683841,425,32,1.91010445282,225.798357849,185.682389889,32,32,0.7,0.7,0.6,1,1.85682389889,272.460039148,0.7,2.5,293.86407022,2.94404761905,50ed525740921c65
793,13000322,50,3,489.824892992,325,30,2.50116201337,259.941052971,216.282124496,30,30,0.6,0.7,0.5,1,2.16282124496,272.460039148,0.7,2.5,293.86407022,2.94404761905,50ed525740921c65
794,13000323,50,0,194.145592938,325,39,2.21632985103,249.276757267,285.812321166,39,39,0.7,0.4,0.6,1,2.85812321166,299.226345082,1,5.7,447.844465121,2.52619047619,dfc070a90f98c1ac
794,13000323,50,1,282.1989685,425,29,2.14983435325,295.429084448,327.071074505,29,29,0.5,0.3,0.3,1,3.27071074505,299.226345082,1,5.7,447.844465121,2.52619047619,dfc070a90f98c1ac
794,13000323,50,2,117.797891672,75,33,1.80617822861,280.91220571,276.084797597,33,33,0.6,0.6,0.7,1,2.76084797597,299.226345082,1,5.7,447.844465121,2.52619047619,dfc070a90f98c1ac
794,13000323,50,3,373.131731688,175,38,2.49333912194,254.914560348,175.069694171,38,38,0.5,1,0.9,1,1.75069694171,299.226345082,1,5.7,447.844465121,2.52619047619,dfc070a90f98c1ac
795,13000324,50,0,321.338069389,425,29,1.78116693348,217.510463032,302.262561431,29,29,0.9,0.7,0.7,1,3.02262561431,259.287839753,1,5.1,389.523557404,2.03388888889,603dfa73b5cf200f
795,13000324,50,1,497.056944926,75,21,2.68841518963,336.1068591,359.136806707,21,21,0.5,0.5,0.2,1,3.59136806707,259.287839753,1,5.1,389.523557404,2.03388888889,603dfa73b5cf200f
795,13000324,50,2,148.286237331,325,36,2.83751555006,173.669858381,212.578132031,36,36,0.9,0.8,0.9,1,2.12578132031,259.287839753,1,5.1,389.523557404,2.03388888889,603dfa73b5cf200f
795,13000324,50,3,148.481172775,175,39,2.970755933,191.512053571,198.942659807,39,39,0.8,1,1,1,1.98942659807,259.287839753,1,5.1,389.523557404,2.03388888889,603dfa73b5cf200f
796,13000325,50,0,435.296865652,325,29,2.3838958035,215.784137872,286.8899937,29,29,0.8,0.5,0.4,1,2.868899937,257.54354313,0.5,1.4,231.999001431,3.1,c4544a89cadd500e
796,13000325,50,1,220.709766987,75,39,2.35587368517,222.777523316,314.820964397,39,39,0.8,0.5,0.3,1,3.14820964397,257.54354313,0.5,1.4,231.999001431,3.1,c4544a89cadd500e
796,13000325,50,2,87.9677496803,425,22,1.5098217744,263.118836462,250.561795395,22,22,0.7,0.5,0.2,1,2.50561795395,257.54354313,0.5,1.4,231.999001431,3.1,c4544a89cadd500e
796,13000325,50,3,425.092396023,175,35,2.98939578435,208.087533609,275.482946183,35,35,0.8,0.4,0.4,1,2.75482946183,257.54354313,0.5,1.4,231.999001431,3.1,c4544a89cadd500e
797,13000326,50,0,8.62874357537,425,17,1.69782099078,367.243549926,344.132537958,17,17,0.3,0.5,0.5,1,3.44132537958,240.648349008,1,4.4,336.091779899,2.18333333333,28f370af649f7273
797,13000326,50,1,47.8401352284,75,22,2.0570912992,227.565303887,341.821102454,22,22,0.5,0.4,0.5,1,3.41821102454,240.648349008,1,4.4,336.091779899,2.18333333333,28f370af649f7273
797,13000326,50,2,356.965088824,325,37,2.43835015251,280.580278389,211.197270335,37,37,0.5,0.8,0.7,1,2.11197270335,240.648349008,1,4.4,336.091779899,2.18333333333,28f370af649f7273
797,13000326,50,3,433.766536842,175,30,2.12685116981,281.808145597,256.551180453,30,30,0.4,0.5,0.5,1,2.56551180453,240.648349008,1,4.4,336.091779899,2.18333333333,28f370af649f7273
798,13000327,50,0,177.173832287,325,41,2.15175677127,218.18889793,232.964255198,41,41,0.8,0.9,1,1,2.32964255198,195.90742765,1,3.4,270.356595893,2.85833333333,b30200a8088f49db
798,13000327,50,1,324.145409352,75,38,1.60427920892,232.599362485,170.720972501,38,38,0.6,0.9,1,1,1.70720972501,195.90742765,1,3.4,270.356595893,2.85833333333,b30200a8088f49db
798,13000327,50,2,104.590028577,425,23,2.73197134175,306.66050465,337.352388837,23,23,0.4,0.3,0.3,1,3.37352388837,195.90742765,1,3.4,270.356595893,2.85833333333,b30200a8088f49db
798,13000327,50,3,499.645180361,175,23,2.19341382554,346.720336668,259.704455484,23,23,0.2,0.7,0.4,1,2.59704455484,195.90742765,1,3.4,270.356595893,2.85833333333,b30200a8088f49db
799,13000328,50,0,184.162103975,425,29,2.34164894748,253.074964602,159.73927803,29,29,0.5,0.9,0.5,1,1.5973927803,276.012501918,0.8,3,284.487649,2.3625,98c3486076104979
799,13000328,50,1,344.379726379,175,37,1.85520614462,200.58088812,250.023904557,37,37,0.8,0.8,0.7,1,2.50023904557,276.012501918,0.8,3,284.487649,2.3625,98c3486076104979
799,13000328,50,2,403.882858904,75,27,2.9020834487,257.433187886,347.343962236,27,27,0.5,0.4,0.3,1,3.47343962236,276.012501918,0.8,3,284.487649,2.3625,98c3486076104979
799,13000328,50,3,245.808599703,325,43,1.75471047721,188.454550406,158.020347472,43,43,0.9,1,0.8,1,1.58020347472,276.012501918,0.8,3,284.487649,2.3625,98c3486076104979
800,13000329,50,0,221.691168624,175,46,1.59249099789,181.704572767,189.346432817,46,46,1,1,1,1,1.89346432817,215.934872699,1,4,309.572240563,2.64416666667,632dbf118de318fd
800,13000329,50,1,418.172000993,425,27,2.72544463465,332.556160775,271.059738794,27,27,0.4,0.6,0.2,1,2.71059738794,215.934872699,1,4,309.572240563,2.64416666667,632dbf118de318fd
800,13000329,50,2,83.5835016973,325,36,1.77922069312,188.387229208,216.65428194,36,36,1,0.8,0.9,1,2.1665428194,215.934872699,1,4,309.572240563,2.64416666667,632dbf118de318fd
800,13000329,50,3,233.417020959,75,32,2.21153904353,236.681015253,249.373015337,32,32,0.7,0.7,0.9,1,2.49373015337,215.934872699,1,4,309.572240563,2.64416666667,632dbf118de318fd
801,13000330,50,0,88.7961131452,75,29,2.24623771282,312.923304857,266.268737758,29,29,0.3,0.5,0.6,1,2.66268737758,240.229144303,0.8,2.8,265.23164045,2.82083333333,4c635eb47d5f5b47
801,13000330,50,1,311.98043099,425,30,2.31364994128,222.186513686,258.369492413,30,30,0.7,0.6,0.6,1,2.58369492413,240.229144303,0.8,2.8,265.23164045,2.82083333333,4c635eb47d5f5b47
801,13000330,50,2,142.715382217,175,38,2.38667443731,232.57065073,221.940336931,38,38,0.7,0.5,0.7,1,2.21940336931,240.229144303,0.8,2.8,265.23164045,2.82083333333,4c635eb47d5f5b47
801,13000330,50,3,486.993851957,325,25,2.42683794956,284.727917859,245.212562695,25,25,0.7,0.6,0.2,1,2.45212562695,240.229144303,0.8,2.8,265.23164045,2.82083333333,4c635eb47d5f5b47
802,13000331,50,0,73.5256197858,75,29,2.05579198447,317.587756364,330.634005926,29,29,0.5,0.3,0.6,1,3.30634005926,245.253807458,1,4.1,309.025350532,3.02166666667,772495033e50805f
802,13000331,50,1,303.257257617,175,41,1.54551183089,183.223369761,203.184725859,41,41,0.8,0.9,0.8,1,2.03184725859,245.253807458,1,4.1,309.025350532,3.02166666667,772495033e50805f
802,13000331,50,2,466.589702843,325,28,1.99350242553,283.549419486,284.781426459,28,28,0.7,0.8,0.8,1,2.84781426459,245.253807458,1,4.1,309.025350532,3.02166666667,772495033e50805f
802,13000331,50,3,178.50018524,425,29,2.4595206877,255.189561354,241.424571189,29,29,0.5,0.6,0.3,1,2.41424571189,245.253807458,1,4.1,309.025350532,3.02166666667,772495033e50805f
803,13000332,50,0,152.159462988,175,42,2.17279915681,227.308657344,217.358534641,42,42,0.7,0.9,0.8,1,2.17358534641,259.974500166,0.8,2.9,276.319350312,3.01458333333,dd72a6726525324e
803,13000332,50,1,183.366356484,75,31,2.27887786117,276.368455956,244.326201935,31,31,0.4,0.7,0.4,1,2.44326201935,259.974500166,0.8,2.9,276.319350312,3.01458333333,dd72a6726525324e
803,13000332,50,2,259.75385002,425,34,2.06298180511,214.306944299,228.916555408,34,34,0.7,0.6,0.8,1,2.28916555408,259.974500166,0.8,2.9,276.319350312,3.01458333333,dd72a6726525324e
803,13000332,50,3,292.611510441,325,43,1.61036909784,188.625024534,156.903851827,43,43,1,0.9,0.8,1,1.56903851827,259.974500166,0.8,2.9,276.319350312,3.01458333333,dd72a6726525324e
804,13000333,50,0,218.931220816,325,46,1.64302212996,198.501499574,184.047893875,46,46,0.8,1,0.7,1,1.84047893875,284.184024816,0.8,4.2,403.094149932,2.77663690476,56da2193c5cea941
804,13000333,50,1,5.81367602597,425,27,2.96820512645,344.174944207,243.668751594,27,27,0.3,0.7,0.4,1,2.43668751594,284.184024816,0.8,4.2,403.094149932,2.77663690476,56da2193c5cea941
804,13000333,50,2,184.92773436,75,32,2.47633864696,261.161543731,365.208701973,32,32,0.7,0.2,0.3,1,3.65208701973,284.184024816,0.8,4.2,403.094149932,2.77663690476,56da2193c5cea941
804,13000333,50,3,475.085960988,175,25,2.97175436408,277.890025722,351.830686662,25,25,0.7,0.3,0,1,3.51830686662,284.184024816,0.8,4.2,403.094149932,2.77663690476,56da2193c5cea941
805,13000334,50,0,87.092379292,425,24,2.90976258094,266.233111718,324.89498804,24,24,0.6,0.5,0,1,3.2489498804,271.257841029,1,5.9,433.738212327,2.54444444444,242a0518cfd7b739
805,13000334,50,1,335.505545592,175,39,1.85980108353,201.639774259,177.958376397,39,39,0.9,1,0.8,1,1.77958376397,271.257841029,1,5.9,433.738212327,2.54444444444,242a0518cfd7b739
805,13000334,50,2,480.049826029,75,23,1.6730713819,336.402449715,284.144264165,23,23,0.4,0.5,0.4,1,2.84144264165,271.257841029,1,5.9,433.738212327,2.54444444444,242a0518cfd7b739
805,13000334,50,3,103.314897675,325,34,2.40889101458,210.915987663,265.081240601,34,34,0.8,0.6,0.6,1,2.65081240601,271.257841029,1,5.9,433.738212327,2.54444444444,242a0518cfd7b739
806,13000335,50,0,170.569311723,75,25,2.57903286844,327.850577065,329.080254037,25,25,0.2,0.4,0,1,3.29080254037,242.608672775,0.6,1.9,245.836157632,2.34259259259,fae7f2b5fa3e24c5
806,13000335,50,1,473.257677706,325,26,1.84014036053,243.666146935,258.624654226,26,26,0.7,0.7,0.4,1,2.58624654226,242.608672775,0.6,1.9,245.836157632,2.34259259259,fae7f2b5fa3e24c5
806,13000335,50,2,72.377367044,425,26,2.72274944206,243.121885623,330.671468724,26,26,0.6,0.2,0.1,1,3.30671468724,242.608672775,0.6,1.9,245.836157632,2.34259259259,fae7f2b5fa3e24c5
806,13000335,50,3,377.795062047,175,32,2.4898739665,270.349052917,243.210181099,32,32,0.8,0.6,0.4,1,2.43210181099,242.608672775,0.6,1.9,245.836157632,2.34259259259,fae7f2b5fa3e24c5
807,13000336,50,0,74.9066893709,75,23,2.88319234405,301.555206981,272.969533458,23,23,0.6,0.6,0.4,1,2.72969533458,239.777332072,1,4.4,319.737154546,2.5175,eba7709f7d260ea9
807,13000336,50,1,116.878809879,175,34,2.09093597279,215.081577725,193.183293443,34,34,0.6,0.7,0.8,1,1.93183293443,239.777332072,1,4.4,319.737154546,2.5175,eba7709f7d260ea9
807,13000336,50,2,332.244087331,325,41,1.78197871974,198.691344348,194.654351864,41,41,0.9,0.7,1,1,1.94654351864,239.777332072,1,4.4,319.737154546,2.5175,eba7709f7d260ea9
807,13000336,50,3,364.115129559,425,30,2.82355308718,246.112235969,240.545103132,30,30,0.8,0.6,0.9,1,2.40545103132,239.777332072,1,4.4,319.737154546,2.5175,eba7709f7d260ea9
808,13000337,50,0,314.514955274,425,30,2.23063325327,249.637651453,257.769005213,30,30,0.7,0.4,0.5,1,2.57769005213,274.97055046,0.7,2.7,268.552996257,3.39285714286,a7beb116f0321c77
808,13000337,50,1,143.195540175,325,39,2.98361199866,259.980215104,153.735843418,39,39,0.6,0.9,0.5,1,1.53735843418,274.97055046,0.7,2.7,268.552996257,3.39285714286,a7beb116f0321c77
808,13000337,50,2,301.546025566,75,33,1.60539110202,301.759879534,256.360040786,33,33,0.6,0.8,0.5,1,2.56360040786,274.97055046,0.7,2.7,268.552996257,3.39285714286,a7beb116f0321c77
808,13000337,50,3,218.414310503,175,45,1.91468084983,258.324263861,162.235348235,45,45,0.6,1,0.7,1,1.62235348235,274.97055046,0.7,2.7,268.552996257,3.39285714286,a7beb116f0321c77
809,13000338,50,0,397.551701381,325,35,2.738412251,268.851584935,243.275844413,35,35,0.6,0.7,0.8,1,2.43275844413,198.83979084,1,3,227.191117845,2.74666666667,dc4b60f51ce8ad69
809,13000338,50,1,24.2771390284,425,25,2.92926929683,280.836988411,316.006630057,25,25,0.6,0.4,0.5,1,3.16006630057,198.83979084,1,3,227.191117845,2.74666666667,dc4b60f51ce8ad69
809,13000338,50,2,481.682054548,175,26,2.21174907097,346.343392356,322.499821832,26,26,0.4,0.6,0.4,1,3.22499821832,198.83979084,1,3,227.191117845,2.74666666667,dc4b60f51ce8ad69
809,13000338,50,3,44.0027996356,75,27,2.02860284054,287.165221262,330.80572593,27,27,0.5,0.5,0.6,1,3.3080572593,198.83979084,1,3,227.191117845,2.74666666667,dc4b60f51ce8ad69
810,13000339,50,0,143.980206707,325,40,2.36023374729,158.338485792,188.196947402,40,40,0.8,0.8,0.8,1,1.88196947402,195.984689375,0.8,2.8,277.864208198,3.05,56b838e94bff90d
810,13000339,50,1,469.132738419,425,22,2.71958920563,302.176905387,314.028009103,22,22,0.3,0.5,0.2,1,3.14028009103,195.984689375,0.8,2.8,277.864208198,3.05,56b838e94bff90d
810,13000339,50,2,126.623166187,175,43,2.66566096926,196.131018038,215.017653274,43,43,0.9,0.8,0.8,1,2.15017653274,195.984689375,0.8,2.8,277.864208198,3.05,56b838e94bff90d
810,13000339,50,3,465.680619436,75,23,2.19907650182,326.190531563,356.826412459,23,23,0.4,0.4,0.4,1,3.56826412459,195.984689375,0.8,2.8,277.864208198,3.05,56b838e94bff90d
811,13000340,50,0,93.9855275925,325,31,2.98443438532,284.508677771,273.856611111,31,31,0.6,0.5,0.1,1,2.73856611111,275.839483551,0.6,3.2,404.232751916,2.49107142857,21d8236dc8a8cdc9
811,13000340,50,1,496.995023005,425,13,1.87987524532,394.503095026,315.188203238,13,13,0.1,0.2,0.1,1,3.15188203238,275.839483551,0.6,3.2,404.232751916,2.49107142857,21d8236dc8a8cdc9
811,13000340,50,2,85.4248946649,175,36,2.52064285638,226.505883595,298.322367909,36,36,0.9,0.5,0.5,1,2.98322367909,275.839483551,0.6,3.2,404.232751916,2.49107142857,21d8236dc8a8cdc9
811,13000340,50,3,444.730242293,75,22,2.95516980916,210.441311344,282.936139809,22,22,0.8,0.3,0.2,1,2.82936139809,275.839483551,0.6,3.2,404.232751916,2.49107142857,21d8236dc8a8cdc9
812,13000341,50,0,135.846802552,325,37,2.87214632866,247.067263265,292.900122736,37,37,0.6,0.6,0.3,1,2.92900122736,347.743039407,0.3,1,236.184115521,2.16666666667,5940e5d5c0ebc239
812,13000341,50,1,401.458619403,75,27,2.20639063605,274.770583927,305.820699965,27,27,0.7,0.5,0.1,1,3.05820699965,347.743039407,0.3,1,236.184115521,2.16666666667,5940e5d5c0ebc239
812,13000341,50,2,120.490322635,425,25,2.50786202664,292.659386764,315.28427422,25,25,0.4,0.4,0.2,1,3.1528427422,347.743039407,0.3,1,236.184115521,2.16666666667,5940e5d5c0ebc239
812,13000341,50,3,343.099697426,175,38,2.73875728877,238.461479097,279.125493775,38,38,0.7,0.5,0.1,1,2.79125493775,347.743039407,0.3,1,236.184115521,2.16666666667,5940e5d5c0ebc239
813,13000342,50,0,382.864051329,75,28,2.31947845231,271.466182369,304.368714327,28,28,0.5,0.4,0.5,1,3.04368714327,240.343787188,1,4.1,307.05833392,2.46547619048,90612730cd969e6e
813,13000342,50,1,189.463659028,425,31,2.34745342208,233.559464254,205.023693988,31,31,0.8,0.7,0.6,1,2.05023693988,240.343787188,1,4.1,307.05833392,2.46547619048,90612730cd969e6e
813,13000342,50,2,379.847921957,325,38,2.63427527753,187.652680437,204.642030394,38,38,0.7,0.9,0.8,1,2.04642030394,240.343787188,1,4.1,307.05833392,2.46547619048,90612730cd969e6e
813,13000342,50,3,175.340338533,175,38,2.18368666672,180.71645448,220.530919995,38,38,0.8,0.8,0.9,1,2.20530919995,240.343787188,1,4.1,307.05833392,2.46547619048,90612730cd969e6e
814,13000343,50,0,433.610011766,175,31,2.4945381042,244.601751965,233.872062322,31,31,0.7,0.8,0.7,1,2.33872062322,296.890106041,1,4.5,354.784576678,2.38666666667,42731f9642806c33
814,13000343,50,1,252.575683263,75,40,2.06905731778,208.549442344,194.416780393,40,40,0.8,1,0.9,1,1.94416780393,296.890106041,1,4.5,354.784576678,2.38666666667,42731f9642806c33
814,13000343,50,2,418.212104261,325,33,2.75582801243,255.555037257,251.879915299,33,33,0.7,0.8,0.9,1,2.51879915299,296.890106041,1,4.5,354.784576678,2.38666666667,42731f9642806c33
814,13000343,50,3,79.7844313935,425,23,2.20476836315,311.552578448,295.486958318,23,23,0.4,0.6,0.1,1,2.95486958318,296.890106041,1,4.5,354.784576678,2.38666666667,42731f9642806c33
815,13000344,50,0,256.855132819,175,43,1.54228454609,164.126032378,192.075723205,43,43,0.9,1,0.4,1,1.92075723205,222.132208038,0.4,0.9,165.681339308,3.1875,1203c5ef5e7d1333
815,13000344,50,1,180.284853636,425,31,2.36600882083,228.656742429,233.402243075,31,31,0.6,0.7,0.3,1,2.33402243075,222.132208038,0.4,0.9,165.681339308,3.1875,1203c5ef5e7d1333
815,13000344,50,2,466.252163125,75,24,2.22088301654,265.593791094,286.865607513,24,24,0.8,0.4,0.2,1,2.86865607513,222.132208038,0.4,0.9,165.681339308,3.1875,1203c5ef5e7d1333
815,13000344,50,3,382.291848515,325,38,2.82127799033,174.632439829,183.054926983,38,38,1,0.8,0.3,1,1.83054926983,222.132208038,0.4,0.9,165.681339308,3.1875,1203c5ef5e7d1333
816,13000345,50,0,407.860285747,75,28,2.22815466067,283.076039863,237.687174204,28,28,0.4,0.7,0.4,1,2.37687174204,252.859371247,1,4,304.097317382,2.87083333333,609e40bf1154cd4c
816,13000345,50,1,311.966684186,325,40,1.91988657108,242.200940685,280.715743641,40,40,0.9,0.5,1,1,2.80715743641,252.859371247,1,4,304.097317382,2.87083333333,609e40bf1154cd4c
816,13000345,50,2,79.8711358375,175,36,2.5976943764,233.485387002,221.96874182,36,36,0.6,0.7,0.8,1,2.2196874182,252.859371247,1,4,304.097317382,2.87083333333,609e40bf1154cd4c
816,13000345,50,3,194.072849538,425,28,1.80436125581,251.420065793,339.027034941,28,28,0.6,0.2,0.6,1,3.39027034941,252.859371247,1,4,304.097317382,2.87083333333,609e40bf1154cd4c
817,13000346,50,0,261.150935353,325,44,2.01080662379,188.196584464,174.165809803,44,44,0.8,1,0.7,1,1.74165809803,245.737422099,0.7,2.2,226.680208859,3.33333333333,b9bb6b378ea9bfca
817,13000346,50,1,288.212416323,425,38,2.35516230462,249.976651042,235.585661568,38,38,0.7,0.8,0.7,1,2.35585661568,245.737422099,0.7,2.2,226.680208859,3.33333333333,b9bb6b378ea9bfca
817,13000346,50,2,404.718728169,175,32,1.55427147042,264.24364421,211.921011014,32,32,0.6,0.8,0.5,1,2.11921011014,245.737422099,0.7,2.2,226.680208859,3.33333333333,b9bb6b378ea9bfca
817,13000346,50,3,96.4050746568,75,27,2.42632494463,272.403702667,266.768452329,27,27,0.6,0.6,0.5,1,2.66768452329,245.737422099,0.7,2.2,226.680208859,3.33333333333,b9bb6b378ea9bfca
818,13000347,50,0,488.82220969,75,13,2.41796814568,400.238363605,426.691833903,13,13,0.1,0.1,0,1,4.26691833903,282.095703561,0.7,2.7,282.358677934,2.98928571429,ae9b08a7fd16528d
818,13000347,50,1,97.0003897361,175,30,2.55811776797,367.86743318,215.774836585,30,30,0.3,0.7,0.2,1,2.15774836585,282.095703561,0.7,2.7,282.358677934,2.98928571429,ae9b08a7fd16528d
818,13000347,50,2,157.977130465,325,38,2.83935424439,268.723848625,167.90384996,38,38,0.5,1,0.7,1,1.6790384996,282.095703561,0.7,2.7,282.358677934,2.98928571429,ae9b08a7fd16528d
818,13000347,50,3,446.424179045,425,22,1.92224639699,181.059540653,288.947456744,22,22,0.8,0.5,0.4,1,2.88947456744,282.095703561,0.7,2.7,282.358677934,2.98928571429,ae9b08a7fd16528d
819,13000348,50,0,455.942621456,425,19,2.22331704478,254.204155148,258.224025436,19,19,0.6,0.7,0.3,1,2.58224025436,258.99913746,0.6,2.6,309.490200097,2.41547619048,a8dbee6fc031adfa
819,13000348,50,1,215.824511378,325,44,2.34558120385,180.110998918,156.666026845,44,44,0.9,1,0.6,1,1.56666026845,258.99913746,0.6,2.6,309.490200097,2.41547619048,a8dbee6fc031adfa
819,13000348,50,2,146.861748122,175,41,2.57020000261,238.588978172,197.585875044,41,41,0.8,0.8,0.6,1,1.97585875044,258.99913746,0.6,2.6,309.490200097,2.41547619048,a8dbee6fc031adfa
819,13000348,50,3,382.98669844,75,23,1.82053506807,249.331688504,264.37588877,23,23,0.5,0.5,0.3,1,2.6437588877,258.99913746,0.6,2.6,309.490200097,2.41547619048,a8dbee6fc031adfa
820,13000349,50,0,112.216631977,325,33,1.60660679857,259.150957313,212.979251505,33,33,0.5,0.9,0.1,1,2.12979251505,347.793808385,0.3,1.2,306.236153595,2.38888888889,bc692bfd00d8c528
820,13000349,50,1,13.7923464671,425,17,2.55402651869,366.501593907,285.040866975,17,17,0.5,0.5,0,1,2.85040866975,347.793808385,0.3,1.2,306.236153595,2.38888888889,bc692bfd00d8c528
820,13000349,50,2,376.903620969,175,37,2.70028794047,219.011705496,276.623137616,37,37,0.7,0.5,0.3,1,2.76623137616,347.793808385,0.3,1.2,306.236153595,2.38888888889,bc692bfd00d8c528
820,13000349,50,3,319.62919625,75,33,1.50431968864,252.051091923,296.726333538,33,33,0.6,0.4,0.1,1,2.96726333538,347.793808385,0.3,1.2,306.236153595,2.38888888889,bc692bfd00d8c528
821,13000350,50,0,265.843641913,175,39,1.8992307448,247.066264874,114.793247335,39,39,0.6,1,1,1,1.14793247335,270.350668776,1,5.5,388.14221133,2.25916666667,6ba9680106eb1ed6
821,13000350,50,1,458.025086947,75,21,2.95730831951,401.67739057,232.857188642,21,21,0.2,0.7,0.2,1,2.32857188642,270.350668776,1,5.5,388.14221133,2.25916666667,6ba9680106eb1ed6
821,13000350,50,2,188.906914349,325,40,2.20526434257,194.582170286,201.626162581,40,40,1,0.9,1,1,2.01626162581,270.350668776,1,5.5,388.14221133,2.25916666667,6ba9680106eb1ed6
821,13000350,50,3,492.773760546,425,15,2.16017623753,402.572897264,353.887663001,15,15,0.2,0.1,0,1,3.53887663001,270.350668776,1,5.5,388.14221133,2.25916666667,6ba9680106eb1ed6
822,13000351,50,0,404.670637414,425,23,2.08134881804,343.461787033,351.40826699,23,23,0.4,0.4,0.2,1,3.5140826699,237.253838825,0.4,0.7,137.69224815,4.0625,722afa9b0f59e35b
822,13000351,50,1,385.460724908,175,33,2.64154932832,227.058358211,249.96176129,33,33,0.6,0.6,0.3,1,2.4996176129,237.253838825,0.4,0.7,137.69224815,4.0625,722afa9b0f59e35b
822,13000351,50,2,192.695735802,325,46,2.57320264436,193.545398997,226.040005758,46,46,1,0.6,0.4,1,2.26040005758,237.253838825,0.4,0.7,137.69224815,4.0625,722afa9b0f59e35b
822,13000351,50,3,82.7778932248,75,29,2.5374353638,200.104315037,213.367857723,29,29,0.8,0.8,0.3,1,2.13367857723,237.253838825,0.4,0.7,137.69224815,4.0625,722afa9b0f59e35b
823,13000352,50,0,89.9316557565,75,22,2.0980001252,308.986385425,355.426057245,22,22,0.5,0.3,0.2,1,3.55426057245,252.09191836,0.9,3.5,297.807091811,2.45740740741,2114ccba2bd145ea
823,13000352,50,1,396.097638684,325,34,1.54693355935,208.454555782,171.223001478,34,34,0.7,0.9,0.7,1,1.71223001478,252.09191836,0.9,3.5,297.807091811,2.45740740741,2114ccba2bd145ea
823,13000352,50,2,477.424165053,175,28,2.98310650447,247.476928974,194.513701621,28,28,0.7,0.7,0.7,1,1.94513701621,252.09191836,0.9,3.5,297.807091811,2.45740740741,2114ccba2bd145ea
823,13000352,50,3,187.155684874,425,30,2.63534492185,287.061264112,284.071676291,30,30,0.6,0.4,0.7,1,2.84071676291,252.09191836,0.9,3.5,297.807091811,2.45740740741,2114ccba2bd145ea
824,13000353,50,0,441.620054752,425,23,2.69256514912,239.277917143,289.753117914,23,23,0.8,0.7,0.6,1,2.89753117914,236.075982262,0.6,2,272.898971695,3.11111111111,2e3eb347355f0c4f
824,13000353,50,1,23.9046233117,175,21,2.26273666187,312.237281119,291.293703358,21,21,0.3,0.3,0.1,1,2.91293703358,236.075982262,0.6,2,272.898971695,3.11111111111,2e3eb347355f0c4f
824,13000353,50,2,343.50987714,75,32,2.91019857679,304.366006842,250.697710141,32,32,0.5,0.6,0.3,1,2.50697710141,236.075982262,0.6,2,272.898971695,3.11111111111,2e3eb347355f0c4f
824,13000353,50,3,210.910108433,325,38,2.44118004139,173.652376449,193.292601422,38,38,0.9,0.8,0.6,1,1.93292601422,236.075982262,0.6,2,272.898971695,3.11111111111,2e3eb347355f0c4f
825,13000354,50,0,139.680090689,425,27,2.02337745236,269.659228114,339.051531639,27,27,0.6,0.1,0.5,1,3.39051531639,151.159195844,0.8,1.2,106.111355325,2.8125,fb9dda0b298226df
825,13000354,50,1,488.067914662,75,17,2.3275533157,358.126473582,310.183499357,17,17,0.4,0.4,0.3,1,3.10183499357,151.159195844,0.8,1.2,106.111355325,2.8125,fb9dda0b298226df
825,13000354,50,2,110.148290945,325,34,2.99614474255,213.450227565,275.94091996,34,34,0.8,0.6,0.7,1,2.7594091996,151.159195844,0.8,1.2,106.111355325,2.8125,fb9dda0b298226df
825,13000354,50,3,345.995058335,175,35,1.78270309287,228.098284197,208.603946876,35,35,0.7,0.8,0.8,1,2.08603946876,151.159195844,0.8,1.2,106.111355325,2.8125,fb9dda0b298226df
826,13000355,50,0,37.1450557206,75,21,2.53816587558,285.846841097,355.323072883,21,21,0.3,0.1,0.2,1,3.55323072883,264.017300186,1,5.1,386.542164201,2.4605952381,b547948b85e54ffc
826,13000355,50,1,43.5547364587,425,20,1.59546261805,352.769118775,342.802386885,20,20,0.2,0.4,0.3,1,3.42802386885,264.017300186,1,5.1,386.542164201,2.4605952381,b547948b85e54ffc
826,13000355,50,2,281.396283007,175,44,2.01707319788,175.043973773,200.175729652,44,44,0.9,1,1,1,2.00175729652,264.017300186,1,5.1,386.542164201,2.4605952381,b547948b85e54ffc
826,13000355,50,3,422.148873549,325,33,2.58943777989,251.645949077,204.439750676,33,33,0.6,0.9,0.8,1,2.04439750676,264.017300186,1,5.1,386.542164201,2.4605952381,b547948b85e54ffc
827,13000356,50,0,364.021253307,75,29,1.97658937025,250.101615343,316.29660291,29,29,0.6,0.4,0.8,1,3.1629660291,297.856029922,1,4.9,377.067453879,2.44666666667,63df72be1135ff38
827,13000356,50,1,9.6315853448,325,29,1.74075109868,267.462795157,272.107526676,29,29,0.5,0.6,0.5,1,2.72107526676,297.856029922,1,4.9,377.067453879,2.44666666667,63df72be1135ff38
827,13000356,50,2,100.12834078,425,32,1.76390736044,309.569283958,246.269512978,32,32,0.5,0.6,0.5,1,2.46269512978,297.856029922,1,4.9,377.067453879,2.44666666667,63df72be1135ff38
827,13000356,50,3,354.0437716,175,39,2.06771801483,237.953558708,240.462723998,39,39,0.6,0.8,0.8,1,2.40462723998,297.856029922,1,4.9,377.067453879,2.44666666667,63df72be1135ff38
828,13000357,50,0,43.0533295341,175,24,1.75926820192,299.090100011,300.993068183,24,24,0.4,0.6,0,1,3.00993068183,230.817072396,0.2,0.3,104.88493709,3.25,b8e68bb877ff73ef
828,13000357,50,1,383.854172121,325,36,2.45738036848,251.231791097,260.209194217,36,36,0.5,0.7,0.2,1,2.60209194217,230.817072396,0.2,0.3,104.88493709,3.25,b8e68bb877ff73ef
828,13000357,50,2,473.988675955,425,24,1.78815121844,323.369388414,342.586138325,24,24,0.4,0.3,0.2,1,3.42586138325,230.817072396,0.2,0.3,104.88493709,3.25,b8e68bb877ff73ef
828,13000357,50,3,100.665689194,75,25,2.23583322626,263.298517743,280.867451626,25,25,0.5,0.6,0.1,1,2.80867451626,230.817072396,0.2,0.3,104.88493709,3.25,b8e68bb877ff73ef
829,13000358,50,0,46.4973889611,75,19,1.50321743007,415.023367492,268.002779671,19,19,0,0.5,0,1,2.68002779671,274.488577955,0.8,4,402.280869721,2.55327380952,67f1860a355133df
829,13000358,50,1,352.147730903,325,42,2.19006382793,184.832750437,214.770952606,42,42,1,0.7,0.8,1,2.14770952606,274.488577955,0.8,4,402.280869721,2.55327380952,67f1860a355133df
829,13000358,50,2,48.9198035805,175,26,2.59334722852,370.241681974,223.855512434,26,26,0.1,0.6,0,1,2.23855512434,274.488577955,0.8,4,402.280869721,2.55327380952,67f1860a355133df
829,13000358,50,3,411.859582347,425,25,2.36449961569,225.287189347,301.129864606,25,25,0.7,0.6,0.5,1,3.01129864606,274.488577955,0.8,4,402.280869721,2.55327380952,67f1860a355133df
830,13000359,50,0,140.704519602,425,29,1.95960572857,274.917508538,236.640984841,29,29,0.6,0.7,0.6,1,2.36640984841,282.035482679,0.9,3.8,331.722681148,2.45978835979,28b8ccb6f65ffaa4
830,13000359,50,1,372.542942376,175,33,2.94504239904,307.801377612,232.581054244,33,33,0.5,0.6,0.8,1,2.32581054244,282.035482679,0.9,3.8,331.722681148,2.45978835979,28b8ccb6f65ffaa4
830,13000359,50,2,443.079248022,75,20,1.59352822337,389.59881591,324.317904566,20,20,0.2,0.5,0.3,1,3.24317904566,282.035482679,0.9,3.8,331.722681148,2.45978835979,28b8ccb6f65ffaa4
830,13000359,50,3,55.801976136,325,33,2.14897823043,243.862848851,223.499537258,33,33,0.7,0.7,0.3,1,2.23499537258,282.035482679,0.9,3.8,331.722681148,2.45978835979,28b8ccb6f65ffaa4
831,13000360,50,0,407.984247413,175,33,1.62693176538,272.255013487,208.724092539,33,33,0.7,0.9,0.6,1,2.08724092539,290.099095533,0.8,3.6,359.619124612,2.98353174603,34722f8c6b0501b5
831,13000360,50,1,156.940097741,425,32,2.44352292788,171.546854227,301.038516939,32,32,0.8,0.5,0.5,1,3.01038516939,290.099095533,0.8,3.6,359.619124612,2.98353174603,34722f8c6b0501b5
831,13000360,50,2,96.5689676003,325,32,1.62717186993,169.202229279,297.466404931,32,32,0.8,0.4,0.4,1,2.97466404931,290.099095533,0.8,3.6,359.619124612,2.98353174603,34722f8c6b0501b5
831,13000360,50,3,353.139029253,75,26,1.71438846701,304.961891779,233.867017083,26,26,0.5,0.7,0.5,1,2.33867017083,290.099095533,0.8,3.6,359.619124612,2.98353174603,34722f8c6b0501b5
832,13000361,50,0,265.769110435,75,35,1.9660143519,234.265013619,246.520477965,35,35,0.7,0.6,0.6,1,2.46520477965,215.902736732,1,4,298.128011458,2.49261904762,4ba457b7b2fcf81c
832,13000361,50,1,129.544241127,175,39,1.66382229487,214.324503258,209.784804552,39,39,0.8,0.9,0.8,1,2.09784804552,215.902736732,1,4,298.128011458,2.49261904762,4ba457b7b2fcf81c
832,13000361,50,2,56.5306365563,325,29,2.42105332442,256.17206108,211.665932682,29,29,0.6,0.7,0.7,1,2.11665932682,215.902736732,1,4,298.128011458,2.49261904762,4ba457b7b2fcf81c
832,13000361,50,3,416.05468228,425,25,2.36605445222,267.208453996,346.19702773,25,25,0.5,0.2,0.3,1,3.4619702773,215.902736732,1,4,298.128011458,2.49261904762,4ba457b7b2fcf81c
833,13000362,50,0,121.234465878,75,24,2.75175795511,305.763266332,249.717258585,24,24,0.4,0.5,0.4,1,2.49717258585,339.492306556,1,5.7,453.92282813,2.55238095238,400e18e156577197
833,13000362,50,1,427.955752132,425,28,1.92122910685,309.803260667,314.680639803,28,28,0.5,0.4,0.4,1,3.14680639803,339.492306556,1,5.7,453.92282813,2.55238095238,400e18e156577197
833,13000362,50,2,394.198639542,325,34,2.59389722013,260.185094834,253.487693488,34,34,0.7,0.6,0.7,1,2.53487693488,339.492306556,1,5.7,453.92282813,2.55238095238,400e18e156577197
833,13000362,50,3,251.909824144,175,42,1.83444564571,237.71935082,212.204310636,42,42,0.7,1,0.9,1,2.12204310636,339.492306556,1,5.7,453.92282813,2.55238095238,400e18e156577197
834,13000363,50,0,30.2473490531,425,13,2.42142345596,349.149812275,364.889207625,13,13,0.2,0.3,0.1,1,3.64889207625,268.148492038,0.9,3.3,294.099874515,2.9,281ca64f91911e8e
834,13000363,50,1,461.473583384,75,25,1.75749886372,323.130199244,290.499550018,25,25,0.5,0.6,0.5,1,2.90499550018,268.148492038,0.9,3.3,294.099874515,2.9,281ca64f91911e8e
834,13000363,50,2,477.380285796,325,26,2.60752545336,290.091406122,283.612361187,26,26,0.4,0.5,0.3,1,2.83612361187,268.148492038,0.9,3.3,294.099874515,2.9,281ca64f91911e8e
834,13000363,50,3,11.8464183508,175,26,2.3270300052,291.331443832,276.200440907,26,26,0.7,0.5,0.4,1,2.76200440907,268.148492038,0.9,3.3,294.099874515,2.9,281ca64f91911e8e
835,13000364,50,0,70.0191592182,175,32,2.83704716171,259.549009757,187.246434867,32,32,0.6,0.9,0.8,1,1.87246434867,229.033733127,0.9,3.3,289.427589068,3.43544973545,af56612f9a01aa7
835,13000364,50,1,396.255475121,325,36,2.94810622715,207.468268818,265.412233044,36,36,0.9,0.6,0.8,1,2.65412233044,229.033733127,0.9,3.3,289.427589068,3.43544973545,af56612f9a01aa7
835,13000364,50,2,240.221261183,75,35,1.89752302574,201.78520805,216.432470231,35,35,0.8,0.7,0.8,1,2.16432470231,229.033733127,0.9,3.3,289.427589068,3.43544973545,af56612f9a01aa7
835,13000364,50,3,17.9666758083,425,20,2.9473015507,356.77707919,271.279790435,20,20,0.3,0.6,0.3,1,2.71279790435,229.033733127,0.9,3.3,289.427589068,3.43544973545,af56612f9a01aa7
836,13000365,50,0,58.0612697994,175,29,2.33779540457,234.598028946,248.593382959,29,29,0.7,0.6,0.7,1,2.48593382959,220.937102044,1,3.2,260.042218672,3.15333333333,cc9de30164778c98
836,13000365,50,1,344.433908437,425,38,1.65573777888,249.813061609,242.882486783,38,38,0.8,0.9,0.8,1,2.42882486783,220.937102044,1,3.2,260.042218672,3.15333333333,cc9de30164778c98
836,13000365,50,2,439.702011889,75,22,2.68946685138,336.264951195,316.842856376,22,22,0.4,0.4,0.3,1,3.16842856376,220.937102044,1,3.2,260.042218672,3.15333333333,cc9de30164778c98
836,13000365,50,3,242.952667016,325,46,1.85319556935,162.227194407,183.663057467,46,46,0.9,0.9,1,1,1.83663057467,220.937102044,1,3.2,260.042218672,3.15333333333,cc9de30164778c98
837,13000366,50,0,125.614643996,425,21,2.88710290335,320.103837754,275.296257333,21,21,0.2,0.4,0.2,1,2.75296257333,229.431809112,1,3.4,271.754454995,3.49333333333,bf3602f5d31dd21a
837,13000366,50,1,259.157984777,75,39,1.60447638817,164.111072381,195.949860838,39,39,0.9,0.8,0.9,1,1.95949860838,229.431809112,1,3.4,271.754454995,3.49333333333,bf3602f5d31dd21a
837,13000366,50,2,468.607231193,175,32,1.99637691941,202.225878727,228.451608409,32,32,0.8,0.9,0.8,1,2.28451608409,229.431809112,1,3.4,271.754454995,3.49333333333,bf3602f5d31dd21a
837,13000366,50,3,42.6056274671,325,28,2.79916298933,326.36249764,288.841797344,28,28,0.2,0.6,0.2,1,2.88841797344,229.431809112,1,3.4,271.754454995,3.49333333333,bf3602f5d31dd21a
838,13000367,50,0,365.709770826,425,31,2.92623151475,251.199003228,279.266126407,31,31,0.7,0.4,0.3,1,2.79266126407,229.245191406,1,5.2,421.059204772,2.3476981352,7c8cf763f450ba11
838,13000367,50,1,20.7026580699,75,24,2.59012027814,359.790868722,303.660536141,24,24,0.5,0.6,0.3,1,3.03660536141,229.245191406,1,5.2,421.059204772,2.3476981352,7c8cf763f450ba11
838,13000367,50,2,333.799387759,175,39,2.44568136386,179.979673289,207.24975068,39,39,0.9,0.9,1,1,2.0724975068,229.245191406,1,5.2,421.059204772,2.3476981352,7c8cf763f450ba11
838,13000367,50,3,64.4981462755,325,28,2.19311468073,300.250511007,294.861272422,28,28,0.3,0.4,0.6,1,2.94861272422,229.245191406,1,5.2,421.059204772,2.3476981352,7c8cf763f450ba11
839,13000368,50,0,289.254533512,325,43,1.92805627882,182.419740489,216.314320219,43,43,1,0.7,0.5,1,2.16314320219,258.924372499,0.5,1.3,205.383185208,2.5,9afac3497ea7d57e
839,13000368,50,1,51.2347720807,425,24,2.45343836677,304.321392175,320.201558034,24,24,0.3,0.5,0.1,1,3.20201558034,258.924372499,0.5,1.3,205.383185208,2.5,9afac3497ea7d57e
839,13000368,50,2,253.584281846,175,39,2.03012623525,185.355603713,201.968285649,39,39,0.8,1,0.5,1,2.01968285649,258.924372499,0.5,1.3,205.383185208,2.5,9afac3497ea7d57e
839,13000368,50,3,485.469603291,75,13,2.47745982852,312.769815646,325.867828515,13,13,0.5,0.4,0.2,1,3.25867828515,258.924372499,0.5,1.3,205.383185208,2.5,9afac3497ea7d57e
840,13000369,50,0,12.7803948222,425,23,2.92702347069,249.439174659,354.833487424,23,23,0.8,0.3,0.3,1,3.54833487424,276.829104959,0.9,4,358.473246685,2.45767195767,d39bb52d529aa52b
840,13000369,50,1,454.355386614,175,30,2.45813647066,307.151186079,246.354203909,30,30,0.4,0.7,0.4,1,2.46354203909,276.829104959,0.9,4,358.473246685,2.45767195767,d39bb52d529aa52b
840,13000369,50,2,134.721242899,75,24,2.95256997634,293.380738113,338.865443855,24,24,0.5,0.3,0.5,1,3.38865443855,276.829104959,0.9,4,358.473246685,2.45767195767,d39bb52d529aa52b
840,13000369,50,3,292.186185394,325,43,1.95572164901,162.241741862,225.576426687,43,43,0.9,0.9,0.9,1,2.25576426687,276.829104959,0.9,4,358.473246685,2.45767195767,d39bb52d529aa52b
841,13000370,50,0,372.10475479,425,23,1.7655269259,270.972589517,254.335028966,23,23,0.6,0.7,0.3,1,2.54335028966,273.531566241,1,6.6,524.576465956,3.05743589744,e1a1c87111bec175
841,13000370,50,1,429.111774371,325,21,2.18051212391,235.509493164,237.454594067,21,21,0.5,0.6,0.4,1,2.37454594067,273.531566241,1,6.6,524.576465956,3.05743589744,e1a1c87111bec175
841,13000370,50,2,108.363272621,175,36,1.55868415568,273.968064238,269.50220295,36,36,0.4,0.6,0.5,1,2.6950220295,273.531566241,1,6.6,524.576465956,3.05743589744,e1a1c87111bec175
841,13000370,50,3,144.129990468,75,31,1.73619104913,300.649128082,285.332021697,31,31,0.5,0.6,0.4,1,2.85332021697,273.531566241,1,6.6,524.576465956,3.05743589744,e1a1c87111bec175
842,13000371,50,0,432.951004866,425,25,2.37434850083,258.206380838,184.340723118,25,25,0.5,0.8,0.6,1,1.84340723118,250.0677607,0.6,1.6,200.495992855,2.77777777778,ff39f3cf9cb63e84
842,13000371,50,1,97.453403522,325,36,1.96835072054,238.665008429,261.030321895,36,36,0.7,0.6,0.2,1,2.61030321895,250.0677607,0.6,1.6,200.495992855,2.77777777778,ff39f3cf9cb63e84
842,13000371,50,2,404.040680665,175,26,2.55709073579,228.681494081,198.193174442,26,26,0.7,0.9,0.6,1,1.98193174442,250.0677607,0.6,1.6,200.495992855,2.77777777778,ff39f3cf9cb63e84
842,13000371,50,3,95.803323595,75,17,2.31803422241,334.503823191,362.116983756,17,17,0.3,0.2,0,1,3.62116983756,250.0677607,0.6,1.6,200.495992855,2.77777777778,ff39f3cf9cb63e84
843,13000372,50,0,364.953898322,425,29,1.59181718235,242.310957699,260.414441524,29,29,0.8,0.6,0.8,1,2.60414441524,202.655317118,1,3.7,292.426089229,2.40746031746,b545ab252fac0284
843,13000372,50,1,436.603104594,175,27,2.6789596725,322.059221431,315.52404587,27,27,0.4,0.4,0.3,1,3.1552404587,202.655317118,1,3.7,292.426089229,2.40746031746,b545ab252fac0284
843,13000372,50,2,133.386058024,75,22,1.87343029328,277.924360361,301.89495943,22,22,0.5,0.5,0.7,1,3.0189495943,202.655317118,1,3.7,292.426089229,2.40746031746,b545ab252fac0284
843,13000372,50,3,190.932886472,325,45,1.88863361275,120.934733171,189.117501654,45,45,1,0.8,0.9,1,1.89117501654,202.655317118,1,3.7,292.426089229,2.40746031746,b545ab252fac0284
844,13000373,50,0,458.641227923,425,19,2.5764434415,329.86925837,303.369695647,19,19,0.2,0.4,0.5,1,3.03369695647,212.700607515,0.9,2.9,251.727176877,3.68333333333,e664a1f7dcb14f1c
844,13000373,50,1,126.940922579,175,42,2.47545619719,154.881525062,175.343988092,42,42,0.9,1,0.8,1,1.75343988092,212.700607515,0.9,2.9,251.727176877,3.68333333333,e664a1f7dcb14f1c
844,13000373,50,2,410.786664913,325,36,1.99238570131,263.53572133,219.947638776,36,36,0.8,0.9,0.8,1,2.19947638776,212.700607515,0.9,2.9,251.727176877,3.68333333333,e664a1f7dcb14f1c
844,13000373,50,3,125.436018938,75,33,2.0558893092,219.328536375,234.957368303,33,33,0.7,0.8,0.7,1,2.34957368303,212.700607515,0.9,2.9,251.727176877,3.68333333333,e664a1f7dcb14f1c
845,13000374,50,0,391.627788871,75,25,2.09631679044,322.705982385,352.833949678,25,25,0.3,0.2,0.3,1,3.52833949678,276.650106178,1,5.1,406.491545723,2.27083333333,58919b9dee9c02d1
845,13000374,50,1,392.837472069,325,35,1.77080691404,306.551994516,223.289024644,35,35,0.6,0.9,0.7,1,2.23289024644,276.650106178,1,5.1,406.491545723,2.27083333333,58919b9dee9c02d1
845,13000374,50,2,243.257333746,175,41,1.76212728267,199.648487507,273.236779987,41,41,1,0.7,1,1,2.73236779987,276.650106178,1,5.1,406.491545723,2.27083333333,58919b9dee9c02d1
845,13000374,50,3,16.6051026978,425,21,2.04849592372,260.413554186,259.787091144,21,21,0.7,0.6,0.4,1,2.59787091144,276.650106178,1,5.1,406.491545723,2.27083333333,58919b9dee9c02d1
846,13000375,50,0,94.1367907387,425,17,2.42214097403,321.21157521,379.352557061,17,17,0.3,0.1,0.1,1,3.79352557061,291.069072354,1,5.3,408.784750698,2.41666666667,dc4b51b08d02e8a5
846,13000375,50,1,397.625264912,75,27,2.43482303074,289.813617922,214.759041473,27,27,0.5,0.7,0.6,1,2.14759041473,291.069072354,1,5.3,408.784750698,2.41666666667,dc4b51b08d02e8a5
846,13000375,50,2,36.6375747838,175,20,1.67067893864,297.909445561,283.75690467,20,20,0.4,0.4,0.3,1,2.8375690467,291.069072354,1,5.3,408.784750698,2.41666666667,dc4b51b08d02e8a5
846,13000375,50,3,414.393888294,325,35,2.54966686489,294.810328974,266.022726997,35,35,0.4,0.7,0.6,1,2.66022726997,291.069072354,1,5.3,408.784750698,2.41666666667,dc4b51b08d02e8a5
847,13000376,50,0,139.534875474,325,39,2.02044913653,237.068077234,200.846434549,39,39,0.9,0.9,0.9,1,2.00846434549,241.447105677,1,4,317.108441304,2.3669047619,73f6e4c5d5daca99
847,13000376,50,1,48.8108800085,175,27,1.85547051118,233.364408066,211.837085625,27,27,0.6,0.6,0.5,1,2.11837085625,241.447105677,1,4,317.108441304,2.3669047619,73f6e4c5d5daca99
847,13000376,50,2,409.655602082,75,26,2.69383220349,269.26604751,304.044024725,26,26,0.7,0.4,0.6,1,3.04044024725,241.447105677,1,4,317.108441304,2.3669047619,73f6e4c5d5daca99
847,13000376,50,3,372.366244637,425,29,1.75072923461,307.480781095,299.462740747,29,29,0.5,0.4,0.4,1,2.99462740747,241.447105677,1,4,317.108441304,2.3669047619,73f6e4c5d5daca99
848,13000377,50,0,478.143643872,425,23,2.49251696694,321.914767291,351.636668227,23,23,0.2,0.5,0.1,1,3.51636668227,284.921561861,0.9,4.5,386.345169036,2.66785714286,5467d73fab8b4ab8
848,13000377,50,1,4.77691008424,75,17,2.07367220089,325.613660916,314.1947186,17,17,0.6,0.4,0.2,1,3.141947186,284.921561861,0.9,4.5,386.345169036,2.66785714286,5467d73fab8b4ab8
848,13000377,50,2,428.934740483,325,33,1.61195616482,258.594867976,273.297344749,33,33,0.6,0.5,0.5,1,2.73297344749,284.921561861,0.9,4.5,386.345169036,2.66785714286,5467d73fab8b4ab8
848,13000377,50,3,16.4917427369,175,27,2.82838256015,276.772862798,274.175109144,27,27,0.8,0.7,0.6,1,2.74175109144,284.921561861,0.9,4.5,386.345169036,2.66785714286,5467d73fab8b4ab8
849,13000378,50,0,375.529135385,325,31,1.50318672792,231.23183381,266.699147775,31,31,0.5,0.3,0.4,1,2.66699147775,288.704966308,0.6,2.8,369.667887161,2.41666666667,a16d0ff106d16533
849,13000378,50,1,64.8665098184,425,25,1.5717363999,333.544555424,353.816643373,25,25,0.4,0.4,0.1,1,3.53816643373,288.704966308,0.6,2.8,369.667887161,2.41666666667,a16d0ff106d16533
849,13000378,50,2,151.569724796,75,31,1.72291023225,237.959324896,218.322990765,31,31,0.7,0.7,0.3,1,2.18322990765,288.704966308,0.6,2.8,369.667887161,2.41666666667,a16d0ff106d16533
849,13000378,50,3,424.911147565,175,29,2.7388624809,243.636827743,243.694204379,29,29,0.8,0.7,0.4,1,2.43694204379,288.704966308,0.6,2.8,369.667887161,2.41666666667,a16d0ff106d16533
850,13000379,50,0,491.18067143,175,21,1.76927875604,314.024344544,372.542120269,21,21,0.7,0.3,0.1,1,3.72542120269,296.94071859,0.3,0.9,222.306724963,2.22222222222,b2410155d3bc8654
850,13000379,50,1,478.774534543,325,21,2.66862721701,310.751775447,338.301694103,21,21,0.4,0.3,0.1,1,3.38301694103,296.94071859,0.3,0.9,222.306724963,2.22222222222,b2410155d3bc8654
850,13000379,50,2,189.570874138,75,26,1.89063872,178.597253972,278.257455377,26,26,0.6,0.4,0.1,1,2.78257455377,296.94071859,0.3,0.9,222.306724963,2.22222222222,b2410155d3bc8654
850,13000379,50,3,224.101837417,425,33,2.0572451461,257.00742049,232.045299324,33,33,0.5,0.7,0.2,1,2.32045299324,296.94071859,0.3,0.9,222.306724963,2.22222222222,b2410155d3bc8654
851,13000380,50,0,39.8806262618,175,33,2.1860609467,304.611828527,208.652243983,33,33,0.6,0.7,0.5,1,2.08652243983,264.758774183,0.7,4,430.500583754,2.24880952381,f2a9a5e6c8ceea32
851,13000380,50,1,67.9382442973,325,32,2.42562047254,296.791112919,243.941778146,32,32,0.6,0.6,0.6,1,2.43941778146,264.758774183,0.7,4,430.500583754,2.24880952381,f2a9a5e6c8ceea32
851,13000380,50,2,479.182158293,425,17,2.63109250582,327.413754051,437.93924026,17,17,0.4,0,0,1,4.3793924026,264.758774183,0.7,4,430.500583754,2.24880952381,f2a9a5e6c8ceea32
851,13000380,50,3,405.597402592,75,25,2.28999191468,307.958635765,265.458452118,25,25,0.4,0.4,0.1,1,2.65458452118,264.758774183,0.7,4,430.500583754,2.24880952381,f2a9a5e6c8ceea32
852,13000381,50,0,53.1635952036,325,31,1.66810055227,276.881353506,290.003602843,31,31,0.6,0.8,0.4,1,2.90003602843,261.989378166,0.8,3.5,344.515244074,3.55357142857,47400bd2f5d3f565
852,13000381,50,1,444.634516284,75,28,1.52676870655,262.693052784,213.676777129,28,28,0.6,0.8,0.4,1,2.13676777129,261.989378166,0.8,3.5,344.515244074,3.55357142857,47400bd2f5d3f565
852,13000381,50,2,229.41448262,175,44,1.81265889699,182.634092814,130.836959889,44,44,0.9,1,0.8,1,1.30836959889,261.989378166,0.8,3.5,344.515244074,3.55357142857,47400bd2f5d3f565
852,13000381,50,3,124.216710175,425,27,2.49779251614,306.897724176,300.783314261,27,27,0.5,0.4,0.4,1,3.00783314261,261.989378166,0.8,3.5,344.515244074,3.55357142857,47400bd2f5d3f565
853,13000382,50,0,496.281777459,425,17,2.09229102151,367.738586952,367.879535322,17,17,0.2,0.3,0.1,1,3.67879535322,232.206031655,1,7.3,564.381327041,2.39654761905,76a4d20e5478a3b2
853,13000382,50,1,276.275886051,175,41,2.27999326161,236.157450812,232.257153832,41,41,0.6,0.8,0.9,1,2.32257153832,232.206031655,1,7.3,564.381327041,2.39654761905,76a4d20e5478a3b2
853,13000382,50,2,209.242592272,325,45,2.3129703124,178.131700625,200.65656734,45,45,1,0.9,1,1,2.0065656734,232.206031655,1,7.3,564.381327041,2.39654761905,76a4d20e5478a3b2
853,13000382,50,3,191.646345849,75,29,1.96991272433,297.84574262,241.205824176,29,29,0.5,0.8,0.3,1,2.41205824176,232.206031655,1,7.3,564.381327041,2.39654761905,76a4d20e5478a3b2
854,13000383,50,0,113.668856051,325,30,2.20565759769,265.01863864,245.871304912,30,30,0.6,0.6,0.9,1,2.45871304912,240.693270393,0.9,4,327.309458127,2.49356261023,4ab6db68aab6c1a0
854,13000383,50,1,497.750022326,425,25,2.22449231553,209.877877768,339.919725912,25,25,0.8,0.5,0.4,1,3.39919725912,240.693270393,0.9,4,327.309458127,2.49356261023,4ab6db68aab6c1a0
854,13000383,50,2,60.6599648577,175,24,2.52711811503,332.801529426,246.605951129,24,24,0.3,0.7,0.5,1,2.46605951129,240.693270393,0.9,4,327.309458127,2.49356261023,4ab6db68aab6c1a0
854,13000383,50,3,451.045810982,75,22,1.84150339836,280.640160852,279.919508599,22,22,0.8,0.6,0.4,1,2.79919508599,240.693270393,0.9,4,327.309458127,2.49356261023,4ab6db68aab6c1a0
855,13000384,50,0,361.659466408,325,35,2.69768775387,221.390731409,220.971515287,35,35,0.8,0.7,0.7,1,2.20971515287,258.38842291,1,4.8,362.404020489,2.24452380952,d096a780a2820713
855,13000384,50,1,38.8848008314,425,21,1.79445996412,287.456786331,302.709023418,21,21,0.5,0.5,0.4,1,3.02709023418,258.38842291,1,4.8,362.404020489,2.24452380952,d096a780a2820713
855,13000384,50,2,83.6017038103,75,27,1.98866290462,299.439249721,276.651929744,27,27,0.4,0.5,0.3,1,2.76651929744,258.38842291,1,4.8,362.404020489,2.24452380952,d096a780a2820713
855,13000384,50,3,282.067166315,175,43,1.76792291663,235.077654895,214.54521085,43,43,0.8,0.9,1,1,2.1454521085,258.38842291,1,4.8,362.404020489,2.24452380952,d096a780a2820713
856,13000385,50,0,306.252776625,425,34,1.87448985755,215.970625143,270.206951434,34,34,0.8,0.5,0.4,1,2.70206951434,359.223487045,1,7.5,616.331766402,2.28412698413,6f1b96bcf90d4734
856,13000385,50,1,61.0262264249,325,30,2.32006592746,247.132585318,293.659455428,30,30,0.7,0.5,0.2,1,2.93659455428,359.223487045,1,7.5,616.331766402,2.28412698413,6f1b96bcf90d4734
856,13000385,50,2,269.903252208,175,41,1.60747512671,248.700699131,227.429187838,41,41,0.6,0.8,0.6,1,2.27429187838,359.223487045,1,7.5,616.331766402,2.28412698413,6f1b96bcf90d4734
856,13000385,50,3,109.75370762,75,24,2.01813978069,356.771668704,291.344758077,24,24,0.1,0.5,0,1,2.91344758077,359.223487045,1,7.5,616.331766402,2.28412698413,6f1b96bcf90d4734
857,13000386,50,0,399.256185731,75,30,1.98742981125,420.100777123,233.437351147,30,30,0.2,0.7,0.2,1,2.33437351147,381.857273837,0.7,3.8,435.775091944,2.74591836735,493ad38f976c75d1
857,13000386,50,1,437.434021844,425,16,1.83970974593,393.863542323,334.89650206,16,16,0.1,0.3,0.1,1,3.3489650206,381.857273837,0.7,3.8,435.775091944,2.74591836735,493ad38f976c75d1
857,13000386,50,2,74.3882142854,325,32,2.69016576788,125.493399896,321.891328059,32,32,0.9,0.5,0.4,1,3.21891328059,381.857273837,0.7,3.8,435.775091944,2.74591836735,493ad38f976c75d1
857,13000386,50,3,69.1015390534,175,36,2.78803824538,197.733899376,265.11554086,36,36,0.8,0.5,0.4,1,2.6511554086,381.857273837,0.7,3.8,435.775091944,2.74591836735,493ad38f976c75d1
858,13000387,50,0,302.699960725,425,37,2.21256917771,240.145416605,226.884657035,37,37,0.6,0.8,0.6,1,2.26884657035,238.673125564,1,3.7,287.104419653,2.99071428571,98cbe2e8659adc88
858,13000387,50,1,355.785810897,325,36,2.57112996416,212.26136692,240.288669086,36,36,0.7,0.8,0.9,1,2.40288669086,238.673125564,1,3.7,287.104419653,2.99071428571,98cbe2e8659adc88
858,13000387,50,2,27.3925861568,75,19,1.70039829128,330.99100082,293.253177055,19,19,0.2,0.4,0.3,1,2.93253177055,238.673125564,1,3.7,287.104419653,2.99071428571,98cbe2e8659adc88
858,13000387,50,3,10.3838336244,175,23,2.53298656471,314.221653353,247.245205457,23,23,0.3,0.6,0.4,1,2.47245205457,238.673125564,1,3.7,287.104419653,2.99071428571,98cbe2e8659adc88
859,13000388,50,0,130.097983477,75,24,1.92339147223,213.924721797,258.256916313,24,24,0.8,0.6,0.2,1,2.58256916313,272.022330607,1,5.3,390.983626151,1.96900793651,7e3ee5e21b744cc8
859,13000388,50,1,101.147832356,175,31,2.48567149668,186.338922021,238.943010578,31,31,0.8,0.6,0.6,1,2.38943010578,272.022330607,1,5.3,390.983626151,1.96900793651,7e3ee5e21b744cc8
859,13000388,50,2,399.196843961,325,35,2.14791448331,255.126378081,237.235377596,35,35,0.6,0.7,0.8,1,2.37235377596,272.022330607,1,5.3,390.983626151,1.96900793651,7e3ee5e21b744cc8
859,13000388,50,3,289.726071571,425,39,2.3540750392,263.806989188,278.443218951,39,39,0.6,0.6,0.9,1,2.78443218951,272.022330607,1,5.3,390.983626151,1.96900793651,7e3ee5e21b744cc8
860,13000389,50,0,30.966191019,175,27,2.53709324562,251.047589912,246.656865691,27,27,0.5,0.7,0.6,1,2.46656865691,225.580413356,1,4.4,330.129281113,2.20166666667,170c3c06450e5e87
860,13000389,50,1,67.5340119337,425,26,2.00901788157,277.713664411,286.650236779,26,26,0.7,0.5,0.5,1,2.86650236779,225.580413356,1,4.4,330.129281113,2.20166666667,170c3c06450e5e87
860,13000389,50,2,481.112090397,75,16,2.99204207771,402.758907564,333.939500726,16,16,0.1,0.5,0,1,3.33939500726,225.580413356,1,4.4,330.129281113,2.20166666667,170c3c06450e5e87
860,13000389,50,3,322.60440255,325,40,1.597169179,241.901660952,211.888679187,40,40,0.8,0.9,0.8,1,2.11888679187,225.580413356,1,4.4,330.129281113,2.20166666667,170c3c06450e5e87
861,13000390,50,0,479.541973289,325,26,2.74738330752,295.814139152,282.8882653,26,26,0.4,0.6,0.3,1,2.828882653,241.051932788,1,4.7,366.402445707,2.59333333333,5a51cb1feb9a6ffa
861,13000390,50,1,309.056583237,75,27,2.29332801831,316.344198052,277.270212292,27,27,0.4,0.5,0.5,1,2.77270212292,241.051932788,1,4.7,366.402445707,2.59333333333,5a51cb1feb9a6ffa
861,13000390,50,2,204.593748074,425,37,2.38324528874,191.415780376,230.159524032,37,37,1,0.7,0.9,1,2.30159524032,241.051932788,1,4.7,366.402445707,2.59333333333,5a51cb1feb9a6ffa
861,13000390,50,3,9.71167221182,175,27,2.88442817186,270.745038243,318.711059237,27,27,0.6,0.4,0.3,1,3.18711059237,241.051932788,1,4.7,366.402445707,2.59333333333,5a51cb1feb9a6ffa
862,13000391,50,0,374.916798838,175,35,2.00649916088,178.020115106,222.830846974,35,35,0.8,0.7,0.6,1,2.22830846974,258.502092265,0.9,5,386.779225062,1.85771604938,d13aed8dc0cd985a
862,13000391,50,1,210.553844535,325,36,1.96623018017,270.369111364,251.026070867,36,36,0.7,0.5,0.7,1,2.51026070867,258.502092265,0.9,5,386.779225062,1.85771604938,d13aed8dc0cd985a
862,13000391,50,2,78.1909303277,425,23,1.68445976083,399.914701342,356.614604603,23,23,0.3,0.3,0.2,1,3.56614604603,258.502092265,0.9,5,386.779225062,1.85771604938,d13aed8dc0cd985a
862,13000391,50,3,436.180444417,75,27,2.24462203489,204.454163657,254.583456941,27,27,0.8,0.6,0.5,1,2.54583456941,258.502092265,0.9,5,386.779225062,1.85771604938,d13aed8dc0cd985a
863,13000392,50,0,266.887745248,75,36,1.96357381681,252.782174035,199.047732387,36,36,0.5,1,0.4,1,1.99047732387,257.457572898,0.5,2.1,304.957651189,2.045,e6f23351c2e7e0ee
863,13000392,50,1,268.927779279,425,27,1.79868869422,224.583057839,298.286553376,27,27,0.7,0.4,0.4,1,2.98286553376,257.457572898,0.5,2.1,304.957651189,2.045,e6f23351c2e7e0ee
863,13000392,50,2,156.15535696,175,36,1.50588631086,213.88398383,192.629079426,36,36,0.7,0.8,0.3,1,1.92629079426,257.457572898,0.5,2.1,304.957651189,2.045,e6f23351c2e7e0ee
863,13000392,50,3,378.504410824,325,33,2.73333541647,237.660159867,251.173292904,33,33,0.7,0.8,0.4,1,2.51173292904,257.457572898,0.5,2.1,304.957651189,2.045,e6f23351c2e7e0ee
864,13000393,50,0,421.495747904,75,22,1.97726898425,303.72079638,260.054243665,22,22,0.5,0.7,0.3,1,2.60054243665,219.721626726,0.9,3.4,288.810976666,2.1873015873,af88a32c4d7fb24e
864,13000393,50,1,155.087148373,425,32,2.36411481741,259.072141242,254.922422047,32,32,0.5,0.6,0.6,1,2.54922422047,219.721626726,0.9,3.4,288.810976666,2.1873015873,af88a32c4d7fb24e
864,13000393,50,2,47.105333097,325,30,2.70872757282,272.255063663,275.495921738,30,30,0.5,0.6,0.6,1,2.75495921738,219.721626726,0.9,3.4,288.810976666,2.1873015873,af88a32c4d7fb24e
864,13000393,50,3,425.526039141,175,26,2.90278181442,277.92882556,228.740376493,26,26,0.5,0.7,0.3,1,2.28740376493,219.721626726,0.9,3.4,288.810976666,2.1873015873,af88a32c4d7fb24e
865,13000394,50,0,437.327576638,325,25,2.67741945579,282.356537482,304.100174485,25,25,0.6,0.4,0.4,1,3.04100174485,327.77747795,1,7.4,578.097223191,1.56046897547,c6a2998c3e8adc77
865,13000394,50,1,53.9133167301,75,27,1.87546006653,304.130331767,239.249305851,27,27,0.4,0.7,0.2,1,2.39249305851,327.77747795,1,7.4,578.097223191,1.56046897547,c6a2998c3e8adc77
865,13000394,50,2,88.0203678979,425,17,2.64743413587,258.786593514,285.795902043,17,17,0.5,0.6,0.1,1,2.85795902043,327.77747795,1,7.4,578.097223191,1.56046897547,c6a2998c3e8adc77
865,13000394,50,3,291.666990629,175,41,2.45972600258,241.014495638,206.494899841,41,41,0.7,0.9,0.6,1,2.06494899841,327.77747795,1,7.4,578.097223191,1.56046897547,c6a2998c3e8adc77
866,13000395,50,0,292.375181693,425,35,2.20078807813,243.428858845,242.461232692,35,35,0.7,0.7,0.3,1,2.42461232692,306.193151069,0.7,2.9,309.100661074,2.03401360544,e2fde5d7e56761be
866,13000395,50,1,40.2698118878,325,22,2.06647717669,334.394352367,301.858427862,22,22,0.3,0.4,0.2,1,3.01858427862,306.193151069,0.7,2.9,309.100661074,2.03401360544,e2fde5d7e56761be
866,13000395,50,2,295.297690467,75,33,1.86233792405,211.167100129,263.314749147,33,33,0.7,0.7,0.4,1,2.63314749147,306.193151069,0.7,2.9,309.100661074,2.03401360544,e2fde5d7e56761be
866,13000395,50,3,143.82265033,175,38,2.99141734103,258.492519159,247.725477345,38,38,0.9,0.8,0.7,1,2.47725477345,306.193151069,0.7,2.9,309.100661074,2.03401360544,e2fde5d7e56761be
867,13000396,50,0,447.308926126,325,37,2.7654006687,232.063127245,289.849177939,37,37,0.6,0.5,0.5,1,2.89849177939,175.143541658,0.8,1.9,170.504842078,2.19444444444,36e2352ad81f5d8a
867,13000396,50,1,13.9159726987,425,18,2.01751730993,364.853585503,338.728996671,18,18,0.3,0.3,0.3,1,3.38728996671,175.143541658,0.8,1.9,170.504842078,2.19444444444,36e2352ad81f5d8a
867,13000396,50,2,102.434255515,175,33,2.07234782159,263.56017412,250.696875034,33,33,0.8,0.8,0.6,1,2.50696875034,175.143541658,0.8,1.9,170.504842078,2.19444444444,36e2352ad81f5d8a
867,13000396,50,3,337.787362412,75,34,2.24058412072,190.643709165,249.302557167,34,34,0.8,0.7,0.5,1,2.49302557167,175.143541658,0.8,1.9,170.504842078,2.19444444444,36e2352ad81f5d8a
868,13000397,50,0,142.606267572,75,26,1.59729579681,299.289604261,324.536070282,26,26,0.3,0.4,0.8,1,3.24536070282,152.702530571,1,3.8,287.023021336,2.54060606061,267e1395cc1f5155
868,13000397,50,1,362.372302949,425,28,2.66924375009,190.148989752,189.30737707,28,28,0.8,0.7,0.7,1,1.8930737707,152.702530571,1,3.8,287.023021336,2.54060606061,267e1395cc1f5155
868,13000397,50,2,414.597194754,175,39,2.25414049325,222.933831237,192.561048218,39,39,0.7,0.9,0.9,1,1.92561048218,152.702530571,1,3.8,287.023021336,2.54060606061,267e1395cc1f5155
868,13000397,50,3,138.259144748,325,40,1.83856246963,222.321231714,247.627818258,40,40,0.8,0.7,0.8,1,2.47627818258,152.702530571,1,3.8,287.023021336,2.54060606061,267e1395cc1f5155
869,13000398,50,0,2.78887842168,175,30,2.93968583451,300.19370238,261.361845022,30,30,0.8,0.6,0.8,1,2.61361845022,237.313648536,0.8,2.7,254.807150701,2.42916666667,bc60e3257fbc1c91
869,13000398,50,1,384.636248696,75,29,2.41190225103,201.779891136,241.125313989,29,29,0.8,0.8,0.7,1,2.41125313989,237.313648536,0.8,2.7,254.807150701,2.42916666667,bc60e3257fbc1c91
869,13000398,50,2,480.658019714,425,16,2.41310025746,363.675141436,361.297127214,16,16,0.3,0.4,0.2,1,3.61297127214,237.313648536,0.8,2.7,254.807150701,2.42916666667,bc60e3257fbc1c91
869,13000398,50,3,56.9668529342,325,30,2.92767239525,292.417325139,247.446988292,30,30,0.4,0.8,0.7,1,2.47446988292,237.313648536,0.8,2.7,254.807150701,2.42916666667,bc60e3257fbc1c91
870,13000399,50,0,47.4139128784,75,25,2.70548365068,345.288809157,337.916812175,25,25,0.6,0.4,0.1,1,3.37916812175,313.383667602,0.4,1.9,358.542194411,2.45833333333,e3e67cbfc38426d3
870,13000399,50,1,138.920228146,175,36,2.44815415464,233.826504562,263.482627182,36,36,0.6,0.6,0.1,1,2.63482627182,313.383667602,0.4,1.9,358.542194411,2.45833333333,e3e67cbfc38426d3
870,13000399,50,2,496.587342218,325,23,2.0141171889,242.842205594,257.364964546,23,23,0.5,0.8,0.3,1,2.57364964546,313.383667602,0.4,1.9,358.542194411,2.45833333333,e3e67cbfc38426d3
870,13000399,50,3,477.092173536,425,19,1.9764612868,263.719274197,288.852843716,19,19,0.4,0.5,0.2,1,2.88852843716,313.383667602,0.4,1.9,358.542194411,2.45833333333,e3e67cbfc38426d3
871,13000400,50,0,468.008731349,325,19,2.96824084905,395.534308011,311.122264314,19,19,0,0.3,0.1,1,3.11122264314,216.197738128,1,3.3,235.425314869,3.41,a18c11e187278110
871,13000400,50,1,194.243181313,175,43,1.63626216944,159.127344836,140.841450154,43,43,0.9,1,1,1,1.40841450154,216.197738128,1,3.3,235.425314869,3.41,a18c11e187278110
871,13000400,50,2,93.2277902572,425,29,2.57610703746,266.597472786,271.608130224,29,29,0.6,0.6,0.6,1,2.71608130224,216.197738128,1,3.3,235.425314869,3.41,a18c11e187278110
871,13000400,50,3,144.986952758,75,34,2.14340363063,167.293419726,195.779113783,34,34,0.8,1,0.9,1,1.95779113783,216.197738128,1,3.3,235.425314869,3.41,a18c11e187278110
872,13000401,50,0,433.466499741,425,18,2.5021728396,273.620632458,294.600940908,18,18,0.6,0.5,0.5,1,2.94600940908,234.066695053,0.7,2.1,237.39622932,4.17142857143,acd0fe5d1c8ecd37
872,13000401,50,1,191.945727802,75,36,1.5302755864,224.397541534,254.996497478,36,36,0.7,0.7,0.6,1,2.54996497478,234.066695053,0.7,2.1,237.39622932,4.17142857143,acd0fe5d1c8ecd37
872,13000401,50,2,122.218434957,175,38,2.1156299722,203.715550724,215.248035538,38,38,0.8,0.8,0.6,1,2.15248035538,234.066695053,0.7,2.1,237.39622932,4.17142857143,acd0fe5d1c8ecd37
872,13000401,50,3,259.804747973,325,44,1.90078883752,156.672955565,164.411675298,44,44,1,0.9,0.7,1,1.64411675298,234.066695053,0.7,2.1,237.39622932,4.17142857143,acd0fe5d1c8ecd37
873,13000402,50,0,132.129128786,325,36,2.47231008596,271.754861598,238.933191304,36,36,0.7,0.8,0.7,1,2.38933191304,294.907033404,0.8,3.5,343.82269284,2.08273809524,930a6f5a6997ec04
873,13000402,50,1,373.329394533,75,29,2.18314973874,233.880277135,234.97346728,29,29,0.8,0.6,0.6,1,2.3497346728,294.907033404,0.8,3.5,343.82269284,2.08273809524,930a6f5a6997ec04
873,13000402,50,2,388.734450662,175,33,2.16888087775,209.943248105,216.336487812,33,33,0.8,0.6,0.7,1,2.16336487812,294.907033404,0.8,3.5,343.82269284,2.08273809524,930a6f5a6997ec04
873,13000402,50,3,135.401412143,425,30,1.80136950465,310.312401755,297.820410997,30,30,0.5,0.4,0.4,1,2.97820410997,294.907033404,0.8,3.5,343.82269284,2.08273809524,930a6f5a6997ec04
874,13000403,50,0,73.2635474394,175,32,1.69305202861,324.40644873,247.026750768,32,32,0.4,0.7,0.1,1,2.47026750768,266.723345889,1,5.7,448.106394003,3.20476190476,f7de78e36545a051
874,13000403,50,1,309.839787611,75,32,2.14016863563,200.688133987,232.627730079,32,32,0.6,0.5,0.1,1,2.32627730079,266.723345889,1,5.7,448.106394003,3.20476190476,f7de78e36545a051
874,13000403,50,2,466.983908558,425,21,2.24615485287,272.347478192,321.212031069,21,21,0.4,0.2,0.4,1,3.21212031069,266.723345889,1,5.7,448.106394003,3.20476190476,f7de78e36545a051
874,13000403,50,3,103.368100172,325,31,2.31020455895,301.961098136,213.755172627,31,31,0.5,0.6,0.7,1,2.13755172627,266.723345889,1,5.7,448.106394003,3.20476190476,f7de78e36545a051
875,13000404,50,0,201.023765327,175,38,2.44338384879,228.810984563,207.748231563,38,38,0.6,0.9,0.4,1,2.07748231563,357.238645387,0.9,6.5,587.573467502,2.2908329325,1d4b85d86f945540
875,13000404,50,1,366.433579748,75,29,2.19180548371,265.780571291,262.697125415,29,29,0.7,0.8,0.3,1,2.62697125415,357.238645387,0.9,6.5,587.573467502,2.2908329325,1d4b85d86f945540
875,13000404,50,2,101.939063763,325,32,1.65188624216,273.73757957,244.780681563,32,32,0.6,0.6,0.6,1,2.44780681563,357.238645387,0.9,6.5,587.573467502,2.2908329325,1d4b85d86f945540
875,13000404,50,3,332.089255935,425,33,2.25251800154,245.340599965,243.138510411,33,33,0.7,0.7,0.5,1,2.43138510411,357.238645387,0.9,6.5,587.573467502,2.2908329325,1d4b85d86f945540
876,13000405,50,0,413.167553072,425,23,1.58455828976,320.078923898,302.44839697,23,23,0.3,0.5,0.1,1,3.0244839697,262.371695698,1,5.6,394.523930675,2.17797619048,7c4e8d6580f43725
876,13000405,50,1,67.4655390662,325,32,2.93581758252,220.616452231,249.53865919,32,32,0.7,0.7,0.5,1,2.4953865919,262.371695698,1,5.6,394.523930675,2.17797619048,7c4e8d6580f43725
876,13000405,50,2,20.3976240092,175,29,2.74153489562,268.675218165,315.151648411,29,29,0.7,0.4,0.5,1,3.15151648411,262.371695698,1,5.6,394.523930675,2.17797619048,7c4e8d6580f43725
876,13000405,50,3,428.843229841,75,26,1.77727428524,315.205018558,309.681273437,26,26,0.5,0.4,0.2,1,3.09681273437,262.371695698,1,5.6,394.523930675,2.17797619048,7c4e8d6580f43725
877,13000406,50,0,63.1325634924,75,23,2.24637928165,342.43774314,219.566460002,23,23,0.4,0.6,0.3,1,2.19566460002,326.671891318,1,6.7,538.392852156,2.07057359307,8fb0622c518cd994
877,13000406,50,1,241.739583396,175,42,2.18046215962,209.438771493,219.701225498,42,42,0.8,0.8,1,1,2.19701225498,326.671891318,1,6.7,538.392852156,2.07057359307,8fb0622c518cd994
877,13000406,50,2,317.792399645,425,31,1.58821189115,223.163943452,332.632871553,31,31,0.9,0.3,0.6,1,3.32632871553,326.671891318,1,6.7,538.392852156,2.07057359307,8fb0622c518cd994
877,13000406,50,3,245.11096925,325,46,1.57338316159,190.260239753,260.162895349,46,46,1,0.6,1,1,2.60162895349,326.671891318,1,6.7,538.392852156,2.07057359307,8fb0622c518cd994
878,13000407,50,0,250.15925249,175,46,1.64815639021,187.27890983,224.20255885,46,46,0.9,0.9,1,1,2.2420255885,274.5687134,1,5.2,401.367407929,2.80841269841,a63cd2f27975b978
878,13000407,50,1,462.51079393,425,24,2.91461541791,337.761758497,335.424080393,24,24,0.3,0.3,0.1,1,3.35424080393,274.5687134,1,5.2,401.367407929,2.80841269841,a63cd2f27975b978
878,13000407,50,2,60.9977859299,325,24,2.73402488562,316.852874759,259.581970481,24,24,0.3,0.5,0.2,1,2.59581970481,274.5687134,1,5.2,401.367407929,2.80841269841,a63cd2f27975b978
878,13000407,50,3,346.66372364,75,31,2.02074586875,189.197857703,280.599673228,31,31,0.9,0.4,0.6,1,2.80599673228,274.5687134,1,5.2,401.367407929,2.80841269841,a63cd2f27975b978
879,13000408,50,0,57.5860439692,175,23,2.89618861334,353.887693571,297.350455509,23,23,0.2,0.6,0.3,1,2.97350455509,276.12486168,1,4.3,335.358550995,2.9675,a2d700b2feac9baa
879,13000408,50,1,18.363160505,75,14,2.83612630386,421.516172026,378.532502942,14,14,0.1,0.2,0.1,1,3.78532502942,276.12486168,1,4.3,335.358550995,2.9675,a2d700b2feac9baa
879,13000408,50,2,277.179828394,425,32,2.29067081497,220.059000108,180.387089284,32,32,0.6,0.8,0.8,1,1.80387089284,276.12486168,1,4.3,335.358550995,2.9675,a2d700b2feac9baa
879,13000408,50,3,365.564046218,325,41,2.42729946993,183.830438627,173.78637093,41,41,0.8,0.9,0.9,1,1.7378637093,276.12486168,1,4.3,335.358550995,2.9675,a2d700b2feac9baa
880,13000409,50,0,11.4705540984,175,25,1.58896812145,286.614095378,273.284439931,25,25,0.5,0.6,0.4,1,2.73284439931,225.633192087,1,3.2,262.229519448,3.11333333333,ba38e90209afdc5a
880,13000409,50,1,66.5829860298,75,26,1.5224408985,292.686191555,298.917558842,26,26,0.4,0.6,0.5,1,2.98917558842,225.633192087,1,3.2,262.229519448,3.11333333333,ba38e90209afdc5a
880,13000409,50,2,386.132764108,325,35,1.87301000459,220.658919863,233.525183173,35,35,0.6,0.7,0.9,1,2.33525183173,225.633192087,1,3.2,262.229519448,3.11333333333,ba38e90209afdc5a
880,13000409,50,3,479.33620758,425,23,2.38711104947,329.70704179,313.113615704,23,23,0.4,0.4,0.3,1,3.13113615704,225.633192087,1,3.2,262.229519448,3.11333333333,ba38e90209afdc5a
881,13000410,50,0,357.408501869,425,33,2.3799200579,222.365190321,276.015363314,33,33,0.9,0.5,0.3,1,2.76015363314,274.589731766,0.4,1.2,244.425091038,4.78333333333,79c0bbfcc79ec306
881,13000410,50,1,159.025254519,325,39,1.95323445669,151.553160063,226.266840966,39,39,1,0.7,0.4,1,2.26266840966,274.589731766,0.4,1.2,244.425091038,4.78333333333,79c0bbfcc79ec306
881,13000410,50,2,346.934744119,175,34,2.51504094295,212.917080196,234.28517955,34,34,0.7,0.7,0.4,1,2.3428517955,274.589731766,0.4,1.2,244.425091038,4.78333333333,79c0bbfcc79ec306
881,13000410,50,3,184.617278013,75,26,1.67471674218,263.419481347,261.390636316,26,26,0.6,0.6,0.4,1,2.61390636316,274.589731766,0.4,1.2,244.425091038,4.78333333333,79c0bbfcc79ec306
882,13000411,50,0,475.414254146,325,34,1.91806582171,236.339313483,254.994075593,34,34,0.7,0.6,0.7,1,2.54994075593,239.770140195,1,4.1,318.819425982,2.56444444444,ade25bd419cabef9
882,13000411,50,1,235.254634009,175,44,1.65090344962,200.12028084,163.046200822,44,44,0.8,0.8,1,1,1.63046200822,239.770140195,1,4.1,318.819425982,2.56444444444,ade25bd419cabef9
882,13000411,50,2,189.690720838,425,35,1.79325436497,193.411655738,264.199381014,35,35,0.9,0.7,0.8,1,2.64199381014,239.770140195,1,4.1,318.819425982,2.56444444444,ade25bd419cabef9
882,13000411,50,3,42.9440698049,75,20,2.89373885388,359.919064033,320.033061667,20,20,0.2,0.6,0.2,1,3.20033061667,239.770140195,1,4.1,318.819425982,2.56444444444,ade25bd419cabef9
883,13000412,50,0,183.111805855,175,40,1.90859741473,195.875708637,283.915715387,40,40,0.9,0.5,0.3,1,2.83915715387,329.185770615,0.4,1.7,285.86441704,2.2125,d1b130904fd0600e
883,13000412,50,1,166.875069355,425,33,2.66987091201,225.790085312,266.755617798,33,33,0.8,0.6,0.2,1,2.66755617798,329.185770615,0.4,1.7,285.86441704,2.2125,d1b130904fd0600e
883,13000412,50,2,389.385869623,325,33,2.71619516635,234.039894716,219.735129088,33,33,0.8,0.7,0.3,1,2.19735129088,329.185770615,0.4,1.7,285.86441704,2.2125,d1b130904fd0600e
883,13000412,50,3,375.613529496,75,24,2.78134034755,292.975236213,307.457712235,24,24,0.4,0.4,0.2,1,3.07457712235,329.185770615,0.4,1.7,285.86441704,2.2125,d1b130904fd0600e
884,13000413,50,0,171.999725496,325,43,2.72779305341,228.251338748,203.280343125,43,43,0.8,0.9,0.4,1,2.03280343125,294.39715501,0.4,1.7,328.075422826,3.80416666667,f969d9faca8163a9
884,13000413,50,1,355.053815263,75,33,2.61527913354,340.34946467,230.565653476,33,33,0.2,0.7,0.4,1,2.30565653476,294.39715501,0.4,1.7,328.075422826,3.80416666667,f969d9faca8163a9
884,13000413,50,2,122.584625864,175,39,2.7068932033,281.897383247,208.889945248,39,39,0.4,0.9,0.4,1,2.08889945248,294.39715501,0.4,1.7,328.075422826,3.80416666667,f969d9faca8163a9
884,13000413,50,3,403.448888889,425,24,2.91275098547,238.026144672,311.174779499,24,24,0.6,0.5,0.2,1,3.11174779499,294.39715501,0.4,1.7,328.075422826,3.80416666667,f969d9faca8163a9
885,13000414,50,0,352.025417182,175,37,2.24433437688,216.725590625,218.38532336,37,37,0.8,0.8,0.6,1,2.1838532336,250.088649789,1,4.4,336.274061813,3.21357142857,214d9a4c649f4113
885,13000414,50,1,106.405375604,425,31,2.63430491792,260.700402484,256.428963114,31,31,0.6,0.6,0.5,1,2.56428963114,250.088649789,1,4.4,336.274061813,3.21357142857,214d9a4c649f4113
885,13000414,50,2,147.604633837,325,38,2.43355920896,189.982800751,175.296237221,38,38,0.6,0.8,0.8,1,1.75296237221,250.088649789,1,4.4,336.274061813,3.21357142857,214d9a4c649f4113
885,13000414,50,3,321.885002541,75,29,1.9818757869,235.606142497,238.502146415,29,29,0.6,0.8,0.6,1,2.38502146415,250.088649789,1,4.4,336.274061813,3.21357142857,214d9a4c649f4113
886,13000415,50,0,250.676646216,325,49,1.85223505631,171.079397948,167.194649549,49,49,1,1,1,1,1.67194649549,199.34198954,1,2.7,222.670739072,3.975,55eec87473d448ec
886,13000415,50,1,443.29237365,425,29,2.02282843698,240.179779286,226.116284338,29,29,0.7,0.7,0.7,1,2.26116284338,199.34198954,1,2.7,222.670739072,3.975,55eec87473d448ec
886,13000415,50,2,106.597227185,75,24,2.15980024209,284.448753571,303.367489315,24,24,0.5,0.4,0.4,1,3.03367489315,199.34198954,1,2.7,222.670739072,3.975,55eec87473d448ec
886,13000415,50,3,390.00644208,175,42,1.69730300129,225.601076774,173.269034257,42,42,0.8,1,1,1,1.73269034257,199.34198954,1,2.7,222.670739072,3.975,55eec87473d448ec
887,13000416,50,0,346.898724571,425,29,1.57518072469,234.942628598,305.48234682,29,29,0.7,0.4,0.4,1,3.0548234682,328.225580203,0.9,6.2,529.951687875,2.41857864358,365cebeedda2cb63
887,13000416,50,1,253.900886508,175,43,1.90618679898,238.377529156,192.223111135,43,43,0.6,0.8,0.7,1,1.92223111135,328.225580203,0.9,6.2,529.951687875,2.41857864358,365cebeedda2cb63
887,13000416,50,2,152.447784182,325,39,2.92408517368,243.016773361,243.562457697,39,39,0.8,0.8,0.6,1,2.43562457697,328.225580203,0.9,6.2,529.951687875,2.41857864358,365cebeedda2cb63
887,13000416,50,3,10.7150765896,75,24,2.65381064229,406.040808675,281.861363051,24,24,0.3,0.6,0.1,1,2.81861363051,328.225580203,0.9,6.2,529.951687875,2.41857864358,365cebeedda2cb63
888,13000417,50,0,367.135840121,425,29,1.82888636179,213.016449369,204.103887268,29,29,0.8,0.8,0.9,1,2.04103887268,308.632313028,1,5,396.12920281,2.36047619048,efa34405540b6ba1
888,13000417,50,1,78.8976857261,75,28,2.15130160561,347.421857965,352.036623052,28,28,0.2,0.3,0.2,1,3.52036623052,308.632313028,1,5,396.12920281,2.36047619048,efa34405540b6ba1
888,13000417,50,2,191.023155789,325,42,1.85024609761,214.644406346,216.89996587,42,42,0.7,0.8,0.6,1,2.1689996587,308.632313028,1,5,396.12920281,2.36047619048,efa34405540b6ba1
888,13000417,50,3,430.826477203,175,30,2.02175714643,219.924816894,265.643473354,30,30,0.8,0.6,0.8,1,2.65643473354,308.632313028,1,5,396.12920281,2.36047619048,efa34405540b6ba1
889,13000418,50,0,406.727098533,175,29,2.36744876059,291.570527169,319.67089573,29,29,0.5,0.4,0.5,1,3.1967089573,239.410231568,1,4.2,306.342042837,1.9880952381,b30b2b468cc38454
889,13000418,50,1,334.726547841,425,36,2.05047476285,279.851559379,254.357193968,36,36,0.6,0.7,0.6,1,2.54357193968,239.410231568,1,4.2,306.342042837,1.9880952381,b30b2b468cc38454
889,13000418,50,2,89.3236994036,325,35,1.92511917899,215.234898609,200.718836571,35,35,0.7,0.7,0.7,1,2.00718836571,239.410231568,1,4.2,306.342042837,1.9880952381,b30b2b468cc38454
889,13000418,50,3,53.0953583486,75,24,2.77537745433,299.525096923,303.160737196,24,24,0.4,0.4,0.6,1,3.03160737196,239.410231568,1,4.2,306.342042837,1.9880952381,b30b2b468cc38454
890,13000419,50,0,395.324281097,75,28,2.07716363906,260.665509078,264.195283079,28,28,0.5,0.5,0.5,1,2.64195283079,344.481530543,0.6,2.6,358.392310317,3.31349206349,44d46d8cafcb9b14
890,13000419,50,1,278.357399466,325,43,1.88863739153,199.095522661,228.747629023,43,43,0.8,0.7,0.5,1,2.28747629023,344.481530543,0.6,2.6,358.392310317,3.31349206349,44d46d8cafcb9b14
890,13000419,50,2,132.107839528,175,34,2.42095882377,242.899567675,236.549069991,34,34,0.7,0.7,0.3,1,2.36549069991,344.481530543,0.6,2.6,358.392310317,3.31349206349,44d46d8cafcb9b14
890,13000419,50,3,169.697744393,425,34,2.48366173012,286.731647958,273.706879474,34,34,0.8,0.6,0.2,1,2.73706879474,344.481530543,0.6,2.6,358.392310317,3.31349206349,44d46d8cafcb9b14
891,13000420,50,0,20.5080927664,175,27,2.4351097869,328.676378781,195.50118495,27,27,0.3,0.7,0.4,1,1.9550118495,287.127677195,1,5.1,402.006502773,2.72833333333,62bbe6d0beeab60
891,13000420,50,1,222.162947962,75,34,1.73850041009,229.219401956,242.466840265,34,34,0.8,0.7,0.8,1,2.42466840265,287.127677195,1,5.1,402.006502773,2.72833333333,62bbe6d0beeab60
891,13000420,50,2,397.367374068,325,37,2.08514346336,201.246285295,281.461083331,37,37,0.9,0.7,0.7,1,2.81461083331,287.127677195,1,5.1,402.006502773,2.72833333333,62bbe6d0beeab60
891,13000420,50,3,282.10193337,425,29,1.63087176587,262.418690854,229.741742386,29,29,0.6,0.7,0.7,1,2.29741742386,287.127677195,1,5.1,402.006502773,2.72833333333,62bbe6d0beeab60
892,13000421,50,0,87.919852388,175,32,2.68362189035,305.701125801,276.826339989,32,32,0.4,0.6,0.5,1,2.76826339989,206.649389617,1,3,232.438557764,3.37666666667,4db520c654915425
892,13000421,50,1,220.9254406,325,48,1.55292260084,201.930946651,178.840990034,48,48,1,0.9,1,1,1.78840990034,206.649389617,1,3,232.438557764,3.37666666667,4db520c654915425
892,13000421,50,2,384.664437097,425,35,2.26100370519,193.676706875,222.901589127,35,35,0.8,0.7,0.7,1,2.22901589127,206.649389617,1,3,232.438557764,3.37666666667,4db520c654915425
892,13000421,50,3,214.331692144,75,34,1.6282868803,285.500122999,289.988987221,34,34,0.6,0.7,1,1,2.89988987221,206.649389617,1,3,232.438557764,3.37666666667,4db520c654915425
893,13000422,50,0,118.865320814,75,29,2.32243838519,288.297964003,186.446590288,29,29,0.4,0.6,0.3,1,1.86446590288,327.046579107,0.8,3.7,340.942103782,2.73229166667,8db4b163908bcf2d
893,13000422,50,1,188.646318679,325,35,1.52671550586,239.507063031,263.048400718,35,35,0.8,0.7,0.8,1,2.63048400718,327.046579107,0.8,3.7,340.942103782,2.73229166667,8db4b163908bcf2d
893,13000422,50,2,264.891319752,425,29,2.08669308329,245.594232461,331.169996893,29,29,0.6,0.4,0.2,1,3.31169996893,327.046579107,0.8,3.7,340.942103782,2.73229166667,8db4b163908bcf2d
893,13000422,50,3,214.18968574,175,41,1.55767107306,219.036236026,216.776378331,41,41,0.8,0.9,0.8,1,2.16776378331,327.046579107,0.8,3.7,340.942103782,2.73229166667,8db4b163908bcf2d
894,13000423,50,0,108.969202785,75,28,2.62854122187,179.447513548,176.765612301,28,28,0.6,0.9,0.9,1,1.76765612301,265.133709304,0.9,3.6,315.339761875,2.86111111111,789997ed0a10ad0b
894,13000423,50,1,52.2019256452,425,28,2.87903107501,317.132765567,270.560367231,28,28,0.4,0.6,0.2,1,2.70560367231,265.133709304,0.9,3.6,315.339761875,2.86111111111,789997ed0a10ad0b
894,13000423,50,2,285.761789525,175,42,1.51679962067,198.630510589,176.747906957,42,42,1,1,0.9,1,1.76747906957,265.133709304,0.9,3.6,315.339761875,2.86111111111,789997ed0a10ad0b
894,13000423,50,3,490.321831272,325,25,1.82102100153,373.04471556,351.651700866,25,25,0.2,0.3,0.2,1,3.51651700866,265.133709304,0.9,3.6,315.339761875,2.86111111111,789997ed0a10ad0b
895,13000424,50,0,446.994573993,325,29,2.58681779673,252.141698969,233.108270671,29,29,0.5,0.7,0.5,1,2.33108270671,204.139755403,1,3.6,283.346097807,2.25666666667,393e06a6324ca0e1
895,13000424,50,1,41.9980397377,75,21,2.0302294427,302.654235312,334.664206214,21,21,0.5,0.3,0.3,1,3.34664206214,204.139755403,1,3.6,283.346097807,2.25666666667,393e06a6324ca0e1
895,13000424,50,2,152.35644775,425,29,2.72829075698,244.47059487,206.134087185,29,29,0.8,0.9,0.6,1,2.06134087185,204.139755403,1,3.6,283.346097807,2.25666666667,393e06a6324ca0e1
895,13000424,50,3,380.983122017,175,39,1.79069052223,244.883461721,222.388190073,39,39,0.6,0.7,0.7,1,2.22388190073,204.139755403,1,3.6,283.346097807,2.25666666667,393e06a6324ca0e1
896,13000425,50,0,213.248692133,425,38,2.38731663202,214.736611527,239.526470457,38,38,0.9,0.6,0.8,1,2.39526470457,269.69075758,1,4.4,352.341221611,2.985,f43d14f68639cb3e
896,13000425,50,1,215.029338285,325,44,2.02924728089,187.804260757,182.132131592,44,44,0.9,0.9,1,1,1.82132131592,269.69075758,1,4.4,352.341221611,2.985,f43d14f68639cb3e
896,13000425,50,2,443.668453651,75,23,2.75286036586,348.301817959,309.246411746,23,23,0.3,0.5,0.2,1,3.09246411746,269.69075758,1,4.4,352.341221611,2.985,f43d14f68639cb3e
896,13000425,50,3,413.503772927,175,34,2.3608669036,277.194537802,261.657056537,34,34,0.5,0.5,0.6,1,2.61657056537,269.69075758,1,4.4,352.341221611,2.985,f43d14f68639cb3e
897,13000426,50,0,318.650672455,325,44,2.09750583159,187.034770553,170.134261741,44,44,0.9,0.9,0.8,1,1.70134261741,271.847412522,0.8,2.8,267.981913735,3.26666666667,17f5d23f26dd6ff0
897,13000426,50,1,412.444549316,425,29,2.58494950583,252.764600654,239.509847455,29,29,0.5,0.6,0.5,1,2.39509847455,271.847412522,0.8,2.8,267.981913735,3.26666666667,17f5d23f26dd6ff0
897,13000426,50,2,251.100860195,75,28,1.7113067326,231.69398501,248.554851136,28,28,0.8,0.5,0.6,1,2.48554851136,271.847412522,0.8,2.8,267.981913735,3.26666666667,17f5d23f26dd6ff0
897,13000426,50,3,57.3192842583,175,30,2.55096869202,275.03114893,266.085487293,30,30,0.6,0.7,0.6,1,2.66085487293,271.847412522,0.8,2.8,267.981913735,3.26666666667,17f5d23f26dd6ff0
898,13000427,50,0,62.2508810853,175,26,2.84999007649,214.10646767,336.814918955,26,26,0.9,0.2,0.4,1,3.36814918955,243.215833974,0.7,2,214.322926842,4.28571428571,2db15f4b6620db6f
898,13000427,50,1,316.969534301,325,41,2.66408819041,208.609377002,214.037679795,41,41,1,0.9,0.7,1,2.14037679795,243.215833974,0.7,2,214.322926842,4.28571428571,2db15f4b6620db6f
898,13000427,50,2,277.203489693,425,30,1.8836960804,281.491663199,288.223974567,30,30,0.6,0.5,0.5,1,2.88223974567,243.215833974,0.7,2,214.322926842,4.28571428571,2db15f4b6620db6f
898,13000427,50,3,26.8250995351,75,16,2.47024522925,267.044924181,377.567554737,16,16,0.8,0.2,0.3,1,3.77567554737,243.215833974,0.7,2,214.322926842,4.28571428571,2db15f4b6620db6f
899,13000428,50,0,348.376066787,325,33,2.45086180134,275.569369435,220.47125979,33,33,0.5,0.7,0.6,1,2.2047125979,263.091292282,0.9,3.4,309.520430656,3.0537037037,f428555062dbf585
899,13000428,50,1,198.763976838,175,44,1.59348169773,178.936182729,190.833622912,44,44,0.9,0.9,0.9,1,1.90833622912,263.091292282,0.9,3.4,309.520430656,3.0537037037,f428555062dbf585
899,13000428,50,2,440.388320393,425,24,2.42596904211,384.147929761,326.356569992,24,24,0.3,0.6,0.3,1,3.26356569992,263.091292282,0.9,3.4,309.520430656,3.0537037037,f428555062dbf585
899,13000428,50,3,132.012834834,75,35,2.62797759872,191.044969786,243.000834722,35,35,0.8,0.8,0.8,1,2.43000834722,263.091292282,0.9,3.4,309.520430656,3.0537037037,f428555062dbf585
900,13000429,50,0,452.072047935,175,30,2.52865298597,301.991779443,239.183077902,30,30,0.5,0.7,0.4,1,2.39183077902,254.295656281,0.6,2.1,284.012851599,2.61666666667,c90b2fd5cac8da19
900,13000429,50,1,389.525219396,75,29,1.98880900555,272.2521223,261.823142226,29,29,0.7,0.7,0.4,1,2.61823142226,254.295656281,0.6,2.1,284.012851599,2.61666666667,c90b2fd5cac8da19
900,13000429,50,2,193.131942745,325,40,1.6029735032,223.25852748,184.832441295,40,40,0.8,1,0.5,1,1.84832441295,254.295656281,0.6,2.1,284.012851599,2.61666666667,c90b2fd5cac8da19
900,13000429,50,3,158.648463193,425,31,2.5048628004,273.832803657,240.153364091,31,31,0.5,0.7,0.5,1,2.40153364091,254.295656281,0.6,2.1,284.012851599,2.61666666667,c90b2fd5cac8da19
901,13000430,50,0,325.729626925,425,32,2.71402022046,219.877520082,317.863145488,32,32,0.9,0.4,0.6,1,3.17863145488,269.140605706,0.7,2.6,260.945100782,2.54285714286,d10e4e962de197f2
901,13000430,50,1,67.2937160943,325,36,2.78664576266,288.407726002,242.706745068,36,36,0.6,0.8,0.3,1,2.42706745068,269.140605706,0.7,2.6,260.945100782,2.54285714286,d10e4e962de197f2
901,13000430,50,2,156.685135147,175,41,1.97639848358,207.279720064,173.842058126,41,41,0.7,0.9,0.7,1,1.73842058126,269.140605706,0.7,2.6,260.945100782,2.54285714286,d10e4e962de197f2
901,13000430,50,3,453.756108188,75,24,1.68571407461,236.644496953,337.671862305,24,24,0.7,0.4,0.6,1,3.37671862305,269.140605706,0.7,2.6,260.945100782,2.54285714286,d10e4e962de197f2
902,13000431,50,0,362.255635175,175,37,2.71827896295,248.279535952,219.145125942,37,37,0.5,0.8,0.9,1,2.19145125942,233.997577663,1,3.4,279.005188611,2.93095238095,40a1f9ccf0932b7d
902,13000431,50,1,117.009265602,425,30,2.6048747658,246.222430999,254.493382602,30,30,0.8,0.5,0.6,1,2.54493382602,233.997577663,1,3.4,279.005188611,2.93095238095,40a1f9ccf0932b7d
902,13000431,50,2,377.507464813,75,26,2.64654861793,300.609159011,280.833643646,26,26,0.3,0.5,0.4,1,2.80833643646,233.997577663,1,3.4,279.005188611,2.93095238095,40a1f9ccf0932b7d
902,13000431,50,3,139.075073791,325,38,2.11780850122,190.56934227,215.333802151,38,38,0.8,0.9,1,1,2.15333802151,233.997577663,1,3.4,279.005188611,2.93095238095,40a1f9ccf0932b7d
903,13000432,50,0,206.759670036,425,31,2.12429416687,308.057110213,311.643844238,31,31,0.3,0.5,0.1,1,3.11643844238,317.233629878,0.4,1.7,309.673597911,2.04107142857,d9e29e3f47d924b1
903,13000432,50,1,189.873532444,325,41,1.70390633535,239.24343138,253.339912094,41,41,0.8,0.7,0.4,1,2.53339912094,317.233629878,0.4,1.7,309.673597911,2.04107142857,d9e29e3f47d924b1
903,13000432,50,2,329.450957668,75,30,2.25368672121,198.24060744,236.618764477,30,30,0.8,0.8,0.4,1,2.36618764477,317.233629878,0.4,1.7,309.673597911,2.04107142857,d9e29e3f47d924b1
903,13000432,50,3,450.877928004,175,28,1.824226717,232.999653432,265.163848184,28,28,0.6,0.6,0.4,1,2.65163848184,317.233629878,0.4,1.7,309.673597911,2.04107142857,d9e29e3f47d924b1
904,13000433,50,0,160.3016494,175,38,2.32883911625,198.301158507,193.180465858,38,38,0.9,0.7,0.8,1,1.93180465858,256.395404089,0.9,3.3,282.463218881,2.39153439153,e8978ec7ec0d6dee
904,13000433,50,1,237.891038723,425,36,1.8862287725,216.199248108,257.185171135,36,36,0.8,0.8,0.8,1,2.57185171135,256.395404089,0.9,3.3,282.463218881,2.39153439153,e8978ec7ec0d6dee
904,13000433,50,2,401.912136037,75,22,2.91321301537,346.557118741,277.246842496,22,22,0.3,0.7,0.3,1,2.77246842496,256.395404089,0.9,3.3,282.463218881,2.39153439153,e8978ec7ec0d6dee
904,13000433,50,3,483.675671905,325,21,2.10559648377,342.501689625,266.593069369,21,21,0.3,0.4,0.2,1,2.66593069369,256.395404089,0.9,3.3,282.463218881,2.39153439153,e8978ec7ec0d6dee
905,13000434,50,0,187.834830939,425,30,2.19344269287,185.079229431,271.548908287,30,30,0.9,0.5,0.6,1,2.71548908287,283.657885405,0.8,3.3,299.460868195,2.67708333333,c1824b6d5b47be
905,13000434,50,1,288.403684374,325,43,2.24753764967,186.037284819,228.266763891,43,43,0.9,0.9,0.8,1,2.28266763891,283.657885405,0.8,3.3,299.460868195,2.67708333333,c1824b6d5b47be
905,13000434,50,2,176.326770866,175,42,2.2063674851,236.111856049,156.324773282,42,42,0.7,1,0.8,1,1.56324773282,283.657885405,0.8,3.3,299.460868195,2.67708333333,c1824b6d5b47be
905,13000434,50,3,303.404649828,75,37,2.54511135712,327.962640311,208.872291567,37,37,0.4,0.8,0.7,1,2.08872291567,283.657885405,0.8,3.3,299.460868195,2.67708333333,c1824b6d5b47be
906,13000435,50,0,286.425228609,325,43,1.67421181637,179.461374459,203.762055761,43,43,0.8,0.8,0.8,1,2.03762055761,281.842159482,0.8,4,365.248558908,1.93923611111,220912253b05ad9b
906,13000435,50,1,384.859744244,75,24,1.80854360885,322.432631064,293.335634968,24,24,0.5,0.3,0.2,1,2.93335634968,281.842159482,0.8,4,365.248558908,1.93923611111,220912253b05ad9b
906,13000435,50,2,167.306210647,175,40,2.34068917097,167.521725622,229.832311477,40,40,0.9,0.6,0.8,1,2.29832311477,281.842159482,0.8,4,365.248558908,1.93923611111,220912253b05ad9b
906,13000435,50,3,387.01401843,425,25,2.02039107925,284.871764776,242.438733946,25,25,0.4,0.6,0.2,1,2.42438733946,281.842159482,0.8,4,365.248558908,1.93923611111,220912253b05ad9b
907,13000436,50,0,53.0750484458,325,29,2.11956062043,228.006751862,242.691559535,29,29,0.6,0.6,0.5,1,2.42691559535,276.034666478,0.9,3.9,328.849864726,2.86851851852,95b9a8e253bc671f
907,13000436,50,1,342.886694935,75,27,2.70982973462,262.352630625,294.235172196,27,27,0.6,0.5,0.3,1,2.94235172196,276.034666478,0.9,3.9,328.849864726,2.86851851852,95b9a8e253bc671f
907,13000436,50,2,108.638662092,175,37,1.55178896784,234.866427793,254.821753256,37,37,0.8,0.7,0.9,1,2.54821753256,276.034666478,0.9,3.9,328.849864726,2.86851851852,95b9a8e253bc671f
907,13000436,50,3,462.924565309,425,19,2.64862267799,295.017159297,298.357453921,19,19,0.4,0.5,0.7,1,2.98357453921,276.034666478,0.9,3.9,328.849864726,2.86851851852,95b9a8e253bc671f
908,13000437,50,0,137.004955815,175,34,1.59757379963,227.883783097,287.521639142,34,34,0.7,0.4,0.5,1,2.87521639142,306.938318663,1,5.3,402.238643866,2.33515873016,2f4b5c7b70a1a260
908,13000437,50,1,354.594775716,425,29,2.78162531281,191.108049107,222.96366907,29,29,0.8,0.6,0.5,1,2.2296366907,306.938318663,1,5.3,402.238643866,2.33515873016,2f4b5c7b70a1a260
908,13000437,50,2,256.267531164,75,33,2.02272821645,292.882410703,280.61174688,33,33,0.6,0.6,0.5,1,2.8061174688,306.938318663,1,5.3,402.238643866,2.33515873016,2f4b5c7b70a1a260
908,13000437,50,3,330.769573418,325,37,1.9978330282,177.870811947,200.629133892,37,37,0.8,0.6,1,1,2.00629133892,306.938318663,1,5.3,402.238643866,2.33515873016,2f4b5c7b70a1a260
909,13000438,50,0,403.06264686,325,31,2.67530573656,270.13844905,244.89896258,31,31,0.4,0.6,0.3,1,2.4489896258,273.805966696,0.4,1.5,299.821522372,2.3125,3146aa74b9ae53d4
909,13000438,50,1,366.041027027,425,25,2.03565370419,301.705321728,251.056099714,25,25,0.3,0.6,0.2,1,2.51056099714,273.805966696,0.4,1.5,299.821522372,2.3125,3146aa74b9ae53d4
909,13000438,50,2,153.309142059,175,37,2.3489529283,199.647486813,210.343131735,37,37,0.9,0.8,0.4,1,2.10343131735,273.805966696,0.4,1.5,299.821522372,2.3125,3146aa74b9ae53d4
909,13000438,50,3,61.6417761696,75,22,2.00011869334,276.75975489,289.363806231,22,22,0.4,0.5,0.2,1,2.89363806231,273.805966696,0.4,1.5,299.821522372,2.3125,3146aa74b9ae53d4
910,13000439,50,0,74.2433048759,425,25,2.31392400457,332.876222767,296.71125544,25,25,0.3,0.6,0.3,1,2.9671125544,259.837017233,0.8,4.1,407.266634012,3.00119047619,393524794ecbd501
910,13000439,50,1,404.966898698,325,30,2.31445595125,242.92718485,257.767364388,30,30,0.6,0.7,0.4,1,2.57767364388,259.837017233,0.8,4.1,407.266634012,3.00119047619,393524794ecbd501
910,13000439,50,2,129.7290192,175,37,2.47008202284,226.331395755,234.611046446,37,37,0.8,0.7,0.6,1,2.34611046446,259.837017233,0.8,4.1,407.266634012,3.00119047619,393524794ecbd501
910,13000439,50,3,403.649049672,75,26,2.79403513589,243.398683472,256.858713169,26,26,0.7,0.5,0.4,1,2.56858713169,259.837017233,0.8,4.1,407.266634012,3.00119047619,393524794ecbd501
911,13000440,50,0,497.995595837,325,20,2.12653247261,320.725737314,329.568869903,20,20,0.4,0.4,0.1,1,3.29568869903,309.246069822,0.7,3.6,379.236073606,2.38288497217,5be7fea421eae9b2
911,13000440,50,1,392.660902215,175,27,1.77391060781,274.976375074,257.220829358,27,27,0.5,0.5,0.2,1,2.57220829358,309.246069822,0.7,3.6,379.236073606,2.38288497217,5be7fea421eae9b2
911,13000440,50,2,86.5775129526,75,22,2.70658839387,318.917423589,330.536262055,22,22,0.4,0.3,0.3,1,3.30536262055,309.246069822,0.7,3.6,379.236073606,2.38288497217,5be7fea421eae9b2
911,13000440,50,3,155.06349414,425,23,2.00802608087,277.989416564,272.096018499,23,23,0.4,0.4,0.2,1,2.72096018499,309.246069822,0.7,3.6,379.236073606,2.38288497217,5be7fea421eae9b2
912,13000441,50,0,123.168479219,75,26,2.17353725763,215.126504396,259.358970273,26,26,0.8,0.6,0.5,1,2.59358970273,304.163183285,1,7.4,524.836355933,2.37166749917,78619cfa6c97d055
912,13000441,50,1,434.196287109,175,31,1.86126224026,228.504194957,234.079650953,31,31,0.7,0.5,0.4,1,2.34079650953,304.163183285,1,7.4,524.836355933,2.37166749917,78619cfa6c97d055
912,13000441,50,2,2.51666938548,425,9,2.93375842683,433.248298244,350.062696477,9,9,0,0.2,0,1,3.50062696477,304.163183285,1,7.4,524.836355933,2.37166749917,78619cfa6c97d055
912,13000441,50,3,416.913461073,325,34,2.23012886309,299.752973126,245.769334285,34,34,0.7,0.7,0.6,1,2.45769334285,304.163183285,1,7.4,524.836355933,2.37166749917,78619cfa6c97d055
913,13000442,50,0,108.283466087,325,34,2.46325291905,242.601442659,271.138177495,34,34,0.7,0.4,0.9,1,2.71138177495,240.78207955,1,3.6,284.392485687,2.40833333333,ad77217c1f749d56
913,13000442,50,1,97.1550549853,175,30,2.29288348881,231.091127143,288.211056306,30,30,0.7,0.4,0.6,1,2.88211056306,240.78207955,1,3.6,284.392485687,2.40833333333,ad77217c1f749d56
913,13000442,50,2,336.679916674,75,30,1.88502737864,204.998401048,239.166456969,30,30,0.7,0.6,0.7,1,2.39166456969,240.78207955,1,3.6,284.392485687,2.40833333333,ad77217c1f749d56
913,13000442,50,3,436.486778539,425,25,2.9988338691,305.022858045,239.979456245,25,25,0.4,0.6,0.5,1,2.39979456245,240.78207955,1,3.6,284.392485687,2.40833333333,ad77217c1f749d56
914,13000443,50,0,227.587364082,425,36,2.24412681712,258.046234599,219.400392186,36,36,0.7,0.8,0.7,1,2.19400392186,262.776001771,0.9,4.5,387.303203015,3.18849206349,c33c5acde8df6ab6
914,13000443,50,1,155.559726336,75,32,1.76356003685,212.486891873,271.194927445,32,32,0.7,0.5,0.4,1,2.71194927445,262.776001771,0.9,4.5,387.303203015,3.18849206349,c33c5acde8df6ab6
914,13000443,50,2,385.246359021,175,35,2.87569247176,195.069316068,233.43159404,35,35,0.8,0.7,0.8,1,2.3343159404,262.776001771,0.9,4.5,387.303203015,3.18849206349,c33c5acde8df6ab6
914,13000443,50,3,490.065753019,325,25,2.66086560702,289.558447755,287.669878452,25,25,0.5,0.6,0.6,1,2.87669878452,262.776001771,0.9,4.5,387.303203015,3.18849206349,c33c5acde8df6ab6
915,13000444,50,0,495.730600199,425,14,1.66016030304,310.626779722,376.746338248,14,14,0.4,0.3,0.2,1,3.76746338248,330.17218332,0.6,2.6,345.050995761,2.48015873016,48360e6452203ce1
915,13000444,50,1,190.688729722,325,41,2.12737041625,244.891983656,235.726897387,41,41,0.7,0.9,0.6,1,2.35726897387,330.17218332,0.6,2.6,345.050995761,2.48015873016,48360e6452203ce1
915,13000444,50,2,42.8205459028,175,28,2.70717520108,297.186139626,263.714750704,28,28,0.6,0.5,0.1,1,2.63714750704,330.17218332,0.6,2.6,345.050995761,2.48015873016,48360e6452203ce1
915,13000444,50,3,220.118319204,75,31,1.6896213806,241.905208928,281.876313382,31,31,0.5,0.5,0.2,1,2.81876313382,330.17218332,0.6,2.6,345.050995761,2.48015873016,48360e6452203ce1
916,13000445,50,0,324.633520637,425,31,2.3854675229,250.185922753,306.001999627,31,31,0.8,0.4,0.6,1,3.06001999627,294.84355679,1,4.8,355.365227229,3.28154761905,36336aac69b11ecd
916,13000445,50,1,95.1879877743,75,24,2.1860913378,340.692709504,232.06741931,24,24,0.4,0.8,0.7,1,2.3206741931,294.84355679,1,4.8,355.365227229,3.28154761905,36336aac69b11ecd
916,13000445,50,2,471.061964483,175,33,2.78659340856,202.40154636,245.259368902,33,33,0.8,0.7,0.5,1,2.45259368902,294.84355679,1,4.8,355.365227229,3.28154761905,36336aac69b11ecd
916,13000445,50,3,12.5395398873,325,19,2.20517070583,370.086032818,301.683867628,19,19,0.2,0.3,0.2,1,3.01683867628,294.84355679,1,4.8,355.365227229,3.28154761905,36336aac69b11ecd
917,13000446,50,0,376.096720354,325,41,2.98487225215,193.505025915,211.83728329,41,41,1,0.8,1,1,2.1183728329,207.482543723,1,3.5,262.343174687,3.4280952381,b1be98f604a99a72
917,13000446,50,1,273.064451532,175,46,2.19534214416,167.045745687,199.607871828,46,46,0.8,0.9,1,1,1.99607871828,207.482543723,1,3.5,262.343174687,3.4280952381,b1be98f604a99a72
917,13000446,50,2,91.0765340604,75,24,2.02572561237,302.667221853,310.822650741,24,24,0.6,0.4,0.4,1,3.10822650741,207.482543723,1,3.5,262.343174687,3.4280952381,b1be98f604a99a72
917,13000446,50,3,74.8962890781,425,19,2.35188048906,315.083842444,273.271449048,19,19,0.3,0.4,0.2,1,2.73271449048,207.482543723,1,3.5,262.343174687,3.4280952381,b1be98f604a99a72
918,13000447,50,0,28.3256042052,175,29,1.9798197559,269.9081673,250.522452716,29,29,0.7,0.7,0.6,1,2.50522452716,196.119304082,0.9,3,255.288670213,2.22433862434,f66a8762ad8df018
918,13000447,50,1,435.34268681,325,32,2.89387484776,248.884667894,305.826015686,32,32,0.8,0.5,0.6,1,3.05826015686,196.119304082,0.9,3,255.288670213,2.22433862434,f66a8762ad8df018
918,13000447,50,2,402.747092602,425,27,2.06575141919,286.406303775,312.412233858,27,27,0.4,0.3,0.3,1,3.12412233858,196.119304082,0.9,3,255.288670213,2.22433862434,f66a8762ad8df018
918,13000447,50,3,6.16689648341,75,20,2.50551458072,316.3398773,295.766918936,20,20,0.7,0.6,0.6,1,2.95766918936,196.119304082,0.9,3,255.288670213,2.22433862434,f66a8762ad8df018
919,13000448,50,0,477.507378257,325,20,2.71316417664,266.459123408,268.85862195,20,20,0.5,0.4,0.3,1,2.6885862195,259.329978544,1,5.8,488.326464755,2.40848484848,6d2a5ad21b7d15dc
919,13000448,50,1,379.14789033,175,37,2.78651868308,243.385346841,192.569604473,37,37,0.6,0.8,0.9,1,1.92569604473,259.329978544,1,5.8,488.326464755,2.40848484848,6d2a5ad21b7d15dc
919,13000448,50,2,215.907332321,425,33,1.53617934788,217.585072577,284.074435802,33,33,0.9,0.6,0.4,1,2.84074435802,259.329978544,1,5.8,488.326464755,2.40848484848,6d2a5ad21b7d15dc
919,13000448,50,3,67.8386207864,75,26,2.84803418062,328.951111796,298.855086039,26,26,0.4,0.5,0.2,1,2.98855086039,259.329978544,1,5.8,488.326464755,2.40848484848,6d2a5ad21b7d15dc
920,13000449,50,0,398.901438165,75,31,2.87344736209,298.802468488,264.777720863,31,31,0.4,0.6,0.7,1,2.64777720863,252.3279129,0.9,3.5,281.154199974,2.56507936508,29f499de2435605d
920,13000449,50,1,1.14547197129,425,18,2.61735840358,353.646902942,366.613208081,18,18,0.3,0.4,0.2,1,3.66613208081,252.3279129,0.9,3.5,281.154199974,2.56507936508,29f499de2435605d
920,13000449,50,2,338.911851761,325,38,2.0709740152,260.579871106,231.933798573,38,38,0.6,0.7,0.8,1,2.31933798573,252.3279129,0.9,3.5,281.154199974,2.56507936508,29f499de2435605d
920,13000449,50,3,31.3183245014,175,29,2.74504891774,272.766544368,266.179135644,29,29,0.5,0.5,0.3,1,2.66179135644,252.3279129,0.9,3.5,281.154199974,2.56507936508,29f499de2435605d
921,13000450,50,0,64.8438429968,75,24,2.70662620727,268.724580273,285.77758593,24,24,0.6,0.4,0.5,1,2.8577758593,184.623911536,1,2.8,206.915681119,2.77,43623800f31bc013
921,13000450,50,1,44.9562272531,325,29,2.91554821149,242.49955039,235.436726041,29,29,0.8,0.7,0.7,1,2.35436726041,184.623911536,1,2.8,206.915681119,2.77,43623800f31bc013
921,13000450,50,2,476.091405121,425,25,2.06875295526,313.366531497,353.150824232,25,25,0.6,0.5,0.6,1,3.53150824232,184.623911536,1,2.8,206.915681119,2.77,43623800f31bc013
921,13000450,50,3,331.161814193,175,39,2.78306461835,174.96454339,237.579993936,39,39,0.9,0.5,0.9,1,2.37579993936,184.623911536,1,2.8,206.915681119,2.77,43623800f31bc013
922,13000451,50,0,406.849468319,175,31,2.74219116151,288.368956767,229.836293682,31,31,0.5,0.6,0.7,1,2.29836293682,224.425521534,0.8,2.6,250.891457084,3.08125,5f003d2ab7fe44e
922,13000451,50,1,138.726535429,75,26,2.76854766068,290.763000702,311.390379587,26,26,0.5,0.5,0.3,1,3.11390379587,224.425521534,0.8,2.6,250.891457084,3.08125,5f003d2ab7fe44e
922,13000451,50,2,408.657053496,325,39,1.74686531732,250.159261145,191.162287178,39,39,0.7,0.9,0.8,1,1.91162287178,224.425521534,0.8,2.6,250.891457084,3.08125,5f003d2ab7fe44e
922,13000451,50,3,139.725531818,425,32,2.79528285141,213.90318988,229.046081304,32,32,0.8,0.8,0.6,1,2.29046081304,224.425521534,0.8,2.6,250.891457084,3.08125,5f003d2ab7fe44e
923,13000452,50,0,85.8744279215,75,29,2.64178402462,211.04290915,325.948879473,29,29,0.7,0.3,0.3,1,3.25948879473,336.341762323,1,8.4,643.320465209,2.54235209235,395b28a2b17cce35
923,13000452,50,1,83.0410323105,325,35,2.41648278899,263.583940477,232.440224683,35,35,0.7,0.8,0.4,1,2.32440224683,336.341762323,1,8.4,643.320465209,2.54235209235,395b28a2b17cce35
923,13000452,50,2,365.990257462,175,30,1.70968370405,272.06610439,223.643798001,30,30,0.4,0.6,0.6,1,2.23643798001,336.341762323,1,8.4,643.320465209,2.54235209235,395b28a2b17cce35
923,13000452,50,3,310.309284957,425,28,2.42101114734,336.236024384,194.206529257,28,28,0.3,0.8,0.1,1,1.94206529257,336.341762323,1,8.4,643.320465209,2.54235209235,395b28a2b17cce35
924,13000453,50,0,444.756649048,325,25,2.69392076299,332.954696217,278.546246533,25,25,0.3,0.5,0.3,1,2.78546246533,258.73937539,0.9,3.8,327.525622565,2.3942680776,c9735ffead12c1fe
924,13000453,50,1,202.250007537,75,34,2.5048201028,215.226462816,212.140883424,34,34,0.8,0.8,0.7,1,2.12140883424,258.73937539,0.9,3.8,327.525622565,2.3942680776,c9735ffead12c1fe
924,13000453,50,2,382.773991891,175,32,1.75536295888,277.616047035,223.946510706,32,32,0.6,0.8,0.5,1,2.23946510706,258.73937539,0.9,3.8,327.525622565,2.3942680776,c9735ffead12c1fe
924,13000453,50,3,195.181321357,425,36,2.26728844927,264.600210217,259.420598767,36,36,0.7,0.7,0.5,1,2.59420598767,258.73937539,0.9,3.8,327.525622565,2.3942680776,c9735ffead12c1fe
925,13000454,50,0,7.05308177551,175,25,2.27624360447,287.304502065,267.124929977,25,25,0.5,0.6,0.1,1,2.67124929977,197.703117076,0.5,1.2,168.396056841,2.35,fff8e58ed090873c
925,13000454,50,1,351.694762043,75,32,2.1735688867,258.542284351,248.671959341,32,32,0.7,0.7,0.5,1,2.48671959341,197.703117076,0.5,1.2,168.396056841,2.35,fff8e58ed090873c
925,13000454,50,2,246.272452666,325,48,1.83353689095,172.642218592,188.872988606,48,48,1,0.9,0.5,1,1.88872988606,197.703117076,0.5,1.2,168.396056841,2.35,fff8e58ed090873c
925,13000454,50,3,75.1354327348,425,27,2.66262121306,278.68678468,275.413663407,27,27,0.6,0.5,0.2,1,2.75413663407,197.703117076,0.5,1.2,168.396056841,2.35,fff8e58ed090873c
926,13000455,50,0,381.304349704,325,35,2.94964449982,192.892995904,173.850965333,35,35,0.8,0.9,0.7,1,1.73850965333,221.752901338,1,4.7,355.141491374,2.78583333333,8bc606a2b98ff8e6
926,13000455,50,1,389.861616124,425,33,2.4361261854,225.888450758,212.3986805,33,33,0.8,0.8,0.7,1,2.123986805,221.752901338,1,4.7,355.141491374,2.78583333333,8bc606a2b98ff8e6
926,13000455,50,2,111.324550735,75,21,1.55946299585,317.119183114,312.359304663,21,21,0.2,0.4,0.1,1,3.12359304663,221.752901338,1,4.7,355.141491374,2.78583333333,8bc606a2b98ff8e6
926,13000455,50,3,103.124855214,175,31,2.71175742813,289.846363981,273.564613851,31,31,0.4,0.6,0.3,1,2.73564613851,221.752901338,1,4.7,355.141491374,2.78583333333,8bc606a2b98ff8e6
927,13000456,50,0,272.820642436,175,44,1.78613773273,198.93619852,204.092905201,44,44,0.9,0.9,0.9,1,2.04092905201,272.152454234,1,4.9,398.280612592,2.93527777778,15e835afc232c141
927,13000456,50,1,170.096374582,325,39,2.69832418076,190.108998557,155.185222518,39,39,0.9,1,0.9,1,1.55185222518,272.152454234,1,4.9,398.280612592,2.93527777778,15e835afc232c141
927,13000456,50,2,349.503197536,425,34,1.82158335262,218.006866987,240.837571177,34,34,0.8,0.6,0.8,1,2.40837571177,272.152454234,1,4.9,398.280612592,2.93527777778,15e835afc232c141
927,13000456,50,3,209.39864489,75,34,1.8415229258,273.904566932,256.299997829,34,34,0.7,0.6,0.8,1,2.56299997829,272.152454234,1,4.9,398.280612592,2.93527777778,15e835afc232c141
928,13000457,50,0,455.723297441,75,28,2.73896217554,295.274801505,240.364322176,28,28,0.6,0.8,0.6,1,2.40364322176,278.040612677,1,4.4,346.848531765,3.07888888889,dea08ce2de49afff
928,13000457,50,1,488.456250855,425,17,2.16235758849,301.056670444,361.872489007,17,17,0.5,0.2,0.1,1,3.61872489007,278.040612677,1,4.4,346.848531765,3.07888888889,dea08ce2de49afff
928,13000457,50,2,43.8653495545,175,31,2.40992108754,281.575760544,277.813782398,31,31,0.6,0.5,0.3,1,2.77813782398,278.040612677,1,4.4,346.848531765,3.07888888889,dea08ce2de49afff
928,13000457,50,3,40.4471634366,325,25,1.82148916394,297.695059705,311.947560312,25,25,0.5,0.5,0.4,1,3.11947560312,278.040612677,1,4.4,346.848531765,3.07888888889,dea08ce2de49afff
929,13000458,50,0,93.4821861916,325,35,1.60876994915,226.157074322,259.589297275,35,35,0.7,0.6,0.7,1,2.59589297275,200.993843938,1,3.4,251.246806657,3.42119047619,cb17db03c730bdb8
929,13000458,50,1,445.46597178,175,31,1.52265152099,227.287611497,255.226470155,31,31,0.8,0.8,1,1,2.55226470155,200.993843938,1,3.4,251.246806657,3.42119047619,cb17db03c730bdb8
929,13000458,50,2,276.635884734,75,35,2.24735488169,210.911842757,188.814533233,35,35,1,0.7,0.9,1,1.88814533233,200.993843938,1,3.4,251.246806657,3.42119047619,cb17db03c730bdb8
929,13000458,50,3,232.825581685,425,35,1.84692144485,217.972169165,247.07287843,35,35,0.7,0.5,0.6,1,2.4707287843,200.993843938,1,3.4,251.246806657,3.42119047619,cb17db03c730bdb8
930,13000459,50,0,425.024901416,325,28,2.9518147093,230.494879967,215.778690106,28,28,0.9,0.7,0.5,1,2.15778690106,248.221009731,0.9,3.9,337.135506945,2.60105820106,dcc2cf17e7096c99
930,13000459,50,1,398.203071482,75,28,1.7217471751,108.189382744,241.404731904,28,28,1,0.6,0.8,1,2.41404731904,248.221009731,0.9,3.9,337.135506945,2.60105820106,dcc2cf17e7096c99
930,13000459,50,2,264.490376266,175,45,1.73894627745,134.666857581,210.478501517,45,45,1,0.8,0.8,1,2.10478501517,248.221009731,0.9,3.9,337.135506945,2.60105820106,dcc2cf17e7096c99
930,13000459,50,3,109.64657656,425,26,2.24737018819,388.248607069,319.868383898,26,26,0.1,0.4,0.2,1,3.19868383898,248.221009731,0.9,3.9,337.135506945,2.60105820106,dcc2cf17e7096c99
931,13000460,50,0,178.497543228,175,38,2.24069664399,238.332380887,203.931233983,38,38,0.8,0.8,0.7,1,2.03931233983,257.248894353,0.7,3.2,346.452541833,1.88214285714,2a71b0a4228f9a58
931,13000460,50,1,482.853358587,325,29,1.83623959201,281.81402376,391.121051508,29,29,0.6,0.3,0.2,1,3.91121051508,257.248894353,0.7,3.2,346.452541833,1.88214285714,2a71b0a4228f9a58
931,13000460,50,2,180.445367088,425,29,1.71989160204,245.372697452,245.051331457,29,29,0.5,0.5,0.1,1,2.45051331457,257.248894353,0.7,3.2,346.452541833,1.88214285714,2a71b0a4228f9a58
931,13000460,50,3,462.418272036,75,23,2.49155179572,310.441171144,388.758654821,23,23,0.4,0.2,0.1,1,3.88758654821,257.248894353,0.7,3.2,346.452541833,1.88214285714,2a71b0a4228f9a58
932,13000461,50,0,405.056432892,425,26,2.95434579551,271.96953189,288.6136332,26,26,0.6,0.6,0.6,1,2.886136332,208.634516969,1,3.9,328.514135273,4.14416666667,b91a0b3cf3dabd16
932,13000461,50,1,365.282061779,75,27,2.31407918959,315.13663882,348.541558261,27,27,0.4,0.4,0.3,1,3.48541558261,208.634516969,1,3.9,328.514135273,4.14416666667,b91a0b3cf3dabd16
932,13000461,50,2,229.13220261,175,45,1.92385425471,210.172631062,210.01311052,45,45,0.9,0.8,1,1,2.1001311052,208.634516969,1,3.9,328.514135273,4.14416666667,b91a0b3cf3dabd16
932,13000461,50,3,78.2083731079,325,40,2.20691140618,184.608977072,147.211404505,40,40,0.9,1,0.9,1,1.47211404505,208.634516969,1,3.9,328.514135273,4.14416666667,b91a0b3cf3dabd16
933,13000462,50,0,3.37456848073,425,20,1.92105530497,337.603107002,310.142614956,20,20,0.2,0.4,0.2,1,3.10142614956,237.734288689,1,4.9,387.648929727,2.87630952381,63bc5885a337769c
933,13000462,50,1,397.51611385,75,23,1.5783163328,316.666073483,319.684755977,23,23,0.4,0.4,0.2,1,3.19684755977,237.734288689,1,4.9,387.648929727,2.87630952381,63bc5885a337769c
933,13000462,50,2,372.412792842,325,29,2.13086247578,249.608641443,245.979706297,29,29,0.6,0.5,0.5,1,2.45979706297,237.734288689,1,4.9,387.648929727,2.87630952381,63bc5885a337769c
933,13000462,50,3,146.950498271,175,38,2.72886271094,215.064918282,206.599226336,38,38,0.7,0.7,0.6,1,2.06599226336,237.734288689,1,4.9,387.648929727,2.87630952381,63bc5885a337769c
934,13000463,50,0,429.780724615,425,18,2.29900575597,289.14574761,265.351464069,18,18,0.5,0.4,0.2,1,2.65351464069,259.516500399,1,5.8,423.157937649,2.31107142857,caa1dc80a5d28db3
934,13000463,50,1,410.870111807,75,22,2.22472696061,301.22233309,324.720113735,22,22,0.3,0.6,0.3,1,3.24720113735,259.516500399,1,5.8,423.157937649,2.31107142857,caa1dc80a5d28db3
934,13000463,50,2,132.123569543,175,35,1.53998413819,240.049050511,258.197127357,35,35,0.6,0.7,0.6,1,2.58197127357,259.516500399,1,5.8,423.157937649,2.31107142857,caa1dc80a5d28db3
934,13000463,50,3,0.357642302805,325,23,2.23746781889,284.845796646,296.195068051,23,23,0.5,0.5,0.3,1,2.96195068051,259.516500399,1,5.8,423.157937649,2.31107142857,caa1dc80a5d28db3
935,13000464,50,0,266.159561186,325,41,1.84750384851,159.255029277,132.709178909,41,41,0.9,1,1,1,1.32709178909,203.824027337,1,3.5,263.864854355,2.25333333333,e8fde0a4a4574ed1
935,13000464,50,1,222.047657449,425,28,2.06960799708,188.117895275,171.806882684,28,28,0.8,0.9,0.9,1,1.71806882684,203.824027337,1,3.5,263.864854355,2.25333333333,e8fde0a4a4574ed1
935,13000464,50,2,411.082037205,175,33,1.86529732079,273.661118829,220.973757709,33,33,0.6,0.9,0.6,1,2.20973757709,203.824027337,1,3.5,263.864854355,2.25333333333,e8fde0a4a4574ed1
935,13000464,50,3,375.730887135,75,31,2.87104714386,315.772534837,275.294125724,31,31,0.6,0.6,0.5,1,2.75294125724,203.824027337,1,3.5,263.864854355,2.25333333333,e8fde0a4a4574ed1
936,13000465,50,0,466.463532057,325,27,2.05983075545,311.619211012,241.907215128,27,27,0.7,0.8,0.7,1,2.41907215128,218.540349139,0.8,2.2,223.912914317,3.79166666667,56221185ad46d31b
936,13000465,50,1,476.58820155,425,18,2.19461540653,375.831687914,292.02215097,18,18,0.3,0.8,0.6,1,2.9202215097,218.540349139,0.8,2.2,223.912914317,3.79166666667,56221185ad46d31b
936,13000465,50,2,154.206621129,175,41,2.19943146557,184.109927479,258.497192132,41,41,0.8,0.9,0.8,1,2.58497192132,218.540349139,0.8,2.2,223.912914317,3.79166666667,56221185ad46d31b
936,13000465,50,3,118.862378763,75,32,2.99310476643,233.489381639,318.695388729,32,32,0.7,0.3,0.5,1,3.18695388729,218.540349139,0.8,2.2,223.912914317,3.79166666667,56221185ad46d31b
937,13000466,50,0,418.43140043,75,23,2.42561376428,334.289890839,317.687982858,23,23,0.3,0.4,0.1,1,3.17687982858,309.953036771,0.7,4.2,459.196535626,2.27210884354,6b26870c1ae5827c
937,13000466,50,1,201.087619355,425,35,1.69866832921,240.33526099,229.341468111,35,35,0.7,0.7,0.3,1,2.29341468111,309.953036771,0.7,4.2,459.196535626,2.27210884354,6b26870c1ae5827c
937,13000466,50,2,252.396496961,325,42,1.90575551624,200.968987333,204.32878718,42,42,0.7,0.9,0.4,1,2.0432878718,309.953036771,0.7,4.2,459.196535626,2.27210884354,6b26870c1ae5827c
937,13000466,50,3,51.546798736,175,23,2.79604960331,241.654469731,270.458755475,23,23,0.8,0.5,0.3,1,2.70458755475,309.953036771,0.7,4.2,459.196535626,2.27210884354,6b26870c1ae5827c
938,13000467,50,0,191.046735139,175,42,2.03361493807,237.518068229,211.509406467,42,42,0.8,1,0.8,1,2.11509406467,325.662933687,1,6.5,489.299050758,2.17801587302,cabd813b66877b2
938,13000467,50,1,418.379029309,75,20,1.90742263587,305.227104361,268.781769753,20,20,0.4,0.4,0.1,1,2.68781769753,325.662933687,1,6.5,489.299050758,2.17801587302,cabd813b66877b2
938,13000467,50,2,460.165175003,425,23,2.76515981653,299.089252855,367.476132302,23,23,0.5,0.4,0.3,1,3.67476132302,325.662933687,1,6.5,489.299050758,2.17801587302,cabd813b66877b2
938,13000467,50,3,142.326158757,325,38,2.89573243072,235.665920143,234.52329807,38,38,0.7,0.6,1,1,2.3452329807,325.662933687,1,6.5,489.299050758,2.17801587302,cabd813b66877b2
939,13000468,50,0,54.7476733948,175,30,2.84682081571,271.152834255,325.051477591,30,30,0.6,0.4,0.3,1,3.25051477591,303.196599498,0.5,1.8,279.015979683,3.05,baeaad11314a85c2
939,13000468,50,1,319.568232794,325,42,2.46541627563,202.395323312,219.801925059,42,42,0.8,0.7,0.5,1,2.19801925059,303.196599498,0.5,1.8,279.015979683,3.05,baeaad11314a85c2
939,13000468,50,2,178.293260027,75,27,1.56042464919,241.518875373,299.294781735,27,27,0.6,0.3,0.2,1,2.99294781735,303.196599498,0.5,1.8,279.015979683,3.05,baeaad11314a85c2
939,13000468,50,3,204.632720618,425,37,1.72389055547,251.587205808,263.515029571,37,37,0.6,0.6,0.5,1,2.63515029571,303.196599498,0.5,1.8,279.015979683,3.05,baeaad11314a85c2
940,13000469,50,0,330.895562346,325,39,2.73413985409,224.375967144,222.391099642,39,39,0.8,0.9,0.8,1,2.22391099642,198.931582396,0.8,2.3,212.265461618,2.48958333333,f6ac0265dd69f518
940,13000469,50,1,179.124052452,75,28,2.16622646755,286.11866704,279.534913496,28,28,0.7,0.7,0.4,1,2.79534913496,198.931582396,0.8,2.3,212.265461618,2.48958333333,f6ac0265dd69f518
940,13000469,50,2,100.923402805,425,28,2.88205738782,226.420425597,156.367290015,28,28,0.7,1,0.8,1,1.56367290015,198.931582396,0.8,2.3,212.265461618,2.48958333333,f6ac0265dd69f518
940,13000469,50,3,288.274456747,175,40,1.79238540254,245.081963801,242.606422629,40,40,0.8,0.7,0.8,1,2.42606422629,198.931582396,0.8,2.3,212.265461618,2.48958333333,f6ac0265dd69f518
941,13000470,50,0,66.3142985197,325,26,1.50084536941,266.27111193,255.468597406,26,26,0.7,0.5,0.5,1,2.55468597406,275.867586443,0.9,4.4,393.768546155,2.20376382876,4170a21a9bfb772a
941,13000470,50,1,388.33363009,425,31,2.93484947587,340.141361529,289.272770504,31,31,0.2,0.5,0.4,1,2.89272770504,275.867586443,0.9,4.4,393.768546155,2.20376382876,4170a21a9bfb772a
941,13000470,50,2,346.890230257,175,38,2.85602699578,239.19551167,226.663987466,38,38,0.6,0.8,0.7,1,2.26663987466,275.867586443,0.9,4.4,393.768546155,2.20376382876,4170a21a9bfb772a
941,13000470,50,3,44.5444543507,75,16,2.76359599201,250.567539319,302.567752204,16,16,0.5,0.4,0.1,1,3.02567752204,275.867586443,0.9,4.4,393.768546155,2.20376382876,4170a21a9bfb772a
942,13000471,50,0,10.2341673781,175,23,1.67577920795,321.812852816,329.08123223,23,23,0.3,0.3,0.5,1,3.2908123223,243.024604345,1,5.7,434.295310352,2.85817460317,cc1b1c406c4aa9e5
942,13000471,50,1,227.906125847,75,35,2.29278526283,186.38169582,286.25442216,35,35,0.8,0.6,0.7,1,2.8625442216,243.024604345,1,5.7,434.295310352,2.85817460317,cc1b1c406c4aa9e5
942,13000471,50,2,370.230032011,425,29,2.20403673342,264.421212266,194.799430414,29,29,0.6,0.8,0.3,1,1.94799430414,243.024604345,1,5.7,434.295310352,2.85817460317,cc1b1c406c4aa9e5
942,13000471,50,3,376.169588985,325,37,2.45635137734,201.677264773,169.589233171,37,37,0.7,0.9,0.9,1,1.69589233171,243.024604345,1,5.7,434.295310352,2.85817460317,cc1b1c406c4aa9e5
943,13000472,50,0,450.869047638,75,27,2.56429919537,263.623110287,299.374431559,27,27,0.7,0.5,0.5,1,2.99374431559,224.716853016,1,3.4,274.768510871,2.83583333333,3b757c5f64480dc6
943,13000472,50,1,194.258487846,175,42,2.02985936959,219.798738457,213.975171368,42,42,0.7,1,0.9,1,2.13975171368,224.716853016,1,3.4,274.768510871,2.83583333333,3b757c5f64480dc6
943,13000472,50,2,401.330049291,425,27,2.8518184316,214.809281801,251.588122964,27,27,0.7,0.5,0.8,1,2.51588122964,224.716853016,1,3.4,274.768510871,2.83583333333,3b757c5f64480dc6
943,13000472,50,3,117.515915067,325,29,2.36684653028,281.200358186,195.831068708,29,29,0.6,0.7,0.8,1,1.95831068708,224.716853016,1,3.4,274.768510871,2.83583333333,3b757c5f64480dc6
944,13000473,50,0,406.682043072,75,31,2.25836662961,263.717821368,306.192676884,31,31,0.5,0.5,0.4,1,3.06192676884,295.574584371,1,6.6,496.278868529,2.40619047619,270cdf4a13adeaa1
944,13000473,50,1,18.4270919218,175,22,2.35609213719,240.740208042,285.959793143,22,22,0.6,0.6,0.2,1,2.85959793143,295.574584371,1,6.6,496.278868529,2.40619047619,270cdf4a13adeaa1
944,13000473,50,2,135.41676236,425,25,1.68177970322,299.198862657,260.251107645,25,25,0.5,0.5,0.3,1,2.60251107645,295.574584371,1,6.6,496.278868529,2.40619047619,270cdf4a13adeaa1
944,13000473,50,3,438.515616599,325,30,2.45043497422,286.854410928,283.172280533,30,30,0.4,0.4,0.2,1,2.83172280533,295.574584371,1,6.6,496.278868529,2.40619047619,270cdf4a13adeaa1
945,13000474,50,0,124.137984905,75,27,2.57063546361,261.613869605,220.93273217,27,27,0.5,0.6,0.5,1,2.2093273217,225.880270398,1,4.1,291.46855573,3.07666666667,a71f62e053ff9f37
945,13000474,50,1,430.088156009,325,27,1.55535457503,247.341905964,299.184573469,27,27,0.6,0.5,0.4,1,2.99184573469,225.880270398,1,4.1,291.46855573,3.07666666667,a71f62e053ff9f37
945,13000474,50,2,51.4750898786,175,36,2.05114779873,248.656247188,241.849806411,36,36,0.7,0.7,0.5,1,2.41849806411,225.880270398,1,4.1,291.46855573,3.07666666667,a71f62e053ff9f37
945,13000474,50,3,323.694012877,425,29,1.93517590151,232.688079035,294.865697051,29,29,0.7,0.3,0.4,1,2.94865697051,225.880270398,1,4.1,291.46855573,3.07666666667,a71f62e053ff9f37
946,13000475,50,0,237.323682755,75,34,1.89433917087,225.713697165,240.532654857,34,34,0.6,0.6,0.7,1,2.40532654857,305.066215172,1,5.2,395.98397934,3.16523809524,96f603d417941bfa
946,13000475,50,1,370.230014903,425,28,2.11430099516,272.789996414,213.569678602,28,28,0.4,0.7,0.2,1,2.13569678602,305.066215172,1,5.2,395.98397934,3.16523809524,96f603d417941bfa
946,13000475,50,2,343.830283036,325,40,1.51121577741,221.637813416,176.462825595,40,40,0.7,0.8,1,1,1.76462825595,305.066215172,1,5.2,395.98397934,3.16523809524,96f603d417941bfa
946,13000475,50,3,179.376799638,175,43,2.70202741893,219.895624009,237.253098765,43,43,0.9,0.7,0.7,1,2.37253098765,305.066215172,1,5.2,395.98397934,3.16523809524,96f603d417941bfa
947,13000476,50,0,381.363319315,325,34,2.11536428202,211.785499949,203.038572187,34,34,0.9,0.9,0.7,1,2.03038572187,214.068346017,0.7,2,234.457169474,2.94523809524,df0478deed58b6ef
947,13000476,50,1,146.542462122,75,30,2.18642682258,256.35650665,251.177972377,30,30,0.6,0.7,0.6,1,2.51177972377,214.068346017,0.7,2,234.457169474,2.94523809524,df0478deed58b6ef
947,13000476,50,2,352.257018261,175,40,2.94783660184,202.036756233,205.114257957,40,40,0.9,1,0.7,1,2.05114257957,214.068346017,0.7,2,234.457169474,2.94523809524,df0478deed58b6ef
947,13000476,50,3,61.1389733087,425,23,1.56648581631,340.133604943,265.462226342,23,23,0.2,0.6,0.2,1,2.65462226342,214.068346017,0.7,2,234.457169474,2.94523809524,df0478deed58b6ef
948,13000477,50,0,244.39514699,175,43,1.86894797504,216.747259105,204.414449745,43,43,0.9,0.8,1,1,2.04414449745,307.623376496,1,5.8,473.668079836,2.09583333333,45fb195260e09a5
948,13000477,50,1,225.230243672,325,42,1.6932949996,180.200884099,220.376019724,42,42,0.9,0.7,1,1,2.20376019724,307.623376496,1,5.8,473.668079836,2.09583333333,45fb195260e09a5
948,13000477,50,2,315.04604835,425,30,1.89741693978,247.049914009,271.100618518,30,30,0.7,0.6,0.6,1,2.71100618518,307.623376496,1,5.8,473.668079836,2.09583333333,45fb195260e09a5
948,13000477,50,3,146.661589576,75,32,2.46254046306,273.121042794,278.718767306,32,32,0.6,0.7,0.8,1,2.78718767306,307.623376496,1,5.8,473.668079836,2.09583333333,45fb195260e09a5
949,13000478,50,0,197.769762015,325,43,1.69665071773,173.801989821,236.010471277,43,43,0.9,0.7,0.7,1,2.36010471277,318.909514437,0.7,3.4,397.001327406,3.13333333333,7bb1a7a82d1121e8
949,13000478,50,1,274.534962453,425,36,1.59295225323,203.766236168,313.909055943,36,36,0.8,0.5,0.4,1,3.13909055943,318.909514437,0.7,3.4,397.001327406,3.13333333333,7bb1a7a82d1121e8
949,13000478,50,2,65.6694606235,175,31,2.9997280993,259.869186052,219.304525089,31,31,0.7,0.8,0.6,1,2.19304525089,318.909514437,0.7,3.4,397.001327406,3.13333333333,7bb1a7a82d1121e8
949,13000478,50,3,241.314149132,75,29,1.5906224997,240.684772939,245.789575912,29,29,0.6,0.6,0.4,1,2.45789575912,318.909514437,0.7,3.4,397.001327406,3.13333333333,7bb1a7a82d1121e8
950,13000479,50,0,329.265381342,75,31,1.99862349771,272.559801846,258.708614234,31,31,0.6,0.7,0.5,1,2.58708614234,287.002495291,1,4.5,349.039901301,2.73166666667,c8d1d03997386ecd
950,13000479,50,1,384.803730726,425,23,2.95329302294,273.637848555,281.131461277,23,23,0.6,0.6,0.4,1,2.81131461277,287.002495291,1,4.5,349.039901301,2.73166666667,c8d1d03997386ecd
950,13000479,50,2,43.135773941,175,32,1.66203641265,269.080174108,226.961457907,32,32,0.5,0.7,0.5,1,2.26961457907,287.002495291,1,4.5,349.039901301,2.73166666667,c8d1d03997386ecd
950,13000479,50,3,228.327137095,325,43,1.76963180529,219.226322143,170.601625945,43,43,0.8,0.9,0.9,1,1.70601625945,287.002495291,1,4.5,349.039901301,2.73166666667,c8d1d03997386ecd
951,13000480,50,0,185.067772189,425,32,1.59844591674,195.964297704,250.331616361,32,32,0.8,0.4,0.7,1,2.50331616361,220.504383624,1,4.1,297.933854391,2.67202380952,b530b4a20d877a7d
951,13000480,50,1,496.735395617,175,25,2.51451873298,288.813237477,247.473289553,25,25,0.5,0.6,0.5,1,2.47473289553,220.504383624,1,4.1,297.933854391,2.67202380952,b530b4a20d877a7d
951,13000480,50,2,466.680753824,325,28,1.99776239112,224.541870006,245.214678587,28,28,0.6,0.6,0.5,1,2.45214678587,220.504383624,1,4.1,297.933854391,2.67202380952,b530b4a20d877a7d
951,13000480,50,3,138.568424603,75,26,2.51614554748,330.379545898,277.783474778,26,26,0.3,0.4,0.1,1,2.77783474778,220.504383624,1,4.1,297.933854391,2.67202380952,b530b4a20d877a7d
952,13000481,50,0,420.517877748,325,30,2.53881885569,188.618806012,229.559642728,30,30,0.7,0.8,0.7,1,2.29559642728,230.177529559,1,4.2,319.58109648,2.7,b6bb9a08d7b4953f
952,13000481,50,1,341.543405675,425,30,2.11290088786,206.054504998,245.776213108,30,30,0.8,0.7,0.7,1,2.45776213108,230.177529559,1,4.2,319.58109648,2.7,b6bb9a08d7b4953f
952,13000481,50,2,26.0915903603,75,18,1.56583849627,358.977678884,301.879233093,18,18,0.2,0.6,0.2,1,3.01879233093,230.177529559,1,4.2,319.58109648,2.7,b6bb9a08d7b4953f
952,13000481,50,3,103.053683439,175,33,2.24817062236,260.952178334,210.680951033,33,33,0.6,0.8,1,1,2.10680951033,230.177529559,1,4.2,319.58109648,2.7,b6bb9a08d7b4953f
953,13000482,50,0,101.775363451,175,36,2.95868131067,285.115364841,192.255368931,36,36,0.8,1,0.5,1,1.92255368931,365.917698141,0.5,3.1,500.980000274,2.84380952381,30295a7a66680251
953,13000482,50,1,494.440914073,325,24,2.67516927918,311.896467495,402.071939547,24,24,0.4,0.2,0.3,1,4.02071939547,365.917698141,0.5,3.1,500.980000274,2.84380952381,30295a7a66680251
953,13000482,50,2,40.1594816615,75,16,1.90158692405,341.732074104,217.418646672,16,16,0.2,0.7,0,1,2.17418646672,365.917698141,0.5,3.1,500.980000274,2.84380952381,30295a7a66680251
953,13000482,50,3,473.458114392,425,22,1.515989358,355.081620571,424.351127825,22,22,0.3,0.2,0.2,1,4.24351127825,365.917698141,0.5,3.1,500.980000274,2.84380952381,30295a7a66680251
954,13000483,50,0,441.258997967,175,34,2.0867365595,228.217627398,275.322899607,34,34,0.8,0.5,0.6,1,2.75322899607,218.353858153,0.8,2.9,302.716711492,2.8125,c4a8249f8220e903
954,13000483,50,1,89.1950987755,75,24,2.70825748722,314.289523334,236.350793838,24,24,0.5,0.7,0.2,1,2.36350793838,218.353858153,0.8,2.9,302.716711492,2.8125,c4a8249f8220e903
954,13000483,50,2,169.595718287,325,42,2.30317711062,220.43679243,181.058731846,42,42,0.9,0.8,0.8,1,1.81058731846,218.353858153,0.8,2.9,302.716711492,2.8125,c4a8249f8220e903
954,13000483,50,3,291.56319998,425,41,1.75345436848,215.548089246,263.778876054,41,41,0.8,0.8,0.8,1,2.63778876054,218.353858153,0.8,2.9,302.716711492,2.8125,c4a8249f8220e903
955,13000484,50,0,104.527539602,325,29,2.12429981611,303.508009054,266.093716914,29,29,0.2,0.6,0.5,1,2.66093716914,272.524724142,0.9,3.7,335.240391316,2.63452380952,88aafab8b41043ab
955,13000484,50,1,423.863952532,425,27,2.4987030297,269.663174358,279.561661213,27,27,0.7,0.5,0.3,1,2.79561661213,272.524724142,0.9,3.7,335.240391316,2.63452380952,88aafab8b41043ab
955,13000484,50,2,288.933576658,75,36,1.91385031969,273.668363191,209.755909019,36,36,0.7,1,0.9,1,2.09755909019,272.524724142,0.9,3.7,335.240391316,2.63452380952,88aafab8b41043ab
955,13000484,50,3,26.4638979793,175,22,1.9499245502,341.1138036,294.115782692,22,22,0.4,0.4,0.3,1,2.94115782692,272.524724142,0.9,3.7,335.240391316,2.63452380952,88aafab8b41043ab
956,13000485,50,0,400.440654315,325,35,1.91091709161,216.637036003,211.207023851,35,35,0.8,0.8,1,1,2.11207023851,240.816110905,1,5.3,408.125593771,2.995,94eacbf454202c96
956,13000485,50,1,20.1413420582,175,24,2.85171310006,266.572359806,294.174945426,24,24,0.7,0.5,0.6,1,2.94174945426,240.816110905,1,5.3,408.125593771,2.995,94eacbf454202c96
956,13000485,50,2,376.066611511,75,30,2.47198892449,284.290258415,278.154165442,30,30,0.5,0.6,0.6,1,2.78154165442,240.816110905,1,5.3,408.125593771,2.995,94eacbf454202c96
956,13000485,50,3,83.0399058243,425,28,2.53722901347,239.861203245,260.043587213,28,28,0.6,0.8,0.6,1,2.60043587213,240.816110905,1,5.3,408.125593771,2.995,94eacbf454202c96
957,13000486,50,0,445.370754198,325,33,1.72831436018,285.302695314,230.27003882,33,33,0.6,0.8,0.5,1,2.3027003882,307.783369306,1,4.8,386.343332748,2.67916666667,90f8201eb651a671
957,13000486,50,1,66.2494412,175,31,2.31120630948,250.982658726,320.572933922,31,31,0.6,0.5,0.4,1,3.20572933922,307.783369306,1,4.8,386.343332748,2.67916666667,90f8201eb651a671
957,13000486,50,2,3.70625366092,75,19,2.82852398423,340.8214259,408.96631753,19,19,0.5,0.2,0.1,1,4.0896631753,307.783369306,1,4.8,386.343332748,2.67916666667,90f8201eb651a671
957,13000486,50,3,418.713938095,425,25,2.30785988541,269.604606532,245.588288516,25,25,0.5,0.5,0.4,1,2.45588288516,307.783369306,1,4.8,386.343332748,2.67916666667,90f8201eb651a671
958,13000487,50,0,269.684561074,325,47,1.71710022435,199.513636675,188.056664879,47,47,0.9,0.9,1,1,1.88056664879,257.075318555,1,4.2,321.555170445,2.57261904762,5c315349edba1d4a
958,13000487,50,1,425.466073471,75,22,1.69251912635,348.709799453,298.698663902,22,22,0.5,0.5,0.5,1,2.98698663902,257.075318555,1,4.2,321.555170445,2.57261904762,5c315349edba1d4a
958,13000487,50,2,155.610295185,175,41,2.79290764485,181.035666392,202.285574388,41,41,0.7,0.8,1,1,2.02285574388,257.075318555,1,4.2,321.555170445,2.57261904762,5c315349edba1d4a
958,13000487,50,3,255.579384016,425,40,1.96359242294,236.322735043,231.934585407,40,40,0.8,0.8,0.7,1,2.31934585407,257.075318555,1,4.2,321.555170445,2.57261904762,5c315349edba1d4a
959,13000488,50,0,291.049857601,425,33,1.9448369033,246.025628364,299.299139112,33,33,0.6,0.4,0.4,1,2.99299139112,278.285453492,0.8,3.6,356.879404032,2.91840277778,4d0a3842eee26468
959,13000488,50,1,137.715133957,325,36,1.83237559784,208.373682813,262.982023538,36,36,0.9,0.6,0.6,1,2.62982023538,278.285453492,0.8,3.6,356.879404032,2.91840277778,4d0a3842eee26468
959,13000488,50,2,83.0696737182,175,30,1.79136133823,208.238673808,244.031721904,30,30,0.5,0.6,0.6,1,2.44031721904,278.285453492,0.8,3.6,356.879404032,2.91840277778,4d0a3842eee26468
959,13000488,50,3,343.013233795,75,37,2.37867108769,276.052184114,219.167267503,37,37,0.8,0.7,0.8,1,2.19167267503,278.285453492,0.8,3.6,356.879404032,2.91840277778,4d0a3842eee26468
960,13000489,50,0,452.117357491,425,21,2.61764433293,363.300497226,291.457000026,21,21,0.2,0.5,0.2,1,2.91457000026,222.294839137,1,4.1,308.558619439,2.74388888889,63008a4f322103c9
960,13000489,50,1,150.505655729,75,27,2.20855386187,181.892236216,251.457284252,27,27,0.8,0.6,0.5,1,2.51457284252,222.294839137,1,4.1,308.558619439,2.74388888889,63008a4f322103c9
960,13000489,50,2,229.198176385,175,42,2.06470657729,176.222774262,188.534462919,42,42,0.9,0.9,1,1,1.88534462919,222.294839137,1,4.1,308.558619439,2.74388888889,63008a4f322103c9
960,13000489,50,3,426.092387947,325,32,2.7150827045,294.443152163,245.527781345,32,32,0.4,0.7,0.8,1,2.45527781345,222.294839137,1,4.1,308.558619439,2.74388888889,63008a4f322103c9
961,13000490,50,0,403.723596873,425,22,2.90179867527,348.193533587,336.828828947,22,22,0.5,0.3,0.5,1,3.36828828947,190.718959977,1,3.7,278.4180251,2.58888888889,f743db610e11e92c
961,13000490,50,1,283.704775709,175,44,1.51989253338,209.556682584,207.842663045,44,44,0.9,0.9,1,1,2.07842663045,190.718959977,1,3.7,278.4180251,2.58888888889,f743db610e11e92c
961,13000490,50,2,246.37627098,75,34,1.5356886068,239.663773448,226.777167785,34,34,0.7,0.6,0.8,1,2.26777167785,190.718959977,1,3.7,278.4180251,2.58888888889,f743db610e11e92c
961,13000490,50,3,131.543129752,325,38,2.93869753823,186.955834747,237.820119131,38,38,0.7,0.7,0.8,1,2.37820119131,190.718959977,1,3.7,278.4180251,2.58888888889,f743db610e11e92c
962,13000491,50,0,311.100300354,325,39,1.99296286959,232.763592869,218.91065165,39,39,0.8,0.9,0.5,1,2.1891065165,276.938663689,0.6,2.2,285.367534207,1.83333333333,68b3d38fd4fb9c0c
962,13000491,50,1,449.296180161,425,20,1.77354254349,307.348386055,320.954770942,20,20,0.3,0.3,0.2,1,3.20954770942,276.938663689,0.6,2.2,285.367534207,1.83333333333,68b3d38fd4fb9c0c
962,13000491,50,2,269.726145735,75,33,1.63354147645,214.426201896,271.240625224,33,33,0.7,0.4,0.4,1,2.71240625224,276.938663689,0.6,2.2,285.367534207,1.83333333333,68b3d38fd4fb9c0c
962,13000491,50,3,218.698372916,175,43,1.5642672002,191.292380157,197.708987015,43,43,0.8,0.9,0.6,1,1.97708987015,276.938663689,0.6,2.2,285.367534207,1.83333333333,68b3d38fd4fb9c0c
963,13000492,50,0,440.867138199,425,19,2.25817154916,313.770831433,350.399471847,19,19,0.4,0.3,0.1,1,3.50399471847,264.667010703,0.5,1.2,191.715791635,2.73333333333,e6df75a9d86b9dbe
963,13000492,50,1,98.2923763654,75,28,2.82234869673,297.342982943,250.950752854,28,28,0.4,0.6,0.2,1,2.50950752854,264.667010703,0.5,1.2,191.715791635,2.73333333333,e6df75a9d86b9dbe
963,13000492,50,2,476.195913101,325,19,1.95936027029,313.486753929,321.882708646,19,19,0.4,0.4,0.1,1,3.21882708646,264.667010703,0.5,1.2,191.715791635,2.73333333333,e6df75a9d86b9dbe
963,13000492,50,3,188.885898574,175,42,1.95365215334,227.066182613,188.061151351,42,42,0.6,0.9,0.5,1,1.88061151351,264.667010703,0.5,1.2,191.715791635,2.73333333333,e6df75a9d86b9dbe
964,13000493,50,0,53.2750848548,425,23,2.72907035593,242.058275326,228.527830801,23,23,0.6,0.6,0.4,1,2.28527830801,259.336995711,0.8,2.8,261.422091671,2.10714285714,dbd4be931701cb1e
964,13000493,50,1,433.140969519,75,23,2.27371407535,349.288634485,385.460602362,23,23,0.3,0.3,0.1,1,3.85460602362,259.336995711,0.8,2.8,261.422091671,2.10714285714,dbd4be931701cb1e
964,13000493,50,2,141.096967763,175,37,2.31163866894,148.616167835,253.14180168,37,37,1,0.6,0.8,1,2.5314180168,259.336995711,0.8,2.8,261.422091671,2.10714285714,dbd4be931701cb1e
964,13000493,50,3,291.67455577,325,38,2.34541233754,227.184122189,257.676543721,38,38,0.7,0.6,0.8,1,2.57676543721,259.336995711,0.8,2.8,261.422091671,2.10714285714,dbd4be931701cb1e
965,13000494,50,0,138.907892809,325,38,2.89967608703,237.305055205,231.589018252,38,38,0.8,0.7,0.9,1,2.31589018252,318.336825813,1,4.8,396.100849501,2.66428571429,8e22bf53b5c3480d
965,13000494,50,1,206.648786234,425,37,1.79350186458,222.896967646,271.153501935,37,37,0.9,0.6,0.9,1,2.71153501935,318.336825813,1,4.8,396.100849501,2.66428571429,8e22bf53b5c3480d
965,13000494,50,2,442.559594653,175,30,2.52875402361,237.342038078,282.973686772,30,30,0.8,0.5,0.4,1,2.82973686772,318.336825813,1,4.8,396.100849501,2.66428571429,8e22bf53b5c3480d
965,13000494,50,3,243.717696329,75,35,1.59784952329,306.143125933,253.782641178,35,35,0.6,0.7,0.6,1,2.53782641178,318.336825813,1,4.8,396.100849501,2.66428571429,8e22bf53b5c3480d
966,13000495,50,0,195.728597233,175,43,2.20156979506,128.131253252,210.278076299,43,43,1,0.9,0.8,1,2.10278076299,211.048210706,0.9,2.8,232.720987054,2.05555555556,40ad39390b0586e2
966,13000495,50,1,480.832940691,425,20,2.52510120504,332.727166939,378.342396799,20,20,0.3,0.3,0.2,1,3.78342396799,211.048210706,0.9,2.8,232.720987054,2.05555555556,40ad39390b0586e2
966,13000495,50,2,436.407816038,325,28,2.41184609137,246.68591372,300.048746649,28,28,0.9,0.5,0.4,1,3.00048746649,211.048210706,0.9,2.8,232.720987054,2.05555555556,40ad39390b0586e2
966,13000495,50,3,31.3527088328,75,23,2.5691055653,264.645574955,289.217289313,23,23,0.7,0.5,0.4,1,2.89217289313,211.048210706,0.9,2.8,232.720987054,2.05555555556,40ad39390b0586e2
967,13000496,50,0,380.637477169,425,27,2.97627230192,260.541384921,259.965077228,27,27,0.5,0.6,0.4,1,2.59965077228,288.717471748,1,4.9,367.654877096,2.54214285714,fbb45fea3aae6e65
967,13000496,50,1,12.3821324734,175,23,2.67155521023,332.764922036,316.781788253,23,23,0.2,0.4,0.2,1,3.16781788253,288.717471748,1,4.9,367.654877096,2.54214285714,fbb45fea3aae6e65
967,13000496,50,2,27.0134015269,325,31,2.88357027068,310.064178951,299.943065127,31,31,0.7,0.6,0.5,1,2.99943065127,288.717471748,1,4.9,367.654877096,2.54214285714,fbb45fea3aae6e65
967,13000496,50,3,295.801912526,75,32,1.79111538623,275.282987864,286.485580736,32,32,0.5,0.5,0.3,1,2.86485580736,288.717471748,1,4.9,367.654877096,2.54214285714,fbb45fea3aae6e65
968,13000497,50,0,333.525689014,175,39,1.72496497513,166.135330273,216.899737089,39,39,0.9,0.8,0.9,1,2.16899737089,229.92874216,1,4.5,337.133498762,3.16083333333,629b91a6843e4e7a
968,13000497,50,1,260.981208586,325,45,1.71942666613,169.836622116,190.20658638,45,45,1,0.7,1,1,1.9020658638,229.92874216,1,4.5,337.133498762,3.16083333333,629b91a6843e4e7a
968,13000497,50,2,106.11261385,425,25,2.26381642792,243.639603237,257.216886291,25,25,0.5,0.6,0.3,1,2.57216886291,229.92874216,1,4.5,337.133498762,3.16083333333,629b91a6843e4e7a
968,13000497,50,3,35.4825286819,75,22,2.38997287165,313.745961965,359.463943756,22,22,0.5,0.3,0.1,1,3.59463943756,229.92874216,1,4.5,337.133498762,3.16083333333,629b91a6843e4e7a
969,13000498,50,0,281.149332241,425,30,1.53288844863,262.319281211,248.905527238,30,30,0.6,0.6,0.3,1,2.48905527238,257.532513034,1,4.8,369.148180386,2.36930735931,72aed285da121146
969,13000498,50,1,374.032917981,75,30,1.74096959733,264.610850257,288.857419943,30,30,0.4,0.5,0.6,1,2.88857419943,257.532513034,1,4.8,369.148180386,2.36930735931,72aed285da121146
969,13000498,50,2,415.578253552,325,33,1.81651424984,246.198904244,265.415453739,33,33,0.8,0.6,0.6,1,2.65415453739,257.532513034,1,4.8,369.148180386,2.36930735931,72aed285da121146
969,13000498,50,3,241.32952704,175,43,2.05405277808,227.529839325,196.739743332,43,43,0.7,0.9,1,1,1.96739743332,257.532513034,1,4.8,369.148180386,2.36930735931,72aed285da121146
970,13000499,50,0,471.694946046,325,34,1.57488919715,335.142361335,250.289428014,34,34,0.4,0.5,0.3,1,2.50289428014,253.248966454,0.7,2.8,297.583324066,2.88571428571,46216d7624c69eb0
970,13000499,50,1,81.172275449,425,26,2.88519545866,338.637966857,304.342180333,26,26,0.4,0.5,0.1,1,3.04342180333,253.248966454,0.7,2.8,297.583324066,2.88571428571,46216d7624c69eb0
970,13000499,50,2,57.2539715414,75,24,1.89197726923,255.410957919,277.539373498,24,24,0.6,0.5,0.4,1,2.77539373498,253.248966454,0.7,2.8,297.583324066,2.88571428571,46216d7624c69eb0
970,13000499,50,3,482.036242766,175,30,2.43343401981,325.286576207,275.562052187,30,30,0.5,0.7,0.6,1,2.75562052187,253.248966454,0.7,2.8,297.583324066,2.88571428571,46216d7624c69eb0
971,13000500,50,0,86.2279215332,425,22,2.19373445732,260.84154909,336.976163894,22,22,0.6,0.5,0.2,1,3.36976163894,265.142408767,0.7,2.8,300.463393023,2.55816326531,3fddbef5b2ea72d4
971,13000500,50,1,376.97772509,75,31,2.76158539378,294.568803646,244.496346323,31,31,0.6,0.7,0.5,1,2.44496346323,265.142408767,0.7,2.8,300.463393023,2.55816326531,3fddbef5b2ea72d4
971,13000500,50,2,440.406114665,325,28,2.55221157289,327.82675073,283.202897556,28,28,0.2,0.6,0.6,1,2.83202897556,265.142408767,0.7,2.8,300.463393023,2.55816326531,3fddbef5b2ea72d4
971,13000500,50,3,36.9012407295,175,30,2.64218809342,258.700089709,284.003664113,30,30,0.6,0.6,0.4,1,2.84003664113,265.142408767,0.7,2.8,300.463393023,2.55816326531,3fddbef5b2ea72d4
972,13000501,50,0,112.176252705,175,33,2.53274412714,279.408837166,251.958767159,33,33,0.7,0.7,0,1,2.51958767159,294.362708107,0.2,0.7,292.636383166,2.875,51170bf18372beb0
972,13000501,50,1,173.443331886,325,43,2.27204414788,207.85235876,239.842376381,43,43,0.7,0.8,0.2,1,2.39842376381,294.362708107,0.2,0.7,292.636383166,2.875,51170bf18372beb0
972,13000501,50,2,403.076948594,75,22,2.75263435702,298.270494448,285.122724699,22,22,0.5,0.7,0.1,1,2.85122724699,294.362708107,0.2,0.7,292.636383166,2.875,51170bf18372beb0
972,13000501,50,3,265.120432443,425,37,1.98039392492,196.601809261,269.363930666,37,37,0.8,0.6,0.1,1,2.69363930666,294.362708107,0.2,0.7,292.636383166,2.875,51170bf18372beb0
973,13000502,50,0,460.396779687,175,26,2.86057122918,301.502707144,334.275087479,26,26,0.5,0.4,0.1,1,3.34275087479,240.836200762,0.8,2.5,233.916231718,3.30416666667,ed464772bdcc7b74
973,13000502,50,1,347.491012926,325,38,2.07879211264,176.17572278,232.920116195,38,38,0.9,0.7,0.7,1,2.32920116195,240.836200762,0.8,2.5,233.916231718,3.30416666667,ed464772bdcc7b74
973,13000502,50,2,61.8226392831,425,31,2.27015608502,237.269236521,221.711541338,31,31,0.8,0.8,0.6,1,2.21711541338,240.836200762,0.8,2.5,233.916231718,3.30416666667,ed464772bdcc7b74
973,13000502,50,3,172.453391149,75,33,1.795559847,296.110822604,224.178639641,33,33,0.5,0.8,0.6,1,2.24178639641,240.836200762,0.8,2.5,233.916231718,3.30416666667,ed464772bdcc7b74
974,13000503,50,0,440.000508902,75,24,2.88487584728,286.115261164,317.649993798,24,24,0.5,0.5,0.2,1,3.17649993798,307.697658674,0.5,2,300.170062021,1.93333333333,426b288a8a1c121f
974,13000503,50,1,362.502398509,175,34,2.15424313488,214.640101042,240.737148192,34,34,0.7,0.6,0.3,1,2.40737148192,307.697658674,0.5,2,300.170062021,1.93333333333,426b288a8a1c121f
974,13000503,50,2,89.7199310215,425,23,1.72446270315,308.257671953,326.554256388,23,23,0.3,0.2,0.1,1,3.26554256388,307.697658674,0.5,2,300.170062021,1.93333333333,426b288a8a1c121f
974,13000503,50,3,94.9066119935,325,27,2.87249931309,261.663671206,270.560317295,27,27,0.4,0.4,0.4,1,2.70560317295,307.697658674,0.5,2,300.170062021,1.93333333333,426b288a8a1c121f
975,13000504,50,0,246.722896206,175,42,1.52564956783,159.257276757,225.633016888,42,42,0.9,0.6,0.9,1,2.25633016888,271.995866611,0.9,3.8,324.478492291,3.04351851852,7d2e4daa0fa860bf
975,13000504,50,1,29.7532424048,425,17,2.29321678762,354.407243686,246.230842972,17,17,0.1,0.7,0.2,1,2.46230842972,271.995866611,0.9,3.8,324.478492291,3.04351851852,7d2e4daa0fa860bf
975,13000504,50,2,293.350600697,75,29,2.16823107873,210.290597666,309.843386664,29,29,0.6,0.4,0.6,1,3.09843386664,271.995866611,0.9,3.8,324.478492291,3.04351851852,7d2e4daa0fa860bf
975,13000504,50,3,352.753657429,325,42,2.94355519454,172.996903218,197.331730081,42,42,0.9,0.9,0.9,1,1.97331730081,271.995866611,0.9,3.8,324.478492291,3.04351851852,7d2e4daa0fa860bf
976,13000505,50,0,340.682751518,425,31,2.07266992503,243.856183173,241.881049434,31,31,0.6,0.6,0.9,1,2.41881049434,213.751725194,1,3.3,255.56438704,2.80928571429,9bc2e3dde9ef3152
976,13000505,50,1,119.390411045,75,34,1.51711924537,266.208732606,272.157891714,34,34,0.6,0.7,0.9,1,2.72157891714,213.751725194,1,3.3,255.56438704,2.80928571429,9bc2e3dde9ef3152
976,13000505,50,2,311.440030684,175,43,1.50760292615,182.134464319,193.866221731,43,43,0.9,0.6,1,1,1.93866221731,213.751725194,1,3.3,255.56438704,2.80928571429,9bc2e3dde9ef3152
976,13000505,50,3,175.60705706,325,45,2.67014832655,192.07448749,167.028896859,45,45,0.9,1,1,1,1.67028896859,213.751725194,1,3.3,255.56438704,2.80928571429,9bc2e3dde9ef3152
977,13000506,50,0,238.952576556,175,41,1.84947064267,206.166325583,211.719622556,41,41,0.7,0.9,0.7,1,2.11719622556,323.932872867,0.9,5.8,496.579234516,2.83002645503,25f77b37e427a1bc
977,13000506,50,1,307.288882727,75,29,2.02854408359,284.484656214,264.786082769,29,29,0.7,0.6,0.3,1,2.64786082769,323.932872867,0.9,5.8,496.579234516,2.83002645503,25f77b37e427a1bc
977,13000506,50,2,409.454740958,425,24,2.86901029163,289.734981524,285.77377365,24,24,0.4,0.5,0.1,1,2.8577377365,323.932872867,0.9,5.8,496.579234516,2.83002645503,25f77b37e427a1bc
977,13000506,50,3,84.6501751764,325,33,2.39691962224,220.404880723,238.997513227,33,33,0.9,0.6,0.5,1,2.38997513227,323.932872867,0.9,5.8,496.579234516,2.83002645503,25f77b37e427a1bc
978,13000507,50,0,316.537750683,425,34,2.5615482033,210.315439235,235.344715065,34,34,0.7,0.7,0.4,1,2.35344715065,240.022418176,1,4.2,340.521044203,2.24095238095,18ce789bdfda420c
978,13000507,50,1,64.4802225674,75,22,2.8908200861,328.569126283,283.225205483,22,22,0.3,0.5,0.4,1,2.83225205483,240.022418176,1,4.2,340.521044203,2.24095238095,18ce789bdfda420c
978,13000507,50,2,325.175689172,325,41,2.70392374262,176.826686853,206.571863005,41,41,0.9,0.8,1,1,2.06571863005,240.022418176,1,4.2,340.521044203,2.24095238095,18ce789bdfda420c
978,13000507,50,3,116.445805913,175,38,2.60014834575,245.364685254,205.681371991,38,38,0.8,0.7,0.7,1,2.05681371991,240.022418176,1,4.2,340.521044203,2.24095238095,18ce789bdfda420c
979,13000508,50,0,42.5194612618,75,21,2.79428075591,349.765497135,380.120761679,21,21,0.4,0.2,0.2,1,3.80120761679,260.372771235,0.5,1.1,155.808145211,2.46666666667,b540d66638ffc240
979,13000508,50,1,358.433755681,425,26,2.45970465763,284.948919459,218.640595762,26,26,0.6,0.7,0.4,1,2.18640595762,260.372771235,0.5,1.1,155.808145211,2.46666666667,b540d66638ffc240
979,13000508,50,2,8.81925256793,325,20,2.56142587633,357.200431216,336.692287287,20,20,0.3,0.4,0.2,1,3.36692287287,260.372771235,0.5,1.1,155.808145211,2.46666666667,b540d66638ffc240
979,13000508,50,3,492.612176212,175,28,2.26586050157,241.250962424,262.501030335,28,28,0.7,0.6,0.4,1,2.62501030335,260.372771235,0.5,1.1,155.808145211,2.46666666667,b540d66638ffc240
980,13000509,50,0,498.871843538,425,18,1.68000837735,337.216463765,354.846920372,18,18,0.4,0.3,0.1,1,3.54846920372,285.863780926,1,5.4,413.167592291,2.65924603175,8ba0fa7b6d902876
980,13000509,50,1,267.810383839,75,41,2.03986423361,230.765223524,185.64056315,41,41,0.8,0.9,0.8,1,1.8564056315,285.863780926,1,5.4,413.167592291,2.65924603175,8ba0fa7b6d902876
980,13000509,50,2,18.951713437,175,28,1.93128708592,304.55701706,256.08848367,28,28,0.5,0.6,0.2,1,2.5608848367,285.863780926,1,5.4,413.167592291,2.65924603175,8ba0fa7b6d902876
980,13000509,50,3,112.474337877,325,32,2.65881003973,283.168231824,250.528159532,32,32,0.6,0.7,0.4,1,2.50528159532,285.863780926,1,5.4,413.167592291,2.65924603175,8ba0fa7b6d902876
981,13000510,50,0,32.6983249168,175,24,2.92833872511,327.510118491,246.414063918,24,24,0.5,0.5,0.2,1,2.46414063918,263.634457634,1,4.6,377.008990438,2.79,e428eb40c1d8b7d1
981,13000510,50,1,45.7220838426,425,18,2.24620642687,320.521292772,233.474154626,18,18,0.2,0.6,0.3,1,2.33474154626,263.634457634,1,4.6,377.008990438,2.79,e428eb40c1d8b7d1
981,13000510,50,2,334.620341872,325,41,2.67737421293,191.590207687,216.797458267,41,41,0.8,0.7,0.9,1,2.16797458267,263.634457634,1,4.6,377.008990438,2.79,e428eb40c1d8b7d1
981,13000510,50,3,482.907769377,75,20,2.96634701674,346.875752071,413.671420624,20,20,0.3,0.2,0.2,1,4.13671420624,263.634457634,1,4.6,377.008990438,2.79,e428eb40c1d8b7d1
982,13000511,50,0,367.311987447,325,38,2.07310392206,200.769221938,182.02546087,38,38,0.8,0.9,0.8,1,1.8202546087,156.803235418,0.9,2.5,205.158610531,2.66666666667,eb3cf481c1bcca9a
982,13000511,50,1,234.201018432,425,38,1.97334287456,252.248821728,191.547800826,38,38,0.7,0.8,0.8,1,1.91547800826,156.803235418,0.9,2.5,205.158610531,2.66666666667,eb3cf481c1bcca9a
982,13000511,50,2,64.9356841716,175,30,2.97776365475,250.695516957,228.009421724,30,30,0.8,0.7,0.9,1,2.28009421724,156.803235418,0.9,2.5,205.158610531,2.66666666667,eb3cf481c1bcca9a
982,13000511,50,3,167.810773976,75,27,2.29795979009,215.320613083,233.43525882,27,27,0.8,0.9,0.8,1,2.3343525882,156.803235418,0.9,2.5,205.158610531,2.66666666667,eb3cf481c1bcca9a
983,13000512,50,0,159.288604824,425,28,2.78105349557,213.680151262,266.544082927,28,28,0.7,0.6,0.6,1,2.66544082927,313.065069955,1,5.6,406.775473407,2.03666666667,478c89c8902a2240
983,13000512,50,1,338.522751857,75,27,1.77604647995,289.033810755,265.068179938,27,27,0.5,0.6,0.2,1,2.65068179938,313.065069955,1,5.6,406.775473407,2.03666666667,478c89c8902a2240
983,13000512,50,2,371.743062564,175,34,2.57050289951,251.56900823,238.43597409,34,34,0.7,0.8,0.9,1,2.3843597409,313.065069955,1,5.6,406.775473407,2.03666666667,478c89c8902a2240
983,13000512,50,3,21.5246776403,325,28,1.75234363127,240.620771126,281.130898794,28,28,0.7,0.5,0.4,1,2.81130898794,313.065069955,1,5.6,406.775473407,2.03666666667,478c89c8902a2240
984,13000513,50,0,332.911573779,325,38,2.63137207184,236.098673256,237.847696093,38,38,0.8,0.8,0.4,1,2.37847696093,284.064136858,0.5,2,318.941921675,2.57777777778,51a1b832d37fe674
984,13000513,50,1,38.7440918757,425,22,2.25974839142,367.937866315,287.573938231,22,22,0.4,0.6,0.2,1,2.87573938231,284.064136858,0.5,2,318.941921675,2.57777777778,51a1b832d37fe674
984,13000513,50,2,146.156395035,175,36,2.87162318532,249.158538124,221.094214057,36,36,0.7,0.8,0.5,1,2.21094214057,284.064136858,0.5,2,318.941921675,2.57777777778,51a1b832d37fe674
984,13000513,50,3,365.240223838,75,31,1.78754846417,217.181532074,275.104525796,31,31,0.8,0.5,0.3,1,2.75104525796,284.064136858,0.5,2,318.941921675,2.57777777778,51a1b832d37fe674
985,13000514,50,0,439.577237133,175,29,1.8332246285,292.66435745,260.083015318,29,29,0.5,0.5,0.5,1,2.60083015318,271.485409984,1,4.9,394.955023943,2.46261904762,d2d18229cb96f631
985,13000514,50,1,176.565125027,75,33,2.58560851308,236.194483683,207.854051139,33,33,0.6,0.7,0.7,1,2.07854051139,271.485409984,1,4.9,394.955023943,2.46261904762,d2d18229cb96f631
985,13000514,50,2,366.208155284,325,31,2.63554256401,246.408466168,274.79212306,31,31,0.7,0.7,0.5,1,2.7479212306,271.485409984,1,4.9,394.955023943,2.46261904762,d2d18229cb96f631
985,13000514,50,3,172.318662507,425,25,2.12282941939,225.950177762,319.065141826,25,25,0.6,0.2,0.2,1,3.19065141826,271.485409984,1,4.9,394.955023943,2.46261904762,d2d18229cb96f631
986,13000515,50,0,490.34771432,425,23,1.93408802758,361.124014753,260.574825551,23,23,0.4,0.5,0.3,1,2.60574825551,297.836656782,0.9,4.4,407.510264768,2.92345679012,fb1303cb2a455459
986,13000515,50,1,343.526871438,175,40,2.68526999075,226.633538219,202.334137133,40,40,0.8,0.9,0.8,1,2.02334137133,297.836656782,0.9,4.4,407.510264768,2.92345679012,fb1303cb2a455459
986,13000515,50,2,18.6841429717,75,16,2.85197926719,312.248623923,414.34457509,16,16,0.4,0.2,0,1,4.1434457509,297.836656782,0.9,4.4,407.510264768,2.92345679012,fb1303cb2a455459
986,13000515,50,3,68.4003946692,325,22,2.57066808959,308.737667476,338.229509134,22,22,0.5,0.3,0.1,1,3.38229509134,297.836656782,0.9,4.4,407.510264768,2.92345679012,fb1303cb2a455459
987,13000516,50,0,119.196305264,175,40,1.79037635979,247.656501383,189.462968508,40,40,0.7,0.9,0.8,1,1.89462968508,234.657970807,0.9,3.4,301.531946477,1.91534391534,aa77d9021709ced3
987,13000516,50,1,87.3677040908,325,36,2.27146358557,243.48981732,190.935628991,36,36,0.8,0.9,0.9,1,1.90935628991,234.657970807,0.9,3.4,301.531946477,1.91534391534,aa77d9021709ced3
987,13000516,50,2,481.274710527,425,18,2.17854330436,313.163539221,373.969218002,18,18,0.5,0.2,0.3,1,3.73969218002,234.657970807,0.9,3.4,301.531946477,1.91534391534,aa77d9021709ced3
987,13000516,50,3,423.100607355,75,24,1.8293223284,323.042426848,359.371306059,24,24,0.4,0.3,0.3,1,3.59371306059,234.657970807,0.9,3.4,301.531946477,1.91534391534,aa77d9021709ced3
988,13000517,50,0,149.754168885,425,26,2.26269102301,272.01171024,274.860983167,26,26,0.5,0.6,0.3,1,2.74860983167,309.371905056,0.8,4.3,420.066617681,2.60119047619,91df7c1e99564b5c
988,13000517,50,1,291.986432677,325,39,1.63727427121,255.383135473,216.34442606,39,39,0.6,0.8,0.8,1,2.1634442606,309.371905056,0.8,4.3,420.066617681,2.60119047619,91df7c1e99564b5c
988,13000517,50,2,68.0066404103,175,33,2.78210512005,174.135186433,268.604257812,33,33,0.9,0.5,0.5,1,2.68604257812,309.371905056,0.8,4.3,420.066617681,2.60119047619,91df7c1e99564b5c
988,13000517,50,3,407.2448304,75,27,2.50543850917,338.767976602,247.974794263,27,27,0.4,0.7,0.3,1,2.47974794263,309.371905056,0.8,4.3,420.066617681,2.60119047619,91df7c1e99564b5c
989,13000518,50,0,441.782820628,325,26,2.97497269017,240.468055852,291.759863403,26,26,0.7,0.6,0.3,1,2.91759863403,289.729078717,0.8,5,483.397638133,2.37678571429,4db3cad2a8d86497
989,13000518,50,1,196.231313781,75,32,2.43466863656,238.044687053,246.638662766,32,32,0.7,0.9,0.8,1,2.46638662766,289.729078717,0.8,5,483.397638133,2.37678571429,4db3cad2a8d86497
989,13000518,50,2,366.24403918,425,25,2.9141294396,270.518910644,306.787269347,25,25,0.5,0.4,0.2,1,3.06787269347,289.729078717,0.8,5,483.397638133,2.37678571429,4db3cad2a8d86497
989,13000518,50,3,16.9564615624,175,30,1.9722173704,297.593554457,268.992698625,30,30,0.4,0.6,0.3,1,2.68992698625,289.729078717,0.8,5,483.397638133,2.37678571429,4db3cad2a8d86497
990,13000519,50,0,98.6950113706,325,36,2.52373275047,165.941183032,274.371156637,36,36,1,0.7,0.8,1,2.74371156637,276.667435752,1,4.9,362.772877169,2.81166666667,37c6813c00ca0efc
990,13000519,50,1,0.931890464829,175,26,2.45737655913,222.304453209,288.975846368,26,26,0.8,0.5,0.4,1,2.88975846368,276.667435752,1,4.9,362.772877169,2.81166666667,37c6813c00ca0efc
990,13000519,50,2,374.247436728,75,29,2.98643114821,310.849560495,245.998447501,29,29,0.4,0.7,0.6,1,2.45998447501,276.667435752,1,4.9,362.772877169,2.81166666667,37c6813c00ca0efc
990,13000519,50,3,493.90963375,425,22,1.6593550282,383.89677728,363.739238053,22,22,0.4,0.5,0.2,1,3.63739238053,276.667435752,1,4.9,362.772877169,2.81166666667,37c6813c00ca0efc
991,13000520,50,0,51.2182588284,325,27,2.80056265512,239.283989287,275.495568263,27,27,0.7,0.4,0.5,1,2.75495568263,238.295283769,0.8,3.2,321.108675588,2.58601190476,a39fd379775d5ada
991,13000520,50,1,277.599788691,75,31,1.68791730462,290.300419341,266.231196103,31,31,0.5,0.5,0.3,1,2.66231196103,238.295283769,0.8,3.2,321.108675588,2.58601190476,a39fd379775d5ada
991,13000520,50,2,456.479286197,175,29,2.10696485114,298.396842753,240.045929051,29,29,0.6,0.6,0.3,1,2.40045929051,238.295283769,0.8,3.2,321.108675588,2.58601190476,a39fd379775d5ada
991,13000520,50,3,369.277892493,425,32,2.06197363515,224.0298661,219.239198435,32,32,0.7,0.6,0.8,1,2.19239198435,238.295283769,0.8,3.2,321.108675588,2.58601190476,a39fd379775d5ada
992,13000521,50,0,94.1603088642,425,30,2.16799016837,258.024323934,278.93579904,30,30,0.6,0.3,0.7,1,2.7893579904,209.956159574,1,3.4,263.993115381,2.85476190476,5e481d0fc06c2b02
992,13000521,50,1,96.7601739756,75,28,2.4965371663,246.08410387,277.355289292,28,28,0.6,0.6,0.6,1,2.77355289292,209.956159574,1,3.4,263.993115381,2.85476190476,5e481d0fc06c2b02
992,13000521,50,2,272.258741487,175,45,1.75900020732,177.674880976,195.463369143,45,45,1,0.8,1,1,1.95463369143,209.956159574,1,3.4,263.993115381,2.85476190476,5e481d0fc06c2b02
992,13000521,50,3,320.227815921,325,44,2.49459070405,196.590635358,197.571177155,44,44,0.8,0.9,0.9,1,1.97571177155,209.956159574,1,3.4,263.993115381,2.85476190476,5e481d0fc06c2b02
993,13000522,50,0,451.082112636,325,29,2.94460942847,322.145094799,242.166775313,29,29,0.3,0.7,0.3,1,2.42166775313,273.624537248,0.9,4.6,377.581629497,2.48637566138,e9cd1ecfd2ffb8cc
993,13000522,50,1,52.3559485023,425,21,2.3334501623,284.994946815,294.182139532,21,21,0.4,0.5,0.3,1,2.94182139532,273.624537248,0.9,4.6,377.581629497,2.48637566138,e9cd1ecfd2ffb8cc
993,13000522,50,2,293.433084487,75,34,1.5888595278,258.836730236,241.204809687,34,34,0.7,0.8,0.6,1,2.41204809687,273.624537248,0.9,4.6,377.581629497,2.48637566138,e9cd1ecfd2ffb8cc
993,13000522,50,3,439.673314313,175,31,2.68564554265,303.01335521,211.600180614,31,31,0.4,0.7,0.6,1,2.11600180614,273.624537248,0.9,4.6,377.581629497,2.48637566138,e9cd1ecfd2ffb8cc
994,13000523,50,0,484.962974883,175,26,2.03129258664,193.020753097,264.190062746,26,26,0.9,0.7,0.8,1,2.64190062746,197.125765382,0.9,2.7,239.803815462,2.68518518519,da0724b5ec765e3d
994,13000523,50,1,29.5266857538,425,22,2.63295838488,396.423910338,310.198200351,22,22,0.2,0.4,0.3,1,3.10198200351,197.125765382,0.9,2.7,239.803815462,2.68518518519,da0724b5ec765e3d
994,13000523,50,2,393.910155796,325,31,1.5154437866,174.486700408,196.07027111,31,31,0.9,0.9,0.8,1,1.9607027111,197.125765382,0.9,2.7,239.803815462,2.68518518519,da0724b5ec765e3d
994,13000523,50,3,17.7591859493,75,26,1.72362929428,394.376006483,284.503915639,26,26,0.1,0.6,0.4,1,2.84503915639,197.125765382,0.9,2.7,239.803815462,2.68518518519,da0724b5ec765e3d
995,13000524,50,0,470.58133442,75,18,1.52321023324,401.929774787,396.493373662,18,18,0.2,0.1,0,1,3.96493373662,334.038481102,0.4,1.8,375.382749416,2.575,6ab58f40180da925
995,13000524,50,1,61.3187119259,325,26,2.54062908702,202.477923781,230.549836372,26,26,0.8,0.5,0.2,1,2.30549836372,334.038481102,0.4,1.8,375.382749416,2.575,6ab58f40180da925
995,13000524,50,2,479.013863817,175,23,2.36380025669,391.511667465,363.492860634,23,23,0.1,0.3,0,1,3.63492860634,334.038481102,0.4,1.8,375.382749416,2.575,6ab58f40180da925
995,13000524,50,3,106.266031133,425,25,2.60887947005,230.74388636,245.29650912,25,25,0.5,0.5,0.1,1,2.4529650912,334.038481102,0.4,1.8,375.382749416,2.575,6ab58f40180da925
996,13000525,50,0,158.78051153,175,38,1.66973764167,229.384000712,232.506978018,38,38,0.7,0.8,0.5,1,2.32506978018,237.829851417,0.6,1.5,181.210290084,2.52777777778,504c806a5be8be79
996,13000525,50,1,451.918473549,325,33,2.56894224422,233.893876119,247.707392172,33,33,0.8,0.7,0.6,1,2.47707392172,237.829851417,0.6,1.5,181.210290084,2.52777777778,504c806a5be8be79
996,13000525,50,2,187.220336822,425,33,2.46060961926,245.995088569,283.63574431,33,33,0.7,0.4,0.4,1,2.8363574431,237.829851417,0.6,1.5,181.210290084,2.52777777778,504c806a5be8be79
996,13000525,50,3,355.893646395,75,29,2.71584963823,228.00021114,201.450786263,29,29,0.7,0.7,0.4,1,2.01450786263,237.829851417,0.6,1.5,181.210290084,2.52777777778,504c806a5be8be79
997,13000526,50,0,126.634446484,75,26,2.11900053869,214.400364448,254.551707733,26,26,0.7,0.6,0.6,1,2.54551707733,181.026206105,0.7,1.7,198.359217292,3.15,8498edb629d724f8
997,13000526,50,1,374.421781388,175,41,2.22294535225,205.811977585,206.328574288,41,41,0.8,0.8,0.7,1,2.06328574288,181.026206105,0.7,1.7,198.359217292,3.15,8498edb629d724f8
997,13000526,50,2,43.1332412893,425,19,2.75541209317,334.131142933,296.406992018,19,19,0.4,0.5,0.4,1,2.96406992018,181.026206105,0.7,1.7,198.359217292,3.15,8498edb629d724f8
997,13000526,50,3,454.154874711,325,31,2.45895180745,281.148929013,261.498069957,31,31,0.6,0.6,0.4,1,2.61498069957,181.026206105,0.7,1.7,198.359217292,3.15,8498edb629d724f8
998,13000527,50,0,375.119127047,175,29,1.51305407778,301.757584423,297.51508241,29,29,0.3,0.3,0.4,1,2.9751508241,328.431129105,0.5,2.3,345.108182567,3.61285714286,611e86ea2997c482
998,13000527,50,1,62.4849044703,325,35,1.8242849615,185.504730614,247.120518509,35,35,0.8,0.7,0.2,1,2.47120518509,328.431129105,0.5,2.3,345.108182567,3.61285714286,611e86ea2997c482
998,13000527,50,2,483.376896854,425,10,2.96453957923,375.785202582,474.758966842,10,10,0.3,0,0,1,4.74758966842,328.431129105,0.5,2.3,345.108182567,3.61285714286,611e86ea2997c482
998,13000527,50,3,143.551613076,75,35,1.83855915782,271.567445195,197.286851868,35,35,0.8,0.8,0.5,1,1.97286851868,328.431129105,0.5,2.3,345.108182567,3.61285714286,611e86ea2997c482
999,13000528,50,0,128.297846908,425,28,2.28074823764,296.485731482,247.177632648,28,28,0.5,0.5,0.1,1,2.47177632648,316.137484864,0.9,5.9,484.183235158,2.15917107584,ef8ba4a4c756ab21
999,13000528,50,1,286.180004933,325,38,2.32718238233,201.364771976,224.824259557,38,38,0.7,0.6,0.6,1,2.24824259557,316.137484864,0.9,5.9,484.183235158,2.15917107584,ef8ba4a4c756ab21
999,13000528,50,2,10.9737524176,175,26,1.76234148766,303.090784732,230.493164342,26,26,0.4,0.7,0.4,1,2.30493164342,316.137484864,0.9,5.9,484.183235158,2.15917107584,ef8ba4a4c756ab21
999,13000528,50,3,236.011159379,75,38,1.58874833171,240.782404571,247.379591123,38,38,0.8,0.7,0.8,1,2.47379591123,316.137484864,0.9,5.9,484.183235158,2.15917107584,ef8ba4a4c756ab21
