scenario_id,scenario_seed,node_count,auv_id,x,y,local_density,speed,source_to_oc_distance,destination_to_oc_distance,sensors_in_oc_range,gateways_in_oc_range,source_covered_by_oc,destination_covered_by_oc,estimated_local_path_exists,average_link_quality_in_oc_view,estimated_hop_count,mean_source_destination_distance_m,connected_flow_pair_ratio,mean_static_shortest_hops,mean_static_shortest_path_length_m,mean_static_feasible_relay_candidates,topology_hash
1000,14000029,75,0,139.186156155,425,47,2.51351639545,199.379547245,236.020751882,47,47,0.8,0.7,0.7,1,2.36020751882,222.858951126,1,3.2,253.378640473,3.48321428571,a3b750feed541e10
1000,14000029,75,1,289.354830579,325,64,1.58962166865,179.532297521,228.136273724,64,64,0.9,0.9,1,1,2.28136273724,222.858951126,1,3.2,253.378640473,3.48321428571,a3b750feed541e10
1000,14000029,75,2,471.26241702,175,36,2.61369396976,317.132443432,346.24169874,36,36,0.5,0.3,0.3,1,3.4624169874,222.858951126,1,3.2,253.378640473,3.48321428571,a3b750feed541e10
1000,14000029,75,3,226.489129685,75,47,1.83667669502,282.241629499,291.422077222,47,47,0.4,0.5,0.6,1,2.91422077222,222.858951126,1,3.2,253.378640473,3.48321428571,a3b750feed541e10
1001,14000030,75,0,428.102477103,175,43,2.86917692417,260.147441749,237.138439675,43,43,0.7,0.6,0.7,1,2.37138439675,242.119570877,1,3.3,271.365663665,3.47833333333,3308d26163874310
1001,14000030,75,1,217.284126045,325,67,2.30337853103,189.945297074,166.014979276,67,67,0.9,1,1,1,1.66014979276,242.119570877,1,3.3,271.365663665,3.47833333333,3308d26163874310
1001,14000030,75,2,381.984555513,75,35,2.31251672031,270.689178532,261.290069899,35,35,0.5,0.5,0.7,1,2.61290069899,242.119570877,1,3.3,271.365663665,3.47833333333,3308d26163874310
1001,14000030,75,3,51.9381832623,425,41,2.2797165723,287.921372688,267.201080509,41,41,0.6,0.7,0.5,1,2.67201080509,242.119570877,1,3.3,271.365663665,3.47833333333,3308d26163874310
1002,14000031,75,0,426.899263495,425,40,2.67212310873,311.236957817,285.78086359,40,40,0.4,0.7,0.3,1,2.8578086359,272.916853995,1,4,317.091749214,3.31166666667,fb4c20cbc05762a3
1002,14000031,75,1,491.206174654,325,40,2.47601747922,335.450308021,295.363061089,40,40,0.4,0.5,0.4,1,2.95363061089,272.916853995,1,4,317.091749214,3.31166666667,fb4c20cbc05762a3
1002,14000031,75,2,81.9756889068,175,44,1.97249783505,268.218161084,277.288202336,44,44,0.4,0.5,0.5,1,2.77288202336,272.916853995,1,4,317.091749214,3.31166666667,fb4c20cbc05762a3
1002,14000031,75,3,210.323500999,75,52,2.34456711054,290.535766391,259.498919445,52,52,0.5,0.7,0.3,1,2.59498919445,272.916853995,1,4,317.091749214,3.31166666667,fb4c20cbc05762a3
1003,14000032,75,0,367.652027531,75,47,2.82307358626,253.807153649,252.702016748,47,47,0.7,0.6,0.6,1,2.52702016748,219.517556843,1,3.2,251.143348466,3.77380952381,355b2763bbae509c
1003,14000032,75,1,50.6760647732,325,47,2.43656202803,267.847153288,268.126303862,47,47,0.7,0.4,0.8,1,2.68126303862,219.517556843,1,3.2,251.143348466,3.77380952381,355b2763bbae509c
1003,14000032,75,2,136.380121038,175,64,2.97388172089,218.402969619,232.835926161,64,64,0.7,0.9,1,1,2.32835926161,219.517556843,1,3.2,251.143348466,3.77380952381,355b2763bbae509c
1003,14000032,75,3,469.413593465,425,22,2.76594082236,326.701408897,331.42147803,22,22,0.5,0.5,0.6,1,3.3142147803,219.517556843,1,3.2,251.143348466,3.77380952381,355b2763bbae509c
1004,14000033,75,0,51.8276443996,325,43,1.51420244074,188.740320953,223.077550277,43,43,0.9,0.6,1,1,2.23077550277,214.68613359,1,3.3,261.054457852,4.59,666791cd0643c5d
1004,14000033,75,1,241.650605864,75,49,1.619288874,298.576401368,257.127280065,49,49,0.5,0.5,0.8,1,2.57127280065,214.68613359,1,3.3,261.054457852,4.59,666791cd0643c5d
1004,14000033,75,2,254.547825809,175,67,1.70884950139,230.84583656,205.120086415,67,67,0.9,1,1,1,2.05120086415,214.68613359,1,3.3,261.054457852,4.59,666791cd0643c5d
1004,14000033,75,3,364.445472177,425,42,2.55023722845,238.781767691,233.958904293,42,42,0.7,0.5,0.5,1,2.33958904293,214.68613359,1,3.3,261.054457852,4.59,666791cd0643c5d
1005,14000034,75,0,158.431645129,425,47,2.35450566663,207.189434593,248.203517316,47,47,0.7,0.6,0.8,1,2.48203517316,295.26341976,1,4,336.329768662,4.36166666667,6b634ff68115a8e3
1005,14000034,75,1,424.484456956,75,38,1.81979905919,368.5987088,298.412390411,38,38,0.2,0.4,0.1,1,2.98412390411,295.26341976,1,4,336.329768662,4.36166666667,6b634ff68115a8e3
1005,14000034,75,2,37.6758659308,325,48,2.92184802855,193.559312077,227.160578147,48,48,0.7,0.6,0.6,1,2.27160578147,295.26341976,1,4,336.329768662,4.36166666667,6b634ff68115a8e3
1005,14000034,75,3,439.66217988,175,46,2.96996681836,331.915948332,271.568162681,46,46,0.3,0.5,0.4,1,2.71568162681,295.26341976,1,4,336.329768662,4.36166666667,6b634ff68115a8e3
1006,14000035,75,0,415.252778526,325,44,2.83808695456,294.487174914,266.970563504,44,44,0.5,0.5,0.8,1,2.66970563504,234.106559696,1,3.4,265.413274265,4.00166666667,cc34bae8274615aa
1006,14000035,75,1,62.7195707185,425,35,2.2667968361,345.818431291,277.03626337,35,35,0.4,0.4,0.4,1,2.7703626337,234.106559696,1,3.4,265.413274265,4.00166666667,cc34bae8274615aa
1006,14000035,75,2,165.264740978,75,53,2.8041620957,168.658486604,214.838710152,53,53,0.8,0.7,0.7,1,2.14838710152,234.106559696,1,3.4,265.413274265,4.00166666667,cc34bae8274615aa
1006,14000035,75,3,299.691901124,175,63,1.67032121869,184.309332804,207.423776269,63,63,0.9,0.8,1,1,2.07423776269,234.106559696,1,3.4,265.413274265,4.00166666667,cc34bae8274615aa
1007,14000036,75,0,282.90552587,325,58,1.51036005264,270.00319266,239.096996972,58,58,0.7,0.7,1,1,2.39096996972,300.587411348,1,4.4,341.918434706,3.0794047619,2ab479a0dd704922
1007,14000036,75,1,384.893565471,75,32,2.21831144905,273.62866955,303.313754431,32,32,0.6,0.4,0.8,1,3.03313754431,300.587411348,1,4.4,341.918434706,3.0794047619,2ab479a0dd704922
1007,14000036,75,2,118.310009149,425,33,2.59343938301,335.678411536,296.577347285,33,33,0.1,0.3,0.3,1,2.96577347285,300.587411348,1,4.4,341.918434706,3.0794047619,2ab479a0dd704922
1007,14000036,75,3,14.3297163202,175,44,1.88410752755,254.173545674,248.22944372,44,44,0.6,0.7,0.5,1,2.4822944372,300.587411348,1,4.4,341.918434706,3.0794047619,2ab479a0dd704922
1008,14000037,75,0,268.295275042,75,47,2.05311196557,314.667646824,267.660814048,47,47,0.3,0.5,0.2,1,2.67660814048,205.063537919,1,3.3,254.616244331,3.41916666667,4d5596e2a9a98cc2
1008,14000037,75,1,168.758400178,175,53,2.40794336551,254.804278439,192.412025791,53,53,0.5,0.9,0.9,1,1.92412025791,205.063537919,1,3.3,254.616244331,3.41916666667,4d5596e2a9a98cc2
1008,14000037,75,2,47.5646248801,425,31,2.0454701663,280.616202791,227.069471867,31,31,0.5,0.7,0.7,1,2.27069471867,205.063537919,1,3.3,254.616244331,3.41916666667,4d5596e2a9a98cc2
1008,14000037,75,3,238.344825384,325,67,1.81128175787,185.798115016,156.120819522,67,67,0.9,0.9,1,1,1.56120819522,205.063537919,1,3.3,254.616244331,3.41916666667,4d5596e2a9a98cc2
1009,14000038,75,0,337.122741842,325,57,2.53107554236,222.288248322,195.234499079,57,57,0.6,0.8,0.9,1,1.95234499079,238.704235853,1,3.5,281.030315176,3.74,1b8f3613ce5cc5f5
1009,14000038,75,1,344.47031857,75,40,2.11183223565,330.176429956,214.2168576,40,40,0.4,0.6,0.7,1,2.142168576,238.704235853,1,3.5,281.030315176,3.74,1b8f3613ce5cc5f5
1009,14000038,75,2,68.7996089623,175,49,1.53715161708,245.760012518,270.202614561,49,49,0.6,0.7,0.8,1,2.70202614561,238.704235853,1,3.5,281.030315176,3.74,1b8f3613ce5cc5f5
1009,14000038,75,3,128.872740894,425,44,1.52933799461,213.116485727,283.865522442,44,44,0.7,0.6,0.7,1,2.83865522442,238.704235853,1,3.5,281.030315176,3.74,1b8f3613ce5cc5f5
1010,14000039,75,0,355.76899558,75,45,2.92951951406,242.867089391,259.503416828,45,45,0.7,0.6,0.7,1,2.59503416828,192.696364347,1,2.9,212.871304045,4.44166666667,260149ce107e4af1
1010,14000039,75,1,291.153547531,425,51,2.39267854427,216.16657009,230.841748218,51,51,0.7,0.7,1,1,2.30841748218,192.696364347,1,2.9,212.871304045,4.44166666667,260149ce107e4af1
1010,14000039,75,2,274.074153074,175,69,1.84102940764,152.053938188,169.293469381,69,69,1,0.9,1,1,1.69293469381,192.696364347,1,2.9,212.871304045,4.44166666667,260149ce107e4af1
1010,14000039,75,3,108.021070022,325,58,2.02284843944,171.80144601,200.40183408,58,58,1,1,1,1,2.0040183408,192.696364347,1,2.9,212.871304045,4.44166666667,260149ce107e4af1
1011,14000040,75,0,277.440560181,325,65,1.55304627035,201.293582743,177.827777216,65,65,1,0.9,1,1,1.77827777216,233.860259367,1,3.9,283.888927167,3.53833333333,c21de8cc8bef5bc8
1011,14000040,75,1,5.98099967962,175,34,1.58314368738,341.879327414,304.091398553,34,34,0.4,0.4,0.4,1,3.04091398553,233.860259367,1,3.9,283.888927167,3.53833333333,c21de8cc8bef5bc8
1011,14000040,75,2,454.653490233,425,30,2.19328854818,241.194857708,305.10325153,30,30,0.6,0.4,0.3,1,3.0510325153,233.860259367,1,3.9,283.888927167,3.53833333333,c21de8cc8bef5bc8
1011,14000040,75,3,460.198532001,75,34,2.81665483814,380.319143503,287.517514114,34,34,0.2,0.5,0.4,1,2.87517514114,233.860259367,1,3.9,283.888927167,3.53833333333,c21de8cc8bef5bc8
1012,14000041,75,0,205.195257667,75,48,2.25420045208,199.365638642,242.954989598,48,48,0.8,0.7,0.7,1,2.42954989598,176.699373063,1,3.1,244.069883223,3.05916666667,92d55cb2e1476eda
1012,14000041,75,1,388.321040638,325,49,2.08163066852,267.185038643,273.761020737,49,49,0.7,0.5,0.7,1,2.73761020737,176.699373063,1,3.1,244.069883223,3.05916666667,92d55cb2e1476eda
1012,14000041,75,2,390.387260924,175,52,2.71587802243,218.360853958,274.870822005,52,52,0.6,0.5,0.8,1,2.74870822005,176.699373063,1,3.1,244.069883223,3.05916666667,92d55cb2e1476eda
1012,14000041,75,3,122.682373329,425,41,1.88167107311,314.027669193,234.473947437,41,41,0.3,0.6,0.6,1,2.34473947437,176.699373063,1,3.1,244.069883223,3.05916666667,92d55cb2e1476eda
1013,14000042,75,0,231.433807722,75,50,2.18835093605,187.216043062,221.686765982,50,50,0.9,0.6,0.8,1,2.21686765982,221.411294205,1,3.3,255.744960478,3.005,c11cfa99da8e4630
1013,14000042,75,1,462.179640762,425,32,2.34381163861,343.393454489,319.444755763,32,32,0.2,0.4,0.4,1,3.19444755763,221.411294205,1,3.3,255.744960478,3.005,c11cfa99da8e4630
1013,14000042,75,2,254.401992987,325,63,2.10724300301,199.753307327,220.720732338,63,63,0.9,0.9,1,1,2.20720732338,221.411294205,1,3.3,255.744960478,3.005,c11cfa99da8e4630
1013,14000042,75,3,133.743835643,175,53,2.21842743426,172.719287854,215.018762205,53,53,0.8,0.7,0.9,1,2.15018762205,221.411294205,1,3.3,255.744960478,3.005,c11cfa99da8e4630
1014,14000043,75,0,326.966031443,75,46,1.56541880582,283.232838191,268.612445898,46,46,0.5,0.6,0.6,1,2.68612445898,194.267397954,1,2.9,231.608436376,3.44833333333,2b98b076d2300ba5
1014,14000043,75,1,7.01645685715,175,35,1.60311376949,264.809295794,298.454757792,35,35,0.6,0.4,0.6,1,2.98454757792,194.267397954,1,2.9,231.608436376,3.44833333333,2b98b076d2300ba5
1014,14000043,75,2,15.6308914522,325,35,1.61103232929,242.689557177,266.586469135,35,35,0.6,0.7,0.6,1,2.66586469135,194.267397954,1,2.9,231.608436376,3.44833333333,2b98b076d2300ba5
1014,14000043,75,3,343.324373692,425,51,2.25426450097,260.234817452,229.522299772,51,51,0.8,0.8,0.8,1,2.29522299772,194.267397954,1,2.9,231.608436376,3.44833333333,2b98b076d2300ba5
1015,14000044,75,0,180.911531351,75,47,2.63817045256,248.5561255,213.594600423,47,47,0.6,0.9,0.8,1,2.13594600423,281.18139667,1,4,326.627471593,3.39714285714,346b6d10bf9c1891
1015,14000044,75,1,70.4465910045,175,44,2.46412936767,245.25309136,253.788932153,44,44,0.7,0.6,0.6,1,2.53788932153,281.18139667,1,4,326.627471593,3.39714285714,346b6d10bf9c1891
1015,14000044,75,2,452.69366777,425,30,1.88491465923,352.392734866,363.265268882,30,30,0.2,0.3,0.1,1,3.63265268882,281.18139667,1,4,326.627471593,3.39714285714,346b6d10bf9c1891
1015,14000044,75,3,357.707304805,325,53,2.12607722135,259.751028824,265.499548291,53,53,0.5,0.7,0.7,1,2.65499548291,281.18139667,1,4,326.627471593,3.39714285714,346b6d10bf9c1891
1016,14000045,75,0,407.750376247,175,49,2.77049938198,231.54989295,194.485015509,49,49,0.7,0.9,0.7,1,1.94485015509,227.623001791,1,3.5,262.71302683,3.39547619048,e11bb43dda52ec3a
1016,14000045,75,1,132.938209805,325,51,2.33617718661,207.490804557,243.251977731,51,51,0.9,0.7,1,1,2.43251977731,227.623001791,1,3.5,262.71302683,3.39547619048,e11bb43dda52ec3a
1016,14000045,75,2,41.3006690926,425,29,1.79417068594,299.444644839,346.224692964,29,29,0.4,0.3,0.4,1,3.46224692964,227.623001791,1,3.5,262.71302683,3.39547619048,e11bb43dda52ec3a
1016,14000045,75,3,253.284164214,75,49,1.56446105997,203.510570662,184.562337662,49,49,0.8,0.9,0.7,1,1.84562337662,227.623001791,1,3.5,262.71302683,3.39547619048,e11bb43dda52ec3a
1017,14000046,75,0,196.8148324,425,49,2.36649623266,260.28468034,216.673610911,49,49,0.5,0.6,0.8,1,2.16673610911,222.955749606,1,3.3,261.451719081,3.6119047619,70c35d7122976103
1017,14000046,75,1,95.7180445159,75,37,2.45926107862,247.182409345,275.115756445,37,37,0.6,0.6,0.5,1,2.75115756445,222.955749606,1,3.3,261.451719081,3.6119047619,70c35d7122976103
1017,14000046,75,2,417.274071287,325,48,2.39531895242,255.397815266,267.557642122,48,48,0.4,0.6,0.7,1,2.67557642122,222.955749606,1,3.3,261.451719081,3.6119047619,70c35d7122976103
1017,14000046,75,3,282.923657161,175,65,1.96017580172,200.227673728,230.978572773,65,65,1,1,1,1,2.30978572773,222.955749606,1,3.3,261.451719081,3.6119047619,70c35d7122976103
1018,14000047,75,0,378.13281568,425,46,2.93609261665,190.428846593,290.854310996,46,46,0.8,0.5,0.6,1,2.90854310996,218.457596674,1,3.4,261.024657466,4.29805555556,4d6205ab775a64a9
1018,14000047,75,1,5.03780013271,175,33,2.53382871044,351.476962109,279.603755634,33,33,0.3,0.4,0.4,1,2.79603755634,218.457596674,1,3.4,261.024657466,4.29805555556,4d6205ab775a64a9
1018,14000047,75,2,226.162378899,75,50,1.88549574303,262.87590935,223.883792821,50,50,0.6,0.8,0.7,1,2.23883792821,218.457596674,1,3.4,261.024657466,4.29805555556,4d6205ab775a64a9
1018,14000047,75,3,466.605165801,325,42,1.97768952721,204.366848377,301.197521877,42,42,0.8,0.5,0.5,1,3.01197521877,218.457596674,1,3.4,261.024657466,4.29805555556,4d6205ab775a64a9
1019,14000048,75,0,118.756936309,325,57,2.3377876783,214.343309215,196.5240264,57,57,0.8,0.8,0.7,1,1.965240264,256.140910357,1,4.2,310.291180421,3.39261904762,f33b502dfe254ce6
1019,14000048,75,1,491.47079644,175,37,2.82443138521,338.847087661,304.56804828,37,37,0.3,0.4,0.4,1,3.0456804828,256.140910357,1,4.2,310.291180421,3.39261904762,f33b502dfe254ce6
1019,14000048,75,2,33.1259903675,425,36,2.32059912008,285.867549279,270.087462512,36,36,0.5,0.6,0.3,1,2.70087462512,256.140910357,1,4.2,310.291180421,3.39261904762,f33b502dfe254ce6
1019,14000048,75,3,448.861226758,75,34,2.74913479811,337.360522182,340.957108908,34,34,0.4,0.3,0.6,1,3.40957108908,256.140910357,1,4.2,310.291180421,3.39261904762,f33b502dfe254ce6
1020,14000049,75,0,62.9238510143,325,50,2.27661843689,255.326117193,213.012816242,50,50,0.8,0.8,0.7,1,2.13012816242,303.133367514,1,4.5,360.158331388,3.87,5429dd5e6571f7c0
1020,14000049,75,1,314.908899863,75,49,1.9871736111,242.05496223,309.65381075,49,49,0.6,0.4,0.3,1,3.0965381075,303.133367514,1,4.5,360.158331388,3.87,5429dd5e6571f7c0
1020,14000049,75,2,464.40007877,175,41,2.27755431669,305.387754067,342.16064085,41,41,0.6,0.3,0.5,1,3.4216064085,303.133367514,1,4.5,360.158331388,3.87,5429dd5e6571f7c0
1020,14000049,75,3,93.2630970178,425,41,2.57513442087,264.895128084,215.171663298,41,41,0.6,0.7,0.4,1,2.15171663298,303.133367514,1,4.5,360.158331388,3.87,5429dd5e6571f7c0
1021,14000050,75,0,342.356285666,425,49,1.87780559328,276.520576233,242.079632344,49,49,0.5,0.6,0.6,1,2.42079632344,272.551782548,1,3.8,313.676945123,4.41333333333,9e74abeb54ce0b5a
1021,14000050,75,1,2.68598819327,325,40,2.87729520425,287.408705666,219.43889309,40,40,0.5,0.7,0.8,1,2.1943889309,272.551782548,1,3.8,313.676945123,4.41333333333,9e74abeb54ce0b5a
1021,14000050,75,2,381.745020368,175,45,2.79901338264,251.647197515,291.753881735,45,45,0.6,0.4,0.7,1,2.91753881735,272.551782548,1,3.8,313.676945123,4.41333333333,9e74abeb54ce0b5a
1021,14000050,75,3,115.319179972,75,38,1.82170246651,228.187980075,268.003604698,38,38,0.7,0.5,0.7,1,2.68003604698,272.551782548,1,3.8,313.676945123,4.41333333333,9e74abeb54ce0b5a
1022,14000051,75,0,497.510506565,325,42,2.94290992156,322.256093226,276.532979509,42,42,0.3,0.7,0.7,1,2.76532979509,303.016538787,1,4.9,389.137697852,3.30904761905,4a2da881a2fc7705
1022,14000051,75,1,321.99008031,175,64,1.69786682573,235.929776919,186.103628824,64,64,0.8,0.9,1,1,1.86103628824,303.016538787,1,4.9,389.137697852,3.30904761905,4a2da881a2fc7705
1022,14000051,75,2,121.335368506,75,45,2.59213036164,284.879552134,296.293009176,45,45,0.6,0.6,0.4,1,2.96293009176,303.016538787,1,4.9,389.137697852,3.30904761905,4a2da881a2fc7705
1022,14000051,75,3,106.337981478,425,40,2.22344641189,246.196035037,286.727459709,40,40,0.6,0.5,0.6,1,2.86727459709,303.016538787,1,4.9,389.137697852,3.30904761905,4a2da881a2fc7705
1023,14000052,75,0,197.825884597,425,44,1.69518046835,281.696160941,310.797018026,44,44,0.6,0.6,0.2,1,3.10797018026,206.716778443,0.8,2.7,271.609158877,3.77083333333,c249c27f28ceba12
1023,14000052,75,1,136.460590297,75,47,1.87819923299,245.450244835,232.443996506,47,47,0.6,0.7,0.7,1,2.32443996506,206.716778443,0.8,2.7,271.609158877,3.77083333333,c249c27f28ceba12
1023,14000052,75,2,331.09133441,325,57,2.35529271132,229.910134891,201.06280609,57,57,0.8,0.8,0.7,1,2.0106280609,206.716778443,0.8,2.7,271.609158877,3.77083333333,c249c27f28ceba12
1023,14000052,75,3,313.463517784,175,62,1.86597811692,207.104408779,152.512880104,62,62,0.9,0.9,0.8,1,1.52512880104,206.716778443,0.8,2.7,271.609158877,3.77083333333,c249c27f28ceba12
1024,14000053,75,0,363.920447209,75,42,2.43662538461,299.56713139,225.779809412,42,42,0.6,0.9,0.6,1,2.25779809412,271.685929709,1,4.2,317.861034572,4.37904761905,7d1ef4e469ed6a0a
1024,14000053,75,1,396.327774241,425,39,2.57062718037,219.003660402,244.040979133,39,39,0.7,0.6,0.6,1,2.44040979133,271.685929709,1,4.2,317.861034572,4.37904761905,7d1ef4e469ed6a0a
1024,14000053,75,2,4.78851759766,325,32,2.28774548096,303.611313535,310.667635663,32,32,0.5,0.5,0.5,1,3.10667635663,271.685929709,1,4.2,317.861034572,4.37904761905,7d1ef4e469ed6a0a
1024,14000053,75,3,251.66376848,175,60,1.62089030572,228.484454946,150.505467763,60,60,0.6,1,0.8,1,1.50505467763,271.685929709,1,4.2,317.861034572,4.37904761905,7d1ef4e469ed6a0a
1025,14000054,75,0,68.1576273922,175,50,2.81508461608,215.181482208,262.232288316,50,50,0.9,0.5,0.7,1,2.62232288316,260.973720872,1,4.3,327.78921395,3.47083333333,533afab87bccc392
1025,14000054,75,1,474.979458273,75,35,2.62846972627,289.294094352,318.203932417,35,35,0.5,0.5,0.4,1,3.18203932417,260.973720872,1,4.3,327.78921395,3.47083333333,533afab87bccc392
1025,14000054,75,2,312.300787649,325,58,2.52464469022,213.253646505,218.952528727,58,58,0.7,0.8,0.8,1,2.18952528727,260.973720872,1,4.3,327.78921395,3.47083333333,533afab87bccc392
1025,14000054,75,3,59.1842014565,425,32,2.86603930331,337.762268373,345.295898608,32,32,0.3,0.3,0.4,1,3.45295898608,260.973720872,1,4.3,327.78921395,3.47083333333,533afab87bccc392
1026,14000055,75,0,408.484357099,75,40,2.64016317953,255.307263907,309.178968175,40,40,0.5,0.3,0.5,1,3.09178968175,210.094241452,1,3.4,250.241499266,3.91666666667,7a1fb3bb8755f695
1026,14000055,75,1,409.102650151,425,47,2.98166593521,216.110595913,187.721845756,47,47,0.8,0.8,0.9,1,1.87721845756,210.094241452,1,3.4,250.241499266,3.91666666667,7a1fb3bb8755f695
1026,14000055,75,2,82.8572403217,325,38,2.9047954044,333.559354458,252.884461855,38,38,0.4,0.6,0.4,1,2.52884461855,210.094241452,1,3.4,250.241499266,3.91666666667,7a1fb3bb8755f695
1026,14000055,75,3,98.6616212598,175,40,2.11822487933,352.521549999,285.137559023,40,40,0.2,0.4,0.5,1,2.85137559023,210.094241452,1,3.4,250.241499266,3.91666666667,7a1fb3bb8755f695
1027,14000056,75,0,452.615644406,425,33,2.90720943235,285.576311785,266.76366653,33,33,0.6,0.7,0.5,1,2.6676366653,274.633240718,1,4.3,341.56093115,3.2596031746,f017e7d89bfdf5c8
1027,14000056,75,1,467.759419181,175,46,2.06987392436,237.238687924,310.616825639,46,46,0.6,0.5,0.5,1,3.10616825639,274.633240718,1,4.3,341.56093115,3.2596031746,f017e7d89bfdf5c8
1027,14000056,75,2,73.2338294096,325,40,2.38509791316,302.02250078,266.759762883,40,40,0.5,0.7,0.6,1,2.66759762883,274.633240718,1,4.3,341.56093115,3.2596031746,f017e7d89bfdf5c8
1027,14000056,75,3,207.987253131,75,48,1.89969124691,267.11800842,293.842398003,48,48,0.6,0.5,0.4,1,2.93842398003,274.633240718,1,4.3,341.56093115,3.2596031746,f017e7d89bfdf5c8
1028,14000057,75,0,270.633827136,325,66,1.85084997243,183.43010215,220.6042307,66,66,1,0.8,1,1,2.206042307,271.878739859,1,4.4,345.25461211,4.11547619048,3acb4ebedb1becc3
1028,14000057,75,1,329.18533904,75,47,2.26348387198,269.183139935,210.64828629,47,47,0.4,0.8,0.6,1,2.1064828629,271.878739859,1,4.4,345.25461211,4.11547619048,3acb4ebedb1becc3
1028,14000057,75,2,257.405761562,425,50,1.92938587168,209.119206412,277.896311808,50,50,0.7,0.4,0.7,1,2.77896311808,271.878739859,1,4.4,345.25461211,4.11547619048,3acb4ebedb1becc3
1028,14000057,75,3,442.715496642,175,35,2.07366996973,285.43108532,269.52489476,35,35,0.4,0.5,0.4,1,2.6952489476,271.878739859,1,4.4,345.25461211,4.11547619048,3acb4ebedb1becc3
1029,14000058,75,0,59.8546784808,325,39,1.51772093542,221.613219344,308.231077318,39,39,0.9,0.4,0.5,1,3.08231077318,232.341711818,1,3.7,272.812443832,3.7680952381,16b8bf50076f3712
1029,14000058,75,1,361.386389052,175,58,2.91873919001,179.170765401,211.549211124,58,58,1,0.6,0.9,1,2.11549211124,232.341711818,1,3.7,272.812443832,3.7680952381,16b8bf50076f3712
1029,14000058,75,2,332.466921845,75,49,2.60570126065,216.832197359,244.54500226,49,49,0.7,0.7,0.8,1,2.4454500226,232.341711818,1,3.7,272.812443832,3.7680952381,16b8bf50076f3712
1029,14000058,75,3,81.4869105303,425,30,2.2618795816,259.653143309,332.297844372,30,30,0.4,0.2,0.3,1,3.32297844372,232.341711818,1,3.7,272.812443832,3.7680952381,16b8bf50076f3712
1030,14000059,75,0,238.910266356,425,47,1.85976517065,175.064205132,221.523518015,47,47,0.9,0.7,0.7,1,2.21523518015,284.456585328,0.9,3.6,298.887121561,3.18650793651,68ad2386d8a5677a
1030,14000059,75,1,379.456361271,175,55,1.86909410052,262.871664149,252.358523382,55,55,0.7,0.6,0.7,1,2.52358523382,284.456585328,0.9,3.6,298.887121561,3.18650793651,68ad2386d8a5677a
1030,14000059,75,2,354.513880206,325,56,1.62463718742,193.501145533,219.617906815,56,56,0.9,0.7,0.8,1,2.19617906815,284.456585328,0.9,3.6,298.887121561,3.18650793651,68ad2386d8a5677a
1030,14000059,75,3,159.200506879,75,43,2.15681070573,336.061657642,260.039461685,43,43,0.4,0.5,0.4,1,2.60039461685,284.456585328,0.9,3.6,298.887121561,3.18650793651,68ad2386d8a5677a
1031,14000060,75,0,402.337724911,175,49,1.8377959712,261.021343018,176.453985864,49,49,0.6,0.7,0.8,1,1.76453985864,301.662244804,1,4.4,345.966588659,3.97619047619,b82cd51e5c617677
1031,14000060,75,1,7.78878015818,325,43,2.39303216333,276.935826717,365.747675377,43,43,0.7,0.5,0.3,1,3.65747675377,301.662244804,1,4.4,345.966588659,3.97619047619,b82cd51e5c617677
1031,14000060,75,2,448.402095892,425,36,2.46766757598,340.066653102,343.296874675,36,36,0.3,0.4,0.3,1,3.43296874675,301.662244804,1,4.4,345.966588659,3.97619047619,b82cd51e5c617677
1031,14000060,75,3,220.516413215,75,50,2.04106794041,261.821617023,187.859589392,50,50,0.7,1,0.8,1,1.87859589392,301.662244804,1,4.4,345.966588659,3.97619047619,b82cd51e5c617677
1032,14000061,75,0,369.96556933,425,41,2.71399270678,257.599439261,345.340545642,41,41,0.6,0.4,0.5,1,3.45340545642,296.610150819,1,4.6,358.028542628,3.285,bfaee04d4feda251
1032,14000061,75,1,35.3634759101,325,37,1.99651363702,240.956546374,280.836672496,37,37,0.6,0.5,0.5,1,2.80836672496,296.610150819,1,4.6,358.028542628,3.285,bfaee04d4feda251
1032,14000061,75,2,33.8103148054,75,32,2.94851379506,309.766026804,257.727152948,32,32,0.5,0.5,0.7,1,2.57727152948,296.610150819,1,4.6,358.028542628,3.285,bfaee04d4feda251
1032,14000061,75,3,444.554419426,175,45,1.76900880576,279.824343434,246.190791575,45,45,0.5,0.5,0.5,1,2.46190791575,296.610150819,1,4.6,358.028542628,3.285,bfaee04d4feda251
1033,14000062,75,0,137.940872957,325,49,2.26220534043,254.900496592,199.908853818,49,49,0.6,0.7,0.7,1,1.99908853818,250.756174066,1,4,301.599561681,3.04761904762,f031d742c3212505
1033,14000062,75,1,12.0692146188,425,31,1.54744156548,381.039689029,308.011072495,31,31,0.3,0.5,0.1,1,3.08011072495,250.756174066,1,4,301.599561681,3.04761904762,f031d742c3212505
1033,14000062,75,2,342.553072735,175,61,2.35771103111,216.49632997,230.465925624,61,61,1,0.8,1,1,2.30465925624,250.756174066,1,4,301.599561681,3.04761904762,f031d742c3212505
1033,14000062,75,3,334.160929264,75,48,2.12967602612,260.94573287,270.929662261,48,48,0.6,0.7,0.8,1,2.70929662261,250.756174066,1,4,301.599561681,3.04761904762,f031d742c3212505
1034,14000063,75,0,234.975913615,175,62,1.81809937585,196.369811209,218.890636668,62,62,0.9,0.7,0.9,1,2.18890636668,257.394469578,1,4.2,318.231479123,3.54027777778,fa549e4af138b19e
1034,14000063,75,1,259.844032378,75,56,1.6795647262,193.457742393,248.803775513,56,56,0.8,0.6,0.8,1,2.48803775513,257.394469578,1,4.2,318.231479123,3.54027777778,fa549e4af138b19e
1034,14000063,75,2,44.5419647959,425,30,1.92506382553,403.22970331,356.959034283,30,30,0.2,0.3,0.1,1,3.56959034283,257.394469578,1,4.2,318.231479123,3.54027777778,fa549e4af138b19e
1034,14000063,75,3,126.196947796,325,51,2.30238865292,295.051696407,268.738440935,51,51,0.4,0.5,0.7,1,2.68738440935,257.394469578,1,4.2,318.231479123,3.54027777778,fa549e4af138b19e
1035,14000064,75,0,94.4926688452,325,49,1.53447679858,238.116031324,260.47462834,49,49,0.6,0.5,0.5,1,2.6047462834,239.113818958,0.9,3.2,261.952346315,3.425,dc92f2431fc41c28
1035,14000064,75,1,280.724807721,425,47,2.11535626684,288.050930013,289.676655033,47,47,0.6,0.6,0.6,1,2.89676655033,239.113818958,0.9,3.2,261.952346315,3.425,dc92f2431fc41c28
1035,14000064,75,2,109.486688746,75,41,2.92585778837,206.285627052,245.945058327,41,41,0.9,0.7,0.7,1,2.45945058327,239.113818958,0.9,3.2,261.952346315,3.425,dc92f2431fc41c28
1035,14000064,75,3,277.317643093,175,63,2.05153230227,153.646482548,188.012764991,63,63,1,0.8,0.8,1,1.88012764991,239.113818958,0.9,3.2,261.952346315,3.425,dc92f2431fc41c28
1036,14000065,75,0,274.256568828,75,57,1.82984786971,279.533602538,219.653264161,57,57,0.5,0.6,0.7,1,2.19653264161,225.383091117,0.9,3.1,259.920495528,4.23333333333,21b2aff6e07d99e
1036,14000065,75,1,412.729140593,175,47,2.61198250982,300.667405044,220.267241835,47,47,0.4,0.8,0.4,1,2.20267241835,225.383091117,0.9,3.1,259.920495528,4.23333333333,21b2aff6e07d99e
1036,14000065,75,2,115.561642688,425,45,1.91466464541,181.241645413,279.471753406,45,45,0.8,0.4,0.5,1,2.79471753406,225.383091117,0.9,3.1,259.920495528,4.23333333333,21b2aff6e07d99e
1036,14000065,75,3,407.897860605,325,47,2.97825017487,287.806093252,231.866939022,47,47,0.6,0.6,0.8,1,2.31866939022,225.383091117,0.9,3.1,259.920495528,4.23333333333,21b2aff6e07d99e
1037,14000066,75,0,437.727651852,325,41,2.95889966455,290.121726254,240.870967484,41,41,0.5,0.7,0.9,1,2.40870967484,243.007144717,1,3.8,293.365245681,3.73166666667,c3a04c72d2723c41
1037,14000066,75,1,485.385559336,425,30,2.25925596221,380.041040766,320.8200137,30,30,0.2,0.4,0.2,1,3.208200137,243.007144717,1,3.8,293.365245681,3.73166666667,c3a04c72d2723c41
1037,14000066,75,2,49.3093878722,75,34,2.14303776198,230.279496232,315.76966537,34,34,0.8,0.3,0.4,1,3.1576966537,243.007144717,1,3.8,293.365245681,3.73166666667,c3a04c72d2723c41
1037,14000066,75,3,130.582023351,175,57,2.22715200912,140.576882784,227.049332158,57,57,1,0.8,1,1,2.27049332158,243.007144717,1,3.8,293.365245681,3.73166666667,c3a04c72d2723c41
1038,14000067,75,0,43.1947039908,75,32,2.32395141268,371.51469554,298.909027895,32,32,0.3,0.5,0.3,1,2.98909027895,324.906220024,1,5.3,412.690003135,4.37119047619,824c4148de3dd98a
1038,14000067,75,1,18.2104408103,325,39,2.21014264663,309.836105921,262.206736268,39,39,0.4,0.6,0.3,1,2.62206736268,324.906220024,1,5.3,412.690003135,4.37119047619,824c4148de3dd98a
1038,14000067,75,2,450.641800809,175,44,2.60667348782,261.502668093,292.694697603,44,44,0.7,0.6,0.6,1,2.92694697603,324.906220024,1,5.3,412.690003135,4.37119047619,824c4148de3dd98a
1038,14000067,75,3,272.861773462,425,52,1.75040151971,218.518915571,240.112317449,52,52,1,0.7,0.9,1,2.40112317449,324.906220024,1,5.3,412.690003135,4.37119047619,824c4148de3dd98a
1039,14000068,75,0,257.438313948,325,61,1.51972455561,162.985318868,188.931671893,61,61,0.8,0.8,1,1,1.88931671893,194.356120365,1,3.4,270.488217231,3.585,b7b0fc29190b258f
1039,14000068,75,1,59.4102503983,175,43,1.92188098234,274.602284601,278.459763677,43,43,0.6,0.4,0.7,1,2.78459763677,194.356120365,1,3.4,270.488217231,3.585,b7b0fc29190b258f
1039,14000068,75,2,399.990311665,75,38,2.62908221147,241.144533737,296.62343762,38,38,0.6,0.5,0.4,1,2.9662343762,194.356120365,1,3.4,270.488217231,3.585,b7b0fc29190b258f
1039,14000068,75,3,361.661883897,425,44,2.47754325535,234.548973673,236.4149569,44,44,0.7,0.7,0.7,1,2.364149569,194.356120365,1,3.4,270.488217231,3.585,b7b0fc29190b258f
1040,14000069,75,0,425.352070376,325,46,2.74105934877,223.70123098,320.423064783,46,46,0.9,0.3,0.7,1,3.20423064783,319.036036384,1,4.8,381.343133802,3.51904761905,117be058a31f3988
1040,14000069,75,1,187.352721103,175,59,2.33906391072,249.182767904,128.741781338,59,59,0.7,1,1,1,1.28741781338,319.036036384,1,4.8,381.343133802,3.51904761905,117be058a31f3988
1040,14000069,75,2,472.910262908,75,30,2.64898836264,290.184056471,352.122978915,30,30,0.3,0.4,0.2,1,3.52122978915,319.036036384,1,4.8,381.343133802,3.51904761905,117be058a31f3988
1040,14000069,75,3,179.958032386,425,48,2.69618875159,229.389298453,257.46537903,48,48,0.7,0.6,0.5,1,2.5746537903,319.036036384,1,4.8,381.343133802,3.51904761905,117be058a31f3988
1041,14000070,75,0,155.410951415,75,44,1.62269884601,248.072105602,226.178772101,44,44,0.7,0.8,0.6,1,2.26178772101,235.059540024,1,3.5,269.403933134,3.57333333333,c4a83b29b7bdc153
1041,14000070,75,1,219.083187979,325,65,1.56267948967,178.614490253,220.59672547,65,65,1,0.9,1,1,2.2059672547,235.059540024,1,3.5,269.403933134,3.57333333333,c4a83b29b7bdc153
1041,14000070,75,2,28.3025024227,175,42,2.16809506729,246.73364909,211.608744078,42,42,0.5,0.6,0.9,1,2.11608744078,235.059540024,1,3.5,269.403933134,3.57333333333,c4a83b29b7bdc153
1041,14000070,75,3,376.709878309,425,41,2.90927874025,288.382360167,324.378085294,41,41,0.5,0.3,0.3,1,3.24378085294,235.059540024,1,3.5,269.403933134,3.57333333333,c4a83b29b7bdc153
1042,14000071,75,0,82.3905536054,325,37,2.04936461228,291.09343978,273.922423345,37,37,0.4,0.6,0.4,1,2.73922423345,249.825463727,1,3.7,294.858300548,3.38,f4dce1a43485d1
1042,14000071,75,1,387.039795747,175,53,2.88480212684,189.429307622,224.130861584,53,53,0.9,0.8,0.8,1,2.24130861584,249.825463727,1,3.7,294.858300548,3.38,f4dce1a43485d1
1042,14000071,75,2,381.716201208,425,41,2.72118939326,305.737844184,305.274046755,41,41,0.4,0.3,0.4,1,3.05274046755,249.825463727,1,3.7,294.858300548,3.38,f4dce1a43485d1
1042,14000071,75,3,243.092425778,75,47,1.89151877003,186.005947997,204.816624826,47,47,0.8,0.8,0.7,1,2.04816624826,249.825463727,1,3.7,294.858300548,3.38,f4dce1a43485d1
1043,14000072,75,0,438.01821161,75,34,1.57979394442,271.406189233,333.935084812,34,34,0.6,0.3,0.4,1,3.33935084812,287.547400787,1,5.6,446.830873367,3.62361111111,4ad889e77938267f
1043,14000072,75,1,283.564427551,425,54,1.78835014835,265.902965119,239.142720498,54,54,0.7,0.8,0.6,1,2.39142720498,287.547400787,1,5.6,446.830873367,3.62361111111,4ad889e77938267f
1043,14000072,75,2,378.895676006,175,57,1.85506131576,222.024391422,244.120475901,57,57,0.7,0.6,0.5,1,2.44120475901,287.547400787,1,5.6,446.830873367,3.62361111111,4ad889e77938267f
1043,14000072,75,3,8.31996475418,325,33,1.97279210306,325.325186785,278.050587336,33,33,0.5,0.5,0.1,1,2.78050587336,287.547400787,1,5.6,446.830873367,3.62361111111,4ad889e77938267f
1044,14000073,75,0,436.451265579,75,27,2.77929081525,310.994933272,290.98082767,27,27,0.5,0.5,0.4,1,2.9098082767,235.057910778,1,4.4,352.442479009,3.64321428571,6d44ad070e8d1420
1044,14000073,75,1,137.10829188,425,52,2.47123798502,238.161140676,252.751599102,52,52,0.6,0.5,0.6,1,2.52751599102,235.057910778,1,4.4,352.442479009,3.64321428571,6d44ad070e8d1420
1044,14000073,75,2,422.775298023,175,39,2.66060004297,266.558049476,226.161869286,39,39,0.7,0.6,1,1,2.26161869286,235.057910778,1,4.4,352.442479009,3.64321428571,6d44ad070e8d1420
1044,14000073,75,3,9.24596637168,325,44,2.1816546961,261.956032318,326.20798423,44,44,0.8,0.5,0.6,1,3.2620798423,235.057910778,1,4.4,352.442479009,3.64321428571,6d44ad070e8d1420
1045,14000074,75,0,454.225014409,75,32,2.43514665847,345.310997126,294.603838839,32,32,0.3,0.5,0.4,1,2.94603838839,275.595546321,1,4.1,340.289551236,3.83,df2b8a79f3b5e71a
1045,14000074,75,1,166.514813342,175,54,1.61356283768,277.0729021,212.298708754,54,54,0.5,0.8,1,1,2.12298708754,275.595546321,1,4.1,340.289551236,3.83,df2b8a79f3b5e71a
1045,14000074,75,2,115.049801747,325,55,1.81491809312,239.13186937,251.50944941,55,55,0.7,0.7,0.8,1,2.5150944941,275.595546321,1,4.1,340.289551236,3.83,df2b8a79f3b5e71a
1045,14000074,75,3,336.426049175,425,53,2.84879433329,132.064434945,309.171609398,53,53,0.9,0.3,0.6,1,3.09171609398,275.595546321,1,4.1,340.289551236,3.83,df2b8a79f3b5e71a
1046,14000075,75,0,349.907126456,175,57,2.46945787296,278.417725695,272.754839686,57,57,0.5,0.6,0.8,1,2.72754839686,330.443159595,1,5.1,386.227726234,2.99047619048,8c23aab60bbcd68e
1046,14000075,75,1,287.799995959,425,48,2.3482248201,225.38333919,207.192236483,48,48,0.7,0.8,0.8,1,2.07192236483,330.443159595,1,5.1,386.227726234,2.99047619048,8c23aab60bbcd68e
1046,14000075,75,2,77.7715889265,325,42,2.83971268153,192.656711434,210.834002698,42,42,0.9,0.6,0.7,1,2.10834002698,330.443159595,1,5.1,386.227726234,2.99047619048,8c23aab60bbcd68e
1046,14000075,75,3,99.0858413139,75,41,2.01415453843,273.825745774,310.61399818,41,41,0.5,0.6,0.4,1,3.1061399818,330.443159595,1,5.1,386.227726234,2.99047619048,8c23aab60bbcd68e
1047,14000076,75,0,177.398358798,325,58,2.62210291526,219.498280664,222.134541235,58,58,0.7,0.6,0.9,1,2.22134541235,188.088899129,1,2.8,210.219828067,3.64119047619,1a10e6cc395eb574
1047,14000076,75,1,245.823397003,175,67,1.69644983299,210.73502603,174.375665506,67,67,1,0.9,1,1,1.74375665506,188.088899129,1,2.8,210.219828067,3.64119047619,1a10e6cc395eb574
1047,14000076,75,2,70.8004134044,425,35,1.61432297515,282.475622693,352.480326907,35,35,0.5,0.3,0.5,1,3.52480326907,188.088899129,1,2.8,210.219828067,3.64119047619,1a10e6cc395eb574
1047,14000076,75,3,407.60253698,75,42,2.05156903495,288.439683445,202.857757047,42,42,0.4,0.8,0.6,1,2.02857757047,188.088899129,1,2.8,210.219828067,3.64119047619,1a10e6cc395eb574
1048,14000077,75,0,460.095074646,175,42,1.58715394685,270.091773585,185.548940081,42,42,0.5,0.9,0.6,1,1.85548940081,262.442600361,0.8,3.4,322.915192045,4.53958333333,7bf1d12f42d94491
1048,14000077,75,1,257.065234219,425,53,1.58363775947,241.311881761,251.987770716,53,53,0.8,0.7,0.5,1,2.51987770716,262.442600361,0.8,3.4,322.915192045,4.53958333333,7bf1d12f42d94491
1048,14000077,75,2,40.6131481534,75,35,2.97626843745,301.648560043,360.777001439,35,35,0.3,0.2,0.1,1,3.60777001439,262.442600361,0.8,3.4,322.915192045,4.53958333333,7bf1d12f42d94491
1048,14000077,75,3,269.335875413,325,61,1.60937045794,187.618004907,177.686749475,61,61,0.8,0.7,0.8,1,1.77686749475,262.442600361,0.8,3.4,322.915192045,4.53958333333,7bf1d12f42d94491
1049,14000078,75,0,18.5925285695,175,43,2.41182908233,254.992543909,205.800419087,43,43,0.6,0.8,0.5,1,2.05800419087,250.946210503,1,3.7,303.053989145,4.48261904762,808d755c8b1dfe55
1049,14000078,75,1,355.094468918,425,41,2.0752723349,235.816121712,300.045531557,41,41,0.6,0.5,0.6,1,3.00045531557,250.946210503,1,3.7,303.053989145,4.48261904762,808d755c8b1dfe55
1049,14000078,75,2,420.791790932,75,28,2.45712253637,317.754843512,325.670950782,28,28,0.5,0.4,0.3,1,3.25670950782,250.946210503,1,3.7,303.053989145,4.48261904762,808d755c8b1dfe55
1049,14000078,75,3,8.61597224564,325,43,1.55288440983,265.470926838,223.496815537,43,43,0.7,0.7,0.6,1,2.23496815537,250.946210503,1,3.7,303.053989145,4.48261904762,808d755c8b1dfe55
1050,14000079,75,0,372.116428778,325,44,2.62506301033,219.365764446,239.177537141,44,44,0.6,0.5,0.4,1,2.39177537141,299.554712089,1,5.2,438.88648637,3.75761904762,8db6a5ca15b24cbf
1050,14000079,75,1,499.509172816,75,31,2.38999050025,269.304716521,399.197023044,31,31,0.6,0.3,0.3,1,3.99197023044,299.554712089,1,5.2,438.88648637,3.75761904762,8db6a5ca15b24cbf
1050,14000079,75,2,127.006466066,425,34,1.6022890741,334.705412873,242.185082754,34,34,0.3,0.5,0.8,1,2.42185082754,299.554712089,1,5.2,438.88648637,3.75761904762,8db6a5ca15b24cbf
1050,14000079,75,3,8.28569478737,175,37,2.97064540428,325.652800574,258.110946585,37,37,0.3,0.4,0.4,1,2.58110946585,299.554712089,1,5.2,438.88648637,3.75761904762,8db6a5ca15b24cbf
1051,14000080,75,0,83.9546196153,75,33,2.42047113944,298.632071999,306.99238964,33,33,0.2,0.3,0.4,1,3.0699238964,276.422444837,1,4,313.056128519,3.09785714286,6bfce9accf80e759
1051,14000080,75,1,362.599958876,325,54,1.65455019106,237.321907774,276.405563018,54,54,0.5,0.6,0.8,1,2.76405563018,276.422444837,1,4,313.056128519,3.09785714286,6bfce9accf80e759
1051,14000080,75,2,370.327649849,425,48,2.34364962767,269.722367907,330.134276039,48,48,0.7,0.4,0.5,1,3.30134276039,276.422444837,1,4,313.056128519,3.09785714286,6bfce9accf80e759
1051,14000080,75,3,107.425685549,175,53,2.40884838758,237.551103858,275.220139936,53,53,0.8,0.6,0.9,1,2.75220139936,276.422444837,1,4,313.056128519,3.09785714286,6bfce9accf80e759
1052,14000081,75,0,163.344246009,325,57,2.75137110771,224.395651985,242.412770724,57,57,0.8,0.7,0.8,1,2.42412770724,234.285946483,1,4.1,322.948802457,3.5925,74738338e732ee33
1052,14000081,75,1,430.712400225,175,45,1.60145389236,225.741683312,227.613902335,45,45,0.7,0.6,0.9,1,2.27613902335,234.285946483,1,4.1,322.948802457,3.5925,74738338e732ee33
1052,14000081,75,2,95.6958036194,425,39,2.95642645584,310.383385689,318.224708181,39,39,0.4,0.3,0.4,1,3.18224708181,234.285946483,1,4.1,322.948802457,3.5925,74738338e732ee33
1052,14000081,75,3,294.28663353,75,48,1.76801902556,230.528434916,236.975891676,48,48,0.9,0.7,1,1,2.36975891676,234.285946483,1,4.1,322.948802457,3.5925,74738338e732ee33
1053,14000082,75,0,173.46075566,425,43,2.54117793863,283.386213272,242.713160259,43,43,0.3,0.6,0.7,1,2.42713160259,278.220196982,1,4.1,329.4211657,3.89833333333,3da85b5094a97d1b
1053,14000082,75,1,457.749301932,175,47,2.27177318825,249.226845181,268.692623033,47,47,0.7,0.6,0.7,1,2.68692623033,278.220196982,1,4.1,329.4211657,3.89833333333,3da85b5094a97d1b
1053,14000082,75,2,367.376973221,325,60,2.69063164426,245.84227495,207.481240443,60,60,0.8,0.9,0.8,1,2.07481240443,278.220196982,1,4.1,329.4211657,3.89833333333,3da85b5094a97d1b
1053,14000082,75,3,16.5285452014,75,31,2.93653374145,272.24890925,355.200968208,31,31,0.4,0.2,0.4,1,3.55200968208,278.220196982,1,4.1,329.4211657,3.89833333333,3da85b5094a97d1b
1054,14000083,75,0,263.920091308,325,66,1.97944009733,202.481818069,158.318449241,66,66,0.9,0.9,1,1,1.58318449241,181.592874716,1,3.2,255.537680522,2.9119047619,72f3c18e424ccf43
1054,14000083,75,1,162.187967632,175,58,1.86753226546,203.917569353,210.949706741,58,58,0.7,0.9,1,1,2.10949706741,181.592874716,1,3.2,255.537680522,2.9119047619,72f3c18e424ccf43
1054,14000083,75,2,74.7759252168,425,38,1.94325711432,327.510924646,254.890264431,38,38,0.3,0.6,0.4,1,2.54890264431,181.592874716,1,3.2,255.537680522,2.9119047619,72f3c18e424ccf43
1054,14000083,75,3,427.517487813,75,32,2.93204353685,257.255519161,307.274898852,32,32,0.6,0.5,0.6,1,3.07274898852,181.592874716,1,3.2,255.537680522,2.9119047619,72f3c18e424ccf43
1055,14000084,75,0,385.586298589,175,48,2.5619902548,302.042149759,236.338963752,48,48,0.6,0.8,0.6,1,2.36338963752,219.617714994,0.9,2.7,248.902498777,3.67407407407,b28dfcfc13107395
1055,14000084,75,1,166.462522128,425,44,2.622517266,247.789374515,254.398913404,44,44,0.5,0.6,0.7,1,2.54398913404,219.617714994,0.9,2.7,248.902498777,3.67407407407,b28dfcfc13107395
1055,14000084,75,2,70.2927258746,325,50,2.94588935344,233.49624409,229.545453928,50,50,0.7,0.7,0.7,1,2.29545453928,219.617714994,0.9,2.7,248.902498777,3.67407407407,b28dfcfc13107395
1055,14000084,75,3,313.598808824,75,41,2.42280097259,300.765743686,245.68835553,41,41,0.4,0.7,0.5,1,2.4568835553,219.617714994,0.9,2.7,248.902498777,3.67407407407,b28dfcfc13107395
1056,14000085,75,0,125.612417787,425,31,2.73888809522,179.149155294,311.474739989,31,31,0.8,0.4,0.4,1,3.11474739989,264.022122456,1,5.1,394.982526149,3.65535714286,552138ce6c3a8e6d
1056,14000085,75,1,388.065671712,175,49,2.43678079249,303.595138345,190.162176836,49,49,0.4,0.8,0.4,1,1.90162176836,264.022122456,1,5.1,394.982526149,3.65535714286,552138ce6c3a8e6d
1056,14000085,75,2,276.611191214,325,58,2.12911776997,195.592983966,212.971948618,58,58,0.9,0.7,1,1,2.12971948618,264.022122456,1,5.1,394.982526149,3.65535714286,552138ce6c3a8e6d
1056,14000085,75,3,164.232215167,75,49,1.86460187682,303.003052546,225.014383724,49,49,0.4,0.7,0.6,1,2.25014383724,264.022122456,1,5.1,394.982526149,3.65535714286,552138ce6c3a8e6d
1057,14000086,75,0,169.845148026,175,55,1.68893444346,220.953827823,247.200740399,55,55,0.8,0.6,0.7,1,2.47200740399,297.453587424,1,4.9,398.947024147,3.70666666667,93984735de17b4fe
1057,14000086,75,1,473.261809021,75,33,1.58970481624,232.014674588,340.940691959,33,33,0.6,0.2,0.5,1,3.40940691959,297.453587424,1,4.9,398.947024147,3.70666666667,93984735de17b4fe
1057,14000086,75,2,304.363627888,325,54,2.46686707321,229.99864404,210.31599195,54,54,0.4,0.7,0.6,1,2.1031599195,297.453587424,1,4.9,398.947024147,3.70666666667,93984735de17b4fe
1057,14000086,75,3,55.3600060171,425,27,2.17065444826,396.972780829,337.162418844,27,27,0.3,0.3,0.2,1,3.37162418844,297.453587424,1,4.9,398.947024147,3.70666666667,93984735de17b4fe
1058,14000087,75,0,203.356778628,75,42,2.42311335792,287.605192136,259.489888575,42,42,0.5,0.6,0.4,1,2.59489888575,253.35832499,1,3.3,284.757152015,4.27833333333,7b76a4a1f8f12a50
1058,14000087,75,1,61.2531784478,325,52,1.99682299597,164.418160419,198.575102888,52,52,1,0.7,1,1,1.98575102888,253.35832499,1,3.3,284.757152015,4.27833333333,7b76a4a1f8f12a50
1058,14000087,75,2,371.984070369,425,45,1.76174602272,276.018676494,248.549851566,45,45,0.6,0.8,0.6,1,2.48549851566,253.35832499,1,3.3,284.757152015,4.27833333333,7b76a4a1f8f12a50
1058,14000087,75,3,429.866907492,175,35,2.70198899211,348.184585285,287.650182735,35,35,0.2,0.3,0.4,1,2.87650182735,253.35832499,1,3.3,284.757152015,4.27833333333,7b76a4a1f8f12a50
1059,14000088,75,0,32.0132665751,325,40,2.6085867052,300.57008648,309.410958638,40,40,0.4,0.5,0.5,1,3.09410958638,275.152273871,1,4.1,342.695194369,4.17238095238,17147857e11f6127
1059,14000088,75,1,329.92666564,175,63,2.54969217374,227.824526283,167.632811775,63,63,0.8,0.9,0.8,1,1.67632811775,275.152273871,1,4.1,342.695194369,4.17238095238,17147857e11f6127
1059,14000088,75,2,258.946741395,75,59,2.07231284924,248.581557537,166.496716514,59,59,0.6,0.9,0.7,1,1.66496716514,275.152273871,1,4.1,342.695194369,4.17238095238,17147857e11f6127
1059,14000088,75,3,136.494745463,425,39,1.56709119365,289.745390667,319.901051489,39,39,0.5,0.4,0.6,1,3.19901051489,275.152273871,1,4.1,342.695194369,4.17238095238,17147857e11f6127
1060,14000089,75,0,350.312885965,75,42,2.15188074337,255.178686549,209.979755194,42,42,0.7,0.9,0.8,1,2.09979755194,229.525964218,1,3.6,273.919584316,3.51333333333,bcebae1b1893c832
1060,14000089,75,1,457.932406214,325,46,2.29789097978,233.302796064,286.11708793,46,46,0.6,0.5,0.6,1,2.8611708793,229.525964218,1,3.6,273.919584316,3.51333333333,bcebae1b1893c832
1060,14000089,75,2,85.1689473179,425,35,2.88201643718,309.304056794,349.844065891,35,35,0.5,0.3,0.3,1,3.49844065891,229.525964218,1,3.6,273.919584316,3.51333333333,bcebae1b1893c832
1060,14000089,75,3,149.483375265,175,52,2.95351948976,203.801446085,188.755865682,52,52,0.5,0.7,1,1,1.88755865682,229.525964218,1,3.6,273.919584316,3.51333333333,bcebae1b1893c832
1061,14000090,75,0,477.96923934,75,35,1.73659132265,217.910767852,316.311567055,35,35,0.7,0.6,0.5,1,3.16311567055,291.776337919,1,4.3,356.547161698,3.19166666667,5535336a11607167
1061,14000090,75,1,5.30036680539,175,32,2.85052164466,360.682482367,295.269527392,32,32,0.3,0.5,0.2,1,2.95269527392,291.776337919,1,4.3,356.547161698,3.19166666667,5535336a11607167
1061,14000090,75,2,269.838810445,425,46,2.20088164287,287.369643189,264.884422592,46,46,0.5,0.7,0.5,1,2.64884422592,291.776337919,1,4.3,356.547161698,3.19166666667,5535336a11607167
1061,14000090,75,3,205.319993679,325,57,2.25490116475,246.224362625,221.254000506,57,57,0.6,0.9,0.6,1,2.21254000506,291.776337919,1,4.3,356.547161698,3.19166666667,5535336a11607167
1062,14000091,75,0,195.495744545,75,52,2.20539287713,303.798933219,254.842793794,52,52,0.5,0.6,0.5,1,2.54842793794,334.51726245,1,5.3,428.906735854,3.85833333333,3a129bec772ed3e6
1062,14000091,75,1,361.16241892,175,51,2.66904234468,218.629159743,231.316659401,51,51,0.6,0.7,0.8,1,2.31316659401,334.51726245,1,5.3,428.906735854,3.85833333333,3a129bec772ed3e6
1062,14000091,75,2,6.79258976447,325,40,2.59578190058,311.925704231,307.762064657,40,40,0.4,0.5,0.2,1,3.07762064657,334.51726245,1,5.3,428.906735854,3.85833333333,3a129bec772ed3e6
1062,14000091,75,3,457.468586402,425,26,1.65816409778,296.772630299,300.736158624,26,26,0.5,0.4,0.5,1,3.00736158624,334.51726245,1,5.3,428.906735854,3.85833333333,3a129bec772ed3e6
1063,14000092,75,0,146.812932075,75,45,2.14189803165,197.69408127,194.734943474,45,45,0.7,0.8,0.9,1,1.94734943474,155.633685714,1,2.6,183.964080746,3.06666666667,60036a6d5114bbf0
1063,14000092,75,1,425.479257495,425,36,2.86195842585,336.609852872,316.529098094,36,36,0.5,0.3,0.4,1,3.16529098094,155.633685714,1,2.6,183.964080746,3.06666666667,60036a6d5114bbf0
1063,14000092,75,2,100.623999966,175,51,2.64534450786,197.014972604,189.715288974,51,51,0.8,0.9,1,1,1.89715288974,155.633685714,1,2.6,183.964080746,3.06666666667,60036a6d5114bbf0
1063,14000092,75,3,443.529093439,325,44,2.90025344909,287.923370161,268.352685293,44,44,0.4,0.7,0.6,1,2.68352685293,155.633685714,1,2.6,183.964080746,3.06666666667,60036a6d5114bbf0
1064,14000093,75,0,187.559579806,325,61,2.61565963966,187.369110069,263.455814562,61,61,0.7,0.5,0.7,1,2.63455814562,295.25645868,1,4.4,357.387623284,3.92238095238,e04bd880ad24dd3e
1064,14000093,75,1,412.32580707,75,48,2.32799577403,253.830841993,264.582686366,48,48,0.6,0.5,0.5,1,2.64582686366,295.25645868,1,4.4,357.387623284,3.92238095238,e04bd880ad24dd3e
1064,14000093,75,2,297.43520203,175,68,1.99067231393,188.217786788,219.781917802,68,68,1,0.8,1,1,2.19781917802,295.25645868,1,4.4,357.387623284,3.92238095238,e04bd880ad24dd3e
1064,14000093,75,3,36.5298188008,425,26,1.69558632898,327.853007316,386.555094422,26,26,0.5,0.2,0.2,1,3.86555094422,295.25645868,1,4.4,357.387623284,3.92238095238,e04bd880ad24dd3e
1065,14000094,75,0,326.225097345,75,47,2.26474704499,295.761222209,283.278324779,47,47,0.5,0.5,0.6,1,2.83278324779,247.575088743,1,4.3,334.021844406,2.88333333333,e9658c2a3065b798
1065,14000094,75,1,193.032243689,325,64,2.57213599102,205.980499287,217.303531849,64,64,0.9,0.8,1,1,2.17303531849,247.575088743,1,4.3,334.021844406,2.88333333333,e9658c2a3065b798
1065,14000094,75,2,418.551039604,175,52,1.69770214359,259.436397196,306.62534923,52,52,0.7,0.7,0.5,1,3.0662534923,247.575088743,1,4.3,334.021844406,2.88333333333,e9658c2a3065b798
1065,14000094,75,3,182.551843474,425,43,1.71968783816,234.236720073,249.430208241,43,43,0.5,0.5,0.7,1,2.49430208241,247.575088743,1,4.3,334.021844406,2.88333333333,e9658c2a3065b798
1066,14000095,75,0,478.371345572,425,27,2.17440483944,291.885648553,315.836185701,27,27,0.5,0.5,0.3,1,3.15836185701,288.909693838,1,4.2,339.896590559,3.86166666667,77bc82d81a8a5187
1066,14000095,75,1,496.736909529,325,32,2.12182350185,280.830765902,305.625931195,32,32,0.5,0.5,0.4,1,3.05625931195,288.909693838,1,4.2,339.896590559,3.86166666667,77bc82d81a8a5187
1066,14000095,75,2,152.395013719,75,43,2.86814794623,291.29845478,255.12401241,43,43,0.4,0.6,0.4,1,2.5512401241,288.909693838,1,4.2,339.896590559,3.86166666667,77bc82d81a8a5187
1066,14000095,75,3,161.64975042,175,59,2.81775136117,228.729122347,188.287459274,59,59,0.6,0.8,1,1,1.88287459274,288.909693838,1,4.2,339.896590559,3.86166666667,77bc82d81a8a5187
1067,14000096,75,0,454.898620183,75,34,2.80476033392,313.681547468,358.61409185,34,34,0.5,0.2,0.1,1,3.5861409185,314.379068636,1,4.5,365.301285625,4.26880952381,a2760bd3e534739b
1067,14000096,75,1,82.9960140072,425,37,2.38594294588,283.861242251,274.916852183,37,37,0.6,0.5,0.6,1,2.74916852183,314.379068636,1,4.5,365.301285625,4.26880952381,a2760bd3e534739b
1067,14000096,75,2,206.048304287,175,64,2.22865485062,216.493652305,199.161629136,64,64,0.6,0.8,1,1,1.99161629136,314.379068636,1,4.5,365.301285625,4.26880952381,a2760bd3e534739b
1067,14000096,75,3,351.524490161,325,61,2.67834691149,195.646987277,242.019190956,61,61,0.7,0.6,0.8,1,2.42019190956,314.379068636,1,4.5,365.301285625,4.26880952381,a2760bd3e534739b
1068,14000097,75,0,413.28435731,325,51,1.59651855777,243.083493661,238.542121468,51,51,0.8,0.8,0.9,1,2.38542121468,117.102881925,1,1.6,122.903648459,3.38333333333,1bd30b6e39af7ea6
1068,14000097,75,1,42.5582739691,425,42,2.74273486493,230.156709332,250.376285354,42,42,0.9,0.5,0.8,1,2.50376285354,117.102881925,1,1.6,122.903648459,3.38333333333,1bd30b6e39af7ea6
1068,14000097,75,2,169.662222824,175,63,2.33657864126,152.325359991,153.274701318,63,63,1,0.9,1,1,1.53274701318,117.102881925,1,1.6,122.903648459,3.38333333333,1bd30b6e39af7ea6
1068,14000097,75,3,333.594627198,75,41,2.77784319158,266.556369254,245.794425524,41,41,0.6,0.6,0.8,1,2.45794425524,117.102881925,1,1.6,122.903648459,3.38333333333,1bd30b6e39af7ea6
1069,14000098,75,0,428.939681423,425,36,2.6876861516,252.632159805,443.730052116,36,36,0.7,0.1,0,1,4.43730052116,377.20506047,1,5.9,455.927060894,3.12678571429,129bc9b434997516
1069,14000098,75,1,495.871968801,325,38,2.67481914417,228.748930639,443.338513943,38,38,0.7,0.2,0.1,1,4.43338513943,377.20506047,1,5.9,455.927060894,3.12678571429,129bc9b434997516
1069,14000098,75,2,112.800027885,175,51,2.65700888038,316.650536415,187.335142968,51,51,0.4,0.9,0.5,1,1.87335142968,377.20506047,1,5.9,455.927060894,3.12678571429,129bc9b434997516
1069,14000098,75,3,150.986036627,75,42,2.89357810777,318.716767555,180.480997334,42,42,0.4,0.8,0.6,1,1.80480997334,377.20506047,1,5.9,455.927060894,3.12678571429,129bc9b434997516
1070,14000099,75,0,321.322047314,425,46,2.03588567917,253.195765512,242.89725683,46,46,0.5,0.6,0.7,1,2.4289725683,256.864743759,1,4,323.51141565,3.29333333333,76fd469a850cf682
1070,14000099,75,1,31.5198966511,325,42,2.44316724147,350.236657826,297.928573635,42,42,0.3,0.5,0.4,1,2.97928573635,256.864743759,1,4,323.51141565,3.29333333333,76fd469a850cf682
1070,14000099,75,2,82.4120028248,75,41,1.56607352987,319.345367516,290.692613113,41,41,0.4,0.5,0.5,1,2.90692613113,256.864743759,1,4,323.51141565,3.29333333333,76fd469a850cf682
1070,14000099,75,3,279.418711529,175,61,1.70072008902,176.328798457,146.714925146,61,61,0.9,0.9,0.8,1,1.46714925146,256.864743759,1,4,323.51141565,3.29333333333,76fd469a850cf682
1071,14000100,75,0,151.683550207,175,55,2.62877768935,243.40718755,245.303249304,55,55,0.7,0.6,0.9,1,2.45303249304,270.176660479,1,4.1,321.646053122,4.09166666667,1c93e19a0f546123
1071,14000100,75,1,313.70985858,75,53,2.36061630394,241.21616162,199.804557181,53,53,0.7,0.8,0.8,1,1.99804557181,270.176660479,1,4.1,321.646053122,4.09166666667,1c93e19a0f546123
1071,14000100,75,2,135.441606822,325,49,2.91314368002,245.805758444,278.40877382,49,49,0.7,0.5,0.7,1,2.7840877382,270.176660479,1,4.1,321.646053122,4.09166666667,1c93e19a0f546123
1071,14000100,75,3,418.121956698,425,31,2.28719852408,256.174362309,299.285352238,31,31,0.5,0.6,0.4,1,2.99285352238,270.176660479,1,4.1,321.646053122,4.09166666667,1c93e19a0f546123
1072,14000101,75,0,173.64301409,425,51,2.37650079047,302.918596948,224.903652278,51,51,0.5,0.7,0.7,1,2.24903652278,196.530619268,1,2.9,215.883713604,4.63666666667,ec0d2c07c87ece92
1072,14000101,75,1,364.71290919,325,59,2.93803869756,209.207741572,192.19085583,59,59,0.8,0.9,0.8,1,1.9219085583,196.530619268,1,2.9,215.883713604,4.63666666667,ec0d2c07c87ece92
1072,14000101,75,2,2.19954729258,75,29,2.56388076835,296.131001026,303.57190699,29,29,0.4,0.4,0.7,1,3.0357190699,196.530619268,1,2.9,215.883713604,4.63666666667,ec0d2c07c87ece92
1072,14000101,75,3,466.635743592,175,42,1.59397156754,223.862757254,258.784236073,42,42,0.7,0.6,0.6,1,2.58784236073,196.530619268,1,2.9,215.883713604,4.63666666667,ec0d2c07c87ece92
1073,14000102,75,0,225.022258623,425,53,1.76458666596,213.673727386,234.973776728,53,53,0.8,0.8,0.7,1,2.34973776728,298.658234903,1,4.6,354.432424035,4.30416666667,56f5279dffba78d1
1073,14000102,75,1,392.770712152,325,48,2.47687895167,234.402204324,220.649096228,48,48,0.8,0.8,0.8,1,2.20649096228,298.658234903,1,4.6,354.432424035,4.30416666667,56f5279dffba78d1
1073,14000102,75,2,418.04813405,75,35,1.64240022686,327.152882643,282.543028677,35,35,0.2,0.6,0.4,1,2.82543028677,298.658234903,1,4.6,354.432424035,4.30416666667,56f5279dffba78d1
1073,14000102,75,3,180.118506908,175,60,2.09253088627,204.409936052,183.753364647,60,60,0.8,0.7,0.9,1,1.83753364647,298.658234903,1,4.6,354.432424035,4.30416666667,56f5279dffba78d1
1074,14000103,75,0,474.057100981,175,37,2.04563867007,272.422398522,285.007797461,37,37,0.7,0.6,0.6,1,2.85007797461,273.736863763,0.9,3.7,314.07073969,3.97486772487,5e819b4737b97913
1074,14000103,75,1,313.379367163,75,42,2.6348586495,271.215869923,286.814001601,42,42,0.5,0.3,0.2,1,2.86814001601,273.736863763,0.9,3.7,314.07073969,3.97486772487,5e819b4737b97913
1074,14000103,75,2,78.0665439079,325,49,2.32555486102,272.947297871,274.962188401,49,49,0.7,0.5,0.6,1,2.74962188401,273.736863763,0.9,3.7,314.07073969,3.97486772487,5e819b4737b97913
1074,14000103,75,3,160.259265819,425,47,1.91429907237,258.281293698,258.226934352,47,47,0.6,0.6,0.8,1,2.58226934352,273.736863763,0.9,3.7,314.07073969,3.97486772487,5e819b4737b97913
1075,14000104,75,0,88.1122860199,325,54,2.42691024131,274.803250318,272.428059992,54,54,0.6,0.7,0.3,1,2.72428059992,271.574998172,1,5,388.473672036,3.83642857143,e33f63d1fb708133
1075,14000104,75,1,495.059828442,75,29,2.71713858937,246.906481403,335.132408346,29,29,0.7,0.4,0.2,1,3.35132408346,271.574998172,1,5,388.473672036,3.83642857143,e33f63d1fb708133
1075,14000104,75,2,58.5669097475,175,53,1.97239123511,289.450859116,287.125192227,53,53,0.6,0.5,0.3,1,2.87125192227,271.574998172,1,5,388.473672036,3.83642857143,e33f63d1fb708133
1075,14000104,75,3,403.427391929,425,37,2.58357735508,285.94570883,220.808243897,37,37,0.8,0.7,0.4,1,2.20808243897,271.574998172,1,5,388.473672036,3.83642857143,e33f63d1fb708133
1076,14000105,75,0,480.859899347,175,39,2.94570575949,229.208939755,262.17325833,39,39,0.8,0.7,0.8,1,2.6217325833,230.644738824,1,3.4,263.792858918,3.91166666667,35cb7594dd1457cd
1076,14000105,75,1,463.850696889,425,31,2.26037025122,272.000226906,301.623830665,31,31,0.7,0.4,0.7,1,3.01623830665,230.644738824,1,3.4,263.792858918,3.91166666667,35cb7594dd1457cd
1076,14000105,75,2,87.4424785655,325,56,2.45991757133,259.896281269,226.138494812,56,56,0.6,0.7,0.5,1,2.26138494812,230.644738824,1,3.4,263.792858918,3.91166666667,35cb7594dd1457cd
1076,14000105,75,3,158.340718519,75,48,1.81547237106,267.195338952,235.54215603,48,48,0.7,0.7,0.9,1,2.3554215603,230.644738824,1,3.4,263.792858918,3.91166666667,35cb7594dd1457cd
1077,14000106,75,0,89.5442312294,175,44,2.40118061307,208.310453394,248.808256258,44,44,0.7,0.6,0.6,1,2.48808256258,197.262969916,1,3.5,265.119504439,2.73452380952,df3777ab50c09e7a
1077,14000106,75,1,397.108014973,425,40,2.53816204023,373.899795989,335.930039553,40,40,0.2,0.4,0.3,1,3.35930039553,197.262969916,1,3.5,265.119504439,2.73452380952,df3777ab50c09e7a
1077,14000106,75,2,153.158039677,325,55,2.70046930627,242.791255527,224.490699503,55,55,0.7,0.6,0.6,1,2.24490699503,197.262969916,1,3.5,265.119504439,2.73452380952,df3777ab50c09e7a
1077,14000106,75,3,410.363664566,75,34,2.35834694968,277.196815591,248.357635925,34,34,0.4,0.5,0.5,1,2.48357635925,197.262969916,1,3.5,265.119504439,2.73452380952,df3777ab50c09e7a
1078,14000107,75,0,454.707133252,325,49,1.82107521102,254.244971989,249.337236708,49,49,0.7,0.7,0.5,1,2.49337236708,275.957301429,1,4.1,307.88355387,4.19154761905,e16fcf723c794b87
1078,14000107,75,1,89.2579975746,75,42,2.45479812728,261.931248893,293.140647049,42,42,0.5,0.5,0.4,1,2.93140647049,275.957301429,1,4.1,307.88355387,4.19154761905,e16fcf723c794b87
1078,14000107,75,2,350.960814672,175,60,2.21253649816,179.425856486,207.607230375,60,60,0.9,0.7,0.9,1,2.07607230375,275.957301429,1,4.1,307.88355387,4.19154761905,e16fcf723c794b87
1078,14000107,75,3,134.417416121,425,45,2.06291195956,348.585707076,271.82346236,45,45,0.4,0.6,0.4,1,2.7182346236,275.957301429,1,4.1,307.88355387,4.19154761905,e16fcf723c794b87
1079,14000108,75,0,357.496777809,425,48,1.86986736466,224.325569165,254.546964275,48,48,0.6,0.6,0.5,1,2.54546964275,194.241250015,0.8,2.3,201.411283631,2.70982142857,96945b04bd265306
1079,14000108,75,1,33.800477412,175,37,2.08389809097,324.645788719,328.096227834,37,37,0.3,0.4,0.4,1,3.28096227834,194.241250015,0.8,2.3,201.411283631,2.70982142857,96945b04bd265306
1079,14000108,75,2,252.270699378,75,45,1.61809570068,262.238899882,246.550872494,45,45,0.5,0.6,0.5,1,2.46550872494,194.241250015,0.8,2.3,201.411283631,2.70982142857,96945b04bd265306
1079,14000108,75,3,340.954002502,325,58,2.33295983482,191.025312509,219.30115493,58,58,0.7,0.9,0.8,1,2.1930115493,194.241250015,0.8,2.3,201.411283631,2.70982142857,96945b04bd265306
1080,14000109,75,0,448.881469792,425,33,2.11767011994,372.732807725,305.334685821,33,33,0.3,0.4,0.2,1,3.05334685821,209.645983319,1,3.1,240.738514285,4.29404761905,73c3a526338cbe6f
1080,14000109,75,1,230.254540458,75,59,1.85103008311,225.910520898,214.377610095,59,59,0.9,0.8,0.8,1,2.14377610095,209.645983319,1,3.1,240.738514285,4.29404761905,73c3a526338cbe6f
1080,14000109,75,2,5.51558401881,325,36,2.02088879073,215.965153009,259.911891757,36,36,0.7,0.6,0.6,1,2.59911891757,209.645983319,1,3.1,240.738514285,4.29404761905,73c3a526338cbe6f
1080,14000109,75,3,263.55202656,175,67,1.50247832372,193.351374886,166.030120374,67,67,0.9,0.8,0.9,1,1.66030120374,209.645983319,1,3.1,240.738514285,4.29404761905,73c3a526338cbe6f
1081,14000110,75,0,48.4087595719,175,41,2.27245965875,307.834385869,245.742264352,41,41,0.3,0.6,0.4,1,2.45742264352,268.962104216,1,3.9,316.66801036,4.52333333333,8ec8db8c8cce1ac7
1081,14000110,75,1,134.219169578,425,41,2.96488299578,267.783181896,296.901773168,41,41,0.6,0.5,0.7,1,2.96901773168,268.962104216,1,3.9,316.66801036,4.52333333333,8ec8db8c8cce1ac7
1081,14000110,75,2,406.23327337,325,49,2.52628932299,162.31338139,245.010430638,49,49,0.7,0.5,0.9,1,2.45010430638,268.962104216,1,3.9,316.66801036,4.52333333333,8ec8db8c8cce1ac7
1081,14000110,75,3,454.019456613,75,30,2.76673523731,312.330396701,274.748543615,30,30,0.5,0.5,0.4,1,2.74748543615,268.962104216,1,3.9,316.66801036,4.52333333333,8ec8db8c8cce1ac7
1082,14000111,75,0,203.81210206,425,50,1.72532403309,269.781739103,309.714492615,50,50,0.6,0.5,0.5,1,3.09714492615,267.384366338,0.9,3.2,278.812964198,3.12037037037,bec3572d295d857f
1082,14000111,75,1,403.104966196,325,54,1.73647460549,258.033137562,278.00245141,54,54,0.6,0.7,0.3,1,2.7800245141,267.384366338,0.9,3.2,278.812964198,3.12037037037,bec3572d295d857f
1082,14000111,75,2,445.323562258,175,36,2.55173408524,287.686023627,255.847491156,36,36,0.4,0.8,0.3,1,2.55847491156,267.384366338,0.9,3.2,278.812964198,3.12037037037,bec3572d295d857f
1082,14000111,75,3,110.404448561,75,41,1.84174589492,224.802007106,210.228260692,41,41,0.7,0.7,0.6,1,2.10228260692,267.384366338,0.9,3.2,278.812964198,3.12037037037,bec3572d295d857f
1083,14000112,75,0,461.327269581,175,34,2.51338685586,257.455841506,371.468386754,34,34,0.6,0.2,0.3,1,3.71468386754,274.760375895,0.9,3.6,315.734404124,4.65343915344,35abcc6efdfabbed
1083,14000112,75,1,436.156373646,75,29,2.2909062811,303.534915054,384.377662189,29,29,0.5,0.1,0.4,1,3.84377662189,274.760375895,0.9,3.6,315.734404124,4.65343915344,35abcc6efdfabbed
1083,14000112,75,2,41.3497172689,325,49,2.64432500828,276.403026421,231.950660426,49,49,0.6,0.8,0.6,1,2.31950660426,274.760375895,0.9,3.6,315.734404124,4.65343915344,35abcc6efdfabbed
1083,14000112,75,3,73.48673438,425,40,2.47286001441,284.477665733,278.381638258,40,40,0.3,0.6,0.5,1,2.78381638258,274.760375895,0.9,3.6,315.734404124,4.65343915344,35abcc6efdfabbed
1084,14000113,75,0,22.9493289704,325,38,2.05795467007,303.674561727,331.911971357,38,38,0.4,0.4,0.4,1,3.31911971357,364.979927655,1,5.5,428.535164278,3.91416666667,2448584240a18d2
1084,14000113,75,1,474.402213697,75,30,2.94903134999,325.047265461,299.317459504,30,30,0.4,0.5,0.2,1,2.99317459504,364.979927655,1,5.5,428.535164278,3.91416666667,2448584240a18d2
1084,14000113,75,2,207.582884865,175,65,2.08901080458,208.144083553,239.88461632,65,65,0.9,0.8,0.8,1,2.3988461632,364.979927655,1,5.5,428.535164278,3.91416666667,2448584240a18d2
1084,14000113,75,3,348.648507169,425,43,2.04732918829,329.802389309,252.563283932,43,43,0.4,0.7,0.3,1,2.52563283932,364.979927655,1,5.5,428.535164278,3.91416666667,2448584240a18d2
1085,14000114,75,0,489.221162421,175,36,2.87563811315,343.764960609,320.341116798,36,36,0.5,0.2,0.4,1,3.20341116798,291.610885964,1,4.7,376.926789585,3.72238095238,a248303ef0a2d7dd
1085,14000114,75,1,435.936632131,325,45,2.15987810072,310.420235498,239.888082277,45,45,0.4,0.7,0.6,1,2.39888082277,291.610885964,1,4.7,376.926789585,3.72238095238,a248303ef0a2d7dd
1085,14000114,75,2,161.018192261,75,46,2.65069074391,237.835133946,270.737549302,46,46,0.6,0.7,0.3,1,2.70737549302,291.610885964,1,4.7,376.926789585,3.72238095238,a248303ef0a2d7dd
1085,14000114,75,3,72.6744244558,425,33,2.60896271924,341.94596115,222.910012306,33,33,0.2,0.7,0.3,1,2.22910012306,291.610885964,1,4.7,376.926789585,3.72238095238,a248303ef0a2d7dd
1086,14000115,75,0,327.905209133,425,44,1.84344531901,221.142238683,288.045406563,44,44,0.8,0.5,0.4,1,2.88045406563,239.050082515,1,3.5,269.210165611,4.09142857143,90cff143a8f858a4
1086,14000115,75,1,53.502507634,175,40,2.61833162225,318.082455811,219.723150798,40,40,0.3,0.6,0.7,1,2.19723150798,239.050082515,1,3.5,269.210165611,4.09142857143,90cff143a8f858a4
1086,14000115,75,2,348.425553466,325,53,1.77044804227,181.041191869,225.076841154,53,53,0.9,0.5,0.8,1,2.25076841154,239.050082515,1,3.5,269.210165611,4.09142857143,90cff143a8f858a4
1086,14000115,75,3,55.2112615338,75,32,2.98564521448,351.101618248,233.50859886,32,32,0.2,0.6,0.4,1,2.3350859886,239.050082515,1,3.5,269.210165611,4.09142857143,90cff143a8f858a4
1087,14000116,75,0,338.157101013,425,46,1.9181991501,205.361707058,211.645785185,46,46,0.9,0.8,0.9,1,2.11645785185,232.92334944,1,3.7,289.692347881,3.64119047619,547bb1a5f977d369
1087,14000116,75,1,462.663210457,75,27,1.56250583549,291.262361778,314.477838625,27,27,0.5,0.4,0.5,1,3.14477838625,232.92334944,1,3.7,289.692347881,3.64119047619,547bb1a5f977d369
1087,14000116,75,2,79.7353102581,175,48,2.99430243875,269.71471173,314.29548392,48,48,0.6,0.3,0.4,1,3.1429548392,232.92334944,1,3.7,289.692347881,3.64119047619,547bb1a5f977d369
1087,14000116,75,3,28.9277518976,325,48,2.62930748346,284.140667318,313.480799106,48,48,0.5,0.4,0.4,1,3.13480799106,232.92334944,1,3.7,289.692347881,3.64119047619,547bb1a5f977d369
1088,14000117,75,0,374.637247873,175,56,2.43534614065,208.979485267,250.383760324,56,56,0.8,0.6,1,1,2.50383760324,280.633848502,1,4.1,327.823539315,3.98047619048,3719fea5dffcb039
1088,14000117,75,1,66.3354162328,75,36,2.9424668539,266.856206544,288.175344423,36,36,0.5,0.6,0.3,1,2.88175344423,280.633848502,1,4.1,327.823539315,3.98047619048,3719fea5dffcb039
1088,14000117,75,2,473.513927229,325,40,2.22162400941,283.357014856,309.042981361,40,40,0.6,0.5,0.5,1,3.09042981361,280.633848502,1,4.1,327.823539315,3.98047619048,3719fea5dffcb039
1088,14000117,75,3,178.854621026,425,44,2.24172157117,266.375302044,215.732965069,44,44,0.5,0.7,0.6,1,2.15732965069,280.633848502,1,4.1,327.823539315,3.98047619048,3719fea5dffcb039
1089,14000118,75,0,420.36601658,175,52,2.28770301273,196.469391336,220.027187957,52,52,0.8,0.8,0.9,1,2.20027187957,265.337034763,1,4.1,323.133766305,3.80095238095,dec635d2bbc6b6ab
1089,14000118,75,1,35.792515488,325,42,2.13554407441,318.888932957,299.530836121,42,42,0.4,0.6,0.4,1,2.99530836121,265.337034763,1,4.1,323.133766305,3.80095238095,dec635d2bbc6b6ab
1089,14000118,75,2,339.79364239,425,43,2.61190333057,297.767200439,244.501645659,43,43,0.3,0.6,0.7,1,2.44501645659,265.337034763,1,4.1,323.133766305,3.80095238095,dec635d2bbc6b6ab
1089,14000118,75,3,185.09771344,75,50,1.5537816925,214.299220359,229.885157884,50,50,0.8,0.6,0.8,1,2.29885157884,265.337034763,1,4.1,323.133766305,3.80095238095,dec635d2bbc6b6ab
1090,14000119,75,0,305.682076131,425,46,1.57358503783,182.057500598,242.23309141,46,46,0.7,0.7,0.7,1,2.4223309141,208.480214487,1,3.9,296.31820823,3.77166666667,1c484cb857127f96
1090,14000119,75,1,323.747263454,75,46,2.42841264099,273.205552517,287.210771172,46,46,0.5,0.5,0.7,1,2.87210771172,208.480214487,1,3.9,296.31820823,3.77166666667,1c484cb857127f96
1090,14000119,75,2,423.663355144,325,50,2.8825060745,232.828296014,279.151681762,50,50,0.9,0.6,0.6,1,2.79151681762,208.480214487,1,3.9,296.31820823,3.77166666667,1c484cb857127f96
1090,14000119,75,3,61.9350687274,175,36,2.76772748044,280.257702886,242.488797754,36,36,0.6,0.7,0.6,1,2.42488797754,208.480214487,1,3.9,296.31820823,3.77166666667,1c484cb857127f96
1091,14000120,75,0,119.849949548,175,52,2.35896488651,241.944159341,268.22330474,52,52,0.5,0.7,0.8,1,2.6822330474,327.662656732,1,4.7,385.1692152,4.05714285714,6ab7e327cf8eb073
1091,14000120,75,1,309.298247436,75,49,2.60806639145,277.105136582,203.909998845,49,49,0.6,0.8,0.6,1,2.03909998845,327.662656732,1,4.7,385.1692152,4.05714285714,6ab7e327cf8eb073
1091,14000120,75,2,123.561232456,325,51,2.59104409952,199.403175093,274.371413237,51,51,0.8,0.5,0.5,1,2.74371413237,327.662656732,1,4.7,385.1692152,4.05714285714,6ab7e327cf8eb073
1091,14000120,75,3,388.591565202,425,45,2.5133960456,239.181327765,316.146002431,45,45,0.6,0.4,0.4,1,3.16146002431,327.662656732,1,4.7,385.1692152,4.05714285714,6ab7e327cf8eb073
1092,14000121,75,0,403.868603218,75,40,1.5716904372,310.646020506,391.624781222,40,40,0.5,0.2,0.2,1,3.91624781222,277.809500434,1,3.9,323.210687461,4.17333333333,902e502b27269ffa
1092,14000121,75,1,356.618150188,325,53,2.8275702446,245.352547342,260.71297209,53,53,0.6,0.6,0.9,1,2.6071297209,277.809500434,1,3.9,323.210687461,4.17333333333,902e502b27269ffa
1092,14000121,75,2,101.790334369,425,43,2.54221138663,241.566947195,163.156907628,43,43,0.7,0.9,0.7,1,1.63156907628,277.809500434,1,3.9,323.210687461,4.17333333333,902e502b27269ffa
1092,14000121,75,3,89.9761045488,175,56,1.50106784875,206.257793618,184.244853463,56,56,0.8,0.9,0.9,1,1.84244853463,277.809500434,1,3.9,323.210687461,4.17333333333,902e502b27269ffa
1093,14000122,75,0,461.24508971,425,33,2.34430398665,342.1343899,295.417824942,33,33,0.5,0.5,0.3,1,2.95417824942,261.183681358,1,4.4,335.076578747,3.34023809524,1b6e0e91c79e46b4
1093,14000122,75,1,91.4280795082,175,43,2.65835000079,288.189331951,248.469646667,43,43,0.5,0.6,0.5,1,2.48469646667,261.183681358,1,4.4,335.076578747,3.34023809524,1b6e0e91c79e46b4
1093,14000122,75,2,162.621034349,325,55,1.97611293329,250.847070176,213.800529456,55,55,0.6,0.7,0.9,1,2.13800529456,261.183681358,1,4.4,335.076578747,3.34023809524,1b6e0e91c79e46b4
1093,14000122,75,3,276.363130728,75,41,1.6837561862,274.414337474,240.074888721,41,41,0.7,0.5,0.8,1,2.40074888721,261.183681358,1,4.4,335.076578747,3.34023809524,1b6e0e91c79e46b4
1094,14000123,75,0,446.435112587,325,48,2.14334724118,259.192103635,298.310784933,48,48,0.8,0.6,0.8,1,2.98310784933,163.151865645,1,2.5,189.304832008,3.68571428571,a9e6978c3235c568
1094,14000123,75,1,149.915804035,75,39,2.74741445349,271.305631883,223.630754063,39,39,0.6,0.7,0.7,1,2.23630754063,163.151865645,1,2.5,189.304832008,3.68571428571,a9e6978c3235c568
1094,14000123,75,2,120.48243353,175,51,1.76941806101,246.600899438,173.699298409,51,51,0.8,0.9,1,1,1.73699298409,163.151865645,1,2.5,189.304832008,3.68571428571,a9e6978c3235c568
1094,14000123,75,3,350.354261505,425,45,2.31044086962,259.353286867,257.543333794,45,45,0.4,0.5,0.9,1,2.57543333794,163.151865645,1,2.5,189.304832008,3.68571428571,a9e6978c3235c568
1095,14000124,75,0,162.269375417,75,43,1.87710600115,277.952821782,308.762109551,43,43,0.5,0.3,0.6,1,3.08762109551,306.605209537,1,4.1,348.883473647,4.01857142857,7394d1909754b617
1095,14000124,75,1,173.563687737,425,54,1.92768784889,226.023191976,195.575800744,54,54,0.8,0.9,0.8,1,1.95575800744,306.605209537,1,4.1,348.883473647,4.01857142857,7394d1909754b617
1095,14000124,75,2,262.642892791,175,66,1.63049218569,205.429934533,233.43061794,66,66,0.7,0.7,1,1,2.3343061794,306.605209537,1,4.1,348.883473647,4.01857142857,7394d1909754b617
1095,14000124,75,3,362.750819864,325,56,2.56231909982,207.973082481,197.383005919,56,56,0.7,0.8,0.9,1,1.97383005919,306.605209537,1,4.1,348.883473647,4.01857142857,7394d1909754b617
1096,14000125,75,0,408.944762716,75,39,2.64888590874,323.967519376,209.231518854,39,39,0.5,0.8,0.5,1,2.09231518854,199.999590263,1,3.1,230.420186711,3.78333333333,7a50a1222294b0b6
1096,14000125,75,1,246.384856564,425,48,1.77180758465,212.179523612,295.763960775,48,48,0.7,0.4,0.5,1,2.95763960775,199.999590263,1,3.1,230.420186711,3.78333333333,7a50a1222294b0b6
1096,14000125,75,2,373.150808368,175,54,2.41031268081,265.595522243,200.026217674,54,54,0.7,1,0.9,1,2.00026217674,199.999590263,1,3.1,230.420186711,3.78333333333,7a50a1222294b0b6
1096,14000125,75,3,181.037818519,325,62,2.12606221909,233.593638081,279.817585014,62,62,0.7,0.7,1,1,2.79817585014,199.999590263,1,3.1,230.420186711,3.78333333333,7a50a1222294b0b6
1097,14000126,75,0,141.994202262,175,58,1.5731025638,219.382149174,209.872435828,58,58,0.7,0.8,0.7,1,2.09872435828,252.295678332,1,4.7,373.164883528,4.08857142857,e7fb40149df71c0b
1097,14000126,75,1,375.424458101,425,40,2.47362596119,263.98854695,256.554781403,40,40,0.5,0.5,0.6,1,2.56554781403,252.295678332,1,4.7,373.164883528,4.08857142857,e7fb40149df71c0b
1097,14000126,75,2,86.1640262745,325,50,2.49924301474,246.820236408,277.664374544,50,50,0.6,0.6,0.6,1,2.77664374544,252.295678332,1,4.7,373.164883528,4.08857142857,e7fb40149df71c0b
1097,14000126,75,3,453.203442743,75,37,2.89014342912,306.198862985,251.490149502,37,37,0.4,0.6,0.4,1,2.51490149502,252.295678332,1,4.7,373.164883528,4.08857142857,e7fb40149df71c0b
1098,14000127,75,0,337.577812533,425,48,2.20083046105,284.338783504,248.813407962,48,48,0.4,0.6,0.7,1,2.48813407962,327.266667346,1,4.9,412.73706702,3.99166666667,e46e48c6d9c23620
1098,14000127,75,1,149.293099162,325,59,2.59861345573,241.342024459,184.662907668,59,59,0.7,0.9,0.9,1,1.84662907668,327.266667346,1,4.9,412.73706702,3.99166666667,e46e48c6d9c23620
1098,14000127,75,2,20.6721965864,175,43,2.13280422422,305.112854621,242.282987029,43,43,0.5,0.7,0.5,1,2.42282987029,327.266667346,1,4.9,412.73706702,3.99166666667,e46e48c6d9c23620
1098,14000127,75,3,349.022696543,75,40,2.81381474535,271.092958805,281.536996084,40,40,0.5,0.6,0.4,1,2.81536996084,327.266667346,1,4.9,412.73706702,3.99166666667,e46e48c6d9c23620
1099,14000128,75,0,58.6213973087,175,49,1.98888475837,278.447591458,170.649501762,49,49,0.5,1,0.6,1,1.70649501762,284.754058386,1,3.9,314.033252471,3.37666666667,66475b10e366e3bc
1099,14000128,75,1,29.6082500405,325,40,2.75898255761,283.877970994,259.847555353,40,40,0.5,0.7,0.6,1,2.59847555353,284.754058386,1,3.9,314.033252471,3.37666666667,66475b10e366e3bc
1099,14000128,75,2,293.576102178,75,48,2.01577544249,263.768107646,179.112279945,48,48,0.6,1,0.9,1,1.79112279945,284.754058386,1,3.9,314.033252471,3.37666666667,66475b10e366e3bc
1099,14000128,75,3,398.461879935,425,38,2.79215146569,207.665658261,343.53679409,38,38,0.8,0.4,0.4,1,3.4353679409,284.754058386,1,3.9,314.033252471,3.37666666667,66475b10e366e3bc
1100,14000129,75,0,27.5942346562,175,39,2.50637657553,258.220385911,253.590899576,39,39,0.7,0.6,0.8,1,2.53590899576,295.830488911,1,4.7,367.136488383,3.8375,813364c0de7bd994
1100,14000129,75,1,298.138487185,325,67,1.90077954802,226.675139722,200.682104998,67,67,0.8,0.8,0.9,1,2.00682104998,295.830488911,1,4.7,367.136488383,3.8375,813364c0de7bd994
1100,14000129,75,2,128.582989177,425,46,2.54827794148,202.505162544,237.799494926,46,46,0.8,0.7,0.6,1,2.37799494926,295.830488911,1,4.7,367.136488383,3.8375,813364c0de7bd994
1100,14000129,75,3,420.315942824,75,32,1.54391586331,366.564704196,311.644931372,32,32,0.2,0.4,0.3,1,3.11644931372,295.830488911,1,4.7,367.136488383,3.8375,813364c0de7bd994
1101,14000130,75,0,318.274087542,75,53,1.77439428615,290.850190112,248.356456158,53,53,0.5,0.6,0.7,1,2.48356456158,307.973069142,1,4.7,380.606674654,4.10571428571,c78266e43446c199
1101,14000130,75,1,258.102381343,175,68,1.85661352185,235.0265676,205.145266037,68,68,0.9,0.9,0.8,1,2.05145266037,307.973069142,1,4.7,380.606674654,4.10571428571,c78266e43446c199
1101,14000130,75,2,447.691994417,325,43,2.28234377721,194.133756186,304.853197411,43,43,0.7,0.5,0.4,1,3.04853197411,307.973069142,1,4.7,380.606674654,4.10571428571,c78266e43446c199
1101,14000130,75,3,166.267693242,425,47,1.69493046634,258.405216973,274.181177742,47,47,0.8,0.6,0.4,1,2.74181177742,307.973069142,1,4.7,380.606674654,4.10571428571,c78266e43446c199
1102,14000131,75,0,331.47509068,75,46,2.66341069278,239.814641538,286.231191369,46,46,0.7,0.5,0.7,1,2.86231191369,262.437154596,1,4,314.150523829,3.02833333333,d7074f62b1ea57a9
1102,14000131,75,1,296.260033346,425,45,2.10841987776,207.777736804,216.929452642,45,45,0.8,0.7,0.7,1,2.16929452642,262.437154596,1,4,314.150523829,3.02833333333,d7074f62b1ea57a9
1102,14000131,75,2,152.494236766,175,61,1.66310004331,257.792682351,224.334483,61,61,0.7,0.8,0.9,1,2.24334483,262.437154596,1,4,314.150523829,3.02833333333,d7074f62b1ea57a9
1102,14000131,75,3,124.019456937,325,55,1.75569334185,270.140176068,197.784794605,55,55,0.6,0.8,1,1,1.97784794605,262.437154596,1,4,314.150523829,3.02833333333,d7074f62b1ea57a9
1103,14000132,75,0,358.575763336,75,50,2.48399691288,242.371454849,242.659905516,50,50,0.7,0.6,0.8,1,2.42659905516,250.863878926,1,4,332.390480905,3.05333333333,a1c35b303b266813
1103,14000132,75,1,281.86379585,175,69,1.70578335028,167.971927497,188.658991763,69,69,0.9,1,1,1,1.88658991763,250.863878926,1,4,332.390480905,3.05333333333,a1c35b303b266813
1103,14000132,75,2,349.021131711,425,39,2.77335388083,279.385777328,251.878303541,39,39,0.5,0.7,0.8,1,2.51878303541,250.863878926,1,4,332.390480905,3.05333333333,a1c35b303b266813
1103,14000132,75,3,114.449769997,325,50,1.5851739484,175.411639126,245.45172529,50,50,0.7,0.7,0.8,1,2.4545172529,250.863878926,1,4,332.390480905,3.05333333333,a1c35b303b266813
1104,14000133,75,0,63.9025396997,425,34,2.52419240106,276.921376218,318.383640667,34,34,0.5,0.2,0.2,1,3.18383640667,243.826706727,1,3.4,275.890238777,4.5080952381,cd320212cc2cdb98
1104,14000133,75,1,223.362767327,175,67,1.56084028473,185.652932128,189.097648048,67,67,0.8,0.9,1,1,1.89097648048,243.826706727,1,3.4,275.890238777,4.5080952381,cd320212cc2cdb98
1104,14000133,75,2,496.384282863,75,30,1.9646583449,404.394860543,365.128572666,30,30,0.1,0.4,0.1,1,3.65128572666,243.826706727,1,3.4,275.890238777,4.5080952381,cd320212cc2cdb98
1104,14000133,75,3,61.8662018096,325,54,1.77068849028,220.413475508,264.193575519,54,54,0.8,0.8,1,1,2.64193575519,243.826706727,1,3.4,275.890238777,4.5080952381,cd320212cc2cdb98
1105,14000134,75,0,433.759043021,175,44,2.97603019282,244.096844476,278.006647434,44,44,0.7,0.6,0.6,1,2.78006647434,271.608392309,1,4.3,334.962552308,3.83095238095,afbdeaa42313d8d1
1105,14000134,75,1,450.333664604,325,38,1.60903112537,232.540097576,295.57095669,38,38,0.7,0.4,0.4,1,2.9557095669,271.608392309,1,4.3,334.962552308,3.83095238095,afbdeaa42313d8d1
1105,14000134,75,2,84.6735424385,75,30,2.85301792202,341.418747126,263.656153544,30,30,0.3,0.5,0.1,1,2.63656153544,271.608392309,1,4.3,334.962552308,3.83095238095,afbdeaa42313d8d1
1105,14000134,75,3,139.10447501,425,39,2.31557282293,239.290018831,261.564064804,39,39,0.7,0.5,0.4,1,2.61564064804,271.608392309,1,4.3,334.962552308,3.83095238095,afbdeaa42313d8d1
1106,14000135,75,0,57.3083595593,175,42,2.967959912,205.660475423,296.624992175,42,42,0.6,0.3,0.3,1,2.96624992175,288.015738986,1,5.5,458.069915671,3.90361111111,d3ad9956f537721d
1106,14000135,75,1,291.584689162,425,49,1.62565587746,282.652308807,253.302895475,49,49,0.6,0.7,0.7,1,2.53302895475,288.015738986,1,5.5,458.069915671,3.90361111111,d3ad9956f537721d
1106,14000135,75,2,188.590289829,325,60,2.41721037966,207.145429322,228.311062392,60,60,0.8,0.7,1,1,2.28311062392,288.015738986,1,5.5,458.069915671,3.90361111111,d3ad9956f537721d
1106,14000135,75,3,292.064951728,75,52,1.89806473117,222.461906764,244.74031263,52,52,0.9,0.7,0.7,1,2.4474031263,288.015738986,1,5.5,458.069915671,3.90361111111,d3ad9956f537721d
1107,14000136,75,0,35.6737583119,325,47,1.79580888106,206.676787305,193.51137541,47,47,0.8,0.6,0.7,1,1.9351137541,250.787696555,1,3.9,303.442830141,3.885,ec37ee8ccd4b6e98
1107,14000136,75,1,482.085975642,425,25,1.70997840744,327.027653024,403.555925958,25,25,0.3,0.2,0,1,4.03555925958,250.787696555,1,3.9,303.442830141,3.885,ec37ee8ccd4b6e98
1107,14000136,75,2,497.989393594,175,34,1.76394798738,345.45641459,395.779899108,34,34,0.4,0.2,0.1,1,3.95779899108,250.787696555,1,3.9,303.442830141,3.885,ec37ee8ccd4b6e98
1107,14000136,75,3,168.535489751,75,49,2.09377401886,252.826810022,240.890132659,49,49,0.5,0.6,0.8,1,2.40890132659,250.787696555,1,3.9,303.442830141,3.885,ec37ee8ccd4b6e98
1108,14000137,75,0,446.330124811,175,44,1.63694664824,158.14813704,252.277210877,44,44,0.8,0.8,0.8,1,2.52277210877,260.391361119,1,3.5,286.183721396,4.56333333333,9872fd3d9f15b464
1108,14000137,75,1,29.2690723383,325,42,2.65823914703,359.025597493,286.539361491,42,42,0.3,0.5,0.5,1,2.86539361491,260.391361119,1,3.5,286.183721396,4.56333333333,9872fd3d9f15b464
1108,14000137,75,2,485.159583084,75,25,2.14055591511,221.353797375,326.611021805,25,25,0.7,0.2,0.7,1,3.26611021805,260.391361119,1,3.5,286.183721396,4.56333333333,9872fd3d9f15b464
1108,14000137,75,3,109.025391713,425,47,2.44406598116,338.777931062,272.640943547,47,47,0.3,0.6,0.5,1,2.72640943547,260.391361119,1,3.5,286.183721396,4.56333333333,9872fd3d9f15b464
1109,14000138,75,0,367.405432236,325,57,2.54345014543,195.704263433,206.069480955,57,57,0.9,0.9,1,1,2.06069480955,184.169595678,1,3,220.268874998,3.19833333333,5b235ac55cc1e9d1
1109,14000138,75,1,127.849031406,75,46,2.96727741536,248.068096715,235.059388449,46,46,0.7,0.7,0.7,1,2.35059388449,184.169595678,1,3,220.268874998,3.19833333333,5b235ac55cc1e9d1
1109,14000138,75,2,139.481460634,425,44,1.52817477261,249.022817979,241.615947942,44,44,0.8,0.8,0.8,1,2.41615947942,184.169595678,1,3,220.268874998,3.19833333333,5b235ac55cc1e9d1
1109,14000138,75,3,346.601704512,175,58,2.46216190379,176.022898251,194.305396184,58,58,0.8,0.9,1,1,1.94305396184,184.169595678,1,3,220.268874998,3.19833333333,5b235ac55cc1e9d1
1110,14000139,75,0,197.58896188,75,49,1.59409878787,256.434307148,255.681061285,49,49,0.5,0.7,0.4,1,2.55681061285,325.235372176,1,4.7,378.384437591,3.83761904762,17ba550e1b1dc8d1
1110,14000139,75,1,56.1017605226,325,48,1.90152354439,226.986526127,328.563523993,48,48,0.5,0.5,0.4,1,3.28563523993,325.235372176,1,4.7,378.384437591,3.83761904762,17ba550e1b1dc8d1
1110,14000139,75,2,377.00566256,175,55,2.87373356473,285.697727738,154.894627054,55,55,0.5,1,0.8,1,1.54894627054,325.235372176,1,4.7,378.384437591,3.83761904762,17ba550e1b1dc8d1
1110,14000139,75,3,98.6461573349,425,42,2.85815844824,235.779789763,339.920357772,42,42,0.5,0.4,0.1,1,3.39920357772,325.235372176,1,4.7,378.384437591,3.83761904762,17ba550e1b1dc8d1
1111,14000140,75,0,102.105399709,325,52,1.70826631008,257.720234914,225.553530074,52,52,0.6,0.7,0.5,1,2.25553530074,230.129632594,1,4.1,300.835485069,3.41,4ba14fe0168475dd
1111,14000140,75,1,448.980690603,425,31,2.5074056749,341.156804112,276.856243675,31,31,0.2,0.4,0.3,1,2.76856243675,230.129632594,1,4.1,300.835485069,3.41,4ba14fe0168475dd
1111,14000140,75,2,374.924751196,175,53,2.84589235139,198.872643979,254.946178864,53,53,0.7,0.8,0.8,1,2.54946178864,230.129632594,1,4.1,300.835485069,3.41,4ba14fe0168475dd
1111,14000140,75,3,159.261050328,75,43,2.48939991966,240.113690125,274.100019711,43,43,0.8,0.5,0.7,1,2.74100019711,230.129632594,1,4.1,300.835485069,3.41,4ba14fe0168475dd
1112,14000141,75,0,89.2207627926,425,32,2.9793095601,319.947925876,319.532630007,32,32,0.2,0.4,0.1,1,3.19532630007,304.671791443,1,4.6,354.107995831,3.66142857143,45da55acb8a72098
1112,14000141,75,1,19.9323958644,175,47,2.23208301777,245.647790432,366.083861586,47,47,0.7,0.4,0.6,1,3.66083861586,304.671791443,1,4.6,354.107995831,3.66142857143,45da55acb8a72098
1112,14000141,75,2,273.975206303,75,52,1.74791712327,224.763903301,257.784766578,52,52,0.8,0.5,0.6,1,2.57784766578,304.671791443,1,4.6,354.107995831,3.66142857143,45da55acb8a72098
1112,14000141,75,3,226.783681358,325,61,1.90512625979,257.936092243,236.015438953,61,61,0.6,0.7,0.9,1,2.36015438953,304.671791443,1,4.6,354.107995831,3.66142857143,45da55acb8a72098
1113,14000142,75,0,363.21894667,75,41,2.79548848717,270.522609883,246.295446237,41,41,0.4,0.8,0.7,1,2.46295446237,220.152681471,1,3.5,287.250732845,3.91166666667,7364cee0bf21e1bd
1113,14000142,75,1,83.6565138599,175,49,2.89649499392,193.652674139,162.745781988,49,49,0.9,0.8,0.8,1,1.62745781988,220.152681471,1,3.5,287.250732845,3.91166666667,7364cee0bf21e1bd
1113,14000142,75,2,112.734058222,325,51,2.3249611395,156.709308898,196.225528311,51,51,0.9,0.9,0.8,1,1.96225528311,220.152681471,1,3.5,287.250732845,3.91166666667,7364cee0bf21e1bd
1113,14000142,75,3,478.269573989,425,34,1.73623782967,355.712917684,364.013631863,34,34,0.3,0.2,0.5,1,3.64013631863,220.152681471,1,3.5,287.250732845,3.91166666667,7364cee0bf21e1bd
1114,14000143,75,0,103.729005895,425,45,2.48859186889,239.675254296,245.505632362,45,45,0.8,0.7,0.8,1,2.45505632362,264.985147208,1,3.8,304.918513772,4.37166666667,40a7b6e09e14ec09
1114,14000143,75,1,8.07335810952,175,38,1.67805989454,332.542847545,229.491999617,38,38,0.3,0.6,0.5,1,2.29491999617,264.985147208,1,3.8,304.918513772,4.37166666667,40a7b6e09e14ec09
1114,14000143,75,2,339.860932547,325,59,2.3702024319,136.435771194,263.88375311,59,59,0.8,0.7,0.8,1,2.6388375311,264.985147208,1,3.8,304.918513772,4.37166666667,40a7b6e09e14ec09
1114,14000143,75,3,403.171744022,75,33,2.39840887145,331.936734644,339.550025943,33,33,0.3,0.3,0.5,1,3.39550025943,264.985147208,1,3.8,304.918513772,4.37166666667,40a7b6e09e14ec09
1115,14000144,75,0,183.878934309,425,51,2.51583301412,251.390405321,255.963546154,51,51,0.6,0.6,0.7,1,2.55963546154,244.163101083,1,3.4,295.752812755,5.05666666667,14f0d4a2a3d5885c
1115,14000144,75,1,379.230231703,325,55,1.70863611232,268.375400503,203.194763114,55,55,0.7,0.7,0.8,1,2.03194763114,244.163101083,1,3.4,295.752812755,5.05666666667,14f0d4a2a3d5885c
1115,14000144,75,2,407.238888041,75,42,2.31598636649,280.934131543,262.270312144,42,42,0.5,0.7,0.8,1,2.62270312144,244.163101083,1,3.4,295.752812755,5.05666666667,14f0d4a2a3d5885c
1115,14000144,75,3,83.3512362814,175,54,2.56255850966,180.533944318,224.878536341,54,54,0.9,0.6,0.9,1,2.24878536341,244.163101083,1,3.4,295.752812755,5.05666666667,14f0d4a2a3d5885c
1116,14000145,75,0,277.178764415,425,51,2.29440855119,206.870315773,257.460660036,51,51,0.7,0.7,0.6,1,2.57460660036,244.664557875,1,3.8,296.901449048,3.07,798706b626d17a30
1116,14000145,75,1,323.642309583,325,63,2.60163218231,187.217562505,210.781219283,63,63,0.8,0.8,1,1,2.10781219283,244.664557875,1,3.8,296.901449048,3.07,798706b626d17a30
1116,14000145,75,2,198.129594636,75,51,1.50267149887,290.879041063,254.19090595,51,51,0.4,0.6,0.6,1,2.5419090595,244.664557875,1,3.8,296.901449048,3.07,798706b626d17a30
1116,14000145,75,3,201.558283061,175,63,2.49832034014,240.569065962,224.012386171,63,63,0.8,0.7,0.8,1,2.24012386171,244.664557875,1,3.8,296.901449048,3.07,798706b626d17a30
1117,14000146,75,0,148.678916183,325,56,2.41981757373,159.919975732,262.584693952,56,56,0.9,0.6,0.7,1,2.62584693952,255.323427966,1,3.7,302.762275947,3.99857142857,e02825cff72fe290
1117,14000146,75,1,200.065504586,175,64,2.03686811133,216.589872517,228.797880931,64,64,0.9,0.8,0.8,1,2.28797880931,255.323427966,1,3.7,302.762275947,3.99857142857,e02825cff72fe290
1117,14000146,75,2,455.780515526,75,31,2.56613580027,385.133205446,294.086360319,31,31,0.2,0.4,0.3,1,2.94086360319,255.323427966,1,3.7,302.762275947,3.99857142857,e02825cff72fe290
1117,14000146,75,3,444.388906927,425,32,2.13397524174,286.391618307,331.205521006,32,32,0.6,0.4,0.3,1,3.31205521006,255.323427966,1,3.7,302.762275947,3.99857142857,e02825cff72fe290
1118,14000147,75,0,322.661919485,175,59,1.82892482169,189.565089086,220.194270024,59,59,0.9,0.7,0.9,1,2.20194270024,268.434064775,1,4.1,322.520761921,3.74333333333,909d7aa5c5fac44b
1118,14000147,75,1,71.7403593611,425,42,2.56745489976,289.938677621,294.932802226,42,42,0.4,0.5,0.5,1,2.94932802226,268.434064775,1,4.1,322.520761921,3.74333333333,909d7aa5c5fac44b
1118,14000147,75,2,351.422776259,325,57,2.78721256799,175.698146055,235.281416277,57,57,0.8,0.7,0.9,1,2.35281416277,268.434064775,1,4.1,322.520761921,3.74333333333,909d7aa5c5fac44b
1118,14000147,75,3,169.470652354,75,47,2.66942721597,239.872554173,252.140593438,47,47,0.7,0.7,0.8,1,2.52140593438,268.434064775,1,4.1,322.520761921,3.74333333333,909d7aa5c5fac44b
1119,14000148,75,0,375.652708266,75,47,2.89781433966,278.197727091,244.777379102,47,47,0.6,0.5,0.5,1,2.44777379102,254.452104962,0.8,3.2,298.783516433,4.2,84e55670146fde78
1119,14000148,75,1,88.7293547367,425,32,1.90059809979,278.374273464,324.457834659,32,32,0.6,0.4,0.2,1,3.24457834659,254.452104962,0.8,3.2,298.783516433,4.2,84e55670146fde78
1119,14000148,75,2,227.856341606,325,60,1.91472655029,198.666533977,228.761788092,60,60,0.9,0.7,0.6,1,2.28761788092,254.452104962,0.8,3.2,298.783516433,4.2,84e55670146fde78
1119,14000148,75,3,493.010958173,175,45,2.89674291304,289.73018295,304.945962616,45,45,0.5,0.4,0.5,1,3.04945962616,254.452104962,0.8,3.2,298.783516433,4.2,84e55670146fde78
1120,14000149,75,0,245.152550794,325,66,1.89308508674,124.675923767,191.821778975,66,66,1,0.9,1,1,1.91821778975,172.443284924,1,2.6,198.162138615,3.74,5c8ed8f0dfd2c96b
1120,14000149,75,1,435.466285658,75,33,1.73981262524,338.373706592,249.986335666,33,33,0.3,0.6,0.7,1,2.49986335666,172.443284924,1,2.6,198.162138615,3.74,5c8ed8f0dfd2c96b
1120,14000149,75,2,373.925905509,425,45,2.22377620852,174.163520194,183.225684107,45,45,0.8,0.8,0.8,1,1.83225684107,172.443284924,1,2.6,198.162138615,3.74,5c8ed8f0dfd2c96b
1120,14000149,75,3,198.90348198,175,65,1.71880268263,192.677983211,238.632413147,65,65,1,0.9,1,1,2.38632413147,172.443284924,1,2.6,198.162138615,3.74,5c8ed8f0dfd2c96b
1121,14000150,75,0,353.14790481,75,39,2.9899043546,247.03674674,325.067919242,39,39,0.6,0.4,0.5,1,3.25067919242,312.083140506,1,4.7,361.318926023,3.27642857143,4449c480c618ac42
1121,14000150,75,1,138.998464882,325,55,1.98245680981,256.518548035,202.241682076,55,55,0.6,0.9,0.9,1,2.02241682076,312.083140506,1,4.7,361.318926023,3.27642857143,4449c480c618ac42
1121,14000150,75,2,107.320505685,175,46,2.33912677919,278.88660593,247.196476717,46,46,0.6,0.6,0.4,1,2.47196476717,312.083140506,1,4.7,361.318926023,3.27642857143,4449c480c618ac42
1121,14000150,75,3,325.896430509,425,46,2.00050722851,272.837322328,225.562581106,46,46,0.7,0.8,0.8,1,2.25562581106,312.083140506,1,4.7,361.318926023,3.27642857143,4449c480c618ac42
1122,14000151,75,0,428.26208755,325,45,1.52436639099,204.345673079,260.010212675,45,45,0.8,0.6,0.4,1,2.60010212675,298.334054937,1,5.3,422.224070608,3.79166666667,1bd4202763c68d8a
1122,14000151,75,1,493.95435357,425,33,2.56192833667,272.107736606,344.611696597,33,33,0.7,0.5,0.3,1,3.44611696597,298.334054937,1,5.3,422.224070608,3.79166666667,1bd4202763c68d8a
1122,14000151,75,2,174.228441313,75,46,2.51799123248,315.501848211,241.396516878,46,46,0.4,0.7,0.6,1,2.41396516878,298.334054937,1,5.3,422.224070608,3.79166666667,1bd4202763c68d8a
1122,14000151,75,3,105.088978714,175,48,2.47119286475,308.694234542,216.171746628,48,48,0.2,0.8,0.7,1,2.16171746628,298.334054937,1,5.3,422.224070608,3.79166666667,1bd4202763c68d8a
1123,14000152,75,0,205.590251967,75,47,2.30561447282,213.957660883,234.515621034,47,47,0.8,0.6,0.9,1,2.34515621034,257.199463496,0.9,3.3,291.107127164,4.03888888889,23fd41fd883df2f6
1123,14000152,75,1,404.283844484,325,47,2.03677322939,289.836041666,199.215032046,47,47,0.5,0.8,0.4,1,1.99215032046,257.199463496,0.9,3.3,291.107127164,4.03888888889,23fd41fd883df2f6
1123,14000152,75,2,409.597077768,425,36,2.06374320469,340.666512104,265.694871231,36,36,0.2,0.6,0.4,1,2.65694871231,257.199463496,0.9,3.3,291.107127164,4.03888888889,23fd41fd883df2f6
1123,14000152,75,3,116.858724278,175,60,2.49208300447,165.693400621,248.74288456,60,60,1,0.6,0.9,1,2.4874288456,257.199463496,0.9,3.3,291.107127164,4.03888888889,23fd41fd883df2f6
1124,14000153,75,0,45.9145440959,75,27,1.98942685297,308.003382534,301.556414482,27,27,0.4,0.4,0.6,1,3.01556414482,186.924378793,1,2.7,202.22472893,4.205,2ebfd5fdda8671d8
1124,14000153,75,1,343.102079288,175,55,1.95282220093,247.047251505,245.063854477,55,55,0.6,0.7,1,1,2.45063854477,186.924378793,1,2.7,202.22472893,4.205,2ebfd5fdda8671d8
1124,14000153,75,2,56.2708666149,325,51,2.40037264396,179.025335567,215.32822672,51,51,0.9,0.7,0.8,1,2.1532822672,186.924378793,1,2.7,202.22472893,4.205,2ebfd5fdda8671d8
1124,14000153,75,3,423.42722424,425,41,1.56667627323,282.727781472,297.419290407,41,41,0.5,0.4,0.7,1,2.97419290407,186.924378793,1,2.7,202.22472893,4.205,2ebfd5fdda8671d8
1125,14000154,75,0,45.7003184218,425,33,1.80484384427,306.35281993,315.01046755,33,33,0.4,0.4,0.7,1,3.1501046755,264.977550988,1,3.9,316.935245214,4.43,44be8f02dec4643
1125,14000154,75,1,60.4997758956,325,51,1.93379062463,262.555904231,260.035740387,51,51,0.8,1,0.8,1,2.60035740387,264.977550988,1,3.9,316.935245214,4.43,44be8f02dec4643
1125,14000154,75,2,418.439831123,175,49,2.28919862851,241.634135841,228.418613174,49,49,0.7,0.7,0.7,1,2.28418613174,264.977550988,1,3.9,316.935245214,4.43,44be8f02dec4643
1125,14000154,75,3,275.587880859,75,50,2.27143100827,223.213054151,215.580384634,50,50,0.7,0.9,0.7,1,2.15580384634,264.977550988,1,3.9,316.935245214,4.43,44be8f02dec4643
1126,14000155,75,0,374.159435249,325,58,1.92085529726,226.640403629,221.855513948,58,58,0.7,0.9,0.9,1,2.21855513948,278.222006019,1,3.8,301.58432381,3.85,cb1c517a1e15b34d
1126,14000155,75,1,10.0686518206,425,30,2.29627906493,380.699232834,290.462884203,30,30,0.1,0.5,0.5,1,2.90462884203,278.222006019,1,3.8,301.58432381,3.85,cb1c517a1e15b34d
1126,14000155,75,2,278.783200359,75,47,1.98522353766,156.148131708,276.779114877,47,47,1,0.6,0.7,1,2.76779114877,278.222006019,1,3.8,301.58432381,3.85,cb1c517a1e15b34d
1126,14000155,75,3,157.573638902,175,57,2.05940155853,166.269510326,211.084423885,57,57,0.9,0.7,1,1,2.11084423885,278.222006019,1,3.8,301.58432381,3.85,cb1c517a1e15b34d
1127,14000156,75,0,286.150041448,325,66,2.19392466164,162.553002473,196.488433519,66,66,1,0.9,1,1,1.96488433519,268.393565731,1,3.6,308.651262707,4.3,c946adbcdf9d2e58
1127,14000156,75,1,133.903135479,425,44,1.9459979046,228.07828386,258.507383885,44,44,0.7,0.6,0.8,1,2.58507383885,268.393565731,1,3.6,308.651262707,4.3,c946adbcdf9d2e58
1127,14000156,75,2,88.8614084774,175,49,1.67959485917,269.100883519,181.847057088,49,49,0.7,0.7,0.8,1,1.81847057088,268.393565731,1,3.6,308.651262707,4.3,c946adbcdf9d2e58
1127,14000156,75,3,310.345892398,75,49,2.24821437928,268.589579968,216.012811739,49,49,0.5,0.8,0.6,1,2.16012811739,268.393565731,1,3.6,308.651262707,4.3,c946adbcdf9d2e58
1128,14000157,75,0,465.810983134,425,33,2.81922305905,248.824287344,295.378229743,33,33,0.7,0.5,0.6,1,2.95378229743,245.602373127,1,3.4,268.326572248,3.53095238095,fa39c4db770f0ef1
1128,14000157,75,1,85.0434525267,325,49,2.19758319691,230.392240533,257.876748139,49,49,0.7,0.7,0.8,1,2.57876748139,245.602373127,1,3.4,268.326572248,3.53095238095,fa39c4db770f0ef1
1128,14000157,75,2,318.462705924,75,45,2.08861093004,282.896432677,248.943728325,45,45,0.6,0.6,0.4,1,2.48943728325,245.602373127,1,3.4,268.326572248,3.53095238095,fa39c4db770f0ef1
1128,14000157,75,3,109.241033433,175,52,1.98601376224,256.557672649,251.088278363,52,52,0.6,0.6,0.9,1,2.51088278363,245.602373127,1,3.4,268.326572248,3.53095238095,fa39c4db770f0ef1
1129,14000158,75,0,347.861088073,75,46,2.86272249194,260.925800356,237.864967341,46,46,0.6,0.7,0.9,1,2.37864967341,272.084201566,1,4,327.478089467,3.57333333333,3bec98da21dbae2d
1129,14000158,75,1,148.207810771,325,53,2.71292592219,220.019891477,258.667909489,53,53,0.7,0.6,0.9,1,2.58667909489,272.084201566,1,4,327.478089467,3.57333333333,3bec98da21dbae2d
1129,14000158,75,2,236.29260536,425,50,1.97819764822,260.763036439,242.524019896,50,50,0.7,0.6,0.8,1,2.42524019896,272.084201566,1,4,327.478089467,3.57333333333,3bec98da21dbae2d
1129,14000158,75,3,463.688984099,175,41,2.54003636866,301.541841629,209.704153193,41,41,0.4,0.8,0.7,1,2.09704153193,272.084201566,1,4,327.478089467,3.57333333333,3bec98da21dbae2d
1130,14000159,75,0,216.754974568,175,63,1.76536810154,190.936325798,201.530256675,63,63,0.8,0.8,1,1,2.01530256675,297.755898448,1,4.6,348.199805482,3.5030952381,11778c33d550e2fd
1130,14000159,75,1,479.122734046,425,27,2.81623343352,398.402672794,337.606347505,27,27,0.2,0.4,0,1,3.37606347505,297.755898448,1,4.6,348.199805482,3.5030952381,11778c33d550e2fd
1130,14000159,75,2,59.8806234239,75,35,1.68656265079,243.962217612,300.582067552,35,35,0.7,0.3,0.5,1,3.00582067552,297.755898448,1,4.6,348.199805482,3.5030952381,11778c33d550e2fd
1130,14000159,75,3,309.519888935,325,63,1.95973870332,250.572317243,195.630008406,63,63,0.7,0.9,1,1,1.95630008406,297.755898448,1,4.6,348.199805482,3.5030952381,11778c33d550e2fd
1131,14000160,75,0,0.336723618718,325,44,2.01782076343,257.140441426,294.340420967,44,44,0.6,0.5,0.6,1,2.94340420967,258.882389567,1,3.7,301.601861367,3.46166666667,41ab037f4907c713
1131,14000160,75,1,294.490543571,75,46,1.8828560909,180.432751354,307.299922001,46,46,1,0.4,0.8,1,3.07299922001,258.882389567,1,3.7,301.601861367,3.46166666667,41ab037f4907c713
1131,14000160,75,2,381.127746174,425,40,1.64328294631,338.785568931,166.413203163,40,40,0.4,0.8,0.7,1,1.66413203163,258.882389567,1,3.7,301.601861367,3.46166666667,41ab037f4907c713
1131,14000160,75,3,118.221098792,175,55,2.60654935316,125.248934121,258.769857585,55,55,0.9,0.6,0.9,1,2.58769857585,258.882389567,1,3.7,301.601861367,3.46166666667,41ab037f4907c713
1132,14000161,75,0,218.10788832,325,64,2.31182845252,157.369988724,258.200755002,64,64,1,0.8,0.8,1,2.58200755002,299.789302985,0.8,3.6,338.744580727,3.65625,d0b0bea070a7cca3
1132,14000161,75,1,261.780977732,175,63,1.69287247696,212.58035328,260.435413169,63,63,0.9,0.5,0.7,1,2.60435413169,299.789302985,0.8,3.6,338.744580727,3.65625,d0b0bea070a7cca3
1132,14000161,75,2,217.844065647,75,46,2.05962909683,271.107061422,306.602791589,46,46,0.6,0.5,0.4,1,3.06602791589,299.789302985,0.8,3.6,338.744580727,3.65625,d0b0bea070a7cca3
1132,14000161,75,3,454.300492804,425,41,2.43742968458,288.448812632,309.930262777,41,41,0.7,0.5,0.3,1,3.09930262777,299.789302985,0.8,3.6,338.744580727,3.65625,d0b0bea070a7cca3
1133,14000162,75,0,466.147203253,75,32,2.50403105925,377.286243302,357.335179989,32,32,0.3,0.4,0.2,1,3.57335179989,277.574070279,1,4.3,345.758310847,2.90571428571,7633ba9570278a5a
1133,14000162,75,1,9.61598692988,425,34,2.79095118116,299.244187301,284.328179037,34,34,0.5,0.6,0.4,1,2.84328179037,277.574070279,1,4.3,345.758310847,2.90571428571,7633ba9570278a5a
1133,14000162,75,2,101.127923735,325,56,2.82805664525,223.654043234,206.38562245,56,56,0.9,0.9,0.9,1,2.0638562245,277.574070279,1,4.3,345.758310847,2.90571428571,7633ba9570278a5a
1133,14000162,75,3,345.515389102,175,54,2.01990444837,265.536255876,243.194338544,54,54,0.4,0.6,0.5,1,2.43194338544,277.574070279,1,4.3,345.758310847,2.90571428571,7633ba9570278a5a
1134,14000163,75,0,218.363762669,175,65,2.30678763851,168.26666369,220.746361396,65,65,1,0.8,1,1,2.20746361396,320.562368496,1,4.4,360.138124443,4.70333333333,3adbc457603bc92
1134,14000163,75,1,406.106623651,425,37,1.50307926502,297.205295776,306.653269848,37,37,0.5,0.3,0.4,1,3.06653269848,320.562368496,1,4.4,360.138124443,4.70333333333,3adbc457603bc92
1134,14000163,75,2,361.49020008,75,45,2.47205287367,235.453850606,320.593943524,45,45,0.7,0.5,0.4,1,3.20593943524,320.562368496,1,4.4,360.138124443,4.70333333333,3adbc457603bc92
1134,14000163,75,3,151.521272842,325,59,1.89847090725,192.281488797,191.41558888,59,59,0.8,0.9,1,1,1.9141558888,320.562368496,1,4.4,360.138124443,4.70333333333,3adbc457603bc92
1135,14000164,75,0,495.388098093,175,42,2.02088775287,286.76328844,313.44070925,42,42,0.6,0.6,0.5,1,3.1344070925,266.92446991,1,4.1,324.898299987,3.71,facf326679a33ec2
1135,14000164,75,1,0.955359818388,425,23,1.86477526642,371.108194099,341.908323399,23,23,0.2,0.3,0.3,1,3.41908323399,266.92446991,1,4.1,324.898299987,3.71,facf326679a33ec2
1135,14000164,75,2,439.789280583,75,32,1.53176147262,254.769342511,296.624554489,32,32,0.5,0.5,0.3,1,2.96624554489,266.92446991,1,4.1,324.898299987,3.71,facf326679a33ec2
1135,14000164,75,3,96.192897219,325,46,2.89689746307,261.899972508,224.523136419,46,46,0.6,0.8,0.7,1,2.24523136419,266.92446991,1,4.1,324.898299987,3.71,facf326679a33ec2
1136,14000165,75,0,147.924674676,75,41,1.83501965403,267.576156533,274.471459339,41,41,0.5,0.6,0.5,1,2.74471459339,257.382344837,1,4.5,350.979020582,3.61476190476,69b9acfca852260f
1136,14000165,75,1,77.830650701,325,43,2.9855619285,246.626252658,268.707691411,43,43,0.5,0.5,0.6,1,2.68707691411,257.382344837,1,4.5,350.979020582,3.61476190476,69b9acfca852260f
1136,14000165,75,2,344.463991147,175,56,2.80313584559,242.111513118,211.600020868,56,56,0.8,0.8,0.9,1,2.11600020868,257.382344837,1,4.5,350.979020582,3.61476190476,69b9acfca852260f
1136,14000165,75,3,407.408230445,425,42,2.30504236651,273.658887356,261.434301197,42,42,0.5,0.6,0.5,1,2.61434301197,257.382344837,1,4.5,350.979020582,3.61476190476,69b9acfca852260f
1137,14000166,75,0,395.700316107,75,35,2.3299204966,326.055082719,297.29863095,35,35,0.3,0.5,0.3,1,2.9729863095,281.328814417,1,3.8,314.74853076,4.18452380952,748658043aa09935
1137,14000166,75,1,401.379620534,175,45,2.59697675089,259.087433182,277.736835742,45,45,0.6,0.5,0.9,1,2.77736835742,281.328814417,1,3.8,314.74853076,4.18452380952,748658043aa09935
1137,14000166,75,2,115.967236198,425,49,2.47124613424,249.906776793,235.624787963,49,49,0.7,0.7,0.8,1,2.35624787963,281.328814417,1,3.8,314.74853076,4.18452380952,748658043aa09935
1137,14000166,75,3,158.390704938,325,61,2.84215800233,214.756359926,175.267050463,61,61,0.8,1,1,1,1.75267050463,281.328814417,1,3.8,314.74853076,4.18452380952,748658043aa09935
1138,14000167,75,0,379.418168516,425,39,1.61641592326,311.009909449,333.291795703,39,39,0.3,0.4,0.4,1,3.33291795703,283.167456256,1,4.3,340.352568798,3.03583333333,4bc19f4db5a5f232
1138,14000167,75,1,425.119024251,175,44,2.59727157432,267.093097569,285.088363843,44,44,0.7,0.6,0.5,1,2.85088363843,283.167456256,1,4.3,340.352568798,3.03583333333,4bc19f4db5a5f232
1138,14000167,75,2,105.47112076,75,44,1.88761199416,258.089459349,218.763968536,44,44,0.4,0.7,0.7,1,2.18763968536,283.167456256,1,4.3,340.352568798,3.03583333333,4bc19f4db5a5f232
1138,14000167,75,3,26.9982676966,325,42,2.54333469537,284.311570033,257.708366248,42,42,0.6,0.7,0.5,1,2.57708366248,283.167456256,1,4.3,340.352568798,3.03583333333,4bc19f4db5a5f232
1139,14000168,75,0,110.713025897,75,40,2.19818356567,261.730166453,300.289749179,40,40,0.6,0.4,0.4,1,3.00289749179,273.150283464,1,3.9,314.825137183,3.10047619048,4b6262ac677fee8a
1139,14000168,75,1,463.557218055,325,43,2.21485835455,279.69295942,291.222415884,43,43,0.5,0.6,0.5,1,2.91222415884,273.150283464,1,3.9,314.825137183,3.10047619048,4b6262ac677fee8a
1139,14000168,75,2,137.17191954,425,39,2.72649250069,283.770855669,254.342794367,39,39,0.5,0.6,0.4,1,2.54342794367,273.150283464,1,3.9,314.825137183,3.10047619048,4b6262ac677fee8a
1139,14000168,75,3,415.244798296,175,49,2.62768514993,247.104740784,245.024699045,49,49,0.7,0.5,0.7,1,2.45024699045,273.150283464,1,3.9,314.825137183,3.10047619048,4b6262ac677fee8a
1140,14000169,75,0,336.543726955,325,57,2.18080894186,198.327463441,249.231479772,57,57,0.9,0.8,0.9,1,2.49231479772,261.328300032,1,3.8,311.195827362,4.17833333333,d4e4b8101510ab30
1140,14000169,75,1,407.695079066,425,39,1.59580559815,280.055112994,337.220667808,39,39,0.6,0.3,0.5,1,3.37220667808,261.328300032,1,3.8,311.195827362,4.17833333333,d4e4b8101510ab30
1140,14000169,75,2,21.5505527107,75,32,2.31352617825,295.046780504,278.178834421,32,32,0.5,0.4,0.6,1,2.78178834421,261.328300032,1,3.8,311.195827362,4.17833333333,d4e4b8101510ab30
1140,14000169,75,3,31.0701067259,175,50,2.6464503017,258.367945027,223.974156576,50,50,0.8,0.7,0.7,1,2.23974156576,261.328300032,1,3.8,311.195827362,4.17833333333,d4e4b8101510ab30
1141,14000170,75,0,389.069878801,175,56,2.83770182394,215.214962701,222.739533038,56,56,0.8,0.9,0.7,1,2.22739533038,251.160472993,0.9,3.6,307.187551584,3.30264550265,62a8b5b6c73fd942
1141,14000170,75,1,137.2561747,425,47,2.80057592907,249.474611813,293.699943202,47,47,0.6,0.4,0.5,1,2.93699943202,251.160472993,0.9,3.6,307.187551584,3.30264550265,62a8b5b6c73fd942
1141,14000170,75,2,86.7498396687,75,38,2.97894728159,331.387115185,288.642512575,38,38,0.3,0.5,0.4,1,2.88642512575,251.160472993,0.9,3.6,307.187551584,3.30264550265,62a8b5b6c73fd942
1141,14000170,75,3,493.937434943,325,36,2.81618378504,285.459949834,271.367209154,36,36,0.7,0.5,0.7,1,2.71367209154,251.160472993,0.9,3.6,307.187551584,3.30264550265,62a8b5b6c73fd942
1142,14000171,75,0,154.504660138,175,59,1.87685964924,222.100954088,198.833038744,59,59,0.7,0.8,1,1,1.98833038744,233.552599498,1,3.4,258.019255184,3.18333333333,e6746ac78254c847
1142,14000171,75,1,90.9905015976,425,36,2.47377576021,310.617222513,193.23661888,36,36,0.5,0.8,0.7,1,1.9323661888,233.552599498,1,3.4,258.019255184,3.18333333333,e6746ac78254c847
1142,14000171,75,2,434.491771999,75,37,2.83815209492,242.714581275,363.614349524,37,37,0.7,0.3,0.2,1,3.63614349524,233.552599498,1,3.4,258.019255184,3.18333333333,e6746ac78254c847
1142,14000171,75,3,337.855683171,325,64,2.816657943,173.377862065,217.626163698,64,64,1,0.9,1,1,2.17626163698,233.552599498,1,3.4,258.019255184,3.18333333333,e6746ac78254c847
1143,14000172,75,0,28.3141885662,425,28,2.70681633479,287.786114362,334.460553953,28,28,0.6,0.4,0.3,1,3.34460553953,264.784611916,1,4,305.761069652,4.96333333333,9fdca32095475937
1143,14000172,75,1,438.270180786,325,48,2.40909782678,277.831790976,219.942043145,48,48,0.6,0.7,0.6,1,2.19942043145,264.784611916,1,4,305.761069652,4.96333333333,9fdca32095475937
1143,14000172,75,2,180.459550139,75,49,1.77482957397,213.831513495,221.756676999,49,49,0.7,0.7,0.9,1,2.21756676999,264.784611916,1,4,305.761069652,4.96333333333,9fdca32095475937
1143,14000172,75,3,248.628504985,175,65,2.01688687199,158.008282041,162.923919467,65,65,0.9,1,1,1,1.62923919467,264.784611916,1,4,305.761069652,4.96333333333,9fdca32095475937
1144,14000173,75,0,112.765586,325,51,2.33055589274,212.465090991,213.828164184,51,51,0.8,0.7,0.9,1,2.13828164184,231.773004337,1,3.6,279.929285388,3.195,354bf324949fac71
1144,14000173,75,1,415.79094014,425,29,2.10177022487,324.224793361,279.152687022,29,29,0.4,0.5,0.4,1,2.79152687022,231.773004337,1,3.6,279.929285388,3.195,354bf324949fac71
1144,14000173,75,2,141.674388772,75,47,2.02784778764,233.03035682,312.844346762,47,47,0.8,0.4,0.5,1,3.12844346762,231.773004337,1,3.6,279.929285388,3.195,354bf324949fac71
1144,14000173,75,3,310.667936471,175,58,2.3963364137,195.846749238,244.743109654,58,58,0.8,0.7,0.8,1,2.44743109654,231.773004337,1,3.6,279.929285388,3.195,354bf324949fac71
1145,14000174,75,0,97.5795086451,75,32,2.93555403083,261.532396664,272.812238171,32,32,0.6,0.5,0.3,1,2.72812238171,300.883780349,1,4.5,361.797460001,3.68476190476,c55fac694963dae0
1145,14000174,75,1,465.107165417,425,26,1.55622815437,378.700270986,327.109601038,26,26,0.2,0.4,0.1,1,3.27109601038,300.883780349,1,4.5,361.797460001,3.68476190476,c55fac694963dae0
1145,14000174,75,2,488.972479302,175,28,2.63565133702,351.679827393,356.628325346,28,28,0.3,0.3,0.2,1,3.56628325346,300.883780349,1,4.5,361.797460001,3.68476190476,c55fac694963dae0
1145,14000174,75,3,10.0159069235,325,43,2.36595790284,248.593121027,268.947217597,43,43,0.8,0.6,0.5,1,2.68947217597,300.883780349,1,4.5,361.797460001,3.68476190476,c55fac694963dae0
1146,14000175,75,0,119.889574054,75,42,2.16891479349,344.298906637,265.613330454,42,42,0.4,0.8,0.2,1,2.65613330454,228.829375693,1,3.6,267.982308827,3.20333333333,33a8bc1aba3e231b
1146,14000175,75,1,358.466323473,325,58,2.98817280166,212.101827652,223.534434704,58,58,0.8,0.8,1,1,2.23534434704,228.829375693,1,3.6,267.982308827,3.20333333333,33a8bc1aba3e231b
1146,14000175,75,2,178.644337539,425,49,2.32068999879,173.66053477,243.824696032,49,49,0.8,0.7,0.9,1,2.43824696032,228.829375693,1,3.6,267.982308827,3.20333333333,33a8bc1aba3e231b
1146,14000175,75,3,418.482698769,175,48,2.60798451493,288.179187837,234.864334611,48,48,0.4,0.7,0.6,1,2.34864334611,228.829375693,1,3.6,267.982308827,3.20333333333,33a8bc1aba3e231b
1147,14000176,75,0,356.161335974,175,55,2.6260805621,213.251978061,227.887355845,55,55,0.8,0.7,0.8,1,2.27887355845,240.265842552,1,4.4,339.451253737,3.69333333333,15cb13ab1c29974f
1147,14000176,75,1,107.969481354,325,51,2.84996926191,242.999463554,231.728682447,51,51,0.6,0.6,0.7,1,2.31728682447,240.265842552,1,4.4,339.451253737,3.69333333333,15cb13ab1c29974f
1147,14000176,75,2,63.8547472788,425,40,2.76470859189,307.025970115,282.516805875,40,40,0.4,0.6,0.5,1,2.82516805875,240.265842552,1,4.4,339.451253737,3.69333333333,15cb13ab1c29974f
1147,14000176,75,3,382.290509402,75,42,1.5343978219,288.443745534,289.578088634,42,42,0.5,0.5,0.5,1,2.89578088634,240.265842552,1,4.4,339.451253737,3.69333333333,15cb13ab1c29974f
1148,14000177,75,0,316.363189849,175,65,2.52180547072,184.448105702,165.614424865,65,65,1,0.9,1,1,1.65614424865,194.560425785,1,2.8,207.282988536,3.52833333333,5fb78579e305d299
1148,14000177,75,1,488.98983336,75,30,2.75019603849,292.594077634,267.824646217,30,30,0.5,0.6,0.7,1,2.67824646217,194.560425785,1,2.8,207.282988536,3.52833333333,5fb78579e305d299
1148,14000177,75,2,76.7914105609,325,44,2.07321911195,275.998488661,274.925401292,44,44,0.6,0.5,0.5,1,2.74925401292,194.560425785,1,2.8,207.282988536,3.52833333333,5fb78579e305d299
1148,14000177,75,3,173.624200601,425,45,1.95123222239,283.184378555,298.659050534,45,45,0.6,0.4,0.5,1,2.98659050534,194.560425785,1,2.8,207.282988536,3.52833333333,5fb78579e305d299
1149,14000178,75,0,96.9950551926,75,31,2.80085000097,308.382272057,301.249175615,31,31,0.4,0.6,0.3,1,3.01249175615,274.327041424,1,4.1,327.031001881,3.62738095238,df18ec3e3ebe5996
1149,14000178,75,1,214.009107948,425,51,2.20322590883,246.988957988,182.833114095,51,51,0.7,0.9,0.7,1,1.82833114095,274.327041424,1,4.1,327.031001881,3.62738095238,df18ec3e3ebe5996
1149,14000178,75,2,375.357784612,175,48,1.61646673567,208.045890912,279.343769069,48,48,0.7,0.4,0.9,1,2.79343769069,274.327041424,1,4.1,327.031001881,3.62738095238,df18ec3e3ebe5996
1149,14000178,75,3,428.703284832,325,50,1.8462739317,190.358783712,280.202944905,50,50,0.8,0.5,0.6,1,2.80202944905,274.327041424,1,4.1,327.031001881,3.62738095238,df18ec3e3ebe5996
1150,14000179,75,0,369.747507538,425,44,2.69725999314,282.403042278,271.114089184,44,44,0.5,0.6,0.5,1,2.71114089184,360.139017348,1,5.3,411.893743067,3.82928571429,e7195fbd8c053f38
1150,14000179,75,1,171.69748993,175,59,2.56820965024,282.911732813,214.245775678,59,59,0.5,0.9,0.7,1,2.14245775678,360.139017348,1,5.3,411.893743067,3.82928571429,e7195fbd8c053f38
1150,14000179,75,2,484.599815095,75,31,2.84326207092,314.127583759,343.637501394,31,31,0.4,0.5,0.1,1,3.43637501394,360.139017348,1,5.3,411.893743067,3.82928571429,e7195fbd8c053f38
1150,14000179,75,3,92.6151835382,325,49,2.06762586571,329.152927302,214.093943126,49,49,0.3,0.7,0.1,1,2.14093943126,360.139017348,1,5.3,411.893743067,3.82928571429,e7195fbd8c053f38
1151,14000180,75,0,206.938598115,175,61,1.84988001463,208.969828758,232.676201111,61,61,0.9,0.7,1,1,2.32676201111,305.848152407,1,4.5,369.586021999,3.74,73ef423a66a05077
1151,14000180,75,1,270.420833613,75,47,1.60818832689,248.328048826,293.238377236,47,47,0.6,0.5,0.8,1,2.93238377236,305.848152407,1,4.5,369.586021999,3.74,73ef423a66a05077
1151,14000180,75,2,417.389904136,425,37,2.75631653527,310.962490675,331.755291329,37,37,0.5,0.4,0.2,1,3.31755291329,305.848152407,1,4.5,369.586021999,3.74,73ef423a66a05077
1151,14000180,75,3,479.479471055,325,41,2.69585460676,299.259144304,349.815029442,41,41,0.6,0.4,0.2,1,3.49815029442,305.848152407,1,4.5,369.586021999,3.74,73ef423a66a05077
1152,14000181,75,0,227.363966814,325,63,1.77177258365,222.188389177,189.376514299,63,63,0.8,0.9,0.9,1,1.89376514299,274.249268836,1,4,313.423598553,3.495,6fd5c51c11ff8605
1152,14000181,75,1,176.254251173,175,64,2.53871446063,188.214990751,195.780381891,64,64,1,0.8,1,1,1.95780381891,274.249268836,1,4,313.423598553,3.495,6fd5c51c11ff8605
1152,14000181,75,2,22.1882285298,425,27,2.29282173514,331.54089761,282.454058994,27,27,0.3,0.6,0.4,1,2.82454058994,274.249268836,1,4,313.423598553,3.495,6fd5c51c11ff8605
1152,14000181,75,3,362.776722877,75,49,2.94188654073,217.547432505,289.9636611,49,49,0.6,0.5,0.6,1,2.899636611,274.249268836,1,4,313.423598553,3.495,6fd5c51c11ff8605
1153,14000182,75,0,21.0969181869,75,35,2.09667608933,396.321045661,272.209435146,35,35,0.3,0.6,0.2,1,2.72209435146,249.185776857,1,4.6,339.713069221,3.40333333333,e94c64963f4d2803
1153,14000182,75,1,488.151779231,425,25,1.58800677867,277.907379887,393.852830578,25,25,0.4,0,0,1,3.93852830578,249.185776857,1,4.6,339.713069221,3.40333333333,e94c64963f4d2803
1153,14000182,75,2,452.565998302,325,43,2.05734059103,238.349229673,324.519902875,43,43,0.7,0.3,0.6,1,3.24519902875,249.185776857,1,4.6,339.713069221,3.40333333333,e94c64963f4d2803
1153,14000182,75,3,48.6025786482,175,42,2.91316015404,323.689169462,209.655998899,42,42,0.5,0.7,0.4,1,2.09655998899,249.185776857,1,4.6,339.713069221,3.40333333333,e94c64963f4d2803
1154,14000183,75,0,63.9490981799,325,46,1.70821055259,257.012001553,232.817375065,46,46,0.6,0.7,0.4,1,2.32817375065,264.819964474,1,4.2,328.76767279,4.16333333333,5ac7865d25a6d00d
1154,14000183,75,1,23.7226103351,425,30,2.83682539237,295.002688856,308.468810626,30,30,0.4,0.4,0.3,1,3.08468810626,264.819964474,1,4.2,328.76767279,4.16333333333,5ac7865d25a6d00d
1154,14000183,75,2,466.470435268,75,35,2.21083159337,339.715433339,281.910965213,35,35,0.6,0.6,0.5,1,2.81910965213,264.819964474,1,4.2,328.76767279,4.16333333333,5ac7865d25a6d00d
1154,14000183,75,3,282.75653419,175,66,2.32829885995,220.013501142,157.096133848,66,66,0.7,0.9,1,1,1.57096133848,264.819964474,1,4.2,328.76767279,4.16333333333,5ac7865d25a6d00d
1155,14000184,75,0,141.367364059,175,54,2.93172245224,289.956001743,278.075543985,54,54,0.5,0.6,1,1,2.78075543985,253.480631435,1,3.4,278.428294655,4.705,7dbdefe4ffbbae46
1155,14000184,75,1,432.927832734,75,36,1.77623070645,302.100981099,258.71281345,36,36,0.3,0.6,0.7,1,2.5871281345,253.480631435,1,3.4,278.428294655,4.705,7dbdefe4ffbbae46
1155,14000184,75,2,398.09306707,325,54,1.58599770026,115.83814649,183.297440654,54,54,1,0.8,1,1,1.83297440654,253.480631435,1,3.4,278.428294655,4.705,7dbdefe4ffbbae46
1155,14000184,75,3,82.2996346295,425,40,2.77318498205,292.551083741,294.283670502,40,40,0.5,0.4,0.5,1,2.94283670502,253.480631435,1,3.4,278.428294655,4.705,7dbdefe4ffbbae46
1156,14000185,75,0,466.832644909,75,33,2.63496300369,222.076797027,290.719643214,33,33,0.6,0.5,0.6,1,2.90719643214,197.486763567,1,2.9,219.424418912,3.525,f7417ff41da41483
1156,14000185,75,1,126.466610784,325,51,1.51309977784,261.908818613,219.447357567,51,51,0.5,0.7,0.6,1,2.19447357567,197.486763567,1,2.9,219.424418912,3.525,f7417ff41da41483
1156,14000185,75,2,229.981554523,425,46,1.71707000703,302.974537674,287.352431061,46,46,0.4,0.6,0.5,1,2.87352431061,197.486763567,1,2.9,219.424418912,3.525,f7417ff41da41483
1156,14000185,75,3,82.1718958567,175,47,2.71844522882,264.919608368,203.957588456,47,47,0.5,0.8,0.6,1,2.03957588456,197.486763567,1,2.9,219.424418912,3.525,f7417ff41da41483
1157,14000186,75,0,459.826254823,75,32,2.07142369497,343.709966177,304.592252221,32,32,0.3,0.5,0.5,1,3.04592252221,250.814731921,1,3.9,289.442269126,3.53238095238,87011f237cb7507b
1157,14000186,75,1,353.46631211,425,43,1.66304130604,291.170405101,220.544846942,43,43,0.4,0.7,0.5,1,2.20544846942,250.814731921,1,3.9,289.442269126,3.53238095238,87011f237cb7507b
1157,14000186,75,2,20.727746853,325,34,2.9503868508,256.707382565,332.037797332,34,34,0.5,0.4,0.7,1,3.32037797332,250.814731921,1,3.9,289.442269126,3.53238095238,87011f237cb7507b
1157,14000186,75,3,78.3048735214,175,45,2.56289671709,216.629558066,305.836822287,45,45,0.7,0.4,0.6,1,3.05836822287,250.814731921,1,3.9,289.442269126,3.53238095238,87011f237cb7507b
1158,14000187,75,0,51.1461040083,325,36,2.46040192452,303.571330823,303.306061507,36,36,0.4,0.6,0.1,1,3.03306061507,316.527580799,1,6.8,548.021726816,3.94503968254,a5e8d2a44a3e9dd5
1158,14000187,75,1,296.904605676,425,40,1.83419054283,288.149704212,188.02047569,40,40,0.4,0.8,0.2,1,1.8802047569,316.527580799,1,6.8,548.021726816,3.94503968254,a5e8d2a44a3e9dd5
1158,14000187,75,2,60.3911194913,175,44,2.36732716575,278.462104561,306.849787741,44,44,0.4,0.4,0.2,1,3.06849787741,316.527580799,1,6.8,548.021726816,3.94503968254,a5e8d2a44a3e9dd5
1158,14000187,75,3,244.660002273,75,58,1.83745685409,248.476946083,254.856192894,58,58,0.6,0.6,0.7,1,2.54856192894,316.527580799,1,6.8,548.021726816,3.94503968254,a5e8d2a44a3e9dd5
1159,14000188,75,0,156.19525213,75,47,2.41553764537,293.076714494,235.53247735,47,47,0.4,0.7,0.2,1,2.3553247735,288.610967094,0.6,2.7,359.620161062,4.32261904762,1ebfa6b761a24db4
1159,14000188,75,1,95.7721475528,175,55,1.77577395336,254.980121289,170.732165801,55,55,0.9,0.9,0.6,1,1.70732165801,288.610967094,0.6,2.7,359.620161062,4.32261904762,1ebfa6b761a24db4
1159,14000188,75,2,451.704676607,325,32,1.60426532726,315.068935737,329.914760199,32,32,0.3,0.4,0.1,1,3.29914760199,288.610967094,0.6,2.7,359.620161062,4.32261904762,1ebfa6b761a24db4
1159,14000188,75,3,235.991966314,425,54,1.50798462385,227.349439627,236.415508682,54,54,0.7,0.7,0.3,1,2.36415508682,288.610967094,0.6,2.7,359.620161062,4.32261904762,1ebfa6b761a24db4
1160,14000189,75,0,45.5373654012,325,39,2.6958598371,261.664408044,242.105418527,39,39,0.8,0.7,0.7,1,2.42105418527,307.453496349,1,4.7,379.777555037,3.26666666667,525f99c536858356
1160,14000189,75,1,48.4303790025,75,35,2.91712655018,262.359104792,313.127148803,35,35,0.5,0.5,0.2,1,3.13127148803,307.453496349,1,4.7,379.777555037,3.26666666667,525f99c536858356
1160,14000189,75,2,399.037577794,175,52,2.2834712945,258.732560019,286.748996946,52,52,0.6,0.7,0.5,1,2.86748996946,307.453496349,1,4.7,379.777555037,3.26666666667,525f99c536858356
1160,14000189,75,3,209.035384444,425,44,1.6560333385,261.890227658,220.123475409,44,44,0.6,0.8,0.8,1,2.20123475409,307.453496349,1,4.7,379.777555037,3.26666666667,525f99c536858356
1161,14000190,75,0,164.570948689,175,56,2.0122640438,218.19764037,244.499878715,56,56,0.8,0.8,0.8,1,2.44499878715,329.897957334,1,5.1,398.860842358,3.75464285714,d2df9c0a98b9ae16
1161,14000190,75,1,353.45671759,75,40,1.543883198,271.008194397,239.967207543,40,40,0.6,0.7,0.4,1,2.39967207543,329.897957334,1,5.1,398.860842358,3.75464285714,d2df9c0a98b9ae16
1161,14000190,75,2,187.953445219,325,62,2.02161297745,213.159041909,274.130144055,62,62,0.9,0.6,1,1,2.74130144055,329.897957334,1,5.1,398.860842358,3.75464285714,d2df9c0a98b9ae16
1161,14000190,75,3,401.06376317,425,37,2.05745324285,283.960573739,324.299148432,37,37,0.5,0.3,0.2,1,3.24299148432,329.897957334,1,5.1,398.860842358,3.75464285714,d2df9c0a98b9ae16
1162,14000191,75,0,318.472196495,325,61,1.91421075421,240.179346138,215.611676729,61,61,0.8,0.9,0.7,1,2.15611676729,239.187532272,0.7,2.8,304.321744168,3.97857142857,8e24a608dc5af116
1162,14000191,75,1,456.168683711,425,27,2.34836991277,364.255231879,315.489311738,27,27,0.2,0.3,0.1,1,3.15489311738,239.187532272,0.7,2.8,304.321744168,3.97857142857,8e24a608dc5af116
1162,14000191,75,2,13.2387000782,175,36,2.79952476527,279.733574871,294.252822791,36,36,0.4,0.4,0.1,1,2.94252822791,239.187532272,0.7,2.8,304.321744168,3.97857142857,8e24a608dc5af116
1162,14000191,75,3,48.5714893365,75,32,1.7547277898,288.813586984,301.943460084,32,32,0.5,0.4,0.3,1,3.01943460084,239.187532272,0.7,2.8,304.321744168,3.97857142857,8e24a608dc5af116
1163,14000192,75,0,450.882349836,75,34,2.19070687885,211.313184414,236.319048593,34,34,0.7,0.6,0.8,1,2.36319048593,203.672433575,1,3.1,233.261002099,3.62333333333,ccc8166ce246e24a
1163,14000192,75,1,53.330380292,175,47,2.96195412106,270.955454768,301.501087194,47,47,0.5,0.3,0.6,1,3.01501087194,203.672433575,1,3.1,233.261002099,3.62333333333,ccc8166ce246e24a
1163,14000192,75,2,180.479232294,425,50,1.60893743766,320.430711639,275.947050897,50,50,0.3,0.5,0.4,1,2.75947050897,203.672433575,1,3.1,233.261002099,3.62333333333,ccc8166ce246e24a
1163,14000192,75,3,405.862948471,325,56,2.25865396726,246.681693132,203.737255341,56,56,0.8,0.8,0.7,1,2.03737255341,203.672433575,1,3.1,233.261002099,3.62333333333,ccc8166ce246e24a
1164,14000193,75,0,90.3061035005,175,43,2.98861704792,181.093596201,255.89856137,43,43,0.8,0.4,0.8,1,2.5589856137,318.929402097,1,4.8,388.185354212,3.27952380952,4fcf6289e58c3a43
1164,14000193,75,1,374.545542997,325,49,2.44817090712,281.00216677,302.491596032,49,49,0.6,0.4,0.6,1,3.02491596032,318.929402097,1,4.8,388.185354212,3.27952380952,4fcf6289e58c3a43
1164,14000193,75,2,24.0154216933,425,28,2.82162465941,338.042538061,356.768206013,28,28,0.3,0.3,0.1,1,3.56768206013,318.929402097,1,4.8,388.185354212,3.27952380952,4fcf6289e58c3a43
1164,14000193,75,3,441.483267774,75,30,2.41217190422,280.095768907,281.457883489,30,30,0.6,0.6,0.4,1,2.81457883489,318.929402097,1,4.8,388.185354212,3.27952380952,4fcf6289e58c3a43
1165,14000194,75,0,490.025450563,175,39,1.96738670743,223.531571071,298.779431077,39,39,0.9,0.6,0.7,1,2.98779431077,290.02273676,1,4.3,350.534870859,3.21047619048,fd7d582fd87d8599
1165,14000194,75,1,396.69047804,325,46,1.52883919978,137.459329416,286.041482564,46,46,0.9,0.5,0.9,1,2.86041482564,290.02273676,1,4.3,350.534870859,3.21047619048,fd7d582fd87d8599
1165,14000194,75,2,14.5363430469,425,24,2.28148573223,399.219229643,326.594201916,24,24,0.2,0.3,0,1,3.26594201916,290.02273676,1,4.3,350.534870859,3.21047619048,fd7d582fd87d8599
1165,14000194,75,3,70.1592010013,75,36,2.63901015414,410.651826419,254.87646009,36,36,0.1,0.7,0.5,1,2.5487646009,290.02273676,1,4.3,350.534870859,3.21047619048,fd7d582fd87d8599
1166,14000195,75,0,70.3712865,325,40,2.96861720155,234.351345578,259.419355655,40,40,0.6,0.8,0.6,1,2.59419355655,271.797880024,0.9,3.9,337.270522045,3.30952380952,67e55f8b3d5fa23b
1166,14000195,75,1,314.715275497,75,48,1.68609916739,250.834306709,311.826580164,48,48,0.6,0.6,0.3,1,3.11826580164,271.797880024,0.9,3.9,337.270522045,3.30952380952,67e55f8b3d5fa23b
1166,14000195,75,2,179.0139625,175,55,1.98583437634,220.159227643,235.524649726,55,55,0.8,0.6,0.6,1,2.35524649726,271.797880024,0.9,3.9,337.270522045,3.30952380952,67e55f8b3d5fa23b
1166,14000195,75,3,296.647466153,425,51,1.76365029326,241.267665389,220.179340501,51,51,0.7,0.8,0.7,1,2.20179340501,271.797880024,0.9,3.9,337.270522045,3.30952380952,67e55f8b3d5fa23b
1167,14000196,75,0,88.7397383965,175,42,2.40830484564,229.250889529,219.308480477,42,42,0.6,0.5,0.8,1,2.19308480477,224.556983018,1,3.2,252.461287816,3.58333333333,6844efc6a4c09ca0
1167,14000196,75,1,335.204361516,325,64,2.28723697643,213.530402324,166.026641406,64,64,0.8,1,0.9,1,1.66026641406,224.556983018,1,3.2,252.461287816,3.58333333333,6844efc6a4c09ca0
1167,14000196,75,2,451.422180763,425,39,1.86844905008,321.360194739,260.539481419,39,39,0.5,0.6,0.4,1,2.60539481419,224.556983018,1,3.2,252.461287816,3.58333333333,6844efc6a4c09ca0
1167,14000196,75,3,78.0805078484,75,27,2.91362335988,269.190862898,279.519546907,27,27,0.5,0.5,0.5,1,2.79519546907,224.556983018,1,3.2,252.461287816,3.58333333333,6844efc6a4c09ca0
1168,14000197,75,0,472.684318892,425,34,2.92971547853,287.57059887,328.94453533,34,34,0.5,0.5,0.5,1,3.2894453533,224.215664431,1,4,319.604312822,3.52555555556,6c368a270b92df47
1168,14000197,75,1,426.959625786,325,48,2.73952168948,220.137305712,237.756059048,48,48,0.7,0.7,0.8,1,2.37756059048,224.215664431,1,4,319.604312822,3.52555555556,6c368a270b92df47
1168,14000197,75,2,7.45716604604,175,38,2.80625852939,351.865919627,280.567661757,38,38,0.4,0.6,0.4,1,2.80567661757,224.215664431,1,4,319.604312822,3.52555555556,6c368a270b92df47
1168,14000197,75,3,72.9705303309,75,39,2.92671348803,357.339323233,257.726624344,39,39,0.3,0.7,0.3,1,2.57726624344,224.215664431,1,4,319.604312822,3.52555555556,6c368a270b92df47
1169,14000198,75,0,191.532142955,425,46,1.92435989014,263.161057976,221.273944609,46,46,0.6,0.9,0.7,1,2.21273944609,222.308759039,1,3.3,252.078876138,4.45833333333,5fb0200e18a76f4a
1169,14000198,75,1,443.253337886,75,34,1.96955553283,269.897070735,324.499898221,34,34,0.4,0.5,0.6,1,3.24499898221,222.308759039,1,3.3,252.078876138,4.45833333333,5fb0200e18a76f4a
1169,14000198,75,2,484.118840324,175,36,2.45788967424,275.069051284,311.200895564,36,36,0.5,0.6,0.6,1,3.11200895564,222.308759039,1,3.3,252.078876138,4.45833333333,5fb0200e18a76f4a
1169,14000198,75,3,70.5097986815,325,49,2.41690364391,281.233098012,194.180829341,49,49,0.7,0.8,0.6,1,1.94180829341,222.308759039,1,3.3,252.078876138,4.45833333333,5fb0200e18a76f4a
1170,14000199,75,0,77.4652147817,325,48,2.592882707,246.106854096,242.335197805,48,48,0.7,0.7,0.7,1,2.42335197805,244.200035249,1,4,302.648285991,3.25,78898697f5b23a1
1170,14000199,75,1,14.0800641035,175,45,2.53004447535,250.380797601,277.032563292,45,45,0.6,0.5,0.4,1,2.77032563292,244.200035249,1,4,302.648285991,3.25,78898697f5b23a1
1170,14000199,75,2,390.526056053,75,37,2.12209744423,306.976957701,349.001024182,37,37,0.3,0.3,0.4,1,3.49001024182,244.200035249,1,4,302.648285991,3.25,78898697f5b23a1
1170,14000199,75,3,229.086056297,425,47,1.53805711455,266.620962031,223.591433689,47,47,0.5,0.7,0.6,1,2.23591433689,244.200035249,1,4,302.648285991,3.25,78898697f5b23a1
1171,14000200,75,0,25.4467907769,175,33,2.5568856644,245.588131002,305.549731064,33,33,0.6,0.4,0.6,1,3.05549731064,209.667364924,1,2.7,228.067350802,4.94666666667,808c33854971309e
1171,14000200,75,1,484.553668947,325,44,2.70629009121,304.416199689,284.579297917,44,44,0.4,0.4,0.5,1,2.84579297917,209.667364924,1,2.7,228.067350802,4.94666666667,808c33854971309e
1171,14000200,75,2,28.5809218497,425,25,1.8920716357,305.495022755,421.950210746,25,25,0.4,0.1,0.3,1,4.21950210746,209.667364924,1,2.7,228.067350802,4.94666666667,808c33854971309e
1171,14000200,75,3,431.399872255,75,45,1.50994971084,271.205125212,191.303593529,45,45,0.6,0.8,0.8,1,1.91303593529,209.667364924,1,2.7,228.067350802,4.94666666667,808c33854971309e
1172,14000201,75,0,89.1443869952,325,52,1.80107461997,275.556146825,228.411019898,52,52,0.5,0.9,0.8,1,2.28411019898,265.884251445,1,4,313.929150415,3.5125,edaa317df3ba935
1172,14000201,75,1,421.508493589,75,35,2.65331417192,289.900119041,311.48998725,35,35,0.5,0.6,0.3,1,3.1148998725,265.884251445,1,4,313.929150415,3.5125,edaa317df3ba935
1172,14000201,75,2,90.2522090191,175,49,2.87934544489,291.374749764,251.341269448,49,49,0.4,0.6,0.9,1,2.51341269448,265.884251445,1,4,313.929150415,3.5125,edaa317df3ba935
1172,14000201,75,3,383.716123579,425,42,2.87726589843,242.361716962,238.171611629,42,42,0.6,0.6,0.6,1,2.38171611629,265.884251445,1,4,313.929150415,3.5125,edaa317df3ba935
1173,14000202,75,0,216.068699922,325,62,1.57771544638,178.564129835,214.097603284,62,62,0.9,0.8,1,1,2.14097603284,248.853896708,1,3.7,292.793910405,4.10833333333,e3affe5ab525d037
1173,14000202,75,1,28.9331179477,425,26,2.01495985002,276.75456332,312.300737237,26,26,0.6,0.2,0.4,1,3.12300737237,248.853896708,1,3.7,292.793910405,4.10833333333,e3affe5ab525d037
1173,14000202,75,2,370.729054829,75,49,2.59283892153,274.433060212,265.967560487,49,49,0.6,0.5,0.4,1,2.65967560487,248.853896708,1,3.7,292.793910405,4.10833333333,e3affe5ab525d037
1173,14000202,75,3,135.994419674,175,60,2.37077575296,164.290256766,160.555780503,60,60,1,0.9,0.9,1,1.60555780503,248.853896708,1,3.7,292.793910405,4.10833333333,e3affe5ab525d037
1174,14000203,75,0,91.8583394867,425,35,2.99031392884,238.974412045,314.4354118,35,35,0.7,0.4,0.4,1,3.144354118,334.116120348,0.9,4.2,376.815327533,3.89135802469,78e410dbcc5310b1
1174,14000203,75,1,84.7022980455,325,46,2.88528266579,221.328643427,270.178280469,46,46,0.8,0.6,0.6,1,2.70178280469,334.116120348,0.9,4.2,376.815327533,3.89135802469,78e410dbcc5310b1
1174,14000203,75,2,391.47063819,75,40,2.85575755608,298.800023916,247.12001204,40,40,0.4,0.6,0.5,1,2.4712001204,334.116120348,0.9,4.2,376.815327533,3.89135802469,78e410dbcc5310b1
1174,14000203,75,3,375.871171887,175,53,2.68968429076,239.635414065,212.27307264,53,53,0.8,0.6,0.7,1,2.1227307264,334.116120348,0.9,4.2,376.815327533,3.89135802469,78e410dbcc5310b1
1175,14000204,75,0,324.128807716,425,50,1.77500758146,207.831183031,250.337308791,50,50,0.7,0.6,0.5,1,2.50337308791,278.055656886,1,5.1,406.690018894,4.73444444444,2ff2398a94c9c99e
1175,14000204,75,1,179.45368211,175,54,1.94591445678,232.903157037,221.995092141,54,54,0.6,0.7,1,1,2.21995092141,278.055656886,1,5.1,406.690018894,4.73444444444,2ff2398a94c9c99e
1175,14000204,75,2,309.374314546,75,51,1.55826822258,229.97979011,237.690776972,51,51,0.6,0.7,0.9,1,2.37690776972,278.055656886,1,5.1,406.690018894,4.73444444444,2ff2398a94c9c99e
1175,14000204,75,3,170.380024805,325,60,1.70646462108,246.080839929,244.060786158,60,60,0.7,0.8,0.8,1,2.44060786158,278.055656886,1,5.1,406.690018894,4.73444444444,2ff2398a94c9c99e
1176,14000205,75,0,316.332926304,175,56,1.91912981776,192.423003138,241.08424841,56,56,0.9,0.7,1,1,2.4108424841,284.477690684,1,5.1,396.069474624,3.26785714286,c8e71e6affc31852
1176,14000205,75,1,159.949446771,325,59,1.68790152547,229.644740867,220.033107094,59,59,0.6,0.7,0.4,1,2.20033107094,284.477690684,1,5.1,396.069474624,3.26785714286,c8e71e6affc31852
1176,14000205,75,2,144.738091448,75,45,1.92188821312,255.236264661,291.507778349,45,45,0.8,0.4,0.8,1,2.91507778349,284.477690684,1,5.1,396.069474624,3.26785714286,c8e71e6affc31852
1176,14000205,75,3,418.401546683,425,34,2.28610664878,308.907877066,323.25869937,34,34,0.4,0.4,0.3,1,3.2325869937,284.477690684,1,5.1,396.069474624,3.26785714286,c8e71e6affc31852
1177,14000206,75,0,18.6014425426,175,36,1.90009126078,220.419145934,335.387166834,36,36,0.9,0.3,0.5,1,3.35387166834,229.597652391,1,3.4,275.096224105,3.33916666667,6e60b63c9a2ee9f1
1177,14000206,75,1,420.140253446,325,49,2.34585788267,332.100466574,202.970553876,49,49,0.4,0.7,0.6,1,2.02970553876,229.597652391,1,3.4,275.096224105,3.33916666667,6e60b63c9a2ee9f1
1177,14000206,75,2,5.75364671856,75,24,1.96938161779,258.02751818,390.70192104,24,24,0.5,0.2,0.5,1,3.9070192104,229.597652391,1,3.4,275.096224105,3.33916666667,6e60b63c9a2ee9f1
1177,14000206,75,3,342.169847594,425,51,2.42675698474,308.117433833,209.270013434,51,51,0.6,0.7,0.6,1,2.09270013434,229.597652391,1,3.4,275.096224105,3.33916666667,6e60b63c9a2ee9f1
1178,14000207,75,0,478.149651746,175,36,2.91677316082,283.963241953,270.00023445,36,36,0.5,0.5,0.5,1,2.7000023445,155.442911975,1,2.5,182.731424255,3.35333333333,4582bf6a7c2d0226
1178,14000207,75,1,315.025093856,425,56,2.22215179294,234.946257956,197.541485371,56,56,0.7,0.8,0.8,1,1.97541485371,155.442911975,1,2.5,182.731424255,3.35333333333,4582bf6a7c2d0226
1178,14000207,75,2,99.2944606948,325,54,2.80888259401,224.606446706,226.251048083,54,54,0.9,0.7,0.9,1,2.26251048083,155.442911975,1,2.5,182.731424255,3.35333333333,4582bf6a7c2d0226
1178,14000207,75,3,195.321997402,75,43,1.92019130346,239.541087109,273.177364245,43,43,0.7,0.6,0.8,1,2.73177364245,155.442911975,1,2.5,182.731424255,3.35333333333,4582bf6a7c2d0226
1179,14000208,75,0,60.5678069566,175,44,2.52275753355,254.932781015,268.290981381,44,44,0.4,0.6,0.6,1,2.68290981381,272.347601116,1,3.9,301.726680707,4.23166666667,36c173b6454e18f7
1179,14000208,75,1,322.514922914,325,64,2.16777854182,202.763060366,216.476610754,64,64,0.6,0.7,0.9,1,2.16476610754,272.347601116,1,3.9,301.726680707,4.23166666667,36c173b6454e18f7
1179,14000208,75,2,365.161625053,75,39,1.64893646166,308.747286811,259.559738147,39,39,0.4,0.5,0.5,1,2.59559738147,272.347601116,1,3.9,301.726680707,4.23166666667,36c173b6454e18f7
1179,14000208,75,3,105.320399637,425,48,2.39932346516,282.683252991,278.249956734,48,48,0.7,0.5,0.7,1,2.78249956734,272.347601116,1,3.9,301.726680707,4.23166666667,36c173b6454e18f7
1180,14000209,75,0,122.967864786,425,40,2.70636695092,295.223143007,276.532008482,40,40,0.5,0.6,0.4,1,2.76532008482,271.248305038,1,4.1,321.529336836,3.61333333333,564ee1444cca159c
1180,14000209,75,1,401.444771033,75,42,2.49565696295,254.280059303,251.296832566,42,42,0.6,0.7,0.6,1,2.51296832566,271.248305038,1,4.1,321.529336836,3.61333333333,564ee1444cca159c
1180,14000209,75,2,363.284164458,175,55,1.90084057368,203.516947626,186.498191935,55,55,0.7,0.9,0.8,1,1.86498191935,271.248305038,1,4.1,321.529336836,3.61333333333,564ee1444cca159c
1180,14000209,75,3,70.4113380551,325,43,2.66636776627,314.789947627,271.681424897,43,43,0.4,0.5,0.5,1,2.71681424897,271.248305038,1,4.1,321.529336836,3.61333333333,564ee1444cca159c
1181,14000210,75,0,434.675267028,325,44,2.79157862647,253.748130381,246.465186342,44,44,0.7,0.6,0.7,1,2.46465186342,257.307944982,1,3.9,317.958360645,3.91166666667,d129fa215b237b9b
1181,14000210,75,1,75.9344730084,425,43,2.50997167122,236.537616,270.294101611,43,43,0.6,0.7,0.7,1,2.70294101611,257.307944982,1,3.9,317.958360645,3.91166666667,d129fa215b237b9b
1181,14000210,75,2,243.259410356,75,50,2.02929240139,256.715410267,227.78852837,50,50,0.6,0.8,0.8,1,2.2778852837,257.307944982,1,3.9,317.958360645,3.91166666667,d129fa215b237b9b
1181,14000210,75,3,191.254660399,175,66,2.11261342814,197.684133625,178.97531347,66,66,0.9,1,1,1,1.7897531347,257.307944982,1,3.9,317.958360645,3.91166666667,d129fa215b237b9b
1182,14000211,75,0,206.663339592,425,60,2.04365356676,307.524299262,251.156596985,60,60,0.5,0.7,0.5,1,2.51156596985,246.018345312,1,3.7,289.768912718,3.64166666667,77255a6aed107db7
1182,14000211,75,1,495.997778096,325,39,2.64616239056,319.178487451,312.696096633,39,39,0.4,0.4,0.1,1,3.12696096633,246.018345312,1,3.7,289.768912718,3.64166666667,77255a6aed107db7
1182,14000211,75,2,80.9054370303,175,47,2.07230342279,239.838792388,245.085838863,47,47,0.5,0.7,0.8,1,2.45085838863,246.018345312,1,3.7,289.768912718,3.64166666667,77255a6aed107db7
1182,14000211,75,3,328.287453651,75,43,1.81102777146,216.588409172,257.364337601,43,43,0.8,0.5,0.9,1,2.57364337601,246.018345312,1,3.7,289.768912718,3.64166666667,77255a6aed107db7
1183,14000212,75,0,492.399051921,425,21,2.80062646789,394.490848353,361.090158321,21,21,0.1,0.3,0.3,1,3.61090158321,265.997957387,1,4.1,317.888414753,3.77666666667,57770ed28c0b22a7
1183,14000212,75,1,17.2528458578,325,38,2.67531248329,314.219526308,254.55237219,38,38,0.4,0.7,0.6,1,2.5455237219,265.997957387,1,4.1,317.888414753,3.77666666667,57770ed28c0b22a7
1183,14000212,75,2,224.993118924,75,48,1.82627766323,179.191714282,260.183232288,48,48,0.9,0.5,0.6,1,2.60183232288,265.997957387,1,4.1,317.888414753,3.77666666667,57770ed28c0b22a7
1183,14000212,75,3,208.98064772,175,63,1.73744069537,169.458927416,207.236271416,63,63,1,0.7,1,1,2.07236271416,265.997957387,1,4.1,317.888414753,3.77666666667,57770ed28c0b22a7
1184,14000213,75,0,317.568634334,75,43,2.08875651394,304.008766203,267.247936187,43,43,0.3,0.5,0.5,1,2.67247936187,281.267261508,1,4.3,333.232102158,3.51619047619,265d45cf646ea5ed
1184,14000213,75,1,381.602970839,425,41,2.17682179781,269.008075458,249.762015803,41,41,0.6,0.8,0.8,1,2.49762015803,281.267261508,1,4.3,333.232102158,3.51619047619,265d45cf646ea5ed
1184,14000213,75,2,134.741397864,175,56,2.62293341243,230.283796131,233.360733744,56,56,0.7,0.8,0.6,1,2.33360733744,281.267261508,1,4.3,333.232102158,3.51619047619,265d45cf646ea5ed
1184,14000213,75,3,155.855826303,325,61,2.60977543341,180.212224931,185.485403511,61,61,0.7,0.7,0.9,1,1.85485403511,281.267261508,1,4.3,333.232102158,3.51619047619,265d45cf646ea5ed
1185,14000214,75,0,193.692907439,75,50,2.13156137353,284.447575434,154.9226223,50,50,0.4,0.8,0.6,1,1.549226223,263.520148936,1,4.8,392.863403519,3.6669047619,a7459bc86adee87e
1185,14000214,75,1,243.983639028,425,46,1.92880607967,196.482094798,293.909808628,46,46,0.7,0.4,0.9,1,2.93909808628,263.520148936,1,4.8,392.863403519,3.6669047619,a7459bc86adee87e
1185,14000214,75,2,21.4742460885,175,34,1.73313067187,294.019915811,277.629213771,34,34,0.4,0.6,0.3,1,2.77629213771,263.520148936,1,4.8,392.863403519,3.6669047619,a7459bc86adee87e
1185,14000214,75,3,462.967708958,325,42,1.64307758646,271.029225122,251.81451589,42,42,0.7,0.6,0.7,1,2.5181451589,263.520148936,1,4.8,392.863403519,3.6669047619,a7459bc86adee87e
1186,14000215,75,0,316.807528629,425,48,1.65834061753,285.461609318,272.395409343,48,48,0.5,0.4,0.7,1,2.72395409343,246.332991862,1,3.5,286.203655943,3.95,95494fdb882382b7
1186,14000215,75,1,111.704287918,175,57,2.40559855124,264.138623166,171.240882387,57,57,0.5,0.9,1,1,1.71240882387,246.332991862,1,3.5,286.203655943,3.95,95494fdb882382b7
1186,14000215,75,2,95.8014418209,75,39,2.72201441639,281.340286762,232.825254934,39,39,0.5,0.8,0.6,1,2.32825254934,246.332991862,1,3.5,286.203655943,3.95,95494fdb882382b7
1186,14000215,75,3,289.112771705,325,63,2.16982650779,214.381079759,206.549117836,63,63,0.8,1,1,1,2.06549117836,246.332991862,1,3.5,286.203655943,3.95,95494fdb882382b7
1187,14000216,75,0,474.599258394,175,39,2.42468411198,244.576200074,336.743519669,39,39,0.7,0.2,0.5,1,3.36743519669,204.490618038,0.9,3,253.227025193,4.24074074074,dce624da29ff93ac
1187,14000216,75,1,490.611079883,75,32,2.45018017985,287.329938112,354.406085301,32,32,0.5,0.2,0.3,1,3.54406085301,204.490618038,0.9,3,253.227025193,4.24074074074,dce624da29ff93ac
1187,14000216,75,2,155.198095868,425,32,2.28114582246,321.30837616,264.09926485,32,32,0.4,0.4,0.3,1,2.6409926485,204.490618038,0.9,3,253.227025193,4.24074074074,dce624da29ff93ac
1187,14000216,75,3,115.817050866,325,51,2.95577506658,284.300841686,219.820488857,51,51,0.5,0.8,0.7,1,2.19820488857,204.490618038,0.9,3,253.227025193,4.24074074074,dce624da29ff93ac
1188,14000217,75,0,161.194740689,425,45,2.31726174315,309.734780603,242.757549178,45,45,0.4,0.8,0.5,1,2.42757549178,303.479382724,0.7,3,322.380337948,4.11904761905,a97f3a3d3783759a
1188,14000217,75,1,157.292085854,325,57,2.36846950561,243.174297592,212.158492489,57,57,0.6,0.8,0.7,1,2.12158492489,303.479382724,0.7,3,322.380337948,4.11904761905,a97f3a3d3783759a
1188,14000217,75,2,364.902660433,175,59,2.34096943646,190.668384761,203.282405565,59,59,0.9,0.9,0.7,1,2.03282405565,303.479382724,0.7,3,322.380337948,4.11904761905,a97f3a3d3783759a
1188,14000217,75,3,335.299363544,75,48,1.53864193395,171.467559661,253.532415741,48,48,0.8,0.7,0.6,1,2.53532415741,303.479382724,0.7,3,322.380337948,4.11904761905,a97f3a3d3783759a
1189,14000218,75,0,250.096287177,425,49,1.97537884936,277.194778567,289.193404917,49,49,0.6,0.5,0.5,1,2.89193404917,264.88384478,1,3.7,297.581589188,4.60333333333,ec135d3ba4f32c8a
1189,14000218,75,1,118.628522468,75,48,2.03244579615,268.001347243,190.573759755,48,48,0.5,0.8,0.6,1,1.90573759755,264.88384478,1,3.7,297.581589188,4.60333333333,ec135d3ba4f32c8a
1189,14000218,75,2,356.038103062,175,52,2.04010288218,275.511270232,214.779559503,52,52,0.5,0.7,0.9,1,2.14779559503,264.88384478,1,3.7,297.581589188,4.60333333333,ec135d3ba4f32c8a
1189,14000218,75,3,80.8594230007,325,55,1.73998800324,274.034886477,241.029690711,55,55,0.6,0.8,0.6,1,2.41029690711,264.88384478,1,3.7,297.581589188,4.60333333333,ec135d3ba4f32c8a
1190,14000219,75,0,202.198662838,75,44,2.36357260763,123.559278022,329.61988691,44,44,1,0.3,0.6,1,3.2961988691,341.43731383,0.9,4,376.839917195,4.95,dfd4bf690a2dae23
1190,14000219,75,1,493.648121247,425,25,2.82948822162,401.677606434,316.888314286,25,25,0.1,0.3,0,1,3.16888314286,341.43731383,0.9,4,376.839917195,4.95,dfd4bf690a2dae23
1190,14000219,75,2,7.22507948882,325,43,1.9552807383,261.317108141,294.837324673,43,43,0.8,0.6,0.6,1,2.94837324673,341.43731383,0.9,4,376.839917195,4.95,dfd4bf690a2dae23
1190,14000219,75,3,414.568777934,175,43,2.23245104137,240.247864614,308.212854715,43,43,0.9,0.4,0.7,1,3.08212854715,341.43731383,0.9,4,376.839917195,4.95,dfd4bf690a2dae23
1191,14000220,75,0,322.652331234,75,50,2.20486629367,247.898137401,258.828643797,50,50,0.6,0.6,0.6,1,2.58828643797,216.155048827,1,3.5,269.208912011,3.49714285714,af1de66d80c7e3bf
1191,14000220,75,1,400.45798165,325,42,1.60224389568,290.401150673,226.509773274,42,42,0.5,0.7,0.6,1,2.26509773274,216.155048827,1,3.5,269.208912011,3.49714285714,af1de66d80c7e3bf
1191,14000220,75,2,181.955481208,425,43,2.57340030778,271.924155914,251.056218194,43,43,0.6,0.7,0.8,1,2.51056218194,216.155048827,1,3.5,269.208912011,3.49714285714,af1de66d80c7e3bf
1191,14000220,75,3,263.6852863,175,62,1.87321404165,195.357625577,201.266768801,62,62,0.9,0.9,1,1,2.01266768801,216.155048827,1,3.5,269.208912011,3.49714285714,af1de66d80c7e3bf
1192,14000221,75,0,278.669843625,325,60,1.76373145049,198.119671026,239.623553622,60,60,0.9,0.9,1,1,2.39623553622,325.219489397,1,5.3,428.264063935,3.29119047619,ec90105c15b85e0
1192,14000221,75,1,493.937113483,75,18,2.15371150159,368.53636445,374.833173729,18,18,0.4,0.4,0.2,1,3.74833173729,325.219489397,1,5.3,428.264063935,3.29119047619,ec90105c15b85e0
1192,14000221,75,2,379.203823065,425,40,2.61313383443,301.921115314,265.568609299,40,40,0.4,0.4,0.3,1,2.65568609299,325.219489397,1,5.3,428.264063935,3.29119047619,ec90105c15b85e0
1192,14000221,75,3,142.248996281,175,58,2.39894925387,171.450777846,295.648774014,58,58,1,0.5,0.8,1,2.95648774014,325.219489397,1,5.3,428.264063935,3.29119047619,ec90105c15b85e0
1193,14000222,75,0,398.831449079,325,53,2.97445229467,221.888040267,157.428280137,53,53,0.7,0.9,0.7,1,1.57428280137,206.438866105,1,3.3,252.14069601,3.75785714286,76051f0bd29c6700
1193,14000222,75,1,78.0804604262,175,47,2.30918450656,263.852847673,273.965385965,47,47,0.6,0.6,0.8,1,2.73965385965,206.438866105,1,3.3,252.14069601,3.75785714286,76051f0bd29c6700
1193,14000222,75,2,388.229438667,425,46,1.84214884164,271.39675944,184.040163587,46,46,0.6,0.8,0.6,1,1.84040163587,206.438866105,1,3.3,252.14069601,3.75785714286,76051f0bd29c6700
1193,14000222,75,3,75.8507488328,75,34,2.62722654112,295.508885173,332.279071968,34,34,0.3,0.2,0.5,1,3.32279071968,206.438866105,1,3.3,252.14069601,3.75785714286,76051f0bd29c6700
1194,14000223,75,0,281.492860708,325,63,1.52786540317,187.310839015,223.237152492,63,63,0.9,1,1,1,2.23237152492,285.683454931,1,4.1,318.845241476,4.05857142857,fe2315f9608967e5
1194,14000223,75,1,449.692817238,75,29,1.82113801378,413.394379087,358.880510105,29,29,0.1,0.3,0.2,1,3.58880510105,285.683454931,1,4.1,318.845241476,4.05857142857,fe2315f9608967e5
1194,14000223,75,2,175.699572377,425,50,2.37166665945,153.805098435,249.500991785,50,50,0.8,0.8,0.9,1,2.49500991785,285.683454931,1,4.1,318.845241476,4.05857142857,fe2315f9608967e5
1194,14000223,75,3,370.821572299,175,50,2.63492156113,304.940553314,268.556436999,50,50,0.4,0.4,0.7,1,2.68556436999,285.683454931,1,4.1,318.845241476,4.05857142857,fe2315f9608967e5
1195,14000224,75,0,42.8879783429,425,29,2.53539001238,324.778747915,318.144991458,29,29,0.3,0.4,0.2,1,3.18144991458,283.807221954,1,4.4,326.73867334,3.8425,bac381c974e0f2d9
1195,14000224,75,1,454.325661886,175,45,2.73617932952,286.772819492,267.285517745,45,45,0.4,0.6,0.6,1,2.67285517745,283.807221954,1,4.4,326.73867334,3.8425,bac381c974e0f2d9
1195,14000224,75,2,92.5947767946,325,46,2.63280883869,266.139989135,237.97112855,46,46,0.5,0.7,1,1,2.3797112855,283.807221954,1,4.4,326.73867334,3.8425,bac381c974e0f2d9
1195,14000224,75,3,445.454496191,75,40,1.91099260616,321.288123871,300.162195436,40,40,0.5,0.4,0.5,1,3.00162195436,283.807221954,1,4.4,326.73867334,3.8425,bac381c974e0f2d9
1196,14000225,75,0,190.779038577,325,66,2.04772312431,156.353961624,206.925776099,66,66,1,0.8,1,1,2.06925776099,245.044499481,1,3.5,282.111118224,4.59833333333,3344b1c5c3092af6
1196,14000225,75,1,355.52844549,425,43,2.06946706825,215.382889327,290.532096705,43,43,0.7,0.4,0.7,1,2.90532096705,245.044499481,1,3.5,282.111118224,4.59833333333,3344b1c5c3092af6
1196,14000225,75,2,467.328918899,75,41,2.72228830162,318.666673993,297.253776003,41,41,0.5,0.6,0.4,1,2.97253776003,245.044499481,1,3.5,282.111118224,4.59833333333,3344b1c5c3092af6
1196,14000225,75,3,141.466764041,175,59,2.57872335034,186.663031536,191.962498208,59,59,0.9,0.9,1,1,1.91962498208,245.044499481,1,3.5,282.111118224,4.59833333333,3344b1c5c3092af6
1197,14000226,75,0,22.5018743819,75,30,2.81389118956,342.709612241,323.868650704,30,30,0.4,0.5,0.5,1,3.23868650704,300.463134455,1,4.4,343.894905248,3.33222222222,47a289544aee5ecf
1197,14000226,75,1,425.746472443,175,49,1.96502907694,249.546426351,268.089201668,49,49,0.7,0.6,0.4,1,2.68089201668,300.463134455,1,4.4,343.894905248,3.33222222222,47a289544aee5ecf
1197,14000226,75,2,414.162317508,425,38,2.7660995281,324.439838045,285.577482746,38,38,0.2,0.4,0.3,1,2.85577482746,300.463134455,1,4.4,343.894905248,3.33222222222,47a289544aee5ecf
1197,14000226,75,3,78.249650854,325,39,2.8658669039,261.513874001,244.900340432,39,39,0.6,0.6,0.6,1,2.44900340432,300.463134455,1,4.4,343.894905248,3.33222222222,47a289544aee5ecf
1198,14000227,75,0,377.067278551,75,43,1.91812017577,274.611961797,280.500575762,43,43,0.5,0.4,0.5,1,2.80500575762,330.829904921,1,5.4,423.25396884,3.59166666667,e6a4810b1960de4c
1198,14000227,75,1,66.1487722679,425,28,2.72866553617,324.182539942,306.254834437,28,28,0.3,0.4,0.3,1,3.06254834437,330.829904921,1,5.4,423.25396884,3.59166666667,e6a4810b1960de4c
1198,14000227,75,2,240.523322011,175,66,1.52060481047,219.018798988,206.412574546,66,66,0.8,0.9,1,1,2.06412574546,330.829904921,1,5.4,423.25396884,3.59166666667,e6a4810b1960de4c
1198,14000227,75,3,85.9461379643,325,40,1.93111275448,276.264851815,244.24581791,40,40,0.4,0.4,0.7,1,2.4424581791,330.829904921,1,5.4,423.25396884,3.59166666667,e6a4810b1960de4c
1199,14000228,75,0,196.392699372,75,44,2.21668571705,259.927127016,275.794185282,44,44,0.5,0.7,0.6,1,2.75794185282,201.115171193,1,3.2,242.254265389,3.34333333333,a3d992092f5e9675
1199,14000228,75,1,61.3534820347,175,41,1.54016193312,269.014660013,256.501094976,41,41,0.7,0.7,0.7,1,2.56501094976,201.115171193,1,3.2,242.254265389,3.34333333333,a3d992092f5e9675
1199,14000228,75,2,482.413985802,325,45,1.55667763997,314.463662432,285.967279644,45,45,0.5,0.7,0.4,1,2.85967279644,201.115171193,1,3.2,242.254265389,3.34333333333,a3d992092f5e9675
1199,14000228,75,3,473.462147506,425,39,2.0053023305,338.583217351,292.861659705,39,39,0.4,0.6,0.3,1,2.92861659705,201.115171193,1,3.2,242.254265389,3.34333333333,a3d992092f5e9675
1200,14000229,75,0,134.602180824,75,52,2.62824747926,367.188515902,323.256292102,52,52,0.3,0.5,0.4,1,3.23256292102,231.673047272,0.8,2.7,270.178608737,4.80208333333,5ded8bd7e28331a4
1200,14000229,75,1,14.865945932,325,39,1.57713610635,353.569666569,303.487456083,39,39,0.3,0.5,0.3,1,3.03487456083,231.673047272,0.8,2.7,270.178608737,4.80208333333,5ded8bd7e28331a4
1200,14000229,75,2,388.330505313,425,44,2.91234524623,203.807905679,176.791974744,44,44,0.7,0.9,0.8,1,1.76791974744,231.673047272,0.8,2.7,270.178608737,4.80208333333,5ded8bd7e28331a4
1200,14000229,75,3,456.878939098,175,45,2.36835515289,234.986329075,261.81581336,45,45,0.6,0.5,0.5,1,2.6181581336,231.673047272,0.8,2.7,270.178608737,4.80208333333,5ded8bd7e28331a4
1201,14000230,75,0,227.209817854,175,62,1.50294577624,189.311448634,202.198161765,62,62,1,0.8,1,1,2.02198161765,267.078001334,1,4.1,339.297220326,3.65369047619,16f946695e66c87b
1201,14000230,75,1,76.0522229466,425,29,2.20314311144,311.926240712,279.710240396,29,29,0.5,0.7,0.3,1,2.79710240396,267.078001334,1,4.1,339.297220326,3.65369047619,16f946695e66c87b
1201,14000230,75,2,395.687725043,325,49,2.3720384261,225.599629189,156.173804808,49,49,0.7,1,0.8,1,1.56173804808,267.078001334,1,4.1,339.297220326,3.65369047619,16f946695e66c87b
1201,14000230,75,3,351.992949384,75,47,2.2069654677,215.783271313,255.567471938,47,47,0.7,0.7,0.6,1,2.55567471938,267.078001334,1,4.1,339.297220326,3.65369047619,16f946695e66c87b
1202,14000231,75,0,383.225256373,175,50,2.49180285319,205.939516933,283.395876211,50,50,0.8,0.5,0.9,1,2.83395876211,249.689071442,1,3.4,291.706478298,3.625,2717df7ca6322bee
1202,14000231,75,1,411.925175671,425,32,2.23641561271,307.834586152,320.701500599,32,32,0.3,0.5,0.6,1,3.20701500599,249.689071442,1,3.4,291.706478298,3.625,2717df7ca6322bee
1202,14000231,75,2,165.517591016,325,54,2.26547144965,200.597473715,177.656037659,54,54,0.7,0.7,0.9,1,1.77656037659,249.689071442,1,3.4,291.706478298,3.625,2717df7ca6322bee
1202,14000231,75,3,4.56081588169,75,30,2.5664106451,319.373850363,307.90837785,30,30,0.5,0.2,0.7,1,3.0790837785,249.689071442,1,3.4,291.706478298,3.625,2717df7ca6322bee
1203,14000232,75,0,286.837198686,325,56,1.96218437747,252.81317509,194.60974361,56,56,0.5,0.8,0.8,1,1.9460974361,260.392897219,1,3.9,300.15062217,3.18785714286,ca83a6282953c822
1203,14000232,75,1,206.887855094,75,55,1.74460178315,206.709766773,232.27436742,55,55,0.8,0.7,0.8,1,2.3227436742,260.392897219,1,3.9,300.15062217,3.18785714286,ca83a6282953c822
1203,14000232,75,2,151.804532821,175,57,1.95288038908,191.730692228,226.357382089,57,57,1,0.8,0.9,1,2.26357382089,260.392897219,1,3.9,300.15062217,3.18785714286,ca83a6282953c822
1203,14000232,75,3,318.88064551,425,41,2.10551271012,319.629881613,246.94595331,41,41,0.4,0.7,0.4,1,2.4694595331,260.392897219,1,3.9,300.15062217,3.18785714286,ca83a6282953c822
1204,14000233,75,0,79.4634438221,175,47,2.66401101076,267.752873683,232.790339095,47,47,0.7,0.7,0.6,1,2.32790339095,275.121120868,1,4.3,335.452075362,3.71666666667,4c5e7d0fa8f0bbc1
1204,14000233,75,1,203.299091311,425,49,2.50203275261,250.812195945,257.492697978,49,49,0.6,0.7,0.5,1,2.57492697978,275.121120868,1,4.3,335.452075362,3.71666666667,4c5e7d0fa8f0bbc1
1204,14000233,75,2,371.468060723,325,54,2.58334272738,282.883378902,270.061415949,54,54,0.4,0.6,0.7,1,2.70061415949,275.121120868,1,4.3,335.452075362,3.71666666667,4c5e7d0fa8f0bbc1
1204,14000233,75,3,310.27382914,75,46,2.3994934936,273.415614604,258.087574064,46,46,0.6,0.5,0.4,1,2.58087574064,275.121120868,1,4.3,335.452075362,3.71666666667,4c5e7d0fa8f0bbc1
1205,14000234,75,0,121.841703979,175,52,1.55160027849,205.198982276,200.975601505,52,52,0.6,0.9,0.9,1,2.00975601505,237.858375125,0.9,3.2,287.203925885,4.34259259259,1c7286cba7108787
1205,14000234,75,1,143.562028518,425,42,2.57065006523,296.577803977,262.499529094,42,42,0.3,0.6,0.6,1,2.62499529094,237.858375125,0.9,3.2,287.203925885,4.34259259259,1c7286cba7108787
1205,14000234,75,2,383.407839003,75,40,2.30746855874,256.695539906,267.659887218,40,40,0.6,0.6,0.5,1,2.67659887218,237.858375125,0.9,3.2,287.203925885,4.34259259259,1c7286cba7108787
1205,14000234,75,3,336.695190699,325,65,2.16749605483,231.562687745,241.58272292,65,65,0.8,0.8,0.9,1,2.4158272292,237.858375125,0.9,3.2,287.203925885,4.34259259259,1c7286cba7108787
1206,14000235,75,0,80.3615562084,425,34,2.30205334183,259.372098216,297.54168526,34,34,0.6,0.4,0.5,1,2.9754168526,257.71865037,1,3.9,307.629999566,3.54,c335de45e1629285
1206,14000235,75,1,356.873834162,175,59,1.53931057809,239.669509796,202.204907583,59,59,0.8,0.7,0.9,1,2.02204907583,257.71865037,1,3.9,307.629999566,3.54,c335de45e1629285
1206,14000235,75,2,169.950902088,75,46,1.86711188727,261.783041383,241.810121148,46,46,0.5,0.7,0.8,1,2.41810121148,257.71865037,1,3.9,307.629999566,3.54,c335de45e1629285
1206,14000235,75,3,378.973287075,325,54,2.55547912002,239.660120128,226.249704156,54,54,0.6,0.7,0.8,1,2.26249704156,257.71865037,1,3.9,307.629999566,3.54,c335de45e1629285
1207,14000236,75,0,63.9453079783,325,44,1.88978823195,325.494942113,265.385910597,44,44,0.4,0.5,0.4,1,2.65385910597,263.458917157,1,4.2,323.087475281,4.02388888889,418f76ab071cc4ab
1207,14000236,75,1,368.213128468,425,41,2.7080940977,309.113670467,282.54388152,41,41,0.4,0.5,0.4,1,2.8254388152,263.458917157,1,4.2,323.087475281,4.02388888889,418f76ab071cc4ab
1207,14000236,75,2,383.319934133,75,46,2.1010012679,237.975767273,259.260775736,46,46,0.7,0.7,0.6,1,2.59260775736,263.458917157,1,4.2,323.087475281,4.02388888889,418f76ab071cc4ab
1207,14000236,75,3,0.73855528582,175,36,1.62133104941,359.145492276,298.979336184,36,36,0.3,0.6,0.3,1,2.98979336184,263.458917157,1,4.2,323.087475281,4.02388888889,418f76ab071cc4ab
1208,14000237,75,0,133.524237636,175,50,2.90516696124,208.210787352,219.994663023,50,50,0.8,0.8,0.7,1,2.19994663023,250.26007251,1,4.2,308.590340638,3.55547619048,c1540b5a4c9218b5
1208,14000237,75,1,391.826907707,425,45,1.82359335595,303.799306141,272.363499937,45,45,0.6,0.6,0.6,1,2.72363499937,250.26007251,1,4.2,308.590340638,3.55547619048,c1540b5a4c9218b5
1208,14000237,75,2,398.084219179,75,37,2.66242664442,303.804193993,272.744407059,37,37,0.3,0.6,0.4,1,2.72744407059,250.26007251,1,4.2,308.590340638,3.55547619048,c1540b5a4c9218b5
1208,14000237,75,3,139.775124165,325,52,1.79357277737,168.946164295,213.140033407,52,52,0.8,0.8,0.7,1,2.13140033407,250.26007251,1,4.2,308.590340638,3.55547619048,c1540b5a4c9218b5
1209,14000238,75,0,170.885755461,425,50,1.9738853368,247.239655702,265.710352101,50,50,0.6,0.7,0.5,1,2.65710352101,299.574407769,1,4.2,328.5146991,4.015,b81e238ccbff2306
1209,14000238,75,1,228.785147899,75,51,1.87632701303,235.565267384,283.347019594,51,51,0.7,0.6,0.8,1,2.83347019594,299.574407769,1,4.2,328.5146991,4.015,b81e238ccbff2306
1209,14000238,75,2,399.479736902,175,53,1.62858297667,208.856889701,247.153700858,53,53,0.9,0.5,0.8,1,2.47153700858,299.574407769,1,4.2,328.5146991,4.015,b81e238ccbff2306
1209,14000238,75,3,415.376268422,325,47,2.09054487767,212.715662204,236.156951245,47,47,0.8,0.6,0.8,1,2.36156951245,299.574407769,1,4.2,328.5146991,4.015,b81e238ccbff2306
1210,14000239,75,0,380.983636447,75,42,2.71142589403,297.393957388,215.5519625,42,42,0.6,0.7,0.4,1,2.155519625,314.778372806,1,4.4,355.783175775,3.80904761905,15e251067aff7ecb
1210,14000239,75,1,466.263321878,325,42,2.38471566593,344.752366434,172.929968311,42,42,0.3,0.8,0.4,1,1.72929968311,314.778372806,1,4.4,355.783175775,3.80904761905,15e251067aff7ecb
1210,14000239,75,2,198.646759372,175,60,1.99407348232,180.33704696,273.070988896,60,60,0.8,0.6,0.8,1,2.73070988896,314.778372806,1,4.4,355.783175775,3.80904761905,15e251067aff7ecb
1210,14000239,75,3,107.503161531,425,35,2.52996122869,263.063320909,377.436984608,35,35,0.3,0.1,0.2,1,3.77436984608,314.778372806,1,4.4,355.783175775,3.80904761905,15e251067aff7ecb
1211,14000240,75,0,321.686421571,425,48,2.13551333698,207.872497234,229.616518963,48,48,0.9,0.5,0.7,1,2.29616518963,322.340929342,1,5.2,403.529145068,4.09880952381,27267a0bfa3529b4
1211,14000240,75,1,19.8543245151,325,41,2.05908469392,258.401833492,268.763142006,41,41,0.6,0.6,0.5,1,2.68763142006,322.340929342,1,5.2,403.529145068,4.09880952381,27267a0bfa3529b4
1211,14000240,75,2,462.401743002,175,39,2.73946830209,286.284316054,313.244968803,39,39,0.6,0.3,0.3,1,3.13244968803,322.340929342,1,5.2,403.529145068,4.09880952381,27267a0bfa3529b4
1211,14000240,75,3,11.6606088379,75,30,2.9945047438,323.780478029,349.876080062,30,30,0.4,0.4,0.1,1,3.49876080062,322.340929342,1,5.2,403.529145068,4.09880952381,27267a0bfa3529b4
1212,14000241,75,0,8.92830258092,325,35,2.6860700844,277.137320471,272.194648509,35,35,0.5,0.6,0.3,1,2.72194648509,245.269778454,1,3.7,299.858079352,3.66833333333,907b96ca32d147ff
1212,14000241,75,1,416.216126428,425,41,1.90816345087,384.800459239,314.332068566,41,41,0.1,0.4,0.2,1,3.14332068566,245.269778454,1,3.7,299.858079352,3.66833333333,907b96ca32d147ff
1212,14000241,75,2,280.938236063,175,65,1.9247909324,175.258168493,221.834828957,65,65,0.8,0.9,1,1,2.21834828957,245.269778454,1,3.7,299.858079352,3.66833333333,907b96ca32d147ff
1212,14000241,75,3,144.55344842,75,44,1.86673028924,161.961694509,252.697870048,44,44,0.8,0.6,0.7,1,2.52697870048,245.269778454,1,3.7,299.858079352,3.66833333333,907b96ca32d147ff
1213,14000242,75,0,82.3213051536,325,45,2.84902754797,251.568086148,193.325645678,45,45,0.5,0.8,0.5,1,1.93325645678,219.548102218,1,3.8,289.222111134,3.64166666667,e7f05b4d23760c3
1213,14000242,75,1,306.916221248,425,50,2.56148320393,245.124445642,244.237414183,50,50,0.6,0.6,0.8,1,2.44237414183,219.548102218,1,3.8,289.222111134,3.64166666667,e7f05b4d23760c3
1213,14000242,75,2,342.644959031,75,47,1.57886464349,241.610108453,338.419249695,47,47,0.5,0.1,0.5,1,3.38419249695,219.548102218,1,3.8,289.222111134,3.64166666667,e7f05b4d23760c3
1213,14000242,75,3,138.15329943,175,58,2.61801956837,224.191640414,234.516663062,58,58,0.7,0.6,0.7,1,2.34516663062,219.548102218,1,3.8,289.222111134,3.64166666667,e7f05b4d23760c3
1214,14000243,75,0,357.896994577,75,38,2.01528863804,305.062001644,326.243885492,38,38,0.5,0.5,0.4,1,3.26243885492,227.401953243,1,3.6,273.760717084,3.71476190476,89471a50005d83b4
1214,14000243,75,1,304.299716118,175,59,1.82210848267,225.721165702,260.238168917,59,59,0.7,0.6,1,1,2.60238168917,227.401953243,1,3.6,273.760717084,3.71476190476,89471a50005d83b4
1214,14000243,75,2,31.5237772469,325,47,2.91104978721,277.118774679,202.814264961,47,47,0.7,0.7,0.7,1,2.02814264961,227.401953243,1,3.6,273.760717084,3.71476190476,89471a50005d83b4
1214,14000243,75,3,151.737108404,425,47,2.27851062769,213.748620031,231.264147195,47,47,0.8,0.6,0.8,1,2.31264147195,227.401953243,1,3.6,273.760717084,3.71476190476,89471a50005d83b4
1215,14000244,75,0,57.6201017248,325,39,2.62329222987,335.447256166,316.868418314,39,39,0.3,0.3,0.1,1,3.16868418314,301.400392033,1,4.3,361.515569318,4.645,15cd2e4a56908dc9
1215,14000244,75,1,395.683056705,175,59,1.57050326515,204.723201478,177.995846506,59,59,0.8,0.9,0.8,1,1.77995846506,301.400392033,1,4.3,361.515569318,4.645,15cd2e4a56908dc9
1215,14000244,75,2,176.668086286,425,45,1.91179613702,275.799309631,302.733226565,45,45,0.4,0.5,0.8,1,3.02733226565,301.400392033,1,4.3,361.515569318,4.645,15cd2e4a56908dc9
1215,14000244,75,3,386.779370739,75,52,2.24639883304,263.743232408,199.434651433,52,52,0.6,0.7,0.6,1,1.99434651433,301.400392033,1,4.3,361.515569318,4.645,15cd2e4a56908dc9
1216,14000245,75,0,134.332606197,325,60,1.86134269235,198.013458746,198.666718697,60,60,0.8,0.9,0.9,1,1.98666718697,255.213923828,1,3.7,295.410651542,4.35166666667,c6d259d291b9f5a1
1216,14000245,75,1,375.66030881,425,44,2.98774325312,315.399735824,247.019954249,44,44,0.2,0.7,0.6,1,2.47019954249,255.213923828,1,3.7,295.410651542,4.35166666667,c6d259d291b9f5a1
1216,14000245,75,2,223.521343447,75,55,2.25250688189,248.28863697,237.520188065,55,55,0.6,0.7,0.8,1,2.37520188065,255.213923828,1,3.7,295.410651542,4.35166666667,c6d259d291b9f5a1
1216,14000245,75,3,374.326937956,175,53,2.61689291381,271.077815814,216.214742372,53,53,0.5,0.7,0.9,1,2.16214742372,255.213923828,1,3.7,295.410651542,4.35166666667,c6d259d291b9f5a1
1217,14000246,75,0,493.528047343,175,37,2.06866538863,323.113015086,292.993297234,37,37,0.4,0.4,0.3,1,2.92993297234,285.615777507,1,4,320.905284631,3.98333333333,96e1bfbbc20c059
1217,14000246,75,1,2.05472691899,75,27,2.1593674706,324.506254096,339.808856126,27,27,0.4,0.5,0.2,1,3.39808856126,285.615777507,1,4,320.905284631,3.98333333333,96e1bfbbc20c059
1217,14000246,75,2,385.031146122,325,52,2.04531270493,250.952540061,221.00311952,52,52,0.6,0.6,0.8,1,2.2100311952,285.615777507,1,4,320.905284631,3.98333333333,96e1bfbbc20c059
1217,14000246,75,3,23.5253621704,425,33,1.96957171002,275.45599673,307.539697418,33,33,0.5,0.5,0.3,1,3.07539697418,285.615777507,1,4,320.905284631,3.98333333333,96e1bfbbc20c059
1218,14000247,75,0,143.731254408,325,59,1.95474439708,204.458533745,185.661292652,59,59,0.8,0.9,0.9,1,1.85661292652,234.744611262,1,3.3,264.063726175,4.08333333333,3b4404b52faa0417
1218,14000247,75,1,75.6949548374,175,48,1.5721725054,246.825128159,234.185242744,48,48,0.6,0.7,1,1,2.34185242744,234.744611262,1,3.3,264.063726175,4.08333333333,3b4404b52faa0417
1218,14000247,75,2,480.670599857,75,27,2.6598869136,319.43799266,349.308101862,27,27,0.5,0.4,0.3,1,3.49308101862,234.744611262,1,3.3,264.063726175,4.08333333333,3b4404b52faa0417
1218,14000247,75,3,394.698246998,425,44,1.70273722149,280.829212598,260.604380704,44,44,0.5,0.5,0.8,1,2.60604380704,234.744611262,1,3.3,264.063726175,4.08333333333,3b4404b52faa0417
1219,14000248,75,0,151.784037869,325,58,1.69335981903,197.312947597,201.448277591,58,58,0.8,0.8,0.9,1,2.01448277591,246.814547426,1,3.5,278.927390413,3.6369047619,66ba9418924cafed
1219,14000248,75,1,292.79890805,175,62,2.30809085977,188.743787654,203.959405974,62,62,0.8,0.9,1,1,2.03959405974,246.814547426,1,3.5,278.927390413,3.6369047619,66ba9418924cafed
1219,14000248,75,2,121.296947206,425,48,2.07238783236,255.422795551,242.884114474,48,48,0.7,0.6,0.7,1,2.42884114474,246.814547426,1,3.5,278.927390413,3.6369047619,66ba9418924cafed
1219,14000248,75,3,399.484855811,75,30,2.79547109009,269.493211676,289.416878218,30,30,0.4,0.5,0.4,1,2.89416878218,246.814547426,1,3.5,278.927390413,3.6369047619,66ba9418924cafed
1220,14000249,75,0,100.849327599,175,45,1.77534143497,288.496622451,210.67750147,45,45,0.5,0.7,0.6,1,2.1067750147,227.173930424,1,3.4,264.060548396,3.495,4e5345fcfeadd0dc
1220,14000249,75,1,301.472185748,425,51,2.1098788628,207.578493097,273.492693607,51,51,0.9,0.7,0.8,1,2.73492693607,227.173930424,1,3.4,264.060548396,3.495,4e5345fcfeadd0dc
1220,14000249,75,2,318.791748411,325,61,2.3963000729,172.198728567,223.950004389,61,61,0.9,0.8,1,1,2.23950004389,227.173930424,1,3.4,264.060548396,3.495,4e5345fcfeadd0dc
1220,14000249,75,3,47.7669991571,75,31,2.67753318894,367.109163692,288.370612996,31,31,0.3,0.7,0.4,1,2.88370612996,227.173930424,1,3.4,264.060548396,3.495,4e5345fcfeadd0dc
1221,14000250,75,0,383.786534596,425,42,2.05921347392,323.197687843,236.966062094,42,42,0.5,0.6,0.5,1,2.36966062094,267.162387974,1,3.8,295.236496332,3.65666666667,c8982ee99dfa9e99
1221,14000250,75,1,131.393155759,175,51,1.90262131805,161.881978849,231.79176605,51,51,0.8,0.7,0.9,1,2.3179176605,267.162387974,1,3.8,295.236496332,3.65666666667,c8982ee99dfa9e99
1221,14000250,75,2,270.266390679,75,41,1.87513850283,265.311091216,263.068278644,41,41,0.6,0.4,0.9,1,2.63068278644,267.162387974,1,3.8,295.236496332,3.65666666667,c8982ee99dfa9e99
1221,14000250,75,3,261.020644311,325,63,1.75082290075,199.359405217,180.726607151,63,63,0.9,0.8,1,1,1.80726607151,267.162387974,1,3.8,295.236496332,3.65666666667,c8982ee99dfa9e99
1222,14000251,75,0,354.412687916,325,55,1.58817766483,228.40449595,177.768575051,55,55,0.8,0.9,0.9,1,1.77768575051,295.128752424,1,4.3,358.270634524,3.97238095238,fc3e3c77f354d1dc
1222,14000251,75,1,339.512301491,75,41,2.02653855544,238.314420886,337.563423527,41,41,0.8,0.3,0.4,1,3.37563423527,295.128752424,1,4.3,358.270634524,3.97238095238,fc3e3c77f354d1dc
1222,14000251,75,2,89.9704026193,175,48,2.98296249949,266.367180447,270.705499015,48,48,0.6,0.7,0.7,1,2.70705499015,295.128752424,1,4.3,358.270634524,3.97238095238,fc3e3c77f354d1dc
1222,14000251,75,3,11.7607162689,425,30,1.75935314561,367.510466826,260.510170578,30,30,0.3,0.7,0.3,1,2.60510170578,295.128752424,1,4.3,358.270634524,3.97238095238,fc3e3c77f354d1dc
1223,14000252,75,0,432.557099957,325,48,1.68677870189,218.262694112,279.386862538,48,48,0.7,0.7,0.7,1,2.79386862538,319.81796661,1,4.5,377.098904628,3.94071428571,a34bf2ac5314d1f4
1223,14000252,75,1,22.876524456,175,37,2.5500632898,358.179597543,265.112828215,37,37,0.3,0.6,0.3,1,2.65112828215,319.81796661,1,4.5,377.098904628,3.94071428571,a34bf2ac5314d1f4
1223,14000252,75,2,103.194147325,425,33,2.68245769896,357.383262421,255.512434934,33,33,0.1,0.7,0.3,1,2.55512434934,319.81796661,1,4.5,377.098904628,3.94071428571,a34bf2ac5314d1f4
1223,14000252,75,3,464.375653337,75,39,2.42421477679,252.330048081,301.666918528,39,39,0.6,0.5,0.4,1,3.01666918528,319.81796661,1,4.5,377.098904628,3.94071428571,a34bf2ac5314d1f4
1224,14000253,75,0,11.4958987041,425,28,2.65619256319,386.373150514,296.325103764,28,28,0.3,0.4,0.1,1,2.96325103764,264.885355535,1,4.1,293.484813389,4.13476190476,e7e463ea530945e2
1224,14000253,75,1,178.892451846,325,60,1.50853850006,231.719801919,195.765973485,60,60,0.7,0.8,0.7,1,1.95765973485,264.885355535,1,4.1,293.484813389,4.13476190476,e7e463ea530945e2
1224,14000253,75,2,160.045814898,175,58,1.60939900848,189.917621839,170.35232063,58,58,0.7,1,1,1,1.7035232063,264.885355535,1,4.1,293.484813389,4.13476190476,e7e463ea530945e2
1224,14000253,75,3,400.444805662,75,42,2.9803253658,204.304169432,288.990300146,42,42,0.7,0.5,0.6,1,2.88990300146,264.885355535,1,4.1,293.484813389,4.13476190476,e7e463ea530945e2
1225,14000254,75,0,483.320302895,425,24,2.37800464366,373.93275434,336.463356488,24,24,0.1,0.3,0.2,1,3.36463356488,315.200491411,1,5.2,376.698326845,2.89321428571,fd31a43047dd255b
1225,14000254,75,1,40.720528543,75,37,2.73603362339,292.888068967,313.725227765,37,37,0.5,0.5,0.5,1,3.13725227765,315.200491411,1,5.2,376.698326845,2.89321428571,fd31a43047dd255b
1225,14000254,75,2,339.06833787,325,49,2.21010547212,263.249223348,232.246242261,49,49,0.8,0.7,0.7,1,2.32246242261,315.200491411,1,5.2,376.698326845,2.89321428571,fd31a43047dd255b
1225,14000254,75,3,35.4368280965,175,44,1.89477694238,269.0036961,267.775011369,44,44,0.6,0.5,0.5,1,2.67775011369,315.200491411,1,5.2,376.698326845,2.89321428571,fd31a43047dd255b
1226,14000255,75,0,356.765337389,75,46,2.8358886794,217.070096401,208.231440793,46,46,0.9,0.9,0.8,1,2.08231440793,243.033941119,0.9,2.9,256.580197219,4.67037037037,bf11df55537dac7d
1226,14000255,75,1,146.964132926,425,52,2.92573206298,270.11227804,292.577871325,52,52,0.8,0.5,0.7,1,2.92577871325,243.033941119,0.9,2.9,256.580197219,4.67037037037,bf11df55537dac7d
1226,14000255,75,2,141.490729033,175,53,2.69723205156,215.71843259,221.374255915,53,53,0.9,0.7,0.8,1,2.21374255915,243.033941119,0.9,2.9,256.580197219,4.67037037037,bf11df55537dac7d
1226,14000255,75,3,253.163442755,325,67,1.83822385385,164.601708869,195.801587854,67,67,0.9,0.9,0.8,1,1.95801587854,243.033941119,0.9,2.9,256.580197219,4.67037037037,bf11df55537dac7d
1227,14000256,75,0,418.277991226,75,39,2.80408756628,328.592522115,229.41447738,39,39,0.6,0.8,0.6,1,2.2941447738,204.343361255,1,3.1,247.501666609,3.95833333333,c37c8b2195833212
1227,14000256,75,1,11.4725580368,425,26,2.93904380178,267.79614608,407.210193272,26,26,0.4,0.2,0.4,1,4.07210193272,204.343361255,1,3.1,247.501666609,3.95833333333,c37c8b2195833212
1227,14000256,75,2,255.242443745,325,63,1.73017961617,159.570883242,194.010642985,63,63,1,0.9,1,1,1.94010642985,204.343361255,1,3.1,247.501666609,3.95833333333,c37c8b2195833212
1227,14000256,75,3,112.281741024,175,57,2.21665222699,230.128978444,274.455679243,57,57,0.8,0.5,0.8,1,2.74455679243,204.343361255,1,3.1,247.501666609,3.95833333333,c37c8b2195833212
1228,14000257,75,0,93.6999226913,75,43,2.78653121724,243.15332046,268.203185363,43,43,0.7,0.6,0.5,1,2.68203185363,248.149668115,1,3.8,293.441978138,3.4630952381,48427e1d05faff88
1228,14000257,75,1,374.038725842,325,53,2.75868944689,243.838055636,253.883847378,53,53,0.8,0.6,0.8,1,2.53883847378,248.149668115,1,3.8,293.441978138,3.4630952381,48427e1d05faff88
1228,14000257,75,2,97.2874583243,425,36,1.84516302977,328.803826403,283.066922186,36,36,0.3,0.5,0.3,1,2.83066922186,248.149668115,1,3.8,293.441978138,3.4630952381,48427e1d05faff88
1228,14000257,75,3,421.876955286,175,46,2.90617338254,202.693141786,276.297929112,46,46,0.7,0.7,0.6,1,2.76297929112,248.149668115,1,3.8,293.441978138,3.4630952381,48427e1d05faff88
1229,14000258,75,0,419.325235035,175,57,1.82847442634,228.978602466,202.55408073,57,57,0.7,0.8,0.8,1,2.0255408073,186.711402132,1,2.8,200.386917754,4.075,e07a68bc33766e8d
1229,14000258,75,1,20.5688690638,425,22,2.33668349868,371.234141218,395.109192443,22,22,0.4,0.2,0.3,1,3.95109192443,186.711402132,1,2.8,200.386917754,4.075,e07a68bc33766e8d
1229,14000258,75,2,401.444273759,325,56,1.919527167,252.247883183,222.978178796,56,56,0.8,0.7,0.7,1,2.22978178796,186.711402132,1,2.8,200.386917754,4.075,e07a68bc33766e8d
1229,14000258,75,3,44.2601109975,75,32,2.97565981596,317.636034563,293.052916024,32,32,0.4,0.5,0.6,1,2.93052916024,186.711402132,1,2.8,200.386917754,4.075,e07a68bc33766e8d
1230,14000259,75,0,223.483348717,175,62,1.9212853123,204.408616012,185.127598042,62,62,0.9,0.9,1,1,1.85127598042,311.520205245,1,4.8,385.112273758,3.15238095238,a0e9a439ebe3bba0
1230,14000259,75,1,380.773097516,75,34,2.22766771258,307.415601863,250.199755861,34,34,0.4,0.6,0.3,1,2.50199755861,311.520205245,1,4.8,385.112273758,3.15238095238,a0e9a439ebe3bba0
1230,14000259,75,2,161.246809793,425,51,2.6440431854,239.777522898,259.719504172,51,51,0.6,0.7,0.8,1,2.59719504172,311.520205245,1,4.8,385.112273758,3.15238095238,a0e9a439ebe3bba0
1230,14000259,75,3,225.953226394,325,67,1.6867917775,191.818232148,189.906509573,67,67,0.8,0.9,0.9,1,1.89906509573,311.520205245,1,4.8,385.112273758,3.15238095238,a0e9a439ebe3bba0
1231,14000260,75,0,161.536121798,175,59,2.19824238808,250.886283804,221.931357724,59,59,0.8,0.7,0.8,1,2.21931357724,295.352887408,1,5.2,406.847574965,3.7603968254,b2dbb194d5ac6713
1231,14000260,75,1,251.209466384,425,52,1.7352997236,323.301729104,202.963745063,52,52,0.3,0.9,0.5,1,2.02963745063,295.352887408,1,5.2,406.847574965,3.7603968254,b2dbb194d5ac6713
1231,14000260,75,2,357.585346624,325,58,2.64315196246,240.447595615,211.831174994,58,58,0.7,0.7,0.8,1,2.11831174994,295.352887408,1,5.2,406.847574965,3.7603968254,b2dbb194d5ac6713
1231,14000260,75,3,372.362814063,75,44,1.89179969994,185.820574901,303.946128377,44,44,0.8,0.4,0.6,1,3.03946128377,295.352887408,1,5.2,406.847574965,3.7603968254,b2dbb194d5ac6713
1232,14000261,75,0,277.934659469,175,65,2.24602499891,192.844484285,230.410381254,65,65,0.8,1,1,1,2.30410381254,283.496725564,1,4.1,329.346806255,3.72,3a7cab66293cbc
1232,14000261,75,1,130.432442404,75,43,1.69957178837,288.417269458,324.979763947,43,43,0.5,0.3,0.3,1,3.24979763947,283.496725564,1,4.1,329.346806255,3.72,3a7cab66293cbc
1232,14000261,75,2,252.265744239,325,63,1.67117846685,163.934295619,183.575159914,63,63,0.9,0.9,1,1,1.83575159914,283.496725564,1,4.1,329.346806255,3.72,3a7cab66293cbc
1232,14000261,75,3,411.731517187,425,30,2.69262906288,259.579398783,222.356162035,30,30,0.5,0.5,0.7,1,2.22356162035,283.496725564,1,4.1,329.346806255,3.72,3a7cab66293cbc
1233,14000262,75,0,364.417302414,325,54,2.41502852207,231.743111743,221.709928826,54,54,0.9,0.8,1,1,2.21709928826,304.492803929,1,4.7,374.179449574,4.10761904762,3b494f75e775fddb
1233,14000262,75,1,66.6779880954,75,35,1.64521263542,353.822888097,336.424612157,35,35,0.3,0.3,0.4,1,3.36424612157,304.492803929,1,4.7,374.179449574,4.10761904762,3b494f75e775fddb
1233,14000262,75,2,478.170403863,425,29,2.3566352743,292.778828864,320.851328004,29,29,0.4,0.4,0.2,1,3.20851328004,304.492803929,1,4.7,374.179449574,4.10761904762,3b494f75e775fddb
1233,14000262,75,3,4.2006379021,175,40,2.74786666437,327.61808795,303.353967299,40,40,0.6,0.7,0.3,1,3.03353967299,304.492803929,1,4.7,374.179449574,4.10761904762,3b494f75e775fddb
1234,14000263,75,0,128.850435096,325,59,2.68980860906,234.602876394,235.832866078,59,59,0.8,0.9,0.8,1,2.35832866078,290.492440741,1,4.2,336.639816839,3.61666666667,fac88db1fdd23334
1234,14000263,75,1,412.053090042,175,45,2.84049568715,256.442118785,281.718998201,45,45,0.5,0.6,0.7,1,2.81718998201,290.492440741,1,4.2,336.639816839,3.61666666667,fac88db1fdd23334
1234,14000263,75,2,473.819026371,425,23,2.95617238686,373.915783963,340.741073433,23,23,0.2,0.4,0.1,1,3.40741073433,290.492440741,1,4.2,336.639816839,3.61666666667,fac88db1fdd23334
1234,14000263,75,3,46.3450783169,75,43,1.81647031073,251.961566507,305.756050543,43,43,0.6,0.3,0.3,1,3.05756050543,290.492440741,1,4.2,336.639816839,3.61666666667,fac88db1fdd23334
1235,14000264,75,0,410.829058939,325,49,2.74686854238,299.038050489,212.399766303,49,49,0.5,0.7,0.6,1,2.12399766303,267.446827309,0.9,3.5,304.475968373,3.62698412698,a0744b306ca2c431
1235,14000264,75,1,242.051568772,425,49,1.73426477789,278.594971656,267.977366333,49,49,0.5,0.8,0.6,1,2.67977366333,267.446827309,0.9,3.5,304.475968373,3.62698412698,a0744b306ca2c431
1235,14000264,75,2,66.9772139059,175,44,1.56428329918,193.667181499,261.009095556,44,44,0.8,0.6,0.6,1,2.61009095556,267.446827309,0.9,3.5,304.475968373,3.62698412698,a0744b306ca2c431
1235,14000264,75,3,364.32387128,75,45,1.97899058431,261.072069766,219.422502362,45,45,0.6,0.9,0.8,1,2.19422502362,267.446827309,0.9,3.5,304.475968373,3.62698412698,a0744b306ca2c431
1236,14000265,75,0,429.571517281,425,31,2.10064841058,289.016884322,258.22298881,31,31,0.6,0.5,0.3,1,2.5822298881,304.074893132,1,4.7,378.013040327,3.3619047619,c6a3a75e93d2cb81
1236,14000265,75,1,455.648654137,325,44,2.43972893274,257.283770786,231.175359654,44,44,0.7,0.8,0.8,1,2.31175359654,304.074893132,1,4.7,378.013040327,3.3619047619,c6a3a75e93d2cb81
1236,14000265,75,2,151.93643675,75,45,1.8211162492,261.545751294,286.780792439,45,45,0.7,0.5,0.7,1,2.86780792439,304.074893132,1,4.7,378.013040327,3.3619047619,c6a3a75e93d2cb81
1236,14000265,75,3,55.3441240044,175,44,2.9581328567,282.271026968,317.263228929,44,44,0.5,0.4,0.4,1,3.17263228929,304.074893132,1,4.7,378.013040327,3.3619047619,c6a3a75e93d2cb81
1237,14000266,75,0,263.897066955,75,46,1.83967923105,253.996569399,256.457552954,46,46,0.7,0.7,0.8,1,2.56457552954,279.499197983,1,4.4,355.6345513,3.34666666667,e7d541b462a01e5f
1237,14000266,75,1,261.321539332,325,68,1.98289185155,216.554299061,217.685350443,68,68,1,0.7,1,1,2.17685350443,279.499197983,1,4.4,355.6345513,3.34666666667,e7d541b462a01e5f
1237,14000266,75,2,113.645142817,175,48,1.92035405995,176.896745065,290.109140296,48,48,0.7,0.5,0.8,1,2.90109140296,279.499197983,1,4.4,355.6345513,3.34666666667,e7d541b462a01e5f
1237,14000266,75,3,96.4314674957,425,34,1.87026314371,250.032323887,333.499679598,34,34,0.6,0.4,0.5,1,3.33499679598,279.499197983,1,4.4,355.6345513,3.34666666667,e7d541b462a01e5f
1238,14000267,75,0,466.214454696,75,33,2.24934775125,299.803159983,259.146506756,33,33,0.3,0.7,0.3,1,2.59146506756,280.795048939,1,4.4,336.511331053,3.815,c8092074fde07967
1238,14000267,75,1,93.1985432423,425,35,1.81133363674,301.88159377,308.97673186,35,35,0.5,0.3,0.3,1,3.0897673186,280.795048939,1,4.4,336.511331053,3.815,c8092074fde07967
1238,14000267,75,2,141.506910228,325,56,1.82506704127,244.992087999,229.998663987,56,56,0.7,0.6,0.9,1,2.29998663987,280.795048939,1,4.4,336.511331053,3.815,c8092074fde07967
1238,14000267,75,3,312.721632029,175,63,2.12859675249,222.075584707,163.494575158,63,63,0.9,0.9,1,1,1.63494575158,280.795048939,1,4.4,336.511331053,3.815,c8092074fde07967
1239,14000268,75,0,295.305648403,325,64,2.24752240057,224.721212509,228.897483656,64,64,0.8,0.9,0.1,1,2.28897483656,364.871660153,0.1,0.2,145.795451796,4.5,a7b4f91e4dc55959
1239,14000268,75,1,238.877102237,425,52,1.54031095474,277.84241341,265.141131058,52,52,0.6,0.7,0.1,1,2.65141131058,364.871660153,0.1,0.2,145.795451796,4.5,a7b4f91e4dc55959
1239,14000268,75,2,360.669683,175,53,2.2248413444,204.483427517,231.687336652,53,53,0.6,0.5,0.1,1,2.31687336652,364.871660153,0.1,0.2,145.795451796,4.5,a7b4f91e4dc55959
1239,14000268,75,3,287.274975159,75,48,1.73057017926,221.818293495,244.287719869,48,48,0.6,0.8,0.1,1,2.44287719869,364.871660153,0.1,0.2,145.795451796,4.5,a7b4f91e4dc55959
1240,14000269,75,0,78.4235856887,425,30,2.99078218103,349.971058824,260.888154755,30,30,0.5,0.5,0.1,1,2.60888154755,335.078364233,0.6,2.5,329.972302597,3.2380952381,24bb03864baa5a62
1240,14000269,75,1,413.35220853,75,39,2.89036617814,205.696467117,360.348247741,39,39,0.9,0.2,0.5,1,3.60348247741,335.078364233,0.6,2.5,329.972302597,3.2380952381,24bb03864baa5a62
1240,14000269,75,2,114.236934355,175,45,2.31837111153,279.322270876,262.445398449,45,45,0.5,0.6,0.3,1,2.62445398449,335.078364233,0.6,2.5,329.972302597,3.2380952381,24bb03864baa5a62
1240,14000269,75,3,466.245568321,325,41,2.54506874947,194.0959671,327.362412142,41,41,1,0.4,0.4,1,3.27362412142,335.078364233,0.6,2.5,329.972302597,3.2380952381,24bb03864baa5a62
1241,14000270,75,0,112.669561066,175,55,1.58806122843,202.732502423,182.940095803,55,55,0.7,1,1,1,1.82940095803,216.395530497,1,3.5,264.152501942,3.77083333333,af67b13161cc30f3
1241,14000270,75,1,383.278790158,325,50,2.18910794458,264.984712057,282.714235529,50,50,0.6,0.5,0.8,1,2.82714235529,216.395530497,1,3.5,264.152501942,3.77083333333,af67b13161cc30f3
1241,14000270,75,2,425.634639525,75,31,2.71048336529,341.93825744,339.167761274,31,31,0.2,0.4,0.2,1,3.39167761274,216.395530497,1,3.5,264.152501942,3.77083333333,af67b13161cc30f3
1241,14000270,75,3,25.7183677571,425,38,2.33609824326,283.751445996,245.787691762,38,38,0.6,0.6,0.6,1,2.45787691762,216.395530497,1,3.5,264.152501942,3.77083333333,af67b13161cc30f3
1242,14000271,75,0,72.843809173,325,54,2.52884152972,237.962128993,314.732608201,54,54,0.8,0.4,0.5,1,3.14732608201,315.903757504,1,4.6,371.85876256,4.09023809524,1117eb0f970a8465
1242,14000271,75,1,64.0644054334,425,44,2.15551632926,312.695686576,381.433952723,44,44,0.7,0.3,0.3,1,3.81433952723,315.903757504,1,4.6,371.85876256,4.09023809524,1117eb0f970a8465
1242,14000271,75,2,401.40878314,175,43,2.89058109367,259.864076384,216.033021715,43,43,0.6,0.7,0.8,1,2.16033021715,315.903757504,1,4.6,371.85876256,4.09023809524,1117eb0f970a8465
1242,14000271,75,3,227.383433185,75,53,1.87711706579,222.714132881,195.425999924,53,53,0.8,0.9,0.9,1,1.95425999924,315.903757504,1,4.6,371.85876256,4.09023809524,1117eb0f970a8465
1243,14000272,75,0,469.657943822,75,31,1.515875882,298.040493611,336.062810039,31,31,0.7,0.4,0.4,1,3.36062810039,207.867348907,1,3.9,283.490651695,2.86452380952,988efbe4723a646c
1243,14000272,75,1,90.7029389514,325,51,2.46069826722,237.221760968,226.944720958,51,51,0.7,0.8,0.7,1,2.26944720958,207.867348907,1,3.9,283.490651695,2.86452380952,988efbe4723a646c
1243,14000272,75,2,433.356009393,175,46,2.86007032832,227.877295589,248.53069772,46,46,0.7,0.7,0.6,1,2.4853069772,207.867348907,1,3.9,283.490651695,2.86452380952,988efbe4723a646c
1243,14000272,75,3,125.866763019,425,42,1.55978858116,258.610535757,218.722425175,42,42,0.6,0.8,0.7,1,2.18722425175,207.867348907,1,3.9,283.490651695,2.86452380952,988efbe4723a646c
1244,14000273,75,0,412.972073241,425,41,2.3633029427,287.774853485,274.198332968,41,41,0.5,0.7,0.5,1,2.74198332968,176.45090743,1,2.8,212.049488791,4.405,57edddf5152fd0f0
1244,14000273,75,1,94.1672229383,325,50,2.51440680731,237.691922205,222.605207936,50,50,0.6,0.8,0.9,1,2.22605207936,176.45090743,1,2.8,212.049488791,4.405,57edddf5152fd0f0
1244,14000273,75,2,19.8779116445,175,35,1.667813952,286.339084095,268.921698073,35,35,0.4,0.9,0.7,1,2.68921698073,176.45090743,1,2.8,212.049488791,4.405,57edddf5152fd0f0
1244,14000273,75,3,486.404166653,75,32,2.89180557543,321.119205194,282.743418059,32,32,0.5,0.6,0.7,1,2.82743418059,176.45090743,1,2.8,212.049488791,4.405,57edddf5152fd0f0
1245,14000274,75,0,289.674355963,175,64,1.78272955553,210.6955784,202.296845339,64,64,0.9,0.9,1,1,2.02296845339,267.274504371,1,3.8,300.392783982,3.44833333333,fdb382af40b7be55
1245,14000274,75,1,259.170147112,75,48,2.02565132113,265.0326904,224.34638146,48,48,0.7,0.7,0.9,1,2.2434638146,267.274504371,1,3.8,300.392783982,3.44833333333,fdb382af40b7be55
1245,14000274,75,2,223.828616426,425,55,1.64628743053,235.717762219,293.121410405,55,55,0.8,0.6,0.5,1,2.93121410405,267.274504371,1,3.8,300.392783982,3.44833333333,fdb382af40b7be55
1245,14000274,75,3,187.591372702,325,61,1.66513683097,205.778620708,247.315475594,61,61,0.7,0.6,0.9,1,2.47315475594,267.274504371,1,3.8,300.392783982,3.44833333333,fdb382af40b7be55
1246,14000275,75,0,15.4261565328,325,37,1.52500129288,309.693625342,266.24242851,37,37,0.4,0.7,0.5,1,2.6624242851,218.283004445,1,4.8,341.488885076,2.85166666667,3cf107d211142ff8
1246,14000275,75,1,383.925072752,75,38,2.2585750785,266.614307729,345.601426302,38,38,0.5,0.2,0.4,1,3.45601426302,218.283004445,1,4.8,341.488885076,2.85166666667,3cf107d211142ff8
1246,14000275,75,2,484.285302901,175,32,2.70618572766,264.358019873,351.236631417,32,32,0.5,0.2,0.4,1,3.51236631417,218.283004445,1,4.8,341.488885076,2.85166666667,3cf107d211142ff8
1246,14000275,75,3,266.35813181,425,39,1.74037356189,219.69927498,236.773224824,39,39,0.7,0.5,0.7,1,2.36773224824,218.283004445,1,4.8,341.488885076,2.85166666667,3cf107d211142ff8
1247,14000276,75,0,448.60132268,425,35,2.53517970175,302.297541255,239.240816661,35,35,0.3,0.7,0.5,1,2.39240816661,197.44751477,0.9,2.7,225.583306322,3.61507936508,9f7a176e3b59ac98
1247,14000276,75,1,112.511285517,175,45,1.62927773467,252.17079228,260.526935505,45,45,0.7,0.7,0.6,1,2.60526935505,197.44751477,0.9,2.7,225.583306322,3.61507936508,9f7a176e3b59ac98
1247,14000276,75,2,419.867242996,325,53,2.81093429446,250.745599517,185.246529653,53,53,0.6,0.9,0.9,1,1.85246529653,197.44751477,0.9,2.7,225.583306322,3.61507936508,9f7a176e3b59ac98
1247,14000276,75,3,123.456552431,75,37,2.78502534207,270.165178169,291.014944947,37,37,0.6,0.6,0.5,1,2.91014944947,197.44751477,0.9,2.7,225.583306322,3.61507936508,9f7a176e3b59ac98
1248,14000277,75,0,411.530344368,425,34,2.07186461336,280.179052401,362.368522406,34,34,0.6,0.1,0.3,1,3.62368522406,280.808058359,1,4.1,327.302124052,3.77833333333,ebae9821b4bc665a
1248,14000277,75,1,105.763474593,75,41,1.86501309145,289.344220523,200.537287266,41,41,0.6,0.9,0.9,1,2.00537287266,280.808058359,1,4.1,327.302124052,3.77833333333,ebae9821b4bc665a
1248,14000277,75,2,418.695383894,175,49,2.84414648243,178.296873084,330.326098449,49,49,0.8,0.3,0.5,1,3.30326098449,280.808058359,1,4.1,327.302124052,3.77833333333,ebae9821b4bc665a
1248,14000277,75,3,218.277947261,325,64,1.59991082819,201.500970516,175.254143556,64,64,0.9,0.9,1,1,1.75254143556,280.808058359,1,4.1,327.302124052,3.77833333333,ebae9821b4bc665a
1249,14000278,75,0,121.59981461,425,32,2.21255762461,312.267157307,310.565121745,32,32,0.3,0.4,0.4,1,3.10565121745,218.064894247,1,3.7,299.757937562,3.695,b23359b599e09e57
1249,14000278,75,1,464.296379483,325,39,2.50004681967,294.094570633,249.727697781,39,39,0.5,0.7,0.4,1,2.49727697781,218.064894247,1,3.7,299.757937562,3.695,b23359b599e09e57
1249,14000278,75,2,369.473061198,175,55,2.1770945502,193.638826391,191.132180074,55,55,0.8,0.9,0.9,1,1.91132180074,218.064894247,1,3.7,299.757937562,3.695,b23359b599e09e57
1249,14000278,75,3,27.6562027178,75,28,2.51744125089,302.637352125,329.911896777,28,28,0.4,0.4,0.5,1,3.29911896777,218.064894247,1,3.7,299.757937562,3.695,b23359b599e09e57
1250,14000279,75,0,131.04761723,175,59,2.24218097964,168.295854281,206.827353943,59,59,0.9,0.8,0.7,1,2.06827353943,281.866385042,1,4.5,359.750258936,3.57916666667,a4f28155ff91c443
1250,14000279,75,1,364.941548724,425,40,2.8936089449,317.302950687,292.160712192,40,40,0.4,0.4,0.5,1,2.92160712192,281.866385042,1,4.5,359.750258936,3.57916666667,a4f28155ff91c443
1250,14000279,75,2,485.620836441,325,33,2.32669277651,346.723817553,313.16775141,33,33,0.3,0.4,0.3,1,3.1316775141,281.866385042,1,4.5,359.750258936,3.57916666667,a4f28155ff91c443
1250,14000279,75,3,144.414464666,75,53,2.98664665921,198.170112211,251.427797593,53,53,0.8,0.8,0.7,1,2.51427797593,281.866385042,1,4.5,359.750258936,3.57916666667,a4f28155ff91c443
1251,14000280,75,0,348.457785829,175,58,2.25068970126,226.335499377,171.66036115,58,58,0.8,0.9,1,1,1.7166036115,222.033289877,1,3.6,263.772627362,3.75119047619,7cda3bfb37efd196
1251,14000280,75,1,106.274765711,325,54,2.81631836443,226.59241535,286.082863159,54,54,0.7,0.6,0.8,1,2.86082863159,222.033289877,1,3.6,263.772627362,3.75119047619,7cda3bfb37efd196
1251,14000280,75,2,408.415259617,75,38,1.75713208427,270.644715913,219.243626976,38,38,0.6,0.9,0.6,1,2.19243626976,222.033289877,1,3.6,263.772627362,3.75119047619,7cda3bfb37efd196
1251,14000280,75,3,191.866887365,425,49,2.13525211794,264.070761698,298.635312492,49,49,0.6,0.4,0.5,1,2.98635312492,222.033289877,1,3.6,263.772627362,3.75119047619,7cda3bfb37efd196
1252,14000281,75,0,447.958030336,175,41,2.77526534722,230.122461125,297.588671047,41,41,0.6,0.4,0.8,1,2.97588671047,232.229539072,1,3.2,258.491103339,4.27166666667,c9a565ad73f23160
1252,14000281,75,1,311.074203209,75,49,2.01194270094,212.7857276,271.862027289,49,49,0.8,0.5,0.8,1,2.71862027289,232.229539072,1,3.2,258.491103339,4.27166666667,c9a565ad73f23160
1252,14000281,75,2,114.31080142,425,46,1.54718451348,303.802377194,206.766758841,46,46,0.5,0.8,0.8,1,2.06766758841,232.229539072,1,3.2,258.491103339,4.27166666667,c9a565ad73f23160
1252,14000281,75,3,15.7409270426,325,40,1.59071467966,312.221331661,229.550825329,40,40,0.4,0.7,0.5,1,2.29550825329,232.229539072,1,3.2,258.491103339,4.27166666667,c9a565ad73f23160
1253,14000282,75,0,139.74191245,75,44,2.92695081224,314.424162336,296.168656683,44,44,0.5,0.4,0.6,1,2.96168656683,281.559528681,1,4.5,339.89847916,4.44595238095,be1a9ed75add9c8a
1253,14000282,75,1,459.807974374,325,44,2.69551665176,252.599203384,237.373762281,44,44,0.6,0.8,0.6,1,2.37373762281,281.559528681,1,4.5,339.89847916,4.44595238095,be1a9ed75add9c8a
1253,14000282,75,2,142.099620008,175,55,2.3360134623,260.288393931,253.169777878,55,55,0.7,0.7,1,1,2.53169777878,281.559528681,1,4.5,339.89847916,4.44595238095,be1a9ed75add9c8a
1253,14000282,75,3,310.541553036,425,49,1.70630213597,239.378940024,217.985056493,49,49,0.6,0.8,0.6,1,2.17985056493,281.559528681,1,4.5,339.89847916,4.44595238095,be1a9ed75add9c8a
1254,14000283,75,0,26.5949033777,75,32,1.8261673504,313.307745656,308.735944851,32,32,0.4,0.4,0.3,1,3.08735944851,281.412860081,1,4,320.397639597,4.18380952381,8719ec54c4a5264f
1254,14000283,75,1,44.5399069298,175,44,2.53377822795,251.319863065,258.800026181,44,44,0.6,0.6,0.7,1,2.58800026181,281.412860081,1,4,320.397639597,4.18380952381,8719ec54c4a5264f
1254,14000283,75,2,401.463502594,425,42,2.93811459873,279.689381582,273.91187359,42,42,0.6,0.6,0.6,1,2.7391187359,281.412860081,1,4,320.397639597,4.18380952381,8719ec54c4a5264f
1254,14000283,75,3,371.097275477,325,54,2.82371499325,225.229652653,224.910624452,54,54,0.6,0.8,0.9,1,2.24910624452,281.412860081,1,4,320.397639597,4.18380952381,8719ec54c4a5264f
1255,14000284,75,0,158.283235938,175,53,2.16900459523,225.450485225,237.766069349,53,53,0.8,0.6,0.9,1,2.37766069349,264.747544241,1,4.2,329.816746435,3.4675,9c840650cf5aff3
1255,14000284,75,1,346.265994205,325,55,2.61528701851,205.573954917,234.196259044,55,55,0.6,0.8,0.8,1,2.34196259044,264.747544241,1,4.2,329.816746435,3.4675,9c840650cf5aff3
1255,14000284,75,2,159.837288151,425,44,2.35331697227,251.734830805,261.116713624,44,44,0.7,0.6,0.6,1,2.61116713624,264.747544241,1,4.2,329.816746435,3.4675,9c840650cf5aff3
1255,14000284,75,3,370.97110267,75,39,2.3676701945,283.791820477,273.636011389,39,39,0.6,0.5,0.3,1,2.73636011389,264.747544241,1,4.2,329.816746435,3.4675,9c840650cf5aff3
1256,14000285,75,0,420.57759795,175,53,2.91595114585,223.005022027,290.660330398,53,53,0.8,0.7,0.7,1,2.90660330398,246.920343998,1,3.9,302.200885017,4.17452380952,2b4ef8496b582ce8
1256,14000285,75,1,325.79581141,425,52,2.33005522671,194.38391119,238.160650866,52,52,0.8,0.7,0.7,1,2.38160650866,246.920343998,1,3.9,302.200885017,4.17452380952,2b4ef8496b582ce8
1256,14000285,75,2,73.181985689,325,48,2.84328136614,269.198478403,251.076264634,48,48,0.6,0.6,0.6,1,2.51076264634,246.920343998,1,3.9,302.200885017,4.17452380952,2b4ef8496b582ce8
1256,14000285,75,3,95.7597592704,75,31,1.57409748695,336.716198676,292.20809862,31,31,0.2,0.4,0.4,1,2.9220809862,246.920343998,1,3.9,302.200885017,4.17452380952,2b4ef8496b582ce8
1257,14000286,75,0,270.303076237,325,60,1.76781813322,254.025909254,210.074191865,60,60,0.7,0.7,0.9,1,2.10074191865,222.450481825,1,3.3,252.129167734,3.30714285714,37612b3faa8345ec
1257,14000286,75,1,221.444461309,175,65,2.05881304967,184.986789173,176.744885487,65,65,0.9,1,0.9,1,1.76744885487,222.450481825,1,3.3,252.129167734,3.30714285714,37612b3faa8345ec
1257,14000286,75,2,149.28450012,75,47,2.81509102531,179.3492884,208.343979793,47,47,0.8,0.8,0.9,1,2.08343979793,222.450481825,1,3.3,252.129167734,3.30714285714,37612b3faa8345ec
1257,14000286,75,3,230.717259173,425,42,1.89454774385,306.51911845,282.840952352,42,42,0.4,0.4,0.4,1,2.82840952352,222.450481825,1,3.3,252.129167734,3.30714285714,37612b3faa8345ec
1258,14000287,75,0,419.92069731,175,45,2.50275048974,285.557638595,223.220153729,45,45,0.5,0.6,0.6,1,2.23220153729,321.791206405,1,4.9,379.680766296,3.14253968254,a71997cc0e23bdd5
1258,14000287,75,1,186.22762938,75,51,2.43905979494,234.812449378,254.821445963,51,51,0.8,0.6,0.7,1,2.54821445963,321.791206405,1,4.9,379.680766296,3.14253968254,a71997cc0e23bdd5
1258,14000287,75,2,108.679562517,325,48,2.90312027968,220.2832414,295.635961218,48,48,0.5,0.2,0.8,1,2.95635961218,321.791206405,1,4.9,379.680766296,3.14253968254,a71997cc0e23bdd5
1258,14000287,75,3,377.483442517,425,30,2.57950252737,328.041085111,228.287468859,30,30,0.3,0.6,0.4,1,2.28287468859,321.791206405,1,4.9,379.680766296,3.14253968254,a71997cc0e23bdd5
1259,14000288,75,0,318.526071908,75,48,2.45068317768,279.588208165,242.205207607,48,48,0.5,0.7,0.5,1,2.42205207607,233.009585446,1,3.8,300.585324165,3.94666666667,c6e656e481c0c53f
1259,14000288,75,1,414.949308461,425,40,2.61275525584,177.930162687,291.088595078,40,40,0.7,0.5,0.6,1,2.91088595078,233.009585446,1,3.8,300.585324165,3.94666666667,c6e656e481c0c53f
1259,14000288,75,2,40.519461128,325,40,2.37409143095,319.557612246,266.622609229,40,40,0.3,0.5,0.6,1,2.66622609229,233.009585446,1,3.8,300.585324165,3.94666666667,c6e656e481c0c53f
1259,14000288,75,3,68.9360162593,175,52,1.90468273143,327.429268138,236.638386107,52,52,0.4,0.7,0.5,1,2.36638386107,233.009585446,1,3.8,300.585324165,3.94666666667,c6e656e481c0c53f
1260,14000289,75,0,91.3385840983,425,36,2.14459140471,217.190218076,262.502669446,36,36,0.8,0.5,0.5,1,2.62502669446,273.943489601,1,4.2,320.809391432,3.16666666667,7248bf9694f716f
1260,14000289,75,1,387.827181185,175,52,2.81831373613,244.023994026,254.176457532,52,52,0.7,0.5,0.5,1,2.54176457532,273.943489601,1,4.2,320.809391432,3.16666666667,7248bf9694f716f
1260,14000289,75,2,140.553671848,325,54,1.92345782634,141.793126006,231.668289633,54,54,1,0.6,0.8,1,2.31668289633,273.943489601,1,4.2,320.809391432,3.16666666667,7248bf9694f716f
1260,14000289,75,3,217.043896369,75,48,1.71043141407,217.743153158,288.076473415,48,48,0.7,0.5,0.6,1,2.88076473415,273.943489601,1,4.2,320.809391432,3.16666666667,7248bf9694f716f
1261,14000290,75,0,499.708208114,175,33,1.95920439635,368.250583854,286.521083765,33,33,0.4,0.5,0.2,1,2.86521083765,235.62535433,0.9,3.3,303.454713706,3.33174603175,5691a1d1e2b90c10
1261,14000290,75,1,486.487516547,75,27,2.55605140261,365.428945116,308.48619984,27,27,0.3,0.4,0.2,1,3.0848619984,235.62535433,0.9,3.3,303.454713706,3.33174603175,5691a1d1e2b90c10
1261,14000290,75,2,37.9393597538,425,32,2.96033747351,301.765638056,334.878454761,32,32,0.5,0.4,0.4,1,3.34878454761,235.62535433,0.9,3.3,303.454713706,3.33174603175,5691a1d1e2b90c10
1261,14000290,75,3,141.476653421,325,55,2.51922211724,241.66458144,219.763597274,55,55,0.7,0.8,0.9,1,2.19763597274,235.62535433,0.9,3.3,303.454713706,3.33174603175,5691a1d1e2b90c10
1262,14000291,75,0,283.125843887,325,64,1.67364912098,153.963355568,211.709218874,64,64,1,1,1,1,2.11709218874,236.949959738,1,3.7,292.803742683,3.85619047619,da7c15c57265f2d6
1262,14000291,75,1,341.89706372,425,44,2.21840598836,132.05563976,241.412684224,44,44,0.9,0.6,0.6,1,2.41412684224,236.949959738,1,3.7,292.803742683,3.85619047619,da7c15c57265f2d6
1262,14000291,75,2,23.1954580024,175,38,2.03937194613,363.707416548,281.993978135,38,38,0.1,0.5,0.3,1,2.81993978135,236.949959738,1,3.7,292.803742683,3.85619047619,da7c15c57265f2d6
1262,14000291,75,3,377.009030203,75,40,2.29640665963,327.350269668,316.635665684,40,40,0.3,0.4,0.5,1,3.16635665684,236.949959738,1,3.7,292.803742683,3.85619047619,da7c15c57265f2d6
1263,14000292,75,0,4.76906132267,75,23,2.67095855818,360.273942445,418.187097461,23,23,0.3,0.1,0,1,4.18187097461,313.362961279,0.9,4.3,360.070712669,4.16388888889,3b2eaf17b47ba9d8
1263,14000292,75,1,375.117798796,325,59,2.42346518018,190.981574945,195.087742509,59,59,0.7,0.8,0.8,1,1.95087742509,313.362961279,0.9,4.3,360.070712669,4.16388888889,3b2eaf17b47ba9d8
1263,14000292,75,2,36.1739009983,425,34,2.69935517038,339.675568094,312.293812767,34,34,0.3,0.4,0.1,1,3.12293812767,313.362961279,0.9,4.3,360.070712669,4.16388888889,3b2eaf17b47ba9d8
1263,14000292,75,3,263.895597463,175,60,1.88037759583,190.347015006,241.097002321,60,60,1,0.7,0.8,1,2.41097002321,313.362961279,0.9,4.3,360.070712669,4.16388888889,3b2eaf17b47ba9d8
1264,14000293,75,0,81.3867456348,75,35,2.40907804934,192.851896436,275.092714683,35,35,0.7,0.5,0.5,1,2.75092714683,275.781334536,1,4.4,343.969068208,3.35571428571,3daeed16ecb25209
1264,14000293,75,1,252.133384139,425,45,1.63428725689,319.307710154,251.757547883,45,45,0.4,0.6,0.5,1,2.51757547883,275.781334536,1,4.4,343.969068208,3.35571428571,3daeed16ecb25209
1264,14000293,75,2,466.032830795,175,38,2.34154479784,291.17212301,303.355212801,38,38,0.3,0.4,0.3,1,3.03355212801,275.781334536,1,4.4,343.969068208,3.35571428571,3daeed16ecb25209
1264,14000293,75,3,216.613104613,325,62,1.78120400393,240.7452865,208.278338509,62,62,0.8,0.7,1,1,2.08278338509,275.781334536,1,4.4,343.969068208,3.35571428571,3daeed16ecb25209
1265,14000294,75,0,312.285161932,425,57,2.30027024774,219.424174857,208.12139265,57,57,0.7,0.8,0.8,1,2.0812139265,201.181193068,1,3.3,261.740882423,3.59,82e77a66a57ddf5c
1265,14000294,75,1,364.011199255,75,48,2.41892371772,309.810869184,276.563067026,48,48,0.4,0.4,0.6,1,2.76563067026,201.181193068,1,3.3,261.740882423,3.59,82e77a66a57ddf5c
1265,14000294,75,2,25.1188783631,325,37,2.55982340414,224.411078984,339.620834066,37,37,0.7,0.3,0.5,1,3.39620834066,201.181193068,1,3.3,261.740882423,3.59,82e77a66a57ddf5c
1265,14000294,75,3,263.14324479,175,66,1.79461532363,222.725634696,232.888563498,66,66,0.8,0.8,1,1,2.32888563498,201.181193068,1,3.3,261.740882423,3.59,82e77a66a57ddf5c
1266,14000295,75,0,311.062289647,75,48,1.56884329764,308.497541891,283.498598458,48,48,0.4,0.5,0.4,1,2.83498598458,270.078447997,1,4.4,335.100924216,3.27738095238,2c4d581a5b4ed280
1266,14000295,75,1,244.843890116,325,68,1.69881196867,208.28517015,160.725726506,68,68,1,1,1,1,1.60725726506,270.078447997,1,4.4,335.100924216,3.27738095238,2c4d581a5b4ed280
1266,14000295,75,2,115.760908662,175,46,2.21823836144,261.934055999,219.665431949,46,46,0.4,0.7,0.6,1,2.19665431949,270.078447997,1,4.4,335.100924216,3.27738095238,2c4d581a5b4ed280
1266,14000295,75,3,224.630654669,425,50,1.89686144352,219.298352692,202.387227831,50,50,0.6,0.9,1,1,2.02387227831,270.078447997,1,4.4,335.100924216,3.27738095238,2c4d581a5b4ed280
1267,14000296,75,0,395.3734534,75,37,1.61290195498,240.020110789,285.775591147,37,37,0.5,0.5,0.7,1,2.85775591147,277.285289213,1,4.6,360.790181577,4.51892857143,789f8d67486974a
1267,14000296,75,1,27.3864131042,325,45,2.87246798682,312.712049906,286.38622079,45,45,0.5,0.6,0.3,1,2.8638622079,277.285289213,1,4.6,360.790181577,4.51892857143,789f8d67486974a
1267,14000296,75,2,169.166796774,425,44,2.45986334498,272.841239714,235.419821491,44,44,0.6,0.6,0.5,1,2.35419821491,277.285289213,1,4.6,360.790181577,4.51892857143,789f8d67486974a
1267,14000296,75,3,393.428344604,175,51,2.05959119055,201.758997089,226.156227673,51,51,0.8,0.8,0.8,1,2.26156227673,277.285289213,1,4.6,360.790181577,4.51892857143,789f8d67486974a
1268,14000297,75,0,363.670015049,425,46,2.96694616764,244.09755397,206.505059788,46,46,0.5,0.8,1,1,2.06505059788,305.393424206,1,4.7,360.741466834,4.31666666667,389301c0e7638e16
1268,14000297,75,1,84.1336515381,325,51,2.4455755881,202.955689441,225.151792305,51,51,0.9,0.7,1,1,2.25151792305,305.393424206,1,4.7,360.741466834,4.31666666667,389301c0e7638e16
1268,14000297,75,2,348.052370867,175,49,1.83481316755,256.052683604,233.190850552,49,49,0.6,0.6,0.7,1,2.33190850552,305.393424206,1,4.7,360.741466834,4.31666666667,389301c0e7638e16
1268,14000297,75,3,128.934571748,75,38,1.57533138567,296.957588162,329.925204407,38,38,0.5,0.4,0.2,1,3.29925204407,305.393424206,1,4.7,360.741466834,4.31666666667,389301c0e7638e16
1269,14000298,75,0,92.0825034759,175,47,1.85577346297,275.691659415,253.785289225,47,47,0.6,0.6,0.7,1,2.53785289225,227.58920882,0.8,2.3,227.120156165,3.64166666667,4bb61e64eacf96ad
1269,14000298,75,1,411.652868962,425,41,2.81028539815,301.765464647,264.543186931,41,41,0.4,0.6,0.3,1,2.64543186931,227.58920882,0.8,2.3,227.120156165,3.64166666667,4bb61e64eacf96ad
1269,14000298,75,2,311.576818245,325,62,1.65035240038,232.585393676,185.748576008,62,62,0.7,0.7,0.8,1,1.85748576008,227.58920882,0.8,2.3,227.120156165,3.64166666667,4bb61e64eacf96ad
1269,14000298,75,3,149.804930788,75,46,2.22277851752,260.203537377,268.410108173,46,46,0.5,0.4,0.6,1,2.68410108173,227.58920882,0.8,2.3,227.120156165,3.64166666667,4bb61e64eacf96ad
1270,14000299,75,0,86.0554843305,175,48,2.79768822432,258.321065735,279.094222719,48,48,0.5,0.4,0.3,1,2.79094222719,260.266166638,0.9,3.1,292.701383686,3.07962962963,d44bd0b2a59a67a1
1270,14000299,75,1,490.926786299,325,29,2.06064312441,287.93378161,276.194121585,29,29,0.4,0.4,0.3,1,2.76194121585,260.266166638,0.9,3.1,292.701383686,3.07962962963,d44bd0b2a59a67a1
1270,14000299,75,2,243.168012364,425,41,1.58059165341,246.035253884,321.869818149,41,41,0.5,0.5,0.5,1,3.21869818149,260.266166638,0.9,3.1,292.701383686,3.07962962963,d44bd0b2a59a67a1
1270,14000299,75,3,492.031434966,75,35,2.91062122844,315.508226796,202.655253089,35,35,0.4,0.7,0.6,1,2.02655253089,260.266166638,0.9,3.1,292.701383686,3.07962962963,d44bd0b2a59a67a1
1271,14000300,75,0,9.94933644227,175,38,2.68095380191,250.946676069,311.598659375,38,38,0.6,0.4,0.4,1,3.11598659375,306.839733275,1,4.8,407.917107063,3.67666666667,7c50fa9a104921ca
1271,14000300,75,1,30.7427444331,425,34,2.91704018362,316.951932065,280.373073994,34,34,0.5,0.6,0.3,1,2.80373073994,306.839733275,1,4.8,407.917107063,3.67666666667,7c50fa9a104921ca
1271,14000300,75,2,352.739198439,325,55,2.62619211671,239.482745563,206.484382794,55,55,0.7,0.8,0.9,1,2.06484382794,306.839733275,1,4.8,407.917107063,3.67666666667,7c50fa9a104921ca
1271,14000300,75,3,470.89728204,75,25,2.77273679056,355.095398286,371.191153765,25,25,0.1,0.2,0.2,1,3.71191153765,306.839733275,1,4.8,407.917107063,3.67666666667,7c50fa9a104921ca
1272,14000301,75,0,10.660572865,325,41,2.43040352653,323.649173834,376.251583512,41,41,0.4,0.3,0.3,1,3.76251583512,196.889351569,1,2.9,215.658024539,3.29833333333,4afbf6b6af192825
1272,14000301,75,1,454.57102155,75,31,1.90252950546,277.419124739,210.200586279,31,31,0.5,0.7,0.6,1,2.10200586279,196.889351569,1,2.9,215.658024539,3.29833333333,4afbf6b6af192825
1272,14000301,75,2,365.181719112,425,47,2.51367300374,267.314219381,278.538373851,47,47,0.5,0.5,0.5,1,2.78538373851,196.889351569,1,2.9,215.658024539,3.29833333333,4afbf6b6af192825
1272,14000301,75,3,66.368421332,175,46,2.56586932736,250.297315123,302.236944023,46,46,0.6,0.5,0.4,1,3.02236944023,196.889351569,1,2.9,215.658024539,3.29833333333,4afbf6b6af192825
1273,14000302,75,0,140.846949039,75,43,2.1398373616,271.449701757,248.736915393,43,43,0.6,0.6,0.7,1,2.48736915393,174.70108076,1,2.5,196.073315516,3.95833333333,959a61ae0f44a648
1273,14000302,75,1,240.45187919,175,69,1.86761175218,180.393093847,160.144961621,69,69,0.9,1,1,1,1.60144961621,174.70108076,1,2.5,196.073315516,3.95833333333,959a61ae0f44a648
1273,14000302,75,2,275.990927565,325,67,1.82733697312,149.590103994,172.38147661,67,67,1,0.9,0.9,1,1.7238147661,174.70108076,1,2.5,196.073315516,3.95833333333,959a61ae0f44a648
1273,14000302,75,3,6.71896307672,425,34,2.25299305931,269.928674059,317.552705398,34,34,0.5,0.5,0.3,1,3.17552705398,174.70108076,1,2.5,196.073315516,3.95833333333,959a61ae0f44a648
1274,14000303,75,0,20.7969336532,175,43,2.87146625176,360.772666696,245.01310869,43,43,0.3,0.8,0.6,1,2.4501310869,257.741772617,1,3.8,303.500216927,4.18666666667,9eb28cc5e7b9c0f7
1274,14000303,75,1,487.786034648,325,33,2.98184751186,242.876561385,343.171270736,33,33,0.8,0.3,0.5,1,3.43171270736,257.741772617,1,3.8,303.500216927,4.18666666667,9eb28cc5e7b9c0f7
1274,14000303,75,2,427.650416752,425,29,2.5186562736,271.052110425,365.354037246,29,29,0.5,0,0.4,1,3.65354037246,257.741772617,1,3.8,303.500216927,4.18666666667,9eb28cc5e7b9c0f7
1274,14000303,75,3,272.321646229,75,51,1.76448526929,203.476985233,156.284954644,51,51,0.8,0.8,0.9,1,1.56284954644,257.741772617,1,3.8,303.500216927,4.18666666667,9eb28cc5e7b9c0f7
1275,14000304,75,0,325.952730459,325,56,2.6033603097,199.552715418,230.267438175,56,56,0.8,0.7,0.9,1,2.30267438175,245.537330016,1,3.8,291.400957574,3.89166666667,9d89a0bc1ca6af54
1275,14000304,75,1,416.204229607,175,43,2.23036609319,299.423183083,297.96208658,43,43,0.4,0.6,0.6,1,2.9796208658,245.537330016,1,3.8,291.400957574,3.89166666667,9d89a0bc1ca6af54
1275,14000304,75,2,157.345784456,75,44,2.85618173806,340.726324836,299.174907654,44,44,0.3,0.5,0.5,1,2.99174907654,245.537330016,1,3.8,291.400957574,3.89166666667,9d89a0bc1ca6af54
1275,14000304,75,3,127.648976354,425,44,2.76917955222,214.664760251,220.031238066,44,44,0.7,0.7,0.5,1,2.20031238066,245.537330016,1,3.8,291.400957574,3.89166666667,9d89a0bc1ca6af54
1276,14000305,75,0,454.144872166,325,39,2.89166870369,312.208678975,268.193596275,39,39,0.2,0.5,0.4,1,2.68193596275,265.435210496,1,4.4,329.459691124,3.58035714286,bdb1c0cc0ef46279
1276,14000305,75,1,233.994466625,175,68,2.12936134753,232.072402379,202.072361995,68,68,1,1,1,1,2.02072361995,265.435210496,1,4.4,329.459691124,3.58035714286,bdb1c0cc0ef46279
1276,14000305,75,2,433.621199537,425,32,1.53282997003,351.925170735,328.961089855,32,32,0.4,0.4,0.4,1,3.28961089855,265.435210496,1,4.4,329.459691124,3.58035714286,bdb1c0cc0ef46279
1276,14000305,75,3,160.34973783,75,49,2.4973615445,269.600694482,223.592810448,49,49,0.8,0.6,1,1,2.23592810448,265.435210496,1,4.4,329.459691124,3.58035714286,bdb1c0cc0ef46279
1277,14000306,75,0,55.7349284468,325,44,2.7415015616,262.150840516,279.188748333,44,44,0.7,0.5,0.6,1,2.79188748333,282.511518011,1,4.3,341.039049038,3.60095238095,f0aa2621a32f87d3
1277,14000306,75,1,425.780681093,425,34,2.80244408371,262.778948692,325.959354373,34,34,0.8,0.3,0.6,1,3.25959354373,282.511518011,1,4.3,341.039049038,3.60095238095,f0aa2621a32f87d3
1277,14000306,75,2,385.190884202,175,48,2.49057809373,276.187629639,209.199126877,48,48,0.5,0.8,0.8,1,2.09199126877,282.511518011,1,4.3,341.039049038,3.60095238095,f0aa2621a32f87d3
1277,14000306,75,3,51.3623085974,75,34,1.86601836964,353.308141715,329.624852662,34,34,0.3,0.3,0.2,1,3.29624852662,282.511518011,1,4.3,341.039049038,3.60095238095,f0aa2621a32f87d3
1278,14000307,75,0,375.010304277,175,51,2.95186379914,228.76638407,215.196647068,51,51,0.7,0.9,0.9,1,2.15196647068,251.228224941,1,3.9,288.199321177,2.88166666667,470cad308bc61b38
1278,14000307,75,1,475.929494421,325,41,2.63724321022,295.511748022,318.900970549,41,41,0.5,0.4,0.3,1,3.18900970549,251.228224941,1,3.9,288.199321177,2.88166666667,470cad308bc61b38
1278,14000307,75,2,156.709166238,75,42,2.25071349027,244.724426731,200.896629869,42,42,0.7,0.7,0.9,1,2.00896629869,251.228224941,1,3.9,288.199321177,2.88166666667,470cad308bc61b38
1278,14000307,75,3,35.4467039135,425,35,2.34713997893,298.913815042,362.978677725,35,35,0.5,0.4,0.4,1,3.62978677725,251.228224941,1,3.9,288.199321177,2.88166666667,470cad308bc61b38
1279,14000308,75,0,364.374403536,425,48,2.69501723876,256.43840946,265.339866094,48,48,0.7,0.5,0.4,1,2.65339866094,284.323215665,1,5.3,403.910930106,3.26222222222,7fc50413133ad69f
1279,14000308,75,1,89.4018528112,75,37,2.02104033909,336.526155227,316.33856531,37,37,0.3,0.6,0.4,1,3.1633856531,284.323215665,1,5.3,403.910930106,3.26222222222,7fc50413133ad69f
1279,14000308,75,2,273.56202564,325,64,1.77586579226,226.2528099,230.826761156,64,64,0.8,0.8,1,1,2.30826761156,284.323215665,1,5.3,403.910930106,3.26222222222,7fc50413133ad69f
1279,14000308,75,3,474.782217595,175,38,1.8820232481,264.124800182,234.935577002,38,38,0.5,0.7,0.8,1,2.34935577002,284.323215665,1,5.3,403.910930106,3.26222222222,7fc50413133ad69f
1280,14000309,75,0,48.5832830729,425,36,2.9915929501,249.349377611,267.761902027,36,36,0.7,0.5,0.6,1,2.67761902027,265.685738816,1,3.9,309.534435754,3.93857142857,1585d6381537104f
1280,14000309,75,1,328.411605371,75,40,2.31970410723,258.393318141,344.49005339,40,40,0.6,0.4,0.3,1,3.4449005339,265.685738816,1,3.9,309.534435754,3.93857142857,1585d6381537104f
1280,14000309,75,2,153.756924315,175,53,2.10311134277,179.563089939,273.452441836,53,53,1,0.5,0.8,1,2.73452441836,265.685738816,1,3.9,309.534435754,3.93857142857,1585d6381537104f
1280,14000309,75,3,398.538030385,325,50,2.74016147485,232.775244742,216.183012511,50,50,0.8,0.7,1,1,2.16183012511,265.685738816,1,3.9,309.534435754,3.93857142857,1585d6381537104f
1281,14000310,75,0,205.520753852,325,64,1.54379962108,258.23844302,190.944404037,64,64,0.7,0.9,0.9,1,1.90944404037,247.376782562,1,3.9,307.651853784,3.53,b5a95b477fecf6a7
1281,14000310,75,1,278.811505867,425,51,2.19098820289,300.465860797,260.429625099,51,51,0.4,0.7,0.6,1,2.60429625099,247.376782562,1,3.9,307.651853784,3.53,b5a95b477fecf6a7
1281,14000310,75,2,268.660389565,175,67,1.51151635135,215.182853561,185.408781242,67,67,0.8,0.9,1,1,1.85408781242,247.376782562,1,3.9,307.651853784,3.53,b5a95b477fecf6a7
1281,14000310,75,3,110.137050563,75,45,2.27252259467,266.165055339,231.407027027,45,45,0.6,0.7,0.6,1,2.31407027027,247.376782562,1,3.9,307.651853784,3.53,b5a95b477fecf6a7
1282,14000311,75,0,483.167904563,75,24,2.53901957899,314.455308992,360.671003115,24,24,0.4,0.4,0.2,1,3.60671003115,292.507970264,1,4.3,353.212377163,3.37785714286,a2e8b7292fa682b0
1282,14000311,75,1,217.888842068,325,65,1.76042237217,205.287319168,222.409686553,65,65,0.8,0.8,1,1,2.22409686553,292.507970264,1,4.3,353.212377163,3.37785714286,a2e8b7292fa682b0
1282,14000311,75,2,190.241353555,425,48,2.33750427994,242.019836024,265.388415661,48,48,0.5,0.6,0.7,1,2.65388415661,292.507970264,1,4.3,353.212377163,3.37785714286,a2e8b7292fa682b0
1282,14000311,75,3,355.345972939,175,54,1.53627705094,198.631949422,238.139514826,54,54,0.7,0.5,0.9,1,2.38139514826,292.507970264,1,4.3,353.212377163,3.37785714286,a2e8b7292fa682b0
1283,14000312,75,0,483.083090246,175,43,2.1135728124,256.301428947,324.095755253,43,43,0.5,0.5,0.2,1,3.24095755253,334.504961121,1,4.9,393.240396466,3.88444444444,bd5b7311f34d41e3
1283,14000312,75,1,226.169777253,425,56,1.50441714873,245.182831067,278.709120295,56,56,0.7,0.6,0.8,1,2.78709120295,334.504961121,1,4.9,393.240396466,3.88444444444,bd5b7311f34d41e3
1283,14000312,75,2,462.260469577,75,34,2.27805611865,310.544371473,355.331609337,34,34,0.5,0.3,0.2,1,3.55331609337,334.504961121,1,4.9,393.240396466,3.88444444444,bd5b7311f34d41e3
1283,14000312,75,3,151.935201807,325,65,1.6336455142,250.56571012,234.477727,65,65,0.7,0.7,1,1,2.34477727,334.504961121,1,4.9,393.240396466,3.88444444444,bd5b7311f34d41e3
1284,14000313,75,0,236.464130547,425,54,1.57787381373,247.355374537,221.893211908,54,54,0.7,0.8,0.7,1,2.21893211908,188.085428756,1,2.6,207.657634145,3.90166666667,87acce508bfd7445
1284,14000313,75,1,424.239062318,325,45,2.52940999821,226.196487534,211.830144656,45,45,0.7,0.7,0.6,1,2.11830144656,188.085428756,1,2.6,207.657634145,3.90166666667,87acce508bfd7445
1284,14000313,75,2,215.219067375,175,64,2.22017789267,217.660206037,195.86526663,64,64,0.9,0.8,1,1,1.9586526663,188.085428756,1,2.6,207.657634145,3.90166666667,87acce508bfd7445
1284,14000313,75,3,87.31024436,75,41,2.09515086974,294.72976872,310.701058568,41,41,0.5,0.4,0.8,1,3.10701058568,188.085428756,1,2.6,207.657634145,3.90166666667,87acce508bfd7445
1285,14000314,75,0,395.173514887,75,42,2.82950086762,425.278778995,294.610213962,42,42,0.2,0.5,0.1,1,2.94610213962,250.36265236,0.9,3.1,264.291876715,4.44259259259,b3aabaea9a410d64
1285,14000314,75,1,376.326404534,425,38,1.70749907615,278.04035766,319.456511451,38,38,0.6,0.3,0.6,1,3.19456511451,250.36265236,0.9,3.1,264.291876715,4.44259259259,b3aabaea9a410d64
1285,14000314,75,2,78.3532966348,175,55,2.78636336776,269.33086499,185.423810629,55,55,0.9,1,0.9,1,1.85423810629,250.36265236,0.9,3.1,264.291876715,4.44259259259,b3aabaea9a410d64
1285,14000314,75,3,122.144467889,325,54,2.55953250647,153.32576892,174.512611101,54,54,0.9,0.9,0.9,1,1.74512611101,250.36265236,0.9,3.1,264.291876715,4.44259259259,b3aabaea9a410d64
1286,14000315,75,0,424.098193188,325,48,2.17476188837,266.840286769,226.922823781,48,48,0.5,0.7,0.8,1,2.26922823781,239.90358859,1,3.5,277.884636053,4.045,8e033d1ad2d12fa2
1286,14000315,75,1,470.355377932,425,33,2.1575355787,339.193901574,287.482028673,33,33,0.3,0.5,0.4,1,2.87482028673,239.90358859,1,3.5,277.884636053,4.045,8e033d1ad2d12fa2
1286,14000315,75,2,41.9542637615,75,33,2.52366254869,298.830065584,297.330638924,33,33,0.5,0.6,0.6,1,2.97330638924,239.90358859,1,3.5,277.884636053,4.045,8e033d1ad2d12fa2
1286,14000315,75,3,177.902038249,175,57,1.69111503488,198.078081904,171.651699336,57,57,0.9,0.9,0.8,1,1.71651699336,239.90358859,1,3.5,277.884636053,4.045,8e033d1ad2d12fa2
1287,14000316,75,0,337.643950365,75,44,1.93334076759,251.552610835,255.702294837,44,44,0.4,0.7,0.8,1,2.55702294837,241.603278167,0.9,3,277.255456091,3.92857142857,fc4c5efacabe163f
1287,14000316,75,1,244.207066602,175,72,2.04331742581,200.862318658,193.040800956,72,72,1,0.9,0.9,1,1.93040800956,241.603278167,0.9,3,277.255456091,3.92857142857,fc4c5efacabe163f
1287,14000316,75,2,294.103542597,325,66,1.74873673181,212.938528759,203.437765062,66,66,0.9,0.8,0.9,1,2.03437765062,241.603278167,0.9,3,277.255456091,3.92857142857,fc4c5efacabe163f
1287,14000316,75,3,143.033036096,425,48,2.12038062358,258.567128013,243.826217468,48,48,0.5,0.6,0.6,1,2.43826217468,241.603278167,0.9,3,277.255456091,3.92857142857,fc4c5efacabe163f
1288,14000317,75,0,411.235466087,425,38,2.97370072113,276.461089629,213.758561054,38,38,0.6,0.7,0.7,1,2.13758561054,155.011024922,1,2.3,182.311137796,4.05666666667,c041028b25ea311a
1288,14000317,75,1,334.866956066,325,61,2.32404293369,172.215852056,148.600796716,61,61,0.9,1,1,1,1.48600796716,155.011024922,1,2.3,182.311137796,4.05666666667,c041028b25ea311a
1288,14000317,75,2,243.066371321,175,64,1.86851269645,136.219571571,203.12243866,64,64,1,0.8,1,1,2.0312243866,155.011024922,1,2.3,182.311137796,4.05666666667,c041028b25ea311a
1288,14000317,75,3,78.9520580649,75,36,1.85447953001,247.762945038,356.717960573,36,36,0.6,0.2,0.6,1,3.56717960573,155.011024922,1,2.3,182.311137796,4.05666666667,c041028b25ea311a
1289,14000318,75,0,480.434940556,175,27,2.06068940988,339.066626526,372.094829279,27,27,0.2,0.1,0.3,1,3.72094829279,319.529624156,0.8,3.2,314.711302126,4.39930555556,9b150d86bd45b5da
1289,14000318,75,1,361.845057912,75,41,2.90242023953,276.932392313,349.417350264,41,41,0.7,0.3,0.1,1,3.49417350264,319.529624156,0.8,3.2,314.711302126,4.39930555556,9b150d86bd45b5da
1289,14000318,75,2,109.645325696,325,52,2.57584457078,223.179629183,195.344382951,52,52,0.8,0.7,0.6,1,1.95344382951,319.529624156,0.8,3.2,314.711302126,4.39930555556,9b150d86bd45b5da
1289,14000318,75,3,35.3992536937,425,36,2.8169167277,305.83215133,248.801674453,36,36,0.5,0.7,0.4,1,2.48801674453,319.529624156,0.8,3.2,314.711302126,4.39930555556,9b150d86bd45b5da
1290,14000319,75,0,166.276398368,175,57,2.11954128138,207.981790713,267.963773247,57,57,0.8,0.7,0.9,1,2.67963773247,284.606615109,1,4.4,327.170507424,3.345,f4f8a57ae937089d
1290,14000319,75,1,142.738623483,75,42,2.97756150239,244.044877217,326.545229683,42,42,0.6,0.4,0.3,1,3.26545229683,284.606615109,1,4.4,327.170507424,3.345,f4f8a57ae937089d
1290,14000319,75,2,386.911331707,425,39,2.87336050045,297.078402939,227.947902897,39,39,0.5,0.6,0.5,1,2.27947902897,284.606615109,1,4.4,327.170507424,3.345,f4f8a57ae937089d
1290,14000319,75,3,400.419278288,325,49,2.87973649038,261.377310098,201.635605381,49,49,0.6,0.7,0.6,1,2.01635605381,284.606615109,1,4.4,327.170507424,3.345,f4f8a57ae937089d
1291,14000320,75,0,285.210155098,75,52,1.59152586746,289.677106585,276.08985241,52,52,0.4,0.7,0.8,1,2.7608985241,190.074593665,1,2.6,215.59703272,4.26,c08bd5ccbe5be42b
1291,14000320,75,1,431.510931469,325,47,1.88233250593,230.931121351,261.308142732,47,47,0.9,0.7,0.7,1,2.61308142732,190.074593665,1,2.6,215.59703272,4.26,c08bd5ccbe5be42b
1291,14000320,75,2,45.2136696511,175,39,1.66284410936,293.548227563,225.670896295,39,39,0.6,0.8,0.7,1,2.25670896295,190.074593665,1,2.6,215.59703272,4.26,c08bd5ccbe5be42b
1291,14000320,75,3,442.358624992,425,36,2.54217704706,254.649731717,296.262406474,36,36,0.6,0.6,0.5,1,2.96262406474,190.074593665,1,2.6,215.59703272,4.26,c08bd5ccbe5be42b
1292,14000321,75,0,161.383151411,75,52,2.55143978205,270.501608156,248.319711064,52,52,0.5,0.7,0.6,1,2.48319711064,269.65233782,1,4.5,325.018137015,3.77666666667,9abe7f9360d6a0cd
1292,14000321,75,1,303.037878948,325,60,1.61784666468,200.524540085,179.292938679,60,60,0.8,1,0.9,1,1.79292938679,269.65233782,1,4.5,325.018137015,3.77666666667,9abe7f9360d6a0cd
1292,14000321,75,2,223.16075567,425,49,2.14749287763,272.190815888,207.811853252,49,49,0.6,0.9,0.8,1,2.07811853252,269.65233782,1,4.5,325.018137015,3.77666666667,9abe7f9360d6a0cd
1292,14000321,75,3,295.33270572,175,64,1.52400189893,184.974434011,180.840831615,64,64,0.8,0.8,0.9,1,1.80840831615,269.65233782,1,4.5,325.018137015,3.77666666667,9abe7f9360d6a0cd
1293,14000322,75,0,219.562089734,75,48,1.89316186064,228.552179863,252.203097892,48,48,0.7,0.6,0.8,1,2.52203097892,313.319301296,1,5.2,403.076702274,3.52476190476,ee0b73d7fde87849
1293,14000322,75,1,291.943100129,175,63,2.46929845013,185.808555069,238.306852987,63,63,1,0.8,1,1,2.38306852987,313.319301296,1,5.2,403.076702274,3.52476190476,ee0b73d7fde87849
1293,14000322,75,2,130.780198168,425,41,2.06821580235,265.2625631,246.670922276,41,41,0.6,0.6,0.6,1,2.46670922276,313.319301296,1,5.2,403.076702274,3.52476190476,ee0b73d7fde87849
1293,14000322,75,3,251.902550321,325,64,2.03146751842,180.93729432,223.61312432,64,64,1,0.7,1,1,2.2361312432,313.319301296,1,5.2,403.076702274,3.52476190476,ee0b73d7fde87849
1294,14000323,75,0,379.989452419,175,51,2.56368630198,317.014927662,220.847323096,51,51,0.4,0.7,0.5,1,2.20847323096,279.010350969,1,4.8,374.96260236,3.545,393d8f5c90e77ae9
1294,14000323,75,1,11.0597178707,325,34,2.59333084722,285.77398173,278.062189524,34,34,0.5,0.5,0.5,1,2.78062189524,279.010350969,1,4.8,374.96260236,3.545,393d8f5c90e77ae9
1294,14000323,75,2,220.458989188,75,49,1.8583512401,319.156915692,236.922610728,49,49,0.3,0.6,0.3,1,2.36922610728,279.010350969,1,4.8,374.96260236,3.545,393d8f5c90e77ae9
1294,14000323,75,3,279.433741135,425,52,2.25923274367,236.169146127,245.657330174,52,52,0.7,0.8,0.6,1,2.45657330174,279.010350969,1,4.8,374.96260236,3.545,393d8f5c90e77ae9
1295,14000324,75,0,401.719934314,325,50,2.31754552155,209.744826227,235.408974182,50,50,0.7,0.6,0.8,1,2.35408974182,228.095285772,1,3.7,268.514707679,3.0875,7ffdb165481805b2
1295,14000324,75,1,293.289007063,175,64,1.65833458509,228.223195317,196.023653416,64,64,0.8,0.9,0.9,1,1.96023653416,228.095285772,1,3.7,268.514707679,3.0875,7ffdb165481805b2
1295,14000324,75,2,10.9559463341,75,29,2.53698959293,408.598564834,319.812143424,29,29,0.1,0.4,0.3,1,3.19812143424,228.095285772,1,3.7,268.514707679,3.0875,7ffdb165481805b2
1295,14000324,75,3,494.318249431,425,28,2.24415973829,278.104759374,328.998746781,28,28,0.5,0.4,0.4,1,3.28998746781,228.095285772,1,3.7,268.514707679,3.0875,7ffdb165481805b2
1296,14000325,75,0,495.988521231,175,42,2.46332607658,301.494151356,233.085863692,42,42,0.5,0.8,0.6,1,2.33085863692,238.762635109,0.9,3.2,286.163212768,4.1044973545,e74e338e97ea9f27
1296,14000325,75,1,325.616810217,425,53,1.83927366868,287.047520322,249.349122479,53,53,0.7,0.6,0.8,1,2.49349122479,238.762635109,0.9,3.2,286.163212768,4.1044973545,e74e338e97ea9f27
1296,14000325,75,2,172.954757606,75,47,2.3894135931,197.200214107,261.675369862,47,47,0.8,0.7,0.8,1,2.61675369862,238.762635109,0.9,3.2,286.163212768,4.1044973545,e74e338e97ea9f27
1296,14000325,75,3,160.185399776,325,59,1.57548926886,196.021038183,236.728321807,59,59,0.7,0.6,0.8,1,2.36728321807,238.762635109,0.9,3.2,286.163212768,4.1044973545,e74e338e97ea9f27
1297,14000326,75,0,487.888913002,325,43,2.73867649072,260.581908745,257.344727796,43,43,0.6,0.7,0.6,1,2.57344727796,297.05185004,1,4.7,375.105095162,3.79031746032,2d062fc897303b71
1297,14000326,75,1,18.1555559615,175,38,2.99915232291,307.062286798,347.306803021,38,38,0.5,0.2,0.2,1,3.47306803021,297.05185004,1,4.7,375.105095162,3.79031746032,2d062fc897303b71
1297,14000326,75,2,160.229398203,425,46,2.60249512976,251.264252416,316.597361816,46,46,0.7,0.4,0.7,1,3.16597361816,297.05185004,1,4.7,375.105095162,3.79031746032,2d062fc897303b71
1297,14000326,75,3,326.488324698,75,44,2.72247106108,243.599562745,226.08916965,44,44,0.7,0.8,0.7,1,2.2608916965,297.05185004,1,4.7,375.105095162,3.79031746032,2d062fc897303b71
1298,14000327,75,0,224.731228609,325,64,2.18378403795,199.750011232,226.101983569,64,64,0.9,0.8,1,1,2.26101983569,259.816228363,1,3.8,293.069627561,3.89833333333,46542d944e4028c
1298,14000327,75,1,184.389139818,75,55,1.52884910743,198.901416923,171.617566185,55,55,0.8,0.9,1,1,1.71617566185,259.816228363,1,3.8,293.069627561,3.89833333333,46542d944e4028c
1298,14000327,75,2,420.677712355,175,46,2.5428773933,243.037214977,250.242975636,46,46,0.4,0.6,0.8,1,2.50242975636,259.816228363,1,3.8,293.069627561,3.89833333333,46542d944e4028c
1298,14000327,75,3,108.986995412,425,40,1.9557543842,276.418823188,323.416937212,40,40,0.5,0.3,0.4,1,3.23416937212,259.816228363,1,3.8,293.069627561,3.89833333333,46542d944e4028c
1299,14000328,75,0,29.534124782,75,30,2.56052220051,299.333340053,373.328344002,30,30,0.5,0.3,0.3,1,3.73328344002,240.381651041,1,3.7,284.331249019,3.65333333333,a428758e504c3d9d
1299,14000328,75,1,75.2590027788,325,55,2.95176470807,201.447563924,302.998434015,55,55,0.9,0.6,0.6,1,3.02998434015,240.381651041,1,3.7,284.331249019,3.65333333333,a428758e504c3d9d
1299,14000328,75,2,464.570688008,425,38,1.52043059112,324.170992948,307.175971516,38,38,0.4,0.6,0.6,1,3.07175971516,240.381651041,1,3.7,284.331249019,3.65333333333,a428758e504c3d9d
1299,14000328,75,3,437.667222921,175,43,2.2720799484,293.633064797,199.872415915,43,43,0.5,0.7,0.7,1,1.99872415915,240.381651041,1,3.7,284.331249019,3.65333333333,a428758e504c3d9d
1300,14000329,75,0,189.620126096,425,51,2.01056522884,242.613418159,297.165647877,51,51,0.9,0.3,0.6,1,2.97165647877,256.140069631,0.8,2.8,295.585954701,4.5,b9e7fbe1e0e9e542
1300,14000329,75,1,409.883029547,325,52,2.95914235846,198.233058217,224.097382899,52,52,0.7,0.8,0.6,1,2.24097382899,256.140069631,0.8,2.8,295.585954701,4.5,b9e7fbe1e0e9e542
1300,14000329,75,2,484.916980331,75,27,2.63517906736,348.896885418,274.170909974,27,27,0.4,0.6,0.4,1,2.74170909974,256.140069631,0.8,2.8,295.585954701,4.5,b9e7fbe1e0e9e542
1300,14000329,75,3,158.446749075,175,59,1.81582252328,236.78674289,215.283026319,59,59,0.7,0.7,0.7,1,2.15283026319,256.140069631,0.8,2.8,295.585954701,4.5,b9e7fbe1e0e9e542
1301,14000330,75,0,371.403304677,75,45,2.85387004809,332.001606342,219.635266502,45,45,0.4,0.8,0.4,1,2.19635266502,315.046220226,1,4.8,382.69233241,3.50404761905,e524dc11c95ace69
1301,14000330,75,1,76.8838318916,425,40,2.49099517323,243.371707421,314.791583385,40,40,0.5,0.4,0.4,1,3.14791583385,315.046220226,1,4.8,382.69233241,3.50404761905,e524dc11c95ace69
1301,14000330,75,2,96.6472469108,325,55,2.32267384426,221.598930454,254.011874367,55,55,0.7,0.6,0.6,1,2.54011874367,315.046220226,1,4.8,382.69233241,3.50404761905,e524dc11c95ace69
1301,14000330,75,3,469.340553634,175,36,1.84209531459,341.371358884,190.639744647,36,36,0.3,0.6,0.4,1,1.90639744647,315.046220226,1,4.8,382.69233241,3.50404761905,e524dc11c95ace69
1302,14000331,75,0,77.8659715183,75,30,2.91052658833,322.526229661,269.766079244,30,30,0.2,0.5,0.6,1,2.69766079244,303.8872864,1,4.5,342.751677478,3.52416666667,8a4d210310650705
1302,14000331,75,1,439.257637968,175,48,2.54634392133,198.185550346,262.371085155,48,48,0.8,0.6,0.6,1,2.62371085155,303.8872864,1,4.5,342.751677478,3.52416666667,8a4d210310650705
1302,14000331,75,2,81.3115892241,325,43,2.47835428552,311.658249998,216.945095341,43,43,0.5,0.7,0.6,1,2.16945095341,303.8872864,1,4.5,342.751677478,3.52416666667,8a4d210310650705
1302,14000331,75,3,475.185405187,425,28,2.92338884657,289.852488986,328.88656147,28,28,0.5,0.4,0.3,1,3.2888656147,303.8872864,1,4.5,342.751677478,3.52416666667,8a4d210310650705
1303,14000332,75,0,203.451472601,325,65,1.94045998375,247.593065487,219.29831142,65,65,0.6,0.9,0.8,1,2.1929831142,280.127887612,1,4.3,359.519478811,3.08301587302,dd2c66ce93350ade
1303,14000332,75,1,351.685214468,425,45,2.66932869696,260.543509191,279.71580151,45,45,0.5,0.4,0.2,1,2.7971580151,280.127887612,1,4.3,359.519478811,3.08301587302,dd2c66ce93350ade
1303,14000332,75,2,138.178896964,175,48,2.99305450646,274.792599327,245.917948387,48,48,0.4,0.7,0.7,1,2.45917948387,280.127887612,1,4.3,359.519478811,3.08301587302,dd2c66ce93350ade
1303,14000332,75,3,498.029104947,75,23,2.76209216844,329.679481754,369.329613081,23,23,0.3,0.5,0.3,1,3.69329613081,280.127887612,1,4.3,359.519478811,3.08301587302,dd2c66ce93350ade
1304,14000333,75,0,447.189934657,75,38,1.50242751808,287.813658991,283.808744897,38,38,0.7,0.5,0.6,1,2.83808744897,214.852272181,1,3.9,301.619737944,3.2319047619,e564f358f73d791f
1304,14000333,75,1,354.319562488,175,59,2.25925465797,196.455588162,189.788842344,59,59,0.8,0.9,0.8,1,1.89788842344,214.852272181,1,3.9,301.619737944,3.2319047619,e564f358f73d791f
1304,14000333,75,2,245.748490813,425,53,1.91493445905,258.061157248,207.062718347,53,53,0.7,0.9,0.9,1,2.07062718347,214.852272181,1,3.9,301.619737944,3.2319047619,e564f358f73d791f
1304,14000333,75,3,29.6425876695,325,37,2.15861296748,311.240936736,290.38156585,37,37,0.5,0.6,0.4,1,2.9038156585,214.852272181,1,3.9,301.619737944,3.2319047619,e564f358f73d791f
1305,14000334,75,0,487.201263625,425,36,2.00755692638,262.932798119,308.634482184,36,36,0.6,0.4,0.3,1,3.08634482184,306.600017391,1,4.9,393.470014732,3.86666666667,dfd6a820556bc918
1305,14000334,75,1,116.72010974,75,36,2.50948608322,325.794742359,286.723686494,36,36,0.4,0.5,0.5,1,2.86723686494,306.600017391,1,4.9,393.470014732,3.86666666667,dfd6a820556bc918
1305,14000334,75,2,348.188289171,325,62,2.55861093048,167.244343241,222.736436453,62,62,0.9,0.8,0.9,1,2.22736436453,306.600017391,1,4.9,393.470014732,3.86666666667,dfd6a820556bc918
1305,14000334,75,3,139.345967303,175,51,2.5778517751,267.052716087,240.688087995,51,51,0.7,0.6,0.8,1,2.40688087995,306.600017391,1,4.9,393.470014732,3.86666666667,dfd6a820556bc918
1306,14000335,75,0,470.720677408,75,29,2.86994557889,334.242464948,297.523649047,29,29,0.5,0.4,0.3,1,2.97523649047,232.296978816,1,3.4,281.595664311,4.435,74b3c7ba0a1c59d3
1306,14000335,75,1,405.520603666,425,42,2.29842470618,332.147286126,283.31965216,42,42,0.4,0.5,0.5,1,2.8331965216,232.296978816,1,3.4,281.595664311,4.435,74b3c7ba0a1c59d3
1306,14000335,75,2,66.8786587423,325,48,2.52159216008,235.653846647,257.402055557,48,48,0.8,0.7,0.7,1,2.57402055557,232.296978816,1,3.4,281.595664311,4.435,74b3c7ba0a1c59d3
1306,14000335,75,3,165.069795854,175,57,1.79481365345,169.196490513,191.136155501,57,57,0.9,0.9,0.9,1,1.91136155501,232.296978816,1,3.4,281.595664311,4.435,74b3c7ba0a1c59d3
1307,14000336,75,0,342.36694911,175,59,2.52762593812,192.936672379,171.124679044,59,59,0.8,1,0.8,1,1.71124679044,205.077685753,1,3.3,244.399883808,3.575,5f8c7ed2f747070d
1307,14000336,75,1,371.544708163,325,56,1.99309084327,183.124155816,253.032606532,56,56,0.8,0.7,0.8,1,2.53032606532,205.077685753,1,3.3,244.399883808,3.575,5f8c7ed2f747070d
1307,14000336,75,2,88.2083035925,425,37,2.13364451646,279.39022617,368.767623561,37,37,0.6,0.3,0.4,1,3.68767623561,205.077685753,1,3.3,244.399883808,3.575,5f8c7ed2f747070d
1307,14000336,75,3,192.256739703,75,54,2.60588188824,243.061155625,164.618601901,54,54,0.6,0.9,0.9,1,1.64618601901,205.077685753,1,3.3,244.399883808,3.575,5f8c7ed2f747070d
1308,14000337,75,0,487.91415059,325,36,2.89911083475,274.673498111,284.126826567,36,36,0.6,0.4,0.5,1,2.84126826567,178.365403181,1,2.5,195.628045579,5.01666666667,b35f58d0aaa3e75
1308,14000337,75,1,262.316315732,175,71,1.70880574102,172.798646749,108.564063471,71,71,1,1,1,1,1.08564063471,178.365403181,1,2.5,195.628045579,5.01666666667,b35f58d0aaa3e75
1308,14000337,75,2,378.600071751,425,40,1.98062101224,246.266971751,290.618338088,40,40,0.6,0.4,1,1,2.90618338088,178.365403181,1,2.5,195.628045579,5.01666666667,b35f58d0aaa3e75
1308,14000337,75,3,71.3875690208,75,46,2.543262437,284.606572055,220.61418334,46,46,0.7,0.7,0.6,1,2.2061418334,178.365403181,1,2.5,195.628045579,5.01666666667,b35f58d0aaa3e75
1309,14000338,75,0,391.075499528,75,37,2.93294229778,301.618237682,288.038206705,37,37,0.5,0.4,0.4,1,2.88038206705,268.118397917,1,4.4,353.106031302,3.68666666667,14ac76aa4b285bff
1309,14000338,75,1,137.695130402,325,61,1.51188404155,195.794723959,217.281742182,61,61,0.9,0.8,0.9,1,2.17281742182,268.118397917,1,4.4,353.106031302,3.68666666667,14ac76aa4b285bff
1309,14000338,75,2,460.915045974,425,24,2.98196163188,298.342776001,313.056466895,24,24,0.4,0.4,0.3,1,3.13056466895,268.118397917,1,4.4,353.106031302,3.68666666667,14ac76aa4b285bff
1309,14000338,75,3,59.7445065381,175,48,2.72128120514,256.059220549,273.841849058,48,48,0.7,0.5,0.5,1,2.73841849058,268.118397917,1,4.4,353.106031302,3.68666666667,14ac76aa4b285bff
1310,14000339,75,0,368.259321928,325,53,2.10838871118,208.716252559,227.206405285,53,53,0.7,0.6,1,1,2.27206405285,262.921341889,1,4,308.223403117,3.79952380952,8e23c87fa59d0d8b
1310,14000339,75,1,135.477784173,175,47,2.31975712737,226.625331701,241.675845384,47,47,0.6,0.7,0.8,1,2.41675845384,262.921341889,1,4,308.223403117,3.79952380952,8e23c87fa59d0d8b
1310,14000339,75,2,388.430594247,75,36,2.32506035853,308.633508652,328.511856776,36,36,0.5,0.5,0.5,1,3.28511856776,262.921341889,1,4,308.223403117,3.79952380952,8e23c87fa59d0d8b
1310,14000339,75,3,45.8331682671,425,34,2.93992634405,272.604047017,283.845373865,34,34,0.6,0.4,0.4,1,2.83845373865,262.921341889,1,4,308.223403117,3.79952380952,8e23c87fa59d0d8b
1311,14000340,75,0,59.2708112769,175,46,2.91545089963,240.794251934,205.988020978,46,46,0.7,0.8,0.6,1,2.05988020978,249.440857916,1,4.1,331.508691083,4.52297619048,cfb9ff8ec9cf7d3b
1311,14000340,75,1,3.6987149541,425,21,2.96689655757,405.19150277,292.124748194,21,21,0.2,0.4,0.2,1,2.92124748194,249.440857916,1,4.1,331.508691083,4.52297619048,cfb9ff8ec9cf7d3b
1311,14000340,75,2,248.414411166,75,57,1.86811465588,162.100593846,228.108360224,57,57,0.9,0.8,0.7,1,2.28108360224,249.440857916,1,4.1,331.508691083,4.52297619048,cfb9ff8ec9cf7d3b
1311,14000340,75,3,466.043692174,325,36,2.88574333537,284.27998345,334.180699407,36,36,0.5,0.3,0.3,1,3.34180699407,249.440857916,1,4.1,331.508691083,4.52297619048,cfb9ff8ec9cf7d3b
1312,14000341,75,0,73.9388284693,175,36,2.83782417122,248.963611232,302.30894411,36,36,0.5,0.3,0.4,1,3.0230894411,264.325884369,1,4.5,350.686608311,3.06333333333,55d59bb86d1da1b7
1312,14000341,75,1,395.771003986,325,48,2.30316507596,231.331015976,225.648069219,48,48,0.8,0.7,0.8,1,2.25648069219,264.325884369,1,4.5,350.686608311,3.06333333333,55d59bb86d1da1b7
1312,14000341,75,2,400.870839832,425,34,2.71687352262,271.244077296,318.141041998,34,34,0.5,0.5,0.4,1,3.18141041998,264.325884369,1,4.5,350.686608311,3.06333333333,55d59bb86d1da1b7
1312,14000341,75,3,55.434046034,75,30,1.98823137242,317.232644235,311.158857241,30,30,0.4,0.4,0.4,1,3.11158857241,264.325884369,1,4.5,350.686608311,3.06333333333,55d59bb86d1da1b7
1313,14000342,75,0,448.970728583,175,43,2.57293991535,254.376276724,328.256959989,43,43,0.7,0.3,0.4,1,3.28256959989,240.280400467,1,3.5,285.464381409,4.39952380952,59e5b4f4dd1f0dec
1313,14000342,75,1,95.392838632,75,48,2.41589239631,239.116672483,230.466446464,48,48,0.7,0.6,0.5,1,2.30466446464,240.280400467,1,3.5,285.464381409,4.39952380952,59e5b4f4dd1f0dec
1313,14000342,75,2,221.303509646,325,69,1.84150548555,197.062067333,193.364362942,69,69,1,1,1,1,1.93364362942,240.280400467,1,3.5,285.464381409,4.39952380952,59e5b4f4dd1f0dec
1313,14000342,75,3,118.781151623,425,46,2.58300453923,280.646007988,224.934283964,46,46,0.6,0.7,0.7,1,2.24934283964,240.280400467,1,3.5,285.464381409,4.39952380952,59e5b4f4dd1f0dec
1314,14000343,75,0,458.983633151,425,37,2.29166609399,259.79967464,268.404644668,37,37,0.5,0.6,0.6,1,2.68404644668,171.241943302,1,2.9,213.695611524,3.13,b4bf39faf1f59717
1314,14000343,75,1,134.186989105,175,49,1.71639234613,240.616803298,246.511945584,49,49,0.6,0.6,0.8,1,2.46511945584,171.241943302,1,2.9,213.695611524,3.13,b4bf39faf1f59717
1314,14000343,75,2,417.988610866,325,51,1.66581204111,200.421780316,188.473347799,51,51,0.8,0.7,0.9,1,1.88473347799,171.241943302,1,2.9,213.695611524,3.13,b4bf39faf1f59717
1314,14000343,75,3,208.363406759,75,48,1.89733368657,247.294162607,238.466436289,48,48,0.6,0.6,0.9,1,2.38466436289,171.241943302,1,2.9,213.695611524,3.13,b4bf39faf1f59717
1315,14000344,75,0,325.188829253,425,48,2.59328784654,270.837593156,295.991402203,48,48,0.7,0.5,0.5,1,2.95991402203,252.019405016,1,3.7,296.426003737,4.96,946104c1833f3474
1315,14000344,75,1,276.962402192,75,58,1.859334003,199.079751828,260.457182934,58,58,0.9,0.5,0.8,1,2.60457182934,252.019405016,1,3.7,296.426003737,4.96,946104c1833f3474
1315,14000344,75,2,11.3006093698,325,29,2.90296759586,278.927708625,342.102824004,29,29,0.6,0.4,0.4,1,3.42102824004,252.019405016,1,3.7,296.426003737,4.96,946104c1833f3474
1315,14000344,75,3,129.437392645,175,56,2.09209385791,170.280411448,270.329249048,56,56,1,0.5,0.9,1,2.70329249048,252.019405016,1,3.7,296.426003737,4.96,946104c1833f3474
1316,14000345,75,0,287.117873799,425,44,1.58293512993,285.717109323,265.247150976,44,44,0.6,0.6,0.6,1,2.65247150976,305.478358732,1,4.2,345.3491832,3.12666666667,2b71e6ac20fb78a1
1316,14000345,75,1,158.752313252,175,56,2.18883323546,177.569361687,208.535069695,56,56,1,0.9,1,1,2.08535069695,305.478358732,1,4.2,345.3491832,3.12666666667,2b71e6ac20fb78a1
1316,14000345,75,2,317.139555275,75,53,2.685232653,242.323961196,235.869961622,53,53,0.6,0.6,0.6,1,2.35869961622,305.478358732,1,4.2,345.3491832,3.12666666667,2b71e6ac20fb78a1
1316,14000345,75,3,132.700066979,325,44,2.53852729982,204.572753548,218.784394054,44,44,0.8,0.7,0.7,1,2.18784394054,305.478358732,1,4.2,345.3491832,3.12666666667,2b71e6ac20fb78a1
1317,14000346,75,0,205.245283566,325,68,2.02462980038,207.262709302,194.591630505,68,68,1,0.8,1,1,1.94591630505,286.006564632,1,4,335.097236317,4.00166666667,cb810655851ac1d7
1317,14000346,75,1,122.390960916,425,47,1.8616622905,256.584009468,234.64714322,47,47,0.6,0.6,0.7,1,2.3464714322,286.006564632,1,4,335.097236317,4.00166666667,cb810655851ac1d7
1317,14000346,75,2,274.478643729,175,65,2.16934028773,205.475767641,213.154796313,65,65,0.9,0.9,1,1,2.13154796313,286.006564632,1,4,335.097236317,4.00166666667,cb810655851ac1d7
1317,14000346,75,3,498.26818664,75,25,1.93086385312,349.186282831,388.942534763,25,25,0.4,0.2,0.1,1,3.88942534763,286.006564632,1,4,335.097236317,4.00166666667,cb810655851ac1d7
1318,14000347,75,0,122.994491873,175,54,2.24874307663,234.941445886,200.196930739,54,54,0.8,0.9,1,1,2.00196930739,235.894074643,1,3.6,272.748381318,3.35166666667,f361f5f718e0db3a
1318,14000347,75,1,89.3075608139,325,48,2.73883774111,198.811391803,222.318484737,48,48,0.7,0.6,0.9,1,2.22318484737,235.894074643,1,3.6,272.748381318,3.35166666667,f361f5f718e0db3a
1318,14000347,75,2,263.661917529,425,53,2.20577641732,197.362041027,227.707389162,53,53,0.8,0.5,0.9,1,2.27707389162,235.894074643,1,3.6,272.748381318,3.35166666667,f361f5f718e0db3a
1318,14000347,75,3,292.07771025,75,48,1.97343854035,274.279971652,200.450175555,48,48,0.6,0.8,0.5,1,2.00450175555,235.894074643,1,3.6,272.748381318,3.35166666667,f361f5f718e0db3a
1319,14000348,75,0,135.665652727,75,39,2.45687569621,246.478956057,243.682539963,39,39,0.6,0.6,0.6,1,2.43682539963,196.914582756,1,2.8,211.912635501,3.76,945922b486a15f1a
1319,14000348,75,1,23.8731897722,325,37,2.92038433532,319.472957429,326.346600523,37,37,0.4,0.4,0.5,1,3.26346600523,196.914582756,1,2.8,211.912635501,3.76,945922b486a15f1a
1319,14000348,75,2,455.374998407,425,28,2.79047192518,331.881191761,345.503782535,28,28,0.2,0.2,0.2,1,3.45503782535,196.914582756,1,2.8,211.912635501,3.76,945922b486a15f1a
1319,14000348,75,3,407.112138687,175,49,2.82341731554,208.959137345,193.592708369,49,49,0.8,0.7,0.9,1,1.93592708369,196.914582756,1,2.8,211.912635501,3.76,945922b486a15f1a
1320,14000349,75,0,228.117679065,325,63,2.26367495186,261.02273854,203.745394705,63,63,0.7,0.9,1,1,2.03745394705,267.705683036,1,3.7,298.329139462,4.13333333333,bdeeb23e076714a8
1320,14000349,75,1,268.279792852,425,43,1.63351793312,339.532296975,285.805448973,43,43,0.4,0.5,0.4,1,2.85805448973,267.705683036,1,3.7,298.329139462,4.13333333333,bdeeb23e076714a8
1320,14000349,75,2,343.977108065,75,46,2.74325542414,203.715521212,246.414397147,46,46,0.8,0.7,0.7,1,2.46414397147,267.705683036,1,3.7,298.329139462,4.13333333333,bdeeb23e076714a8
1320,14000349,75,3,39.8753904918,175,44,2.53621514542,248.959347222,183.773662476,44,44,0.7,0.9,0.7,1,1.83773662476,267.705683036,1,3.7,298.329139462,4.13333333333,bdeeb23e076714a8
1321,14000350,75,0,28.4879544469,425,33,2.87528269823,333.541021192,375.561725858,33,33,0.4,0.4,0.4,1,3.75561725858,233.622276707,1,3.3,254.566115369,4.25261904762,7494524cc2158522
1321,14000350,75,1,262.916629156,175,64,1.74813873484,193.909108157,162.908784497,64,64,0.9,0.8,1,1,1.62908784497,233.622276707,1,3.3,254.566115369,4.25261904762,7494524cc2158522
1321,14000350,75,2,332.297042851,75,43,1.90350064476,238.125633322,188.481303473,43,43,0.7,0.8,0.7,1,1.88481303473,233.622276707,1,3.3,254.566115369,4.25261904762,7494524cc2158522
1321,14000350,75,3,353.561355624,325,60,1.70349406719,213.274985321,207.605355632,60,60,0.9,0.8,1,1,2.07605355632,233.622276707,1,3.3,254.566115369,4.25261904762,7494524cc2158522
1322,14000351,75,0,430.984288216,175,43,2.93616673137,264.695065922,215.947498709,43,43,0.5,1,0.8,1,2.15947498709,256.381978666,0.9,3.5,302.53885664,3.8037037037,8edd77d10508c306
1322,14000351,75,1,472.188300811,75,28,2.80179740269,351.731489758,265.410509851,28,28,0.3,0.6,0.4,1,2.65410509851,256.381978666,0.9,3.5,302.53885664,3.8037037037,8edd77d10508c306
1322,14000351,75,2,126.666293412,325,53,2.0074554529,223.748097128,234.366321567,53,53,0.6,0.9,0.7,1,2.34366321567,256.381978666,0.9,3.5,302.53885664,3.8037037037,8edd77d10508c306
1322,14000351,75,3,21.2515594295,425,33,1.55645370547,321.612814069,361.333474679,33,33,0.4,0.3,0.2,1,3.61333474679,256.381978666,0.9,3.5,302.53885664,3.8037037037,8edd77d10508c306
1323,14000352,75,0,411.398996569,175,49,2.45456395901,222.119345217,252.33843638,49,49,0.7,0.6,0.8,1,2.5233843638,271.521640512,1,3.9,310.850312093,4.09166666667,feb67df20946715b
1323,14000352,75,1,218.06071508,425,56,1.52667078952,289.661334849,206.409570157,56,56,0.7,0.9,0.6,1,2.06409570157,271.521640512,1,3.9,310.850312093,4.09166666667,feb67df20946715b
1323,14000352,75,2,216.900235694,75,49,1.52954503736,221.341556825,245.043052556,49,49,0.8,0.7,0.6,1,2.45043052556,271.521640512,1,3.9,310.850312093,4.09166666667,feb67df20946715b
1323,14000352,75,3,382.743887193,325,58,2.5433673409,234.700427916,221.357945978,58,58,0.7,1,0.9,1,2.21357945978,271.521640512,1,3.9,310.850312093,4.09166666667,feb67df20946715b
1324,14000353,75,0,334.284549511,175,56,2.07920212608,244.571908283,279.675567763,56,56,0.7,0.3,0.8,1,2.79675567763,316.353377035,1,5.7,458.144649128,3.70095238095,90a81ee4b0f13b8
1324,14000353,75,1,445.458775657,425,35,1.76929417862,333.571638893,319.913372093,35,35,0.4,0.4,0.3,1,3.19913372093,316.353377035,1,5.7,458.144649128,3.70095238095,90a81ee4b0f13b8
1324,14000353,75,2,70.420420681,75,33,2.06267264145,327.644650681,283.014181441,33,33,0.3,0.5,0.3,1,2.83014181441,316.353377035,1,5.7,458.144649128,3.70095238095,90a81ee4b0f13b8
1324,14000353,75,3,75.8979084067,325,49,1.91446149369,304.140900872,223.244259277,49,49,0.3,0.7,0.4,1,2.23244259277,316.353377035,1,5.7,458.144649128,3.70095238095,90a81ee4b0f13b8
1325,14000354,75,0,358.725461361,75,39,2.34869534863,278.23978733,256.431323059,39,39,0.5,0.5,0.8,1,2.56431323059,177.274834916,1,2.9,209.347401965,4.185,429c88f8c1acaeb7
1325,14000354,75,1,354.555481163,425,48,2.65977311923,274.213761655,225.243936305,48,48,0.5,0.8,0.6,1,2.25243936305,177.274834916,1,2.9,209.347401965,4.185,429c88f8c1acaeb7
1325,14000354,75,2,183.228431012,175,61,2.53277468666,182.923984365,175.735911913,61,61,0.8,0.9,0.8,1,1.75735911913,177.274834916,1,2.9,209.347401965,4.185,429c88f8c1acaeb7
1325,14000354,75,3,246.980908021,325,67,1.72796265345,202.636193208,156.550357972,67,67,1,1,1,1,1.56550357972,177.274834916,1,2.9,209.347401965,4.185,429c88f8c1acaeb7
1326,14000355,75,0,103.469348321,75,38,2.38547782305,295.693723631,265.902391972,38,38,0.4,0.5,0.4,1,2.65902391972,358.344823077,1,5.8,429.018800798,3.33333333333,d47a8d871fc9484a
1326,14000355,75,1,193.393954211,325,60,2.12624626394,220.253600366,272.661715001,60,60,0.8,0.8,0.8,1,2.72661715001,358.344823077,1,5.8,429.018800798,3.33333333333,d47a8d871fc9484a
1326,14000355,75,2,418.074760318,175,51,1.52681229818,326.512704533,244.936941942,51,51,0.3,0.9,0.5,1,2.44936941942,358.344823077,1,5.8,429.018800798,3.33333333333,d47a8d871fc9484a
1326,14000355,75,3,473.474705888,425,33,2.95137694038,361.723637245,349.517276617,33,33,0.4,0.2,0.1,1,3.49517276617,358.344823077,1,5.8,429.018800798,3.33333333333,d47a8d871fc9484a
1327,14000356,75,0,491.474537649,75,25,2.20688344291,347.541506931,363.366631286,25,25,0.2,0.2,0.2,1,3.63366631286,205.212019211,1,3.5,259.837065697,3.02666666667,eb598fab3d50c1b0
1327,14000356,75,1,381.057380648,175,49,2.84511980867,244.153109555,236.834006236,49,49,0.7,0.7,0.8,1,2.36834006236,205.212019211,1,3.5,259.837065697,3.02666666667,eb598fab3d50c1b0
1327,14000356,75,2,250.937013219,425,47,1.70190565041,264.45137417,219.528969145,47,47,0.5,0.7,0.5,1,2.19528969145,205.212019211,1,3.5,259.837065697,3.02666666667,eb598fab3d50c1b0
1327,14000356,75,3,251.265539989,325,59,1.69187065324,200.746496409,166.686351022,59,59,0.8,0.9,1,1,1.66686351022,205.212019211,1,3.5,259.837065697,3.02666666667,eb598fab3d50c1b0
1328,14000357,75,0,368.752481603,425,48,2.12958684084,264.772344153,254.526702424,48,48,0.5,0.8,0.6,1,2.54526702424,246.994162564,0.9,2.9,250.996606204,3.80185185185,1c859e9cdabeac88
1328,14000357,75,1,83.2767512066,325,47,2.6651259461,230.359582039,205.382342845,47,47,0.6,0.7,0.7,1,2.05382342845,246.994162564,0.9,2.9,250.996606204,3.80185185185,1c859e9cdabeac88
1328,14000357,75,2,363.364493814,75,48,2.45206076496,244.908963982,273.755586683,48,48,0.6,0.6,0.6,1,2.73755586683,246.994162564,0.9,2.9,250.996606204,3.80185185185,1c859e9cdabeac88
1328,14000357,75,3,198.649869507,175,65,2.27696195182,189.29959931,181.356387832,65,65,0.9,1,0.9,1,1.81356387832,246.994162564,0.9,2.9,250.996606204,3.80185185185,1c859e9cdabeac88
1329,14000358,75,0,438.246428692,325,43,2.50323093811,302.374511175,291.712020289,43,43,0.5,0.5,0.4,1,2.91712020289,251.034833748,1,3.8,306.549399983,4.48722222222,219f617d66f94c77
1329,14000358,75,1,120.550249745,425,40,2.06853763129,238.952976901,304.213703762,40,40,0.5,0.5,0.7,1,3.04213703762,251.034833748,1,3.8,306.549399983,4.48722222222,219f617d66f94c77
1329,14000358,75,2,444.385206837,75,34,2.53692266416,384.511426626,261.637067442,34,34,0.3,0.6,0.2,1,2.61637067442,251.034833748,1,3.8,306.549399983,4.48722222222,219f617d66f94c77
1329,14000358,75,3,29.8284697016,175,46,2.49066721427,248.979735211,233.861804676,46,46,0.7,0.8,0.7,1,2.33861804676,251.034833748,1,3.8,306.549399983,4.48722222222,219f617d66f94c77
1330,14000359,75,0,23.9203754266,425,33,1.51641140958,292.478145754,324.210737425,33,33,0.6,0.4,0.6,1,3.24210737425,167.232044988,1,2.5,202.058187888,3.72333333333,fe6dd3ae6d2b64b7
1330,14000359,75,1,404.339643264,75,35,2.91875475835,294.971893495,261.03857882,35,35,0.4,0.7,0.5,1,2.6103857882,167.232044988,1,2.5,202.058187888,3.72333333333,fe6dd3ae6d2b64b7
1330,14000359,75,2,94.2601326025,175,49,2.44995086652,238.718034102,233.146420445,49,49,0.7,0.9,0.8,1,2.33146420445,167.232044988,1,2.5,202.058187888,3.72333333333,fe6dd3ae6d2b64b7
1330,14000359,75,3,362.608792888,325,59,2.12769306763,192.189175114,165.116729128,59,59,0.8,0.8,0.7,1,1.65116729128,167.232044988,1,2.5,202.058187888,3.72333333333,fe6dd3ae6d2b64b7
1331,14000360,75,0,169.414622224,175,64,2.51409553452,193.340535949,186.963304567,64,64,0.8,1,0.9,1,1.86963304567,196.475528725,0.9,2.1,193.166658126,4.35,cc2c478d471e860e
1331,14000360,75,1,314.760988709,325,68,1.56967843097,223.022347753,232.944590113,68,68,1,0.9,0.9,1,2.32944590113,196.475528725,0.9,2.1,193.166658126,4.35,cc2c478d471e860e
1331,14000360,75,2,224.454962301,425,53,1.68609552118,222.642718263,255.88649127,53,53,0.7,0.6,0.7,1,2.5588649127,196.475528725,0.9,2.1,193.166658126,4.35,cc2c478d471e860e
1331,14000360,75,3,457.984760737,75,34,2.6000516303,371.681245903,308.830966769,34,34,0.3,0.4,0.4,1,3.08830966769,196.475528725,0.9,2.1,193.166658126,4.35,cc2c478d471e860e
1332,14000361,75,0,275.493959144,75,44,1.84592508032,286.265157078,265.121198221,44,44,0.6,0.6,0.7,1,2.65121198221,274.448562033,1,4.5,356.211598779,3.3505952381,bc33244a44e6d191
1332,14000361,75,1,444.12418267,175,42,2.84873442912,256.770096476,230.144639369,42,42,0.6,0.7,0.6,1,2.30144639369,274.448562033,1,4.5,356.211598779,3.3505952381,bc33244a44e6d191
1332,14000361,75,2,79.3584572463,325,48,2.64480848166,236.620888947,278.129138993,48,48,0.7,0.4,0.8,1,2.78129138993,274.448562033,1,4.5,356.211598779,3.3505952381,bc33244a44e6d191
1332,14000361,75,3,135.667580915,425,41,2.75774218305,223.911822611,265.298185848,41,41,0.8,0.4,0.5,1,2.65298185848,274.448562033,1,4.5,356.211598779,3.3505952381,bc33244a44e6d191
1333,14000362,75,0,336.211061105,325,59,2.45829015998,274.355044789,175.093751831,59,59,0.7,0.7,1,1,1.75093751831,317.599089931,1,5.9,475.680922297,4.35595238095,6185cc1f7461c9d2
1333,14000362,75,1,139.86964212,75,40,2.54830082099,235.146018358,349.560633821,40,40,0.7,0.2,0.4,1,3.49560633821,317.599089931,1,5.9,475.680922297,4.35595238095,6185cc1f7461c9d2
1333,14000362,75,2,399.49637022,175,53,2.32709284416,309.777066287,194.878351414,53,53,0.5,0.8,0.6,1,1.94878351414,317.599089931,1,5.9,475.680922297,4.35595238095,6185cc1f7461c9d2
1333,14000362,75,3,194.36478208,425,45,1.98487963344,253.431620278,280.254167198,45,45,0.8,0.7,0.8,1,2.80254167198,317.599089931,1,5.9,475.680922297,4.35595238095,6185cc1f7461c9d2
1334,14000363,75,0,465.572678319,175,42,2.08143606884,321.541243615,344.262133127,42,42,0.4,0.3,0.2,1,3.44262133127,288.384001097,1,4.3,342.672670448,3.47833333333,475c227f4efb992
1334,14000363,75,1,393.573601798,425,45,2.57031370042,342.897270978,356.876422617,45,45,0.3,0.4,0.4,1,3.56876422617,288.384001097,1,4.3,342.672670448,3.47833333333,475c227f4efb992
1334,14000363,75,2,49.4136393128,325,41,2.56086410495,261.885939342,227.843757527,41,41,0.6,0.6,0.6,1,2.27843757527,288.384001097,1,4.3,342.672670448,3.47833333333,475c227f4efb992
1334,14000363,75,3,60.2039820038,75,32,1.88199517978,258.860555457,222.487747501,32,32,0.6,0.8,0.7,1,2.22487747501,288.384001097,1,4.3,342.672670448,3.47833333333,475c227f4efb992
1335,14000364,75,0,456.705195118,175,35,2.71198857798,235.05811837,322.990170895,35,35,0.6,0.4,0.2,1,3.22990170895,254.253588217,0.9,3.3,284.726837637,3.98306878307,c35270e89b729904
1335,14000364,75,1,35.0663534721,75,34,2.13250724728,338.788844789,323.386126326,34,34,0.4,0.4,0.3,1,3.23386126326,254.253588217,0.9,3.3,284.726837637,3.98306878307,c35270e89b729904
1335,14000364,75,2,341.343518531,425,42,2.7877410539,268.777443707,287.717826739,42,42,0.5,0.6,0.5,1,2.87717826739,254.253588217,0.9,3.3,284.726837637,3.98306878307,c35270e89b729904
1335,14000364,75,3,169.985684322,325,58,2.17610080697,222.163351096,241.472118505,58,58,0.7,0.6,0.6,1,2.41472118505,254.253588217,0.9,3.3,284.726837637,3.98306878307,c35270e89b729904
1336,14000365,75,0,109.512848331,325,50,2.84684915089,235.932469064,280.395281059,50,50,0.7,0.4,0.8,1,2.80395281059,303.411503892,1,4.4,365.186931809,3.87023809524,d22baebff760ff84
1336,14000365,75,1,43.7520468251,175,39,2.47628121296,299.051904816,308.993086101,39,39,0.5,0.4,0.4,1,3.08993086101,303.411503892,1,4.4,365.186931809,3.87023809524,d22baebff760ff84
1336,14000365,75,2,354.072176014,425,44,2.33205216165,234.510971233,276.25304664,44,44,0.7,0.4,0.5,1,2.7625304664,303.411503892,1,4.4,365.186931809,3.87023809524,d22baebff760ff84
1336,14000365,75,3,379.130263765,75,40,2.40459859899,314.525414456,217.329301448,40,40,0.3,0.7,0.4,1,2.17329301448,303.411503892,1,4.4,365.186931809,3.87023809524,d22baebff760ff84
1337,14000366,75,0,230.270830874,425,52,1.6645527464,222.512275035,301.711697899,52,52,0.9,0.6,0.7,1,3.01711697899,257.721698094,1,3.8,299.470487909,4.16166666667,e372f1d513408f5b
1337,14000366,75,1,292.720825893,75,53,2.24137948903,291.896786979,178.460765819,53,53,0.6,0.9,0.8,1,1.78460765819,257.721698094,1,3.8,299.470487909,4.16166666667,e372f1d513408f5b
1337,14000366,75,2,314.817299813,175,63,2.39088065786,241.798316239,162.631578638,63,63,0.9,0.9,1,1,1.62631578638,257.721698094,1,3.8,299.470487909,4.16166666667,e372f1d513408f5b
1337,14000366,75,3,170.780788259,325,59,1.61269486589,188.403716996,251.327639333,59,59,0.9,0.7,0.8,1,2.51327639333,257.721698094,1,3.8,299.470487909,4.16166666667,e372f1d513408f5b
1338,14000367,75,0,378.683556686,325,55,2.63586989166,203.27386751,249.093847323,55,55,0.9,0.6,0.8,1,2.49093847323,180.883397849,1,2.8,213.808464079,3.17666666667,bf89b5e347118272
1338,14000367,75,1,304.181406519,75,50,2.17794251992,210.737315125,270.784474396,50,50,0.9,0.6,0.7,1,2.70784474396,180.883397849,1,2.8,213.808464079,3.17666666667,bf89b5e347118272
1338,14000367,75,2,87.7181519181,425,38,2.66937866887,286.438426459,273.673922345,38,38,0.6,0.5,0.7,1,2.73673922345,180.883397849,1,2.8,213.808464079,3.17666666667,bf89b5e347118272
1338,14000367,75,3,154.349335483,175,56,2.46843448707,169.940800515,201.442660358,56,56,0.9,0.6,0.9,1,2.01442660358,180.883397849,1,2.8,213.808464079,3.17666666667,bf89b5e347118272
1339,14000368,75,0,155.616324055,425,47,1.85109359372,216.116312154,155.673404803,47,47,0.7,1,0.9,1,1.55673404803,254.20075089,0.9,3,266.368700611,4.02037037037,5d366800239a5a34
1339,14000368,75,1,434.737556731,175,47,1.81793962414,260.201734797,342.020698163,47,47,0.7,0.3,0.4,1,3.42020698163,254.20075089,0.9,3,266.368700611,4.02037037037,5d366800239a5a34
1339,14000368,75,2,241.344537905,75,45,1.5680108162,251.682134995,275.059111971,45,45,0.6,0.7,0.7,1,2.75059111971,254.20075089,0.9,3,266.368700611,4.02037037037,5d366800239a5a34
1339,14000368,75,3,439.745582959,325,49,1.91918326337,240.475024909,314.382485052,49,49,0.8,0.4,0.6,1,3.14382485052,254.20075089,0.9,3,266.368700611,4.02037037037,5d366800239a5a34
1340,14000369,75,0,457.223851395,75,33,1.67099236158,316.183958296,330.022004542,33,33,0.5,0.5,0.4,1,3.30022004542,265.723894415,1,4.5,353.016320115,3.52166666667,cacd426949865d68
1340,14000369,75,1,147.924490726,325,56,2.14183568653,238.806432567,223.894247335,56,56,0.7,0.8,0.8,1,2.23894247335,265.723894415,1,4.5,353.016320115,3.52166666667,cacd426949865d68
1340,14000369,75,2,47.8786605989,425,30,2.15877546426,294.202601427,317.428087846,30,30,0.5,0.4,0.3,1,3.17428087846,265.723894415,1,4.5,353.016320115,3.52166666667,cacd426949865d68
1340,14000369,75,3,312.511595451,175,64,2.14633310577,239.905781509,210.834109749,64,64,0.7,0.8,0.8,1,2.10834109749,265.723894415,1,4.5,353.016320115,3.52166666667,cacd426949865d68
1341,14000370,75,0,94.7865502578,75,31,1.65614334767,355.576185567,377.465687835,31,31,0.2,0.2,0.3,1,3.77465687835,276.37206354,1,5,403.921283276,4.09694444444,4f6aa62b60a7e748
1341,14000370,75,1,186.412591842,425,51,1.59079761308,177.732479008,224.184831613,51,51,0.8,0.5,1,1,2.24184831613,276.37206354,1,5,403.921283276,4.09694444444,4f6aa62b60a7e748
1341,14000370,75,2,377.93557188,175,49,2.263129393,314.431898021,283.40441041,49,49,0.5,0.5,0.5,1,2.8340441041,276.37206354,1,5,403.921283276,4.09694444444,4f6aa62b60a7e748
1341,14000370,75,3,361.915356623,325,54,2.27050232568,236.880681657,214.835271587,54,54,0.6,0.8,0.8,1,2.14835271587,276.37206354,1,5,403.921283276,4.09694444444,4f6aa62b60a7e748
1342,14000371,75,0,252.709077653,325,64,1.90949645047,159.157475085,176.063585588,64,64,1,0.9,1,1,1.76063585588,258.573981481,1,3.7,295.987790162,3.66166666667,68a8a22a4db00ec
1342,14000371,75,1,244.56426905,425,45,1.65153667875,157.383541,197.41727654,45,45,0.9,0.8,0.8,1,1.9741727654,258.573981481,1,3.7,295.987790162,3.66166666667,68a8a22a4db00ec
1342,14000371,75,2,152.184097729,175,55,2.06777676022,252.000639413,204.72194526,55,55,0.5,0.8,0.9,1,2.0472194526,258.573981481,1,3.7,295.987790162,3.66166666667,68a8a22a4db00ec
1342,14000371,75,3,380.269675855,75,42,1.859304011,335.621155232,294.066906406,42,42,0.2,0.5,0.4,1,2.94066906406,258.573981481,1,3.7,295.987790162,3.66166666667,68a8a22a4db00ec
1343,14000372,75,0,114.52923626,75,45,2.65687457122,277.091207464,278.809589672,45,45,0.5,0.6,0.6,1,2.78809589672,174.931147326,1,2.9,214.342371898,3.36166666667,62fdc4974121c217
1343,14000372,75,1,260.331033246,175,70,1.99063224744,172.241477549,196.544184907,70,70,1,0.9,1,1,1.96544184907,174.931147326,1,2.9,214.342371898,3.36166666667,62fdc4974121c217
1343,14000372,75,2,41.8242321388,425,26,2.94645578438,338.964614976,304.543141829,26,26,0.4,0.4,0.3,1,3.04543141829,174.931147326,1,2.9,214.342371898,3.36166666667,62fdc4974121c217
1343,14000372,75,3,386.044451617,325,51,2.76163928355,189.661118981,220.276528069,51,51,0.8,0.8,0.9,1,2.20276528069,174.931147326,1,2.9,214.342371898,3.36166666667,62fdc4974121c217
1344,14000373,75,0,59.6191206418,175,46,2.75891724639,257.044782839,255.722651154,46,46,0.7,0.5,0.5,1,2.55722651154,253.398978956,1,3.8,300.528839633,3.98833333333,a5a9351a6e0fd4ef
1344,14000373,75,1,365.087827589,425,39,2.87174706072,296.507287548,287.415265185,39,39,0.6,0.5,0.3,1,2.87415265185,253.398978956,1,3.8,300.528839633,3.98833333333,a5a9351a6e0fd4ef
1344,14000373,75,2,140.774401757,325,53,2.21813963965,252.881938245,245.305579133,53,53,0.7,0.6,0.7,1,2.45305579133,253.398978956,1,3.8,300.528839633,3.98833333333,a5a9351a6e0fd4ef
1344,14000373,75,3,484.613030925,75,36,2.50460064411,324.998318485,262.888068448,36,36,0.5,0.6,0.4,1,2.62888068448,253.398978956,1,3.8,300.528839633,3.98833333333,a5a9351a6e0fd4ef
1345,14000374,75,0,104.428020043,75,39,1.85157990881,332.339934236,321.869398063,39,39,0.4,0.3,0.3,1,3.21869398063,240.738847446,1,3.8,282.904482485,3.18833333333,fb9b348176067c68
1345,14000374,75,1,192.874970187,325,65,1.54890266779,235.955249839,191.476725181,65,65,0.8,0.9,1,1,1.91476725181,240.738847446,1,3.8,282.904482485,3.18833333333,fb9b348176067c68
1345,14000374,75,2,448.839311153,425,36,2.00925477081,276.211541539,306.527482071,36,36,0.4,0.4,0.2,1,3.06527482071,240.738847446,1,3.8,282.904482485,3.18833333333,fb9b348176067c68
1345,14000374,75,3,343.49584059,175,53,2.06538036129,247.458909772,293.120159499,53,53,0.7,0.5,0.7,1,2.93120159499,240.738847446,1,3.8,282.904482485,3.18833333333,fb9b348176067c68
1346,14000375,75,0,33.3591555917,175,47,1.92448257216,248.613149878,276.796050264,47,47,0.6,0.7,0.8,1,2.76796050264,224.27290819,1,3.6,288.173397147,3.63666666667,7d6057304b5ce7e3
1346,14000375,75,1,242.92016591,325,63,1.60201123891,203.942917743,178.769423136,63,63,1,1,1,1,1.78769423136,224.27290819,1,3.6,288.173397147,3.63666666667,7d6057304b5ce7e3
1346,14000375,75,2,57.0683494691,75,35,2.17555867588,275.169866842,311.073974243,35,35,0.6,0.4,0.5,1,3.11073974243,224.27290819,1,3.6,288.173397147,3.63666666667,7d6057304b5ce7e3
1346,14000375,75,3,278.789858818,425,44,2.26897081563,268.164271794,225.180693258,44,44,0.7,0.8,0.9,1,2.25180693258,224.27290819,1,3.6,288.173397147,3.63666666667,7d6057304b5ce7e3
1347,14000376,75,0,379.468325644,175,53,2.89219321255,251.603536794,263.238343192,53,53,0.7,0.6,0.4,1,2.63238343192,257.813463755,1,3.8,292.957245918,4.76619047619,1c4348b70cb3bf1b
1347,14000376,75,1,316.152000091,425,50,2.1351745595,200.183702907,226.60372757,50,50,0.9,0.7,1,1,2.2660372757,257.813463755,1,3.8,292.957245918,4.76619047619,1c4348b70cb3bf1b
1347,14000376,75,2,111.157605642,75,33,1.50327733455,345.293293813,320.461684872,33,33,0.2,0.2,0.2,1,3.20461684872,257.813463755,1,3.8,292.957245918,4.76619047619,1c4348b70cb3bf1b
1347,14000376,75,3,64.5899266054,325,50,2.26802666559,255.836779824,209.171484075,50,50,0.6,0.7,0.5,1,2.09171484075,257.813463755,1,3.8,292.957245918,4.76619047619,1c4348b70cb3bf1b
1348,14000377,75,0,359.359488601,325,52,2.82702142016,252.65196334,241.794301701,52,52,0.7,0.6,0.7,1,2.41794301701,273.859547383,1,4.2,332.626000894,3.85523809524,1869f99a3c1078fb
1348,14000377,75,1,24.3615214668,175,44,2.47865661852,249.987021565,261.350092253,44,44,0.5,0.5,0.7,1,2.61350092253,273.859547383,1,4.2,332.626000894,3.85523809524,1869f99a3c1078fb
1348,14000377,75,2,365.569445254,425,38,2.73765739753,308.821177476,298.441889391,38,38,0.4,0.4,0.5,1,2.98441889391,273.859547383,1,4.2,332.626000894,3.85523809524,1869f99a3c1078fb
1348,14000377,75,3,153.697670119,75,49,2.75426914074,226.018654757,202.951439809,49,49,0.7,0.8,0.7,1,2.02951439809,273.859547383,1,4.2,332.626000894,3.85523809524,1869f99a3c1078fb
1349,14000378,75,0,348.400665929,325,55,1.99245150765,197.406714116,253.67544708,55,55,0.8,0.8,0.8,1,2.5367544708,282.022953058,0.9,4.4,364.263321571,3.05727513228,643a3c7245bfd1a8
1349,14000378,75,1,129.224426951,75,42,2.93781668827,271.751769747,288.952655452,42,42,0.4,0.5,0.4,1,2.88952655452,282.022953058,0.9,4.4,364.263321571,3.05727513228,643a3c7245bfd1a8
1349,14000378,75,2,301.021859234,175,63,2.29647384291,212.938042711,237.666254684,63,63,0.9,0.7,0.9,1,2.37666254684,282.022953058,0.9,4.4,364.263321571,3.05727513228,643a3c7245bfd1a8
1349,14000378,75,3,73.07924137,425,37,2.91740869461,263.445626367,301.043636393,37,37,0.7,0.5,0.3,1,3.01043636393,282.022953058,0.9,4.4,364.263321571,3.05727513228,643a3c7245bfd1a8
1350,14000379,75,0,263.091456941,425,48,2.1753029325,208.131878022,260.47836484,48,48,0.9,0.6,0.6,1,2.6047836484,214.542928634,1,3.3,262.999260471,4.11071428571,e1061045f4167f79
1350,14000379,75,1,337.715536876,175,62,2.52954012455,198.291300741,176.009211947,62,62,0.7,0.9,1,1,1.76009211947,214.542928634,1,3.3,262.999260471,4.11071428571,e1061045f4167f79
1350,14000379,75,2,127.155416318,325,56,2.14842239792,196.359153617,250.171476097,56,56,0.8,0.7,0.7,1,2.50171476097,214.542928634,1,3.3,262.999260471,4.11071428571,e1061045f4167f79
1350,14000379,75,3,113.027533332,75,43,2.61567446067,296.199089658,264.560460505,43,43,0.6,0.6,0.6,1,2.64560460505,214.542928634,1,3.3,262.999260471,4.11071428571,e1061045f4167f79
1351,14000380,75,0,291.67231467,325,65,1.73700631564,201.401664432,223.03703317,65,65,1,0.8,1,1,2.2303703317,323.323633757,1,4.9,404.427983769,3.67083333333,332bb47a651820ed
1351,14000380,75,1,382.141544786,425,42,2.39551100733,266.17155218,279.48878377,42,42,0.4,0.4,0.6,1,2.7948878377,323.323633757,1,4.9,404.427983769,3.67083333333,332bb47a651820ed
1351,14000380,75,2,137.440041145,75,43,2.29275618598,299.761548664,294.387151237,43,43,0.5,0.5,0.7,1,2.94387151237,323.323633757,1,4.9,404.427983769,3.67083333333,332bb47a651820ed
1351,14000380,75,3,85.9423139705,175,55,2.71701673795,256.219076227,285.234705049,55,55,0.8,0.7,0.8,1,2.85234705049,323.323633757,1,4.9,404.427983769,3.67083333333,332bb47a651820ed
1352,14000381,75,0,105.464628186,425,53,2.19427580768,220.613251973,290.823824133,53,53,0.7,0.6,0.5,1,2.90823824133,278.047224415,1,4.1,333.875234021,3.835,2c5d7ddacfa76afe
1352,14000381,75,1,54.0949268284,325,55,1.99789147758,235.355441699,251.217321613,55,55,0.7,0.6,0.5,1,2.51217321613,278.047224415,1,4.1,333.875234021,3.835,2c5d7ddacfa76afe
1352,14000381,75,2,268.741290953,75,44,2.13589685509,282.572683081,197.949644665,44,44,0.5,1,0.7,1,1.97949644665,278.047224415,1,4.1,333.875234021,3.835,2c5d7ddacfa76afe
1352,14000381,75,3,371.811608906,175,45,2.15920586484,251.862210688,195.839564304,45,45,0.5,0.9,0.7,1,1.95839564304,278.047224415,1,4.1,333.875234021,3.835,2c5d7ddacfa76afe
1353,14000382,75,0,136.178502332,75,43,1.92454427273,163.36297627,206.795219109,43,43,0.9,0.7,0.9,1,2.06795219109,248.942893298,1,3.4,276.776858654,3.99666666667,8fa1e36bc9acac5
1353,14000382,75,1,401.357614359,425,41,1.94188690449,318.656475373,343.745059721,41,41,0.4,0.4,0.5,1,3.43745059721,248.942893298,1,3.4,276.776858654,3.99666666667,8fa1e36bc9acac5
1353,14000382,75,2,125.805867831,325,58,1.8821172934,227.298794247,194.240393583,58,58,0.8,0.9,0.9,1,1.94240393583,248.942893298,1,3.4,276.776858654,3.99666666667,8fa1e36bc9acac5
1353,14000382,75,3,380.293428418,175,55,2.59381223258,166.386506291,275.708496874,55,55,1,0.5,0.9,1,2.75708496874,248.942893298,1,3.4,276.776858654,3.99666666667,8fa1e36bc9acac5
1354,14000383,75,0,426.612349504,75,39,2.94218418347,283.029072037,321.407228867,39,39,0.4,0.5,0.4,1,3.21407228867,292.3761961,1,4.2,333.552815109,3.70166666667,3f4cc5b3bd9bfc29
1354,14000383,75,1,134.098402117,425,42,2.8977070209,294.729105455,206.362272701,42,42,0.6,0.8,0.4,1,2.06362272701,292.3761961,1,4.2,333.552815109,3.70166666667,3f4cc5b3bd9bfc29
1354,14000383,75,2,403.352570321,175,53,2.36512112301,251.13277131,254.727183379,53,53,0.7,0.6,0.4,1,2.54727183379,292.3761961,1,4.2,333.552815109,3.70166666667,3f4cc5b3bd9bfc29
1354,14000383,75,3,46.5019055466,325,43,2.5971654021,259.764784063,247.187410613,43,43,0.6,0.7,0.5,1,2.47187410613,292.3761961,1,4.2,333.552815109,3.70166666667,3f4cc5b3bd9bfc29
1355,14000384,75,0,425.181717723,75,37,1.78176228106,304.467415486,299.025726527,37,37,0.3,0.4,0.5,1,2.99025726527,332.196594629,1,4.8,389.96409232,3.44880952381,84be11cf504bf51a
1355,14000384,75,1,211.168250797,425,44,2.37071388946,246.693204511,254.147107312,44,44,0.6,0.7,0.7,1,2.54147107312,332.196594629,1,4.8,389.96409232,3.44880952381,84be11cf504bf51a
1355,14000384,75,2,145.601824042,325,52,1.73381734857,244.743710556,229.668205619,52,52,0.5,0.6,0.9,1,2.29668205619,332.196594629,1,4.8,389.96409232,3.44880952381,84be11cf504bf51a
1355,14000384,75,3,435.404421257,175,45,2.50393657577,237.56064507,275.074425943,45,45,0.7,0.7,0.5,1,2.75074425943,332.196594629,1,4.8,389.96409232,3.44880952381,84be11cf504bf51a
1356,14000385,75,0,342.040799109,325,60,1.52338687226,266.544770735,214.658983772,60,60,0.7,0.7,0.8,1,2.14658983772,341.462097297,1,5.3,415.282744708,3.60595238095,6188c6bbaf583fe5
1356,14000385,75,1,468.460420586,175,47,2.99352948946,313.510908135,240.576909084,47,47,0.4,0.7,0.5,1,2.40576909084,341.462097297,1,5.3,415.282744708,3.60595238095,6188c6bbaf583fe5
1356,14000385,75,2,149.839245474,425,44,1.68281006595,288.669537211,295.866293875,44,44,0.5,0.5,0.4,1,2.95866293875,341.462097297,1,5.3,415.282744708,3.60595238095,6188c6bbaf583fe5
1356,14000385,75,3,105.726237118,75,32,2.16581271507,284.238183752,261.52554447,32,32,0.5,0.6,0.5,1,2.6152554447,341.462097297,1,5.3,415.282744708,3.60595238095,6188c6bbaf583fe5
1357,14000386,75,0,494.087490379,325,40,1.76668885645,347.045932089,324.880683862,40,40,0.4,0.5,0.2,1,3.24880683862,261.170291791,1,3.9,322.818712274,4.44428571429,f33ec25d686b6e91
1357,14000386,75,1,305.620842143,75,42,1.59251662994,269.518189099,335.046284688,42,42,0.4,0.2,0.5,1,3.35046284688,261.170291791,1,3.9,322.818712274,4.44428571429,f33ec25d686b6e91
1357,14000386,75,2,180.024983564,175,62,2.18196772017,185.720053274,235.386242398,62,62,0.9,0.7,0.8,1,2.35386242398,261.170291791,1,3.9,322.818712274,4.44428571429,f33ec25d686b6e91
1357,14000386,75,3,286.328005225,425,53,1.64722141252,248.346024083,209.780907325,53,53,0.6,0.8,0.8,1,2.09780907325,261.170291791,1,3.9,322.818712274,4.44428571429,f33ec25d686b6e91
1358,14000387,75,0,250.307387206,425,56,2.03371627027,269.393987423,223.85647639,56,56,0.7,0.8,0.5,1,2.2385647639,328.482776927,1,4.3,369.012339876,4.47,63b33427b87b04ee
1358,14000387,75,1,350.023267691,175,59,2.81346270065,226.916571707,261.625528119,59,59,0.7,0.6,0.8,1,2.61625528119,328.482776927,1,4.3,369.012339876,4.47,63b33427b87b04ee
1358,14000387,75,2,133.022400922,325,60,1.73129137017,191.475950926,230.001861971,60,60,0.8,0.7,0.7,1,2.30001861971,328.482776927,1,4.3,369.012339876,4.47,63b33427b87b04ee
1358,14000387,75,3,287.772457533,75,55,2.43606812543,227.880005184,315.403915982,55,55,0.9,0.4,0.6,1,3.15403915982,328.482776927,1,4.3,369.012339876,4.47,63b33427b87b04ee
1359,14000388,75,0,400.200113116,425,37,2.59317365272,220.849187823,268.465484182,37,37,0.5,0.7,0.8,1,2.68465484182,249.116679319,0.9,3.3,291.717018256,3.83148148148,6646ec79edb56407
1359,14000388,75,1,361.177685988,325,58,2.45142166359,204.356874831,204.945174733,58,58,0.8,0.9,0.9,1,2.04945174733,249.116679319,0.9,3.3,291.717018256,3.83148148148,6646ec79edb56407
1359,14000388,75,2,9.8305195341,75,30,2.35418732606,353.972283894,342.555756791,30,30,0.4,0.4,0.3,1,3.42555756791,249.116679319,0.9,3.3,291.717018256,3.83148148148,6646ec79edb56407
1359,14000388,75,3,151.427344032,175,51,2.91416081246,230.699339698,202.575317208,51,51,0.6,0.7,0.8,1,2.02575317208,249.116679319,0.9,3.3,291.717018256,3.83148148148,6646ec79edb56407
1360,14000389,75,0,386.822951391,325,53,2.03226638578,224.714233625,257.408214552,53,53,0.9,0.7,0.8,1,2.57408214552,212.977246322,1,3.3,266.760733397,3.01166666667,aa2d98d51d2217ea
1360,14000389,75,1,44.8748553459,175,45,2.68142969355,313.655610183,274.209776009,45,45,0.4,0.6,0.4,1,2.74209776009,212.977246322,1,3.3,266.760733397,3.01166666667,aa2d98d51d2217ea
1360,14000389,75,2,123.434452155,425,38,2.43770288631,334.10410861,276.707790734,38,38,0.4,0.6,0.5,1,2.76707790734,212.977246322,1,3.3,266.760733397,3.01166666667,aa2d98d51d2217ea
1360,14000389,75,3,416.20243351,75,38,2.39846627012,219.330298439,254.673335132,38,38,0.7,0.6,0.6,1,2.54673335132,212.977246322,1,3.3,266.760733397,3.01166666667,aa2d98d51d2217ea
1361,14000390,75,0,145.261406034,325,59,2.81036001228,255.20846314,214.600659239,59,59,0.7,0.8,0.7,1,2.14600659239,259.43677215,0.8,2.9,287.31571225,3.58511904762,6a9f75447df04b05
1361,14000390,75,1,482.828350268,75,29,1.59135867273,274.254736979,325.607064359,29,29,0.6,0.5,0.4,1,3.25607064359,259.43677215,0.8,2.9,287.31571225,3.58511904762,6a9f75447df04b05
1361,14000390,75,2,358.242341338,175,52,2.73860780195,196.906554769,206.187318919,52,52,0.8,0.8,0.8,1,2.06187318919,259.43677215,0.8,2.9,287.31571225,3.58511904762,6a9f75447df04b05
1361,14000390,75,3,150.221562274,425,42,2.63029705682,328.679202604,253.573170985,42,42,0.3,0.6,0.5,1,2.53573170985,259.43677215,0.8,2.9,287.31571225,3.58511904762,6a9f75447df04b05
1362,14000391,75,0,380.590725292,325,51,2.57233264044,276.232309383,227.33873918,51,51,0.5,0.6,0.7,1,2.2733873918,219.396473759,1,4.2,329.339930283,3.60333333333,a7a5c8544f670597
1362,14000391,75,1,281.77584799,425,48,1.73393263316,247.363157738,260.727165037,48,48,0.7,0.6,0.6,1,2.60727165037,219.396473759,1,4.2,329.339930283,3.60333333333,a7a5c8544f670597
1362,14000391,75,2,197.21643563,175,66,1.6044612436,207.081937911,210.92203277,66,66,1,0.9,0.9,1,2.1092203277,219.396473759,1,4.2,329.339930283,3.60333333333,a7a5c8544f670597
1362,14000391,75,3,408.435868189,75,37,2.40641827127,310.208971209,295.348075898,37,37,0.4,0.5,0.2,1,2.95348075898,219.396473759,1,4.2,329.339930283,3.60333333333,a7a5c8544f670597
1363,14000392,75,0,316.585975164,325,55,2.37891772725,219.78177589,251.469898783,55,55,0.7,0.8,0.9,1,2.51469898783,343.38130469,1,6.4,508.148362078,4.03,84ec1c37954184ac
1363,14000392,75,1,124.593694451,75,44,2.28739898919,219.387397917,263.406592745,44,44,0.8,0.6,0.3,1,2.63406592745,343.38130469,1,6.4,508.148362078,4.03,84ec1c37954184ac
1363,14000392,75,2,316.967661094,175,63,2.18668803287,180.634702936,220.734581859,63,63,0.9,0.8,0.9,1,2.20734581859,343.38130469,1,6.4,508.148362078,4.03,84ec1c37954184ac
1363,14000392,75,3,86.9164025618,425,31,2.19926400299,329.576174929,328.338399685,31,31,0.5,0.4,0.2,1,3.28338399685,343.38130469,1,6.4,508.148362078,4.03,84ec1c37954184ac
1364,14000393,75,0,461.129059487,325,46,2.38834784079,294.064026978,296.029010984,46,46,0.5,0.5,0.4,1,2.96029010984,246.279554259,1,4.4,329.484613139,3.15833333333,701c5f318a5ae588
1364,14000393,75,1,178.811498388,75,40,1.82245843853,281.336277404,157.13894048,40,40,0.5,0.9,0.6,1,1.5713894048,246.279554259,1,4.4,329.484613139,3.15833333333,701c5f318a5ae588
1364,14000393,75,2,101.378631299,175,42,2.25084040131,226.454103354,191.228667179,42,42,0.8,0.9,1,1,1.91228667179,246.279554259,1,4.4,329.484613139,3.15833333333,701c5f318a5ae588
1364,14000393,75,3,345.511572494,425,49,2.74087164981,241.119937871,316.330637876,49,49,0.6,0.3,0.4,1,3.16330637876,246.279554259,1,4.4,329.484613139,3.15833333333,701c5f318a5ae588
1365,14000394,75,0,67.7064522642,325,37,1.67684852642,234.635929703,206.656831298,37,37,0.5,0.7,0.7,1,2.06656831298,293.396725328,0.9,3.9,331.550249204,3.95105820106,e01e4368d3f0d223
1365,14000394,75,1,49.6842092962,175,45,2.15405400126,277.47204906,226.48419011,45,45,0.6,0.8,0.5,1,2.2648419011,293.396725328,0.9,3.9,331.550249204,3.95105820106,e01e4368d3f0d223
1365,14000394,75,2,272.796912826,425,55,2.21363288807,223.453838719,243.551686426,55,55,0.7,0.7,0.6,1,2.43551686426,293.396725328,0.9,3.9,331.550249204,3.95105820106,e01e4368d3f0d223
1365,14000394,75,3,368.408056723,75,40,1.64519404133,352.503619939,281.917817177,40,40,0.3,0.5,0.2,1,2.81917817177,293.396725328,0.9,3.9,331.550249204,3.95105820106,e01e4368d3f0d223
1366,14000395,75,0,400.812179077,425,29,1.98044206353,271.264434048,282.903847021,29,29,0.6,0.5,0.3,1,2.82903847021,270.766597431,1,4.5,353.177389469,3.64666666667,534a3f6c46952b03
1366,14000395,75,1,123.523052925,175,57,2.70703129181,205.011899594,251.402447309,57,57,0.8,0.6,0.7,1,2.51402447309,270.766597431,1,4.5,353.177389469,3.64666666667,534a3f6c46952b03
1366,14000395,75,2,162.86114125,75,52,2.4370728888,253.484818059,245.989283948,52,52,0.6,0.6,0.5,1,2.45989283948,270.766597431,1,4.5,353.177389469,3.64666666667,534a3f6c46952b03
1366,14000395,75,3,356.651284176,325,50,2.05835849645,212.157727488,229.013156175,50,50,0.7,0.7,0.9,1,2.29013156175,270.766597431,1,4.5,353.177389469,3.64666666667,534a3f6c46952b03
1367,14000396,75,0,29.7812307761,425,30,1.62422288224,280.218192161,261.375744856,30,30,0.5,0.5,0.4,1,2.61375744856,305.113727469,1,4.5,351.083653972,3.21333333333,c8b0732765d93bc
1367,14000396,75,1,161.315550248,325,57,1.7162079996,185.435782332,158.114647054,57,57,0.8,0.9,1,1,1.58114647054,305.113727469,1,4.5,351.083653972,3.21333333333,c8b0732765d93bc
1367,14000396,75,2,408.08850526,75,38,2.92707419035,333.512267397,339.888799511,38,38,0.2,0.3,0.3,1,3.39888799511,305.113727469,1,4.5,351.083653972,3.21333333333,c8b0732765d93bc
1367,14000396,75,3,388.369768379,175,51,2.5373600225,261.013373291,275.218517428,51,51,0.6,0.5,1,1,2.75218517428,305.113727469,1,4.5,351.083653972,3.21333333333,c8b0732765d93bc
1368,14000397,75,0,341.19623902,175,63,2.6101518169,251.011449062,213.700671273,63,63,0.7,1,0.9,1,2.13700671273,291.918336174,1,4.7,372.6295638,4.05595238095,45a638d16930273e
1368,14000397,75,1,431.766204594,75,37,1.54529440604,328.701804265,310.807248155,37,37,0.4,0.4,0.4,1,3.10807248155,291.918336174,1,4.7,372.6295638,4.05595238095,45a638d16930273e
1368,14000397,75,2,136.542328338,425,42,2.67217732686,279.549914038,236.034955992,42,42,0.5,0.7,0.6,1,2.36034955992,291.918336174,1,4.7,372.6295638,4.05595238095,45a638d16930273e
1368,14000397,75,3,44.903921736,325,42,2.80799912836,259.56966637,273.024202639,42,42,0.7,0.6,0.7,1,2.73024202639,291.918336174,1,4.7,372.6295638,4.05595238095,45a638d16930273e
1369,14000398,75,0,167.034481596,325,64,2.59758120432,205.650705306,143.136965507,64,64,0.9,0.9,0.9,1,1.43136965507,276.130715419,1,4.2,328.620543457,3.98285714286,65ccf638f843c783
1369,14000398,75,1,384.822626425,175,48,2.25596910061,282.893492525,303.553725571,48,48,0.5,0.6,0.7,1,3.03553725571,276.130715419,1,4.2,328.620543457,3.98285714286,65ccf638f843c783
1369,14000398,75,2,148.796959203,425,48,2.41433931188,223.73851854,183.034699851,48,48,0.7,0.8,0.8,1,1.83034699851,276.130715419,1,4.2,328.620543457,3.98285714286,65ccf638f843c783
1369,14000398,75,3,416.163444563,75,31,2.91322496755,346.685361621,366.608426967,31,31,0.4,0.2,0.2,1,3.66608426967,276.130715419,1,4.2,328.620543457,3.98285714286,65ccf638f843c783
1370,14000399,75,0,171.047144369,425,46,2.25397277408,229.104084402,214.492042248,46,46,0.7,0.7,0.5,1,2.14492042248,267.968268126,1,4.3,358.349164478,3.49166666667,b56b60e5701c647e
1370,14000399,75,1,256.368745853,75,53,1.60180730672,254.366159554,281.09837552,53,53,0.9,0.6,0.7,1,2.8109837552,267.968268126,1,4.3,358.349164478,3.49166666667,b56b60e5701c647e
1370,14000399,75,2,362.95181954,325,53,2.93055604604,188.681459449,218.42087252,53,53,0.7,0.8,0.8,1,2.1842087252,267.968268126,1,4.3,358.349164478,3.49166666667,b56b60e5701c647e
1370,14000399,75,3,183.135847331,175,66,1.79943781147,200.950811725,225.944446476,66,66,1,0.9,1,1,2.25944446476,267.968268126,1,4.3,358.349164478,3.49166666667,b56b60e5701c647e
1371,14000400,75,0,143.153596167,175,52,2.34928487939,252.525507074,275.578525844,52,52,0.7,0.6,0.8,1,2.75578525844,271.531252482,0.8,2.8,280.539680824,3.51041666667,74c24f74582e7b47
1371,14000400,75,1,416.35171491,425,40,1.95236327122,293.218341886,201.1132504,40,40,0.5,0.8,0.5,1,2.011132504,271.531252482,0.8,2.8,280.539680824,3.51041666667,74c24f74582e7b47
1371,14000400,75,2,57.1986041507,325,40,2.89106681261,305.562631628,253.787357028,40,40,0.5,0.6,0.5,1,2.53787357028,271.531252482,0.8,2.8,280.539680824,3.51041666667,74c24f74582e7b47
1371,14000400,75,3,283.398603053,75,50,1.58128787496,250.628770194,323.386908626,50,50,0.6,0.4,0.5,1,3.23386908626,271.531252482,0.8,2.8,280.539680824,3.51041666667,74c24f74582e7b47
1372,14000401,75,0,72.3907400261,325,44,2.21239755172,188.603816392,268.384794239,44,44,0.7,0.6,0.6,1,2.68384794239,267.761814013,1,4.6,346.989241689,3.49928571429,c1fa2fad75519fc5
1372,14000401,75,1,13.5746047968,175,43,2.37688640209,277.558609397,323.29038384,43,43,0.6,0.4,0.6,1,3.2329038384,267.761814013,1,4.6,346.989241689,3.49928571429,c1fa2fad75519fc5
1372,14000401,75,2,321.985105619,425,41,2.1245063745,240.620445766,282.26297315,41,41,0.9,0.5,0.6,1,2.8226297315,267.761814013,1,4.6,346.989241689,3.49928571429,c1fa2fad75519fc5
1372,14000401,75,3,365.475260694,75,42,2.82578533453,311.322505965,253.197042062,42,42,0.4,0.6,0.3,1,2.53197042062,267.761814013,1,4.6,346.989241689,3.49928571429,c1fa2fad75519fc5
1373,14000402,75,0,201.719619863,425,49,2.22030738228,214.23848626,218.127272513,49,49,0.7,0.7,0.9,1,2.18127272513,155.866809175,1,2.2,177.769383576,4.18666666667,c2b03bf8a7ae4cda
1373,14000402,75,1,321.253477867,175,67,2.40905184961,198.755891633,201.608606541,67,67,0.8,0.9,0.9,1,2.01608606541,155.866809175,1,2.2,177.769383576,4.18666666667,c2b03bf8a7ae4cda
1373,14000402,75,2,47.6540702162,75,33,1.85804858183,294.152148486,318.510365551,33,33,0.5,0.4,0.4,1,3.18510365551,155.866809175,1,2.2,177.769383576,4.18666666667,c2b03bf8a7ae4cda
1373,14000402,75,3,313.882269118,325,66,1.5064859192,197.062128966,170.959727131,66,66,0.9,0.8,1,1,1.70959727131,155.866809175,1,2.2,177.769383576,4.18666666667,c2b03bf8a7ae4cda
1374,14000403,75,0,124.216528608,325,55,1.98758486821,227.354499746,182.223536034,55,55,0.8,0.9,0.8,1,1.82223536034,253.316224936,1,3.7,282.377209523,4.19,7430bd5d1d8da201
1374,14000403,75,1,457.929931601,75,27,2.68290929744,309.410123764,351.758354211,27,27,0.4,0.4,0.3,1,3.51758354211,253.316224936,1,3.7,282.377209523,4.19,7430bd5d1d8da201
1374,14000403,75,2,448.4964055,425,40,2.86926274131,200.560391282,381.83012593,40,40,0.8,0.2,0.4,1,3.8183012593,253.316224936,1,3.7,282.377209523,4.19,7430bd5d1d8da201
1374,14000403,75,3,176.317940511,175,56,2.65625103911,214.118099197,181.37249456,56,56,0.7,1,0.9,1,1.8137249456,253.316224936,1,3.7,282.377209523,4.19,7430bd5d1d8da201
1375,14000404,75,0,466.238430497,175,41,2.10379111557,186.179780428,267.182005153,41,41,0.8,0.7,0.8,1,2.67182005153,278.332573862,1,4.6,374.278492878,4.03833333333,50224615c926d709
1375,14000404,75,1,318.034922486,325,62,1.54587581511,179.732866742,196.386796182,62,62,0.9,0.7,1,1,1.96386796182,278.332573862,1,4.6,374.278492878,4.03833333333,50224615c926d709
1375,14000404,75,2,14.3424765475,425,29,1.67000222035,432.599794651,339.953593349,29,29,0.1,0.6,0.2,1,3.39953593349,278.332573862,1,4.6,374.278492878,4.03833333333,50224615c926d709
1375,14000404,75,3,136.018276467,75,33,2.23242638578,350.045974783,247.898457584,33,33,0.2,0.8,0.6,1,2.47898457584,278.332573862,1,4.6,374.278492878,4.03833333333,50224615c926d709
1376,14000405,75,0,88.1904381596,175,53,2.34262258964,168.844566495,276.758069848,53,53,0.9,0.5,0.7,1,2.76758069848,260.879358572,1,3.8,307.755683558,3.545,33087ac0f09c6e1f
1376,14000405,75,1,109.027993504,325,54,1.55787092982,187.300552593,211.349170187,54,54,0.9,0.7,0.9,1,2.11349170187,260.879358572,1,3.8,307.755683558,3.545,33087ac0f09c6e1f
1376,14000405,75,2,438.445754513,75,34,2.22801872528,330.431867227,330.983507274,34,34,0.4,0.3,0.4,1,3.30983507274,260.879358572,1,3.8,307.755683558,3.545,33087ac0f09c6e1f
1376,14000405,75,3,413.130349331,425,42,2.99983206884,313.960697594,219.821197375,42,42,0.5,0.9,0.5,1,2.19821197375,260.879358572,1,3.8,307.755683558,3.545,33087ac0f09c6e1f
1377,14000406,75,0,190.510857817,325,59,1.62054861982,265.947080842,197.075330221,59,59,0.6,0.8,0.8,1,1.97075330221,272.939271347,1,4.4,330.006156043,3.53611111111,269d574fa057ec00
1377,14000406,75,1,329.872305913,175,63,2.28447304393,217.204757995,200.649536197,63,63,0.9,0.7,1,1,2.00649536197,272.939271347,1,4.4,330.006156043,3.53611111111,269d574fa057ec00
1377,14000406,75,2,161.149578134,425,44,1.88508367108,312.451665497,232.465740988,44,44,0.4,0.7,0.6,1,2.32465740988,272.939271347,1,4.4,330.006156043,3.53611111111,269d574fa057ec00
1377,14000406,75,3,406.498351717,75,42,2.66591225377,267.79802594,291.020103775,42,42,0.5,0.5,0.6,1,2.91020103775,272.939271347,1,4.4,330.006156043,3.53611111111,269d574fa057ec00
1378,14000407,75,0,117.804434598,325,51,2.82369759723,281.124519589,274.260539735,51,51,0.6,0.5,0.5,1,2.74260539735,308.608503356,1,4.8,373.297075239,2.95583333333,4c8e3c20d0b9fee3
1378,14000407,75,1,258.049869104,425,48,1.8104424069,210.839587556,289.32546107,48,48,0.7,0.5,0.4,1,2.8932546107,308.608503356,1,4.8,373.297075239,2.95583333333,4c8e3c20d0b9fee3
1378,14000407,75,2,418.640928656,175,46,2.7977058458,248.99307297,264.81736108,46,46,0.6,0.7,0.5,1,2.6481736108,308.608503356,1,4.8,373.297075239,2.95583333333,4c8e3c20d0b9fee3
1378,14000407,75,3,161.857641043,75,44,1.85102684402,363.318421273,265.034886372,44,44,0.2,0.6,0.2,1,2.65034886372,308.608503356,1,4.8,373.297075239,2.95583333333,4c8e3c20d0b9fee3
1379,14000408,75,0,369.859457505,425,56,2.88206174624,189.931403155,232.79285958,56,56,0.8,0.7,0.9,1,2.3279285958,239.872771582,0.9,2.8,242.083215758,4.06481481481,f79fd9e683b189a9
1379,14000408,75,1,359.090319118,175,57,2.89468165731,207.395516062,201.264838389,57,57,0.9,0.8,0.8,1,2.01264838389,239.872771582,0.9,2.8,242.083215758,4.06481481481,f79fd9e683b189a9
1379,14000408,75,2,8.29237253402,75,17,1.86796191423,382.488692955,360.879904751,17,17,0.4,0.3,0.2,1,3.60879904751,239.872771582,0.9,2.8,242.083215758,4.06481481481,f79fd9e683b189a9
1379,14000408,75,3,195.147602207,325,68,1.96690075056,180.762501675,190.423400858,68,68,1,0.9,0.9,1,1.90423400858,239.872771582,0.9,2.8,242.083215758,4.06481481481,f79fd9e683b189a9
1380,14000409,75,0,39.9482062789,425,36,1.59690286733,302.861076843,250.950506261,36,36,0.5,0.7,0.3,1,2.50950506261,274.687397496,1,4.1,341.413573331,3.895,f5a475c3da36ff17
1380,14000409,75,1,322.270769778,325,65,2.00822006988,220.506180941,215.025076303,65,65,0.8,0.8,1,1,2.15025076303,274.687397496,1,4.1,341.413573331,3.895,f5a475c3da36ff17
1380,14000409,75,2,151.234561883,175,60,2.88649166681,215.181899467,177.098528807,60,60,0.7,0.9,0.9,1,1.77098528807,274.687397496,1,4.1,341.413573331,3.895,f5a475c3da36ff17
1380,14000409,75,3,349.214403575,75,36,2.86255409071,271.280942201,271.184545962,36,36,0.7,0.6,0.6,1,2.71184545962,274.687397496,1,4.1,341.413573331,3.895,f5a475c3da36ff17
1381,14000410,75,0,377.412984321,75,42,2.06313747785,305.120313127,292.647207601,42,42,0.5,0.5,0.5,1,2.92647207601,270.15579705,1,4.5,325.618498063,3.40428571429,eb02293e75a4b1e0
1381,14000410,75,1,247.859103774,325,65,1.90213011452,187.308958199,202.2302735,65,65,1,0.9,1,1,2.022302735,270.15579705,1,4.5,325.618498063,3.40428571429,eb02293e75a4b1e0
1381,14000410,75,2,38.0610855133,425,34,2.2963426055,283.866728833,278.98042893,34,34,0.4,0.5,0.5,1,2.7898042893,270.15579705,1,4.5,325.618498063,3.40428571429,eb02293e75a4b1e0
1381,14000410,75,3,418.153068524,175,47,2.91268479657,253.798677175,273.456503263,47,47,0.6,0.5,0.6,1,2.73456503263,270.15579705,1,4.5,325.618498063,3.40428571429,eb02293e75a4b1e0
1382,14000411,75,0,136.727607333,75,46,2.64144951742,247.604949179,268.733502821,46,46,0.5,0.5,0.8,1,2.68733502821,202.206855313,1,3,234.253305215,3.73333333333,9d6549d9a36e562d
1382,14000411,75,1,463.191111403,425,36,1.62354987505,283.646669746,302.121558109,36,36,0.5,0.4,0.5,1,3.02121558109,202.206855313,1,3,234.253305215,3.73333333333,9d6549d9a36e562d
1382,14000411,75,2,70.8736275605,175,48,2.59407041237,294.216519536,257.760566734,48,48,0.5,0.6,0.4,1,2.57760566734,202.206855313,1,3,234.253305215,3.73333333333,9d6549d9a36e562d
1382,14000411,75,3,434.819723838,325,46,2.93823276337,203.822699273,247.152922502,46,46,0.6,0.5,0.9,1,2.47152922502,202.206855313,1,3,234.253305215,3.73333333333,9d6549d9a36e562d
1383,14000412,75,0,128.552742794,425,42,2.16664433152,207.795745378,261.422401329,42,42,0.7,0.5,0.7,1,2.61422401329,201.707479958,1,3.1,236.394912248,3.37166666667,10ee267a3375575d
1383,14000412,75,1,468.633826258,325,40,2.72807797319,340.278657938,314.436243052,40,40,0.3,0.5,0.3,1,3.14436243052,201.707479958,1,3.1,236.394912248,3.37166666667,10ee267a3375575d
1383,14000412,75,2,499.818921477,75,24,2.82689891248,411.151058751,347.244293533,24,24,0.2,0.4,0.2,1,3.47244293533,201.707479958,1,3.1,236.394912248,3.37166666667,10ee267a3375575d
1383,14000412,75,3,90.6655147842,175,48,2.49192426974,174.512117796,214.370218939,48,48,0.9,0.7,0.9,1,2.14370218939,201.707479958,1,3.1,236.394912248,3.37166666667,10ee267a3375575d
1384,14000413,75,0,408.778971464,425,38,2.48826347867,285.256917869,292.238159558,38,38,0.6,0.5,0.7,1,2.92238159558,216.383339782,1,3,253.486704069,3.72333333333,563704a49e923413
1384,14000413,75,1,109.542247826,175,50,2.83292614506,243.584836272,226.380696099,50,50,0.5,0.9,0.9,1,2.26380696099,216.383339782,1,3,253.486704069,3.72333333333,563704a49e923413
1384,14000413,75,2,161.606451604,75,47,2.4381513191,232.82856824,214.11772239,47,47,0.6,0.8,0.9,1,2.1411772239,216.383339782,1,3,253.486704069,3.72333333333,563704a49e923413
1384,14000413,75,3,410.670540003,325,47,2.65618943138,206.593833036,217.96439034,47,47,0.7,0.9,1,1,2.1796439034,216.383339782,1,3,253.486704069,3.72333333333,563704a49e923413
1385,14000414,75,0,440.667609588,325,51,2.15905371606,272.325822324,243.718621788,51,51,0.6,0.8,0.6,1,2.43718621788,305.097873916,1,4.7,359.34220938,3.73297619048,d9ae7a0175f14fe1
1385,14000414,75,1,217.668595262,75,44,2.13670914935,206.792181082,288.075098591,44,44,0.8,0.6,0.6,1,2.88075098591,305.097873916,1,4.7,359.34220938,3.73297619048,d9ae7a0175f14fe1
1385,14000414,75,2,465.356885055,175,42,2.89190762555,273.002388075,299.485541931,42,42,0.6,0.5,0.3,1,2.99485541931,305.097873916,1,4.7,359.34220938,3.73297619048,d9ae7a0175f14fe1
1385,14000414,75,3,130.573607665,425,49,2.19798676549,243.99461058,255.019062135,49,49,0.6,0.7,0.7,1,2.55019062135,305.097873916,1,4.7,359.34220938,3.73297619048,d9ae7a0175f14fe1
1386,14000415,75,0,91.5376116112,425,40,2.5619433606,238.518632106,257.385378863,40,40,0.6,0.6,0.7,1,2.57385378863,196.60532124,1,3.7,279.989431218,2.96,88bad3dcf6e5f382
1386,14000415,75,1,399.622978731,75,36,1.86451977084,331.39300729,298.437172327,36,36,0.4,0.6,0.3,1,2.98437172327,196.60532124,1,3.7,279.989431218,2.96,88bad3dcf6e5f382
1386,14000415,75,2,316.273218809,175,59,1.67756379209,247.383592329,216.072352927,59,59,0.7,0.9,1,1,2.16072352927,196.60532124,1,3.7,279.989431218,2.96,88bad3dcf6e5f382
1386,14000415,75,3,120.487251889,325,52,2.07184699413,209.389177505,217.768265763,52,52,0.7,0.9,0.8,1,2.17768265763,196.60532124,1,3.7,279.989431218,2.96,88bad3dcf6e5f382
1387,14000416,75,0,217.742685334,425,42,2.0306643175,248.417781829,247.051334818,42,42,0.7,0.8,0.8,1,2.47051334818,278.924651528,1,4.2,323.584462118,3.18333333333,d564efe93133ac58
1387,14000416,75,1,89.1530338327,175,53,1.94963868645,211.347540683,180.772726535,53,53,0.8,0.9,0.9,1,1.80772726535,278.924651528,1,4.2,323.584462118,3.18333333333,d564efe93133ac58
1387,14000416,75,2,451.307683025,325,37,2.18432678272,321.720172734,332.130690594,37,37,0.4,0.3,0.3,1,3.32130690594,278.924651528,1,4.2,323.584462118,3.18333333333,d564efe93133ac58
1387,14000416,75,3,349.025727548,75,47,2.31060155341,283.570127036,280.429578228,47,47,0.7,0.4,0.3,1,2.80429578228,278.924651528,1,4.2,323.584462118,3.18333333333,d564efe93133ac58
1388,14000417,75,0,63.5241814253,175,48,1.66666355019,289.91041386,297.170727377,48,48,0.5,0.5,0.6,1,2.97170727377,253.141321547,1,3.5,286.676992924,5.02833333333,209d1c85a1ea67ac
1388,14000417,75,1,327.774315838,325,63,2.25830575648,152.587880348,160.77768963,63,63,1,0.9,1,1,1.6077768963,253.141321547,1,3.5,286.676992924,5.02833333333,209d1c85a1ea67ac
1388,14000417,75,2,151.513881705,425,54,1.79930443832,209.2378306,210.68280601,54,54,0.9,0.7,0.8,1,2.1068280601,253.141321547,1,3.5,286.676992924,5.02833333333,209d1c85a1ea67ac
1388,14000417,75,3,361.34497822,75,43,1.91245206418,296.53340901,291.665385972,43,43,0.3,0.5,0.7,1,2.91665385972,253.141321547,1,3.5,286.676992924,5.02833333333,209d1c85a1ea67ac
1389,14000418,75,0,449.744431147,175,52,2.18801721129,237.424086917,244.923164362,52,52,0.8,0.6,0.8,1,2.44923164362,224.822744219,1,3.4,274.870712162,3.845,b6a9e22510220332
1389,14000418,75,1,45.1562546251,325,41,2.91677576646,295.378231064,306.46683111,41,41,0.4,0.4,0.3,1,3.0646683111,224.822744219,1,3.4,274.870712162,3.845,b6a9e22510220332
1389,14000418,75,2,115.407548447,425,37,2.68091407328,267.363596763,287.684601118,37,37,0.7,0.6,0.6,1,2.87684601118,224.822744219,1,3.4,274.870712162,3.845,b6a9e22510220332
1389,14000418,75,3,342.083133832,75,51,2.53838928958,262.005628333,244.403194762,51,51,0.7,0.6,0.7,1,2.44403194762,224.822744219,1,3.4,274.870712162,3.845,b6a9e22510220332
1390,14000419,75,0,9.4263875171,325,35,2.51083195662,315.153778408,185.028464135,35,35,0.3,0.9,0.6,1,1.85028464135,213.668105872,1,3.2,248.741591681,3.16785714286,ecbdd5ce1466a2fd
1390,14000419,75,1,360.059338956,175,57,1.77565888614,216.859384832,278.617965374,57,57,0.8,0.6,0.9,1,2.78617965374,213.668105872,1,3.2,248.741591681,3.16785714286,ecbdd5ce1466a2fd
1390,14000419,75,2,399.418420089,75,37,2.00976156127,272.23704035,363.821941109,37,37,0.6,0.1,0.4,1,3.63821941109,213.668105872,1,3.2,248.741591681,3.16785714286,ecbdd5ce1466a2fd
1390,14000419,75,3,13.3005736261,425,29,2.24194852439,349.659747327,202.591968323,29,29,0.3,0.9,0.6,1,2.02591968323,213.668105872,1,3.2,248.741591681,3.16785714286,ecbdd5ce1466a2fd
1391,14000420,75,0,100.093432663,175,49,2.22823888739,233.911899708,271.042545445,49,49,0.7,0.6,0.6,1,2.71042545445,245.241288229,1,4,304.274665288,2.8,f9ccad24f21e2b1e
1391,14000420,75,1,402.867626909,425,37,2.78470672269,317.882184999,187.898067847,37,37,0.4,0.8,0.6,1,1.87898067847,245.241288229,1,4,304.274665288,2.8,f9ccad24f21e2b1e
1391,14000420,75,2,229.752261291,75,49,1.65369840944,207.467707924,298.988226266,49,49,0.7,0.4,0.7,1,2.98988226266,245.241288229,1,4,304.274665288,2.8,f9ccad24f21e2b1e
1391,14000420,75,3,400.778273655,325,47,2.59270846094,268.183076544,175.376751332,47,47,0.8,0.9,0.7,1,1.75376751332,245.241288229,1,4,304.274665288,2.8,f9ccad24f21e2b1e
1392,14000421,75,0,403.890992905,425,44,2.46976602849,279.437034296,141.73328442,44,44,0.5,0.9,0.7,1,1.4173328442,257.736532462,1,3.7,302.137610282,3.42619047619,7e82fe2ff3451be0
1392,14000421,75,1,217.591516108,325,64,2.06549870467,257.057538495,207.598888341,64,64,0.7,0.8,0.9,1,2.07598888341,257.736532462,1,3.7,302.137610282,3.42619047619,7e82fe2ff3451be0
1392,14000421,75,2,89.7832981837,175,46,2.92101973537,318.988228266,360.108335175,46,46,0.6,0.3,0.4,1,3.60108335175,257.736532462,1,3.7,302.137610282,3.42619047619,7e82fe2ff3451be0
1392,14000421,75,3,445.258955908,75,34,1.5428461367,348.927683288,354.245260521,34,34,0.4,0.2,0.2,1,3.54245260521,257.736532462,1,3.7,302.137610282,3.42619047619,7e82fe2ff3451be0
1393,14000422,75,0,92.292497729,75,37,1.90447072093,293.861561758,279.549043857,37,37,0.4,0.5,0.4,1,2.79549043857,359.713038955,1,5.2,412.856025,3.83083333333,29636b55d1d3905a
1393,14000422,75,1,172.610155502,325,57,2.68654504896,232.321916216,242.324258712,57,57,0.7,0.7,0.8,1,2.42324258712,359.713038955,1,5.2,412.856025,3.83083333333,29636b55d1d3905a
1393,14000422,75,2,448.218029746,175,46,1.7248657679,310.938274251,315.813846659,46,46,0.5,0.5,0.5,1,3.15813846659,359.713038955,1,5.2,412.856025,3.83083333333,29636b55d1d3905a
1393,14000422,75,3,269.601139173,425,46,1.65844968216,260.744160218,280.369902708,46,46,0.5,0.5,0.2,1,2.80369902708,359.713038955,1,5.2,412.856025,3.83083333333,29636b55d1d3905a
1394,14000423,75,0,0.16539393354,325,36,2.60635554573,335.311339245,280.528217668,36,36,0.3,0.5,0.3,1,2.80528217668,266.032078034,1,4.3,326.928721554,3.18357142857,a641a70f32d50b0f
1394,14000423,75,1,255.645647637,175,59,1.99798889048,175.287210389,210.379253817,59,59,1,0.8,1,1,2.10379253817,266.032078034,1,4.3,326.928721554,3.18357142857,a641a70f32d50b0f
1394,14000423,75,2,381.923247848,75,34,2.60290330689,225.58531116,284.354413928,34,34,0.7,0.4,0.5,1,2.84354413928,266.032078034,1,4.3,326.928721554,3.18357142857,a641a70f32d50b0f
1394,14000423,75,3,435.636385271,425,36,2.24037020518,294.108539781,275.576874952,36,36,0.4,0.5,0.6,1,2.75576874952,266.032078034,1,4.3,326.928721554,3.18357142857,a641a70f32d50b0f
1395,14000424,75,0,280.504120499,75,49,1.87858594983,294.321936602,238.430938316,49,49,0.4,0.6,0.5,1,2.38430938316,293.254532057,1,4.4,338.944025083,3.71416666667,c10448663fe3e00b
1395,14000424,75,1,84.426853802,175,51,1.81222110501,239.062802767,200.714711492,51,51,0.7,0.9,0.7,1,2.00714711492,293.254532057,1,4.4,338.944025083,3.71416666667,c10448663fe3e00b
1395,14000424,75,2,23.6099631942,325,40,2.56877767506,221.567237515,226.223230429,40,40,0.6,0.6,0.6,1,2.26223230429,293.254532057,1,4.4,338.944025083,3.71416666667,c10448663fe3e00b
1395,14000424,75,3,301.038147402,425,46,1.61826492503,290.698695903,296.886220783,46,46,0.6,0.6,0.5,1,2.96886220783,293.254532057,1,4.4,338.944025083,3.71416666667,c10448663fe3e00b
1396,14000425,75,0,347.633161815,75,46,2.21450440396,274.003447921,319.161249953,46,46,0.7,0.5,0.6,1,3.19161249953,327.759134552,1,4.6,389.947170498,4,f29db2ba325c83e7
1396,14000425,75,1,406.683352718,425,36,1.52651733902,303.428356975,173.846464126,36,36,0.3,0.8,0.5,1,1.73846464126,327.759134552,1,4.6,389.947170498,4,f29db2ba325c83e7
1396,14000425,75,2,129.099508937,175,55,2.16651274641,158.82513151,290.805242745,55,55,0.9,0.4,0.6,1,2.90805242745,327.759134552,1,4.6,389.947170498,4,f29db2ba325c83e7
1396,14000425,75,3,81.1883968959,325,47,2.52501600584,169.97922811,278.7006713,47,47,0.7,0.4,0.4,1,2.787006713,327.759134552,1,4.6,389.947170498,4,f29db2ba325c83e7
1397,14000426,75,0,322.082311593,425,50,2.13068447415,251.311290569,268.344839228,50,50,0.7,0.5,0.9,1,2.68344839228,250.603566999,1,3.6,284.457886679,3.41166666667,23953d14c611c647
1397,14000426,75,1,248.117041028,75,58,1.86205044574,217.022751798,222.762948667,58,58,0.9,0.7,0.9,1,2.22762948667,250.603566999,1,3.6,284.457886679,3.41166666667,23953d14c611c647
1397,14000426,75,2,0.97420523334,175,40,1.5040745399,303.26974745,263.490181806,40,40,0.4,0.8,0.3,1,2.63490181806,250.603566999,1,3.6,284.457886679,3.41166666667,23953d14c611c647
1397,14000426,75,3,206.772047705,325,65,1.7779629806,195.759525206,178.179399401,65,65,0.9,1,1,1,1.78179399401,250.603566999,1,3.6,284.457886679,3.41166666667,23953d14c611c647
1398,14000427,75,0,187.738430112,75,50,1.79714967938,290.565766292,186.508028497,50,50,0.6,0.8,0.6,1,1.86508028497,301.600348583,1,4.2,346.963099058,3.575,44e56efe91c3c134
1398,14000427,75,1,158.151425582,175,63,2.03370532831,245.68482388,159.618285186,63,63,0.7,1,1,1,1.59618285186,301.600348583,1,4.2,346.963099058,3.575,44e56efe91c3c134
1398,14000427,75,2,199.761249657,425,47,1.66238337197,244.795362226,254.211016994,47,47,0.7,0.7,0.9,1,2.54211016994,301.600348583,1,4.2,346.963099058,3.575,44e56efe91c3c134
1398,14000427,75,3,329.994009282,325,53,1.55254590137,248.865427131,200.50147449,53,53,0.6,0.9,1,1,2.0050147449,301.600348583,1,4.2,346.963099058,3.575,44e56efe91c3c134
1399,14000428,75,0,329.810199197,175,57,2.00875192851,230.983985931,220.05039758,57,57,0.8,0.8,0.9,1,2.2005039758,227.357303155,0.9,3.2,268.75392591,3.4208994709,5f85f2d022cef90e
1399,14000428,75,1,169.592562767,325,53,2.76318120091,197.149700523,183.674804884,53,53,0.6,0.7,0.8,1,1.83674804884,227.357303155,0.9,3.2,268.75392591,3.4208994709,5f85f2d022cef90e
1399,14000428,75,2,120.331629419,75,39,2.960715082,237.395353776,314.910843111,39,39,0.7,0.5,0.6,1,3.14910843111,227.357303155,0.9,3.2,268.75392591,3.4208994709,5f85f2d022cef90e
1399,14000428,75,3,424.22162984,425,31,2.87149371473,313.810932192,218.296607008,31,31,0.4,0.7,0.4,1,2.18296607008,227.357303155,0.9,3.2,268.75392591,3.4208994709,5f85f2d022cef90e
1400,14000429,75,0,48.8027215826,425,27,1.77196530104,196.88783005,315.732388187,27,27,0.9,0.3,0.5,1,3.15732388187,239.363531808,1,3.9,303.054838543,3.83833333333,14b0cee80c1ab12a
1400,14000429,75,1,389.489252733,325,60,1.8625053761,267.487088835,164.506441818,60,60,0.7,0.9,0.8,1,1.64506441818,239.363531808,1,3.9,303.054838543,3.83833333333,14b0cee80c1ab12a
1400,14000429,75,2,392.220901192,75,44,2.49604557362,354.962589637,284.904061422,44,44,0.3,0.4,0.5,1,2.84904061422,239.363531808,1,3.9,303.054838543,3.83833333333,14b0cee80c1ab12a
1400,14000429,75,3,50.3310519952,175,38,2.86312865879,242.608948893,300.632669946,38,38,0.7,0.5,0.7,1,3.00632669946,239.363531808,1,3.9,303.054838543,3.83833333333,14b0cee80c1ab12a
1401,14000430,75,0,80.4754517627,175,44,2.59161906945,298.026162364,300.592104023,44,44,0.4,0.4,0.4,1,3.00592104023,241.002073645,0.9,3,255.834160935,3.19047619048,9add5191c7f7b874
1401,14000430,75,1,46.0165635562,75,27,2.44692385369,343.429295508,354.400822721,27,27,0.4,0.4,0.2,1,3.54400822721,241.002073645,0.9,3,255.834160935,3.19047619048,9add5191c7f7b874
1401,14000430,75,2,434.60135064,425,37,2.14878490277,287.928616843,271.883566047,37,37,0.5,0.5,0.5,1,2.71883566047,241.002073645,0.9,3,255.834160935,3.19047619048,9add5191c7f7b874
1401,14000430,75,3,343.726655509,325,58,2.43722747857,232.050602155,204.229547365,58,58,0.8,0.8,0.8,1,2.04229547365,241.002073645,0.9,3,255.834160935,3.19047619048,9add5191c7f7b874
1402,14000431,75,0,118.060301266,75,43,2.36975574979,154.340014914,202.622389802,43,43,0.8,0.8,0.8,1,2.02622389802,173.752519547,1,2.8,209.007332431,3.29166666667,6fcc85480e52d897
1402,14000431,75,1,169.789985942,425,46,1.88515231743,298.71197675,284.274288419,46,46,0.3,0.5,0.8,1,2.84274288419,173.752519547,1,2.8,209.007332431,3.29166666667,6fcc85480e52d897
1402,14000431,75,2,463.54984732,175,39,2.90176431363,309.91789825,249.174727406,39,39,0.3,0.5,0.6,1,2.49174727406,173.752519547,1,2.8,209.007332431,3.29166666667,6fcc85480e52d897
1402,14000431,75,3,349.554325923,325,59,2.8294231779,271.301413957,224.907109225,59,59,0.7,0.8,0.9,1,2.24907109225,173.752519547,1,2.8,209.007332431,3.29166666667,6fcc85480e52d897
1403,14000432,75,0,95.1438516416,175,55,2.37782678924,274.451888425,213.563027784,55,55,0.7,0.7,0.6,1,2.13563027784,296.208012203,0.9,4.2,377.804904131,3.96666666667,7523deb1eb594c7d
1403,14000432,75,1,9.54804515073,325,32,2.39929380869,336.792742698,313.367267787,32,32,0.4,0.4,0.3,1,3.13367267787,296.208012203,0.9,4.2,377.804904131,3.96666666667,7523deb1eb594c7d
1403,14000432,75,2,230.058293329,75,57,1.73306849485,247.482968562,188.581045703,57,57,0.6,0.9,0.7,1,1.88581045703,296.208012203,0.9,4.2,377.804904131,3.96666666667,7523deb1eb594c7d
1403,14000432,75,3,421.819279512,425,32,1.534314445,265.906193102,311.483270918,32,32,0.6,0.3,0.3,1,3.11483270918,296.208012203,0.9,4.2,377.804904131,3.96666666667,7523deb1eb594c7d
1404,14000433,75,0,117.473709179,175,52,1.95856375882,182.430119892,198.218749308,52,52,0.7,0.8,0.7,1,1.98218749308,178.1110298,1,2.9,213.213861149,3.83333333333,38a488347aebcc04
1404,14000433,75,1,379.00779766,325,50,2.00285816378,208.865674567,262.640467064,50,50,1,0.6,0.8,1,2.62640467064,178.1110298,1,2.9,213.213861149,3.83333333333,38a488347aebcc04
1404,14000433,75,2,472.30170612,425,27,1.86740261261,300.219955242,350.573131899,27,27,0.3,0.3,0.2,1,3.50573131899,178.1110298,1,2.9,213.213861149,3.83333333333,38a488347aebcc04
1404,14000433,75,3,10.3899194432,75,36,1.53675084222,317.731792184,291.046977231,36,36,0.6,0.6,0.4,1,2.91046977231,178.1110298,1,2.9,213.213861149,3.83333333333,38a488347aebcc04
1405,14000434,75,0,233.759489575,325,61,1.51133186264,247.758789196,221.725615048,61,61,0.6,0.9,0.9,1,2.21725615048,274.162045054,1,4.3,336.147350794,3.81857142857,9321ade46b9735d4
1405,14000434,75,1,396.531935813,425,33,2.97774434752,306.49577563,277.870521734,33,33,0.3,0.5,0.2,1,2.77870521734,274.162045054,1,4.3,336.147350794,3.81857142857,9321ade46b9735d4
1405,14000434,75,2,298.927351374,175,60,2.26220524139,225.401796579,222.947129027,60,60,0.9,0.8,0.7,1,2.22947129027,274.162045054,1,4.3,336.147350794,3.81857142857,9321ade46b9735d4
1405,14000434,75,3,187.200278566,75,44,1.54791965266,235.113421506,290.098492169,44,44,0.6,0.6,0.5,1,2.90098492169,274.162045054,1,4.3,336.147350794,3.81857142857,9321ade46b9735d4
1406,14000435,75,0,444.508195893,425,33,1.88654859152,345.227115756,309.286516847,33,33,0.4,0.4,0.2,1,3.09286516847,231.413163712,1,3.5,280.183517869,3.56380952381,e348cb99d47314b7
1406,14000435,75,1,441.339712969,75,33,2.4340588318,304.838153846,313.605681886,33,33,0.4,0.3,0.4,1,3.13605681886,231.413163712,1,3.5,280.183517869,3.56380952381,e348cb99d47314b7
1406,14000435,75,2,197.835002918,325,64,1.58732763416,240.246544755,162.400932302,64,64,0.7,0.9,1,1,1.62400932302,231.413163712,1,3.5,280.183517869,3.56380952381,e348cb99d47314b7
1406,14000435,75,3,18.2253401431,175,40,2.7772031751,270.43069372,252.780673191,40,40,0.5,0.6,0.6,1,2.52780673191,231.413163712,1,3.5,280.183517869,3.56380952381,e348cb99d47314b7
1407,14000436,75,0,78.0198457215,425,33,1.53831007351,293.747961681,299.105312844,33,33,0.4,0.4,0.7,1,2.99105312844,246.409174005,1,4.1,327.822561292,4.0130952381,33065146c528bb3a
1407,14000436,75,1,130.469769913,75,40,2.92006336591,222.444921558,296.926780373,40,40,0.7,0.4,0.8,1,2.96926780373,246.409174005,1,4.1,327.822561292,4.0130952381,33065146c528bb3a
1407,14000436,75,2,494.733444479,325,43,1.78146849952,331.791004875,284.44904621,43,43,0.4,0.6,0.5,1,2.8444904621,246.409174005,1,4.1,327.822561292,4.0130952381,33065146c528bb3a
1407,14000436,75,3,481.311855274,175,47,2.15190412373,290.873310231,273.73550186,47,47,0.5,0.5,0.5,1,2.7373550186,246.409174005,1,4.1,327.822561292,4.0130952381,33065146c528bb3a
1408,14000437,75,0,428.928323895,425,36,1.69984709136,281.119051592,283.808372306,36,36,0.5,0.5,0.4,1,2.83808372306,274.194011058,1,4.3,334.669706386,3.165,82900ec2b2d35926
1408,14000437,75,1,461.986752327,175,40,2.52396476489,291.104432763,290.014026067,40,40,0.4,0.5,0.6,1,2.90014026067,274.194011058,1,4.3,334.669706386,3.165,82900ec2b2d35926
1408,14000437,75,2,30.3185643119,75,29,1.85604472729,358.96600414,314.660233943,29,29,0.2,0.5,0.5,1,3.14660233943,274.194011058,1,4.3,334.669706386,3.165,82900ec2b2d35926
1408,14000437,75,3,155.679569796,325,57,1.5361827489,210.781833057,213.785001843,57,57,0.8,0.8,0.8,1,2.13785001843,274.194011058,1,4.3,334.669706386,3.165,82900ec2b2d35926
1409,14000438,75,0,169.116664832,325,64,2.51029152265,248.701738676,197.163702489,64,64,0.9,0.9,1,1,1.97163702489,282.038346058,1,4.4,334.27615116,3.73666666667,10be238b3f67e442
1409,14000438,75,1,35.3471176551,425,35,2.27979423717,347.063910947,308.918351675,35,35,0.3,0.5,0.1,1,3.08918351675,282.038346058,1,4.4,334.27615116,3.73666666667,10be238b3f67e442
1409,14000438,75,2,253.32148648,75,49,1.94590762087,218.485904223,222.410227346,49,49,0.7,0.7,0.8,1,2.22410227346,282.038346058,1,4.4,334.27615116,3.73666666667,10be238b3f67e442
1409,14000438,75,3,387.914200199,175,50,2.14820912801,211.241982254,222.942989298,50,50,0.8,0.6,0.8,1,2.22942989298,282.038346058,1,4.4,334.27615116,3.73666666667,10be238b3f67e442
1410,14000439,75,0,52.5122313535,75,45,2.4347050476,279.230193872,277.110061651,45,45,0.6,0.6,0.6,1,2.77110061651,230.328369517,0.7,1.6,181.061541645,4.63095238095,62bddcb9b8e731e
1410,14000439,75,1,166.877479752,325,66,1.93351972526,200.197522899,159.291724564,66,66,0.8,0.9,0.7,1,1.59291724564,230.328369517,0.7,1.6,181.061541645,4.63095238095,62bddcb9b8e731e
1410,14000439,75,2,268.416616183,425,48,1.8396564863,248.068905628,211.166716035,48,48,0.8,0.8,0.6,1,2.11166716035,230.328369517,0.7,1.6,181.061541645,4.63095238095,62bddcb9b8e731e
1410,14000439,75,3,490.694429846,175,24,2.85132527815,353.179263991,391.441012618,24,24,0.4,0,0.1,1,3.91441012618,230.328369517,0.7,1.6,181.061541645,4.63095238095,62bddcb9b8e731e
1411,14000440,75,0,188.216888642,325,61,2.236045253,212.462584362,199.986080077,61,61,0.9,0.8,1,1,1.99986080077,255.576557875,1,3.7,308.027247359,4.23,896de9bb6215b588
1411,14000440,75,1,8.2343335221,75,28,1.50309927934,362.461210231,392.430160959,28,28,0.5,0.3,0.3,1,3.92430160959,255.576557875,1,3.7,308.027247359,4.23,896de9bb6215b588
1411,14000440,75,2,291.188797798,175,67,1.82958626376,194.182984822,214.369272976,67,67,0.9,0.8,1,1,2.14369272976,255.576557875,1,3.7,308.027247359,4.23,896de9bb6215b588
1411,14000440,75,3,450.856417081,425,29,2.94527154738,261.35851175,233.689014304,29,29,0.4,0.6,0.2,1,2.33689014304,255.576557875,1,3.7,308.027247359,4.23,896de9bb6215b588
1412,14000441,75,0,463.614055405,325,43,2.15958647232,287.079500576,254.35832882,43,43,0.5,0.8,0.7,1,2.5435832882,278.334688539,1,4.2,340.602895896,4.34976190476,e5daeddc25757225
1412,14000441,75,1,133.872785539,175,54,2.88301776993,184.098665065,266.317971415,54,54,0.8,0.5,1,1,2.66317971415,278.334688539,1,4.2,340.602895896,4.34976190476,e5daeddc25757225
1412,14000441,75,2,368.180550994,75,37,2.92249046456,276.770223629,275.486643694,37,37,0.6,0.5,0.6,1,2.75486643694,278.334688539,1,4.2,340.602895896,4.34976190476,e5daeddc25757225
1412,14000441,75,3,256.347244477,425,50,1.9487038911,191.018383781,194.581343288,50,50,0.8,0.7,0.9,1,1.94581343288,278.334688539,1,4.2,340.602895896,4.34976190476,e5daeddc25757225
1413,14000442,75,0,147.164364452,325,59,2.54843873663,167.168322608,190.718781741,59,59,1,0.9,0.9,1,1.90718781741,202.795975953,1,2.9,234.17173848,6.04642857143,d5391ed0d047a8b0
1413,14000442,75,1,409.340064056,75,39,1.75937870311,382.944260845,324.214178538,39,39,0.3,0.4,0.3,1,3.24214178538,202.795975953,1,2.9,234.17173848,6.04642857143,d5391ed0d047a8b0
1413,14000442,75,2,449.34642282,425,40,1.81904299477,255.80500851,210.574217083,40,40,0.6,0.8,0.7,1,2.10574217083,202.795975953,1,2.9,234.17173848,6.04642857143,d5391ed0d047a8b0
1413,14000442,75,3,117.948703689,175,54,2.59303981565,262.23124633,279.357196965,54,54,0.6,0.6,0.9,1,2.79357196965,202.795975953,1,2.9,234.17173848,6.04642857143,d5391ed0d047a8b0
1414,14000443,75,0,430.689662471,75,33,2.73338366121,325.352757583,376.912800818,33,33,0.4,0.3,0.3,1,3.76912800818,232.92905572,1,4.2,335.966822301,3.40037878788,6c017a6da8eb02f0
1414,14000443,75,1,62.3446781222,175,43,2.82250304041,233.451833978,318.79070462,43,43,0.8,0.5,0.6,1,3.1879070462,232.92905572,1,4.2,335.966822301,3.40037878788,6c017a6da8eb02f0
1414,14000443,75,2,395.872710299,425,44,2.43852606338,317.632645,230.683020005,44,44,0.5,0.7,0.5,1,2.30683020005,232.92905572,1,4.2,335.966822301,3.40037878788,6c017a6da8eb02f0
1414,14000443,75,3,253.275887579,325,64,2.05555683589,212.874918093,199.906323009,64,64,0.8,1,0.8,1,1.99906323009,232.92905572,1,4.2,335.966822301,3.40037878788,6c017a6da8eb02f0
1415,14000444,75,0,55.1632556672,75,36,2.68546802863,278.06308286,292.75162472,36,36,0.7,0.4,0.5,1,2.9275162472,265.27201156,1,4.5,356.730450317,3.5775,10c055c434b5083e
1415,14000444,75,1,331.51258241,425,40,1.75310467494,256.915396987,233.571134109,40,40,0.4,0.6,0.7,1,2.33571134109,265.27201156,1,4.5,356.730450317,3.5775,10c055c434b5083e
1415,14000444,75,2,20.2483393246,325,30,2.93411478356,258.749905923,286.465057884,30,30,0.4,0.4,0.2,1,2.86465057884,265.27201156,1,4.5,356.730450317,3.5775,10c055c434b5083e
1415,14000444,75,3,376.420738392,175,51,2.28693415462,263.58127549,205.125012028,51,51,0.5,0.7,0.9,1,2.05125012028,265.27201156,1,4.5,356.730450317,3.5775,10c055c434b5083e
1416,14000445,75,0,238.030531503,75,43,1.5544711533,297.056374031,245.586428632,43,43,0.5,0.7,0.6,1,2.45586428632,229.394260876,1,3.5,268.811885805,3.62666666667,a3c9af7d7bb7b2d0
1416,14000445,75,1,382.50780723,425,46,2.17111579037,234.024916631,242.508123278,46,46,0.5,0.7,0.8,1,2.42508123278,229.394260876,1,3.5,268.811885805,3.62666666667,a3c9af7d7bb7b2d0
1416,14000445,75,2,68.3572607648,175,44,2.44304870231,304.747011491,249.944738951,44,44,0.3,0.6,0.4,1,2.49944738951,229.394260876,1,3.5,268.811885805,3.62666666667,a3c9af7d7bb7b2d0
1416,14000445,75,3,347.01579984,325,55,1.91270778713,200.899495766,197.226972512,55,55,0.8,0.9,1,1,1.97226972512,229.394260876,1,3.5,268.811885805,3.62666666667,a3c9af7d7bb7b2d0
1417,14000446,75,0,411.851291085,425,41,2.15813625874,351.348905622,192.47639331,41,41,0.2,0.8,0.4,1,1.9247639331,197.189363226,1,3.8,284.113288617,3.60166666667,8e6d74803f2ae376
1417,14000446,75,1,61.4576269338,75,36,2.64486387148,262.971110338,340.348149865,36,36,0.5,0.3,0.6,1,3.40348149865,197.189363226,1,3.8,284.113288617,3.60166666667,8e6d74803f2ae376
1417,14000446,75,2,434.14679578,175,43,2.97017057742,235.480825089,189.149668492,43,43,0.7,0.9,0.8,1,1.89149668492,197.189363226,1,3.8,284.113288617,3.60166666667,8e6d74803f2ae376
1417,14000446,75,3,14.1989748772,325,39,2.22141897722,316.897392962,326.110569553,39,39,0.5,0.4,0.4,1,3.26110569553,197.189363226,1,3.8,284.113288617,3.60166666667,8e6d74803f2ae376
1418,14000447,75,0,307.749889791,325,57,2.28272578837,196.214297872,187.286919933,57,57,0.8,0.9,0.8,1,1.87286919933,273.716136383,1,4.1,325.328814934,3.78333333333,6df3c463b528d027
1418,14000447,75,1,343.818687823,75,45,1.98682302285,252.981140384,212.39640671,45,45,0.7,0.7,0.7,1,2.1239640671,273.716136383,1,4.1,325.328814934,3.78333333333,6df3c463b528d027
1418,14000447,75,2,12.1030378917,175,39,1.86331829079,307.587268558,308.67201348,39,39,0.5,0.5,0.4,1,3.0867201348,273.716136383,1,4.1,325.328814934,3.78333333333,6df3c463b528d027
1418,14000447,75,3,104.780391722,425,42,2.98800987086,289.236010155,293.640930946,42,42,0.7,0.6,0.6,1,2.93640930946,273.716136383,1,4.1,325.328814934,3.78333333333,6df3c463b528d027
1419,14000448,75,0,366.490146313,325,57,2.11139982697,185.832522401,272.059429426,57,57,0.8,0.5,0.9,1,2.72059429426,249.253925046,1,3.7,283.318516119,3.615,472f8ef767739629
1419,14000448,75,1,345.910494477,425,47,2.54657861958,226.165816235,324.452074903,47,47,0.7,0.3,0.5,1,3.24452074903,249.253925046,1,3.7,283.318516119,3.615,472f8ef767739629
1419,14000448,75,2,153.973346644,175,57,1.58966585367,260.03462324,172.816918662,57,57,0.5,0.9,1,1,1.72816918662,249.253925046,1,3.7,283.318516119,3.615,472f8ef767739629
1419,14000448,75,3,81.9967180219,75,36,2.44245473018,345.261984018,199.204265067,36,36,0.2,0.7,0.3,1,1.99204265067,249.253925046,1,3.7,283.318516119,3.615,472f8ef767739629
1420,14000449,75,0,126.251280972,75,39,2.55118094916,285.837943828,291.385849849,39,39,0.5,0.4,0.6,1,2.91385849849,301.294117077,1,4.3,345.752203946,3.81293650794,865a782ce81f6f2a
1420,14000449,75,1,137.950522103,175,55,2.04918269643,250.083974246,241.275796731,55,55,0.8,0.7,0.7,1,2.41275796731,301.294117077,1,4.3,345.752203946,3.81293650794,865a782ce81f6f2a
1420,14000449,75,2,305.555435889,325,66,2.24679190872,247.700811761,245.971233629,66,66,0.7,0.8,1,1,2.45971233629,301.294117077,1,4.3,345.752203946,3.81293650794,865a782ce81f6f2a
1420,14000449,75,3,360.060157707,425,41,2.97942394905,289.660196637,290.228413515,41,41,0.5,0.5,0.6,1,2.90228413515,301.294117077,1,4.3,345.752203946,3.81293650794,865a782ce81f6f2a
1421,14000450,75,0,243.694222562,175,63,1.82316959195,172.898224371,203.16572419,63,63,1,0.9,1,1,2.0316572419,273.459570858,1,3.8,309.163697313,3.535,dc50cd0be2724ac1
1421,14000450,75,1,389.269616948,75,36,2.46864444353,268.984029485,297.562819851,36,36,0.5,0.5,0.3,1,2.97562819851,273.459570858,1,3.8,309.163697313,3.535,dc50cd0be2724ac1
1421,14000450,75,2,393.79853553,425,47,1.84584472998,264.476108229,221.456222664,47,47,0.6,0.8,0.5,1,2.21456222664,273.459570858,1,3.8,309.163697313,3.535,dc50cd0be2724ac1
1421,14000450,75,3,64.6565861835,325,46,1.82172503304,239.075826346,240.681394761,46,46,0.8,0.7,0.9,1,2.40681394761,273.459570858,1,3.8,309.163697313,3.535,dc50cd0be2724ac1
1422,14000451,75,0,21.0460947945,175,37,2.27624250799,347.301103564,368.486236393,37,37,0.5,0.2,0.3,1,3.68486236393,228.203033246,1,3.6,283.343934263,3.62666666667,55a800b3ea41b932
1422,14000451,75,1,378.03046675,75,43,2.21302875503,256.285263584,232.06109394,43,43,0.6,0.6,0.8,1,2.3206109394,228.203033246,1,3.6,283.343934263,3.62666666667,55a800b3ea41b932
1422,14000451,75,2,74.0853207716,425,33,2.20727014686,317.70105137,329.873232013,33,33,0.3,0.4,0.1,1,3.29873232013,228.203033246,1,3.6,283.343934263,3.62666666667,55a800b3ea41b932
1422,14000451,75,3,428.657885029,325,41,2.58559476972,206.37734518,152.88675522,41,41,0.7,1,0.8,1,1.5288675522,228.203033246,1,3.6,283.343934263,3.62666666667,55a800b3ea41b932
1423,14000452,75,0,265.001317185,175,66,1.85956059791,204.630595202,178.404195804,66,66,1,1,1,1,1.78404195804,323.117240227,1,4.3,369.547947649,4.5019047619,c8db933958aa57d1
1423,14000452,75,1,112.074172524,75,41,2.22439848644,243.3976989,216.984736133,41,41,0.6,0.8,0.7,1,2.16984736133,323.117240227,1,4.3,369.547947649,4.5019047619,c8db933958aa57d1
1423,14000452,75,2,427.431544525,325,46,2.2952707482,290.398848688,281.95061748,46,46,0.5,0.6,0.4,1,2.8195061748,323.117240227,1,4.3,369.547947649,4.5019047619,c8db933958aa57d1
1423,14000452,75,3,194.136468155,425,48,2.01743524009,214.860835677,309.006776107,48,48,0.7,0.3,0.6,1,3.09006776107,323.117240227,1,4.3,369.547947649,4.5019047619,c8db933958aa57d1
1424,14000453,75,0,348.076100185,75,47,2.6748937909,246.412612717,301.563144585,47,47,0.7,0.4,0.7,1,3.01563144585,250.945952792,1,3.8,274.581156995,3.32857142857,5d929ae3e7ca80b4
1424,14000453,75,1,30.398569634,175,45,2.75773489948,263.830972972,303.194381621,45,45,0.4,0.4,0.5,1,3.03194381621,250.945952792,1,3.8,274.581156995,3.32857142857,5d929ae3e7ca80b4
1424,14000453,75,2,220.142622712,425,53,2.33155584074,239.047411036,249.089690547,53,53,0.8,0.7,0.8,1,2.49089690547,250.945952792,1,3.8,274.581156995,3.32857142857,5d929ae3e7ca80b4
1424,14000453,75,3,430.105720751,325,47,2.80214263103,222.824935576,263.012428034,47,47,0.7,0.6,0.7,1,2.63012428034,250.945952792,1,3.8,274.581156995,3.32857142857,5d929ae3e7ca80b4
1425,14000454,75,0,261.165544549,175,66,2.20628361213,253.526222359,245.486028025,66,66,0.8,0.7,1,1,2.45486028025,256.17460519,1,3.9,313.03927255,3.41666666667,5b4638286ae74a70
1425,14000454,75,1,481.74259706,325,35,1.7202165241,346.232189168,228.534994256,35,35,0.3,0.8,0.3,1,2.28534994256,256.17460519,1,3.9,313.03927255,3.41666666667,5b4638286ae74a70
1425,14000454,75,2,176.220319842,425,54,2.56882025256,189.680860049,211.829971945,54,54,0.9,0.9,0.9,1,2.11829971945,256.17460519,1,3.9,313.03927255,3.41666666667,5b4638286ae74a70
1425,14000454,75,3,50.5669751555,75,36,2.25411030992,333.461324788,397.118525432,36,36,0.3,0.2,0.3,1,3.97118525432,256.17460519,1,3.9,313.03927255,3.41666666667,5b4638286ae74a70
1426,14000455,75,0,260.592930813,425,52,1.60967160973,215.367259642,249.358810398,52,52,0.8,0.7,0.7,1,2.49358810398,285.492315053,1,4.7,361.123954464,3.32333333333,1fb149b2ca0a4ea9
1426,14000455,75,1,96.9156979793,175,49,2.95933234054,207.540727141,241.935339765,49,49,0.8,0.6,1,1,2.41935339765,285.492315053,1,4.7,361.123954464,3.32333333333,1fb149b2ca0a4ea9
1426,14000455,75,2,435.75838114,325,43,1.52410771412,280.988179273,338.141573501,43,43,0.6,0.3,0.5,1,3.38141573501,285.492315053,1,4.7,361.123954464,3.32333333333,1fb149b2ca0a4ea9
1426,14000455,75,3,465.191916514,75,30,2.98962054318,353.36975219,407.029477848,30,30,0.3,0.2,0.3,1,4.07029477848,285.492315053,1,4.7,361.123954464,3.32333333333,1fb149b2ca0a4ea9
1427,14000456,75,0,292.5102103,425,55,1.63473147482,255.512355077,231.472082376,55,55,0.7,0.8,0.7,1,2.31472082376,193.393352152,1,3,225.231405632,2.98904761905,e30d9da07628ca4
1427,14000456,75,1,253.789750298,75,45,2.03005377095,291.496332443,223.759410719,45,45,0.6,0.8,0.7,1,2.23759410719,193.393352152,1,3,225.231405632,2.98904761905,e30d9da07628ca4
1427,14000456,75,2,499.216321294,175,31,2.95649232273,392.83955103,292.033618622,31,31,0.2,0.4,0.3,1,2.92033618622,193.393352152,1,3,225.231405632,2.98904761905,e30d9da07628ca4
1427,14000456,75,3,136.501150687,325,60,2.5295995114,185.374580249,204.97469394,60,60,0.9,0.9,1,1,2.0497469394,193.393352152,1,3,225.231405632,2.98904761905,e30d9da07628ca4
1428,14000457,75,0,421.417043813,325,53,2.76756618143,238.64241297,180.599588951,53,53,0.7,0.9,0.9,1,1.80599588951,228.903046323,1,3.3,277.828010972,3.49666666667,1207f13dec364698
1428,14000457,75,1,168.554122242,175,56,2.40990758729,207.65278892,258.022181089,56,56,0.9,0.7,0.7,1,2.58022181089,228.903046323,1,3.3,277.828010972,3.49666666667,1207f13dec364698
1428,14000457,75,2,214.321760092,75,47,2.19401924179,269.556724673,295.728976528,47,47,0.5,0.4,0.6,1,2.95728976528,228.903046323,1,3.3,277.828010972,3.49666666667,1207f13dec364698
1428,14000457,75,3,419.512205555,425,40,2.1718630238,260.774409788,185.407179464,40,40,0.7,0.8,0.9,1,1.85407179464,228.903046323,1,3.3,277.828010972,3.49666666667,1207f13dec364698
1429,14000458,75,0,207.401244135,325,64,2.35011623404,160.954863358,189.69232503,64,64,0.9,0.8,1,1,1.8969232503,253.441039428,1,3.3,276.445159241,4.5130952381,60c0a94bf8c175a4
1429,14000458,75,1,32.2981452363,175,45,2.90263775492,248.154048026,263.685043728,45,45,0.6,0.6,0.5,1,2.63685043728,253.441039428,1,3.3,276.445159241,4.5130952381,60c0a94bf8c175a4
1429,14000458,75,2,284.505402287,425,55,2.21095212612,195.267136862,251.548697082,55,55,0.8,0.7,0.9,1,2.51548697082,253.441039428,1,3.3,276.445159241,4.5130952381,60c0a94bf8c175a4
1429,14000458,75,3,269.499185046,75,51,2.21221688183,313.245088581,240.836402024,51,51,0.5,0.7,0.5,1,2.40836402024,253.441039428,1,3.3,276.445159241,4.5130952381,60c0a94bf8c175a4
1430,14000459,75,0,145.314480033,425,51,2.68053113952,246.675400404,268.38094736,51,51,0.8,0.5,0.9,1,2.6838094736,207.575498121,0.9,2.6,232.666244234,4.0962962963,b7443d0f7d0644c
1430,14000459,75,1,349.161265822,325,63,1.58067660653,110.863821716,207.128769536,63,63,1,0.7,0.9,1,2.07128769536,207.575498121,0.9,2.6,232.666244234,4.0962962963,b7443d0f7d0644c
1430,14000459,75,2,96.878337249,175,60,2.98896889757,291.955671361,233.427018659,60,60,0.4,0.6,0.8,1,2.33427018659,207.575498121,0.9,2.6,232.666244234,4.0962962963,b7443d0f7d0644c
1430,14000459,75,3,441.359468868,75,36,2.61656770353,269.250308777,298.690225107,36,36,0.7,0.5,0.6,1,2.98690225107,207.575498121,0.9,2.6,232.666244234,4.0962962963,b7443d0f7d0644c
1431,14000460,75,0,449.885599082,325,43,2.2020494676,187.361021732,303.265598555,43,43,0.8,0.6,0.7,1,3.03265598555,293.192297899,1,4.2,345.224362279,3.95,f45808a76b56cd5e
1431,14000460,75,1,39.0340290946,175,44,2.21580057951,319.757814435,244.222703516,44,44,0.4,0.8,0.5,1,2.44222703516,293.192297899,1,4.2,345.224362279,3.95,f45808a76b56cd5e
1431,14000460,75,2,62.7662251904,75,35,2.80004138609,344.246362898,247.8387048,35,35,0.3,0.6,0.2,1,2.478387048,293.192297899,1,4.2,345.224362279,3.95,f45808a76b56cd5e
1431,14000460,75,3,466.27968639,425,34,2.57079264648,251.871279997,361.217643724,34,34,0.6,0.4,0.3,1,3.61217643724,293.192297899,1,4.2,345.224362279,3.95,f45808a76b56cd5e
1432,14000461,75,0,199.62063084,325,63,2.1390930707,194.950884578,208.507403166,63,63,0.7,0.7,0.6,1,2.08507403166,167.526498443,0.7,1.5,157.202771609,5.70068027211,a78430f9d7b3f174
1432,14000461,75,1,357.840985003,425,48,1.81889069567,234.662595329,281.551333734,48,48,0.7,0.5,0.5,1,2.81551333734,167.526498443,0.7,1.5,157.202771609,5.70068027211,a78430f9d7b3f174
1432,14000461,75,2,396.166344033,175,56,2.99561924364,194.969149412,209.19766107,56,56,0.8,0.7,0.7,1,2.0919766107,167.526498443,0.7,1.5,157.202771609,5.70068027211,a78430f9d7b3f174
1432,14000461,75,3,212.899112016,75,51,2.26353470551,246.592369765,183.72399401,51,51,0.8,0.9,0.5,1,1.8372399401,167.526498443,0.7,1.5,157.202771609,5.70068027211,a78430f9d7b3f174
1433,14000462,75,0,140.963303904,175,59,2.64349905072,221.894804706,185.713045592,59,59,0.6,0.9,0.9,1,1.85713045592,216.010806259,1,3.2,258.07584924,4.24166666667,936c88e0021aeaad
1433,14000462,75,1,186.096690403,425,43,1.63218024947,284.260911972,265.310422347,43,43,0.7,0.7,0.7,1,2.65310422347,216.010806259,1,3.2,258.07584924,4.24166666667,936c88e0021aeaad
1433,14000462,75,2,422.21220064,75,41,2.2186913772,265.004632985,278.903058176,41,41,0.5,0.6,0.5,1,2.78903058176,216.010806259,1,3.2,258.07584924,4.24166666667,936c88e0021aeaad
1433,14000462,75,3,347.472629348,325,52,2.67778315416,232.707862079,232.51240948,52,52,0.7,0.8,1,1,2.3251240948,216.010806259,1,3.2,258.07584924,4.24166666667,936c88e0021aeaad
1434,14000463,75,0,329.78405807,425,47,2.75156081275,268.7515201,224.939585611,47,47,0.6,0.7,0.8,1,2.24939585611,291.744960759,1,4,330.383262032,3.77166666667,8a78b10f30fd8650
1434,14000463,75,1,348.436805575,325,54,2.0800043343,220.788908808,180.001946258,54,54,0.8,0.8,1,1,1.80001946258,291.744960759,1,4,330.383262032,3.77166666667,8a78b10f30fd8650
1434,14000463,75,2,84.7536389606,75,36,1.7760533085,289.452370525,246.388541026,36,36,0.5,0.6,0.6,1,2.46388541026,291.744960759,1,4,330.383262032,3.77166666667,8a78b10f30fd8650
1434,14000463,75,3,212.383333879,175,69,2.10126898156,197.726747382,172.435965232,69,69,0.9,1,1,1,1.72435965232,291.744960759,1,4,330.383262032,3.77166666667,8a78b10f30fd8650
1435,14000464,75,0,347.406034465,325,56,2.90039331643,210.399937011,210.825278237,56,56,0.8,0.8,0.9,1,2.10825278237,291.911166668,1,4.2,348.780230334,3.54380952381,d22c88a589389d7
1435,14000464,75,1,150.575312423,75,44,2.16464212459,289.536274872,278.436148027,44,44,0.6,0.6,0.7,1,2.78436148027,291.911166668,1,4.2,348.780230334,3.54380952381,d22c88a589389d7
1435,14000464,75,2,414.295066317,175,44,1.74384684607,224.685465849,238.271403053,44,44,0.7,0.7,0.7,1,2.38271403053,291.911166668,1,4.2,348.780230334,3.54380952381,d22c88a589389d7
1435,14000464,75,3,185.915966868,425,45,1.75837070903,262.477700321,272.253165514,45,45,0.5,0.6,0.6,1,2.72253165514,291.911166668,1,4.2,348.780230334,3.54380952381,d22c88a589389d7
1436,14000465,75,0,52.3476932471,75,38,2.10225483171,299.518721749,307.150310602,38,38,0.6,0.6,0.6,1,3.07150310602,264.913667227,1,3.9,324.395065384,3.7019047619,bb67e57d6f86638d
1436,14000465,75,1,308.709096116,425,52,1.87145019512,221.853910619,264.566297181,52,52,0.9,0.6,0.9,1,2.64566297181,264.913667227,1,3.9,324.395065384,3.7019047619,bb67e57d6f86638d
1436,14000465,75,2,374.532502882,175,56,2.89755044418,243.682720824,215.62114259,56,56,0.7,0.8,0.9,1,2.1562114259,264.913667227,1,3.9,324.395065384,3.7019047619,bb67e57d6f86638d
1436,14000465,75,3,204.335668523,325,58,2.32254578154,155.170260917,210.855080968,58,58,0.9,0.7,0.9,1,2.10855080968,264.913667227,1,3.9,324.395065384,3.7019047619,bb67e57d6f86638d
1437,14000466,75,0,83.8711668311,75,36,2.0926358482,282.873546988,385.19441664,36,36,0.5,0.2,0.3,1,3.8519441664,291.066012898,1,4.3,333.797659462,3.15952380952,f5d9e5595cdb9534
1437,14000466,75,1,402.552068328,325,49,2.10343063885,270.076243976,224.190737413,49,49,0.5,0.6,0.7,1,2.24190737413,291.066012898,1,4.3,333.797659462,3.15952380952,f5d9e5595cdb9534
1437,14000466,75,2,57.5410882223,175,39,2.04411972231,256.520789613,340.137622461,39,39,0.8,0.4,0.5,1,3.40137622461,291.066012898,1,4.3,333.797659462,3.15952380952,f5d9e5595cdb9534
1437,14000466,75,3,499.993603831,425,27,2.00263945472,372.690347904,271.667155034,27,27,0.3,0.6,0.2,1,2.71667155034,291.066012898,1,4.3,333.797659462,3.15952380952,f5d9e5595cdb9534
1438,14000467,75,0,217.667179962,175,61,1.84725163549,197.68689181,201.804472077,61,61,0.9,0.9,0.7,1,2.01804472077,275.997768136,0.7,2.9,325.327618721,3.66224489796,d06f4750f709e076
1438,14000467,75,1,49.1730318457,325,34,1.84427269084,268.966105551,311.85093886,34,34,0.6,0.3,0.4,1,3.1185093886,275.997768136,0.7,2.9,325.327618721,3.66224489796,d06f4750f709e076
1438,14000467,75,2,320.399260484,75,51,1.5728259057,223.428374202,221.230617125,51,51,0.7,0.8,0.6,1,2.21230617125,275.997768136,0.7,2.9,325.327618721,3.66224489796,d06f4750f709e076
1438,14000467,75,3,457.70103676,425,32,2.90156610886,329.837183697,333.141883297,32,32,0.3,0.5,0.1,1,3.33141883297,275.997768136,0.7,2.9,325.327618721,3.66224489796,d06f4750f709e076
1439,14000468,75,0,335.009848991,325,60,2.75526166667,194.11590562,199.004271666,60,60,0.8,0.9,0.8,1,1.99004271666,264.531520043,1,3.9,305.752949864,3.2330952381,99da622e7a52fff5
1439,14000468,75,1,151.638028881,175,50,2.16469509701,222.150115629,283.549768982,50,50,0.8,0.4,0.8,1,2.83549768982,264.531520043,1,3.9,305.752949864,3.2330952381,99da622e7a52fff5
1439,14000468,75,2,119.234525622,75,38,2.85483012139,263.810031753,349.525767462,38,38,0.4,0.2,0.4,1,3.49525767462,264.531520043,1,3.9,305.752949864,3.2330952381,99da622e7a52fff5
1439,14000468,75,3,334.955951234,425,47,2.39212020095,252.859586711,204.73131886,47,47,0.5,0.7,0.7,1,2.0473131886,264.531520043,1,3.9,305.752949864,3.2330952381,99da622e7a52fff5
1440,14000469,75,0,248.217901406,175,62,1.84846384785,152.582249363,214.885378524,62,62,1,0.8,1,1,2.14885378524,289.427784063,1,4.4,327.691292855,3.3,b01c8cf427dcfbf8
1440,14000469,75,1,20.3940056048,325,32,2.91812977611,306.191667076,280.233202318,32,32,0.4,0.6,0.7,1,2.80233202318,289.427784063,1,4.4,327.691292855,3.3,b01c8cf427dcfbf8
1440,14000469,75,2,43.7900053324,75,32,2.28979897163,240.889769852,278.959206902,32,32,0.7,0.5,0.4,1,2.78959206902,289.427784063,1,4.4,327.691292855,3.3,b01c8cf427dcfbf8
1440,14000469,75,3,410.382001112,425,39,2.1491615966,321.33445652,331.677383444,39,39,0.4,0.2,0.3,1,3.31677383444,289.427784063,1,4.4,327.691292855,3.3,b01c8cf427dcfbf8
1441,14000470,75,0,294.981342531,175,69,1.71882509017,197.723537233,229.647511432,69,69,0.9,1,1,1,2.29647511432,277.365332806,1,3.7,314.352042454,4.85,baa4aeeb87fec839
1441,14000470,75,1,272.568921661,325,70,2.11142909326,187.950533735,202.09982925,70,70,0.9,0.9,1,1,2.0209982925,277.365332806,1,3.7,314.352042454,4.85,baa4aeeb87fec839
1441,14000470,75,2,29.866216097,75,31,2.70063788692,349.576752696,327.107467255,31,31,0.4,0.4,0.2,1,3.27107467255,277.365332806,1,3.7,314.352042454,4.85,baa4aeeb87fec839
1441,14000470,75,3,498.507559514,425,36,2.33886945192,284.805389641,283.312967662,36,36,0.6,0.6,0.4,1,2.83312967662,277.365332806,1,3.7,314.352042454,4.85,baa4aeeb87fec839
1442,14000471,75,0,26.2008291136,75,29,2.16625938286,374.152341136,319.26761757,29,29,0.2,0.3,0.2,1,3.1926761757,248.644093078,1,3.5,291.108897839,4.07047619048,6439c686b388c8d0
1442,14000471,75,1,440.500428908,325,44,2.48977324421,232.488290433,315.110872704,44,44,0.7,0.3,0.8,1,3.15110872704,248.644093078,1,3.5,291.108897839,4.07047619048,6439c686b388c8d0
1442,14000471,75,2,322.878341237,425,52,1.94841386631,238.161555895,236.266628355,52,52,0.7,0.8,1,1,2.36266628355,248.644093078,1,3.5,291.108897839,4.07047619048,6439c686b388c8d0
1442,14000471,75,3,11.3588026765,175,38,2.69999410668,347.998194747,257.591841285,38,38,0.3,0.7,0.8,1,2.57591841285,248.644093078,1,3.5,291.108897839,4.07047619048,6439c686b388c8d0
1443,14000472,75,0,129.376530628,325,53,2.43850341678,232.940144088,258.376852458,53,53,0.8,0.6,1,1,2.58376852458,262.122358066,1,4.3,319.464899279,4.0075,ea9e29d615ea6910
1443,14000472,75,1,492.778048622,425,40,2.86552061755,260.643985559,287.397410131,40,40,0.5,0.5,0.4,1,2.87397410131,262.122358066,1,4.3,319.464899279,4.0075,ea9e29d615ea6910
1443,14000472,75,2,297.318942219,75,48,1.69695343693,336.848640186,237.025444099,48,48,0.4,0.8,0.4,1,2.37025444099,262.122358066,1,4.3,319.464899279,4.0075,ea9e29d615ea6910
1443,14000472,75,3,458.466996825,175,48,2.56698103654,315.916638941,220.138272201,48,48,0.5,0.7,0.6,1,2.20138272201,262.122358066,1,4.3,319.464899279,4.0075,ea9e29d615ea6910
1444,14000473,75,0,477.159685349,425,30,2.90403130261,398.780954707,280.236539994,30,30,0.2,0.6,0.1,1,2.80236539994,243.990772812,1,3.8,282.667971369,4.29666666667,d23041848b50fc61
1444,14000473,75,1,136.097011306,325,61,1.51399633718,258.043977318,194.766370966,61,61,0.8,0.8,1,1,1.94766370966,243.990772812,1,3.8,282.667971369,4.29666666667,d23041848b50fc61
1444,14000473,75,2,419.097400042,75,40,1.56359925783,270.297023348,262.188761587,40,40,0.7,0.7,0.7,1,2.62188761587,243.990772812,1,3.8,282.667971369,4.29666666667,d23041848b50fc61
1444,14000473,75,3,158.997666933,175,62,2.19539185619,158.483564573,180.29110757,62,62,0.9,0.9,0.8,1,1.8029110757,243.990772812,1,3.8,282.667971369,4.29666666667,d23041848b50fc61
1445,14000474,75,0,223.71955246,75,47,1.58747852914,258.562898385,288.185237769,47,47,0.7,0.3,0.6,1,2.88185237769,225.679395004,0.9,2.9,248.014980529,3.13095238095,b9dbc81c6585dd5d
1445,14000474,75,1,427.27704736,425,41,2.73491487215,249.098137928,239.482780683,41,41,0.6,0.6,0.6,1,2.39482780683,225.679395004,0.9,2.9,248.014980529,3.13095238095,b9dbc81c6585dd5d
1445,14000474,75,2,106.093230657,175,50,1.74196665507,241.209884767,277.125898438,50,50,0.6,0.7,0.6,1,2.77125898438,225.679395004,0.9,2.9,248.014980529,3.13095238095,b9dbc81c6585dd5d
1445,14000474,75,3,296.303377193,325,68,1.79136724995,160.693531879,186.537071936,68,68,0.9,1,0.9,1,1.86537071936,225.679395004,0.9,2.9,248.014980529,3.13095238095,b9dbc81c6585dd5d
1446,14000475,75,0,244.219640871,75,51,2.07545077863,245.08229868,192.560602636,51,51,0.8,0.9,0.7,1,1.92560602636,293.873848779,1,4.7,381.323895478,3.93238095238,330198e4c3be674b
1446,14000475,75,1,316.208428251,425,45,2.33865314408,247.697630348,270.118874826,45,45,0.5,0.6,0.9,1,2.70118874826,293.873848779,1,4.7,381.323895478,3.93238095238,330198e4c3be674b
1446,14000475,75,2,127.100451844,175,51,2.5668946724,240.603888064,223.461203903,51,51,0.6,0.7,0.8,1,2.23461203903,293.873848779,1,4.7,381.323895478,3.93238095238,330198e4c3be674b
1446,14000475,75,3,323.292405718,325,60,2.57473863291,202.753443956,213.097434293,60,60,1,0.9,1,1,2.13097434293,293.873848779,1,4.7,381.323895478,3.93238095238,330198e4c3be674b
1447,14000476,75,0,350.824950463,425,46,2.92782660698,224.583007971,256.852481413,46,46,0.8,0.6,0.6,1,2.56852481413,197.128784372,1,3.4,259.806114678,3.86119047619,9db46b74d632d7a3
1447,14000476,75,1,308.457432155,325,64,1.63836035199,169.819755539,215.558245136,64,64,0.9,0.6,1,1,2.15558245136,197.128784372,1,3.4,259.806114678,3.86119047619,9db46b74d632d7a3
1447,14000476,75,2,45.1308654554,75,31,2.65509800819,296.454696811,327.791340926,31,31,0.5,0.3,0.3,1,3.27791340926,197.128784372,1,3.4,259.806114678,3.86119047619,9db46b74d632d7a3
1447,14000476,75,3,254.291609025,175,64,1.63812219199,160.560297205,216.369990601,64,64,1,0.9,1,1,2.16369990601,197.128784372,1,3.4,259.806114678,3.86119047619,9db46b74d632d7a3
1448,14000477,75,0,181.685901785,325,62,2.39181155156,230.933121096,205.974392113,62,62,0.9,0.9,1,1,2.05974392113,189.084589404,1,2.9,232.261016337,3.36,b818aac1f0346647
1448,14000477,75,1,478.267072853,75,34,2.98344530455,281.420546218,283.458672575,34,34,0.5,0.6,0.7,1,2.83458672575,189.084589404,1,2.9,232.261016337,3.36,b818aac1f0346647
1448,14000477,75,2,16.1291188838,425,23,1.82443035567,385.310329465,338.771248758,23,23,0,0.3,0.1,1,3.38771248758,189.084589404,1,2.9,232.261016337,3.36,b818aac1f0346647
1448,14000477,75,3,285.644536298,175,64,2.26701075332,165.898651237,160.17064731,64,64,0.9,0.9,0.9,1,1.6017064731,189.084589404,1,2.9,232.261016337,3.36,b818aac1f0346647
1449,14000478,75,0,347.555161844,175,50,2.43367399477,248.927262936,228.803824662,50,50,0.7,0.7,0.6,1,2.28803824662,260.723535645,0.6,2.2,275.243159125,4.41666666667,658b571a71ee9dcc
1449,14000478,75,1,140.178682751,425,47,2.12705064026,196.795220472,318.572055831,47,47,0.7,0.4,0.2,1,3.18572055831,260.723535645,0.6,2.2,275.243159125,4.41666666667,658b571a71ee9dcc
1449,14000478,75,2,20.5016896001,325,49,2.59180605736,213.102479469,307.919173954,49,49,0.7,0.4,0.3,1,3.07919173954,260.723535645,0.6,2.2,275.243159125,4.41666666667,658b571a71ee9dcc
1449,14000478,75,3,351.949864187,75,38,2.50077694447,310.857489423,238.416088073,38,38,0.4,0.6,0.4,1,2.38416088073,260.723535645,0.6,2.2,275.243159125,4.41666666667,658b571a71ee9dcc
1450,14000479,75,0,398.682620044,75,32,1.80811547732,329.903142836,293.467484782,32,32,0.3,0.6,0.4,1,2.93467484782,201.756544396,1,2.9,229.008534672,2.82714285714,bfc9806eeec8760a
1450,14000479,75,1,133.932932236,425,54,2.01837749132,176.323074261,225.679099156,54,54,0.8,0.7,0.8,1,2.25679099156,201.756544396,1,2.9,229.008534672,2.82714285714,bfc9806eeec8760a
1450,14000479,75,2,106.568313861,325,57,2.61772167328,175.850028163,211.15506105,57,57,1,0.7,0.9,1,2.1115506105,201.756544396,1,2.9,229.008534672,2.82714285714,bfc9806eeec8760a
1450,14000479,75,3,388.35555606,175,51,2.34618388833,250.221949992,254.896179104,51,51,0.6,0.7,0.8,1,2.54896179104,201.756544396,1,2.9,229.008534672,2.82714285714,bfc9806eeec8760a
1451,14000480,75,0,223.711012385,325,60,1.77673476509,161.885903686,192.323945492,60,60,0.9,0.9,1,1,1.92323945492,202.426686367,1,2.9,224.708103487,4.1,fb6b69fa15aea8b2
1451,14000480,75,1,389.499751183,175,52,2.5763202232,254.621526549,234.504573974,52,52,0.5,0.7,0.8,1,2.34504573974,202.426686367,1,2.9,224.708103487,4.1,fb6b69fa15aea8b2
1451,14000480,75,2,428.018809867,425,33,1.58810508139,300.153204323,244.643208155,33,33,0.4,0.6,0.5,1,2.44643208155,202.426686367,1,2.9,224.708103487,4.1,fb6b69fa15aea8b2
1451,14000480,75,3,244.307516271,75,54,1.95670678607,263.232043277,287.32925758,54,54,0.7,0.6,0.6,1,2.8732925758,202.426686367,1,2.9,224.708103487,4.1,fb6b69fa15aea8b2
1452,14000481,75,0,411.667104256,325,51,2.39972360339,260.137536491,249.634794706,51,51,0.6,0.8,0.6,1,2.49634794706,280.744747581,1,4.5,358.114556031,3.45714285714,2354a59557eedc14
1452,14000481,75,1,469.373274426,175,38,2.64951360153,292.429516566,266.870608655,38,38,0.5,0.7,0.4,1,2.66870608655,280.744747581,1,4.5,358.114556031,3.45714285714,2354a59557eedc14
1452,14000481,75,2,103.337050738,75,32,2.71479573437,290.366486327,258.108525698,32,32,0.4,0.6,0.6,1,2.58108525698,280.744747581,1,4.5,358.114556031,3.45714285714,2354a59557eedc14
1452,14000481,75,3,10.673483103,425,28,1.8265837377,299.877671061,335.518265294,28,28,0.5,0.5,0.3,1,3.35518265294,280.744747581,1,4.5,358.114556031,3.45714285714,2354a59557eedc14
1453,14000482,75,0,84.0301152045,175,50,1.81390300794,232.415156375,279.275756964,50,50,0.6,0.5,0.8,1,2.79275756964,211.49691214,1,3.2,271.895328419,4.39,e4e4e1eb9127ea5d
1453,14000482,75,1,247.59843449,425,54,1.85668934629,199.393982875,182.604734132,54,54,0.8,0.7,0.9,1,1.82604734132,211.49691214,1,3.2,271.895328419,4.39,e4e4e1eb9127ea5d
1453,14000482,75,2,272.256371003,75,46,2.22275485652,284.489011367,282.012342126,46,46,0.6,0.4,0.4,1,2.82012342126,211.49691214,1,3.2,271.895328419,4.39,e4e4e1eb9127ea5d
1453,14000482,75,3,56.3608289859,325,50,2.50600117923,235.13759719,256.195325376,50,50,0.9,0.8,0.7,1,2.56195325376,211.49691214,1,3.2,271.895328419,4.39,e4e4e1eb9127ea5d
1454,14000483,75,0,225.934892812,325,64,1.93356421671,216.316828225,172.641515243,64,64,1,1,1,1,1.72641515243,265.665696335,1,4.4,337.378089186,3.34,3b1f2e0c868fe1fb
1454,14000483,75,1,38.1215381215,425,27,2.68191714005,289.694881964,308.910453335,27,27,0.4,0.4,0.1,1,3.08910453335,265.665696335,1,4.4,337.378089186,3.34,3b1f2e0c868fe1fb
1454,14000483,75,2,292.367014928,75,52,1.78877578565,306.419138658,278.682267939,52,52,0.3,0.6,0.4,1,2.78682267939,265.665696335,1,4.4,337.378089186,3.34,3b1f2e0c868fe1fb
1454,14000483,75,3,247.604332187,175,67,1.61371913548,244.574833354,210.801845368,67,67,0.7,0.9,1,1,2.10801845368,265.665696335,1,4.4,337.378089186,3.34,3b1f2e0c868fe1fb
1455,14000484,75,0,39.5738573034,75,38,2.43636643695,258.051627094,256.768989904,38,38,0.7,0.4,0.6,1,2.56768989904,220.715717556,1,3.4,271.926070871,4.68095238095,1dcb170a8a9c8b3e
1455,14000484,75,1,403.100598885,425,33,2.49422773613,345.521511343,325.400144279,33,33,0.2,0.3,0.5,1,3.25400144279,220.715717556,1,3.4,271.926070871,4.68095238095,1dcb170a8a9c8b3e
1455,14000484,75,2,66.1236706831,175,50,2.5393647126,192.350491146,202.577138286,50,50,0.7,0.9,0.8,1,2.02577138286,220.715717556,1,3.4,271.926070871,4.68095238095,1dcb170a8a9c8b3e
1455,14000484,75,3,472.461538108,325,34,2.95270864328,327.261736091,323.065950517,34,34,0.3,0.4,0.3,1,3.23065950517,220.715717556,1,3.4,271.926070871,4.68095238095,1dcb170a8a9c8b3e
1456,14000485,75,0,151.405545057,425,45,2.21336023158,239.252577628,218.673428836,45,45,0.9,0.8,0.8,1,2.18673428836,261.04170785,1,4.3,354.396410469,3.05166666667,74deb5532f647c51
1456,14000485,75,1,75.4733278847,325,45,2.24327086249,224.6518369,245.13459248,45,45,0.8,0.7,0.9,1,2.4513459248,261.04170785,1,4.3,354.396410469,3.05166666667,74deb5532f647c51
1456,14000485,75,2,406.624192989,75,35,2.61739124197,317.470678926,302.720801641,35,35,0.4,0.5,0.5,1,3.02720801641,261.04170785,1,4.3,354.396410469,3.05166666667,74deb5532f647c51
1456,14000485,75,3,233.891840927,175,63,1.97176037643,186.026130306,196.911386532,63,63,0.7,0.9,1,1,1.96911386532,261.04170785,1,4.3,354.396410469,3.05166666667,74deb5532f647c51
1457,14000486,75,0,410.196675558,425,37,2.13292283319,354.086318829,272.436816932,37,37,0.2,0.5,0.4,1,2.72436816932,265.851930152,1,5,392.81743637,3.36178571429,6250b109082f66eb
1457,14000486,75,1,40.3190605529,325,40,1.61744635819,286.152348089,297.990697151,40,40,0.3,0.5,0.2,1,2.97990697151,265.851930152,1,5,392.81743637,3.36178571429,6250b109082f66eb
1457,14000486,75,2,264.104299753,75,49,1.99257279834,199.09197133,279.063795975,49,49,0.6,0.6,0.8,1,2.79063795975,265.851930152,1,5,392.81743637,3.36178571429,6250b109082f66eb
1457,14000486,75,3,151.286707733,175,54,2.11025186483,216.026763759,248.61816541,54,54,0.8,0.5,0.8,1,2.4861816541,265.851930152,1,5,392.81743637,3.36178571429,6250b109082f66eb
1458,14000487,75,0,461.347199499,425,33,2.66465188337,282.841117635,264.960747297,33,33,0.4,0.6,0.7,1,2.64960747297,256.052963601,1,3.8,297.339875068,3.71666666667,7b140e373d14f81b
1458,14000487,75,1,48.295117205,325,50,2.48227633185,211.709783552,326.442119329,50,50,0.7,0.4,0.5,1,3.26442119329,256.052963601,1,3.8,297.339875068,3.71666666667,7b140e373d14f81b
1458,14000487,75,2,411.713488506,175,40,1.79586902307,281.04531066,200.389876852,40,40,0.4,0.8,0.7,1,2.00389876852,256.052963601,1,3.8,297.339875068,3.71666666667,7b140e373d14f81b
1458,14000487,75,3,248.594902574,75,46,1.96353119458,294.150084132,252.699193678,46,46,0.5,0.7,0.5,1,2.52699193678,256.052963601,1,3.8,297.339875068,3.71666666667,7b140e373d14f81b
1459,14000488,75,0,169.962752137,425,46,1.65457619151,216.894604499,269.020789989,46,46,0.7,0.4,0.5,1,2.69020789989,203.81398985,1,3.2,233.688098701,3.37833333333,69ae09cd369bdca8
1459,14000488,75,1,467.248541156,175,40,2.64021524264,393.514154197,274.720981466,40,40,0.3,0.4,0.4,1,2.74720981466,203.81398985,1,3.2,233.688098701,3.37833333333,69ae09cd369bdca8
1459,14000488,75,2,142.387312673,325,52,2.15086328505,181.310693993,209.916586831,52,52,0.9,0.8,0.9,1,2.09916586831,203.81398985,1,3.2,233.688098701,3.37833333333,69ae09cd369bdca8
1459,14000488,75,3,471.036552054,75,32,2.24820224449,435.677897528,298.568383505,32,32,0.1,0.4,0.2,1,2.98568383505,203.81398985,1,3.2,233.688098701,3.37833333333,69ae09cd369bdca8
1460,14000489,75,0,143.814574649,425,44,2.70178053325,239.185199189,257.620249989,44,44,0.7,0.6,0.6,1,2.57620249989,248.578761295,1,4.5,336.337168057,3.69761904762,cd83e35207d8d439
1460,14000489,75,1,494.096739748,175,29,2.0556300579,281.665280121,247.635235798,29,29,0.5,0.6,0.6,1,2.47635235798,248.578761295,1,4.5,336.337168057,3.69761904762,cd83e35207d8d439
1460,14000489,75,2,387.378080329,325,54,1.61989769365,177.950173094,180.284592243,54,54,0.9,0.9,1,1,1.80284592243,248.578761295,1,4.5,336.337168057,3.69761904762,cd83e35207d8d439
1460,14000489,75,3,17.787071198,75,31,1.67109312258,339.559322228,374.616602863,31,31,0.4,0.3,0.1,1,3.74616602863,248.578761295,1,4.5,336.337168057,3.69761904762,cd83e35207d8d439
1461,14000490,75,0,41.7564333595,175,40,2.88894980002,311.444285053,239.803286195,40,40,0.4,0.7,0.3,1,2.39803286195,286.310248122,1,4.1,327.828009743,3.895,266eaa21516eea41
1461,14000490,75,1,428.135610402,75,34,2.19807799559,378.175366221,288.560653791,34,34,0.1,0.5,0.3,1,2.88560653791,286.310248122,1,4.1,327.828009743,3.895,266eaa21516eea41
1461,14000490,75,2,32.7571314932,325,39,2.12738092383,262.978755791,292.769258015,39,39,0.4,0.5,0.6,1,2.92769258015,286.310248122,1,4.1,327.828009743,3.895,266eaa21516eea41
1461,14000490,75,3,350.223780145,425,50,2.11526230813,179.722695625,284.779983885,50,50,0.8,0.6,0.6,1,2.84779983885,286.310248122,1,4.1,327.828009743,3.895,266eaa21516eea41
1462,14000491,75,0,387.969583247,75,37,2.97133114346,277.044131578,278.135378655,37,37,0.6,0.7,0.6,1,2.78135378655,236.73930403,1,3.8,296.061354691,3.90119047619,77e75986d36de413
1462,14000491,75,1,264.145900828,325,65,1.74791116805,191.522228388,139.606679494,65,65,0.9,1,1,1,1.39606679494,236.73930403,1,3.8,296.061354691,3.90119047619,77e75986d36de413
1462,14000491,75,2,76.9093642336,425,40,1.75331991671,267.22656414,267.177943121,40,40,0.5,0.7,0.5,1,2.67177943121,236.73930403,1,3.8,296.061354691,3.90119047619,77e75986d36de413
1462,14000491,75,3,356.29853008,175,55,2.85974622551,213.523150765,200.418507466,55,55,0.8,0.8,0.9,1,2.00418507466,236.73930403,1,3.8,296.061354691,3.90119047619,77e75986d36de413
1463,14000492,75,0,226.284659744,425,47,1.67049657599,155.011243106,239.309880726,47,47,1,0.4,0.7,1,2.39309880726,289.246398561,1,4.6,365.486500254,3.98154761905,f5ec892dc7466b25
1463,14000492,75,1,103.105440302,75,37,2.77892437911,398.559596261,188.780140349,37,37,0.3,0.8,0.2,1,1.88780140349,289.246398561,1,4.6,365.486500254,3.98154761905,f5ec892dc7466b25
1463,14000492,75,2,347.954539832,175,56,2.72594495455,293.032070195,211.999777929,56,56,0.4,1,1,1,2.11999777929,289.246398561,1,4.6,365.486500254,3.98154761905,f5ec892dc7466b25
1463,14000492,75,3,267.812087992,325,68,2.04228739527,176.885052809,191.703007927,68,68,1,1,1,1,1.91703007927,289.246398561,1,4.6,365.486500254,3.98154761905,f5ec892dc7466b25
1464,14000493,75,0,38.9396410888,175,43,1.82101965411,220.008855709,312.325432832,43,43,0.7,0.5,0.8,1,3.12325432832,232.363201794,1,3.4,264.666577942,3.45333333333,858487cda26557fa
1464,14000493,75,1,40.0757171077,325,44,2.46610385953,225.104731824,332.372567937,44,44,0.8,0.4,0.6,1,3.32372567937,232.363201794,1,3.4,264.666577942,3.45333333333,858487cda26557fa
1464,14000493,75,2,414.633155442,425,37,2.86659009979,298.142020462,300.808424548,37,37,0.4,0.3,0.4,1,3.00808424548,232.363201794,1,3.4,264.666577942,3.45333333333,858487cda26557fa
1464,14000493,75,3,347.600079975,75,43,2.76698793684,255.238373336,196.342678722,43,43,0.6,0.7,0.9,1,1.96342678722,232.363201794,1,3.4,264.666577942,3.45333333333,858487cda26557fa
1465,14000494,75,0,103.652702179,75,31,1.68307609745,250.526327425,341.810369329,31,31,0.7,0.3,0.4,1,3.41810369329,270.141341887,1,4,317.569289853,3.73523809524,e112fc0425c37c47
1465,14000494,75,1,207.511859052,325,65,1.53090451909,194.213802531,212.32151479,65,65,0.9,0.9,0.8,1,2.1232151479,270.141341887,1,4,317.569289853,3.73523809524,e112fc0425c37c47
1465,14000494,75,2,453.752920374,425,39,2.05227578567,313.204571526,249.424010047,39,39,0.3,0.6,0.5,1,2.49424010047,270.141341887,1,4,317.569289853,3.73523809524,e112fc0425c37c47
1465,14000494,75,3,295.126896129,175,63,2.31606656403,170.374607601,189.93845582,63,63,1,0.9,0.9,1,1.8993845582,270.141341887,1,4,317.569289853,3.73523809524,e112fc0425c37c47
1466,14000495,75,0,466.861528659,325,38,1.66064070188,227.657350874,261.713574602,38,38,0.8,0.7,0.8,1,2.61713574602,209.877758357,1,3.2,251.728870127,3.46,2aac3f00998cbf57
1466,14000495,75,1,331.082831807,425,45,2.55096714181,206.72099859,244.069637663,45,45,0.7,0.9,0.9,1,2.44069637663,209.877758357,1,3.2,251.728870127,3.46,2aac3f00998cbf57
1466,14000495,75,2,167.768745608,75,48,1.53687886001,261.686146443,273.769902214,48,48,0.6,0.7,0.6,1,2.73769902214,209.877758357,1,3.2,251.728870127,3.46,2aac3f00998cbf57
1466,14000495,75,3,127.558561291,175,55,2.9419057332,237.078265098,233.535783801,55,55,0.6,0.7,0.9,1,2.33535783801,209.877758357,1,3.2,251.728870127,3.46,2aac3f00998cbf57
1467,14000496,75,0,121.035501929,325,51,2.66550798166,251.867897196,282.032946932,51,51,0.7,0.5,0.8,1,2.82032946932,325.981750092,1,5.5,421.744032984,3.94146825397,4c60f85da7464885
1467,14000496,75,1,432.062379599,425,26,2.43911871624,353.210827699,286.027516663,26,26,0.4,0.4,0.1,1,2.86027516663,325.981750092,1,5.5,421.744032984,3.94146825397,4c60f85da7464885
1467,14000496,75,2,367.850849372,75,46,2.55041419668,275.540842502,205.882173691,46,46,0.5,0.7,0.6,1,2.05882173691,325.981750092,1,5.5,421.744032984,3.94146825397,4c60f85da7464885
1467,14000496,75,3,18.962475216,175,47,2.86822922432,253.738639021,342.950056559,47,47,0.8,0.5,0.2,1,3.42950056559,325.981750092,1,5.5,421.744032984,3.94146825397,4c60f85da7464885
1468,14000497,75,0,467.873288867,425,35,2.94892525436,266.511023266,253.556060213,35,35,0.6,0.5,0.4,1,2.53556060213,257.418088482,1,3.9,314.236583811,4.49880952381,2a711d9aa97ce86d
1468,14000497,75,1,72.8620738177,325,42,2.23277553024,306.39868364,295.081969496,42,42,0.4,0.5,0.5,1,2.95081969496,257.418088482,1,3.9,314.236583811,4.49880952381,2a711d9aa97ce86d
1468,14000497,75,2,457.452007432,75,36,2.73746959443,274.58467271,267.870709701,36,36,0.4,0.6,0.6,1,2.67870709701,257.418088482,1,3.9,314.236583811,4.49880952381,2a711d9aa97ce86d
1468,14000497,75,3,61.8578194349,175,39,2.1989943945,317.410976016,304.781448026,39,39,0.3,0.5,0.5,1,3.04781448026,257.418088482,1,3.9,314.236583811,4.49880952381,2a711d9aa97ce86d
1469,14000498,75,0,461.689015772,325,42,2.8863902627,282.02122717,271.647500075,42,42,0.5,0.5,0.2,1,2.71647500075,294.432909273,1,4.3,342.327190761,3.84976190476,f34505afad19ac70
1469,14000498,75,1,97.2703445496,75,41,2.44295932238,264.256761019,262.007278405,41,41,0.6,0.6,0.8,1,2.62007278405,294.432909273,1,4.3,342.327190761,3.84976190476,f34505afad19ac70
1469,14000498,75,2,41.3657407955,425,35,1.59701599527,278.743631614,314.758415296,35,35,0.5,0.4,0.2,1,3.14758415296,294.432909273,1,4.3,342.327190761,3.84976190476,f34505afad19ac70
1469,14000498,75,3,269.641373618,175,69,2.25054931357,199.451270143,186.382739262,69,69,0.9,0.9,1,1,1.86382739262,294.432909273,1,4.3,342.327190761,3.84976190476,f34505afad19ac70
1470,14000499,75,0,316.997930942,75,51,1.74236515514,217.169788589,257.35742681,51,51,0.8,0.6,0.9,1,2.5735742681,247.72518335,1,3.3,279.116180335,4.08333333333,69b9015a17fbc1cd
1470,14000499,75,1,104.70316814,175,57,1.65287910219,236.184220841,216.724695769,57,57,0.7,0.8,0.8,1,2.16724695769,247.72518335,1,3.3,279.116180335,4.08333333333,69b9015a17fbc1cd
1470,14000499,75,2,100.444680337,425,41,2.0414603589,339.508466492,244.273870129,41,41,0.5,0.6,0.5,1,2.44273870129,247.72518335,1,3.3,279.116180335,4.08333333333,69b9015a17fbc1cd
1470,14000499,75,3,255.810075225,325,66,1.82140559665,219.7080649,172.206179598,66,66,0.7,1,0.8,1,1.72206179598,247.72518335,1,3.3,279.116180335,4.08333333333,69b9015a17fbc1cd
1471,14000500,75,0,139.364896059,175,53,1.74305194126,217.825630096,282.133610209,53,53,0.7,0.6,0.6,1,2.82133610209,327.387386534,1,5.3,424.005713398,3.64857142857,5d0f0d9ec2dc5c52
1471,14000500,75,1,161.516358194,425,42,2.47764058705,263.363333339,266.419825765,42,42,0.6,0.5,0.6,1,2.66419825765,327.387386534,1,5.3,424.005713398,3.64857142857,5d0f0d9ec2dc5c52
1471,14000500,75,2,423.74126283,325,44,2.72614580993,283.812077372,200.114786519,44,44,0.4,1,0.5,1,2.00114786519,327.387386534,1,5.3,424.005713398,3.64857142857,5d0f0d9ec2dc5c52
1471,14000500,75,3,337.346395791,75,44,2.83948536227,305.506907032,239.157558475,44,44,0.2,0.5,0.7,1,2.39157558475,327.387386534,1,5.3,424.005713398,3.64857142857,5d0f0d9ec2dc5c52
1472,14000501,75,0,103.455415805,175,52,2.81159601462,212.9593694,270.661181741,52,52,0.9,0.5,0.9,1,2.70661181741,228.633559689,1,3.4,257.562195442,4.16166666667,be60dac9dd8e89e2
1472,14000501,75,1,309.03607764,425,45,2.61622652287,225.937146751,277.577384516,45,45,0.8,0.6,0.6,1,2.77577384516,228.633559689,1,3.4,257.562195442,4.16166666667,be60dac9dd8e89e2
1472,14000501,75,2,374.001856793,325,52,1.78288010176,214.076497484,204.743118219,52,52,0.9,0.6,0.8,1,2.04743118219,228.633559689,1,3.4,257.562195442,4.16166666667,be60dac9dd8e89e2
1472,14000501,75,3,145.264366662,75,48,1.80759971925,242.076793713,262.990018757,48,48,0.6,0.5,0.7,1,2.62990018757,228.633559689,1,3.4,257.562195442,4.16166666667,be60dac9dd8e89e2
1473,14000502,75,0,45.9891635556,175,43,2.79754886386,195.937125613,151.759180724,43,43,0.7,0.9,0.9,1,1.51759180724,207.259242178,1,3,253.297240019,4.28880952381,1569a28ac15b4564
1473,14000502,75,1,455.046089203,325,43,2.04498134622,339.641084285,389.471457834,43,43,0.5,0.3,0.1,1,3.89471457834,207.259242178,1,3,253.297240019,4.28880952381,1569a28ac15b4564
1473,14000502,75,2,209.012373285,425,49,1.73021667283,264.415198132,278.336611765,49,49,0.4,0.3,0.5,1,2.78336611765,207.259242178,1,3,253.297240019,4.28880952381,1569a28ac15b4564
1473,14000502,75,3,100.345427918,75,38,1.72069073697,196.14347648,140.992160684,38,38,0.7,0.8,0.8,1,1.40992160684,207.259242178,1,3,253.297240019,4.28880952381,1569a28ac15b4564
1474,14000503,75,0,317.038513957,75,55,2.46116265726,222.425855669,282.250709873,55,55,0.7,0.6,0.4,1,2.82250709873,229.165505763,1,3.4,273.652983497,4.11333333333,2fed217a0e970b9a
1474,14000503,75,1,277.742154537,175,66,2.1021261515,173.926107457,223.211560163,66,66,0.9,0.7,1,1,2.23211560163,229.165505763,1,3.4,273.652983497,4.11333333333,2fed217a0e970b9a
1474,14000503,75,2,107.158216136,325,49,2.7794788949,263.203431085,239.741577528,49,49,0.6,0.6,0.8,1,2.39741577528,229.165505763,1,3.4,273.652983497,4.11333333333,2fed217a0e970b9a
1474,14000503,75,3,145.459330678,425,42,2.51873982827,266.520946482,254.578988185,42,42,0.6,0.7,0.6,1,2.54578988185,229.165505763,1,3.4,273.652983497,4.11333333333,2fed217a0e970b9a
1475,14000504,75,0,37.2793750592,425,39,2.41725435565,321.595782748,211.51626885,39,39,0.4,0.8,0.7,1,2.1151626885,184.456955511,0.9,2.4,190.822334718,4.0537037037,77db5d4e40279527
1475,14000504,75,1,58.1461169441,75,43,2.56370222877,289.005265913,239.837856012,43,43,0.3,0.7,0.9,1,2.39837856012,184.456955511,0.9,2.4,190.822334718,4.0537037037,77db5d4e40279527
1475,14000504,75,2,443.822665836,175,44,2.95016095304,255.694661069,321.01217516,44,44,0.6,0.4,0.5,1,3.2101217516,184.456955511,0.9,2.4,190.822334718,4.0537037037,77db5d4e40279527
1475,14000504,75,3,436.832967351,325,41,2.62322955838,257.086353062,295.664843456,41,41,0.7,0.6,0.6,1,2.95664843456,184.456955511,0.9,2.4,190.822334718,4.0537037037,77db5d4e40279527
1476,14000505,75,0,341.313900899,75,44,2.28564698907,224.609241236,157.383496538,44,44,0.7,0.8,0.8,1,1.57383496538,254.250429895,1,3.8,293.724590063,3.90071428571,8ef5ab060eda059d
1476,14000505,75,1,443.041580585,325,46,2.04012183161,264.328483237,247.769804574,46,46,0.5,0.8,0.8,1,2.47769804574,254.250429895,1,3.8,293.724590063,3.90071428571,8ef5ab060eda059d
1476,14000505,75,2,44.8560891288,425,40,1.93729635524,328.161544358,408.41634853,40,40,0.3,0.2,0.2,1,4.0841634853,254.250429895,1,3.8,293.724590063,3.90071428571,8ef5ab060eda059d
1476,14000505,75,3,181.87526943,175,59,2.27146532066,195.695479329,211.884500842,59,59,1,1,1,1,2.11884500842,254.250429895,1,3.8,293.724590063,3.90071428571,8ef5ab060eda059d
1477,14000506,75,0,72.3059201838,325,52,2.23394507881,271.796350681,274.546163269,52,52,0.6,0.7,0.6,1,2.74546163269,248.550412546,0.7,2.6,274.13881686,4.30272108844,26e878542ea43c55
1477,14000506,75,1,166.656725641,425,50,2.23898271783,236.072339963,219.49733725,50,50,0.7,0.8,0.7,1,2.1949733725,248.550412546,0.7,2.6,274.13881686,4.30272108844,26e878542ea43c55
1477,14000506,75,2,316.334179359,175,60,2.25098366293,221.838168464,224.430696436,60,60,0.9,0.7,0.5,1,2.24430696436,248.550412546,0.7,2.6,274.13881686,4.30272108844,26e878542ea43c55
1477,14000506,75,3,483.731123214,75,31,2.9914854371,306.559389992,353.551378079,31,31,0.5,0.4,0.1,1,3.53551378079,248.550412546,0.7,2.6,274.13881686,4.30272108844,26e878542ea43c55
1478,14000507,75,0,162.253021402,325,55,1.78779062531,241.323383753,234.975827107,55,55,0.8,0.8,0.7,1,2.34975827107,309.601014852,1,4.6,361.94595033,4.9125,faf1b1f726bc335e
1478,14000507,75,1,75.6625872142,75,32,2.47228704849,323.903240196,304.4026622,32,32,0.3,0.3,0.1,1,3.044026622,309.601014852,1,4.6,361.94595033,4.9125,faf1b1f726bc335e
1478,14000507,75,2,381.179797375,425,47,1.69819300189,246.220430469,268.913331333,47,47,0.5,0.6,0.6,1,2.68913331333,309.601014852,1,4.6,361.94595033,4.9125,faf1b1f726bc335e
1478,14000507,75,3,460.660514091,175,50,2.03057707369,207.748237463,245.016538428,50,50,0.7,0.6,0.7,1,2.45016538428,309.601014852,1,4.6,361.94595033,4.9125,faf1b1f726bc335e
1479,14000508,75,0,448.639915098,425,35,2.29573854328,360.701976817,294.400755177,35,35,0.3,0.5,0.4,1,2.94400755177,204.168035575,1,3.3,235.600335658,3.30833333333,7a929c2eccfe9379
1479,14000508,75,1,46.2260908962,75,36,1.96462420348,248.634491117,311.005476916,36,36,0.7,0.5,0.5,1,3.11005476916,204.168035575,1,3.3,235.600335658,3.30833333333,7a929c2eccfe9379
1479,14000508,75,2,87.1387087866,325,50,2.18454073762,214.355625251,252.673195457,50,50,0.7,0.6,0.8,1,2.52673195457,204.168035575,1,3.3,235.600335658,3.30833333333,7a929c2eccfe9379
1479,14000508,75,3,454.35201483,175,43,2.98818895125,294.250907178,286.02363601,43,43,0.4,0.4,0.4,1,2.8602363601,204.168035575,1,3.3,235.600335658,3.30833333333,7a929c2eccfe9379
1480,14000509,75,0,476.742023797,75,34,2.90453349475,329.999897815,425.137088652,34,34,0.2,0.1,0,1,4.25137088652,256.549885645,1,3.9,295.881770932,3.2225,6e98081555c7cb02
1480,14000509,75,1,125.440134715,425,35,2.92198344492,289.097565775,224.866750143,35,35,0.7,0.7,0.8,1,2.24866750143,256.549885645,1,3.9,295.881770932,3.2225,6e98081555c7cb02
1480,14000509,75,2,122.756492083,175,49,2.28377205572,313.594052274,302.84638403,49,49,0.3,0.3,0.5,1,3.0284638403,256.549885645,1,3.9,295.881770932,3.2225,6e98081555c7cb02
1480,14000509,75,3,274.942578506,325,69,2.20082295403,189.163064647,214.508195393,69,69,1,1,1,1,2.14508195393,256.549885645,1,3.9,295.881770932,3.2225,6e98081555c7cb02
1481,14000510,75,0,56.4867165486,175,38,2.827169921,306.472236666,272.436274351,38,38,0.4,0.6,0.7,1,2.72436274351,337.711584187,1,5,418.826546754,4.0125,9e6b3bfd4bde4869
1481,14000510,75,1,128.803805974,325,48,1.62764000093,261.189752984,233.736228738,48,48,0.6,0.7,0.8,1,2.33736228738,337.711584187,1,5,418.826546754,4.0125,9e6b3bfd4bde4869
1481,14000510,75,2,317.243301036,75,43,1.53139793299,262.784817127,215.281203745,43,43,0.6,0.8,0.7,1,2.15281203745,337.711584187,1,5,418.826546754,4.0125,9e6b3bfd4bde4869
1481,14000510,75,3,402.893348111,425,44,2.60900105655,278.826766436,289.074070167,44,44,0.5,0.5,0.5,1,2.89074070167,337.711584187,1,5,418.826546754,4.0125,9e6b3bfd4bde4869
1482,14000511,75,0,269.083864462,425,42,1.66733246345,210.973993825,264.002159624,42,42,0.8,0.6,0.8,1,2.64002159624,190.855692874,0.9,2.5,207.542911773,3.07777777778,ef9e109a59327c12
1482,14000511,75,1,365.017716184,325,50,2.16477118935,176.233804048,243.768273668,50,50,1,0.6,0.8,1,2.43768273668,190.855692874,0.9,2.5,207.542911773,3.07777777778,ef9e109a59327c12
1482,14000511,75,2,361.902616438,175,59,2.55530797521,177.516042353,238.208314563,59,59,0.8,0.7,0.9,1,2.38208314563,190.855692874,0.9,2.5,207.542911773,3.07777777778,ef9e109a59327c12
1482,14000511,75,3,88.9374612499,75,43,2.64840496799,296.216022467,263.464031313,43,43,0.3,0.5,0.6,1,2.63464031313,190.855692874,0.9,2.5,207.542911773,3.07777777778,ef9e109a59327c12
1483,14000512,75,0,327.744833598,425,45,1.85497330872,222.65353085,173.395588613,45,45,0.9,1,1,1,1.73395588613,230.055812984,1,3.7,279.366741896,3.41,72daf1d688861691
1483,14000512,75,1,27.9453812056,325,47,2.84651958617,288.629067184,256.819793016,47,47,0.6,0.6,0.5,1,2.56819793016,230.055812984,1,3.7,279.366741896,3.41,72daf1d688861691
1483,14000512,75,2,120.474964121,75,40,2.67655233527,306.594818303,345.451285337,40,40,0.4,0.1,0.5,1,3.45451285337,230.055812984,1,3.7,279.366741896,3.41,72daf1d688861691
1483,14000512,75,3,426.160416655,175,45,1.84562168421,221.945488299,280.544135192,45,45,0.7,0.5,0.5,1,2.80544135192,230.055812984,1,3.7,279.366741896,3.41,72daf1d688861691
1484,14000513,75,0,221.267983188,325,68,2.12499346175,243.928262749,208.107751938,68,68,0.7,0.7,1,1,2.08107751938,328.744657109,1,5,391.783807327,3.83821428571,be76e99f94d631bc
1484,14000513,75,1,114.759775049,425,46,2.61512364929,347.410592502,288.310774437,46,46,0.4,0.5,0.1,1,2.88310774437,328.744657109,1,5,391.783807327,3.83821428571,be76e99f94d631bc
1484,14000513,75,2,388.908641667,75,41,2.43691052371,199.469878034,239.11883593,41,41,0.7,0.7,0.5,1,2.3911883593,328.744657109,1,5,391.783807327,3.83821428571,be76e99f94d631bc
1484,14000513,75,3,440.295473876,175,44,2.2751122127,199.794121827,211.231467426,44,44,0.9,0.7,0.6,1,2.11231467426,328.744657109,1,5,391.783807327,3.83821428571,be76e99f94d631bc
1485,14000514,75,0,221.496507417,325,67,1.5550022961,198.293419472,211.681884938,67,67,0.8,1,1,1,2.11681884938,269.318017049,1,4.4,330.969176636,3.81976190476,5b8d990a87108228
1485,14000514,75,1,40.2700598646,75,38,1.65701189006,289.03514148,277.437347884,38,38,0.6,0.4,0.8,1,2.77437347884,269.318017049,1,4.4,330.969176636,3.81976190476,5b8d990a87108228
1485,14000514,75,2,81.102197349,425,35,2.94712056518,289.791883126,327.975799391,35,35,0.5,0.3,0.4,1,3.27975799391,269.318017049,1,4.4,330.969176636,3.81976190476,5b8d990a87108228
1485,14000514,75,3,492.291839733,175,34,2.89016728159,323.947211798,256.405056969,34,34,0.3,0.6,0.3,1,2.56405056969,269.318017049,1,4.4,330.969176636,3.81976190476,5b8d990a87108228
1486,14000515,75,0,291.615113415,425,57,2.04782705481,229.587852896,189.1243041,57,57,0.7,0.9,0.7,1,1.891243041,166.653421258,1,2.8,208.548339658,3.94166666667,a762c3280abd7c7d
1486,14000515,75,1,96.5242359968,325,53,2.9122050898,271.883134934,230.534800276,53,53,0.7,0.8,0.7,1,2.30534800276,166.653421258,1,2.8,208.548339658,3.94166666667,a762c3280abd7c7d
1486,14000515,75,2,441.357004796,75,32,2.70899737522,246.198612945,259.080102507,32,32,0.7,0.6,0.7,1,2.59080102507,166.653421258,1,2.8,208.548339658,3.94166666667,a762c3280abd7c7d
1486,14000515,75,3,77.2824746185,175,46,2.55768731925,281.874369957,274.24670828,46,46,0.5,0.6,0.6,1,2.7424670828,166.653421258,1,2.8,208.548339658,3.94166666667,a762c3280abd7c7d
1487,14000516,75,0,176.023669532,325,60,1.84467886405,160.971581937,188.529525508,60,60,0.8,0.7,1,1,1.88529525508,242.551657829,1,5.2,414.929894477,3.48535714286,ae4615f6443d86fa
1487,14000516,75,1,362.459629721,75,41,1.96742537869,266.958030975,264.201706924,41,41,0.6,0.7,0.7,1,2.64201706924,242.551657829,1,5.2,414.929894477,3.48535714286,ae4615f6443d86fa
1487,14000516,75,2,305.008295618,425,50,1.54256759186,226.781275307,242.543050973,50,50,0.8,0.7,0.6,1,2.42543050973,242.551657829,1,5.2,414.929894477,3.48535714286,ae4615f6443d86fa
1487,14000516,75,3,381.867643418,175,56,2.68566657619,229.913513553,224.839307924,56,56,0.8,0.8,0.9,1,2.24839307924,242.551657829,1,5.2,414.929894477,3.48535714286,ae4615f6443d86fa
1488,14000517,75,0,30.9016544404,75,36,2.5668487935,284.337198845,329.754975464,36,36,0.6,0.4,0.3,1,3.29754975464,278.238172696,1,4.3,335.863185181,4.17166666667,d431dc483076b77c
1488,14000517,75,1,272.878065017,175,71,1.54125227777,200.372190611,175.482866085,71,71,0.8,1,1,1,1.75482866085,278.238172696,1,4.3,335.863185181,4.17166666667,d431dc483076b77c
1488,14000517,75,2,463.297100529,325,46,2.97943636023,304.664600289,245.142150015,46,46,0.5,0.8,0.5,1,2.45142150015,278.238172696,1,4.3,335.863185181,4.17166666667,d431dc483076b77c
1488,14000517,75,3,328.093216522,425,46,2.00109230827,306.414725838,225.181991672,46,46,0.4,0.7,0.7,1,2.25181991672,278.238172696,1,4.3,335.863185181,4.17166666667,d431dc483076b77c
1489,14000518,75,0,253.646276229,325,63,1.66271867694,236.985045876,212.193639772,63,63,0.8,0.9,0.9,1,2.12193639772,245.791422389,1,3.7,291.149921437,3.24142857143,c24da71f3deb9ad
1489,14000518,75,1,181.956183349,75,50,2.40694665268,209.306270752,204.857736326,50,50,0.7,0.9,0.9,1,2.04857736326,245.791422389,1,3.7,291.149921437,3.24142857143,c24da71f3deb9ad
1489,14000518,75,2,342.811185576,425,39,2.69133314146,334.248551703,288.32743666,39,39,0.4,0.5,0.5,1,2.8832743666,245.791422389,1,3.7,291.149921437,3.24142857143,c24da71f3deb9ad
1489,14000518,75,3,255.494678665,175,66,1.88508219614,200.272719667,177.331340221,66,66,0.8,1,1,1,1.77331340221,245.791422389,1,3.7,291.149921437,3.24142857143,c24da71f3deb9ad
1490,14000519,75,0,398.13556326,75,47,2.64270959176,299.287630767,225.769248555,47,47,0.5,0.8,0.5,1,2.25769248555,254.009918451,1,3.5,291.953683688,4.28333333333,49b644a3b2a8ee68
1490,14000519,75,1,216.04406568,425,51,1.62623952187,219.153700333,235.060236135,51,51,0.9,0.8,0.8,1,2.35060236135,254.009918451,1,3.5,291.953683688,4.28333333333,49b644a3b2a8ee68
1490,14000519,75,2,495.587214495,175,44,1.66029483111,344.517947047,230.972431655,44,44,0.3,0.6,0.4,1,2.30972431655,254.009918451,1,3.5,291.953683688,4.28333333333,49b644a3b2a8ee68
1490,14000519,75,3,220.0567468,325,69,1.9729689369,175.201625764,188.899776765,69,69,1,0.8,1,1,1.88899776765,254.009918451,1,3.5,291.953683688,4.28333333333,49b644a3b2a8ee68
1491,14000520,75,0,341.310165685,425,42,2.38479559942,250.404977882,266.160645894,42,42,0.5,0.5,0.7,1,2.66160645894,233.030620383,1,3.7,284.733212946,3.825,5fcdeab252a8136e
1491,14000520,75,1,75.8584588762,75,41,2.82863427042,265.095653743,256.297386385,41,41,0.5,0.6,0.5,1,2.56297386385,233.030620383,1,3.7,284.733212946,3.825,5fcdeab252a8136e
1491,14000520,75,2,225.764231973,175,68,1.88263877203,189.0868886,175.598040861,68,68,0.9,1,1,1,1.75598040861,233.030620383,1,3.7,284.733212946,3.825,5fcdeab252a8136e
1491,14000520,75,3,27.2481895917,325,43,2.59644586443,261.864277172,239.437454442,43,43,0.7,0.7,0.7,1,2.39437454442,233.030620383,1,3.7,284.733212946,3.825,5fcdeab252a8136e
1492,14000521,75,0,256.786949336,75,45,1.63292918902,219.515897146,237.624544469,45,45,0.7,0.7,0.4,1,2.37624544469,336.456430617,1,5.5,427.60365353,3.81369047619,c7675cf89042e56b
1492,14000521,75,1,206.955338533,425,46,2.42531678566,289.927108081,291.276095361,46,46,0.5,0.4,0.3,1,2.91276095361,336.456430617,1,5.5,427.60365353,3.81369047619,c7675cf89042e56b
1492,14000521,75,2,446.506864188,175,48,2.9100564921,231.370799782,229.723774783,48,48,0.7,0.7,0.7,1,2.29723774783,336.456430617,1,5.5,427.60365353,3.81369047619,c7675cf89042e56b
1492,14000521,75,3,163.678883343,325,50,2.82281413304,260.597756455,273.684301951,50,50,0.5,0.6,0.9,1,2.73684301951,336.456430617,1,5.5,427.60365353,3.81369047619,c7675cf89042e56b
1493,14000522,75,0,49.0896895192,325,43,2.9223234141,291.705300819,185.571424858,43,43,0.6,0.8,0.6,1,1.85571424858,299.86361155,1,5.2,415.959012078,3.49976190476,9849a06931e9ab87
1493,14000522,75,1,439.327298527,425,38,2.76766498816,242.572071252,344.698833726,38,38,0.7,0.4,0.5,1,3.44698833726,299.86361155,1,5.2,415.959012078,3.49976190476,9849a06931e9ab87
1493,14000522,75,2,452.609963566,175,42,2.99440221982,269.604477679,353.962941162,42,42,0.6,0.4,0.4,1,3.53962941162,299.86361155,1,5.2,415.959012078,3.49976190476,9849a06931e9ab87
1493,14000522,75,3,6.46213924103,75,29,2.93008978353,412.112140434,303.217395051,29,29,0.1,0.4,0.2,1,3.03217395051,299.86361155,1,5.2,415.959012078,3.49976190476,9849a06931e9ab87
1494,14000523,75,0,7.67693595771,75,33,2.49618268654,404.380400355,310.794647184,33,33,0.1,0.4,0.3,1,3.10794647184,276.750479,1,4.5,353.550138934,3.98071428571,ddc1e3846469d90a
1494,14000523,75,1,77.4129193183,425,41,1.93940199789,313.971930605,276.199674933,41,41,0.4,0.5,0.1,1,2.76199674933,276.750479,1,4.5,353.550138934,3.98071428571,ddc1e3846469d90a
1494,14000523,75,2,434.501795221,175,42,2.766597524,193.179317238,256.885945873,42,42,0.8,0.6,0.7,1,2.56885945873,276.750479,1,4.5,353.550138934,3.98071428571,ddc1e3846469d90a
1494,14000523,75,3,232.768161548,325,65,1.96326002572,189.420270183,188.494646677,65,65,0.9,0.9,0.9,1,1.88494646677,276.750479,1,4.5,353.550138934,3.98071428571,ddc1e3846469d90a
1495,14000524,75,0,351.758592063,325,59,2.22617515538,164.589350814,165.436090472,59,59,0.8,0.9,0.8,1,1.65436090472,243.212784831,1,3.7,290.948290892,4.3330952381,48af090449f76102
1495,14000524,75,1,68.8992112455,425,37,2.62819460762,350.841675698,366.715245101,37,37,0.4,0.1,0.2,1,3.66715245101,243.212784831,1,3.7,290.948290892,4.3330952381,48af090449f76102
1495,14000524,75,2,417.637679262,175,57,2.98496074269,200.535617559,193.941918258,57,57,0.9,0.8,0.9,1,1.93941918258,243.212784831,1,3.7,290.948290892,4.3330952381,48af090449f76102
1495,14000524,75,3,7.51734003751,75,21,2.87045703412,393.341069885,434.005542223,21,21,0.3,0.1,0,1,4.34005542223,243.212784831,1,3.7,290.948290892,4.3330952381,48af090449f76102
1496,14000525,75,0,408.528775777,175,45,1.74932779001,210.006099718,283.38867579,45,45,0.8,0.5,0.6,1,2.8338867579,269.967579862,1,4,318.396495117,3.55952380952,a1817b00cc8745ef
1496,14000525,75,1,134.670538761,425,51,2.8796575102,272.804406663,193.984336441,51,51,0.6,0.9,0.6,1,1.93984336441,269.967579862,1,4,318.396495117,3.55952380952,a1817b00cc8745ef
1496,14000525,75,2,407.448219675,75,34,2.7696280004,233.367947043,332.857909367,34,34,0.8,0.4,0.3,1,3.32857909367,269.967579862,1,4,318.396495117,3.55952380952,a1817b00cc8745ef
1496,14000525,75,3,117.673775331,325,59,1.60964774683,233.822259504,165.714510152,59,59,0.7,1,0.9,1,1.65714510152,269.967579862,1,4,318.396495117,3.55952380952,a1817b00cc8745ef
1497,14000526,75,0,494.841048625,175,41,2.98016888973,276.092764888,242.701465245,41,41,0.6,0.7,0.6,1,2.42701465245,238.403711525,1,3.7,286.546311022,3.54333333333,3da755b8f77f06f
1497,14000526,75,1,109.87002045,325,47,2.56074696952,252.062865117,306.915666422,47,47,0.6,0.5,0.7,1,3.06915666422,238.403711525,1,3.7,286.546311022,3.54333333333,3da755b8f77f06f
1497,14000526,75,2,430.178423892,425,34,2.84483801164,306.962213915,339.854880501,34,34,0.4,0.2,0.2,1,3.39854880501,238.403711525,1,3.7,286.546311022,3.54333333333,3da755b8f77f06f
1497,14000526,75,3,192.936697201,75,48,2.45887415068,237.396375119,204.807559388,48,48,0.7,0.8,0.8,1,2.04807559388,238.403711525,1,3.7,286.546311022,3.54333333333,3da755b8f77f06f
1498,14000527,75,0,274.072755781,425,49,1.59182317095,208.393485401,278.364891194,49,49,0.8,0.5,0.8,1,2.78364891194,185.963356661,1,2.9,234.486746009,4.96,9cebdf9173f49c5a
1498,14000527,75,1,118.12662204,175,55,2.73581801783,245.482586098,175.12725193,55,55,0.6,0.8,0.6,1,1.7512725193,185.963356661,1,2.9,234.486746009,4.96,9cebdf9173f49c5a
1498,14000527,75,2,265.158864878,325,69,1.79646669272,186.374843838,209.651600278,69,69,1,0.9,1,1,2.09651600278,185.963356661,1,2.9,234.486746009,4.96,9cebdf9173f49c5a
1498,14000527,75,3,336.032810816,75,45,2.21456220469,289.600352186,209.241087352,45,45,0.4,0.8,0.6,1,2.09241087352,185.963356661,1,2.9,234.486746009,4.96,9cebdf9173f49c5a
1499,14000528,75,0,17.5977035633,175,42,2.91455121921,223.277564344,310.26763919,42,42,0.8,0.5,0.4,1,3.1026763919,296.804904683,1,4.4,334.836545747,3.15833333333,2d226b5850e0fbe
1499,14000528,75,1,342.443171035,325,50,1.65758737595,266.841652432,221.643392275,50,50,0.4,0.7,1,1,2.21643392275,296.804904683,1,4.4,334.836545747,3.15833333333,2d226b5850e0fbe
1499,14000528,75,2,285.291487355,425,43,1.88164672992,266.293035932,259.259844161,43,43,0.7,0.7,0.7,1,2.59259844161,296.804904683,1,4.4,334.836545747,3.15833333333,2d226b5850e0fbe
1499,14000528,75,3,7.82534196793,75,29,2.73359970391,281.731323033,349.704761989,29,29,0.7,0.3,0.3,1,3.49704761989,296.804904683,1,4.4,334.836545747,3.15833333333,2d226b5850e0fbe
