scenario_id,scenario_seed,node_count,selected_oc,x,y,local_density,speed,topology_hash,acoustic_state_hash,route_hash,generated_packets,delivered_packets,PDR,E2ED_ms,mean_source_destination_distance_m,connected_flow_pair_ratio,mean_static_shortest_hops,mean_static_shortest_path_length_m,mean_static_feasible_relay_candidates,mean_delivered_path_length_m,mean_delivered_hop_count,mean_delivered_relay_candidate_count,mean_delivered_relay_wait_ms,ROR_total,ROR_generated,ROR_hello,ROR_reactive,hello_tx,neighbor_update_tx,raw_neighbor_update_burden,compressed_topology_updates,topology_digest_packets,mc_topology_digest_ack_packets,lc_topology_update_tx,mc_topology_update_tx,route_request_tx,route_reply_tx,mc_control_tx,gateway_control_tx,control_transmissions,data_hops,OC_data_hops,architecture_violations,controller_requests,installed_route_hits,lc_cache_hits,lc_cache_misses,oc_route_computations,oc_route_successes,oc_route_failures,oc_cache_hits,oc_cache_misses,mc_fallbacks,mc_route_computations,mc_route_successes,mc_route_failures,route_recoveries,recovery_successes,recovery_failures,link_invalidations,control_unreachable,no_physical_path,routing_failure_with_path,final_no_path_drops,failed_route_attempts,negative_cache_hits,pending_route_suppressions,route_discovery_buffered_retries,route_discovery_timeout_drops
1500,15000029,100,2,15.0493965,175,90,2.01939090637,261384c55508c7c5,8d15af1f9d36efa1,cb655991230713e6,200,152,76.000000,285.907895,291.922363,1.000000,4.300000,341.870448,4.885000,337.239571,4.559211,4.513709,0.000000,0.462374,0.748744,0.365965,0.191365,400,4328,4328,32.000000,0,0,16,16,78,78,8,4,596.000000,693,0,0,62,138,0,62,14,10,4,0,14,4,4,4,0,0,0,0,0,48,0,48,48,48,0,0,0,0
1501,15000030,100,2,135.892910620954,425.000000000000,35.000000000000,2.897243494308,37add443a1f79a10,8d15af1f9d36efa1,3bfa0ece5307b76c,200,166,83.000000,163.234940,146.059901,1.000000,2.500000,170.520583,4.458333,170.330021,2.439759,4.254321,0.000000,0.582904,0.738903,0.496894,0.248609,400,4208,4208,32.000000,0,0,16,16,66,66,2,0,566.000000,405,0,0,50,150,0,50,16,15,1,0,16,1,1,1,0,0,0,0,0,34,0,34,34,34,0,0,0,0
1502,15000031,100,2,195.301637544678,75.000000000000,42.000000000000,2.096326698758,70425a7a235e6eca,8d15af1f9d36efa1,d2ff1be79baa8068,200,122,61.000000,228.754098,242.848994,1.000000,3.400000,273.404557,5.051667,265.866197,3.418033,4.278177,0.000000,0.607714,0.763593,0.489596,0.339144,400,4128,4128,32.000000,0,0,16,16,103,103,8,2,646.000000,417,0,0,90,110,0,90,12,8,4,0,12,4,4,4,0,0,0,0,0,78,0,78,78,78,0,0,0,0
1503,15000032,100,2,246.518813571999,425.000000000000,32.000000000000,2.018658061972,8fb4381413b9c9b4,8d15af1f9d36efa1,72fa3ccd73d5f28,200,167,83.500000,295.604790,274.926472,1.000000,4.100000,329.345040,5.140000,342.945740,4.209581,4.431010,0.000000,0.450352,0.742268,0.362647,0.170012,400,4480,4480,32.000000,0,0,16,16,69,69,6,4,576.000000,703,0,0,50,150,0,50,17,14,3,0,17,3,3,3,0,0,0,0,0,33,0,33,33,33,0,0,0,0
1504,15000033,100,2,150.769117701034,75.000000000000,49.000000000000,2.194969044777,d6e4e8e2f723855b,8d15af1f9d36efa1,a6c4a807da2a2d14,200,152,76.000000,300.809211,306.526953,1.000000,5.000000,401.172182,4.704286,373.225848,4.828947,4.440054,0.000000,0.448120,0.748744,0.352734,0.182628,400,3760,3760,32.000000,0,0,16,16,76,76,12,0,596.000000,734,0,0,62,138,0,62,14,8,6,0,14,6,6,6,0,0,0,0,0,48,0,48,48,48,0,0,0,0
1505,15000034,100,2,490.482864288068,175.000000000000,80.000000000000,2.699039392351,10c695397e2432e9,8d15af1f9d36efa1,9ab0a100c585ace8,200,198,99.000000,258.262626,267.427653,1.000000,4.100000,316.551144,4.805000,305.265484,4.131313,4.466993,0.000000,0.391369,0.724518,0.328407,0.103070,400,4312,4312,32.000000,0,0,16,16,42,42,10,0,526.000000,818,0,0,22,178,0,22,20,15,5,0,20,5,5,5,0,0,0,0,0,2,0,2,2,2,0,0,0,0
1506,15000035,100,2,88.939029168188,175.000000000000,85.000000000000,2.047094015026,5f2850bc05cf40e6,8d15af1f9d36efa1,9af7d000c5c1ff68,200,192,96.000000,200.906250,203.294279,1.000000,2.600000,217.929664,5.565476,221.726057,2.687500,5.899225,0.000000,0.508571,0.727520,0.436681,0.165049,400,4576,4576,32.000000,0,0,16,16,48,48,6,0,534.000000,516,0,0,28,172,0,28,20,17,3,0,20,3,3,3,0,0,0,0,0,8,0,8,8,8,0,0,0,0
1507,15000036,100,2,357.492049147653,325.000000000000,80.000000000000,1.507154306867,27e9419597494331,8d15af1f9d36efa1,bdae5e227f8e1e29,200,200,100.000000,304.475000,314.442544,1.000000,4.400000,358.872817,5.815476,356.948434,4.535000,5.402426,0.000000,0.369701,0.726776,0.306044,0.099305,400,4488,4488,32.000000,0,0,16,16,46,46,8,12,532.000000,907,0,0,20,180,0,20,20,16,4,0,20,4,4,4,0,0,0,0,0,0,0,0,0,0,0,0,0,0
1508,15000037,100,2,338.094609272253,175.000000000000,63.000000000000,2.173607824368,ee7a6454845108d4,8d15af1f9d36efa1,bae2a55ce1297f19,200,189,94.500000,267.624339,295.433983,1.000000,4.000000,341.675272,4.460000,326.430233,3.936508,4.444892,0.000000,0.417840,0.727520,0.349650,0.120567,400,3752,3752,32.000000,0,0,16,16,51,51,0,0,534.000000,744,0,0,31,169,0,31,20,20,0,0,20,0,0,0,0,0,0,0,0,11,0,11,11,11,0,0,0,0
1509,15000038,100,2,39.097909495217,325.000000000000,80.000000000000,2.043582481348,31139dd447f251c4,8d15af1f9d36efa1,f787db4f66fcd9ae,200,200,100.000000,217.705000,208.996378,1.000000,3.100000,251.243093,4.948333,248.193703,3.135000,4.575758,0.000000,0.453357,0.722222,0.389484,0.123077,400,3848,3848,32.000000,0,0,16,16,41,41,6,2,520.000000,627,0,0,20,180,0,20,20,17,3,0,20,3,3,3,0,0,0,0,0,0,0,0,0,0,0,0,0,0
1510,15000039,100,2,437.089445335261,425.000000000000,52.000000000000,2.789782103403,ae8239fc35a4f554,8d15af1f9d36efa1,724537801f1876cc,200,162,81.000000,236.493827,241.597219,1.000000,3.600000,282.747344,4.296667,270.030866,3.530864,4.215035,0.000000,0.504333,0.744246,0.411523,0.207756,400,3840,3840,32.000000,0,0,16,16,71,71,8,2,582.000000,572,0,0,54,146,0,54,16,12,4,0,16,4,4,4,0,0,0,0,0,38,0,38,38,38,0,0,0,0
1511,15000040,100,2,332.764638079397,75.000000000000,52.000000000000,2.225864126922,3ebd6b0bfa6045f4,8d15af1f9d36efa1,62382b5034196af6,200,159,79.500000,201.591195,192.430399,1.000000,2.900000,218.265882,5.291667,222.492136,2.880503,5.264192,0.000000,0.561303,0.745547,0.466200,0.251634,400,4416,4416,32.000000,0,0,16,16,73,73,8,0,586.000000,458,0,0,57,143,0,57,16,12,4,0,16,4,4,4,0,0,0,0,0,41,0,41,41,41,0,0,0,0
1512,15000041,100,2,302.122988490724,75.000000000000,56.000000000000,1.673795579139,9da673ee93e78e2b,8d15af1f9d36efa1,75714f8c55f91d5d,200,177,88.500000,214.790960,188.469666,1.000000,3.000000,234.937675,5.166667,239.347747,3.214689,4.521968,0.000000,0.496905,0.737533,0.412797,0.185980,400,4064,4064,32.000000,0,0,16,16,63,63,4,0,562.000000,569,0,0,43,157,0,43,20,18,2,0,20,2,2,2,0,0,0,0,0,23,0,23,23,23,0,0,0,0
1513,15000042,100,2,160.405476806059,325.000000000000,51.000000000000,2.538809509777,e1facf0c1851d2d,8d15af1f9d36efa1,e09d16c1691784df,200,200,100.000000,238.480000,244.248702,1.000000,3.600000,298.417229,5.647500,288.030961,3.665000,4.882674,0.000000,0.413131,0.720670,0.353045,0.102815,400,4432,4432,32.000000,0,0,16,16,40,40,4,0,516.000000,733,0,0,20,180,0,20,20,18,2,0,20,2,2,2,0,0,0,0,0,0,0,0,0,0,0,0,0,0
1514,15000043,100,2,491.564546512308,175.000000000000,85.000000000000,2.490005571540,cfd5c87abbb6e382,8d15af1f9d36efa1,2663c6f748a30aac,200,186,93.000000,270.338710,261.065864,1.000000,3.900000,303.470886,4.424167,302.315718,4.150538,4.120466,0.000000,0.422156,0.738220,0.341297,0.146018,400,4392,4392,32.000000,0,0,16,16,55,55,22,2,564.000000,772,0,0,34,166,0,34,20,9,11,0,20,11,11,11,0,0,0,0,0,14,0,14,14,14,0,0,0,0
1515,15000044,100,2,123.126204111900,325.000000000000,66.000000000000,2.783698843095,23ae66676f7f2580,8d15af1f9d36efa1,37e76443233f9ad5,200,200,100.000000,299.485000,328.064601,1.000000,4.400000,363.490552,5.610238,358.897632,4.400000,5.136364,0.000000,0.372325,0.722992,0.312500,0.092784,400,4440,4440,32.000000,0,0,16,16,43,43,4,6,522.000000,880,0,0,20,180,0,20,20,18,2,0,20,2,2,2,0,0,0,0,0,0,0,0,0,0,0,0,0,0
1516,15000045,100,2,9.512109834455,75.000000000000,58.000000000000,2.876470287964,b5a4a0f2d547d252,8d15af1f9d36efa1,93f19ab918621686,200,159,79.500000,196.320755,211.207317,1.000000,3.300000,241.666026,3.937500,222.272608,3.000000,3.796646,0.000000,0.551270,0.745547,0.456100,0.244057,400,3856,3856,32.000000,0,0,16,16,73,73,8,0,586.000000,477,0,0,57,143,0,57,16,12,4,0,16,4,4,4,0,0,0,0,0,41,0,41,41,41,0,0,0,0
1517,15000046,100,2,34.446142045189,325.000000000000,81.000000000000,2.727402876134,75b166166d9ba479,8d15af1f9d36efa1,b5c3fc50f4e90c2d,200,196,98.000000,251.403061,257.357324,1.000000,3.500000,276.880739,5.061667,287.987021,3.607143,4.912306,0.000000,0.430298,0.727520,0.361337,0.126082,400,4120,4120,32.000000,0,0,16,16,45,45,12,2,534.000000,707,0,0,24,176,0,24,20,14,6,0,20,6,6,6,0,0,0,0,0,4,0,4,4,4,0,0,0,0
1518,15000047,100,2,133.970644180973,175.000000000000,69.000000000000,2.581152690943,12f7dcbdff38c69b,8d15af1f9d36efa1,1bcbfe1926793633,200,189,94.500000,213.962963,210.911600,1.000000,3.000000,250.995345,4.970000,252.048129,3.222222,4.546798,0.000000,0.468122,0.728261,0.396432,0.145863,400,4024,4024,32.000000,0,0,16,16,51,51,2,0,536.000000,609,0,0,31,169,0,31,20,19,1,0,20,1,1,1,0,0,0,0,0,11,0,11,11,11,0,0,0,0
1519,15000048,100,2,392.067100320914,175.000000000000,60.000000000000,2.870938055765,49bc1e8e30733a96,8d15af1f9d36efa1,7b798abf931c117,200,191,95.500000,295.722513,321.534240,1.000000,4.500000,384.119069,5.287500,371.562338,4.581152,4.406857,0.000000,0.381625,0.729730,0.313725,0.109868,400,4096,4096,32.000000,0,0,16,16,50,50,8,6,540.000000,875,0,0,28,172,0,28,19,15,4,0,19,4,4,4,0,0,0,0,0,9,0,9,9,9,0,0,0,0
1520,15000049,100,2,313.923596995066,75.000000000000,46.000000000000,2.195132325939,fdfdb8edd1b5c33f,8d15af1f9d36efa1,a11d25052c6dc6b1,200,141,70.500000,295.886525,264.956549,1.000000,4.000000,310.900313,4.582381,337.218586,4.269504,5.024917,0.000000,0.509772,0.757869,0.399202,0.243719,400,4056,4056,32.000000,0,0,16,16,92,92,10,2,626.000000,602,0,0,75,125,0,75,16,11,5,0,16,5,5,5,0,0,0,0,0,59,0,59,59,59,0,0,0,0
1521,15000050,100,2,309.494460106565,175.000000000000,57.000000000000,2.282811589962,673521e931d6a681,8d15af1f9d36efa1,ede84cd433a9b0ac,200,198,99.000000,283.545455,318.017552,1.000000,4.400000,363.617284,4.335000,361.619252,4.616162,4.075492,0.000000,0.361732,0.721448,0.304414,0.086000,400,3824,3824,32.000000,0,0,16,16,42,42,2,0,518.000000,914,0,0,22,178,0,22,20,19,1,0,20,1,1,1,0,0,0,0,0,2,0,2,2,2,0,0,0,0
1522,15000051,100,2,97.060441922268,75.000000000000,54.000000000000,2.426180916206,7182031956b0c152,8d15af1f9d36efa1,bee2bb6995faeb65,200,147,73.500000,215.442177,196.301278,1.000000,3.100000,232.345171,4.400000,243.454914,3.197279,4.280851,0.000000,0.562384,0.751244,0.459770,0.267913,400,3680,3680,32.000000,0,0,16,16,83,83,6,0,604.000000,470,0,0,68,132,0,68,15,12,3,0,15,3,3,3,0,0,0,0,0,53,0,53,53,53,0,0,0,0
1523,15000052,100,2,300.892527334614,325.000000000000,59.000000000000,1.842551100601,493764edb061aebd,8d15af1f9d36efa1,ef6c4f5106bee451,200,200,100.000000,269.170000,292.312356,1.000000,4.200000,331.264583,4.303333,330.637957,4.440000,3.909910,0.000000,0.368421,0.721448,0.310559,0.088296,400,3880,3880,32.000000,0,0,16,16,40,40,6,0,518.000000,888,0,0,20,180,0,20,20,17,3,0,20,3,3,3,0,0,0,0,0,0,0,0,0,0,0,0,0,0
1524,15000053,100,2,232.853641298193,175.000000000000,59.000000000000,1.714212033655,5e4f39e942067294,8d15af1f9d36efa1,853b5bf7c7940d29,200,189,94.500000,244.470899,251.486944,1.000000,3.500000,291.656236,4.955000,295.829425,3.560847,4.805349,0.000000,0.442419,0.727520,0.372787,0.131613,400,4128,4128,32.000000,0,0,16,16,49,49,4,0,534.000000,673,0,0,30,170,0,30,19,17,2,0,19,2,2,2,0,0,0,0,0,11,0,11,11,11,0,0,0,0
1525,15000054,100,2,300.902634703893,175.000000000000,62.000000000000,1.940848539590,de666998757028e6,8d15af1f9d36efa1,213ff3e664b2fea5,200,200,100.000000,268.590000,276.702257,1.000000,3.900000,318.639534,5.633333,329.780363,4.000000,5.150000,0.000000,0.393020,0.721448,0.333333,0.097065,400,4312,4312,32.000000,0,0,16,16,42,42,2,4,518.000000,800,0,0,20,180,0,20,20,19,1,0,20,1,1,1,0,0,0,0,0,0,0,0,0,0,0,0,0,0
1526,15000055,100,2,394.519097731727,425.000000000000,60.000000000000,1.756651244108,c49f4cc3e504dec,8d15af1f9d36efa1,222ef6f4da02dff4,200,147,73.500000,280.482993,293.510295,1.000000,4.400000,355.745364,5.461905,339.384357,4.401361,4.636785,0.000000,0.484462,0.752475,0.382044,0.213852,400,4312,4312,32.000000,0,0,16,16,83,83,10,0,608.000000,647,0,0,68,132,0,68,15,10,5,0,15,5,5,5,0,0,0,0,0,53,0,53,53,53,0,0,0,0
1527,15000056,100,2,464.163571234824,175.000000000000,89.000000000000,1.725440915576,37ce631d789a1a17,8d15af1f9d36efa1,9ba89c00c65845b8,200,180,90.000000,232.400000,215.771990,1.000000,3.200000,239.434490,4.688333,264.357140,3.438889,4.513732,0.000000,0.474087,0.736148,0.392542,0.169128,400,4168,4168,32.000000,0,0,16,16,58,58,10,0,558.000000,619,0,0,39,161,0,39,19,14,5,0,19,5,5,5,0,0,0,0,0,20,0,20,20,20,0,0,0,0
1528,15000057,100,2,387.360664553459,325.000000000000,60.000000000000,2.923408553474,586f49fb6ead49bd,8d15af1f9d36efa1,5f138c4fa185f637,200,180,90.000000,262.950000,266.079933,1.000000,3.800000,311.793478,5.756667,329.650254,3.900000,4.920228,0.000000,0.437500,0.731903,0.362976,0.139706,400,4072,4072,32.000000,0,0,16,16,56,56,2,0,546.000000,702,0,0,38,162,0,38,18,17,1,0,18,1,1,1,0,0,0,0,0,20,0,20,20,20,0,0,0,0
1529,15000058,100,2,126.666140495046,75.000000000000,60.000000000000,2.232772957733,6a65896612676b93,8d15af1f9d36efa1,7005ee1343d5c330,200,183,91.500000,252.426230,271.554201,1.000000,3.700000,296.501090,4.671667,298.377012,3.693989,4.788462,0.000000,0.448613,0.733333,0.371747,0.148615,400,4296,4296,32.000000,0,0,16,16,54,54,10,2,550.000000,676,0,0,35,165,0,35,18,13,5,0,18,5,5,5,0,0,0,0,0,17,0,17,17,17,0,0,0,0
1530,15000059,100,2,17.903712710706,75.000000000000,58.000000000000,2.643831643730,9f1bdfa8ed726d6e,8d15af1f9d36efa1,b5ec565be9987e70,200,116,58.000000,222.594828,230.996328,1.000000,3.300000,253.423805,5.341667,248.067618,3.232759,4.581333,0.000000,0.634859,0.765258,0.516129,0.369748,400,4072,4072,32.000000,0,0,16,16,108,108,4,0,652.000000,375,0,0,96,104,0,96,12,10,2,0,12,2,2,2,0,0,0,0,0,84,0,84,84,84,0,0,0,0
1531,15000060,100,2,51.063413312987,325.000000000000,60.000000000000,2.976963651642,f2fa5e78f7f2be4c,8d15af1f9d36efa1,6ffbe1726cb6e8c8,200,172,86.000000,311.895349,346.662890,1.000000,4.900000,389.141287,4.319048,375.755093,4.750000,4.104039,0.000000,0.414756,0.743261,0.328677,0.153368,400,3800,3800,31.000000,0,0,16,15,69,69,10,2,579.000000,817,0,0,48,152,0,48,20,15,5,0,20,5,5,5,0,0,0,0,0,28,0,28,28,28,0,0,0,0
1532,15000061,100,2,431.319390096019,75.000000000000,68.000000000000,1.636199367212,d1924d2a0cdf156f,8d15af1f9d36efa1,afea90a4b26f5123,200,107,53.500000,241.121495,223.916614,1.000000,3.700000,274.440588,4.421667,249.142987,3.355140,4.236769,0.000000,0.657769,0.775281,0.527009,0.418152,400,4184,4184,32.000000,0,0,16,16,122,122,14,6,690.000000,359,0,0,106,94,0,106,13,6,7,0,13,7,7,7,0,0,0,0,0,93,0,93,93,93,0,0,0,0
1533,15000062,100,2,292.636186989388,175.000000000000,61.000000000000,2.136210398055,abe67095e75fe5c8,8d15af1f9d36efa1,9ba18a00c6520874,200,200,100.000000,188.630000,181.565133,1.000000,2.600000,207.877573,6.515000,222.312812,2.700000,5.296296,0.000000,0.487666,0.719888,0.425532,0.131833,400,4440,4440,32.000000,0,0,16,16,40,40,2,0,514.000000,540,0,0,20,180,0,20,20,19,1,0,20,1,1,1,0,0,0,0,0,0,0,0,0,0,0,0,0,0
1534,15000063,100,2,326.289464934805,325.000000000000,50.000000000000,2.332121631459,4c4c4b98bd23d0e4,8d15af1f9d36efa1,995e7ad46b799d79,200,200,100.000000,287.795000,307.118390,1.000000,4.600000,360.511645,4.682143,355.164850,4.665000,4.579850,0.000000,0.357880,0.722222,0.300075,0.086190,400,4192,4192,32.000000,0,0,16,16,40,40,8,0,520.000000,933,0,0,20,180,0,20,20,16,4,0,20,4,4,4,0,0,0,0,0,0,0,0,0,0,0,0,0,0
1535,15000064,100,2,336.227623990052,175.000000000000,46.000000000000,2.844457160456,f40b4adb3c7a0f8e,8d15af1f9d36efa1,55a27ea5a9d313df,200,200,100.000000,198.850000,207.576191,1.000000,2.900000,222.685742,5.591667,228.969135,2.900000,5.496552,0.000000,0.469835,0.719888,0.408163,0.123867,400,4144,4144,32.000000,0,0,16,16,41,41,0,2,514.000000,580,0,0,20,180,0,20,20,20,0,0,20,0,0,0,0,0,0,0,0,0,0,0,0,0,0,0,0,0
1536,15000065,100,2,420.279175477213,175.000000000000,73.000000000000,2.357322690381,2bb60bb37426162f,8d15af1f9d36efa1,3321aa50aab81a5e,200,182,91.000000,229.362637,250.726557,1.000000,3.600000,286.200530,4.946667,271.939016,3.609890,4.401826,0.000000,0.452043,0.730458,0.378430,0.143416,400,4336,4336,32.000000,0,0,16,16,54,54,2,0,542.000000,657,0,0,36,164,0,36,18,17,1,0,18,1,1,1,0,0,0,0,0,18,0,18,18,18,0,0,0,0
1537,15000066,100,2,377.457088147877,325.000000000000,59.000000000000,2.909369413641,1e3ea465553c8065,8d15af1f9d36efa1,3bb2ae4f8d472024,200,200,100.000000,265.575000,274.677307,1.000000,3.900000,323.164182,4.666905,326.890415,4.000000,4.200000,0.000000,0.392097,0.720670,0.333333,0.095023,400,4216,4216,32.000000,0,0,16,16,40,40,4,0,516.000000,800,0,0,20,180,0,20,20,18,2,0,20,2,2,2,0,0,0,0,0,0,0,0,0,0,0,0,0,0
1538,15000067,100,2,331.879315476276,75.000000000000,48.000000000000,2.439055367755,51a004996a41194e,8d15af1f9d36efa1,d0527c12070bebf1,200,194,97.000000,325.773196,304.523897,1.000000,4.900000,382.151689,4.352262,390.900062,5.108247,3.954591,0.000000,0.355237,0.731903,0.287563,0.103167,400,4232,4232,32.000000,0,0,16,16,46,46,22,0,546.000000,991,0,0,26,174,0,26,20,9,11,0,20,11,11,11,0,0,0,0,0,6,0,6,6,6,0,0,0,0
1539,15000068,100,2,49.049912246918,325.000000000000,86.000000000000,2.164833330016,b5d7857d322f2b,8d15af1f9d36efa1,9afb8200c5c563b5,200,190,95.000000,220.210526,214.764110,1.000000,3.200000,261.521740,5.436667,248.920784,3.205263,5.121511,0.000000,0.471813,0.731183,0.396432,0.155340,400,4456,4456,32.000000,0,0,16,16,50,50,12,0,544.000000,609,0,0,30,170,0,30,20,14,6,0,20,6,6,6,0,0,0,0,0,10,0,10,10,10,0,0,0,0
1540,15000069,100,2,301.032360748767,75.000000000000,54.000000000000,1.686253016602,299c6b9525e78d90,8d15af1f9d36efa1,fbf769ede11e34bf,200,185,92.500000,283.367568,281.651569,1.000000,4.400000,337.894292,4.538333,347.504517,4.518919,4.486842,0.000000,0.393324,0.730458,0.323625,0.116279,400,4280,4280,32.000000,0,0,16,16,53,53,4,0,542.000000,836,0,0,34,166,0,34,19,17,2,0,19,2,2,2,0,0,0,0,0,15,0,15,15,15,0,0,0,0
1541,15000070,100,2,366.739911718427,175.000000000000,50.000000000000,2.858666222871,3e7a3d263fedeb25,8d15af1f9d36efa1,8ee5a8504dcade30,200,200,100.000000,208.345000,198.241146,1.000000,2.800000,229.937635,4.323333,238.330942,2.995000,3.924875,0.000000,0.462780,0.720670,0.400400,0.122987,400,3976,3976,32.000000,0,0,16,16,41,41,2,2,516.000000,599,0,0,20,180,0,20,20,19,1,0,20,1,1,1,0,0,0,0,0,0,0,0,0,0,0,0,0,0
1542,15000071,100,2,106.110325332586,325.000000000000,76.000000000000,2.051991652604,fab5e06a9d6fd156,8d15af1f9d36efa1,3bb9a6fda91bb86d,200,199,99.500000,231.452261,234.273591,1.000000,3.400000,270.001483,5.081667,280.281222,3.497487,5.150862,0.000000,0.426689,0.721448,0.364964,0.109974,400,4256,4256,32.000000,0,0,16,16,41,41,4,0,518.000000,696,0,0,21,179,0,21,20,18,2,0,20,2,2,2,0,0,0,0,0,1,0,1,1,1,0,0,0,0
1543,15000072,100,2,88.741480659779,75.000000000000,46.000000000000,2.840723894869,4fc131461f618fce,8d15af1f9d36efa1,9aa2db00c579d21a,200,167,83.500000,215.293413,196.628380,1.000000,2.900000,211.989016,5.283333,250.477826,3.209581,5.378731,0.000000,0.519713,0.743590,0.427350,0.216374,400,4256,4256,32.000000,0,0,16,16,69,69,10,0,580.000000,536,0,0,51,149,0,51,18,13,5,0,18,5,5,5,0,0,0,0,0,33,0,33,33,33,0,0,0,0
1544,15000073,100,2,63.229911310048,175.000000000000,69.000000000000,2.908377621303,3313975acd4f2453,8d15af1f9d36efa1,63a0b8cb589f6315,200,166,83.000000,196.457831,176.326269,1.000000,2.700000,207.249044,6.191667,225.797310,3.006024,5.609218,0.000000,0.531455,0.738903,0.444939,0.211690,400,4728,4728,32.000000,0,0,16,16,66,66,2,0,566.000000,499,0,0,50,150,0,50,16,15,1,0,16,1,1,1,0,0,0,0,0,34,0,34,34,34,0,0,0,0
1545,15000074,100,2,386.840938306886,425.000000000000,61.000000000000,2.036266112936,474e0d415f325a89,8d15af1f9d36efa1,182e7c3de1254746,200,161,80.500000,294.062112,289.777456,1.000000,4.200000,339.582931,4.969762,364.216495,4.782609,4.879221,0.000000,0.430473,0.744246,0.341880,0.163043,400,3976,3976,32.000000,0,0,16,16,73,73,4,0,582.000000,770,0,0,56,144,0,56,17,15,2,0,17,2,2,2,0,0,0,0,0,39,0,39,39,39,0,0,0,0
1546,15000075,100,2,291.710783566648,175.000000000000,51.000000000000,2.055813021707,75d7f80443845842,8d15af1f9d36efa1,4566f4071ff1695f,200,200,100.000000,239.915000,253.609170,1.000000,3.400000,284.079405,4.406667,283.198586,3.400000,4.164706,0.000000,0.431438,0.720670,0.370370,0.109948,400,3752,3752,32.000000,0,0,16,16,41,41,2,2,516.000000,680,0,0,20,180,0,20,20,19,1,0,20,1,1,1,0,0,0,0,0,0,0,0,0,0,0,0,0,0
1547,15000076,100,2,218.312053496038,75.000000000000,51.000000000000,1.888926471429,1d80f96929e0433d,8d15af1f9d36efa1,9af77e00c5c17412,200,186,93.000000,280.182796,310.169451,1.000000,4.300000,351.070497,4.909405,333.754487,4.134409,4.639792,0.000000,0.415209,0.731903,0.342173,0.129105,400,4248,4248,32.000000,0,0,16,16,51,51,12,2,546.000000,769,0,0,32,168,0,32,18,12,6,0,18,6,6,6,0,0,0,0,0,14,0,14,14,14,0,0,0,0
1548,15000077,100,2,334.232250227665,75.000000000000,48.000000000000,2.139519730959,d621160925590d1c,8d15af1f9d36efa1,648cc9af78830f91,200,164,82.000000,233.012195,234.222695,1.000000,3.400000,272.381958,4.675000,268.804611,3.432927,4.200710,0.000000,0.506573,0.742931,0.415369,0.205924,400,4520,4520,32.000000,0,0,16,16,70,70,6,0,578.000000,563,0,0,53,147,0,53,17,14,3,0,17,3,3,3,0,0,0,0,0,36,0,36,36,36,0,0,0,0
1549,15000078,100,2,369.063556030822,75.000000000000,52.000000000000,2.668920484296,400ec8d882cd70d9,8d15af1f9d36efa1,6d401a12b00502c6,200,150,75.000000,255.420000,261.424629,1.000000,3.900000,304.820487,4.488333,290.955653,3.860000,4.291883,0.000000,0.509738,0.750623,0.408580,0.226969,400,4024,4024,32.000000,0,0,16,16,80,80,10,0,602.000000,579,0,0,65,135,0,65,15,10,5,0,15,5,5,5,0,0,0,0,0,50,0,50,50,50,0,0,0,0
1550,15000079,100,2,94.709806329502,425.000000000000,62.000000000000,2.210805814416,7f3bb1cd896a47c5,8d15af1f9d36efa1,2881dab9ce735272,200,75,37.500000,305.826667,241.657900,1.000000,3.400000,273.964950,5.781190,381.506074,4.880000,5.016393,0.000000,0.660797,0.780942,0.522193,0.435185,400,4336,4336,31.000000,0,0,16,15,141,141,0,0,713.000000,366,0,0,133,67,0,133,8,8,0,0,8,0,0,0,0,0,0,0,0,125,0,125,125,125,0,0,0,0
1551,15000080,100,2,176.254651835694,325.000000000000,61.000000000000,2.219273601284,33b7f095a645f80b,8d15af1f9d36efa1,2aeb033bd702c0e8,200,197,98.500000,269.269036,266.542683,1.000000,4.000000,310.723638,4.131667,317.098731,4.050761,4.003759,0.000000,0.398190,0.725275,0.333890,0.107383,400,3856,3856,32.000000,0,0,16,16,45,45,6,4,528.000000,798,0,0,23,177,0,23,20,17,3,0,20,3,3,3,0,0,0,0,0,3,0,3,3,3,0,0,0,0
1552,15000081,100,2,145.969491616722,325.000000000000,58.000000000000,2.436914242149,51481e30c1aaa8f8,8d15af1f9d36efa1,cc431851bcd9fe94,200,200,100.000000,262.000000,265.225174,1.000000,4.000000,328.444361,4.271190,319.303107,4.065000,4.319803,0.000000,0.388262,0.720670,0.329761,0.093645,400,3944,3944,32.000000,0,0,16,16,40,40,4,0,516.000000,813,0,0,20,180,0,20,20,18,2,0,20,2,2,2,0,0,0,0,0,0,0,0,0,0,0,0,0,0
1553,15000082,100,2,323.407951965223,175.000000000000,44.000000000000,2.408855541942,97ae012a6056dde1,8d15af1f9d36efa1,e9b58ded4628648,200,180,90.000000,222.755556,209.961167,0.900000,2.800000,243.436216,5.959259,252.962769,3.188889,4.942509,0.000000,0.470480,0.718310,0.410678,0.119632,400,4152,4152,32.000000,0,0,16,16,38,38,2,0,510.000000,574,0,0,19,162,0,19,19,18,1,0,19,1,1,0,1,0,0,0,0,0,20,0,20,1,19,0,0,0
1554,15000083,100,2,463.003990775011,75.000000000000,70.000000000000,1.987869716476,8c45b0af93ece9c9,8d15af1f9d36efa1,40689a50212fc5d4,200,71,35.500000,195.028169,251.513825,1.000000,3.500000,277.073720,5.870000,205.129382,3.070423,5.688073,0.000000,0.768577,0.783550,0.647249,0.572549,400,4472,4472,32.000000,0,0,16,16,145,145,2,0,724.000000,218,0,0,137,63,0,137,8,7,1,0,8,1,1,1,0,0,0,0,0,129,0,129,129,129,0,0,0,0
1555,15000084,100,2,119.504203769667,175.000000000000,70.000000000000,2.045885719629,6a462dec987d6b05,8d15af1f9d36efa1,f71ede3243727ee3,200,200,100.000000,316.920000,340.485445,1.000000,4.600000,385.286865,4.690476,390.061817,4.735000,4.232313,0.000000,0.356220,0.723757,0.296956,0.088547,400,4168,4168,32.000000,0,0,16,16,40,40,12,0,524.000000,947,0,0,20,180,0,20,20,14,6,0,20,6,6,6,0,0,0,0,0,0,0,0,0,0,0,0,0,0
1556,15000085,100,2,8.343745776030,325.000000000000,78.000000000000,2.846273386491,9de21719df1570d5,8d15af1f9d36efa1,c2bd241033d3fdbf,200,148,74.000000,317.412162,315.618354,1.000000,4.800000,381.262073,4.395714,393.147298,5.020270,4.071332,0.000000,0.448404,0.751244,0.349956,0.187978,400,3712,3712,32.000000,0,0,16,16,80,80,12,0,604.000000,743,0,0,66,134,0,66,14,8,6,0,14,6,6,6,0,0,0,0,0,52,0,52,52,52,0,0,0,0
1557,15000086,100,2,49.007178292770,425.000000000000,57.000000000000,2.700111044622,af509df1d7b4aa8e,8d15af1f9d36efa1,541291e9ce3932bd,200,169,84.500000,218.278107,229.994768,1.000000,3.000000,251.897584,4.383333,232.794832,2.852071,4.815353,0.000000,0.546139,0.743590,0.453515,0.234921,400,4352,4352,32.000000,0,0,16,16,65,65,18,0,580.000000,482,0,0,48,152,0,48,17,8,9,0,17,9,9,9,0,0,0,0,0,31,0,31,31,31,0,0,0,0
1558,15000087,100,2,320.560863950024,325.000000000000,38.000000000000,2.695332737881,315cf6172b609561,8d15af1f9d36efa1,8feb284f2c65468c,200,191,95.500000,226.617801,213.987841,1.000000,3.000000,241.530024,5.475000,265.592739,3.308901,4.981013,0.000000,0.454231,0.724518,0.387597,0.129477,400,4496,4496,32.000000,0,0,16,16,47,47,0,0,526.000000,632,0,0,28,172,0,28,19,19,0,0,19,0,0,0,0,0,0,0,0,9,0,9,9,9,0,0,0,0
1559,15000088,100,2,301.206102820454,75.000000000000,36.000000000000,1.542968850687,d602484a5121c1f4,8d15af1f9d36efa1,e3b0e19a924ec6dd,200,173,86.500000,219.289017,219.070800,1.000000,3.200000,245.305694,5.810000,237.029153,3.150289,5.165138,0.000000,0.509451,0.738903,0.423280,0.197349,400,4512,4512,32.000000,0,0,16,16,61,61,12,0,566.000000,545,0,0,44,156,0,44,17,11,6,0,17,6,6,6,0,0,0,0,0,27,0,27,27,27,0,0,0,0
1560,15000089,100,2,467.889519582723,325.000000000000,78.000000000000,2.791355504251,6db8b0bedad678fa,8d15af1f9d36efa1,94bbc75eb958a72f,200,182,91.000000,282.741758,282.583885,1.000000,4.000000,311.098458,6.329048,329.619705,4.181319,5.387648,0.000000,0.425660,0.738220,0.344531,0.147816,400,4696,4696,32.000000,0,0,16,16,58,58,16,0,564.000000,761,0,0,38,162,0,38,20,12,8,0,20,8,8,8,0,0,0,0,0,18,0,18,18,18,0,0,0,0
1561,15000090,100,2,259.112648810748,325.000000000000,55.000000000000,1.817570317178,ac8cf5f0a161c5b6,8d15af1f9d36efa1,1c4f118ff26da958,200,200,100.000000,181.785000,183.301851,1.000000,2.700000,207.120900,5.458333,201.373930,2.700000,5.148148,0.000000,0.487666,0.719888,0.425532,0.131833,400,4552,4552,32.000000,0,0,16,16,40,40,2,0,514.000000,540,0,0,20,180,0,20,20,19,1,0,20,1,1,1,0,0,0,0,0,0,0,0,0,0,0,0,0,0
1562,15000091,100,2,206.348463462917,425.000000000000,40.000000000000,2.411180827231,77202a38cdd23fb3,8d15af1f9d36efa1,9f54614f3494decb,200,182,91.000000,246.269231,227.934326,1.000000,3.200000,259.300981,5.150000,280.689230,3.489011,4.535433,0.000000,0.464135,0.733333,0.386473,0.156707,400,4200,4200,32.000000,0,0,16,16,55,55,8,2,550.000000,635,0,0,36,164,0,36,18,14,4,0,18,4,4,4,0,0,0,0,0,18,0,18,18,18,0,0,0,0
1563,15000092,100,2,43.542472058813,75.000000000000,60.000000000000,1.580288065646,8abaee0b55d9b00b,8d15af1f9d36efa1,8a7501853608ca24,200,147,73.500000,308.918367,276.030129,1.000000,3.900000,334.765463,5.096667,350.464031,4.142857,5.216749,0.000000,0.505280,0.756691,0.396432,0.237797,400,4216,4216,32.000000,0,0,16,16,86,86,18,2,622.000000,609,0,0,69,131,0,69,16,7,9,0,16,9,9,9,0,0,0,0,0,53,0,53,53,53,0,0,0,0
1564,15000093,100,2,133.185861299295,175.000000000000,58.000000000000,2.404461480732,6b3bdc426baa5014,8d15af1f9d36efa1,c7cf62fb9f55c59e,200,200,100.000000,224.955000,239.023522,1.000000,3.300000,269.001757,5.130000,262.073773,3.300000,4.919697,0.000000,0.439728,0.721448,0.377358,0.115282,400,4056,4056,32.000000,0,0,16,16,41,41,4,2,518.000000,660,0,0,20,180,0,20,20,18,2,0,20,2,2,2,0,0,0,0,0,0,0,0,0,0,0,0,0,0
1565,15000094,100,2,341.675011736617,75.000000000000,43.000000000000,1.964742736474,560939c9cf7aa941,8d15af1f9d36efa1,d6370ccbe2b5bc24,200,158,79.000000,307.721519,279.399770,1.000000,4.300000,328.209711,4.822381,363.118648,4.759494,4.347074,0.000000,0.440476,0.747475,0.347222,0.175439,400,4096,4096,32.000000,0,0,16,16,72,72,16,4,592.000000,752,0,0,56,144,0,56,14,6,8,0,14,8,8,8,0,0,0,0,0,42,0,42,42,42,0,0,0,0
1566,15000095,100,2,440.574953067488,175.000000000000,74.000000000000,2.927871648813,ce030c6aae4ae62a,8d15af1f9d36efa1,215bab93863bfdfd,200,187,93.500000,249.096257,252.103131,1.000000,3.600000,274.112695,5.388333,289.592745,3.839572,4.913649,0.000000,0.431962,0.731903,0.357782,0.137019,400,4464,4464,32.000000,0,0,16,16,54,54,6,6,546.000000,718,0,0,32,168,0,32,19,16,3,0,19,3,3,3,0,0,0,0,0,13,0,13,13,13,0,0,0,0
1567,15000096,100,2,397.517645249785,425.000000000000,66.000000000000,2.088071666348,77ad629de1de9e58,8d15af1f9d36efa1,7bcf1750427b84c6,200,169,84.500000,205.982249,197.251933,1.000000,2.900000,218.410847,5.024762,234.244816,3.041420,5.073930,0.000000,0.525830,0.740260,0.437637,0.211656,400,4208,4208,32.000000,0,0,16,16,65,65,8,0,570.000000,514,0,0,48,152,0,48,17,13,4,0,17,4,4,4,0,0,0,0,0,31,0,31,31,31,0,0,0,0
1568,15000097,100,2,74.007245343902,175.000000000000,65.000000000000,2.411257217485,f1e17153ab36b6b3,8d15af1f9d36efa1,f35d1cf21eefcb56,200,194,97.000000,244.144330,261.663944,1.000000,3.900000,325.750937,4.346667,294.551763,3.917526,4.060526,0.000000,0.410853,0.726027,0.344828,0.114219,400,4088,4088,32.000000,0,0,16,16,46,46,6,0,530.000000,760,0,0,26,174,0,26,20,17,3,0,20,3,3,3,0,0,0,0,0,6,0,6,6,6,0,0,0,0
1569,15000098,100,2,465.719917381950,325.000000000000,80.000000000000,1.957054394118,3a72e04dd7f19ed0,8d15af1f9d36efa1,92a73c1991492fe8,200,186,93.000000,232.752688,251.464144,1.000000,3.500000,277.924451,5.826667,268.779379,3.387097,5.468254,0.000000,0.463373,0.731183,0.388350,0.150943,400,4472,4472,32.000000,0,0,16,16,50,50,12,0,544.000000,630,0,0,32,168,0,32,18,12,6,0,18,6,6,6,0,0,0,0,0,14,0,14,14,14,0,0,0,0
1570,15000099,100,2,323.783074583144,425.000000000000,45.000000000000,2.254781619988,cf5f77d502db374,8d15af1f9d36efa1,69ac10ff3e65b397,200,166,83.000000,263.439759,295.544085,1.000000,4.300000,322.096216,4.216905,312.135571,4.204819,4.034384,0.000000,0.452978,0.742931,0.364299,0.172986,400,3832,3832,32.000000,0,0,16,16,66,66,14,0,578.000000,698,0,0,50,150,0,50,16,9,7,0,16,7,7,7,0,0,0,0,0,34,0,34,34,34,0,0,0,0
1571,15000100,100,2,99.048450968130,325.000000000000,76.000000000000,2.420617991747,8e09212edfd3a5e2,8d15af1f9d36efa1,f854c95a2d9d0313,200,189,94.500000,231.179894,208.880095,1.000000,3.100000,251.144059,4.705952,268.193842,3.476190,4.181126,0.000000,0.449288,0.728261,0.378430,0.136662,400,4512,4512,32.000000,0,0,16,16,51,51,2,0,536.000000,657,0,0,31,169,0,31,20,19,1,0,20,1,1,1,0,0,0,0,0,11,0,11,11,11,0,0,0,0
1572,15000101,100,2,196.832452546475,325.000000000000,68.000000000000,1.646139081105,1f1bc3a0ac8d9029,8d15af1f9d36efa1,d7e1f6510815850b,200,193,96.500000,178.559585,181.457622,1.000000,2.500000,192.066595,4.910000,204.568051,2.621762,4.750988,0.000000,0.507782,0.722992,0.441501,0.151007,400,3976,3976,32.000000,0,0,16,16,45,45,0,0,522.000000,506,0,0,26,174,0,26,19,19,0,0,19,0,0,0,0,0,0,0,0,7,0,7,7,7,0,0,0,0
1573,15000102,100,2,153.997336828438,175.000000000000,78.000000000000,1.770524576684,b7da5fe507eb7549,8d15af1f9d36efa1,5f7b9edfb3df3ba7,200,198,99.000000,279.090909,302.666648,1.000000,4.300000,347.847948,5.088333,348.691061,4.409091,4.792669,0.000000,0.373295,0.722222,0.314218,0.091571,400,4368,4368,32.000000,0,0,16,16,42,42,4,0,520.000000,873,0,0,22,178,0,22,20,18,2,0,20,2,2,2,0,0,0,0,0,2,0,2,2,2,0,0,0,0
1574,15000103,100,2,115.093585737044,325.000000000000,65.000000000000,2.347028407984,e10720e0d2c8fcae,8d15af1f9d36efa1,884c02c7f012f6c4,200,200,100.000000,326.365000,342.283758,1.000000,4.700000,406.642320,5.306905,408.797769,4.965000,5.107754,0.000000,0.342819,0.721448,0.287150,0.079703,400,4136,4136,32.000000,0,0,16,16,40,40,6,0,518.000000,993,0,0,20,180,0,20,20,17,3,0,20,3,3,3,0,0,0,0,0,0,0,0,0,0,0,0,0,0
1575,15000104,100,2,497.949901086478,175.000000000000,86.000000000000,2.163817852832,9a52abae03db6bea,8d15af1f9d36efa1,67866ab6c46ebcd0,200,157,78.500000,261.535032,243.513043,1.000000,3.600000,282.728802,4.758333,294.980922,3.980892,4.102400,0.000000,0.489796,0.750000,0.390244,0.211854,400,4248,4248,32.000000,0,0,16,16,79,79,10,0,600.000000,625,0,0,61,139,0,61,18,13,5,0,18,5,5,5,0,0,0,0,0,43,0,43,43,43,0,0,0,0
1576,15000105,100,2,129.782898374252,75.000000000000,45.000000000000,2.564006438480,73ab6e6e2927b9f6,8d15af1f9d36efa1,9b9ae900c64c8b33,200,172,86.000000,210.744186,205.455722,1.000000,3.000000,223.129086,4.660000,238.641052,3.145349,4.890943,0.000000,0.509519,0.737533,0.425080,0.193741,400,4520,4520,32.000000,0,0,16,16,62,62,6,0,562.000000,541,0,0,45,155,0,45,17,14,3,0,17,3,3,3,0,0,0,0,0,28,0,28,28,28,0,0,0,0
1577,15000106,100,2,381.114115685382,425.000000000000,52.000000000000,2.508546449420,7ad1396983408a2c,8d15af1f9d36efa1,3b53524e6ab9956a,200,155,77.500000,239.077419,219.519908,1.000000,3.100000,257.150632,5.453333,284.339397,3.574194,4.983755,0.000000,0.513181,0.744898,0.419287,0.215297,400,4312,4312,32.000000,0,0,16,16,75,75,2,4,584.000000,554,0,0,59,141,0,59,14,13,1,0,14,1,1,1,0,0,0,0,0,45,0,45,45,45,0,0,0,0
1578,15000107,100,2,405.906366730102,425.000000000000,59.000000000000,2.747489003083,fe46bb223a6ec25a,8d15af1f9d36efa1,1180fefe75c3107b,200,148,74.000000,202.081081,202.467859,1.000000,2.700000,220.599416,5.483333,213.005207,2.655405,5.430025,0.000000,0.606607,0.751861,0.504414,0.306878,400,4240,4240,32.000000,0,0,16,16,82,82,10,0,606.000000,393,0,0,67,133,0,67,15,10,5,0,15,5,5,5,0,0,0,0,0,52,0,52,52,52,0,0,0,0
1579,15000108,100,2,378.160448185860,75.000000000000,50.000000000000,2.413053157885,e46a8e76a4644012,8d15af1f9d36efa1,4cb825663c55e0f,200,156,78.000000,186.108974,174.812820,1.000000,2.700000,212.625741,3.541667,201.512093,2.846154,3.430180,0.000000,0.571429,0.747475,0.473934,0.264901,400,3880,3880,32.000000,0,0,16,16,76,76,8,0,592.000000,444,0,0,60,140,0,60,16,12,4,0,16,4,4,4,0,0,0,0,0,44,0,44,44,44,0,0,0,0
1580,15000109,100,2,378.570946189170,325.000000000000,53.000000000000,2.915937024193,9b9d263c06cce3bd,8d15af1f9d36efa1,d74707798f9832c5,200,188,94.000000,271.558511,280.661422,1.000000,3.800000,308.680254,5.550000,325.672052,4.031915,5.200528,0.000000,0.416025,0.729730,0.345423,0.124711,400,4144,4144,32.000000,0,0,16,16,52,52,4,4,540.000000,758,0,0,31,169,0,31,19,17,2,0,19,2,2,2,0,0,0,0,0,12,0,12,12,12,0,0,0,0
1581,15000110,100,2,35.263460780523,325.000000000000,68.000000000000,2.717793232774,7af0a7de1ea20f3a,8d15af1f9d36efa1,68195725fad3fe74,200,189,94.500000,210.417989,218.032637,1.000000,3.000000,238.753397,4.060000,228.215792,2.947090,4.143627,0.000000,0.493636,0.730821,0.417973,0.167414,400,4016,4016,31.000000,0,0,16,15,51,51,10,0,543.000000,557,0,0,31,169,0,31,20,15,5,0,20,5,5,5,0,0,0,0,0,11,0,11,11,11,0,0,0,0
1582,15000111,100,2,85.386004446114,325.000000000000,81.000000000000,2.242629748184,c9e74b784cbad124,8d15af1f9d36efa1,e3735e55ee94dde,200,183,91.500000,277.311475,267.739612,1.000000,3.900000,335.990517,5.358333,339.484321,3.918033,5.294282,0.000000,0.434988,0.734043,0.358102,0.143369,400,4392,4392,32.000000,0,0,16,16,57,57,6,0,552.000000,717,0,0,37,163,0,37,20,17,3,0,20,3,3,3,0,0,0,0,0,17,0,17,17,17,0,0,0,0
1583,15000112,100,2,61.603827595810,425.000000000000,63.000000000000,1.905624227218,73ffa46388c1d7b5,8d15af1f9d36efa1,8e80b204542b3e5c,200,148,74.000000,263.851351,247.376514,1.000000,3.800000,308.532155,4.850714,302.082420,3.878378,4.426829,0.000000,0.514382,0.752475,0.410678,0.234667,400,4072,4072,32.000000,0,0,16,16,82,82,12,0,608.000000,574,0,0,67,133,0,67,15,9,6,0,15,6,6,6,0,0,0,0,0,52,0,52,52,52,0,0,0,0
1584,15000113,100,2,481.375801005116,425.000000000000,65.000000000000,1.798870070888,e0401ddcaaca9a63,8d15af1f9d36efa1,44dbf08b5eda72b3,200,128,64.000000,208.421875,203.906593,1.000000,3.000000,232.561530,5.305000,214.139085,2.804688,4.846797,0.000000,0.642074,0.763033,0.527009,0.371278,400,3960,3960,32.000000,0,0,16,16,102,102,8,4,644.000000,359,0,0,86,114,0,86,14,10,4,0,14,4,4,4,0,0,0,0,0,72,0,72,72,72,0,0,0,0
1585,15000114,100,2,335.813277722899,175.000000000000,63.000000000000,2.030450979506,b049d124ad1f64b6,8d15af1f9d36efa1,a92cad4f3a7e7158,200,200,100.000000,266.055000,294.644030,1.000000,4.100000,337.725443,5.122381,339.653842,4.305000,4.442509,0.000000,0.373818,0.719888,0.317209,0.086957,400,4296,4296,32.000000,0,0,16,16,40,40,2,0,514.000000,861,0,0,20,180,0,20,20,19,1,0,20,1,1,1,0,0,0,0,0,0,0,0,0,0,0,0,0,0
1586,15000115,100,2,199.667726538518,75.000000000000,40.000000000000,2.025186618600,75df50499bb056ea,8d15af1f9d36efa1,e4115021a6dc0a9a,200,146,73.000000,224.000000,215.731603,1.000000,2.900000,241.116453,5.796667,248.159710,3.041096,6.157658,0.000000,0.575526,0.750623,0.473934,0.276873,400,4792,4792,32.000000,0,0,16,16,83,83,4,2,602.000000,444,0,0,68,132,0,68,14,12,2,0,14,2,2,2,0,0,0,0,0,54,0,54,54,54,0,0,0,0
1587,15000116,100,2,49.631720811179,325.000000000000,85.000000000000,2.566193170434,685805ae2965c6a4,8d15af1f9d36efa1,d92a76a7302076bd,200,199,99.500000,203.341709,201.151648,1.000000,2.800000,227.789683,5.396667,226.100294,2.793970,5.366906,0.000000,0.485185,0.723757,0.418410,0.141975,400,4616,4616,32.000000,0,0,16,16,42,42,8,2,524.000000,556,0,0,21,179,0,21,20,16,4,0,20,4,4,4,0,0,0,0,0,1,0,1,1,1,0,0,0,0
1588,15000117,100,2,289.977245261710,75.000000000000,38.000000000000,1.582371478686,da79b81d93f1e6c9,8d15af1f9d36efa1,a9bb2f7ebffe8b0c,200,198,99.000000,288.106061,287.117621,1.000000,4.400000,336.917919,3.709167,354.785118,4.631313,3.822246,0.000000,0.365398,0.725275,0.303721,0.094768,400,3768,3768,32.000000,0,0,16,16,42,42,12,0,528.000000,917,0,0,22,178,0,22,20,14,6,0,20,6,6,6,0,0,0,0,0,2,0,2,2,2,0,0,0,0
1589,15000118,100,2,55.013699839779,325.000000000000,67.000000000000,2.914818207414,6993ec150712b55c,8d15af1f9d36efa1,69a39d699e70ce34,200,196,98.000000,291.260204,301.825291,1.000000,4.600000,367.908542,4.583333,364.887086,4.709184,4.539545,0.000000,0.363009,0.724518,0.302343,0.092429,400,4192,4192,32.000000,0,0,16,16,44,44,6,0,526.000000,923,0,0,24,176,0,24,20,17,3,0,20,3,3,3,0,0,0,0,0,4,0,4,4,4,0,0,0,0
1590,15000119,100,2,345.276114680722,75.000000000000,34.000000000000,2.712305070383,9c141b6ec6ebab0,8d15af1f9d36efa1,6936f5c003ba1b1c,200,148,74.000000,273.858108,282.322524,1.000000,3.700000,308.759015,6.052381,317.305636,4.000000,5.368243,0.000000,0.506667,0.752475,0.403226,0.229167,400,4664,4664,32.000000,0,0,16,16,84,84,8,0,608.000000,592,0,0,68,132,0,68,16,12,4,0,16,4,4,4,0,0,0,0,0,52,0,52,52,52,0,0,0,0
1591,15000120,100,2,130.458342321245,175.000000000000,59.000000000000,2.573132184268,a1461162bc5509c8,8d15af1f9d36efa1,9a8b0500c5658797,200,186,93.000000,243.075269,260.485173,1.000000,3.500000,288.891549,5.218929,290.758100,3.456989,4.981337,0.000000,0.456467,0.729730,0.383509,0.143808,400,4384,4384,32.000000,0,0,16,16,50,50,8,0,540.000000,643,0,0,32,168,0,32,18,14,4,0,18,4,4,4,0,0,0,0,0,14,0,14,14,14,0,0,0,0
1592,15000121,100,2,394.946770180246,425.000000000000,51.000000000000,2.468221181234,e6ed458308e8443b,8d15af1f9d36efa1,872ca9f6bcf24064,200,140,70.000000,224.850000,238.638293,1.000000,3.800000,265.926902,3.695238,263.622199,3.521429,4.306288,0.000000,0.554250,0.753998,0.447928,0.269630,400,3728,3728,31.000000,0,0,16,15,88,88,6,0,613.000000,493,0,0,74,126,0,74,14,11,3,0,14,3,3,3,0,0,0,0,0,60,0,60,60,60,0,0,0,0
1593,15000122,100,2,194.203069708360,325.000000000000,49.000000000000,1.552916365168,8f36d989450a2e2b,8d15af1f9d36efa1,9a2c7f50e4d3f929,200,170,85.000000,226.170588,246.729333,1.000000,3.500000,278.034623,5.336667,272.616351,3.511765,4.706868,0.000000,0.483117,0.736148,0.401204,0.174274,400,3920,3920,32.000000,0,0,16,16,62,62,2,0,558.000000,597,0,0,46,154,0,46,16,15,1,0,16,1,1,1,0,0,0,0,0,30,0,30,30,30,0,0,0,0
1594,15000123,100,2,129.468823476126,425.000000000000,53.000000000000,1.599580396344,c88609fc768a522e,8d15af1f9d36efa1,1aca084f7b21856f,200,104,52.000000,273.259615,299.950751,1.000000,4.300000,341.276158,4.753333,305.746507,3.990385,3.722892,0.000000,0.622384,0.773756,0.490798,0.377811,400,3896,3896,32.000000,0,0,16,16,122,122,8,0,684.000000,415,0,0,109,91,0,109,13,9,4,0,13,4,4,4,0,0,0,0,0,96,0,96,96,96,0,0,0,0
1595,15000124,100,2,24.226094305169,325.000000000000,80.000000000000,1.874480143526,d5a909e5f1b18c38,8d15af1f9d36efa1,be5bd679cdf3b563,200,160,80.000000,224.018750,236.232609,1.000000,3.600000,288.180492,4.533333,265.673771,3.418750,4.085923,0.000000,0.515500,0.744246,0.422386,0.215208,400,3888,3888,32.000000,0,0,16,16,74,74,2,0,582.000000,547,0,0,57,143,0,57,17,16,1,0,17,1,1,1,0,0,0,0,0,40,0,40,40,40,0,0,0,0
1596,15000125,100,2,354.819247897244,425.000000000000,57.000000000000,1.960139853244,39070b6d1d325d9,8d15af1f9d36efa1,235732417c78ccc2,200,179,89.500000,210.016760,217.801938,1.000000,2.900000,248.833092,6.050000,235.264439,2.916201,5.331418,0.000000,0.513966,0.734043,0.433839,0.186916,400,4632,4632,32.000000,0,0,16,16,57,57,6,0,552.000000,522,0,0,39,161,0,39,18,15,3,0,18,3,3,3,0,0,0,0,0,21,0,21,21,21,0,0,0,0
1597,15000126,100,2,191.255321113432,325.000000000000,59.000000000000,2.013001663851,5de9d0982fabad53,8d15af1f9d36efa1,20a02cc57af467ae,200,173,86.500000,174.208092,184.397365,0.900000,2.200000,190.522907,5.231481,188.671893,2.381503,5.067961,0.000000,0.558887,0.722992,0.492611,0.179283,400,4088,4088,32.000000,0,0,16,16,44,44,2,2,522.000000,412,0,0,25,156,0,25,18,17,1,0,18,1,1,0,1,0,0,0,0,7,20,7,27,8,19,0,0,0
1598,15000127,100,2,119.298702596689,325.000000000000,78.000000000000,2.228148273651,798251f29cd2eafc,8d15af1f9d36efa1,9a9c3700c5744fc0,200,199,99.500000,200.140704,209.768819,1.000000,2.900000,225.564846,6.308333,229.435148,2.899497,5.923744,0.000000,0.473059,0.721448,0.409417,0.129713,400,4696,4696,32.000000,0,0,16,16,41,41,4,0,518.000000,577,0,0,21,179,0,21,20,18,2,0,20,2,2,2,0,0,0,0,0,1,0,1,1,1,0,0,0,0
1599,15000128,100,2,411.532641468385,425.000000000000,57.000000000000,2.131833951117,b147ef7d14b26489,8d15af1f9d36efa1,ad83334fce15d532,200,139,69.500000,231.100719,176.237621,1.000000,2.800000,219.514426,4.550000,256.825881,3.230216,4.452116,0.000000,0.580766,0.756691,0.471143,0.297340,400,4344,4344,32.000000,0,0,16,16,91,91,8,0,622.000000,449,0,0,76,124,0,76,15,11,4,0,15,4,4,4,0,0,0,0,0,61,0,61,61,61,0,0,0,0
1600,15000129,100,2,471.198302341166,175.000000000000,62.000000000000,2.933071998664,f0b1fe40c111b9d5,8d15af1f9d36efa1,9ea49f2eee17a91c,200,187,93.500000,291.754011,289.941295,1.000000,4.200000,345.639685,4.327857,352.044012,4.219251,4.154626,0.000000,0.408102,0.731183,0.336417,0.124306,400,3640,3640,32.000000,0,0,16,16,52,52,8,2,544.000000,789,0,0,32,168,0,32,19,15,4,0,19,4,4,4,0,0,0,0,0,13,0,13,13,13,0,0,0,0
1601,15000130,100,2,335.628910618683,425.000000000000,33.000000000000,2.732065485040,219ccb577ea61c31,8d15af1f9d36efa1,71a76a682f3703a6,200,163,81.500000,244.441718,236.836224,1.000000,3.300000,265.679943,4.238333,284.028600,3.558282,4.827586,0.000000,0.498270,0.742268,0.408163,0.198895,400,4136,4136,32.000000,0,0,16,16,67,67,10,0,576.000000,580,0,0,52,148,0,52,15,10,5,0,15,5,5,5,0,0,0,0,0,37,0,37,37,37,0,0,0,0
1602,15000131,100,2,42.947907405220,75.000000000000,57.000000000000,2.763837631256,4aa81e0f0e442999,8d15af1f9d36efa1,2632e3411ab829e,200,142,71.000000,309.697183,309.086551,1.000000,4.400000,354.235010,4.520952,357.152356,4.521127,3.836449,0.000000,0.492089,0.756691,0.383877,0.228365,400,4104,4104,32.000000,0,0,16,16,88,88,14,0,622.000000,642,0,0,73,127,0,73,15,8,7,0,15,7,7,7,0,0,0,0,0,58,0,58,58,58,0,0,0,0
1603,15000132,100,2,193.787589342835,75.000000000000,50.000000000000,1.761163591502,fc32d10e62064eef,8d15af1f9d36efa1,7b09b8c26d14841a,200,159,79.500000,288.647799,299.152530,1.000000,4.100000,342.028621,5.571667,344.808262,4.106918,5.575804,0.000000,0.475502,0.747475,0.379867,0.196802,400,4168,4168,32.000000,0,0,16,16,73,73,14,4,592.000000,653,0,0,56,144,0,56,15,8,7,0,15,7,7,7,0,0,0,0,0,41,0,41,41,41,0,0,0,0
1604,15000133,100,2,143.554769466161,175.000000000000,49.000000000000,2.543035275641,9a749c810a7d489,8d15af1f9d36efa1,f9b433d846ae99ea,200,174,87.000000,229.281609,231.953852,1.000000,3.000000,250.612087,6.036667,263.007167,3.195402,5.647482,0.000000,0.501792,0.736842,0.418410,0.187135,400,4360,4360,32.000000,0,0,16,16,62,62,4,0,560.000000,556,0,0,44,156,0,44,18,16,2,0,18,2,2,2,0,0,0,0,0,26,0,26,26,26,0,0,0,0
1605,15000134,100,2,57.825366148623,75.000000000000,54.000000000000,1.770576364963,3da5531e66bf30c0,8d15af1f9d36efa1,c986d01e44fb093e,200,103,51.500000,308.000000,254.726334,1.000000,4.000000,317.707955,4.307143,373.657413,4.679612,3.995851,0.000000,0.585198,0.772727,0.453515,0.339726,400,3896,3896,32.000000,0,0,16,16,119,119,10,0,680.000000,482,0,0,108,92,0,108,11,6,5,0,11,5,5,5,0,0,0,0,0,97,0,97,97,97,0,0,0,0
1606,15000135,100,2,123.716615685562,175.000000000000,75.000000000000,2.204660579153,14dbb01bc27177fa,8d15af1f9d36efa1,fdc0ce16929f9cbb,200,200,100.000000,232.905000,239.187265,1.000000,3.400000,273.616745,5.371667,276.718229,3.500000,4.891429,0.000000,0.424342,0.720670,0.363636,0.107143,400,4296,4296,32.000000,0,0,16,16,41,41,2,2,516.000000,700,0,0,20,180,0,20,20,19,1,0,20,1,1,1,0,0,0,0,0,0,0,0,0,0,0,0,0,0
1607,15000136,100,2,228.400060799755,175.000000000000,47.000000000000,2.018438908078,de7fc5b5fed4cd3b,8d15af1f9d36efa1,6d93b8a877a16ba3,200,168,84.000000,225.541667,264.903787,1.000000,3.600000,283.252846,5.966667,280.197810,3.571429,5.226667,0.000000,0.483649,0.737533,0.400000,0.178082,400,4232,4232,32.000000,0,0,16,16,64,64,2,0,562.000000,600,0,0,48,152,0,48,16,15,1,0,16,1,1,1,0,0,0,0,0,32,0,32,32,32,0,0,0,0
1608,15000137,100,2,219.577408793515,325.000000000000,55.000000000000,2.035365095787,d9c061966fa26f27,8d15af1f9d36efa1,73ad7d5096a57d4e,200,198,99.000000,242.333333,272.345439,1.000000,3.800000,303.639935,5.573333,296.441106,3.833333,5.002635,0.000000,0.404706,0.720670,0.345125,0.099644,400,4408,4408,32.000000,0,0,16,16,42,42,0,0,516.000000,759,0,0,22,178,0,22,20,20,0,0,20,0,0,0,0,0,0,0,0,2,0,2,2,2,0,0,0,0
1609,15000138,100,2,377.356666215807,425.000000000000,44.000000000000,2.719166758244,e869e1ebe5658599,8d15af1f9d36efa1,4e27bea897f7add,200,140,70.000000,216.607143,217.638516,1.000000,3.100000,258.362176,6.031667,262.717219,3.228571,5.623894,0.000000,0.575188,0.753695,0.469484,0.284810,400,4456,4456,32.000000,0,0,16,16,88,88,4,0,612.000000,452,0,0,74,126,0,74,14,12,2,0,14,2,2,2,0,0,0,0,0,60,0,60,60,60,0,0,0,0
1610,15000139,100,2,142.006081479774,175.000000000000,67.000000000000,2.114617233859,6e0ae1bd712455d9,8d15af1f9d36efa1,e651dfee65fe416b,200,200,100.000000,257.810000,262.003234,1.000000,3.900000,313.852810,5.132143,311.844090,3.965000,4.646910,0.000000,0.394194,0.720670,0.335289,0.095781,400,4112,4112,32.000000,0,0,16,16,41,41,2,2,516.000000,793,0,0,20,180,0,20,20,19,1,0,20,1,1,1,0,0,0,0,0,0,0,0,0,0,0,0,0,0
1611,15000140,100,2,414.513964152930,425.000000000000,67.000000000000,2.033474940415,3db5b21a4b2b8713,8d15af1f9d36efa1,85eefcd4f28475f2,200,173,86.500000,292.988439,273.970266,1.000000,4.100000,326.981362,4.125000,330.359222,4.150289,4.376045,0.000000,0.450230,0.746193,0.357782,0.178490,400,3768,3768,32.000000,0,0,16,16,67,67,22,0,588.000000,718,0,0,47,153,0,47,20,9,11,0,20,11,11,11,0,0,0,0,0,27,0,27,27,27,0,0,0,0
1612,15000141,100,2,266.237279576835,75.000000000000,56.000000000000,1.773024722194,cc272c8e0f3c8474,8d15af1f9d36efa1,8a610b16afa1ae23,200,143,71.500000,253.419580,291.304794,0.900000,3.800000,335.430562,4.750000,301.499549,4.013986,4.627178,0.000000,0.500870,0.742268,0.410678,0.200557,400,4056,4056,32.000000,0,0,16,16,67,67,10,0,576.000000,574,0,0,52,129,0,52,15,10,5,0,15,5,5,4,1,0,0,0,0,37,20,37,57,38,19,0,0,0
1613,15000142,100,2,95.488468206676,75.000000000000,51.000000000000,1.909228808412,6c0eeb9fba94f4e,8d15af1f9d36efa1,2aa0e250a5f29df0,200,149,74.500000,218.476510,241.939175,1.000000,3.500000,267.423567,4.696429,250.658512,3.409396,4.346457,0.000000,0.545210,0.752781,0.440529,0.259475,400,4000,4000,31.000000,0,0,16,15,81,81,16,0,609.000000,508,0,0,66,134,0,66,15,7,8,0,15,8,8,8,0,0,0,0,0,51,0,51,51,51,0,0,0,0
1614,15000143,100,2,474.376604752218,75.000000000000,56.000000000000,2.896053700994,2a3ecfa87a425e44,8d15af1f9d36efa1,893644f70901b2a,200,120,60.000000,242.241667,230.542705,1.000000,3.400000,274.284493,4.941667,275.129984,3.491667,5.033413,0.000000,0.608045,0.764706,0.488400,0.342229,400,3904,3904,32.000000,0,0,16,16,104,104,10,0,650.000000,419,0,0,92,108,0,92,12,7,5,0,12,5,5,5,0,0,0,0,0,80,0,80,80,80,0,0,0,0
1615,15000144,100,2,342.441911656183,175.000000000000,43.000000000000,2.676702934560,4b6cfaf6972ca0a2,8d15af1f9d36efa1,6ae3e62e415e67c6,200,197,98.500000,228.913706,234.267877,1.000000,3.500000,277.756042,4.585000,274.938990,3.644670,4.247911,0.000000,0.420032,0.722222,0.357782,0.109181,400,4136,4136,32.000000,0,0,16,16,43,43,2,0,520.000000,718,0,0,23,177,0,23,20,19,1,0,20,1,1,1,0,0,0,0,0,3,0,3,3,3,0,0,0,0
1616,15000145,100,2,41.770389462661,175.000000000000,77.000000000000,2.413785440093,6f3beaf6b9d69bc,8d15af1f9d36efa1,fc98ff9dac367f56,200,167,83.500000,353.143713,364.699787,1.000000,5.000000,427.768987,5.858095,433.278292,5.574850,4.505908,0.000000,0.388707,0.747475,0.300526,0.146654,400,4168,4168,32.000000,0,0,16,16,75,75,10,16,592.000000,931,0,0,50,150,0,50,17,12,5,0,17,5,5,5,0,0,0,0,0,33,0,33,33,33,0,0,0,0
1617,15000146,100,2,143.045946189029,175.000000000000,65.000000000000,2.680346131041,ced40dbd8895dfc4,8d15af1f9d36efa1,bb181fc5f675934a,200,200,100.000000,284.290000,279.885586,1.000000,4.500000,349.210572,4.330952,343.338372,4.600000,3.910870,0.000000,0.360223,0.721448,0.303030,0.085487,400,4104,4104,32.000000,0,0,16,16,41,41,4,2,518.000000,920,0,0,20,180,0,20,20,18,2,0,20,2,2,2,0,0,0,0,0,0,0,0,0,0,0,0,0,0
1618,15000147,100,2,238.261478952469,175.000000000000,48.000000000000,2.133185451717,b69e78525f0f9917,8d15af1f9d36efa1,9783e45ac61266bc,200,166,83.000000,231.753012,238.205973,1.000000,3.600000,269.663949,4.490000,276.367929,3.608434,4.402337,0.000000,0.484953,0.738220,0.400400,0.180575,400,4024,4024,32.000000,0,0,16,16,66,66,0,0,564.000000,599,0,0,50,150,0,50,16,16,0,0,16,0,0,0,0,0,0,0,0,34,0,34,34,34,0,0,0,0
1619,15000148,100,2,73.724435800903,425.000000000000,60.000000000000,2.402972388564,c7cdcb00e8289722,8d15af1f9d36efa1,bc192a54db8c38bd,200,159,79.500000,284.270440,287.861766,1.000000,3.900000,316.439709,5.766667,336.277715,4.176101,5.152108,0.000000,0.469225,0.745870,0.375940,0.190244,400,4344,4344,31.000000,0,0,16,15,71,71,14,0,587.000000,664,0,0,56,144,0,56,15,8,7,0,15,7,7,7,0,0,0,0,0,41,0,41,41,41,0,0,0,0
1620,15000149,100,2,108.473384905665,325.000000000000,69.000000000000,2.591971925087,b9fb6739f4ac5801,8d15af1f9d36efa1,33219b50aab800e1,200,186,93.000000,217.500000,231.279225,1.000000,3.300000,267.526284,5.673333,259.583084,3.430108,5.047022,0.000000,0.456559,0.728261,0.385356,0.140162,400,4032,4032,32.000000,0,0,16,16,50,50,4,0,536.000000,638,0,0,32,168,0,32,18,16,2,0,18,2,2,2,0,0,0,0,0,14,0,14,14,14,0,0,0,0
1621,15000150,100,2,470.356863547120,325.000000000000,86.000000000000,2.248048296446,297161bae1a7f1f0,8d15af1f9d36efa1,1de195500daa513c,200,187,93.500000,271.534759,279.613199,1.000000,4.100000,326.266443,4.895952,327.076295,4.219251,4.191381,0.000000,0.408989,0.731903,0.336417,0.126246,400,4136,4136,32.000000,0,0,16,16,53,53,8,0,546.000000,789,0,0,33,167,0,33,20,16,4,0,20,4,4,4,0,0,0,0,0,13,0,13,13,13,0,0,0,0
1622,15000151,100,2,485.193113081386,75.000000000000,71.000000000000,2.224613840127,fd91b5d887fd8fc2,8d15af1f9d36efa1,e937b04fefa3b575,200,112,56.000000,179.383929,177.051868,1.000000,2.500000,194.234132,5.300000,187.419107,2.410714,4.481481,0.000000,0.708423,0.766355,0.597015,0.453441,400,4240,4240,32.000000,0,0,16,16,108,108,8,0,656.000000,270,0,0,98,102,0,98,10,6,4,0,10,4,4,4,0,0,0,0,0,88,0,88,88,88,0,0,0,0
1623,15000152,100,2,140.965086776358,75.000000000000,45.000000000000,2.515146569369,ddc3f96700605883,8d15af1f9d36efa1,2c90d20b24f1a5b4,200,166,83.000000,249.481928,272.692792,1.000000,4.100000,314.284716,5.006905,298.395761,3.963855,4.674772,0.000000,0.465909,0.741602,0.378072,0.177500,400,3952,3952,32.000000,0,0,16,16,68,68,6,0,574.000000,658,0,0,51,149,0,51,17,14,3,0,17,3,3,3,0,0,0,0,0,34,0,34,34,34,0,0,0,0
1624,15000153,100,2,494.427230243153,325.000000000000,82.000000000000,1.886421473373,fffb38470a00e01,8d15af1f9d36efa1,5e1f7050c2faaafa,200,145,72.500000,238.503448,269.257661,0.900000,3.300000,287.369645,5.166667,284.744402,3.586207,4.590385,0.000000,0.520295,0.738220,0.434783,0.202454,400,4336,4336,32.000000,0,0,16,16,63,63,6,0,564.000000,520,0,0,50,132,0,49,14,11,3,0,14,3,3,2,1,0,0,0,0,36,20,35,55,37,18,0,0,0
1625,15000154,100,2,97.393749375887,325.000000000000,56.000000000000,2.968646217658,b22912ad3a23af5,8d15af1f9d36efa1,640c25daaf2e962d,200,199,99.500000,266.030151,280.228460,1.000000,4.100000,328.228048,4.084048,322.326606,4.190955,3.766187,0.000000,0.386765,0.724518,0.324149,0.101293,400,3968,3968,32.000000,0,0,16,16,41,41,12,0,526.000000,834,0,0,21,179,0,21,20,14,6,0,20,6,6,6,0,0,0,0,0,1,0,1,1,1,0,0,0,0
1626,15000155,100,2,422.609795426473,425.000000000000,53.000000000000,2.983076031668,d8c6ce97f0db4b03,8d15af1f9d36efa1,82dde758797c6c2b,200,165,82.500000,250.921212,255.958236,1.000000,3.600000,282.027490,4.775000,281.350492,3.618182,4.440536,0.000000,0.495351,0.745547,0.401204,0.205060,400,4112,4112,32.000000,0,0,16,16,67,67,20,0,586.000000,597,0,0,51,149,0,51,16,6,10,0,16,10,10,10,0,0,0,0,0,35,0,35,35,35,0,0,0,0
1627,15000156,100,2,285.148899105157,75.000000000000,41.000000000000,2.136105719505,4af0a24cd55290f,8d15af1f9d36efa1,5d1de98ed259932e,200,172,86.000000,290.186047,311.686620,1.000000,4.300000,354.361267,4.508333,336.935624,4.343023,4.084337,0.000000,0.432802,0.740260,0.348736,0.155932,400,3904,3904,32.000000,0,0,16,16,63,63,12,2,570.000000,747,0,0,45,155,0,45,17,11,6,0,17,6,6,6,0,0,0,0,0,28,0,28,28,28,0,0,0,0
1628,15000157,100,2,456.626142415629,75.000000000000,57.000000000000,2.822659001706,57a4a689d8667b4b,8d15af1f9d36efa1,3badb3ce999248f8,200,177,88.500000,270.762712,280.074453,1.000000,3.800000,310.436872,5.455000,310.759111,3.745763,5.119155,0.000000,0.460537,0.738903,0.376294,0.168130,400,4192,4192,32.000000,0,0,16,16,59,59,16,0,566.000000,663,0,0,41,159,0,41,18,10,8,0,18,8,8,8,0,0,0,0,0,23,0,23,23,23,0,0,0,0
1629,15000158,100,2,248.396536035484,75.000000000000,40.000000000000,1.996649293387,72fcd002b84f1aa,8d15af1f9d36efa1,384a3b3e71e3160b,200,139,69.500000,273.755396,253.682194,1.000000,3.500000,292.436843,5.023333,317.441576,3.848921,4.964486,0.000000,0.539190,0.757869,0.427807,0.266118,400,4160,4160,32.000000,0,0,16,16,93,93,8,0,626.000000,535,0,0,77,123,0,77,16,12,4,0,16,4,4,4,0,0,0,0,0,61,0,61,61,61,0,0,0,0
1630,15000159,100,2,88.058746554211,325.000000000000,71.000000000000,2.811043429011,fa13193b3f2b9464,8d15af1f9d36efa1,dfd3c83536e6dd32,200,186,93.000000,285.655914,282.730712,1.000000,4.300000,343.720533,4.467857,348.615309,4.392473,4.140759,0.000000,0.399706,0.731183,0.328677,0.120560,400,4232,4232,32.000000,0,0,16,16,55,55,2,2,544.000000,817,0,0,34,166,0,34,20,19,1,0,20,1,1,1,0,0,0,0,0,14,0,14,14,14,0,0,0,0
1631,15000160,100,2,497.345661556486,425.000000000000,67.000000000000,2.873278460626,5e97a621c28cb12d,8d15af1f9d36efa1,d89aeafcac058617,200,161,80.500000,289.919255,268.373383,1.000000,4.100000,317.026141,4.645000,331.379988,4.465839,4.077886,0.000000,0.449464,0.745870,0.357462,0.178286,400,4184,4184,31.000000,0,0,16,15,73,73,10,4,587.000000,719,0,0,55,145,0,55,16,11,5,0,16,5,5,5,0,0,0,0,0,39,0,39,39,39,0,0,0,0
1632,15000161,100,2,128.526511857206,425.000000000000,48.000000000000,2.257561847085,838119a1693627ef,8d15af1f9d36efa1,afea184300581d4e,200,167,83.500000,260.209581,266.224759,1.000000,3.800000,297.913221,4.257619,306.855966,4.035928,4.403561,0.000000,0.461661,0.742931,0.372439,0.178049,400,3528,3528,32.000000,0,0,16,16,68,68,10,2,578.000000,674,0,0,50,150,0,50,17,12,5,0,17,5,5,5,0,0,0,0,0,33,0,33,33,33,0,0,0,0
1633,15000162,100,2,491.046960812614,425.000000000000,65.000000000000,2.884785717528,9ebd611bb7e34885,8d15af1f9d36efa1,2e11c907a362b8cf,200,132,66.000000,224.234848,238.578472,1.000000,3.400000,267.372039,5.941667,242.241637,3.143939,5.130120,0.000000,0.604385,0.760192,0.490798,0.327391,400,4504,4504,32.000000,0,0,16,16,94,94,14,0,634.000000,415,0,0,81,119,0,81,13,6,7,0,13,7,7,7,0,0,0,0,0,68,0,68,68,68,0,0,0,0
1634,15000163,100,2,402.087645952361,175.000000000000,77.000000000000,2.177412059543,a90e00d734f512ef,8d15af1f9d36efa1,e5ee04cba2880ab3,200,168,84.000000,232.660714,236.289102,0.900000,2.800000,240.866483,3.879630,271.680166,3.482143,4.654701,0.000000,0.480000,0.729730,0.406091,0.155844,400,3856,3856,32.000000,0,0,16,16,51,51,6,0,540.000000,585,0,0,32,150,0,32,19,16,3,0,19,3,3,2,1,0,0,0,0,13,20,12,32,14,18,0,0,0
1635,15000164,100,2,344.513648143250,75.000000000000,59.000000000000,1.629673815459,992f872b4b9aaec3,8d15af1f9d36efa1,e9c9c8447e3566a0,200,158,79.000000,224.500000,210.869073,1.000000,3.100000,243.481663,4.725000,237.334917,3.170886,4.862275,0.000000,0.540788,0.746835,0.443951,0.239757,400,4176,4176,32.000000,0,0,16,16,74,74,10,8,590.000000,501,0,0,56,144,0,56,14,9,5,0,14,5,5,5,0,0,0,0,0,42,0,42,42,42,0,0,0,0
1636,15000165,100,2,1.418422821614,175.000000000000,88.000000000000,1.773148199472,142dfc2cd635a665,8d15af1f9d36efa1,9e81ff8bc3c11b48,200,185,92.500000,270.681081,254.266618,1.000000,3.600000,292.630702,5.108333,305.781680,3.729730,4.927536,0.000000,0.446228,0.735450,0.366972,0.152334,400,4328,4328,32.000000,0,0,16,16,55,55,14,0,556.000000,690,0,0,35,165,0,35,20,13,7,0,20,7,7,7,0,0,0,0,0,15,0,15,15,15,0,0,0,0
1637,15000166,100,2,50.339934306737,75.000000000000,72.000000000000,2.167718539129,a33be6dba83428c6,8d15af1f9d36efa1,3e962283e56a7722,200,181,90.500000,246.635359,247.774010,1.000000,3.400000,290.064283,4.840000,281.217930,3.348066,4.801980,0.000000,0.479381,0.736148,0.397614,0.172131,400,4080,4080,32.000000,0,0,16,16,57,57,12,0,558.000000,606,0,0,38,162,0,38,19,13,6,0,19,6,6,6,0,0,0,0,0,19,0,19,19,19,0,0,0,0
1638,15000167,100,2,380.964103907912,425.000000000000,45.000000000000,2.824571382763,a8f6eb9157ccded0,8d15af1f9d36efa1,b51a5850f4592883,200,152,76.000000,238.105263,263.393799,1.000000,3.500000,291.294017,4.740000,260.450116,3.065789,4.643777,0.000000,0.566108,0.752475,0.461894,0.274143,400,4104,4104,32.000000,0,0,16,16,82,82,12,0,608.000000,466,0,0,65,135,0,65,17,11,6,0,17,6,6,6,0,0,0,0,0,48,0,48,48,48,0,0,0,0
1639,15000168,100,2,151.355634213919,425.000000000000,63.000000000000,1.593124095969,7bb714a7eba4da20,8d15af1f9d36efa1,9b20a800c5e4c084,200,193,96.500000,247.637306,259.235540,1.000000,3.600000,288.864955,6.540000,295.464992,3.751295,5.674033,0.000000,0.423567,0.726776,0.355872,0.121359,400,4384,4384,32.000000,0,0,16,16,45,45,10,0,532.000000,724,0,0,26,174,0,26,19,14,5,0,19,5,5,5,0,0,0,0,0,7,0,7,7,7,0,0,0,0
1640,15000169,100,2,247.846126524602,325.000000000000,56.000000000000,1.703758259040,d8d27a14e49160c3,8d15af1f9d36efa1,44c5c34f92890d86,200,200,100.000000,202.360000,212.436490,1.000000,2.900000,232.512253,5.228333,230.690750,2.935000,5.035775,0.000000,0.465878,0.719101,0.405268,0.119940,400,4152,4152,32.000000,0,0,16,16,40,40,0,0,512.000000,587,0,0,20,180,0,20,20,20,0,0,20,0,0,0,0,0,0,0,0,0,0,0,0,0,0,0,0,0
1641,15000170,100,2,194.134446092887,325.000000000000,58.000000000000,2.553257871886,e3d1f33ac39ce996,8d15af1f9d36efa1,f61610508806d301,200,190,95.000000,206.073684,212.634925,1.000000,3.000000,240.116093,4.501667,232.596771,2.952632,4.664884,0.000000,0.487671,0.727520,0.416233,0.153846,400,4432,4432,32.000000,0,0,16,16,50,50,2,0,534.000000,561,0,0,30,170,0,30,20,19,1,0,20,1,1,1,0,0,0,0,0,10,0,10,10,10,0,0,0,0
1642,15000171,100,2,330.587625311781,75.000000000000,40.000000000000,2.739308111874,516df0db8d379fb8,8d15af1f9d36efa1,ce369f3eae7699db,200,163,81.500000,243.024540,241.925497,1.000000,3.400000,282.020080,4.251667,278.890470,3.607362,4.090136,0.000000,0.501695,0.747475,0.404858,0.213904,400,3896,3896,32.000000,0,0,16,16,77,77,6,16,592.000000,588,0,0,53,147,0,53,16,13,3,0,16,3,3,3,0,0,0,0,0,37,0,37,37,37,0,0,0,0
1643,15000172,100,2,56.805828294308,175.000000000000,70.000000000000,2.601910745079,143fa6c5745b9450,8d15af1f9d36efa1,9e2457e6e196ecd,200,182,91.000000,274.906593,257.881787,1.000000,3.800000,302.611751,5.868333,326.810096,4.005495,4.971193,0.000000,0.429131,0.732620,0.354296,0.137278,400,4608,4608,32.000000,0,0,16,16,54,54,8,0,548.000000,729,0,0,36,164,0,36,18,14,4,0,18,4,4,4,0,0,0,0,0,18,0,18,18,18,0,0,0,0
1644,15000173,100,2,222.559218553023,75.000000000000,34.000000000000,2.296418736162,250e1551dff6f80e,8d15af1f9d36efa1,500ea773fbfa6939,200,152,76.000000,245.006579,271.709663,1.000000,3.700000,299.274331,5.638571,289.406737,3.605263,5.052920,0.000000,0.519298,0.747475,0.421941,0.225989,400,4528,4528,32.000000,0,0,16,16,76,76,8,0,592.000000,548,0,0,62,138,0,62,14,10,4,0,14,4,4,4,0,0,0,0,0,48,0,48,48,48,0,0,0,0
1645,15000174,100,2,451.309801989274,75.000000000000,60.000000000000,2.720354009036,c87b03108b694cb4,8d15af1f9d36efa1,df26ae7a040a35a5,200,153,76.500000,267.627451,264.361299,1.000000,3.800000,310.981733,6.070000,310.234571,3.843137,5.748299,0.000000,0.506711,0.751244,0.404858,0.226316,400,4360,4360,32.000000,0,0,16,16,79,79,14,0,604.000000,588,0,0,63,137,0,63,16,9,7,0,16,7,7,7,0,0,0,0,0,47,0,47,47,47,0,0,0,0
1646,15000175,100,2,454.035469394213,175.000000000000,80.000000000000,2.661988442950,dd7863207e9cf4f4,8d15af1f9d36efa1,332eb84f82471456,200,151,75.500000,248.165563,245.900003,1.000000,3.400000,280.690257,5.795476,292.276889,3.701987,5.203936,0.000000,0.519347,0.751244,0.417101,0.235294,400,4432,4432,32.000000,0,0,16,16,83,83,6,0,604.000000,559,0,0,66,134,0,66,17,14,3,0,17,3,3,3,0,0,0,0,0,49,0,49,49,49,0,0,0,0
1647,15000176,100,2,166.254977165136,75.000000000000,41.000000000000,1.975141463476,57b3f5b537f1e235,8d15af1f9d36efa1,65ea1f22f4f59f04,200,149,74.500000,253.369128,227.168531,1.000000,3.300000,269.700358,5.328333,286.553787,3.664430,4.393773,0.000000,0.522727,0.749373,0.422833,0.233146,400,4496,4496,32.000000,0,0,16,16,81,81,4,4,598.000000,546,0,0,65,135,0,65,14,12,2,0,14,2,2,2,0,0,0,0,0,51,0,51,51,51,0,0,0,0
1648,15000177,100,2,38.124049422410,425.000000000000,59.000000000000,2.430384735740,dd9cb01d41dd9467,8d15af1f9d36efa1,324e409851e31876,200,157,78.500000,285.222930,289.721225,1.000000,4.100000,321.923383,5.290000,319.432121,4.063694,5.570533,0.000000,0.487961,0.752475,0.385356,0.216216,400,4488,4488,32.000000,0,0,16,16,81,81,14,8,608.000000,638,0,0,60,140,0,60,17,10,7,0,17,7,7,7,0,0,0,0,0,43,0,43,43,43,0,0,0,0
1649,15000178,100,2,166.366771073884,325.000000000000,73.000000000000,1.624599428368,250a9fa6a78e06ad,8d15af1f9d36efa1,a88df030245bcf12,200,195,97.500000,274.287179,293.095409,1.000000,4.400000,345.090164,4.205000,347.789097,4.512821,4.126136,0.000000,0.373219,0.723757,0.312500,0.094650,400,3736,3736,32.000000,0,0,16,16,45,45,2,0,524.000000,880,0,0,25,175,0,25,20,19,1,0,20,1,1,1,0,0,0,0,0,5,0,5,5,5,0,0,0,0
1650,15000179,100,2,321.014297181910,325.000000000000,52.000000000000,2.326304402905,93697416c48952e0,8d15af1f9d36efa1,e971864fefd4e65e,200,193,96.500000,272.150259,303.735926,1.000000,4.300000,351.063007,4.462302,336.930175,4.347150,4.287247,0.000000,0.385348,0.724518,0.322841,0.100750,400,3728,3728,32.000000,0,0,16,16,45,45,4,0,526.000000,839,0,0,26,174,0,26,19,17,2,0,19,2,2,2,0,0,0,0,0,7,0,7,7,7,0,0,0,0
1651,15000180,100,2,257.239322083996,75.000000000000,44.000000000000,1.735484985297,584f3ea7b36c7db3,8d15af1f9d36efa1,9ab3d900c58841e7,200,131,65.500000,289.603053,272.887120,1.000000,3.800000,307.756954,5.238571,341.684537,4.129771,5.036969,0.000000,0.540357,0.760766,0.425080,0.273826,400,3984,3984,32.000000,0,0,16,16,97,97,10,0,636.000000,541,0,0,83,117,0,83,14,9,5,0,14,5,5,5,0,0,0,0,0,69,0,69,69,69,0,0,0,0
1652,15000181,100,2,166.398363995857,425.000000000000,59.000000000000,2.065229733452,937544b8bbac8ea9,8d15af1f9d36efa1,d8a3c662142629f0,200,156,78.000000,240.647436,254.451320,1.000000,3.800000,291.520059,3.840000,273.947763,3.660256,3.830123,0.000000,0.514043,0.751244,0.411946,0.231494,400,3944,3944,32.000000,0,0,16,16,80,80,12,12,604.000000,571,0,0,59,141,0,59,15,9,6,0,15,6,6,6,0,0,0,0,0,44,0,44,44,44,0,0,0,0
1653,15000182,100,2,181.209000604920,325.000000000000,55.000000000000,2.366104540194,7e483b60d44ac909,8d15af1f9d36efa1,983f97431d6260e9,200,195,97.500000,265.676923,284.196143,1.000000,4.300000,337.017640,4.643214,329.824849,4.312821,4.568371,0.000000,0.383883,0.723757,0.322321,0.098607,400,3936,3936,32.000000,0,0,16,16,45,45,2,0,524.000000,841,0,0,25,175,0,25,20,19,1,0,20,1,1,1,0,0,0,0,0,5,0,5,5,5,0,0,0,0
1654,15000183,100,2,167.495686140790,325.000000000000,64.000000000000,2.359506377560,a1dce1aef55cccb9,8d15af1f9d36efa1,9b7fbc00c6357704,200,200,100.000000,192.600000,197.217534,1.000000,2.800000,223.996095,4.845000,221.981400,2.800000,4.594643,0.000000,0.477612,0.719101,0.416667,0.125000,400,4280,4280,32.000000,0,0,16,16,40,40,0,0,512.000000,560,0,0,20,180,0,20,20,20,0,0,20,0,0,0,0,0,0,0,0,0,0,0,0,0,0,0,0,0
1655,15000184,100,2,353.833542269035,425.000000000000,61.000000000000,1.825570572663,b5a32d3b8603c498,8d15af1f9d36efa1,ea220436c22ad1af,200,139,69.500000,277.251799,275.360571,1.000000,4.000000,316.599448,5.388333,340.608595,4.338129,5.334992,0.000000,0.505332,0.754902,0.398804,0.233799,400,4000,4000,32.000000,0,0,16,16,89,89,6,0,616.000000,603,0,0,75,125,0,75,14,11,3,0,14,3,3,3,0,0,0,0,0,61,0,61,61,61,0,0,0,0
1656,15000185,100,2,175.667746980911,175.000000000000,52.000000000000,2.208757876572,cccdce961f1b3300,8d15af1f9d36efa1,f7f7f6e617e6f046,200,200,100.000000,257.585000,279.244478,1.000000,4.200000,328.015965,4.383333,319.663141,4.300000,4.294186,0.000000,0.374090,0.719888,0.317460,0.087049,400,4248,4248,32.000000,0,0,16,16,40,40,2,0,514.000000,860,0,0,20,180,0,20,20,19,1,0,20,1,1,1,0,0,0,0,0,0,0,0,0,0,0,0,0,0
1657,15000186,100,2,0.790417800900,325.000000000000,83.000000000000,2.614823497634,c7656a3a56102e87,8d15af1f9d36efa1,e1cf2a33e0d16a80,200,150,75.000000,290.066667,304.918522,1.000000,4.400000,345.390721,5.038333,348.338078,4.373333,4.765244,0.000000,0.480190,0.751861,0.378788,0.209639,400,4208,4208,32.000000,0,0,16,16,82,82,10,0,606.000000,656,0,0,66,134,0,66,16,11,5,0,16,5,5,5,0,0,0,0,0,50,0,50,50,50,0,0,0,0
1658,15000187,100,2,76.935519366525,425.000000000000,57.000000000000,1.936739560853,ffd2169a0ec2b107,8d15af1f9d36efa1,25784cb8093c56ed,200,139,69.500000,319.899281,306.801438,1.000000,4.100000,352.186237,5.556667,374.392170,4.690647,4.894172,0.000000,0.493789,0.760766,0.380228,0.238318,400,4344,4344,32.000000,0,0,16,16,96,96,12,14,636.000000,652,0,0,75,125,0,75,14,8,6,0,14,6,6,6,0,0,0,0,0,61,0,61,61,61,0,0,0,0
1659,15000188,100,2,280.784960130412,175.000000000000,57.000000000000,1.999149069356,ebebe33211a12349,8d15af1f9d36efa1,c45850ed0df62e35,200,178,89.000000,298.629213,316.651711,1.000000,4.400000,360.288108,5.133333,382.387169,4.859551,4.309827,0.000000,0.386960,0.731903,0.316206,0.116445,400,3848,3848,32.000000,0,0,16,16,57,57,0,2,546.000000,865,0,0,39,161,0,39,17,17,0,0,17,0,0,0,0,0,0,0,0,22,0,22,22,22,0,0,0,0
1660,15000189,100,2,202.238798069740,425.000000000000,39.000000000000,2.115223120061,630dd4edbabe08ce,8d15af1f9d36efa1,a4ecadd2cd1e9e4b,200,140,70.000000,195.178571,248.169092,1.000000,3.700000,309.770962,4.641667,221.038839,2.957143,4.243961,0.000000,0.597276,0.754300,0.491400,0.305369,400,4088,4088,32.000000,0,0,16,16,88,88,6,0,614.000000,414,0,0,74,126,0,74,14,11,3,0,14,3,3,3,0,0,0,0,0,60,0,60,60,60,0,0,0,0
1661,15000190,100,2,173.442168777311,425.000000000000,51.000000000000,2.099180240764,51133bf0a92a4c96,8d15af1f9d36efa1,9af16450e57b12fe,200,110,55.000000,272.345455,281.652700,1.000000,4.200000,344.725683,4.651786,322.263638,3.854545,4.849057,0.000000,0.611009,0.769053,0.485437,0.355623,400,4000,4000,32.000000,0,0,16,16,112,112,10,0,666.000000,424,0,0,101,99,0,101,11,6,5,0,11,5,5,5,0,0,0,0,0,90,0,90,90,90,0,0,0,0
1662,15000191,100,2,388.448587648619,175.000000000000,81.000000000000,1.699828127755,ca89ec815a3a9df8,8d15af1f9d36efa1,6f3ba98a23c67056,200,192,96.000000,282.942708,300.953006,1.000000,4.300000,345.656797,4.959524,347.801671,4.281250,4.497567,0.000000,0.393805,0.727520,0.327332,0.110390,400,4080,4080,32.000000,0,0,16,16,49,49,4,2,534.000000,822,0,0,28,172,0,28,20,18,2,0,20,2,2,2,0,0,0,0,0,8,0,8,8,8,0,0,0,0
1663,15000192,100,2,130.029938028811,425.000000000000,57.000000000000,1.915021641544,d0195111fbeee8e1,8d15af1f9d36efa1,3c59c350b0192ac9,200,143,71.500000,293.888112,283.873962,1.000000,4.000000,326.592401,5.284524,354.188432,4.426573,4.665087,0.000000,0.496420,0.757282,0.387222,0.232727,400,4312,4312,32.000000,0,0,16,16,92,92,8,6,624.000000,633,0,0,73,127,0,73,16,12,4,0,16,4,4,4,0,0,0,0,0,57,0,57,57,57,0,0,0,0
1664,15000193,100,2,359.319522302922,425.000000000000,47.000000000000,2.462347906747,c1bdac19de081f66,8d15af1f9d36efa1,e9d0d54ff026011f,200,182,91.000000,249.302198,233.526719,1.000000,3.500000,275.450030,4.694286,283.851670,3.648352,4.986446,0.000000,0.455738,0.735450,0.375940,0.157360,400,4152,4152,32.000000,0,0,16,16,56,56,12,0,556.000000,664,0,0,37,163,0,37,19,13,6,0,19,6,6,6,0,0,0,0,0,18,0,18,18,18,0,0,0,0
1665,15000194,100,2,437.717502991946,175.000000000000,88.000000000000,1.776317853381,b04955376c629907,8d15af1f9d36efa1,9b086c00c5cfc8af,200,172,86.000000,236.959302,266.528705,1.000000,3.600000,297.232792,5.646667,273.181211,3.453488,5.234007,0.000000,0.488812,0.739583,0.402414,0.186301,400,4184,4184,32.000000,0,0,16,16,64,64,8,4,568.000000,594,0,0,45,155,0,45,17,13,4,0,17,4,4,4,0,0,0,0,0,28,0,28,28,28,0,0,0,0
1666,15000195,100,2,305.016917924289,425.000000000000,53.000000000000,1.653584916045,a0ca1b38513c7661,8d15af1f9d36efa1,6e137bb40a06941f,200,175,87.500000,289.222857,300.417838,1.000000,4.300000,346.131082,4.874762,345.359814,4.394286,4.660598,0.000000,0.421369,0.736842,0.342173,0.142698,400,3872,3872,32.000000,0,0,16,16,61,61,6,4,560.000000,769,0,0,42,158,0,42,17,14,3,0,17,3,3,3,0,0,0,0,0,25,0,25,25,25,0,0,0,0
1667,15000196,100,2,488.902352689926,325.000000000000,68.000000000000,2.572238964560,60e79ff4704ff7ca,8d15af1f9d36efa1,1cc244eb104c27d2,200,165,82.500000,285.642424,270.248424,1.000000,4.000000,305.152765,4.510238,319.403918,4.163636,4.264920,0.000000,0.462862,0.747475,0.367985,0.188902,400,3896,3896,32.000000,0,0,16,16,71,71,18,4,592.000000,687,0,0,52,148,0,52,17,8,9,0,17,9,9,9,0,0,0,0,0,35,0,35,35,35,0,0,0,0
1668,15000197,100,2,40.635110236763,325.000000000000,85.000000000000,1.872771984099,891fae0dfc8e38d7,8d15af1f9d36efa1,e95e00511208a971,200,189,94.500000,274.349206,306.764647,1.000000,4.100000,336.551081,4.845000,338.589489,4.026455,4.486202,0.000000,0.414165,0.728997,0.344531,0.122261,400,4104,4104,32.000000,0,0,16,16,49,49,8,0,538.000000,761,0,0,30,170,0,30,19,15,4,0,19,4,4,4,0,0,0,0,0,11,0,11,11,11,0,0,0,0
1669,15000198,100,2,255.216095586543,175.000000000000,50.000000000000,1.941214981960,ccf37b83124a8b7f,8d15af1f9d36efa1,b75739960dceb102,200,134,67.000000,207.529851,191.815239,1.000000,2.700000,221.444343,4.980000,221.160432,2.649254,4.245070,0.000000,0.640324,0.759615,0.529801,0.360360,400,4608,4608,32.000000,0,0,16,16,96,96,8,0,632.000000,355,0,0,81,119,0,81,15,11,4,0,15,4,4,4,0,0,0,0,0,66,0,66,66,66,0,0,0,0
1670,15000199,100,2,287.166928628993,75.000000000000,49.000000000000,1.609170357981,ddfb9e8979b7672f,8d15af1f9d36efa1,bc2409aeed765cfa,200,153,76.500000,245.862745,281.366674,1.000000,4.100000,339.345428,4.665238,312.117698,3.980392,4.341544,0.000000,0.489522,0.744898,0.396432,0.199737,400,4048,4048,32.000000,0,0,16,16,75,75,2,0,584.000000,609,0,0,61,139,0,61,14,13,1,0,14,1,1,1,0,0,0,0,0,47,0,47,47,47,0,0,0,0
1671,15000200,100,2,376.833479487188,75.000000000000,63.000000000000,1.558542577464,fb1f3629c9de2fd6,8d15af1f9d36efa1,eca108264e81cf6e,200,171,85.500000,225.374269,237.255780,1.000000,3.200000,270.926683,4.808333,262.994089,3.304094,4.545133,0.000000,0.502203,0.740260,0.414508,0.196302,400,4592,4592,32.000000,0,0,16,16,67,67,4,0,570.000000,565,0,0,48,152,0,48,19,17,2,0,19,2,2,2,0,0,0,0,0,29,0,29,29,29,0,0,0,0
1672,15000201,100,2,375.419876198800,325.000000000000,75.000000000000,1.853078494818,662056665e201e27,8d15af1f9d36efa1,989b414f3152bd5f,200,179,89.500000,277.776536,284.090305,1.000000,4.400000,353.955397,4.936667,341.380949,4.502793,4.043424,0.000000,0.404727,0.732620,0.331675,0.125813,400,3824,3824,32.000000,0,0,16,16,57,57,2,0,548.000000,806,0,0,39,161,0,39,18,17,1,0,18,1,1,1,0,0,0,0,0,21,0,21,21,21,0,0,0,0
1673,15000202,100,2,301.231038995442,175.000000000000,68.000000000000,1.685099198247,f200f62fc7aef737,8d15af1f9d36efa1,638fb250353d862e,200,200,100.000000,245.735000,243.403808,1.000000,3.600000,276.828152,5.403333,295.661345,3.765000,4.831341,0.000000,0.407553,0.721448,0.346921,0.102503,400,3992,3992,32.000000,0,0,16,16,40,40,6,0,518.000000,753,0,0,20,180,0,20,20,17,3,0,20,3,3,3,0,0,0,0,0,0,0,0,0,0,0,0,0,0
1674,15000203,100,2,256.284521291922,425.000000000000,46.000000000000,1.516317478185,3f9008b3f5482cd,8d15af1f9d36efa1,d0d9aa4247bda2d6,200,165,82.500000,321.127273,329.354666,1.000000,4.600000,367.112788,4.329048,382.298305,4.763636,4.284987,0.000000,0.425439,0.744246,0.337268,0.160256,400,3904,3904,32.000000,0,0,16,16,69,69,12,4,582.000000,786,0,0,51,149,0,51,16,10,6,0,16,6,6,6,0,0,0,0,0,35,0,35,35,35,0,0,0,0
1675,15000204,100,2,368.522728517917,75.000000000000,51.000000000000,1.842182237981,712b9425af56185f,8d15af1f9d36efa1,cd8f51b717ea54a3,200,158,79.000000,247.588608,256.130904,1.000000,3.700000,291.791906,6.756667,301.358428,3.715190,5.850085,0.000000,0.499574,0.745547,0.405268,0.207827,400,4536,4536,32.000000,0,0,16,16,72,72,10,0,586.000000,587,0,0,57,143,0,57,15,10,5,0,15,5,5,5,0,0,0,0,0,42,0,42,42,42,0,0,0,0
1676,15000205,100,2,90.952400210194,325.000000000000,62.000000000000,2.686277852641,8e1598cc567e647,8d15af1f9d36efa1,c18dce8b20264f66,200,176,88.000000,235.494318,225.708501,1.000000,3.200000,244.986167,4.358333,270.859755,3.323864,4.444444,0.000000,0.489083,0.736842,0.406091,0.179523,400,4056,4056,32.000000,0,0,16,16,62,62,4,4,560.000000,585,0,0,42,158,0,42,18,16,2,0,18,2,2,2,0,0,0,0,0,24,0,24,24,24,0,0,0,0
1677,15000206,100,2,49.689021801333,75.000000000000,52.000000000000,2.970135392186,94bfb0a073cf2aa1,8d15af1f9d36efa1,49184771657c0441,200,165,82.500000,243.412121,230.768630,1.000000,3.600000,267.546475,4.496667,296.323989,3.806061,4.429936,0.000000,0.476667,0.740933,0.389105,0.182292,400,3928,3928,32.000000,0,0,16,16,65,65,10,0,572.000000,628,0,0,50,150,0,50,15,10,5,0,15,5,5,5,0,0,0,0,0,35,0,35,35,35,0,0,0,0
1678,15000207,100,2,58.310018158351,75.000000000000,49.000000000000,2.670264676238,def87234b8c2d853,8d15af1f9d36efa1,e33adc7aa1a46e0c,200,178,89.000000,246.370787,251.967520,1.000000,3.800000,303.005347,5.846667,300.854944,4.235955,3.996021,0.000000,0.420000,0.731903,0.346620,0.131336,400,4360,4360,32.000000,0,0,16,16,56,56,2,0,546.000000,754,0,0,39,161,0,39,17,16,1,0,17,1,1,1,0,0,0,0,0,22,0,22,22,22,0,0,0,0
1679,15000208,100,2,388.958541560519,75.000000000000,64.000000000000,1.766870738506,d253456dd2ae6427,8d15af1f9d36efa1,ddf9092e7983418e,200,150,75.000000,277.693333,287.490965,1.000000,4.000000,333.796658,5.185000,336.007441,4.020000,4.839138,0.000000,0.497918,0.749373,0.398804,0.215865,400,4176,4176,32.000000,0,0,16,16,79,79,8,2,598.000000,603,0,0,64,136,0,64,14,10,4,0,14,4,4,4,0,0,0,0,0,50,0,50,50,50,0,0,0,0
1680,15000209,100,2,231.858557266946,175.000000000000,54.000000000000,1.639138831002,3d57de5f70dba0b,8d15af1f9d36efa1,3e6885a2ff2e6546,200,200,100.000000,287.415000,301.149099,1.000000,4.400000,335.677763,5.089048,348.092637,4.530000,4.906181,0.000000,0.363764,0.721448,0.306279,0.086694,400,4520,4520,32.000000,0,0,16,16,41,41,4,2,518.000000,906,0,0,20,180,0,20,20,18,2,0,20,2,2,2,0,0,0,0,0,0,0,0,0,0,0,0,0,0
1681,15000210,100,2,61.588230339027,75.000000000000,58.000000000000,2.631417313402,127f153654b0c14b,8d15af1f9d36efa1,ce9ba417649c1757,200,180,90.000000,256.333333,242.292806,1.000000,3.700000,288.537017,4.920000,298.183254,3.861111,4.956835,0.000000,0.447096,0.737533,0.365297,0.157576,400,4464,4464,32.000000,0,0,16,16,58,58,14,0,562.000000,695,0,0,39,161,0,39,19,12,7,0,19,7,7,7,0,0,0,0,0,20,0,20,20,20,0,0,0,0
1682,15000211,100,2,433.647985563407,75.000000000000,60.000000000000,2.288244149333,dcec27023fc208e1,8d15af1f9d36efa1,dc7ba44f575e0d0b,200,160,80.000000,239.312500,248.504898,1.000000,3.500000,290.820815,5.200000,264.801684,3.375000,4.983333,0.000000,0.522968,0.747475,0.425532,0.228571,400,4248,4248,32.000000,0,0,16,16,74,74,12,4,592.000000,540,0,0,56,144,0,56,16,10,6,0,16,6,6,6,0,0,0,0,0,40,0,40,40,40,0,0,0,0
1683,15000212,100,2,202.987774307973,325.000000000000,67.000000000000,1.591815183519,eb8129317fed0cb6,8d15af1f9d36efa1,d48d7a307399e71,200,200,100.000000,197.730000,200.867264,1.000000,2.900000,236.802319,4.571667,222.515653,2.900000,4.217241,0.000000,0.470803,0.720670,0.408163,0.126506,400,3896,3896,32.000000,0,0,16,16,40,40,4,0,516.000000,580,0,0,20,180,0,20,20,18,2,0,20,2,2,2,0,0,0,0,0,0,0,0,0,0,0,0,0,0
1684,15000213,100,2,71.844841953407,325.000000000000,84.000000000000,2.208898415474,e0a2bb463f182697,8d15af1f9d36efa1,27ec518f09211673,200,174,87.000000,245.758621,240.347039,1.000000,3.400000,280.705491,4.494048,298.118491,3.683908,4.558502,0.000000,0.465388,0.736148,0.384246,0.164276,400,3832,3832,32.000000,0,0,16,16,60,60,6,0,558.000000,641,0,0,43,157,0,43,17,14,3,0,17,3,3,3,0,0,0,0,0,26,0,26,26,26,0,0,0,0
1685,15000214,100,2,284.397768655041,325.000000000000,52.000000000000,2.142096255962,8cdbf0a33930d3a4,8d15af1f9d36efa1,c15fceba7dbb3a69,200,200,100.000000,245.740000,258.386737,1.000000,3.800000,316.143656,4.515833,294.680565,3.835000,4.216428,0.000000,0.401716,0.720280,0.342759,0.098707,400,3824,3824,31.000000,0,0,16,15,41,41,2,2,515.000000,767,0,0,20,180,0,20,20,19,1,0,20,1,1,1,0,0,0,0,0,0,0,0,0,0,0,0,0,0
1686,15000215,100,2,375.488250152175,75.000000000000,46.000000000000,2.749286344048,f5ee3903319ce4d5,8d15af1f9d36efa1,9babf200c65b0db1,200,146,73.000000,211.835616,209.007148,1.000000,3.100000,244.580997,5.053333,230.812050,3.130137,4.586433,0.000000,0.570085,0.751861,0.466744,0.275753,400,4240,4240,32.000000,0,0,16,16,83,83,8,2,606.000000,457,0,0,68,132,0,68,14,10,4,0,14,4,4,4,0,0,0,0,0,54,0,54,54,54,0,0,0,0
1687,15000216,100,2,74.206159092704,175.000000000000,72.000000000000,2.623579882358,ae5723ede8b813f5,8d15af1f9d36efa1,fac7e84ff9a7d10f,200,188,94.000000,208.244681,229.562957,1.000000,3.300000,274.723588,4.508333,242.953309,3.234043,4.324013,0.000000,0.467601,0.727520,0.396825,0.143662,400,3968,3968,32.000000,0,0,16,16,50,50,2,0,534.000000,608,0,0,31,169,0,31,19,18,1,0,19,1,1,1,0,0,0,0,0,12,0,12,12,12,0,0,0,0
1688,15000217,100,2,336.871585341773,75.000000000000,39.000000000000,2.265257294957,b1d586ee6ddb0502,8d15af1f9d36efa1,790fdc3cd955cfe1,200,125,62.500000,314.520000,338.656619,1.000000,4.700000,387.396535,5.087143,371.654179,4.528000,4.641343,0.000000,0.533003,0.763593,0.414079,0.274359,400,4040,4040,32.000000,0,0,16,16,103,103,8,0,646.000000,566,0,0,89,111,0,89,14,10,4,0,14,4,4,4,0,0,0,0,0,75,0,75,75,75,0,0,0,0
1689,15000218,100,2,421.855781202555,325.000000000000,72.000000000000,2.312947667495,b4365986090f084a,8d15af1f9d36efa1,f85fe092c3a2b511,200,198,99.000000,231.661616,231.590606,1.000000,3.600000,280.715218,4.419048,272.025453,3.585859,4.614085,0.000000,0.426494,0.725275,0.360360,0.119107,400,4192,4192,32.000000,0,0,16,16,43,43,10,2,528.000000,710,0,0,22,178,0,22,20,15,5,0,20,5,5,5,0,0,0,0,0,2,0,2,2,2,0,0,0,0
1690,15000219,100,2,182.781435672601,175.000000000000,49.000000000000,2.546942238422,2870e8c97aba7117,8d15af1f9d36efa1,9a692700c548daf7,200,197,98.500000,272.314721,263.228400,1.000000,3.900000,317.589299,4.071667,321.967104,4.076142,4.027397,0.000000,0.399402,0.727520,0.332502,0.112707,400,3664,3664,32.000000,0,0,16,16,45,45,12,4,534.000000,803,0,0,23,177,0,23,20,14,6,0,20,6,6,6,0,0,0,0,0,3,0,3,3,3,0,0,0,0
1691,15000220,100,2,52.045952606532,175.000000000000,87.000000000000,2.028017266765,9514b59f7f87b6e0,8d15af1f9d36efa1,935c5e1404d8cd69,200,181,90.500000,266.171271,263.319228,1.000000,3.700000,302.965218,5.093333,292.658786,3.679558,4.533033,0.000000,0.469745,0.746835,0.375235,0.191748,400,4144,4144,32.000000,0,0,16,16,77,77,4,36,590.000000,666,0,0,39,161,0,39,20,18,2,0,20,2,2,2,0,0,0,0,0,19,0,19,19,19,0,0,0,0
1692,15000221,100,2,446.723129103650,175.000000000000,89.000000000000,1.564817831910,ea26beafb28e3aeb,8d15af1f9d36efa1,4b649aab5cb38ee2,200,159,79.500000,257.974843,286.110714,0.900000,3.500000,314.687725,4.776455,302.787857,3.767296,4.368948,0.000000,0.487158,0.739922,0.400400,0.187246,400,3872,3872,31.000000,0,0,16,15,66,66,6,14,569.000000,599,0,0,41,142,0,41,18,15,3,0,18,3,3,2,1,0,0,0,0,23,20,21,41,24,17,0,0,0
1693,15000222,100,2,37.576804949824,75.000000000000,70.000000000000,1.989698517344,2e38929e0e205eeb,8d15af1f9d36efa1,5be64b6d28f3ced2,200,141,70.500000,268.914894,239.929992,1.000000,3.700000,294.143874,4.471667,293.216630,3.673759,4.816602,0.000000,0.551127,0.760766,0.435730,0.282548,400,4128,4128,32.000000,0,0,16,16,95,95,14,0,636.000000,518,0,0,77,123,0,77,18,11,7,0,18,7,7,7,0,0,0,0,0,59,0,59,59,59,0,0,0,0
1694,15000223,100,2,138.754578521743,175.000000000000,54.000000000000,2.899689654318,5b3de82e3f610e74,8d15af1f9d36efa1,20433c03ed222f83,200,184,92.000000,319.086957,339.375218,1.000000,5.000000,411.754259,4.950595,400.713665,5.021739,4.366883,0.000000,0.373134,0.733333,0.302115,0.113244,400,4088,4088,32.000000,0,0,16,16,56,56,6,0,550.000000,924,0,0,36,164,0,36,20,17,3,0,20,3,3,3,0,0,0,0,0,16,0,16,16,16,0,0,0,0
1695,15000224,100,2,391.108974743738,175.000000000000,66.000000000000,2.175334712591,fcf78dc74b537886,8d15af1f9d36efa1,9b5d8e00c6184274,200,175,87.500000,214.725714,202.395913,1.000000,2.900000,219.308056,4.805000,229.471064,2.977143,4.986564,0.000000,0.521579,0.739583,0.434311,0.207002,400,4016,4016,32.000000,0,0,16,16,66,66,4,2,568.000000,521,0,0,45,155,0,45,20,18,2,0,20,2,2,2,0,0,0,0,0,25,0,25,25,25,0,0,0,0
1696,15000225,100,2,77.221080954732,175.000000000000,71.000000000000,2.556509102581,df29d0106d4b1fc4,8d15af1f9d36efa1,3a18f802dd2f97fc,200,193,96.500000,244.735751,246.117537,1.000000,3.500000,284.311117,5.813333,297.843820,3.756477,5.299310,0.000000,0.421389,0.725275,0.355556,0.116931,400,4576,4576,32.000000,0,0,16,16,46,46,4,2,528.000000,725,0,0,26,174,0,26,19,17,2,0,19,2,2,2,0,0,0,0,0,7,0,7,7,7,0,0,0,0
1697,15000226,100,2,455.970323562055,175.000000000000,87.000000000000,1.512450000687,c34a7a8cc7519212,8d15af1f9d36efa1,681b9d166eee7fe5,200,194,97.000000,243.572165,247.941301,1.000000,3.400000,270.597229,5.976190,285.910082,3.639175,5.655807,0.000000,0.429725,0.726776,0.361664,0.124069,400,4304,4304,32.000000,0,0,16,16,46,46,8,0,532.000000,706,0,0,26,174,0,26,20,16,4,0,20,4,4,4,0,0,0,0,0,6,0,6,6,6,0,0,0,0
1698,15000227,100,2,373.747686323370,75.000000000000,46.000000000000,2.780885273724,e04845316de4d84f,8d15af1f9d36efa1,59bef5efbeaaa62a,200,175,87.500000,235.462857,271.134513,1.000000,4.000000,307.462212,3.750000,282.209398,3.868571,3.719350,0.000000,0.456225,0.739583,0.371402,0.167282,400,3928,3928,32.000000,0,0,16,16,63,63,10,4,568.000000,677,0,0,43,157,0,43,18,13,5,0,18,5,5,5,0,0,0,0,0,25,0,25,25,25,0,0,0,0
1699,15000228,100,2,118.663792754737,175.000000000000,69.000000000000,2.176086860829,2641485f1b639a05,8d15af1f9d36efa1,9b9e1b00c64f1600,200,192,96.000000,238.864583,259.583825,1.000000,3.600000,292.184098,5.546667,292.709734,3.760417,4.842105,0.000000,0.423323,0.726027,0.356506,0.119512,400,4456,4456,32.000000,0,0,16,16,48,48,2,0,530.000000,722,0,0,28,172,0,28,20,19,1,0,20,1,1,1,0,0,0,0,0,8,0,8,8,8,0,0,0,0
1700,15000229,100,2,118.122736389949,325.000000000000,64.000000000000,2.458727424543,ba93dbddff5f5c37,8d15af1f9d36efa1,b2027704a853d9d6,200,193,96.500000,261.279793,264.236311,1.000000,4.000000,324.708806,5.349286,325.291765,4.098446,4.715550,0.000000,0.399393,0.724518,0.335852,0.106215,400,3912,3912,32.000000,0,0,16,16,46,46,2,2,526.000000,791,0,0,26,174,0,26,19,18,1,0,19,1,1,1,0,0,0,0,0,7,0,7,7,7,0,0,0,0
1701,15000230,100,2,78.426182750047,425.000000000000,57.000000000000,1.980386055042,d05342d3d9d9f404,8d15af1f9d36efa1,6887632666f45d3a,200,122,61.000000,256.729508,297.118839,1.000000,4.100000,341.302122,4.432143,271.753230,3.278689,3.942500,0.000000,0.624765,0.769053,0.500000,0.369085,400,3768,3768,32.000000,0,0,16,16,112,112,10,16,666.000000,400,0,0,91,109,0,91,13,8,5,0,13,5,5,5,0,0,0,0,0,78,0,78,78,78,0,0,0,0
1702,15000231,100,2,107.836790440971,425.000000000000,62.000000000000,1.951640364893,a3eb7781f7313788,8d15af1f9d36efa1,9e55868f80fe4db0,200,159,79.500000,215.150943,214.551130,1.000000,3.000000,236.832674,4.725000,230.311921,3.251572,4.439072,0.000000,0.532972,0.746835,0.436205,0.234074,400,4064,4064,32.000000,0,0,16,16,72,72,14,2,590.000000,517,0,0,56,144,0,56,15,8,7,0,15,7,7,7,0,0,0,0,0,41,0,41,41,41,0,0,0,0
1703,15000232,100,2,278.880566167000,175.000000000000,52.000000000000,1.759775834822,efa82993deccc630,8d15af1f9d36efa1,9ac87700c599f76b,200,193,96.500000,226.854922,246.207681,1.000000,3.500000,286.699040,5.238095,271.768882,3.652850,4.687943,0.000000,0.426363,0.723757,0.361991,0.115433,400,4432,4432,32.000000,0,0,16,16,45,45,2,0,524.000000,705,0,0,26,174,0,26,19,18,1,0,19,1,1,1,0,0,0,0,0,7,0,7,7,7,0,0,0,0
1704,15000233,100,2,358.573855897001,75.000000000000,44.000000000000,2.199286417367,ba24f615c55f3d45,8d15af1f9d36efa1,bc73b73d7595e786,200,193,96.500000,256.435233,280.642388,1.000000,3.800000,305.234237,4.798333,304.016365,3.792746,5.000000,0.000000,0.420886,0.726776,0.353357,0.120192,400,4152,4152,32.000000,0,0,16,16,45,45,10,0,532.000000,732,0,0,26,174,0,26,19,14,5,0,19,5,5,5,0,0,0,0,0,7,0,7,7,7,0,0,0,0
1705,15000234,100,2,479.872528921537,175.000000000000,72.000000000000,2.940464690639,674c24b0197d7d58,8d15af1f9d36efa1,9b3b8b00c5fb56f5,200,163,81.500000,229.803681,217.342692,1.000000,3.200000,251.343041,5.590000,256.924407,3.282209,4.932710,0.000000,0.529464,0.750623,0.427807,0.241135,400,4464,4464,32.000000,0,0,16,16,80,80,10,10,602.000000,535,0,0,56,144,0,56,19,14,5,0,19,5,5,5,0,0,0,0,0,37,0,37,37,37,0,0,0,0
1706,15000235,100,2,171.310449558232,175.000000000000,48.000000000000,2.367105299809,3b639cc6aa76c1ae,8d15af1f9d36efa1,e16f56510dbf4e1a,200,200,100.000000,259.170000,260.482740,1.000000,3.800000,312.128388,4.924524,320.974919,4.100000,4.162195,0.000000,0.386228,0.720670,0.327869,0.092920,400,4400,4400,32.000000,0,0,16,16,40,40,4,0,516.000000,820,0,0,20,180,0,20,20,18,2,0,20,2,2,2,0,0,0,0,0,0,0,0,0,0,0,0,0,0
1707,15000236,100,2,275.656289304994,425.000000000000,37.000000000000,2.290640230299,6e3770e8518cc423,8d15af1f9d36efa1,abd59e2e743189a3,200,158,79.000000,199.759494,198.909076,1.000000,2.800000,225.893741,4.863333,240.498572,3.050633,4.408714,0.000000,0.542694,0.740933,0.453515,0.225080,400,4480,4480,32.000000,0,0,16,16,70,70,0,0,572.000000,482,0,0,56,144,0,56,14,14,0,0,14,0,0,0,0,0,0,0,0,42,0,42,42,42,0,0,0,0
1708,15000237,100,2,131.680470446917,175.000000000000,53.000000000000,2.960568368362,73326b949bbd1f31,8d15af1f9d36efa1,85860206b2e3cc68,200,186,93.000000,228.016129,229.445240,1.000000,3.300000,261.308140,4.975000,259.603886,3.349462,4.760835,0.000000,0.466153,0.731183,0.391007,0.152381,400,3976,3976,32.000000,0,0,16,16,54,54,4,0,544.000000,623,0,0,34,166,0,34,20,18,2,0,20,2,2,2,0,0,0,0,0,14,0,14,14,14,0,0,0,0
1709,15000238,100,2,376.033714525456,75.000000000000,66.000000000000,1.708668529826,fc39414a058548db,8d15af1f9d36efa1,9b6b8e00c6247fd0,200,133,66.500000,181.751880,203.348156,1.000000,2.700000,220.416333,5.305000,189.202380,2.541353,4.899408,0.000000,0.652263,0.760192,0.542005,0.374074,400,4240,4240,32.000000,0,0,16,16,97,97,8,0,634.000000,338,0,0,82,118,0,82,15,11,4,0,15,4,4,4,0,0,0,0,0,67,0,67,67,67,0,0,0,0
1710,15000239,100,2,160.530320143372,75.000000000000,34.000000000000,2.850911059511,b5b0efd9dc5cbe45,8d15af1f9d36efa1,407134fff0f1ebe,200,153,76.500000,185.359477,227.434202,1.000000,3.200000,249.151778,4.403333,204.981544,2.653595,4.472906,0.000000,0.592369,0.746835,0.496278,0.280142,400,3720,3720,32.000000,0,0,16,16,78,78,2,2,590.000000,406,0,0,62,138,0,62,15,14,1,0,15,1,1,1,0,0,0,0,0,47,0,47,47,47,0,0,0,0
1711,15000240,100,2,444.787724805638,75.000000000000,53.000000000000,2.806269140443,df7ede62a52190cd,8d15af1f9d36efa1,c278e0dd066f20cc,200,168,84.000000,286.339286,289.410179,1.000000,4.000000,333.684541,5.271667,332.351176,3.982143,5.218236,0.000000,0.462651,0.742268,0.374181,0.177122,400,4040,4040,32.000000,0,0,16,16,65,65,14,2,576.000000,669,0,0,48,152,0,48,16,9,7,0,16,7,7,7,0,0,0,0,0,32,0,32,32,32,0,0,0,0
1712,15000241,100,2,393.501382701242,325.000000000000,64.000000000000,2.821428498922,19c2019e675068ce,8d15af1f9d36efa1,86c42521a075fb8,200,196,98.000000,251.270408,265.763782,1.000000,3.800000,297.005024,4.610000,303.487967,3.872449,4.959157,0.000000,0.408418,0.723757,0.345125,0.108108,400,4224,4224,32.000000,0,0,16,16,44,44,4,0,524.000000,759,0,0,24,176,0,24,20,18,2,0,20,2,2,2,0,0,0,0,0,4,0,4,4,4,0,0,0,0
1713,15000242,100,2,125.904943392959,325.000000000000,62.000000000000,2.375694935825,9e916ff5c6a110d9,8d15af1f9d36efa1,4fd6936526b61e25,200,200,100.000000,250.035000,246.465589,1.000000,3.800000,301.977321,4.705000,295.915621,3.800000,4.614474,0.000000,0.405321,0.721448,0.344828,0.101655,400,4616,4616,32.000000,0,0,16,16,40,40,6,0,518.000000,760,0,0,20,180,0,20,20,17,3,0,20,3,3,3,0,0,0,0,0,0,0,0,0,0,0,0,0,0
1714,15000243,100,2,446.209189740211,175.000000000000,72.000000000000,2.518071632078,449d984c81f0ee42,8d15af1f9d36efa1,9a98bb00c5714735,200,197,98.500000,266.928934,281.914243,1.000000,3.900000,311.835543,5.490476,328.010719,4.192893,4.713075,0.000000,0.389053,0.724518,0.326264,0.102174,400,4128,4128,32.000000,0,0,16,16,43,43,8,0,526.000000,826,0,0,23,177,0,23,20,16,4,0,20,4,4,4,0,0,0,0,0,3,0,3,3,3,0,0,0,0
1715,15000244,100,2,387.062943711298,75.000000000000,46.000000000000,2.153595045835,ce5c975bb32b5dd6,8d15af1f9d36efa1,3b94494f8d2d76f6,200,130,65.000000,290.684615,246.483080,1.000000,3.500000,279.068501,5.667619,303.977595,3.700000,5.035343,0.000000,0.576957,0.766355,0.454030,0.317730,400,4416,4416,32.000000,0,0,16,16,104,104,16,12,656.000000,481,0,0,84,116,0,84,14,6,8,0,14,8,8,8,0,0,0,0,0,70,0,70,70,70,0,0,0,0
1716,15000245,100,2,121.986777287421,325.000000000000,55.000000000000,2.791452396458,be754cd91a58c827,8d15af1f9d36efa1,21ab980159032ef2,200,183,91.500000,229.153005,240.447369,1.000000,3.400000,280.508345,4.858333,269.207890,3.344262,4.805556,0.000000,0.471503,0.731903,0.395257,0.157025,400,4264,4264,32.000000,0,0,16,16,57,57,0,0,546.000000,612,0,0,37,163,0,37,20,20,0,0,20,0,0,0,0,0,0,0,0,17,0,17,17,17,0,0,0,0
1717,15000246,100,2,27.360740012581,325.000000000000,74.000000000000,2.827968462473,8249a559b9e02db2,8d15af1f9d36efa1,e60f18b316962078,200,165,82.500000,278.418182,302.254064,1.000000,4.300000,337.370557,4.513333,333.889202,4.503030,4.234186,0.000000,0.440090,0.744898,0.349956,0.169832,400,3688,3688,32.000000,0,0,16,16,74,74,4,2,584.000000,743,0,0,54,146,0,54,19,17,2,0,19,2,2,2,0,0,0,0,0,35,0,35,35,35,0,0,0,0
1718,15000247,100,2,157.267446492928,425.000000000000,49.000000000000,2.004895381880,e1afefaf32aed41b,8d15af1f9d36efa1,9ae04a00c5ae3cd5,200,186,93.000000,224.000000,230.173582,1.000000,3.300000,256.766011,5.185000,250.257183,3.311828,4.227273,0.000000,0.466205,0.728997,0.393701,0.146814,400,4120,4120,32.000000,0,0,16,16,51,51,4,2,538.000000,616,0,0,32,168,0,32,18,16,2,0,18,2,2,2,0,0,0,0,0,14,0,14,14,14,0,0,0,0
1719,15000248,100,2,93.701667580441,325.000000000000,84.000000000000,1.959365977775,8916b652f30e4256,8d15af1f9d36efa1,f366d32f7291fb01,200,195,97.500000,263.605128,292.429507,1.000000,4.000000,330.811574,4.504048,319.709249,4.000000,4.442308,0.000000,0.405488,0.726776,0.338983,0.113636,400,4072,4072,32.000000,0,0,16,16,45,45,10,0,532.000000,780,0,0,25,175,0,25,20,15,5,0,20,5,5,5,0,0,0,0,0,5,0,5,5,5,0,0,0,0
1720,15000249,100,2,235.464367161790,425.000000000000,50.000000000000,1.514159771957,b5345705d6f21050,8d15af1f9d36efa1,fe6c04ef661e814d,200,163,81.500000,247.723926,258.478768,1.000000,3.600000,292.300867,5.700000,290.163960,3.730061,5.052632,0.000000,0.488215,0.743590,0.396825,0.195767,400,4520,4520,32.000000,0,0,16,16,70,70,8,2,580.000000,608,0,0,53,147,0,53,16,12,4,0,16,4,4,4,0,0,0,0,0,37,0,37,37,37,0,0,0,0
1721,15000250,100,2,171.819847934048,425.000000000000,46.000000000000,2.495673190600,40a2a66fb034c7a,8d15af1f9d36efa1,24e8085b58258685,200,164,82.000000,246.439024,259.822812,1.000000,3.800000,298.623599,5.046667,286.881988,3.878049,4.861635,0.000000,0.480392,0.746193,0.386100,0.196970,400,4240,4240,32.000000,0,0,16,16,74,74,8,12,588.000000,636,0,0,53,147,2,51,15,11,4,0,15,4,4,4,0,0,0,0,0,36,0,36,36,36,0,0,0,0
1722,15000251,100,2,346.238506114562,325.000000000000,52.000000000000,2.746796395901,41b49b7c6ed54bca,8d15af1f9d36efa1,c0fb6651e762e19f,200,172,86.000000,231.238372,230.652064,1.000000,3.400000,277.410939,4.510000,281.551787,3.505814,4.396352,0.000000,0.477922,0.734043,0.398804,0.165975,400,4688,4688,32.000000,0,0,16,16,60,60,0,0,552.000000,603,0,0,44,156,0,44,16,16,0,0,16,0,0,0,0,0,0,0,0,28,0,28,28,28,0,0,0,0
1723,15000252,100,2,406.747800599891,175.000000000000,65.000000000000,2.746810273872,fa56e770b061a966,8d15af1f9d36efa1,6b77d57b5412be0d,200,195,97.500000,263.405128,298.005546,1.000000,4.100000,338.664142,5.606667,329.508804,4.215385,4.810219,0.000000,0.390208,0.724518,0.327332,0.102620,400,4048,4048,32.000000,0,0,16,16,47,47,0,4,526.000000,822,0,0,25,175,0,25,20,20,0,0,20,0,0,0,0,0,0,0,0,5,0,5,5,5,0,0,0,0
1724,15000253,100,2,147.718493084573,425.000000000000,62.000000000000,1.851276719819,bd88e99d3edd7be3,8d15af1f9d36efa1,cbd78f69a4944f0,200,140,70.000000,240.050000,236.399066,1.000000,3.400000,271.540231,4.888333,280.616508,3.485714,4.657787,0.000000,0.560360,0.756691,0.450450,0.280236,400,4312,4312,32.000000,0,0,16,16,91,91,8,6,622.000000,488,0,0,74,126,0,74,14,10,4,0,14,4,4,4,0,0,0,0,0,60,0,60,60,60,0,0,0,0
1725,15000254,100,2,208.836974622901,75.000000000000,43.000000000000,1.595402537146,a8fae44c902980d,8d15af1f9d36efa1,82b0b9a5f6386372,200,129,64.500000,288.302326,321.309813,1.000000,4.700000,373.637587,4.851429,354.788456,4.573643,4.679661,0.000000,0.514803,0.757869,0.404040,0.247449,400,4008,4008,32.000000,0,0,16,16,93,93,8,0,626.000000,590,0,0,82,118,0,82,11,7,4,0,11,4,4,4,0,0,0,0,0,71,0,71,71,71,0,0,0,0
1726,15000255,100,2,124.674139954704,75.000000000000,44.000000000000,2.574350722846,1fb3bb92d8589a3,8d15af1f9d36efa1,e05e624fea92df7f,200,131,65.500000,311.167939,276.122317,1.000000,3.800000,313.127227,5.671190,354.420965,4.519084,5.104730,0.000000,0.521036,0.763033,0.403226,0.263682,400,4344,4344,32.000000,0,0,16,16,97,97,18,0,644.000000,592,0,0,83,117,0,83,14,5,9,0,14,9,9,9,0,0,0,0,0,69,0,69,69,69,0,0,0,0
1727,15000256,100,2,145.390695876577,75.000000000000,57.000000000000,1.619574085749,defcb34bcedcdb03,8d15af1f9d36efa1,6f3056ecf1276dfd,200,164,82.000000,324.439024,311.317649,1.000000,4.500000,369.043608,5.476429,389.273648,4.896341,4.376090,0.000000,0.420217,0.744246,0.332502,0.157398,400,4088,4088,32.000000,0,0,16,16,67,67,16,2,582.000000,803,0,0,51,149,0,51,15,7,8,0,15,8,8,8,0,0,0,0,0,36,0,36,36,36,0,0,0,0
1728,15000257,100,2,278.756965115868,425.000000000000,35.000000000000,2.053727025441,cae31e03df0c5349,8d15af1f9d36efa1,37696bd382fe4522,200,132,66.000000,243.015152,249.529905,1.000000,3.600000,277.744802,5.049762,289.278184,3.712121,4.497959,0.000000,0.559353,0.756691,0.449438,0.279412,400,4104,4104,32.000000,0,0,16,16,92,92,6,0,622.000000,490,0,0,80,120,0,80,12,9,3,0,12,3,3,3,0,0,0,0,0,68,0,68,68,68,0,0,0,0
1729,15000258,100,2,279.831119696054,175.000000000000,61.000000000000,2.107491236439,6a18c3d4572bed54,8d15af1f9d36efa1,ef8394af5e795588,200,193,96.500000,221.005181,239.021610,1.000000,3.400000,261.972775,5.549762,266.748220,3.373057,4.909370,0.000000,0.445013,0.722992,0.380590,0.121457,400,4368,4368,32.000000,0,0,16,16,45,45,0,0,522.000000,651,0,0,26,174,0,26,19,19,0,0,19,0,0,0,0,0,0,0,0,7,0,7,7,7,0,0,0,0
1730,15000259,100,2,125.442473310681,325.000000000000,77.000000000000,1.776011063670,3430f3e6d86acf64,8d15af1f9d36efa1,d4082c7184868873,200,187,93.500000,248.240642,279.689756,1.000000,4.000000,324.423688,4.796667,302.962229,3.962567,4.635628,0.000000,0.424242,0.731903,0.350570,0.133333,400,4016,4016,32.000000,0,0,16,16,56,56,2,6,546.000000,741,0,0,33,167,0,33,20,19,1,0,20,1,1,1,0,0,0,0,0,13,0,13,13,13,0,0,0,0
1731,15000260,100,2,39.397711045066,325.000000000000,81.000000000000,2.646139599013,40d8a6ca9a6fb075,8d15af1f9d36efa1,148955d4da93b11a,200,190,95.000000,246.800000,234.039912,1.000000,3.200000,252.091270,6.091667,280.320536,3.600000,5.266082,0.000000,0.442997,0.731183,0.369004,0.140704,400,5040,5040,32.000000,0,0,16,16,51,51,10,2,544.000000,684,0,0,30,170,0,30,20,15,5,0,20,5,5,5,0,0,0,0,0,10,0,10,10,10,0,0,0,0
1732,15000261,100,2,468.732088131111,425.000000000000,59.000000000000,2.395317460725,15f008cf0e9969f3,8d15af1f9d36efa1,49b1d3d19c4745d8,200,158,79.000000,286.424051,238.629052,1.000000,3.600000,295.213905,5.293333,335.891403,4.126582,4.564417,0.000000,0.476726,0.748111,0.380228,0.199017,400,4152,4152,32.000000,0,0,16,16,76,76,10,0,594.000000,652,0,0,59,141,0,59,17,12,5,0,17,5,5,5,0,0,0,0,0,42,0,42,42,42,0,0,0,0
1733,15000262,100,2,45.846849099308,175.000000000000,71.000000000000,2.583480459657,add1716ef3204933,8d15af1f9d36efa1,feae598813646428,200,182,91.000000,324.351648,329.660136,1.000000,4.800000,398.088539,4.993810,389.042565,4.983516,4.541345,0.000000,0.388402,0.742268,0.306044,0.137012,400,4208,4208,32.000000,0,0,16,16,66,66,12,16,576.000000,907,0,0,38,162,0,38,20,14,6,0,20,6,6,6,0,0,0,0,0,18,0,18,18,18,0,0,0,0
1734,15000263,100,2,404.887383338838,325.000000000000,50.000000000000,2.927732828952,f56c5e5bb5d44a73,8d15af1f9d36efa1,a87da8296b35e4b5,200,200,100.000000,238.180000,244.760666,1.000000,3.500000,284.783687,4.926667,277.634182,3.635000,4.477304,0.000000,0.415125,0.720670,0.354925,0.103576,400,3920,3920,32.000000,0,0,16,16,40,40,4,0,516.000000,727,0,0,20,180,0,20,20,18,2,0,20,2,2,2,0,0,0,0,0,0,0,0,0,0,0,0,0,0
1735,15000264,100,2,119.854494515723,325.000000000000,56.000000000000,2.889399205066,dd87a81b14a0b625,8d15af1f9d36efa1,bc7907aeef925b8f,200,193,96.500000,218.932642,224.813660,1.000000,3.400000,278.034490,5.283333,258.396107,3.398964,4.855183,0.000000,0.445008,0.724518,0.378788,0.125333,400,4240,4240,32.000000,0,0,16,16,47,47,0,0,526.000000,656,0,0,27,173,0,27,20,20,0,0,20,0,0,0,0,0,0,0,0,7,0,7,7,7,0,0,0,0
1736,15000265,100,2,153.871894184313,175.000000000000,79.000000000000,1.626814376398,54759892bec2bad8,8d15af1f9d36efa1,780afd50d1a4635c,200,193,96.500000,292.922280,236.073982,1.000000,4.500000,369.197014,4.781667,364.093675,4.373057,4.842417,0.000000,0.383041,0.723757,0.321543,0.098291,400,4304,4304,32.000000,0,0,16,16,46,46,0,2,524.000000,844,0,0,26,174,0,26,19,19,0,0,19,0,0,0,0,0,0,0,0,7,0,7,7,7,0,0,0,0
1737,15000266,100,2,85.189373634651,175.000000000000,70.000000000000,2.879046616232,f9c7a5cd58cd3b5d,8d15af1f9d36efa1,a81a10505bd94d59,200,196,98.000000,241.275510,242.176992,1.000000,3.200000,271.347753,6.525000,285.360278,3.403061,5.925037,0.000000,0.440905,0.724518,0.374883,0.123522,400,4456,4456,32.000000,0,0,16,16,44,44,6,0,526.000000,667,0,0,24,176,0,24,20,17,3,0,20,3,3,3,0,0,0,0,0,4,0,4,4,4,0,0,0,0
1738,15000267,100,2,428.477954879248,425.000000000000,62.000000000000,2.526619584678,d6a3fe75e102a550,8d15af1f9d36efa1,a9c1b2d5925bb3d9,200,126,63.000000,295.587302,289.705570,1.000000,4.100000,311.824946,6.081190,358.664539,4.261905,5.234637,0.000000,0.543755,0.761905,0.426894,0.279195,400,4304,4304,32.000000,0,0,16,16,100,100,8,0,640.000000,537,0,0,87,113,0,87,13,9,4,0,13,4,4,4,0,0,0,0,0,74,0,74,74,74,0,0,0,0
1739,15000268,100,2,475.201971175730,175.000000000000,83.000000000000,2.340813251826,a545ff17930faa76,8d15af1f9d36efa1,cc794c807b01f079,200,187,93.500000,302.406417,324.407572,1.000000,4.700000,373.300253,4.861429,374.444817,4.679144,4.881143,0.000000,0.385965,0.733333,0.313725,0.118832,400,4576,4576,32.000000,0,0,16,16,53,53,12,0,550.000000,875,0,0,33,167,0,33,20,14,6,0,20,6,6,6,0,0,0,0,0,13,0,13,13,13,0,0,0,0
1740,15000269,100,2,129.653187659169,425.000000000000,43.000000000000,2.902413934601,b971c03077b2598d,8d15af1f9d36efa1,d683bf5106ebd315,200,133,66.500000,239.157895,247.855531,1.000000,3.400000,273.159688,5.360000,269.036583,3.345865,5.685393,0.000000,0.586047,0.759036,0.473373,0.307932,400,4008,4008,32.000000,0,0,16,16,96,96,6,6,630.000000,445,0,0,80,120,0,80,13,10,3,0,13,3,3,3,0,0,0,0,0,67,0,67,67,67,0,0,0,0
1741,15000270,100,2,260.901152903464,425.000000000000,34.000000000000,1.774929707410,e001420b6ccddc8e,8d15af1f9d36efa1,a96700199358158a,200,125,62.500000,226.408000,219.835233,1.000000,3.000000,246.117522,6.500000,275.700941,3.384000,5.817967,0.000000,0.599811,0.760192,0.486027,0.323200,400,4352,4352,32.000000,0,0,16,16,97,97,8,0,634.000000,423,0,0,86,114,0,86,11,7,4,0,11,4,4,4,0,0,0,0,0,75,0,75,75,75,0,0,0,0
1742,15000271,100,2,344.536245812654,425.000000000000,55.000000000000,1.836343344235,cade20eff07ef1d3,8d15af1f9d36efa1,3f8f7a5020779eb4,200,150,75.000000,282.600000,260.834340,1.000000,3.600000,294.841791,4.678333,339.002713,4.173333,4.343450,0.000000,0.490228,0.750623,0.389864,0.213568,400,4016,4016,32.000000,0,0,16,16,83,83,4,2,602.000000,626,0,0,66,134,0,66,16,14,2,0,16,2,2,2,0,0,0,0,0,50,0,50,50,50,0,0,0,0
1743,15000272,100,2,112.765244237928,175.000000000000,59.000000000000,2.738944159352,44e243b889ed2658,8d15af1f9d36efa1,a72862505b0ba30e,200,195,97.500000,170.600000,173.665969,1.000000,2.400000,195.823911,5.016667,192.567573,2.548718,4.329980,0.000000,0.513222,0.723757,0.445931,0.156197,400,3920,3920,32.000000,0,0,16,16,45,45,2,0,524.000000,497,0,0,25,175,0,25,20,19,1,0,20,1,1,1,0,0,0,0,0,5,0,5,5,5,0,0,0,0
1744,15000273,100,2,110.760689307958,75.000000000000,42.000000000000,2.802813139868,701c1f6cbdabb51f,8d15af1f9d36efa1,a82791505be4b2e8,200,152,76.000000,263.125000,285.488753,1.000000,3.900000,318.676347,4.700000,324.399342,3.914474,4.467227,0.000000,0.497890,0.746835,0.402010,0.209827,400,3856,3856,32.000000,0,0,16,16,76,76,6,0,590.000000,595,0,0,62,138,0,62,14,11,3,0,14,3,3,3,0,0,0,0,0,48,0,48,48,48,0,0,0,0
1745,15000274,100,2,201.952160094751,325.000000000000,54.000000000000,2.414320470270,cba4975cb11d87d1,8d15af1f9d36efa1,e1640fc0678e7ee0,200,176,88.000000,209.931818,200.270427,1.000000,2.800000,218.477440,4.370238,234.484881,2.982955,3.845714,0.000000,0.525745,0.744246,0.432432,0.222222,400,3816,3816,32.000000,0,0,16,16,72,72,6,28,582.000000,525,0,0,41,159,0,41,17,14,3,0,17,3,3,3,0,0,0,0,0,24,0,24,24,24,0,0,0,0
1746,15000275,100,2,364.594675194718,325.000000000000,57.000000000000,2.654215661026,e01b7caf9000ec8,8d15af1f9d36efa1,ee30d3a97886b401,200,200,100.000000,282.100000,282.595772,1.000000,4.200000,344.769504,5.193214,351.085909,4.505000,4.500555,0.000000,0.365046,0.721448,0.307456,0.087133,400,4392,4392,32.000000,0,0,16,16,40,40,6,0,518.000000,901,0,0,20,180,0,20,20,17,3,0,20,3,3,3,0,0,0,0,0,0,0,0,0,0,0,0,0,0
1747,15000276,100,2,252.817957837568,75.000000000000,41.000000000000,1.735599033729,14a232cd58ede651,8d15af1f9d36efa1,10b1d44f750237b5,200,131,65.500000,204.763359,195.174570,1.000000,3.000000,238.764129,5.175000,215.833956,2.755725,4.944598,0.000000,0.635721,0.759036,0.525624,0.354204,400,4544,4544,32.000000,0,0,16,16,95,95,8,0,630.000000,361,0,0,82,118,0,82,13,9,4,0,13,4,4,4,0,0,0,0,0,69,0,69,69,69,0,0,0,0
1748,15000277,100,2,158.696759710792,75.000000000000,41.000000000000,2.604387825325,319ed8d763ece4c1,8d15af1f9d36efa1,faadad0cb6814be8,200,164,82.000000,179.030488,186.251394,1.000000,2.700000,204.316761,4.640000,194.986005,2.628049,4.389791,0.000000,0.569431,0.740260,0.481348,0.242531,400,3904,3904,32.000000,0,0,16,16,68,68,2,0,570.000000,431,0,0,52,148,0,52,16,15,1,0,16,1,1,1,0,0,0,0,0,36,0,36,36,36,0,0,0,0
1749,15000278,100,2,217.337809191133,425.000000000000,29.000000000000,2.022057597746,f608130814079519,8d15af1f9d36efa1,2ede02b2088ccda7,200,78,39.000000,313.589744,328.767182,1.000000,4.800000,392.611407,4.983333,396.141807,4.987179,5.156812,0.000000,0.645397,0.779736,0.506971,0.415038,400,4608,4608,32.000000,0,0,16,16,136,136,4,0,708.000000,389,0,0,129,71,0,129,7,5,2,0,7,2,2,2,0,0,0,0,0,122,0,122,122,122,0,0,0,0
1750,15000279,100,2,376.095923080155,75.000000000000,46.000000000000,2.862824252498,83dbaf5af4fecc96,8d15af1f9d36efa1,29143e26bb34f497,200,142,71.000000,231.274648,270.834743,1.000000,3.900000,310.139024,5.341190,271.598090,3.359155,4.339623,0.000000,0.561983,0.753695,0.456100,0.273973,400,3832,3832,32.000000,0,0,16,16,87,87,6,2,612.000000,477,0,0,72,128,0,72,14,11,3,0,14,3,3,3,0,0,0,0,0,58,0,58,58,58,0,0,0,0
1751,15000280,100,2,49.011373216876,175.000000000000,86.000000000000,1.832774575389,36e916b19332094,8d15af1f9d36efa1,3991938002874db7,200,182,91.000000,292.565934,271.107390,1.000000,4.100000,323.139983,4.846190,346.571338,4.296703,4.781330,0.000000,0.417288,0.736842,0.338409,0.140659,400,4480,4480,32.000000,0,0,16,16,58,58,12,0,560.000000,782,0,0,38,162,0,38,20,14,6,0,20,6,6,6,0,0,0,0,0,18,0,18,18,18,0,0,0,0
1752,15000281,100,2,387.162578095144,325.000000000000,78.000000000000,2.143249401257,77006fe990280d69,8d15af1f9d36efa1,caeb134339b6ca4b,200,200,100.000000,285.010000,289.661959,1.000000,4.300000,327.745189,4.922381,350.269005,4.300000,5.126744,0.000000,0.378613,0.723757,0.317460,0.096639,400,4344,4344,32.000000,0,0,16,16,40,40,12,0,524.000000,860,0,0,20,180,0,20,20,14,6,0,20,6,6,6,0,0,0,0,0,0,0,0,0,0,0,0,0,0
1753,15000282,100,2,34.872607310076,325.000000000000,83.000000000000,1.974156553339,2970218a802be846,8d15af1f9d36efa1,c22e956e49db76fb,200,158,79.000000,260.575949,258.332877,1.000000,3.600000,283.153365,5.263333,303.820926,3.886076,4.812704,0.000000,0.491722,0.748111,0.394477,0.208763,400,4200,4200,32.000000,0,0,16,16,76,76,10,0,594.000000,614,0,0,59,141,0,59,17,12,5,0,17,5,5,5,0,0,0,0,0,42,0,42,42,42,0,0,0,0
1754,15000283,100,2,430.556863533675,75.000000000000,48.000000000000,2.574637837332,66106c99e9bcc847,8d15af1f9d36efa1,92c5124fbeb94f42,200,191,95.500000,201.219895,200.960604,1.000000,2.800000,227.127621,4.875000,219.630548,2.821990,4.487941,0.000000,0.501388,0.730458,0.425985,0.169492,400,4424,4424,32.000000,0,0,16,16,49,49,12,0,542.000000,539,0,0,29,171,0,29,20,14,6,0,20,6,6,6,0,0,0,0,0,9,0,9,9,9,0,0,0,0
1755,15000284,100,2,380.430840906934,325.000000000000,59.000000000000,2.602205457233,fcab5e19926a116a,8d15af1f9d36efa1,a007946e717a2614,200,186,93.000000,259.215054,255.518284,1.000000,3.900000,319.786660,4.155238,314.416798,3.924731,3.856164,0.000000,0.426551,0.730821,0.353982,0.133017,400,3672,3672,31.000000,0,0,16,15,54,54,4,0,543.000000,730,0,0,34,166,0,34,20,18,2,0,20,2,2,2,0,0,0,0,0,14,0,14,14,14,0,0,0,0
1756,15000285,100,2,21.182024952080,325.000000000000,70.000000000000,2.866618381424,a5a8d37d042f7187,8d15af1f9d36efa1,ee590de93a4c453a,200,161,80.500000,287.403727,292.273052,1.000000,4.300000,336.689755,4.747262,350.627609,4.527950,4.508916,0.000000,0.461993,0.757869,0.354296,0.210184,400,3776,3776,32.000000,0,0,16,16,93,93,8,36,626.000000,729,0,0,57,143,0,57,18,14,4,0,18,4,4,4,0,0,0,0,0,39,0,39,39,39,0,0,0,0
1757,15000286,100,2,102.722046236340,425.000000000000,49.000000000000,2.905761108990,39341ab79ad289b6,8d15af1f9d36efa1,980f984f30dbcec5,200,180,90.000000,225.233333,231.904393,1.000000,3.100000,253.991103,6.423333,255.279505,3.066667,5.717391,0.000000,0.500904,0.734748,0.420168,0.181009,400,4648,4648,32.000000,0,0,16,16,58,58,6,4,554.000000,552,0,0,38,162,0,38,18,15,3,0,18,3,3,3,0,0,0,0,0,20,0,20,20,20,0,0,0,0
1758,15000287,100,2,302.873237516774,325.000000000000,63.000000000000,1.823386299915,92e72724799c43b0,8d15af1f9d36efa1,846ef9129b82f1f9,200,200,100.000000,251.090000,271.222195,1.000000,3.700000,291.546008,5.286667,304.404154,3.700000,4.837838,0.000000,0.409417,0.719495,0.350877,0.099757,400,4136,4136,31.000000,0,0,16,15,40,40,2,0,513.000000,740,0,0,20,180,0,20,20,19,1,0,20,1,1,1,0,0,0,0,0,0,0,0,0,0,0,0,0,0
1759,15000288,100,2,8.561754421998,75.000000000000,65.000000000000,1.785041701855,b6d367c7f16e97b8,8d15af1f9d36efa1,16b6955bf23da708,200,83,41.500000,201.867470,232.380852,1.000000,3.100000,256.776801,4.480000,201.838315,2.349398,4.907692,0.000000,0.787813,0.783550,0.672269,0.599589,400,3912,3912,32.000000,0,0,16,16,145,145,2,12,724.000000,195,0,0,128,72,0,128,11,10,1,0,11,1,1,1,0,0,0,0,0,117,0,117,117,117,0,0,0,0
1760,15000289,100,2,461.438125632981,175.000000000000,78.000000000000,2.623192732427,2415765bfc4116dd,8d15af1f9d36efa1,1aa339f908b6056c,200,162,81.000000,245.388889,236.278130,1.000000,3.400000,267.602107,4.709762,281.778755,3.580247,4.363793,0.000000,0.502573,0.745547,0.408163,0.209809,400,4184,4184,32.000000,0,0,16,16,74,74,6,4,586.000000,580,0,0,55,145,0,55,17,14,3,0,17,3,3,3,0,0,0,0,0,38,0,38,38,38,0,0,0,0
1761,15000290,100,2,110.096376747623,175.000000000000,57.000000000000,2.566865525600,9736c0acba33e59c,8d15af1f9d36efa1,f263fb4b9d7dca1b,200,198,99.000000,258.631313,275.464767,1.000000,4.000000,311.378804,3.870000,302.675612,3.989899,4.132911,0.000000,0.396486,0.721836,0.336134,0.100228,400,4288,4288,31.000000,0,0,16,15,44,44,0,4,519.000000,790,0,0,22,178,0,22,20,20,0,0,20,0,0,0,0,0,0,0,0,2,0,2,2,2,0,0,0,0
1762,15000291,100,2,375.396926833804,325.000000000000,64.000000000000,2.535015957319,ed4ef02fa3f7cc8c,8d15af1f9d36efa1,9040196802ffde45,200,200,100.000000,228.145000,231.617529,1.000000,3.600000,269.352966,4.647619,270.027161,3.600000,4.590278,0.000000,0.416532,0.719888,0.357143,0.102244,400,4096,4096,32.000000,0,0,16,16,40,40,2,0,514.000000,720,0,0,20,180,0,20,20,19,1,0,20,1,1,1,0,0,0,0,0,0,0,0,0,0,0,0,0,0
1763,15000292,100,2,87.172143270716,75.000000000000,57.000000000000,2.282546926613,456cee16c85e4f6d,8d15af1f9d36efa1,ddba77957fe2360b,200,137,68.500000,291.795620,299.800040,1.000000,4.400000,335.970144,5.438571,340.463096,4.262774,4.962329,0.000000,0.518152,0.758454,0.406504,0.251282,400,4072,4072,32.000000,0,0,16,16,91,91,14,0,628.000000,584,0,0,77,123,0,77,14,7,7,0,14,7,7,7,0,0,0,0,0,63,0,63,63,63,0,0,0,0
1764,15000293,100,2,455.560023152662,425.000000000000,60.000000000000,2.480372419264,6f46dc07ba0da1fc,8d15af1f9d36efa1,67a26c50c89b7598,200,121,60.500000,306.016529,273.821937,1.000000,4.300000,329.141277,4.400000,348.070750,4.743802,3.925087,0.000000,0.534846,0.767442,0.410678,0.284289,400,4312,4312,32.000000,0,0,16,16,105,105,18,0,660.000000,574,0,0,92,108,0,92,13,4,9,0,13,9,9,9,0,0,0,0,0,79,0,79,79,79,0,0,0,0
1765,15000294,100,2,352.782300047225,75.000000000000,49.000000000000,2.396104031078,f3b7349f2488f3af,8d15af1f9d36efa1,5ed3b350c393f156,200,174,87.000000,188.729885,194.035059,1.000000,2.600000,210.065607,5.561667,205.960530,2.563218,5.410314,0.000000,0.555777,0.736148,0.472813,0.220280,400,4192,4192,32.000000,0,0,16,16,61,61,4,2,558.000000,446,0,0,43,157,0,43,17,15,2,0,17,2,2,2,0,0,0,0,0,26,0,26,26,26,0,0,0,0
1766,15000295,100,2,184.307169960382,325.000000000000,71.000000000000,1.621959146393,cae9f31c732bd511,8d15af1f9d36efa1,e4061f9be2be6851,200,186,93.000000,246.580645,268.668421,1.000000,4.000000,319.263215,4.075000,308.325247,3.924731,4.083562,0.000000,0.421553,0.726776,0.353982,0.120482,400,3880,3880,32.000000,0,0,16,16,50,50,0,0,532.000000,730,0,0,32,168,0,32,18,18,0,0,18,0,0,0,0,0,0,0,0,14,0,14,14,14,0,0,0,0
1767,15000296,100,2,213.689832166114,75.000000000000,44.000000000000,1.944832842172,eb7284f7f104b5f1,8d15af1f9d36efa1,80ce0994fed925e4,200,183,91.500000,196.229508,195.279917,1.000000,2.900000,220.382872,4.363333,207.908929,2.890710,4.525520,0.000000,0.513339,0.736148,0.430571,0.192366,400,3848,3848,32.000000,0,0,16,16,56,56,14,2,558.000000,529,0,0,36,164,0,36,19,12,7,0,19,7,7,7,0,0,0,0,0,17,0,17,17,17,0,0,0,0
1768,15000297,100,2,102.867632291648,325.000000000000,88.000000000000,1.814897959290,121370bb0784ced2,8d15af1f9d36efa1,382fa27e2e08b03e,200,191,95.500000,213.518325,225.570920,1.000000,3.100000,247.031510,6.375000,250.205616,3.104712,5.912310,0.000000,0.474756,0.728261,0.402820,0.149211,400,4680,4680,32.000000,0,0,16,16,49,49,6,0,536.000000,593,0,0,29,171,0,29,20,17,3,0,20,3,3,3,0,0,0,0,0,9,0,9,9,9,0,0,0,0
1769,15000298,100,2,463.043722978162,425.000000000000,63.000000000000,2.239022610977,a46f18674a64ed0,8d15af1f9d36efa1,dc969d4f5774c8de,200,196,98.000000,312.908163,315.538047,1.000000,4.500000,362.800651,5.243333,381.719979,4.790816,4.577210,0.000000,0.362525,0.727520,0.298730,0.097983,400,4128,4128,32.000000,0,0,16,16,44,44,14,0,534.000000,939,0,0,24,176,0,24,20,13,7,0,20,7,7,7,0,0,0,0,0,4,0,4,4,4,0,0,0,0
1770,15000299,100,2,315.705596158385,425.000000000000,58.000000000000,2.031814032856,fdcd563f96697654,8d15af1f9d36efa1,453fa87b20360e83,200,138,69.000000,206.420290,231.371836,1.000000,3.400000,274.624633,5.086667,243.838305,3.355072,4.762419,0.000000,0.570102,0.754300,0.463499,0.282171,400,4224,4224,32.000000,0,0,16,16,90,90,2,0,614.000000,463,0,0,76,124,0,76,14,13,1,0,14,1,1,1,0,0,0,0,0,62,0,62,62,62,0,0,0,0
1771,15000300,100,2,72.529701152271,425.000000000000,50.000000000000,2.964594845813,c0b6087de37e09e,8d15af1f9d36efa1,84d0d2c522bbc884,200,132,66.000000,274.856061,263.403536,1.000000,4.000000,305.462441,4.240833,329.709327,4.454545,3.848639,0.000000,0.516447,0.758454,0.404858,0.250000,400,3848,3848,32.000000,0,0,16,16,92,92,12,0,628.000000,588,0,0,80,120,0,80,12,6,6,0,12,6,6,6,0,0,0,0,0,68,0,68,68,68,0,0,0,0
1772,15000301,100,2,89.283849089516,75.000000000000,43.000000000000,2.860245271616,cafa8fba52db105a,8d15af1f9d36efa1,8aaa474fba4a80ed,200,129,64.500000,238.976744,248.835914,1.000000,3.700000,309.214444,5.115000,284.567555,3.744186,4.509317,0.000000,0.565257,0.758454,0.453001,0.288660,400,4368,4368,32.000000,0,0,16,16,97,97,2,0,628.000000,483,0,0,84,116,0,84,13,12,1,0,13,1,1,1,0,0,0,0,0,71,0,71,71,71,0,0,0,0
1773,15000302,100,2,96.868417742431,75.000000000000,54.000000000000,2.615750950481,ec8c7b88ac0f3658,8d15af1f9d36efa1,69d6fe483c568b21,200,148,74.000000,302.925676,287.215944,1.000000,3.700000,303.401435,5.053333,370.824617,4.337838,4.996885,0.000000,0.483923,0.750623,0.383877,0.209360,400,4152,4152,32.000000,0,0,16,16,80,80,10,0,602.000000,642,0,0,66,134,0,66,14,9,5,0,14,5,5,5,0,0,0,0,0,52,0,52,52,52,0,0,0,0
1774,15000303,100,2,377.348385064083,325.000000000000,70.000000000000,2.604231282871,c4289f959b2a9111,8d15af1f9d36efa1,3167ef9999c17611,200,200,100.000000,222.240000,222.059780,1.000000,3.200000,267.744658,6.600238,264.366654,3.200000,5.448437,0.000000,0.446367,0.720670,0.384615,0.116022,400,4488,4488,32.000000,0,0,16,16,40,40,4,0,516.000000,640,0,0,20,180,0,20,20,18,2,0,20,2,2,2,0,0,0,0,0,0,0,0,0,0,0,0,0,0
1775,15000304,100,2,258.076755650082,75.000000000000,38.000000000000,1.915309527989,8db633584f77076d,8d15af1f9d36efa1,10c55a42493a4e36,200,159,79.500000,312.037736,285.258584,1.000000,4.100000,317.333185,4.659762,370.455616,4.635220,4.811398,0.000000,0.442933,0.745547,0.351803,0.172840,400,4184,4184,32.000000,0,0,16,16,73,73,8,4,586.000000,737,0,0,56,144,0,56,15,11,4,0,15,4,4,4,0,0,0,0,0,41,0,41,41,41,0,0,0,0
1776,15000305,100,2,101.978463793044,425.000000000000,51.000000000000,2.903738016433,75c6eb370cb2cfcf,8d15af1f9d36efa1,3d2cee850a73f8b6,200,129,64.500000,222.930233,250.940370,1.000000,3.300000,276.710967,5.231667,276.895223,3.465116,5.069351,0.000000,0.583411,0.757869,0.472255,0.302652,400,4376,4376,32.000000,0,0,16,16,97,97,0,0,626.000000,447,0,0,84,116,0,84,13,13,0,0,13,0,0,0,0,0,0,0,0,71,0,71,71,71,0,0,0,0
1777,15000306,100,2,159.327208958625,175.000000000000,66.000000000000,2.397020346381,e9aa0876017d5b84,8d15af1f9d36efa1,dca0924f577d0ab2,200,192,96.000000,198.416667,203.055015,1.000000,3.100000,248.159090,4.550000,226.676784,3.000000,4.114583,0.000000,0.478733,0.725652,0.409836,0.145401,400,4408,4408,31.000000,0,0,16,15,46,46,6,0,529.000000,576,0,0,27,173,0,27,19,16,3,0,19,3,3,3,0,0,0,0,0,8,0,8,8,8,0,0,0,0
1778,15000307,100,2,103.508194510683,325.000000000000,63.000000000000,2.484585076840,27955dc97800d2f7,8d15af1f9d36efa1,ba56a84f442b7219,200,186,93.000000,269.790323,289.439977,1.000000,4.100000,343.328783,4.366667,336.421050,4.279570,4.204774,0.000000,0.404192,0.729730,0.334448,0.119469,400,4304,4304,32.000000,0,0,16,16,50,50,8,0,540.000000,796,0,0,32,168,0,32,18,14,4,0,18,4,4,4,0,0,0,0,0,14,0,14,14,14,0,0,0,0
1779,15000308,100,2,153.988835263800,75.000000000000,47.000000000000,2.549624469476,2ab4efbae50621a8,8d15af1f9d36efa1,ee19604f616d934d,200,91,45.500000,266.538462,254.448816,0.900000,3.200000,305.539813,5.262963,308.053884,3.791209,4.400000,0.000000,0.658077,0.768519,0.536913,0.402080,400,3808,3808,32.000000,0,0,16,16,112,112,8,2,664.000000,345,0,0,100,81,0,100,11,7,4,0,11,4,4,3,1,0,0,0,0,89,20,89,109,90,19,0,0,0
1780,15000309,100,2,443.782780580612,425.000000000000,45.000000000000,2.896517002554,583f96bb01b770bd,8d15af1f9d36efa1,6b3018e835101fc2,200,127,63.500000,228.078740,228.003853,1.000000,3.200000,250.767099,5.596667,269.702982,3.440945,4.750572,0.000000,0.591970,0.760192,0.477897,0.316119,400,4560,4560,32.000000,0,0,16,16,99,99,4,4,634.000000,437,0,0,85,115,0,85,12,10,2,0,12,2,2,2,0,0,0,0,0,73,0,73,73,73,0,0,0,0
1781,15000310,100,2,246.810984300680,325.000000000000,61.000000000000,1.724973686602,c3178e1a90c0c337,8d15af1f9d36efa1,fa3fee61ba1cbde4,200,200,100.000000,243.980000,257.209131,1.000000,3.800000,299.017953,4.344286,291.269334,3.800000,4.526316,0.000000,0.405321,0.721448,0.344828,0.101655,400,3728,3728,32.000000,0,0,16,16,40,40,6,0,518.000000,760,0,0,20,180,0,20,20,17,3,0,20,3,3,3,0,0,0,0,0,0,0,0,0,0,0,0,0,0
1782,15000311,100,2,313.894577144038,425.000000000000,59.000000000000,1.583017901999,9c6a0873a4df0853,8d15af1f9d36efa1,346ea6f8374be6ba,200,158,79.000000,291.018987,292.825210,1.000000,4.200000,345.587006,5.403690,361.202127,4.506329,4.931180,0.000000,0.448916,0.743590,0.359712,0.172093,400,4064,4064,32.000000,0,0,16,16,70,70,8,0,580.000000,712,0,0,56,144,0,56,14,10,4,0,14,4,4,4,0,0,0,0,0,42,0,42,42,42,0,0,0,0
1783,15000312,100,2,418.404305097034,325.000000000000,71.000000000000,2.010907941404,7a20ef41e0c64c7b,8d15af1f9d36efa1,79602542c1734de2,200,199,99.500000,215.969849,224.472234,1.000000,3.100000,247.440604,4.396667,257.569142,3.165829,4.371429,0.000000,0.451220,0.721448,0.388350,0.120112,400,4016,4016,32.000000,0,0,16,16,41,41,4,0,518.000000,630,0,0,21,179,0,21,20,18,2,0,20,2,2,2,0,0,0,0,0,1,0,1,1,1,0,0,0,0
1784,15000313,100,2,449.444103965368,75.000000000000,53.000000000000,2.868480682396,7881c0335f3216ad,8d15af1f9d36efa1,966c2fca7363b899,200,157,78.500000,242.178344,216.482349,1.000000,3.200000,254.562198,4.742619,266.977635,3.700637,3.956971,0.000000,0.504689,0.747475,0.407747,0.215924,400,4496,4496,32.000000,0,0,16,16,76,76,8,2,592.000000,581,0,0,59,141,0,59,16,12,4,0,16,4,4,4,0,0,0,0,0,43,0,43,43,43,0,0,0,0
1785,15000314,100,2,217.720312940050,425.000000000000,38.000000000000,1.786350212097,88c7be5cca970625,8d15af1f9d36efa1,4b0468f33091d7da,200,156,78.000000,263.532051,276.173487,1.000000,4.000000,320.739706,5.691667,320.514679,4.089744,4.460815,0.000000,0.478758,0.745547,0.385356,0.194444,400,4064,4064,32.000000,0,0,16,16,74,74,6,0,586.000000,638,0,0,59,141,0,59,15,12,3,0,15,3,3,3,0,0,0,0,0,44,0,44,44,44,0,0,0,0
1786,15000315,100,2,351.719848934061,175.000000000000,54.000000000000,2.829762583854,d812d43d1919447,8d15af1f9d36efa1,2b6f994f845e2151,200,199,99.500000,253.070352,259.483206,1.000000,3.600000,283.267158,5.225000,301.680518,3.773869,4.920107,0.000000,0.409127,0.722222,0.347524,0.104887,400,3880,3880,32.000000,0,0,16,16,42,42,4,2,520.000000,751,0,0,21,179,0,21,20,18,2,0,20,2,2,2,0,0,0,0,0,1,0,1,1,1,0,0,0,0
1787,15000316,100,2,43.490099514894,75.000000000000,62.000000000000,1.988427280666,89bf24e4de5cb440,8d15af1f9d36efa1,33404750aad222b4,200,100,50.000000,159.090000,219.631623,1.000000,3.300000,251.912061,5.560000,175.634357,2.200000,5.818182,0.000000,0.753363,0.770642,0.645161,0.521739,400,4608,4608,32.000000,0,0,16,16,120,120,0,0,672.000000,220,0,0,110,90,0,110,10,10,0,0,10,0,0,0,0,0,0,0,0,100,0,100,100,100,0,0,0,0
1788,15000317,100,2,296.109698497979,325.000000000000,58.000000000000,2.100683469234,db44545c9c9f6083,8d15af1f9d36efa1,e4644411afc9ffbe,200,173,86.500000,231.867052,238.164955,1.000000,3.300000,270.087798,5.028333,275.224272,3.462428,4.757930,0.000000,0.481385,0.735450,0.400400,0.171508,400,4144,4144,32.000000,0,0,16,16,61,61,2,0,556.000000,599,0,0,44,156,0,44,17,16,1,0,17,1,1,1,0,0,0,0,0,27,0,27,27,27,0,0,0,0
1789,15000318,100,2,387.651045063520,75.000000000000,46.000000000000,2.787008124016,b8e4db6301e2531,8d15af1f9d36efa1,754567503f61926c,200,129,64.500000,299.178295,311.765417,1.000000,4.500000,345.726594,5.337500,352.558243,4.658915,4.550749,0.000000,0.515713,0.761905,0.399600,0.257108,400,4152,4152,32.000000,0,0,16,16,101,101,6,0,640.000000,601,0,0,86,114,0,86,15,12,3,0,15,3,3,3,0,0,0,0,0,71,0,71,71,71,0,0,0,0
1790,15000319,100,2,76.641268882912,175.000000000000,64.000000000000,2.821811424617,517963d0e7d1b045,8d15af1f9d36efa1,79fa6065b890daab,200,188,94.000000,206.021277,208.348323,1.000000,2.800000,228.346714,5.626667,235.734274,3.010638,5.233216,0.000000,0.487319,0.728997,0.414079,0.157738,400,4272,4272,32.000000,0,0,16,16,53,53,0,2,538.000000,566,0,0,32,168,0,32,20,20,0,0,20,0,0,0,0,0,0,0,0,12,0,12,12,12,0,0,0,0
1791,15000320,100,2,253.182704350912,325.000000000000,63.000000000000,1.578269227141,c10c043394bcd7e4,8d15af1f9d36efa1,d4e5a0315033835b,200,200,100.000000,241.525000,253.332015,1.000000,3.900000,294.813322,4.803333,289.106343,3.900000,4.666667,0.000000,0.398148,0.720670,0.338983,0.097222,400,4248,4248,32.000000,0,0,16,16,40,40,4,0,516.000000,780,0,0,20,180,0,20,20,18,2,0,20,2,2,2,0,0,0,0,0,0,0,0,0,0,0,0,0,0
1792,15000321,100,2,185.329322572260,325.000000000000,57.000000000000,2.131930602995,b6c4b20b330d624d,8d15af1f9d36efa1,331cb4e31ed4d8a9,200,200,100.000000,274.635000,296.713322,1.000000,4.200000,348.496507,4.898333,342.179477,4.300000,4.308140,0.000000,0.375000,0.720670,0.317460,0.088983,400,4096,4096,32.000000,0,0,16,16,40,40,4,0,516.000000,860,0,0,20,180,0,20,20,18,2,0,20,2,2,2,0,0,0,0,0,0,0,0,0,0,0,0,0,0
1793,15000322,100,2,186.367209051584,175.000000000000,63.000000000000,2.139857206881,bed89feb52438825,8d15af1f9d36efa1,47cda048d838b08f,200,193,96.500000,272.000000,286.041604,1.000000,4.400000,346.147697,5.334524,341.719967,4.373057,5.010664,0.000000,0.383942,0.724518,0.321543,0.100213,400,4032,4032,32.000000,0,0,16,16,47,47,0,0,526.000000,844,0,0,27,173,0,27,20,20,0,0,20,0,0,0,0,0,0,0,0,7,0,7,7,7,0,0,0,0
1794,15000323,100,2,278.559430726337,75.000000000000,53.000000000000,1.798104069523,759888d8f184ceda,8d15af1f9d36efa1,bc7f7aa245dd2278,200,154,77.000000,274.785714,287.833562,1.000000,4.100000,327.812820,6.423333,334.517651,4.298701,5.149547,0.000000,0.470400,0.746193,0.376648,0.190709,400,4048,4048,32.000000,0,0,16,16,75,75,6,2,588.000000,662,0,0,60,140,0,60,14,11,3,0,14,3,3,3,0,0,0,0,0,46,0,46,46,46,0,0,0,0
1795,15000324,100,2,438.492984320163,75.000000000000,66.000000000000,2.029270905219,62ef4fb80eb610e4,8d15af1f9d36efa1,d906b1437a3b39b9,200,186,93.000000,248.983871,251.686500,1.000000,3.600000,291.118231,5.011667,291.347190,3.569892,5.015060,0.000000,0.451240,0.731903,0.375940,0.146530,400,4336,4336,32.000000,0,0,16,16,50,50,14,0,546.000000,664,0,0,32,168,0,32,18,11,7,0,18,7,7,7,0,0,0,0,0,14,0,14,14,14,0,0,0,0
1796,15000325,100,2,202.292117488157,425.000000000000,49.000000000000,2.095545853774,85612153f50bc5b,8d15af1f9d36efa1,9adcb800c5ab0ee8,200,162,81.000000,242.524691,256.141507,1.000000,3.700000,304.454581,4.905714,286.090550,3.635802,4.679117,0.000000,0.494421,0.742268,0.404449,0.196453,400,4224,4224,32.000000,0,0,16,16,68,68,8,0,576.000000,589,0,0,53,147,0,53,15,11,4,0,15,4,4,4,0,0,0,0,0,38,0,38,38,38,0,0,0,0
1797,15000326,100,2,130.930025985258,425.000000000000,34.000000000000,2.831345318441,5cb112946a8693ba,8d15af1f9d36efa1,fe0fb4fd9acd92af,200,159,79.500000,252.842767,260.526483,1.000000,3.600000,293.651925,5.008333,287.152045,3.515723,4.300537,0.000000,0.514335,0.747475,0.417101,0.222531,400,4080,4080,32.000000,0,0,16,16,75,75,10,0,592.000000,559,0,0,58,142,0,58,17,12,5,0,17,5,5,5,0,0,0,0,0,41,0,41,41,41,0,0,0,0
1798,15000327,100,2,68.173335914315,425.000000000000,67.000000000000,2.031619038973,5f6aa33eb4bf71c0,8d15af1f9d36efa1,a4fcef0343221ed9,200,134,67.000000,250.641791,265.927755,1.000000,3.500000,293.315061,5.698333,299.216371,3.410448,5.391685,0.000000,0.578024,0.757869,0.466744,0.298003,400,4544,4544,32.000000,0,0,16,16,94,94,6,0,626.000000,457,0,0,80,120,0,80,14,11,3,0,14,3,3,3,0,0,0,0,0,66,0,66,66,66,0,0,0,0
1799,15000328,100,2,469.956249667467,425.000000000000,57.000000000000,2.426167396809,aba0cfdb4f8593c,8d15af1f9d36efa1,e88b3e5111558db9,200,139,69.500000,236.374101,232.771715,1.000000,3.300000,259.670565,3.675714,248.314475,3.057554,4.110588,0.000000,0.595623,0.757869,0.484848,0.313409,400,4152,4152,32.000000,0,0,16,16,93,93,8,4,626.000000,425,0,0,76,124,0,76,15,11,4,0,15,4,4,4,0,0,0,0,0,61,0,61,61,61,0,0,0,0
1800,15000329,100,2,228.487344770811,75.000000000000,50.000000000000,2.012572349450,835ec1350b5dd56c,8d15af1f9d36efa1,9242b3fe5deba1b3,200,159,79.500000,286.911950,324.701253,1.000000,4.700000,370.195146,4.635000,352.646874,4.616352,4.422343,0.000000,0.443096,0.744898,0.352734,0.171558,400,4208,4208,32.000000,0,0,16,16,72,72,8,2,584.000000,734,0,0,56,144,0,56,15,11,4,0,15,4,4,4,0,0,0,0,0,41,0,41,41,41,0,0,0,0
1801,15000330,100,2,204.148835541593,325.000000000000,50.000000000000,2.494855522308,a4bc28e65fdc5653,8d15af1f9d36efa1,5f6ecd0846e950ed,200,200,100.000000,230.575000,235.777770,1.000000,3.300000,265.639802,5.475000,275.079571,3.435000,5.379913,0.000000,0.427023,0.719101,0.367985,0.104302,400,4440,4440,32.000000,0,0,16,16,40,40,0,0,512.000000,687,0,0,20,180,0,20,20,20,0,0,20,0,0,0,0,0,0,0,0,0,0,0,0,0,0,0,0,0
1802,15000331,100,2,456.489348752909,325.000000000000,78.000000000000,2.335034111883,d79cc8a6d1fa40c0,8d15af1f9d36efa1,c582c3c30277d5a,200,173,86.500000,263.676301,269.268610,1.000000,4.000000,327.372155,4.630000,320.988798,3.994220,4.418234,0.000000,0.450278,0.738903,0.366636,0.162424,400,3992,3992,32.000000,0,0,16,16,65,65,4,0,566.000000,691,0,0,46,154,0,46,19,17,2,0,19,2,2,2,0,0,0,0,0,27,0,27,27,27,0,0,0,0
1803,15000332,100,2,36.698531860151,75.000000000000,58.000000000000,2.719484833062,3e00f74840a810c1,8d15af1f9d36efa1,21d54650a0ed80cc,200,192,96.000000,249.067708,243.931772,1.000000,3.600000,284.397222,4.546667,284.450308,3.697917,4.353521,0.000000,0.431090,0.728997,0.360360,0.129902,400,4216,4216,32.000000,0,0,16,16,46,46,14,0,538.000000,710,0,0,27,173,0,27,19,12,7,0,19,7,7,7,0,0,0,0,0,8,0,8,8,8,0,0,0,0
1804,15000333,100,2,390.370558289752,425.000000000000,51.000000000000,2.441889932060,cfd69684f6f00312,8d15af1f9d36efa1,9b034800d39d134c,200,115,57.500000,249.608696,229.517188,1.000000,3.200000,253.766266,5.578333,273.811108,3.330435,5.253264,0.000000,0.633493,0.767981,0.510856,0.375204,400,4448,4448,32.000000,0,0,16,16,109,109,12,0,662.000000,383,0,0,97,103,0,97,12,6,6,0,12,6,6,6,0,0,0,0,0,85,0,85,85,85,0,0,0,0
1805,15000334,100,2,408.884680586271,325.000000000000,91.000000000000,1.504093962324,aaed3a1e0afba18,8d15af1f9d36efa1,c3ea574f49da2d13,200,183,91.500000,246.431694,260.344532,1.000000,3.800000,308.011476,5.336667,296.016555,3.715847,5.398529,0.000000,0.441708,0.728997,0.370370,0.134860,400,4536,4536,32.000000,0,0,16,16,53,53,0,0,538.000000,680,0,0,35,165,0,35,18,18,0,0,18,0,0,0,0,0,0,0,0,17,0,17,17,17,0,0,0,0
1806,15000335,100,2,434.450236955884,175.000000000000,79.000000000000,2.430515455317,10c56942c7f753e2,8d15af1f9d36efa1,2a5af71f8654d586,200,194,97.000000,225.520619,239.999942,1.000000,3.300000,258.387808,6.543571,267.917621,3.567010,5.062139,0.000000,0.434641,0.726776,0.366300,0.126263,400,4488,4488,32.000000,0,0,16,16,46,46,8,0,532.000000,692,0,0,26,174,0,26,20,16,4,0,20,4,4,4,0,0,0,0,0,6,0,6,6,6,0,0,0,0
1807,15000336,100,2,20.858506588978,75.000000000000,63.000000000000,1.905794326568,221a70feccbe6721,8d15af1f9d36efa1,ae141bae5ff21309,200,147,73.500000,295.925170,317.756726,1.000000,4.300000,352.631131,6.665476,358.887188,4.401361,6.281298,0.000000,0.483639,0.751861,0.382044,0.211937,400,4560,4560,32.000000,0,0,16,16,83,83,8,0,606.000000,647,0,0,68,132,0,68,15,11,4,0,15,4,4,4,0,0,0,0,0,53,0,53,53,53,0,0,0,0
1808,15000337,100,2,447.721109076455,325.000000000000,86.000000000000,1.908131556122,6709136b72847e,8d15af1f9d36efa1,8307758e440b17d0,200,194,97.000000,269.747423,279.923019,1.000000,4.100000,313.029598,4.957857,326.034804,4.185567,4.373153,0.000000,0.396731,0.727520,0.330033,0.111597,400,3992,3992,32.000000,0,0,16,16,46,46,10,0,534.000000,812,0,0,26,174,0,26,20,15,5,0,20,5,5,5,0,0,0,0,0,6,0,6,6,6,0,0,0,0
1809,15000338,100,2,121.749841397703,175.000000000000,65.000000000000,2.375196073761,4f91cd46ac89fa84,8d15af1f9d36efa1,912e441211879e78,200,200,100.000000,208.945000,203.355542,1.000000,3.000000,236.104231,4.728333,240.966771,3.335000,4.559220,0.000000,0.435224,0.719888,0.374883,0.109479,400,4400,4400,32.000000,0,0,16,16,40,40,2,0,514.000000,667,0,0,20,180,0,20,20,19,1,0,20,1,1,1,0,0,0,0,0,0,0,0,0,0,0,0,0,0
1810,15000339,100,2,148.866188725893,325.000000000000,66.000000000000,2.309289520161,72431c2d81841d40,8d15af1f9d36efa1,50c544fffecb8dc,200,193,96.500000,187.072539,187.347151,1.000000,2.600000,210.386561,4.325000,208.353573,2.549223,4.445122,0.000000,0.514793,0.722992,0.448430,0.154639,400,4256,4256,32.000000,0,0,16,16,45,45,0,0,522.000000,492,0,0,26,174,0,26,19,19,0,0,19,0,0,0,0,0,0,0,0,7,0,7,7,7,0,0,0,0
1811,15000340,100,2,342.696702884394,325.000000000000,51.000000000000,2.832007510249,aa70eb90344f92d,8d15af1f9d36efa1,e37851a1c1b64543,200,191,95.500000,231.172775,261.723917,1.000000,3.300000,279.425442,4.751190,274.353559,3.382199,4.603715,0.000000,0.448335,0.724138,0.382409,0.127027,400,4000,4000,31.000000,0,0,16,15,47,47,0,0,525.000000,646,0,0,28,172,0,28,19,19,0,0,19,0,0,0,0,0,0,0,0,9,0,9,9,9,0,0,0,0
1812,15000341,100,2,295.268189704745,425.000000000000,51.000000000000,2.061401187620,921e15d83534417,8d15af1f9d36efa1,89979050dba530c0,200,178,89.000000,295.471910,319.338730,1.000000,4.600000,368.231450,4.820833,365.726648,4.904494,4.420389,0.000000,0.389083,0.735450,0.314218,0.124373,400,4152,4152,32.000000,0,0,16,16,57,57,10,2,556.000000,873,0,0,39,161,0,39,17,12,5,0,17,5,5,5,0,0,0,0,0,22,0,22,22,22,0,0,0,0
1813,15000342,100,2,2.104445452646,175.000000000000,86.000000000000,2.402815025626,84e02bbfa3ee686,8d15af1f9d36efa1,9374be07549372ad,200,176,88.000000,274.153409,262.361056,1.000000,3.900000,298.540840,5.807381,323.332418,4.079545,5.399721,0.000000,0.440810,0.738903,0.357782,0.157277,400,4408,4408,32.000000,0,0,16,16,64,64,6,0,566.000000,718,0,0,44,156,0,44,20,17,3,0,20,3,3,3,0,0,0,0,0,24,0,24,24,24,0,0,0,0
1814,15000343,100,2,389.365655624023,425.000000000000,58.000000000000,2.204328553201,7a5ad157e48a00f5,8d15af1f9d36efa1,37c5250f13b6e423,200,167,83.500000,281.053892,275.914090,1.000000,4.000000,311.859516,4.746429,326.565596,4.353293,4.453920,0.000000,0.445461,0.744898,0.354925,0.172924,400,4088,4088,32.000000,0,0,16,16,70,70,12,2,584.000000,727,0,0,51,149,0,51,18,12,6,0,18,6,6,6,0,0,0,0,0,33,0,33,33,33,0,0,0,0
1815,15000344,100,2,413.564177766493,425.000000000000,66.000000000000,1.777172681899,8cec45a0a707dc65,8d15af1f9d36efa1,9b572400c61322a8,200,144,72.000000,265.777778,290.561175,1.000000,4.700000,362.041166,5.800595,327.980128,4.277778,4.571429,0.000000,0.498371,0.753695,0.393701,0.226131,400,4560,4560,32.000000,0,0,16,16,84,84,12,0,612.000000,616,0,0,70,130,0,70,14,8,6,0,14,6,6,6,0,0,0,0,0,56,0,56,56,56,0,0,0,0
1816,15000345,100,2,273.032946018302,75.000000000000,56.000000000000,1.587435102816,4394db34d815296e,8d15af1f9d36efa1,e8e9914fef615f77,200,158,79.000000,246.284810,267.060457,1.000000,3.900000,323.374930,5.440000,293.247839,3.778481,4.941374,0.000000,0.493639,0.744246,0.401204,0.200803,400,4392,4392,32.000000,0,0,16,16,72,72,6,0,582.000000,597,0,0,57,143,0,57,15,12,3,0,15,3,3,3,0,0,0,0,0,42,0,42,42,42,0,0,0,0
1817,15000346,100,2,290.109126765027,75.000000000000,44.000000000000,1.663496255949,c63679195b03a81d,8d15af1f9d36efa1,777bc9c22a57bb7b,200,175,87.500000,368.725714,372.946809,1.000000,5.600000,457.237126,5.293333,456.933573,5.680000,5.061368,0.000000,0.362003,0.738220,0.286944,0.117229,400,4424,4424,32.000000,0,0,16,16,59,59,14,0,564.000000,994,0,0,42,158,0,42,17,10,7,0,17,7,7,7,0,0,0,0,0,25,0,25,25,25,0,0,0,0
1818,15000347,100,2,302.849616157450,175.000000000000,49.000000000000,2.532508271823,8ab515396e112cdb,8d15af1f9d36efa1,63563450350ceacd,200,177,88.500000,194.920904,206.606737,1.000000,2.900000,234.586598,5.508333,223.161761,2.926554,4.698842,0.000000,0.515888,0.734043,0.435730,0.188088,400,3976,3976,32.000000,0,0,16,16,57,57,6,0,552.000000,518,0,0,40,160,0,40,17,14,3,0,17,3,3,3,0,0,0,0,0,23,0,23,23,23,0,0,0,0
1819,15000348,100,2,463.779101600090,325.000000000000,70.000000000000,2.671440123688,db8310fbc28dedfb,8d15af1f9d36efa1,9acf4900c59fc7ef,200,197,98.500000,268.913706,270.398285,1.000000,4.000000,309.392131,4.436667,321.277825,4.010152,4.560759,0.000000,0.399696,0.724518,0.336134,0.106335,400,4168,4168,32.000000,0,0,16,16,44,44,6,2,526.000000,790,0,0,23,177,0,23,20,17,3,0,20,3,3,3,0,0,0,0,0,3,0,3,3,3,0,0,0,0
1820,15000349,100,2,127.291933050843,175.000000000000,69.000000000000,2.378643284253,771673ff42a77f5e,8d15af1f9d36efa1,493b44643e5f9409,200,185,92.500000,273.848649,239.341348,1.000000,3.900000,297.795463,4.971667,336.663910,4.340541,4.480697,0.000000,0.403860,0.731183,0.332502,0.122404,400,4200,4200,32.000000,0,0,16,16,55,55,2,0,544.000000,803,0,0,35,165,0,35,20,19,1,0,20,1,1,1,0,0,0,0,0,15,0,15,15,15,0,0,0,0
1821,15000350,100,2,424.253648096872,175.000000000000,73.000000000000,2.344883191671,e094f7590c7ad6ba,8d15af1f9d36efa1,90579baff89c2476,200,196,98.000000,268.729592,292.994584,1.000000,3.800000,317.102002,4.566667,330.802933,4.020408,4.418782,0.000000,0.402124,0.726027,0.336700,0.110609,400,3992,3992,32.000000,0,0,16,16,44,44,10,0,530.000000,788,0,0,24,176,0,24,20,15,5,0,20,5,5,5,0,0,0,0,0,4,0,4,4,4,0,0,0,0
1822,15000351,100,2,429.356824469620,175.000000000000,82.000000000000,2.117699680176,ed88466e4d3329e9,8d15af1f9d36efa1,feb86524abbab3b2,200,174,87.000000,282.741379,305.081942,0.900000,3.900000,349.042437,4.962963,344.174592,4.448276,4.519380,0.000000,0.408257,0.727520,0.340716,0.116438,400,4080,4080,32.000000,0,0,16,16,45,45,12,2,534.000000,774,0,0,25,156,0,25,19,13,6,0,19,6,6,5,1,0,0,0,0,6,20,6,26,7,19,0,0,0
1823,15000352,100,2,305.852384780947,175.000000000000,51.000000000000,2.487104093837,c9bd5f30054e345d,8d15af1f9d36efa1,2a5d093e8639ed01,200,186,93.000000,219.005376,203.704402,1.000000,3.400000,269.944559,4.712500,257.231769,3.500000,3.468510,0.000000,0.450633,0.727520,0.380590,0.135458,400,3888,3888,32.000000,0,0,16,16,50,50,2,0,534.000000,651,0,0,32,168,0,32,18,17,1,0,18,1,1,1,0,0,0,0,0,14,0,14,14,14,0,0,0,0
1824,15000353,100,2,224.380338070423,325.000000000000,48.000000000000,1.851964136678,9e91d482dd6c0a0e,8d15af1f9d36efa1,9b500600c60cd100,200,200,100.000000,204.585000,200.096044,1.000000,3.300000,239.133807,3.528333,236.510442,3.335000,3.802099,0.000000,0.435702,0.720280,0.374883,0.111851,400,3840,3840,31.000000,0,0,16,15,40,40,4,0,515.000000,667,0,0,20,180,0,20,20,18,2,0,20,2,2,2,0,0,0,0,0,0,0,0,0,0,0,0,0,0
1825,15000354,100,2,209.741114999772,75.000000000000,51.000000000000,1.504377139768,d9392da06cc6f900,8d15af1f9d36efa1,9a8b3000c565d0a8,200,150,75.000000,191.693333,218.468674,1.000000,3.400000,260.151735,4.910000,218.053630,2.866667,4.069767,0.000000,0.580897,0.748744,0.481928,0.276094,400,4232,4232,32.000000,0,0,16,16,82,82,0,4,596.000000,430,0,0,65,135,0,65,15,15,0,0,15,0,0,0,0,0,0,0,0,50,0,50,50,50,0,0,0,0
1826,15000355,100,2,47.056545981890,175.000000000000,64.000000000000,2.969513038093,ca622bf5baa23253,8d15af1f9d36efa1,83c15c0f90931a2a,200,197,98.500000,245.939086,263.178457,1.000000,3.400000,278.505302,4.741667,290.659378,3.654822,4.548611,0.000000,0.422151,0.724518,0.357143,0.115479,400,3912,3912,32.000000,0,0,16,16,43,43,8,0,526.000000,720,0,0,23,177,0,23,20,16,4,0,20,4,4,4,0,0,0,0,0,3,0,3,3,3,0,0,0,0
1827,15000356,100,2,361.851583092901,325.000000000000,67.000000000000,2.594133759725,b72b6968d90d0e1d,8d15af1f9d36efa1,e8f09d4fef679289,200,190,95.000000,263.073684,245.954534,1.000000,3.900000,301.616175,4.634048,323.714932,4.194737,4.174404,0.000000,0.400301,0.726776,0.334169,0.111483,400,3816,3816,32.000000,0,0,16,16,50,50,0,0,532.000000,797,0,0,30,170,0,30,20,20,0,0,20,0,0,0,0,0,0,0,0,10,0,10,10,10,0,0,0,0
1828,15000357,100,2,234.770266118185,75.000000000000,59.000000000000,1.803469587323,4f68a405123b55a9,8d15af1f9d36efa1,cc2796033ac3ea16,200,184,92.000000,271.048913,305.254176,1.000000,4.100000,340.097080,5.138333,324.966274,4.005435,4.993216,0.000000,0.425117,0.731544,0.351803,0.133960,400,4160,4160,31.000000,0,0,16,15,54,54,6,0,545.000000,737,0,0,35,165,0,35,19,16,3,0,19,3,3,3,0,0,0,0,0,16,0,16,16,16,0,0,0,0
1829,15000358,100,2,236.137135793290,175.000000000000,54.000000000000,1.605716272953,8f69483262a30729,8d15af1f9d36efa1,a3f6344fc86cb0f6,200,186,93.000000,192.462366,201.355809,1.000000,2.900000,231.364991,4.271667,222.909659,2.854839,4.438795,0.000000,0.502343,0.728261,0.429646,0.163780,400,3616,3616,32.000000,0,0,16,16,50,50,4,0,536.000000,531,0,0,32,168,0,32,18,16,2,0,18,2,2,2,0,0,0,0,0,14,0,14,14,14,0,0,0,0
1830,15000359,100,2,7.523347297798,325.000000000000,85.000000000000,2.559217954672,77df4050a9709478,8d15af1f9d36efa1,c47237b0d144d23a,200,195,97.500000,204.143590,182.920760,1.000000,2.900000,231.441684,5.466667,220.776115,2.943590,4.520906,0.000000,0.481013,0.726776,0.410678,0.148368,400,4112,4112,32.000000,0,0,16,16,45,45,10,0,532.000000,574,0,0,25,175,0,25,20,15,5,0,20,5,5,5,0,0,0,0,0,5,0,5,5,5,0,0,0,0
1831,15000360,100,2,251.690555112902,175.000000000000,50.000000000000,1.616612481453,74e2d8825fca1a4b,8d15af1f9d36efa1,128cc6647709c973,200,115,57.500000,330.373913,327.144077,1.000000,4.600000,362.611472,5.372143,436.883401,5.452174,4.401914,0.000000,0.515081,0.769053,0.389484,0.271777,400,4248,4248,32.000000,0,0,16,16,117,117,0,30,666.000000,627,0,0,94,106,1,93,8,8,0,0,8,0,0,0,0,0,0,0,0,85,0,85,85,85,0,0,0,0
1832,15000361,100,2,384.434210130037,325.000000000000,80.000000000000,1.911167171312,9177219b1594eace,8d15af1f9d36efa1,6721212a9dcf9347,200,190,95.000000,323.542105,378.843239,1.000000,5.000000,419.916431,6.083095,418.591392,5.284211,5.402390,0.000000,0.348052,0.728261,0.284900,0.093863,400,4472,4472,32.000000,0,0,16,16,50,50,4,0,536.000000,1004,0,0,30,170,0,30,20,18,2,0,20,2,2,2,0,0,0,0,0,10,0,10,10,10,0,0,0,0
1833,15000362,100,2,31.356242939218,425.000000000000,61.000000000000,1.732931967028,cdb56b6214a6fb6f,8d15af1f9d36efa1,547605bb95217f5b,200,115,57.500000,267.834783,289.618584,1.000000,4.700000,345.553795,4.588095,292.083082,3.973913,4.439825,0.000000,0.595217,0.770642,0.466744,0.344333,400,4056,4056,32.000000,0,0,16,16,117,117,6,8,672.000000,457,0,0,99,101,0,99,14,11,3,0,14,3,3,3,0,0,0,0,0,85,0,85,85,85,0,0,0,0
1834,15000363,100,2,60.394926013148,175.000000000000,69.000000000000,2.841508488352,85706bd216ee7ff,8d15af1f9d36efa1,45436a71c4d6a0e8,200,189,94.500000,219.645503,205.515894,1.000000,3.000000,231.262363,5.066667,239.568680,3.169312,4.761269,0.000000,0.475022,0.730458,0.400400,0.155148,400,4512,4512,32.000000,0,0,16,16,52,52,6,2,542.000000,599,0,0,31,169,0,31,20,17,3,0,20,3,3,3,0,0,0,0,0,11,0,11,11,11,0,0,0,0
1835,15000364,100,2,433.070067110741,425.000000000000,50.000000000000,2.710887068014,5943b79c4af45b68,8d15af1f9d36efa1,c4457ba0dd6f222,200,137,68.500000,404.985401,377.359494,1.000000,5.400000,444.124065,4.805357,486.766619,6.189781,4.115566,0.000000,0.428571,0.760766,0.320513,0.193916,400,4088,4088,32.000000,0,0,16,16,93,93,18,4,636.000000,848,0,0,77,123,0,77,14,5,9,0,14,9,9,9,0,0,0,0,0,63,0,63,63,63,0,0,0,0
1836,15000365,100,2,38.400936741178,325.000000000000,82.000000000000,2.403831591011,a37863e3129ba4f5,8d15af1f9d36efa1,5af17f8113b84813,200,170,85.000000,310.300000,302.103761,1.000000,4.400000,363.071664,4.663333,379.783429,4.711765,4.397004,0.000000,0.418301,0.742268,0.333056,0.152381,400,3832,3832,32.000000,0,0,16,16,67,67,10,2,576.000000,801,0,0,48,152,0,48,18,13,5,0,18,5,5,5,0,0,0,0,0,30,0,30,30,30,0,0,0,0
1837,15000366,100,2,470.539139968496,325.000000000000,89.000000000000,1.915379561058,c5ad5103b99361f8,8d15af1f9d36efa1,c6e757b463310084,200,169,84.500000,315.000000,329.667396,1.000000,4.700000,376.012041,5.088333,370.209305,4.857988,4.556638,0.000000,0.417317,0.746193,0.327600,0.159672,400,4024,4024,32.000000,0,0,16,16,74,74,8,6,588.000000,821,0,0,51,149,0,51,20,16,4,0,20,4,4,4,0,0,0,0,0,31,0,31,31,31,0,0,0,0
1838,15000367,100,2,49.740994727963,75.000000000000,71.000000000000,2.157765085165,631a312c41f1be21,8d15af1f9d36efa1,fd9c2ad4c93b81,200,124,62.000000,244.379032,251.128850,1.000000,3.600000,282.656305,5.324286,288.186959,3.766129,5.591006,0.000000,0.579658,0.763033,0.461361,0.312224,400,4600,4600,32.000000,0,0,16,16,102,102,8,0,644.000000,467,0,0,89,111,0,89,13,9,4,0,13,4,4,4,0,0,0,0,0,76,0,76,76,76,0,0,0,0
1839,15000368,100,2,460.961535545256,425.000000000000,68.000000000000,1.807668986567,12df6c396b79b069,8d15af1f9d36efa1,145e69500809350e,200,126,63.000000,228.896825,203.257526,1.000000,3.100000,235.063764,5.276667,251.190688,3.317460,4.016746,0.000000,0.607143,0.763593,0.488998,0.338608,400,4376,4376,32.000000,0,0,16,16,102,102,10,0,646.000000,418,0,0,88,112,0,88,14,9,5,0,14,5,5,5,0,0,0,0,0,74,0,74,74,74,0,0,0,0
1840,15000369,100,2,253.955288452844,425.000000000000,34.000000000000,1.947282345935,145e70a1b68c2e72,8d15af1f9d36efa1,2aaaf6bbcf680131,200,107,53.500000,246.037383,246.875195,1.000000,3.800000,298.859916,4.663333,271.250907,3.915888,4.116945,0.000000,0.616651,0.771167,0.488400,0.366112,400,4056,4056,32.000000,0,0,16,16,117,117,8,0,674.000000,419,0,0,105,95,0,105,12,8,4,0,12,4,4,4,0,0,0,0,0,93,0,93,93,93,0,0,0,0
1841,15000370,100,2,88.982098035676,325.000000000000,82.000000000000,1.962378686837,81c32f6b7764615c,8d15af1f9d36efa1,3f9e6219df361424,200,188,94.000000,205.744681,208.000637,1.000000,3.100000,236.688664,5.093333,228.728630,3.154255,4.544688,0.000000,0.479368,0.731903,0.402820,0.161245,400,4488,4488,32.000000,0,0,16,16,52,52,10,0,546.000000,593,0,0,32,168,0,32,20,15,5,0,20,5,5,5,0,0,0,0,0,12,0,12,12,12,0,0,0,0
1842,15000371,100,2,224.725879719901,175.000000000000,57.000000000000,1.547395309866,89569f610ac0b47,8d15af1f9d36efa1,98f956990aca839a,200,200,100.000000,249.580000,274.725160,1.000000,4.000000,313.121171,5.278333,310.297137,4.100000,4.943902,0.000000,0.385307,0.719888,0.327869,0.090909,400,3976,3976,32.000000,0,0,16,16,40,40,2,0,514.000000,820,0,0,20,180,0,20,20,19,1,0,20,1,1,1,0,0,0,0,0,0,0,0,0,0,0,0,0,0
1843,15000372,100,2,484.534435405936,325.000000000000,82.000000000000,2.144965390846,549196567cf95521,8d15af1f9d36efa1,9a8e3300c5680b98,200,141,70.500000,234.475177,235.185916,1.000000,3.500000,266.045233,5.555000,274.162234,3.418440,5.327801,0.000000,0.560219,0.754300,0.453515,0.274096,400,3992,3992,32.000000,0,0,16,16,89,89,4,0,614.000000,482,0,0,74,126,0,74,15,13,2,0,15,2,2,2,0,0,0,0,0,59,0,59,59,59,0,0,0,0
1844,15000373,100,2,355.252252299558,325.000000000000,73.000000000000,1.925887502444,c1d8936eacab984e,8d15af1f9d36efa1,d5e0754f5434cfb1,200,200,100.000000,224.510000,232.994371,1.000000,3.200000,258.316573,5.775000,261.414474,3.200000,5.726562,0.000000,0.447323,0.721448,0.384615,0.118457,400,4512,4512,32.000000,0,0,16,16,41,41,4,2,518.000000,640,0,0,20,180,0,20,20,18,2,0,20,2,2,2,0,0,0,0,0,0,0,0,0,0,0,0,0,0
1845,15000374,100,2,197.006314973033,175.000000000000,48.000000000000,1.655683616643,e4a19f4e79a40133,8d15af1f9d36efa1,b4cbcd8cdedb64fc,200,165,82.500000,219.903030,204.627276,1.000000,3.400000,254.338957,3.850000,257.990921,3.612121,3.827181,0.000000,0.489726,0.740933,0.401606,0.190217,400,3896,3896,32.000000,0,0,16,16,65,65,10,0,572.000000,596,0,0,50,150,0,50,15,10,5,0,15,5,5,5,0,0,0,0,0,35,0,35,35,35,0,0,0,0
1846,15000375,100,2,455.087567439785,175.000000000000,89.000000000000,1.967290663018,773974ae3188f28c,8d15af1f9d36efa1,3ccf956eca868252,200,178,89.000000,263.814607,270.366873,1.000000,3.800000,316.847743,5.082619,317.454448,3.825843,5.113069,0.000000,0.453012,0.738220,0.370028,0.162362,400,4192,4192,32.000000,0,0,16,16,64,64,4,8,564.000000,681,0,0,41,159,0,41,19,17,2,0,19,2,2,2,0,0,0,0,0,22,0,22,22,22,0,0,0,0
1847,15000376,100,2,394.086168430884,425.000000000000,48.000000000000,2.625190236540,d6b5245b13ac2aad,8d15af1f9d36efa1,f4288fb04b1befdd,200,135,67.500000,319.118519,303.078898,0.900000,3.700000,323.334703,5.074074,365.044083,4.459259,4.415282,0.000000,0.504934,0.754300,0.399202,0.232143,400,3928,3928,32.000000,0,0,16,16,79,79,24,8,614.000000,602,0,0,60,121,0,60,15,3,12,0,15,12,12,11,1,0,0,0,0,45,20,45,65,46,19,0,0,0
1848,15000377,100,2,344.649446840546,75.000000000000,60.000000000000,1.984195939785,89e1355f0ba2b987,8d15af1f9d36efa1,682806fb4a1be74e,200,113,56.500000,212.053097,234.264333,0.600000,1.900000,242.725510,6.144444,249.118903,3.053097,5.840580,0.000000,0.606613,0.726776,0.536913,0.224719,400,4368,4368,32.000000,0,0,16,16,44,44,12,0,532.000000,345,0,0,29,102,0,29,15,9,6,0,15,6,6,2,4,0,0,0,0,14,80,7,87,18,69,0,0,0
1849,15000378,100,2,114.439124667386,325.000000000000,69.000000000000,2.047004308183,2a741f6d8269ce73,8d15af1f9d36efa1,994bd9affdc3a6f4,200,172,86.000000,266.366279,268.364982,1.000000,3.900000,321.865795,5.160000,318.716490,4.186047,4.372222,0.000000,0.440994,0.739583,0.357143,0.158879,400,3936,3936,32.000000,0,0,16,16,66,66,4,0,568.000000,720,0,0,47,153,0,47,19,17,2,0,19,2,2,2,0,0,0,0,0,28,0,28,28,28,0,0,0,0
1850,15000379,100,2,239.102420050226,75.000000000000,44.000000000000,2.066485390568,b25dea98cc6b8b08,8d15af1f9d36efa1,58284275256dd93c,200,157,78.500000,286.917197,280.060694,1.000000,4.300000,339.570016,4.477024,322.490430,4.076433,3.884375,0.000000,0.483871,0.750000,0.384615,0.207921,400,3888,3888,32.000000,0,0,16,16,79,79,10,0,600.000000,640,0,0,61,139,0,61,18,13,5,0,18,5,5,5,0,0,0,0,0,43,0,43,43,43,0,0,0,0
1851,15000380,100,2,465.011536121188,175.000000000000,92.000000000000,1.824924650044,a84d4b4258ea3661,8d15af1f9d36efa1,6f34ef50cc962ffd,200,198,99.000000,276.540404,260.360743,1.000000,3.900000,316.089523,5.270000,327.898989,4.116162,4.587730,0.000000,0.393150,0.725275,0.329218,0.105379,400,4640,4640,32.000000,0,0,16,16,42,42,12,0,528.000000,815,0,0,22,178,0,22,20,14,6,0,20,6,6,6,0,0,0,0,0,2,0,2,2,2,0,0,0,0
1852,15000381,100,2,434.662229669782,175.000000000000,85.000000000000,2.192686173846,e6f71287d837012c,8d15af1f9d36efa1,dcdbbdb2bada7386,200,198,99.000000,259.989899,269.952549,1.000000,3.700000,314.870515,5.146667,316.642005,3.757576,5.278226,0.000000,0.411392,0.722222,0.349650,0.105769,400,4280,4280,32.000000,0,0,16,16,43,43,2,2,520.000000,744,0,0,22,178,0,22,20,19,1,0,20,1,1,1,0,0,0,0,0,2,0,2,2,2,0,0,0,0
1853,15000382,100,2,497.011444261660,75.000000000000,58.000000000000,2.652769851283,ec1410a9edc063a4,8d15af1f9d36efa1,83063bbc7dfabe37,200,103,51.500000,327.514563,339.711348,1.000000,4.600000,382.533605,5.385000,366.351753,4.475728,4.900217,0.000000,0.603270,0.778024,0.464576,0.369357,400,4168,4168,31.000000,0,0,16,15,128,128,14,14,701.000000,461,0,0,109,91,0,109,12,5,7,0,12,7,7,7,0,0,0,0,0,97,0,97,97,97,0,0,0,0
1854,15000383,100,2,369.262204008651,425.000000000000,38.000000000000,2.789395839940,e292878e267fc8e,8d15af1f9d36efa1,6872a62685dbd1a6,200,147,73.500000,196.823129,198.214385,1.000000,2.800000,232.438398,5.341667,232.016261,2.979592,4.696347,0.000000,0.578846,0.750623,0.477327,0.279605,400,4280,4280,32.000000,0,0,16,16,83,83,4,0,602.000000,438,0,0,68,132,0,68,15,13,2,0,15,2,2,2,0,0,0,0,0,53,0,53,53,53,0,0,0,0
1855,15000384,100,2,324.221219903188,75.000000000000,51.000000000000,2.273587913388,9f79c47ac7094bb2,8d15af1f9d36efa1,2b536061848b6423,200,129,64.500000,231.759690,286.272381,1.000000,3.900000,323.084952,4.600000,251.608771,3.131783,4.492574,0.000000,0.618147,0.765808,0.497512,0.354633,400,4104,4104,32.000000,0,0,16,16,108,108,6,14,654.000000,404,0,0,86,114,0,86,15,12,3,0,15,3,3,3,0,0,0,0,0,71,0,71,71,71,0,0,0,0
1856,15000385,100,2,24.274110150874,325.000000000000,70.000000000000,2.902005622953,9f76c061d1e03ad2,8d15af1f9d36efa1,9a6c3100c54b21cc,200,180,90.000000,229.233333,227.318256,1.000000,3.100000,265.217615,4.566667,261.012787,3.105556,4.704830,0.000000,0.499552,0.736148,0.417101,0.183942,400,4432,4432,32.000000,0,0,16,16,57,57,12,2,558.000000,559,0,0,38,162,0,38,18,12,6,0,18,6,6,6,0,0,0,0,0,20,0,20,20,20,0,0,0,0
1857,15000386,100,2,212.842805648941,425.000000000000,54.000000000000,1.536195671864,e964cc8ba00619a7,8d15af1f9d36efa1,85b7b35048725f76,200,146,73.000000,245.917808,231.279190,1.000000,3.400000,269.653813,5.505000,270.284755,3.575342,4.624521,0.000000,0.543706,0.756691,0.433839,0.266854,400,4056,4056,32.000000,0,0,16,16,86,86,18,0,622.000000,522,0,0,70,130,0,70,16,7,9,0,16,9,9,9,0,0,0,0,0,54,0,54,54,54,0,0,0,0
1858,15000387,100,2,488.392679155902,425.000000000000,61.000000000000,2.367991524755,e5a2b39646a2eb94,8d15af1f9d36efa1,e89e76f007e7b4bb,200,139,69.500000,381.309353,293.668446,1.000000,5.000000,401.999076,5.760278,460.359079,5.856115,4.664619,0.000000,0.435506,0.758454,0.329489,0.194059,400,4400,4400,32.000000,0,0,16,16,89,89,18,0,628.000000,814,0,0,75,125,0,75,14,5,9,0,14,9,9,9,0,0,0,0,0,61,0,61,61,61,0,0,0,0
1859,15000388,100,2,339.811189781195,175.000000000000,56.000000000000,2.797965539032,f1783d0a68a3723c,8d15af1f9d36efa1,b4fb7f50f43eba39,200,165,82.500000,189.975758,185.983715,1.000000,2.500000,198.200107,5.010000,222.006899,2.842424,4.454158,0.000000,0.545983,0.738220,0.460299,0.219634,400,4000,4000,32.000000,0,0,16,16,65,65,2,0,564.000000,469,0,0,50,150,0,50,15,14,1,0,15,1,1,1,0,0,0,0,0,35,0,35,35,35,0,0,0,0
1860,15000389,100,2,482.298007648519,325.000000000000,87.000000000000,2.357851849456,a819683e89b607e4,8d15af1f9d36efa1,fc36e7b70ca39d5a,200,158,79.000000,306.240506,339.906519,0.800000,3.600000,395.603167,5.800000,372.498651,4.639241,5.081855,0.000000,0.416866,0.723757,0.353045,0.111515,400,4256,4256,32.000000,0,0,16,16,38,38,16,0,524.000000,733,0,0,20,142,0,20,18,10,8,0,18,8,8,6,2,0,0,0,0,2,40,2,42,4,38,0,0,0
1861,15000390,100,2,450.936938803698,425.000000000000,63.000000000000,2.312182690587,5449cc91fe04e55c,8d15af1f9d36efa1,910bee5590291547,200,135,67.500000,176.074074,230.905309,1.000000,3.300000,252.165681,4.903333,188.210897,2.725926,4.807065,0.000000,0.628283,0.756691,0.520833,0.340502,400,4080,4080,32.000000,0,0,16,16,93,93,4,0,622.000000,368,0,0,79,121,0,79,14,12,2,0,14,2,2,2,0,0,0,0,0,65,0,65,65,65,0,0,0,0
1862,15000391,100,2,365.319789966524,75.000000000000,36.000000000000,2.961873223238,8ed055205fa3bea4,8d15af1f9d36efa1,7d3d8b430dcc31dc,200,171,85.500000,240.204678,266.823622,1.000000,3.700000,292.428497,5.616667,278.725538,3.654971,5.003200,0.000000,0.476111,0.739583,0.390244,0.178712,400,4112,4112,32.000000,0,0,16,16,63,63,10,0,568.000000,625,0,0,46,154,0,46,17,12,5,0,17,5,5,5,0,0,0,0,0,29,0,29,29,29,0,0,0,0
1863,15000392,100,2,26.141581175263,325.000000000000,76.000000000000,2.686011459604,ed06d960bf30c78,8d15af1f9d36efa1,ce2eb31ec34dc4cf,200,186,93.000000,247.451613,241.178204,1.000000,3.300000,265.120699,5.185000,280.102989,3.473118,4.804954,0.000000,0.458054,0.731903,0.382409,0.150000,400,4408,4408,32.000000,0,0,16,16,55,55,4,2,546.000000,646,0,0,34,166,0,34,20,18,2,0,20,2,2,2,0,0,0,0,0,14,0,14,14,14,0,0,0,0
1864,15000393,100,2,25.812044825595,75.000000000000,64.000000000000,1.613784298672,c8bedc9d175e4385,8d15af1f9d36efa1,5b7268ead09296c3,200,184,92.000000,240.679348,227.286800,1.000000,3.100000,258.639185,4.470000,263.126420,3.146739,4.521589,0.000000,0.488064,0.734043,0.408580,0.171674,400,4096,4096,32.000000,0,0,16,16,52,52,16,0,552.000000,579,0,0,34,166,0,34,18,10,8,0,18,8,8,8,0,0,0,0,0,16,0,16,16,16,0,0,0,0
1865,15000394,100,2,31.581057619230,325.000000000000,74.000000000000,2.889001688149,732dd0a8715a5cac,8d15af1f9d36efa1,539812a3a3c658a3,200,171,85.500000,264.643275,251.975665,1.000000,3.600000,292.364166,5.055000,302.057597,3.777778,4.566563,0.000000,0.470492,0.741602,0.382409,0.180203,400,4008,4008,32.000000,0,0,16,16,66,66,10,6,574.000000,646,0,0,46,154,0,46,17,12,5,0,17,5,5,5,0,0,0,0,0,29,0,29,29,29,0,0,0,0
1866,15000395,100,2,495.850442915702,175.000000000000,87.000000000000,1.745650177156,cae78cf43e81a2e9,8d15af1f9d36efa1,5f2edd4fa19d4792,200,120,60.000000,263.450000,257.524950,1.000000,3.900000,317.904017,5.423810,305.218353,3.975000,4.970650,0.000000,0.577502,0.765258,0.456100,0.315638,400,4704,4704,32.000000,0,0,16,16,106,106,8,0,652.000000,477,0,0,93,107,0,93,13,9,4,0,13,4,4,4,0,0,0,0,0,80,0,80,80,80,0,0,0,0
1867,15000396,100,2,20.534228091028,175.000000000000,90.000000000000,1.927380583271,aaee5f1a9b172eb3,8d15af1f9d36efa1,82577ae9e71c703e,200,169,84.500000,269.307692,290.608933,1.000000,4.100000,327.148018,5.410000,322.201701,4.035503,4.868035,0.000000,0.454400,0.739583,0.369686,0.166259,400,4032,4032,32.000000,0,0,16,16,67,67,2,0,568.000000,682,0,0,49,151,0,49,18,17,1,0,18,1,1,1,0,0,0,0,0,31,0,31,31,31,0,0,0,0
1868,15000397,100,2,375.658162304277,175.000000000000,68.000000000000,2.198865693237,3955a1e34a5e56dd,8d15af1f9d36efa1,4d250750b9761311,200,197,98.500000,244.573604,244.394204,1.000000,3.600000,291.983287,5.333333,297.622341,3.913706,4.614786,0.000000,0.401862,0.721448,0.341588,0.100350,400,4304,4304,32.000000,0,0,16,16,43,43,0,0,518.000000,771,0,0,23,177,0,23,20,20,0,0,20,0,0,0,0,0,0,0,0,3,0,3,3,3,0,0,0,0
1869,15000398,100,2,222.961720775301,425.000000000000,40.000000000000,2.310074819606,7651f44a28e9415c,8d15af1f9d36efa1,77d052c4e7a80449,200,162,81.000000,311.345679,329.355766,1.000000,5.000000,381.678979,4.679524,369.798856,4.685185,4.706192,0.000000,0.437361,0.746835,0.345125,0.172301,400,4256,4256,32.000000,0,0,16,16,74,74,10,4,590.000000,759,0,0,55,145,0,55,17,12,5,0,17,5,5,5,0,0,0,0,0,38,0,38,38,38,0,0,0,0
1870,15000399,100,2,162.541291571641,75.000000000000,56.000000000000,2.276155250418,3b8d4a0506024f17,8d15af1f9d36efa1,4ccb484092150714,200,135,67.500000,209.755556,227.154482,1.000000,3.500000,266.327495,4.523333,216.785223,2.985185,3.635236,0.000000,0.614354,0.762470,0.498132,0.342577,400,4352,4352,32.000000,0,0,16,16,97,97,16,8,642.000000,403,0,0,79,121,0,79,14,6,8,0,14,8,8,8,0,0,0,0,0,65,0,65,65,65,0,0,0,0
1871,15000400,100,2,59.792901878441,175.000000000000,72.000000000000,2.550795849676,3370fbf230ed414f,8d15af1f9d36efa1,ab7a7184172bfc85,200,194,97.000000,272.412371,254.304546,1.000000,3.900000,319.049479,4.615476,315.359119,3.948454,4.967363,0.000000,0.415267,0.731183,0.343053,0.127563,400,4176,4176,32.000000,0,0,16,16,52,52,8,12,544.000000,766,0,0,26,174,0,26,20,16,4,0,20,4,4,4,0,0,0,0,0,6,0,6,6,6,0,0,0,0
1872,15000401,100,2,133.430534792519,325.000000000000,56.000000000000,2.728202676189,1828702cbdc1ebb,8d15af1f9d36efa1,c3d1bbf5bd0850a8,200,200,100.000000,216.450000,203.431825,1.000000,3.100000,236.651722,4.786667,253.835640,3.170000,4.189274,0.000000,0.448696,0.720670,0.386847,0.116992,400,3824,3824,32.000000,0,0,16,16,40,40,4,0,516.000000,634,0,0,20,180,0,20,20,18,2,0,20,2,2,2,0,0,0,0,0,0,0,0,0,0,0,0,0,0
1873,15000402,100,2,134.558729598707,325.000000000000,56.000000000000,2.645951981855,d5727c27a3e68249,8d15af1f9d36efa1,9ad2a000c5a2919b,200,194,97.000000,211.268041,221.063601,1.000000,3.100000,238.247342,4.730000,244.479339,3.206186,4.721865,0.000000,0.457243,0.723757,0.391389,0.128852,400,4192,4192,32.000000,0,0,16,16,46,46,0,0,524.000000,622,0,0,26,174,0,26,20,20,0,0,20,0,0,0,0,0,0,0,0,6,0,6,6,6,0,0,0,0
1874,15000403,100,2,187.339428439813,75.000000000000,52.000000000000,1.820463577217,e5a8ccd6b2177300,8d15af1f9d36efa1,7d589bb9bfe70aa8,200,186,93.000000,244.010753,228.604603,1.000000,3.600000,278.734611,4.390238,296.196372,3.677419,4.428363,0.000000,0.441176,0.729730,0.369004,0.136364,400,4136,4136,32.000000,0,0,16,16,50,50,8,0,540.000000,684,0,0,32,168,0,32,18,14,4,0,18,4,4,4,0,0,0,0,0,14,0,14,14,14,0,0,0,0
1875,15000404,100,2,91.372535653924,325.000000000000,76.000000000000,2.004666456398,314ccbf94b95cd97,8d15af1f9d36efa1,d48508ea7938f89f,200,174,87.000000,223.614943,228.421557,1.000000,3.300000,259.857598,4.620000,262.467946,3.442529,4.454090,0.000000,0.482282,0.736148,0.400400,0.173793,400,4008,4008,32.000000,0,0,16,16,61,61,4,2,558.000000,599,0,0,43,157,0,43,17,15,2,0,17,2,2,2,0,0,0,0,0,26,0,26,26,26,0,0,0,0
1876,15000405,100,2,389.600428681960,425.000000000000,66.000000000000,1.594680067174,a08fc87ffd0c83d8,8d15af1f9d36efa1,b7329ba0021e8e24,200,152,76.000000,280.592105,319.561468,1.000000,4.500000,354.227372,5.250833,342.283324,4.618421,4.695157,0.000000,0.461656,0.750623,0.362976,0.194954,400,4200,4200,32.000000,0,0,16,16,80,80,10,0,602.000000,702,0,0,64,136,0,64,16,11,5,0,16,5,5,5,0,0,0,0,0,48,0,48,48,48,0,0,0,0
1877,15000406,100,2,87.227714841373,425.000000000000,71.000000000000,1.637807947475,5463b7c9c9e0c3fe,8d15af1f9d36efa1,9b946300c6473bd3,200,161,80.500000,230.751553,209.089384,1.000000,3.300000,264.116077,4.710952,268.177072,3.621118,4.838765,0.000000,0.498710,0.743590,0.406918,0.202462,400,4536,4536,32.000000,0,0,16,16,69,69,10,0,580.000000,583,0,0,54,146,0,54,15,10,5,0,15,5,5,5,0,0,0,0,0,39,0,39,39,39,0,0,0,0
1878,15000407,100,2,477.293853797270,425.000000000000,65.000000000000,2.596584679669,2998175de5674c6a,8d15af1f9d36efa1,7fa86fd36d946b38,200,191,95.500000,251.403141,248.041034,1.000000,3.800000,297.702373,4.733333,284.920737,3.848168,4.443537,0.000000,0.425332,0.731183,0.352423,0.132231,400,4240,4240,32.000000,0,0,16,16,47,47,18,0,544.000000,735,0,0,28,172,0,28,19,10,9,0,19,9,9,9,0,0,0,0,0,9,0,9,9,9,0,0,0,0
1879,15000408,100,2,61.949016635123,75.000000000000,53.000000000000,2.925279514285,dc60e6a5c7611cf0,8d15af1f9d36efa1,daa8ac9f9a6bc637,200,179,89.500000,286.122905,308.534162,1.000000,4.300000,364.810993,5.725000,358.625558,4.474860,4.448190,0.000000,0.408419,0.734396,0.333056,0.132178,400,4232,4232,31.000000,0,0,16,15,55,55,12,0,553.000000,801,0,0,38,162,0,38,17,11,6,0,17,6,6,6,0,0,0,0,0,21,0,21,21,21,0,0,0,0
1880,15000409,100,2,224.443889430274,325.000000000000,49.000000000000,1.660516181167,bdfb916a20a2d83a,8d15af1f9d36efa1,80325a9b2510d914,200,200,100.000000,249.175000,243.148891,1.000000,3.800000,311.156870,4.786667,295.429625,3.870000,4.249354,0.000000,0.400000,0.720670,0.340716,0.097902,400,4352,4352,32.000000,0,0,16,16,41,41,2,2,516.000000,774,0,0,20,180,0,20,20,19,1,0,20,1,1,1,0,0,0,0,0,0,0,0,0,0,0,0,0,0
1881,15000410,100,2,26.697866078282,75.000000000000,57.000000000000,2.839169873932,e136ab7d3ef46638,8d15af1f9d36efa1,7f1135b5c41aea4,200,167,83.500000,205.868263,224.711749,1.000000,3.200000,252.281628,5.383333,238.359567,3.233533,4.885185,0.000000,0.512635,0.739583,0.425532,0.201183,400,4072,4072,32.000000,0,0,16,16,65,65,6,0,568.000000,540,0,0,49,151,0,49,16,13,3,0,16,3,3,3,0,0,0,0,0,33,0,33,33,33,0,0,0,0
1882,15000411,100,2,388.154385298472,75.000000000000,52.000000000000,2.836501861922,b52e0dae3854c2a4,8d15af1f9d36efa1,9adcb500c5ab09cf,200,166,83.000000,191.530120,161.793471,1.000000,2.300000,183.045862,5.426190,196.010277,2.554217,4.683962,0.000000,0.577689,0.743590,0.485437,0.258741,400,4064,4064,32.000000,0,0,16,16,69,69,10,6,580.000000,424,0,0,50,150,0,50,16,11,5,0,16,5,5,5,0,0,0,0,0,34,0,34,34,34,0,0,0,0
1883,15000412,100,2,159.007984823621,325.000000000000,53.000000000000,2.848918474267,6471bed0cbc1dc81,8d15af1f9d36efa1,3ab194ffec0ca43,200,192,96.000000,243.151042,237.616869,1.000000,3.700000,296.708644,5.621667,290.594730,3.760417,4.891967,0.000000,0.422400,0.725275,0.356506,0.117359,400,4864,4864,32.000000,0,0,16,16,46,46,4,0,528.000000,722,0,0,27,173,0,27,19,17,2,0,19,2,2,2,0,0,0,0,0,8,0,8,8,8,0,0,0,0
1884,15000413,100,2,463.470311085204,425.000000000000,57.000000000000,2.720641941448,7f8cdaa5266a5591,8d15af1f9d36efa1,7a9fba7fb998ddc5,200,147,73.500000,312.353741,303.495854,1.000000,4.200000,338.723102,4.701786,358.957200,4.401361,4.681607,0.000000,0.490952,0.757282,0.382044,0.228844,400,3960,3960,32.000000,0,0,16,16,87,87,18,0,624.000000,647,0,0,70,130,0,70,17,8,9,0,17,9,9,9,0,0,0,0,0,53,0,53,53,53,0,0,0,0
1885,15000414,100,2,212.285427253690,75.000000000000,40.000000000000,1.615751478923,6efd28bf4ca82577,8d15af1f9d36efa1,36c67d4d0f150cc,200,177,88.500000,221.129944,205.384121,1.000000,3.000000,234.384861,4.941667,233.458438,3.152542,4.575269,0.000000,0.503559,0.738903,0.417537,0.193642,400,4008,4008,32.000000,0,0,16,16,62,62,10,2,566.000000,558,0,0,42,158,0,42,19,14,5,0,19,5,5,5,0,0,0,0,0,23,0,23,23,23,0,0,0,0
1886,15000415,100,2,236.093301613987,175.000000000000,67.000000000000,1.567326328106,ded52c529d36c804,8d15af1f9d36efa1,9ae68000c5b30445,200,193,96.500000,214.720207,238.829537,1.000000,3.200000,268.984106,5.456667,254.324669,3.207254,5.030695,0.000000,0.457493,0.722992,0.392542,0.126939,400,4432,4432,32.000000,0,0,16,16,45,45,0,0,522.000000,619,0,0,26,174,0,26,19,19,0,0,19,0,0,0,0,0,0,0,0,7,0,7,7,7,0,0,0,0
1887,15000416,100,2,117.186864841245,175.000000000000,67.000000000000,2.145012273969,b7ef943e7c6319e4,8d15af1f9d36efa1,e147e2800423e498,200,185,92.500000,272.789189,301.450275,1.000000,4.100000,352.918144,4.754048,342.390032,4.064865,4.208777,0.000000,0.417957,0.729730,0.347222,0.125581,400,4088,4088,32.000000,0,0,16,16,51,51,6,0,540.000000,752,0,0,33,167,0,33,18,15,3,0,18,3,3,3,0,0,0,0,0,15,0,15,15,15,0,0,0,0
1888,15000417,100,2,468.398869064362,425.000000000000,53.000000000000,1.830731351092,19be80f8ba4970a8,8d15af1f9d36efa1,651340c24cec6265,200,148,74.000000,247.263514,248.377054,1.000000,3.700000,290.364080,4.493571,277.925964,3.608108,3.992509,0.000000,0.533217,0.753086,0.428266,0.250000,400,4136,4136,32.000000,0,0,16,16,82,82,14,0,610.000000,534,0,0,67,133,0,67,15,8,7,0,15,7,7,7,0,0,0,0,0,52,0,52,52,52,0,0,0,0
1889,15000418,100,2,95.428805915974,175.000000000000,54.000000000000,2.781116413759,58bbc0e310836515,8d15af1f9d36efa1,78c2935fce3a807d,200,191,95.500000,208.000000,205.923700,1.000000,3.100000,235.534115,4.505000,236.991266,3.157068,4.497512,0.000000,0.468722,0.726776,0.398804,0.142248,400,3960,3960,32.000000,0,0,16,16,49,49,2,0,532.000000,603,0,0,29,171,0,29,20,19,1,0,20,1,1,1,0,0,0,0,0,9,0,9,9,9,0,0,0,0
1890,15000419,100,2,194.904748582955,175.000000000000,67.000000000000,1.531109187836,3721785361a330b0,8d15af1f9d36efa1,9ae39300c5b0eeb7,200,200,100.000000,198.375000,195.941376,1.000000,2.900000,225.077814,4.936667,212.064572,2.900000,4.551724,0.000000,0.471767,0.721448,0.408163,0.129129,400,4088,4088,32.000000,0,0,16,16,43,43,0,6,518.000000,580,0,0,20,180,0,20,20,20,0,0,20,0,0,0,0,0,0,0,0,0,0,0,0,0,0,0,0,0
1891,15000420,100,2,132.449372219627,325.000000000000,65.000000000000,2.786886170932,460f8707c4c8b74,8d15af1f9d36efa1,ce91630fbe6995a7,200,181,90.500000,206.872928,239.502467,1.000000,3.100000,257.350167,5.175000,245.140660,3.000000,4.871087,0.000000,0.500460,0.731183,0.424178,0.170992,400,4600,4600,32.000000,0,0,16,16,55,55,2,0,544.000000,543,0,0,37,163,0,37,18,17,1,0,18,1,1,1,0,0,0,0,0,19,0,19,19,19,0,0,0,0
1892,15000421,100,2,368.176040739514,175.000000000000,78.000000000000,1.913736108751,93574a322dce5700,8d15af1f9d36efa1,1d9a0d500d6d6781,200,190,95.000000,207.405263,200.645170,1.000000,2.800000,211.069540,4.586429,235.096840,3.010526,4.613636,0.000000,0.485612,0.729730,0.411523,0.158824,400,4272,4272,32.000000,0,0,16,16,52,52,4,4,540.000000,572,0,0,30,170,0,30,20,18,2,0,20,2,2,2,0,0,0,0,0,10,0,10,10,10,0,0,0,0
1893,15000422,100,2,50.832782319372,425.000000000000,68.000000000000,1.699151850183,b8ff6e6e8db73084,8d15af1f9d36efa1,9b9e2500c64f26fe,200,146,73.000000,238.575342,233.452432,1.000000,3.400000,279.333664,4.810000,257.302566,3.239726,4.782241,0.000000,0.567246,0.756098,0.458190,0.284418,400,4408,4408,32.000000,0,0,16,16,88,88,12,0,620.000000,473,0,0,71,129,0,71,17,11,6,0,17,6,6,6,0,0,0,0,0,54,0,54,54,54,0,0,0,0
1894,15000423,100,2,341.186355487840,325.000000000000,82.000000000000,1.680992111531,eb720ab526303dd1,8d15af1f9d36efa1,db3c7547a39fc7fc,200,198,99.000000,197.101010,211.502410,1.000000,3.200000,237.110753,4.528333,230.734558,3.191919,4.386076,0.000000,0.450435,0.721448,0.387597,0.119777,400,3992,3992,32.000000,0,0,16,16,42,42,2,0,518.000000,632,0,0,22,178,0,22,20,19,1,0,20,1,1,1,0,0,0,0,0,2,0,2,2,2,0,0,0,0
1895,15000424,100,2,85.151325577982,425.000000000000,49.000000000000,2.967758985056,1d7704d7eb7e9c04,8d15af1f9d36efa1,3ce84b327f15e26c,200,173,86.500000,243.468208,273.518826,1.000000,4.000000,303.919871,4.993333,286.381845,3.924855,4.568483,0.000000,0.451977,0.736842,0.370714,0.158612,400,4000,4000,32.000000,0,0,16,16,61,61,6,0,560.000000,679,0,0,44,156,0,44,17,14,3,0,17,3,3,3,0,0,0,0,0,27,0,27,27,27,0,0,0,0
1896,15000425,100,2,100.118964731181,75.000000000000,59.000000000000,1.974320109071,b0cbb3c55dc12c83,8d15af1f9d36efa1,6ad0d25038f34132,200,130,65.000000,207.307692,210.965905,1.000000,3.000000,238.706667,4.083333,229.097659,2.976923,4.253230,0.000000,0.619469,0.759036,0.508259,0.338462,400,3992,3992,32.000000,0,0,16,16,98,98,2,0,630.000000,387,0,0,84,116,0,84,14,13,1,0,14,1,1,1,0,0,0,0,0,70,0,70,70,70,0,0,0,0
1897,15000426,100,2,420.224875930362,425.000000000000,62.000000000000,2.589891895788,7ca8efbd0765eb41,8d15af1f9d36efa1,c68595eabad8e5c5,200,154,77.000000,258.448052,261.299604,1.000000,3.800000,303.452037,4.872143,306.074564,4.006494,3.991896,0.000000,0.489661,0.747475,0.393314,0.205920,400,4208,4208,32.000000,0,0,16,16,76,76,8,0,592.000000,617,0,0,61,139,0,61,15,11,4,0,15,4,4,4,0,0,0,0,0,46,0,46,46,46,0,0,0,0
1898,15000427,100,2,389.935188882319,425.000000000000,42.000000000000,2.665765495887,e204563b596c9d5d,8d15af1f9d36efa1,3c3ad54f8dbafc01,200,179,89.500000,218.938547,228.478117,1.000000,3.300000,266.578083,5.241667,257.055572,3.256983,4.545455,0.000000,0.484527,0.732620,0.406918,0.165951,400,3936,3936,32.000000,0,0,16,16,55,55,6,0,548.000000,583,0,0,38,162,0,38,17,14,3,0,17,3,3,3,0,0,0,0,0,21,0,21,21,21,0,0,0,0
1899,15000428,100,2,385.448871663584,75.000000000000,51.000000000000,2.085021752040,4f3b50ef92c50e68,8d15af1f9d36efa1,c009f5f529ea3854,200,151,75.500000,264.119205,288.054315,1.000000,4.200000,326.322602,4.291667,308.712647,4.099338,4.019386,0.000000,0.492207,0.750000,0.392542,0.213469,400,4168,4168,32.000000,0,0,16,16,81,81,6,0,600.000000,619,0,0,65,135,0,65,16,13,3,0,16,3,3,3,0,0,0,0,0,49,0,49,49,49,0,0,0,0
1900,15000429,100,2,134.741393880568,175.000000000000,68.000000000000,1.875595691611,adc6acac793b1e33,8d15af1f9d36efa1,67af7a4fa6627aef,200,184,92.000000,236.532609,226.612576,1.000000,3.400000,276.512205,4.223333,267.920047,3.429348,3.849445,0.000000,0.470193,0.736842,0.387973,0.168643,400,3864,3864,32.000000,0,0,16,16,60,60,8,8,560.000000,631,0,0,36,164,0,36,20,16,4,0,20,4,4,4,0,0,0,0,0,16,0,16,16,16,0,0,0,0
1901,15000430,100,2,405.234837365624,325.000000000000,80.000000000000,2.226149244704,7446b17e962f48f5,8d15af1f9d36efa1,f840124eee8ebd42,200,193,96.500000,242.264249,241.527498,1.000000,3.400000,271.796392,4.381667,282.393382,3.455959,4.652174,0.000000,0.444629,0.727520,0.374883,0.132640,400,4152,4152,32.000000,0,0,16,16,49,49,4,4,534.000000,667,0,0,27,173,0,27,20,18,2,0,20,2,2,2,0,0,0,0,0,7,0,7,7,7,0,0,0,0
1902,15000431,100,2,317.137250503950,325.000000000000,57.000000000000,2.604810044091,3166acf6a96107ef,8d15af1f9d36efa1,60d2bc9077ec1f69,200,195,97.500000,242.200000,273.168149,1.000000,3.800000,309.562048,4.657857,295.162832,3.846154,3.973333,0.000000,0.410841,0.723375,0.347826,0.109264,400,3920,3920,31.000000,0,0,16,15,45,45,2,0,523.000000,750,0,0,25,175,0,25,20,19,1,0,20,1,1,1,0,0,0,0,0,5,0,5,5,5,0,0,0,0
1903,15000432,100,2,332.982414606517,425.000000000000,50.000000000000,2.450619423184,6e39e62b18afe115,8d15af1f9d36efa1,97d444c646312a87,200,158,79.000000,232.126582,272.172335,1.000000,3.600000,289.858732,6.135000,298.812120,3.626582,6.080279,0.000000,0.499563,0.740933,0.411100,0.196353,400,4480,4480,32.000000,0,0,16,16,70,70,0,0,572.000000,573,0,0,56,144,0,56,14,14,0,0,14,0,0,0,0,0,0,0,0,42,0,42,42,42,0,0,0,0
1904,15000433,100,2,95.713407954566,325.000000000000,71.000000000000,2.482637656078,ff4e73b13c4f7909,8d15af1f9d36efa1,e17126c9f69a0ec4,200,193,96.500000,275.031088,277.317823,1.000000,4.100000,325.291653,5.444881,339.648654,4.419689,4.742087,0.000000,0.384116,0.726776,0.319234,0.104932,400,4208,4208,32.000000,0,0,16,16,46,46,8,2,532.000000,853,0,0,26,174,0,26,19,15,4,0,19,4,4,4,0,0,0,0,0,7,0,7,7,7,0,0,0,0
1905,15000434,100,2,11.794616532064,175.000000000000,83.000000000000,2.413449251563,542337bb1dba7c13,8d15af1f9d36efa1,b469008bf21b6ca,200,176,88.000000,301.056818,315.127130,1.000000,4.200000,347.312142,4.799524,360.453739,4.232955,4.663087,0.000000,0.433460,0.740260,0.349345,0.156285,400,4056,4056,32.000000,0,0,16,16,64,64,10,0,570.000000,745,0,0,44,156,0,44,20,15,5,0,20,5,5,5,0,0,0,0,0,24,0,24,24,24,0,0,0,0
1906,15000435,100,2,109.206858162552,425.000000000000,39.000000000000,2.860816084576,6e01e5ce0dc35ccf,8d15af1f9d36efa1,c1a9a7490371387f,200,123,61.500000,289.902439,257.417309,1.000000,4.100000,318.202115,5.294444,340.248043,4.365854,4.927374,0.000000,0.546835,0.764151,0.426894,0.286853,400,4352,4352,32.000000,0,0,16,16,99,99,18,0,648.000000,537,0,0,88,112,0,88,11,2,9,0,11,9,9,9,0,0,0,0,0,77,0,77,77,77,0,0,0,0
1907,15000436,100,2,6.519008562228,425.000000000000,60.000000000000,2.864336549969,236ef9e74d622ce,8d15af1f9d36efa1,ae5ef2fec6bc5e2c,200,168,84.000000,266.970238,260.330680,1.000000,3.800000,296.682233,4.511429,301.635388,4.083333,4.192420,0.000000,0.459843,0.744898,0.368324,0.181384,400,3840,3840,32.000000,0,0,16,16,69,69,14,2,584.000000,686,0,0,50,150,0,50,18,11,7,0,18,7,7,7,0,0,0,0,0,32,0,32,32,32,0,0,0,0
1908,15000437,100,2,479.833364411293,325.000000000000,87.000000000000,2.313300874571,e3426a864583dafb,8d15af1f9d36efa1,d7186750762c01cf,200,172,86.000000,256.453488,249.798517,1.000000,3.700000,287.012488,4.851667,295.077997,3.843023,5.018154,0.000000,0.466505,0.742931,0.377003,0.180917,400,4496,4496,32.000000,0,0,16,16,68,68,10,0,578.000000,661,0,0,48,152,0,48,20,15,5,0,20,5,5,5,0,0,0,0,0,28,0,28,28,28,0,0,0,0
1909,15000438,100,2,84.152894908833,75.000000000000,49.000000000000,2.729167038631,6acbee4d5774df98,8d15af1f9d36efa1,64a06b2982aea8a9,200,172,86.000000,264.953488,208.946037,1.000000,3.700000,297.214338,4.312500,303.366641,3.813953,4.128049,0.000000,0.465798,0.740933,0.378788,0.175879,400,3912,3912,32.000000,0,0,16,16,63,63,14,6,572.000000,656,0,0,44,156,0,44,16,9,7,0,16,7,7,7,0,0,0,0,0,28,0,28,28,28,0,0,0,0
1910,15000439,100,2,153.685069794167,75.000000000000,55.000000000000,2.210926966040,8936eff0b601e601,8d15af1f9d36efa1,e6491ea4f897b0d1,200,165,82.500000,240.484848,235.930938,1.000000,3.300000,247.421083,5.608333,280.676622,3.406061,4.982206,0.000000,0.505282,0.741602,0.415800,0.201705,400,4024,4024,32.000000,0,0,16,16,69,69,4,4,574.000000,562,0,0,51,149,0,51,16,14,2,0,16,2,2,2,0,0,0,0,0,35,0,35,35,35,0,0,0,0
1911,15000440,100,2,265.138605438275,425.000000000000,37.000000000000,1.601089850461,eceee23694341fbb,8d15af1f9d36efa1,fcff50c1000b1e53,200,142,71.000000,282.330986,287.699663,1.000000,4.400000,349.765075,5.473333,344.615039,4.471831,4.233071,0.000000,0.488316,0.751861,0.386473,0.215080,400,4136,4136,32.000000,0,0,16,16,86,86,2,0,606.000000,635,0,0,72,128,0,72,14,13,1,0,14,1,1,1,0,0,0,0,0,58,0,58,58,58,0,0,0,0
1912,15000441,100,2,182.719208022037,325.000000000000,62.000000000000,1.905996433383,318b233e7231f3de,8d15af1f9d36efa1,21f09350a104cb5b,200,200,100.000000,194.315000,204.118981,1.000000,2.800000,230.641656,4.796667,225.169344,2.800000,4.583929,0.000000,0.477612,0.719101,0.416667,0.125000,400,4056,4056,32.000000,0,0,16,16,40,40,0,0,512.000000,560,0,0,20,180,0,20,20,20,0,0,20,0,0,0,0,0,0,0,0,0,0,0,0,0,0,0,0,0
1913,15000442,100,2,374.437874365291,325.000000000000,43.000000000000,2.961771067874,f8f707fec49211e5,8d15af1f9d36efa1,fde4346b560633ac,200,193,96.500000,204.637306,183.130835,1.000000,3.100000,245.084512,5.127143,235.362671,3.051813,4.741935,0.000000,0.472695,0.725275,0.404449,0.140146,400,4344,4344,32.000000,0,0,16,16,47,47,2,0,528.000000,589,0,0,27,173,0,27,20,19,1,0,20,1,1,1,0,0,0,0,0,7,0,7,7,7,0,0,0,0
1914,15000443,100,2,482.713271028552,175.000000000000,74.000000000000,2.819946084423,360edccf7ce75878,8d15af1f9d36efa1,59813fe3357bc612,200,167,83.500000,261.137725,254.460592,1.000000,3.600000,281.265720,4.211667,278.331285,3.598802,3.986689,0.000000,0.501245,0.751244,0.399600,0.222510,400,3928,3928,32.000000,0,0,16,16,83,83,6,20,604.000000,601,0,0,53,147,0,53,20,17,3,0,20,3,3,3,0,0,0,0,0,33,0,33,33,33,0,0,0,0
1915,15000444,100,2,469.137467937165,325.000000000000,88.000000000000,2.313536365785,215d17ba233c4185,8d15af1f9d36efa1,9a9c6b00c574a81c,200,166,83.000000,203.295181,182.913165,1.000000,2.700000,207.797974,4.980000,212.558243,2.722892,4.670354,0.000000,0.562016,0.743590,0.469484,0.246667,400,4328,4328,32.000000,0,0,16,16,66,66,16,0,580.000000,452,0,0,50,150,0,50,16,8,8,0,16,8,8,8,0,0,0,0,0,34,0,34,34,34,0,0,0,0
1916,15000445,100,2,172.531777365839,425.000000000000,42.000000000000,2.746382677681,e55f3f278eee9229,8d15af1f9d36efa1,8f7b74ab72db1f70,200,139,69.500000,314.302158,267.562846,1.000000,3.900000,319.894035,4.798810,378.496544,4.899281,4.933921,0.000000,0.476556,0.756098,0.370028,0.216341,400,4288,4288,32.000000,0,0,16,16,89,89,10,0,620.000000,681,0,0,75,125,0,75,14,9,5,0,14,5,5,5,0,0,0,0,0,61,0,61,61,61,0,0,0,0
1917,15000446,100,2,76.233023943209,175.000000000000,65.000000000000,2.658060816196,4c8d578fc6f82ffa,8d15af1f9d36efa1,52cc46d774e77c25,200,200,100.000000,203.255000,212.780331,1.000000,3.200000,244.741872,4.620000,240.870405,3.200000,4.437500,0.000000,0.444444,0.719101,0.384615,0.111111,400,4056,4056,32.000000,0,0,16,16,40,40,0,0,512.000000,640,0,0,20,180,0,20,20,20,0,0,20,0,0,0,0,0,0,0,0,0,0,0,0,0,0,0,0,0
1918,15000447,100,2,74.918132620620,75.000000000000,60.000000000000,2.123096280852,1bd556dfae13ea23,8d15af1f9d36efa1,aa71a8a602f93e9c,200,151,75.500000,244.754967,248.614409,1.000000,3.700000,288.051461,4.080000,264.169666,3.470199,3.881679,0.000000,0.537919,0.753086,0.432900,0.253561,400,3968,3968,32.000000,0,0,16,16,81,81,16,0,610.000000,524,0,0,65,135,0,65,16,8,8,0,16,8,8,8,0,0,0,0,0,49,0,49,49,49,0,0,0,0
1919,15000448,100,2,101.418669124509,425.000000000000,65.000000000000,1.886871786456,1ef4b6b411544a32,8d15af1f9d36efa1,9ac87500c599f405,200,172,86.000000,254.098837,254.236169,1.000000,3.400000,286.311968,5.475000,299.245893,3.848837,4.566465,0.000000,0.460033,0.738220,0.376648,0.166247,400,4136,4136,32.000000,0,0,16,16,61,61,10,2,564.000000,662,0,0,44,156,0,44,16,11,5,0,16,5,5,5,0,0,0,0,0,28,0,28,28,28,0,0,0,0
1920,15000449,100,2,122.981782182271,175.000000000000,65.000000000000,1.806029609773,72fbcecdd97f2910,8d15af1f9d36efa1,cb9ab700887a5050,200,195,97.500000,266.492308,292.346591,1.000000,4.000000,338.357582,4.700000,334.711424,4.035897,4.335451,0.000000,0.401521,0.725275,0.336984,0.108720,400,3896,3896,32.000000,0,0,16,16,45,45,6,0,528.000000,787,0,0,25,175,0,25,20,17,3,0,20,3,3,3,0,0,0,0,0,5,0,5,5,5,0,0,0,0
1921,15000450,100,2,490.979302396260,75.000000000000,57.000000000000,2.106433641987,bd6c9d0853af861f,8d15af1f9d36efa1,35c01141215db8b5,200,172,86.000000,249.860465,229.545734,1.000000,3.200000,254.168276,4.986667,263.166679,3.377907,4.790017,0.000000,0.497839,0.742268,0.407747,0.198621,400,4184,4184,32.000000,0,0,16,16,62,62,20,0,576.000000,581,0,0,45,155,0,45,17,7,10,0,17,10,10,10,0,0,0,0,0,28,0,28,28,28,0,0,0,0
1922,15000451,100,2,417.268944870642,325.000000000000,66.000000000000,2.631364821833,fcafa7fccce6cd1b,8d15af1f9d36efa1,784b5350d1dad973,200,200,100.000000,218.330000,223.866914,1.000000,3.100000,254.587142,5.211667,252.008582,3.235000,5.083462,0.000000,0.445587,0.722222,0.382044,0.119728,400,4104,4104,32.000000,0,0,16,16,40,40,8,0,520.000000,647,0,0,20,180,0,20,20,16,4,0,20,4,4,4,0,0,0,0,0,0,0,0,0,0,0,0,0,0
1923,15000452,100,2,254.454940166957,75.000000000000,44.000000000000,1.662614640197,6b93c6a2396bd927,8d15af1f9d36efa1,d800ee884c90e818,200,146,73.000000,245.986301,222.555295,1.000000,3.100000,239.552866,5.035714,293.666290,3.684932,4.598513,0.000000,0.528070,0.750623,0.426439,0.240113,400,4336,4336,32.000000,0,0,16,16,83,83,4,2,602.000000,538,0,0,68,132,0,68,14,12,2,0,14,2,2,2,0,0,0,0,0,54,0,54,54,54,0,0,0,0
1924,15000453,100,2,264.224922424184,75.000000000000,40.000000000000,1.899465791724,77bbafb043edef6d,8d15af1f9d36efa1,d5cb124aec58608a,200,133,66.500000,226.759398,263.522586,1.000000,3.600000,292.999332,4.680000,264.378702,3.293233,4.529680,0.000000,0.586792,0.756691,0.477327,0.302548,400,4208,4208,32.000000,0,0,16,16,93,93,4,0,622.000000,438,0,0,80,120,0,80,13,11,2,0,13,2,2,2,0,0,0,0,0,67,0,67,67,67,0,0,0,0
1925,15000454,100,2,49.889038614259,325.000000000000,77.000000000000,2.564045736443,b564d7a6726c7480,8d15af1f9d36efa1,614c18fbbb3ae50,200,173,86.500000,274.803468,280.312965,1.000000,4.100000,329.455455,5.042381,327.845445,4.265896,4.237127,0.000000,0.436641,0.740933,0.351494,0.159453,400,4016,4016,32.000000,0,0,16,16,67,67,6,0,572.000000,738,0,0,47,153,0,47,20,17,3,0,20,3,3,3,0,0,0,0,0,27,0,27,27,27,0,0,0,0
1926,15000455,100,2,279.479449450593,325.000000000000,50.000000000000,2.205134625784,3799afdb0e92cbec,8d15af1f9d36efa1,9b722100c629e547,200,186,93.000000,225.655914,217.877668,1.000000,3.400000,249.793931,5.398571,269.938608,3.532258,4.377473,0.000000,0.447435,0.726776,0.378430,0.132100,400,4336,4336,32.000000,0,0,16,16,50,50,0,0,532.000000,657,0,0,32,168,0,32,18,18,0,0,18,0,0,0,0,0,0,0,0,14,0,14,14,14,0,0,0,0
1927,15000456,100,2,5.185461783176,325.000000000000,88.000000000000,2.332534537513,e04d3840d790ad6d,8d15af1f9d36efa1,db28089a80294cce,200,188,94.000000,236.372340,222.089169,1.000000,3.100000,254.374247,5.510000,271.025341,3.212766,5.483444,0.000000,0.472949,0.730458,0.398406,0.154062,400,4256,4256,32.000000,0,0,16,16,52,52,6,0,542.000000,604,0,0,32,168,0,32,20,17,3,0,20,3,3,3,0,0,0,0,0,12,0,12,12,12,0,0,0,0
1928,15000457,100,2,345.586870801896,75.000000000000,36.000000000000,2.858021210571,b7a191eb249234e8,8d15af1f9d36efa1,9b53ae00c610244f,200,170,85.000000,293.564706,300.400507,1.000000,4.300000,349.165968,5.055714,348.457309,4.347059,4.705007,0.000000,0.438023,0.742268,0.351185,0.163080,400,3816,3816,32.000000,0,0,16,16,66,66,12,0,576.000000,739,0,0,48,152,0,48,18,12,6,0,18,6,6,6,0,0,0,0,0,30,0,30,30,30,0,0,0,0
1929,15000458,100,2,88.223248573912,175.000000000000,62.000000000000,2.975139414179,b14f6bf2c40409f7,8d15af1f9d36efa1,b16cc6232deca971,200,185,92.500000,178.670270,174.135098,1.000000,2.500000,192.708267,6.233333,193.622833,2.600000,5.779626,0.000000,0.531646,0.731903,0.454030,0.191597,400,4264,4264,32.000000,0,0,16,16,55,55,4,0,546.000000,481,0,0,35,165,0,35,20,18,2,0,20,2,2,2,0,0,0,0,0,15,0,15,15,15,0,0,0,0
1930,15000459,100,2,462.600263273423,325.000000000000,80.000000000000,2.241324723561,6961d5d23726ba30,8d15af1f9d36efa1,df8a7a62308e8ba8,200,187,93.500000,262.486631,278.224134,1.000000,3.600000,302.267428,4.516667,299.794446,3.625668,4.380531,0.000000,0.448780,0.734043,0.371058,0.150376,400,3856,3856,32.000000,0,0,16,16,53,53,14,0,552.000000,678,0,0,33,167,0,33,20,13,7,0,20,7,7,7,0,0,0,0,0,13,0,13,13,13,0,0,0,0
1931,15000460,100,2,468.211431080185,325.000000000000,84.000000000000,1.595675976365,43eb4081e8726228,8d15af1f9d36efa1,32012f182dfb33b7,200,199,99.500000,229.713568,232.795895,1.000000,3.400000,263.005103,5.403333,260.236912,3.512563,4.801144,0.000000,0.428455,0.723757,0.363967,0.116308,400,4696,4696,32.000000,0,0,16,16,41,41,10,0,524.000000,699,0,0,21,179,0,21,20,15,5,0,20,5,5,5,0,0,0,0,0,1,0,1,1,1,0,0,0,0
1932,15000461,100,2,352.798490847607,75.000000000000,62.000000000000,2.127448195567,fee353c8d312e203,8d15af1f9d36efa1,301ba4bea0f7a322,200,184,92.000000,273.472826,269.360003,1.000000,3.600000,295.097503,5.447381,316.330662,3.934783,4.678177,0.000000,0.437014,0.737533,0.355872,0.152225,400,4200,4200,32.000000,0,0,16,16,58,58,14,4,562.000000,724,0,0,36,164,0,36,20,13,7,0,20,7,7,7,0,0,0,0,0,16,0,16,16,16,0,0,0,0
1933,15000462,100,2,366.045243846986,425.000000000000,63.000000000000,1.849541840180,1de35a98f52e5b45,8d15af1f9d36efa1,c0ff745069a3e165,200,164,82.000000,312.634146,336.558202,1.000000,4.800000,407.534786,5.454286,388.513752,5.048780,4.137681,0.000000,0.408571,0.740933,0.325733,0.144628,400,4312,4312,32.000000,0,0,16,16,66,66,8,0,572.000000,828,0,0,51,149,0,51,15,11,4,0,15,4,4,4,0,0,0,0,0,36,0,36,36,36,0,0,0,0
1934,15000463,100,2,279.554773828883,425.000000000000,45.000000000000,1.802850872301,35dffe306c7e6c1f,8d15af1f9d36efa1,9b9b3a00c64d14d6,200,159,79.500000,219.081761,243.406749,1.000000,3.400000,279.263955,4.747143,251.855779,3.132075,4.293173,0.000000,0.538889,0.744246,0.445434,0.231481,400,3952,3952,32.000000,0,0,16,16,73,73,4,4,582.000000,498,0,0,56,144,0,56,15,13,2,0,15,2,2,2,0,0,0,0,0,41,0,41,41,41,0,0,0,0
1935,15000464,100,2,245.221342232633,175.000000000000,58.000000000000,2.010311481299,289d9483f8c3fb2a,8d15af1f9d36efa1,1738f3f92bf3d698,200,186,93.000000,217.709677,231.346405,1.000000,3.000000,245.396711,5.485000,252.070581,3.037634,4.745133,0.000000,0.486830,0.728261,0.414508,0.155456,400,3888,3888,32.000000,0,0,16,16,52,52,0,4,536.000000,565,0,0,32,168,0,32,18,18,0,0,18,0,0,0,0,0,0,0,0,14,0,14,14,14,0,0,0,0
1936,15000465,100,2,453.012237043033,325.000000000000,81.000000000000,2.435306994550,f994ea3620d85cee,8d15af1f9d36efa1,fbb378d753f3dbd3,200,198,99.000000,234.419192,233.010654,1.000000,3.300000,250.795973,5.361667,261.940960,3.393939,5.252976,0.000000,0.440932,0.726027,0.373134,0.127273,400,4040,4040,32.000000,0,0,16,16,43,43,12,2,530.000000,672,0,0,22,178,0,22,20,14,6,0,20,6,6,6,0,0,0,0,0,2,0,2,2,2,0,0,0,0
1937,15000466,100,2,149.039735695321,325.000000000000,61.000000000000,2.228885822868,a25a7fbb06da7b96,8d15af1f9d36efa1,5514208aeb5b8418,200,200,100.000000,218.090000,226.270888,1.000000,3.300000,254.239171,3.466667,252.771315,3.300000,3.798485,0.000000,0.436379,0.718706,0.377358,0.108108,400,3880,3880,31.000000,0,0,16,15,40,40,0,0,511.000000,660,0,0,20,180,0,20,20,20,0,0,20,0,0,0,0,0,0,0,0,0,0,0,0,0,0,0,0,0
1938,15000467,100,2,112.552771059023,425.000000000000,45.000000000000,2.822557854882,7ddb2ad2e37aded5,8d15af1f9d36efa1,5b054e1e95d0811,200,137,68.500000,317.430657,305.292422,1.000000,4.800000,375.875295,4.310952,375.995992,5.000000,3.928467,0.000000,0.478294,0.758454,0.368664,0.222474,400,3984,3984,32.000000,0,0,16,16,92,92,12,2,628.000000,685,0,0,77,123,0,77,14,8,6,0,14,6,6,6,0,0,0,0,0,63,0,63,63,63,0,0,0,0
1939,15000468,100,2,136.936707880045,175.000000000000,49.000000000000,2.909344475492,50779eb42b429dd,8d15af1f9d36efa1,d209eb0e535de30d,200,180,90.000000,218.966667,219.295314,1.000000,3.300000,249.293590,4.690000,249.791090,3.350000,4.230514,0.000000,0.477016,0.733333,0.398804,0.163662,400,4536,4536,32.000000,0,0,16,16,58,58,2,0,550.000000,603,0,0,39,161,0,39,19,18,1,0,19,1,1,1,0,0,0,0,0,20,0,20,20,20,0,0,0,0
1940,15000469,100,2,420.912265356870,75.000000000000,59.000000000000,2.462966244718,c978bfc9f84df8a1,8d15af1f9d36efa1,ac68091b0c1a8d5e,200,162,81.000000,268.697531,280.105302,1.000000,3.700000,295.457053,5.300000,311.964827,3.925926,4.877358,0.000000,0.478689,0.744898,0.386100,0.192893,400,4360,4360,32.000000,0,0,16,16,72,72,8,4,584.000000,636,0,0,54,146,0,54,16,12,4,0,16,4,4,4,0,0,0,0,0,38,0,38,38,38,0,0,0,0
1941,15000470,100,2,16.466819056729,175.000000000000,86.000000000000,1.514558524332,8b35ee86452458ff,8d15af1f9d36efa1,682595254d50c4f8,200,199,99.500000,265.246231,290.510937,1.000000,3.900000,322.560646,4.570000,319.082925,3.969849,4.479747,0.000000,0.402421,0.726776,0.336134,0.112360,400,4144,4144,32.000000,0,0,16,16,41,41,18,0,532.000000,790,0,0,21,179,0,21,20,11,9,0,20,9,9,9,0,0,0,0,0,1,0,1,1,1,0,0,0,0
1942,15000471,100,2,170.721757144041,175.000000000000,63.000000000000,2.313150899510,fcf05ea32aa025c3,8d15af1f9d36efa1,9b8a1700c63e662a,200,179,89.500000,215.519553,235.853402,1.000000,3.200000,253.230495,4.729762,263.515600,3.374302,4.874172,0.000000,0.474783,0.731903,0.398406,0.158774,400,4160,4160,32.000000,0,0,16,16,56,56,2,2,546.000000,604,0,0,38,162,0,38,17,16,1,0,17,1,1,1,0,0,0,0,0,21,0,21,21,21,0,0,0,0
1943,15000472,100,2,434.744897176087,175.000000000000,70.000000000000,2.573997631189,36c3d80ba49d60ff,8d15af1f9d36efa1,9249e57a9ed8e728,200,182,91.000000,260.159341,261.285877,1.000000,3.700000,288.804725,5.181667,311.228935,3.857143,4.960114,0.000000,0.448113,0.740260,0.362976,0.164286,400,3824,3824,32.000000,0,0,16,16,64,64,10,16,570.000000,702,0,0,37,163,0,37,19,14,5,0,19,5,5,5,0,0,0,0,0,18,0,18,18,18,0,0,0,0
1944,15000473,100,2,182.252556553331,325.000000000000,64.000000000000,1.971109141247,d830197718cf2283,8d15af1f9d36efa1,9baf4700c65dd3f7,200,192,96.000000,249.166667,248.997975,1.000000,3.500000,280.388837,5.006667,302.658751,3.734375,4.895397,0.000000,0.425020,0.726027,0.358102,0.120245,400,4184,4184,32.000000,0,0,16,16,48,48,2,0,530.000000,717,0,0,28,172,0,28,20,19,1,0,20,1,1,1,0,0,0,0,0,8,0,8,8,8,0,0,0,0
1945,15000474,100,2,474.757582515984,425.000000000000,72.000000000000,2.280368699517,746b77f89412c091,8d15af1f9d36efa1,e5809a4f5c938864,200,164,82.000000,274.987805,248.633582,1.000000,3.500000,270.069499,4.571667,305.615751,3.902439,4.100000,0.000000,0.481361,0.748111,0.384615,0.201995,400,4072,4072,32.000000,0,0,16,16,77,77,8,14,594.000000,640,0,0,53,147,0,53,17,13,4,0,17,4,4,4,0,0,0,0,0,36,0,36,36,36,0,0,0,0
1946,15000475,100,2,356.830819744337,425.000000000000,30.000000000000,2.854177650424,a4e2705a2d10349e,8d15af1f9d36efa1,612042d5d78374f8,200,146,73.000000,240.267123,224.048703,1.000000,3.400000,267.240980,5.526667,275.918995,3.801370,5.372973,0.000000,0.524422,0.753695,0.418848,0.244898,400,4528,4528,32.000000,0,0,16,16,86,86,8,0,612.000000,555,0,0,70,130,0,70,16,12,4,0,16,4,4,4,0,0,0,0,0,54,0,54,54,54,0,0,0,0
1947,15000476,100,2,416.331279627439,175.000000000000,81.000000000000,1.599283013068,69f1e1c0ed954bde,8d15af1f9d36efa1,58c79a02822b91a8,200,185,92.500000,257.102703,302.980962,1.000000,4.100000,332.116642,4.248333,329.375875,4.097297,4.843008,0.000000,0.415123,0.728997,0.345423,0.122685,400,4064,4064,32.000000,0,0,16,16,51,51,4,0,538.000000,758,0,0,33,167,0,33,18,16,2,0,18,2,2,2,0,0,0,0,0,15,0,15,15,15,0,0,0,0
1948,15000477,100,2,405.037018121665,425.000000000000,59.000000000000,2.195536675285,f456ebb3ba961e0c,8d15af1f9d36efa1,e134cf4feb49539f,200,199,99.500000,285.693467,262.612239,1.000000,3.800000,308.554195,4.682143,344.578250,4.472362,3.975281,0.000000,0.370580,0.723757,0.310078,0.093686,400,4168,4168,32.000000,0,0,16,16,41,41,10,0,524.000000,890,0,0,21,179,0,21,20,15,5,0,20,5,5,5,0,0,0,0,0,1,0,1,1,1,0,0,0,0
1949,15000478,100,2,229.901753526261,325.000000000000,61.000000000000,2.089516847793,f50c5c8591478e27,8d15af1f9d36efa1,9aa9b400c57fae83,200,165,82.500000,248.424242,278.685170,1.000000,3.900000,319.799531,5.184524,295.715784,3.836364,4.793049,0.000000,0.471178,0.738220,0.387222,0.172549,400,4168,4168,32.000000,0,0,16,16,66,66,0,2,564.000000,633,0,0,50,150,0,50,15,15,0,0,15,0,0,0,0,0,0,0,0,35,0,35,35,35,0,0,0,0
1950,15000479,100,2,139.003243738785,325.000000000000,54.000000000000,2.858722840607,a5166f3723fef7a7,8d15af1f9d36efa1,340483de9a94f1a5,200,200,100.000000,276.775000,289.014555,1.000000,4.200000,337.780167,3.810000,332.416466,4.265000,3.953107,0.000000,0.378733,0.722222,0.319234,0.093518,400,3592,3592,32.000000,0,0,16,16,41,41,6,2,520.000000,853,0,0,20,180,0,20,20,17,3,0,20,3,3,3,0,0,0,0,0,0,0,0,0,0,0,0,0,0
1951,15000480,100,2,380.623459011704,325.000000000000,69.000000000000,2.183955233879,7e416ebb0c0e1469,8d15af1f9d36efa1,16d9d5dc7a215e28,200,190,95.000000,225.294737,228.134267,1.000000,3.400000,251.458797,4.483333,261.001996,3.431579,4.452454,0.000000,0.452101,0.728997,0.380228,0.139842,400,3728,3728,32.000000,0,0,16,16,50,50,6,0,538.000000,652,0,0,30,170,0,30,20,17,3,0,20,3,3,3,0,0,0,0,0,10,0,10,10,10,0,0,0,0
1952,15000481,100,2,411.615642433092,75.000000000000,45.000000000000,2.977097218834,2c63fd72e185237,8d15af1f9d36efa1,7765a360155aaff5,200,148,74.000000,261.067568,302.095042,1.000000,4.100000,338.163094,5.358571,300.301949,3.675676,5.382353,0.000000,0.526132,0.751244,0.423729,0.240223,400,4216,4216,32.000000,0,0,16,16,82,82,8,0,604.000000,544,0,0,67,133,0,67,15,11,4,0,15,4,4,4,0,0,0,0,0,52,0,52,52,52,0,0,0,0
1953,15000482,100,2,459.557679925089,175.000000000000,85.000000000000,1.830663818691,7822ea61520dcde5,8d15af1f9d36efa1,a86d939ed992953b,200,187,93.500000,290.989305,289.098270,1.000000,4.200000,346.384356,4.848810,347.425911,4.294118,4.320050,0.000000,0.404744,0.731903,0.332502,0.124318,400,3912,3912,32.000000,0,0,16,16,53,53,8,4,546.000000,803,0,0,32,168,0,32,19,15,4,0,19,4,4,4,0,0,0,0,0,13,0,13,13,13,0,0,0,0
1954,15000483,100,2,306.125133893961,75.000000000000,34.000000000000,2.457050838761,708bff6a82587ce,8d15af1f9d36efa1,4d42ac4f974ad930,200,150,75.000000,214.273333,225.483509,1.000000,3.200000,245.902295,5.450000,233.291260,3.060000,4.553377,0.000000,0.567389,0.750623,0.465658,0.270270,400,4224,4224,32.000000,0,0,16,16,80,80,10,0,602.000000,459,0,0,65,135,0,65,15,10,5,0,15,5,5,5,0,0,0,0,0,50,0,50,50,50,0,0,0,0
1955,15000484,100,2,382.257633969506,325.000000000000,72.000000000000,2.232541707963,f5761405abec32e0,8d15af1f9d36efa1,cf23e051031bd5f5,200,185,92.500000,259.275676,245.831791,1.000000,3.800000,292.587199,4.323333,315.606944,4.048649,4.607477,0.000000,0.420727,0.731183,0.348129,0.130081,400,3984,3984,32.000000,0,0,16,16,55,55,2,0,544.000000,749,0,0,35,165,0,35,20,19,1,0,20,1,1,1,0,0,0,0,0,15,0,15,15,15,0,0,0,0
1956,15000485,100,2,494.116774160728,75.000000000000,58.000000000000,2.689889190090,5902eeb8fcb50498,8d15af1f9d36efa1,625eae4383e5dbf,200,154,77.000000,262.207792,271.867981,1.000000,4.100000,325.211657,3.860000,303.217627,3.948052,3.705592,0.000000,0.493755,0.747793,0.396825,0.210390,400,3968,3968,31.000000,0,0,16,15,76,76,10,0,593.000000,608,0,0,61,139,0,61,15,10,5,0,15,5,5,5,0,0,0,0,0,46,0,46,46,46,0,0,0,0
1957,15000486,100,2,120.489730322172,75.000000000000,45.000000000000,2.343160757483,c33c3e05f2aad4ab,8d15af1f9d36efa1,52cadddbd9e1f4ee,200,148,74.000000,344.141892,337.968322,1.000000,4.900000,395.860050,5.260833,400.591913,4.932432,4.730137,0.000000,0.457652,0.754902,0.353982,0.201313,400,4280,4280,32.000000,0,0,16,16,84,84,16,8,616.000000,730,0,0,66,134,0,66,14,6,8,0,14,8,8,8,0,0,0,0,0,52,0,52,52,52,0,0,0,0
1958,15000487,100,2,388.749170349625,325.000000000000,56.000000000000,2.794409984058,2176d9fd87ccd5db,8d15af1f9d36efa1,1fdddcfe3e2325a7,200,193,96.500000,229.000000,242.724460,1.000000,3.300000,262.353492,4.621667,280.138290,3.549223,4.331387,0.000000,0.434352,0.724518,0.368664,0.120668,400,3848,3848,32.000000,0,0,16,16,46,46,2,2,526.000000,685,0,0,26,174,0,26,19,18,1,0,19,1,1,1,0,0,0,0,0,7,0,7,7,7,0,0,0,0
1959,15000488,100,2,153.636903168805,75.000000000000,53.000000000000,1.509736738943,caed9c7626b28249,8d15af1f9d36efa1,cff190c36d93e671,200,153,76.500000,204.627451,231.237386,0.900000,2.500000,227.350807,4.759259,238.476244,3.045752,4.560086,0.000000,0.544031,0.735450,0.461894,0.210169,400,4232,4232,32.000000,0,0,16,16,59,59,6,0,556.000000,466,0,0,43,138,0,43,16,13,3,0,16,3,3,2,1,0,0,0,0,27,20,27,47,28,19,0,0,0
1960,15000489,100,2,163.002959238162,75.000000000000,36.000000000000,2.810124085431,d82bc33c87072616,8d15af1f9d36efa1,9b087700c5cfdb60,200,174,87.000000,221.356322,219.425703,1.000000,3.100000,248.818145,4.698333,247.773635,3.287356,4.825175,0.000000,0.494700,0.736842,0.411523,0.182857,400,4176,4176,32.000000,0,0,16,16,61,61,6,2,560.000000,572,0,0,43,157,0,43,17,14,3,0,17,3,3,3,0,0,0,0,0,26,0,26,26,26,0,0,0,0
1961,15000490,100,2,65.765504902357,325.000000000000,70.000000000000,2.764963183890,545797773ce0d067,8d15af1f9d36efa1,1c2f4a0f667fd9ae,200,185,92.500000,290.070270,289.566578,1.000000,4.300000,332.534035,4.910476,345.915558,4.254054,4.836086,0.000000,0.413125,0.734748,0.336984,0.134213,400,4368,4368,32.000000,0,0,16,16,55,55,12,4,554.000000,787,0,0,34,166,0,34,19,13,6,0,19,6,6,6,0,0,0,0,0,15,0,15,15,15,0,0,0,0
1962,15000491,100,2,186.680999827006,325.000000000000,48.000000000000,2.622234494735,a702e280b05beefd,8d15af1f9d36efa1,9b940a00c646a498,200,195,97.500000,219.348718,222.090844,1.000000,3.100000,252.288678,3.500000,253.611868,3.117949,3.753289,0.000000,0.462898,0.723757,0.396825,0.131429,400,4080,4080,32.000000,0,0,16,16,45,45,2,0,524.000000,608,0,0,25,175,0,25,20,19,1,0,20,1,1,1,0,0,0,0,0,5,0,5,5,5,0,0,0,0
1963,15000492,100,2,341.287552961829,175.000000000000,62.000000000000,2.171139196930,37b479802d7efd3a,8d15af1f9d36efa1,a98ac572bfb368c9,200,191,95.500000,224.685864,240.405594,1.000000,3.300000,264.830947,5.743333,263.041332,3.246073,5.198387,0.000000,0.462738,0.727520,0.392157,0.141274,400,4376,4376,32.000000,0,0,16,16,49,49,4,0,534.000000,620,0,0,29,171,0,29,20,18,2,0,20,2,2,2,0,0,0,0,0,9,0,9,9,9,0,0,0,0
1964,15000493,100,2,96.790859234730,75.000000000000,67.000000000000,1.766198347857,fdf883c728659b91,8d15af1f9d36efa1,e71fabecba7dad4d,200,140,70.000000,275.800000,281.188526,1.000000,4.100000,324.917228,4.788333,313.956950,4.000000,4.455357,0.000000,0.527027,0.757282,0.416667,0.255319,400,4240,4240,32.000000,0,0,16,16,88,88,16,0,624.000000,560,0,0,74,126,0,74,14,6,8,0,14,8,8,8,0,0,0,0,0,60,0,60,60,60,0,0,0,0
1965,15000494,100,2,375.855130782526,175.000000000000,62.000000000000,2.376236254585,d3f4474bc82ca5b4,8d15af1f9d36efa1,4c4e7f9b1e247d3d,200,200,100.000000,286.935000,291.563408,1.000000,4.200000,335.074473,3.885476,345.995477,4.335000,3.884660,0.000000,0.374910,0.722222,0.315706,0.092147,400,3720,3720,32.000000,0,0,16,16,41,41,6,2,520.000000,867,0,0,20,180,0,20,20,17,3,0,20,3,3,3,0,0,0,0,0,0,0,0,0,0,0,0,0,0
1966,15000495,100,2,111.149606377180,325.000000000000,54.000000000000,2.739412612176,2365a66c542a7ca6,8d15af1f9d36efa1,ea50679d366e1a29,200,189,94.500000,247.973545,267.855362,1.000000,3.900000,302.740468,4.633333,296.220066,3.851852,4.298077,0.000000,0.424051,0.728261,0.354610,0.125000,400,3872,3872,32.000000,0,0,16,16,49,49,6,0,536.000000,728,0,0,30,170,0,30,19,16,3,0,19,3,3,3,0,0,0,0,0,11,0,11,11,11,0,0,0,0
1967,15000496,100,2,31.289480754260,75.000000000000,61.000000000000,2.305822651311,30e810fc7002efe4,8d15af1f9d36efa1,a4fd79cd42ebebd8,200,114,57.000000,265.307018,268.432583,1.000000,3.700000,303.490968,5.947619,306.841050,3.850877,5.127563,0.000000,0.602715,0.769053,0.476758,0.347697,400,4056,4056,32.000000,0,0,16,16,115,115,4,6,666.000000,439,0,0,99,101,0,99,13,11,2,0,13,2,2,2,0,0,0,0,0,86,0,86,86,86,0,0,0,0
1968,15000497,100,2,109.234413849706,75.000000000000,54.000000000000,2.199362556083,fdf2e85b815e8eef,8d15af1f9d36efa1,36ec7f501b94e537,200,143,71.500000,277.076923,284.647534,1.000000,3.500000,304.086514,5.373333,318.191984,3.727273,5.003752,0.000000,0.538528,0.756691,0.428725,0.262794,400,4352,4352,32.000000,0,0,16,16,91,91,8,0,622.000000,533,0,0,74,126,0,74,17,13,4,0,17,4,4,4,0,0,0,0,0,57,0,57,57,57,0,0,0,0
1969,15000498,100,2,366.518842965499,175.000000000000,59.000000000000,2.478030125820,c2809b6be4488ca2,8d15af1f9d36efa1,c705344fdc65b6a7,200,200,100.000000,287.500000,302.840949,1.000000,4.400000,356.559246,4.577976,348.457108,4.400000,4.250000,0.000000,0.371429,0.722222,0.312500,0.090909,400,3896,3896,32.000000,0,0,16,16,43,43,2,6,520.000000,880,0,0,20,180,0,20,20,19,1,0,20,1,1,1,0,0,0,0,0,0,0,0,0,0,0,0,0,0
1970,15000499,100,2,139.685398551777,325.000000000000,65.000000000000,2.012440536602,ea787834c7ccf8d7,8d15af1f9d36efa1,c58dd33425f24922,200,196,98.000000,329.520408,339.482066,1.000000,4.900000,401.825717,4.275000,416.314370,5.188776,4.109145,0.000000,0.342599,0.726027,0.282287,0.087892,400,3768,3768,32.000000,0,0,16,16,45,45,8,2,530.000000,1017,0,0,24,176,0,24,20,16,4,0,20,4,4,4,0,0,0,0,0,4,0,4,4,4,0,0,0,0
1971,15000500,100,2,38.249640273514,75.000000000000,51.000000000000,2.914442633890,4258947f8db5e131,8d15af1f9d36efa1,9a7a0400c55712b1,200,186,93.000000,260.559140,261.488034,1.000000,3.600000,290.246936,4.306190,301.306399,3.935484,4.636612,0.000000,0.436055,0.738903,0.353357,0.154734,400,4128,4128,32.000000,0,0,16,16,58,58,18,16,566.000000,732,0,0,32,168,0,32,18,9,9,0,18,9,9,9,0,0,0,0,0,14,0,14,14,14,0,0,0,0
1972,15000501,100,2,296.903879083018,175.000000000000,44.000000000000,2.435088632021,3c07cf01fb19fae5,8d15af1f9d36efa1,2562633ce7edec86,200,200,100.000000,288.380000,289.363330,1.000000,4.400000,351.209229,5.337500,361.431323,4.600000,5.065217,0.000000,0.359331,0.720670,0.303030,0.083665,400,4456,4456,32.000000,0,0,16,16,40,40,4,0,516.000000,920,0,0,20,180,0,20,20,18,2,0,20,2,2,2,0,0,0,0,0,0,0,0,0,0,0,0,0,0
1973,15000502,100,2,338.525925816351,425.000000000000,49.000000000000,1.958387974554,5d9f0001f097bae0,8d15af1f9d36efa1,e9d9ae4d93fead9a,200,193,96.500000,244.145078,252.848782,1.000000,3.700000,277.719806,5.025000,291.925665,3.896373,4.597074,0.000000,0.413417,0.726027,0.347222,0.115294,400,4288,4288,32.000000,0,0,16,16,45,45,8,0,530.000000,752,0,0,26,174,0,26,19,15,4,0,19,4,4,4,0,0,0,0,0,7,0,7,7,7,0,0,0,0
1974,15000503,100,2,123.656452091717,175.000000000000,67.000000000000,2.243989133442,2fbe015c716c9f1f,8d15af1f9d36efa1,a90918cdba718a5c,200,198,99.000000,194.717172,189.419419,1.000000,2.700000,201.734656,5.536667,209.902635,2.691919,5.332083,0.000000,0.494787,0.722992,0.428725,0.144462,400,4328,4328,32.000000,0,0,16,16,45,45,0,6,522.000000,533,0,0,22,178,0,22,20,20,0,0,20,0,0,0,0,0,0,0,0,2,0,2,2,2,0,0,0,0
1975,15000504,100,2,117.284168514189,75.000000000000,74.000000000000,1.531859283502,87d429861b320b99,8d15af1f9d36efa1,b627bcfa0491dc72,200,133,66.500000,294.360902,293.914826,1.000000,4.300000,342.722058,5.269167,347.644564,4.601504,4.635621,0.000000,0.510400,0.761337,0.395257,0.251834,400,4184,4184,32.000000,0,0,16,16,99,99,8,4,638.000000,612,0,0,82,118,0,82,15,11,4,0,15,4,4,4,0,0,0,0,0,67,0,67,67,67,0,0,0,0
1976,15000505,100,2,345.936925119071,75.000000000000,46.000000000000,2.543367489458,3af9d42e70ca7d05,8d15af1f9d36efa1,d9b51846759989bb,200,174,87.000000,184.149425,193.080169,1.000000,2.600000,208.274577,5.291667,195.966197,2.431034,5.040189,0.000000,0.570558,0.737533,0.486027,0.235081,400,4112,4112,32.000000,0,0,16,16,62,62,6,0,562.000000,423,0,0,44,156,0,44,18,15,3,0,18,3,3,3,0,0,0,0,0,26,0,26,26,26,0,0,0,0
1977,15000506,100,2,428.537909282845,75.000000000000,57.000000000000,1.680247522066,de0cbd3f7c287278,8d15af1f9d36efa1,5699d053bcd9d395,200,78,39.000000,315.320513,320.736171,1.000000,4.300000,359.760595,4.499286,316.367180,3.910256,4.567213,0.000000,0.714687,0.792531,0.567376,0.521193,400,4208,4208,32.000000,0,0,16,16,163,163,6,34,764.000000,305,0,0,134,66,0,134,12,9,3,0,12,3,3,3,0,0,0,0,0,122,0,122,122,122,0,0,0,0
1978,15000507,100,2,446.032783755549,325.000000000000,71.000000000000,2.742378178649,e93bad69c666c334,8d15af1f9d36efa1,9231414733bb0495,200,159,79.500000,390.471698,346.065346,1.000000,5.400000,438.504891,5.400952,494.218881,6.138365,4.144467,0.000000,0.379135,0.748744,0.290698,0.143860,400,4200,4200,32.000000,0,0,16,16,77,77,10,0,596.000000,976,0,0,59,141,0,59,18,13,5,0,18,5,5,5,0,0,0,0,0,41,0,41,41,41,0,0,0,0
1979,15000508,100,2,491.991056996737,75.000000000000,61.000000000000,2.709943524631,c4ab5ad45220f868,8d15af1f9d36efa1,4bdd67f94d46058d,200,101,50.500000,401.267327,379.485483,1.000000,5.600000,447.138375,4.148294,478.928226,5.980198,4.314570,0.000000,0.533951,0.775785,0.398406,0.300926,400,3752,3752,32.000000,0,0,16,16,123,123,14,0,692.000000,604,0,0,111,89,0,111,12,5,7,0,12,7,7,7,0,0,0,0,0,99,0,99,99,99,0,0,0,0
1980,15000509,100,2,285.710901706317,75.000000000000,41.000000000000,1.665200937141,32159065661b4046,8d15af1f9d36efa1,e1865137f86dda87,200,150,75.000000,245.946667,273.770482,1.000000,3.900000,318.135808,5.523333,310.922599,3.900000,5.162393,0.000000,0.502128,0.746835,0.406091,0.212651,400,4168,4168,32.000000,0,0,16,16,78,78,2,0,590.000000,585,0,0,64,136,0,64,14,13,1,0,14,1,1,1,0,0,0,0,0,50,0,50,50,50,0,0,0,0
1981,15000510,100,2,285.827090718978,425.000000000000,48.000000000000,1.552603835319,f807914a0b9a2508,8d15af1f9d36efa1,cc1029507096aba1,200,111,55.500000,239.009009,264.845147,1.000000,3.900000,303.091677,4.856667,296.749690,3.639640,5.198020,0.000000,0.615970,0.764151,0.497512,0.348387,400,4240,4240,32.000000,0,0,16,16,107,107,2,0,648.000000,404,0,0,98,102,0,98,9,8,1,0,9,1,1,1,0,0,0,0,0,89,0,89,89,89,0,0,0,0
1982,15000511,100,2,417.256442989559,325.000000000000,71.000000000000,2.208741864644,ed318baff2295e9,8d15af1f9d36efa1,59125406279c496a,200,179,89.500000,237.050279,218.370734,1.000000,3.100000,252.810658,4.795000,281.681352,3.558659,4.051805,0.000000,0.463353,0.733333,0.385728,0.156291,400,4128,4128,32.000000,0,0,16,16,56,56,6,2,550.000000,637,0,0,38,162,0,38,17,14,3,0,17,3,3,3,0,0,0,0,0,21,0,21,21,21,0,0,0,0
1983,15000512,100,2,298.487570079610,75.000000000000,50.000000000000,1.542528927319,bab4254c7ff39f20,8d15af1f9d36efa1,e9e3b13483e734ca,200,132,66.000000,166.166667,202.420858,1.000000,2.900000,224.042183,5.325000,192.846922,2.651515,4.540000,0.000000,0.638430,0.755501,0.533333,0.347015,400,3936,3936,32.000000,0,0,16,16,92,92,2,0,618.000000,350,0,0,80,120,0,80,12,11,1,0,12,1,1,1,0,0,0,0,0,68,0,68,68,68,0,0,0,0
1984,15000513,100,2,186.221588798005,325.000000000000,43.000000000000,2.487962766909,8c3812a16c03fd93,8d15af1f9d36efa1,ee8ab34069e00215,200,194,97.000000,291.685567,297.388952,1.000000,4.400000,356.579986,5.033333,366.941588,4.659794,4.484513,0.000000,0.367832,0.724518,0.306748,0.094188,400,4400,4400,32.000000,0,0,16,16,46,46,2,0,526.000000,904,0,0,26,174,0,26,20,19,1,0,20,1,1,1,0,0,0,0,0,6,0,6,6,6,0,0,0,0
1985,15000514,100,2,262.589730230756,175.000000000000,59.000000000000,1.654036427763,252da5517ef0b83f,8d15af1f9d36efa1,47e05455f34ceef1,200,193,96.500000,221.284974,231.366975,1.000000,3.500000,279.937853,4.748333,268.307785,3.481865,4.366071,0.000000,0.437186,0.722992,0.373134,0.118110,400,4016,4016,32.000000,0,0,16,16,45,45,0,0,522.000000,672,0,0,26,174,0,26,19,19,0,0,19,0,0,0,0,0,0,0,0,7,0,7,7,7,0,0,0,0
1986,15000515,100,2,389.897385370757,175.000000000000,70.000000000000,2.089199297737,b3700612c02e75ff,8d15af1f9d36efa1,af41140ba9c6303,200,190,95.000000,314.447368,318.430279,1.000000,4.800000,381.723147,4.903333,379.713033,4.852632,4.236443,0.000000,0.371506,0.731544,0.302572,0.110039,400,4080,4080,31.000000,0,0,16,15,54,54,6,8,545.000000,922,0,0,30,170,0,30,20,17,3,0,20,3,3,3,0,0,0,0,0,10,0,10,10,10,0,0,0,0
1987,15000516,100,2,200.383267291193,175.000000000000,51.000000000000,2.477871095331,aec6496e3a190b2e,8d15af1f9d36efa1,c61e952ddd5c1bb6,200,185,92.500000,273.572973,269.207114,1.000000,4.000000,308.586334,5.089286,325.953108,4.567568,4.326627,0.000000,0.389892,0.729730,0.321285,0.113326,400,4248,4248,32.000000,0,0,16,16,53,53,2,4,540.000000,845,0,0,33,167,0,33,18,17,1,0,18,1,1,1,0,0,0,0,0,15,0,15,15,15,0,0,0,0
1988,15000517,100,2,376.157591058239,425.000000000000,43.000000000000,2.520478613187,a1b95b25d863922f,8d15af1f9d36efa1,8fd8db4a658cbc5d,200,146,73.000000,212.047945,227.552652,1.000000,3.300000,259.407652,5.065000,244.649357,3.123288,4.918860,0.000000,0.568998,0.750623,0.467290,0.271565,400,4232,4232,32.000000,0,0,16,16,84,84,2,0,602.000000,456,0,0,69,131,0,69,15,14,1,0,15,1,1,1,0,0,0,0,0,54,0,54,54,54,0,0,0,0
1989,15000518,100,2,25.294048481443,75.000000000000,55.000000000000,2.816215470199,ccc7998b2795c545,8d15af1f9d36efa1,5c00e4c96c5c2def,200,192,96.000000,223.718750,217.169031,1.000000,3.300000,254.031590,4.216667,254.491100,3.354167,4.167702,0.000000,0.456081,0.729730,0.383142,0.143617,400,4056,4056,32.000000,0,0,16,16,48,48,12,0,540.000000,644,0,0,28,172,0,28,20,14,6,0,20,6,6,6,0,0,0,0,0,8,0,8,8,8,0,0,0,0
1990,15000519,100,2,115.645888769833,75.000000000000,51.000000000000,2.126045409740,576370628a11275d,8d15af1f9d36efa1,40652550212cc92e,200,149,74.500000,246.348993,249.911212,1.000000,3.700000,288.150260,5.317143,294.853413,3.818792,4.467487,0.000000,0.512425,0.749373,0.412797,0.225850,400,4256,4256,32.000000,0,0,16,16,78,78,10,2,598.000000,569,0,0,64,136,0,64,13,8,5,0,13,5,5,5,0,0,0,0,0,51,0,51,51,51,0,0,0,0
1991,15000520,100,2,70.881308114989,75.000000000000,60.000000000000,1.532587287853,419de8ce96e1d6d8,8d15af1f9d36efa1,836e71b01b4ba175,200,165,82.500000,264.696970,269.776139,1.000000,4.000000,323.802386,4.331429,297.878894,3.969697,4.499237,0.000000,0.475580,0.748111,0.379147,0.198286,400,3896,3896,32.000000,0,0,16,16,75,75,12,8,594.000000,655,0,0,53,147,0,53,18,12,6,0,18,6,6,6,0,0,0,0,0,35,0,35,35,35,0,0,0,0
1992,15000521,100,2,339.661946398430,325.000000000000,64.000000000000,2.104988502518,bf17ba176a46f662,8d15af1f9d36efa1,14050ca13a8007ba,200,195,97.500000,239.984615,261.755204,1.000000,3.700000,298.599048,5.403333,294.321132,3.687179,5.260083,0.000000,0.422490,0.724518,0.357462,0.115621,400,4104,4104,32.000000,0,0,16,16,45,45,4,0,526.000000,719,0,0,25,175,0,25,20,18,2,0,20,2,2,2,0,0,0,0,0,5,0,5,5,5,0,0,0,0
1993,15000522,100,2,346.737363133809,425.000000000000,54.000000000000,2.079203803052,9c5493e44483e677,8d15af1f9d36efa1,9a827624d56f51b3,200,154,77.000000,311.590909,279.119376,1.000000,4.500000,386.484668,6.176667,375.510625,4.597403,5.645480,0.000000,0.459542,0.750623,0.361011,0.193622,400,5072,5072,32.000000,0,0,16,16,80,80,10,4,602.000000,708,0,0,62,138,0,62,16,11,5,0,16,5,5,5,0,0,0,0,0,46,0,46,46,46,0,0,0,0
1994,15000523,100,2,459.974119608590,425.000000000000,58.000000000000,2.967352712007,23df9c79a02dad9a,8d15af1f9d36efa1,14d2acccf09c155,200,160,80.000000,251.556250,242.320668,1.000000,3.500000,292.193218,4.792381,277.488332,3.443750,4.854809,0.000000,0.519616,0.748744,0.420610,0.229371,400,4576,4576,32.000000,0,0,16,16,74,74,16,0,596.000000,551,0,0,57,143,0,57,17,9,8,0,17,8,8,8,0,0,0,0,0,40,0,40,40,40,0,0,0,0
1995,15000524,100,2,371.711638122422,175.000000000000,55.000000000000,2.724453549104,992f33d5f7f44765,8d15af1f9d36efa1,9af7ad00c5c1c3ef,200,187,93.500000,280.604278,284.926274,1.000000,4.000000,322.236264,5.033810,339.910558,4.294118,4.660025,0.000000,0.402085,0.729730,0.332502,0.118551,400,3840,3840,32.000000,0,0,16,16,53,53,2,0,540.000000,803,0,0,33,167,0,33,20,19,1,0,20,1,1,1,0,0,0,0,0,13,0,13,13,13,0,0,0,0
1996,15000525,100,2,22.760555970653,325.000000000000,83.000000000000,2.630285740456,72e8608b1b2d565d,8d15af1f9d36efa1,7cc3cb50434b6f1a,200,177,88.500000,224.028249,222.461663,1.000000,3.300000,259.045192,6.500000,261.995747,3.305085,5.815385,0.000000,0.486392,0.734748,0.406091,0.172560,400,4960,4960,32.000000,0,0,16,16,59,59,4,0,554.000000,585,0,0,41,159,0,41,18,16,2,0,18,2,2,2,0,0,0,0,0,23,0,23,23,23,0,0,0,0
1997,15000526,100,2,344.321550502391,425.000000000000,46.000000000000,2.253326861429,c4559d9669c37e11,8d15af1f9d36efa1,9daf67cd517f5349,200,174,87.000000,325.063218,342.847168,1.000000,4.800000,395.454926,4.679167,396.496184,4.781609,4.758413,0.000000,0.404864,0.738903,0.324675,0.138716,400,4008,4008,32.000000,0,0,16,16,62,62,10,4,566.000000,832,0,0,43,157,0,43,17,12,5,0,17,5,5,5,0,0,0,0,0,26,0,26,26,26,0,0,0,0
1998,15000527,100,2,64.049615863786,75.000000000000,58.000000000000,2.440185601336,ee0bf26c3bcd2e22,8d15af1f9d36efa1,484f36e4c9f82294,200,181,90.500000,256.281768,277.408145,1.000000,3.600000,310.233557,5.238333,309.482943,3.795580,4.965066,0.000000,0.446414,0.734748,0.367985,0.150803,400,4048,4048,32.000000,0,0,16,16,55,55,12,0,554.000000,687,0,0,37,163,0,37,18,12,6,0,18,6,6,6,0,0,0,0,0,19,0,19,19,19,0,0,0,0
1999,15000528,100,2,481.048868528452,75.000000000000,61.000000000000,2.044694144640,42c593dddde41cd1,8d15af1f9d36efa1,5ea74f50c36e0c7f,200,118,59.000000,257.296610,271.857193,1.000000,3.800000,315.327309,4.486667,280.659772,3.466102,4.628362,0.000000,0.615962,0.766355,0.494438,0.353870,400,4032,4032,32.000000,0,0,16,16,108,108,8,0,656.000000,409,0,0,95,105,0,95,13,9,4,0,13,4,4,4,0,0,0,0,0,82,0,82,82,82,0,0,0,0
