scenario_id,scenario_seed,node_count,selected_oc,x,y,local_density,speed,topology_hash,acoustic_state_hash,route_hash,generated_packets,delivered_packets,PDR,E2ED_ms,mean_source_destination_distance_m,connected_flow_pair_ratio,mean_static_shortest_hops,mean_static_shortest_path_length_m,mean_static_feasible_relay_candidates,mean_delivered_path_length_m,mean_delivered_hop_count,mean_delivered_relay_candidate_count,mean_delivered_relay_wait_ms,ROR_total,ROR_generated,ROR_hello,ROR_reactive,hello_tx,neighbor_update_tx,raw_neighbor_update_burden,compressed_topology_updates,topology_digest_packets,mc_topology_digest_ack_packets,lc_topology_update_tx,mc_topology_update_tx,route_request_tx,route_reply_tx,mc_control_tx,gateway_control_tx,control_transmissions,data_hops,OC_data_hops,architecture_violations,controller_requests,installed_route_hits,lc_cache_hits,lc_cache_misses,oc_route_computations,oc_route_successes,oc_route_failures,oc_cache_hits,oc_cache_misses,mc_fallbacks,mc_route_computations,mc_route_successes,mc_route_failures,route_recoveries,recovery_successes,recovery_failures,link_invalidations,control_unreachable,no_physical_path,routing_failure_with_path,final_no_path_drops,failed_route_attempts,negative_cache_hits,pending_route_suppressions,route_discovery_buffered_retries,route_discovery_timeout_drops
1500,15000029,100,1,158.569537593,75,43,2.45056092272,261384c55508c7c5,8d15af1f9d36efa1,7c8d5150431d105c,200,155,77.500000,299.858065,291.922363,1.000000,4.300000,341.870448,4.885000,355.616169,4.612903,4.353846,0.000000,0.455446,0.749373,0.358744,0.188422,400,4328,4328,32.000000,0,0,16,16,80,80,6,2,598.000000,715,0,0,62,138,0,62,17,14,3,0,17,3,3,3,0,0,0,0,0,45,0,45,45,45,0,0,0,0
1501,15000030,100,1,424.184607188088,75.000000000000,63.000000000000,2.838683775480,37add443a1f79a10,8d15af1f9d36efa1,1bd83dbaa8023bb9,200,178,89.000000,165.101124,146.059901,1.000000,2.500000,170.520583,4.458333,170.951544,2.382022,4.594340,0.000000,0.566462,0.734748,0.485437,0.223443,400,4208,4208,32.000000,0,0,16,16,58,58,6,0,554.000000,424,0,0,40,160,0,40,18,15,3,0,18,3,3,3,0,0,0,0,0,22,0,22,22,22,0,0,0,0
1502,15000031,100,1,88.014416477079,175.000000000000,71.000000000000,2.520736312337,70425a7a235e6eca,8d15af1f9d36efa1,5fba424fa213c2a0,200,192,96.000000,233.468750,242.848994,1.000000,3.400000,273.404557,5.051667,268.681533,3.494792,4.387481,0.000000,0.442228,0.726776,0.373483,0.129702,400,4128,4128,32.000000,0,0,16,16,48,48,4,0,532.000000,671,0,0,28,172,0,28,20,18,2,0,20,2,2,2,0,0,0,0,0,8,0,8,8,8,0,0,0,0
1503,15000032,100,1,117.291463605592,75.000000000000,56.000000000000,2.933117901840,8fb4381413b9c9b4,8d15af1f9d36efa1,43be4ce50e56ee6a,200,168,84.000000,278.863095,274.926472,1.000000,4.100000,329.345040,5.140000,322.358691,3.928571,4.637879,0.000000,0.471154,0.746193,0.377358,0.191176,400,4480,4480,32.000000,0,0,16,16,73,73,10,18,588.000000,660,0,0,48,152,0,48,16,11,5,0,16,5,5,5,0,0,0,0,0,32,0,32,32,32,0,0,0,0
1504,15000033,100,1,401.921975365568,325.000000000000,58.000000000000,2.763386974913,d6e4e8e2f723855b,8d15af1f9d36efa1,9d61d124ecf9fca1,200,190,95.000000,308.031579,306.526953,1.000000,5.000000,401.172182,4.704286,387.168338,4.968421,4.470339,0.000000,0.362162,0.728261,0.297619,0.099237,400,3760,3760,32.000000,0,0,16,16,49,49,6,2,536.000000,944,0,0,29,171,0,29,19,16,3,0,19,3,3,3,0,0,0,0,0,10,0,10,10,10,0,0,0,0
1505,15000034,100,1,197.029928766240,75.000000000000,59.000000000000,1.742102951218,10c695397e2432e9,8d15af1f9d36efa1,92cccf8511e30408,200,152,76.000000,260.118421,267.427653,1.000000,4.100000,316.551144,4.805000,305.369946,4.046053,4.360976,0.000000,0.497138,0.752475,0.394089,0.222503,400,4312,4312,32.000000,0,0,16,16,86,86,4,16,608.000000,615,0,0,63,137,0,63,15,13,2,0,15,2,2,2,0,0,0,0,0,48,0,48,48,48,0,0,0,0
1506,15000035,100,1,455.950670405875,75.000000000000,57.000000000000,2.732260342827,5f2850bc05cf40e6,8d15af1f9d36efa1,72fd2769c9af2249,200,164,82.000000,193.109756,203.294279,1.000000,2.600000,217.929664,5.565476,211.016064,2.634146,5.812500,0.000000,0.570577,0.741602,0.480769,0.247387,400,4576,4576,32.000000,0,0,16,16,68,68,6,0,574.000000,432,0,0,52,148,0,52,16,13,3,0,16,3,3,3,0,0,0,0,0,36,0,36,36,36,0,0,0,0
1507,15000036,100,1,474.787065160430,175.000000000000,89.000000000000,2.050962015753,27e9419597494331,8d15af1f9d36efa1,bca1de227ea9fa50,200,200,100.000000,314.665000,314.442544,1.000000,4.400000,358.872817,5.815476,360.200050,4.600000,5.351087,0.000000,0.369863,0.729730,0.303030,0.105058,400,4488,4488,32.000000,0,0,16,16,45,45,18,10,540.000000,920,0,0,20,180,0,20,20,11,9,0,20,9,9,9,0,0,0,0,0,0,0,0,0,0,0,0,0,0
1508,15000037,100,1,182.696901962191,75.000000000000,45.000000000000,1.784930764652,ee7a6454845108d4,8d15af1f9d36efa1,bae2a55ce1297f19,200,138,69.000000,258.985507,295.433983,1.000000,4.000000,341.675272,4.460000,307.739728,3.673913,4.264300,0.000000,0.549333,0.755501,0.441014,0.268398,400,3752,3752,32.000000,0,0,16,16,90,90,6,0,618.000000,507,0,0,76,124,0,76,14,11,3,0,14,3,3,3,0,0,0,0,0,62,0,62,62,62,0,0,0,0
1509,15000038,100,1,106.376538759938,75.000000000000,38.000000000000,2.909503769393,31139dd447f251c4,8d15af1f9d36efa1,9a87c400c562e34d,200,176,88.000000,201.011364,208.996378,1.000000,3.100000,251.243093,4.948333,222.059156,2.840909,4.790000,0.000000,0.526515,0.735450,0.444444,0.198718,400,3848,3848,32.000000,0,0,16,16,61,61,2,2,556.000000,500,0,0,42,158,0,42,18,17,1,0,18,1,1,1,0,0,0,0,0,24,0,24,24,24,0,0,0,0
1510,15000039,100,1,470.246168021754,75.000000000000,60.000000000000,1.789213822193,ae8239fc35a4f554,8d15af1f9d36efa1,72ed3403dae5c2b5,200,105,52.500000,255.952381,241.597219,1.000000,3.600000,282.747344,4.296667,253.966537,3.476190,4.219178,0.000000,0.655335,0.776286,0.522876,0.417863,400,3840,3840,32.000000,0,0,16,16,121,121,20,0,694.000000,365,0,0,108,92,0,108,13,3,10,0,13,10,10,10,0,0,0,0,0,95,0,95,95,95,0,0,0,0
1511,15000040,100,1,101.851782921964,175.000000000000,67.000000000000,2.542025751330,3ebd6b0bfa6045f4,8d15af1f9d36efa1,9acbb300c59c9336,200,200,100.000000,191.445000,192.430399,1.000000,2.900000,218.265882,5.291667,218.632778,2.900000,5.162069,0.000000,0.469835,0.719888,0.408163,0.123867,400,4416,4416,32.000000,0,0,16,16,40,40,2,0,514.000000,580,0,0,20,180,0,20,20,19,1,0,20,1,1,1,0,0,0,0,0,0,0,0,0,0,0,0,0,0
1512,15000041,100,1,37.813753687812,175.000000000000,87.000000000000,2.222647269492,9da673ee93e78e2b,8d15af1f9d36efa1,6f31d850cc93d311,200,163,81.500000,206.079755,188.469666,1.000000,3.000000,234.937675,5.166667,234.200333,3.153374,4.459144,0.000000,0.530165,0.743590,0.437637,0.223565,400,4064,4064,32.000000,0,0,16,16,73,73,2,0,580.000000,514,0,0,55,145,0,55,18,17,1,0,18,1,1,1,0,0,0,0,0,37,0,37,37,37,0,0,0,0
1513,15000042,100,1,435.973241232196,425.000000000000,68.000000000000,2.314953908513,e1facf0c1851d2d,8d15af1f9d36efa1,8a7208666999b8ea,200,185,92.500000,260.940541,244.248702,1.000000,3.600000,298.417229,5.647500,299.779914,3.767568,4.888092,0.000000,0.440161,0.732620,0.364631,0.142681,400,4432,4432,32.000000,0,0,16,16,53,53,10,0,548.000000,697,0,0,34,166,0,34,19,14,5,0,19,5,5,5,0,0,0,0,0,15,0,15,15,15,0,0,0,0
1514,15000043,100,1,75.162392711353,75.000000000000,60.000000000000,2.528255058264,cfd5c87abbb6e382,8d15af1f9d36efa1,19c0b84f7a3fe8fd,200,119,59.500000,283.689076,261.065864,1.000000,3.900000,303.470886,4.424167,310.287391,4.277311,3.870334,0.000000,0.570464,0.771689,0.440044,0.324037,400,4392,4392,32.000000,0,0,16,16,114,114,16,18,676.000000,509,0,0,93,107,0,93,12,4,8,0,12,8,8,8,0,0,0,0,0,81,0,81,81,81,0,0,0,0
1515,15000044,100,1,111.762938161987,75.000000000000,55.000000000000,2.479577975305,23ae66676f7f2580,8d15af1f9d36efa1,29ffdf4248d1835a,200,136,68.000000,291.816176,328.064601,1.000000,4.400000,363.490552,5.610238,343.971005,4.205882,5.169580,0.000000,0.521739,0.757282,0.411523,0.251309,400,4440,4440,32.000000,0,0,16,16,90,90,12,0,624.000000,572,0,0,77,123,0,77,13,7,6,0,13,6,6,6,0,0,0,0,0,64,0,64,64,64,0,0,0,0
1516,15000045,100,1,240.746316819191,325.000000000000,51.000000000000,1.579227462258,b5a4a0f2d547d252,8d15af1f9d36efa1,9ab8902f371481f6,200,196,98.000000,205.658163,211.207317,1.000000,3.300000,241.666026,3.937500,238.216557,3.285714,3.714286,0.000000,0.446735,0.722222,0.383142,0.120219,400,3856,3856,32.000000,0,0,16,16,44,44,0,0,520.000000,644,0,0,24,176,0,24,20,20,0,0,20,0,0,0,0,0,0,0,0,4,0,4,4,4,0,0,0,0
1517,15000046,100,1,315.477035447125,425.000000000000,44.000000000000,2.271955543948,75b166166d9ba479,8d15af1f9d36efa1,1e4748b26ba3ea28,200,160,80.000000,237.956250,257.357324,1.000000,3.500000,276.880739,5.061667,277.007158,3.637500,4.561856,0.000000,0.497409,0.742268,0.407332,0.198347,400,4120,4120,32.000000,0,0,16,16,72,72,0,0,576.000000,582,0,0,56,144,0,56,16,16,0,0,16,0,0,0,0,0,0,0,0,40,0,40,40,40,0,0,0,0
1518,15000047,100,1,229.190985268337,325.000000000000,63.000000000000,1.728615186708,12f7dcbdff38c69b,8d15af1f9d36efa1,96940d5051dde053,200,200,100.000000,207.570000,210.911600,1.000000,3.000000,250.995345,4.970000,247.846191,3.230000,4.249226,0.000000,0.442142,0.719101,0.382409,0.110193,400,4024,4024,32.000000,0,0,16,16,40,40,0,0,512.000000,646,0,0,20,180,0,20,20,20,0,0,20,0,0,0,0,0,0,0,0,0,0,0,0,0,0,0,0,0
1519,15000048,100,1,254.526336736619,75.000000000000,51.000000000000,1.659450454621,49bc1e8e30733a96,8d15af1f9d36efa1,1b6f2d5d01b0e337,200,190,95.000000,309.710526,321.534240,1.000000,4.500000,384.119069,5.287500,374.114415,4.552632,4.487861,0.000000,0.390416,0.734748,0.316206,0.123607,400,4096,4096,32.000000,0,0,16,16,50,50,22,4,554.000000,865,0,0,29,171,0,29,19,8,11,0,19,11,11,11,0,0,0,0,0,10,0,10,10,10,0,0,0,0
1520,15000049,100,1,487.496490451475,425.000000000000,61.000000000000,2.805019485254,fdfdb8edd1b5c33f,8d15af1f9d36efa1,d35de6cef468f861,200,121,60.500000,268.669421,264.956549,1.000000,4.000000,310.900313,4.582381,302.121374,3.876033,4.688699,0.000000,0.584588,0.767442,0.460299,0.327116,400,4056,4056,32.000000,0,0,16,16,110,110,8,10,660.000000,469,0,0,92,108,0,92,13,9,4,0,13,4,4,4,0,0,0,0,0,79,0,79,79,79,0,0,0,0
1521,15000050,100,1,184.609571617957,75.000000000000,49.000000000000,1.562901308583,673521e931d6a681,8d15af1f9d36efa1,d304d5f3424a9cb7,200,180,90.000000,295.955556,318.017552,1.000000,4.400000,363.617284,4.335000,370.624577,4.744444,4.132319,0.000000,0.392603,0.734043,0.318979,0.123203,400,3824,3824,32.000000,0,0,16,16,56,56,8,0,552.000000,854,0,0,38,162,0,38,18,14,4,0,18,4,4,4,0,0,0,0,0,20,0,20,20,20,0,0,0,0
1522,15000051,100,1,476.877754622601,325.000000000000,87.000000000000,1.979354897784,7182031956b0c152,8d15af1f9d36efa1,8f1ca7504dfa1eed,200,187,93.500000,220.732620,196.301278,1.000000,3.100000,232.345171,4.400000,239.859026,3.165775,4.603041,0.000000,0.479789,0.731903,0.403226,0.161473,400,3680,3680,32.000000,0,0,16,16,52,52,10,2,546.000000,592,0,0,32,168,0,32,19,14,5,0,19,5,5,5,0,0,0,0,0,13,0,13,13,13,0,0,0,0
1523,15000052,100,1,223.904839488564,425.000000000000,37.000000000000,2.232290806119,493764edb061aebd,8d15af1f9d36efa1,943c8c9e845e2e36,200,165,82.500000,299.503030,292.312356,1.000000,4.200000,331.264583,4.303333,350.262330,4.703030,3.877577,0.000000,0.427729,0.743590,0.340136,0.160173,400,3880,3880,32.000000,0,0,16,16,68,68,12,2,580.000000,776,0,0,51,149,0,51,16,10,6,0,16,6,6,6,0,0,0,0,0,35,0,35,35,35,0,0,0,0
1524,15000053,100,1,454.972555152767,325.000000000000,83.000000000000,2.401909266668,5e4f39e942067294,8d15af1f9d36efa1,853b5bf7c7940d29,200,200,100.000000,259.725000,251.486944,1.000000,3.500000,291.656236,4.955000,299.503014,3.605000,4.977809,0.000000,0.421812,0.724518,0.356824,0.115337,400,4128,4128,32.000000,0,0,16,16,42,42,10,4,526.000000,721,0,0,20,180,0,20,20,15,5,0,20,5,5,5,0,0,0,0,0,0,0,0,0,0,0,0,0,0
1525,15000054,100,1,86.455503424921,325.000000000000,81.000000000000,2.145922574842,de666998757028e6,8d15af1f9d36efa1,213ff3e664b2fea5,200,200,100.000000,279.020000,276.702257,1.000000,3.900000,318.639534,5.633333,331.518467,4.065000,5.237392,0.000000,0.391922,0.723757,0.329761,0.101657,400,4312,4312,32.000000,0,0,16,16,42,42,8,4,524.000000,813,0,0,20,180,0,20,20,16,4,0,20,4,4,4,0,0,0,0,0,0,0,0,0,0,0,0,0,0
1526,15000055,100,1,446.038515467155,175.000000000000,90.000000000000,1.530760565340,c49f4cc3e504dec,8d15af1f9d36efa1,e63aba7b3419319b,200,200,100.000000,284.410000,293.510295,1.000000,4.400000,355.745364,5.461905,346.551593,4.465000,4.928331,0.000000,0.368011,0.722222,0.309358,0.089704,400,4312,4312,32.000000,0,0,16,16,41,41,6,2,520.000000,893,0,0,20,180,0,20,20,17,3,0,20,3,3,3,0,0,0,0,0,0,0,0,0,0,0,0,0,0
1527,15000056,100,1,83.244232104210,75.000000000000,50.000000000000,2.767858534852,37ce631d789a1a17,8d15af1f9d36efa1,3beff04f8d7b3e68,200,135,67.500000,226.785185,215.771990,1.000000,3.200000,239.434490,4.688333,258.634619,3.385185,4.334792,0.000000,0.574884,0.755501,0.466744,0.289269,400,4168,4168,32.000000,0,0,16,16,89,89,8,0,618.000000,457,0,0,77,123,0,77,12,8,4,0,12,4,4,4,0,0,0,0,0,65,0,65,65,65,0,0,0,0
1528,15000057,100,1,211.066429384701,75.000000000000,45.000000000000,2.169571614454,586f49fb6ead49bd,8d15af1f9d36efa1,407f03947c50c109,200,92,46.000000,225.934783,266.079933,1.000000,3.800000,311.793478,5.756667,277.531016,3.282609,5.165563,0.000000,0.693089,0.773243,0.569801,0.452899,400,4072,4072,32.000000,0,0,16,16,124,124,2,0,682.000000,302,0,0,116,84,0,116,8,7,1,0,8,1,1,1,0,0,0,0,0,108,0,108,108,108,0,0,0,0
1529,15000058,100,1,194.237134871271,425.000000000000,36.000000000000,1.643542793023,6a65896612676b93,8d15af1f9d36efa1,cd554f6c691948,200,165,82.500000,242.333333,271.554201,1.000000,3.700000,296.501090,4.671667,269.823357,3.345455,4.487319,0.000000,0.512367,0.743590,0.420168,0.211429,400,4296,4296,32.000000,0,0,16,16,68,68,12,2,580.000000,552,0,0,51,149,0,51,16,10,6,0,16,6,6,6,0,0,0,0,0,35,0,35,35,35,0,0,0,0
1530,15000059,100,1,271.634396295563,175.000000000000,67.000000000000,1.606909757542,9f1bdfa8ed726d6e,8d15af1f9d36efa1,f095f1981992f6f8,200,188,94.000000,225.957447,230.996328,1.000000,3.300000,253.423805,5.341667,268.536526,3.484043,5.012214,0.000000,0.450042,0.728261,0.379147,0.137022,400,4072,4072,32.000000,0,0,16,16,52,52,0,0,536.000000,655,0,0,32,168,0,32,20,20,0,0,20,0,0,0,0,0,0,0,0,12,0,12,12,12,0,0,0,0
1531,15000060,100,1,188.385967101207,175.000000000000,53.000000000000,2.032096814949,f2fa5e78f7f2be4c,8d15af1f9d36efa1,26a7101c9dd705c3,200,190,95.000000,304.063158,346.662890,1.000000,4.900000,389.141287,4.319048,385.376909,4.868421,4.212973,0.000000,0.365569,0.727149,0.301887,0.099318,400,3800,3800,31.000000,0,0,16,15,50,50,2,0,533.000000,925,0,0,30,170,0,30,20,19,1,0,20,1,1,1,0,0,0,0,0,10,0,10,10,10,0,0,0,0
1532,15000061,100,1,131.096756977756,425.000000000000,48.000000000000,2.246759716408,d1924d2a0cdf156f,8d15af1f9d36efa1,fff4074f6bb0a3fe,200,174,87.000000,249.551724,223.916614,1.000000,3.700000,274.440588,4.421667,304.369813,4.183908,4.539835,0.000000,0.434783,0.736842,0.354610,0.149533,400,4184,4184,32.000000,0,0,16,16,63,63,2,2,560.000000,728,0,0,44,156,0,44,18,17,1,0,18,1,1,1,0,0,0,0,0,26,0,26,26,26,0,0,0,0
1533,15000062,100,1,49.126092159149,75.000000000000,70.000000000000,2.186764675464,abe67095e75fe5c8,8d15af1f9d36efa1,9ba18a00c6520874,200,178,89.000000,173.000000,181.565133,1.000000,2.600000,207.877573,6.515000,193.159490,2.387640,5.828235,0.000000,0.563207,0.732620,0.484848,0.214418,400,4440,4440,32.000000,0,0,16,16,56,56,4,0,548.000000,425,0,0,39,161,0,39,17,15,2,0,17,2,2,2,0,0,0,0,0,22,0,22,22,22,0,0,0,0
1534,15000063,100,1,330.536903407927,75.000000000000,40.000000000000,2.697025778540,4c4c4b98bd23d0e4,8d15af1f9d36efa1,d871b79f766df669,200,167,83.500000,296.053892,307.118390,1.000000,4.600000,360.511645,4.682143,359.888888,4.508982,4.922975,0.000000,0.429977,0.739583,0.346921,0.152981,400,4192,4192,32.000000,0,0,16,16,66,66,4,2,568.000000,753,0,0,49,151,0,49,16,14,2,0,16,2,2,2,0,0,0,0,0,33,0,33,33,33,0,0,0,0
1535,15000064,100,1,323.941987141528,75.000000000000,46.000000000000,2.372385802396,f40b4adb3c7a0f8e,8d15af1f9d36efa1,f240534ff4dc8c9c,200,158,79.000000,187.531646,207.576191,1.000000,2.900000,222.685742,5.591667,227.865253,2.917722,5.275488,0.000000,0.554589,0.741602,0.464576,0.235489,400,4144,4144,32.000000,0,0,16,16,70,70,2,0,574.000000,461,0,0,56,144,0,56,14,13,1,0,14,1,1,1,0,0,0,0,0,42,0,42,42,42,0,0,0,0
1536,15000065,100,1,61.810817241319,75.000000000000,61.000000000000,2.179680465394,2bb60bb37426162f,8d15af1f9d36efa1,3321aa50aab81a5e,200,129,64.500000,247.046512,250.726557,1.000000,3.600000,286.200530,4.946667,274.395791,3.674419,3.943038,0.000000,0.572973,0.760766,0.457666,0.300885,400,4336,4336,32.000000,0,0,16,16,96,96,12,2,636.000000,474,0,0,83,117,0,83,12,6,6,0,12,6,6,6,0,0,0,0,0,71,0,71,71,71,0,0,0,0
1537,15000066,100,1,167.341221679059,75.000000000000,46.000000000000,1.757234444978,1e3ea465553c8065,8d15af1f9d36efa1,2ca40c63e4dec8e1,200,172,86.000000,275.465116,274.677307,1.000000,3.900000,323.164182,4.666905,341.443094,4.075581,4.325250,0.000000,0.443209,0.736148,0.363306,0.152358,400,4216,4216,32.000000,0,0,16,16,60,60,6,0,558.000000,701,0,0,44,156,0,44,16,13,3,0,16,3,3,3,0,0,0,0,0,28,0,28,28,28,0,0,0,0
1538,15000067,100,1,49.554712824054,175.000000000000,70.000000000000,2.751047845721,51a004996a41194e,8d15af1f9d36efa1,e7aaf2cf1fb106b,200,200,100.000000,314.755000,304.523897,1.000000,4.900000,382.151689,4.352262,389.138337,5.100000,3.915686,0.000000,0.338521,0.722992,0.281690,0.081081,400,4232,4232,32.000000,0,0,16,16,40,40,10,0,522.000000,1020,0,0,20,180,0,20,20,15,5,0,20,5,5,5,0,0,0,0,0,0,0,0,0,0,0,0,0,0
1539,15000068,100,1,257.302177753405,425.000000000000,44.000000000000,1.764822646503,b5d7857d322f2b,8d15af1f9d36efa1,60d3d702bf455383,200,161,80.500000,224.819876,214.764110,1.000000,3.200000,261.521740,5.436667,248.510213,3.211180,5.073501,0.000000,0.530427,0.744898,0.436205,0.227205,400,4456,4456,32.000000,0,0,16,16,74,74,4,6,584.000000,517,0,0,55,145,0,55,16,14,2,0,16,2,2,2,0,0,0,0,0,39,0,39,39,39,0,0,0,0
1540,15000069,100,1,48.258102440593,175.000000000000,92.000000000000,1.984916964431,299c6b9525e78d90,8d15af1f9d36efa1,5497168c6da01a1e,200,191,95.500000,271.895288,281.651569,1.000000,4.400000,337.894292,4.538333,339.578764,4.465969,4.548652,0.000000,0.385889,0.728261,0.319234,0.108673,400,4280,4280,32.000000,0,0,16,16,47,47,10,0,536.000000,853,0,0,28,172,0,28,19,14,5,0,19,5,5,5,0,0,0,0,0,9,0,9,9,9,0,0,0,0
1541,15000070,100,1,95.319897734824,75.000000000000,62.000000000000,2.095391215939,3e7a3d263fedeb25,8d15af1f9d36efa1,8ee5a8504dcade30,200,166,83.000000,202.451807,198.241146,1.000000,2.800000,229.937635,4.323333,225.486351,2.753012,4.371991,0.000000,0.553275,0.738903,0.466744,0.226734,400,3976,3976,32.000000,0,0,16,16,67,67,0,2,566.000000,457,0,0,50,150,0,50,16,16,0,0,16,0,0,0,0,0,0,0,0,34,0,34,34,34,0,0,0,0
1542,15000071,100,1,394.765896006448,175.000000000000,64.000000000000,2.809869545482,fab5e06a9d6fd156,8d15af1f9d36efa1,9ba87e00c65812be,200,183,91.500000,228.475410,234.273591,1.000000,3.400000,270.001483,5.081667,272.917106,3.415301,5.217600,0.000000,0.463519,0.729730,0.390244,0.147340,400,4256,4256,32.000000,0,0,16,16,53,53,2,0,540.000000,625,0,0,35,165,0,35,18,17,1,0,18,1,1,1,0,0,0,0,0,17,0,17,17,17,0,0,0,0
1543,15000072,100,1,360.425600361813,325.000000000000,72.000000000000,2.163452160668,4fc131461f618fce,8d15af1f9d36efa1,e9298de1eea66ec9,200,184,92.000000,207.179348,196.628380,1.000000,2.900000,211.989016,5.283333,242.295918,3.125000,4.923478,0.000000,0.482448,0.728261,0.410256,0.153166,400,4256,4256,32.000000,0,0,16,16,52,52,0,0,536.000000,575,0,0,34,166,0,34,18,18,0,0,18,0,0,0,0,0,0,0,0,16,0,16,16,16,0,0,0,0
1544,15000073,100,1,98.822101828203,325.000000000000,70.000000000000,2.729709994085,3313975acd4f2453,8d15af1f9d36efa1,76fe60c2c880fa8,200,181,90.500000,181.618785,176.326269,1.000000,2.700000,207.249044,6.191667,203.738797,2.790055,5.742574,0.000000,0.520418,0.732620,0.441989,0.186795,400,4728,4728,32.000000,0,0,16,16,57,57,2,0,548.000000,505,0,0,38,162,0,38,19,18,1,0,19,1,1,1,0,0,0,0,0,19,0,19,19,19,0,0,0,0
1545,15000074,100,1,87.331455325240,75.000000000000,58.000000000000,1.660983409632,474e0d415f325a89,8d15af1f9d36efa1,7d008a50c6107d52,200,178,89.000000,281.887640,289.777456,1.000000,4.200000,339.582931,4.969762,340.548045,4.303371,4.711488,0.000000,0.420575,0.735450,0.343053,0.139326,400,3976,3976,32.000000,0,0,16,16,58,58,8,0,556.000000,766,0,0,40,160,0,40,18,14,4,0,18,4,4,4,0,0,0,0,0,22,0,22,22,22,0,0,0,0
1546,15000075,100,1,116.573057589247,325.000000000000,73.000000000000,1.965812153819,75d7f80443845842,8d15af1f9d36efa1,4566f4071ff1695f,200,200,100.000000,246.355000,253.609170,1.000000,3.400000,284.079405,4.406667,288.531581,3.500000,4.121429,0.000000,0.426230,0.722222,0.363636,0.111675,400,3752,3752,32.000000,0,0,16,16,42,42,4,4,520.000000,700,0,0,20,180,0,20,20,18,2,0,20,2,2,2,0,0,0,0,0,0,0,0,0,0,0,0,0,0
1547,15000076,100,1,54.535991620087,325.000000000000,64.000000000000,2.817989483822,1d80f96929e0433d,8d15af1f9d36efa1,9af77e00c5c17412,200,199,99.500000,296.105528,310.169451,1.000000,4.300000,351.070497,4.909405,349.424015,4.376884,4.559127,0.000000,0.379187,0.726776,0.314713,0.102987,400,4248,4248,32.000000,0,0,16,16,42,42,16,2,532.000000,871,0,0,21,179,0,21,20,12,8,0,20,8,8,8,0,0,0,0,0,1,0,1,1,1,0,0,0,0
1548,15000077,100,1,70.784569139749,175.000000000000,59.000000000000,2.961013485911,d621160925590d1c,8d15af1f9d36efa1,b9a9644f439848b8,200,200,100.000000,238.130000,234.222695,1.000000,3.400000,272.381958,4.675000,282.185278,3.530000,4.246459,0.000000,0.421311,0.719888,0.361664,0.104061,400,4520,4520,32.000000,0,0,16,16,40,40,2,0,514.000000,706,0,0,20,180,0,20,20,19,1,0,20,1,1,1,0,0,0,0,0,0,0,0,0,0,0,0,0,0
1549,15000078,100,1,101.962731740023,325.000000000000,73.000000000000,2.108262555941,400ec8d882cd70d9,8d15af1f9d36efa1,e484d4cefe13ad34,200,180,90.000000,243.411111,261.424629,1.000000,3.900000,304.820487,4.488333,288.046671,3.933333,4.539548,0.000000,0.438986,0.734748,0.361011,0.146988,400,4024,4024,32.000000,0,0,16,16,58,58,6,0,554.000000,708,0,0,39,161,0,39,19,16,3,0,19,3,3,3,0,0,0,0,0,20,0,20,20,20,0,0,0,0
1550,15000079,100,1,498.710998377138,75.000000000000,64.000000000000,1.932567348900,7f3bb1cd896a47c5,8d15af1f9d36efa1,819a18428932d9f9,200,153,76.500000,221.712418,241.657900,1.000000,3.400000,273.964950,5.781190,258.947615,3.215686,5.546748,0.000000,0.545706,0.747155,0.448430,0.245399,400,4336,4336,31.000000,0,0,16,15,77,77,6,0,591.000000,492,0,0,62,138,0,62,15,12,3,0,15,3,3,3,0,0,0,0,0,47,0,47,47,47,0,0,0,0
1551,15000080,100,1,494.272718235663,175.000000000000,87.000000000000,1.713504866448,33b7f095a645f80b,8d15af1f9d36efa1,2889b44eff297f18,200,175,87.500000,293.794286,266.542683,1.000000,4.000000,310.723638,4.131667,321.887911,4.108571,4.054242,0.000000,0.449042,0.745547,0.357462,0.176403,400,3856,3856,32.000000,0,0,16,16,67,67,20,4,586.000000,719,0,0,45,155,0,45,20,10,10,0,20,10,10,10,0,0,0,0,0,25,0,25,25,25,0,0,0,0
1552,15000081,100,1,193.551627135000,175.000000000000,54.000000000000,2.351320465493,51481e30c1aaa8f8,8d15af1f9d36efa1,9c2878b6168d0963,200,154,77.000000,249.454545,265.225174,1.000000,4.000000,328.444361,4.271190,317.299215,4.064935,4.496805,0.000000,0.480929,0.743590,0.389864,0.191214,400,3944,3944,32.000000,0,0,16,16,74,74,0,0,580.000000,626,0,0,60,140,0,60,14,14,0,0,14,0,0,0,0,0,0,0,0,46,0,46,46,46,0,0,0,0
1553,15000082,100,1,489.535040726560,425.000000000000,66.000000000000,2.525562326788,97ae012a6056dde1,8d15af1f9d36efa1,e1756e4feb8045c1,200,157,78.500000,236.369427,209.961167,0.900000,2.800000,243.436216,5.959259,248.043355,3.152866,4.911111,0.000000,0.532578,0.738220,0.446927,0.210526,400,4152,4152,32.000000,0,0,16,16,62,62,8,2,564.000000,495,0,0,42,139,0,42,19,15,4,0,19,4,4,3,1,0,0,0,0,23,20,23,43,24,19,0,0,0
1554,15000083,100,1,282.678367287575,425.000000000000,42.000000000000,2.379445533187,8c45b0af93ece9c9,8d15af1f9d36efa1,92ade238e3baa4fb,200,171,85.500000,267.000000,251.513825,1.000000,3.500000,277.073720,5.870000,315.045418,3.976608,4.845588,0.000000,0.454254,0.738903,0.370370,0.164619,400,4472,4472,32.000000,0,0,16,16,65,65,4,4,566.000000,680,0,0,46,154,0,46,17,15,2,0,17,2,2,2,0,0,0,0,0,29,0,29,29,29,0,0,0,0
1555,15000084,100,1,379.287928197467,325.000000000000,83.000000000000,1.752858571012,6a462dec987d6b05,8d15af1f9d36efa1,f71ede3243727ee3,200,200,100.000000,310.690000,340.485445,1.000000,4.600000,385.286865,4.690476,388.283351,4.700000,4.317021,0.000000,0.354396,0.720670,0.298507,0.082031,400,4168,4168,32.000000,0,0,16,16,41,41,2,2,516.000000,940,0,0,20,180,0,20,20,19,1,0,20,1,1,1,0,0,0,0,0,0,0,0,0,0,0,0,0,0
1556,15000085,100,1,47.606240407743,175.000000000000,68.000000000000,2.853101247802,9de21719df1570d5,8d15af1f9d36efa1,66e4912d8bbb2df,200,180,90.000000,308.538889,315.618354,1.000000,4.800000,381.262073,4.395714,377.140193,4.833333,4.101149,0.000000,0.391608,0.736842,0.314961,0.128257,400,3712,3712,32.000000,0,0,16,16,60,60,8,0,560.000000,870,0,0,40,160,0,40,20,16,4,0,20,4,4,4,0,0,0,0,0,20,0,20,20,20,0,0,0,0
1557,15000086,100,1,417.560367162980,325.000000000000,79.000000000000,2.398928715118,af509df1d7b4aa8e,8d15af1f9d36efa1,541291e9ce3932bd,200,192,96.000000,218.359375,229.994768,1.000000,3.000000,251.897584,4.383333,249.090152,3.005208,5.126516,0.000000,0.482511,0.728997,0.409417,0.155198,400,4352,4352,32.000000,0,0,16,16,48,48,10,0,538.000000,577,0,0,28,172,0,28,20,15,5,0,20,5,5,5,0,0,0,0,0,8,0,8,8,8,0,0,0,0
1558,15000087,100,1,255.808460904331,75.000000000000,48.000000000000,2.064242833604,315cf6172b609561,8d15af1f9d36efa1,9b9f4dd8ce6cbe47,200,130,65.000000,211.361538,213.987841,1.000000,3.000000,241.530024,5.475000,246.043134,3.100000,5.225806,0.000000,0.605289,0.755501,0.498132,0.315789,400,4496,4496,32.000000,0,0,16,16,90,90,6,0,618.000000,403,0,0,80,120,0,80,10,7,3,0,10,3,3,3,0,0,0,0,0,70,0,70,70,70,0,0,0,0
1559,15000088,100,1,492.340856191696,325.000000000000,89.000000000000,2.524299165005,d602484a5121c1f4,8d15af1f9d36efa1,9b4c8900c609c6c2,200,178,89.000000,228.668539,219.070800,1.000000,3.200000,245.305694,5.810000,272.607391,3.443820,4.907015,0.000000,0.475620,0.735450,0.394867,0.168250,400,4512,4512,32.000000,0,0,16,16,62,62,0,0,556.000000,613,0,0,42,158,0,42,20,20,0,0,20,0,0,0,0,0,0,0,0,22,0,22,22,22,0,0,0,0
1560,15000089,100,1,77.797599829385,425.000000000000,64.000000000000,2.334863867869,6db8b0bedad678fa,8d15af1f9d36efa1,94bbc75eb958a72f,200,175,87.500000,266.565714,282.583885,1.000000,4.000000,311.098458,6.329048,313.611528,4.028571,5.598582,0.000000,0.445319,0.738903,0.361991,0.159714,400,4696,4696,32.000000,0,0,16,16,61,61,12,0,566.000000,705,0,0,43,157,0,43,18,12,6,0,18,6,6,6,0,0,0,0,0,25,0,25,25,25,0,0,0,0
1561,15000090,100,1,55.551862728528,425.000000000000,71.000000000000,2.129068211802,ac8cf5f0a161c5b6,8d15af1f9d36efa1,902d476d46a61453,200,195,97.500000,191.682051,183.301851,1.000000,2.700000,207.120900,5.458333,201.946774,2.702564,5.144213,0.000000,0.501419,0.726027,0.431499,0.156800,400,4552,4552,32.000000,0,0,16,16,45,45,8,0,530.000000,527,0,0,25,175,0,25,20,16,4,0,20,4,4,4,0,0,0,0,0,5,0,5,5,5,0,0,0,0
1562,15000091,100,1,426.965430912241,75.000000000000,67.000000000000,1.501309526276,77202a38cdd23fb3,8d15af1f9d36efa1,13e54491e6077512,200,164,82.000000,235.835366,227.934326,1.000000,3.200000,259.300981,5.150000,259.976648,3.201220,4.805714,0.000000,0.525745,0.744246,0.432432,0.222222,400,4200,4200,32.000000,0,0,16,16,69,69,12,2,582.000000,525,0,0,52,148,0,52,16,10,6,0,16,6,6,6,0,0,0,0,0,36,0,36,36,36,0,0,0,0
1563,15000092,100,1,386.611281216672,175.000000000000,81.000000000000,1.576262903795,8abaee0b55d9b00b,8d15af1f9d36efa1,8880ac2deed494b9,200,191,95.500000,268.890052,276.030129,1.000000,3.900000,334.765463,5.096667,327.412821,3.931937,5.157124,0.000000,0.413739,0.726027,0.347524,0.115430,400,4216,4216,32.000000,0,0,16,16,49,49,0,0,530.000000,751,0,0,29,171,0,29,20,20,0,0,20,0,0,0,0,0,0,0,0,9,0,9,9,9,0,0,0,0
1564,15000093,100,1,412.601191177045,325.000000000000,84.000000000000,1.965128642333,6b3bdc426baa5014,8d15af1f9d36efa1,c7cf62fb9f55c59e,200,200,100.000000,231.330000,239.023522,1.000000,3.300000,269.001757,5.130000,268.240410,3.300000,4.939394,0.000000,0.441624,0.722992,0.377358,0.120000,400,4056,4056,32.000000,0,0,16,16,41,41,8,2,522.000000,660,0,0,20,180,0,20,20,16,4,0,20,4,4,4,0,0,0,0,0,0,0,0,0,0,0,0,0,0
1565,15000094,100,1,72.235031741829,175.000000000000,70.000000000000,2.651616681394,560939c9cf7aa941,8d15af1f9d36efa1,1a42a0266df0f08a,200,187,93.500000,280.839572,279.399770,1.000000,4.300000,328.209711,4.822381,341.879530,4.636364,4.273356,0.000000,0.386412,0.731903,0.315706,0.116208,400,4096,4096,32.000000,0,0,16,16,51,51,12,0,546.000000,867,0,0,32,168,0,32,19,13,6,0,19,6,6,6,0,0,0,0,0,13,0,13,13,13,0,0,0,0
1566,15000095,100,1,43.738903668314,325.000000000000,88.000000000000,1.684660676353,ce030c6aae4ae62a,8d15af1f9d36efa1,11f34e74faa5f9ee,200,190,95.000000,252.436842,252.103131,1.000000,3.600000,274.112695,5.388333,289.703710,3.747368,5.301966,0.000000,0.434022,0.731903,0.359712,0.138015,400,4464,4464,32.000000,0,0,16,16,52,52,10,4,546.000000,712,0,0,30,170,0,30,20,15,5,0,20,5,5,5,0,0,0,0,0,10,0,10,10,10,0,0,0,0
1567,15000096,100,1,353.272761673000,175.000000000000,74.000000000000,2.115392942399,77ad629de1de9e58,8d15af1f9d36efa1,377a29900226f1dd,200,200,100.000000,194.980000,197.251933,1.000000,2.900000,218.410847,5.024762,222.676361,2.900000,4.998276,0.000000,0.469835,0.719888,0.408163,0.123867,400,4208,4208,32.000000,0,0,16,16,40,40,2,0,514.000000,580,0,0,20,180,0,20,20,19,1,0,20,1,1,1,0,0,0,0,0,0,0,0,0,0,0,0,0,0
1568,15000097,100,1,123.233413116717,325.000000000000,85.000000000000,1.636354302371,f1e17153ab36b6b3,8d15af1f9d36efa1,f324098554244d93,200,188,94.000000,240.218085,261.663944,1.000000,3.900000,325.750937,4.346667,296.425639,3.957447,4.068548,0.000000,0.419657,0.728997,0.349650,0.124706,400,4088,4088,32.000000,0,0,16,16,52,52,2,0,538.000000,744,0,0,32,168,0,32,20,19,1,0,20,1,1,1,0,0,0,0,0,12,0,12,12,12,0,0,0,0
1569,15000098,100,1,135.860247139604,425.000000000000,35.000000000000,2.758650947801,3a72e04dd7f19ed0,8d15af1f9d36efa1,92a73c1991492fe8,200,176,88.000000,251.903409,251.464144,1.000000,3.500000,277.924451,5.826667,273.853815,3.482955,5.140294,0.000000,0.483572,0.741602,0.394867,0.188079,400,4472,4472,32.000000,0,0,16,16,62,62,18,0,574.000000,613,0,0,43,157,0,43,19,10,9,0,19,9,9,9,0,0,0,0,0,24,0,24,24,24,0,0,0,0
1570,15000099,100,1,250.260746012928,325.000000000000,55.000000000000,1.799203173751,cf5f77d502db374,8d15af1f9d36efa1,69ac10ff3e65b397,200,186,93.000000,277.827957,295.544085,1.000000,4.300000,322.096216,4.216905,350.531089,4.532258,4.125741,0.000000,0.386909,0.726776,0.321802,0.106045,400,3832,3832,32.000000,0,0,16,16,50,50,0,0,532.000000,843,0,0,32,168,0,32,18,18,0,0,18,0,0,0,0,0,0,0,0,14,0,14,14,14,0,0,0,0
1571,15000100,100,1,20.061979749273,175.000000000000,90.000000000000,2.104385625556,8e09212edfd3a5e2,8d15af1f9d36efa1,509e0f502a0d2a6b,200,167,83.500000,230.616766,208.880095,1.000000,3.100000,251.144059,4.705952,249.238988,3.329341,4.456835,0.000000,0.511424,0.744246,0.418410,0.212465,400,4512,4512,32.000000,0,0,16,16,67,67,16,0,582.000000,556,0,0,50,150,0,50,17,9,8,0,17,8,8,8,0,0,0,0,0,33,0,33,33,33,0,0,0,0
1572,15000101,100,1,320.235842825472,425.000000000000,43.000000000000,2.400173104396,1f1bc3a0ac8d9029,8d15af1f9d36efa1,d7e1f6510815850b,200,173,86.500000,196.780347,181.457622,1.000000,2.500000,192.066595,4.910000,225.821181,2.924855,4.683794,0.000000,0.525328,0.736842,0.441501,0.201893,400,3976,3976,32.000000,0,0,16,16,61,61,6,0,560.000000,506,0,0,44,156,0,44,17,14,3,0,17,3,3,3,0,0,0,0,0,27,0,27,27,27,0,0,0,0
1573,15000102,100,1,361.223822162534,425.000000000000,55.000000000000,1.983798055822,b7da5fe507eb7549,8d15af1f9d36efa1,5f7b9edfb3df3ba7,200,161,80.500000,284.869565,302.666648,1.000000,4.300000,347.847948,5.088333,333.616118,4.167702,4.827124,0.000000,0.467037,0.746193,0.373483,0.188634,400,4368,4368,32.000000,0,0,16,16,74,74,8,10,588.000000,671,0,0,54,146,0,54,15,11,4,0,15,4,4,4,0,0,0,0,0,39,0,39,39,39,0,0,0,0
1574,15000103,100,1,415.453122326159,175.000000000000,72.000000000000,2.480517090215,e10720e0d2c8fcae,8d15af1f9d36efa1,884c02c7f012f6c4,200,200,100.000000,313.575000,342.283758,1.000000,4.700000,406.642320,5.306905,388.578029,4.900000,5.061224,0.000000,0.347537,0.722992,0.289855,0.084112,400,4136,4136,32.000000,0,0,16,16,42,42,6,4,522.000000,980,0,0,20,180,0,20,20,17,3,0,20,3,3,3,0,0,0,0,0,0,0,0,0,0,0,0,0,0
1575,15000104,100,1,284.051390439279,425.000000000000,25.000000000000,2.324633817985,9a52abae03db6bea,8d15af1f9d36efa1,67866ab6c46ebcd0,200,42,21.000000,267.761905,243.513043,1.000000,3.600000,282.728802,4.758333,321.589593,3.952381,4.716867,0.000000,0.822270,0.793388,0.706714,0.669323,400,4248,4248,32.000000,0,0,16,16,168,168,0,0,768.000000,166,0,0,163,37,0,163,5,5,0,0,5,0,0,0,0,0,0,0,0,158,0,158,158,158,0,0,0,0
1576,15000105,100,1,323.578136466484,425.000000000000,44.000000000000,2.334698895642,73ab6e6e2927b9f6,8d15af1f9d36efa1,9b722d00c629f9ab,200,105,52.500000,174.771429,205.455722,1.000000,3.000000,223.129086,4.660000,204.693463,2.685714,4.141844,0.000000,0.700637,0.767442,0.586510,0.447059,400,4520,4520,32.000000,0,0,16,16,114,114,0,2,660.000000,282,0,0,104,96,0,104,9,9,0,0,9,0,0,0,0,0,0,0,0,95,0,95,95,95,0,0,0,0
1577,15000106,100,1,194.460049007244,325.000000000000,57.000000000000,2.218401758891,7ad1396983408a2c,8d15af1f9d36efa1,80a0746f4524593a,200,194,97.000000,219.639175,219.519908,1.000000,3.100000,257.150632,5.453333,260.426705,3.345361,5.040062,0.000000,0.448598,0.725275,0.381316,0.128859,400,4312,4312,32.000000,0,0,16,16,47,47,2,2,528.000000,649,0,0,26,174,0,26,20,19,1,0,20,1,1,1,0,0,0,0,0,6,0,6,6,6,0,0,0,0
1578,15000107,100,1,35.223254625726,325.000000000000,82.000000000000,2.241929231417,fe46bb223a6ec25a,8d15af1f9d36efa1,ad89d84fce1b593f,200,186,93.000000,199.344086,202.467859,1.000000,2.700000,220.599416,5.483333,219.985913,2.747312,5.483366,0.000000,0.516556,0.731903,0.439078,0.182400,400,4240,4240,32.000000,0,0,16,16,54,54,6,0,546.000000,511,0,0,34,166,0,34,20,17,3,0,20,3,3,3,0,0,0,0,0,14,0,14,14,14,0,0,0,0
1579,15000108,100,1,379.478990435756,325.000000000000,65.000000000000,2.417949338819,e46a8e76a4644012,8d15af1f9d36efa1,1251f4baa25eb86d,200,200,100.000000,186.440000,174.812820,1.000000,2.700000,212.625741,3.541667,209.092989,2.800000,3.678571,0.000000,0.479554,0.720670,0.416667,0.130435,400,3880,3880,32.000000,0,0,16,16,41,41,2,2,516.000000,560,0,0,20,180,0,20,20,19,1,0,20,1,1,1,0,0,0,0,0,0,0,0,0,0,0,0,0,0
1580,15000109,100,1,87.199510668307,75.000000000000,61.000000000000,2.580139679328,9b9d263c06cce3bd,8d15af1f9d36efa1,9a844c00c55fe18e,200,138,69.000000,300.884058,280.661422,1.000000,3.800000,308.680254,5.550000,346.307877,4.311594,5.262185,0.000000,0.516653,0.760766,0.402010,0.255319,400,4144,4144,32.000000,0,0,16,16,96,96,12,8,636.000000,595,0,0,77,123,0,77,15,9,6,0,15,6,6,6,0,0,0,0,0,62,0,62,62,62,0,0,0,0
1581,15000110,100,1,61.188057699888,75.000000000000,62.000000000000,2.412979220011,7af0a7de1ea20f3a,8d15af1f9d36efa1,1e9cac7ff2fbe7e5,200,162,81.000000,211.117284,218.032637,1.000000,3.000000,238.753397,4.060000,225.353834,2.833333,4.313725,0.000000,0.560345,0.745223,0.465658,0.251223,400,4016,4016,31.000000,0,0,16,15,73,73,8,2,585.000000,459,0,0,55,145,0,55,17,13,4,0,17,4,4,4,0,0,0,0,0,38,0,38,38,38,0,0,0,0
1582,15000111,100,1,363.708836294761,425.000000000000,44.000000000000,2.679266661919,c9e74b784cbad124,8d15af1f9d36efa1,c8007a6719d490ee,200,128,64.000000,300.781250,267.739612,1.000000,3.900000,335.990517,5.358333,368.409618,4.343750,5.334532,0.000000,0.531987,0.759615,0.418410,0.264550,400,4392,4392,32.000000,0,0,16,16,98,98,4,0,632.000000,556,0,0,85,115,0,85,13,11,2,0,13,2,2,2,0,0,0,0,0,72,0,72,72,72,0,0,0,0
1583,15000112,100,1,409.325286554288,325.000000000000,68.000000000000,2.080577370859,73ffa46388c1d7b5,8d15af1f9d36efa1,77fb8a525167955e,200,195,97.500000,248.517949,247.376514,1.000000,3.800000,308.532155,4.850714,293.540576,3.815385,4.283602,0.000000,0.416013,0.726027,0.349650,0.116390,400,4072,4072,32.000000,0,0,16,16,45,45,8,0,530.000000,744,0,0,25,175,0,25,20,16,4,0,20,4,4,4,0,0,0,0,0,5,0,5,5,5,0,0,0,0
1584,15000113,100,1,105.385194146629,75.000000000000,50.000000000000,2.738563278869,e0401ddcaaca9a63,8d15af1f9d36efa1,33ce404f89067f46,200,172,86.000000,209.674419,203.906593,1.000000,3.000000,232.561530,5.305000,242.743915,3.232558,4.638489,0.000000,0.501792,0.736842,0.418410,0.187135,400,3960,3960,32.000000,0,0,16,16,61,61,6,2,560.000000,556,0,0,44,156,0,44,16,13,3,0,16,3,3,3,0,0,0,0,0,28,0,28,28,28,0,0,0,0
1585,15000114,100,1,146.585997177991,425.000000000000,51.000000000000,2.421970997670,b049d124ad1f64b6,8d15af1f9d36efa1,a92cad4f3a7e7158,200,130,65.000000,288.246154,294.644030,1.000000,4.100000,337.725443,5.122381,348.294165,4.246154,4.793478,0.000000,0.534570,0.760192,0.420168,0.267905,400,4296,4296,32.000000,0,0,16,16,96,96,10,0,634.000000,552,0,0,83,117,0,83,13,8,5,0,13,5,5,5,0,0,0,0,0,70,0,70,70,70,0,0,0,0
1586,15000115,100,1,398.106367957073,425.000000000000,57.000000000000,2.829036321605,75df50499bb056ea,8d15af1f9d36efa1,9b022a00c5caecdb,200,160,80.000000,229.962500,215.731603,1.000000,2.900000,241.116453,5.796667,259.825661,3.081250,6.482759,0.000000,0.543941,0.746193,0.447928,0.240370,400,4792,4792,32.000000,0,0,16,16,74,74,8,0,588.000000,493,0,0,57,143,0,57,17,13,4,0,17,4,4,4,0,0,0,0,0,40,0,40,40,40,0,0,0,0
1587,15000116,100,1,312.202377039801,75.000000000000,27.000000000000,2.430716213635,685805ae2965c6a4,8d15af1f9d36efa1,14cb295008659a2e,200,173,86.500000,209.156069,201.151648,1.000000,2.800000,227.789683,5.396667,234.645539,3.063584,4.800000,0.000000,0.516423,0.738903,0.430108,0.201807,400,4616,4616,32.000000,0,0,16,16,63,63,8,0,566.000000,530,0,0,45,155,0,45,18,14,4,0,18,4,4,4,0,0,0,0,0,27,0,27,27,27,0,0,0,0
1588,15000117,100,1,173.173313679516,425.000000000000,43.000000000000,2.594458766971,da79b81d93f1e6c9,8d15af1f9d36efa1,21746920a7934fcb,200,153,76.500000,289.385621,287.117621,1.000000,4.400000,336.917919,3.709167,347.873252,4.352941,4.190691,0.000000,0.473934,0.750000,0.375235,0.201439,400,3768,3768,32.000000,0,0,16,16,77,77,14,0,600.000000,666,0,0,62,138,0,62,15,8,7,0,15,7,7,7,0,0,0,0,0,47,0,47,47,47,0,0,0,0
1589,15000118,100,1,118.223282164187,175.000000000000,61.000000000000,2.552167349670,6993ec150712b55c,8d15af1f9d36efa1,c2f73d81ed17d1c7,200,191,95.500000,303.785340,301.825291,1.000000,4.600000,367.908542,4.583333,380.146262,4.738220,4.377901,0.000000,0.371091,0.727520,0.306513,0.101291,400,4192,4192,32.000000,0,0,16,16,49,49,4,0,534.000000,905,0,0,29,171,0,29,20,18,2,0,20,2,2,2,0,0,0,0,0,9,0,9,9,9,0,0,0,0
1590,15000119,100,1,130.093381307168,175.000000000000,78.000000000000,2.249882095706,9c141b6ec6ebab0,8d15af1f9d36efa1,68c028f3e012e10b,200,196,98.000000,280.494898,282.322524,1.000000,3.700000,308.759015,6.052381,345.598269,4.193878,5.110706,0.000000,0.389302,0.723757,0.327332,0.100656,400,4664,4664,32.000000,0,0,16,16,44,44,4,0,524.000000,822,0,0,24,176,0,24,20,18,2,0,20,2,2,2,0,0,0,0,0,4,0,4,4,4,0,0,0,0
1591,15000120,100,1,254.373695680014,425.000000000000,51.000000000000,1.518871495542,a1461162bc5509c8,8d15af1f9d36efa1,7b9fa1562c29cbad,200,134,67.000000,262.619403,260.485173,1.000000,3.500000,288.891549,5.218929,314.783037,3.791045,4.931102,0.000000,0.551237,0.757282,0.440529,0.274286,400,4384,4384,32.000000,0,0,16,16,92,92,8,4,624.000000,508,0,0,78,122,0,78,12,8,4,0,12,4,4,4,0,0,0,0,0,66,0,66,66,66,0,0,0,0
1592,15000121,100,1,106.340799983755,175.000000000000,62.000000000000,2.955365856602,e6ed458308e8443b,8d15af1f9d36efa1,2a90461502b9078b,200,188,94.000000,247.606383,238.638293,1.000000,3.800000,265.926902,3.695238,295.292984,3.867021,4.050894,0.000000,0.425750,0.729364,0.354925,0.129341,400,3728,3728,31.000000,0,0,16,15,52,52,4,0,539.000000,727,0,0,32,168,0,32,20,18,2,0,20,2,2,2,0,0,0,0,0,12,0,12,12,12,0,0,0,0
1593,15000122,100,1,131.062592420985,75.000000000000,37.000000000000,2.935672680262,8f36d989450a2e2b,8d15af1f9d36efa1,2bc78479ff883bc1,200,170,85.000000,243.100000,246.729333,1.000000,3.500000,278.034623,5.336667,281.078491,3.594118,4.517185,0.000000,0.480884,0.738903,0.395648,0.179866,400,3920,3920,32.000000,0,0,16,16,64,64,6,0,566.000000,611,0,0,47,153,0,47,17,14,3,0,17,3,3,3,0,0,0,0,0,30,0,30,30,30,0,0,0,0
1594,15000123,100,1,465.254608485970,175.000000000000,76.000000000000,2.764348024608,c88609fc768a522e,8d15af1f9d36efa1,f942ee2ae1994a29,200,185,92.500000,280.810811,299.950751,1.000000,4.300000,341.276158,4.753333,339.341232,4.243243,3.957962,0.000000,0.412865,0.734043,0.337553,0.132597,400,3896,3896,32.000000,0,0,16,16,55,55,10,0,552.000000,785,0,0,35,165,0,35,20,15,5,0,20,5,5,5,0,0,0,0,0,15,0,15,15,15,0,0,0,0
1595,15000124,100,1,446.448185016964,425.000000000000,54.000000000000,2.542846997783,d5a909e5f1b18c38,8d15af1f9d36efa1,be5bd679cdf3b563,200,110,55.000000,247.872727,236.232609,1.000000,3.600000,288.180492,4.533333,270.681877,3.427273,4.257294,0.000000,0.644004,0.773243,0.514801,0.398724,400,3888,3888,32.000000,0,0,16,16,121,121,8,14,682.000000,377,0,0,102,98,0,102,12,8,4,0,12,4,4,4,0,0,0,0,0,90,0,90,90,90,0,0,0,0
1596,15000125,100,1,270.748822582754,175.000000000000,65.000000000000,1.549674796293,39070b6d1d325d9,8d15af1f9d36efa1,792bb850d2999480,200,200,100.000000,208.105000,217.801938,1.000000,2.900000,248.833092,6.050000,241.799690,3.000000,5.366667,0.000000,0.460432,0.719101,0.400000,0.117647,400,4632,4632,32.000000,0,0,16,16,40,40,0,0,512.000000,600,0,0,20,180,0,20,20,20,0,0,20,0,0,0,0,0,0,0,0,0,0,0,0,0,0,0,0,0
1597,15000126,100,1,356.875159670582,75.000000000000,48.000000000000,2.260783529331,5de9d0982fabad53,8d15af1f9d36efa1,9b643f00c61ddae5,200,162,81.000000,193.987654,184.397365,0.900000,2.200000,190.522907,5.231481,211.804161,2.598765,4.942993,0.000000,0.562825,0.730458,0.487211,0.207156,400,4088,4088,32.000000,0,0,16,16,54,54,2,4,542.000000,421,0,0,35,146,0,35,17,16,1,0,17,1,1,0,1,0,0,0,0,18,20,18,38,19,19,0,0,0
1598,15000127,100,1,145.052875693869,75.000000000000,56.000000000000,2.086363999087,798251f29cd2eafc,8d15af1f9d36efa1,b238884f3fb9dd7e,200,181,90.500000,205.099448,209.768819,1.000000,2.900000,225.564846,6.308333,234.895164,3.027624,5.899635,0.000000,0.500911,0.733333,0.421941,0.177177,400,4696,4696,32.000000,0,0,16,16,55,55,8,0,550.000000,548,0,0,37,163,0,37,18,14,4,0,18,4,4,4,0,0,0,0,0,19,0,19,19,19,0,0,0,0
1599,15000128,100,1,159.940770068169,175.000000000000,69.000000000000,2.257801975679,b147ef7d14b26489,8d15af1f9d36efa1,9e2c6e217f19f779,200,193,96.500000,191.621762,176.237621,1.000000,2.800000,219.514426,4.550000,214.767417,2.818653,4.393382,0.000000,0.493482,0.726027,0.423729,0.152648,400,4344,4344,32.000000,0,0,16,16,47,47,4,0,530.000000,544,0,0,27,173,0,27,20,18,2,0,20,2,2,2,0,0,0,0,0,7,0,7,7,7,0,0,0,0
1600,15000129,100,1,93.471597233324,425.000000000000,57.000000000000,2.331057057700,f0b1fe40c111b9d5,8d15af1f9d36efa1,5034c49076f5b1f4,200,160,80.000000,281.743750,289.941295,1.000000,4.200000,345.639685,4.327857,344.261420,4.112500,3.949848,0.000000,0.470209,0.744898,0.378072,0.187654,400,3640,3640,32.000000,0,0,16,16,70,70,12,0,584.000000,658,0,0,55,145,0,55,15,9,6,0,15,6,6,6,0,0,0,0,0,40,0,40,40,40,0,0,0,0
1601,15000130,100,1,198.798406571811,175.000000000000,73.000000000000,1.718215303043,219ccb577ea61c31,8d15af1f9d36efa1,71a76a682f3703a6,200,186,93.000000,209.693548,236.836224,1.000000,3.300000,265.679943,4.238333,253.501231,3.241935,4.616915,0.000000,0.468722,0.726776,0.398804,0.142248,400,4136,4136,32.000000,0,0,16,16,50,50,0,0,532.000000,603,0,0,32,168,0,32,18,18,0,0,18,0,0,0,0,0,0,0,0,14,0,14,14,14,0,0,0,0
1602,15000131,100,1,348.306745791830,175.000000000000,44.000000000000,2.887929583358,4aa81e0f0e442999,8d15af1f9d36efa1,eb6b67621e7ae2bd,200,200,100.000000,283.725000,309.086551,1.000000,4.400000,354.235010,4.520952,355.261214,4.600000,3.917391,0.000000,0.357542,0.719101,0.303030,0.080000,400,4104,4104,32.000000,0,0,16,16,40,40,0,0,512.000000,920,0,0,20,180,0,20,20,20,0,0,20,0,0,0,0,0,0,0,0,0,0,0,0,0,0,0,0,0
1603,15000132,100,1,416.025379435473,325.000000000000,66.000000000000,2.864024376560,fc32d10e62064eef,8d15af1f9d36efa1,f8c799f207f968cb,200,198,99.000000,283.338384,299.152530,1.000000,4.100000,342.028621,5.571667,351.981386,4.191919,5.501205,0.000000,0.385185,0.722222,0.325203,0.095861,400,4168,4168,32.000000,0,0,16,16,42,42,4,0,520.000000,830,0,0,22,178,0,22,20,18,2,0,20,2,2,2,0,0,0,0,0,2,0,2,2,2,0,0,0,0
1604,15000133,100,1,428.954074352191,325.000000000000,82.000000000000,2.580031755942,9a749c810a7d489,8d15af1f9d36efa1,1b14dd3dd81881e9,200,200,100.000000,210.035000,231.953852,1.000000,3.000000,250.612087,6.036667,245.507770,3.000000,5.633333,0.000000,0.464286,0.722222,0.400000,0.127907,400,4360,4360,32.000000,0,0,16,16,40,40,8,0,520.000000,600,0,0,20,180,0,20,20,16,4,0,20,4,4,4,0,0,0,0,0,0,0,0,0,0,0,0,0,0
1605,15000134,100,1,476.816755112212,325.000000000000,86.000000000000,2.279823039785,3da5531e66bf30c0,8d15af1f9d36efa1,5e8fcd50c35a50b8,200,160,80.000000,267.187500,254.726334,1.000000,4.000000,317.707955,4.307143,316.825687,4.006250,3.848674,0.000000,0.479285,0.746835,0.384246,0.197747,400,3896,3896,32.000000,0,0,16,16,75,75,8,2,590.000000,641,0,0,57,143,0,57,17,13,4,0,17,4,4,4,0,0,0,0,0,40,0,40,40,40,0,0,0,0
1606,15000135,100,1,375.149656717728,75.000000000000,54.000000000000,2.159826941917,14dbb01bc27177fa,8d15af1f9d36efa1,fdc0ce16929f9cbb,200,159,79.500000,223.578616,239.187265,1.000000,3.400000,273.616745,5.371667,258.678919,3.245283,4.767442,0.000000,0.530055,0.744246,0.436681,0.225225,400,4296,4296,32.000000,0,0,16,16,71,71,8,0,582.000000,516,0,0,56,144,0,56,15,11,4,0,15,4,4,4,0,0,0,0,0,41,0,41,41,41,0,0,0,0
1607,15000136,100,1,318.129209083492,425.000000000000,58.000000000000,2.364688483081,de7fc5b5fed4cd3b,8d15af1f9d36efa1,7e2b15e8a4ef4eb5,200,138,69.000000,226.500000,264.903787,1.000000,3.600000,283.252846,5.966667,279.323700,3.507246,5.477273,0.000000,0.559199,0.754300,0.452489,0.273273,400,4232,4232,32.000000,0,0,16,16,88,88,6,0,614.000000,484,0,0,75,125,0,75,13,10,3,0,13,3,3,3,0,0,0,0,0,62,0,62,62,62,0,0,0,0
1608,15000137,100,1,317.921391959050,425.000000000000,40.000000000000,2.421481738023,d9c061966fa26f27,8d15af1f9d36efa1,8d08297e1746d40a,200,92,46.000000,219.826087,272.345439,1.000000,3.800000,303.639935,5.573333,258.670074,3.347826,4.662338,0.000000,0.690141,0.774266,0.564972,0.451957,400,4408,4408,32.000000,0,0,16,16,127,127,0,2,686.000000,308,0,0,117,83,0,117,9,9,0,0,9,0,0,0,0,0,0,0,0,108,0,108,108,108,0,0,0,0
1609,15000138,100,1,46.873699664732,175.000000000000,91.000000000000,1.810798639903,e869e1ebe5658599,8d15af1f9d36efa1,962e775c71e876c1,200,163,81.500000,224.098160,217.638516,1.000000,3.100000,258.362176,6.031667,256.343285,3.226994,5.884030,0.000000,0.529517,0.747475,0.431965,0.233236,400,4456,4456,32.000000,0,0,16,16,77,77,6,0,592.000000,526,0,0,57,143,0,57,20,17,3,0,20,3,3,3,0,0,0,0,0,37,0,37,37,37,0,0,0,0
1610,15000139,100,1,319.362552251021,75.000000000000,39.000000000000,2.625270996917,6e0ae1bd712455d9,8d15af1f9d36efa1,e651dfee65fe416b,200,177,88.500000,239.005650,262.003234,1.000000,3.900000,313.852810,5.132143,280.330689,3.655367,4.644513,0.000000,0.462178,0.735450,0.382044,0.160830,400,4112,4112,32.000000,0,0,16,16,57,57,10,0,556.000000,647,0,0,40,160,0,40,17,12,5,0,17,5,5,5,0,0,0,0,0,23,0,23,23,23,0,0,0,0
1611,15000140,100,1,215.138222117670,75.000000000000,35.000000000000,2.385424541946,3db5b21a4b2b8713,8d15af1f9d36efa1,85eefcd4f28475f2,200,139,69.500000,252.848921,273.970266,1.000000,4.100000,326.981362,4.125000,299.221680,3.856115,4.141791,0.000000,0.532286,0.753086,0.427350,0.249300,400,3768,3768,32.000000,0,0,16,16,87,87,4,0,610.000000,536,0,0,74,126,0,74,13,11,2,0,13,2,2,2,0,0,0,0,0,61,0,61,61,61,0,0,0,0
1612,15000141,100,1,431.337916798529,425.000000000000,46.000000000000,2.879288112401,cc272c8e0f3c8474,8d15af1f9d36efa1,605e71330c3626d0,200,146,73.000000,296.267123,291.304794,0.900000,3.800000,335.430562,4.750000,344.998750,4.458904,4.428571,0.000000,0.474576,0.746193,0.380590,0.193309,400,4056,4056,32.000000,0,0,16,16,71,71,14,0,588.000000,651,0,0,54,130,0,54,17,10,7,0,17,7,7,6,1,0,0,0,0,37,20,34,54,38,16,0,0,0
1613,15000142,100,1,497.655001427565,425.000000000000,65.000000000000,2.948562112849,6c0eeb9fba94f4e,8d15af1f9d36efa1,2aa0e250a5f29df0,200,140,70.000000,228.571429,241.939175,1.000000,3.500000,267.423567,4.696429,270.232175,3.457143,4.772727,0.000000,0.559600,0.754601,0.452489,0.275449,400,4000,4000,31.000000,0,0,16,15,88,88,8,0,615.000000,484,0,0,74,126,0,74,14,10,4,0,14,4,4,4,0,0,0,0,0,60,0,60,60,60,0,0,0,0
1614,15000143,100,1,146.668009896600,325.000000000000,57.000000000000,2.768033810399,2a3ecfa87a425e44,8d15af1f9d36efa1,1db910cf5d25a54d,200,197,98.500000,215.588832,230.542705,1.000000,3.400000,274.284493,4.941667,261.595564,3.426396,5.091852,0.000000,0.434199,0.721448,0.372093,0.113009,400,3904,3904,32.000000,0,0,16,16,43,43,0,0,518.000000,675,0,0,23,177,0,23,20,20,0,0,20,0,0,0,0,0,0,0,0,3,0,3,3,3,0,0,0,0
1615,15000144,100,1,17.472805516659,325.000000000000,84.000000000000,2.330262202615,4b6cfaf6972ca0a2,8d15af1f9d36efa1,f784564f66f9c1d8,200,199,99.500000,245.608040,234.267877,1.000000,3.500000,277.756042,4.585000,292.705801,3.798995,4.177249,0.000000,0.407524,0.722222,0.346021,0.104265,400,4136,4136,32.000000,0,0,16,16,41,41,6,0,520.000000,756,0,0,21,179,0,21,20,17,3,0,20,3,3,3,0,0,0,0,0,1,0,1,1,1,0,0,0,0
1616,15000145,100,1,410.853725540477,425.000000000000,57.000000000000,2.587371415280,6f3beaf6b9d69bc,8d15af1f9d36efa1,f11189e581271244,200,143,71.500000,341.391608,364.699787,1.000000,5.000000,427.768987,5.858095,419.337991,5.321678,4.721419,0.000000,0.452124,0.758454,0.344531,0.204807,400,4168,4168,32.000000,0,0,16,16,93,93,10,16,628.000000,761,0,0,71,129,0,71,14,9,5,0,14,5,5,5,0,0,0,0,0,57,0,57,57,57,0,0,0,0
1617,15000146,100,1,199.263398769898,425.000000000000,62.000000000000,1.589911316131,ced40dbd8895dfc4,8d15af1f9d36efa1,38659a120e616474,200,169,84.500000,288.266272,279.885586,1.000000,4.500000,349.210572,4.330952,343.534178,4.621302,3.846351,0.000000,0.423616,0.741602,0.338696,0.153846,400,4104,4104,32.000000,0,0,16,16,67,67,8,0,574.000000,781,0,0,49,151,0,49,18,14,4,0,18,4,4,4,0,0,0,0,0,31,0,31,31,31,0,0,0,0
1618,15000147,100,1,360.467613341340,425.000000000000,45.000000000000,2.574565863463,b69e78525f0f9917,8d15af1f9d36efa1,130ca33adc852ac1,200,177,88.500000,242.898305,238.205973,1.000000,3.600000,269.663949,4.490000,277.946676,3.638418,4.343168,0.000000,0.464226,0.736148,0.383142,0.163636,400,4024,4024,32.000000,0,0,16,16,59,59,8,4,558.000000,644,0,0,40,160,0,40,17,13,4,0,17,4,4,4,0,0,0,0,0,23,0,23,23,23,0,0,0,0
1619,15000148,100,1,275.980968146212,325.000000000000,53.000000000000,2.205000328629,c7cdcb00e8289722,8d15af1f9d36efa1,a8154e8590aa391c,200,197,98.500000,263.071066,287.861766,1.000000,3.900000,316.439709,5.766667,319.204855,4.035533,5.260377,0.000000,0.397727,0.724138,0.334728,0.105737,400,4344,4344,31.000000,0,0,16,15,43,43,8,0,525.000000,795,0,0,23,177,0,23,20,16,4,0,20,4,4,4,0,0,0,0,0,3,0,3,3,3,0,0,0,0
1620,15000149,100,1,268.619834308722,75.000000000000,34.000000000000,2.162240617556,b9fb6739f4ac5801,8d15af1f9d36efa1,3e72bf7879f5ce,200,136,68.000000,232.235294,231.279225,1.000000,3.300000,267.526284,5.673333,283.088219,3.632353,5.176113,0.000000,0.552536,0.753086,0.447427,0.264881,400,4032,4032,32.000000,0,0,16,16,88,88,2,0,610.000000,494,0,0,76,124,0,76,12,11,1,0,12,1,1,1,0,0,0,0,0,64,0,64,64,64,0,0,0,0
1621,15000150,100,1,41.403392506166,425.000000000000,58.000000000000,2.602798120641,297161bae1a7f1f0,8d15af1f9d36efa1,d000da5103d7a55a,200,169,84.500000,279.071006,279.613199,1.000000,4.100000,326.266443,4.895952,317.231765,4.100592,4.253968,0.000000,0.456471,0.744246,0.365965,0.177936,400,4136,4136,32.000000,0,0,16,16,65,65,20,0,582.000000,693,0,0,48,152,0,48,17,7,10,0,17,10,10,10,0,0,0,0,0,31,0,31,31,31,0,0,0,0
1622,15000151,100,1,325.561459467690,325.000000000000,55.000000000000,2.438877722634,fd91b5d887fd8fc2,8d15af1f9d36efa1,a936884f3a8686fe,200,186,93.000000,182.661290,177.051868,1.000000,2.500000,194.234132,5.300000,198.768338,2.537634,5.086864,0.000000,0.531746,0.728261,0.458716,0.180556,400,4240,4240,32.000000,0,0,16,16,52,52,0,4,536.000000,472,0,0,32,168,0,32,18,18,0,0,18,0,0,0,0,0,0,0,0,14,0,14,14,14,0,0,0,0
1623,15000152,100,1,40.639788735167,175.000000000000,72.000000000000,2.612077420988,ddc3f96700605883,8d15af1f9d36efa1,9b538900c60fe570,200,182,91.000000,259.500000,272.692792,1.000000,4.100000,314.284716,5.006905,317.874594,4.142857,4.773210,0.000000,0.420891,0.732620,0.346620,0.133333,400,3952,3952,32.000000,0,0,16,16,54,54,8,0,548.000000,754,0,0,36,164,0,36,18,14,4,0,18,4,4,4,0,0,0,0,0,18,0,18,18,18,0,0,0,0
1624,15000153,100,1,24.214285831975,175.000000000000,75.000000000000,2.825216810004,fffb38470a00e01,8d15af1f9d36efa1,96c2be65075ac7bc,200,157,78.500000,250.076433,269.257661,0.900000,3.300000,287.369645,5.166667,301.987944,3.808917,4.429766,0.000000,0.484483,0.737533,0.400802,0.178571,400,4336,4336,32.000000,0,0,16,16,60,60,10,0,562.000000,598,0,0,44,141,0,43,17,12,5,0,17,5,5,4,1,0,0,0,0,27,20,23,43,28,15,0,0,0
1625,15000154,100,1,408.501823501295,175.000000000000,76.000000000000,2.378983689659,b22912ad3a23af5,8d15af1f9d36efa1,640c25daaf2e962d,200,199,99.500000,270.472362,280.228460,1.000000,4.100000,328.228048,4.084048,327.508920,4.251256,3.854610,0.000000,0.381579,0.722992,0.321027,0.096154,400,3968,3968,32.000000,0,0,16,16,42,42,6,2,522.000000,846,0,0,21,179,0,21,20,17,3,0,20,3,3,3,0,0,0,0,0,1,0,1,1,1,0,0,0,0
1626,15000155,100,1,45.471769568808,325.000000000000,85.000000000000,1.922731528563,d8c6ce97f0db4b03,8d15af1f9d36efa1,12f3935f6cef0e54,200,192,96.000000,242.984375,255.958236,1.000000,3.600000,282.027490,4.775000,290.562951,3.729167,4.445531,0.000000,0.426282,0.726776,0.358423,0.122549,400,4112,4112,32.000000,0,0,16,16,48,48,4,0,532.000000,716,0,0,28,172,0,28,20,18,2,0,20,2,2,2,0,0,0,0,0,8,0,8,8,8,0,0,0,0
1627,15000156,100,1,427.221069997206,325.000000000000,62.000000000000,2.965240131557,4af0a24cd55290f,8d15af1f9d36efa1,a102ed4dca4a1cc2,200,200,100.000000,289.965000,311.686620,1.000000,4.300000,354.361267,4.508333,345.222850,4.370000,4.185355,0.000000,0.374821,0.723757,0.313972,0.095238,400,3904,3904,32.000000,0,0,16,16,42,42,8,4,524.000000,874,0,0,20,180,0,20,20,16,4,0,20,4,4,4,0,0,0,0,0,0,0,0,0,0,0,0,0,0
1628,15000157,100,1,29.218731103367,425.000000000000,59.000000000000,2.612479518254,57a4a689d8667b4b,8d15af1f9d36efa1,9b466bc0fdc3794e,200,135,67.500000,278.925926,280.074453,1.000000,3.800000,310.436872,5.455000,319.349283,3.777778,5.098039,0.000000,0.553415,0.759615,0.439560,0.281690,400,4192,4192,32.000000,0,0,16,16,95,95,10,0,632.000000,510,0,0,80,120,0,80,15,10,5,0,15,5,5,5,0,0,0,0,0,65,0,65,65,65,0,0,0,0
1629,15000158,100,1,345.612016712265,425.000000000000,52.000000000000,2.135627617605,72fcd002b84f1aa,8d15af1f9d36efa1,8612b09ea296ea11,200,134,67.000000,247.649254,253.682194,1.000000,3.500000,292.436843,5.023333,279.542735,3.276119,4.594533,0.000000,0.590103,0.759615,0.476758,0.312989,400,4160,4160,32.000000,0,0,16,16,99,99,2,6,632.000000,439,0,0,81,119,0,81,15,14,1,0,15,1,1,1,0,0,0,0,0,66,0,66,66,66,0,0,0,0
1630,15000159,100,1,495.753008192574,175.000000000000,82.000000000000,1.643155938980,fa13193b3f2b9464,8d15af1f9d36efa1,2fd0ec5017ff3607,200,128,64.000000,294.609375,282.730712,1.000000,4.300000,343.720533,4.467857,347.199854,4.343750,4.679856,0.000000,0.537438,0.763593,0.418410,0.277922,400,4232,4232,32.000000,0,0,16,16,104,104,6,8,646.000000,556,0,0,86,114,0,86,14,11,3,0,14,3,3,3,0,0,0,0,0,72,0,72,72,72,0,0,0,0
1631,15000160,100,1,89.870884034417,75.000000000000,66.000000000000,1.527420420954,5e97a621c28cb12d,8d15af1f9d36efa1,8f7ac44f2c0594e9,200,158,79.000000,297.424051,268.373383,1.000000,4.100000,317.026141,4.645000,341.376326,4.537975,4.322176,0.000000,0.456818,0.750934,0.358102,0.193476,400,4184,4184,31.000000,0,0,16,15,77,77,18,2,603.000000,717,0,0,59,141,0,59,17,8,9,0,17,9,9,9,0,0,0,0,0,42,0,42,42,42,0,0,0,0
1632,15000161,100,1,331.577204308354,325.000000000000,55.000000000000,1.942908644294,838119a1693627ef,8d15af1f9d36efa1,2c14449be4781ccc,200,200,100.000000,238.560000,266.224759,1.000000,3.800000,297.913221,4.257619,291.324531,3.865000,4.357050,0.000000,0.399378,0.719888,0.341006,0.095906,400,3528,3528,32.000000,0,0,16,16,40,40,2,0,514.000000,773,0,0,20,180,0,20,20,19,1,0,20,1,1,1,0,0,0,0,0,0,0,0,0,0,0,0,0,0
1633,15000162,100,1,13.687418118806,75.000000000000,67.000000000000,1.852528452987,9ebd611bb7e34885,8d15af1f9d36efa1,9b8d4200c640e512,200,156,78.000000,241.801282,238.578472,1.000000,3.400000,267.372039,5.941667,278.378198,3.512821,5.737226,0.000000,0.517606,0.746193,0.421941,0.221591,400,4504,4504,32.000000,0,0,16,16,76,76,4,0,588.000000,548,0,0,60,140,0,60,16,14,2,0,16,2,2,2,0,0,0,0,0,44,0,44,44,44,0,0,0,0
1634,15000163,100,1,32.399938875100,325.000000000000,85.000000000000,1.668430787090,a90e00d734f512ef,8d15af1f9d36efa1,c204c280bbe02089,200,157,78.500000,206.656051,236.289102,0.900000,2.800000,240.866483,3.879630,222.117248,2.834395,4.595506,0.000000,0.555445,0.735450,0.473373,0.217926,400,3856,3856,32.000000,0,0,16,16,60,60,4,2,556.000000,445,0,0,41,140,0,41,18,16,2,0,18,2,2,1,1,0,0,0,0,23,20,23,43,24,19,0,0,0
1635,15000164,100,1,164.556426763115,325.000000000000,54.000000000000,2.437957767632,992f872b4b9aaec3,8d15af1f9d36efa1,9ad5b000c5a4e2a2,200,200,100.000000,212.865000,210.869073,1.000000,3.100000,243.481663,4.725000,236.650304,3.165000,4.862559,0.000000,0.450997,0.722222,0.387222,0.122053,400,4176,4176,32.000000,0,0,16,16,42,42,4,4,520.000000,633,0,0,20,180,0,20,20,18,2,0,20,2,2,2,0,0,0,0,0,0,0,0,0,0,0,0,0,0
1636,15000165,100,1,332.652084666559,325.000000000000,60.000000000000,2.450633947839,142dfc2cd635a665,8d15af1f9d36efa1,adb0e0f6e15c319b,200,181,90.500000,244.762431,254.266618,1.000000,3.600000,292.630702,5.108333,302.801088,3.668508,4.731928,0.000000,0.453048,0.733333,0.375940,0.150895,400,4328,4328,32.000000,0,0,16,16,58,58,2,2,550.000000,664,0,0,38,162,0,38,19,18,1,0,19,1,1,1,0,0,0,0,0,19,0,19,19,19,0,0,0,0
1637,15000166,100,1,7.262281707983,325.000000000000,76.000000000000,2.666588480466,a33be6dba83428c6,8d15af1f9d36efa1,3e962283e56a7722,200,174,87.000000,261.718391,247.774010,1.000000,3.400000,290.064283,4.840000,291.638520,3.459770,4.908638,0.000000,0.489831,0.742931,0.399202,0.195187,400,4080,4080,32.000000,0,0,16,16,66,66,14,0,578.000000,602,0,0,46,154,0,46,20,13,7,0,20,7,7,7,0,0,0,0,0,26,0,26,26,26,0,0,0,0
1638,15000167,100,1,459.272005537678,325.000000000000,86.000000000000,2.195315241059,a8f6eb9157ccded0,8d15af1f9d36efa1,92be754fbeb3d8cd,200,179,89.500000,254.033520,263.393799,1.000000,3.500000,291.294017,4.740000,298.941086,3.547486,4.543307,0.000000,0.470392,0.738220,0.386473,0.172099,400,4104,4104,32.000000,0,0,16,16,61,61,10,0,564.000000,635,0,0,41,159,0,41,20,15,5,0,20,5,5,5,0,0,0,0,0,21,0,21,21,21,0,0,0,0
1639,15000168,100,1,197.338547894869,175.000000000000,61.000000000000,2.029460637985,7bb714a7eba4da20,8d15af1f9d36efa1,9b20a800c5e4c084,200,200,100.000000,245.770000,259.235540,1.000000,3.600000,288.864955,6.540000,293.079616,3.700000,5.297297,0.000000,0.409888,0.719888,0.350877,0.099757,400,4384,4384,32.000000,0,0,16,16,40,40,2,0,514.000000,740,0,0,20,180,0,20,20,19,1,0,20,1,1,1,0,0,0,0,0,0,0,0,0,0,0,0,0,0
1640,15000169,100,1,255.708690185111,425.000000000000,47.000000000000,1.790045572145,d8d27a14e49160c3,8d15af1f9d36efa1,52c7af964556d895,200,167,83.500000,211.694611,212.436490,1.000000,2.900000,232.512253,5.228333,223.478790,2.886228,4.981328,0.000000,0.542694,0.740933,0.453515,0.225080,400,4152,4152,32.000000,0,0,16,16,69,69,2,4,572.000000,482,0,0,50,150,0,50,17,16,1,0,17,1,1,1,0,0,0,0,0,33,0,33,33,33,0,0,0,0
1641,15000170,100,1,463.248000033634,75.000000000000,65.000000000000,1.947107446270,e3d1f33ac39ce996,8d15af1f9d36efa1,9af14c00c5bcb36e,200,153,76.500000,229.888889,212.634925,1.000000,3.000000,240.116093,4.501667,241.438063,3.032680,4.721983,0.000000,0.572744,0.756691,0.462963,0.290520,400,4432,4432,32.000000,0,0,16,16,89,89,12,20,622.000000,464,0,0,63,137,0,63,16,10,6,0,16,6,6,6,0,0,0,0,0,47,0,47,47,47,0,0,0,0
1642,15000171,100,1,7.061253390489,425.000000000000,54.000000000000,2.827358317915,516df0db8d379fb8,8d15af1f9d36efa1,40797150213df35c,200,131,65.500000,277.969466,241.925497,1.000000,3.400000,282.020080,4.251667,302.937983,4.038168,3.969754,0.000000,0.553586,0.766355,0.430571,0.297477,400,3896,3896,32.000000,0,0,16,16,105,105,14,16,656.000000,529,0,0,83,117,0,83,14,7,7,0,14,7,7,7,0,0,0,0,0,69,0,69,69,69,0,0,0,0
1643,15000172,100,1,256.922029830400,75.000000000000,38.000000000000,1.803953512720,143fa6c5745b9450,8d15af1f9d36efa1,99984a65e1a8bf21,200,123,61.500000,298.853659,257.881787,1.000000,3.800000,302.611751,5.868333,362.590718,4.447154,4.950640,0.000000,0.539950,0.762470,0.422386,0.277411,400,4608,4608,32.000000,0,0,16,16,99,99,12,0,642.000000,547,0,0,88,112,0,88,11,5,6,0,11,6,6,6,0,0,0,0,0,77,0,77,77,77,0,0,0,0
1644,15000173,100,1,66.217225208239,425.000000000000,54.000000000000,2.811786064621,250e1551dff6f80e,8d15af1f9d36efa1,585be895cd32359f,200,168,84.000000,255.148810,271.709663,1.000000,3.700000,299.274331,5.638571,297.452434,3.720238,5.224000,0.000000,0.476987,0.740260,0.390244,0.180865,400,4528,4528,32.000000,0,0,16,16,66,66,6,0,570.000000,625,0,0,49,151,0,49,17,14,3,0,17,3,3,3,0,0,0,0,0,32,0,32,32,32,0,0,0,0
1645,15000174,100,1,133.577406722259,325.000000000000,58.000000000000,2.349560185177,c87b03108b694cb4,8d15af1f9d36efa1,df26ae7a040a35a5,200,193,96.500000,250.139896,264.361299,1.000000,3.800000,310.981733,6.070000,311.191613,3.860104,5.914094,0.000000,0.414768,0.725275,0.349345,0.114150,400,4360,4360,32.000000,0,0,16,16,47,47,2,4,528.000000,745,0,0,26,174,0,26,19,18,1,0,19,1,1,1,0,0,0,0,0,7,0,7,7,7,0,0,0,0
1646,15000175,100,1,6.806638420691,325.000000000000,88.000000000000,1.950733212490,dd7863207e9cf4f4,8d15af1f9d36efa1,d4c1e29c4299587,200,178,89.000000,256.971910,245.900003,1.000000,3.400000,280.690257,5.795476,290.403252,3.539326,5.153968,0.000000,0.468803,0.735450,0.388350,0.164456,400,4432,4432,32.000000,0,0,16,16,59,59,6,2,556.000000,630,0,0,40,160,0,40,18,15,3,0,18,3,3,3,0,0,0,0,0,22,0,22,22,22,0,0,0,0
1647,15000176,100,1,345.880143675513,325.000000000000,72.000000000000,1.896844514360,57b3f5b537f1e235,8d15af1f9d36efa1,65ea1f22f4f59f04,200,200,100.000000,225.165000,227.168531,1.000000,3.300000,269.700358,5.328333,261.627957,3.300000,4.859091,0.000000,0.438776,0.720670,0.377358,0.112903,400,4496,4496,32.000000,0,0,16,16,40,40,4,0,516.000000,660,0,0,20,180,0,20,20,18,2,0,20,2,2,2,0,0,0,0,0,0,0,0,0,0,0,0,0,0
1648,15000177,100,1,384.397173799193,325.000000000000,66.000000000000,2.591939253490,dd9cb01d41dd9467,8d15af1f9d36efa1,5dc2d04c20304c9d,200,193,96.500000,279.668394,289.721225,1.000000,4.100000,321.923383,5.290000,328.363856,4.212435,5.391144,0.000000,0.397331,0.728261,0.329761,0.113413,400,4488,4488,32.000000,0,0,16,16,50,50,4,6,536.000000,813,0,0,27,173,0,27,20,18,2,0,20,2,2,2,0,0,0,0,0,7,0,7,7,7,0,0,0,0
1649,15000178,100,1,55.380147056924,425.000000000000,63.000000000000,2.122097914512,250a9fa6a78e06ad,8d15af1f9d36efa1,56055ca2e4f16393,200,156,78.000000,260.673077,293.095409,1.000000,4.400000,345.090164,4.205000,314.526981,4.051282,4.341772,0.000000,0.482815,0.746835,0.387597,0.200000,400,3736,3736,32.000000,0,0,16,16,76,76,6,0,590.000000,632,0,0,60,140,0,60,16,13,3,0,16,3,3,3,0,0,0,0,0,44,0,44,44,44,0,0,0,0
1650,15000179,100,1,139.535619789893,425.000000000000,50.000000000000,2.646863600820,93697416c48952e0,8d15af1f9d36efa1,abe29a576fa3684,200,144,72.000000,291.958333,303.735926,1.000000,4.300000,351.063007,4.462302,355.336341,4.527778,4.352761,0.000000,0.481717,0.751861,0.380228,0.210654,400,3728,3728,32.000000,0,0,16,16,83,83,8,2,606.000000,652,0,0,69,131,0,69,13,9,4,0,13,4,4,4,0,0,0,0,0,56,0,56,56,56,0,0,0,0
1651,15000180,100,1,199.759857954729,425.000000000000,38.000000000000,1.531455440438,584f3ea7b36c7db3,8d15af1f9d36efa1,6d184185f81c2b0f,200,125,62.500000,228.776000,272.887120,1.000000,3.800000,307.756954,5.238571,262.434285,3.120000,4.548718,0.000000,0.619141,0.760192,0.506329,0.341216,400,3984,3984,32.000000,0,0,16,16,101,101,0,4,634.000000,390,0,0,87,113,0,87,12,12,0,0,12,0,0,0,0,0,0,0,0,75,0,75,75,75,0,0,0,0
1652,15000181,100,1,407.774845472613,175.000000000000,53.000000000000,2.953816073525,937544b8bbac8ea9,8d15af1f9d36efa1,721af75b3911db94,200,198,99.000000,241.616162,254.451320,1.000000,3.800000,291.520059,3.840000,287.353269,3.853535,3.711664,0.000000,0.406226,0.722992,0.343938,0.105510,400,3944,3944,32.000000,0,0,16,16,42,42,6,0,522.000000,763,0,0,22,178,0,22,20,17,3,0,20,3,3,3,0,0,0,0,0,2,0,2,2,2,0,0,0,0
1653,15000182,100,1,477.940216961385,75.000000000000,46.000000000000,2.942296224342,7e483b60d44ac909,8d15af1f9d36efa1,8e69584d9964bff,200,132,66.000000,273.075758,284.196143,1.000000,4.300000,337.017640,4.643214,318.808715,4.159091,4.863388,0.000000,0.532766,0.757869,0.421496,0.261104,400,3936,3936,32.000000,0,0,16,16,92,92,10,0,626.000000,549,0,0,80,120,0,80,12,7,5,0,12,5,5,5,0,0,0,0,0,68,0,68,68,68,0,0,0,0
1654,15000183,100,1,391.982453007491,175.000000000000,75.000000000000,1.689607010205,a1dce1aef55cccb9,8d15af1f9d36efa1,9b7fbc00c6357704,200,200,100.000000,189.895000,197.217534,1.000000,2.800000,223.996095,4.845000,223.351773,2.800000,4.594643,0.000000,0.477612,0.719101,0.416667,0.125000,400,4280,4280,32.000000,0,0,16,16,40,40,0,0,512.000000,560,0,0,20,180,0,20,20,20,0,0,20,0,0,0,0,0,0,0,0,0,0,0,0,0,0,0,0,0
1655,15000184,100,1,378.827898792851,325.000000000000,52.000000000000,2.996850515989,b5a32d3b8603c498,8d15af1f9d36efa1,ea220436c22ad1af,200,178,89.000000,261.528090,275.360571,1.000000,4.000000,316.599448,5.388333,330.587356,4.117978,5.188267,0.000000,0.425998,0.731183,0.353045,0.132544,400,4000,4000,32.000000,0,0,16,16,56,56,0,0,544.000000,733,0,0,39,161,0,39,17,17,0,0,17,0,0,0,0,0,0,0,0,22,0,22,22,22,0,0,0,0
1656,15000185,100,1,407.163410264760,75.000000000000,51.000000000000,2.275017051604,cccdce961f1b3300,8d15af1f9d36efa1,9356dd7601069412,200,129,64.500000,281.829457,279.244478,1.000000,4.200000,328.015965,4.383333,344.979293,4.736434,4.258592,0.000000,0.508447,0.759615,0.395648,0.246609,400,4248,4248,32.000000,0,0,16,16,97,97,6,0,632.000000,611,0,0,84,116,0,84,13,10,3,0,13,3,3,3,0,0,0,0,0,71,0,71,71,71,0,0,0,0
1657,15000186,100,1,467.907639685936,425.000000000000,64.000000000000,1.938069156415,c7656a3a56102e87,8d15af1f9d36efa1,22af185353346a97,200,129,64.500000,310.434109,304.918522,1.000000,4.400000,345.390721,5.038333,340.337786,4.294574,4.714801,0.000000,0.546645,0.769585,0.419287,0.298734,400,4208,4208,32.000000,0,0,16,16,110,110,16,18,668.000000,554,0,0,86,114,0,86,15,7,8,0,15,8,8,8,0,0,0,0,0,71,0,71,71,71,0,0,0,0
1658,15000187,100,1,451.738257867452,325.000000000000,71.000000000000,2.913725557081,ffd2169a0ec2b107,8d15af1f9d36efa1,8f08ee4a042d4e67,200,173,86.500000,293.052023,306.801438,1.000000,4.100000,352.186237,5.556667,355.410554,4.352601,4.872510,0.000000,0.431698,0.740933,0.346921,0.156775,400,4344,4344,32.000000,0,0,16,16,63,63,14,0,572.000000,753,0,0,45,155,0,45,18,11,7,0,18,7,7,7,0,0,0,0,0,27,0,27,27,27,0,0,0,0
1659,15000188,100,1,373.689569980302,75.000000000000,51.000000000000,2.414079981001,ebebe33211a12349,8d15af1f9d36efa1,c45850ed0df62e35,200,137,68.500000,287.007299,316.651711,1.000000,4.400000,360.288108,5.133333,347.393643,4.248175,4.793814,0.000000,0.518212,0.757869,0.407332,0.250000,400,3848,3848,32.000000,0,0,16,16,91,91,12,0,626.000000,582,0,0,77,123,0,77,14,8,6,0,14,6,6,6,0,0,0,0,0,63,0,63,63,63,0,0,0,0
1660,15000189,100,1,386.850007608246,325.000000000000,69.000000000000,2.505432626938,630dd4edbabe08ce,8d15af1f9d36efa1,c038afabec830d50,200,200,100.000000,245.835000,248.169092,1.000000,3.700000,309.770962,4.641667,296.143170,3.800000,4.403947,0.000000,0.404389,0.720670,0.344828,0.099526,400,4088,4088,32.000000,0,0,16,16,40,40,4,0,516.000000,760,0,0,20,180,0,20,20,18,2,0,20,2,2,2,0,0,0,0,0,0,0,0,0,0,0,0,0,0
1661,15000190,100,1,428.221782201879,175.000000000000,78.000000000000,2.559086137422,51133bf0a92a4c96,8d15af1f9d36efa1,bb8b28a30f4a299d,200,191,95.500000,280.157068,281.652700,1.000000,4.200000,344.725683,4.651786,356.004561,4.198953,4.649626,0.000000,0.397898,0.726027,0.332779,0.108889,400,4000,4000,32.000000,0,0,16,16,49,49,0,0,530.000000,802,0,0,29,171,0,29,20,20,0,0,20,0,0,0,0,0,0,0,0,9,0,9,9,9,0,0,0,0
1662,15000191,100,1,44.838109490857,75.000000000000,64.000000000000,2.390521518939,ca89ec815a3a9df8,8d15af1f9d36efa1,2bb3ddbae279f226,200,164,82.000000,307.481707,300.953006,1.000000,4.300000,345.656797,4.959524,346.964026,4.280488,4.529915,0.000000,0.463303,0.751861,0.362976,0.198630,400,4080,4080,32.000000,0,0,16,16,76,76,22,8,606.000000,702,0,0,54,146,0,54,18,7,11,0,18,11,11,11,0,0,0,0,0,36,0,36,36,36,0,0,0,0
1663,15000192,100,1,120.715403106521,325.000000000000,72.000000000000,2.053809521579,d0195111fbeee8e1,8d15af1f9d36efa1,542e1cbff8e9b2e1,200,197,98.500000,268.340102,283.873962,1.000000,4.000000,326.592401,5.284524,329.909661,4.182741,4.883495,0.000000,0.386905,0.722222,0.326797,0.096491,400,4312,4312,32.000000,0,0,16,16,43,43,2,0,520.000000,824,0,0,23,177,0,23,20,19,1,0,20,1,1,1,0,0,0,0,0,3,0,3,3,3,0,0,0,0
1664,15000193,100,1,393.468578751119,175.000000000000,85.000000000000,1.606116606161,c1bdac19de081f66,8d15af1f9d36efa1,e9d0d54ff026011f,200,200,100.000000,235.035000,233.526719,1.000000,3.500000,275.450030,4.694286,272.115883,3.500000,4.828571,0.000000,0.427169,0.722992,0.363636,0.113924,400,4152,4152,32.000000,0,0,16,16,41,41,8,2,522.000000,700,0,0,20,180,0,20,20,16,4,0,20,4,4,4,0,0,0,0,0,0,0,0,0,0,0,0,0,0
1665,15000194,100,1,406.671295999180,325.000000000000,70.000000000000,2.213170892010,b04955376c629907,8d15af1f9d36efa1,9824c7b3ef4c2402,200,194,97.000000,256.912371,266.528705,1.000000,3.600000,297.232792,5.646667,309.320875,3.974227,4.811933,0.000000,0.408289,0.726776,0.341588,0.114811,400,4184,4184,32.000000,0,0,16,16,47,47,6,2,532.000000,771,0,0,26,174,0,26,20,17,3,0,20,3,3,3,0,0,0,0,0,6,0,6,6,6,0,0,0,0
1666,15000195,100,1,85.631030671616,325.000000000000,64.000000000000,2.631990496575,a0ca1b38513c7661,8d15af1f9d36efa1,a460c66ee3f990b8,200,199,99.500000,283.809045,300.417838,1.000000,4.300000,346.131082,4.874762,340.855312,4.351759,4.646651,0.000000,0.376978,0.723757,0.315956,0.096033,400,3872,3872,32.000000,0,0,16,16,41,41,10,0,524.000000,866,0,0,21,179,0,21,20,15,5,0,20,5,5,5,0,0,0,0,0,1,0,1,1,1,0,0,0,0
1667,15000196,100,1,156.737616383164,75.000000000000,41.000000000000,2.649932406342,60e79ff4704ff7ca,8d15af1f9d36efa1,9b684100c621c722,200,193,96.500000,244.326425,270.248424,1.000000,4.000000,305.152765,4.510238,305.675244,3.963731,4.267974,0.000000,0.405594,0.722992,0.343348,0.105263,400,3896,3896,32.000000,0,0,16,16,45,45,0,0,522.000000,765,0,0,26,174,0,26,19,19,0,0,19,0,0,0,0,0,0,0,0,7,0,7,7,7,0,0,0,0
1668,15000197,100,1,465.110099028214,75.000000000000,58.000000000000,2.412256703928,891fae0dfc8e38d7,8d15af1f9d36efa1,499f247492ecc914,200,174,87.000000,308.178161,306.764647,1.000000,4.100000,336.551081,4.845000,361.799709,4.298851,4.485294,0.000000,0.434191,0.741602,0.348432,0.159551,400,4104,4104,32.000000,0,0,16,16,62,62,18,0,574.000000,748,0,0,44,156,0,44,18,9,9,0,18,9,9,9,0,0,0,0,0,26,0,26,26,26,0,0,0,0
1669,15000198,100,1,25.108960436303,325.000000000000,91.000000000000,2.209839943134,ccf37b83124a8b7f,8d15af1f9d36efa1,eda63950834fb049,200,152,76.000000,210.868421,191.815239,1.000000,2.700000,221.444343,4.980000,223.179540,2.756579,4.947494,0.000000,0.590420,0.751244,0.488400,0.291032,400,4608,4608,32.000000,0,0,16,16,82,82,8,0,604.000000,419,0,0,65,135,0,65,17,13,4,0,17,4,4,4,0,0,0,0,0,48,0,48,48,48,0,0,0,0
1670,15000199,100,1,380.777213821581,175.000000000000,55.000000000000,2.916488857150,ddfb9e8979b7672f,8d15af1f9d36efa1,fdf1a33acd8fabbc,200,197,98.500000,275.659898,281.366674,1.000000,4.100000,339.345428,4.665238,340.833681,4.258883,4.188319,0.000000,0.383542,0.722992,0.322841,0.096878,400,4048,4048,32.000000,0,0,16,16,43,43,4,0,522.000000,839,0,0,23,177,0,23,20,18,2,0,20,2,2,2,0,0,0,0,0,3,0,3,3,3,0,0,0,0
1671,15000200,100,1,62.677907274736,425.000000000000,74.000000000000,1.872606500172,fb1f3629c9de2fd6,8d15af1f9d36efa1,b762716bb393eda9,200,138,69.000000,213.355072,237.255780,1.000000,3.200000,270.926683,4.808333,238.888696,2.985507,4.652913,0.000000,0.600000,0.755501,0.492611,0.311037,400,4592,4592,32.000000,0,0,16,16,88,88,10,0,618.000000,412,0,0,75,125,0,75,13,8,5,0,13,5,5,5,0,0,0,0,0,62,0,62,62,62,0,0,0,0
1672,15000201,100,1,101.512316795956,425.000000000000,44.000000000000,2.891020650991,662056665e201e27,8d15af1f9d36efa1,77789e40d2d1d26a,200,128,64.000000,291.203125,284.090305,1.000000,4.400000,353.955397,4.936667,346.054904,4.476562,4.324607,0.000000,0.524481,0.759615,0.411100,0.258732,400,3824,3824,32.000000,0,0,16,16,94,94,12,0,632.000000,573,0,0,83,117,0,83,11,5,6,0,11,6,6,6,0,0,0,0,0,72,0,72,72,72,0,0,0,0
1673,15000202,100,1,46.308502348158,75.000000000000,51.000000000000,2.302356049873,f200f62fc7aef737,8d15af1f9d36efa1,e4c32d552f122c01,200,140,70.000000,244.335714,243.403808,1.000000,3.600000,276.828152,5.403333,277.732983,3.578571,5.079840,0.000000,0.551477,0.754902,0.443951,0.268613,400,3992,3992,32.000000,0,0,16,16,88,88,8,0,616.000000,501,0,0,74,126,0,74,14,10,4,0,14,4,4,4,0,0,0,0,0,60,0,60,60,60,0,0,0,0
1674,15000203,100,1,294.467625876384,325.000000000000,50.000000000000,2.435415628536,3f9008b3f5482cd,8d15af1f9d36efa1,6ea9115fbd2516e6,200,200,100.000000,310.110000,329.354666,1.000000,4.600000,367.112788,4.329048,383.019692,4.835000,4.236815,0.000000,0.348822,0.721448,0.292612,0.081671,400,3904,3904,32.000000,0,0,16,16,41,41,4,2,518.000000,967,0,0,20,180,0,20,20,18,2,0,20,2,2,2,0,0,0,0,0,0,0,0,0,0,0,0,0,0
1675,15000204,100,1,100.147710235946,425.000000000000,72.000000000000,2.123779493554,712b9425af56185f,8d15af1f9d36efa1,5247ff32fe3821dc,200,170,85.000000,259.652941,256.130904,1.000000,3.700000,291.791906,6.756667,315.571751,4.000000,6.052941,0.000000,0.457735,0.741602,0.370370,0.172749,400,4536,4536,32.000000,0,0,16,16,68,68,6,0,574.000000,680,0,0,49,151,0,49,19,16,3,0,19,3,3,3,0,0,0,0,0,30,0,30,30,30,0,0,0,0
1676,15000205,100,1,476.250862113165,175.000000000000,81.000000000000,2.916291821759,8e1598cc567e647,8d15af1f9d36efa1,f27cd9ddd14dcece,200,184,92.000000,222.820652,225.708501,1.000000,3.200000,244.986167,4.358333,264.965202,3.271739,4.403654,0.000000,0.475610,0.731903,0.399202,0.159218,400,4056,4056,32.000000,0,0,16,16,54,54,6,0,546.000000,602,0,0,35,165,0,35,19,16,3,0,19,3,3,3,0,0,0,0,0,16,0,16,16,16,0,0,0,0
1677,15000206,100,1,145.168324401681,175.000000000000,59.000000000000,2.340752241708,94bfb0a073cf2aa1,8d15af1f9d36efa1,7ab4f6393dd93721,200,200,100.000000,230.150000,230.768630,1.000000,3.600000,267.546475,4.496667,284.592216,3.700000,4.297297,0.000000,0.408946,0.719101,0.350877,0.097561,400,3928,3928,32.000000,0,0,16,16,40,40,0,0,512.000000,740,0,0,20,180,0,20,20,20,0,0,20,0,0,0,0,0,0,0,0,0,0,0,0,0,0,0,0,0
1678,15000207,100,1,220.786352947714,175.000000000000,61.000000000000,1.546745162526,def87234b8c2d853,8d15af1f9d36efa1,3699c414d7b44947,200,193,96.500000,254.746114,251.967520,1.000000,3.800000,303.005347,5.846667,314.232367,4.373057,3.921801,0.000000,0.383041,0.723757,0.321543,0.098291,400,4360,4360,32.000000,0,0,16,16,45,45,2,0,524.000000,844,0,0,26,174,0,26,19,18,1,0,19,1,1,1,0,0,0,0,0,7,0,7,7,7,0,0,0,0
1679,15000208,100,1,92.996913458374,175.000000000000,61.000000000000,2.953524547965,d253456dd2ae6427,8d15af1f9d36efa1,8e333ab7a41d660,200,189,94.500000,266.941799,287.490965,1.000000,4.000000,333.796658,5.185000,328.716097,3.883598,5.066757,0.000000,0.421136,0.727520,0.352734,0.122010,400,4176,4176,32.000000,0,0,16,16,50,50,2,2,534.000000,734,0,0,30,170,0,30,19,18,1,0,19,1,1,1,0,0,0,0,0,11,0,11,11,11,0,0,0,0
1680,15000209,100,1,47.373963396396,425.000000000000,60.000000000000,2.411765029987,3d57de5f70dba0b,8d15af1f9d36efa1,9ac16b00c593c459,200,166,83.000000,295.385542,301.149099,1.000000,4.400000,335.677763,5.089048,338.007912,4.331325,4.915160,0.000000,0.447348,0.744246,0.357462,0.172612,400,4520,4520,32.000000,0,0,16,16,67,67,16,2,582.000000,719,0,0,50,150,0,50,16,8,8,0,16,8,8,8,0,0,0,0,0,34,0,34,34,34,0,0,0,0
1681,15000210,100,1,322.114849713815,425.000000000000,43.000000000000,2.480805975392,127f153654b0c14b,8d15af1f9d36efa1,8db493b44e897dab,200,146,73.000000,244.260274,242.292806,1.000000,3.700000,288.537017,4.920000,283.462189,3.589041,5.270992,0.000000,0.535461,0.751244,0.432900,0.247126,400,4464,4464,32.000000,0,0,16,16,84,84,4,0,604.000000,524,0,0,69,131,0,69,15,13,2,0,15,2,2,2,0,0,0,0,0,54,0,54,54,54,0,0,0,0
1682,15000211,100,1,271.601808205637,175.000000000000,59.000000000000,1.876328584975,dcec27023fc208e1,8d15af1f9d36efa1,dc7ba44f575e0d0b,200,193,96.500000,231.300518,248.504898,1.000000,3.500000,290.820815,5.200000,275.990202,3.445596,5.042105,0.000000,0.441646,0.724518,0.375587,0.123847,400,4248,4248,32.000000,0,0,16,16,45,45,4,0,526.000000,665,0,0,26,174,0,26,19,17,2,0,19,2,2,2,0,0,0,0,0,7,0,7,7,7,0,0,0,0
1683,15000212,100,1,468.126659989986,425.000000000000,50.000000000000,2.877013541356,eb8129317fed0cb6,8d15af1f9d36efa1,616811196fc8b4b4,200,159,79.500000,199.987421,200.867264,1.000000,2.900000,236.802319,4.571667,204.206582,2.660377,4.205674,0.000000,0.581602,0.746193,0.486027,0.269430,400,3896,3896,32.000000,0,0,16,16,71,71,14,0,588.000000,423,0,0,56,144,0,56,15,8,7,0,15,7,7,7,0,0,0,0,0,41,0,41,41,41,0,0,0,0
1684,15000213,100,1,461.673829446227,75.000000000000,60.000000000000,1.716863294044,e0a2bb463f182697,8d15af1f9d36efa1,b1520d50613a2e30,200,94,47.000000,257.712766,240.347039,1.000000,3.400000,280.705491,4.494048,282.847338,3.574468,4.428571,0.000000,0.673152,0.775785,0.543478,0.436242,400,3832,3832,32.000000,0,0,16,16,128,128,4,0,692.000000,336,0,0,117,83,0,117,11,9,2,0,11,2,2,2,0,0,0,0,0,106,0,106,106,106,0,0,0,0
1685,15000214,100,1,99.739185710741,75.000000000000,58.000000000000,1.934807437080,8cdbf0a33930d3a4,8d15af1f9d36efa1,c15fceba7dbb3a69,200,180,90.000000,238.411111,258.386737,1.000000,3.800000,316.143656,4.515833,281.906492,3.666667,4.315152,0.000000,0.457683,0.735799,0.377358,0.160305,400,3824,3824,31.000000,0,0,16,15,56,56,14,0,557.000000,660,0,0,38,162,0,38,18,11,7,0,18,7,7,7,0,0,0,0,0,20,0,20,20,20,0,0,0,0
1686,15000215,100,1,340.706399961022,425.000000000000,31.000000000000,2.803478495542,f5ee3903319ce4d5,8d15af1f9d36efa1,9103c2adbeb49971,200,138,69.000000,220.565217,209.007148,1.000000,3.100000,244.580997,5.053333,246.092486,3.210145,4.097065,0.000000,0.581681,0.754902,0.474496,0.293461,400,4240,4240,32.000000,0,0,16,16,88,88,8,0,616.000000,443,0,0,75,125,0,75,13,9,4,0,13,4,4,4,0,0,0,0,0,62,0,62,62,62,0,0,0,0
1687,15000216,100,1,428.051612419468,425.000000000000,43.000000000000,2.865594079839,ae5723ede8b813f5,8d15af1f9d36efa1,cc5dfc03c522370f,200,130,65.000000,227.323077,229.562957,1.000000,3.300000,274.723588,4.508333,245.080150,3.100000,4.235732,0.000000,0.614354,0.762470,0.498132,0.342577,400,3968,3968,32.000000,0,0,16,16,99,99,12,2,642.000000,403,0,0,84,116,0,84,14,8,6,0,14,6,6,6,0,0,0,0,0,70,0,70,70,70,0,0,0,0
1688,15000217,100,1,202.320491733694,175.000000000000,43.000000000000,2.451653113218,b1d586ee6ddb0502,8d15af1f9d36efa1,9a844800c55fdac2,200,200,100.000000,325.980000,338.656619,1.000000,4.700000,387.396535,5.087143,404.381068,5.000000,4.820000,0.000000,0.342105,0.722222,0.285714,0.080882,400,4040,4040,32.000000,0,0,16,16,40,40,8,0,520.000000,1000,0,0,20,180,0,20,20,16,4,0,20,4,4,4,0,0,0,0,0,0,0,0,0,0,0,0,0,0
1689,15000218,100,1,201.164507087456,425.000000000000,40.000000000000,1.945023098775,b4365986090f084a,8d15af1f9d36efa1,8a74a950dc6134d2,200,155,77.500000,238.812903,231.590606,1.000000,3.600000,280.715218,4.419048,277.183658,3.677419,4.275439,0.000000,0.507772,0.746193,0.412371,0.214876,400,4192,4192,32.000000,0,0,16,16,76,76,4,6,588.000000,570,0,0,59,141,0,59,14,12,2,0,14,2,2,2,0,0,0,0,0,45,0,45,45,45,0,0,0,0
1690,15000219,100,1,427.394492097540,75.000000000000,50.000000000000,2.870843219054,2870e8c97aba7117,8d15af1f9d36efa1,3f17bfa0b68366b7,200,163,81.500000,285.773006,263.228400,1.000000,3.900000,317.589299,4.071667,325.033590,4.067485,4.245852,0.000000,0.468324,0.744898,0.376294,0.186503,400,3664,3664,32.000000,0,0,16,16,70,70,12,6,584.000000,663,0,0,52,148,0,52,15,9,6,0,15,6,6,6,0,0,0,0,0,37,0,37,37,37,0,0,0,0
1691,15000220,100,1,264.122373849983,325.000000000000,52.000000000000,1.802085336410,9514b59f7f87b6e0,8d15af1f9d36efa1,77d9b3d2df8ac213,200,200,100.000000,257.510000,263.319228,1.000000,3.700000,302.965218,5.093333,300.523730,3.800000,4.219737,0.000000,0.409938,0.725275,0.344828,0.112150,400,4144,4144,32.000000,0,0,16,16,40,40,16,0,528.000000,760,0,0,20,180,0,20,20,12,8,0,20,8,8,8,0,0,0,0,0,0,0,0,0,0,0,0,0,0
1692,15000221,100,1,84.292340496194,325.000000000000,73.000000000000,2.560522414183,ea26beafb28e3aeb,8d15af1f9d36efa1,9b131000c5d933e0,200,146,73.000000,296.993151,286.110714,0.900000,3.500000,314.687725,4.776455,342.156343,4.335616,4.404423,0.000000,0.485366,0.749059,0.387222,0.207760,400,3872,3872,31.000000,0,0,16,15,78,78,10,20,597.000000,633,0,0,51,130,0,51,17,12,5,0,17,5,5,4,1,0,0,0,0,34,20,34,54,35,19,0,0,0
1693,15000222,100,1,122.952007043284,175.000000000000,69.000000000000,2.296340242119,2e38929e0e205eeb,8d15af1f9d36efa1,5be64b6d28f3ced2,200,193,96.500000,246.072539,239.929992,1.000000,3.700000,294.143874,4.471667,294.362498,3.782383,4.632877,0.000000,0.421553,0.726776,0.353982,0.120482,400,4128,4128,32.000000,0,0,16,16,48,48,4,2,532.000000,730,0,0,27,173,0,27,20,18,2,0,20,2,2,2,0,0,0,0,0,7,0,7,7,7,0,0,0,0
1694,15000223,100,1,193.274531689990,325.000000000000,61.000000000000,1.963302520037,5b3de82e3f610e74,8d15af1f9d36efa1,c6f4a684400d6e73,200,199,99.500000,321.743719,339.375218,1.000000,5.000000,411.754259,4.950595,415.334185,5.145729,4.387695,0.000000,0.336788,0.722222,0.280899,0.079137,400,4088,4088,32.000000,0,0,16,16,41,41,6,0,520.000000,1024,0,0,21,179,0,21,20,17,3,0,20,3,3,3,0,0,0,0,0,1,0,1,1,1,0,0,0,0
1695,15000224,100,1,50.109257641325,325.000000000000,87.000000000000,2.062293511523,fcf78dc74b537886,8d15af1f9d36efa1,9b5d8e00c6184274,200,192,96.000000,194.062500,202.395913,1.000000,2.900000,219.308056,4.805000,218.113875,2.906250,4.862007,0.000000,0.490876,0.728997,0.417537,0.159639,400,4016,4016,32.000000,0,0,16,16,49,49,8,2,538.000000,558,0,0,28,172,0,28,20,16,4,0,20,4,4,4,0,0,0,0,0,8,0,8,8,8,0,0,0,0
1696,15000225,100,1,247.212130909713,325.000000000000,57.000000000000,2.002751457940,df29d0106d4b1fc4,8d15af1f9d36efa1,b9666c5c86046ed5,200,193,96.500000,241.735751,246.117537,1.000000,3.500000,284.311117,5.813333,292.503272,3.720207,5.224234,0.000000,0.427432,0.728261,0.357782,0.126521,400,4576,4576,32.000000,0,0,16,16,50,50,4,10,536.000000,718,0,0,26,174,0,26,19,17,2,0,19,2,2,2,0,0,0,0,0,7,0,7,7,7,0,0,0,0
1697,15000226,100,1,95.880091617490,75.000000000000,47.000000000000,2.727260872921,c34a7a8cc7519212,8d15af1f9d36efa1,681b9d166eee7fe5,200,163,81.500000,235.190184,247.941301,1.000000,3.400000,270.597229,5.976190,258.037591,3.319018,5.432532,0.000000,0.520815,0.746193,0.425080,0.223816,400,4304,4304,32.000000,0,0,16,16,73,73,10,4,588.000000,541,0,0,54,146,0,54,17,12,5,0,17,5,5,5,0,0,0,0,0,37,0,37,37,37,0,0,0,0
1698,15000227,100,1,78.744612100070,325.000000000000,69.000000000000,2.577822514134,e04845316de4d84f,8d15af1f9d36efa1,797180c7f86d396,200,195,97.500000,257.702564,271.134513,1.000000,4.000000,307.462212,3.750000,306.170533,4.117949,3.711083,0.000000,0.400299,0.728261,0.332502,0.114664,400,3928,3928,32.000000,0,0,16,16,47,47,10,4,536.000000,803,0,0,25,175,0,25,20,15,5,0,20,5,5,5,0,0,0,0,0,5,0,5,5,5,0,0,0,0
1699,15000228,100,1,310.680034500339,75.000000000000,35.000000000000,2.627069241425,2641485f1b639a05,8d15af1f9d36efa1,77ca6450d16d7b6c,200,154,77.000000,254.103896,259.583825,1.000000,3.600000,292.184098,5.546667,293.313450,3.727273,4.764808,0.000000,0.510239,0.749373,0.410678,0.224324,400,4456,4456,32.000000,0,0,16,16,76,76,14,0,598.000000,574,0,0,61,139,0,61,15,8,7,0,15,7,7,7,0,0,0,0,0,46,0,46,46,46,0,0,0,0
1700,15000229,100,1,78.522182518466,425.000000000000,60.000000000000,2.529193096776,ba93dbddff5f5c37,8d15af1f9d36efa1,b2027704a853d9d6,200,168,84.000000,262.982143,264.236311,1.000000,4.000000,324.708806,5.349286,322.651367,3.958333,4.818045,0.000000,0.465004,0.742931,0.375587,0.180025,400,3912,3912,32.000000,0,0,16,16,68,68,10,4,578.000000,665,0,0,49,151,0,49,17,12,5,0,17,5,5,5,0,0,0,0,0,32,0,32,32,32,0,0,0,0
1701,15000230,100,1,169.027791545000,325.000000000000,49.000000000000,2.463427468863,d05342d3d9d9f404,8d15af1f9d36efa1,8b211d4fbaaf5ff4,200,179,89.500000,264.497207,297.118839,1.000000,4.100000,341.302122,4.432143,315.679690,3.944134,4.128895,0.000000,0.444094,0.738220,0.361664,0.157518,400,3768,3768,32.000000,0,0,16,16,63,63,6,16,564.000000,706,0,0,38,162,0,38,17,14,3,0,17,3,3,3,0,0,0,0,0,21,0,21,21,21,0,0,0,0
1702,15000231,100,1,328.226911178225,325.000000000000,52.000000000000,2.568534249274,a3eb7781f7313788,8d15af1f9d36efa1,9b6b5700c624225b,200,197,98.500000,196.588832,214.551130,1.000000,3.000000,236.832674,4.725000,226.894687,3.121827,4.386992,0.000000,0.460053,0.723757,0.394089,0.130127,400,4064,4064,32.000000,0,0,16,16,43,43,6,0,524.000000,615,0,0,23,177,0,23,20,17,3,0,20,3,3,3,0,0,0,0,0,3,0,3,3,3,0,0,0,0
1703,15000232,100,1,286.363461284377,325.000000000000,61.000000000000,1.748289610669,efa82993deccc630,8d15af1f9d36efa1,bde07e1bd3cb4951,200,186,93.000000,237.677419,246.207681,1.000000,3.500000,286.699040,5.238095,295.316312,3.903226,4.698347,0.000000,0.422893,0.726776,0.355240,0.121065,400,4432,4432,32.000000,0,0,16,16,50,50,0,0,532.000000,726,0,0,32,168,0,32,18,18,0,0,18,0,0,0,0,0,0,0,0,14,0,14,14,14,0,0,0,0
1704,15000233,100,1,299.749868503243,325.000000000000,64.000000000000,2.171630353922,ba24f615c55f3d45,8d15af1f9d36efa1,bc73b73d7595e786,200,186,93.000000,247.822581,280.642388,1.000000,3.800000,305.234237,4.798333,304.547364,3.784946,5.009943,0.000000,0.432258,0.728261,0.362319,0.128713,400,4152,4152,32.000000,0,0,16,16,50,50,4,0,536.000000,704,0,0,32,168,0,32,18,16,2,0,18,2,2,2,0,0,0,0,0,14,0,14,14,14,0,0,0,0
1705,15000234,100,1,484.308709847420,75.000000000000,70.000000000000,1.968452950791,674c24b0197d7d58,8d15af1f9d36efa1,4447978c06f7de8a,200,137,68.500000,229.627737,217.342692,1.000000,3.200000,251.343041,5.590000,251.108248,3.182482,4.694954,0.000000,0.591760,0.759615,0.478469,0.314465,400,4464,4464,32.000000,0,0,16,16,91,91,18,0,632.000000,436,0,0,77,123,0,77,14,5,9,0,14,9,9,9,0,0,0,0,0,63,0,63,63,63,0,0,0,0
1706,15000235,100,1,186.746391555959,75.000000000000,44.000000000000,2.005108052852,3b639cc6aa76c1ae,8d15af1f9d36efa1,a9b9936360a22d37,200,167,83.500000,284.131737,260.482740,1.000000,3.800000,312.128388,4.924524,345.374007,4.275449,4.271709,0.000000,0.446512,0.742268,0.359066,0.167832,400,4400,4400,32.000000,0,0,16,16,68,68,8,2,576.000000,714,0,0,50,150,0,50,17,13,4,0,17,4,4,4,0,0,0,0,0,33,0,33,33,33,0,0,0,0
1707,15000236,100,1,318.675969777923,75.000000000000,57.000000000000,2.357560879252,6e3770e8518cc423,8d15af1f9d36efa1,9b56f700c612d631,200,164,82.000000,186.207317,198.909076,1.000000,2.800000,225.893741,4.863333,214.618094,2.689024,4.780045,0.000000,0.562934,0.739583,0.475624,0.235702,400,4480,4480,32.000000,0,0,16,16,66,66,4,0,568.000000,441,0,0,51,149,0,51,15,13,2,0,15,2,2,2,0,0,0,0,0,36,0,36,36,36,0,0,0,0
1708,15000237,100,1,438.320281166887,425.000000000000,67.000000000000,1.599151731947,73326b949bbd1f31,8d15af1f9d36efa1,71b5eab043a1749b,200,149,74.500000,212.738255,229.445240,1.000000,3.300000,261.308140,4.975000,238.955249,3.053691,4.982418,0.000000,0.572770,0.753086,0.467836,0.281201,400,3976,3976,32.000000,0,0,16,16,87,87,4,0,610.000000,455,0,0,69,131,0,69,18,16,2,0,18,2,2,2,0,0,0,0,0,51,0,51,51,51,0,0,0,0
1709,15000238,100,1,119.264993572017,425.000000000000,42.000000000000,2.441462594371,fc39414a058548db,8d15af1f9d36efa1,b781057adc653525,200,176,88.000000,202.465909,203.348156,1.000000,2.700000,220.416333,5.305000,228.301200,3.005682,4.650284,0.000000,0.512442,0.735450,0.430571,0.189893,400,4240,4240,32.000000,0,0,16,16,58,58,8,0,556.000000,529,0,0,41,159,0,41,17,13,4,0,17,4,4,4,0,0,0,0,0,24,0,24,24,24,0,0,0,0
1710,15000239,100,1,413.243440676352,425.000000000000,59.000000000000,2.480673178518,b5b0efd9dc5cbe45,8d15af1f9d36efa1,ab344150ee63b2a9,200,132,66.000000,234.037879,227.434202,1.000000,3.200000,249.151778,4.403333,249.858090,3.446970,4.276923,0.000000,0.585232,0.762470,0.467836,0.315789,400,3720,3720,32.000000,0,0,16,16,98,98,14,0,642.000000,455,0,0,83,117,0,83,15,8,7,0,15,7,7,7,0,0,0,0,0,68,0,68,68,68,0,0,0,0
1711,15000240,100,1,42.102983431352,325.000000000000,71.000000000000,2.831252728822,df7ede62a52190cd,8d15af1f9d36efa1,74cd15fd41c69739,200,184,92.000000,277.418478,289.410179,1.000000,4.000000,333.684541,5.271667,338.477748,4.179348,4.827048,0.000000,0.416097,0.732620,0.342173,0.131073,400,4040,4040,32.000000,0,0,16,16,54,54,8,0,548.000000,769,0,0,35,165,0,35,19,15,4,0,19,4,4,4,0,0,0,0,0,16,0,16,16,16,0,0,0,0
1712,15000241,100,1,166.000447087053,175.000000000000,59.000000000000,2.014900221864,19c2019e675068ce,8d15af1f9d36efa1,9b8d4e00c640f976,200,200,100.000000,253.245000,265.763782,1.000000,3.800000,297.005024,4.610000,305.738591,3.900000,4.964103,0.000000,0.397218,0.719888,0.338983,0.095128,400,4224,4224,32.000000,0,0,16,16,41,41,0,2,514.000000,780,0,0,20,180,0,20,20,20,0,0,20,0,0,0,0,0,0,0,0,0,0,0,0,0,0,0,0,0
1713,15000242,100,1,355.476482191697,425.000000000000,33.000000000000,2.513428638019,9e916ff5c6a110d9,8d15af1f9d36efa1,4fd6936526b61e25,200,193,96.500000,253.404145,246.465589,1.000000,3.800000,301.977321,4.705000,297.266713,3.792746,4.528689,0.000000,0.421801,0.727520,0.353357,0.122302,400,4616,4616,32.000000,0,0,16,16,45,45,12,0,534.000000,732,0,0,26,174,0,26,19,13,6,0,19,6,6,6,0,0,0,0,0,7,0,7,7,7,0,0,0,0
1714,15000243,100,1,99.810100902104,75.000000000000,46.000000000000,2.550214367744,449d984c81f0ee42,8d15af1f9d36efa1,9ad5a100c5a4c925,200,157,78.500000,271.872611,281.914243,1.000000,3.900000,311.835543,5.490476,311.962078,3.955414,4.772947,0.000000,0.488889,0.748111,0.391773,0.206897,400,4128,4128,32.000000,0,0,16,16,76,76,10,2,594.000000,621,0,0,59,141,0,59,16,11,5,0,16,5,5,5,0,0,0,0,0,43,0,43,43,43,0,0,0,0
1715,15000244,100,1,52.028215488292,325.000000000000,91.000000000000,1.638609546519,ce5c975bb32b5dd6,8d15af1f9d36efa1,c123a703e5166615,200,179,89.500000,233.424581,246.483080,1.000000,3.500000,279.068501,5.667619,266.696556,3.318436,5.329966,0.000000,0.484375,0.736148,0.402414,0.175000,400,4416,4416,32.000000,0,0,16,16,59,59,8,4,558.000000,594,0,0,39,161,0,39,18,14,4,0,18,4,4,4,0,0,0,0,0,21,0,21,21,21,0,0,0,0
1716,15000245,100,1,308.620183749836,425.000000000000,49.000000000000,1.825486590364,be754cd91a58c827,8d15af1f9d36efa1,2266ef4f7f253e45,200,125,62.500000,211.312000,240.447369,1.000000,3.400000,280.508345,4.858333,239.799511,3.112000,4.745501,0.000000,0.622696,0.762470,0.506971,0.350584,400,4264,4264,32.000000,0,0,16,16,100,100,10,6,642.000000,389,0,0,86,114,0,86,11,6,5,0,11,5,5,5,0,0,0,0,0,75,0,75,75,75,0,0,0,0
1717,15000246,100,1,469.120622195841,175.000000000000,80.000000000000,2.204551719548,8249a559b9e02db2,8d15af1f9d36efa1,30526d99728320bd,200,177,88.500000,279.033898,302.254064,1.000000,4.300000,337.370557,4.513333,331.441605,4.435028,4.366879,0.000000,0.418087,0.738220,0.337553,0.143948,400,3688,3688,32.000000,0,0,16,16,61,61,10,0,564.000000,785,0,0,42,158,0,42,19,14,5,0,19,5,5,5,0,0,0,0,0,23,0,23,23,23,0,0,0,0
1718,15000247,100,1,43.349179598435,75.000000000000,58.000000000000,2.451134131838,e1afefaf32aed41b,8d15af1f9d36efa1,5ba4ba6d0e21d25a,200,162,81.000000,245.820988,230.173582,1.000000,3.300000,256.766011,5.185000,275.191270,3.629630,4.127551,0.000000,0.499148,0.745547,0.404858,0.207547,400,4120,4120,32.000000,0,0,16,16,68,68,18,0,586.000000,588,0,0,53,147,0,53,15,6,9,0,15,9,9,9,0,0,0,0,0,38,0,38,38,38,0,0,0,0
1719,15000248,100,1,81.777825806426,425.000000000000,58.000000000000,2.372830618089,8916b652f30e4256,8d15af1f9d36efa1,31c4b1949a1f819e,200,150,75.000000,277.113333,292.429507,1.000000,4.000000,330.811574,4.504048,323.341202,4.026667,4.387417,0.000000,0.501650,0.752475,0.398406,0.225641,400,4072,4072,32.000000,0,0,16,16,80,80,16,0,608.000000,604,0,0,65,135,0,65,15,7,8,0,15,8,8,8,0,0,0,0,0,50,0,50,50,50,0,0,0,0
1720,15000249,100,1,432.437429488836,175.000000000000,89.000000000000,2.060638328086,b5345705d6f21050,8d15af1f9d36efa1,310df79b5656919e,200,167,83.500000,235.209581,258.478768,1.000000,3.600000,292.300867,5.700000,273.726755,3.497006,5.446918,0.000000,0.495682,0.741602,0.406504,0.195592,400,4520,4520,32.000000,0,0,16,16,68,68,6,2,574.000000,584,0,0,50,150,0,50,17,14,3,0,17,3,3,3,0,0,0,0,0,33,0,33,33,33,0,0,0,0
1721,15000250,100,1,335.777072925828,175.000000000000,52.000000000000,2.630791639282,40a2a66fb034c7a,8d15af1f9d36efa1,c33165b912e48163,200,193,96.500000,239.217617,259.822812,1.000000,3.800000,298.623599,5.046667,289.741231,3.823834,5.012195,0.000000,0.415214,0.723757,0.351494,0.110843,400,4240,4240,32.000000,0,0,16,16,44,44,4,2,524.000000,738,0,0,26,174,2,24,17,15,2,0,17,2,2,2,0,0,0,0,0,7,0,7,7,7,0,0,0,0
1722,15000251,100,1,163.794890505443,175.000000000000,58.000000000000,2.351016488590,41b49b7c6ed54bca,8d15af1f9d36efa1,c0fb6651e762e19f,200,200,100.000000,224.885000,230.652064,1.000000,3.400000,277.410939,4.510000,278.405761,3.500000,4.200000,0.000000,0.422442,0.719101,0.363636,0.102564,400,4688,4688,32.000000,0,0,16,16,40,40,0,0,512.000000,700,0,0,20,180,0,20,20,20,0,0,20,0,0,0,0,0,0,0,0,0,0,0,0,0,0,0,0,0
1723,15000252,100,1,401.748591772408,75.000000000000,62.000000000000,2.406076266393,fa56e770b061a966,8d15af1f9d36efa1,44b38889263eb610,200,163,81.500000,250.920245,298.005546,1.000000,4.100000,338.664142,5.606667,312.631424,4.024540,4.669207,0.000000,0.467532,0.742268,0.378788,0.180000,400,4048,4048,32.000000,0,0,16,16,72,72,0,2,576.000000,656,0,0,54,146,0,54,17,17,0,0,17,0,0,0,0,0,0,0,0,37,0,37,37,37,0,0,0,0
1724,15000253,100,1,276.941536199124,175.000000000000,59.000000000000,1.863591187997,bd88e99d3edd7be3,8d15af1f9d36efa1,9b057500c5cda223,200,200,100.000000,233.215000,236.399066,1.000000,3.400000,271.540231,4.888333,278.308535,3.400000,5.029412,0.000000,0.432387,0.721448,0.370370,0.112272,400,4312,4312,32.000000,0,0,16,16,41,41,4,2,518.000000,680,0,0,20,180,0,20,20,18,2,0,20,2,2,2,0,0,0,0,0,0,0,0,0,0,0,0,0,0
1725,15000254,100,1,32.967354329861,325.000000000000,80.000000000000,2.501764340784,a8fae44c902980d,8d15af1f9d36efa1,d4fe92b24fc11d5,200,192,96.000000,323.630208,321.309813,1.000000,4.700000,373.637587,4.851429,379.492593,4.838542,4.735199,0.000000,0.374411,0.735450,0.300978,0.117759,400,4008,4008,32.000000,0,0,16,16,52,52,20,8,556.000000,929,0,0,28,172,0,28,20,10,10,0,20,10,10,10,0,0,0,0,0,8,0,8,8,8,0,0,0,0
1726,15000255,100,1,336.228597656653,175.000000000000,54.000000000000,2.381742244035,1fb3bb92d8589a3,8d15af1f9d36efa1,e4b20b507e2848fb,200,200,100.000000,251.875000,276.122317,1.000000,3.800000,313.127227,5.671190,305.020943,3.800000,5.436842,0.000000,0.403454,0.719888,0.344828,0.097387,400,4344,4344,32.000000,0,0,16,16,41,41,0,2,514.000000,760,0,0,20,180,0,20,20,20,0,0,20,0,0,0,0,0,0,0,0,0,0,0,0,0,0,0,0,0
1727,15000256,100,1,265.602092256585,325.000000000000,63.000000000000,1.645864733417,defcb34bcedcdb03,8d15af1f9d36efa1,6f3056ecf1276dfd,200,200,100.000000,302.730000,311.317649,1.000000,4.500000,369.043608,5.476429,375.104572,4.700000,4.425532,0.000000,0.353508,0.719888,0.298507,0.080235,400,4088,4088,32.000000,0,0,16,16,41,41,0,2,514.000000,940,0,0,20,180,0,20,20,20,0,0,20,0,0,0,0,0,0,0,0,0,0,0,0,0,0,0,0,0
1728,15000257,100,1,464.778865515524,325.000000000000,72.000000000000,2.879758357085,cae31e03df0c5349,8d15af1f9d36efa1,25fe3de5bca39c9e,200,188,94.000000,240.430851,249.529905,1.000000,3.600000,277.744802,5.049762,285.881840,3.664894,4.719884,0.000000,0.439382,0.729730,0.367309,0.135508,400,4104,4104,32.000000,0,0,16,16,50,50,8,0,540.000000,689,0,0,31,169,0,31,19,15,4,0,19,4,4,4,0,0,0,0,0,12,0,12,12,12,0,0,0,0
1729,15000258,100,1,111.506137951150,325.000000000000,79.000000000000,2.061993640482,6a18c3d4572bed54,8d15af1f9d36efa1,a00cc7505775e646,200,194,97.000000,232.958763,239.021610,1.000000,3.400000,261.972775,5.549762,286.210023,3.613402,4.848787,0.000000,0.427755,0.723757,0.363306,0.116015,400,4368,4368,32.000000,0,0,16,16,46,46,0,0,524.000000,701,0,0,26,174,0,26,20,20,0,0,20,0,0,0,0,0,0,0,0,6,0,6,6,6,0,0,0,0
1730,15000259,100,1,412.765171246686,75.000000000000,60.000000000000,2.058434227714,3430f3e6d86acf64,8d15af1f9d36efa1,9aa2bc00c5799d6d,200,101,50.500000,257.752475,279.689756,1.000000,4.000000,324.423688,4.796667,304.021709,3.950495,4.182957,0.000000,0.630897,0.773243,0.500626,0.385208,400,4016,4016,32.000000,0,0,16,16,123,123,4,0,682.000000,399,0,0,111,89,0,111,12,10,2,0,12,2,2,2,0,0,0,0,0,99,0,99,99,99,0,0,0,0
1731,15000260,100,1,374.394386482437,75.000000000000,58.000000000000,2.223586609171,40d8a6ca9a6fb075,8d15af1f9d36efa1,35c8685642db3f3b,200,136,68.000000,209.110294,234.039912,1.000000,3.200000,252.091270,6.091667,251.990372,3.294118,4.991071,0.000000,0.579737,0.755501,0.471698,0.293375,400,5040,5040,32.000000,0,0,16,16,93,93,0,2,618.000000,448,0,0,78,122,0,78,14,14,0,0,14,0,0,0,0,0,0,0,0,64,0,64,64,64,0,0,0,0
1732,15000261,100,1,351.121066267524,175.000000000000,74.000000000000,1.984166961419,15f008cf0e9969f3,8d15af1f9d36efa1,40dacea8609d6dbc,200,200,100.000000,242.710000,238.629052,1.000000,3.600000,295.213905,5.293333,289.854169,3.600000,4.398611,0.000000,0.415584,0.719101,0.357143,0.100000,400,4152,4152,32.000000,0,0,16,16,40,40,0,0,512.000000,720,0,0,20,180,0,20,20,20,0,0,20,0,0,0,0,0,0,0,0,0,0,0,0,0,0,0,0,0
1733,15000262,100,1,463.470989939242,75.000000000000,71.000000000000,2.556120070759,add1716ef3204933,8d15af1f9d36efa1,2aa1fc1942618e2b,200,161,80.500000,341.012422,329.660136,1.000000,4.800000,398.088539,4.993810,391.242754,4.981366,4.627182,0.000000,0.431206,0.752475,0.332779,0.179959,400,4208,4208,32.000000,0,0,16,16,75,75,26,0,608.000000,802,0,0,57,143,0,57,18,5,13,0,18,13,13,13,0,0,0,0,0,39,0,39,39,39,0,0,0,0
1734,15000263,100,1,291.283466608576,75.000000000000,47.000000000000,1.988040061201,f56c5e5bb5d44a73,8d15af1f9d36efa1,a87da8296b35e4b5,200,162,81.000000,225.358025,244.760666,1.000000,3.500000,284.783687,4.926667,258.428786,3.438272,4.317774,0.000000,0.507515,0.741602,0.417973,0.203147,400,3920,3920,32.000000,0,0,16,16,70,70,2,0,574.000000,557,0,0,54,146,0,54,16,15,1,0,16,1,1,1,0,0,0,0,0,38,0,38,38,38,0,0,0,0
1735,15000264,100,1,338.392616284272,75.000000000000,54.000000000000,1.913838094602,dd87a81b14a0b625,8d15af1f9d36efa1,5c5bc7afdb2a0e67,200,150,75.000000,228.826667,224.813660,1.000000,3.400000,278.034490,5.283333,250.172627,3.393333,4.858546,0.000000,0.541854,0.750623,0.440044,0.250368,400,4240,4240,32.000000,0,0,16,16,80,80,10,0,602.000000,509,0,0,65,135,0,65,15,10,5,0,15,5,5,5,0,0,0,0,0,50,0,50,50,50,0,0,0,0
1736,15000265,100,1,238.593099958404,75.000000000000,34.000000000000,1.859595341724,54759892bec2bad8,8d15af1f9d36efa1,f0f445b2b738b588,200,139,69.500000,260.151079,236.073982,1.000000,4.500000,369.197014,4.781667,312.996716,3.798561,4.861742,0.000000,0.536028,0.753086,0.431034,0.252125,400,4304,4304,32.000000,0,0,16,16,87,87,4,0,610.000000,528,0,0,74,126,0,74,13,11,2,0,13,2,2,2,0,0,0,0,0,61,0,61,61,61,0,0,0,0
1737,15000266,100,1,449.360090570932,325.000000000000,79.000000000000,2.554470701208,f9c7a5cd58cd3b5d,8d15af1f9d36efa1,7780229ed14059a8,200,195,97.500000,236.564103,242.176992,1.000000,3.200000,271.347753,6.525000,279.334121,3.328205,5.942989,0.000000,0.448598,0.725275,0.381316,0.128859,400,4456,4456,32.000000,0,0,16,16,45,45,6,0,528.000000,649,0,0,25,175,0,25,20,17,3,0,20,3,3,3,0,0,0,0,0,5,0,5,5,5,0,0,0,0
1738,15000267,100,1,52.030478639581,175.000000000000,82.000000000000,2.433011133248,d6a3fe75e102a550,8d15af1f9d36efa1,5d400ab6d71f31f7,200,181,90.500000,292.751381,289.705570,1.000000,4.100000,311.824946,6.081190,367.028157,4.419890,5.230000,0.000000,0.407407,0.733333,0.333333,0.128540,400,4304,4304,32.000000,0,0,16,16,55,55,8,0,550.000000,800,0,0,37,163,0,37,18,14,4,0,18,4,4,4,0,0,0,0,0,19,0,19,19,19,0,0,0,0
1739,15000268,100,1,342.862499460819,325.000000000000,73.000000000000,2.029682776356,a545ff17930faa76,8d15af1f9d36efa1,c32407474d69b0e7,200,200,100.000000,297.755000,324.407572,1.000000,4.700000,373.300253,4.861429,375.829781,4.700000,4.872340,0.000000,0.353508,0.719888,0.298507,0.080235,400,4576,4576,32.000000,0,0,16,16,40,40,2,0,514.000000,940,0,0,20,180,0,20,20,19,1,0,20,1,1,1,0,0,0,0,0,0,0,0,0,0,0,0,0,0
1740,15000269,100,1,22.406356717972,175.000000000000,84.000000000000,1.636588622715,b971c03077b2598d,8d15af1f9d36efa1,68521f6f081d4207,200,165,82.500000,246.630303,247.855531,1.000000,3.400000,273.159688,5.360000,282.989405,3.606061,5.095798,0.000000,0.491887,0.742268,0.402010,0.194858,400,4008,4008,32.000000,0,0,16,16,65,65,14,0,576.000000,595,0,0,50,150,0,50,15,8,7,0,15,7,7,7,0,0,0,0,0,35,0,35,35,35,0,0,0,0
1741,15000270,100,1,246.186151715976,75.000000000000,54.000000000000,1.956721855324,e001420b6ccddc8e,8d15af1f9d36efa1,9ae3a100c5b10681,200,153,76.500000,178.653595,219.835233,1.000000,3.000000,246.117522,6.500000,215.749704,2.601307,6.339196,0.000000,0.595528,0.745547,0.501253,0.278986,400,4352,4352,32.000000,0,0,16,16,77,77,0,0,586.000000,398,0,0,62,138,0,62,15,15,0,0,15,0,0,0,0,0,0,0,0,47,0,47,47,47,0,0,0,0
1742,15000271,100,1,8.258284203355,75.000000000000,63.000000000000,2.451915290216,cade20eff07ef1d3,8d15af1f9d36efa1,7e3462826924c43f,200,148,74.000000,233.621622,260.834340,1.000000,3.600000,294.841791,4.678333,252.601611,3.229730,4.625523,0.000000,0.562271,0.754300,0.455581,0.275758,400,4016,4016,32.000000,0,0,16,16,84,84,14,0,614.000000,478,0,0,68,132,0,68,16,9,7,0,16,7,7,7,0,0,0,0,0,52,0,52,52,52,0,0,0,0
1743,15000272,100,1,91.765486005141,325.000000000000,79.000000000000,1.874851828926,44e243b889ed2658,8d15af1f9d36efa1,60b96e18d950cf74,200,182,91.000000,174.027473,173.665969,1.000000,2.400000,195.823911,5.016667,186.049475,2.390110,4.685057,0.000000,0.560162,0.734748,0.479042,0.219031,400,3920,3920,32.000000,0,0,16,16,58,58,6,0,554.000000,435,0,0,38,162,0,38,20,17,3,0,20,3,3,3,0,0,0,0,0,18,0,18,18,18,0,0,0,0
1744,15000273,100,1,218.781377246913,325.000000000000,53.000000000000,1.817868860439,701c1f6cbdabb51f,8d15af1f9d36efa1,fad2394ff9b0af37,200,179,89.500000,252.608939,285.488753,1.000000,3.900000,318.676347,4.700000,320.950086,4.000000,4.445531,0.000000,0.433544,0.732620,0.358423,0.139423,400,3856,3856,32.000000,0,0,16,16,55,55,6,0,548.000000,716,0,0,38,162,0,38,17,14,3,0,17,3,3,3,0,0,0,0,0,21,0,21,21,21,0,0,0,0
1745,15000274,100,1,8.881252943873,425.000000000000,63.000000000000,2.198930560080,cba4975cb11d87d1,8d15af1f9d36efa1,9b502300c60d0247,200,173,86.500000,221.404624,200.270427,1.000000,2.800000,218.477440,4.370238,238.408861,3.080925,3.746717,0.000000,0.515895,0.739583,0.428725,0.203288,400,3816,3816,32.000000,0,0,16,16,63,63,10,0,568.000000,533,0,0,45,155,0,45,18,13,5,0,18,5,5,5,0,0,0,0,0,27,0,27,27,27,0,0,0,0
1746,15000275,100,1,274.158873479980,75.000000000000,56.000000000000,2.079763765682,e01b7caf9000ec8,8d15af1f9d36efa1,4a81ca65b48ad844,200,154,77.000000,252.201299,282.595772,1.000000,4.200000,344.769504,5.193214,297.962782,3.811688,4.708688,0.000000,0.500426,0.746193,0.405268,0.209960,400,4392,4392,32.000000,0,0,16,16,76,76,4,0,588.000000,587,0,0,61,139,0,61,15,13,2,0,15,2,2,2,0,0,0,0,0,46,0,46,46,46,0,0,0,0
1747,15000276,100,1,46.910660890109,325.000000000000,78.000000000000,2.642191846049,14a232cd58ede651,8d15af1f9d36efa1,4ffa359bef1a0d6a,200,192,96.000000,236.322917,195.174570,1.000000,3.000000,238.764129,5.175000,253.911455,3.192708,4.861338,0.000000,0.471096,0.731903,0.394867,0.156809,400,4544,4544,32.000000,0,0,16,16,50,50,14,4,546.000000,613,0,0,28,172,0,28,20,13,7,0,20,7,7,7,0,0,0,0,0,8,0,8,8,8,0,0,0,0
1748,15000277,100,1,130.772553773917,325.000000000000,63.000000000000,2.356249294531,319ed8d763ece4c1,8d15af1f9d36efa1,faadad0cb6814be8,200,200,100.000000,182.635000,186.251394,1.000000,2.700000,204.316761,4.640000,204.020975,2.700000,4.592593,0.000000,0.488636,0.720670,0.425532,0.134615,400,3904,3904,32.000000,0,0,16,16,40,40,4,0,516.000000,540,0,0,20,180,0,20,20,18,2,0,20,2,2,2,0,0,0,0,0,0,0,0,0,0,0,0,0,0
1749,15000278,100,1,435.246639631493,75.000000000000,65.000000000000,1.745922335290,f608130814079519,8d15af1f9d36efa1,361fe6cd1176df0a,200,187,93.500000,324.074866,328.767182,1.000000,4.800000,392.611407,4.983333,393.689630,4.882353,4.364732,0.000000,0.375086,0.732620,0.304646,0.112731,400,4608,4608,32.000000,0,0,16,16,52,52,12,2,548.000000,913,0,0,32,168,0,32,19,13,6,0,19,6,6,6,0,0,0,0,0,13,0,13,13,13,0,0,0,0
1750,15000279,100,1,129.367976308314,425.000000000000,56.000000000000,1.885889865875,83dbaf5af4fecc96,8d15af1f9d36efa1,1f828ea7e70830b9,200,172,86.000000,261.755814,270.834743,1.000000,3.900000,310.139024,5.341190,316.318978,4.005814,4.670537,0.000000,0.454473,0.741602,0.367309,0.170878,400,3832,3832,32.000000,0,0,16,16,67,67,8,14,574.000000,689,0,0,44,156,0,44,16,12,4,0,16,4,4,4,0,0,0,0,0,28,0,28,28,28,0,0,0,0
1751,15000280,100,1,407.354003041041,325.000000000000,72.000000000000,2.582450765359,36e916b19332094,8d15af1f9d36efa1,f261d80568130d4e,200,193,96.500000,285.093264,271.107390,1.000000,4.100000,323.139983,4.846190,347.379238,4.430052,4.778947,0.000000,0.382671,0.726027,0.318725,0.102833,400,4480,4480,32.000000,0,0,16,16,47,47,4,0,530.000000,855,0,0,27,173,0,27,20,18,2,0,20,2,2,2,0,0,0,0,0,7,0,7,7,7,0,0,0,0
1752,15000281,100,1,118.055594812960,425.000000000000,34.000000000000,2.783330013204,77006fe990280d69,8d15af1f9d36efa1,caeb134339b6ca4b,200,173,86.500000,300.023121,289.661959,1.000000,4.300000,327.745189,4.922381,366.881261,4.421965,5.420915,0.000000,0.423512,0.737533,0.343348,0.145251,400,4344,4344,32.000000,0,0,16,16,61,61,8,0,562.000000,765,0,0,44,156,0,44,17,13,4,0,17,4,4,4,0,0,0,0,0,27,0,27,27,27,0,0,0,0
1753,15000282,100,1,430.339412659528,425.000000000000,55.000000000000,2.018102212573,2970218a802be846,8d15af1f9d36efa1,4b3ed7d7898a8d92,200,131,65.500000,254.221374,258.332877,1.000000,3.600000,283.153365,5.263333,272.539261,3.503817,4.538126,0.000000,0.589812,0.767442,0.465658,0.331878,400,4200,4200,32.000000,0,0,16,16,110,110,8,26,660.000000,459,0,0,83,117,0,83,14,10,4,0,14,4,4,4,0,0,0,0,0,69,0,69,69,69,0,0,0,0
1754,15000283,100,1,67.812232709344,175.000000000000,77.000000000000,2.506734863267,66106c99e9bcc847,8d15af1f9d36efa1,a67ea25c76e8f34c,200,190,95.000000,203.826316,200.960604,1.000000,2.800000,227.127621,4.875000,218.333885,2.800000,4.411654,0.000000,0.505576,0.731183,0.429185,0.173913,400,4424,4424,32.000000,0,0,16,16,53,53,6,6,544.000000,532,0,0,30,170,0,30,20,17,3,0,20,3,3,3,0,0,0,0,0,10,0,10,10,10,0,0,0,0
1755,15000284,100,1,3.385649344489,425.000000000000,60.000000000000,2.173162335340,fcab5e19926a116a,8d15af1f9d36efa1,52a92f42f5e33e67,200,176,88.000000,267.926136,255.518284,1.000000,3.900000,319.786660,4.155238,311.175118,3.909091,3.808140,0.000000,0.450918,0.738562,0.367647,0.163017,400,3672,3672,31.000000,0,0,16,15,60,60,14,0,565.000000,688,0,0,42,158,0,42,18,11,7,0,18,7,7,7,0,0,0,0,0,24,0,24,24,24,0,0,0,0
1756,15000285,100,1,476.488504448841,175.000000000000,82.000000000000,2.466089359444,a5a8d37d042f7187,8d15af1f9d36efa1,a63d99e2ee7009f3,200,155,77.500000,286.425806,292.273052,1.000000,4.300000,336.689755,4.747262,342.168380,4.458065,4.334298,0.000000,0.470498,0.754300,0.366636,0.208477,400,3776,3776,32.000000,0,0,16,16,85,85,12,16,614.000000,691,0,0,61,139,0,61,16,10,6,0,16,6,6,6,0,0,0,0,0,45,0,45,45,45,0,0,0,0
1757,15000286,100,1,342.836649710461,175.000000000000,76.000000000000,1.968123763645,39341ab79ad289b6,8d15af1f9d36efa1,980f984f30dbcec5,200,198,99.000000,219.368687,231.904393,1.000000,3.100000,253.991103,6.423333,257.989343,3.101010,5.669381,0.000000,0.458554,0.722222,0.394477,0.125356,400,4648,4648,32.000000,0,0,16,16,42,42,4,0,520.000000,614,0,0,22,178,0,22,20,18,2,0,20,2,2,2,0,0,0,0,0,2,0,2,2,2,0,0,0,0
1758,15000287,100,1,288.435551200657,75.000000000000,46.000000000000,1.760426150046,92e72724799c43b0,8d15af1f9d36efa1,846ef9129b82f1f9,200,186,93.000000,262.231183,271.222195,1.000000,3.700000,291.546008,5.286667,321.990648,3.860215,4.774373,0.000000,0.427888,0.728630,0.357782,0.128641,400,4136,4136,31.000000,0,0,16,15,50,50,6,0,537.000000,718,0,0,32,168,0,32,18,15,3,0,18,3,3,3,0,0,0,0,0,14,0,14,14,14,0,0,0,0
1759,15000288,100,1,294.529880843782,325.000000000000,50.000000000000,1.603725716177,b6d367c7f16e97b8,8d15af1f9d36efa1,e1b25f4febb3da62,200,127,63.500000,233.275591,232.380852,1.000000,3.100000,256.776801,4.480000,283.601314,3.480315,4.429864,0.000000,0.588454,0.759615,0.475059,0.311526,400,3912,3912,32.000000,0,0,16,16,99,99,2,4,632.000000,442,0,0,85,115,0,85,12,11,1,0,12,1,1,1,0,0,0,0,0,73,0,73,73,73,0,0,0,0
1760,15000289,100,1,31.806681511402,75.000000000000,59.000000000000,1.998142360092,2415765bfc4116dd,8d15af1f9d36efa1,c61f8bc21e684776,200,121,60.500000,236.719008,236.278130,1.000000,3.400000,267.602107,4.709762,258.315849,3.330579,4.240695,0.000000,0.618009,0.765258,0.498132,0.353130,400,4184,4184,32.000000,0,0,16,16,105,105,10,0,652.000000,403,0,0,92,108,0,92,13,8,5,0,13,5,5,5,0,0,0,0,0,79,0,79,79,79,0,0,0,0
1761,15000290,100,1,495.237848525628,75.000000000000,56.000000000000,2.568101844483,9736c0acba33e59c,8d15af1f9d36efa1,9b791d00c62ffd29,200,126,63.000000,304.571429,275.464767,1.000000,4.000000,311.378804,3.870000,324.273027,4.261905,4.029795,0.000000,0.550251,0.766628,0.426894,0.296199,400,4288,4288,31.000000,0,0,16,15,105,105,16,2,657.000000,537,0,0,89,111,0,89,15,7,8,0,15,8,8,8,0,0,0,0,0,74,0,74,74,74,0,0,0,0
1762,15000291,100,1,149.444030677810,75.000000000000,56.000000000000,1.846175639603,ed4ef02fa3f7cc8c,8d15af1f9d36efa1,1d5072f28b9c06ce,200,165,82.500000,244.133333,231.617529,1.000000,3.600000,269.352966,4.647619,275.430878,3.636364,4.561667,0.000000,0.491525,0.743590,0.400000,0.197861,400,4096,4096,32.000000,0,0,16,16,69,69,10,0,580.000000,600,0,0,52,148,0,52,17,12,5,0,17,5,5,5,0,0,0,0,0,35,0,35,35,35,0,0,0,0
1763,15000292,100,1,372.275186725398,175.000000000000,62.000000000000,2.343279790904,456cee16c85e4f6d,8d15af1f9d36efa1,c5bb5c7a64112a8,200,199,99.500000,282.120603,299.800040,1.000000,4.400000,335.970144,5.438571,346.078393,4.417085,4.965870,0.000000,0.370795,0.721448,0.312744,0.089119,400,4072,4072,32.000000,0,0,16,16,41,41,4,0,518.000000,879,0,0,21,179,0,21,20,18,2,0,20,2,2,2,0,0,0,0,0,1,0,1,1,1,0,0,0,0
1764,15000293,100,1,440.589220453145,75.000000000000,66.000000000000,2.266440395695,6f46dc07ba0da1fc,8d15af1f9d36efa1,67a26c50c89b7598,200,177,88.500000,268.559322,273.821937,1.000000,4.300000,329.141277,4.400000,314.660677,4.039548,4.158042,0.000000,0.439216,0.736842,0.358744,0.151839,400,4312,4312,32.000000,0,0,16,16,58,58,12,2,560.000000,715,0,0,40,160,0,40,17,11,6,0,17,6,6,6,0,0,0,0,0,23,0,23,23,23,0,0,0,0
1765,15000294,100,1,287.943507994341,325.000000000000,64.000000000000,1.531558613740,f3b7349f2488f3af,8d15af1f9d36efa1,5ed3b350c393f156,200,200,100.000000,187.825000,194.035059,1.000000,2.600000,210.065607,5.561667,217.503870,2.770000,5.276173,0.000000,0.480300,0.719101,0.419287,0.126183,400,4192,4192,32.000000,0,0,16,16,40,40,0,0,512.000000,554,0,0,20,180,0,20,20,20,0,0,20,0,0,0,0,0,0,0,0,0,0,0,0,0,0,0,0,0
1766,15000295,100,1,254.434391503474,425.000000000000,48.000000000000,1.509303562225,cae9f31c732bd511,8d15af1f9d36efa1,605651fd8065771d,200,175,87.500000,266.554286,268.668421,1.000000,4.000000,319.263215,4.075000,316.144737,3.937143,4.161103,0.000000,0.449241,0.737533,0.367309,0.158730,400,3880,3880,32.000000,0,0,16,16,59,59,12,0,562.000000,689,0,0,42,158,0,42,17,11,6,0,17,6,6,6,0,0,0,0,0,25,0,25,25,25,0,0,0,0
1767,15000296,100,1,382.165192987751,425.000000000000,63.000000000000,1.606027504996,eb7284f7f104b5f1,8d15af1f9d36efa1,2d9bdfca213c89b8,200,164,82.000000,205.256098,195.279917,1.000000,2.900000,220.382872,4.363333,226.897296,3.079268,4.281188,0.000000,0.534562,0.743590,0.441989,0.226646,400,3848,3848,32.000000,0,0,16,16,70,70,8,0,580.000000,505,0,0,53,147,0,53,17,13,4,0,17,4,4,4,0,0,0,0,0,36,0,36,36,36,0,0,0,0
1768,15000297,100,1,147.708425007168,425.000000000000,46.000000000000,2.723429810641,121370bb0784ced2,8d15af1f9d36efa1,9af49f00c5bf764e,200,151,75.500000,222.536424,225.570920,1.000000,3.100000,247.031510,6.375000,267.378223,3.238411,5.838446,0.000000,0.547641,0.747475,0.449944,0.246533,400,4680,4680,32.000000,0,0,16,16,77,77,6,0,592.000000,489,0,0,63,137,0,63,14,11,3,0,14,3,3,3,0,0,0,0,0,49,0,49,49,49,0,0,0,0
1769,15000298,100,1,377.227112292532,325.000000000000,66.000000000000,2.562325032717,a46f18674a64ed0,8d15af1f9d36efa1,234374e925b2f0b5,200,200,100.000000,303.635000,315.538047,1.000000,4.500000,362.800651,5.243333,380.020738,4.735000,4.572334,0.000000,0.352700,0.720670,0.296956,0.081474,400,4128,4128,32.000000,0,0,16,16,40,40,4,0,516.000000,947,0,0,20,180,0,20,20,18,2,0,20,2,2,2,0,0,0,0,0,0,0,0,0,0,0,0,0,0
1770,15000299,100,1,17.085319931920,175.000000000000,68.000000000000,2.855590429205,fdcd563f96697654,8d15af1f9d36efa1,c1f7b3506a76edc1,200,189,94.500000,213.328042,231.371836,1.000000,3.400000,274.624633,5.086667,253.847420,3.354497,4.761830,0.000000,0.458120,0.728261,0.386847,0.140921,400,4224,4224,32.000000,0,0,16,16,49,49,6,0,536.000000,634,0,0,30,170,0,30,19,16,3,0,19,3,3,3,0,0,0,0,0,11,0,11,11,11,0,0,0,0
1771,15000300,100,1,53.414053672664,325.000000000000,74.000000000000,2.355833732282,c0b6087de37e09e,8d15af1f9d36efa1,e5d0a4760542b40,200,199,99.500000,248.371859,263.403536,1.000000,4.000000,305.462441,4.240833,299.444917,4.095477,4.014724,0.000000,0.389513,0.722222,0.329218,0.097453,400,3848,3848,32.000000,0,0,16,16,41,41,6,0,520.000000,815,0,0,21,179,0,21,20,17,3,0,20,3,3,3,0,0,0,0,0,1,0,1,1,1,0,0,0,0
1772,15000301,100,1,330.539882836265,325.000000000000,76.000000000000,1.672610583178,cafa8fba52db105a,8d15af1f9d36efa1,9b3f3200c5fea891,200,200,100.000000,235.630000,248.835914,1.000000,3.700000,309.214444,5.115000,294.235188,3.830000,4.219321,0.000000,0.400626,0.719101,0.343053,0.094563,400,4368,4368,32.000000,0,0,16,16,40,40,0,0,512.000000,766,0,0,20,180,0,20,20,20,0,0,20,0,0,0,0,0,0,0,0,0,0,0,0,0,0,0,0,0
1773,15000302,100,1,354.661634627262,175.000000000000,80.000000000000,1.741585696000,ec8c7b88ac0f3658,8d15af1f9d36efa1,8d20b7308402b96d,200,193,96.500000,273.471503,287.215944,1.000000,3.700000,303.401435,5.053333,342.428055,4.077720,4.914867,0.000000,0.400609,0.724518,0.336984,0.106697,400,4152,4152,32.000000,0,0,16,16,45,45,4,0,526.000000,787,0,0,26,174,0,26,19,17,2,0,19,2,2,2,0,0,0,0,0,7,0,7,7,7,0,0,0,0
1774,15000303,100,1,137.434317338914,425.000000000000,65.000000000000,1.619702262871,c4289f959b2a9111,8d15af1f9d36efa1,7d592c5043ca37e1,200,186,93.000000,227.817204,222.059780,1.000000,3.200000,267.744658,6.600238,275.716391,3.311828,5.391234,0.000000,0.466205,0.728997,0.393701,0.146814,400,4488,4488,32.000000,0,0,16,16,50,50,6,0,538.000000,616,0,0,32,168,0,32,18,15,3,0,18,3,3,3,0,0,0,0,0,14,0,14,14,14,0,0,0,0
1775,15000304,100,1,255.185481493385,325.000000000000,68.000000000000,1.530358306399,8db633584f77076d,8d15af1f9d36efa1,10c55a42493a4e36,200,191,95.500000,256.544503,285.258584,1.000000,4.100000,317.333185,4.659762,322.707679,4.136126,4.759494,0.000000,0.401515,0.726027,0.336134,0.110360,400,4184,4184,32.000000,0,0,16,16,47,47,4,0,530.000000,790,0,0,28,172,0,28,19,17,2,0,19,2,2,2,0,0,0,0,0,9,0,9,9,9,0,0,0,0
1776,15000305,100,1,105.070068640863,325.000000000000,78.000000000000,2.018902366459,75c6eb370cb2cfcf,8d15af1f9d36efa1,b9b0e85065e2e481,200,178,89.000000,228.752809,250.940370,1.000000,3.300000,276.710967,5.231667,278.216572,3.370787,5.118333,0.000000,0.478261,0.733333,0.400000,0.164345,400,4376,4376,32.000000,0,0,16,16,58,58,2,0,550.000000,600,0,0,40,160,0,40,18,17,1,0,18,1,1,1,0,0,0,0,0,22,0,22,22,22,0,0,0,0
1777,15000306,100,1,495.634632815252,75.000000000000,48.000000000000,2.963145633547,e9aa0876017d5b84,8d15af1f9d36efa1,9a691000c548b3e2,200,145,72.500000,204.006897,203.055015,1.000000,3.100000,248.159090,4.550000,202.309887,2.779310,4.049628,0.000000,0.605675,0.755800,0.498132,0.318105,400,4408,4408,31.000000,0,0,16,15,87,87,14,4,619.000000,403,0,0,70,130,0,70,15,8,7,0,15,7,7,7,0,0,0,0,0,55,0,55,55,55,0,0,0,0
1778,15000307,100,1,212.752007188972,75.000000000000,48.000000000000,1.563898608021,27955dc97800d2f7,8d15af1f9d36efa1,ba56a84f442b7219,200,178,89.000000,285.983146,289.439977,1.000000,4.100000,343.328783,4.366667,344.726066,4.342697,4.173351,0.000000,0.418360,0.735450,0.341006,0.138239,400,4304,4304,32.000000,0,0,16,16,57,57,10,2,556.000000,773,0,0,39,161,0,39,17,12,5,0,17,5,5,5,0,0,0,0,0,22,0,22,22,22,0,0,0,0
1779,15000308,100,1,162.201152968646,325.000000000000,57.000000000000,2.685221768704,2ab4efbae50621a8,8d15af1f9d36efa1,ee19604f616d934d,200,180,90.000000,238.905556,254.448816,0.900000,3.200000,305.539813,5.262963,291.204088,3.555556,4.678125,0.000000,0.443478,0.718310,0.384615,0.108635,400,3808,3808,32.000000,0,0,16,16,38,38,2,0,510.000000,640,0,0,19,162,0,19,19,18,1,0,19,1,1,0,1,0,0,0,0,0,20,0,20,1,19,0,0,0
1780,15000309,100,1,338.512473563357,325.000000000000,59.000000000000,2.138190172309,583f96bb01b770bd,8d15af1f9d36efa1,9baf1a00c65d8780,200,199,99.500000,212.261307,228.003853,1.000000,3.200000,250.767099,5.596667,247.115110,3.201005,5.059655,0.000000,0.446568,0.719888,0.385728,0.114047,400,4560,4560,32.000000,0,0,16,16,41,41,0,0,514.000000,637,0,0,21,179,0,21,20,20,0,0,20,0,0,0,0,0,0,0,0,1,0,1,1,1,0,0,0,0
1781,15000310,100,1,85.993571514009,75.000000000000,62.000000000000,2.044540003832,c3178e1a90c0c337,8d15af1f9d36efa1,3cde75489706923d,200,165,82.500000,267.460606,257.209131,1.000000,3.800000,299.017953,4.344286,311.705609,4.090909,4.407407,0.000000,0.461293,0.742931,0.372093,0.177832,400,3728,3728,32.000000,0,0,16,16,65,65,16,0,578.000000,675,0,0,50,150,0,50,15,7,8,0,15,8,8,8,0,0,0,0,0,35,0,35,35,35,0,0,0,0
1782,15000311,100,1,393.642812289525,75.000000000000,66.000000000000,1.754996305798,9c6a0873a4df0853,8d15af1f9d36efa1,f5fef3e1a2a3fe74,200,144,72.000000,297.069444,292.825210,1.000000,4.200000,345.587006,5.403690,350.222855,4.250000,5.029412,0.000000,0.500000,0.753695,0.395257,0.227273,400,4064,4064,32.000000,0,0,16,16,86,86,8,4,612.000000,612,0,0,70,130,0,70,14,10,4,0,14,4,4,4,0,0,0,0,0,56,0,56,56,56,0,0,0,0
1783,15000312,100,1,209.361650186354,75.000000000000,50.000000000000,2.050558407381,7a20ef41e0c64c7b,8d15af1f9d36efa1,79602542c1734de2,200,159,79.500000,249.710692,224.472234,1.000000,3.100000,247.440604,4.396667,290.885185,3.547170,4.397163,0.000000,0.512111,0.747475,0.414938,0.220994,400,4016,4016,32.000000,0,0,16,16,75,75,10,4,592.000000,564,0,0,57,143,0,57,16,11,5,0,16,5,5,5,0,0,0,0,0,41,0,41,41,41,0,0,0,0
1784,15000313,100,1,485.720673966247,425.000000000000,61.000000000000,2.976698618195,7881c0335f3216ad,8d15af1f9d36efa1,f331d44ff5a9ea70,200,146,73.000000,263.828767,216.482349,1.000000,3.200000,254.562198,4.742619,289.508348,4.034247,3.731749,0.000000,0.512013,0.755501,0.404449,0.240000,400,4496,4496,32.000000,0,0,16,16,85,85,16,6,618.000000,589,0,0,68,132,0,68,14,6,8,0,14,8,8,8,0,0,0,0,0,54,0,54,54,54,0,0,0,0
1785,15000314,100,1,411.521498182333,175.000000000000,73.000000000000,2.364751824170,88c7be5cca970625,8d15af1f9d36efa1,9a6f8c00c54df244,200,171,85.500000,275.883041,276.173487,1.000000,4.000000,320.739706,5.691667,335.296445,4.222222,4.710526,0.000000,0.439441,0.738903,0.356506,0.156542,400,4064,4064,32.000000,0,0,16,16,64,64,6,2,566.000000,722,0,0,46,154,0,46,17,14,3,0,17,3,3,3,0,0,0,0,0,29,0,29,29,29,0,0,0,0
1786,15000315,100,1,79.711980221773,325.000000000000,78.000000000000,2.006852081770,d812d43d1919447,8d15af1f9d36efa1,2b6f994f845e2151,200,200,100.000000,254.195000,259.483206,1.000000,3.600000,283.267158,5.225000,306.690543,3.800000,4.500000,0.000000,0.406250,0.722222,0.344828,0.103774,400,3880,3880,32.000000,0,0,16,16,41,41,6,2,520.000000,760,0,0,20,180,0,20,20,17,3,0,20,3,3,3,0,0,0,0,0,0,0,0,0,0,0,0,0,0
1787,15000316,100,1,253.101392742530,425.000000000000,49.000000000000,1.849794114373,89bf24e4de5cb440,8d15af1f9d36efa1,820c957421c994fb,200,128,64.000000,256.664062,219.631623,1.000000,3.300000,251.912061,5.560000,298.190432,4.101562,5.102857,0.000000,0.548581,0.761337,0.432432,0.281806,400,4608,4608,32.000000,0,0,16,16,100,100,6,0,638.000000,525,0,0,86,114,0,86,14,11,3,0,14,3,3,3,0,0,0,0,0,72,0,72,72,72,0,0,0,0
1788,15000317,100,1,134.080417107359,75.000000000000,42.000000000000,2.877195800866,db44545c9c9f6083,8d15af1f9d36efa1,9a8b2d00c565cb8f,200,166,83.000000,213.939759,238.164955,1.000000,3.300000,270.087798,5.028333,249.514416,3.156627,5.076336,0.000000,0.518382,0.738220,0.432900,0.201220,400,4144,4144,32.000000,0,0,16,16,66,66,0,0,564.000000,524,0,0,50,150,0,50,16,16,0,0,16,0,0,0,0,0,0,0,0,34,0,34,34,34,0,0,0,0
1789,15000318,100,1,89.198042991393,425.000000000000,62.000000000000,1.795806083204,b8e4db6301e2531,8d15af1f9d36efa1,b40c1898ddac7f3e,200,189,94.500000,309.650794,311.765417,1.000000,4.500000,345.726594,5.337500,368.953013,4.809524,4.385039,0.000000,0.378674,0.734748,0.305577,0.118332,400,4152,4152,32.000000,0,0,16,16,50,50,22,2,554.000000,909,0,0,30,170,0,30,19,8,11,0,19,11,11,11,0,0,0,0,0,11,0,11,11,11,0,0,0,0
1790,15000319,100,1,459.797932528460,75.000000000000,62.000000000000,2.889546153555,517963d0e7d1b045,8d15af1f9d36efa1,1f38c82786c02348,200,174,87.000000,210.005747,208.348323,1.000000,2.800000,228.346714,5.626667,233.773670,3.011494,5.503817,0.000000,0.515712,0.736148,0.432900,0.193846,400,4272,4272,32.000000,0,0,16,16,62,62,2,0,558.000000,524,0,0,44,156,0,44,18,17,1,0,18,1,1,1,0,0,0,0,0,26,0,26,26,26,0,0,0,0
1791,15000320,100,1,408.974262653831,75.000000000000,59.000000000000,2.282243606228,c10c043394bcd7e4,8d15af1f9d36efa1,d4e5a0315033835b,200,145,72.500000,235.668966,253.332015,1.000000,3.900000,294.813322,4.803333,280.655481,3.710345,4.730483,0.000000,0.527241,0.750000,0.426439,0.237960,400,4248,4248,32.000000,0,0,16,16,83,83,2,0,600.000000,538,0,0,69,131,0,69,14,13,1,0,14,1,1,1,0,0,0,0,0,55,0,55,55,55,0,0,0,0
1792,15000321,100,1,181.698666694164,75.000000000000,55.000000000000,1.653990479981,b6c4b20b330d624d,8d15af1f9d36efa1,df3cf817fc1b3a9,200,177,88.500000,279.853107,296.713322,1.000000,4.200000,348.496507,4.898333,343.038040,4.299435,4.293035,0.000000,0.420411,0.734043,0.344531,0.136209,400,4096,4096,32.000000,0,0,16,16,57,57,6,0,552.000000,761,0,0,40,160,0,40,17,14,3,0,17,3,3,3,0,0,0,0,0,23,0,23,23,23,0,0,0,0
1793,15000322,100,1,178.871798824496,75.000000000000,43.000000000000,2.649103676466,bed89feb52438825,8d15af1f9d36efa1,75d0cb3d80ee151f,200,174,87.000000,272.304598,286.041604,1.000000,4.400000,346.147697,5.334524,338.048399,4.522989,4.606099,0.000000,0.416605,0.737533,0.336984,0.141767,400,4032,4032,32.000000,0,0,16,16,62,62,6,0,562.000000,787,0,0,44,156,0,44,18,15,3,0,18,3,3,3,0,0,0,0,0,26,0,26,26,26,0,0,0,0
1794,15000323,100,1,80.628606684873,175.000000000000,68.000000000000,2.832347845244,759888d8f184ceda,8d15af1f9d36efa1,2e579268b9a087f7,200,193,96.500000,267.974093,287.833562,1.000000,4.100000,327.812820,6.423333,333.659707,4.207254,5.306650,0.000000,0.394030,0.725275,0.330033,0.105727,400,4048,4048,32.000000,0,0,16,16,47,47,2,0,528.000000,812,0,0,27,173,0,27,20,19,1,0,20,1,1,1,0,0,0,0,0,7,0,7,7,7,0,0,0,0
1795,15000324,100,1,134.119064884338,175.000000000000,68.000000000000,2.276042157116,62ef4fb80eb610e4,8d15af1f9d36efa1,d906b1437a3b39b9,200,200,100.000000,246.980000,251.686500,1.000000,3.600000,291.118231,5.011667,293.978294,3.600000,4.916667,0.000000,0.416532,0.719888,0.357143,0.102244,400,4336,4336,32.000000,0,0,16,16,40,40,2,0,514.000000,720,0,0,20,180,0,20,20,19,1,0,20,1,1,1,0,0,0,0,0,0,0,0,0,0,0,0,0,0
1796,15000325,100,1,496.790900994504,325.000000000000,78.000000000000,2.885740798545,85612153f50bc5b,8d15af1f9d36efa1,74762fb1c7ca774a,200,176,88.000000,247.482955,256.141507,1.000000,3.700000,304.454581,4.905714,283.346134,3.596591,4.669826,0.000000,0.472939,0.739583,0.387222,0.176853,400,4224,4224,32.000000,0,0,16,16,64,64,8,0,568.000000,633,0,0,44,156,0,44,20,16,4,0,20,4,4,4,0,0,0,0,0,24,0,24,24,24,0,0,0,0
1797,15000326,100,1,399.204626827715,175.000000000000,83.000000000000,1.716202835160,5cb112946a8693ba,8d15af1f9d36efa1,14356595fa97422f,200,184,92.000000,249.500000,260.526483,1.000000,3.600000,293.651925,5.008333,296.389473,3.581522,4.515933,0.000000,0.454921,0.733333,0.377715,0.151866,400,4080,4080,32.000000,0,0,16,16,56,56,6,0,550.000000,659,0,0,36,164,0,36,20,17,3,0,20,3,3,3,0,0,0,0,0,16,0,16,16,16,0,0,0,0
1798,15000327,100,1,194.659221363684,325.000000000000,81.000000000000,1.510961478478,5f6aa33eb4bf71c0,8d15af1f9d36efa1,4a35a6ccb39196c4,200,200,100.000000,246.640000,265.927755,1.000000,3.500000,293.315061,5.698333,298.596912,3.500000,5.400000,0.000000,0.422442,0.719101,0.363636,0.102564,400,4544,4544,32.000000,0,0,16,16,40,40,0,0,512.000000,700,0,0,20,180,0,20,20,20,0,0,20,0,0,0,0,0,0,0,0,0,0,0,0,0,0,0,0,0
1799,15000328,100,1,138.124707335231,175.000000000000,79.000000000000,1.805740535675,aba0cfdb4f8593c,8d15af1f9d36efa1,cadc695f5606e9bc,200,182,91.000000,218.027473,232.771715,1.000000,3.300000,259.670565,3.675714,257.693133,3.236264,4.538200,0.000000,0.480141,0.731183,0.404449,0.159772,400,4152,4152,32.000000,0,0,16,16,56,56,0,0,544.000000,589,0,0,37,163,0,37,19,19,0,0,19,0,0,0,0,0,0,0,0,18,0,18,18,18,0,0,0,0
1800,15000329,100,1,462.523338693710,425.000000000000,57.000000000000,2.300604340671,835ec1350b5dd56c,8d15af1f9d36efa1,6e2a67c088d287d0,200,147,73.500000,318.578231,324.701253,1.000000,4.700000,370.195146,4.635000,366.583563,4.693878,4.557971,0.000000,0.481982,0.762470,0.366972,0.233333,400,4208,4208,32.000000,0,0,16,16,94,94,22,18,642.000000,690,0,0,69,131,0,69,16,5,11,0,16,11,11,11,0,0,0,0,0,53,0,53,53,53,0,0,0,0
1801,15000330,100,1,449.413982520166,425.000000000000,54.000000000000,2.559139328170,a4bc28e65fdc5653,8d15af1f9d36efa1,6b83b8fcff225b95,200,177,88.500000,238.542373,235.777770,1.000000,3.300000,265.639802,5.475000,273.873021,3.418079,5.418182,0.000000,0.479794,0.736148,0.398010,0.172367,400,4440,4440,32.000000,0,0,16,16,57,57,12,0,558.000000,605,0,0,40,160,0,40,17,11,6,0,17,6,6,6,0,0,0,0,0,23,0,23,23,23,0,0,0,0
1802,15000331,100,1,45.620604899306,425.000000000000,66.000000000000,2.078972073948,d79cc8a6d1fa40c0,8d15af1f9d36efa1,c582c3c30277d5a,200,122,61.000000,268.336066,269.268610,1.000000,4.000000,327.372155,4.630000,298.880962,3.762295,4.668845,0.000000,0.596306,0.772210,0.465658,0.348936,400,3992,3992,32.000000,0,0,16,16,120,120,6,32,678.000000,459,0,0,91,109,0,91,13,10,3,0,13,3,3,3,0,0,0,0,0,78,0,78,78,78,0,0,0,0
1803,15000332,100,1,198.819985327810,325.000000000000,52.000000000000,2.398135271109,3e00f74840a810c1,8d15af1f9d36efa1,9b616700c61be906,200,200,100.000000,239.980000,243.931772,1.000000,3.600000,284.397222,4.546667,285.380749,3.600000,4.397222,0.000000,0.417476,0.720670,0.357143,0.104478,400,4216,4216,32.000000,0,0,16,16,40,40,4,0,516.000000,720,0,0,20,180,0,20,20,18,2,0,20,2,2,2,0,0,0,0,0,0,0,0,0,0,0,0,0,0
1804,15000333,100,1,247.271929925494,325.000000000000,46.000000000000,2.019826089972,cfd69684f6f00312,8d15af1f9d36efa1,9af10100c5bc33fd,200,123,61.500000,243.617886,229.517188,1.000000,3.200000,253.766266,5.578333,265.240167,3.203252,5.238579,0.000000,0.624046,0.765808,0.503778,0.360390,400,4448,4448,32.000000,0,0,16,16,107,107,8,0,654.000000,394,0,0,92,108,0,92,15,11,4,0,15,4,4,4,0,0,0,0,0,77,0,77,77,77,0,0,0,0
1805,15000334,100,1,58.336617985970,425.000000000000,55.000000000000,2.712188797763,aaed3a1e0afba18,8d15af1f9d36efa1,2cdc005ed18d1a2,200,133,66.500000,305.015038,260.344532,1.000000,3.800000,308.011476,5.336667,351.718754,4.466165,5.228956,0.000000,0.518639,0.761905,0.402414,0.259352,400,4536,4536,32.000000,0,0,16,16,97,97,14,0,640.000000,594,0,0,82,118,0,82,15,8,7,0,15,7,7,7,0,0,0,0,0,67,0,67,67,67,0,0,0,0
1806,15000335,100,1,474.156600749182,325.000000000000,79.000000000000,2.549412503556,10c56942c7f753e2,8d15af1f9d36efa1,a473c64fc8d73b1f,200,185,92.500000,233.362162,239.999942,1.000000,3.300000,258.387808,6.543571,273.754944,3.659459,5.183161,0.000000,0.447347,0.732620,0.371402,0.146280,400,4488,4488,32.000000,0,0,16,16,54,54,8,2,548.000000,677,0,0,34,166,0,34,19,15,4,0,19,4,4,4,0,0,0,0,0,15,0,15,15,15,0,0,0,0
1807,15000336,100,1,313.012841125589,325.000000000000,52.000000000000,2.357700807821,221a70feccbe6721,8d15af1f9d36efa1,74e5312479270ed,200,200,100.000000,290.065000,317.756726,1.000000,4.300000,352.631131,6.665476,365.409078,4.400000,6.219318,0.000000,0.370529,0.721448,0.312500,0.089027,400,4560,4560,32.000000,0,0,16,16,41,41,4,2,518.000000,880,0,0,20,180,0,20,20,18,2,0,20,2,2,2,0,0,0,0,0,0,0,0,0,0,0,0,0,0
1808,15000337,100,1,145.154160175271,75.000000000000,33.000000000000,2.856764842713,6709136b72847e,8d15af1f9d36efa1,8307758e440b17d0,200,172,86.000000,267.308140,279.923019,1.000000,4.100000,313.029598,4.957857,322.298686,4.267442,4.361035,0.000000,0.434515,0.738220,0.352734,0.152425,400,3992,3992,32.000000,0,0,16,16,64,64,4,4,564.000000,734,0,0,45,155,0,45,17,15,2,0,17,2,2,2,0,0,0,0,0,28,0,28,28,28,0,0,0,0
1809,15000338,100,1,302.477395227150,75.000000000000,51.000000000000,1.724356499497,4f91cd46ac89fa84,8d15af1f9d36efa1,919e0250e002bed0,200,135,67.500000,216.688889,203.355542,1.000000,3.000000,236.104231,4.728333,243.321220,3.570370,4.091286,0.000000,0.564195,0.757282,0.453515,0.284866,400,4400,4400,32.000000,0,0,16,16,93,93,6,0,624.000000,482,0,0,79,121,0,79,14,11,3,0,14,3,3,3,0,0,0,0,0,65,0,65,65,65,0,0,0,0
1810,15000339,100,1,73.156308614375,425.000000000000,58.000000000000,2.698041349125,72431c2d81841d40,8d15af1f9d36efa1,2485845516d483df,200,141,70.500000,192.581560,187.347151,1.000000,2.600000,210.386561,4.325000,208.744395,2.546099,4.437326,0.000000,0.631038,0.754300,0.527009,0.336414,400,4256,4256,32.000000,0,0,16,16,87,87,8,0,614.000000,359,0,0,73,127,0,73,14,10,4,0,14,4,4,4,0,0,0,0,0,59,0,59,59,59,0,0,0,0
1811,15000340,100,1,1.690358805239,425.000000000000,67.000000000000,1.620003533086,aa70eb90344f92d,8d15af1f9d36efa1,9b5a9000c6161003,200,112,56.000000,206.321429,261.723917,1.000000,3.300000,279.425442,4.751190,206.510917,2.714286,4.457237,0.000000,0.686275,0.768786,0.568182,0.434944,400,4000,4000,31.000000,0,0,16,15,114,114,6,0,665.000000,304,0,0,101,99,0,101,13,10,3,0,13,3,3,3,0,0,0,0,0,88,0,88,88,88,0,0,0,0
1812,15000341,100,1,83.778656534413,175.000000000000,49.000000000000,2.966820382231,921e15d83534417,8d15af1f9d36efa1,89979050dba530c0,200,186,93.000000,313.731183,319.338730,1.000000,4.600000,368.231450,4.820833,394.092861,5.145161,4.340648,0.000000,0.361574,0.730458,0.294768,0.103093,400,4152,4152,32.000000,0,0,16,16,51,51,8,2,542.000000,957,0,0,32,168,0,32,18,14,4,0,18,4,4,4,0,0,0,0,0,14,0,14,14,14,0,0,0,0
1813,15000342,100,1,440.758220452271,75.000000000000,53.000000000000,2.825693255756,84e02bbfa3ee686,8d15af1f9d36efa1,e06c1f7445362418,200,144,72.000000,252.291667,262.361056,1.000000,3.900000,298.540840,5.807381,279.439983,3.611111,5.155769,0.000000,0.543860,0.756098,0.434783,0.265537,400,4408,4408,32.000000,0,0,16,16,88,88,12,0,620.000000,520,0,0,72,128,0,72,16,10,6,0,16,6,6,6,0,0,0,0,0,56,0,56,56,56,0,0,0,0
1814,15000343,100,1,259.453318468384,325.000000000000,50.000000000000,1.880413629438,7a5ad157e48a00f5,8d15af1f9d36efa1,258bb45011b8f396,200,158,79.000000,275.867089,275.914090,1.000000,4.000000,311.859516,4.746429,328.170563,4.367089,4.533333,0.000000,0.461778,0.747475,0.366972,0.188235,400,4088,4088,32.000000,0,0,16,16,76,76,8,0,592.000000,690,0,0,59,141,0,59,17,13,4,0,17,4,4,4,0,0,0,0,0,42,0,42,42,42,0,0,0,0
1815,15000344,100,1,410.654007804263,325.000000000000,73.000000000000,2.357838283500,8cec45a0a707dc65,8d15af1f9d36efa1,7af6d905cb7d86b6,200,181,90.500000,284.662983,290.561175,1.000000,4.700000,362.041166,5.800595,355.963597,4.668508,4.497041,0.000000,0.395132,0.734043,0.321285,0.124352,400,4560,4560,32.000000,0,0,16,16,58,58,4,2,552.000000,845,0,0,38,162,0,38,19,17,2,0,19,2,2,2,0,0,0,0,0,19,0,19,19,19,0,0,0,0
1816,15000345,100,1,109.840992750667,325.000000000000,52.000000000000,2.897868992544,4394db34d815296e,8d15af1f9d36efa1,1f4003d5b4cb1e86,200,186,93.000000,245.284946,267.060457,1.000000,3.900000,323.374930,5.440000,306.727616,3.962366,4.963365,0.000000,0.420142,0.727520,0.351803,0.121573,400,4392,4392,32.000000,0,0,16,16,50,50,2,0,534.000000,737,0,0,32,168,0,32,18,17,1,0,18,1,1,1,0,0,0,0,0,14,0,14,14,14,0,0,0,0
1817,15000346,100,1,68.513124799282,175.000000000000,68.000000000000,2.842300121421,c63679195b03a81d,8d15af1f9d36efa1,6f3e7f9924753ad0,200,174,87.000000,355.643678,372.946809,1.000000,5.600000,457.237126,5.293333,452.339464,5.672414,4.918946,0.000000,0.369329,0.742931,0.288392,0.128861,400,4424,4424,32.000000,0,0,16,16,69,69,8,14,578.000000,987,0,0,44,156,0,44,18,14,4,0,18,4,4,4,0,0,0,0,0,26,0,26,26,26,0,0,0,0
1818,15000347,100,1,421.206292968460,75.000000000000,66.000000000000,1.684680799917,8ab515396e112cdb,8d15af1f9d36efa1,5ac3f15030382a2b,200,159,79.500000,211.383648,206.606737,1.000000,2.900000,234.586598,5.508333,224.240768,2.817610,4.935268,0.000000,0.569231,0.747475,0.471698,0.263158,400,3976,3976,32.000000,0,0,16,16,73,73,14,0,592.000000,448,0,0,57,143,0,57,16,9,7,0,16,7,7,7,0,0,0,0,0,41,0,41,41,41,0,0,0,0
1819,15000348,100,1,352.409443161927,175.000000000000,56.000000000000,2.296416911873,db8310fbc28dedfb,8d15af1f9d36efa1,90cc1fb840c2c3b7,200,183,91.500000,265.131148,270.398285,1.000000,4.000000,309.392131,4.436667,329.578394,4.114754,4.557769,0.000000,0.417633,0.729730,0.346921,0.125436,400,4168,4168,32.000000,0,0,16,16,53,53,2,0,540.000000,753,0,0,35,165,0,35,18,17,1,0,18,1,1,1,0,0,0,0,0,17,0,17,17,17,0,0,0,0
1820,15000349,100,1,35.297984983806,325.000000000000,83.000000000000,2.399526737628,771673ff42a77f5e,8d15af1f9d36efa1,493b44643e5f9409,200,159,79.500000,272.446541,239.341348,1.000000,3.900000,297.795463,4.971667,324.264286,4.264151,4.386431,0.000000,0.465300,0.746835,0.371058,0.188995,400,4200,4200,32.000000,0,0,16,16,75,75,8,0,590.000000,678,0,0,58,142,0,58,17,13,4,0,17,4,4,4,0,0,0,0,0,41,0,41,41,41,0,0,0,0
1821,15000350,100,1,119.193143935804,425.000000000000,46.000000000000,2.684308823297,e094f7590c7ad6ba,8d15af1f9d36efa1,9aa63700c57ca445,200,126,63.000000,221.253968,292.994584,1.000000,3.800000,317.102002,4.566667,273.677641,3.428571,4.351852,0.000000,0.594747,0.760192,0.480769,0.318612,400,3992,3992,32.000000,0,0,16,16,100,100,2,0,634.000000,432,0,0,87,113,0,87,13,12,1,0,13,1,1,1,0,0,0,0,0,74,0,74,74,74,0,0,0,0
1822,15000351,100,1,56.844745050901,325.000000000000,68.000000000000,2.897285705869,ed88466e4d3329e9,8d15af1f9d36efa1,feb86524abbab3b2,200,156,78.000000,289.673077,305.081942,0.900000,3.900000,349.042437,4.962963,349.371255,4.532051,4.418670,0.000000,0.443745,0.738220,0.361337,0.157330,400,4080,4080,32.000000,0,0,16,16,60,60,12,0,564.000000,707,0,0,42,139,0,42,18,12,6,0,18,6,6,5,1,0,0,0,0,24,20,24,44,25,19,0,0,0
1823,15000352,100,1,211.184466798053,75.000000000000,48.000000000000,1.512057305462,c9bd5f30054e345d,8d15af1f9d36efa1,7c69aa99697569a4,200,150,75.000000,268.640000,203.704402,1.000000,3.400000,269.944559,4.712500,322.724042,4.320000,3.222222,0.000000,0.478261,0.748111,0.381679,0.200000,400,3888,3888,32.000000,0,0,16,16,79,79,4,2,594.000000,648,0,0,64,136,0,64,14,12,2,0,14,2,2,2,0,0,0,0,0,50,0,50,50,50,0,0,0,0
1824,15000353,100,1,202.058864687712,425.000000000000,50.000000000000,1.859281855329,9e91d482dd6c0a0e,8d15af1f9d36efa1,f5ce7c5087c9d4e2,200,172,86.000000,200.720930,200.096044,1.000000,3.300000,239.133807,3.528333,233.875365,3.261628,3.782531,0.000000,0.505291,0.741268,0.416233,0.201991,400,3840,3840,31.000000,0,0,16,15,70,70,2,20,573.000000,561,0,0,44,156,0,44,16,15,1,0,16,1,1,1,0,0,0,0,0,28,0,28,28,28,0,0,0,0
1825,15000354,100,1,226.850149434599,175.000000000000,51.000000000000,2.048233027593,d9392da06cc6f900,8d15af1f9d36efa1,9a8b3000c565d0a8,200,200,100.000000,224.150000,218.468674,1.000000,3.400000,260.151735,4.910000,266.818850,3.435000,4.526929,0.000000,0.427977,0.719888,0.367985,0.106632,400,4232,4232,32.000000,0,0,16,16,41,41,0,2,514.000000,687,0,0,20,180,0,20,20,20,0,0,20,0,0,0,0,0,0,0,0,0,0,0,0,0,0,0,0,0
1826,15000355,100,1,7.906696399838,425.000000000000,59.000000000000,2.744073302667,ca622bf5baa23253,8d15af1f9d36efa1,9a98bf00c5714e01,200,176,88.000000,261.306818,263.178457,1.000000,3.400000,278.505302,4.741667,294.713068,3.653409,4.618974,0.000000,0.469909,0.740260,0.383509,0.176697,400,3912,3912,32.000000,0,0,16,16,61,61,16,2,570.000000,643,0,0,42,158,0,42,18,10,8,0,18,8,8,8,0,0,0,0,0,24,0,24,24,24,0,0,0,0
1827,15000356,100,1,117.209092984104,425.000000000000,59.000000000000,2.214551644204,b72b6968d90d0e1d,8d15af1f9d36efa1,666b0859db5903a9,200,157,78.500000,253.808917,245.954534,1.000000,3.900000,301.616175,4.634048,289.125440,3.802548,4.360134,0.000000,0.499581,0.748744,0.401204,0.215506,400,3816,3816,32.000000,0,0,16,16,77,77,10,0,596.000000,597,0,0,60,140,0,60,17,12,5,0,17,5,5,5,0,0,0,0,0,43,0,43,43,43,0,0,0,0
1828,15000357,100,1,309.250126354055,175.000000000000,49.000000000000,2.054619177553,4f68a405123b55a9,8d15af1f9d36efa1,cc2796033ac3ea16,200,196,98.000000,262.173469,305.254176,1.000000,4.100000,340.097080,5.138333,329.499499,4.061224,4.829146,0.000000,0.394677,0.721836,0.334448,0.099548,400,4160,4160,31.000000,0,0,16,15,44,44,0,0,519.000000,796,0,0,24,176,0,24,20,20,0,0,20,0,0,0,0,0,0,0,0,4,0,4,4,4,0,0,0,0
1829,15000358,100,1,245.169243800484,425.000000000000,57.000000000000,1.617436040640,8f69483262a30729,8d15af1f9d36efa1,dc6e8e507996fa1c,200,165,82.500000,212.296970,201.355809,1.000000,2.900000,231.364991,4.271667,246.537627,3.084848,4.420432,0.000000,0.531739,0.742931,0.440044,0.222901,400,3616,3616,32.000000,0,0,16,16,70,70,6,10,578.000000,509,0,0,50,150,0,50,15,12,3,0,15,3,3,3,0,0,0,0,0,35,0,35,35,35,0,0,0,0
1830,15000359,100,1,261.549581995123,425.000000000000,48.000000000000,1.650735557283,77df4050a9709478,8d15af1f9d36efa1,9ba57b00c655d7ce,200,164,82.000000,192.213415,182.920760,1.000000,2.900000,231.441684,5.466667,205.648280,2.750000,4.545455,0.000000,0.560000,0.741602,0.470035,0.239460,400,4112,4112,32.000000,0,0,16,16,69,69,4,2,574.000000,451,0,0,52,148,0,52,16,14,2,0,16,2,2,2,0,0,0,0,0,36,0,36,36,36,0,0,0,0
1831,15000360,100,1,198.002022580153,75.000000000000,35.000000000000,2.372193915312,74e2d8825fca1a4b,8d15af1f9d36efa1,e69b3fb0ab6bf039,200,150,75.000000,350.026667,327.144077,1.000000,4.600000,362.611472,5.372143,418.282883,5.173333,4.505155,0.000000,0.438495,0.751861,0.340136,0.183158,400,4248,4248,32.000000,0,0,16,16,77,77,20,0,606.000000,776,0,0,64,136,1,63,13,3,10,0,13,10,10,10,0,0,0,0,0,50,0,50,50,50,0,0,0,0
1832,15000361,100,1,93.203382187685,75.000000000000,42.000000000000,2.829004760095,9177219b1594eace,8d15af1f9d36efa1,8906511a0f049eb4,200,93,46.500000,367.376344,378.843239,1.000000,5.000000,419.916431,6.083095,441.579187,5.559140,5.133462,0.000000,0.577959,0.779736,0.436205,0.348045,400,4472,4472,32.000000,0,0,16,16,131,131,14,8,708.000000,517,0,0,117,83,0,117,10,3,7,0,10,7,7,7,0,0,0,0,0,107,0,107,107,107,0,0,0,0
1833,15000362,100,1,378.208144519130,75.000000000000,32.000000000000,2.898090919147,cdb56b6214a6fb6f,8d15af1f9d36efa1,547605bb95217f5b,200,120,60.000000,362.941667,289.618584,1.000000,4.700000,345.553795,4.588095,423.902408,5.808333,4.189383,0.000000,0.488628,0.769053,0.364631,0.251343,400,4056,4056,32.000000,0,0,16,16,106,106,22,0,666.000000,697,0,0,93,107,0,93,13,2,11,0,13,11,11,11,0,0,0,0,0,80,0,80,80,80,0,0,0,0
1834,15000363,100,1,122.964299490375,75.000000000000,66.000000000000,1.922445144286,85706bd216ee7ff,8d15af1f9d36efa1,36ff1e30a4870a01,200,142,71.000000,210.056338,205.515894,1.000000,3.000000,231.262363,5.066667,238.791632,3.204225,5.079121,0.000000,0.572770,0.753086,0.467836,0.281201,400,4512,4512,32.000000,0,0,16,16,87,87,4,2,610.000000,455,0,0,72,128,0,72,14,12,2,0,14,2,2,2,0,0,0,0,0,58,0,58,58,58,0,0,0,0
1835,15000364,100,1,326.701601646927,75.000000000000,53.000000000000,2.061219638567,5943b79c4af45b68,8d15af1f9d36efa1,8f34c760b71d3ecf,200,124,62.000000,326.104839,377.359494,1.000000,5.400000,444.124065,4.805357,400.282494,5.217742,4.021638,0.000000,0.497280,0.761905,0.382044,0.243275,400,4088,4088,32.000000,0,0,16,16,101,101,6,2,640.000000,647,0,0,88,112,0,88,12,9,3,0,12,3,3,3,0,0,0,0,0,76,0,76,76,76,0,0,0,0
1836,15000365,100,1,237.370829363233,75.000000000000,45.000000000000,1.792681606142,a37863e3129ba4f5,8d15af1f9d36efa1,5e8e67951e670d4f,200,115,57.500000,302.147826,302.103761,1.000000,4.400000,363.071664,4.663333,363.926956,4.539130,4.385057,0.000000,0.557627,0.766900,0.433839,0.302139,400,3832,3832,32.000000,0,0,16,16,109,109,8,0,658.000000,522,0,0,97,103,0,97,12,8,4,0,12,4,4,4,0,0,0,0,0,85,0,85,85,85,0,0,0,0
1837,15000366,100,1,89.157105798990,175.000000000000,83.000000000000,1.796621029568,c5ad5103b99361f8,8d15af1f9d36efa1,c6e757b463310084,200,177,88.500000,312.214689,329.667396,1.000000,4.700000,376.012041,5.088333,383.186422,4.966102,4.414107,0.000000,0.391696,0.738903,0.312744,0.132280,400,4024,4024,32.000000,0,0,16,16,65,65,4,4,566.000000,879,0,0,43,157,0,43,20,18,2,0,20,2,2,2,0,0,0,0,0,23,0,23,23,23,0,0,0,0
1838,15000367,100,1,422.485823477299,425.000000000000,52.000000000000,2.597514920647,631a312c41f1be21,8d15af1f9d36efa1,fd9c2ad4c93b81,200,168,84.000000,221.357143,251.128850,1.000000,3.600000,282.656305,5.324286,261.090756,3.273810,5.107273,0.000000,0.512411,0.742931,0.421053,0.209770,400,4600,4600,32.000000,0,0,16,16,68,68,10,0,578.000000,550,0,0,50,150,0,50,18,13,5,0,18,5,5,5,0,0,0,0,0,32,0,32,32,32,0,0,0,0
1839,15000368,100,1,127.735320252413,75.000000000000,57.000000000000,2.532087106141,12df6c396b79b069,8d15af1f9d36efa1,5b82d6b2d0074d91,200,195,97.500000,216.815385,203.257526,1.000000,3.100000,235.063764,5.276667,238.592590,3.102564,4.712397,0.000000,0.466960,0.726027,0.398010,0.139403,400,4376,4376,32.000000,0,0,16,16,45,45,8,0,530.000000,605,0,0,25,175,0,25,20,16,4,0,20,4,4,4,0,0,0,0,0,5,0,5,5,5,0,0,0,0
1840,15000369,100,1,65.217299361972,175.000000000000,66.000000000000,2.728352062436,145e70a1b68c2e72,8d15af1f9d36efa1,4e11ea4f97fadec5,200,189,94.500000,239.698413,246.875195,1.000000,3.800000,298.859916,4.663333,280.756387,3.798942,4.422006,0.000000,0.431962,0.731903,0.357782,0.137019,400,4056,4056,32.000000,0,0,16,16,54,54,6,6,546.000000,718,0,0,31,169,0,31,20,17,3,0,20,3,3,3,0,0,0,0,0,11,0,11,11,11,0,0,0,0
1841,15000370,100,1,376.629367522746,425.000000000000,45.000000000000,2.447586152807,81c32f6b7764615c,8d15af1f9d36efa1,cf518499e5b427bd,200,161,80.500000,199.062112,208.000637,1.000000,3.100000,236.688664,5.093333,197.801358,2.726708,4.530752,0.000000,0.574200,0.747475,0.476758,0.267112,400,4488,4488,32.000000,0,0,16,16,76,76,8,6,592.000000,439,0,0,56,144,0,56,17,13,4,0,17,4,4,4,0,0,0,0,0,39,0,39,39,39,0,0,0,0
1842,15000371,100,1,411.928908906865,325.000000000000,72.000000000000,2.343900367040,89569f610ac0b47,8d15af1f9d36efa1,27c8c9c18d5b2ad,200,182,91.000000,260.708791,274.725160,1.000000,4.000000,313.121171,5.278333,310.147915,4.115385,4.775701,0.000000,0.423403,0.733333,0.348129,0.136101,400,3976,3976,32.000000,0,0,16,16,56,56,6,0,550.000000,749,0,0,37,163,0,37,19,16,3,0,19,3,3,3,0,0,0,0,0,18,0,18,18,18,0,0,0,0
1843,15000372,100,1,442.786182548188,175.000000000000,67.000000000000,2.949551271055,549196567cf95521,8d15af1f9d36efa1,9a8e3300c5680b98,200,185,92.500000,241.216216,235.185916,1.000000,3.500000,266.045233,5.555000,284.558801,3.632432,5.178571,0.000000,0.449180,0.732620,0.373134,0.147208,400,3992,3992,32.000000,0,0,16,16,55,55,6,0,548.000000,672,0,0,35,165,0,35,20,17,3,0,20,3,3,3,0,0,0,0,0,15,0,15,15,15,0,0,0,0
1844,15000373,100,1,122.668375045906,425.000000000000,54.000000000000,2.220675386077,c1d8936eacab984e,8d15af1f9d36efa1,d5e0754f5434cfb1,200,143,71.500000,238.216783,232.994371,1.000000,3.200000,258.316573,5.775000,273.158777,3.426573,5.563265,0.000000,0.553734,0.752475,0.449438,0.264264,400,4512,4512,32.000000,0,0,16,16,83,83,10,0,608.000000,490,0,0,70,130,0,70,13,8,5,0,13,5,5,5,0,0,0,0,0,57,0,57,57,57,0,0,0,0
1845,15000374,100,1,117.270388868327,425.000000000000,41.000000000000,2.990602412760,e4a19f4e79a40133,8d15af1f9d36efa1,b4cbcd8cdedb64fc,200,173,86.500000,213.352601,204.627276,1.000000,3.400000,254.338957,3.850000,239.576699,3.341040,3.861592,0.000000,0.491197,0.736148,0.408998,0.178977,400,3896,3896,32.000000,0,0,16,16,61,61,4,0,558.000000,578,0,0,44,156,0,44,17,15,2,0,17,2,2,2,0,0,0,0,0,27,0,27,27,27,0,0,0,0
1846,15000375,100,1,395.015431681325,75.000000000000,49.000000000000,2.811072965768,773974ae3188f28c,8d15af1f9d36efa1,8323f8217dcb28c2,200,162,81.000000,258.543210,270.366873,1.000000,3.800000,316.847743,5.082619,309.003738,3.777778,5.140523,0.000000,0.492537,0.748111,0.395257,0.209302,400,4192,4192,32.000000,0,0,16,16,79,79,4,14,594.000000,612,0,0,55,145,0,55,17,15,2,0,17,2,2,2,0,0,0,0,0,38,0,38,38,38,0,0,0,0
1847,15000376,100,1,23.451907713412,325.000000000000,70.000000000000,2.887583876934,d6b5245b13ac2aad,8d15af1f9d36efa1,3b1cb627aaf781f7,200,175,87.500000,276.142857,303.078898,0.900000,3.700000,323.334703,5.074074,338.774948,4.171429,4.664384,0.000000,0.418790,0.724518,0.353982,0.114078,400,3928,3928,32.000000,0,0,16,16,43,43,8,0,526.000000,730,0,0,24,157,0,24,19,15,4,0,19,4,4,3,1,0,0,0,0,5,20,5,25,6,19,0,0,0
1848,15000377,100,1,107.769644970703,175.000000000000,65.000000000000,2.380659092529,89e1355f0ba2b987,8d15af1f9d36efa1,682806fb4a1be74e,200,120,60.000000,215.758333,234.264333,0.600000,1.900000,242.725510,6.144444,258.229448,3.166667,5.947368,0.000000,0.571106,0.716714,0.512821,0.162996,400,4368,4368,32.000000,0,0,16,16,33,33,8,0,506.000000,380,0,0,17,108,0,17,16,12,4,0,16,4,4,0,4,0,0,0,0,1,80,0,80,5,75,0,0,0
1849,15000378,100,1,49.705619844233,425.000000000000,53.000000000000,2.825809053861,2a741f6d8269ce73,8d15af1f9d36efa1,899eab50dbab7d4f,200,124,62.000000,278.266129,268.364982,1.000000,3.900000,321.865795,5.160000,348.195731,4.508065,4.486583,0.000000,0.532218,0.760766,0.417101,0.267366,400,3936,3936,32.000000,0,0,16,16,100,100,4,0,636.000000,559,0,0,88,112,0,88,12,10,2,0,12,2,2,2,0,0,0,0,0,76,0,76,76,76,0,0,0,0
1850,15000379,100,1,368.488995722204,175.000000000000,47.000000000000,2.960268110887,b25dea98cc6b8b08,8d15af1f9d36efa1,6beb527c1c6a93fe,200,200,100.000000,280.295000,280.060694,1.000000,4.300000,339.570016,4.477024,341.372092,4.335000,3.897347,0.000000,0.374007,0.721448,0.315706,0.090241,400,3888,3888,32.000000,0,0,16,16,41,41,4,2,518.000000,867,0,0,20,180,0,20,20,18,2,0,20,2,2,2,0,0,0,0,0,0,0,0,0,0,0,0,0,0
1851,15000380,100,1,127.824337624541,75.000000000000,57.000000000000,1.926938746956,a84d4b4258ea3661,8d15af1f9d36efa1,e81aee5110f5fe12,200,148,74.000000,260.864865,260.360743,1.000000,3.900000,316.089523,5.270000,306.343018,3.797297,4.131673,0.000000,0.518836,0.751861,0.415800,0.236413,400,4640,4640,32.000000,0,0,16,16,82,82,10,0,606.000000,562,0,0,67,133,0,67,15,10,5,0,15,5,5,5,0,0,0,0,0,52,0,52,52,52,0,0,0,0
1852,15000381,100,1,107.600944098512,325.000000000000,54.000000000000,2.908333262111,e6f71287d837012c,8d15af1f9d36efa1,d39e1923dd153c1d,200,197,98.500000,262.258883,269.952549,1.000000,3.700000,314.870515,5.146667,310.757146,3.705584,5.294521,0.000000,0.419714,0.725275,0.353982,0.116223,400,4280,4280,32.000000,0,0,16,16,45,45,6,4,528.000000,730,0,0,23,177,0,23,20,17,3,0,20,3,3,3,0,0,0,0,0,3,0,3,3,3,0,0,0,0
1853,15000382,100,1,441.346817913302,175.000000000000,80.000000000000,2.180415183091,ec1410a9edc063a4,8d15af1f9d36efa1,be626d5ad4ef257f,200,179,89.500000,323.558659,339.711348,1.000000,4.600000,382.533605,5.385000,379.893849,4.614525,5.169492,0.000000,0.407035,0.739244,0.326264,0.141372,400,4168,4168,31.000000,0,0,16,15,63,63,10,4,567.000000,826,0,0,41,159,0,41,20,15,5,0,20,5,5,5,0,0,0,0,0,21,0,21,21,21,0,0,0,0
1854,15000383,100,1,400.096499794265,325.000000000000,61.000000000000,2.577199166471,e292878e267fc8e,8d15af1f9d36efa1,c200e09c3016927a,200,199,99.500000,187.994975,198.214385,1.000000,2.800000,232.438398,5.341667,215.959839,2.788945,4.702703,0.000000,0.481793,0.720670,0.418848,0.131455,400,4280,4280,32.000000,0,0,16,16,41,41,2,0,516.000000,555,0,0,21,179,0,21,20,19,1,0,20,1,1,1,0,0,0,0,0,1,0,1,1,1,0,0,0,0
1855,15000384,100,1,56.550700278370,325.000000000000,57.000000000000,2.927357067050,9f79c47ac7094bb2,8d15af1f9d36efa1,d01b5f4fe1a9ff42,200,178,89.000000,280.168539,286.272381,1.000000,3.900000,323.084952,4.600000,348.609136,4.359551,4.382732,0.000000,0.414781,0.733333,0.340136,0.131991,400,4104,4104,32.000000,0,0,16,16,57,57,4,2,550.000000,776,0,0,39,161,0,39,17,15,2,0,17,2,2,2,0,0,0,0,0,22,0,22,22,22,0,0,0,0
1856,15000385,100,1,237.617329263232,75.000000000000,43.000000000000,1.907565464797,9f76c061d1e03ad2,8d15af1f9d36efa1,9b7fca00c6358ece,200,176,88.000000,236.573864,227.318256,1.000000,3.100000,265.217615,4.566667,269.910793,3.244318,4.523643,0.000000,0.495137,0.736842,0.411946,0.183119,400,4432,4432,32.000000,0,0,16,16,59,59,10,2,560.000000,571,0,0,41,159,0,41,17,12,5,0,17,5,5,5,0,0,0,0,0,24,0,24,24,24,0,0,0,0
1857,15000386,100,1,417.229752708431,325.000000000000,83.000000000000,2.173780132575,e964cc8ba00619a7,8d15af1f9d36efa1,de02382623c0d625,200,174,87.000000,229.500000,231.279190,1.000000,3.400000,269.653813,5.505000,275.755229,3.666667,4.630094,0.000000,0.468333,0.737533,0.385356,0.169271,400,4056,4056,32.000000,0,0,16,16,60,60,10,0,562.000000,638,0,0,43,157,0,43,17,12,5,0,17,5,5,5,0,0,0,0,0,26,0,26,26,26,0,0,0,0
1858,15000387,100,1,271.288487863832,325.000000000000,53.000000000000,2.055379571584,e5a2b39646a2eb94,8d15af1f9d36efa1,e89e76f007e7b4bb,200,193,96.500000,329.538860,293.668446,1.000000,5.000000,401.999076,5.760278,409.146242,5.139896,4.849798,0.000000,0.346509,0.724518,0.287356,0.086556,400,4400,4400,32.000000,0,0,16,16,46,46,2,2,526.000000,992,0,0,26,174,0,26,19,18,1,0,19,1,1,1,0,0,0,0,0,7,0,7,7,7,0,0,0,0
1859,15000388,100,1,285.887164115012,75.000000000000,57.000000000000,1.540286828890,f1783d0a68a3723c,8d15af1f9d36efa1,b4fb7f50f43eba39,200,113,56.500000,211.964602,185.983715,1.000000,2.500000,198.200107,5.010000,251.742572,3.061947,4.861272,0.000000,0.654000,0.765808,0.536193,0.390845,400,4000,4000,32.000000,0,0,16,16,109,109,4,0,654.000000,346,0,0,98,102,0,98,11,9,2,0,11,2,2,2,0,0,0,0,0,87,0,87,87,87,0,0,0,0
1860,15000389,100,1,196.902806778152,425.000000000000,38.000000000000,2.362319344498,a819683e89b607e4,8d15af1f9d36efa1,fc36e7b70ca39d5a,200,108,54.000000,307.750000,339.906519,0.800000,3.600000,395.603167,5.800000,380.548530,4.879630,4.764706,0.000000,0.530721,0.748744,0.431499,0.237337,400,4256,4256,32.000000,0,0,16,16,78,78,8,0,596.000000,527,0,0,65,97,0,65,13,9,4,0,13,4,4,2,2,0,0,0,0,52,40,52,92,54,38,0,0,0
1861,15000390,100,1,46.545365705425,75.000000000000,60.000000000000,2.822441081446,5449cc91fe04e55c,8d15af1f9d36efa1,3b103c50af014ced,200,163,81.500000,256.858896,230.905309,1.000000,3.300000,252.165681,4.903333,296.288383,3.944785,4.814930,0.000000,0.479352,0.747475,0.383509,0.199253,400,4080,4080,32.000000,0,0,16,16,71,71,18,0,592.000000,643,0,0,54,146,0,54,17,8,9,0,17,9,9,9,0,0,0,0,0,37,0,37,37,37,0,0,0,0
1862,15000391,100,1,79.410392415584,425.000000000000,59.000000000000,2.261323102840,8ed055205fa3bea4,8d15af1f9d36efa1,75350cc63296cd65,200,176,88.000000,256.176136,266.823622,1.000000,3.700000,292.428497,5.616667,292.851188,3.886364,4.954678,0.000000,0.451923,0.738220,0.369004,0.161765,400,4112,4112,32.000000,0,0,16,16,60,60,12,0,564.000000,684,0,0,42,158,0,42,18,12,6,0,18,6,6,6,0,0,0,0,0,24,0,24,24,24,0,0,0,0
1863,15000392,100,1,411.335081454932,175.000000000000,87.000000000000,1.938442864596,ed06d960bf30c78,8d15af1f9d36efa1,e4adc64f5be04e16,200,182,91.000000,248.170330,241.178204,1.000000,3.300000,265.120699,5.185000,293.735280,3.637363,4.954683,0.000000,0.453795,0.733333,0.376648,0.151282,400,4408,4408,32.000000,0,0,16,16,58,58,2,0,550.000000,662,0,0,38,162,0,38,20,19,1,0,20,1,1,1,0,0,0,0,0,18,0,18,18,18,0,0,0,0
1864,15000393,100,1,276.124959672540,175.000000000000,63.000000000000,1.704163075903,c8bedc9d175e4385,8d15af1f9d36efa1,5b7268ead09296c3,200,200,100.000000,222.675000,227.286800,1.000000,3.100000,258.639185,4.470000,262.527703,3.135000,4.416268,0.000000,0.452402,0.721448,0.389484,0.120617,400,4096,4096,32.000000,0,0,16,16,41,41,4,2,518.000000,627,0,0,20,180,0,20,20,18,2,0,20,2,2,2,0,0,0,0,0,0,0,0,0,0,0,0,0,0
1865,15000394,100,1,372.393663932182,425.000000000000,51.000000000000,2.329504643534,732dd0a8715a5cac,8d15af1f9d36efa1,fe86fdd43ce06440,200,149,74.500000,245.161074,251.975665,1.000000,3.600000,292.364166,5.055000,291.119015,3.785235,4.505319,0.000000,0.512953,0.748111,0.414938,0.223140,400,4008,4008,32.000000,0,0,16,16,77,77,8,0,594.000000,564,0,0,64,136,0,64,13,9,4,0,13,4,4,4,0,0,0,0,0,51,0,51,51,51,0,0,0,0
1866,15000395,100,1,407.571255226374,75.000000000000,62.000000000000,2.071683931785,cae78cf43e81a2e9,8d15af1f9d36efa1,c15dca3e3c2828b8,200,67,33.500000,217.194030,257.524950,1.000000,3.900000,317.904017,5.423810,249.289191,3.104478,4.774038,0.000000,0.777778,0.784483,0.657895,0.587302,400,4704,4704,32.000000,0,0,16,16,147,147,2,0,728.000000,208,0,0,140,60,0,140,7,6,1,0,7,1,1,1,0,0,0,0,0,133,0,133,133,133,0,0,0,0
1867,15000396,100,1,164.443031798982,75.000000000000,51.000000000000,2.005321221238,aaee5f1a9b172eb3,8d15af1f9d36efa1,82577ae9e71c703e,200,125,62.500000,243.592000,290.608933,1.000000,4.100000,327.148018,5.410000,291.783124,3.600000,4.922222,0.000000,0.584871,0.760192,0.470588,0.309816,400,4032,4032,32.000000,0,0,16,16,101,101,0,0,634.000000,450,0,0,88,112,0,88,13,13,0,0,13,0,0,0,0,0,0,0,0,75,0,75,75,75,0,0,0,0
1868,15000397,100,1,438.282707889346,75.000000000000,55.000000000000,2.774522188912,3955a1e34a5e56dd,8d15af1f9d36efa1,21775d9dbf287a9d,200,153,76.500000,261.339869,244.394204,1.000000,3.600000,291.983287,5.333333,310.966046,4.137255,4.484992,0.000000,0.489104,0.751861,0.387222,0.215613,400,4304,4304,32.000000,0,0,16,16,83,83,8,0,606.000000,633,0,0,65,135,0,65,18,14,4,0,18,4,4,4,0,0,0,0,0,47,0,47,47,47,0,0,0,0
1869,15000398,100,1,492.303823445129,75.000000000000,66.000000000000,2.565007326725,7651f44a28e9415c,8d15af1f9d36efa1,9a9c2600c57432dd,200,165,82.500000,327.818182,329.355766,1.000000,5.000000,381.678979,4.679524,390.141737,4.993939,4.722087,0.000000,0.414773,0.744898,0.326797,0.155738,400,4256,4256,32.000000,0,0,16,16,65,65,22,0,584.000000,824,0,0,50,150,0,50,15,4,11,0,15,11,11,11,0,0,0,0,0,35,0,35,35,35,0,0,0,0
1870,15000399,100,1,253.452567440846,175.000000000000,57.000000000000,1.915886366302,3b8d4a0506024f17,8d15af1f9d36efa1,4ccb484092150714,200,190,95.000000,214.836842,227.154482,1.000000,3.500000,266.327495,4.523333,249.298932,3.389474,3.736025,0.000000,0.452381,0.726776,0.383142,0.134409,400,4352,4352,32.000000,0,0,16,16,49,49,2,2,532.000000,644,0,0,29,171,0,29,19,18,1,0,19,1,1,1,0,0,0,0,0,10,0,10,10,10,0,0,0,0
1871,15000400,100,1,307.184813889474,325.000000000000,47.000000000000,1.534824759190,3370fbf230ed414f,8d15af1f9d36efa1,e868f55111382b48,200,200,100.000000,266.925000,254.304546,1.000000,3.900000,319.049479,4.615476,315.980314,4.035000,4.546468,0.000000,0.391861,0.722222,0.331400,0.098324,400,4176,4176,32.000000,0,0,16,16,40,40,8,0,520.000000,807,0,0,20,180,0,20,20,16,4,0,20,4,4,4,0,0,0,0,0,0,0,0,0,0,0,0,0,0
1872,15000401,100,1,77.729922362455,75.000000000000,48.000000000000,2.806514573523,1828702cbdc1ebb,8d15af1f9d36efa1,31a2cbf86794168a,200,193,96.500000,220.455959,203.431825,1.000000,3.100000,236.651722,4.786667,246.155907,3.103627,4.176962,0.000000,0.473175,0.728997,0.400400,0.150355,400,3824,3824,32.000000,0,0,16,16,45,45,16,0,538.000000,599,0,0,26,174,0,26,19,11,8,0,19,8,8,8,0,0,0,0,0,7,0,7,7,7,0,0,0,0
1873,15000402,100,1,5.232497759858,175.000000000000,86.000000000000,2.386288200931,d5727c27a3e68249,8d15af1f9d36efa1,ce5d8d9f192c69e2,200,162,81.000000,226.530864,221.063601,1.000000,3.100000,238.247342,4.730000,257.879209,3.506173,4.619718,0.000000,0.508651,0.746193,0.413223,0.215470,400,4192,4192,32.000000,0,0,16,16,76,76,4,0,588.000000,568,0,0,57,143,0,57,19,17,2,0,19,2,2,2,0,0,0,0,0,38,0,38,38,38,0,0,0,0
1874,15000403,100,1,336.776551684500,175.000000000000,60.000000000000,2.586179304519,e5a8ccd6b2177300,8d15af1f9d36efa1,9a7da700c55a5d81,200,200,100.000000,234.175000,228.604603,1.000000,3.600000,278.734611,4.390238,288.082329,3.665000,4.364256,0.000000,0.412189,0.719888,0.353045,0.100613,400,4136,4136,32.000000,0,0,16,16,40,40,2,0,514.000000,733,0,0,20,180,0,20,20,19,1,0,20,1,1,1,0,0,0,0,0,0,0,0,0,0,0,0,0,0
1875,15000404,100,1,352.540736051036,175.000000000000,70.000000000000,1.935798970139,314ccbf94b95cd97,8d15af1f9d36efa1,d48508ea7938f89f,200,200,100.000000,208.300000,228.421557,1.000000,3.300000,259.857598,4.620000,251.267606,3.335000,4.605697,0.000000,0.435224,0.719888,0.374883,0.109479,400,4008,4008,32.000000,0,0,16,16,41,41,0,2,514.000000,667,0,0,20,180,0,20,20,20,0,0,20,0,0,0,0,0,0,0,0,0,0,0,0,0,0,0,0,0
1876,15000405,100,1,455.793406706678,325.000000000000,78.000000000000,2.525363028427,a08fc87ffd0c83d8,8d15af1f9d36efa1,82ab14e4a9672c0c,200,184,92.000000,302.413043,319.561468,1.000000,4.500000,354.227372,5.250833,375.471124,4.891304,4.888889,0.000000,0.379310,0.733333,0.307692,0.115914,400,4200,4200,32.000000,0,0,16,16,57,57,4,6,550.000000,900,0,0,35,165,0,35,19,17,2,0,19,2,2,2,0,0,0,0,0,16,0,16,16,16,0,0,0,0
1877,15000406,100,1,140.157392360024,75.000000000000,57.000000000000,1.936692769998,5463b7c9c9e0c3fe,8d15af1f9d36efa1,9b59e8f20d42816a,200,159,79.500000,199.968553,209.089384,1.000000,3.300000,264.116077,4.710952,212.219893,3.075472,4.204499,0.000000,0.545961,0.746193,0.449944,0.241860,400,4536,4536,32.000000,0,0,16,16,73,73,10,4,588.000000,489,0,0,56,144,0,56,15,10,5,0,15,5,5,5,0,0,0,0,0,41,0,41,41,41,0,0,0,0
1878,15000407,100,1,354.541147079325,175.000000000000,66.000000000000,2.099351239974,2998175de5674c6a,8d15af1f9d36efa1,7fa86fd36d946b38,200,200,100.000000,238.835000,248.041034,1.000000,3.800000,297.702373,4.733333,286.359896,3.865000,4.476067,0.000000,0.398444,0.719101,0.341006,0.093787,400,4240,4240,32.000000,0,0,16,16,40,40,0,0,512.000000,773,0,0,20,180,0,20,20,20,0,0,20,0,0,0,0,0,0,0,0,0,0,0,0,0,0,0,0,0
1879,15000408,100,1,128.920688294329,175.000000000000,60.000000000000,2.876008210410,dc60e6a5c7611cf0,8d15af1f9d36efa1,daa8ac9f9a6bc637,200,200,100.000000,278.130000,308.534162,1.000000,4.300000,364.810993,5.725000,352.132764,4.400000,4.350000,0.000000,0.370979,0.721836,0.312500,0.090909,400,4232,4232,31.000000,0,0,16,15,41,41,6,2,519.000000,880,0,0,20,180,0,20,20,17,3,0,20,3,3,3,0,0,0,0,0,0,0,0,0,0,0,0,0,0
1880,15000409,100,1,6.626402202850,175.000000000000,80.000000000000,2.849477908970,bdfb916a20a2d83a,8d15af1f9d36efa1,80325a9b2510d914,200,200,100.000000,251.700000,243.148891,1.000000,3.800000,311.156870,4.786667,292.531297,3.865000,4.235446,0.000000,0.404927,0.724518,0.341006,0.108420,400,4352,4352,32.000000,0,0,16,16,41,41,12,2,526.000000,773,0,0,20,180,0,20,20,14,6,0,20,6,6,6,0,0,0,0,0,0,0,0,0,0,0,0,0,0
1881,15000410,100,1,439.142524652216,325.000000000000,77.000000000000,2.505710087389,e136ab7d3ef46638,8d15af1f9d36efa1,7f1135b5c41aea4,200,192,96.000000,220.416667,224.711749,1.000000,3.200000,252.281628,5.383333,263.542459,3.437500,4.684848,0.000000,0.444444,0.725275,0.377358,0.126984,400,4072,4072,32.000000,0,0,16,16,46,46,4,0,528.000000,660,0,0,27,173,0,27,19,17,2,0,19,2,2,2,0,0,0,0,0,8,0,8,8,8,0,0,0,0
1882,15000411,100,1,100.894005061188,175.000000000000,88.000000000000,1.606337168130,b52e0dae3854c2a4,8d15af1f9d36efa1,2abb083c05982cac,200,194,97.000000,172.860825,161.793471,1.000000,2.300000,183.045862,5.426190,187.868627,2.412371,4.730769,0.000000,0.532000,0.726776,0.460829,0.176056,400,4064,4064,32.000000,0,0,16,16,47,47,6,2,532.000000,468,0,0,26,174,0,26,20,17,3,0,20,3,3,3,0,0,0,0,0,6,0,6,6,6,0,0,0,0
1883,15000412,100,1,311.538720701453,75.000000000000,48.000000000000,2.407237000999,6471bed0cbc1dc81,8d15af1f9d36efa1,3ab194ffec0ca43,200,146,73.000000,226.650685,237.616869,1.000000,3.700000,296.708644,5.621667,278.920773,3.534247,5.075581,0.000000,0.536804,0.749373,0.436681,0.243402,400,4864,4864,32.000000,0,0,16,16,82,82,2,0,598.000000,516,0,0,68,132,0,68,14,13,1,0,14,1,1,1,0,0,0,0,0,54,0,54,54,54,0,0,0,0
1884,15000413,100,1,363.717362137845,175.000000000000,73.000000000000,2.128328966391,7f8cdaa5266a5591,8d15af1f9d36efa1,ddea8c4f5895abf7,200,195,97.500000,283.753846,303.495854,1.000000,4.200000,338.723102,4.701786,351.418983,4.456410,4.747986,0.000000,0.377953,0.725275,0.315209,0.099482,400,3960,3960,32.000000,0,0,16,16,46,46,4,2,528.000000,869,0,0,25,175,0,25,20,18,2,0,20,2,2,2,0,0,0,0,0,5,0,5,5,5,0,0,0,0
1885,15000414,100,1,157.592403484815,425.000000000000,48.000000000000,2.305058211849,6efd28bf4ca82577,8d15af1f9d36efa1,97a782fdacc4d341,200,172,86.000000,217.703488,205.384121,1.000000,3.000000,234.384861,4.941667,224.598547,2.906977,4.684000,0.000000,0.536178,0.742931,0.444444,0.226006,400,4008,4008,32.000000,0,0,16,16,67,67,12,6,578.000000,500,0,0,46,154,0,46,18,12,6,0,18,6,6,6,0,0,0,0,0,28,0,28,28,28,0,0,0,0
1886,15000415,100,1,457.968550992512,75.000000000000,64.000000000000,2.414407253744,ded52c529d36c804,8d15af1f9d36efa1,9ae68000c5b30445,200,174,87.000000,242.718391,238.829537,1.000000,3.200000,268.984106,5.456667,271.875671,3.316092,5.142114,0.000000,0.495188,0.738903,0.409417,0.188467,400,4432,4432,32.000000,0,0,16,16,62,62,10,0,566.000000,577,0,0,44,156,0,44,18,13,5,0,18,5,5,5,0,0,0,0,0,26,0,26,26,26,0,0,0,0
1887,15000416,100,1,473.126634095107,425.000000000000,56.000000000000,1.766145249998,b7ef943e7c6319e4,8d15af1f9d36efa1,9ba51700c6552de2,200,152,76.000000,308.243421,301.450275,1.000000,4.100000,352.918144,4.754048,358.984359,4.296053,4.117917,0.000000,0.479681,0.750623,0.379867,0.206561,400,4088,4088,32.000000,0,0,16,16,79,79,12,2,602.000000,653,0,0,63,137,0,63,15,9,6,0,15,6,6,6,0,0,0,0,0,48,0,48,48,48,0,0,0,0
1888,15000417,100,1,384.591706131286,325.000000000000,56.000000000000,2.530789366473,19be80f8ba4970a8,8d15af1f9d36efa1,13155a2adf402165,200,196,98.000000,250.647959,248.377054,1.000000,3.700000,290.364080,4.493571,293.525000,3.790816,4.487214,0.000000,0.413575,0.723757,0.349956,0.110180,400,4136,4136,32.000000,0,0,16,16,44,44,4,0,524.000000,743,0,0,24,176,0,24,20,18,2,0,20,2,2,2,0,0,0,0,0,4,0,4,4,4,0,0,0,0
1889,15000418,100,1,377.041340175207,75.000000000000,56.000000000000,2.266291225743,58bbc0e310836515,8d15af1f9d36efa1,1fb54294e34cb81f,200,136,68.000000,213.985294,205.923700,1.000000,3.100000,235.534115,4.505000,223.988202,2.985294,4.401478,0.000000,0.606589,0.757869,0.496278,0.323333,400,3960,3960,32.000000,0,0,16,16,90,90,14,0,626.000000,406,0,0,77,123,0,77,13,6,7,0,13,7,7,7,0,0,0,0,0,64,0,64,64,64,0,0,0,0
1890,15000419,100,1,493.402180460989,325.000000000000,89.000000000000,1.715762547882,3721785361a330b0,8d15af1f9d36efa1,9ae39300c5b0eeb7,200,197,98.500000,214.426396,195.941376,1.000000,2.900000,225.077814,4.936667,220.333587,2.944162,4.724138,0.000000,0.479354,0.727520,0.408163,0.149560,400,4088,4088,32.000000,0,0,16,16,44,44,14,2,534.000000,580,0,0,23,177,0,23,20,13,7,0,20,7,7,7,0,0,0,0,0,3,0,3,3,3,0,0,0,0
1891,15000420,100,1,481.921727632048,75.000000000000,66.000000000000,2.564391558184,460f8707c4c8b74,8d15af1f9d36efa1,dfb2b24c632d0b52,200,125,62.500000,263.512000,239.502467,1.000000,3.100000,257.350167,5.175000,270.499246,3.320000,4.701205,0.000000,0.613953,0.767442,0.490798,0.354588,400,4600,4600,32.000000,0,0,16,16,108,108,12,14,660.000000,415,0,0,88,112,0,88,13,7,6,0,13,6,6,6,0,0,0,0,0,75,0,75,75,75,0,0,0,0
1892,15000421,100,1,50.930296583534,425.000000000000,58.000000000000,2.813064082501,93574a322dce5700,8d15af1f9d36efa1,a3c6d4228c175585,200,176,88.000000,181.954545,200.645170,1.000000,2.800000,211.069540,4.586429,206.824127,2.625000,4.610390,0.000000,0.549708,0.738220,0.464037,0.222222,400,4272,4272,32.000000,0,0,16,16,65,65,2,6,564.000000,462,0,0,43,157,0,43,19,18,1,0,19,1,1,1,0,0,0,0,0,24,0,24,24,24,0,0,0,0
1893,15000422,100,1,69.630092108395,75.000000000000,65.000000000000,2.154982269814,b8ff6e6e8db73084,8d15af1f9d36efa1,52036aa3a6c89807,200,131,65.500000,282.076336,233.452432,1.000000,3.400000,279.333664,4.810000,332.219419,3.984733,5.013410,0.000000,0.546875,0.759036,0.433839,0.275000,400,4408,4408,32.000000,0,0,16,16,97,97,4,4,630.000000,522,0,0,82,118,0,82,13,11,2,0,13,2,2,2,0,0,0,0,0,69,0,69,69,69,0,0,0,0
1894,15000423,100,1,106.946697882101,75.000000000000,68.000000000000,1.652916953992,eb720ab526303dd1,8d15af1f9d36efa1,1070ae4f74ca602e,200,151,75.500000,211.543046,211.502410,1.000000,3.200000,237.110753,4.528333,228.614316,3.158940,4.404612,0.000000,0.557103,0.750000,0.456100,0.260465,400,3992,3992,32.000000,0,0,16,16,79,79,10,0,600.000000,477,0,0,64,136,0,64,15,10,5,0,15,5,5,5,0,0,0,0,0,49,0,49,49,49,0,0,0,0
1895,15000424,100,1,365.030363646825,325.000000000000,71.000000000000,1.944398689112,1d7704d7eb7e9c04,8d15af1f9d36efa1,3ce84b327f15e26c,200,200,100.000000,243.725000,273.518826,1.000000,4.000000,303.919871,4.993333,296.254507,4.100000,4.552439,0.000000,0.385307,0.719888,0.327869,0.090909,400,4000,4000,32.000000,0,0,16,16,41,41,0,2,514.000000,820,0,0,20,180,0,20,20,20,0,0,20,0,0,0,0,0,0,0,0,0,0,0,0,0,0,0,0,0
1896,15000425,100,1,438.307344606987,175.000000000000,79.000000000000,2.234015408723,b0cbb3c55dc12c83,8d15af1f9d36efa1,6da0451a578dcd9,200,191,95.500000,219.031414,210.965905,1.000000,3.000000,238.706667,4.083333,248.684272,3.193717,4.142623,0.000000,0.466783,0.727520,0.396040,0.143258,400,3992,3992,32.000000,0,0,16,16,49,49,4,0,534.000000,610,0,0,29,171,0,29,20,18,2,0,20,2,2,2,0,0,0,0,0,9,0,9,9,9,0,0,0,0
1897,15000426,100,1,187.750296418123,75.000000000000,29.000000000000,2.578493659201,7ca8efbd0765eb41,8d15af1f9d36efa1,44926b4f925d1e65,200,164,82.000000,259.554878,261.299604,1.000000,3.800000,303.452037,4.872143,300.223181,3.768293,4.454693,0.000000,0.485000,0.744246,0.392927,0.195312,400,4208,4208,32.000000,0,0,16,16,70,70,10,0,582.000000,618,0,0,53,147,0,53,17,12,5,0,17,5,5,5,0,0,0,0,0,36,0,36,36,36,0,0,0,0
1898,15000427,100,1,80.265945685011,75.000000000000,54.000000000000,2.435082962528,e204563b596c9d5d,8d15af1f9d36efa1,db9d9f68b2ccf8b,200,183,91.500000,228.568306,228.478117,1.000000,3.300000,266.578083,5.241667,253.873034,3.202186,4.356655,0.000000,0.485062,0.734043,0.405680,0.169972,400,3936,3936,32.000000,0,0,16,16,53,53,14,0,552.000000,586,0,0,35,165,0,35,18,11,7,0,18,7,7,7,0,0,0,0,0,17,0,17,17,17,0,0,0,0
1899,15000428,100,1,131.253044313926,425.000000000000,45.000000000000,2.720353138135,4f3b50ef92c50e68,8d15af1f9d36efa1,7369d6fcfcbe0518,200,159,79.500000,303.849057,288.054315,1.000000,4.200000,326.322602,4.291667,359.035992,4.578616,4.267857,0.000000,0.448485,0.747475,0.354610,0.180180,400,4168,4168,32.000000,0,0,16,16,73,73,14,0,592.000000,728,0,0,57,143,0,57,16,9,7,0,16,7,7,7,0,0,0,0,0,41,0,41,41,41,0,0,0,0
1900,15000429,100,1,392.369396861423,425.000000000000,68.000000000000,1.594690450129,adc6acac793b1e33,8d15af1f9d36efa1,e10277510d62b44d,200,173,86.500000,239.722543,226.612576,1.000000,3.400000,276.512205,4.223333,269.556157,3.421965,3.868243,0.000000,0.495741,0.744246,0.403226,0.202156,400,3864,3864,32.000000,0,0,16,16,70,70,10,10,582.000000,592,0,0,46,154,0,46,19,14,5,0,19,5,5,5,0,0,0,0,0,27,0,27,27,27,0,0,0,0
1901,15000430,100,1,65.254726761227,175.000000000000,80.000000000000,2.140938921950,7446b17e962f48f5,8d15af1f9d36efa1,649ff5d3c16ca5ad,200,182,91.000000,258.016484,241.527498,1.000000,3.400000,271.796392,4.381667,291.813754,3.543956,4.489922,0.000000,0.465617,0.737533,0.382775,0.167742,400,4152,4152,32.000000,0,0,16,16,60,60,10,4,562.000000,645,0,0,38,162,0,38,20,15,5,0,20,5,5,5,0,0,0,0,0,18,0,18,18,18,0,0,0,0
1902,15000431,100,1,88.880273895737,175.000000000000,75.000000000000,2.208385199142,3166acf6a96107ef,8d15af1f9d36efa1,98df244f318c58e4,200,198,99.000000,257.227273,273.168149,1.000000,3.800000,309.562048,4.657857,295.444979,3.792929,4.021305,0.000000,0.411442,0.724138,0.347524,0.111243,400,3920,3920,31.000000,0,0,16,15,45,45,4,6,525.000000,751,0,0,22,178,0,22,20,18,2,0,20,2,2,2,0,0,0,0,0,2,0,2,2,2,0,0,0,0
1903,15000432,100,1,324.409937547499,325.000000000000,59.000000000000,2.333442983482,6e39e62b18afe115,8d15af1f9d36efa1,ad48e99965f8edf7,200,200,100.000000,235.685000,272.172335,1.000000,3.600000,289.858732,6.135000,294.702584,3.600000,6.083333,0.000000,0.415584,0.719101,0.357143,0.100000,400,4480,4480,32.000000,0,0,16,16,40,40,0,0,512.000000,720,0,0,20,180,0,20,20,20,0,0,20,0,0,0,0,0,0,0,0,0,0,0,0,0,0,0,0,0
1904,15000433,100,1,282.597589998835,175.000000000000,65.000000000000,1.644881401354,ff4e73b13c4f7909,8d15af1f9d36efa1,e17126c9f69a0ec4,200,193,96.500000,261.471503,277.317823,1.000000,4.100000,325.291653,5.444881,329.950307,4.383420,4.648936,0.000000,0.383382,0.724518,0.321027,0.100000,400,4208,4208,32.000000,0,0,16,16,45,45,4,0,526.000000,846,0,0,26,174,0,26,19,17,2,0,19,2,2,2,0,0,0,0,0,7,0,7,7,7,0,0,0,0
1905,15000434,100,1,156.858333084067,325.000000000000,70.000000000000,2.275098394134,542337bb1dba7c13,8d15af1f9d36efa1,b469008bf21b6ca,200,187,93.500000,287.374332,315.127130,1.000000,4.200000,347.312142,4.799524,354.606217,4.203209,4.487277,0.000000,0.407240,0.729730,0.337268,0.120805,400,4056,4056,32.000000,0,0,16,16,53,53,2,0,540.000000,786,0,0,33,167,0,33,20,19,1,0,20,1,1,1,0,0,0,0,0,13,0,13,13,13,0,0,0,0
1906,15000435,100,1,390.058017335932,325.000000000000,63.000000000000,2.467280918206,6e01e5ce0dc35ccf,8d15af1f9d36efa1,10bed24f750cbeab,200,196,98.000000,253.964286,257.417309,1.000000,4.100000,318.202115,5.294444,313.262764,4.163265,5.061275,0.000000,0.391045,0.723757,0.328947,0.101322,400,4352,4352,32.000000,0,0,16,16,44,44,4,0,524.000000,816,0,0,24,176,0,24,20,18,2,0,20,2,2,2,0,0,0,0,0,4,0,4,4,4,0,0,0,0
1907,15000436,100,1,263.405252745522,175.000000000000,62.000000000000,1.870863946669,236ef9e74d622ce,8d15af1f9d36efa1,f457eef3643f1dea,200,198,99.000000,240.414141,260.330680,1.000000,3.800000,296.682233,4.511429,283.228999,3.858586,4.058901,0.000000,0.407752,0.724518,0.343643,0.109557,400,3840,3840,32.000000,0,0,16,16,43,43,8,2,526.000000,764,0,0,22,178,0,22,20,16,4,0,20,4,4,4,0,0,0,0,0,2,0,2,2,2,0,0,0,0
1908,15000437,100,1,167.177641863133,75.000000000000,48.000000000000,2.460275545655,e3426a864583dafb,8d15af1f9d36efa1,e4e822507e55ff80,200,91,45.500000,268.329670,249.798517,1.000000,3.700000,287.012488,4.851667,317.295397,4.021978,5.000000,0.000000,0.654717,0.776286,0.522193,0.417197,400,4496,4496,32.000000,0,0,16,16,129,129,4,0,694.000000,366,0,0,119,81,0,119,10,8,2,0,10,2,2,2,0,0,0,0,0,109,0,109,109,109,0,0,0,0
1909,15000438,100,1,358.600244564342,425.000000000000,53.000000000000,2.235297173755,6acbee4d5774df98,8d15af1f9d36efa1,e5c10d4f5cca2fc2,200,154,77.000000,229.779221,208.946037,1.000000,3.700000,297.214338,4.312500,277.777896,3.415584,4.228137,0.000000,0.536972,0.753086,0.431965,0.252841,400,3912,3912,32.000000,0,0,16,16,85,85,8,14,610.000000,526,0,0,62,138,0,62,16,12,4,0,16,4,4,4,0,0,0,0,0,46,0,46,46,46,0,0,0,0
1910,15000439,100,1,186.426598996013,425.000000000000,37.000000000000,2.388847172623,8936eff0b601e601,8d15af1f9d36efa1,69a97768e6ab0a97,200,130,65.000000,226.346154,235.930938,1.000000,3.300000,247.421083,5.608333,260.669767,3.269231,4.480000,0.000000,0.595623,0.757869,0.484848,0.313409,400,4024,4024,32.000000,0,0,16,16,94,94,6,0,626.000000,425,0,0,82,118,0,82,12,9,3,0,12,3,3,3,0,0,0,0,0,70,0,70,70,70,0,0,0,0
1911,15000440,100,1,357.250242214559,175.000000000000,74.000000000000,2.132186981369,eceee23694341fbb,8d15af1f9d36efa1,d1ff6bc5dd67f4c,200,184,92.000000,273.554348,287.699663,1.000000,4.400000,349.765075,5.473333,347.613941,4.614130,4.283863,0.000000,0.387004,0.728261,0.320256,0.109129,400,4136,4136,32.000000,0,0,16,16,52,52,0,0,536.000000,849,0,0,34,166,0,34,18,18,0,0,18,0,0,0,0,0,0,0,0,16,0,16,16,16,0,0,0,0
1912,15000441,100,1,117.144835469507,75.000000000000,62.000000000000,1.917147144029,318b233e7231f3de,8d15af1f9d36efa1,e92cdd77417b90e3,200,138,69.000000,244.543478,204.118981,1.000000,2.800000,230.641656,4.796667,285.345890,3.586957,4.420202,0.000000,0.555256,0.755501,0.446927,0.273128,400,4056,4056,32.000000,0,0,16,16,90,90,6,0,618.000000,495,0,0,76,124,0,76,14,11,3,0,14,3,3,3,0,0,0,0,0,62,0,62,62,62,0,0,0,0
1913,15000442,100,1,176.096292821188,425.000000000000,49.000000000000,2.620001030726,f8f707fec49211e5,8d15af1f9d36efa1,3dae3511591b877f,200,121,60.500000,208.983471,183.130835,1.000000,3.100000,245.084512,5.127143,238.354947,3.074380,5.161290,0.000000,0.631683,0.761337,0.518135,0.356401,400,4344,4344,32.000000,0,0,16,16,101,101,4,0,638.000000,372,0,0,90,110,0,90,11,9,2,0,11,2,2,2,0,0,0,0,0,79,0,79,79,79,0,0,0,0
1914,15000443,100,1,64.113354439084,325.000000000000,83.000000000000,1.591752106654,360edccf7ce75878,8d15af1f9d36efa1,63b1f057fb917f97,200,171,85.500000,268.818713,254.460592,1.000000,3.600000,281.265720,4.211667,311.631257,3.923977,4.120715,0.000000,0.461909,0.742268,0.373483,0.176687,400,3928,3928,32.000000,0,0,16,16,69,69,6,0,576.000000,671,0,0,49,151,0,49,20,17,3,0,20,3,3,3,0,0,0,0,0,29,0,29,29,29,0,0,0,0
1915,15000444,100,1,145.863879940701,175.000000000000,47.000000000000,2.807413733568,215d17ba233c4185,8d15af1f9d36efa1,5e5c0dfcf7664663,200,197,98.500000,183.208122,182.913165,1.000000,2.700000,207.797974,4.980000,206.119279,2.664975,4.662857,0.000000,0.500476,0.724518,0.432432,0.151858,400,4328,4328,32.000000,0,0,16,16,47,47,0,8,526.000000,525,0,0,23,177,0,23,20,20,0,0,20,0,0,0,0,0,0,0,0,3,0,3,3,3,0,0,0,0
1916,15000445,100,1,322.210055528413,75.000000000000,32.000000000000,2.636027002988,e55f3f278eee9229,8d15af1f9d36efa1,ecffd65082c270e9,200,178,89.000000,268.511236,267.562846,1.000000,3.900000,319.894035,4.798810,312.567608,4.000000,4.776685,0.000000,0.439370,0.736148,0.359712,0.150358,400,4288,4288,32.000000,0,0,16,16,58,58,10,0,558.000000,712,0,0,40,160,0,40,18,13,5,0,18,5,5,5,0,0,0,0,0,22,0,22,22,22,0,0,0,0
1917,15000446,100,1,369.396614900273,325.000000000000,49.000000000000,2.938120438304,4c8d578fc6f82ffa,8d15af1f9d36efa1,d28fd87a5fe1919d,200,200,100.000000,211.190000,212.780331,1.000000,3.200000,244.741872,4.620000,244.360944,3.235000,4.443586,0.000000,0.443680,0.720670,0.382044,0.114911,400,4056,4056,32.000000,0,0,16,16,40,40,4,0,516.000000,647,0,0,20,180,0,20,20,18,2,0,20,2,2,2,0,0,0,0,0,0,0,0,0,0,0,0,0,0
1918,15000447,100,1,252.393776957523,425.000000000000,41.000000000000,2.034845318449,1bd556dfae13ea23,8d15af1f9d36efa1,9a958c00c56ec181,200,175,87.500000,270.777143,248.614409,1.000000,3.700000,288.051461,4.080000,315.874020,4.154286,3.933975,0.000000,0.438610,0.739583,0.354925,0.157590,400,3968,3968,32.000000,0,0,16,16,62,62,12,2,568.000000,727,0,0,43,157,0,43,18,12,6,0,18,6,6,6,0,0,0,0,0,25,0,25,25,25,0,0,0,0
1919,15000448,100,1,315.458371879953,175.000000000000,65.000000000000,1.895039391734,1ef4b6b411544a32,8d15af1f9d36efa1,9ac87500c599f405,200,198,99.000000,227.116162,254.236169,1.000000,3.400000,286.311968,5.475000,271.920836,3.404040,4.879822,0.000000,0.435511,0.722222,0.372439,0.115486,400,4136,4136,32.000000,0,0,16,16,43,43,2,2,520.000000,674,0,0,22,178,0,22,20,19,1,0,20,1,1,1,0,0,0,0,0,2,0,2,2,2,0,0,0,0
1920,15000449,100,1,396.654960195510,425.000000000000,47.000000000000,2.497591292672,72fbcecdd97f2910,8d15af1f9d36efa1,92fc1c50e12c3f7f,200,104,52.000000,266.019231,292.346591,1.000000,4.000000,338.357582,4.700000,307.762533,3.788462,4.220812,0.000000,0.631776,0.771689,0.503778,0.382445,400,3896,3896,32.000000,0,0,16,16,120,120,4,0,676.000000,394,0,0,108,92,0,108,12,10,2,0,12,2,2,2,0,0,0,0,0,96,0,96,96,96,0,0,0,0
1921,15000450,100,1,167.936118657229,175.000000000000,53.000000000000,2.137708078503,bd6c9d0853af861f,8d15af1f9d36efa1,222587082403372e,200,200,100.000000,231.060000,229.545734,1.000000,3.200000,254.168276,4.986667,256.897189,3.300000,4.768182,0.000000,0.440678,0.722222,0.377358,0.117647,400,4184,4184,32.000000,0,0,16,16,44,44,0,8,520.000000,660,0,0,20,180,0,20,20,20,0,0,20,0,0,0,0,0,0,0,0,0,0,0,0,0,0,0,0,0
1922,15000451,100,1,382.217658698650,75.000000000000,45.000000000000,2.192812348278,fcafa7fccce6cd1b,8d15af1f9d36efa1,784b5350d1dad973,200,146,73.000000,236.287671,223.866914,1.000000,3.100000,254.587142,5.211667,275.023043,3.493151,5.094118,0.000000,0.543828,0.752475,0.439560,0.256560,400,4104,4104,32.000000,0,0,16,16,82,82,12,0,608.000000,510,0,0,68,132,0,68,14,8,6,0,14,6,6,6,0,0,0,0,0,54,0,54,54,54,0,0,0,0
1923,15000452,100,1,230.070311652448,325.000000000000,54.000000000000,1.954471657280,6b93c6a2396bd927,8d15af1f9d36efa1,d007e85103dddbd2,200,193,96.500000,209.538860,222.555295,1.000000,3.100000,239.552866,5.035714,242.398471,3.062176,4.881557,0.000000,0.469003,0.722992,0.403633,0.132159,400,4336,4336,32.000000,0,0,16,16,45,45,0,0,522.000000,591,0,0,26,174,0,26,19,19,0,0,19,0,0,0,0,0,0,0,0,7,0,7,7,7,0,0,0,0
1924,15000453,100,1,180.313422100591,325.000000000000,53.000000000000,2.636313045381,77bbafb043edef6d,8d15af1f9d36efa1,d5cb124aec58608a,200,186,93.000000,235.586022,263.522586,1.000000,3.600000,292.999332,4.680000,296.492597,3.645161,4.735988,0.000000,0.440594,0.727520,0.371058,0.130769,400,4208,4208,32.000000,0,0,16,16,50,50,2,0,534.000000,678,0,0,32,168,0,32,18,17,1,0,18,1,1,1,0,0,0,0,0,14,0,14,14,14,0,0,0,0
1925,15000454,100,1,458.518904747677,175.000000000000,87.000000000000,1.509575313539,b564d7a6726c7480,8d15af1f9d36efa1,614c18fbbb3ae50,200,132,66.000000,300.371212,280.312965,1.000000,4.100000,329.455455,5.042381,331.813645,4.371212,4.003466,0.000000,0.552366,0.780702,0.409417,0.326721,400,4016,4016,32.000000,0,0,16,16,138,138,4,68,712.000000,577,0,0,86,114,0,86,18,16,2,0,18,2,2,2,0,0,0,0,0,68,0,68,68,68,0,0,0,0
1926,15000455,100,1,61.384736656569,175.000000000000,79.000000000000,2.487008432365,3799afdb0e92cbec,8d15af1f9d36efa1,fb7d9b5ea5298e15,200,200,100.000000,231.645000,217.877668,1.000000,3.400000,249.793931,5.398571,274.185046,3.600000,4.305556,0.000000,0.419355,0.722222,0.357143,0.108911,400,4336,4336,32.000000,0,0,16,16,40,40,8,0,520.000000,720,0,0,20,180,0,20,20,16,4,0,20,4,4,4,0,0,0,0,0,0,0,0,0,0,0,0,0,0
1927,15000456,100,1,126.228285254171,75.000000000000,52.000000000000,2.029719162102,e04d3840d790ad6d,8d15af1f9d36efa1,a98e8bc15c1e7152,200,132,66.000000,226.871212,222.089169,1.000000,3.100000,254.374247,5.510000,247.609476,2.931818,5.609819,0.000000,0.620960,0.760192,0.508259,0.342954,400,4256,4256,32.000000,0,0,16,16,98,98,6,0,634.000000,387,0,0,83,117,0,83,15,12,3,0,15,3,3,3,0,0,0,0,0,68,0,68,68,68,0,0,0,0
1928,15000457,100,1,179.751527038016,175.000000000000,65.000000000000,2.190164600277,b7a191eb249234e8,8d15af1f9d36efa1,8732a4b63a83a52d,200,191,95.500000,283.680628,300.400507,1.000000,4.300000,349.165968,5.055714,346.948737,4.387435,4.760143,0.000000,0.390102,0.728261,0.323102,0.110403,400,3816,3816,32.000000,0,0,16,16,50,50,4,2,536.000000,838,0,0,29,171,0,29,20,18,2,0,20,2,2,2,0,0,0,0,0,9,0,9,9,9,0,0,0,0
1929,15000458,100,1,50.056202606167,75.000000000000,63.000000000000,2.538993734480,b14f6bf2c40409f7,8d15af1f9d36efa1,e05b544fea9091de,200,148,74.000000,177.371622,174.135098,1.000000,2.500000,192.708267,6.233333,192.498126,2.581081,5.876963,0.000000,0.611789,0.750623,0.511509,0.307971,400,4264,4264,32.000000,0,0,16,16,82,82,6,0,602.000000,382,0,0,67,133,0,67,15,12,3,0,15,3,3,3,0,0,0,0,0,52,0,52,52,52,0,0,0,0
1930,15000459,100,1,357.043302045454,75.000000000000,52.000000000000,2.124017601047,6961d5d23726ba30,8d15af1f9d36efa1,cd87a264a1d2ab1,200,198,99.000000,254.590909,278.224134,1.000000,3.600000,302.267428,4.516667,306.265608,3.696970,4.564208,0.000000,0.414400,0.721448,0.353357,0.105134,400,3856,3856,32.000000,0,0,16,16,42,42,2,0,518.000000,732,0,0,22,178,0,22,20,19,1,0,20,1,1,1,0,0,0,0,0,2,0,2,2,2,0,0,0,0
1931,15000460,100,1,353.556442860080,75.000000000000,53.000000000000,2.258594668916,43eb4081e8726228,8d15af1f9d36efa1,4efc32a78277281a,200,151,75.500000,227.947020,232.795895,1.000000,3.400000,263.005103,5.403333,255.806370,3.370861,4.960707,0.000000,0.540199,0.749373,0.440044,0.245926,400,4696,4696,32.000000,0,0,16,16,80,80,6,2,598.000000,509,0,0,64,136,0,64,15,12,3,0,15,3,3,3,0,0,0,0,0,49,0,49,49,49,0,0,0,0
1932,15000461,100,1,116.254505870410,425.000000000000,64.000000000000,1.596976819404,fee353c8d312e203,8d15af1f9d36efa1,4a57b836eb5f5e4d,200,143,71.500000,212.146853,269.360003,1.000000,3.600000,295.097503,5.447381,227.999885,2.818182,5.071960,0.000000,0.608358,0.757869,0.498132,0.324958,400,4200,4200,32.000000,0,0,16,16,95,95,4,12,626.000000,403,0,0,73,127,0,73,16,14,2,0,16,2,2,2,0,0,0,0,0,57,0,57,57,57,0,0,0,0
1933,15000462,100,1,462.243380250801,75.000000000000,56.000000000000,2.803840723602,1de35a98f52e5b45,8d15af1f9d36efa1,17756cc9c992222b,200,158,79.000000,341.613924,336.558202,1.000000,4.800000,407.534786,5.454286,400.478304,5.164557,4.007353,0.000000,0.425352,0.751244,0.328947,0.174089,400,4312,4312,32.000000,0,0,16,16,76,76,20,4,604.000000,816,0,0,58,142,0,58,16,6,10,0,16,10,10,10,0,0,0,0,0,42,0,42,42,42,0,0,0,0
1934,15000463,100,1,21.749336787937,75.000000000000,67.000000000000,2.097745685354,35dffe306c7e6c1f,8d15af1f9d36efa1,9ab3d900c58841e7,200,123,61.500000,220.081301,243.406749,1.000000,3.400000,279.263955,4.747143,235.291763,2.983740,3.880109,0.000000,0.636993,0.763033,0.521512,0.366149,400,3952,3952,32.000000,0,0,16,16,102,102,8,2,644.000000,367,0,0,89,111,0,89,12,8,4,0,12,4,4,4,0,0,0,0,0,77,0,77,77,77,0,0,0,0
1935,15000464,100,1,388.839110239902,425.000000000000,47.000000000000,2.654824978646,289d9483f8c3fb2a,8d15af1f9d36efa1,63c69ffa792e559f,200,164,82.000000,223.243902,231.346405,1.000000,3.000000,245.396711,5.485000,243.626629,3.060976,4.651394,0.000000,0.541133,0.747475,0.443459,0.241692,400,3888,3888,32.000000,0,0,16,16,74,74,12,8,592.000000,502,0,0,53,147,0,53,17,11,6,0,17,6,6,6,0,0,0,0,0,36,0,36,36,36,0,0,0,0
1936,15000465,100,1,474.605984546035,75.000000000000,69.000000000000,2.594276110458,f994ea3620d85cee,8d15af1f9d36efa1,974cf8f5ad87d50f,200,168,84.000000,233.392857,233.010654,1.000000,3.300000,250.795973,5.361667,253.899995,3.255952,5.427788,0.000000,0.512043,0.741602,0.422386,0.206096,400,4040,4040,32.000000,0,0,16,16,67,67,8,2,574.000000,547,0,0,49,151,0,49,17,13,4,0,17,4,4,4,0,0,0,0,0,32,0,32,32,32,0,0,0,0
1937,15000466,100,1,2.112108739414,75.000000000000,71.000000000000,2.020213019651,a25a7fbb06da7b96,8d15af1f9d36efa1,92f74c44d1551ce1,200,159,79.500000,254.842767,226.270888,1.000000,3.300000,254.239171,3.466667,288.596853,3.779874,3.906822,0.000000,0.494958,0.746515,0.399600,0.208169,400,3880,3880,31.000000,0,0,16,15,73,73,12,0,589.000000,601,0,0,57,143,0,57,16,10,6,0,16,6,6,6,0,0,0,0,0,41,0,41,41,41,0,0,0,0
1938,15000467,100,1,407.702726596970,325.000000000000,61.000000000000,2.766261125748,7ddb2ad2e37aded5,8d15af1f9d36efa1,28ac950760a1c96,200,200,100.000000,298.490000,305.292422,1.000000,4.800000,375.875295,4.310952,359.726352,4.865000,3.971223,0.000000,0.350901,0.724518,0.291333,0.088097,400,3984,3984,32.000000,0,0,16,16,42,42,10,4,526.000000,973,0,0,20,180,0,20,20,15,5,0,20,5,5,5,0,0,0,0,0,0,0,0,0,0,0,0,0,0
1939,15000468,100,1,495.699638577892,325.000000000000,88.000000000000,1.865828033722,50779eb42b429dd,8d15af1f9d36efa1,b129225061174ccb,200,186,93.000000,240.193548,219.295314,1.000000,3.300000,249.293590,4.690000,262.052724,3.612903,4.099702,0.000000,0.454545,0.736842,0.373134,0.160000,400,4536,4536,32.000000,0,0,16,16,54,54,20,0,560.000000,672,0,0,34,166,0,34,20,10,10,0,20,10,10,10,0,0,0,0,0,14,0,14,14,14,0,0,0,0
1940,15000469,100,1,306.616718566939,425.000000000000,35.000000000000,2.207908591062,c978bfc9f84df8a1,8d15af1f9d36efa1,61b1e7cd9b835cf2,200,152,76.000000,255.243421,280.105302,1.000000,3.700000,295.457053,5.300000,292.393147,3.638158,5.160940,0.000000,0.522040,0.751244,0.419727,0.237241,400,4360,4360,32.000000,0,0,16,16,78,78,16,0,604.000000,553,0,0,63,137,0,63,15,7,8,0,15,8,8,8,0,0,0,0,0,48,0,48,48,48,0,0,0,0
1941,15000470,100,1,475.916315987492,425.000000000000,63.000000000000,2.306963174400,8b35ee86452458ff,8d15af1f9d36efa1,8983ef60c65edd0d,200,89,44.500000,278.561798,290.510937,1.000000,3.900000,322.560646,4.570000,284.826940,3.483146,4.519355,0.000000,0.697266,0.781182,0.563380,0.476351,400,4144,4144,32.000000,0,0,16,16,135,135,12,0,714.000000,310,0,0,123,77,0,123,12,6,6,0,12,6,6,6,0,0,0,0,0,111,0,111,111,111,0,0,0,0
1942,15000471,100,1,394.143253621400,425.000000000000,44.000000000000,2.721681070333,fcf05ea32aa025c3,8d15af1f9d36efa1,9b5db500c61884b9,200,152,76.000000,210.980263,235.853402,1.000000,3.200000,253.230495,4.729762,242.123857,3.125000,4.854737,0.000000,0.554827,0.747475,0.457143,0.251969,400,4160,4160,32.000000,0,0,16,16,76,76,8,0,592.000000,475,0,0,62,138,0,62,14,10,4,0,14,4,4,4,0,0,0,0,0,48,0,48,48,48,0,0,0,0
1943,15000472,100,1,53.707039424898,425.000000000000,65.000000000000,2.371381543811,36c3d80ba49d60ff,8d15af1f9d36efa1,9b460c00c60486ad,200,140,70.000000,226.564286,261.285877,1.000000,3.700000,288.804725,5.181667,271.474531,3.485714,4.540984,0.000000,0.559567,0.756098,0.450450,0.278107,400,3824,3824,32.000000,0,0,16,16,92,92,4,12,620.000000,488,0,0,73,127,0,73,13,11,2,0,13,2,2,2,0,0,0,0,0,60,0,60,60,60,0,0,0,0
1944,15000473,100,1,251.319410865967,175.000000000000,63.000000000000,1.674685083868,d830197718cf2283,8d15af1f9d36efa1,5e21755596ca44df,200,179,89.500000,224.089385,248.997975,1.000000,3.500000,280.388837,5.006667,281.721716,3.513966,4.823529,0.000000,0.462852,0.730458,0.388727,0.148850,400,4184,4184,32.000000,0,0,16,16,55,55,0,0,542.000000,629,0,0,38,162,0,38,17,17,0,0,17,0,0,0,0,0,0,0,0,21,0,21,21,21,0,0,0,0
1945,15000474,100,1,294.419681717112,175.000000000000,70.000000000000,1.569988256611,746b77f89412c091,8d15af1f9d36efa1,a98ed9d52b7f0d92,200,189,94.500000,247.275132,248.633582,1.000000,3.500000,270.069499,4.571667,288.649018,3.793651,4.373780,0.000000,0.427773,0.728261,0.358102,0.126675,400,4072,4072,32.000000,0,0,16,16,51,51,2,0,536.000000,717,0,0,31,169,0,31,20,19,1,0,20,1,1,1,0,0,0,0,0,11,0,11,11,11,0,0,0,0
1946,15000475,100,1,471.191283685049,325.000000000000,71.000000000000,2.883463896926,a4e2705a2d10349e,8d15af1f9d36efa1,d523bdf380024449,200,171,85.500000,235.742690,224.048703,1.000000,3.400000,267.240980,5.526667,265.047862,3.643275,5.194222,0.000000,0.478661,0.740933,0.391007,0.183486,400,4528,4528,32.000000,0,0,16,16,66,66,8,2,572.000000,623,0,0,47,153,0,47,18,14,4,0,18,4,4,4,0,0,0,0,0,29,0,29,29,29,0,0,0,0
1947,15000476,100,1,459.963268098785,75.000000000000,58.000000000000,2.133571710361,69f1e1c0ed954bde,8d15af1f9d36efa1,58c79a02822b91a8,200,153,76.500000,256.633987,302.980962,1.000000,4.100000,332.116642,4.248333,324.296608,4.091503,4.840256,0.000000,0.485197,0.746835,0.389864,0.201531,400,4064,4064,32.000000,0,0,16,16,77,77,4,0,590.000000,626,0,0,62,138,0,62,15,13,2,0,15,2,2,2,0,0,0,0,0,47,0,47,47,47,0,0,0,0
1948,15000477,100,1,259.260014835068,325.000000000000,46.000000000000,2.087202677404,f456ebb3ba961e0c,8d15af1f9d36efa1,e134cf4feb49539f,200,185,92.500000,274.810811,262.612239,1.000000,3.800000,308.554195,4.682143,352.005160,4.545946,3.982164,0.000000,0.388364,0.727520,0.322321,0.108165,400,4168,4168,32.000000,0,0,16,16,51,51,0,0,534.000000,841,0,0,33,167,0,33,18,18,0,0,18,0,0,0,0,0,0,0,0,15,0,15,15,15,0,0,0,0
1949,15000478,100,1,96.032724816936,425.000000000000,50.000000000000,2.868920557716,f50c5c8591478e27,8d15af1f9d36efa1,9aa9b400c57fae83,200,118,59.000000,259.254237,278.685170,1.000000,3.900000,319.799531,5.184524,313.638022,4.127119,4.755647,0.000000,0.571680,0.764706,0.450958,0.309220,400,4168,4168,32.000000,0,0,16,16,104,104,10,0,650.000000,487,0,0,93,107,0,93,11,6,5,0,11,5,5,5,0,0,0,0,0,82,0,82,82,82,0,0,0,0
1950,15000479,100,1,6.926617252427,75.000000000000,52.000000000000,2.971124099822,a5166f3723fef7a7,8d15af1f9d36efa1,340483de9a94f1a5,200,188,94.000000,303.898936,289.014555,1.000000,4.200000,337.780167,3.810000,340.197557,4.377660,4.060753,0.000000,0.403191,0.735450,0.327065,0.130940,400,3592,3592,32.000000,0,0,16,16,53,53,18,2,556.000000,823,0,0,32,168,0,32,20,11,9,0,20,9,9,9,0,0,0,0,0,12,0,12,12,12,0,0,0,0
1951,15000480,100,1,107.983481267777,425.000000000000,59.000000000000,1.692203459679,7e416ebb0c0e1469,8d15af1f9d36efa1,abc82acfc8fbf8e3,200,149,74.500000,241.422819,228.134267,1.000000,3.400000,251.458797,4.483333,259.992847,3.422819,4.433333,0.000000,0.545455,0.753695,0.439560,0.260870,400,3728,3728,32.000000,0,0,16,16,85,85,10,4,612.000000,510,0,0,67,133,0,67,16,11,5,0,16,5,5,5,0,0,0,0,0,51,0,51,51,51,0,0,0,0
1952,15000481,100,1,95.613036120786,425.000000000000,59.000000000000,1.899702353113,2c63fd72e185237,8d15af1f9d36efa1,2e7b04f01aca44c2,200,149,74.500000,306.523490,302.095042,1.000000,4.100000,338.163094,5.358571,364.810689,4.577181,4.964809,0.000000,0.471318,0.752475,0.369686,0.205128,400,4216,4216,32.000000,0,0,16,16,81,81,14,0,608.000000,682,0,0,66,134,0,66,15,8,7,0,15,7,7,7,0,0,0,0,0,51,0,51,51,51,0,0,0,0
1953,15000482,100,1,28.473735624571,425.000000000000,49.000000000000,2.935807189571,7822ea61520dcde5,8d15af1f9d36efa1,8af425e57846a3fd,200,139,69.500000,261.172662,289.098270,1.000000,4.200000,346.384356,4.848810,307.702241,3.820144,4.239171,0.000000,0.538662,0.756098,0.429646,0.261474,400,3912,3912,32.000000,0,0,16,16,87,87,14,0,620.000000,531,0,0,74,126,0,74,13,6,7,0,13,7,7,7,0,0,0,0,0,61,0,61,61,61,0,0,0,0
1954,15000483,100,1,62.100391572845,325.000000000000,86.000000000000,1.789435092348,708bff6a82587ce,8d15af1f9d36efa1,c1066a5069a9ef15,200,161,80.500000,220.745342,225.483509,1.000000,3.200000,245.902295,5.450000,248.863664,3.285714,4.827977,0.000000,0.529778,0.748744,0.430571,0.236652,400,4224,4224,32.000000,0,0,16,16,77,77,10,0,596.000000,529,0,0,58,142,0,58,19,14,5,0,19,5,5,5,0,0,0,0,0,39,0,39,39,39,0,0,0,0
1955,15000484,100,1,287.088515993987,175.000000000000,75.000000000000,1.513640147170,f5761405abec32e0,8d15af1f9d36efa1,30d0bc99c754ac46,200,190,95.000000,255.100000,245.831791,1.000000,3.800000,292.587199,4.323333,314.550724,4.015789,4.431193,0.000000,0.410811,0.726776,0.343938,0.115875,400,3984,3984,32.000000,0,0,16,16,50,50,0,0,532.000000,763,0,0,30,170,0,30,20,20,0,0,20,0,0,0,0,0,0,0,0,10,0,10,10,10,0,0,0,0
1956,15000485,100,1,82.000013429529,325.000000000000,73.000000000000,2.152056843898,5902eeb8fcb50498,8d15af1f9d36efa1,4bebe69fbe533e6f,200,193,96.500000,264.222798,271.867981,1.000000,4.100000,325.211657,3.860000,326.431189,4.341969,3.721957,0.000000,0.384276,0.723375,0.323102,0.098925,400,3968,3968,31.000000,0,0,16,15,45,45,2,0,523.000000,838,0,0,26,174,0,26,19,18,1,0,19,1,1,1,0,0,0,0,0,7,0,7,7,7,0,0,0,0
1957,15000486,100,1,133.957525814904,425.000000000000,39.000000000000,2.982023615353,c33c3e05f2aad4ab,8d15af1f9d36efa1,8d666c0d0974e427,200,154,77.000000,336.116883,337.968322,1.000000,4.900000,395.860050,5.260833,407.062315,4.974026,5.126632,0.000000,0.437592,0.748744,0.343053,0.176344,400,4280,4280,32.000000,0,0,16,16,77,77,10,2,596.000000,766,0,0,61,139,0,61,15,10,5,0,15,5,5,5,0,0,0,0,0,46,0,46,46,46,0,0,0,0
1958,15000487,100,1,390.528377612171,425.000000000000,49.000000000000,2.694926903868,2176d9fd87ccd5db,8d15af1f9d36efa1,1fdddcfe3e2325a7,200,180,90.000000,243.966667,242.724460,1.000000,3.300000,262.353492,4.621667,283.333488,3.588889,4.431889,0.000000,0.463455,0.736148,0.382409,0.163212,400,3848,3848,32.000000,0,0,16,16,58,58,10,4,558.000000,646,0,0,38,162,0,38,18,13,5,0,18,5,5,5,0,0,0,0,0,20,0,20,20,20,0,0,0,0
1959,15000488,100,1,360.592403418941,425.000000000000,53.000000000000,2.503628676008,caed9c7626b28249,8d15af1f9d36efa1,cff190c36d93e671,200,146,73.000000,203.198630,231.237386,0.900000,2.500000,227.350807,4.759259,232.411422,2.815068,4.909976,0.000000,0.592666,0.749373,0.493218,0.287695,400,4232,4232,32.000000,0,0,16,16,82,82,2,0,598.000000,411,0,0,68,132,0,68,14,13,1,0,14,1,1,1,0,0,0,0,0,54,20,34,54,54,0,0,0,0
1960,15000489,100,1,499.828098275944,325.000000000000,80.000000000000,2.890301603364,d82bc33c87072616,8d15af1f9d36efa1,5bd8c2e7cab774e9,200,180,90.000000,228.905556,219.425703,1.000000,3.100000,248.818145,4.698333,258.964824,3.433333,4.665049,0.000000,0.475382,0.736842,0.392927,0.171582,400,4176,4176,32.000000,0,0,16,16,58,58,12,0,560.000000,618,0,0,39,161,0,39,19,13,6,0,19,6,6,6,0,0,0,0,0,20,0,20,20,20,0,0,0,0
1961,15000490,100,1,426.969813021932,425.000000000000,43.000000000000,2.837566506132,545797773ce0d067,8d15af1f9d36efa1,2e8fcb0303eb4283,200,156,78.000000,272.358974,289.566578,1.000000,4.300000,332.534035,4.910476,319.755918,3.929487,4.603589,0.000000,0.489592,0.746193,0.394867,0.202861,400,4368,4368,32.000000,0,0,16,16,74,74,8,0,588.000000,613,0,0,59,141,0,59,15,11,4,0,15,4,4,4,0,0,0,0,0,44,0,44,44,44,0,0,0,0
1962,15000491,100,1,476.565740559540,425.000000000000,51.000000000000,2.673369195158,a702e280b05beefd,8d15af1f9d36efa1,9b940a00c646a498,200,129,64.500000,228.162791,222.090844,1.000000,3.100000,252.288678,3.500000,254.679414,3.193798,3.786408,0.000000,0.606870,0.760766,0.492611,0.331169,400,4080,4080,32.000000,0,0,16,16,97,97,10,0,636.000000,412,0,0,84,116,0,84,13,8,5,0,13,5,5,5,0,0,0,0,0,71,0,71,71,71,0,0,0,0
1963,15000492,100,1,109.282795884294,75.000000000000,44.000000000000,2.778572764378,37b479802d7efd3a,8d15af1f9d36efa1,4c9284d4355bd475,200,130,65.000000,228.030769,240.405594,1.000000,3.300000,264.830947,5.743333,253.881977,3.092308,5.251244,0.000000,0.611969,0.760192,0.498753,0.334437,400,4376,4376,32.000000,0,0,16,16,94,94,14,0,634.000000,402,0,0,82,118,0,82,12,5,7,0,12,7,7,7,0,0,0,0,0,70,0,70,70,70,0,0,0,0
1964,15000493,100,1,484.057827379891,425.000000000000,66.000000000000,2.361100359769,fdf883c728659b91,8d15af1f9d36efa1,c00e5cf210036801,200,163,81.500000,290.736196,281.188526,1.000000,4.100000,324.917228,4.788333,345.663442,4.355828,4.805634,0.000000,0.449612,0.743590,0.360360,0.172494,400,4240,4240,32.000000,0,0,16,16,69,69,10,0,580.000000,710,0,0,53,147,0,53,16,11,5,0,16,5,5,5,0,0,0,0,0,37,0,37,37,37,0,0,0,0
1965,15000494,100,1,418.011609773976,425.000000000000,49.000000000000,2.982154201343,d3f4474bc82ca5b4,8d15af1f9d36efa1,3c158d15e8e78d52,200,170,85.000000,312.076471,291.563408,1.000000,4.200000,335.074473,3.885476,364.894200,4.541176,3.976684,0.000000,0.428148,0.742931,0.341297,0.159041,400,3720,3720,32.000000,0,0,16,16,63,63,20,2,578.000000,772,0,0,46,154,0,46,16,6,10,0,16,10,10,10,0,0,0,0,0,30,0,30,30,30,0,0,0,0
1966,15000495,100,1,458.088933920545,75.000000000000,68.000000000000,2.274437312303,2365a66c542a7ca6,8d15af1f9d36efa1,ea50679d366e1a29,200,159,79.500000,252.238994,267.855362,1.000000,3.900000,302.740468,4.633333,290.014390,3.792453,4.686567,0.000000,0.494552,0.746835,0.398804,0.207622,400,3872,3872,32.000000,0,0,16,16,73,73,12,4,590.000000,603,0,0,56,144,0,56,15,9,6,0,15,6,6,6,0,0,0,0,0,41,0,41,41,41,0,0,0,0
1967,15000496,100,1,132.171538113765,175.000000000000,68.000000000000,2.006106157946,30e810fc7002efe4,8d15af1f9d36efa1,a4fd79cd42ebebd8,200,179,89.500000,266.284916,268.432583,1.000000,3.700000,303.490968,5.947619,319.859926,3.955307,4.956215,0.000000,0.439873,0.735450,0.361011,0.149038,400,4056,4056,32.000000,0,0,16,16,60,60,4,2,556.000000,708,0,0,40,160,0,40,19,17,2,0,19,2,2,2,0,0,0,0,0,21,0,21,21,21,0,0,0,0
1968,15000497,100,1,393.204338429070,425.000000000000,51.000000000000,2.557560549831,fdf2e85b815e8eef,8d15af1f9d36efa1,2a06774013abc9e6,200,134,67.000000,248.805970,284.647534,1.000000,3.500000,304.086514,5.373333,300.305206,3.537313,5.151899,0.000000,0.569091,0.757869,0.457666,0.290419,400,4352,4352,32.000000,0,0,16,16,92,92,10,0,626.000000,474,0,0,79,121,0,79,13,8,5,0,13,5,5,5,0,0,0,0,0,66,0,66,66,66,0,0,0,0
1969,15000498,100,1,427.007468330513,425.000000000000,54.000000000000,2.224127570591,c2809b6be4488ca2,8d15af1f9d36efa1,e1f777b9786d29d5,200,134,67.000000,291.328358,302.840949,1.000000,4.400000,356.559246,4.577976,352.070501,4.455224,4.204355,0.000000,0.511057,0.757282,0.401204,0.243346,400,3896,3896,32.000000,0,0,16,16,92,92,8,0,624.000000,597,0,0,79,121,0,79,13,9,4,0,13,4,4,4,0,0,0,0,0,66,0,66,66,66,0,0,0,0
1970,15000499,100,1,86.651829678807,425.000000000000,58.000000000000,1.950709781240,ea787834c7ccf8d7,8d15af1f9d36efa1,c58dd33425f24922,200,160,80.000000,347.087500,339.482066,1.000000,4.900000,401.825717,4.275000,413.713139,5.143750,4.294046,0.000000,0.422456,0.750623,0.327065,0.171198,400,3768,3768,32.000000,0,0,16,16,73,73,24,2,602.000000,823,0,0,56,144,0,56,16,4,12,0,16,12,12,12,0,0,0,0,0,40,0,40,40,40,0,0,0,0
1971,15000500,100,1,293.923940350318,325.000000000000,48.000000000000,2.430861719014,4258947f8db5e131,8d15af1f9d36efa1,b9ab4b007e2547d6,200,175,87.500000,243.251429,261.488034,1.000000,3.600000,290.246936,4.306190,296.819628,3.857143,4.651852,0.000000,0.452555,0.736148,0.372093,0.157303,400,4128,4128,32.000000,0,0,16,16,61,61,4,0,558.000000,675,0,0,43,157,0,43,18,16,2,0,18,2,2,2,0,0,0,0,0,25,0,25,25,25,0,0,0,0
1972,15000501,100,1,461.983045764704,325.000000000000,71.000000000000,2.614527990030,3c07cf01fb19fae5,8d15af1f9d36efa1,2562633ce7edec86,200,184,92.000000,301.576087,289.363330,1.000000,4.400000,351.209229,5.337500,364.514238,4.641304,5.029274,0.000000,0.395184,0.736148,0.318979,0.128571,400,4456,4456,32.000000,0,0,16,16,54,54,18,0,558.000000,854,0,0,35,165,0,35,19,10,9,0,19,9,9,9,0,0,0,0,0,16,0,16,16,16,0,0,0,0
1973,15000502,100,1,154.725566347415,325.000000000000,76.000000000000,1.690442843046,5d9f0001f097bae0,8d15af1f9d36efa1,e9d9ae4d93fead9a,200,200,100.000000,238.510000,252.848782,1.000000,3.700000,277.719806,5.025000,287.077084,3.900000,4.660256,0.000000,0.397218,0.719888,0.338983,0.095128,400,4288,4288,32.000000,0,0,16,16,40,40,2,0,514.000000,780,0,0,20,180,0,20,20,19,1,0,20,1,1,1,0,0,0,0,0,0,0,0,0,0,0,0,0,0
1974,15000503,100,1,113.747626767570,425.000000000000,51.000000000000,2.936529420387,2fbe015c716c9f1f,8d15af1f9d36efa1,5eab22d41755fa92,200,161,80.500000,186.105590,189.419419,1.000000,2.700000,201.734656,5.536667,200.444549,2.639752,5.529412,0.000000,0.576271,0.742931,0.484848,0.255692,400,4328,4328,32.000000,0,0,16,16,71,71,4,0,578.000000,425,0,0,55,145,0,55,16,14,2,0,16,2,2,2,0,0,0,0,0,39,0,39,39,39,0,0,0,0
1975,15000504,100,1,410.204517600734,425.000000000000,48.000000000000,2.207926237103,87d429861b320b99,8d15af1f9d36efa1,bff3c7fdb6a5f4ec,200,140,70.000000,282.557143,293.914826,1.000000,4.300000,342.722058,5.269167,314.988627,4.157143,4.424399,0.000000,0.519008,0.758454,0.407332,0.251928,400,4184,4184,32.000000,0,0,16,16,94,94,8,4,628.000000,582,0,0,76,124,0,76,16,12,4,0,16,4,4,4,0,0,0,0,0,60,0,60,60,60,0,0,0,0
1976,15000505,100,1,64.924537429954,425.000000000000,68.000000000000,1.783318981915,3af9d42e70ca7d05,8d15af1f9d36efa1,bf4e28f41114b57c,200,171,85.500000,204.286550,193.080169,1.000000,2.600000,208.274577,5.291667,207.678992,2.561404,5.000000,0.000000,0.569745,0.743590,0.477327,0.252560,400,4112,4112,32.000000,0,0,16,16,65,65,18,0,580.000000,438,0,0,47,153,0,47,18,9,9,0,18,9,9,9,0,0,0,0,0,29,0,29,29,29,0,0,0,0
1977,15000506,100,1,7.647391056515,175.000000000000,77.000000000000,2.116539064914,de0cbd3f7c287278,8d15af1f9d36efa1,42190f51bb8d2a93,200,146,73.000000,290.301370,320.736171,1.000000,4.300000,359.760595,4.499286,338.843081,4.308219,4.408585,0.000000,0.498005,0.757282,0.388727,0.233861,400,4208,4208,32.000000,0,0,16,16,88,88,16,0,624.000000,629,0,0,71,129,0,71,17,9,8,0,17,8,8,8,0,0,0,0,0,54,0,54,54,54,0,0,0,0
1978,15000507,100,1,17.118297378759,175.000000000000,76.000000000000,2.918931504202,e93bad69c666c334,8d15af1f9d36efa1,668404c113a0bed4,200,187,93.500000,349.983957,346.065346,1.000000,5.400000,438.504891,5.400952,443.130528,5.481283,4.716098,0.000000,0.350032,0.734043,0.280702,0.104803,400,4200,4200,32.000000,0,0,16,16,51,51,18,0,552.000000,1025,0,0,32,168,0,32,19,10,9,0,19,9,9,9,0,0,0,0,0,13,0,13,13,13,0,0,0,0
1979,15000508,100,1,152.958691237190,425.000000000000,36.000000000000,2.894368737417,c4ab5ad45220f868,8d15af1f9d36efa1,a09f3d3f8785637d,200,160,80.000000,339.156250,379.485483,1.000000,5.600000,447.138375,4.148294,422.457302,5.375000,3.876744,0.000000,0.406897,0.746835,0.317460,0.155206,400,3752,3752,32.000000,0,0,16,16,74,74,10,4,590.000000,860,0,0,56,144,0,56,16,11,5,0,16,5,5,5,0,0,0,0,0,40,0,40,40,40,0,0,0,0
1980,15000509,100,1,257.699390788086,325.000000000000,42.000000000000,2.117844105598,32159065661b4046,8d15af1f9d36efa1,3406e4ee91efccef,200,158,79.000000,243.993671,273.770482,1.000000,3.900000,318.135808,5.523333,306.460553,3.873418,4.941176,0.000000,0.486577,0.743590,0.395257,0.194737,400,4168,4168,32.000000,0,0,16,16,73,73,2,6,580.000000,612,0,0,56,144,0,56,14,13,1,0,14,1,1,1,0,0,0,0,0,42,0,42,42,42,0,0,0,0
1981,15000510,100,1,308.180913736220,175.000000000000,59.000000000000,1.644143528593,f807914a0b9a2508,8d15af1f9d36efa1,8c7a1062d664b4c4,200,193,96.500000,248.404145,264.845147,1.000000,3.900000,303.091677,4.856667,309.436134,4.036269,4.666239,0.000000,0.402149,0.723757,0.339271,0.105626,400,4240,4240,32.000000,0,0,16,16,45,45,2,0,524.000000,779,0,0,26,174,0,26,19,18,1,0,19,1,1,1,0,0,0,0,0,7,0,7,7,7,0,0,0,0
1982,15000511,100,1,36.865463076709,75.000000000000,59.000000000000,2.865261332162,ed318baff2295e9,8d15af1f9d36efa1,59125406279c496a,200,157,78.500000,202.407643,218.370734,1.000000,3.100000,252.810658,4.795000,218.863576,2.719745,4.276347,0.000000,0.580138,0.746835,0.483676,0.270085,400,4128,4128,32.000000,0,0,16,16,76,76,6,2,590.000000,427,0,0,59,141,0,59,16,13,3,0,16,3,3,3,0,0,0,0,0,43,0,43,43,43,0,0,0,0
1983,15000512,100,1,157.422181091226,325.000000000000,55.000000000000,2.786288057279,bab4254c7ff39f20,8d15af1f9d36efa1,c3914d07eea433d5,200,172,86.000000,195.139535,202.420858,1.000000,2.900000,224.042183,5.325000,228.786863,3.000000,5.250000,0.000000,0.517757,0.734748,0.436681,0.191223,400,3936,3936,32.000000,0,0,16,16,61,61,0,2,554.000000,516,0,0,44,156,0,44,16,16,0,0,16,0,0,0,0,0,0,0,0,28,0,28,28,28,0,0,0,0
1984,15000513,100,1,445.667158150780,75.000000000000,62.000000000000,2.348333487758,8c3812a16c03fd93,8d15af1f9d36efa1,8eec8a09af3dd95c,200,180,90.000000,325.800000,297.388952,1.000000,4.400000,356.579986,5.033333,390.039372,5.050000,4.261826,0.000000,0.383729,0.738903,0.305577,0.128476,400,4400,4400,32.000000,0,0,16,16,57,57,20,2,566.000000,909,0,0,38,162,0,38,18,8,10,0,18,10,10,10,0,0,0,0,0,20,0,20,20,20,0,0,0,0
1985,15000514,100,1,345.593070773020,425.000000000000,49.000000000000,2.133519565465,252da5517ef0b83f,8d15af1f9d36efa1,630af05034cc8bc7,200,145,72.500000,229.386207,231.366975,1.000000,3.500000,279.937853,4.748333,276.143825,3.627586,4.416350,0.000000,0.532860,0.750000,0.431965,0.242075,400,4016,4016,32.000000,0,0,16,16,81,81,6,0,600.000000,526,0,0,68,132,0,68,13,10,3,0,13,3,3,3,0,0,0,0,0,55,0,55,55,55,0,0,0,0
1986,15000515,100,1,183.983618268735,325.000000000000,60.000000000000,2.465089813431,b3700612c02e75ff,8d15af1f9d36efa1,9b386c00c5f8ec71,200,139,69.500000,267.791367,318.430279,1.000000,4.800000,381.723147,4.903333,319.073557,4.136691,4.640000,0.000000,0.516807,0.754601,0.410256,0.242424,400,4080,4080,31.000000,0,0,16,15,90,90,4,2,615.000000,575,0,0,75,125,0,75,14,12,2,0,14,2,2,2,0,0,0,0,0,61,0,61,61,61,0,0,0,0
1987,15000516,100,1,450.975298264020,425.000000000000,60.000000000000,2.914576022450,aec6496e3a190b2e,8d15af1f9d36efa1,8138ef50d6fcdcfd,200,118,59.000000,352.559322,269.207114,1.000000,4.000000,308.586334,5.089286,400.395419,5.423729,4.295312,0.000000,0.509202,0.768519,0.384615,0.266055,400,4248,4248,32.000000,0,0,16,16,111,111,10,6,664.000000,640,0,0,95,105,0,95,13,8,5,0,13,5,5,5,0,0,0,0,0,82,0,82,82,82,0,0,0,0
1988,15000517,100,1,311.362487115345,75.000000000000,47.000000000000,2.298981881653,a1b95b25d863922f,8d15af1f9d36efa1,3361f550aaee7dc4,200,145,72.500000,224.372414,227.552652,1.000000,3.300000,259.407652,5.065000,269.982773,3.489655,4.960474,0.000000,0.541667,0.749373,0.441501,0.247024,400,4232,4232,32.000000,0,0,16,16,81,81,4,0,598.000000,506,0,0,68,132,0,68,13,11,2,0,13,2,2,2,0,0,0,0,0,55,0,55,55,55,0,0,0,0
1989,15000518,100,1,283.242046670126,325.000000000000,44.000000000000,2.213479405455,ccc7998b2795c545,8d15af1f9d36efa1,abc15b533ab71e85,200,199,99.500000,214.341709,217.169031,1.000000,3.300000,254.031590,4.216667,249.987318,3.296482,4.115854,0.000000,0.440273,0.720670,0.378788,0.113514,400,4056,4056,32.000000,0,0,16,16,42,42,0,2,516.000000,656,0,0,21,179,0,21,20,20,0,0,20,0,0,0,0,0,0,0,0,1,0,1,1,1,0,0,0,0
1990,15000519,100,1,301.042215557793,325.000000000000,55.000000000000,2.502948494975,576370628a11275d,8d15af1f9d36efa1,f8d9802d878ef465,200,172,86.000000,254.598837,249.911212,1.000000,3.700000,288.150260,5.317143,317.098704,4.093023,4.553977,0.000000,0.443038,0.736842,0.362319,0.153846,400,4256,4256,32.000000,0,0,16,16,61,61,6,2,560.000000,704,0,0,44,156,0,44,16,13,3,0,16,3,3,3,0,0,0,0,0,28,0,28,28,28,0,0,0,0
1991,15000520,100,1,332.868284286251,325.000000000000,57.000000000000,2.385669618674,419de8ce96e1d6d8,8d15af1f9d36efa1,a73ca41e368b17d3,200,186,93.000000,245.467742,269.776139,1.000000,4.000000,323.802386,4.331429,293.652992,3.908602,4.448418,0.000000,0.427108,0.730458,0.354925,0.131422,400,3896,3896,32.000000,0,0,16,16,54,54,2,0,542.000000,727,0,0,34,166,0,34,20,19,1,0,20,1,1,1,0,0,0,0,0,14,0,14,14,14,0,0,0,0
1992,15000521,100,1,355.528162828496,425.000000000000,44.000000000000,2.626733398055,bf17ba176a46f662,8d15af1f9d36efa1,11250169dfdca2d7,200,165,82.500000,243.563636,261.755204,1.000000,3.700000,298.599048,5.403333,282.591334,3.624242,5.426421,0.000000,0.495784,0.746193,0.400802,0.206897,400,4104,4104,32.000000,0,0,16,16,71,71,14,0,588.000000,598,0,0,53,147,0,53,18,11,7,0,18,7,7,7,0,0,0,0,0,35,0,35,35,35,0,0,0,0
1993,15000522,100,1,52.493097794745,75.000000000000,57.000000000000,2.599021534993,9c5493e44483e677,8d15af1f9d36efa1,262deb0c67398c3,200,174,87.000000,352.948276,279.119376,1.000000,4.500000,386.484668,6.176667,425.821670,5.028736,5.460571,0.000000,0.397798,0.742931,0.313725,0.142997,400,5072,5072,32.000000,0,0,16,16,67,67,12,10,578.000000,875,0,0,44,156,0,44,18,12,6,0,18,6,6,6,0,0,0,0,0,26,0,26,26,26,0,0,0,0
1994,15000523,100,1,147.468079376164,75.000000000000,36.000000000000,2.880047311625,23df9c79a02dad9a,8d15af1f9d36efa1,9aad2900c582ab29,200,176,88.000000,244.204545,242.320668,1.000000,3.500000,292.193218,4.792381,280.984810,3.431818,4.920530,0.000000,0.481990,0.737533,0.398406,0.177112,400,4576,4576,32.000000,0,0,16,16,61,61,8,2,562.000000,604,0,0,42,158,0,42,18,14,4,0,18,4,4,4,0,0,0,0,0,24,0,24,24,24,0,0,0,0
1995,15000524,100,1,453.899895707999,325.000000000000,86.000000000000,1.890957266655,992f33d5f7f44765,8d15af1f9d36efa1,4fd38ebacb174da5,200,188,94.000000,275.101064,284.926274,1.000000,4.000000,322.236264,5.033810,326.147607,4.122340,4.727742,0.000000,0.414210,0.732620,0.340426,0.130191,400,3840,3840,32.000000,0,0,16,16,52,52,12,0,548.000000,775,0,0,32,168,0,32,20,14,6,0,20,6,6,6,0,0,0,0,0,12,0,12,12,12,0,0,0,0
1996,15000525,100,1,430.627521855763,75.000000000000,73.000000000000,2.113741925541,72e8608b1b2d565d,8d15af1f9d36efa1,c6cd8397914b7e65,200,175,87.500000,214.714286,222.461663,1.000000,3.300000,259.045192,6.500000,251.605288,3.245714,6.008803,0.000000,0.496454,0.736842,0.413223,0.183908,400,4960,4960,32.000000,0,0,16,16,60,60,8,2,560.000000,568,0,0,42,158,0,42,17,13,4,0,17,4,4,4,0,0,0,0,0,25,0,25,25,25,0,0,0,0
1997,15000526,100,1,167.976114877213,75.000000000000,36.000000000000,2.804504104007,c4559d9669c37e11,8d15af1f9d36efa1,ea92d67ecc9cfc3e,200,161,80.500000,330.260870,342.847168,1.000000,4.800000,395.454926,4.679167,394.746218,4.763975,4.490222,0.000000,0.434783,0.746835,0.342759,0.170811,400,4008,4008,32.000000,0,0,16,16,71,71,16,4,590.000000,767,0,0,54,146,0,54,15,7,8,0,15,8,8,8,0,0,0,0,0,39,0,39,39,39,0,0,0,0
1998,15000527,100,1,101.672711809915,175.000000000000,64.000000000000,2.658884558119,ee0bf26c3bcd2e22,8d15af1f9d36efa1,484f36e4c9f82294,200,200,100.000000,245.135000,277.408145,1.000000,3.600000,310.233557,5.238333,300.640685,3.600000,4.916667,0.000000,0.418417,0.721448,0.357143,0.106700,400,4048,4048,32.000000,0,0,16,16,40,40,6,0,518.000000,720,0,0,20,180,0,20,20,17,3,0,20,3,3,3,0,0,0,0,0,0,0,0,0,0,0,0,0,0
1999,15000528,100,1,131.081770522248,175.000000000000,70.000000000000,1.646415708837,42c593dddde41cd1,8d15af1f9d36efa1,d3dc0bf2c55e6e0e,200,196,98.000000,258.448980,271.857193,1.000000,3.800000,315.327309,4.486667,311.825630,3.852041,4.340397,0.000000,0.411535,0.725275,0.346320,0.112808,400,4032,4032,32.000000,0,0,16,16,46,46,4,4,528.000000,755,0,0,24,176,0,24,20,18,2,0,20,2,2,2,0,0,0,0,0,4,0,4,4,4,0,0,0,0
