scenario_id,scenario_seed,node_count,selected_oc,x,y,local_density,speed,topology_hash,acoustic_state_hash,route_hash,generated_packets,delivered_packets,PDR,E2ED_ms,mean_source_destination_distance_m,connected_flow_pair_ratio,mean_static_shortest_hops,mean_static_shortest_path_length_m,mean_static_feasible_relay_candidates,mean_delivered_path_length_m,mean_delivered_hop_count,mean_delivered_relay_candidate_count,mean_delivered_relay_wait_ms,ROR_total,ROR_generated,ROR_hello,ROR_reactive,hello_tx,neighbor_update_tx,raw_neighbor_update_burden,compressed_topology_updates,topology_digest_packets,mc_topology_digest_ack_packets,lc_topology_update_tx,mc_topology_update_tx,route_request_tx,route_reply_tx,mc_control_tx,gateway_control_tx,control_transmissions,data_hops,OC_data_hops,architecture_violations,controller_requests,installed_route_hits,lc_cache_hits,lc_cache_misses,oc_route_computations,oc_route_successes,oc_route_failures,oc_cache_hits,oc_cache_misses,mc_fallbacks,mc_route_computations,mc_route_successes,mc_route_failures,route_recoveries,recovery_successes,recovery_failures,link_invalidations,control_unreachable,no_physical_path,routing_failure_with_path,final_no_path_drops,failed_route_attempts,negative_cache_hits,pending_route_suppressions,route_discovery_buffered_retries,route_discovery_timeout_drops
1500,15000029,100,0,402.565764294,425,64,1.92862843395,261384c55508c7c5,8d15af1f9d36efa1,7c8d5150431d105c,200,131,65.500000,277.900763,291.922363,1.000000,4.300000,341.870448,4.885000,345.024221,4.664122,4.733224,0.000000,0.506860,0.758454,0.395648,0.242875,400,4328,4328,32.000000,0,0,16,16,93,93,10,0,628.000000,611,0,0,81,119,0,81,12,7,5,0,12,5,5,5,0,0,0,0,0,69,0,69,69,69,0,0,0,0
1501,15000030,100,0,461.398213300557,325.000000000000,85.000000000000,2.008943260755,37add443a1f79a10,8d15af1f9d36efa1,9afb4000c5c4f38f,200,177,88.500000,178.548023,146.059901,1.000000,2.500000,170.520583,4.458333,180.329522,2.598870,4.104348,0.000000,0.552529,0.739583,0.465116,0.228188,400,4208,4208,32.000000,0,0,16,16,63,63,10,0,568.000000,460,0,0,43,157,0,43,20,15,5,0,20,5,5,5,0,0,0,0,0,23,0,23,23,23,0,0,0,0
1502,15000031,100,0,338.057303074760,425.000000000000,54.000000000000,2.031897081399,70425a7a235e6eca,8d15af1f9d36efa1,3624ccff5e03929e,200,186,93.000000,230.451613,242.848994,1.000000,3.400000,273.404557,5.051667,269.039108,3.440860,4.515625,0.000000,0.460371,0.731903,0.384615,0.151194,400,4128,4128,32.000000,0,0,16,16,53,53,8,2,546.000000,640,0,0,33,167,0,33,19,15,4,0,19,4,4,4,0,0,0,0,0,14,0,14,14,14,0,0,0,0
1503,15000032,100,0,355.646580110999,175.000000000000,51.000000000000,2.828480238328,8fb4381413b9c9b4,8d15af1f9d36efa1,43be4ce50e56ee6a,200,200,100.000000,281.495000,274.926472,1.000000,4.100000,329.345040,5.140000,332.547497,4.100000,4.463415,0.000000,0.389881,0.723757,0.327869,0.100877,400,4480,4480,32.000000,0,0,16,16,40,40,12,0,524.000000,820,0,0,20,180,0,20,20,14,6,0,20,6,6,6,0,0,0,0,0,0,0,0,0,0,0,0,0,0
1504,15000033,100,0,230.558483845681,175.000000000000,55.000000000000,1.642389847719,d6e4e8e2f723855b,8d15af1f9d36efa1,3d16c26a16593ef,200,200,100.000000,305.670000,306.526953,1.000000,5.000000,401.172182,4.704286,391.484051,5.000000,4.487000,0.000000,0.340369,0.720670,0.285714,0.077491,400,3760,3760,32.000000,0,0,16,16,40,40,4,0,516.000000,1000,0,0,20,180,0,20,20,18,2,0,20,2,2,2,0,0,0,0,0,0,0,0,0,0,0,0,0,0
1505,15000034,100,0,461.633399867440,325.000000000000,83.000000000000,2.142364975753,10c695397e2432e9,8d15af1f9d36efa1,92cccf8511e30408,200,194,97.000000,258.458763,267.427653,1.000000,4.100000,316.551144,4.805000,306.426333,4.170103,4.488257,0.000000,0.399406,0.728997,0.330852,0.115847,400,4312,4312,32.000000,0,0,16,16,46,46,14,0,538.000000,809,0,0,26,174,0,26,20,13,7,0,20,7,7,7,0,0,0,0,0,6,0,6,6,6,0,0,0,0
1506,15000035,100,0,202.924387388490,425.000000000000,53.000000000000,2.222514118505,5f2850bc05cf40e6,8d15af1f9d36efa1,bbc2200db990e25c,200,154,77.000000,210.863636,203.294279,1.000000,2.600000,217.929664,5.565476,224.841550,2.714286,5.928230,0.000000,0.587771,0.748744,0.488998,0.281787,400,4576,4576,32.000000,0,0,16,16,79,79,6,2,596.000000,418,0,0,62,138,0,62,16,13,3,0,16,3,3,3,0,0,0,0,0,46,0,46,46,46,0,0,0,0
1507,15000036,100,0,248.082448984098,75.000000000000,33.000000000000,2.099240914351,27e9419597494331,8d15af1f9d36efa1,9a6c2d00c54b1b00,200,159,79.500000,331.930818,314.442544,1.000000,4.400000,358.872817,5.815476,368.281884,4.666667,5.413747,0.000000,0.447917,0.750623,0.350263,0.186404,400,4488,4488,32.000000,0,0,16,16,83,83,4,24,602.000000,742,0,0,56,144,0,56,15,13,2,0,15,2,2,2,0,0,0,0,0,41,0,41,41,41,0,0,0,0
1508,15000037,100,0,21.534493084226,425.000000000000,55.000000000000,2.899722266153,ee7a6454845108d4,8d15af1f9d36efa1,cacc2303fc28f191,200,137,68.500000,298.875912,295.433983,1.000000,4.000000,341.675272,4.460000,338.255121,4.102190,4.414591,0.000000,0.533997,0.763033,0.415800,0.273902,400,3752,3752,32.000000,0,0,16,16,97,97,18,8,644.000000,562,0,0,78,122,0,78,15,6,9,0,15,9,9,9,0,0,0,0,0,63,0,63,63,63,0,0,0,0
1509,15000038,100,0,331.035869083519,425.000000000000,55.000000000000,1.855490509391,31139dd447f251c4,8d15af1f9d36efa1,8f67f2a1ddd81827,200,151,75.500000,216.430464,208.996378,1.000000,3.100000,251.243093,4.948333,223.524166,2.834437,4.619159,0.000000,0.587669,0.753086,0.483092,0.293729,400,3848,3848,32.000000,0,0,16,16,82,82,14,2,610.000000,428,0,0,65,135,0,65,16,9,7,0,16,7,7,7,0,0,0,0,0,49,0,49,49,49,0,0,0,0
1510,15000039,100,0,37.975212678407,175.000000000000,78.000000000000,2.342627503394,ae8239fc35a4f554,8d15af1f9d36efa1,724537801f1876cc,200,185,92.500000,220.275676,241.597219,1.000000,3.600000,282.747344,4.296667,262.927550,3.518919,4.215054,0.000000,0.452481,0.728997,0.380590,0.140026,400,3840,3840,32.000000,0,0,16,16,51,51,4,0,538.000000,651,0,0,33,167,0,33,18,16,2,0,18,2,2,2,0,0,0,0,0,15,0,15,15,15,0,0,0,0
1511,15000040,100,0,249.872895419003,325.000000000000,63.000000000000,1.832978272404,3ebd6b0bfa6045f4,8d15af1f9d36efa1,9acbb300c59c9336,200,200,100.000000,188.955000,192.430399,1.000000,2.900000,218.265882,5.291667,217.852869,2.900000,5.286207,0.000000,0.468864,0.719101,0.408163,0.121212,400,4416,4416,32.000000,0,0,16,16,40,40,0,0,512.000000,580,0,0,20,180,0,20,20,20,0,0,20,0,0,0,0,0,0,0,0,0,0,0,0,0,0,0,0,0
1512,15000041,100,0,28.778793773928,425.000000000000,68.000000000000,1.561250094696,9da673ee93e78e2b,8d15af1f9d36efa1,a40474bf7375f3da,200,145,72.500000,220.841379,188.469666,1.000000,3.000000,234.937675,5.166667,242.552391,3.117241,4.561947,0.000000,0.575188,0.753695,0.469484,0.284810,400,4064,4064,32.000000,0,0,16,16,85,85,10,0,612.000000,452,0,0,70,130,0,70,15,10,5,0,15,5,5,5,0,0,0,0,0,55,0,55,55,55,0,0,0,0
1513,15000042,100,0,142.556837877938,75.000000000000,36.000000000000,2.859182087251,e1facf0c1851d2d,8d15af1f9d36efa1,e09d16c1691784df,200,166,83.000000,215.210843,244.248702,1.000000,3.600000,298.417229,5.647500,255.776909,3.343373,5.281081,0.000000,0.505788,0.739583,0.418848,0.196816,400,4432,4432,32.000000,0,0,16,16,66,66,4,0,568.000000,555,0,0,50,150,0,50,16,14,2,0,16,2,2,2,0,0,0,0,0,34,0,34,34,34,0,0,0,0
1514,15000043,100,0,265.784270733797,425.000000000000,52.000000000000,1.636099544243,cfd5c87abbb6e382,8d15af1f9d36efa1,9a7a4300c5577dbe,200,157,78.500000,258.101911,261.065864,1.000000,3.900000,303.470886,4.424167,294.469718,4.108280,4.168992,0.000000,0.477733,0.746835,0.382775,0.196762,400,4392,4392,32.000000,0,0,16,16,76,76,6,2,590.000000,645,0,0,59,141,0,59,16,13,3,0,16,3,3,3,0,0,0,0,0,43,0,43,43,43,0,0,0,0
1515,15000044,100,0,252.655553988203,175.000000000000,50.000000000000,1.831590560273,23ae66676f7f2580,8d15af1f9d36efa1,37e76443233f9ad5,200,200,100.000000,296.675000,328.064601,1.000000,4.400000,363.490552,5.610238,358.878061,4.400000,5.128409,0.000000,0.373219,0.723757,0.312500,0.094650,400,4440,4440,32.000000,0,0,16,16,40,40,12,0,524.000000,880,0,0,20,180,0,20,20,14,6,0,20,6,6,6,0,0,0,0,0,0,0,0,0,0,0,0,0,0
1516,15000045,100,0,232.626268300763,425.000000000000,40.000000000000,1.605219876977,b5a4a0f2d547d252,8d15af1f9d36efa1,8eeca1504dd0f0f9,200,133,66.500000,206.067669,211.207317,1.000000,3.300000,241.666026,3.937500,236.352855,3.300752,3.421412,0.000000,0.586239,0.756691,0.476758,0.302067,400,3856,3856,32.000000,0,0,16,16,93,93,4,0,622.000000,439,0,0,80,120,0,80,13,11,2,0,13,2,2,2,0,0,0,0,0,67,0,67,67,67,0,0,0,0
1517,15000046,100,0,114.746593356998,75.000000000000,63.000000000000,1.988911438097,75b166166d9ba479,8d15af1f9d36efa1,29c0c65d6c2d2769,200,166,83.000000,234.686747,257.357324,1.000000,3.500000,276.880739,5.061667,264.703639,3.349398,5.021583,0.000000,0.509700,0.742931,0.418410,0.207977,400,4120,4120,32.000000,0,0,16,16,66,66,14,0,578.000000,556,0,0,50,150,0,50,16,9,7,0,16,7,7,7,0,0,0,0,0,34,0,34,34,34,0,0,0,0
1518,15000047,100,0,360.953820677979,75.000000000000,47.000000000000,2.288826968673,12f7dcbdff38c69b,8d15af1f9d36efa1,96940d5051dde053,200,147,73.500000,204.142857,210.911600,1.000000,3.000000,250.995345,4.970000,233.732657,3.040816,4.331096,0.000000,0.571429,0.748744,0.472255,0.268412,400,4024,4024,32.000000,0,0,16,16,79,79,6,0,596.000000,447,0,0,66,134,0,66,13,10,3,0,13,3,3,3,0,0,0,0,0,53,0,53,53,53,0,0,0,0
1519,15000048,100,0,23.902719459350,325.000000000000,81.000000000000,2.391326663399,49bc1e8e30733a96,8d15af1f9d36efa1,cea39facd96a6ff9,200,185,92.500000,313.529730,321.534240,1.000000,4.500000,384.119069,5.287500,372.139225,4.524324,4.639188,0.000000,0.403421,0.738903,0.323363,0.138002,400,4096,4096,32.000000,0,0,16,16,58,58,18,6,566.000000,837,0,0,35,165,0,35,20,11,9,0,20,9,9,9,0,0,0,0,0,15,0,15,15,15,0,0,0,0
1520,15000049,100,0,35.074508205464,325.000000000000,90.000000000000,2.139252315385,fdfdb8edd1b5c33f,8d15af1f9d36efa1,f332f09d7bee60d5,200,179,89.500000,271.094972,264.956549,1.000000,4.000000,310.900313,4.582381,317.317851,4.027933,5.000000,0.000000,0.438911,0.738220,0.356824,0.154748,400,4056,4056,32.000000,0,0,16,16,61,61,10,0,564.000000,721,0,0,41,159,0,41,20,15,5,0,20,5,5,5,0,0,0,0,0,21,0,21,21,21,0,0,0,0
1521,15000050,100,0,79.846222660017,425.000000000000,68.000000000000,1.781089582546,673521e931d6a681,8d15af1f9d36efa1,da3e2e68d35fb46f,200,148,74.000000,280.763514,318.017552,1.000000,4.400000,363.617284,4.335000,332.378648,4.304054,4.138148,0.000000,0.486704,0.751244,0.385728,0.212608,400,3824,3824,32.000000,0,0,16,16,80,80,12,0,604.000000,637,0,0,66,134,0,66,14,8,6,0,14,6,6,6,0,0,0,0,0,52,0,52,52,52,0,0,0,0
1522,15000051,100,0,113.811560015980,425.000000000000,50.000000000000,2.240202774268,7182031956b0c152,8d15af1f9d36efa1,e97c6669d4b5124e,200,147,73.500000,221.585034,196.301278,1.000000,3.100000,232.345171,4.400000,244.730002,3.183673,4.726496,0.000000,0.560976,0.749373,0.460829,0.261830,400,3680,3680,32.000000,0,0,16,16,79,79,8,0,598.000000,468,0,0,66,134,0,66,13,9,4,0,13,4,4,4,0,0,0,0,0,53,0,53,53,53,0,0,0,0
1523,15000052,100,0,149.432277383286,75.000000000000,68.000000000000,1.527130004445,493764edb061aebd,8d15af1f9d36efa1,3cd20a1c0b1447bd,200,103,51.500000,303.475728,292.312356,1.000000,4.200000,331.264583,4.303333,342.084031,4.786408,4.117647,0.000000,0.578272,0.771689,0.447928,0.331072,400,3880,3880,32.000000,0,0,16,16,119,119,6,4,676.000000,493,0,0,107,93,0,107,10,7,3,0,10,3,3,3,0,0,0,0,0,97,0,97,97,97,0,0,0,0
1524,15000053,100,0,295.952592207895,75.000000000000,46.000000000000,2.035879829337,5e4f39e942067294,8d15af1f9d36efa1,853b5bf7c7940d29,200,186,93.000000,236.150538,251.486944,1.000000,3.500000,291.656236,4.955000,273.925433,3.349462,4.988764,0.000000,0.466153,0.731183,0.391007,0.152381,400,4128,4128,32.000000,0,0,16,16,50,50,12,0,544.000000,623,0,0,32,168,0,32,18,12,6,0,18,6,6,6,0,0,0,0,0,14,0,14,14,14,0,0,0,0
1525,15000054,100,0,265.230691492383,75.000000000000,52.000000000000,1.661475253512,de666998757028e6,8d15af1f9d36efa1,213ff3e664b2fea5,200,180,90.000000,287.377778,276.702257,1.000000,3.900000,318.639534,5.633333,350.745165,4.222222,5.288158,0.000000,0.421613,0.734748,0.344828,0.138322,400,4312,4312,32.000000,0,0,16,16,58,58,6,4,554.000000,760,0,0,38,162,0,38,18,15,3,0,18,3,3,3,0,0,0,0,0,20,0,20,20,20,0,0,0,0
1526,15000055,100,0,245.029815961815,325.000000000000,64.000000000000,1.888769700726,c49f4cc3e504dec,8d15af1f9d36efa1,e63aba7b3419319b,200,200,100.000000,274.675000,293.510295,1.000000,4.400000,355.745364,5.461905,343.174265,4.400000,4.884091,0.000000,0.369628,0.720670,0.312500,0.087137,400,4312,4312,32.000000,0,0,16,16,40,40,4,0,516.000000,880,0,0,20,180,0,20,20,18,2,0,20,2,2,2,0,0,0,0,0,0,0,0,0,0,0,0,0,0
1527,15000056,100,0,142.004477493333,425.000000000000,40.000000000000,2.249020474288,37ce631d789a1a17,8d15af1f9d36efa1,73e3a4503e34bcbb,200,187,93.500000,222.256684,215.771990,1.000000,3.200000,239.434490,4.688333,252.413895,3.288770,4.601626,0.000000,0.469370,0.731183,0.394089,0.154058,400,4168,4168,32.000000,0,0,16,16,51,51,10,0,544.000000,615,0,0,32,168,0,32,19,14,5,0,19,5,5,5,0,0,0,0,0,13,0,13,13,13,0,0,0,0
1528,15000057,100,0,281.589994275282,175.000000000000,54.000000000000,2.111898789921,586f49fb6ead49bd,8d15af1f9d36efa1,5f138c4fa185f637,200,190,95.000000,257.384211,266.079933,1.000000,3.800000,311.793478,5.756667,316.156441,3.794737,4.858530,0.000000,0.424581,0.726776,0.356824,0.121803,400,4072,4072,32.000000,0,0,16,16,50,50,0,0,532.000000,721,0,0,30,170,0,30,20,20,0,0,20,0,0,0,0,0,0,0,0,10,0,10,10,10,0,0,0,0
1529,15000058,100,0,287.628241343180,175.000000000000,70.000000000000,1.642278341338,6a65896612676b93,8d15af1f9d36efa1,cd554f6c691948,200,200,100.000000,244.915000,271.554201,1.000000,3.700000,296.501090,4.671667,294.031438,3.700000,4.704054,0.000000,0.410828,0.720670,0.350877,0.101942,400,4296,4296,32.000000,0,0,16,16,41,41,2,2,516.000000,740,0,0,20,180,0,20,20,19,1,0,20,1,1,1,0,0,0,0,0,0,0,0,0,0,0,0,0,0
1530,15000059,100,0,364.801059916040,325.000000000000,69.000000000000,2.331618871474,9f1bdfa8ed726d6e,8d15af1f9d36efa1,50c6afc1e5dd8a9c,200,191,95.500000,229.287958,230.996328,1.000000,3.300000,253.423805,5.341667,272.613864,3.528796,5.102374,0.000000,0.442053,0.727520,0.372439,0.131443,400,4072,4072,32.000000,0,0,16,16,49,49,4,0,534.000000,674,0,0,29,171,0,29,20,18,2,0,20,2,2,2,0,0,0,0,0,9,0,9,9,9,0,0,0,0
1531,15000060,100,0,424.912847526611,75.000000000000,62.000000000000,1.827841754336,f2fa5e78f7f2be4c,8d15af1f9d36efa1,6fccd1726c8f5cd6,200,132,66.000000,315.166667,346.662890,1.000000,4.900000,389.141287,4.319048,381.333074,4.856061,4.209048,0.000000,0.495276,0.758745,0.384246,0.235995,400,3800,3800,31.000000,0,0,16,15,92,92,14,0,629.000000,641,0,0,80,120,0,80,12,5,7,0,12,7,7,7,0,0,0,0,0,68,0,68,68,68,0,0,0,0
1532,15000061,100,0,170.553628947737,325.000000000000,71.000000000000,1.804329678075,d1924d2a0cdf156f,8d15af1f9d36efa1,9b9e8c00c64fd603,200,197,98.500000,228.162437,223.916614,1.000000,3.700000,274.440588,4.421667,280.778293,3.842640,4.364597,0.000000,0.407204,0.722222,0.345722,0.104142,400,4184,4184,32.000000,0,0,16,16,43,43,2,0,520.000000,757,0,0,23,177,0,23,20,19,1,0,20,1,1,1,0,0,0,0,0,3,0,3,3,3,0,0,0,0
1533,15000062,100,0,311.846858483584,425.000000000000,39.000000000000,2.381243694374,abe67095e75fe5c8,8d15af1f9d36efa1,fe70ad49a91970eb,200,164,82.000000,209.859756,181.565133,1.000000,2.600000,207.877573,6.515000,236.866385,2.890244,5.172996,0.000000,0.551136,0.744246,0.457666,0.240385,400,4440,4440,32.000000,0,0,16,16,70,70,10,0,582.000000,474,0,0,53,147,0,53,17,12,5,0,17,5,5,5,0,0,0,0,0,36,0,36,36,36,0,0,0,0
1534,15000063,100,0,47.633644326904,425.000000000000,46.000000000000,2.743728989903,4c4c4b98bd23d0e4,8d15af1f9d36efa1,1aaf094f7b0abf6a,200,155,77.500000,306.735484,307.118390,1.000000,4.600000,360.511645,4.682143,357.770588,4.677419,4.489655,0.000000,0.455297,0.751861,0.355556,0.193548,400,4192,4192,32.000000,0,0,16,16,77,77,20,4,606.000000,725,0,0,60,140,0,60,15,5,10,0,15,10,10,10,0,0,0,0,0,45,0,45,45,45,0,0,0,0
1535,15000064,100,0,40.177882422310,425.000000000000,58.000000000000,2.883270430399,f40b4adb3c7a0f8e,8d15af1f9d36efa1,ccde12fc1498f606,200,150,75.000000,238.446667,207.576191,1.000000,2.900000,222.685742,5.591667,258.095812,3.213333,5.670124,0.000000,0.559415,0.753695,0.453515,0.271903,400,4144,4144,32.000000,0,0,16,16,82,82,16,0,612.000000,482,0,0,66,134,0,66,16,8,8,0,16,8,8,8,0,0,0,0,0,50,0,50,50,50,0,0,0,0
1536,15000065,100,0,228.014205363865,325.000000000000,54.000000000000,1.634299948683,2bb60bb37426162f,8d15af1f9d36efa1,5d1364fccab33dd,200,200,100.000000,237.550000,250.726557,1.000000,3.600000,286.200530,4.946667,288.590940,3.770000,4.395225,0.000000,0.405363,0.719888,0.346620,0.098086,400,4336,4336,32.000000,0,0,16,16,40,40,2,0,514.000000,754,0,0,20,180,0,20,20,19,1,0,20,1,1,1,0,0,0,0,0,0,0,0,0,0,0,0,0,0
1537,15000066,100,0,84.809995222512,425.000000000000,58.000000000000,2.360520371301,1e3ea465553c8065,8d15af1f9d36efa1,2ca40c63e4dec8e1,200,159,79.500000,278.635220,274.677307,1.000000,3.900000,323.164182,4.666905,330.155362,4.088050,4.038462,0.000000,0.473258,0.744898,0.380952,0.189526,400,4216,4216,32.000000,0,0,16,16,72,72,8,2,584.000000,650,0,0,56,144,0,56,15,11,4,0,15,4,4,4,0,0,0,0,0,41,0,41,41,41,0,0,0,0
1538,15000067,100,0,305.712124591161,325.000000000000,50.000000000000,2.439875664541,51a004996a41194e,8d15af1f9d36efa1,68e3fcda5dbf029e,200,200,100.000000,304.240000,304.523897,1.000000,4.900000,382.151689,4.352262,383.106017,5.030000,3.980119,0.000000,0.337286,0.719101,0.284495,0.073665,400,4232,4232,32.000000,0,0,16,16,40,40,0,0,512.000000,1006,0,0,20,180,0,20,20,20,0,0,20,0,0,0,0,0,0,0,0,0,0,0,0,0,0,0,0,0
1539,15000068,100,0,193.848811966944,175.000000000000,76.000000000000,1.660361575130,b5d7857d322f2b,8d15af1f9d36efa1,65740fc29474563f,200,186,93.000000,210.107527,214.764110,1.000000,3.200000,261.521740,5.436667,245.833436,3.215054,4.996656,0.000000,0.471731,0.727520,0.400802,0.145714,400,4456,4456,32.000000,0,0,16,16,50,50,2,0,534.000000,598,0,0,32,168,0,32,18,17,1,0,18,1,1,1,0,0,0,0,0,14,0,14,14,14,0,0,0,0
1540,15000069,100,0,122.843918404994,325.000000000000,70.000000000000,2.217125389228,299c6b9525e78d90,8d15af1f9d36efa1,5497168c6da01a1e,200,200,100.000000,269.390000,281.651569,1.000000,4.400000,337.894292,4.538333,335.149013,4.400000,4.631818,0.000000,0.367816,0.719101,0.312500,0.083333,400,4280,4280,32.000000,0,0,16,16,40,40,0,0,512.000000,880,0,0,20,180,0,20,20,20,0,0,20,0,0,0,0,0,0,0,0,0,0,0,0,0,0,0,0,0
1541,15000070,100,0,264.571844867002,325.000000000000,58.000000000000,1.827386325911,3e7a3d263fedeb25,8d15af1f9d36efa1,1f63de8b54e3e259,200,179,89.500000,199.234637,198.241146,1.000000,2.800000,229.937635,4.323333,230.296848,2.854749,3.984344,0.000000,0.516556,0.731903,0.439078,0.182400,400,3976,3976,32.000000,0,0,16,16,56,56,2,2,546.000000,511,0,0,38,162,0,38,17,16,1,0,17,1,1,1,0,0,0,0,0,21,0,21,21,21,0,0,0,0
1542,15000071,100,0,313.158688960498,75.000000000000,36.000000000000,2.521624606359,fab5e06a9d6fd156,8d15af1f9d36efa1,cc928d68f3d5b266,200,142,71.000000,222.204225,234.273591,1.000000,3.400000,270.001483,5.081667,268.076637,3.274648,5.488172,0.000000,0.565826,0.751861,0.462428,0.272300,400,4256,4256,32.000000,0,0,16,16,86,86,2,0,606.000000,465,0,0,72,128,0,72,14,13,1,0,14,1,1,1,0,0,0,0,0,58,0,58,58,58,0,0,0,0
1543,15000072,100,0,75.113982728560,175.000000000000,63.000000000000,2.842072749681,4fc131461f618fce,8d15af1f9d36efa1,600522d4fcb9dcdb,200,193,96.500000,219.880829,196.628380,1.000000,2.900000,211.989016,5.283333,258.943135,3.347150,4.989164,0.000000,0.448805,0.724518,0.382409,0.127027,400,4256,4256,32.000000,0,0,16,16,45,45,4,0,526.000000,646,0,0,26,174,0,26,19,17,2,0,19,2,2,2,0,0,0,0,0,7,0,7,7,7,0,0,0,0
1544,15000073,100,0,474.512033240825,425.000000000000,68.000000000000,2.806108178354,3313975acd4f2453,8d15af1f9d36efa1,8a713750dc5e3d45,200,173,86.500000,197.734104,176.326269,1.000000,2.700000,207.249044,6.191667,203.204270,2.780347,5.704782,0.000000,0.544076,0.741602,0.454030,0.227929,400,4728,4728,32.000000,0,0,16,16,66,66,10,6,574.000000,481,0,0,45,155,0,45,18,13,5,0,18,5,5,5,0,0,0,0,0,27,0,27,27,27,0,0,0,0
1545,15000074,100,0,277.076110831206,325.000000000000,60.000000000000,1.648017243382,474e0d415f325a89,8d15af1f9d36efa1,443b0550b4574b0c,200,200,100.000000,264.570000,289.777456,1.000000,4.200000,339.582931,4.969762,325.048044,4.200000,4.805952,0.000000,0.378698,0.719101,0.322581,0.086957,400,3976,3976,32.000000,0,0,16,16,40,40,0,0,512.000000,840,0,0,20,180,0,20,20,20,0,0,20,0,0,0,0,0,0,0,0,0,0,0,0,0,0,0,0,0
1546,15000075,100,0,430.198826548057,425.000000000000,57.000000000000,2.038742303914,75d7f80443845842,8d15af1f9d36efa1,7279f61586bf46a9,200,165,82.500000,256.224242,253.609170,1.000000,3.400000,284.079405,4.406667,295.092867,3.521212,4.273666,0.000000,0.496970,0.741602,0.407747,0.196404,400,3752,3752,32.000000,0,0,16,16,65,65,12,0,574.000000,581,0,0,50,150,0,50,15,9,6,0,15,6,6,6,0,0,0,0,0,35,0,35,35,35,0,0,0,0
1547,15000076,100,0,363.625884559631,175.000000000000,82.000000000000,1.589548379333,1d80f96929e0433d,8d15af1f9d36efa1,9af77e00c5c17412,200,200,100.000000,283.420000,310.169451,1.000000,4.300000,351.070497,4.909405,346.734626,4.300000,4.619767,0.000000,0.378613,0.723757,0.317460,0.096639,400,4248,4248,32.000000,0,0,16,16,41,41,10,2,524.000000,860,0,0,20,180,0,20,20,15,5,0,20,5,5,5,0,0,0,0,0,0,0,0,0,0,0,0,0,0
1548,15000077,100,0,297.774587308434,325.000000000000,49.000000000000,2.421808723361,d621160925590d1c,8d15af1f9d36efa1,b9a9644f439848b8,200,200,100.000000,229.290000,234.222695,1.000000,3.400000,272.381958,4.675000,273.876058,3.435000,4.270742,0.000000,0.427023,0.719101,0.367985,0.104302,400,4520,4520,32.000000,0,0,16,16,40,40,0,0,512.000000,687,0,0,20,180,0,20,20,20,0,0,20,0,0,0,0,0,0,0,0,0,0,0,0,0,0,0,0,0
1549,15000078,100,0,136.817597434432,425.000000000000,49.000000000000,2.398008014453,400ec8d882cd70d9,8d15af1f9d36efa1,9ac48e00c59635a9,200,128,64.000000,250.515625,261.424629,1.000000,3.900000,304.820487,4.488333,275.429541,3.804688,4.158111,0.000000,0.573181,0.765808,0.450958,0.313117,400,4024,4024,32.000000,0,0,16,16,108,108,6,12,654.000000,487,0,0,87,113,0,87,15,12,3,0,15,3,3,3,0,0,0,0,0,72,0,72,72,72,0,0,0,0
1550,15000079,100,0,22.569605008379,325.000000000000,85.000000000000,2.753804571929,7f3bb1cd896a47c5,8d15af1f9d36efa1,2881dab9ce735272,200,128,64.000000,276.015625,241.657900,1.000000,3.400000,273.964950,5.781190,321.751052,4.023438,5.326214,0.000000,0.555268,0.762752,0.437158,0.291609,400,4336,4336,31.000000,0,0,16,15,101,101,10,2,643.000000,515,0,0,86,114,0,86,14,9,5,0,14,5,5,5,0,0,0,0,0,72,0,72,72,72,0,0,0,0
1551,15000080,100,0,460.431210849503,425.000000000000,68.000000000000,1.884216342951,33b7f095a645f80b,8d15af1f9d36efa1,75d864ee2652d32e,200,105,52.500000,326.228571,266.542683,1.000000,4.000000,310.723638,4.131667,349.021615,4.352381,4.310722,0.000000,0.606374,0.778761,0.466744,0.373114,400,3856,3856,32.000000,0,0,16,16,130,130,12,14,704.000000,457,0,0,109,91,0,109,14,8,6,0,14,6,6,6,0,0,0,0,0,95,0,95,95,95,0,0,0,0
1552,15000081,100,0,285.056241019825,425.000000000000,34.000000000000,2.378316676731,51481e30c1aaa8f8,8d15af1f9d36efa1,6321b47215ffc0f4,200,165,82.500000,272.466667,265.225174,1.000000,4.000000,328.444361,4.271190,337.408397,4.327273,4.397759,0.000000,0.442188,0.738903,0.359066,0.158019,400,3944,3944,32.000000,0,0,16,16,65,65,4,0,566.000000,714,0,0,50,150,0,50,15,13,2,0,15,2,2,2,0,0,0,0,0,35,0,35,35,35,0,0,0,0
1553,15000082,100,0,85.574467803166,325.000000000000,87.000000000000,1.735407367146,97ae012a6056dde1,8d15af1f9d36efa1,e9b58ded4628648,200,155,77.500000,224.909677,209.961167,0.900000,2.800000,243.436216,5.959259,245.345517,3.116129,4.832298,0.000000,0.539561,0.738903,0.453001,0.217180,400,4152,4152,32.000000,0,0,16,16,64,64,6,2,566.000000,483,0,0,44,137,0,44,19,16,3,0,19,3,3,2,1,0,0,0,0,25,20,25,45,26,19,0,0,0
1554,15000083,100,0,192.037237343544,325.000000000000,74.000000000000,1.729693283212,8c45b0af93ece9c9,8d15af1f9d36efa1,1c49841336cefdd6,200,193,96.500000,246.357513,251.513825,1.000000,3.500000,277.073720,5.870000,305.865001,4.005181,4.873221,0.000000,0.404927,0.724518,0.341006,0.108420,400,4472,4472,32.000000,0,0,16,16,47,47,0,0,526.000000,773,0,0,27,173,0,27,20,20,0,0,20,0,0,0,0,0,0,0,0,7,0,7,7,7,0,0,0,0
1555,15000084,100,0,218.893362767924,425.000000000000,44.000000000000,1.711134260057,6a462dec987d6b05,8d15af1f9d36efa1,f71ede3243727ee3,200,200,100.000000,306.920000,340.485445,1.000000,4.600000,385.286865,4.690476,379.640114,4.600000,4.383696,0.000000,0.360223,0.721448,0.303030,0.085487,400,4168,4168,32.000000,0,0,16,16,40,40,6,0,518.000000,920,0,0,20,180,0,20,20,17,3,0,20,3,3,3,0,0,0,0,0,0,0,0,0,0,0,0,0,0
1556,15000085,100,0,360.006085027007,425.000000000000,58.000000000000,1.640601892949,9de21719df1570d5,8d15af1f9d36efa1,e1bb1233593937b2,200,119,59.500000,333.672269,315.618354,1.000000,4.800000,381.262073,4.395714,404.918767,5.184874,4.035656,0.000000,0.516078,0.766900,0.393314,0.268090,400,3712,3712,32.000000,0,0,16,16,110,110,6,6,658.000000,617,0,0,94,106,0,94,13,10,3,0,13,3,3,3,0,0,0,0,0,81,0,81,81,81,0,0,0,0
1557,15000086,100,0,395.222863238395,75.000000000000,53.000000000000,2.808168485645,af509df1d7b4aa8e,8d15af1f9d36efa1,e57d074f5c9058c4,200,158,79.000000,239.082278,229.994768,1.000000,3.000000,251.897584,4.383333,276.046923,3.341772,5.267045,0.000000,0.526032,0.745547,0.431034,0.225806,400,4352,4352,32.000000,0,0,16,16,74,74,6,0,586.000000,528,0,0,58,142,0,58,16,13,3,0,16,3,3,3,0,0,0,0,0,42,0,42,42,42,0,0,0,0
1558,15000087,100,0,252.165519229501,175.000000000000,58.000000000000,1.576008204951,315cf6172b609561,8d15af1f9d36efa1,9abdf600c590c7b3,200,158,79.000000,187.018987,213.987841,1.000000,3.000000,241.530024,5.475000,224.290695,2.867089,4.931567,0.000000,0.558049,0.740933,0.468933,0.236088,400,4496,4496,32.000000,0,0,16,16,70,70,0,0,572.000000,453,0,0,56,144,0,56,14,14,0,0,14,0,0,0,0,0,0,0,0,42,0,42,42,42,0,0,0,0
1559,15000088,100,0,491.441666007615,425.000000000000,72.000000000000,2.435374009034,d602484a5121c1f4,8d15af1f9d36efa1,9aa98200c57f598d,200,142,71.000000,201.556338,219.070800,1.000000,3.200000,245.305694,5.810000,239.576827,3.056338,4.958525,0.000000,0.583493,0.752475,0.479616,0.288525,400,4512,4512,32.000000,0,0,16,16,86,86,4,0,608.000000,434,0,0,72,128,0,72,14,12,2,0,14,2,2,2,0,0,0,0,0,58,0,58,58,58,0,0,0,0
1560,15000089,100,0,275.922159097188,75.000000000000,46.000000000000,1.951047466486,6db8b0bedad678fa,8d15af1f9d36efa1,60cf72a7e20bc50c,200,158,79.000000,278.943038,282.583885,1.000000,4.000000,311.098458,6.329048,335.416547,4.259494,5.044577,0.000000,0.467142,0.746835,0.372787,0.190132,400,4696,4696,32.000000,0,0,16,16,76,76,6,4,590.000000,673,0,0,58,142,0,58,16,13,3,0,16,3,3,3,0,0,0,0,0,42,0,42,42,42,0,0,0,0
1561,15000090,100,0,325.892817760621,175.000000000000,63.000000000000,2.209507982851,ac8cf5f0a161c5b6,8d15af1f9d36efa1,d5203a3cc03c9cb0,200,190,95.000000,182.115789,183.301851,1.000000,2.700000,207.120900,5.458333,203.423941,2.710526,5.151456,0.000000,0.508118,0.726776,0.437158,0.162602,400,4552,4552,32.000000,0,0,16,16,50,50,0,0,532.000000,515,0,0,30,170,0,30,20,20,0,0,20,0,0,0,0,0,0,0,0,10,0,10,10,10,0,0,0,0
1562,15000091,100,0,84.118454634314,175.000000000000,73.000000000000,2.834026035012,77202a38cdd23fb3,8d15af1f9d36efa1,1e7487f446efe5d1,200,195,97.500000,250.328205,227.934326,1.000000,3.200000,259.300981,5.150000,289.197197,3.630769,4.494350,0.000000,0.427184,0.725275,0.361011,0.119403,400,4200,4200,32.000000,0,0,16,16,46,46,4,2,528.000000,708,0,0,25,175,0,25,20,18,2,0,20,2,2,2,0,0,0,0,0,5,0,5,5,5,0,0,0,0
1563,15000092,100,0,65.320854279225,325.000000000000,89.000000000000,1.910980116274,8abaee0b55d9b00b,8d15af1f9d36efa1,4d23f14f97309de0,200,190,95.000000,273.994737,276.030129,1.000000,3.900000,334.765463,5.096667,338.852819,4.084211,5.027062,0.000000,0.409437,0.728997,0.340136,0.120181,400,4216,4216,32.000000,0,0,16,16,50,50,6,0,538.000000,776,0,0,30,170,0,30,20,17,3,0,20,3,3,3,0,0,0,0,0,10,0,10,10,10,0,0,0,0
1564,15000093,100,0,124.809752946500,425.000000000000,55.000000000000,2.041191394098,6b3bdc426baa5014,8d15af1f9d36efa1,7fcbfaa762a74b79,200,174,87.000000,217.442529,239.023522,1.000000,3.300000,269.001757,5.130000,254.681226,3.126437,5.044118,0.000000,0.506352,0.736148,0.423729,0.188060,400,4056,4056,32.000000,0,0,16,16,60,60,6,0,558.000000,544,0,0,43,157,0,43,17,14,3,0,17,3,3,3,0,0,0,0,0,26,0,26,26,26,0,0,0,0
1565,15000094,100,0,187.157924330064,325.000000000000,69.000000000000,1.966594923924,560939c9cf7aa941,8d15af1f9d36efa1,9afe8d00c5c7ac3d,200,200,100.000000,268.915000,279.399770,1.000000,4.300000,328.209711,4.822381,329.398049,4.465000,4.306831,0.000000,0.366217,0.720670,0.309358,0.085977,400,4096,4096,32.000000,0,0,16,16,40,40,4,0,516.000000,893,0,0,20,180,0,20,20,18,2,0,20,2,2,2,0,0,0,0,0,0,0,0,0,0,0,0,0,0
1566,15000095,100,0,42.628480081536,425.000000000000,67.000000000000,1.643209111491,ce030c6aae4ae62a,8d15af1f9d36efa1,2a5c2e8a397dd246,200,109,54.500000,260.431193,252.103131,1.000000,3.600000,274.112695,5.388333,309.744420,3.853211,5.335714,0.000000,0.611830,0.767981,0.487805,0.353846,400,4464,4464,32.000000,0,0,16,16,111,111,8,0,662.000000,420,0,0,101,99,0,101,10,6,4,0,10,4,4,4,0,0,0,0,0,91,0,91,91,91,0,0,0,0
1567,15000096,100,0,43.440070539175,75.000000000000,51.000000000000,2.654315215034,77ad629de1de9e58,8d15af1f9d36efa1,7c9799504325df39,200,138,69.000000,197.630435,197.251933,1.000000,2.900000,218.410847,5.024762,212.569687,2.789855,5.020779,0.000000,0.616915,0.756098,0.509554,0.328098,400,4208,4208,32.000000,0,0,16,16,90,90,8,0,620.000000,385,0,0,76,124,0,76,14,10,4,0,14,4,4,4,0,0,0,0,0,62,0,62,62,62,0,0,0,0
1568,15000097,100,0,471.205824640090,75.000000000000,53.000000000000,2.936242060849,f1e17153ab36b6b3,8d15af1f9d36efa1,9b78f200c62fb418,200,142,71.000000,264.577465,261.663944,1.000000,3.900000,325.750937,4.346667,297.070452,3.964789,4.071048,0.000000,0.526493,0.757869,0.415369,0.256275,400,4088,4088,32.000000,0,0,16,16,88,88,18,0,626.000000,563,0,0,73,127,0,73,15,6,9,0,15,9,9,9,0,0,0,0,0,58,0,58,58,58,0,0,0,0
1569,15000098,100,0,268.901485852979,175.000000000000,58.000000000000,1.804233645285,3a72e04dd7f19ed0,8d15af1f9d36efa1,3f9ada0cb9efeb7b,200,198,99.000000,234.444444,251.464144,1.000000,3.500000,277.924451,5.826667,274.557071,3.484848,5.140580,0.000000,0.428808,0.721448,0.366972,0.110825,400,4472,4472,32.000000,0,0,16,16,42,42,2,0,518.000000,690,0,0,22,178,0,22,20,19,1,0,20,1,1,1,0,0,0,0,0,2,0,2,2,2,0,0,0,0
1570,15000099,100,0,19.829270516084,175.000000000000,77.000000000000,2.791912809303,cf5f77d502db374,8d15af1f9d36efa1,c8a6cc72bb99a8ae,200,182,91.000000,266.340659,295.544085,1.000000,4.300000,322.096216,4.216905,312.686550,4.186813,4.157480,0.000000,0.421851,0.735450,0.344234,0.139955,400,3832,3832,32.000000,0,0,16,16,54,54,16,0,556.000000,762,0,0,36,164,0,36,18,10,8,0,18,8,8,8,0,0,0,0,0,18,0,18,18,18,0,0,0,0
1571,15000100,100,0,372.226034652140,75.000000000000,40.000000000000,2.892664138873,8e09212edfd3a5e2,8d15af1f9d36efa1,1b26db795c866504,200,101,50.500000,237.851485,208.880095,1.000000,3.100000,251.144059,4.705952,252.272171,3.603960,4.348901,0.000000,0.655303,0.775785,0.523560,0.416667,400,4512,4512,32.000000,0,0,16,16,127,127,6,16,692.000000,364,0,0,109,91,0,109,10,7,3,0,10,3,3,3,0,0,0,0,0,99,0,99,99,99,0,0,0,0
1572,15000101,100,0,397.945069163729,175.000000000000,65.000000000000,2.518011705393,1f1bc3a0ac8d9029,8d15af1f9d36efa1,9ad24400c5a1f547,200,195,97.500000,179.723077,181.457622,1.000000,2.500000,192.066595,4.910000,201.797195,2.574359,4.766932,0.000000,0.509766,0.722992,0.443459,0.152027,400,3976,3976,32.000000,0,0,16,16,45,45,0,0,522.000000,502,0,0,25,175,0,25,20,20,0,0,20,0,0,0,0,0,0,0,0,5,0,5,5,5,0,0,0,0
1573,15000102,100,0,14.504379993533,325.000000000000,82.000000000000,2.859263295180,b7da5fe507eb7549,8d15af1f9d36efa1,42cfde60ec39ef5b,200,189,94.500000,287.148148,302.666648,1.000000,4.300000,347.847948,5.088333,343.420626,4.328042,4.880196,0.000000,0.402920,0.734043,0.328407,0.127932,400,4368,4368,32.000000,0,0,16,16,51,51,18,0,552.000000,818,0,0,31,169,0,31,20,11,9,0,20,9,9,9,0,0,0,0,0,11,0,11,11,11,0,0,0,0
1574,15000103,100,0,231.233715871750,75.000000000000,43.000000000000,2.193280294013,e10720e0d2c8fcae,8d15af1f9d36efa1,884c02c7f012f6c4,200,190,95.000000,317.726316,342.283758,1.000000,4.700000,406.642320,5.306905,387.614475,4.842105,5.083696,0.000000,0.367263,0.727520,0.303030,0.099804,400,4136,4136,32.000000,0,0,16,16,48,48,6,0,534.000000,920,0,0,29,171,0,29,19,16,3,0,19,3,3,3,0,0,0,0,0,10,0,10,10,10,0,0,0,0
1575,15000104,100,0,91.851974436352,325.000000000000,88.000000000000,1.513445972054,9a52abae03db6bea,8d15af1f9d36efa1,67866ab6c46ebcd0,200,176,88.000000,250.556818,243.513043,1.000000,3.600000,282.728802,4.758333,294.651913,3.886364,4.209064,0.000000,0.449275,0.736148,0.369004,0.155556,400,4248,4248,32.000000,0,0,16,16,62,62,2,0,558.000000,684,0,0,43,157,0,43,19,18,1,0,19,1,1,1,0,0,0,0,0,24,0,24,24,24,0,0,0,0
1576,15000105,100,0,284.234019135336,325.000000000000,47.000000000000,1.621350530382,73ab6e6e2927b9f6,8d15af1f9d36efa1,9b9ae900c64c8b33,200,200,100.000000,199.660000,205.455722,1.000000,3.000000,223.129086,4.660000,228.727755,3.000000,4.833333,0.000000,0.460432,0.719101,0.400000,0.117647,400,4520,4520,32.000000,0,0,16,16,40,40,0,0,512.000000,600,0,0,20,180,0,20,20,20,0,0,20,0,0,0,0,0,0,0,0,0,0,0,0,0,0,0,0,0
1577,15000106,100,0,174.978809399403,175.000000000000,54.000000000000,2.501684757169,7ad1396983408a2c,8d15af1f9d36efa1,a91531cb8001bc14,200,193,96.500000,207.502591,219.519908,1.000000,3.100000,257.150632,5.453333,250.309330,3.202073,4.956311,0.000000,0.457895,0.722992,0.392927,0.127119,400,4312,4312,32.000000,0,0,16,16,45,45,0,0,522.000000,618,0,0,26,174,0,26,19,19,0,0,19,0,0,0,0,0,0,0,0,7,0,7,7,7,0,0,0,0
1578,15000107,100,0,121.386815737434,175.000000000000,55.000000000000,2.688819190190,fe46bb223a6ec25a,8d15af1f9d36efa1,1180fefe75c3107b,200,189,94.500000,191.708995,202.467859,1.000000,2.700000,220.599416,5.483333,215.135382,2.703704,5.455969,0.000000,0.510067,0.726776,0.439078,0.163666,400,4240,4240,32.000000,0,0,16,16,50,50,0,2,532.000000,511,0,0,30,170,0,30,19,19,0,0,19,0,0,0,0,0,0,0,0,11,0,11,11,11,0,0,0,0
1579,15000108,100,0,173.083967147261,175.000000000000,73.000000000000,1.552238619175,e46a8e76a4644012,8d15af1f9d36efa1,3f103bc4d3b205e,200,200,100.000000,189.705000,174.812820,1.000000,2.700000,212.625741,3.541667,213.246124,2.800000,3.667857,0.000000,0.477612,0.719101,0.416667,0.125000,400,3880,3880,32.000000,0,0,16,16,40,40,0,0,512.000000,560,0,0,20,180,0,20,20,20,0,0,20,0,0,0,0,0,0,0,0,0,0,0,0,0,0,0,0,0
1580,15000109,100,0,451.018669824214,425.000000000000,58.000000000000,2.496149910727,9b9d263c06cce3bd,8d15af1f9d36efa1,c2f0e4fc7995487e,200,148,74.000000,258.337838,280.661422,1.000000,3.800000,308.680254,5.550000,303.651763,3.770270,5.426523,0.000000,0.521441,0.752475,0.417537,0.239782,400,4144,4144,32.000000,0,0,16,16,83,83,10,2,608.000000,558,0,0,67,133,0,67,15,10,5,0,15,5,5,5,0,0,0,0,0,52,0,52,52,52,0,0,0,0
1581,15000110,100,0,302.952232455340,175.000000000000,66.000000000000,2.139320734304,7af0a7de1ea20f3a,8d15af1f9d36efa1,1e9cac7ff2fbe7e5,200,137,68.500000,209.562044,218.032637,1.000000,3.000000,238.753397,4.060000,221.302080,2.795620,4.300261,0.000000,0.619284,0.756987,0.510856,0.333913,400,4016,4016,31.000000,0,0,16,15,95,95,2,4,623.000000,383,0,0,78,122,0,78,15,14,1,0,15,1,1,1,0,0,0,0,0,63,0,63,63,63,0,0,0,0
1582,15000111,100,0,85.069430576039,175.000000000000,70.000000000000,2.818772425737,c9e74b784cbad124,8d15af1f9d36efa1,1c1c310257c74dcc,200,181,90.500000,266.243094,267.739612,1.000000,3.900000,335.990517,5.358333,328.119993,3.834254,5.269452,0.000000,0.442122,0.733333,0.365631,0.145320,400,4392,4392,32.000000,0,0,16,16,55,55,8,0,550.000000,694,0,0,37,163,0,37,18,14,4,0,18,4,4,4,0,0,0,0,0,19,0,19,19,19,0,0,0,0
1583,15000112,100,0,154.107990595608,75.000000000000,45.000000000000,2.799008618237,73ffa46388c1d7b5,8d15af1f9d36efa1,4cd97fba30a9ed6,200,183,91.500000,266.142077,247.376514,1.000000,3.800000,308.532155,4.850714,304.341199,3.923497,4.321727,0.000000,0.435535,0.734748,0.357782,0.145238,400,4072,4072,32.000000,0,0,16,16,56,56,10,6,554.000000,718,0,0,35,165,0,35,18,13,5,0,18,5,5,5,0,0,0,0,0,17,0,17,17,17,0,0,0,0
1584,15000113,100,0,44.196985353767,175.000000000000,87.000000000000,2.033812853221,e0401ddcaaca9a63,8d15af1f9d36efa1,33ce404f89067f46,200,200,100.000000,206.040000,203.906593,1.000000,3.000000,232.561530,5.305000,238.951210,3.200000,4.678125,0.000000,0.449225,0.722992,0.384615,0.123288,400,3960,3960,32.000000,0,0,16,16,41,41,8,2,522.000000,640,0,0,20,180,0,20,20,16,4,0,20,4,4,4,0,0,0,0,0,0,0,0,0,0,0,0,0,0
1585,15000114,100,0,327.046072672917,75.000000000000,53.000000000000,1.697416753188,b049d124ad1f64b6,8d15af1f9d36efa1,9966dacc118d6215,200,178,89.000000,277.595506,294.644030,1.000000,4.100000,337.725443,5.122381,337.610980,4.213483,4.434667,0.000000,0.430091,0.738903,0.347826,0.151584,400,4296,4296,32.000000,0,0,16,16,61,61,12,2,566.000000,750,0,0,41,159,0,41,19,13,6,0,19,6,6,6,0,0,0,0,0,22,0,22,22,22,0,0,0,0
1586,15000115,100,0,271.236893026036,175.000000000000,60.000000000000,2.150969909962,75df50499bb056ea,8d15af1f9d36efa1,1c2db7d1aa172f46,200,200,100.000000,205.855000,215.731603,1.000000,2.900000,241.116453,5.796667,236.331334,2.900000,5.965517,0.000000,0.469835,0.719888,0.408163,0.123867,400,4792,4792,32.000000,0,0,16,16,40,40,2,0,514.000000,580,0,0,20,180,0,20,20,19,1,0,20,1,1,1,0,0,0,0,0,0,0,0,0,0,0,0,0,0
1587,15000116,100,0,39.957425355291,425.000000000000,79.000000000000,2.129452306446,685805ae2965c6a4,8d15af1f9d36efa1,12b16e004b536609,200,163,81.500000,203.748466,201.151648,1.000000,2.800000,227.789683,5.396667,217.899471,2.693252,5.558087,0.000000,0.571707,0.745547,0.476758,0.259696,400,4616,4616,32.000000,0,0,16,16,73,73,8,0,586.000000,439,0,0,55,145,0,55,18,14,4,0,18,4,4,4,0,0,0,0,0,37,0,37,37,37,0,0,0,0
1588,15000117,100,0,472.151440267485,325.000000000000,85.000000000000,1.964122375797,da79b81d93f1e6c9,8d15af1f9d36efa1,21746920a7934fcb,200,200,100.000000,293.120000,287.117621,1.000000,4.400000,336.917919,3.709167,356.427400,4.635000,3.848975,0.000000,0.365503,0.727520,0.301432,0.099125,400,3768,3768,32.000000,0,0,16,16,40,40,22,0,534.000000,927,0,0,20,180,0,20,20,9,11,0,20,11,11,11,0,0,0,0,0,0,0,0,0,0,0,0,0,0
1589,15000118,100,0,364.319750117422,75.000000000000,40.000000000000,2.530828059979,6993ec150712b55c,8d15af1f9d36efa1,8707f6c91a8a27c3,200,118,59.000000,316.033898,301.825291,1.000000,4.600000,367.908542,4.583333,380.567243,4.906780,4.234888,0.000000,0.530414,0.765808,0.408580,0.277154,400,4192,4192,32.000000,0,0,16,16,104,104,14,0,654.000000,579,0,0,93,107,0,93,11,4,7,0,11,7,7,7,0,0,0,0,0,82,0,82,82,82,0,0,0,0
1590,15000119,100,0,86.762175326989,425.000000000000,70.000000000000,1.629438974484,9c141b6ec6ebab0,8d15af1f9d36efa1,6789ff4fa6428db1,200,166,83.000000,287.987952,282.322524,1.000000,3.700000,308.759015,6.052381,339.777163,4.162651,4.916064,0.000000,0.456334,0.743590,0.366636,0.176400,400,4664,4664,32.000000,0,0,16,16,68,68,12,0,580.000000,691,0,0,51,149,0,51,17,11,6,0,17,6,6,6,0,0,0,0,0,34,0,34,34,34,0,0,0,0
1591,15000120,100,0,453.886818907955,75.000000000000,55.000000000000,2.864813286425,a1461162bc5509c8,8d15af1f9d36efa1,f46252e9f69ab66,200,169,84.500000,246.147929,260.485173,1.000000,3.500000,288.891549,5.218929,272.154228,3.266272,5.059783,0.000000,0.509769,0.741602,0.420168,0.204611,400,4384,4384,32.000000,0,0,16,16,64,64,14,2,574.000000,552,0,0,47,153,0,47,16,9,7,0,16,7,7,7,0,0,0,0,0,31,0,31,31,31,0,0,0,0
1592,15000121,100,0,477.750019859158,325.000000000000,83.000000000000,2.072364993537,e6ed458308e8443b,8d15af1f9d36efa1,2a90461502b9078b,200,163,81.500000,238.306748,238.638293,1.000000,3.800000,265.926902,3.695238,274.190355,3.625767,4.297800,0.000000,0.498302,0.745870,0.403633,0.208835,400,3728,3728,31.000000,0,0,16,15,73,73,10,0,587.000000,591,0,0,55,145,0,55,18,13,5,0,18,5,5,5,0,0,0,0,0,37,0,37,37,37,0,0,0,0
1593,15000122,100,0,70.505336561084,425.000000000000,49.000000000000,2.374030330858,8f36d989450a2e2b,8d15af1f9d36efa1,cfdf055103bb0805,200,139,69.500000,241.791367,246.729333,1.000000,3.500000,278.034623,5.336667,280.415102,3.784173,4.446768,0.000000,0.539405,0.754902,0.431965,0.259155,400,3920,3920,32.000000,0,0,16,16,90,90,4,2,616.000000,526,0,0,75,125,0,75,14,12,2,0,14,2,2,2,0,0,0,0,0,61,0,61,61,61,0,0,0,0
1594,15000123,100,0,16.416458904945,325.000000000000,65.000000000000,2.880346610464,c88609fc768a522e,8d15af1f9d36efa1,de547e42de7142ab,200,185,92.500000,286.308108,299.950751,1.000000,4.300000,341.276158,4.753333,341.066282,4.345946,3.808458,0.000000,0.408824,0.735450,0.332226,0.133621,400,3896,3896,32.000000,0,0,16,16,55,55,14,0,556.000000,804,0,0,35,165,0,35,20,13,7,0,20,7,7,7,0,0,0,0,0,15,0,15,15,15,0,0,0,0
1595,15000124,100,0,67.320120987306,175.000000000000,64.000000000000,2.840069011785,d5a909e5f1b18c38,8d15af1f9d36efa1,910824327ca21281,200,184,92.000000,229.967391,236.232609,1.000000,3.600000,288.180492,4.533333,275.622713,3.527174,4.004622,0.000000,0.453243,0.728997,0.381316,0.140397,400,3888,3888,32.000000,0,0,16,16,52,52,2,0,538.000000,649,0,0,34,166,0,34,18,17,1,0,18,1,1,1,0,0,0,0,0,16,0,16,16,16,0,0,0,0
1596,15000125,100,0,216.561285390685,75.000000000000,36.000000000000,2.319661330968,39070b6d1d325d9,8d15af1f9d36efa1,9ad24300c5a1f394,200,181,90.500000,216.563536,217.801938,1.000000,2.900000,248.833092,6.050000,249.773147,3.071823,5.415468,0.000000,0.497288,0.733333,0.418410,0.175074,400,4632,4632,32.000000,0,0,16,16,57,57,4,0,550.000000,556,0,0,38,162,0,38,19,17,2,0,19,2,2,2,0,0,0,0,0,19,0,19,19,19,0,0,0,0
1597,15000126,100,0,50.528589910423,425.000000000000,69.000000000000,1.536733965773,5de9d0982fabad53,8d15af1f9d36efa1,e807d86faf442796,200,107,53.500000,151.878505,184.397365,0.900000,2.200000,190.522907,5.231481,148.711952,1.971963,5.350711,0.000000,0.753216,0.763033,0.654664,0.501182,400,4088,4088,32.000000,0,0,16,16,104,104,4,4,644.000000,211,0,0,89,95,0,89,13,11,2,0,13,2,2,1,1,0,0,0,0,76,20,73,93,77,16,0,0,0
1598,15000127,100,0,428.063026283420,175.000000000000,86.000000000000,1.965297944891,798251f29cd2eafc,8d15af1f9d36efa1,9a9c3700c5744fc0,200,197,98.500000,201.796954,209.768819,1.000000,2.900000,225.564846,6.308333,233.028605,2.954315,6.120275,0.000000,0.472826,0.722992,0.407332,0.133929,400,4696,4696,32.000000,0,0,16,16,44,44,2,2,522.000000,582,0,0,23,177,0,23,20,19,1,0,20,1,1,1,0,0,0,0,0,3,0,3,3,3,0,0,0,0
1599,15000128,100,0,488.157176978591,75.000000000000,67.000000000000,2.111490732063,b147ef7d14b26489,8d15af1f9d36efa1,9e2c6e217f19f779,200,152,76.000000,199.539474,176.237621,1.000000,2.800000,219.514426,4.550000,202.812010,2.697368,4.026829,0.000000,0.595661,0.751244,0.493827,0.295533,400,4344,4344,32.000000,0,0,16,16,82,82,8,0,604.000000,410,0,0,65,135,0,65,17,13,4,0,17,4,4,4,0,0,0,0,0,48,0,48,48,48,0,0,0,0
1600,15000129,100,0,123.362116568135,75.000000000000,56.000000000000,1.644872760714,f0b1fe40c111b9d5,8d15af1f9d36efa1,494f2b50264b97ff,200,168,84.000000,286.922619,289.941295,1.000000,4.200000,345.639685,4.327857,344.206446,4.136905,4.107914,0.000000,0.451460,0.740933,0.365297,0.167665,400,3640,3640,32.000000,0,0,16,16,64,64,12,0,572.000000,695,0,0,48,152,0,48,16,10,6,0,16,6,6,6,0,0,0,0,0,32,0,32,32,32,0,0,0,0
1601,15000130,100,0,108.527058523021,325.000000000000,73.000000000000,2.494348455640,219ccb577ea61c31,8d15af1f9d36efa1,b1f1d55061c1fa81,200,197,98.500000,227.538071,236.836224,1.000000,3.300000,265.679943,4.238333,272.664216,3.456853,4.538913,0.000000,0.432973,0.722222,0.370028,0.114434,400,4136,4136,32.000000,0,0,16,16,43,43,2,0,520.000000,681,0,0,23,177,0,23,20,19,1,0,20,1,1,1,0,0,0,0,0,3,0,3,3,3,0,0,0,0
1602,15000131,100,0,183.366195684264,325.000000000000,71.000000000000,1.679035641578,4aa81e0f0e442999,8d15af1f9d36efa1,eb6b67621e7ae2bd,200,200,100.000000,278.935000,309.086551,1.000000,4.400000,354.235010,4.520952,343.430851,4.465000,3.898096,0.000000,0.366217,0.720670,0.309358,0.085977,400,4104,4104,32.000000,0,0,16,16,42,42,0,4,516.000000,893,0,0,20,180,0,20,20,20,0,0,20,0,0,0,0,0,0,0,0,0,0,0,0,0,0,0,0,0
1603,15000132,100,0,397.477700557421,175.000000000000,58.000000000000,2.849047881296,fc32d10e62064eef,8d15af1f9d36efa1,6eba92a194ca5d1f,200,193,96.500000,284.279793,299.152530,1.000000,4.100000,342.028621,5.571667,358.814301,4.202073,5.456227,0.000000,0.393418,0.724518,0.330306,0.103867,400,4168,4168,32.000000,0,0,16,16,45,45,4,0,526.000000,811,0,0,26,174,0,26,19,17,2,0,19,2,2,2,0,0,0,0,0,7,0,7,7,7,0,0,0,0
1604,15000133,100,0,345.095438973748,425.000000000000,49.000000000000,2.586073370417,9a749c810a7d489,8d15af1f9d36efa1,f9b433d846ae99ea,200,186,93.000000,205.215054,231.953852,1.000000,3.000000,250.612087,6.036667,241.780747,2.919355,5.744015,0.000000,0.496756,0.728261,0.424178,0.160742,400,4360,4360,32.000000,0,0,16,16,50,50,4,0,536.000000,543,0,0,32,168,0,32,18,16,2,0,18,2,2,2,0,0,0,0,0,14,0,14,14,14,0,0,0,0
1605,15000134,100,0,201.179605021728,175.000000000000,50.000000000000,1.508674880167,3da5531e66bf30c0,8d15af1f9d36efa1,c8643c8958d95242,200,175,87.500000,264.897143,254.726334,1.000000,4.000000,317.707955,4.307143,329.583584,4.165714,3.882030,0.000000,0.430913,0.734043,0.354296,0.141343,400,3896,3896,32.000000,0,0,16,16,59,59,2,0,552.000000,729,0,0,42,158,0,42,17,16,1,0,17,1,1,1,0,0,0,0,0,25,0,25,25,25,0,0,0,0
1606,15000135,100,0,219.924265405321,425.000000000000,46.000000000000,1.848774993077,14dbb01bc27177fa,8d15af1f9d36efa1,9baf9700c65e5be7,200,163,81.500000,229.067485,239.187265,1.000000,3.400000,273.616745,5.371667,264.145381,3.343558,4.924771,0.000000,0.514693,0.742931,0.423280,0.211288,400,4296,4296,32.000000,0,0,16,16,69,69,8,0,578.000000,545,0,0,53,147,0,53,16,12,4,0,16,4,4,4,0,0,0,0,0,37,0,37,37,37,0,0,0,0
1607,15000136,100,0,288.155691428392,325.000000000000,64.000000000000,2.403883129147,de7fc5b5fed4cd3b,8d15af1f9d36efa1,868a85504925965e,200,151,75.500000,224.443709,264.903787,1.000000,3.600000,283.252846,5.966667,287.821201,3.609272,5.552294,0.000000,0.517272,0.744898,0.423280,0.218077,400,4232,4232,32.000000,0,0,16,16,75,75,2,0,584.000000,545,0,0,62,138,0,62,13,12,1,0,13,1,1,1,0,0,0,0,0,49,0,49,49,49,0,0,0,0
1608,15000137,100,0,485.880521397835,175.000000000000,87.000000000000,1.587742521828,d9c061966fa26f27,8d15af1f9d36efa1,64ad13cfc13fb58d,200,135,67.500000,260.955556,272.345439,1.000000,3.800000,303.639935,5.573333,298.781478,3.933333,4.679849,0.000000,0.543422,0.759615,0.429646,0.273598,400,4408,4408,32.000000,0,0,16,16,97,97,6,0,632.000000,531,0,0,81,119,0,81,16,13,3,0,16,3,3,3,0,0,0,0,0,65,0,65,65,65,0,0,0,0
1609,15000138,100,0,488.396621069852,325.000000000000,73.000000000000,2.793706529275,e869e1ebe5658599,8d15af1f9d36efa1,6438602a43530ee5,200,174,87.000000,209.051724,217.638516,1.000000,3.100000,258.362176,6.031667,254.844011,3.132184,5.651376,0.000000,0.503191,0.734043,0.423280,0.180451,400,4456,4456,32.000000,0,0,16,16,60,60,0,0,552.000000,545,0,0,43,157,0,43,17,17,0,0,17,0,0,0,0,0,0,0,0,26,0,26,26,26,0,0,0,0
1610,15000139,100,0,273.382719294228,325.000000000000,56.000000000000,1.858025703122,6e0ae1bd712455d9,8d15af1f9d36efa1,e651dfee65fe416b,200,200,100.000000,252.295000,262.003234,1.000000,3.900000,313.852810,5.132143,307.759966,3.935000,4.451080,0.000000,0.396009,0.720670,0.336984,0.096441,400,4112,4112,32.000000,0,0,16,16,42,42,0,4,516.000000,787,0,0,20,180,0,20,20,20,0,0,20,0,0,0,0,0,0,0,0,0,0,0,0,0,0,0,0,0
1611,15000140,100,0,399.214885937438,175.000000000000,58.000000000000,2.802386175585,3db5b21a4b2b8713,8d15af1f9d36efa1,23778ee9228e3a74,200,200,100.000000,269.165000,273.970266,1.000000,4.100000,326.981362,4.125000,332.979346,4.165000,4.334934,0.000000,0.381589,0.719888,0.324412,0.089617,400,3768,3768,32.000000,0,0,16,16,40,40,2,0,514.000000,833,0,0,20,180,0,20,20,19,1,0,20,1,1,1,0,0,0,0,0,0,0,0,0,0,0,0,0,0
1612,15000141,100,0,138.168224188249,175.000000000000,73.000000000000,1.883090518298,cc272c8e0f3c8474,8d15af1f9d36efa1,8a610b16afa1ae23,200,173,86.500000,257.104046,291.304794,0.900000,3.800000,335.430562,4.750000,317.326022,4.231214,4.415301,0.000000,0.418124,0.724518,0.353357,0.113801,400,4056,4056,32.000000,0,0,16,16,45,45,4,0,526.000000,732,0,0,26,155,0,26,19,17,2,0,19,2,2,1,1,0,0,0,0,7,20,7,27,8,19,0,0,0
1613,15000142,100,0,492.858296933994,325.000000000000,82.000000000000,1.703438635394,6c0eeb9fba94f4e,8d15af1f9d36efa1,cb87674f4dde2b94,200,155,77.500000,220.632258,241.939175,1.000000,3.500000,267.423567,4.696429,266.589179,3.419355,4.767925,0.000000,0.525515,0.745870,0.430108,0.227405,400,4000,4000,31.000000,0,0,16,15,75,75,6,0,587.000000,530,0,0,60,140,0,60,15,12,3,0,15,3,3,3,0,0,0,0,0,45,0,45,45,45,0,0,0,0
1614,15000143,100,0,145.548947527637,425.000000000000,50.000000000000,2.770266884768,2a3ecfa87a425e44,8d15af1f9d36efa1,1db910cf5d25a54d,200,181,90.500000,223.977901,230.542705,1.000000,3.400000,274.284493,4.941667,268.248831,3.436464,4.990354,0.000000,0.468376,0.732620,0.391389,0.157182,400,3904,3904,32.000000,0,0,16,16,55,55,6,0,548.000000,622,0,0,37,163,0,37,18,15,3,0,18,3,3,3,0,0,0,0,0,19,0,19,19,19,0,0,0,0
1615,15000144,100,0,327.123791421352,425.000000000000,37.000000000000,2.191499527184,4b6cfaf6972ca0a2,8d15af1f9d36efa1,f784564f66f9c1d8,200,157,78.500000,231.286624,234.267877,1.000000,3.500000,277.756042,4.585000,272.888256,3.503185,4.163636,0.000000,0.515845,0.745547,0.421053,0.218750,400,4136,4136,32.000000,0,0,16,16,75,75,4,0,586.000000,550,0,0,59,141,0,59,16,14,2,0,16,2,2,2,0,0,0,0,0,43,0,43,43,43,0,0,0,0
1616,15000145,100,0,487.046722732194,325.000000000000,84.000000000000,1.634593543149,6f3beaf6b9d69bc,8d15af1f9d36efa1,b3eae862c91fb4f1,200,171,85.500000,359.824561,364.699787,1.000000,5.000000,427.768987,5.858095,443.990958,5.684211,4.622428,0.000000,0.376923,0.746193,0.291545,0.138298,400,4168,4168,32.000000,0,0,16,16,69,69,18,8,588.000000,972,0,0,47,153,0,47,18,9,9,0,18,9,9,9,0,0,0,0,0,29,0,29,29,29,0,0,0,0
1617,15000146,100,0,342.714549090931,325.000000000000,54.000000000000,2.206817647088,ced40dbd8895dfc4,8d15af1f9d36efa1,bb181fc5f675934a,200,200,100.000000,282.940000,279.885586,1.000000,4.500000,349.210572,4.330952,347.983113,4.600000,3.906522,0.000000,0.360223,0.721448,0.303030,0.085487,400,4104,4104,32.000000,0,0,16,16,40,40,6,0,518.000000,920,0,0,20,180,0,20,20,17,3,0,20,3,3,3,0,0,0,0,0,0,0,0,0,0,0,0,0,0
1618,15000147,100,0,115.902730134166,75.000000000000,39.000000000000,2.991032466880,b69e78525f0f9917,8d15af1f9d36efa1,32e21104b13834ce,200,125,62.500000,226.224000,238.205973,1.000000,3.600000,269.663949,4.490000,265.138591,3.472000,4.338710,0.000000,0.595149,0.761337,0.479616,0.321875,400,4024,4024,32.000000,0,0,16,16,99,99,8,0,638.000000,434,0,0,87,113,0,87,12,8,4,0,12,4,4,4,0,0,0,0,0,75,0,75,75,75,0,0,0,0
1619,15000148,100,0,3.087774667998,75.000000000000,72.000000000000,2.141780876120,c7cdcb00e8289722,8d15af1f9d36efa1,bc192a54db8c38bd,200,164,82.000000,265.109756,287.861766,1.000000,3.900000,316.439709,5.766667,304.528063,3.871951,5.269291,0.000000,0.476073,0.742600,0.386473,0.186940,400,4344,4344,31.000000,0,0,16,15,67,67,12,2,577.000000,635,0,0,51,149,0,51,15,9,6,0,15,6,6,6,0,0,0,0,0,36,0,36,36,36,0,0,0,0
1620,15000149,100,0,381.013803857223,425.000000000000,40.000000000000,2.776724235851,b9fb6739f4ac5801,8d15af1f9d36efa1,33219b50aab800e1,200,170,85.000000,227.382353,231.279225,1.000000,3.300000,267.526284,5.673333,257.925339,3.382353,5.111304,0.000000,0.495171,0.738220,0.410256,0.186704,400,4032,4032,32.000000,0,0,16,16,65,65,2,6,564.000000,575,0,0,46,154,0,46,16,15,1,0,16,1,1,1,0,0,0,0,0,30,0,30,30,30,0,0,0,0
1621,15000150,100,0,188.900360974422,175.000000000000,62.000000000000,1.934727990629,297161bae1a7f1f0,8d15af1f9d36efa1,d000da5103d7a55a,200,200,100.000000,264.735000,279.613199,1.000000,4.100000,326.266443,4.895952,326.488071,4.235000,4.204250,0.000000,0.377663,0.719888,0.320770,0.088267,400,4136,4136,32.000000,0,0,16,16,40,40,2,0,514.000000,847,0,0,20,180,0,20,20,19,1,0,20,1,1,1,0,0,0,0,0,0,0,0,0,0,0,0,0,0
1622,15000151,100,0,120.958732469970,425.000000000000,42.000000000000,2.569426087820,fd91b5d887fd8fc2,8d15af1f9d36efa1,a936884f3a8686fe,200,173,86.500000,182.919075,177.051868,1.000000,2.500000,194.234132,5.300000,206.206505,2.578035,5.121076,0.000000,0.554890,0.735450,0.472813,0.217544,400,4240,4240,32.000000,0,0,16,16,61,61,2,0,556.000000,446,0,0,44,156,0,44,17,16,1,0,17,1,1,1,0,0,0,0,0,27,0,27,27,27,0,0,0,0
1623,15000152,100,0,413.638392370754,325.000000000000,78.000000000000,2.019344829135,ddc3f96700605883,8d15af1f9d36efa1,9505bfb0a08c308c,200,177,88.500000,268.367232,272.692792,1.000000,4.100000,314.284716,5.006905,311.437206,4.084746,4.586445,0.000000,0.439969,0.739583,0.356189,0.158324,400,3952,3952,32.000000,0,0,16,16,63,63,10,0,568.000000,723,0,0,43,157,0,43,20,15,5,0,20,5,5,5,0,0,0,0,0,23,0,23,23,23,0,0,0,0
1624,15000153,100,0,158.843292745057,75.000000000000,54.000000000000,1.820757100758,fffb38470a00e01,8d15af1f9d36efa1,96c2be65075ac7bc,200,109,54.500000,273.403670,269.257661,0.900000,3.300000,287.369645,5.166667,332.146663,4.091743,4.511211,0.000000,0.601786,0.771167,0.472813,0.351744,400,4336,4336,32.000000,0,0,16,16,119,119,4,14,674.000000,446,0,0,102,98,0,101,11,9,2,0,11,2,2,2,0,0,0,0,0,91,20,71,91,91,0,0,0,0
1625,15000154,100,0,404.485595537549,425.000000000000,67.000000000000,1.799932257000,b22912ad3a23af5,8d15af1f9d36efa1,640c25daaf2e962d,200,156,78.000000,285.346154,280.228460,1.000000,4.100000,328.228048,4.084048,339.653938,4.423077,3.949275,0.000000,0.464286,0.749373,0.366972,0.193925,400,3968,3968,32.000000,0,0,16,16,77,77,12,6,598.000000,690,0,0,59,141,0,59,15,9,6,0,15,6,6,6,0,0,0,0,0,44,0,44,44,44,0,0,0,0
1626,15000155,100,0,340.745249240042,75.000000000000,47.000000000000,2.614333857012,d8c6ce97f0db4b03,8d15af1f9d36efa1,4bd728710f80324,200,185,92.500000,246.027027,255.958236,1.000000,3.600000,282.027490,4.775000,294.788631,3.751351,4.374640,0.000000,0.438511,0.730458,0.365631,0.136816,400,4112,4112,32.000000,0,0,16,16,53,53,4,0,542.000000,694,0,0,34,166,0,34,19,17,2,0,19,2,2,2,0,0,0,0,0,15,0,15,15,15,0,0,0,0
1627,15000156,100,0,127.530177764868,425.000000000000,48.000000000000,2.508949801115,4af0a24cd55290f,8d15af1f9d36efa1,a102ed4dca4a1cc2,200,167,83.500000,289.269461,311.686620,1.000000,4.300000,354.361267,4.508333,336.079612,4.281437,4.281119,0.000000,0.447876,0.743590,0.358744,0.171495,400,3904,3904,32.000000,0,0,16,16,68,68,12,2,580.000000,715,0,0,50,150,0,50,17,11,6,0,17,6,6,6,0,0,0,0,0,33,0,33,33,33,0,0,0,0
1628,15000157,100,0,114.068689254386,175.000000000000,59.000000000000,2.856103071840,57a4a689d8667b4b,8d15af1f9d36efa1,220bbb091ae1cbf2,200,197,98.500000,267.187817,280.074453,1.000000,3.800000,310.436872,5.455000,322.521662,3.802030,5.244326,0.000000,0.411626,0.723757,0.348129,0.109394,400,4192,4192,32.000000,0,0,16,16,43,43,6,0,524.000000,749,0,0,23,177,0,23,20,17,3,0,20,3,3,3,0,0,0,0,0,3,0,3,3,3,0,0,0,0
1629,15000158,100,0,28.782529499315,175.000000000000,87.000000000000,1.839830897595,72fcd002b84f1aa,8d15af1f9d36efa1,a635917bbbba4d6f,200,183,91.500000,252.983607,253.682194,1.000000,3.500000,292.436843,5.023333,304.838280,3.622951,4.858220,0.000000,0.455218,0.734748,0.376294,0.155414,400,4160,4160,32.000000,0,0,16,16,57,57,8,0,554.000000,663,0,0,37,163,0,37,20,16,4,0,20,4,4,4,0,0,0,0,0,17,0,17,17,17,0,0,0,0
1630,15000159,100,0,218.544625205385,425.000000000000,32.000000000000,1.644304147762,fa13193b3f2b9464,8d15af1f9d36efa1,6fa853d6b79460e4,200,106,53.000000,286.377358,282.730712,1.000000,4.300000,343.720533,4.467857,324.641331,4.132075,3.908676,0.000000,0.607527,0.772210,0.477327,0.359649,400,4232,4232,32.000000,0,0,16,16,118,118,10,4,678.000000,438,0,0,105,95,0,105,11,6,5,0,11,5,5,5,0,0,0,0,0,94,0,94,94,94,0,0,0,0
1631,15000160,100,0,336.935522965441,175.000000000000,58.000000000000,2.671652918450,5e97a621c28cb12d,8d15af1f9d36efa1,938a11535823ba6b,200,200,100.000000,275.440000,268.373383,1.000000,4.100000,317.026141,4.645000,330.830219,4.400000,4.038636,0.000000,0.370979,0.721836,0.312500,0.090909,400,4184,4184,31.000000,0,0,16,15,41,41,6,2,519.000000,880,0,0,20,180,0,20,20,17,3,0,20,3,3,3,0,0,0,0,0,0,0,0,0,0,0,0,0,0
1632,15000161,100,0,80.543316490821,175.000000000000,71.000000000000,2.354348566965,838119a1693627ef,8d15af1f9d36efa1,2c14449be4781ccc,200,200,100.000000,244.415000,266.224759,1.000000,3.800000,297.913221,4.257619,293.555716,3.870000,4.395349,0.000000,0.400929,0.721448,0.340716,0.100000,400,3528,3528,32.000000,0,0,16,16,40,40,6,0,518.000000,774,0,0,20,180,0,20,20,17,3,0,20,3,3,3,0,0,0,0,0,0,0,0,0,0,0,0,0,0
1633,15000162,100,0,214.649158064280,175.000000000000,63.000000000000,1.505990001344,9ebd611bb7e34885,8d15af1f9d36efa1,9b8d4200c640e512,200,196,98.000000,236.275510,238.578472,1.000000,3.400000,267.372039,5.941667,275.022133,3.551020,5.221264,0.000000,0.429508,0.723757,0.364964,0.116751,400,4504,4504,32.000000,0,0,16,16,45,45,2,2,524.000000,696,0,0,24,176,0,24,20,19,1,0,20,1,1,1,0,0,0,0,0,4,0,4,4,4,0,0,0,0
1634,15000163,100,0,154.812698332755,425.000000000000,43.000000000000,2.685218272075,a90e00d734f512ef,8d15af1f9d36efa1,9ab3b800c58809d4,200,158,79.000000,202.487342,236.289102,0.900000,2.800000,240.866483,3.879630,223.987342,2.873418,4.572687,0.000000,0.548708,0.734043,0.468384,0.209059,400,3856,3856,32.000000,0,0,16,16,56,56,8,2,552.000000,454,0,0,39,143,0,39,16,12,4,0,16,4,4,3,1,0,0,0,0,23,20,22,42,24,18,0,0,0
1635,15000164,100,0,304.038435082785,425.000000000000,41.000000000000,2.427804294339,992f872b4b9aaec3,8d15af1f9d36efa1,22123cca545da61e,200,169,84.500000,208.928994,210.869073,1.000000,3.100000,243.481663,4.725000,220.559851,2.852071,5.033195,0.000000,0.546139,0.743590,0.453515,0.234921,400,4176,4176,32.000000,0,0,16,16,70,70,8,6,580.000000,482,0,0,49,151,0,49,18,14,4,0,18,4,4,4,0,0,0,0,0,31,0,31,31,31,0,0,0,0
1636,15000165,100,0,247.256211580798,425.000000000000,45.000000000000,1.651759604237,142dfc2cd635a665,8d15af1f9d36efa1,d4cd80e8069eb424,200,148,74.000000,252.324324,254.266618,1.000000,3.600000,292.630702,5.108333,289.034988,3.540541,4.784351,0.000000,0.539543,0.754300,0.432900,0.257790,400,4328,4328,32.000000,0,0,16,16,86,86,10,0,614.000000,524,0,0,69,131,0,69,17,12,5,0,17,5,5,5,0,0,0,0,0,52,0,52,52,52,0,0,0,0
1637,15000166,100,0,489.991570757995,425.000000000000,59.000000000000,2.807038314007,a33be6dba83428c6,8d15af1f9d36efa1,bfd3ddfebb1e6880,200,160,80.000000,253.556250,247.774010,1.000000,3.400000,290.064283,4.840000,283.263795,3.425000,4.965328,0.000000,0.518453,0.746835,0.421941,0.223796,400,4080,4080,32.000000,0,0,16,16,74,74,10,0,590.000000,548,0,0,57,143,0,57,17,12,5,0,17,5,5,5,0,0,0,0,0,40,0,40,40,40,0,0,0,0
1638,15000167,100,0,60.795799954747,175.000000000000,86.000000000000,1.699333993890,a8f6eb9157ccded0,8d15af1f9d36efa1,cbbe94507051574a,200,174,87.000000,256.735632,263.393799,1.000000,3.500000,291.294017,4.740000,294.856495,3.614943,4.413355,0.000000,0.474520,0.739583,0.388727,0.177778,400,4104,4104,32.000000,0,0,16,16,67,67,2,2,568.000000,629,0,0,46,154,0,46,20,19,1,0,20,1,1,1,0,0,0,0,0,26,0,26,26,26,0,0,0,0
1639,15000168,100,0,448.137172804839,75.000000000000,62.000000000000,2.411812930579,7bb714a7eba4da20,8d15af1f9d36efa1,8a6bb44c555e9e2c,200,177,88.500000,251.005650,259.235540,1.000000,3.600000,288.864955,6.540000,302.100812,3.751412,5.486446,0.000000,0.453947,0.734043,0.375940,0.153061,400,4384,4384,32.000000,0,0,16,16,57,57,6,0,552.000000,664,0,0,40,160,0,40,17,14,3,0,17,3,3,3,0,0,0,0,0,23,0,23,23,23,0,0,0,0
1640,15000169,100,0,377.979335234032,175.000000000000,73.000000000000,1.665417049102,d8d27a14e49160c3,8d15af1f9d36efa1,9aa68d00c57d3667,200,200,100.000000,204.225000,212.436490,1.000000,2.900000,232.512253,5.228333,228.760927,2.900000,5.000000,0.000000,0.472727,0.722222,0.408163,0.131737,400,4152,4152,32.000000,0,0,16,16,40,40,8,0,520.000000,580,0,0,20,180,0,20,20,16,4,0,20,4,4,4,0,0,0,0,0,0,0,0,0,0,0,0,0,0
1641,15000170,100,0,305.805316999734,425.000000000000,56.000000000000,1.548107067154,e3d1f33ac39ce996,8d15af1f9d36efa1,f61610508806d301,200,132,66.000000,191.250000,212.634925,1.000000,3.000000,240.116093,4.501667,212.910338,2.712121,4.449721,0.000000,0.635438,0.757282,0.527704,0.349091,400,4432,4432,32.000000,0,0,16,16,94,94,4,0,624.000000,358,0,0,81,119,0,81,13,11,2,0,13,2,2,2,0,0,0,0,0,68,0,68,68,68,0,0,0,0
1642,15000171,100,0,229.524102226156,175.000000000000,55.000000000000,1.599727651978,516df0db8d379fb8,8d15af1f9d36efa1,f1eb214ff493f7a7,200,200,100.000000,241.980000,241.925497,1.000000,3.400000,282.020080,4.251667,284.710731,3.800000,3.859211,0.000000,0.406250,0.722222,0.344828,0.103774,400,3896,3896,32.000000,0,0,16,16,42,42,4,4,520.000000,760,0,0,20,180,0,20,20,18,2,0,20,2,2,2,0,0,0,0,0,0,0,0,0,0,0,0,0,0
1643,15000172,100,0,267.711847165779,325.000000000000,62.000000000000,1.530588098331,143fa6c5745b9450,8d15af1f9d36efa1,5edb12f76db67d04,200,178,89.000000,261.769663,257.881787,1.000000,3.800000,302.611751,5.868333,318.931741,3.960674,4.893617,0.000000,0.438247,0.733333,0.361991,0.143378,400,4608,4608,32.000000,0,0,16,16,57,57,4,2,550.000000,705,0,0,39,161,0,39,17,15,2,0,17,2,2,2,0,0,0,0,0,22,0,22,22,22,0,0,0,0
1644,15000173,100,0,423.769835952897,175.000000000000,80.000000000000,2.292532679843,250e1551dff6f80e,8d15af1f9d36efa1,e5b89fcc5eb25186,200,194,97.000000,248.206186,271.709663,1.000000,3.700000,299.274331,5.638571,294.790767,3.690722,5.108939,0.000000,0.427200,0.727520,0.358423,0.124694,400,4528,4528,32.000000,0,0,16,16,46,46,10,0,534.000000,716,0,0,26,174,0,26,20,15,5,0,20,5,5,5,0,0,0,0,0,6,0,6,6,6,0,0,0,0
1645,15000174,100,0,327.151059280824,175.000000000000,57.000000000000,2.601956856274,c87b03108b694cb4,8d15af1f9d36efa1,ee9ce6b03f55df8b,200,186,93.000000,249.736559,264.361299,1.000000,3.800000,310.981733,6.070000,306.898915,3.860215,5.681058,0.000000,0.425600,0.726776,0.357782,0.122249,400,4360,4360,32.000000,0,0,16,16,50,50,0,0,532.000000,718,0,0,32,168,0,32,18,18,0,0,18,0,0,0,0,0,0,0,0,14,0,14,14,14,0,0,0,0
1646,15000175,100,0,451.185158267302,75.000000000000,66.000000000000,2.250586440496,dd7863207e9cf4f4,8d15af1f9d36efa1,d4c1e29c4299587,200,95,47.500000,249.094737,245.900003,1.000000,3.400000,280.690257,5.795476,266.695406,3.315789,5.520635,0.000000,0.689042,0.777283,0.559441,0.457831,400,4432,4432,32.000000,0,0,16,16,129,129,8,0,698.000000,315,0,0,117,83,0,117,12,8,4,0,12,4,4,4,0,0,0,0,0,105,0,105,105,105,0,0,0,0
1647,15000176,100,0,475.931559345983,175.000000000000,88.000000000000,1.848075900177,57b3f5b537f1e235,8d15af1f9d36efa1,868de950c00e30fc,200,175,87.500000,237.708571,227.168531,1.000000,3.300000,269.700358,5.328333,276.058009,3.497143,4.673203,0.000000,0.477816,0.736842,0.395257,0.172973,400,4496,4496,32.000000,0,0,16,16,61,61,6,0,560.000000,612,0,0,43,157,0,43,18,15,3,0,18,3,3,3,0,0,0,0,0,25,0,25,25,25,0,0,0,0
1648,15000177,100,0,348.992272544204,75.000000000000,45.000000000000,2.527625826949,dd9cb01d41dd9467,8d15af1f9d36efa1,324e409851e31876,200,170,85.000000,288.894118,289.721225,1.000000,4.100000,321.923383,5.290000,331.224543,4.311765,5.260573,0.000000,0.439174,0.741602,0.353045,0.162286,400,4488,4488,32.000000,0,0,16,16,68,68,6,8,574.000000,733,0,0,47,153,0,47,17,14,3,0,17,3,3,3,0,0,0,0,0,30,0,30,30,30,0,0,0,0
1649,15000178,100,0,414.126893250938,75.000000000000,55.000000000000,1.875553643356,250a9fa6a78e06ad,8d15af1f9d36efa1,6e3e5048ff7b041e,200,101,50.500000,307.663366,293.095409,1.000000,4.400000,345.090164,4.205000,358.976023,4.673267,4.154661,0.000000,0.591696,0.773756,0.458716,0.348066,400,3736,3736,32.000000,0,0,16,16,121,121,10,0,684.000000,472,0,0,110,90,0,110,11,6,5,0,11,5,5,5,0,0,0,0,0,99,0,99,99,99,0,0,0,0
1650,15000179,100,0,431.388791518430,175.000000000000,60.000000000000,2.937369231098,93697416c48952e0,8d15af1f9d36efa1,4352340fe8070cbf,200,196,98.000000,272.362245,303.735926,1.000000,4.300000,351.063007,4.462302,330.282557,4.306122,4.254739,0.000000,0.384840,0.725275,0.321543,0.102128,400,3728,3728,32.000000,0,0,16,16,44,44,8,0,528.000000,844,0,0,24,176,0,24,20,16,4,0,20,4,4,4,0,0,0,0,0,4,0,4,4,4,0,0,0,0
1651,15000180,100,0,157.801002455074,325.000000000000,54.000000000000,2.769190641634,584f3ea7b36c7db3,8d15af1f9d36efa1,6d184185f81c2b0f,200,182,91.000000,249.038462,272.887120,1.000000,3.800000,307.756954,5.238571,303.901630,3.714286,5.090237,0.000000,0.445902,0.731183,0.371747,0.142132,400,3984,3984,32.000000,0,0,16,16,56,56,0,4,544.000000,676,0,0,36,164,0,36,18,18,0,0,18,0,0,0,0,0,0,0,0,18,0,18,18,18,0,0,0,0
1652,15000181,100,0,461.010166387195,325.000000000000,82.000000000000,2.025182142625,937544b8bbac8ea9,8d15af1f9d36efa1,721af75b3911db94,200,184,92.000000,247.336957,254.451320,1.000000,3.800000,291.520059,3.840000,285.602637,3.809783,3.746077,0.000000,0.443209,0.736148,0.363306,0.152358,400,3944,3944,32.000000,0,0,16,16,56,56,14,0,558.000000,701,0,0,36,164,0,36,20,13,7,0,20,7,7,7,0,0,0,0,0,16,0,16,16,16,0,0,0,0
1653,15000182,100,0,353.524744862178,425.000000000000,59.000000000000,1.997719381016,7e483b60d44ac909,8d15af1f9d36efa1,9b1d4600c5e1e427,200,166,83.000000,270.927711,284.196143,1.000000,4.300000,337.017640,4.643214,324.555675,4.234940,4.633001,0.000000,0.448627,0.740933,0.362647,0.166074,400,3936,3936,32.000000,0,0,16,16,66,66,8,0,572.000000,703,0,0,50,150,0,50,16,12,4,0,16,4,4,4,0,0,0,0,0,34,0,34,34,34,0,0,0,0
1654,15000183,100,0,457.589187154890,425.000000000000,66.000000000000,2.269029398899,a1dce1aef55cccb9,8d15af1f9d36efa1,f224625b4304e8ea,200,159,79.500000,207.666667,197.217534,1.000000,2.800000,223.996095,4.845000,224.963531,2.805031,4.488789,0.000000,0.568665,0.746193,0.472813,0.259136,400,4280,4280,32.000000,0,0,16,16,71,71,14,0,588.000000,446,0,0,56,144,0,56,15,8,7,0,15,7,7,7,0,0,0,0,0,41,0,41,41,41,0,0,0,0
1655,15000184,100,0,166.222206237915,175.000000000000,76.000000000000,1.659781847088,b5a32d3b8603c498,8d15af1f9d36efa1,d71c6caa89e409ec,200,200,100.000000,263.780000,275.360571,1.000000,4.000000,316.599448,5.388333,331.127644,4.100000,5.162195,0.000000,0.385307,0.719888,0.327869,0.090909,400,4000,4000,32.000000,0,0,16,16,40,40,2,0,514.000000,820,0,0,20,180,0,20,20,19,1,0,20,1,1,1,0,0,0,0,0,0,0,0,0,0,0,0,0,0
1656,15000185,100,0,91.783043264198,425.000000000000,50.000000000000,2.485000908581,cccdce961f1b3300,8d15af1f9d36efa1,bba68474c9dc1834,200,156,78.000000,255.967949,279.244478,1.000000,4.200000,328.015965,4.383333,305.876066,4.025641,4.324841,0.000000,0.484401,0.746835,0.389105,0.201018,400,4248,4248,32.000000,0,0,16,16,76,76,6,0,590.000000,628,0,0,60,140,0,60,16,13,3,0,16,3,3,3,0,0,0,0,0,44,0,44,44,44,0,0,0,0
1657,15000186,100,0,441.425903354003,75.000000000000,56.000000000000,2.835247514717,c7656a3a56102e87,8d15af1f9d36efa1,82d1363288d4a541,200,141,70.500000,294.992908,304.918522,1.000000,4.400000,345.390721,5.038333,346.897231,4.276596,5.179104,0.000000,0.506950,0.756098,0.398804,0.237674,400,4208,4208,32.000000,0,0,16,16,89,89,10,0,620.000000,603,0,0,74,126,0,74,15,10,5,0,15,5,5,5,0,0,0,0,0,59,0,59,59,59,0,0,0,0
1658,15000187,100,0,48.548464629320,75.000000000000,64.000000000000,2.227179903943,ffd2169a0ec2b107,8d15af1f9d36efa1,781b84adc3cf92eb,200,144,72.000000,300.368056,306.801438,1.000000,4.100000,352.186237,5.556667,336.547684,4.118056,5.173693,0.000000,0.512736,0.757282,0.402820,0.244586,400,4344,4344,32.000000,0,0,16,16,89,89,14,6,624.000000,593,0,0,71,129,0,71,15,8,7,0,15,7,7,7,0,0,0,0,0,56,0,56,56,56,0,0,0,0
1659,15000188,100,0,213.010111031932,425.000000000000,44.000000000000,1.802603082229,ebebe33211a12349,8d15af1f9d36efa1,c9eb5c9b1c268380,200,125,62.500000,293.928000,316.651711,1.000000,4.400000,360.288108,5.133333,375.570847,4.688000,4.407850,0.000000,0.519672,0.760192,0.405680,0.256345,400,3848,3848,32.000000,0,0,16,16,99,99,4,4,634.000000,586,0,0,86,114,0,86,11,9,2,0,11,2,2,2,0,0,0,0,0,75,0,75,75,75,0,0,0,0
1660,15000189,100,0,357.466086538203,75.000000000000,39.000000000000,2.865432690443,630dd4edbabe08ce,8d15af1f9d36efa1,a608605fc0311d0a,200,187,93.500000,255.320856,248.169092,1.000000,3.700000,309.770962,4.641667,302.214237,3.925134,4.189373,0.000000,0.425665,0.731183,0.352734,0.132388,400,4088,4088,32.000000,0,0,16,16,51,51,10,0,544.000000,734,0,0,32,168,0,32,19,14,5,0,19,5,5,5,0,0,0,0,0,13,0,13,13,13,0,0,0,0
1661,15000190,100,0,473.909783458929,325.000000000000,90.000000000000,2.294197171139,51133bf0a92a4c96,8d15af1f9d36efa1,9af16450e57b12fe,200,162,81.000000,278.839506,281.652700,1.000000,4.200000,344.725683,4.651786,348.198406,4.148148,4.627976,0.000000,0.462400,0.742931,0.373134,0.178484,400,4000,4000,32.000000,0,0,16,16,70,70,6,0,578.000000,672,0,0,54,146,0,54,16,13,3,0,16,3,3,3,0,0,0,0,0,38,0,38,38,38,0,0,0,0
1662,15000191,100,0,114.575297033670,425.000000000000,41.000000000000,2.821279349484,ca89ec815a3a9df8,8d15af1f9d36efa1,eb986e19bb09d4d7,200,158,79.000000,283.303797,300.953006,1.000000,4.300000,345.656797,4.959524,331.282823,4.044304,4.377152,0.000000,0.481752,0.748111,0.384986,0.202247,400,4080,4080,32.000000,0,0,16,16,74,74,14,0,594.000000,639,0,0,58,142,0,58,16,9,7,0,16,7,7,7,0,0,0,0,0,42,0,42,42,42,0,0,0,0
1663,15000192,100,0,431.315838685680,175.000000000000,76.000000000000,2.433469210767,d0195111fbeee8e1,8d15af1f9d36efa1,62e7f9fa73df3fff,200,194,97.000000,273.458763,283.873962,1.000000,4.000000,326.592401,5.284524,324.124738,4.175258,4.683951,0.000000,0.399110,0.728997,0.330579,0.115721,400,4312,4312,32.000000,0,0,16,16,48,48,10,4,538.000000,810,0,0,26,174,0,26,20,15,5,0,20,5,5,5,0,0,0,0,0,6,0,6,6,6,0,0,0,0
1664,15000193,100,0,167.531864011344,325.000000000000,70.000000000000,2.003742895136,c1bdac19de081f66,8d15af1f9d36efa1,e9d0d54ff026011f,200,200,100.000000,231.300000,233.526719,1.000000,3.500000,275.450030,4.694286,270.344363,3.500000,4.828571,0.000000,0.425287,0.721448,0.363636,0.109415,400,4152,4152,32.000000,0,0,16,16,40,40,6,0,518.000000,700,0,0,20,180,0,20,20,17,3,0,20,3,3,3,0,0,0,0,0,0,0,0,0,0,0,0,0,0
1665,15000194,100,0,64.961265233591,425.000000000000,63.000000000000,1.814607049813,b04955376c629907,8d15af1f9d36efa1,3e95052030a8c81f,200,155,77.500000,287.780645,266.528705,1.000000,3.600000,297.232792,5.646667,322.180591,4.141935,4.570093,0.000000,0.488038,0.753695,0.383877,0.218978,400,4184,4184,32.000000,0,0,16,16,82,82,16,10,612.000000,642,0,0,61,139,0,61,16,8,8,0,16,8,8,8,0,0,0,0,0,45,0,45,45,45,0,0,0,0
1666,15000195,100,0,177.084976592960,75.000000000000,41.000000000000,2.475613974388,a0ca1b38513c7661,8d15af1f9d36efa1,a460c66ee3f990b8,200,168,84.000000,281.470238,300.417838,1.000000,4.300000,346.131082,4.874762,331.388582,4.244048,4.698457,0.000000,0.446858,0.742268,0.359389,0.168028,400,3872,3872,32.000000,0,0,16,16,64,64,16,0,576.000000,713,0,0,48,152,0,48,16,8,8,0,16,8,8,8,0,0,0,0,0,32,0,32,32,32,0,0,0,0
1667,15000196,100,0,205.527168574034,175.000000000000,60.000000000000,1.740318229191,60e79ff4704ff7ca,8d15af1f9d36efa1,912a9ee46d760028,200,196,98.000000,247.510204,270.248424,1.000000,4.000000,305.152765,4.510238,309.725094,3.979592,4.307692,0.000000,0.401840,0.723757,0.338983,0.105505,400,3896,3896,32.000000,0,0,16,16,46,46,0,4,524.000000,780,0,0,24,176,0,24,20,20,0,0,20,0,0,0,0,0,0,0,0,4,0,4,4,4,0,0,0,0
1668,15000197,100,0,38.405689216391,425.000000000000,52.000000000000,2.999607650569,891fae0dfc8e38d7,8d15af1f9d36efa1,e95e00511208a971,200,144,72.000000,272.222222,306.764647,1.000000,4.100000,336.551081,4.845000,323.472924,3.847222,4.471119,0.000000,0.521589,0.751244,0.419287,0.236915,400,4104,4104,32.000000,0,0,16,16,82,82,8,0,604.000000,554,0,0,69,131,0,69,13,9,4,0,13,4,4,4,0,0,0,0,0,56,0,56,56,56,0,0,0,0
1669,15000198,100,0,232.566334893545,75.000000000000,53.000000000000,1.535710165868,ccf37b83124a8b7f,8d15af1f9d36efa1,ce392d17644882c7,200,101,50.500000,234.722772,191.815239,1.000000,2.700000,221.444343,4.980000,221.253369,2.673267,4.270370,0.000000,0.718750,0.775281,0.597015,0.488636,400,4608,4608,32.000000,0,0,16,16,127,127,4,4,690.000000,270,0,0,112,88,0,112,13,11,2,0,13,2,2,2,0,0,0,0,0,99,0,99,99,99,0,0,0,0
1670,15000199,100,0,181.523429384754,325.000000000000,55.000000000000,2.608555996553,ddfb9e8979b7672f,8d15af1f9d36efa1,e9f4b7fa2c06ece,200,200,100.000000,264.170000,281.366674,1.000000,4.100000,339.345428,4.665238,328.567916,4.200000,3.928571,0.000000,0.378698,0.719101,0.322581,0.086957,400,4048,4048,32.000000,0,0,16,16,40,40,0,0,512.000000,840,0,0,20,180,0,20,20,20,0,0,20,0,0,0,0,0,0,0,0,0,0,0,0,0,0,0,0,0
1671,15000200,100,0,27.370151048429,325.000000000000,72.000000000000,2.934245910070,fb1f3629c9de2fd6,8d15af1f9d36efa1,eca108264e81cf6e,200,167,83.500000,234.233533,237.255780,1.000000,3.200000,270.926683,4.808333,250.871993,3.137725,4.595420,0.000000,0.532977,0.749373,0.432900,0.240580,400,4592,4592,32.000000,0,0,16,16,80,80,6,14,598.000000,524,0,0,53,147,0,53,20,17,3,0,20,3,3,3,0,0,0,0,0,33,0,33,33,33,0,0,0,0
1672,15000201,100,0,351.092407037017,175.000000000000,56.000000000000,2.433806572289,662056665e201e27,8d15af1f9d36efa1,909ac46aa20aca6e,200,193,96.500000,273.341969,284.090305,1.000000,4.400000,353.955397,4.936667,337.418590,4.378238,4.229586,0.000000,0.382761,0.723757,0.321285,0.098186,400,3824,3824,32.000000,0,0,16,16,46,46,0,2,524.000000,845,0,0,26,174,0,26,19,19,0,0,19,0,0,0,0,0,0,0,0,7,0,7,7,7,0,0,0,0
1673,15000202,100,0,252.093119376540,425.000000000000,47.000000000000,2.009632000581,f200f62fc7aef737,8d15af1f9d36efa1,9a80c500c55cc652,200,166,83.000000,249.548193,243.403808,1.000000,3.600000,276.828152,5.403333,290.992396,3.759036,4.634615,0.000000,0.478261,0.740933,0.390625,0.183246,400,3992,3992,32.000000,0,0,16,16,68,68,4,4,572.000000,624,0,0,50,150,0,50,16,14,2,0,16,2,2,2,0,0,0,0,0,34,0,34,34,34,0,0,0,0
1674,15000203,100,0,331.202227466507,75.000000000000,50.000000000000,1.913781821636,3f9008b3f5482cd,8d15af1f9d36efa1,f611dea6a1c13119,200,138,69.000000,301.565217,329.354666,1.000000,4.600000,367.112788,4.329048,358.316079,4.536232,4.769968,0.000000,0.498397,0.756691,0.389864,0.232843,400,3904,3904,32.000000,0,0,16,16,91,91,8,2,622.000000,626,0,0,76,124,0,76,14,10,4,0,14,4,4,4,0,0,0,0,0,62,0,62,62,62,0,0,0,0
1675,15000204,100,0,129.939670413722,325.000000000000,68.000000000000,2.776344047730,712b9425af56185f,8d15af1f9d36efa1,5247ff32fe3821dc,200,198,99.000000,248.025253,256.130904,1.000000,3.700000,291.791906,6.756667,310.313689,3.843434,6.134034,0.000000,0.405004,0.721448,0.344531,0.101535,400,4536,4536,32.000000,0,0,16,16,42,42,2,0,518.000000,761,0,0,22,178,0,22,20,19,1,0,20,1,1,1,0,0,0,0,0,2,0,2,2,2,0,0,0,0
1676,15000205,100,0,162.221300329636,425.000000000000,43.000000000000,2.161076856135,8e1598cc567e647,8d15af1f9d36efa1,3968eb0ca8a30a9,200,122,61.000000,240.918033,225.708501,1.000000,3.200000,244.986167,4.358333,294.074151,3.540984,4.388889,0.000000,0.596262,0.761337,0.480769,0.322884,400,4056,4056,32.000000,0,0,16,16,102,102,2,0,638.000000,432,0,0,90,110,0,90,12,11,1,0,12,1,1,1,0,0,0,0,0,78,0,78,78,78,0,0,0,0
1677,15000206,100,0,435.958832257887,425.000000000000,58.000000000000,2.762273590555,94bfb0a073cf2aa1,8d15af1f9d36efa1,ff9f574f6b68ebef,200,152,76.000000,262.585526,230.768630,1.000000,3.600000,267.546475,4.496667,308.280584,3.894737,4.611486,0.000000,0.504188,0.750623,0.403226,0.223097,400,3928,3928,32.000000,0,0,16,16,78,78,14,0,602.000000,592,0,0,63,137,0,63,15,8,7,0,15,7,7,7,0,0,0,0,0,48,0,48,48,48,0,0,0,0
1678,15000207,100,0,246.770179106270,425.000000000000,36.000000000000,1.693341239099,def87234b8c2d853,8d15af1f9d36efa1,3699c414d7b44947,200,112,56.000000,319.508929,251.967520,1.000000,3.800000,303.005347,5.846667,388.783469,5.428571,3.557566,0.000000,0.521260,0.767981,0.396825,0.274463,400,4360,4360,32.000000,0,0,16,16,109,109,12,2,662.000000,608,0,0,98,102,0,98,10,4,6,0,10,6,6,6,0,0,0,0,0,88,0,88,88,88,0,0,0,0
1679,15000208,100,0,113.794513168018,325.000000000000,71.000000000000,2.146605777096,d253456dd2ae6427,8d15af1f9d36efa1,ddf9092e7983418e,200,193,96.500000,273.134715,287.490965,1.000000,4.000000,333.796658,5.185000,339.099686,4.025907,5.055341,0.000000,0.405509,0.726027,0.339847,0.112000,400,4176,4176,32.000000,0,0,16,16,47,47,4,0,530.000000,777,0,0,27,173,0,27,20,18,2,0,20,2,2,2,0,0,0,0,0,7,0,7,7,7,0,0,0,0
1680,15000209,100,0,73.877913610320,75.000000000000,59.000000000000,2.443792188535,3d57de5f70dba0b,8d15af1f9d36efa1,8b5d6f86a9d66547,200,139,69.500000,255.848921,301.149099,1.000000,4.400000,335.677763,5.089048,284.572913,3.762590,4.697897,0.000000,0.544822,0.757869,0.433369,0.270572,400,4520,4520,32.000000,0,0,16,16,93,93,8,12,626.000000,523,0,0,74,126,0,74,13,9,4,0,13,4,4,4,0,0,0,0,0,61,0,61,61,61,0,0,0,0
1681,15000210,100,0,348.403574124066,175.000000000000,77.000000000000,1.620170915667,127f153654b0c14b,8d15af1f9d36efa1,b3b24f719cb6a915,200,200,100.000000,237.560000,242.292806,1.000000,3.700000,288.537017,4.920000,284.761465,3.700000,4.810811,0.000000,0.410828,0.720670,0.350877,0.101942,400,4464,4464,32.000000,0,0,16,16,41,41,2,2,516.000000,740,0,0,20,180,0,20,20,19,1,0,20,1,1,1,0,0,0,0,0,0,0,0,0,0,0,0,0,0
1682,15000211,100,0,161.175075830724,425.000000000000,40.000000000000,2.389781290700,dcec27023fc208e1,8d15af1f9d36efa1,dc74e44f57585b1d,200,156,78.000000,246.467949,248.504898,1.000000,3.500000,290.820815,5.200000,279.179488,3.493590,5.108257,0.000000,0.519824,0.746835,0.423280,0.224751,400,4248,4248,32.000000,0,0,16,16,77,77,4,2,590.000000,545,0,0,60,140,0,60,16,14,2,0,16,2,2,2,0,0,0,0,0,44,0,44,44,44,0,0,0,0
1683,15000212,100,0,336.987585360850,175.000000000000,48.000000000000,2.593026579260,eb8129317fed0cb6,8d15af1f9d36efa1,d48d7a307399e71,200,200,100.000000,207.895000,200.867264,1.000000,2.900000,236.802319,4.571667,238.133403,3.105000,4.136876,0.000000,0.453826,0.720670,0.391773,0.119149,400,3896,3896,32.000000,0,0,16,16,40,40,4,0,516.000000,621,0,0,20,180,0,20,20,18,2,0,20,2,2,2,0,0,0,0,0,0,0,0,0,0,0,0,0,0
1684,15000213,100,0,357.847714493071,425.000000000000,50.000000000000,2.723930625576,e0a2bb463f182697,8d15af1f9d36efa1,65cf527b403a5f3e,200,150,75.000000,262.706667,240.347039,1.000000,3.400000,280.705491,4.494048,306.336174,3.853333,4.403114,0.000000,0.512648,0.752475,0.408998,0.233422,400,3832,3832,32.000000,0,0,16,16,83,83,10,6,608.000000,578,0,0,65,135,0,65,15,10,5,0,15,5,5,5,0,0,0,0,0,50,0,50,50,50,0,0,0,0
1685,15000214,100,0,495.036534244661,425.000000000000,63.000000000000,1.912818401660,8cdbf0a33930d3a4,8d15af1f9d36efa1,c15fceba7dbb3a69,200,151,75.500000,278.516556,258.386737,1.000000,3.800000,316.143656,4.515833,316.752194,4.152318,3.960128,0.000000,0.490244,0.750934,0.389484,0.215269,400,3824,3824,31.000000,0,0,16,15,83,83,6,0,603.000000,627,0,0,66,134,0,66,17,14,3,0,17,3,3,3,0,0,0,0,0,49,0,49,49,49,0,0,0,0
1686,15000215,100,0,253.312933126650,325.000000000000,64.000000000000,1.525232945776,f5ee3903319ce4d5,8d15af1f9d36efa1,bf44cd33cd492a89,200,184,92.000000,203.728261,209.007148,1.000000,3.100000,244.580997,5.053333,239.597186,3.184783,4.598976,0.000000,0.478648,0.728997,0.405680,0.153179,400,4240,4240,32.000000,0,0,16,16,53,53,0,2,538.000000,586,0,0,34,166,0,34,18,18,0,0,18,0,0,0,0,0,0,0,0,16,0,16,16,16,0,0,0,0
1687,15000216,100,0,296.024557485961,325.000000000000,63.000000000000,1.611232650414,ae5723ede8b813f5,8d15af1f9d36efa1,542b51f5f45b1789,200,200,100.000000,227.005000,229.562957,1.000000,3.300000,274.723588,4.508333,267.291722,3.365000,4.325409,0.000000,0.436820,0.722992,0.372787,0.117955,400,3968,3968,32.000000,0,0,16,16,40,40,10,0,522.000000,673,0,0,20,180,0,20,20,15,5,0,20,5,5,5,0,0,0,0,0,0,0,0,0,0,0,0,0,0
1688,15000217,100,0,457.451330910056,325.000000000000,69.000000000000,2.890311906501,b1d586ee6ddb0502,8d15af1f9d36efa1,517b37702d3826cc,200,188,94.000000,327.191489,338.656619,1.000000,4.700000,387.396535,5.087143,400.845503,4.984043,4.849520,0.000000,0.369872,0.733333,0.299177,0.111848,400,4040,4040,32.000000,0,0,16,16,52,52,14,0,550.000000,937,0,0,32,168,0,32,20,13,7,0,20,7,7,7,0,0,0,0,0,12,0,12,12,12,0,0,0,0
1689,15000218,100,0,415.396951567992,175.000000000000,60.000000000000,2.954234587561,b4365986090f084a,8d15af1f9d36efa1,a984168ba6c4adf2,200,186,93.000000,239.102151,231.590606,1.000000,3.600000,280.715218,4.419048,284.058716,3.720430,4.735549,0.000000,0.439222,0.730458,0.366300,0.137157,400,4192,4192,32.000000,0,0,16,16,50,50,10,0,542.000000,692,0,0,32,168,0,32,18,13,5,0,18,5,5,5,0,0,0,0,0,14,0,14,14,14,0,0,0,0
1690,15000219,100,0,235.370999162723,325.000000000000,58.000000000000,1.626470618676,2870e8c97aba7117,8d15af1f9d36efa1,9c6aadf872349d1c,200,200,100.000000,263.305000,263.228400,1.000000,3.900000,317.589299,4.071667,316.378850,3.965000,4.257251,0.000000,0.396040,0.722222,0.335289,0.099886,400,3664,3664,32.000000,0,0,16,16,42,42,4,4,520.000000,793,0,0,20,180,0,20,20,18,2,0,20,2,2,2,0,0,0,0,0,0,0,0,0,0,0,0,0,0
1691,15000220,100,0,343.420804650902,425.000000000000,54.000000000000,1.816523732421,9514b59f7f87b6e0,8d15af1f9d36efa1,9b6c50d25c686ed4,200,154,77.000000,259.987013,263.319228,1.000000,3.700000,302.965218,5.093333,292.955549,3.701299,4.671930,0.000000,0.513652,0.750623,0.412371,0.229730,400,4144,4144,32.000000,0,0,16,16,76,76,18,0,602.000000,570,0,0,61,139,0,61,15,6,9,0,15,9,9,9,0,0,0,0,0,46,0,46,46,46,0,0,0,0
1692,15000221,100,0,494.073486031173,75.000000000000,67.000000000000,2.166658200162,ea26beafb28e3aeb,8d15af1f9d36efa1,c8408328fb1c94ef,200,141,70.500000,232.446809,286.110714,0.900000,3.500000,314.687725,4.776455,267.464890,3.283688,4.438445,0.000000,0.572878,0.756395,0.463499,0.290965,400,3872,3872,31.000000,0,0,16,15,92,92,6,30,621.000000,463,0,0,62,127,0,62,15,12,3,0,15,3,3,2,1,0,0,0,0,47,20,39,59,48,11,0,0,0
1693,15000222,100,0,366.954898164006,425.000000000000,43.000000000000,2.882853438065,2e38929e0e205eeb,8d15af1f9d36efa1,9a6fb500c54e37ef,200,159,79.500000,245.943396,239.929992,1.000000,3.700000,294.143874,4.471667,302.666967,3.930818,4.336000,0.000000,0.483044,0.744898,0.390244,0.195624,400,4128,4128,32.000000,0,0,16,16,73,73,6,0,584.000000,625,0,0,57,143,0,57,16,13,3,0,16,3,3,3,0,0,0,0,0,41,0,41,41,41,0,0,0,0
1694,15000223,100,0,472.026356945298,425.000000000000,63.000000000000,2.410375099405,5b3de82e3f610e74,8d15af1f9d36efa1,8cfb490fe59b464b,200,152,76.000000,369.269737,339.375218,1.000000,5.000000,411.754259,4.950595,454.859150,5.592105,4.320000,0.000000,0.415406,0.751244,0.320000,0.168297,400,4088,4088,32.000000,0,0,16,16,76,76,20,0,604.000000,850,0,0,62,138,0,62,14,4,10,0,14,10,10,10,0,0,0,0,0,48,0,48,48,48,0,0,0,0
1695,15000224,100,0,125.028569612270,425.000000000000,63.000000000000,2.001788652978,fcf78dc74b537886,8d15af1f9d36efa1,9b5d8e00c6184274,200,187,93.500000,198.037433,202.395913,1.000000,2.900000,219.308056,4.805000,213.957052,2.860963,4.809346,0.000000,0.506912,0.733333,0.427807,0.180704,400,4016,4016,32.000000,0,0,16,16,57,57,4,8,550.000000,535,0,0,33,167,0,33,20,18,2,0,20,2,2,2,0,0,0,0,0,13,0,13,13,13,0,0,0,0
1696,15000225,100,0,69.422904939816,75.000000000000,56.000000000000,2.434134930080,df29d0106d4b1fc4,8d15af1f9d36efa1,3a310802dd44450d,200,166,83.000000,242.987952,246.117537,1.000000,3.500000,284.311117,5.813333,293.169972,3.674699,5.522951,0.000000,0.484797,0.741602,0.396040,0.188830,400,4576,4576,32.000000,0,0,16,16,68,68,6,4,574.000000,610,0,0,50,150,0,50,16,13,3,0,16,3,3,3,0,0,0,0,0,34,0,34,34,34,0,0,0,0
1697,15000226,100,0,198.045310284721,325.000000000000,61.000000000000,2.281370457506,c34a7a8cc7519212,8d15af1f9d36efa1,681b9d166eee7fe5,200,200,100.000000,227.745000,247.941301,1.000000,3.400000,270.597229,5.976190,273.774448,3.435000,5.666667,0.000000,0.427023,0.719101,0.367985,0.104302,400,4304,4304,32.000000,0,0,16,16,40,40,0,0,512.000000,687,0,0,20,180,0,20,20,20,0,0,20,0,0,0,0,0,0,0,0,0,0,0,0,0,0,0,0,0
1698,15000227,100,0,312.856753306834,175.000000000000,63.000000000000,1.980664593419,e04845316de4d84f,8d15af1f9d36efa1,59bef5efbeaaa62a,200,197,98.500000,251.741117,271.134513,1.000000,4.000000,307.462212,3.750000,303.354372,4.071066,3.708229,0.000000,0.396992,0.725275,0.332779,0.106904,400,3928,3928,32.000000,0,0,16,16,45,45,6,4,528.000000,802,0,0,23,177,0,23,20,17,3,0,20,3,3,3,0,0,0,0,0,3,0,3,3,3,0,0,0,0
1699,15000228,100,0,418.421267213017,425.000000000000,46.000000000000,2.951836953138,2641485f1b639a05,8d15af1f9d36efa1,ad5be88ebbdb96b1,200,177,88.500000,255.401130,259.583825,1.000000,3.600000,292.184098,5.546667,298.191562,3.864407,4.887427,0.000000,0.451043,0.737533,0.369004,0.159705,400,4456,4456,32.000000,0,0,16,16,59,59,12,0,562.000000,684,0,0,41,159,0,41,18,12,6,0,18,6,6,6,0,0,0,0,0,23,0,23,23,23,0,0,0,0
1700,15000229,100,0,283.369658794695,75.000000000000,43.000000000000,1.824892087102,ba93dbddff5f5c37,8d15af1f9d36efa1,90ddfccb2cc13551,200,138,69.000000,250.036232,264.236311,1.000000,4.000000,324.708806,5.349286,306.180951,3.760870,4.932563,0.000000,0.540301,0.753086,0.435256,0.255380,400,3912,3912,32.000000,0,0,16,16,86,86,6,0,610.000000,519,0,0,74,126,0,74,12,9,3,0,12,3,3,3,0,0,0,0,0,62,0,62,62,62,0,0,0,0
1701,15000230,100,0,315.081744147077,75.000000000000,58.000000000000,1.769875544447,d05342d3d9d9f404,8d15af1f9d36efa1,8b211d4fbaaf5ff4,200,153,76.500000,305.705882,297.118839,1.000000,4.100000,341.302122,4.432143,373.586371,4.647059,4.278481,0.000000,0.457666,0.750000,0.360036,0.191126,400,3768,3768,32.000000,0,0,16,16,78,78,12,2,600.000000,711,0,0,62,138,0,62,15,9,6,0,15,6,6,6,0,0,0,0,0,47,0,47,47,47,0,0,0,0
1702,15000231,100,0,70.232038593745,75.000000000000,55.000000000000,2.579499688118,a3eb7781f7313788,8d15af1f9d36efa1,9e55868f80fe4db0,200,143,71.500000,215.426573,214.551130,1.000000,3.000000,236.832674,4.725000,232.829426,3.097902,4.419865,0.000000,0.580095,0.753695,0.474496,0.288925,400,4064,4064,32.000000,0,0,16,16,86,86,8,2,612.000000,443,0,0,71,129,0,71,14,10,4,0,14,4,4,4,0,0,0,0,0,57,0,57,57,57,0,0,0,0
1703,15000232,100,0,278.079896476564,75.000000000000,41.000000000000,1.866930593835,efa82993deccc630,8d15af1f9d36efa1,32c95f46d1ce244b,200,158,79.000000,252.772152,246.207681,1.000000,3.500000,286.699040,5.238095,302.115512,4.012658,4.717666,0.000000,0.479475,0.744898,0.386847,0.193384,400,4432,4432,32.000000,0,0,16,16,71,71,10,2,584.000000,634,0,0,56,144,0,56,14,9,5,0,14,5,5,5,0,0,0,0,0,42,0,42,42,42,0,0,0,0
1704,15000233,100,0,188.022018045681,425.000000000000,44.000000000000,2.329009924237,ba24f615c55f3d45,8d15af1f9d36efa1,8ca1956973ec0c08,200,162,81.000000,256.962963,280.642388,1.000000,3.800000,305.234237,4.798333,302.858433,3.820988,5.105008,0.000000,0.483736,0.743590,0.392542,0.192960,400,4152,4152,32.000000,0,0,16,16,68,68,12,0,580.000000,619,0,0,53,147,0,53,15,9,6,0,15,6,6,6,0,0,0,0,0,38,0,38,38,38,0,0,0,0
1705,15000234,100,0,35.278022329851,325.000000000000,87.000000000000,2.115722223532,674c24b0197d7d58,8d15af1f9d36efa1,cae7a54aa95e0abf,200,162,81.000000,217.395062,217.342692,1.000000,3.200000,251.343041,5.590000,237.937078,3.086420,5.200000,0.000000,0.541284,0.746835,0.444444,0.240122,400,4464,4464,32.000000,0,0,16,16,77,77,4,2,590.000000,500,0,0,57,143,0,57,19,17,2,0,19,2,2,2,0,0,0,0,0,38,0,38,38,38,0,0,0,0
1706,15000235,100,0,310.407800830356,425.000000000000,51.000000000000,2.503799999521,3b639cc6aa76c1ae,8d15af1f9d36efa1,3ab2a27d12b7d1c0,200,135,67.500000,235.888889,260.482740,1.000000,3.800000,312.128388,4.924524,278.159320,3.451852,3.969957,0.000000,0.573260,0.757869,0.461894,0.293939,400,4400,4400,32.000000,0,0,16,16,94,94,6,2,626.000000,466,0,0,79,121,0,79,14,11,3,0,14,3,3,3,0,0,0,0,0,65,0,65,65,65,0,0,0,0
1707,15000236,100,0,141.819694216850,325.000000000000,58.000000000000,2.301667186067,6e3770e8518cc423,8d15af1f9d36efa1,abd59e2e743189a3,200,165,82.500000,191.618182,198.909076,1.000000,2.800000,225.893741,4.863333,233.937784,2.927273,4.451346,0.000000,0.537799,0.737533,0.453001,0.212072,400,4480,4480,32.000000,0,0,16,16,65,65,0,0,562.000000,483,0,0,50,150,0,50,15,15,0,0,15,0,0,0,0,0,0,0,0,35,0,35,35,35,0,0,0,0
1708,15000237,100,0,444.032526686207,325.000000000000,75.000000000000,2.415187171370,73326b949bbd1f31,8d15af1f9d36efa1,71b5eab043a1749b,200,185,92.500000,221.600000,229.445240,1.000000,3.300000,261.308140,4.975000,258.015051,3.372973,4.806090,0.000000,0.463918,0.729730,0.390625,0.147541,400,3976,3976,32.000000,0,0,16,16,54,54,0,2,540.000000,624,0,0,34,166,0,34,19,19,0,0,19,0,0,0,0,0,0,0,0,15,0,15,15,15,0,0,0,0
1709,15000238,100,0,43.811722628035,325.000000000000,78.000000000000,2.548844559890,fc39414a058548db,8d15af1f9d36efa1,9b169200c5dc469d,200,195,97.500000,199.748718,203.348156,1.000000,2.700000,220.416333,5.305000,228.376101,3.015385,4.717687,0.000000,0.472172,0.724518,0.404858,0.137830,400,4240,4240,32.000000,0,0,16,16,45,45,4,0,526.000000,588,0,0,25,175,0,25,20,18,2,0,20,2,2,2,0,0,0,0,0,5,0,5,5,5,0,0,0,0
1710,15000239,100,0,63.073670221319,175.000000000000,73.000000000000,2.343081130312,b5b0efd9dc5cbe45,8d15af1f9d36efa1,2979fde1851489d3,200,189,94.500000,210.915344,227.434202,1.000000,3.200000,249.151778,4.403333,239.639250,3.074074,4.444062,0.000000,0.481713,0.729730,0.407747,0.156749,400,3720,3720,32.000000,0,0,16,16,51,51,6,0,540.000000,581,0,0,31,169,0,31,20,17,3,0,20,3,3,3,0,0,0,0,0,11,0,11,11,11,0,0,0,0
1711,15000240,100,0,432.964331077407,425.000000000000,52.000000000000,2.859033571724,df7ede62a52190cd,8d15af1f9d36efa1,21808ea3d0c80bb6,200,140,70.000000,288.492857,289.410179,1.000000,4.000000,333.684541,5.271667,339.815505,4.185714,4.887372,0.000000,0.514096,0.756098,0.405680,0.242894,400,4040,4040,32.000000,0,0,16,16,88,88,12,0,620.000000,586,0,0,74,126,0,74,14,8,6,0,14,6,6,6,0,0,0,0,0,60,0,60,60,60,0,0,0,0
1712,15000241,100,0,38.609177096616,425.000000000000,69.000000000000,2.043064855491,19c2019e675068ce,8d15af1f9d36efa1,857859a53188fd61,200,169,84.500000,277.088757,265.763782,1.000000,3.800000,297.005024,4.610000,313.805853,4.000000,4.960059,0.000000,0.462639,0.744246,0.371747,0.181598,400,4224,4224,32.000000,0,0,16,16,67,67,16,0,582.000000,676,0,0,49,151,0,49,18,10,8,0,18,8,8,8,0,0,0,0,0,31,0,31,31,31,0,0,0,0
1713,15000242,100,0,178.143945639847,75.000000000000,52.000000000000,2.200963293087,9e916ff5c6a110d9,8d15af1f9d36efa1,d836224fe618bfff,200,162,81.000000,254.691358,246.465589,1.000000,3.800000,301.977321,4.705000,296.325096,3.820988,4.499192,0.000000,0.484596,0.744246,0.392542,0.195059,400,4616,4616,32.000000,0,0,16,16,72,72,6,0,582.000000,619,0,0,55,145,0,55,17,14,3,0,17,3,3,3,0,0,0,0,0,38,0,38,38,38,0,0,0,0
1714,15000243,100,0,393.710082466398,325.000000000000,88.000000000000,1.691180276455,449d984c81f0ee42,8d15af1f9d36efa1,e3034a2b550906aa,200,193,96.500000,267.000000,281.914243,1.000000,3.900000,311.835543,5.490476,330.350162,4.129534,4.759097,0.000000,0.399397,0.726027,0.334169,0.109497,400,4128,4128,32.000000,0,0,16,16,47,47,4,0,530.000000,797,0,0,27,173,0,27,20,18,2,0,20,2,2,2,0,0,0,0,0,7,0,7,7,7,0,0,0,0
1715,15000244,100,0,275.776799983730,425.000000000000,58.000000000000,1.564174575212,ce5c975bb32b5dd6,8d15af1f9d36efa1,2b3a972db9bd9f72,200,156,78.000000,229.897436,246.483080,1.000000,3.500000,279.068501,5.667619,247.405590,3.038462,5.413502,0.000000,0.572202,0.760192,0.457666,0.298817,400,4416,4416,32.000000,0,0,16,16,99,99,4,42,634.000000,474,0,0,61,139,0,61,17,15,2,0,17,2,2,2,0,0,0,0,0,44,0,44,44,44,0,0,0,0
1716,15000245,100,0,486.708429387310,75.000000000000,68.000000000000,2.144500557075,be754cd91a58c827,8d15af1f9d36efa1,2266ef4f7f253e45,200,167,83.500000,248.401198,240.447369,1.000000,3.400000,280.508345,4.858333,282.943660,3.592814,4.643333,0.000000,0.489796,0.742268,0.400000,0.193548,400,4264,4264,32.000000,0,0,16,16,67,67,10,0,576.000000,600,0,0,50,150,0,50,17,12,5,0,17,5,5,5,0,0,0,0,0,33,0,33,33,33,0,0,0,0
1717,15000246,100,0,89.961890250913,425.000000000000,49.000000000000,2.886517491617,8249a559b9e02db2,8d15af1f9d36efa1,e60f18b316962078,200,136,68.000000,264.720588,302.254064,1.000000,4.300000,337.370557,4.513333,317.490521,4.220588,4.306620,0.000000,0.520067,0.756691,0.410678,0.248691,400,3688,3688,32.000000,0,0,16,16,94,94,2,0,622.000000,574,0,0,79,121,0,79,15,14,1,0,15,1,1,1,0,0,0,0,0,64,0,64,64,64,0,0,0,0
1718,15000247,100,0,305.325552173265,175.000000000000,65.000000000000,1.734588201252,e1afefaf32aed41b,8d15af1f9d36efa1,9ae04a00c5ae3cd5,200,200,100.000000,222.640000,230.173582,1.000000,3.300000,256.766011,5.185000,261.264711,3.435000,4.135371,0.000000,0.427023,0.719101,0.367985,0.104302,400,4120,4120,32.000000,0,0,16,16,40,40,0,0,512.000000,687,0,0,20,180,0,20,20,20,0,0,20,0,0,0,0,0,0,0,0,0,0,0,0,0,0,0,0,0
1719,15000248,100,0,325.727023159443,175.000000000000,43.000000000000,2.655217637264,8916b652f30e4256,8d15af1f9d36efa1,e3052ae96bedacbf,200,188,94.000000,267.351064,292.429507,1.000000,4.000000,330.811574,4.504048,328.185853,4.069149,4.515033,0.000000,0.412893,0.728997,0.343348,0.121699,400,4072,4072,32.000000,0,0,16,16,51,51,4,2,538.000000,765,0,0,31,169,0,31,19,17,2,0,19,2,2,2,0,0,0,0,0,12,0,12,12,12,0,0,0,0
1720,15000249,100,0,178.231332682687,325.000000000000,60.000000000000,2.484112853559,b5345705d6f21050,8d15af1f9d36efa1,fe6c04ef661e814d,200,180,90.000000,240.050000,258.478768,1.000000,3.600000,292.300867,5.700000,294.172950,3.777778,5.235294,0.000000,0.444444,0.731183,0.370370,0.141414,400,4520,4520,32.000000,0,0,16,16,56,56,0,0,544.000000,680,0,0,38,162,0,38,18,18,0,0,18,0,0,0,0,0,0,0,0,20,0,20,20,20,0,0,0,0
1721,15000250,100,0,299.021357269634,75.000000000000,32.000000000000,2.336329553970,40a2a66fb034c7a,8d15af1f9d36efa1,8d5bfb4f8516dbec,200,166,83.000000,235.156627,259.822812,1.000000,3.800000,298.623599,5.046667,274.455006,3.638554,5.235099,0.000000,0.486395,0.740933,0.398406,0.188172,400,4240,4240,32.000000,0,0,16,16,66,66,8,4,572.000000,604,0,0,50,150,2,48,14,10,4,0,14,4,4,4,0,0,0,0,0,34,0,34,34,34,0,0,0,0
1722,15000251,100,0,122.172218183468,75.000000000000,45.000000000000,2.872739192563,41b49b7c6ed54bca,8d15af1f9d36efa1,c0fb6651e762e19f,200,178,89.000000,219.095506,230.652064,1.000000,3.400000,277.410939,4.510000,273.368549,3.443820,4.252855,0.000000,0.472007,0.732620,0.394867,0.159122,400,4688,4688,32.000000,0,0,16,16,56,56,4,0,548.000000,613,0,0,39,161,0,39,17,15,2,0,17,2,2,2,0,0,0,0,0,22,0,22,22,22,0,0,0,0
1723,15000252,100,0,143.584403608705,325.000000000000,63.000000000000,2.456562223675,fa56e770b061a966,8d15af1f9d36efa1,ec4ed05cf2b02263,200,194,97.000000,281.479381,298.005546,1.000000,4.100000,338.664142,5.606667,338.705014,4.396907,4.797186,0.000000,0.385889,0.728261,0.319234,0.108673,400,4048,4048,32.000000,0,0,16,16,49,49,6,6,536.000000,853,0,0,26,174,0,26,20,17,3,0,20,3,3,3,0,0,0,0,0,6,0,6,6,6,0,0,0,0
1724,15000253,100,0,266.869312034601,75.000000000000,41.000000000000,2.035247966823,bd88e99d3edd7be3,8d15af1f9d36efa1,9b057500c5cda223,200,138,69.000000,207.449275,236.399066,1.000000,3.400000,271.540231,4.888333,252.164504,3.086957,5.255869,0.000000,0.593511,0.756691,0.484262,0.308442,400,4312,4312,32.000000,0,0,16,16,93,93,4,14,622.000000,426,0,0,74,126,0,74,12,10,2,0,12,2,2,2,0,0,0,0,0,62,0,62,62,62,0,0,0,0
1725,15000254,100,0,400.890766676988,425.000000000000,53.000000000000,1.886586148858,a8fae44c902980d,8d15af1f9d36efa1,66666f0bcf1467c0,200,195,97.500000,318.025641,321.309813,1.000000,4.700000,373.637587,4.851429,371.185244,4.697436,4.891921,0.000000,0.371742,0.730458,0.303951,0.107212,400,4008,4008,32.000000,0,0,16,16,45,45,20,0,542.000000,916,0,0,25,175,0,25,20,10,10,0,20,10,10,10,0,0,0,0,0,5,0,5,5,5,0,0,0,0
1726,15000255,100,0,63.988403579610,325.000000000000,68.000000000000,2.969488436798,1fb3bb92d8589a3,8d15af1f9d36efa1,e4b20b507e2848fb,200,199,99.500000,251.507538,276.122317,1.000000,3.800000,313.127227,5.671190,303.977061,3.809045,5.346966,0.000000,0.405956,0.721448,0.345423,0.101896,400,4344,4344,32.000000,0,0,16,16,41,41,4,0,518.000000,758,0,0,21,179,0,21,20,18,2,0,20,2,2,2,0,0,0,0,0,1,0,1,1,1,0,0,0,0
1727,15000256,100,0,399.976390776876,175.000000000000,71.000000000000,1.871304661527,defcb34bcedcdb03,8d15af1f9d36efa1,9bb9a4002e696676,200,190,95.000000,315.378947,311.317649,1.000000,4.500000,369.043608,5.476429,395.386869,4.978947,4.421776,0.000000,0.361673,0.728261,0.297177,0.099048,400,4088,4088,32.000000,0,0,16,16,50,50,4,0,536.000000,946,0,0,30,170,0,30,20,18,2,0,20,2,2,2,0,0,0,0,0,10,0,10,10,10,0,0,0,0
1728,15000257,100,0,140.668848730238,75.000000000000,58.000000000000,2.028250449745,cae31e03df0c5349,8d15af1f9d36efa1,7ebd0cb640e38706,200,130,65.000000,210.600000,249.529905,1.000000,3.600000,277.744802,5.049762,247.205866,3.161538,4.729927,0.000000,0.607450,0.760766,0.493218,0.331707,400,4104,4104,32.000000,0,0,16,16,100,100,4,0,636.000000,411,0,0,85,115,0,85,15,13,2,0,15,2,2,2,0,0,0,0,0,70,0,70,70,70,0,0,0,0
1729,15000258,100,0,122.685446010841,425.000000000000,59.000000000000,2.182458529336,6a18c3d4572bed54,8d15af1f9d36efa1,bf5b63b399c7aae5,200,148,74.000000,254.750000,239.021610,1.000000,3.400000,261.972775,5.549762,310.692072,3.851351,4.877193,0.000000,0.515306,0.751861,0.412371,0.233871,400,4368,4368,32.000000,0,0,16,16,80,80,14,0,606.000000,570,0,0,66,134,0,66,14,7,7,0,14,7,7,7,0,0,0,0,0,52,0,52,52,52,0,0,0,0
1730,15000259,100,0,180.350252040433,425.000000000000,41.000000000000,2.561434328664,3430f3e6d86acf64,8d15af1f9d36efa1,d6cf379a7cbff074,200,145,72.500000,252.668966,279.689756,1.000000,4.000000,324.423688,4.796667,295.358417,3.889655,4.843972,0.000000,0.518771,0.752475,0.414938,0.237838,400,4016,4016,32.000000,0,0,16,16,85,85,6,0,608.000000,564,0,0,70,130,0,70,15,12,3,0,15,3,3,3,0,0,0,0,0,55,0,55,55,55,0,0,0,0
1731,15000260,100,0,35.760540499832,425.000000000000,69.000000000000,1.734081396401,40d8a6ca9a6fb075,8d15af1f9d36efa1,9e7a702d1efbc6e2,200,138,69.000000,254.913043,234.039912,1.000000,3.200000,252.091270,6.091667,290.216056,3.630435,5.614770,0.000000,0.557811,0.759615,0.443951,0.285307,400,5040,5040,32.000000,0,0,16,16,96,96,8,8,632.000000,501,0,0,77,123,0,77,15,11,4,0,15,4,4,4,0,0,0,0,0,62,0,62,62,62,0,0,0,0
1732,15000261,100,0,43.073476144742,75.000000000000,69.000000000000,1.554021028889,15f008cf0e9969f3,8d15af1f9d36efa1,40dacea8609d6dbc,200,193,96.500000,251.113990,238.629052,1.000000,3.600000,295.213905,5.293333,296.518009,3.585492,4.697977,0.000000,0.435563,0.727520,0.366300,0.128463,400,4152,4152,32.000000,0,0,16,16,45,45,12,0,534.000000,692,0,0,26,174,0,26,19,13,6,0,19,6,6,6,0,0,0,0,0,7,0,7,7,7,0,0,0,0
1733,15000262,100,0,448.796268053914,325.000000000000,80.000000000000,2.391221054289,add1716ef3204933,8d15af1f9d36efa1,557535cac92f9241,200,173,86.500000,335.774566,329.660136,1.000000,4.800000,398.088539,4.993810,387.721013,5.011561,4.652826,0.000000,0.405757,0.747475,0.315706,0.155794,400,4208,4208,32.000000,0,0,16,16,73,73,14,12,592.000000,867,0,0,47,153,0,47,20,13,7,0,20,7,7,7,0,0,0,0,0,27,0,27,27,27,0,0,0,0
1734,15000263,100,0,88.382588903790,425.000000000000,65.000000000000,1.631090191713,f56c5e5bb5d44a73,8d15af1f9d36efa1,a87da8296b35e4b5,200,181,90.500000,249.386740,244.760666,1.000000,3.500000,284.783687,4.926667,279.051716,3.657459,4.607251,0.000000,0.457377,0.736148,0.376648,0.159898,400,3920,3920,32.000000,0,0,16,16,55,55,16,0,558.000000,662,0,0,37,163,0,37,18,10,8,0,18,8,8,8,0,0,0,0,0,19,0,19,19,19,0,0,0,0
1735,15000264,100,0,493.860239282459,175.000000000000,87.000000000000,2.027704856577,dd87a81b14a0b625,8d15af1f9d36efa1,d7eaa66888174033,200,173,86.500000,242.676301,224.813660,1.000000,3.400000,278.034490,5.283333,271.358924,3.520231,4.857143,0.000000,0.485207,0.741602,0.396432,0.189081,400,4240,4240,32.000000,0,0,16,16,67,67,8,0,574.000000,609,0,0,47,153,0,47,20,16,4,0,20,4,4,4,0,0,0,0,0,27,0,27,27,27,0,0,0,0
1736,15000265,100,0,312.143991003216,425.000000000000,29.000000000000,2.630590958159,54759892bec2bad8,8d15af1f9d36efa1,fbd3de7588ac5730,200,165,82.500000,335.466667,236.073982,1.000000,4.500000,369.197014,4.781667,416.224426,4.933333,4.797297,0.000000,0.413545,0.741602,0.329489,0.148536,400,4304,4304,32.000000,0,0,16,16,67,67,8,4,574.000000,814,0,0,50,150,0,50,15,11,4,0,15,4,4,4,0,0,0,0,0,35,0,35,35,35,0,0,0,0
1737,15000266,100,0,391.042679179769,75.000000000000,65.000000000000,1.745415415054,f9c7a5cd58cd3b5d,8d15af1f9d36efa1,cda1ef558c6110d8,200,176,88.000000,228.426136,242.176992,1.000000,3.200000,271.347753,6.525000,274.492494,3.204545,6.156028,0.000000,0.494624,0.734043,0.414938,0.175439,400,4456,4456,32.000000,0,0,16,16,58,58,4,0,552.000000,564,0,0,41,159,0,41,17,15,2,0,17,2,2,2,0,0,0,0,0,24,0,24,24,24,0,0,0,0
1738,15000267,100,0,473.954561050325,325.000000000000,91.000000000000,2.273492602660,d6a3fe75e102a550,8d15af1f9d36efa1,4b087cd0de854431,200,163,81.500000,288.840491,289.705570,1.000000,4.100000,311.824946,6.081190,343.808052,4.190184,5.390922,0.000000,0.463472,0.746835,0.369344,0.187872,400,4304,4304,32.000000,0,0,16,16,75,75,8,0,590.000000,683,0,0,56,144,0,56,19,15,4,0,19,4,4,4,0,0,0,0,0,37,0,37,37,37,0,0,0,0
1739,15000268,100,0,227.287540900134,75.000000000000,47.000000000000,1.603170580902,a545ff17930faa76,8d15af1f9d36efa1,c32407474d69b0e7,200,165,82.500000,320.630303,324.407572,1.000000,4.700000,373.300253,4.861429,393.589000,4.872727,5.034826,0.000000,0.419075,0.743590,0.332226,0.155462,400,4576,4576,32.000000,0,0,16,16,68,68,12,2,580.000000,804,0,0,51,149,0,51,16,10,6,0,16,6,6,6,0,0,0,0,0,35,0,35,35,35,0,0,0,0
1740,15000269,100,0,400.299889367004,325.000000000000,61.000000000000,2.794113381823,b971c03077b2598d,8d15af1f9d36efa1,689ec52e8614274b,200,198,99.000000,246.500000,247.855531,1.000000,3.400000,273.159688,5.360000,278.024395,3.484848,5.302899,0.000000,0.430693,0.722992,0.366972,0.115385,400,4008,4008,32.000000,0,0,16,16,43,43,4,2,522.000000,690,0,0,22,178,0,22,20,18,2,0,20,2,2,2,0,0,0,0,0,2,0,2,2,2,0,0,0,0
1741,15000270,100,0,160.054173217022,175.000000000000,73.000000000000,1.983249070859,e001420b6ccddc8e,8d15af1f9d36efa1,9ae3a100c5b10681,200,186,93.000000,200.306452,219.835233,1.000000,3.000000,246.117522,6.500000,242.790215,2.924731,6.040441,0.000000,0.494424,0.726776,0.423729,0.155280,400,4352,4352,32.000000,0,0,16,16,50,50,0,0,532.000000,544,0,0,32,168,0,32,18,18,0,0,18,0,0,0,0,0,0,0,0,14,0,14,14,14,0,0,0,0
1742,15000271,100,0,392.159029740348,175.000000000000,70.000000000000,2.607904550953,cade20eff07ef1d3,8d15af1f9d36efa1,520668502b3f6aac,200,193,96.500000,256.590674,260.834340,1.000000,3.600000,294.841791,4.678333,306.528732,3.808290,4.576871,0.000000,0.421715,0.728261,0.352423,0.123957,400,4016,4016,32.000000,0,0,16,16,47,47,10,0,536.000000,735,0,0,27,173,0,27,20,15,5,0,20,5,5,5,0,0,0,0,0,7,0,7,7,7,0,0,0,0
1743,15000272,100,0,457.281055897197,425.000000000000,54.000000000000,2.842512049022,44e243b889ed2658,8d15af1f9d36efa1,f77ae85089360238,200,142,71.000000,178.422535,173.665969,1.000000,2.400000,195.823911,5.016667,182.560855,2.380282,4.769231,0.000000,0.647182,0.756098,0.542005,0.357414,400,3920,3920,32.000000,0,0,16,16,90,90,8,0,620.000000,338,0,0,74,126,0,74,16,12,4,0,16,4,4,4,0,0,0,0,0,58,0,58,58,58,0,0,0,0
1744,15000273,100,0,62.949816597466,425.000000000000,56.000000000000,2.360724887062,701c1f6cbdabb51f,8d15af1f9d36efa1,fad2394ff9b0af37,200,172,86.000000,266.046512,285.488753,1.000000,3.900000,318.676347,4.700000,310.742460,3.877907,4.404798,0.000000,0.460792,0.740260,0.374883,0.171429,400,3856,3856,32.000000,0,0,16,16,60,60,18,0,570.000000,667,0,0,44,156,0,44,16,7,9,0,16,9,9,9,0,0,0,0,0,28,0,28,28,28,0,0,0,0
1745,15000274,100,0,316.057201652188,175.000000000000,48.000000000000,2.654159282136,cba4975cb11d87d1,8d15af1f9d36efa1,9b572100c6131d8f,200,169,84.500000,199.650888,200.270427,1.000000,2.800000,218.477440,4.370238,227.347586,2.881657,4.386037,0.000000,0.536632,0.738220,0.450958,0.213247,400,3816,3816,32.000000,0,0,16,16,65,65,2,0,564.000000,487,0,0,48,152,0,48,17,16,1,0,17,1,1,1,0,0,0,0,0,31,0,31,31,31,0,0,0,0
1746,15000275,100,0,185.616339138568,175.000000000000,69.000000000000,1.954446269417,e01b7caf9000ec8,8d15af1f9d36efa1,ee30d3a97886b401,200,200,100.000000,289.475000,282.595772,1.000000,4.200000,344.769504,5.193214,363.255035,4.600000,4.413043,0.000000,0.358438,0.719888,0.303030,0.081836,400,4392,4392,32.000000,0,0,16,16,40,40,2,0,514.000000,920,0,0,20,180,0,20,20,19,1,0,20,1,1,1,0,0,0,0,0,0,0,0,0,0,0,0,0,0
1747,15000276,100,0,97.890304955554,175.000000000000,66.000000000000,2.829059631185,14a232cd58ede651,8d15af1f9d36efa1,fda90d6d56e0951e,200,181,90.500000,224.314917,195.174570,1.000000,3.000000,238.764129,5.175000,251.430008,3.215470,4.924399,0.000000,0.489474,0.736148,0.407332,0.177966,400,4544,4544,32.000000,0,0,16,16,59,59,8,0,558.000000,582,0,0,39,161,0,39,20,16,4,0,20,4,4,4,0,0,0,0,0,19,0,19,19,19,0,0,0,0
1748,15000277,100,0,428.598686040056,175.000000000000,61.000000000000,2.999685002111,319ed8d763ece4c1,8d15af1f9d36efa1,faadad0cb6814be8,200,200,100.000000,196.515000,186.251394,1.000000,2.700000,204.316761,4.640000,216.542729,2.830000,4.703180,0.000000,0.475926,0.719888,0.414079,0.126543,400,3904,3904,32.000000,0,0,16,16,40,40,2,0,514.000000,566,0,0,20,180,0,20,20,19,1,0,20,1,1,1,0,0,0,0,0,0,0,0,0,0,0,0,0,0
1749,15000278,100,0,280.445070786308,175.000000000000,65.000000000000,1.895355284327,f608130814079519,8d15af1f9d36efa1,2ede02b2088ccda7,200,200,100.000000,307.800000,328.767182,1.000000,4.800000,392.611407,4.983333,394.081361,4.865000,4.588900,0.000000,0.344781,0.719101,0.291333,0.075973,400,4608,4608,32.000000,0,0,16,16,40,40,0,0,512.000000,973,0,0,20,180,0,20,20,20,0,0,20,0,0,0,0,0,0,0,0,0,0,0,0,0,0,0,0,0
1750,15000279,100,0,184.910955079968,325.000000000000,47.000000000000,2.555517541083,83dbaf5af4fecc96,8d15af1f9d36efa1,1f828ea7e70830b9,200,158,79.000000,253.601266,270.834743,1.000000,3.900000,310.139024,5.341190,326.957176,4.177215,4.222727,0.000000,0.465154,0.741602,0.377358,0.177057,400,3832,3832,32.000000,0,0,16,16,70,70,2,0,574.000000,660,0,0,56,144,0,56,14,13,1,0,14,1,1,1,0,0,0,0,0,42,0,42,42,42,0,0,0,0
1751,15000280,100,0,109.483630225383,425.000000000000,57.000000000000,2.422163641062,36e916b19332094,8d15af1f9d36efa1,6c095606b2e46a29,200,165,82.500000,277.642424,271.107390,1.000000,4.100000,323.139983,4.846190,326.476277,4.006061,5.036309,0.000000,0.466505,0.742931,0.377003,0.180917,400,4480,4480,32.000000,0,0,16,16,71,71,4,0,578.000000,661,0,0,53,147,0,53,18,16,2,0,18,2,2,2,0,0,0,0,0,35,0,35,35,35,0,0,0,0
1752,15000281,100,0,126.736773457246,175.000000000000,55.000000000000,2.519893496526,77006fe990280d69,8d15af1f9d36efa1,859fbb431277ae73,200,200,100.000000,278.060000,289.661959,1.000000,4.300000,327.745189,4.922381,340.597215,4.400000,5.077273,0.000000,0.372325,0.722992,0.312500,0.092784,400,4344,4344,32.000000,0,0,16,16,40,40,10,0,522.000000,880,0,0,20,180,0,20,20,15,5,0,20,5,5,5,0,0,0,0,0,0,0,0,0,0,0,0,0,0
1753,15000282,100,0,423.548178459434,75.000000000000,58.000000000000,2.324642787431,2970218a802be846,8d15af1f9d36efa1,2b9ef94f84863533,200,99,49.500000,273.020202,258.332877,1.000000,3.600000,283.153365,5.263333,283.647643,3.676768,4.730769,0.000000,0.656604,0.776786,0.523560,0.420382,400,4200,4200,32.000000,0,0,16,16,127,127,10,0,696.000000,364,0,0,114,86,0,114,13,8,5,0,13,5,5,5,0,0,0,0,0,101,0,101,101,101,0,0,0,0
1754,15000283,100,0,423.530883831791,325.000000000000,65.000000000000,2.875968781668,66106c99e9bcc847,8d15af1f9d36efa1,9b12f700c5d90965,200,193,96.500000,196.699482,200.960604,1.000000,2.800000,227.127621,4.875000,215.447156,2.777202,4.382463,0.000000,0.498127,0.726776,0.427350,0.157233,400,4424,4424,32.000000,0,0,16,16,47,47,6,0,532.000000,536,0,0,27,173,0,27,20,17,3,0,20,3,3,3,0,0,0,0,0,7,0,7,7,7,0,0,0,0
1755,15000284,100,0,43.553825976785,175.000000000000,76.000000000000,2.021620173181,fcab5e19926a116a,8d15af1f9d36efa1,cfb35da2d38508a3,200,197,98.500000,259.934010,255.518284,1.000000,3.900000,319.786660,4.155238,308.883933,3.893401,3.823990,0.000000,0.409091,0.726402,0.342759,0.115340,400,3672,3672,31.000000,0,0,16,15,43,43,14,0,531.000000,767,0,0,23,177,0,23,20,13,7,0,20,7,7,7,0,0,0,0,0,3,0,3,3,3,0,0,0,0
1756,15000285,100,0,36.221536825040,425.000000000000,52.000000000000,2.788415664066,a5a8d37d042f7187,8d15af1f9d36efa1,b3a4e09ca12a7ac,200,152,76.000000,293.157895,292.273052,1.000000,4.300000,336.689755,4.747262,358.001182,4.572368,4.669065,0.000000,0.461658,0.748744,0.365297,0.190920,400,3776,3776,32.000000,0,0,16,16,77,77,10,2,596.000000,695,0,0,62,138,0,62,14,9,5,0,14,5,5,5,0,0,0,0,0,48,0,48,48,48,0,0,0,0
1757,15000286,100,0,458.731956708275,325.000000000000,85.000000000000,2.434131784156,39341ab79ad289b6,8d15af1f9d36efa1,980f984f30dbcec5,200,195,97.500000,227.143590,231.904393,1.000000,3.100000,253.991103,6.423333,265.727343,3.241026,5.539557,0.000000,0.456110,0.726027,0.387597,0.134247,400,4648,4648,32.000000,0,0,16,16,46,46,6,2,530.000000,632,0,0,25,175,0,25,20,17,3,0,20,3,3,3,0,0,0,0,0,5,0,5,5,5,0,0,0,0
1758,15000287,100,0,4.522307143713,425.000000000000,64.000000000000,1.895672367175,92e72724799c43b0,8d15af1f9d36efa1,b77e48ad43394f3a,200,96,48.000000,197.177083,271.222195,1.000000,3.700000,291.546008,5.286667,205.791348,2.583333,5.403226,0.000000,0.735326,0.775028,0.617284,0.509881,400,4136,4136,31.000000,0,0,16,15,124,124,10,0,689.000000,248,0,0,114,86,0,114,10,5,5,0,10,5,5,5,0,0,0,0,0,104,0,104,104,104,0,0,0,0
1759,15000288,100,0,455.702105653229,175.000000000000,78.000000000000,2.477589575464,b6d367c7f16e97b8,8d15af1f9d36efa1,16b6955bf23da708,200,178,89.000000,239.584270,232.380852,1.000000,3.100000,256.776801,4.480000,276.806880,3.359551,4.625418,0.000000,0.484483,0.737533,0.400802,0.178571,400,3912,3912,32.000000,0,0,16,16,62,62,6,0,562.000000,598,0,0,42,158,0,42,20,17,3,0,20,3,3,3,0,0,0,0,0,22,0,22,22,22,0,0,0,0
1760,15000289,100,0,286.334733920935,325.000000000000,61.000000000000,1.969973139237,2415765bfc4116dd,8d15af1f9d36efa1,85fc8bee6f7257ba,200,191,95.500000,220.890052,236.278130,1.000000,3.400000,267.602107,4.709762,257.973233,3.418848,4.203675,0.000000,0.450799,0.728261,0.379867,0.137384,400,4184,4184,32.000000,0,0,16,16,49,49,6,0,536.000000,653,0,0,29,171,0,29,20,17,3,0,20,3,3,3,0,0,0,0,0,9,0,9,9,9,0,0,0,0
1761,15000290,100,0,486.844691906511,325.000000000000,84.000000000000,2.478866017874,9736c0acba33e59c,8d15af1f9d36efa1,829a3bf6bf4f308a,200,180,90.000000,284.311111,275.464767,1.000000,4.000000,311.378804,3.870000,321.994498,4.172222,4.131824,0.000000,0.430197,0.739244,0.347524,0.153326,400,4288,4288,31.000000,0,0,16,15,60,60,16,0,567.000000,751,0,0,40,160,0,40,20,12,8,0,20,8,8,8,0,0,0,0,0,20,0,20,20,20,0,0,0,0
1762,15000291,100,0,235.634084069152,175.000000000000,54.000000000000,1.931018510450,ed4ef02fa3f7cc8c,8d15af1f9d36efa1,1d5072f28b9c06ce,200,198,99.000000,235.429293,231.617529,1.000000,3.600000,269.352966,4.647619,277.553075,3.661616,4.561379,0.000000,0.416734,0.721448,0.355556,0.106042,400,4096,4096,32.000000,0,0,16,16,43,43,0,2,518.000000,725,0,0,22,178,0,22,20,20,0,0,20,0,0,0,0,0,0,0,0,2,0,2,2,2,0,0,0,0
1763,15000292,100,0,446.612389650171,425.000000000000,54.000000000000,2.867697180073,456cee16c85e4f6d,8d15af1f9d36efa1,772184132505f8d6,200,188,94.000000,293.574468,299.800040,1.000000,4.400000,335.970144,5.438571,345.659739,4.457447,5.033413,0.000000,0.394509,0.731903,0.323102,0.119748,400,4072,4072,32.000000,0,0,16,16,50,50,14,0,546.000000,838,0,0,31,169,0,31,19,12,7,0,19,7,7,7,0,0,0,0,0,12,0,12,12,12,0,0,0,0
1764,15000293,100,0,191.511693918916,175.000000000000,52.000000000000,2.031994232803,6f46dc07ba0da1fc,8d15af1f9d36efa1,94c8aae64d7c3ccb,200,200,100.000000,264.750000,273.821937,1.000000,4.300000,329.141277,4.400000,330.067489,4.365000,4.053837,0.000000,0.371490,0.720670,0.314218,0.087774,400,4312,4312,32.000000,0,0,16,16,40,40,4,0,516.000000,873,0,0,20,180,0,20,20,18,2,0,20,2,2,2,0,0,0,0,0,0,0,0,0,0,0,0,0,0
1765,15000294,100,0,117.169886770802,425.000000000000,48.000000000000,2.390535476265,f3b7349f2488f3af,8d15af1f9d36efa1,5ed3b350c393f156,200,169,84.500000,192.970414,194.035059,1.000000,2.600000,210.065607,5.561667,213.788074,2.627219,5.155405,0.000000,0.562130,0.740260,0.473934,0.237113,400,4192,4192,32.000000,0,0,16,16,65,65,8,0,570.000000,444,0,0,48,152,0,48,17,13,4,0,17,4,4,4,0,0,0,0,0,31,0,31,31,31,0,0,0,0
1766,15000295,100,0,99.035075963936,175.000000000000,85.000000000000,1.535089484381,cae9f31c732bd511,8d15af1f9d36efa1,e4061f9be2be6851,200,200,100.000000,257.320000,268.668421,1.000000,4.000000,319.263215,4.075000,316.798116,4.000000,4.073750,0.000000,0.392097,0.720670,0.333333,0.095023,400,3880,3880,32.000000,0,0,16,16,40,40,4,0,516.000000,800,0,0,20,180,0,20,20,18,2,0,20,2,2,2,0,0,0,0,0,0,0,0,0,0,0,0,0,0
1767,15000296,100,0,475.934280455599,175.000000000000,82.000000000000,1.740887987275,eb7284f7f104b5f1,8d15af1f9d36efa1,763823a1fb841002,200,200,100.000000,195.700000,195.279917,1.000000,2.900000,220.382872,4.363333,214.940127,2.935000,4.456559,0.000000,0.471647,0.723757,0.405268,0.135493,400,3848,3848,32.000000,0,0,16,16,40,40,12,0,524.000000,587,0,0,20,180,0,20,20,14,6,0,20,6,6,6,0,0,0,0,0,0,0,0,0,0,0,0,0,0
1768,15000297,100,0,399.801831339475,75.000000000000,77.000000000000,1.622861032790,121370bb0784ced2,8d15af1f9d36efa1,817df0ea3807b6bc,200,147,73.500000,185.571429,225.570920,1.000000,3.100000,247.031510,6.375000,224.170157,2.972789,5.615561,0.000000,0.577778,0.749373,0.477897,0.275290,400,4680,4680,32.000000,0,0,16,16,83,83,0,0,598.000000,437,0,0,68,132,0,68,15,15,0,0,15,0,0,0,0,0,0,0,0,53,0,53,53,53,0,0,0,0
1769,15000298,100,0,89.645994037632,175.000000000000,77.000000000000,2.121476928725,a46f18674a64ed0,8d15af1f9d36efa1,234374e925b2f0b5,200,200,100.000000,317.635000,315.538047,1.000000,4.500000,362.800651,5.243333,379.517733,4.700000,4.635106,0.000000,0.359673,0.725275,0.298507,0.092664,400,4128,4128,32.000000,0,0,16,16,40,40,16,0,528.000000,940,0,0,20,180,0,20,20,12,8,0,20,8,8,8,0,0,0,0,0,0,0,0,0,0,0,0,0,0
1770,15000299,100,0,378.320447869444,325.000000000000,71.000000000000,2.582699586583,fdcd563f96697654,8d15af1f9d36efa1,be33a750f99fe421,200,194,97.000000,229.788660,231.371836,1.000000,3.400000,274.624633,5.086667,275.386830,3.603093,4.505007,0.000000,0.428455,0.723757,0.363967,0.116308,400,4224,4224,32.000000,0,0,16,16,46,46,0,0,524.000000,699,0,0,26,174,0,26,20,20,0,0,20,0,0,0,0,0,0,0,0,6,0,6,6,6,0,0,0,0
1771,15000300,100,0,220.939741708680,175.000000000000,54.000000000000,1.644092517137,c0b6087de37e09e,8d15af1f9d36efa1,9acf3d00c59fb38b,200,193,96.500000,244.165803,263.403536,1.000000,4.000000,305.462441,4.240833,304.641852,4.139896,4.057572,0.000000,0.396070,0.723757,0.333611,0.103255,400,3848,3848,32.000000,0,0,16,16,45,45,2,0,524.000000,799,0,0,26,174,0,26,19,18,1,0,19,1,1,1,0,0,0,0,0,7,0,7,7,7,0,0,0,0
1772,15000301,100,0,414.018577942877,175.000000000000,70.000000000000,2.368940644792,cafa8fba52db105a,8d15af1f9d36efa1,89cab650dbd0caeb,200,173,86.500000,248.028902,248.835914,1.000000,3.700000,309.214444,5.115000,292.408079,3.780347,4.418960,0.000000,0.465686,0.740260,0.379507,0.174242,400,4368,4368,32.000000,0,0,16,16,67,67,4,0,570.000000,654,0,0,47,153,0,47,20,18,2,0,20,2,2,2,0,0,0,0,0,27,0,27,27,27,0,0,0,0
1773,15000302,100,0,216.273894565865,425.000000000000,38.000000000000,2.367696181143,ec8c7b88ac0f3658,8d15af1f9d36efa1,ae99031b781f397,200,136,68.000000,278.058824,287.215944,1.000000,3.700000,303.401435,5.053333,341.689890,4.154412,4.973451,0.000000,0.527197,0.759036,0.414508,0.259502,400,4152,4152,32.000000,0,0,16,16,95,95,8,14,630.000000,565,0,0,76,124,0,76,12,8,4,0,12,4,4,4,0,0,0,0,0,64,0,64,64,64,0,0,0,0
1774,15000303,100,0,144.118494178525,175.000000000000,53.000000000000,2.693966336086,c4289f959b2a9111,8d15af1f9d36efa1,aa4b25c4d0c8dbdd,200,200,100.000000,228.830000,222.059780,1.000000,3.200000,267.744658,6.600238,266.009304,3.200000,5.426563,0.000000,0.446367,0.720670,0.384615,0.116022,400,4488,4488,32.000000,0,0,16,16,42,42,0,4,516.000000,640,0,0,20,180,0,20,20,20,0,0,20,0,0,0,0,0,0,0,0,0,0,0,0,0,0,0,0,0
1775,15000304,100,0,26.132376839507,175.000000000000,88.000000000000,1.679592405664,8db633584f77076d,8d15af1f9d36efa1,678e0f5a31d609d,200,193,96.500000,281.606218,285.258584,1.000000,4.100000,317.333185,4.659762,334.572038,4.212435,4.771218,0.000000,0.398224,0.728997,0.329761,0.115343,400,4184,4184,32.000000,0,0,16,16,45,45,16,0,538.000000,813,0,0,26,174,0,26,19,11,8,0,19,8,8,8,0,0,0,0,0,7,0,7,7,7,0,0,0,0
1776,15000305,100,0,447.797667915979,75.000000000000,63.000000000000,2.313858350119,75c6eb370cb2cfcf,8d15af1f9d36efa1,4d6196c263812858,200,145,72.500000,224.648276,250.940370,1.000000,3.300000,276.710967,5.231667,262.573802,3.117241,5.597345,0.000000,0.575985,0.754300,0.469484,0.287066,400,4376,4376,32.000000,0,0,16,16,87,87,8,0,614.000000,452,0,0,71,129,0,71,16,12,4,0,16,4,4,4,0,0,0,0,0,55,0,55,55,55,0,0,0,0
1777,15000306,100,0,105.742574677679,325.000000000000,83.000000000000,1.918645667000,e9aa0876017d5b84,8d15af1f9d36efa1,8da9a90a14184f2d,200,186,93.000000,210.086022,203.055015,1.000000,3.100000,248.159090,4.550000,248.159119,3.220430,4.040067,0.000000,0.474561,0.730094,0.400400,0.155148,400,4408,4408,31.000000,0,0,16,15,52,52,6,0,541.000000,599,0,0,33,167,0,33,19,16,3,0,19,3,3,3,0,0,0,0,0,14,0,14,14,14,0,0,0,0
1778,15000307,100,0,75.127088837342,175.000000000000,64.000000000000,2.756573303331,27955dc97800d2f7,8d15af1f9d36efa1,a90c9a81639e86aa,200,194,97.000000,275.969072,289.439977,1.000000,4.100000,343.328783,4.366667,343.286614,4.324742,4.175209,0.000000,0.388929,0.727520,0.322841,0.108395,400,4304,4304,32.000000,0,0,16,16,46,46,10,0,534.000000,839,0,0,26,174,0,26,20,15,5,0,20,5,5,5,0,0,0,0,0,6,0,6,6,6,0,0,0,0
1779,15000308,100,0,406.441606954134,175.000000000000,78.000000000000,1.965012155167,2ab4efbae50621a8,8d15af1f9d36efa1,ee19604f616d934d,200,180,90.000000,244.194444,254.448816,0.900000,3.200000,305.539813,5.262963,295.010043,3.555556,4.729687,0.000000,0.446367,0.720670,0.384615,0.116022,400,3808,3808,32.000000,0,0,16,16,38,38,8,0,516.000000,640,0,0,19,162,0,19,19,15,4,0,19,4,4,3,1,0,0,0,0,0,20,0,20,1,19,0,0,0
1780,15000309,100,0,4.619223352479,175.000000000000,88.000000000000,2.284010802312,583f96bb01b770bd,8d15af1f9d36efa1,9b0c1400c5d31bfe,200,180,90.000000,219.611111,228.003853,1.000000,3.200000,250.767099,5.596667,247.513992,3.116667,5.155080,0.000000,0.498660,0.736148,0.416233,0.183406,400,4560,4560,32.000000,0,0,16,16,56,56,14,0,558.000000,561,0,0,38,162,0,38,18,11,7,0,18,7,7,7,0,0,0,0,0,20,0,20,20,20,0,0,0,0
1781,15000310,100,0,397.437471719670,425.000000000000,60.000000000000,1.836899754419,c3178e1a90c0c337,8d15af1f9d36efa1,fa3fee61ba1cbde4,200,200,100.000000,250.605000,257.209131,1.000000,3.800000,299.017953,4.344286,298.839613,3.865000,4.483829,0.000000,0.403089,0.722992,0.341006,0.104287,400,3728,3728,32.000000,0,0,16,16,40,40,10,0,522.000000,773,0,0,20,180,0,20,20,15,5,0,20,5,5,5,0,0,0,0,0,0,0,0,0,0,0,0,0,0
1782,15000311,100,0,269.265156990429,325.000000000000,52.000000000000,1.559900375878,9c6a0873a4df0853,8d15af1f9d36efa1,346ea6f8374be6ba,200,200,100.000000,290.520000,292.825210,1.000000,4.200000,345.587006,5.403690,356.042989,4.440000,4.815315,0.000000,0.369318,0.722222,0.310559,0.090164,400,4064,4064,32.000000,0,0,16,16,40,40,8,0,520.000000,888,0,0,20,180,0,20,20,16,4,0,20,4,4,4,0,0,0,0,0,0,0,0,0,0,0,0,0,0
1783,15000312,100,0,101.262897090583,425.000000000000,48.000000000000,1.954322375710,7a20ef41e0c64c7b,8d15af1f9d36efa1,b9f1f7d9464bf4cd,200,144,72.000000,218.354167,224.472234,1.000000,3.100000,247.440604,4.396667,233.264136,2.881944,4.400000,0.000000,0.596696,0.754300,0.490798,0.304858,400,4016,4016,32.000000,0,0,16,16,85,85,12,2,614.000000,415,0,0,70,130,0,70,14,8,6,0,14,6,6,6,0,0,0,0,0,56,0,56,56,56,0,0,0,0
1784,15000313,100,0,133.019324287485,325.000000000000,82.000000000000,1.740436819047,7881c0335f3216ad,8d15af1f9d36efa1,9b494d00c6072af7,200,192,96.000000,231.395833,216.482349,1.000000,3.200000,254.562198,4.742619,275.659353,3.895833,3.977273,0.000000,0.413793,0.725275,0.348432,0.113744,400,4496,4496,32.000000,0,0,16,16,48,48,0,0,528.000000,748,0,0,28,172,0,28,20,20,0,0,20,0,0,0,0,0,0,0,0,8,0,8,8,8,0,0,0,0
1785,15000314,100,0,30.995178734539,325.000000000000,74.000000000000,2.625209610732,88c7be5cca970625,8d15af1f9d36efa1,687feeaeaf8ffbbd,200,194,97.000000,271.855670,276.173487,1.000000,4.000000,320.739706,5.691667,339.809484,4.257732,4.731235,0.000000,0.389956,0.725275,0.326264,0.104121,400,4064,4064,32.000000,0,0,16,16,46,46,4,0,528.000000,826,0,0,26,174,0,26,20,18,2,0,20,2,2,2,0,0,0,0,0,6,0,6,6,6,0,0,0,0
1786,15000315,100,0,11.639991673097,75.000000000000,48.000000000000,2.962649458544,d812d43d1919447,8d15af1f9d36efa1,b3faecab89c5666b,200,149,74.500000,282.241611,259.483206,1.000000,3.600000,283.267158,5.225000,319.678340,3.899329,4.428571,0.000000,0.513808,0.754300,0.407747,0.238532,400,3880,3880,32.000000,0,0,16,16,82,82,18,2,614.000000,581,0,0,66,134,0,66,15,6,9,0,15,9,9,9,0,0,0,0,0,51,0,51,51,51,0,0,0,0
1787,15000316,100,0,295.664577733535,175.000000000000,62.000000000000,2.347387516232,89bf24e4de5cb440,8d15af1f9d36efa1,33404750aad222b4,200,186,93.000000,197.360215,219.631623,1.000000,3.300000,251.912061,5.560000,240.806912,3.241935,5.343284,0.000000,0.468722,0.726776,0.398804,0.142248,400,4608,4608,32.000000,0,0,16,16,50,50,0,0,532.000000,603,0,0,32,168,0,32,18,18,0,0,18,0,0,0,0,0,0,0,0,14,0,14,14,14,0,0,0,0
1788,15000317,100,0,406.058856826580,425.000000000000,55.000000000000,1.686459812193,db44545c9c9f6083,8d15af1f9d36efa1,e4644411afc9ffbe,200,111,55.500000,258.315315,238.164955,1.000000,3.300000,270.087798,5.028333,283.655833,3.504505,4.622108,0.000000,0.632672,0.770115,0.506971,0.379585,400,4144,4144,32.000000,0,0,16,16,114,114,10,6,670.000000,389,0,0,100,100,0,100,11,6,5,0,11,5,5,5,0,0,0,0,0,89,0,89,89,89,0,0,0,0
1789,15000318,100,0,67.079247887429,325.000000000000,84.000000000000,1.938588199223,b8e4db6301e2531,8d15af1f9d36efa1,ab5d4746f871e44,200,195,97.500000,288.282051,311.765417,1.000000,4.500000,345.726594,5.337500,358.929275,4.717949,4.434783,0.000000,0.366391,0.726776,0.303030,0.098039,400,4152,4152,32.000000,0,0,16,16,45,45,10,0,532.000000,920,0,0,25,175,0,25,20,15,5,0,20,5,5,5,0,0,0,0,0,5,0,5,5,5,0,0,0,0
1790,15000319,100,0,198.313144981023,325.000000000000,46.000000000000,2.334045015742,517963d0e7d1b045,8d15af1f9d36efa1,9ad93900c5a80144,200,184,92.000000,203.554348,208.348323,1.000000,2.800000,228.346714,5.626667,237.013157,3.086957,5.091549,0.000000,0.486438,0.728997,0.413223,0.157270,400,4272,4272,32.000000,0,0,16,16,52,52,2,0,538.000000,568,0,0,34,166,0,34,18,17,1,0,18,1,1,1,0,0,0,0,0,16,0,16,16,16,0,0,0,0
1791,15000320,100,0,98.969818110728,175.000000000000,55.000000000000,2.667636508209,c10c043394bcd7e4,8d15af1f9d36efa1,d4e5a0315033835b,200,200,100.000000,240.375000,253.332015,1.000000,3.900000,294.813322,4.803333,292.780377,3.900000,4.726923,0.000000,0.396285,0.719101,0.338983,0.093023,400,4248,4248,32.000000,0,0,16,16,40,40,0,0,512.000000,780,0,0,20,180,0,20,20,20,0,0,20,0,0,0,0,0,0,0,0,0,0,0,0,0,0,0,0,0
1792,15000321,100,0,412.729919580552,425.000000000000,50.000000000000,2.738513929855,b6c4b20b330d624d,8d15af1f9d36efa1,331cb4e31ed4d8a9,200,101,50.500000,274.029703,296.713322,1.000000,4.200000,348.496507,4.898333,327.646803,4.277228,4.206019,0.000000,0.610108,0.771689,0.480769,0.360947,400,4096,4096,32.000000,0,0,16,16,119,119,6,0,676.000000,432,0,0,109,91,0,109,10,7,3,0,10,3,3,3,0,0,0,0,0,99,0,99,99,99,0,0,0,0
1793,15000322,100,0,468.616262553486,425.000000000000,63.000000000000,2.102997648357,bed89feb52438825,8d15af1f9d36efa1,7aadd07069515fac,200,150,75.000000,298.786667,286.041604,1.000000,4.400000,346.147697,5.334524,362.469664,4.646667,4.740316,0.000000,0.467532,0.753695,0.364631,0.205245,400,4032,4032,32.000000,0,0,16,16,82,82,16,0,612.000000,697,0,0,66,134,0,66,16,8,8,0,16,8,8,8,0,0,0,0,0,50,0,50,50,50,0,0,0,0
1794,15000323,100,0,383.424821469509,425.000000000000,59.000000000000,2.077431070857,759888d8f184ceda,8d15af1f9d36efa1,d59f3a46d8eeb7fc,200,145,72.500000,264.082759,287.833562,1.000000,4.100000,327.812820,6.423333,318.077763,4.082759,5.648649,0.000000,0.504188,0.750623,0.403226,0.223097,400,4048,4048,32.000000,0,0,16,16,83,83,4,0,602.000000,592,0,0,69,131,0,69,14,12,2,0,14,2,2,2,0,0,0,0,0,55,0,55,55,55,0,0,0,0
1795,15000324,100,0,183.107567414768,425.000000000000,35.000000000000,2.541936964457,62ef4fb80eb610e4,8d15af1f9d36efa1,3c8f634f8e027a4a,200,169,84.500000,250.331361,251.686500,1.000000,3.600000,291.118231,5.011667,296.095583,3.686391,4.786517,0.000000,0.476910,0.739583,0.391007,0.179183,400,4336,4336,32.000000,0,0,16,16,63,63,10,0,568.000000,623,0,0,47,153,0,47,16,11,5,0,16,5,5,5,0,0,0,0,0,31,0,31,31,31,0,0,0,0
1796,15000325,100,0,134.329473919027,75.000000000000,58.000000000000,2.232306765482,85612153f50bc5b,8d15af1f9d36efa1,2f847cb3c05441f4,200,171,85.500000,253.052632,256.141507,1.000000,3.700000,304.454581,4.905714,305.529041,3.830409,4.709924,0.000000,0.460905,0.736842,0.379147,0.163474,400,4224,4224,32.000000,0,0,16,16,61,61,6,0,560.000000,655,0,0,45,155,0,45,16,13,3,0,16,3,3,3,0,0,0,0,0,29,0,29,29,29,0,0,0,0
1797,15000326,100,0,457.079075062547,325.000000000000,72.000000000000,2.530164324515,5cb112946a8693ba,8d15af1f9d36efa1,2b6f07e95d06843c,200,190,95.000000,242.389474,260.526483,1.000000,3.600000,293.651925,5.008333,293.180187,3.510526,4.554723,0.000000,0.444629,0.727520,0.374883,0.132640,400,4080,4080,32.000000,0,0,16,16,48,48,6,0,534.000000,667,0,0,29,171,0,29,19,16,3,0,19,3,3,3,0,0,0,0,0,10,0,10,10,10,0,0,0,0
1798,15000327,100,0,346.584194636144,75.000000000000,45.000000000000,2.175803850364,5f6aa33eb4bf71c0,8d15af1f9d36efa1,4a35a6ccb39196c4,200,160,80.000000,257.787500,265.927755,1.000000,3.500000,293.315061,5.698333,309.941051,3.706250,5.318718,0.000000,0.494459,0.743590,0.402820,0.199730,400,4544,4544,32.000000,0,0,16,16,72,72,4,0,580.000000,593,0,0,56,144,0,56,16,14,2,0,16,2,2,2,0,0,0,0,0,40,0,40,40,40,0,0,0,0
1799,15000328,100,0,265.141092477948,325.000000000000,51.000000000000,1.960868253335,aba0cfdb4f8593c,8d15af1f9d36efa1,cadc695f5606e9bc,200,186,93.000000,223.043011,232.771715,1.000000,3.300000,259.670565,3.675714,260.906524,3.279570,4.491803,0.000000,0.466783,0.727520,0.396040,0.143258,400,4152,4152,32.000000,0,0,16,16,50,50,2,0,534.000000,610,0,0,32,168,0,32,18,17,1,0,18,1,1,1,0,0,0,0,0,14,0,14,14,14,0,0,0,0
1800,15000329,100,0,80.349536276832,175.000000000000,66.000000000000,2.673517382568,835ec1350b5dd56c,8d15af1f9d36efa1,9242b3fe5deba1b3,200,187,93.500000,300.957219,324.701253,1.000000,4.700000,370.195146,4.635000,364.542251,4.770053,4.335202,0.000000,0.383978,0.735450,0.309598,0.122047,400,4208,4208,32.000000,0,0,16,16,61,61,2,20,556.000000,892,0,0,32,168,0,32,19,18,1,0,19,1,1,1,0,0,0,0,0,13,0,13,13,13,0,0,0,0
1801,15000330,100,0,298.611440377313,75.000000000000,42.000000000000,2.349751922204,a4bc28e65fdc5653,8d15af1f9d36efa1,a4aaa050eb49d9cc,200,166,83.000000,230.265060,235.777770,1.000000,3.300000,265.639802,5.475000,261.886377,3.313253,5.481818,0.000000,0.508050,0.739583,0.421053,0.198251,400,4440,4440,32.000000,0,0,16,16,67,67,2,2,568.000000,550,0,0,50,150,0,50,16,15,1,0,16,1,1,1,0,0,0,0,0,34,0,34,34,34,0,0,0,0
1802,15000331,100,0,420.299842492158,175.000000000000,70.000000000000,2.506418017079,d79cc8a6d1fa40c0,8d15af1f9d36efa1,23eee19f55b4e245,200,169,84.500000,264.420118,269.268610,1.000000,4.000000,327.372155,4.630000,332.087918,4.082840,4.423188,0.000000,0.448000,0.736842,0.366972,0.156479,400,3992,3992,32.000000,0,0,16,16,63,63,2,0,560.000000,690,0,0,47,153,0,47,16,15,1,0,16,1,1,1,0,0,0,0,0,31,0,31,31,31,0,0,0,0
1803,15000332,100,0,358.642217139556,425.000000000000,45.000000000000,2.600529719120,3e00f74840a810c1,8d15af1f9d36efa1,9b616700c61be906,200,160,80.000000,238.275000,243.931772,1.000000,3.600000,284.397222,4.546667,286.480708,3.543750,4.569665,0.000000,0.504803,0.742931,0.413650,0.204769,400,4216,4216,32.000000,0,0,16,16,72,72,2,0,578.000000,567,0,0,56,144,0,56,16,15,1,0,16,1,1,1,0,0,0,0,0,40,0,40,40,40,0,0,0,0
1804,15000333,100,0,9.733820572148,75.000000000000,54.000000000000,2.791128348192,cfd69684f6f00312,8d15af1f9d36efa1,9b2aa100c5ed0924,200,165,82.500000,265.163636,229.517188,1.000000,3.200000,253.766266,5.578333,276.543642,3.406061,5.202847,0.000000,0.518836,0.751861,0.415800,0.236413,400,4448,4448,32.000000,0,0,16,16,79,79,16,12,606.000000,562,0,0,54,146,0,54,19,11,8,0,19,8,8,8,0,0,0,0,0,35,0,35,35,35,0,0,0,0
1805,15000334,100,0,388.021075459617,75.000000000000,37.000000000000,2.972351820007,aaed3a1e0afba18,8d15af1f9d36efa1,97c71c492441c7f8,200,172,86.000000,256.680233,260.344532,1.000000,3.800000,308.011476,5.336667,301.241702,3.674419,5.126582,0.000000,0.471572,0.738220,0.387597,0.172775,400,4536,4536,32.000000,0,0,16,16,64,64,4,0,564.000000,632,0,0,46,154,0,46,18,16,2,0,18,2,2,2,0,0,0,0,0,28,0,28,28,28,0,0,0,0
1806,15000335,100,0,73.198119807030,425.000000000000,59.000000000000,2.881310241329,10c56942c7f753e2,8d15af1f9d36efa1,9ad92100c5a7d87c,200,144,72.000000,246.826389,239.999942,1.000000,3.300000,258.387808,6.543571,276.335705,3.638889,5.181298,0.000000,0.540351,0.754902,0.432900,0.259887,400,4488,4488,32.000000,0,0,16,16,86,86,12,0,616.000000,524,0,0,71,129,0,71,15,9,6,0,15,6,6,6,0,0,0,0,0,56,0,56,56,56,0,0,0,0
1807,15000336,100,0,81.248490533424,175.000000000000,76.000000000000,2.379325919040,221a70feccbe6721,8d15af1f9d36efa1,74e5312479270ed,200,193,96.500000,293.989637,317.756726,1.000000,4.300000,352.631131,6.665476,364.238224,4.481865,6.321387,0.000000,0.379928,0.726027,0.316206,0.101765,400,4560,4560,32.000000,0,0,16,16,46,46,6,2,530.000000,865,0,0,26,174,0,26,19,16,3,0,19,3,3,3,0,0,0,0,0,7,0,7,7,7,0,0,0,0
1808,15000337,100,0,156.381336757147,425.000000000000,42.000000000000,2.618497036973,6709136b72847e,8d15af1f9d36efa1,90e9f41ebc8d594b,200,137,68.500000,284.525547,279.923019,1.000000,4.100000,313.029598,4.957857,346.042623,4.525547,4.291935,0.000000,0.496753,0.753695,0.392157,0.225000,400,3992,3992,32.000000,0,0,16,16,85,85,10,0,612.000000,620,0,0,74,126,0,74,11,6,5,0,11,5,5,5,0,0,0,0,0,63,0,63,63,63,0,0,0,0
1809,15000338,100,0,345.780702946090,325.000000000000,71.000000000000,2.207723261518,4f91cd46ac89fa84,8d15af1f9d36efa1,912e441211879e78,200,200,100.000000,202.790000,203.355542,1.000000,3.000000,236.104231,4.728333,237.369623,3.170000,4.812303,0.000000,0.446771,0.719101,0.386847,0.112045,400,4400,4400,32.000000,0,0,16,16,40,40,0,0,512.000000,634,0,0,20,180,0,20,20,20,0,0,20,0,0,0,0,0,0,0,0,0,0,0,0,0,0,0,0,0
1810,15000339,100,0,293.848808699174,75.000000000000,59.000000000000,1.537653298046,72431c2d81841d40,8d15af1f9d36efa1,dbe2ac39ff51b4d,200,189,94.500000,179.682540,187.347151,1.000000,2.600000,210.386561,4.325000,196.949299,2.470899,4.411135,0.000000,0.534397,0.728261,0.461361,0.182137,400,4256,4256,32.000000,0,0,16,16,49,49,6,0,536.000000,467,0,0,30,170,0,30,19,16,3,0,19,3,3,3,0,0,0,0,0,11,0,11,11,11,0,0,0,0
1811,15000340,100,0,168.337028443792,75.000000000000,40.000000000000,2.740886921258,aa70eb90344f92d,8d15af1f9d36efa1,bdc4a3eb615852db,200,164,82.000000,259.426829,261.723917,1.000000,3.300000,279.425442,4.751190,305.726693,3.737805,4.497553,0.000000,0.485738,0.743261,0.394867,0.194481,400,4000,4000,31.000000,0,0,16,15,69,69,10,2,579.000000,613,0,0,52,148,0,52,16,11,5,0,16,5,5,5,0,0,0,0,0,36,0,36,36,36,0,0,0,0
1812,15000341,100,0,50.685557299341,325.000000000000,81.000000000000,2.214996911787,921e15d83534417,8d15af1f9d36efa1,d73d11152f035c6b,200,198,99.000000,297.626263,319.338730,1.000000,4.600000,368.231450,4.820833,369.050557,4.888889,4.416322,0.000000,0.353805,0.726027,0.292398,0.091932,400,4152,4152,32.000000,0,0,16,16,42,42,14,0,530.000000,968,0,0,22,178,0,22,20,13,7,0,20,7,7,7,0,0,0,0,0,2,0,2,2,2,0,0,0,0
1813,15000342,100,0,397.776210718493,325.000000000000,81.000000000000,1.895977716962,84e02bbfa3ee686,8d15af1f9d36efa1,80883a853a1c270b,200,195,97.500000,257.112821,262.361056,1.000000,3.900000,298.540840,5.807381,307.496274,3.923077,5.541176,0.000000,0.410177,0.726776,0.343348,0.115607,400,4408,4408,32.000000,0,0,16,16,45,45,10,0,532.000000,765,0,0,25,175,0,25,20,15,5,0,20,5,5,5,0,0,0,0,0,5,0,5,5,5,0,0,0,0
1814,15000343,100,0,497.099349202855,175.000000000000,71.000000000000,2.900693409681,7a5ad157e48a00f5,8d15af1f9d36efa1,7ab6159881e1bb40,200,187,93.500000,270.304813,275.914090,1.000000,4.000000,311.859516,4.746429,312.559616,4.181818,4.474425,0.000000,0.412913,0.733333,0.338409,0.131111,400,4088,4088,32.000000,0,0,16,16,51,51,16,0,550.000000,782,0,0,32,168,0,32,19,11,8,0,19,8,8,8,0,0,0,0,0,13,0,13,13,13,0,0,0,0
1815,15000344,100,0,27.018092110077,175.000000000000,75.000000000000,2.828182987451,8cec45a0a707dc65,8d15af1f9d36efa1,9b572400c61322a8,200,181,90.500000,303.104972,290.561175,1.000000,4.700000,362.041166,5.800595,369.796862,4.878453,4.420159,0.000000,0.389772,0.738220,0.311769,0.130049,400,4560,4560,32.000000,0,0,16,16,57,57,18,0,564.000000,883,0,0,38,162,0,38,19,10,9,0,19,9,9,9,0,0,0,0,0,19,0,19,19,19,0,0,0,0
1816,15000345,100,0,58.622157599157,175.000000000000,72.000000000000,2.785489459841,4394db34d815296e,8d15af1f9d36efa1,e8e9914fef615f77,200,200,100.000000,248.295000,267.060457,1.000000,3.900000,323.374930,5.440000,304.845307,3.900000,4.998718,0.000000,0.400000,0.722222,0.338983,0.101382,400,4392,4392,32.000000,0,0,16,16,40,40,8,0,520.000000,780,0,0,20,180,0,20,20,16,4,0,20,4,4,4,0,0,0,0,0,0,0,0,0,0,0,0,0,0
1817,15000346,100,0,450.478224241680,325.000000000000,82.000000000000,2.395606562531,c63679195b03a81d,8d15af1f9d36efa1,e6ba30d946a4f4e,200,193,96.500000,357.119171,372.946809,1.000000,5.600000,457.237126,5.293333,456.921039,5.709845,4.978221,0.000000,0.327228,0.728261,0.266312,0.086235,400,4424,4424,32.000000,0,0,16,16,47,47,10,0,536.000000,1102,0,0,27,173,0,27,20,15,5,0,20,5,5,5,0,0,0,0,0,7,0,7,7,7,0,0,0,0
1818,15000347,100,0,185.268555994895,325.000000000000,54.000000000000,2.201745480705,8ab515396e112cdb,8d15af1f9d36efa1,9a624600c542f0f6,200,190,95.000000,199.131579,206.606737,1.000000,2.900000,234.586598,5.508333,234.205331,3.015789,4.698080,0.000000,0.479564,0.725275,0.411100,0.143498,400,3976,3976,32.000000,0,0,16,16,48,48,0,0,528.000000,573,0,0,29,171,0,29,19,19,0,0,19,0,0,0,0,0,0,0,0,10,0,10,10,10,0,0,0,0
1819,15000348,100,0,229.319295225162,75.000000000000,58.000000000000,1.559069993079,db8310fbc28dedfb,8d15af1f9d36efa1,b379422bed628164,200,122,61.000000,295.286885,270.398285,1.000000,4.000000,309.392131,4.436667,343.887514,4.155738,4.899408,0.000000,0.561039,0.764151,0.441014,0.298755,400,4168,4168,32.000000,0,0,16,16,105,105,6,6,648.000000,507,0,0,90,110,0,90,12,9,3,0,12,3,3,3,0,0,0,0,0,78,0,78,78,78,0,0,0,0
1820,15000349,100,0,423.198047126198,425.000000000000,61.000000000000,2.292577659662,771673ff42a77f5e,8d15af1f9d36efa1,493b44643e5f9409,200,135,67.500000,284.533333,239.341348,1.000000,3.900000,297.795463,4.971667,322.244093,4.251852,4.517422,0.000000,0.526403,0.761337,0.410678,0.264103,400,4200,4200,32.000000,0,0,16,16,95,95,16,0,638.000000,574,0,0,80,120,0,80,15,7,8,0,15,8,8,8,0,0,0,0,0,65,0,65,65,65,0,0,0,0
1821,15000350,100,0,390.045894929929,75.000000000000,46.000000000000,2.722023268588,e094f7590c7ad6ba,8d15af1f9d36efa1,da7f771146806de,200,183,91.500000,297.846995,292.994584,1.000000,3.800000,317.102002,4.566667,349.770829,4.267760,4.364917,0.000000,0.418466,0.737533,0.338696,0.142700,400,3992,3992,32.000000,0,0,16,16,54,54,22,2,562.000000,781,0,0,35,165,0,35,18,7,11,0,18,11,11,11,0,0,0,0,0,17,0,17,17,17,0,0,0,0
1822,15000351,100,0,204.139511631044,425.000000000000,48.000000000000,1.921428103601,ed88466e4d3329e9,8d15af1f9d36efa1,8be7ed28117b67d3,200,136,68.000000,293.985294,305.081942,0.900000,3.900000,349.042437,4.962963,341.413472,4.522059,4.439024,0.000000,0.492993,0.749373,0.394089,0.212548,400,4080,4080,32.000000,0,0,16,16,73,73,20,0,598.000000,615,0,0,59,122,0,59,15,5,10,0,15,10,10,9,1,0,0,0,0,44,20,44,64,45,19,0,0,0
1823,15000352,100,0,443.978664453992,325.000000000000,81.000000000000,2.074367751356,c9bd5f30054e345d,8d15af1f9d36efa1,4e29bc4f980f227c,200,197,98.500000,226.081218,203.704402,1.000000,3.400000,269.944559,4.712500,259.315806,3.492386,3.601744,0.000000,0.432343,0.723757,0.367647,0.117949,400,3888,3888,32.000000,0,0,16,16,43,43,6,0,524.000000,688,0,0,23,177,0,23,20,17,3,0,20,3,3,3,0,0,0,0,0,3,0,3,3,3,0,0,0,0
1824,15000353,100,0,5.467260238719,75.000000000000,66.000000000000,2.420101215860,9e91d482dd6c0a0e,8d15af1f9d36efa1,d6c86b12390a3b5e,200,167,83.500000,239.257485,200.096044,1.000000,3.300000,239.133807,3.528333,255.034085,3.628743,3.825083,0.000000,0.492037,0.745870,0.397614,0.204724,400,3840,3840,31.000000,0,0,16,15,67,67,22,0,587.000000,606,0,0,50,150,0,50,17,6,11,0,17,11,11,11,0,0,0,0,0,33,0,33,33,33,0,0,0,0
1825,15000354,100,0,481.571763235315,325.000000000000,82.000000000000,2.525535043864,d9392da06cc6f900,8d15af1f9d36efa1,2bfb4d4f84d5229c,200,185,92.500000,242.135135,218.468674,1.000000,3.400000,260.151735,4.910000,273.047003,3.448649,4.753918,0.000000,0.462963,0.733333,0.385356,0.156085,400,4232,4232,32.000000,0,0,16,16,56,56,6,2,550.000000,638,0,0,35,165,0,35,20,17,3,0,20,3,3,3,0,0,0,0,0,15,0,15,15,15,0,0,0,0
1826,15000355,100,0,266.517776924419,325.000000000000,59.000000000000,1.807712233960,ca622bf5baa23253,8d15af1f9d36efa1,9a98bf00c5714e01,200,200,100.000000,241.240000,263.178457,1.000000,3.400000,278.505302,4.741667,284.472018,3.530000,4.674221,0.000000,0.423203,0.721448,0.361664,0.108586,400,3912,3912,32.000000,0,0,16,16,42,42,2,4,518.000000,706,0,0,20,180,0,20,20,19,1,0,20,1,1,1,0,0,0,0,0,0,0,0,0,0,0,0,0,0
1827,15000356,100,0,440.036743619607,175.000000000000,74.000000000000,2.511041563102,b72b6968d90d0e1d,8d15af1f9d36efa1,f9d6c94ff8db19c1,200,172,86.000000,255.383721,245.954534,1.000000,3.900000,301.616175,4.634048,296.308206,3.965116,4.195015,0.000000,0.457006,0.741602,0.369686,0.172330,400,3816,3816,32.000000,0,0,16,16,68,68,6,0,574.000000,682,0,0,48,152,0,48,20,17,3,0,20,3,3,3,0,0,0,0,0,28,0,28,28,28,0,0,0,0
1828,15000357,100,0,1.915979426085,425.000000000000,61.000000000000,2.802024510560,4f68a405123b55a9,8d15af1f9d36efa1,9c988196670081ba,200,118,59.000000,279.906780,305.254176,1.000000,4.100000,340.097080,5.138333,317.796522,3.957627,4.516060,0.000000,0.588183,0.769319,0.461361,0.335704,400,4160,4160,31.000000,0,0,16,15,113,113,10,10,667.000000,467,0,0,95,105,0,95,13,8,5,0,13,5,5,5,0,0,0,0,0,82,0,82,82,82,0,0,0,0
1829,15000358,100,0,310.433853709214,325.000000000000,53.000000000000,2.395506224909,8f69483262a30729,8d15af1f9d36efa1,a3f6344fc86cb0f6,200,200,100.000000,198.260000,201.355809,1.000000,2.900000,231.364991,4.271667,227.383881,2.935000,4.475298,0.000000,0.467815,0.720670,0.405268,0.125186,400,3616,3616,32.000000,0,0,16,16,40,40,4,0,516.000000,587,0,0,20,180,0,20,20,18,2,0,20,2,2,2,0,0,0,0,0,0,0,0,0,0,0,0,0,0
1830,15000359,100,0,293.650441019970,75.000000000000,43.000000000000,2.321461185067,77df4050a9709478,8d15af1f9d36efa1,cef0ce5102f05dc6,200,153,76.500000,209.163399,182.920760,1.000000,2.900000,231.441684,5.466667,231.557349,3.098039,4.725738,0.000000,0.555347,0.747475,0.457666,0.252366,400,4112,4112,32.000000,0,0,16,16,78,78,4,2,592.000000,474,0,0,62,138,0,62,15,13,2,0,15,2,2,2,0,0,0,0,0,47,0,47,47,47,0,0,0,0
1831,15000360,100,0,303.005342979024,325.000000000000,57.000000000000,1.519932917707,74e2d8825fca1a4b,8d15af1f9d36efa1,d341562070ff64b6,200,181,90.500000,335.254144,327.144077,1.000000,4.600000,362.611472,5.372143,414.826420,5.082873,4.659783,0.000000,0.374150,0.733333,0.303030,0.113680,400,4248,4248,32.000000,0,0,16,16,58,58,2,10,550.000000,920,0,0,37,163,2,35,16,15,1,0,16,1,1,1,0,0,0,0,0,19,0,19,19,19,0,0,0,0
1832,15000361,100,0,356.921164090732,425.000000000000,43.000000000000,2.709096231599,9177219b1594eace,8d15af1f9d36efa1,1964f5fdb6c4588f,200,158,79.000000,318.734177,378.843239,1.000000,5.000000,419.916431,6.083095,399.398592,5.050633,5.433584,0.000000,0.425072,0.746835,0.333890,0.165272,400,4472,4472,32.000000,0,0,16,16,74,74,10,0,590.000000,798,0,0,58,142,0,58,16,11,5,0,16,5,5,5,0,0,0,0,0,42,0,42,42,42,0,0,0,0
1833,15000362,100,0,213.525521060301,175.000000000000,50.000000000000,2.368732738077,cdb56b6214a6fb6f,8d15af1f9d36efa1,789805ce421edbce,200,118,59.000000,343.127119,289.618584,1.000000,4.700000,345.553795,4.588095,442.281110,5.966102,4.232955,0.000000,0.477745,0.763033,0.362319,0.231441,400,4056,4056,32.000000,0,0,16,16,106,106,0,0,644.000000,704,0,0,94,106,0,94,12,12,0,0,12,0,0,0,0,0,0,0,0,82,0,82,82,82,0,0,0,0
1834,15000363,100,0,327.416230763648,325.000000000000,49.000000000000,2.649407252461,85706bd216ee7ff,8d15af1f9d36efa1,bd087b50f8a19e75,200,200,100.000000,207.545000,205.515894,1.000000,3.000000,231.262363,5.066667,240.431221,3.170000,4.684543,0.000000,0.448696,0.720670,0.386847,0.116992,400,4512,4512,32.000000,0,0,16,16,41,41,2,2,516.000000,634,0,0,20,180,0,20,20,19,1,0,20,1,1,1,0,0,0,0,0,0,0,0,0,0,0,0,0,0
1835,15000364,100,0,40.043450353234,175.000000000000,80.000000000000,2.445669001542,5943b79c4af45b68,8d15af1f9d36efa1,8f34c760b71d3ecf,200,163,81.500000,324.006135,377.359494,1.000000,5.400000,444.124065,4.805357,413.013808,5.312883,4.085450,0.000000,0.400277,0.742931,0.315956,0.144269,400,4088,4088,32.000000,0,0,16,16,67,67,12,0,578.000000,866,0,0,52,148,0,52,15,9,6,0,15,6,6,6,0,0,0,0,0,37,0,37,37,37,0,0,0,0
1836,15000365,100,0,277.500343965376,425.000000000000,44.000000000000,1.929925109407,a37863e3129ba4f5,8d15af1f9d36efa1,2a463552360dba9a,200,113,56.500000,291.415929,302.103761,1.000000,4.400000,363.071664,4.663333,366.166437,4.584071,4.399614,0.000000,0.562500,0.769053,0.435730,0.311170,400,3832,3832,32.000000,0,0,16,16,117,117,0,16,666.000000,518,0,0,98,102,0,98,11,11,0,0,11,0,0,0,0,0,0,0,0,87,0,87,87,87,0,0,0,0
1837,15000366,100,0,115.166230888707,75.000000000000,50.000000000000,2.552149833514,c5ad5103b99361f8,8d15af1f9d36efa1,c6e757b463310084,200,153,76.500000,320.535948,329.667396,1.000000,4.700000,376.012041,5.088333,389.975233,5.091503,4.383825,0.000000,0.435916,0.750623,0.339271,0.179136,400,4024,4024,32.000000,0,0,16,16,78,78,14,2,602.000000,779,0,0,62,138,0,62,15,8,7,0,15,7,7,7,0,0,0,0,0,47,0,47,47,47,0,0,0,0
1838,15000367,100,0,481.804917744054,325.000000000000,87.000000000000,2.071594352672,631a312c41f1be21,8d15af1f9d36efa1,e84a5251111e18c0,200,179,89.500000,233.206704,251.128850,1.000000,3.600000,282.656305,5.324286,276.535896,3.480447,5.057785,0.000000,0.472481,0.736148,0.391007,0.168224,400,4600,4600,32.000000,0,0,16,16,59,59,8,0,558.000000,623,0,0,40,160,0,40,19,15,4,0,19,4,4,4,0,0,0,0,0,21,0,21,21,21,0,0,0,0
1839,15000368,100,0,349.320034203391,325.000000000000,64.000000000000,2.020232027909,12df6c396b79b069,8d15af1f9d36efa1,9a807b00c55c4894,200,195,97.500000,217.066667,203.257526,1.000000,3.100000,235.063764,5.276667,244.431169,3.153846,4.601626,0.000000,0.460999,0.724518,0.394089,0.132581,400,4376,4376,32.000000,0,0,16,16,45,45,4,0,526.000000,615,0,0,25,175,0,25,20,18,2,0,20,2,2,2,0,0,0,0,0,5,0,5,5,5,0,0,0,0
1840,15000369,100,0,356.418876058012,75.000000000000,51.000000000000,2.270077009443,145e70a1b68c2e72,8d15af1f9d36efa1,4e11ea4f97fadec5,200,188,94.000000,236.462766,246.875195,1.000000,3.800000,298.859916,4.663333,272.259879,3.765957,4.379944,0.000000,0.433600,0.730458,0.361011,0.134474,400,4056,4056,32.000000,0,0,16,16,50,50,10,0,542.000000,708,0,0,31,169,0,31,19,14,5,0,19,5,5,5,0,0,0,0,0,12,0,12,12,12,0,0,0,0
1841,15000370,100,0,428.245251112086,75.000000000000,51.000000000000,2.645904344177,81c32f6b7764615c,8d15af1f9d36efa1,e43773c68d8eae7f,200,137,68.500000,239.459854,208.000637,1.000000,3.100000,236.688664,5.093333,267.280375,3.335766,5.150985,0.000000,0.576460,0.756691,0.466744,0.293663,400,4488,4488,32.000000,0,0,16,16,92,92,6,2,622.000000,457,0,0,77,123,0,77,14,11,3,0,14,3,3,3,0,0,0,0,0,63,0,63,63,63,0,0,0,0
1842,15000371,100,0,68.086978318378,75.000000000000,64.000000000000,1.874525301063,89569f610ac0b47,8d15af1f9d36efa1,98f956990aca839a,200,179,89.500000,261.703911,274.725160,1.000000,4.000000,313.121171,5.278333,312.428212,4.072626,4.876543,0.000000,0.432685,0.735450,0.354296,0.145369,400,3976,3976,32.000000,0,0,16,16,56,56,12,2,556.000000,729,0,0,38,162,0,38,17,11,6,0,17,6,6,6,0,0,0,0,0,21,0,21,21,21,0,0,0,0
1843,15000372,100,0,55.867737999553,75.000000000000,68.000000000000,1.720382455693,549196567cf95521,8d15af1f9d36efa1,9a8e3300c5680b98,200,144,72.000000,256.944444,235.185916,1.000000,3.500000,266.045233,5.555000,274.359714,3.493056,5.246521,0.000000,0.560699,0.762470,0.442968,0.294530,400,3992,3992,32.000000,0,0,16,16,100,100,10,24,642.000000,503,0,0,72,128,0,72,16,11,5,0,16,5,5,5,0,0,0,0,0,56,0,56,56,56,0,0,0,0
1844,15000373,100,0,201.716855461978,175.000000000000,61.000000000000,2.214445954074,c1d8936eacab984e,8d15af1f9d36efa1,d5e0754f5434cfb1,200,200,100.000000,219.905000,232.994371,1.000000,3.200000,258.316573,5.775000,261.903317,3.235000,5.693972,0.000000,0.441760,0.719101,0.382044,0.110041,400,4512,4512,32.000000,0,0,16,16,40,40,0,0,512.000000,647,0,0,20,180,0,20,20,20,0,0,20,0,0,0,0,0,0,0,0,0,0,0,0,0,0,0,0,0
1845,15000374,100,0,413.218671323854,325.000000000000,72.000000000000,2.365716098086,e4a19f4e79a40133,8d15af1f9d36efa1,33f95ec229becc89,200,198,99.000000,215.661616,204.627276,1.000000,3.400000,254.338957,3.850000,241.630491,3.388889,3.719821,0.000000,0.437552,0.722992,0.373483,0.118265,400,3896,3896,32.000000,0,0,16,16,42,42,6,0,522.000000,671,0,0,22,178,0,22,20,17,3,0,20,3,3,3,0,0,0,0,0,2,0,2,2,2,0,0,0,0
1846,15000375,100,0,41.069057278962,325.000000000000,87.000000000000,2.205486449117,773974ae3188f28c,8d15af1f9d36efa1,6ad7df299868d7ff,200,168,84.000000,280.000000,270.366873,1.000000,3.800000,316.847743,5.082619,317.715559,3.910714,5.133942,0.000000,0.472289,0.746193,0.378430,0.191882,400,4192,4192,32.000000,0,0,16,16,75,75,6,6,588.000000,657,0,0,52,148,0,52,20,17,3,0,20,3,3,3,0,0,0,0,0,32,0,32,32,32,0,0,0,0
1847,15000376,100,0,288.974123350542,75.000000000000,57.000000000000,1.657012419868,d6b5245b13ac2aad,8d15af1f9d36efa1,656af628e4e99304,200,123,61.500000,251.707317,303.078898,0.900000,3.700000,323.334703,5.074074,300.038323,3.723577,5.032751,0.000000,0.570356,0.752475,0.466200,0.277603,400,3928,3928,32.000000,0,0,16,16,85,85,6,0,608.000000,458,0,0,72,111,0,72,13,10,3,0,13,3,3,2,1,0,0,0,0,59,20,57,77,60,17,0,0,0
1848,15000377,100,0,347.598908686057,425.000000000000,47.000000000000,2.747774726824,89e1355f0ba2b987,8d15af1f9d36efa1,b410c5aa75edd14d,200,85,42.500000,208.694118,234.264333,0.600000,1.900000,242.725510,6.144444,245.916308,3.152941,6.093284,0.000000,0.676329,0.736842,0.598802,0.323232,400,4368,4368,32.000000,0,0,16,16,59,59,10,0,560.000000,268,0,0,48,78,0,48,11,6,5,0,11,5,5,1,4,0,0,0,0,37,80,35,115,41,74,0,0,0
1849,15000378,100,0,488.607342445394,175.000000000000,85.000000000000,2.262487726020,2a741f6d8269ce73,8d15af1f9d36efa1,63f1a042ffaa0539,200,187,93.500000,270.229947,268.364982,1.000000,3.900000,321.865795,5.160000,313.582610,4.026738,4.446215,0.000000,0.422989,0.734043,0.346921,0.137457,400,3936,3936,32.000000,0,0,16,16,54,54,12,2,552.000000,753,0,0,33,167,0,33,20,14,6,0,20,6,6,6,0,0,0,0,0,13,0,13,13,13,0,0,0,0
1850,15000379,100,0,233.818296038671,425.000000000000,29.000000000000,1.942933209337,b25dea98cc6b8b08,8d15af1f9d36efa1,8a601950dc4f9718,200,182,91.000000,296.368132,280.060694,1.000000,4.300000,339.570016,4.477024,349.338025,4.450549,3.818519,0.000000,0.407895,0.736148,0.330579,0.134615,400,3888,3888,32.000000,0,0,16,16,56,56,14,0,558.000000,810,0,0,37,163,0,37,19,12,7,0,19,7,7,7,0,0,0,0,0,18,0,18,18,18,0,0,0,0
1851,15000380,100,0,410.545783255677,425.000000000000,57.000000000000,2.903015056447,a84d4b4258ea3661,8d15af1f9d36efa1,6f090150cc7113a8,200,171,85.500000,281.877193,260.360743,1.000000,3.900000,316.089523,5.270000,330.793924,4.134503,4.838755,0.000000,0.446359,0.740260,0.361337,0.163314,400,4640,4640,32.000000,0,0,16,16,66,66,6,2,570.000000,707,0,0,47,153,0,47,18,15,3,0,18,3,3,3,0,0,0,0,0,29,0,29,29,29,0,0,0,0
1852,15000381,100,0,271.242136846472,75.000000000000,49.000000000000,1.772717886928,e6f71287d837012c,8d15af1f9d36efa1,6bc12680034889be,200,154,77.000000,244.577922,269.952549,1.000000,3.700000,314.870515,5.146667,285.584700,3.389610,5.291188,0.000000,0.531418,0.747475,0.433839,0.234604,400,4280,4280,32.000000,0,0,16,16,78,78,4,0,592.000000,522,0,0,62,138,0,62,16,14,2,0,16,2,2,2,0,0,0,0,0,46,0,46,46,46,0,0,0,0
1853,15000382,100,0,153.076074875275,425.000000000000,56.000000000000,1.815861025910,ec1410a9edc063a4,8d15af1f9d36efa1,552a50625e66cc83,200,185,92.500000,311.897297,339.711348,1.000000,4.600000,382.533605,5.385000,389.048830,4.718919,5.108820,0.000000,0.387798,0.734396,0.314218,0.122613,400,4168,4168,31.000000,0,0,16,15,54,54,14,2,553.000000,873,0,0,34,166,0,34,19,12,7,0,19,7,7,7,0,0,0,0,0,15,0,15,15,15,0,0,0,0
1854,15000383,100,0,83.985387661408,175.000000000000,76.000000000000,2.267334315431,e292878e267fc8e,8d15af1f9d36efa1,6872a62685dbd1a6,200,189,94.500000,192.984127,198.214385,1.000000,2.800000,232.438398,5.341667,215.162200,2.830688,4.699065,0.000000,0.501398,0.728997,0.427807,0.165367,400,4280,4280,32.000000,0,0,16,16,50,50,6,2,538.000000,535,0,0,30,170,0,30,19,16,3,0,19,3,3,3,0,0,0,0,0,11,0,11,11,11,0,0,0,0
1855,15000384,100,0,88.317153294369,425.000000000000,38.000000000000,2.890193436815,9f79c47ac7094bb2,8d15af1f9d36efa1,d01b5f4fe1a9ff42,200,128,64.000000,307.117188,286.272381,1.000000,3.900000,323.084952,4.600000,371.801689,4.718750,4.236755,0.000000,0.515249,0.762470,0.398406,0.257985,400,4104,4104,32.000000,0,0,16,16,99,99,12,2,642.000000,604,0,0,85,115,0,85,13,7,6,0,13,6,6,6,0,0,0,0,0,72,0,72,72,72,0,0,0,0
1856,15000385,100,0,410.696521536817,175.000000000000,60.000000000000,2.880035201441,9f76c061d1e03ad2,8d15af1f9d36efa1,9b6b234fc39e63f8,200,184,92.000000,220.788043,227.318256,1.000000,3.100000,265.217615,4.566667,253.127568,3.076087,4.985866,0.000000,0.493739,0.734043,0.414079,0.174927,400,4432,4432,32.000000,0,0,16,16,59,59,2,10,552.000000,566,0,0,35,165,0,35,19,18,1,0,19,1,1,1,0,0,0,0,0,16,0,16,16,16,0,0,0,0
1857,15000386,100,0,400.866153882507,175.000000000000,62.000000000000,2.788515711724,e964cc8ba00619a7,8d15af1f9d36efa1,85b7b35048725f76,200,190,95.000000,220.205263,231.279190,1.000000,3.400000,269.653813,5.505000,263.182357,3.410526,4.601852,0.000000,0.450847,0.726776,0.381679,0.133690,400,4056,4056,32.000000,0,0,16,16,48,48,4,0,532.000000,648,0,0,29,171,0,29,19,17,2,0,19,2,2,2,0,0,0,0,0,10,0,10,10,10,0,0,0,0
1858,15000387,100,0,83.049294248258,75.000000000000,55.000000000000,2.316604149620,e5a2b39646a2eb94,8d15af1f9d36efa1,3ccd1cfe8e4857f0,200,185,92.500000,328.708108,293.668446,1.000000,5.000000,401.999076,5.760278,402.756669,5.064865,4.913554,0.000000,0.370719,0.734043,0.299177,0.113529,400,4400,4400,32.000000,0,0,16,16,51,51,18,0,552.000000,937,0,0,33,167,0,33,18,9,9,0,18,9,9,9,0,0,0,0,0,15,0,15,15,15,0,0,0,0
1859,15000388,100,0,118.625273765842,325.000000000000,48.000000000000,2.826833718583,f1783d0a68a3723c,8d15af1f9d36efa1,9b53a900c6101bd0,200,179,89.500000,176.223464,185.983715,1.000000,2.500000,198.200107,5.010000,204.560543,2.592179,4.790948,0.000000,0.539683,0.731183,0.462963,0.194444,400,4000,4000,32.000000,0,0,16,16,55,55,2,0,544.000000,464,0,0,38,162,0,38,17,16,1,0,17,1,1,1,0,0,0,0,0,21,0,21,21,21,0,0,0,0
1860,15000389,100,0,164.577505845344,175.000000000000,51.000000000000,2.577400845760,a819683e89b607e4,8d15af1f9d36efa1,fc36e7b70ca39d5a,200,160,80.000000,299.987500,339.906519,0.800000,3.600000,395.603167,5.800000,383.193565,4.668750,5.014726,0.000000,0.406672,0.719101,0.348736,0.096735,400,4256,4256,32.000000,0,0,16,16,37,37,6,0,512.000000,747,0,0,19,144,0,19,18,15,3,0,18,3,3,1,2,0,0,0,0,1,40,0,40,3,37,0,0,0
1861,15000390,100,0,69.734901762419,175.000000000000,82.000000000000,2.299943061341,5449cc91fe04e55c,8d15af1f9d36efa1,1d511f0147bac436,200,193,96.500000,219.751295,230.905309,1.000000,3.300000,252.165681,4.903333,265.660524,3.450777,5.012012,0.000000,0.441275,0.724518,0.375235,0.123684,400,4080,4080,32.000000,0,0,16,16,45,45,4,0,526.000000,666,0,0,26,174,0,26,19,17,2,0,19,2,2,2,0,0,0,0,0,7,0,7,7,7,0,0,0,0
1862,15000391,100,0,200.026918866245,175.000000000000,55.000000000000,2.463082357603,8ed055205fa3bea4,8d15af1f9d36efa1,aea9ed50dfec1c32,200,200,100.000000,233.960000,266.823622,1.000000,3.700000,292.428497,5.616667,279.282267,3.700000,4.891892,0.000000,0.410828,0.720670,0.350877,0.101942,400,4112,4112,32.000000,0,0,16,16,40,40,4,0,516.000000,740,0,0,20,180,0,20,20,18,2,0,20,2,2,2,0,0,0,0,0,0,0,0,0,0,0,0,0,0
1863,15000392,100,0,180.436025600407,75.000000000000,55.000000000000,2.196311246819,ed06d960bf30c78,8d15af1f9d36efa1,e99bf5f681d710f7,200,180,90.000000,265.377778,241.178204,1.000000,3.300000,265.120699,5.185000,318.657112,3.888889,4.685714,0.000000,0.440000,0.733333,0.363636,0.144254,400,4408,4408,32.000000,0,0,16,16,56,56,6,0,550.000000,700,0,0,38,162,0,38,18,15,3,0,18,3,3,3,0,0,0,0,0,20,0,20,20,20,0,0,0,0
1864,15000393,100,0,331.949942609495,425.000000000000,56.000000000000,2.170585589609,c8bedc9d175e4385,8d15af1f9d36efa1,9a879300c562900a,200,151,75.500000,260.880795,227.286800,1.000000,3.100000,258.639185,4.470000,296.633231,3.516556,4.596987,0.000000,0.532982,0.751861,0.429646,0.246809,400,4096,4096,32.000000,0,0,16,16,82,82,10,2,606.000000,531,0,0,65,135,0,65,16,11,5,0,16,5,5,5,0,0,0,0,0,49,0,49,49,49,0,0,0,0
1865,15000394,100,0,308.520420432132,175.000000000000,46.000000000000,1.580345430135,732dd0a8715a5cac,8d15af1f9d36efa1,4f6183625b44caf8,200,185,92.500000,243.037838,251.975665,1.000000,3.600000,292.364166,5.055000,286.985856,3.670270,4.512518,0.000000,0.441152,0.728261,0.370714,0.132822,400,4008,4008,32.000000,0,0,16,16,51,51,2,0,536.000000,679,0,0,33,167,0,33,18,17,1,0,18,1,1,1,0,0,0,0,0,15,0,15,15,15,0,0,0,0
1866,15000395,100,0,13.767581904934,325.000000000000,69.000000000000,2.983559023079,cae78cf43e81a2e9,8d15af1f9d36efa1,c15dca3e3c2828b8,200,178,89.000000,286.140449,257.524950,1.000000,3.900000,317.904017,5.423810,367.371288,4.500000,4.642946,0.000000,0.407106,0.733333,0.333056,0.128400,400,4704,4704,32.000000,0,0,16,16,56,56,6,0,550.000000,801,0,0,39,161,0,39,17,14,3,0,17,3,3,3,0,0,0,0,0,22,0,22,22,22,0,0,0,0
1867,15000396,100,0,348.765530411136,425.000000000000,63.000000000000,1.881611397821,aaee5f1a9b172eb3,8d15af1f9d36efa1,2f3e38501782160e,200,159,79.500000,255.603774,290.608933,1.000000,4.100000,327.148018,5.410000,314.191508,4.000000,4.919811,0.000000,0.479542,0.745547,0.386100,0.194937,400,4032,4032,32.000000,0,0,16,16,72,72,10,2,586.000000,636,0,0,56,144,0,56,15,10,5,0,15,5,5,5,0,0,0,0,0,41,0,41,41,41,0,0,0,0
1868,15000397,100,0,62.606782519054,325.000000000000,75.000000000000,2.925281400435,3955a1e34a5e56dd,8d15af1f9d36efa1,e1ccf68e6c1bdb72,200,194,97.000000,240.108247,244.394204,1.000000,3.600000,291.983287,5.333333,286.242979,3.798969,4.734057,0.000000,0.419228,0.726776,0.351803,0.119474,400,4304,4304,32.000000,0,0,16,16,47,47,6,2,532.000000,737,0,0,26,174,0,26,20,17,3,0,20,3,3,3,0,0,0,0,0,6,0,6,6,6,0,0,0,0
1869,15000398,100,0,399.174766513511,325.000000000000,53.000000000000,2.652604518171,7651f44a28e9415c,8d15af1f9d36efa1,fd41b8f9ba778df6,200,200,100.000000,315.420000,329.355766,1.000000,5.000000,381.678979,4.679524,402.078462,5.165000,4.607938,0.000000,0.333118,0.720670,0.279135,0.075201,400,4256,4256,32.000000,0,0,16,16,40,40,4,0,516.000000,1033,0,0,20,180,0,20,20,18,2,0,20,2,2,2,0,0,0,0,0,0,0,0,0,0,0,0,0,0
1870,15000399,100,0,343.852393480961,325.000000000000,64.000000000000,2.088536791048,3b8d4a0506024f17,8d15af1f9d36efa1,cee6cc6c389a3f0b,200,186,93.000000,217.655914,227.154482,1.000000,3.500000,266.327495,4.523333,266.472238,3.650538,3.913108,0.000000,0.439306,0.726776,0.370714,0.128370,400,4352,4352,32.000000,0,0,16,16,50,50,0,0,532.000000,679,0,0,32,168,0,32,18,18,0,0,18,0,0,0,0,0,0,0,0,14,0,14,14,14,0,0,0,0
1871,15000400,100,0,400.244531351265,75.000000000000,71.000000000000,1.697793234093,3370fbf230ed414f,8d15af1f9d36efa1,ab7a7184172bfc85,200,190,95.000000,271.894737,254.304546,1.000000,3.900000,319.049479,4.615476,316.454311,3.957895,4.901596,0.000000,0.419753,0.731183,0.347222,0.129630,400,4176,4176,32.000000,0,0,16,16,49,49,14,2,544.000000,752,0,0,29,171,0,29,19,12,7,0,19,7,7,7,0,0,0,0,0,10,0,10,10,10,0,0,0,0
1872,15000401,100,0,398.906244304639,425.000000000000,54.000000000000,2.654721949191,1828702cbdc1ebb,8d15af1f9d36efa1,c3d1bbf5bd0850a8,200,146,73.000000,228.054795,203.431825,1.000000,3.100000,236.651722,4.786667,259.088651,3.267123,4.144654,0.000000,0.558742,0.751244,0.456100,0.265023,400,3824,3824,32.000000,0,0,16,16,82,82,8,0,604.000000,477,0,0,68,132,0,68,14,10,4,0,14,4,4,4,0,0,0,0,0,54,0,54,54,54,0,0,0,0
1873,15000402,100,0,358.730141636576,425.000000000000,50.000000000000,2.695644438425,d5727c27a3e68249,8d15af1f9d36efa1,3c60114f8dda7e32,200,142,71.000000,228.161972,221.063601,1.000000,3.100000,238.247342,4.730000,263.967290,3.492958,4.584677,0.000000,0.551537,0.753086,0.446429,0.264095,400,4192,4192,32.000000,0,0,16,16,86,86,6,0,610.000000,496,0,0,72,128,0,72,14,11,3,0,14,3,3,3,0,0,0,0,0,58,0,58,58,58,0,0,0,0
1874,15000403,100,0,185.091490656672,325.000000000000,57.000000000000,1.859967944006,e5a8ccd6b2177300,8d15af1f9d36efa1,9a7da700c55a5d81,200,200,100.000000,236.745000,228.604603,1.000000,3.600000,278.734611,4.390238,288.919092,3.635000,4.359010,0.000000,0.413236,0.719101,0.354925,0.099133,400,4136,4136,32.000000,0,0,16,16,40,40,0,0,512.000000,727,0,0,20,180,0,20,20,20,0,0,20,0,0,0,0,0,0,0,0,0,0,0,0,0,0,0,0,0
1875,15000404,100,0,195.623945576539,425.000000000000,45.000000000000,1.915769307412,314ccbf94b95cd97,8d15af1f9d36efa1,9a6919c47ccfe58d,200,119,59.500000,202.789916,228.421557,1.000000,3.300000,259.857598,4.620000,221.243491,3.100840,4.222222,0.000000,0.635735,0.763033,0.520156,0.364888,400,4008,4008,32.000000,0,0,16,16,104,104,4,2,644.000000,369,0,0,92,108,0,92,11,9,2,0,11,2,2,2,0,0,0,0,0,81,0,81,81,81,0,0,0,0
1876,15000405,100,0,113.266199124137,175.000000000000,85.000000000000,1.779700912871,a08fc87ffd0c83d8,8d15af1f9d36efa1,c1920d8e235db41,200,180,90.000000,300.400000,319.561468,1.000000,4.500000,354.227372,5.250833,370.395135,4.822222,5.052995,0.000000,0.391304,0.736148,0.315457,0.126761,400,4200,4200,32.000000,0,0,16,16,60,60,6,0,558.000000,868,0,0,40,160,0,40,20,17,3,0,20,3,3,3,0,0,0,0,0,20,0,20,20,20,0,0,0,0
1877,15000406,100,0,367.435985360987,175.000000000000,56.000000000000,2.975890192652,5463b7c9c9e0c3fe,8d15af1f9d36efa1,bbfd5a2201819594,200,197,98.500000,211.710660,209.089384,1.000000,3.300000,264.116077,4.710952,247.063781,3.441624,4.442478,0.000000,0.435000,0.722992,0.371058,0.117188,400,4536,4536,32.000000,0,0,16,16,44,44,2,2,522.000000,678,0,0,23,177,0,23,20,19,1,0,20,1,1,1,0,0,0,0,0,3,0,3,3,3,0,0,0,0
1878,15000407,100,0,263.807653872925,325.000000000000,57.000000000000,1.769373834981,2998175de5674c6a,8d15af1f9d36efa1,dbbf23156930ba83,200,190,95.000000,236.363158,248.041034,1.000000,3.800000,297.702373,4.733333,284.794830,3.847368,4.437756,0.000000,0.419380,0.725275,0.353669,0.116082,400,4240,4240,32.000000,0,0,16,16,48,48,0,0,528.000000,731,0,0,29,171,0,29,19,19,0,0,19,0,0,0,0,0,0,0,0,10,0,10,10,10,0,0,0,0
1879,15000408,100,0,236.819295937001,325.000000000000,58.000000000000,1.639972182483,dc60e6a5c7611cf0,8d15af1f9d36efa1,9fbfc0b3f7a4a408,200,179,89.500000,276.324022,308.534162,1.000000,4.300000,364.810993,5.725000,344.432902,4.329609,4.280000,0.000000,0.411988,0.730821,0.340426,0.126268,400,4232,4232,31.000000,0,0,16,15,55,55,2,0,543.000000,775,0,0,38,162,0,38,17,16,1,0,17,1,1,1,0,0,0,0,0,21,0,21,21,21,0,0,0,0
1880,15000409,100,0,325.456364536361,75.000000000000,53.000000000000,1.754609757602,bdfb916a20a2d83a,8d15af1f9d36efa1,af711ba6ee027fee,200,170,85.000000,254.658824,243.148891,1.000000,3.800000,311.156870,4.786667,290.930065,3.723529,4.412322,0.000000,0.475559,0.741602,0.387222,0.183226,400,4352,4352,32.000000,0,0,16,16,65,65,12,2,574.000000,633,0,0,47,153,0,47,17,11,6,0,17,6,6,6,0,0,0,0,0,30,0,30,30,30,0,0,0,0
1881,15000410,100,0,307.296833115245,175.000000000000,62.000000000000,2.022960383881,e136ab7d3ef46638,8d15af1f9d36efa1,7f1135b5c41aea4,200,193,96.500000,201.207254,224.711749,1.000000,3.200000,252.281628,5.383333,240.159926,3.243523,4.712460,0.000000,0.454704,0.722992,0.389864,0.125698,400,4072,4072,32.000000,0,0,16,16,45,45,0,0,522.000000,626,0,0,26,174,0,26,19,19,0,0,19,0,0,0,0,0,0,0,0,7,0,7,7,7,0,0,0,0
1882,15000411,100,0,451.620511023610,425.000000000000,49.000000000000,2.630301864699,b52e0dae3854c2a4,8d15af1f9d36efa1,9b088400c5cff177,200,142,71.000000,170.591549,161.793471,1.000000,2.300000,183.045862,5.426190,174.186007,2.197183,4.820513,0.000000,0.664516,0.755501,0.561798,0.373494,400,4064,4064,32.000000,0,0,16,16,90,90,6,4,618.000000,312,0,0,73,127,0,73,15,12,3,0,15,3,3,3,0,0,0,0,0,58,0,58,58,58,0,0,0,0
1883,15000412,100,0,487.978100903523,425.000000000000,68.000000000000,2.493797406126,6471bed0cbc1dc81,8d15af1f9d36efa1,3ab194ffec0ca43,200,156,78.000000,253.852564,237.616869,1.000000,3.700000,296.708644,5.621667,291.871731,3.897436,5.008224,0.000000,0.492487,0.746835,0.396825,0.206266,400,4864,4864,32.000000,0,0,16,16,76,76,6,0,590.000000,608,0,0,60,140,0,60,16,13,3,0,16,3,3,3,0,0,0,0,0,44,0,44,44,44,0,0,0,0
1884,15000413,100,0,5.674968155642,325.000000000000,82.000000000000,2.649227221788,7f8cdaa5266a5591,8d15af1f9d36efa1,4a2222ac8b2080ec,200,130,65.000000,279.546154,303.495854,1.000000,4.200000,338.723102,4.701786,324.072677,4.061538,4.761364,0.000000,0.547170,0.761337,0.431034,0.280654,400,3960,3960,32.000000,0,0,16,16,100,100,6,0,638.000000,528,0,0,85,115,0,85,15,12,3,0,15,3,3,3,0,0,0,0,0,70,0,70,70,70,0,0,0,0
1885,15000414,100,0,288.830007786752,325.000000000000,66.000000000000,1.795482430513,6efd28bf4ca82577,8d15af1f9d36efa1,9a879500c5629370,200,200,100.000000,211.050000,205.384121,1.000000,3.000000,234.384861,4.941667,231.471497,3.165000,4.620853,0.000000,0.450997,0.722222,0.387222,0.122053,400,4008,4008,32.000000,0,0,16,16,43,43,2,6,520.000000,633,0,0,20,180,0,20,20,19,1,0,20,1,1,1,0,0,0,0,0,0,0,0,0,0,0,0,0,0
1886,15000415,100,0,135.371443757901,325.000000000000,86.000000000000,1.589433350267,ded52c529d36c804,8d15af1f9d36efa1,c21ed3bae01239ec,200,196,98.000000,217.260204,238.829537,1.000000,3.200000,268.984106,5.456667,255.976183,3.198980,5.127592,0.000000,0.453357,0.722222,0.389484,0.123077,400,4432,4432,32.000000,0,0,16,16,44,44,0,0,520.000000,627,0,0,24,176,0,24,20,20,0,0,20,0,0,0,0,0,0,0,0,4,0,4,4,4,0,0,0,0
1887,15000416,100,0,326.231724237002,325.000000000000,54.000000000000,2.501181325978,b7ef943e7c6319e4,8d15af1f9d36efa1,60ef4c721caf170e,200,195,97.500000,297.466667,301.450275,1.000000,4.100000,352.918144,4.754048,360.400546,4.328205,4.017773,0.000000,0.383942,0.724518,0.321543,0.100213,400,4088,4088,32.000000,0,0,16,16,47,47,0,4,526.000000,844,0,0,25,175,0,25,20,20,0,0,20,0,0,0,0,0,0,0,0,5,0,5,5,5,0,0,0,0
1888,15000417,100,0,71.052709059996,175.000000000000,68.000000000000,2.916312173765,19be80f8ba4970a8,8d15af1f9d36efa1,13155a2adf402165,200,199,99.500000,243.462312,248.377054,1.000000,3.700000,290.364080,4.493571,293.140778,3.804020,4.206077,0.000000,0.406275,0.721448,0.345722,0.102017,400,4136,4136,32.000000,0,0,16,16,41,41,4,0,518.000000,757,0,0,21,179,0,21,20,18,2,0,20,2,2,2,0,0,0,0,0,1,0,1,1,1,0,0,0,0
1889,15000418,100,0,406.398187122251,425.000000000000,68.000000000000,1.725662276248,58bbc0e310836515,8d15af1f9d36efa1,9a848800c5604782,200,179,89.500000,222.899441,205.923700,1.000000,3.100000,235.534115,4.505000,241.348013,3.178771,4.804921,0.000000,0.494222,0.735450,0.412797,0.178932,400,3960,3960,32.000000,0,0,16,16,57,57,10,4,556.000000,569,0,0,38,162,0,38,17,12,5,0,17,5,5,5,0,0,0,0,0,21,0,21,21,21,0,0,0,0
1890,15000419,100,0,458.344761203512,75.000000000000,58.000000000000,2.955331773438,3721785361a330b0,8d15af1f9d36efa1,4661a4fff5fbf27,200,173,86.500000,216.260116,195.941376,1.000000,2.900000,225.077814,4.936667,229.357064,3.115607,4.619666,0.000000,0.518320,0.743590,0.425985,0.215429,400,4088,4088,32.000000,0,0,16,16,69,69,10,12,580.000000,539,0,0,45,155,0,45,18,13,5,0,18,5,5,5,0,0,0,0,0,27,0,27,27,27,0,0,0,0
1891,15000420,100,0,245.024624397593,175.000000000000,44.000000000000,2.044900768840,460f8707c4c8b74,8d15af1f9d36efa1,d6bf82f0e1caeb13,200,162,81.000000,230.444444,239.502467,1.000000,3.100000,257.350167,5.175000,264.975537,3.253086,4.686907,0.000000,0.528201,0.746835,0.431499,0.230657,400,4600,4600,32.000000,0,0,16,16,77,77,4,18,590.000000,527,0,0,53,147,0,53,15,13,2,0,15,2,2,2,0,0,0,0,0,38,0,38,38,38,0,0,0,0
1892,15000421,100,0,69.205306330218,325.000000000000,83.000000000000,2.109392863415,93574a322dce5700,8d15af1f9d36efa1,9b1d0c00c5e18199,200,188,94.000000,185.223404,200.645170,1.000000,2.800000,211.069540,4.586429,211.282565,2.691489,4.579051,0.000000,0.513462,0.727520,0.441501,0.167763,400,4272,4272,32.000000,0,0,16,16,50,50,2,0,534.000000,506,0,0,31,169,0,31,19,18,1,0,19,1,1,1,0,0,0,0,0,12,0,12,12,12,0,0,0,0
1893,15000422,100,0,439.534768476403,325.000000000000,81.000000000000,1.740937822582,b8ff6e6e8db73084,8d15af1f9d36efa1,9b5a4500c6159092,200,176,88.000000,226.653409,233.452432,1.000000,3.400000,279.333664,4.810000,264.592554,3.431818,4.658940,0.000000,0.480207,0.736148,0.398406,0.172603,400,4408,4408,32.000000,0,0,16,16,62,62,2,0,558.000000,604,0,0,43,157,0,43,19,18,1,0,19,1,1,1,0,0,0,0,0,24,0,24,24,24,0,0,0,0
1894,15000423,100,0,45.691129019988,425.000000000000,55.000000000000,2.675612714443,eb720ab526303dd1,8d15af1f9d36efa1,b349445a1ddce324,200,173,86.500000,203.306358,211.502410,1.000000,3.200000,237.110753,4.528333,225.995706,3.190751,4.353261,0.000000,0.506261,0.738903,0.420168,0.195335,400,3992,3992,32.000000,0,0,16,16,61,61,12,0,566.000000,552,0,0,44,156,0,44,17,11,6,0,17,6,6,6,0,0,0,0,0,27,0,27,27,27,0,0,0,0
1895,15000424,100,0,376.734987235921,75.000000000000,48.000000000000,2.447213390260,1d7704d7eb7e9c04,8d15af1f9d36efa1,9b023f00c5cb108a,200,129,64.500000,276.023256,273.518826,1.000000,4.000000,303.919871,4.993333,331.040214,4.395349,4.830688,0.000000,0.528678,0.760766,0.413650,0.264591,400,4000,4000,32.000000,0,0,16,16,97,97,10,0,636.000000,567,0,0,84,116,0,84,13,8,5,0,13,5,5,5,0,0,0,0,0,71,0,71,71,71,0,0,0,0
1896,15000425,100,0,358.842467872995,425.000000000000,45.000000000000,2.511620472616,b0cbb3c55dc12c83,8d15af1f9d36efa1,6b51f2503960f27c,200,174,87.000000,237.695402,210.965905,1.000000,3.000000,238.706667,4.083333,263.328414,3.270115,4.128295,0.000000,0.498678,0.738903,0.412797,0.190612,400,3992,3992,32.000000,0,0,16,16,62,62,10,0,566.000000,569,0,0,44,156,0,44,18,13,5,0,18,5,5,5,0,0,0,0,0,26,0,26,26,26,0,0,0,0
1897,15000426,100,0,471.499445982129,175.000000000000,82.000000000000,2.509071414899,7ca8efbd0765eb41,8d15af1f9d36efa1,c68595eabad8e5c5,200,200,100.000000,281.315000,261.299604,1.000000,3.800000,303.452037,4.872143,333.612187,4.370000,3.964531,0.000000,0.375714,0.724518,0.313972,0.097107,400,4208,4208,32.000000,0,0,16,16,41,41,12,2,526.000000,874,0,0,20,180,0,20,20,14,6,0,20,6,6,6,0,0,0,0,0,0,0,0,0,0,0,0,0,0
1898,15000427,100,0,159.699930474542,325.000000000000,59.000000000000,2.239921521881,e204563b596c9d5d,8d15af1f9d36efa1,3c3ad54f8dbafc01,200,200,100.000000,232.060000,228.478117,1.000000,3.300000,266.578083,5.241667,273.722412,3.335000,4.598201,0.000000,0.435224,0.719888,0.374883,0.109479,400,3936,3936,32.000000,0,0,16,16,40,40,2,0,514.000000,667,0,0,20,180,0,20,20,19,1,0,20,1,1,1,0,0,0,0,0,0,0,0,0,0,0,0,0,0
1899,15000428,100,0,460.699601982399,325.000000000000,91.000000000000,1.660916996122,4f3b50ef92c50e68,8d15af1f9d36efa1,9b9b0d00c64cc85f,200,195,97.500000,293.548718,288.054315,1.000000,4.200000,326.322602,4.291667,356.451690,4.656410,4.148678,0.000000,0.368567,0.726027,0.305810,0.097416,400,4168,4168,32.000000,0,0,16,16,45,45,8,0,530.000000,908,0,0,25,175,0,25,20,16,4,0,20,4,4,4,0,0,0,0,0,5,0,5,5,5,0,0,0,0
1900,15000429,100,0,150.044886277668,75.000000000000,39.000000000000,2.588511840035,adc6acac793b1e33,8d15af1f9d36efa1,80d9539001a99299,200,137,68.500000,245.131387,226.612576,1.000000,3.400000,276.512205,4.223333,283.012990,3.525547,4.039337,0.000000,0.565257,0.758454,0.453001,0.288660,400,3864,3864,32.000000,0,0,16,16,92,92,12,2,628.000000,483,0,0,77,123,0,77,14,8,6,0,14,6,6,6,0,0,0,0,0,63,0,63,63,63,0,0,0,0
1901,15000430,100,0,48.954839739157,425.000000000000,61.000000000000,2.511663989382,7446b17e962f48f5,8d15af1f9d36efa1,1bc746c64f90015,200,122,61.000000,271.319672,241.527498,1.000000,3.400000,271.796392,4.381667,302.749746,3.655738,4.688341,0.000000,0.595281,0.766355,0.472813,0.334328,400,4152,4152,32.000000,0,0,16,16,106,106,12,0,656.000000,446,0,0,92,108,0,92,14,8,6,0,14,6,6,6,0,0,0,0,0,78,0,78,78,78,0,0,0,0
1902,15000431,100,0,332.218723120508,425.000000000000,46.000000000000,2.650180803307,3166acf6a96107ef,8d15af1f9d36efa1,60d2bc9077ec1f69,200,179,89.500000,253.106145,273.168149,1.000000,3.800000,309.562048,4.657857,287.544466,3.743017,3.970149,0.000000,0.458367,0.739244,0.373832,0.168734,400,3920,3920,31.000000,0,0,16,15,59,59,18,0,567.000000,670,0,0,40,160,0,40,19,10,9,0,19,9,9,9,0,0,0,0,0,21,0,21,21,21,0,0,0,0
1903,15000432,100,0,149.356456022398,175.000000000000,56.000000000000,2.967963962625,6e39e62b18afe115,8d15af1f9d36efa1,ad48e99965f8edf7,200,186,93.000000,242.139785,272.172335,1.000000,3.600000,289.858732,6.135000,287.370704,3.532258,6.123288,0.000000,0.448363,0.727520,0.378430,0.134387,400,4480,4480,32.000000,0,0,16,16,51,51,0,2,534.000000,657,0,0,32,168,0,32,18,18,0,0,18,0,0,0,0,0,0,0,0,14,0,14,14,14,0,0,0,0
1904,15000433,100,0,376.344068295861,75.000000000000,46.000000000000,2.804252528080,ff4e73b13c4f7909,8d15af1f9d36efa1,e46088507de3133a,200,163,81.500000,257.042945,277.317823,1.000000,4.100000,325.291653,5.444881,314.254282,4.042945,4.968134,0.000000,0.469831,0.744898,0.377715,0.187423,400,4208,4208,32.000000,0,0,16,16,72,72,8,2,584.000000,659,0,0,54,146,0,54,17,13,4,0,17,4,4,4,0,0,0,0,0,37,0,37,37,37,0,0,0,0
1905,15000434,100,0,454.612330541479,75.000000000000,62.000000000000,1.868008690128,542337bb1dba7c13,8d15af1f9d36efa1,b469008bf21b6ca,200,120,60.000000,346.383333,315.127130,1.000000,4.200000,347.312142,4.799524,384.735047,4.641667,4.359066,0.000000,0.556881,0.777778,0.417973,0.324848,400,4056,4056,32.000000,0,0,16,16,128,128,12,36,700.000000,557,0,0,95,105,0,95,15,9,6,0,15,6,6,6,0,0,0,0,0,80,0,80,80,80,0,0,0,0
1906,15000435,100,0,427.504759250612,175.000000000000,72.000000000000,2.622422504348,6e01e5ce0dc35ccf,8d15af1f9d36efa1,df33c9d62321cd31,200,200,100.000000,254.790000,257.417309,1.000000,4.100000,318.202115,5.294444,318.923760,4.200000,5.086905,0.000000,0.380531,0.720670,0.322581,0.090909,400,4352,4352,32.000000,0,0,16,16,40,40,4,0,516.000000,840,0,0,20,180,0,20,20,18,2,0,20,2,2,2,0,0,0,0,0,0,0,0,0,0,0,0,0,0
1907,15000436,100,0,156.965557501347,325.000000000000,63.000000000000,2.206508394529,236ef9e74d622ce,8d15af1f9d36efa1,ae5ef2fec6bc5e2c,200,182,91.000000,249.620879,260.330680,1.000000,3.800000,296.682233,4.511429,300.144636,4.087912,4.138441,0.000000,0.427692,0.735450,0.349650,0.142857,400,3840,3840,32.000000,0,0,16,16,60,60,4,12,556.000000,744,0,0,36,164,0,36,18,16,2,0,18,2,2,2,0,0,0,0,0,18,0,18,18,18,0,0,0,0
1908,15000437,100,0,494.068944469963,175.000000000000,89.000000000000,1.985024100261,e3426a864583dafb,8d15af1f9d36efa1,d2adb251002c65b8,200,147,73.500000,263.197279,249.798517,1.000000,3.700000,287.012488,4.851667,318.763388,4.136054,5.120066,0.000000,0.497521,0.750623,0.396825,0.218509,400,4496,4496,32.000000,0,0,16,16,83,83,4,0,602.000000,608,0,0,68,132,0,68,15,13,2,0,15,2,2,2,0,0,0,0,0,53,0,53,53,53,0,0,0,0
1909,15000438,100,0,246.860840228673,325.000000000000,57.000000000000,1.626653854645,6acbee4d5774df98,8d15af1f9d36efa1,64a06b2982aea8a9,200,186,93.000000,242.543011,208.946037,1.000000,3.700000,297.214338,4.312500,286.971154,3.602151,4.229851,0.000000,0.445364,0.728997,0.373832,0.136598,400,3912,3912,32.000000,0,0,16,16,53,53,0,6,538.000000,670,0,0,32,168,0,32,18,18,0,0,18,0,0,0,0,0,0,0,0,14,0,14,14,14,0,0,0,0
1910,15000439,100,0,319.301194750532,175.000000000000,58.000000000000,2.282200008387,8936eff0b601e601,8d15af1f9d36efa1,bc8d1d540508097c,200,186,93.000000,225.908602,235.930938,1.000000,3.300000,247.421083,5.608333,279.314432,3.467742,4.736434,0.000000,0.451997,0.726776,0.382775,0.134228,400,4024,4024,32.000000,0,0,16,16,50,50,0,0,532.000000,645,0,0,32,168,0,32,18,18,0,0,18,0,0,0,0,0,0,0,0,14,0,14,14,14,0,0,0,0
1911,15000440,100,0,446.727894503676,75.000000000000,67.000000000000,2.287038225437,eceee23694341fbb,8d15af1f9d36efa1,60e7775e3591dc4b,200,154,77.000000,275.402597,287.699663,1.000000,4.400000,349.765075,5.473333,337.606138,4.415584,4.314706,0.000000,0.467085,0.748744,0.370370,0.194313,400,4136,4136,32.000000,0,0,16,16,77,77,10,2,596.000000,680,0,0,61,139,0,61,15,10,5,0,15,5,5,5,0,0,0,0,0,46,0,46,46,46,0,0,0,0
1912,15000441,100,0,365.084584917959,175.000000000000,69.000000000000,2.130963562395,318b233e7231f3de,8d15af1f9d36efa1,21f09350a104cb5b,200,200,100.000000,199.590000,204.118981,1.000000,2.800000,230.641656,4.796667,227.031042,2.835000,4.564374,0.000000,0.475486,0.719888,0.413650,0.126348,400,4056,4056,32.000000,0,0,16,16,40,40,2,0,514.000000,567,0,0,20,180,0,20,20,19,1,0,20,1,1,1,0,0,0,0,0,0,0,0,0,0,0,0,0,0
1913,15000442,100,0,347.970057329464,175.000000000000,76.000000000000,1.579555080671,f8f707fec49211e5,8d15af1f9d36efa1,9b382e00c5f88317,200,193,96.500000,205.124352,183.130835,1.000000,3.100000,245.084512,5.127143,246.165030,3.176166,4.849918,0.000000,0.460862,0.723757,0.394867,0.130496,400,4344,4344,32.000000,0,0,16,16,45,45,2,0,524.000000,613,0,0,26,174,0,26,19,18,1,0,19,1,1,1,0,0,0,0,0,7,0,7,7,7,0,0,0,0
1914,15000443,100,0,152.373424266418,425.000000000000,51.000000000000,1.662182786948,360edccf7ce75878,8d15af1f9d36efa1,59813fe3357bc612,200,165,82.500000,270.454545,254.460592,1.000000,3.600000,281.265720,4.211667,291.298287,3.696970,4.191803,0.000000,0.495033,0.749373,0.396040,0.213918,400,3928,3928,32.000000,0,0,16,16,75,75,16,0,598.000000,610,0,0,55,145,0,55,20,12,8,0,20,8,8,8,0,0,0,0,0,35,0,35,35,35,0,0,0,0
1915,15000444,100,0,42.161497361680,75.000000000000,48.000000000000,2.991121165520,215d17ba233c4185,8d15af1f9d36efa1,9a9c6b00c574a81c,200,185,92.500000,187.891892,182.913165,1.000000,2.700000,207.797974,4.980000,193.938748,2.556757,4.830867,0.000000,0.534907,0.731183,0.458190,0.191453,400,4328,4328,32.000000,0,0,16,16,54,54,4,6,544.000000,473,0,0,33,167,0,33,18,16,2,0,18,2,2,2,0,0,0,0,0,15,0,15,15,15,0,0,0,0
1916,15000445,100,0,188.503851532090,175.000000000000,66.000000000000,2.273447343913,e55f3f278eee9229,8d15af1f9d36efa1,2fa01261ba7472d5,200,200,100.000000,267.125000,267.562846,1.000000,3.900000,319.894035,4.798810,324.838257,4.200000,4.864286,0.000000,0.381443,0.721448,0.322581,0.092873,400,4288,4288,32.000000,0,0,16,16,40,40,6,0,518.000000,840,0,0,20,180,0,20,20,17,3,0,20,3,3,3,0,0,0,0,0,0,0,0,0,0,0,0,0,0
1917,15000446,100,0,116.415402812546,425.000000000000,59.000000000000,2.300350914410,4c8d578fc6f82ffa,8d15af1f9d36efa1,187e8c509b72613f,200,146,73.000000,209.363014,212.780331,1.000000,3.200000,244.741872,4.620000,236.635674,3.178082,5.006466,0.000000,0.564728,0.750623,0.462963,0.268139,400,4056,4056,32.000000,0,0,16,16,82,82,6,0,602.000000,464,0,0,68,132,0,68,14,11,3,0,14,3,3,3,0,0,0,0,0,54,0,54,54,54,0,0,0,0
1918,15000447,100,0,413.344410604145,175.000000000000,62.000000000000,2.700713104888,1bd556dfae13ea23,8d15af1f9d36efa1,9ba3dafc8965d242,200,200,100.000000,255.750000,248.614409,1.000000,3.700000,288.051461,4.080000,295.433541,3.900000,3.914103,0.000000,0.403670,0.725275,0.338983,0.109589,400,3968,3968,32.000000,0,0,16,16,43,43,10,6,528.000000,780,0,0,20,180,0,20,20,15,5,0,20,5,5,5,0,0,0,0,0,0,0,0,0,0,0,0,0,0
1919,15000448,100,0,319.076187716016,325.000000000000,61.000000000000,2.409774555666,1ef4b6b411544a32,8d15af1f9d36efa1,9ac87500c599f405,200,200,100.000000,238.250000,254.236169,1.000000,3.400000,286.311968,5.475000,283.231148,3.575000,4.724476,0.000000,0.421053,0.722222,0.358744,0.109589,400,4136,4136,32.000000,0,0,16,16,41,41,6,2,520.000000,715,0,0,20,180,0,20,20,17,3,0,20,3,3,3,0,0,0,0,0,0,0,0,0,0,0,0,0,0
1920,15000449,100,0,12.716006258935,75.000000000000,53.000000000000,2.734484833076,72fbcecdd97f2910,8d15af1f9d36efa1,495719c6fdb5097f,200,180,90.000000,279.000000,292.346591,1.000000,4.000000,338.357582,4.700000,339.595602,4.033333,4.272727,0.000000,0.436335,0.737533,0.355240,0.151869,400,3896,3896,32.000000,0,0,16,16,56,56,18,0,562.000000,726,0,0,38,162,0,38,18,9,9,0,18,9,9,9,0,0,0,0,0,20,0,20,20,20,0,0,0,0
1921,15000450,100,0,461.131891550324,325.000000000000,88.000000000000,2.182168746484,bd6c9d0853af861f,8d15af1f9d36efa1,222587082403372e,200,200,100.000000,236.705000,229.545734,1.000000,3.200000,254.168276,4.986667,262.532130,3.365000,4.781575,0.000000,0.439634,0.725275,0.372787,0.124837,400,4184,4184,32.000000,0,0,16,16,44,44,8,8,528.000000,673,0,0,20,180,0,20,20,16,4,0,20,4,4,4,0,0,0,0,0,0,0,0,0,0,0,0,0,0
1922,15000451,100,0,94.707655457660,425.000000000000,65.000000000000,2.200980826577,fcafa7fccce6cd1b,8d15af1f9d36efa1,cee5ce00255a0ac0,200,167,83.500000,212.221557,223.866914,1.000000,3.100000,254.587142,5.211667,237.333189,3.119760,5.130518,0.000000,0.523330,0.740933,0.434311,0.211800,400,4104,4104,32.000000,0,0,16,16,67,67,6,0,572.000000,521,0,0,50,150,0,50,17,14,3,0,17,3,3,3,0,0,0,0,0,33,0,33,33,33,0,0,0,0
1923,15000452,100,0,57.231577620462,175.000000000000,79.000000000000,2.223555519135,6b93c6a2396bd927,8d15af1f9d36efa1,d800ee884c90e818,200,185,92.500000,229.935135,222.555295,1.000000,3.100000,239.552866,5.035714,273.233247,3.405405,4.671429,0.000000,0.460616,0.728997,0.388350,0.144022,400,4336,4336,32.000000,0,0,16,16,51,51,4,0,538.000000,630,0,0,33,167,0,33,18,16,2,0,18,2,2,2,0,0,0,0,0,15,0,15,15,15,0,0,0,0
1924,15000453,100,0,444.155137293606,175.000000000000,82.000000000000,1.930352426032,77bbafb043edef6d,8d15af1f9d36efa1,d5cb124aec58608a,200,179,89.500000,252.681564,263.522586,1.000000,3.600000,292.999332,4.680000,299.609419,3.664804,4.692073,0.000000,0.456954,0.734043,0.378788,0.154639,400,4208,4208,32.000000,0,0,16,16,55,55,10,0,552.000000,656,0,0,38,162,0,38,17,12,5,0,17,5,5,5,0,0,0,0,0,21,0,21,21,21,0,0,0,0
1925,15000454,100,0,18.274043149163,75.000000000000,61.000000000000,2.836857688307,b564d7a6726c7480,8d15af1f9d36efa1,4e1c168ec301d142,200,144,72.000000,308.326389,280.312965,1.000000,4.100000,329.455455,5.042381,351.055195,4.562500,4.015221,0.000000,0.489510,0.759036,0.378430,0.231579,400,4016,4016,32.000000,0,0,16,16,92,92,14,0,630.000000,657,0,0,74,126,0,74,18,11,7,0,18,7,7,7,0,0,0,0,0,56,0,56,56,56,0,0,0,0
1926,15000455,100,0,252.136039342706,425.000000000000,43.000000000000,1.705686902699,3799afdb0e92cbec,8d15af1f9d36efa1,9b722100c629e547,200,153,76.500000,226.058824,217.877668,1.000000,3.400000,249.793931,5.398571,270.416825,3.522876,4.638219,0.000000,0.521739,0.746193,0.425985,0.224460,400,4336,4336,32.000000,0,0,16,16,77,77,2,0,588.000000,539,0,0,62,138,0,62,15,14,1,0,15,1,1,1,0,0,0,0,0,47,0,47,47,47,0,0,0,0
1927,15000456,100,0,375.806846178241,175.000000000000,82.000000000000,1.764106079247,e04d3840d790ad6d,8d15af1f9d36efa1,b5f33a81d6d003c8,200,189,94.500000,227.232804,222.089169,1.000000,3.100000,254.374247,5.510000,261.450775,3.179894,5.685524,0.000000,0.471416,0.728261,0.399600,0.147518,400,4256,4256,32.000000,0,0,16,16,52,52,0,2,536.000000,601,0,0,31,169,0,31,20,20,0,0,20,0,0,0,0,0,0,0,0,11,0,11,11,11,0,0,0,0
1928,15000457,100,0,475.099732738312,425.000000000000,63.000000000000,1.835738981598,b7a191eb249234e8,8d15af1f9d36efa1,ebdce5caebb9656f,200,122,61.000000,309.909836,300.400507,1.000000,4.300000,349.165968,5.055714,347.157156,4.352459,4.817326,0.000000,0.555649,0.768519,0.429646,0.304063,400,3816,3816,32.000000,0,0,16,16,110,110,12,0,664.000000,531,0,0,94,106,0,94,16,10,6,0,16,6,6,6,0,0,0,0,0,78,0,78,78,78,0,0,0,0
1929,15000458,100,0,492.441680137237,325.000000000000,74.000000000000,2.900266777616,b14f6bf2c40409f7,8d15af1f9d36efa1,9af14f00c5bcb887,200,188,94.000000,192.005319,174.135098,1.000000,2.500000,192.708267,6.233333,195.354455,2.632979,5.824242,0.000000,0.522662,0.730458,0.446927,0.181818,400,4264,4264,32.000000,0,0,16,16,53,53,4,2,542.000000,495,0,0,32,168,0,32,20,18,2,0,20,2,2,2,0,0,0,0,0,12,0,12,12,12,0,0,0,0
1930,15000459,100,0,102.740926946717,175.000000000000,58.000000000000,2.664496545339,6961d5d23726ba30,8d15af1f9d36efa1,bd95e448f3434021,200,198,99.000000,249.737374,278.224134,1.000000,3.600000,302.267428,4.516667,297.517958,3.606061,4.414566,0.000000,0.421394,0.722222,0.359066,0.109726,400,3856,3856,32.000000,0,0,16,16,43,43,2,2,520.000000,714,0,0,22,178,0,22,20,19,1,0,20,1,1,1,0,0,0,0,0,2,0,2,2,2,0,0,0,0
1931,15000460,100,0,150.504584553864,425.000000000000,54.000000000000,2.079988684615,43eb4081e8726228,8d15af1f9d36efa1,9641fdae7009dfcc,200,173,86.500000,225.982659,232.795895,1.000000,3.400000,263.005103,5.403333,256.037086,3.491329,4.768212,0.000000,0.483761,0.738903,0.398406,0.181572,400,4696,4696,32.000000,0,0,16,16,63,63,8,0,566.000000,604,0,0,45,155,0,45,18,14,4,0,18,4,4,4,0,0,0,0,0,27,0,27,27,27,0,0,0,0
1932,15000461,100,0,20.464290008282,325.000000000000,79.000000000000,2.529547398340,fee353c8d312e203,8d15af1f9d36efa1,30debd72e92ba654,200,182,91.000000,261.104396,269.360003,1.000000,3.600000,295.097503,5.447381,292.193040,3.626374,4.810606,0.000000,0.459902,0.737533,0.377358,0.164557,400,4200,4200,32.000000,0,0,16,16,60,60,10,4,562.000000,660,0,0,38,162,0,38,20,15,5,0,20,5,5,5,0,0,0,0,0,18,0,18,18,18,0,0,0,0
1933,15000462,100,0,63.143317100320,325.000000000000,62.000000000000,2.927871634624,1de35a98f52e5b45,8d15af1f9d36efa1,17756cc9c992222b,200,196,98.000000,311.836735,336.558202,1.000000,4.800000,407.534786,5.454286,395.913866,5.158163,4.225519,0.000000,0.340509,0.722992,0.283487,0.081744,400,4312,4312,32.000000,0,0,16,16,44,44,2,0,522.000000,1011,0,0,24,176,0,24,20,19,1,0,20,1,1,1,0,0,0,0,0,4,0,4,4,4,0,0,0,0
1934,15000463,100,0,263.886185441255,175.000000000000,48.000000000000,1.811691220378,35dffe306c7e6c1f,8d15af1f9d36efa1,9b9b3a00c64d14d6,200,179,89.500000,221.664804,243.406749,1.000000,3.400000,279.263955,4.747143,260.384147,3.363128,3.986711,0.000000,0.474695,0.731183,0.399202,0.156863,400,3952,3952,32.000000,0,0,16,16,55,55,2,0,544.000000,602,0,0,38,162,0,38,17,16,1,0,17,1,1,1,0,0,0,0,0,21,0,21,21,21,0,0,0,0
1935,15000464,100,0,292.625729512142,75.000000000000,41.000000000000,1.711763022644,289d9483f8c3fb2a,8d15af1f9d36efa1,6315f7fa78984c7b,200,149,74.500000,221.691275,231.346405,1.000000,3.000000,245.396711,5.485000,259.420596,3.181208,4.639241,0.000000,0.561111,0.751861,0.457666,0.268519,400,3888,3888,32.000000,0,0,16,16,83,83,8,8,606.000000,474,0,0,65,135,0,65,14,10,4,0,14,4,4,4,0,0,0,0,0,51,0,51,51,51,0,0,0,0
1936,15000465,100,0,249.111653066736,425.000000000000,41.000000000000,1.756130515691,f994ea3620d85cee,8d15af1f9d36efa1,3b78be4f8d15c30d,200,116,58.000000,283.603448,233.010654,1.000000,3.300000,250.795973,5.361667,291.686460,3.836207,4.889888,0.000000,0.601611,0.770642,0.473373,0.350365,400,4040,4040,32.000000,0,0,16,16,113,113,14,2,672.000000,445,0,0,98,102,0,98,14,7,7,0,14,7,7,7,0,0,0,0,0,84,0,84,84,84,0,0,0,0
1937,15000466,100,0,386.123513785884,175.000000000000,59.000000000000,2.766532947413,a25a7fbb06da7b96,8d15af1f9d36efa1,207f71adc732e0be,200,178,89.000000,226.151685,226.270888,1.000000,3.300000,254.239171,3.466667,266.850251,3.393258,4.046358,0.000000,0.477960,0.734396,0.398406,0.168044,400,3880,3880,31.000000,0,0,16,15,59,59,4,2,553.000000,604,0,0,40,160,0,40,18,16,2,0,18,2,2,2,0,0,0,0,0,22,0,22,22,22,0,0,0,0
1938,15000467,100,0,267.512216584015,75.000000000000,40.000000000000,1.716266958162,7ddb2ad2e37aded5,8d15af1f9d36efa1,4f3da0a291cdfd3,200,165,82.500000,294.866667,305.292422,1.000000,4.800000,375.875295,4.310952,362.404445,4.945455,3.898284,0.000000,0.413793,0.742268,0.328947,0.150000,400,3984,3984,32.000000,0,0,16,16,67,67,10,0,576.000000,816,0,0,51,149,0,51,16,11,5,0,16,5,5,5,0,0,0,0,0,35,0,35,35,35,0,0,0,0
1939,15000468,100,0,408.069542330369,425.000000000000,61.000000000000,2.441015032401,50779eb42b429dd,8d15af1f9d36efa1,495fc350ad512e18,200,177,88.500000,249.005650,219.295314,1.000000,3.300000,249.293590,4.690000,277.843745,3.757062,4.181955,0.000000,0.460665,0.739583,0.375587,0.169788,400,4536,4536,32.000000,0,0,16,16,63,63,10,4,568.000000,665,0,0,42,158,0,42,19,14,5,0,19,5,5,5,0,0,0,0,0,23,0,23,23,23,0,0,0,0
1940,15000469,100,0,37.011325621857,325.000000000000,83.000000000000,2.052273056638,c978bfc9f84df8a1,8d15af1f9d36efa1,968ae0d0df82f212,200,178,89.000000,234.241573,280.105302,1.000000,3.700000,295.457053,5.300000,284.766506,3.578652,5.141287,0.000000,0.462447,0.732620,0.385728,0.154050,400,4360,4360,32.000000,0,0,16,16,56,56,4,0,548.000000,637,0,0,39,161,0,39,17,15,2,0,17,2,2,2,0,0,0,0,0,22,0,22,22,22,0,0,0,0
1941,15000470,100,0,303.614935919450,75.000000000000,34.000000000000,2.360158964015,8b35ee86452458ff,8d15af1f9d36efa1,682595254d50c4f8,200,191,95.500000,266.031414,290.510937,1.000000,3.900000,322.560646,4.570000,328.073256,3.994764,4.529489,0.000000,0.410811,0.726776,0.343938,0.115875,400,4144,4144,32.000000,0,0,16,16,48,48,4,2,532.000000,763,0,0,28,172,0,28,19,17,2,0,19,2,2,2,0,0,0,0,0,9,0,9,9,9,0,0,0,0
1942,15000471,100,0,248.289845936432,325.000000000000,45.000000000000,2.064434433547,fcf05ea32aa025c3,8d15af1f9d36efa1,dcd81a5079f0d109,200,159,79.500000,211.201258,235.853402,1.000000,3.200000,253.230495,4.729762,251.542978,3.238994,5.019417,0.000000,0.527956,0.742268,0.437158,0.218513,400,4160,4160,32.000000,0,0,16,16,72,72,0,2,576.000000,515,0,0,56,144,0,56,15,15,0,0,15,0,0,0,0,0,0,0,0,41,0,41,41,41,0,0,0,0
1943,15000472,100,0,43.848388564383,325.000000000000,70.000000000000,2.948858212838,36c3d80ba49d60ff,8d15af1f9d36efa1,e72e0d467bc91e76,200,169,84.500000,251.313609,261.285877,1.000000,3.700000,288.804725,5.181667,288.615071,3.609467,4.785246,0.000000,0.487395,0.743590,0.396040,0.195251,400,3824,3824,32.000000,0,0,16,16,70,70,8,6,580.000000,610,0,0,49,151,0,49,18,14,4,0,18,4,4,4,0,0,0,0,0,31,0,31,31,31,0,0,0,0
1944,15000473,100,0,429.874952321199,75.000000000000,70.000000000000,2.014303039279,d830197718cf2283,8d15af1f9d36efa1,5e21755596ca44df,200,162,81.000000,244.253086,248.997975,1.000000,3.500000,280.388837,5.006667,288.588722,3.586420,4.865749,0.000000,0.498706,0.742931,0.407747,0.200825,400,4184,4184,32.000000,0,0,16,16,68,68,10,0,578.000000,581,0,0,53,147,0,53,15,10,5,0,15,5,5,5,0,0,0,0,0,38,0,38,38,38,0,0,0,0
1945,15000474,100,0,117.656666930431,325.000000000000,71.000000000000,2.431898944355,746b77f89412c091,8d15af1f9d36efa1,8c2f21783c13b287,200,194,97.000000,254.005155,248.633582,1.000000,3.500000,270.069499,4.571667,300.802092,3.721649,4.415512,0.000000,0.425159,0.727520,0.356506,0.123786,400,4072,4072,32.000000,0,0,16,16,48,48,6,4,534.000000,722,0,0,26,174,0,26,20,17,3,0,20,3,3,3,0,0,0,0,0,6,0,6,6,6,0,0,0,0
1946,15000475,100,0,66.262835017878,75.000000000000,67.000000000000,1.686071239611,a4e2705a2d10349e,8d15af1f9d36efa1,94faf31211c2dcd5,200,165,82.500000,230.824242,224.048703,1.000000,3.400000,267.240980,5.526667,279.627946,3.787879,4.945600,0.000000,0.477861,0.740933,0.390244,0.183007,400,4528,4528,32.000000,0,0,16,16,67,67,6,0,572.000000,625,0,0,51,149,0,51,16,13,3,0,16,3,3,3,0,0,0,0,0,35,0,35,35,35,0,0,0,0
1947,15000476,100,0,36.863384563854,425.000000000000,63.000000000000,2.977760508549,69f1e1c0ed954bde,8d15af1f9d36efa1,58c79a02822b91a8,200,92,46.000000,277.978261,302.980962,1.000000,4.100000,332.116642,4.248333,320.615661,4.152174,4.041885,0.000000,0.646950,0.777778,0.511509,0.412308,400,4064,4064,32.000000,0,0,16,16,130,130,8,0,700.000000,382,0,0,119,81,0,119,11,7,4,0,11,4,4,4,0,0,0,0,0,108,0,108,108,108,0,0,0,0
1948,15000477,100,0,178.333264569400,175.000000000000,57.000000000000,2.464790174321,f456ebb3ba961e0c,8d15af1f9d36efa1,1c6fa5bfb76d07a9,200,183,91.500000,277.267760,262.612239,1.000000,3.800000,308.554195,4.682143,347.548800,4.573770,3.966547,0.000000,0.391273,0.728997,0.323363,0.112407,400,4168,4168,32.000000,0,0,16,16,53,53,0,0,538.000000,837,0,0,35,165,0,35,18,18,0,0,18,0,0,0,0,0,0,0,0,17,0,17,17,17,0,0,0,0
1949,15000478,100,0,346.295519076836,75.000000000000,54.000000000000,1.808979633263,f50c5c8591478e27,8d15af1f9d36efa1,2701dfa0525437c3,200,167,83.500000,253.473054,278.685170,1.000000,3.900000,319.799531,5.184524,284.503604,3.538922,4.751269,0.000000,0.496164,0.744246,0.403633,0.202429,400,4168,4168,32.000000,0,0,16,16,73,73,4,16,582.000000,591,0,0,49,151,0,49,16,14,2,0,16,2,2,2,0,0,0,0,0,33,0,33,33,33,0,0,0,0
1950,15000479,100,0,323.189394080655,425.000000000000,43.000000000000,2.496476118363,a5166f3723fef7a7,8d15af1f9d36efa1,cf205111692cf5ae,200,136,68.000000,255.360294,289.014555,1.000000,4.200000,337.780167,3.810000,298.305693,3.794118,4.003876,0.000000,0.545775,0.756098,0.436681,0.267045,400,3592,3592,32.000000,0,0,16,16,90,90,8,0,620.000000,516,0,0,77,123,0,77,13,9,4,0,13,4,4,4,0,0,0,0,0,64,0,64,64,64,0,0,0,0
1951,15000480,100,0,420.329290054836,175.000000000000,68.000000000000,2.813049150282,7e416ebb0c0e1469,8d15af1f9d36efa1,36c5bd2ec6c6b80b,200,183,91.500000,219.606557,228.134267,1.000000,3.400000,251.458797,4.483333,249.248300,3.322404,4.286184,0.000000,0.475862,0.734043,0.396825,0.164835,400,3728,3728,32.000000,0,0,16,16,57,57,6,0,552.000000,608,0,0,37,163,0,37,20,17,3,0,20,3,3,3,0,0,0,0,0,17,0,17,17,17,0,0,0,0
1952,15000481,100,0,336.512673899536,325.000000000000,66.000000000000,1.684757087565,2c63fd72e185237,8d15af1f9d36efa1,2e7b04f01aca44c2,200,200,100.000000,287.450000,302.095042,1.000000,4.100000,338.163094,5.358571,352.517251,4.300000,5.117442,0.000000,0.375907,0.721448,0.317460,0.090909,400,4216,4216,32.000000,0,0,16,16,40,40,6,0,518.000000,860,0,0,20,180,0,20,20,17,3,0,20,3,3,3,0,0,0,0,0,0,0,0,0,0,0,0,0,0
1953,15000482,100,0,151.740304437715,325.000000000000,62.000000000000,1.984857211856,7822ea61520dcde5,8d15af1f9d36efa1,3122a0876a6ce3b2,200,195,97.500000,306.748718,289.098270,1.000000,4.200000,346.384356,4.848810,374.092003,4.605128,4.338530,0.000000,0.372905,0.727520,0.308166,0.102000,400,3912,3912,32.000000,0,0,16,16,47,47,8,4,534.000000,898,0,0,25,175,0,25,20,16,4,0,20,4,4,4,0,0,0,0,0,5,0,5,5,5,0,0,0,0
1954,15000483,100,0,484.634336996440,175.000000000000,83.000000000000,2.064723119655,708bff6a82587ce,8d15af1f9d36efa1,c1066a5069a9ef15,200,147,73.500000,215.557823,225.483509,1.000000,3.200000,245.902295,5.450000,243.981598,3.142857,4.846320,0.000000,0.574586,0.757282,0.464037,0.293578,400,4224,4224,32.000000,0,0,16,16,96,96,0,30,624.000000,462,0,0,67,133,0,67,14,14,0,0,14,0,0,0,0,0,0,0,0,53,0,53,53,53,0,0,0,0
1955,15000484,100,0,66.320718556923,75.000000000000,65.000000000000,1.877109044856,f5761405abec32e0,8d15af1f9d36efa1,8fd37d4f2c51451a,200,158,79.000000,261.044304,245.831791,1.000000,3.800000,292.587199,4.323333,313.031760,4.018987,4.193701,0.000000,0.479934,0.745547,0.386473,0.195184,400,3984,3984,32.000000,0,0,16,16,74,74,6,0,586.000000,635,0,0,58,142,0,58,16,13,3,0,16,3,3,3,0,0,0,0,0,42,0,42,42,42,0,0,0,0
1956,15000485,100,0,193.369036058857,175.000000000000,70.000000000000,1.817974752882,5902eeb8fcb50498,8d15af1f9d36efa1,625eae4383e5dbf,200,193,96.500000,252.056995,271.867981,1.000000,4.100000,325.211657,3.860000,308.739692,4.067358,3.685350,0.000000,0.398928,0.722607,0.337553,0.102857,400,3968,3968,31.000000,0,0,16,15,45,45,0,0,521.000000,785,0,0,26,174,0,26,19,19,0,0,19,0,0,0,0,0,0,0,0,7,0,7,7,7,0,0,0,0
1957,15000486,100,0,263.786294739622,175.000000000000,63.000000000000,1.876540715988,c33c3e05f2aad4ab,8d15af1f9d36efa1,52cadddbd9e1f4ee,200,193,96.500000,315.347150,337.968322,1.000000,4.900000,395.860050,5.260833,396.600969,4.896373,4.934392,0.000000,0.358452,0.725275,0.297398,0.092219,400,4280,4280,32.000000,0,0,16,16,45,45,6,0,528.000000,945,0,0,26,174,0,26,19,16,3,0,19,3,3,3,0,0,0,0,0,7,0,7,7,7,0,0,0,0
1958,15000487,100,0,125.741163523112,75.000000000000,48.000000000000,2.301297909647,2176d9fd87ccd5db,8d15af1f9d36efa1,20d9e18b5621cdd4,200,137,68.500000,238.912409,242.724460,1.000000,3.300000,262.353492,4.621667,281.646404,3.489051,4.527197,0.000000,0.568592,0.759036,0.455581,0.292899,400,3848,3848,32.000000,0,0,16,16,97,97,4,8,630.000000,478,0,0,78,122,0,78,15,13,2,0,15,2,2,2,0,0,0,0,0,63,0,63,63,63,0,0,0,0
1959,15000488,100,0,171.584682920810,175.000000000000,50.000000000000,2.525477865350,caed9c7626b28249,8d15af1f9d36efa1,cff190c36d93e671,200,166,83.000000,201.295181,231.237386,0.900000,2.500000,227.350807,4.759259,233.117816,2.921687,4.764948,0.000000,0.522167,0.726027,0.451977,0.168096,400,4232,4232,32.000000,0,0,16,16,48,48,2,0,530.000000,485,0,0,31,150,0,31,17,16,1,0,17,1,1,0,1,0,0,0,0,14,20,14,34,15,19,0,0,0
1960,15000489,100,0,14.915265694773,425.000000000000,64.000000000000,2.102003763079,d82bc33c87072616,8d15af1f9d36efa1,d26145368636477c,200,85,42.500000,249.788235,219.425703,1.000000,3.100000,248.818145,4.698333,275.840585,3.752941,4.329154,0.000000,0.688172,0.778761,0.556328,0.460237,400,4176,4176,32.000000,0,0,16,16,133,133,6,0,704.000000,319,0,0,124,76,0,124,9,6,3,0,9,3,3,3,0,0,0,0,0,115,0,115,115,115,0,0,0,0
1961,15000490,100,0,217.891844058304,175.000000000000,59.000000000000,1.969326394586,545797773ce0d067,8d15af1f9d36efa1,ed5ec865726e72af,200,192,96.000000,276.484375,289.566578,1.000000,4.300000,332.534035,4.910476,345.657872,4.312500,4.764493,0.000000,0.387574,0.723757,0.325733,0.100000,400,4368,4368,32.000000,0,0,16,16,46,46,0,0,524.000000,828,0,0,27,173,0,27,19,19,0,0,19,0,0,0,0,0,0,0,0,8,0,8,8,8,0,0,0,0
1962,15000491,100,0,419.201352496034,75.000000000000,63.000000000000,1.956517569098,a702e280b05beefd,8d15af1f9d36efa1,fb74fb4ffa3aa72d,200,184,92.000000,226.146739,222.090844,1.000000,3.100000,252.288678,3.500000,260.390233,3.222826,3.414840,0.000000,0.477533,0.730458,0.402820,0.156472,400,4080,4080,32.000000,0,0,16,16,54,54,2,0,542.000000,593,0,0,35,165,0,35,19,18,1,0,19,1,1,1,0,0,0,0,0,16,0,16,16,16,0,0,0,0
1963,15000492,100,0,23.100216602171,425.000000000000,75.000000000000,2.333255876050,37b479802d7efd3a,8d15af1f9d36efa1,4c9284d4355bd475,200,167,83.500000,245.568862,240.405594,1.000000,3.300000,264.830947,5.743333,268.338332,3.299401,5.147005,0.000000,0.512821,0.743590,0.420610,0.211731,400,4376,4376,32.000000,0,0,16,16,69,69,10,0,580.000000,551,0,0,51,149,0,51,18,13,5,0,18,5,5,5,0,0,0,0,0,33,0,33,33,33,0,0,0,0
1964,15000493,100,0,170.847496618624,325.000000000000,87.000000000000,1.537533778344,fdf883c728659b91,8d15af1f9d36efa1,dd4b18f3d3aa618c,200,200,100.000000,275.325000,281.188526,1.000000,4.100000,324.917228,4.788333,339.580662,4.235000,4.787485,0.000000,0.377663,0.719888,0.320770,0.088267,400,4240,4240,32.000000,0,0,16,16,40,40,2,0,514.000000,847,0,0,20,180,0,20,20,19,1,0,20,1,1,1,0,0,0,0,0,0,0,0,0,0,0,0,0,0
1965,15000494,100,0,96.461717518374,325.000000000000,54.000000000000,2.840703670147,d3f4474bc82ca5b4,8d15af1f9d36efa1,4c4e7f9b1e247d3d,200,200,100.000000,290.045000,291.563408,1.000000,4.200000,335.074473,3.885476,348.555864,4.400000,3.894318,0.000000,0.373219,0.723757,0.312500,0.094650,400,3720,3720,32.000000,0,0,16,16,41,41,10,2,524.000000,880,0,0,20,180,0,20,20,15,5,0,20,5,5,5,0,0,0,0,0,0,0,0,0,0,0,0,0,0
1966,15000495,100,0,401.321076397169,175.000000000000,67.000000000000,2.764144767037,2365a66c542a7ca6,8d15af1f9d36efa1,ea50679d366e1a29,200,200,100.000000,249.730000,267.855362,1.000000,3.900000,302.740468,4.633333,302.764872,3.970000,4.459698,0.000000,0.394817,0.721448,0.335008,0.097727,400,3872,3872,32.000000,0,0,16,16,41,41,4,2,518.000000,794,0,0,20,180,0,20,20,18,2,0,20,2,2,2,0,0,0,0,0,0,0,0,0,0,0,0,0,0
1967,15000496,100,0,463.356651627173,425.000000000000,61.000000000000,2.854368719082,30e810fc7002efe4,8d15af1f9d36efa1,c1a7c8480170fac4,200,165,82.500000,258.024242,268.432583,1.000000,3.700000,303.490968,5.947619,287.793557,3.527273,5.012027,0.000000,0.500858,0.744898,0.407332,0.207084,400,4056,4056,32.000000,0,0,16,16,68,68,16,2,584.000000,582,0,0,51,149,0,51,16,8,8,0,16,8,8,8,0,0,0,0,0,35,0,35,35,35,0,0,0,0
1968,15000497,100,0,451.646312524652,325.000000000000,78.000000000000,2.594290319219,fdf2e85b815e8eef,8d15af1f9d36efa1,e645ff359de91868,200,176,88.000000,263.000000,284.647534,1.000000,3.500000,304.086514,5.373333,310.121236,3.676136,5.194745,0.000000,0.469237,0.740933,0.382044,0.177891,400,4352,4352,32.000000,0,0,16,16,64,64,12,0,572.000000,647,0,0,44,156,0,44,20,14,6,0,20,6,6,6,0,0,0,0,0,24,0,24,24,24,0,0,0,0
1969,15000498,100,0,78.550650008659,75.000000000000,56.000000000000,2.794857053870,c2809b6be4488ca2,8d15af1f9d36efa1,c705344fdc65b6a7,200,168,84.000000,292.083333,302.840949,1.000000,4.400000,356.559246,4.577976,327.426031,4.166667,4.171429,0.000000,0.455677,0.745547,0.363636,0.180328,400,3896,3896,32.000000,0,0,16,16,68,68,18,4,586.000000,700,0,0,49,151,0,49,17,8,9,0,17,9,9,9,0,0,0,0,0,32,0,32,32,32,0,0,0,0
1970,15000499,100,0,390.065960267842,75.000000000000,51.000000000000,1.917038210040,ea787834c7ccf8d7,8d15af1f9d36efa1,ad23ea4fcdc4c4a3,200,145,72.500000,313.365517,339.482066,1.000000,4.900000,401.825717,4.275000,382.789359,4.924138,4.308123,0.000000,0.459909,0.752475,0.359066,0.197753,400,3768,3768,32.000000,0,0,16,16,86,86,4,2,608.000000,714,0,0,70,130,0,70,15,13,2,0,15,2,2,2,0,0,0,0,0,55,0,55,55,55,0,0,0,0
1971,15000500,100,0,145.103557517820,425.000000000000,38.000000000000,2.971852246622,4258947f8db5e131,8d15af1f9d36efa1,69b216486a17414e,200,111,55.500000,253.135135,261.488034,1.000000,3.600000,290.246936,4.306190,294.417033,3.828829,4.745882,0.000000,0.607572,0.766900,0.484848,0.347158,400,4128,4128,32.000000,0,0,16,16,107,107,12,0,658.000000,425,0,0,98,102,0,98,9,3,6,0,9,6,6,6,0,0,0,0,0,89,0,89,89,89,0,0,0,0
1972,15000501,100,0,107.378885680483,425.000000000000,63.000000000000,1.818033492153,3c07cf01fb19fae5,8d15af1f9d36efa1,cf263199afdb6253,200,142,71.000000,297.338028,289.363330,1.000000,4.400000,351.209229,5.337500,355.504342,4.521127,4.730530,0.000000,0.490476,0.755501,0.383877,0.224638,400,4456,4456,32.000000,0,0,16,16,86,86,14,0,618.000000,642,0,0,72,128,0,72,14,7,7,0,14,7,7,7,0,0,0,0,0,58,0,58,58,58,0,0,0,0
1973,15000502,100,0,374.256476616057,175.000000000000,55.000000000000,2.646168001938,5d9f0001f097bae0,8d15af1f9d36efa1,e9d9ae4d93fead9a,200,200,100.000000,246.135000,252.848782,1.000000,3.700000,277.719806,5.025000,294.244701,3.870000,4.755814,0.000000,0.399068,0.719888,0.340716,0.095794,400,4288,4288,32.000000,0,0,16,16,40,40,2,0,514.000000,774,0,0,20,180,0,20,20,19,1,0,20,1,1,1,0,0,0,0,0,0,0,0,0,0,0,0,0,0
1974,15000503,100,0,454.853759872430,325.000000000000,80.000000000000,2.495201573101,2fbe015c716c9f1f,8d15af1f9d36efa1,acd2d1fecd91382d,200,196,98.000000,188.403061,189.419419,1.000000,2.700000,201.734656,5.536667,206.350566,2.704082,5.373585,0.000000,0.498106,0.724518,0.430108,0.150641,400,4328,4328,32.000000,0,0,16,16,44,44,6,0,526.000000,530,0,0,24,176,0,24,20,17,3,0,20,3,3,3,0,0,0,0,0,4,0,4,4,4,0,0,0,0
1975,15000504,100,0,1.052033792665,325.000000000000,68.000000000000,1.536816875700,87d429861b320b99,8d15af1f9d36efa1,563db265fc17de6f,200,154,77.000000,304.688312,293.914826,1.000000,4.300000,342.722058,5.269167,348.978899,4.506494,4.508646,0.000000,0.470229,0.754902,0.365631,0.209567,400,4184,4184,32.000000,0,0,16,16,80,80,24,0,616.000000,694,0,0,63,137,0,63,17,5,12,0,17,12,12,12,0,0,0,0,0,46,0,46,46,46,0,0,0,0
1976,15000505,100,0,132.085162335053,175.000000000000,56.000000000000,2.876870561577,3af9d42e70ca7d05,8d15af1f9d36efa1,e5475c51059eca30,200,200,100.000000,185.690000,193.080169,1.000000,2.600000,208.274577,5.291667,207.977356,2.600000,5.015385,0.000000,0.497099,0.719888,0.434783,0.136213,400,4112,4112,32.000000,0,0,16,16,40,40,2,0,514.000000,520,0,0,20,180,0,20,20,19,1,0,20,1,1,1,0,0,0,0,0,0,0,0,0,0,0,0,0,0
1977,15000506,100,0,1.977108584464,325.000000000000,89.000000000000,1.728249109882,de0cbd3f7c287278,8d15af1f9d36efa1,4eac90d5b1423696,200,126,63.000000,318.555556,320.736171,1.000000,4.300000,359.760595,4.499286,366.325736,4.698413,4.478041,0.000000,0.526400,0.766900,0.403226,0.276284,400,4208,4208,32.000000,0,0,16,16,105,105,16,2,658.000000,592,0,0,89,111,0,89,15,7,8,0,15,8,8,8,0,0,0,0,0,74,0,74,74,74,0,0,0,0
1978,15000507,100,0,326.975489288733,425.000000000000,46.000000000000,2.144735343319,e93bad69c666c334,8d15af1f9d36efa1,1d4039520dacd49f,200,133,66.500000,408.759398,346.065346,1.000000,5.400000,438.504891,5.400952,520.930975,6.496241,4.228009,0.000000,0.423231,0.760192,0.316456,0.189493,400,4200,4200,32.000000,0,0,16,16,95,95,12,0,634.000000,864,0,0,81,119,0,81,14,8,6,0,14,6,6,6,0,0,0,0,0,67,0,67,67,67,0,0,0,0
1979,15000508,100,0,364.666978559502,175.000000000000,65.000000000000,2.043332065986,c4ab5ad45220f868,8d15af1f9d36efa1,bb58f8a6048daec,200,177,88.500000,362.514124,379.485483,1.000000,5.600000,447.138375,4.148294,450.929515,5.672316,4.140438,0.000000,0.361323,0.739583,0.284900,0.119298,400,3752,3752,32.000000,0,0,16,16,61,61,14,4,568.000000,1004,0,0,41,159,0,41,18,11,7,0,18,7,7,7,0,0,0,0,0,23,0,23,23,23,0,0,0,0
1980,15000509,100,0,235.274960059360,175.000000000000,54.000000000000,2.055182548219,32159065661b4046,8d15af1f9d36efa1,d232ff22f8304bb9,200,169,84.500000,239.887574,273.770482,1.000000,3.900000,318.135808,5.523333,307.593080,3.905325,5.187879,0.000000,0.461664,0.738903,0.377358,0.168766,400,4168,4168,32.000000,0,0,16,16,67,67,0,8,566.000000,660,0,0,47,153,0,47,16,16,0,0,16,0,0,0,0,0,0,0,0,31,0,31,31,31,0,0,0,0
1981,15000510,100,0,99.005971368324,75.000000000000,68.000000000000,1.814974035083,f807914a0b9a2508,8d15af1f9d36efa1,8c7a1062d664b4c4,200,166,83.000000,264.246988,264.845147,1.000000,3.900000,303.091677,4.856667,320.775956,4.246988,4.547518,0.000000,0.450507,0.742931,0.361991,0.171563,400,4240,4240,32.000000,0,0,16,16,67,67,12,2,578.000000,705,0,0,50,150,0,50,16,10,6,0,16,6,6,6,0,0,0,0,0,34,0,34,34,34,0,0,0,0
1982,15000511,100,0,384.727471558397,425.000000000000,57.000000000000,1.566321363116,ed318baff2295e9,8d15af1f9d36efa1,e7ec02395968350e,200,134,67.000000,258.641791,218.370734,1.000000,3.100000,252.810658,4.795000,284.946541,3.522388,4.150424,0.000000,0.576302,0.762470,0.458716,0.307918,400,4128,4128,32.000000,0,0,16,16,97,97,16,2,642.000000,472,0,0,81,119,0,81,15,7,8,0,15,8,8,8,0,0,0,0,0,66,0,66,66,66,0,0,0,0
1983,15000512,100,0,93.888735402228,425.000000000000,53.000000000000,2.759225617555,bab4254c7ff39f20,8d15af1f9d36efa1,c3914d07eea433d5,200,119,59.500000,213.327731,202.420858,1.000000,2.900000,224.042183,5.325000,245.360188,3.000000,5.630252,0.000000,0.644776,0.764151,0.528402,0.376963,400,3936,3936,32.000000,0,0,16,16,105,105,6,0,648.000000,357,0,0,93,107,0,93,12,9,3,0,12,3,3,3,0,0,0,0,0,81,0,81,81,81,0,0,0,0
1984,15000513,100,0,132.704937152719,175.000000000000,62.000000000000,2.190438193327,8c3812a16c03fd93,8d15af1f9d36efa1,a4639050eb0dbbf9,200,196,98.000000,302.214286,297.388952,1.000000,4.400000,356.579986,5.033333,383.219863,4.892857,4.452555,0.000000,0.355077,0.725275,0.294334,0.090995,400,4400,4400,32.000000,0,0,16,16,45,45,6,2,528.000000,959,0,0,24,176,0,24,20,17,3,0,20,3,3,3,0,0,0,0,0,4,0,4,4,4,0,0,0,0
1985,15000514,100,0,77.774302698640,325.000000000000,72.000000000000,2.398358628131,252da5517ef0b83f,8d15af1f9d36efa1,8fd47d68a3655468,200,189,94.500000,225.904762,231.366975,1.000000,3.500000,279.937853,4.748333,268.376328,3.507937,4.399698,0.000000,0.445188,0.726776,0.376294,0.131062,400,4016,4016,32.000000,0,0,16,16,49,49,2,0,532.000000,663,0,0,30,170,0,30,19,18,1,0,19,1,1,1,0,0,0,0,0,11,0,11,11,11,0,0,0,0
1986,15000515,100,0,2.559234512181,75.000000000000,61.000000000000,2.394959615181,b3700612c02e75ff,8d15af1f9d36efa1,d431e3e5216e3c62,200,123,61.500000,364.658537,318.430279,1.000000,4.800000,381.723147,4.903333,419.159330,5.398374,3.993976,0.000000,0.498110,0.767171,0.375940,0.255605,400,4080,4080,31.000000,0,0,16,15,104,104,20,2,659.000000,664,0,0,90,110,0,90,13,3,10,0,13,10,10,10,0,0,0,0,0,77,0,77,77,77,0,0,0,0
1987,15000516,100,0,86.152959457740,75.000000000000,62.000000000000,2.433167994997,aec6496e3a190b2e,8d15af1f9d36efa1,9baf8b00c65e4783,200,163,81.500000,282.773006,269.207114,1.000000,4.000000,308.586334,5.089286,322.446118,4.466258,4.417582,0.000000,0.447648,0.746835,0.354610,0.178330,400,4248,4248,32.000000,0,0,16,16,73,73,12,8,590.000000,728,0,0,53,147,0,53,16,10,6,0,16,6,6,6,0,0,0,0,0,37,0,37,37,37,0,0,0,0
1988,15000517,100,0,29.062355400235,175.000000000000,91.000000000000,1.830644887902,a1b95b25d863922f,8d15af1f9d36efa1,9b570a00c612f67a,200,137,68.500000,247.927007,227.552652,1.000000,3.300000,259.407652,5.065000,273.041709,3.510949,5.274428,0.000000,0.565492,0.757869,0.454030,0.287407,400,4232,4232,32.000000,0,0,16,16,93,93,8,0,626.000000,481,0,0,78,122,0,78,15,11,4,0,15,4,4,4,0,0,0,0,0,63,0,63,63,63,0,0,0,0
1989,15000518,100,0,96.846592460550,175.000000000000,71.000000000000,2.606925443558,ccc7998b2795c545,8d15af1f9d36efa1,ee87018c524e16ac,200,200,100.000000,204.715000,217.169031,1.000000,3.300000,254.031590,4.216667,245.126720,3.300000,4.151515,0.000000,0.436860,0.719101,0.377358,0.108108,400,4056,4056,32.000000,0,0,16,16,40,40,0,0,512.000000,660,0,0,20,180,0,20,20,20,0,0,20,0,0,0,0,0,0,0,0,0,0,0,0,0,0,0,0,0
1990,15000519,100,0,269.357673300328,175.000000000000,60.000000000000,2.203427685882,576370628a11275d,8d15af1f9d36efa1,9ad5a800c5a4d50a,200,198,99.000000,248.565657,249.911212,1.000000,3.700000,288.150260,5.317143,298.944101,3.863636,4.512418,0.000000,0.406517,0.723757,0.343348,0.107351,400,4256,4256,32.000000,0,0,16,16,42,42,8,0,524.000000,765,0,0,22,178,0,22,20,16,4,0,20,4,4,4,0,0,0,0,0,2,0,2,2,2,0,0,0,0
1991,15000520,100,0,432.949676819731,175.000000000000,69.000000000000,2.677845695829,419de8ce96e1d6d8,8d15af1f9d36efa1,ea0a859c66f3e0e6,200,185,92.500000,248.951351,269.776139,1.000000,4.000000,323.802386,4.331429,296.030572,3.929730,4.455296,0.000000,0.429804,0.732620,0.354925,0.137604,400,3896,3896,32.000000,0,0,16,16,55,55,6,0,548.000000,727,0,0,35,165,0,35,20,17,3,0,20,3,3,3,0,0,0,0,0,15,0,15,15,15,0,0,0,0
1992,15000521,100,0,194.840683357547,75.000000000000,41.000000000000,2.545204453907,bf17ba176a46f662,8d15af1f9d36efa1,df5e7b9ad7cb1220,200,166,83.000000,246.204819,261.755204,1.000000,3.700000,298.599048,5.403333,291.526213,3.620482,4.923461,0.000000,0.487639,0.740933,0.399600,0.188934,400,4104,4104,32.000000,0,0,16,16,68,68,4,0,572.000000,601,0,0,51,149,0,51,17,15,2,0,17,2,2,2,0,0,0,0,0,34,0,34,34,34,0,0,0,0
1993,15000522,100,0,37.984508765207,175.000000000000,92.000000000000,1.977729578852,9c5493e44483e677,8d15af1f9d36efa1,9313a750e1400a91,200,194,97.000000,332.247423,279.119376,1.000000,4.500000,386.484668,6.176667,407.228108,4.886598,5.377637,0.000000,0.361186,0.728261,0.296736,0.098859,400,5072,5072,32.000000,0,0,16,16,48,48,8,4,536.000000,948,0,0,26,174,0,26,20,16,4,0,20,4,4,4,0,0,0,0,0,6,0,6,6,6,0,0,0,0
1994,15000523,100,0,110.453389941040,325.000000000000,62.000000000000,2.972051884670,23df9c79a02dad9a,8d15af1f9d36efa1,9aad2900c582ab29,200,198,99.000000,242.621212,242.320668,1.000000,3.500000,292.193218,4.792381,291.620957,3.555556,4.788352,0.000000,0.423895,0.721448,0.362319,0.108861,400,4576,4576,32.000000,0,0,16,16,42,42,2,0,518.000000,704,0,0,22,178,0,22,20,19,1,0,20,1,1,1,0,0,0,0,0,2,0,2,2,2,0,0,0,0
1995,15000524,100,0,290.113170284799,75.000000000000,43.000000000000,1.619763025419,992f33d5f7f44765,8d15af1f9d36efa1,9b3bc800c5fbbe9c,200,156,78.000000,274.416667,284.926274,1.000000,4.000000,322.236264,5.033810,316.681587,4.025641,4.726115,0.000000,0.486088,0.748111,0.389105,0.205063,400,3840,3840,32.000000,0,0,16,16,75,75,12,2,594.000000,628,0,0,59,141,0,59,15,9,6,0,15,6,6,6,0,0,0,0,0,44,0,44,44,44,0,0,0,0
1996,15000525,100,0,372.846653097533,175.000000000000,62.000000000000,2.841003844823,72e8608b1b2d565d,8d15af1f9d36efa1,6ff34cac80e29ee4,200,195,97.500000,213.646154,222.461663,1.000000,3.300000,259.045192,6.500000,257.614338,3.338462,5.933948,0.000000,0.445013,0.722992,0.380590,0.121457,400,4960,4960,32.000000,0,0,16,16,45,45,0,0,522.000000,651,0,0,25,175,0,25,20,20,0,0,20,0,0,0,0,0,0,0,0,5,0,5,5,5,0,0,0,0
1997,15000526,100,0,426.371987589979,175.000000000000,87.000000000000,2.114958578526,c4559d9669c37e11,8d15af1f9d36efa1,ea92d67ecc9cfc3e,200,200,100.000000,320.220000,342.847168,1.000000,4.800000,395.454926,4.679167,397.730479,4.800000,4.654167,0.000000,0.353100,0.723757,0.294118,0.087452,400,4008,4008,32.000000,0,0,16,16,41,41,10,2,524.000000,960,0,0,20,180,0,20,20,15,5,0,20,5,5,5,0,0,0,0,0,0,0,0,0,0,0,0,0,0
1998,15000527,100,0,370.353710567068,325.000000000000,66.000000000000,2.342314915526,ee0bf26c3bcd2e22,8d15af1f9d36efa1,484f36e4c9f82294,200,186,93.000000,241.177419,277.408145,1.000000,3.600000,310.233557,5.238333,288.329581,3.456989,4.939347,0.000000,0.453696,0.727520,0.383509,0.136913,400,4048,4048,32.000000,0,0,16,16,50,50,2,0,534.000000,643,0,0,32,168,0,32,18,17,1,0,18,1,1,1,0,0,0,0,0,14,0,14,14,14,0,0,0,0
1999,15000528,100,0,277.952141344018,425.000000000000,42.000000000000,1.926303487825,42c593dddde41cd1,8d15af1f9d36efa1,9773c44f3057d6e7,200,148,74.000000,271.189189,271.857193,1.000000,3.800000,315.327309,4.486667,315.540784,3.885135,4.419130,0.000000,0.513948,0.752475,0.410256,0.234354,400,4032,4032,32.000000,0,0,16,16,84,84,8,0,608.000000,575,0,0,68,132,0,68,16,12,4,0,16,4,4,4,0,0,0,0,0,52,0,52,52,52,0,0,0,0
