scenario_id,scenario_seed,node_count,selected_oc,x,y,local_density,speed,topology_hash,acoustic_state_hash,route_hash,generated_packets,delivered_packets,PDR,E2ED_ms,mean_source_destination_distance_m,connected_flow_pair_ratio,mean_static_shortest_hops,mean_static_shortest_path_length_m,mean_static_feasible_relay_candidates,mean_delivered_path_length_m,mean_delivered_hop_count,mean_delivered_relay_candidate_count,mean_delivered_relay_wait_ms,ROR_total,ROR_generated,ROR_hello,ROR_reactive,hello_tx,neighbor_update_tx,raw_neighbor_update_burden,compressed_topology_updates,topology_digest_packets,mc_topology_digest_ack_packets,lc_topology_update_tx,mc_topology_update_tx,route_request_tx,route_reply_tx,mc_control_tx,gateway_control_tx,control_transmissions,data_hops,OC_data_hops,architecture_violations,controller_requests,installed_route_hits,lc_cache_hits,lc_cache_misses,oc_route_computations,oc_route_successes,oc_route_failures,oc_cache_hits,oc_cache_misses,mc_fallbacks,mc_route_computations,mc_route_successes,mc_route_failures,route_recoveries,recovery_successes,recovery_failures,link_invalidations,control_unreachable,no_physical_path,routing_failure_with_path,final_no_path_drops,failed_route_attempts,negative_cache_hits,pending_route_suppressions,route_discovery_buffered_retries,route_discovery_timeout_drops
1500,15000029,100,3,455.091751075,325,86,1.70214309117,261384c55508c7c5,8d15af1f9d36efa1,24908e8b3d08178b,200,161,80.500000,285.074534,291.922363,1.000000,4.300000,341.870448,4.885000,346.432043,4.608696,4.726415,0.000000,0.442105,0.746193,0.350263,0.173719,400,4328,4328,32.000000,0,0,16,16,73,73,10,0,588.000000,742,0,0,56,144,0,56,17,12,5,0,17,5,5,5,0,0,0,0,0,39,0,39,39,39,0,0,0,0
1501,15000030,100,3,94.191031302023,175.000000000000,73.000000000000,2.281693710181,37add443a1f79a10,8d15af1f9d36efa1,9afb4000c5c4f38f,200,195,97.500000,182.482051,146.059901,1.000000,2.500000,170.520583,4.458333,199.122871,2.620513,4.735812,0.000000,0.505324,0.722992,0.439078,0.149750,400,4208,4208,32.000000,0,0,16,16,45,45,0,0,522.000000,511,0,0,25,175,0,25,20,20,0,0,20,0,0,0,0,0,0,0,0,5,0,5,5,5,0,0,0,0
1502,15000031,100,3,384.182070738181,325.000000000000,62.000000000000,2.791884966094,70425a7a235e6eca,8d15af1f9d36efa1,5fba424fa213c2a0,200,200,100.000000,226.110000,242.848994,1.000000,3.400000,273.404557,5.051667,275.788576,3.500000,4.437143,0.000000,0.424342,0.720670,0.363636,0.107143,400,4128,4128,32.000000,0,0,16,16,40,40,4,0,516.000000,700,0,0,20,180,0,20,20,18,2,0,20,2,2,2,0,0,0,0,0,0,0,0,0,0,0,0,0,0
1503,15000032,100,3,44.764008256051,325.000000000000,80.000000000000,2.569663417247,8fb4381413b9c9b4,8d15af1f9d36efa1,43be4ce50e56ee6a,200,199,99.500000,299.778894,274.926472,1.000000,4.100000,329.345040,5.140000,354.042424,4.376884,4.599311,0.000000,0.377412,0.725275,0.314713,0.099276,400,4480,4480,32.000000,0,0,16,16,45,45,6,8,528.000000,871,0,0,21,179,0,21,20,17,3,0,20,3,3,3,0,0,0,0,0,1,0,1,1,1,0,0,0,0
1504,15000033,100,3,102.849517070348,425.000000000000,64.000000000000,1.734466553060,d6e4e8e2f723855b,8d15af1f9d36efa1,3d16c26a16593ef,200,139,69.500000,304.899281,306.526953,1.000000,5.000000,401.172182,4.704286,372.024908,4.769784,4.571644,0.000000,0.483242,0.756098,0.376294,0.220917,400,3760,3760,32.000000,0,0,16,16,87,87,14,0,620.000000,663,0,0,74,126,0,74,13,6,7,0,13,7,7,7,0,0,0,0,0,61,0,61,61,61,0,0,0,0
1505,15000034,100,3,207.502408761732,425.000000000000,35.000000000000,2.468072055696,10c695397e2432e9,8d15af1f9d36efa1,9ab0a100c585ace8,200,146,73.000000,274.794521,267.427653,1.000000,4.100000,316.551144,4.805000,321.608370,4.376712,4.474178,0.000000,0.488391,0.753086,0.384986,0.217870,400,4312,4312,32.000000,0,0,16,16,82,82,14,0,610.000000,639,0,0,68,132,0,68,14,7,7,0,14,7,7,7,0,0,0,0,0,54,0,54,54,54,0,0,0,0
1506,15000035,100,3,403.744026327569,325.000000000000,57.000000000000,2.857551483674,5f2850bc05cf40e6,8d15af1f9d36efa1,9b534a00c60f7a63,200,200,100.000000,194.390000,203.294279,1.000000,2.600000,217.929664,5.565476,211.472400,2.600000,5.846154,0.000000,0.500000,0.722222,0.434783,0.144737,400,4576,4576,32.000000,0,0,16,16,42,42,4,4,520.000000,520,0,0,20,180,0,20,20,18,2,0,20,2,2,2,0,0,0,0,0,0,0,0,0,0,0,0,0,0
1507,15000036,100,3,314.181219064771,425.000000000000,44.000000000000,1.562661180256,27e9419597494331,8d15af1f9d36efa1,b1af5ce198ab5e17,200,152,76.000000,327.046053,314.442544,1.000000,4.400000,358.872817,5.815476,368.476160,4.743421,5.112344,0.000000,0.467110,0.759615,0.356824,0.217155,400,4488,4488,32.000000,0,0,16,16,91,91,18,26,632.000000,721,0,0,63,137,0,63,15,6,9,0,15,9,9,9,0,0,0,0,0,48,0,48,48,48,0,0,0,0
1508,15000037,100,3,474.424176218419,325.000000000000,86.000000000000,2.133690614937,ee7a6454845108d4,8d15af1f9d36efa1,5eea645c3c013e94,200,177,88.500000,282.259887,295.433983,1.000000,4.000000,341.675272,4.460000,329.597843,3.966102,4.353276,0.000000,0.448113,0.740260,0.362976,0.164286,400,3752,3752,32.000000,0,0,16,16,63,63,12,0,570.000000,702,0,0,43,157,0,43,20,14,6,0,20,6,6,6,0,0,0,0,0,23,0,23,23,23,0,0,0,0
1509,15000038,100,3,235.246039911855,175.000000000000,59.000000000000,1.555188448862,31139dd447f251c4,8d15af1f9d36efa1,9a87c400c562e34d,200,200,100.000000,212.970000,208.996378,1.000000,3.100000,251.243093,4.948333,244.810497,3.100000,4.548387,0.000000,0.455185,0.721448,0.392157,0.121813,400,3848,3848,32.000000,0,0,16,16,41,41,4,2,518.000000,620,0,0,20,180,0,20,20,18,2,0,20,2,2,2,0,0,0,0,0,0,0,0,0,0,0,0,0,0
1510,15000039,100,3,89.349606891624,325.000000000000,74.000000000000,2.064323410080,ae8239fc35a4f554,8d15af1f9d36efa1,d9922657846eb1b5,200,197,98.500000,222.350254,241.597219,1.000000,3.600000,282.747344,4.296667,269.110494,3.578680,4.221277,0.000000,0.425428,0.722992,0.361991,0.113208,400,3840,3840,32.000000,0,0,16,16,43,43,4,0,522.000000,705,0,0,23,177,0,23,20,18,2,0,20,2,2,2,0,0,0,0,0,3,0,3,3,3,0,0,0,0
1511,15000040,100,3,75.900474983347,425.000000000000,67.000000000000,2.562950870548,3ebd6b0bfa6045f4,8d15af1f9d36efa1,9b721100c629ca17,200,163,81.500000,204.834356,192.430399,1.000000,2.900000,218.265882,5.291667,232.672163,3.061350,5.380762,0.000000,0.536676,0.742931,0.444939,0.226357,400,4416,4416,32.000000,0,0,16,16,71,71,4,0,578.000000,499,0,0,54,146,0,54,17,15,2,0,17,2,2,2,0,0,0,0,0,37,0,37,37,37,0,0,0,0
1512,15000041,100,3,489.839934802326,325.000000000000,83.000000000000,2.423210749501,9da673ee93e78e2b,8d15af1f9d36efa1,6f31d850cc93d311,200,146,73.000000,215.568493,188.469666,1.000000,3.000000,234.937675,5.166667,223.057415,3.034247,4.724605,0.000000,0.581681,0.754902,0.474496,0.293461,400,4064,4064,32.000000,0,0,16,16,90,90,4,0,616.000000,443,0,0,72,128,0,72,18,16,2,0,18,2,2,2,0,0,0,0,0,54,0,54,54,54,0,0,0,0
1513,15000042,100,3,255.530033507161,175.000000000000,64.000000000000,1.597913282027,e1facf0c1851d2d,8d15af1f9d36efa1,e09d16c1691784df,200,185,92.500000,229.562162,244.248702,1.000000,3.600000,298.417229,5.647500,272.181019,3.464865,5.012480,0.000000,0.455395,0.728261,0.384246,0.139597,400,4432,4432,32.000000,0,0,16,16,51,51,2,0,536.000000,641,0,0,33,167,0,33,18,17,1,0,18,1,1,1,0,0,0,0,0,15,0,15,15,15,0,0,0,0
1514,15000043,100,3,378.809971896910,325.000000000000,50.000000000000,2.819977850427,cfd5c87abbb6e382,8d15af1f9d36efa1,2663c6f748a30aac,200,188,94.000000,258.728723,261.065864,1.000000,3.900000,303.470886,4.424167,296.137202,4.063830,4.247382,0.000000,0.415902,0.731183,0.343643,0.127854,400,4392,4392,32.000000,0,0,16,16,54,54,4,4,544.000000,764,0,0,32,168,0,32,20,18,2,0,20,2,2,2,0,0,0,0,0,12,0,12,12,12,0,0,0,0
1515,15000044,100,3,359.087853963147,425.000000000000,42.000000000000,2.984467915816,23ae66676f7f2580,8d15af1f9d36efa1,37e76443233f9ad5,200,193,96.500000,305.502591,328.064601,1.000000,4.400000,363.490552,5.610238,365.146941,4.487047,5.114319,0.000000,0.379656,0.726027,0.315956,0.101660,400,4440,4440,32.000000,0,0,16,16,47,47,4,4,530.000000,866,0,0,26,174,0,26,19,17,2,0,19,2,2,2,0,0,0,0,0,7,0,7,7,7,0,0,0,0
1516,15000045,100,3,28.086650741740,175.000000000000,82.000000000000,2.359424331716,b5a4a0f2d547d252,8d15af1f9d36efa1,93f19ab918621686,200,200,100.000000,210.265000,211.207317,1.000000,3.300000,241.666026,3.937500,239.934045,3.300000,3.636364,0.000000,0.443508,0.724518,0.377358,0.124668,400,3856,3856,32.000000,0,0,16,16,40,40,14,0,526.000000,660,0,0,20,180,0,20,20,13,7,0,20,7,7,7,0,0,0,0,0,0,0,0,0,0,0,0,0,0
1517,15000046,100,3,382.804713055318,175.000000000000,73.000000000000,1.885686937731,75b166166d9ba479,8d15af1f9d36efa1,963e71074a8ff12e,200,195,97.500000,234.630769,257.357324,1.000000,3.500000,276.880739,5.061667,274.133925,3.461538,4.936296,0.000000,0.438903,0.725275,0.372093,0.124514,400,4120,4120,32.000000,0,0,16,16,45,45,6,0,528.000000,675,0,0,25,175,0,25,20,17,3,0,20,3,3,3,0,0,0,0,0,5,0,5,5,5,0,0,0,0
1518,15000047,100,3,422.933776620634,425.000000000000,48.000000000000,2.819073255744,12f7dcbdff38c69b,8d15af1f9d36efa1,acf4854fcd9ca842,200,168,84.000000,211.428571,210.911600,1.000000,3.000000,250.995345,4.970000,244.452582,3.142857,4.331439,0.000000,0.517367,0.738903,0.431034,0.202417,400,4024,4024,32.000000,0,0,16,16,64,64,6,0,566.000000,528,0,0,48,152,0,48,16,13,3,0,16,3,3,3,0,0,0,0,0,32,0,32,32,32,0,0,0,0
1519,15000048,100,3,108.592840583780,425.000000000000,49.000000000000,2.657795705223,49bc1e8e30733a96,8d15af1f9d36efa1,92b49694d0b19cf,200,130,65.000000,338.992308,321.534240,1.000000,4.500000,384.119069,5.287500,402.447515,4.984615,4.214506,0.000000,0.500000,0.764151,0.381679,0.250000,400,4096,4096,32.000000,0,0,16,16,103,103,10,10,648.000000,648,0,0,84,116,0,84,14,9,5,0,14,5,5,5,0,0,0,0,0,70,0,70,70,70,0,0,0,0
1520,15000049,100,3,55.595355205168,175.000000000000,71.000000000000,2.747631349713,fdfdb8edd1b5c33f,8d15af1f9d36efa1,204bec2893a132ff,200,177,88.500000,263.011299,264.956549,1.000000,4.000000,310.900313,4.582381,328.545588,4.028249,4.991585,0.000000,0.436364,0.734043,0.359389,0.144058,400,4056,4056,32.000000,0,0,16,16,57,57,6,0,552.000000,713,0,0,40,160,0,40,17,14,3,0,17,3,3,3,0,0,0,0,0,23,0,23,23,23,0,0,0,0
1521,15000050,100,3,357.127030920142,325.000000000000,71.000000000000,1.909614473829,673521e931d6a681,8d15af1f9d36efa1,d304d5f3424a9cb7,200,200,100.000000,275.665000,318.017552,1.000000,4.400000,363.617284,4.335000,348.514493,4.435000,4.112740,0.000000,0.367783,0.720670,0.310800,0.086509,400,3824,3824,32.000000,0,0,16,16,40,40,4,0,516.000000,887,0,0,20,180,0,20,20,18,2,0,20,2,2,2,0,0,0,0,0,0,0,0,0,0,0,0,0,0
1522,15000051,100,3,346.645393577679,175.000000000000,70.000000000000,1.881613289612,7182031956b0c152,8d15af1f9d36efa1,7de7cdb4f47f0972,200,196,98.000000,220.887755,196.301278,1.000000,3.100000,232.345171,4.400000,246.668679,3.183673,4.432692,0.000000,0.456446,0.723757,0.390625,0.128492,400,3680,3680,32.000000,0,0,16,16,45,45,2,2,524.000000,624,0,0,24,176,0,24,20,19,1,0,20,1,1,1,0,0,0,0,0,4,0,4,4,4,0,0,0,0
1523,15000052,100,3,445.519863229414,175.000000000000,67.000000000000,2.784970530623,493764edb061aebd,8d15af1f9d36efa1,33394358ace5bcb4,200,171,85.500000,274.970760,292.312356,1.000000,4.200000,331.264583,4.303333,330.605554,4.497076,4.019506,0.000000,0.422239,0.737533,0.342173,0.144605,400,3880,3880,32.000000,0,0,16,16,61,61,8,0,562.000000,769,0,0,45,155,0,45,16,12,4,0,16,4,4,4,0,0,0,0,0,29,0,29,29,29,0,0,0,0
1524,15000053,100,3,25.704314468405,425.000000000000,58.000000000000,2.900632150314,5e4f39e942067294,8d15af1f9d36efa1,be5c5f50f9c26edd,200,125,62.500000,309.024000,251.486944,1.000000,3.500000,291.656236,4.955000,351.485718,4.192000,5.209924,0.000000,0.555932,0.766355,0.432900,0.299465,400,4128,4128,32.000000,0,0,16,16,107,107,10,0,656.000000,524,0,0,91,109,0,91,16,11,5,0,16,5,5,5,0,0,0,0,0,75,0,75,75,75,0,0,0,0
1525,15000054,100,3,142.127688156631,425.000000000000,63.000000000000,1.742348356349,de666998757028e6,8d15af1f9d36efa1,213ff3e664b2fea5,200,160,80.000000,254.518750,276.702257,1.000000,3.900000,318.639534,5.633333,283.219333,3.375000,5.148148,0.000000,0.524648,0.748744,0.425532,0.232955,400,4312,4312,32.000000,0,0,16,16,74,74,16,4,596.000000,540,0,0,56,144,0,56,16,8,8,0,16,8,8,8,0,0,0,0,0,40,0,40,40,40,0,0,0,0
1526,15000055,100,3,172.955107556877,75.000000000000,46.000000000000,2.663863517822,c49f4cc3e504dec,8d15af1f9d36efa1,8991bacab09e9b77,200,162,81.000000,276.345679,293.510295,1.000000,4.400000,355.745364,5.461905,325.155314,4.179012,4.918759,0.000000,0.465667,0.746835,0.371402,0.189222,400,4312,4312,32.000000,0,0,16,16,72,72,14,0,590.000000,677,0,0,55,145,0,55,17,10,7,0,17,7,7,7,0,0,0,0,0,38,0,38,38,38,0,0,0,0
1527,15000056,100,3,365.864707385595,325.000000000000,57.000000000000,2.863032337187,37ce631d789a1a17,8d15af1f9d36efa1,352d961989198248,200,199,99.500000,219.301508,215.771990,1.000000,3.200000,239.434490,4.688333,247.267199,3.226131,4.680685,0.000000,0.447504,0.722222,0.383877,0.120548,400,4168,4168,32.000000,0,0,16,16,43,43,2,4,520.000000,642,0,0,21,179,0,21,20,19,1,0,20,1,1,1,0,0,0,0,0,1,0,1,1,1,0,0,0,0
1528,15000057,100,3,15.804541895465,425.000000000000,70.000000000000,2.312934533505,586f49fb6ead49bd,8d15af1f9d36efa1,9f6d5a219928d24,200,157,78.500000,296.573248,266.079933,1.000000,3.800000,311.793478,5.756667,343.937289,4.210191,4.473525,0.000000,0.474980,0.749373,0.377003,0.200726,400,4072,4072,32.000000,0,0,16,16,77,77,12,0,598.000000,661,0,0,60,140,0,60,17,11,6,0,17,6,6,6,0,0,0,0,0,43,0,43,43,43,0,0,0,0
1529,15000058,100,3,124.656068540944,325.000000000000,67.000000000000,2.324878966965,6a65896612676b93,8d15af1f9d36efa1,cd554f6c691948,200,200,100.000000,260.685000,271.554201,1.000000,3.700000,296.501090,4.671667,312.373893,3.930000,4.671756,0.000000,0.398162,0.722222,0.337268,0.100686,400,4296,4296,32.000000,0,0,16,16,43,43,2,6,520.000000,786,0,0,20,180,0,20,20,19,1,0,20,1,1,1,0,0,0,0,0,0,0,0,0,0,0,0,0,0
1530,15000059,100,3,7.060221923512,425.000000000000,58.000000000000,2.858982654747,9f1bdfa8ed726d6e,8d15af1f9d36efa1,a1d9ba6aec0684e7,200,162,81.000000,254.987654,230.996328,1.000000,3.300000,253.423805,5.341667,281.405543,3.666667,5.141414,0.000000,0.499157,0.747475,0.402414,0.212202,400,4072,4072,32.000000,0,0,16,16,73,73,14,2,592.000000,594,0,0,55,145,0,55,17,10,7,0,17,7,7,7,0,0,0,0,0,38,0,38,38,38,0,0,0,0
1531,15000060,100,3,495.428927420427,425.000000000000,62.000000000000,2.369298310272,f2fa5e78f7f2be4c,8d15af1f9d36efa1,26a7101c9dd705c3,200,131,65.500000,343.183206,346.662890,1.000000,4.900000,389.141287,4.319048,388.176567,4.870229,4.089342,0.000000,0.509608,0.768250,0.385356,0.266667,400,3800,3800,31.000000,0,0,16,15,108,108,16,18,663.000000,638,0,0,84,116,0,84,15,7,8,0,15,8,8,8,0,0,0,0,0,69,0,69,69,69,0,0,0,0
1532,15000061,100,3,464.814095537528,175.000000000000,75.000000000000,2.906810899417,d1924d2a0cdf156f,8d15af1f9d36efa1,e9ced2769a3b8f4e,200,172,86.000000,243.046512,223.916614,1.000000,3.700000,274.440588,4.421667,296.540456,3.988372,4.329446,0.000000,0.449438,0.736842,0.368324,0.157248,400,4184,4184,32.000000,0,0,16,16,62,62,4,4,560.000000,686,0,0,44,156,0,44,16,14,2,0,16,2,2,2,0,0,0,0,0,28,0,28,28,28,0,0,0,0
1533,15000062,100,3,108.094559567622,325.000000000000,76.000000000000,1.886419128186,abe67095e75fe5c8,8d15af1f9d36efa1,9ba18a00c6520874,200,200,100.000000,187.330000,181.565133,1.000000,2.600000,207.877573,6.515000,214.548545,2.635000,5.525617,0.000000,0.492782,0.719101,0.431499,0.131796,400,4440,4440,32.000000,0,0,16,16,40,40,0,0,512.000000,527,0,0,20,180,0,20,20,20,0,0,20,0,0,0,0,0,0,0,0,0,0,0,0,0,0,0,0,0
1534,15000063,100,3,26.988016346961,175.000000000000,73.000000000000,2.848462397205,4c4c4b98bd23d0e4,8d15af1f9d36efa1,d871b79f766df669,200,200,100.000000,303.085000,307.118390,1.000000,4.600000,360.511645,4.682143,357.624901,4.635000,4.663430,0.000000,0.362887,0.725275,0.301432,0.093842,400,4192,4192,32.000000,0,0,16,16,41,41,14,2,528.000000,927,0,0,20,180,0,20,20,13,7,0,20,7,7,7,0,0,0,0,0,0,0,0,0,0,0,0,0,0
1535,15000064,100,3,154.114681665059,325.000000000000,64.000000000000,2.439464944189,f40b4adb3c7a0f8e,8d15af1f9d36efa1,4e1ad659ac24f8b3,200,186,93.000000,210.161290,207.576191,1.000000,2.900000,222.685742,5.591667,240.875597,3.037634,5.607080,0.000000,0.484959,0.726776,0.414508,0.150376,400,4144,4144,32.000000,0,0,16,16,50,50,0,0,532.000000,565,0,0,32,168,0,32,18,18,0,0,18,0,0,0,0,0,0,0,0,14,0,14,14,14,0,0,0,0
1536,15000065,100,3,141.640691193855,425.000000000000,49.000000000000,2.741528567197,2bb60bb37426162f,8d15af1f9d36efa1,ee8de481d78e7aa1,200,126,63.000000,236.507937,250.726557,1.000000,3.600000,286.200530,4.946667,276.987549,3.579365,5.046563,0.000000,0.584332,0.760192,0.470035,0.309342,400,4336,4336,32.000000,0,0,16,16,98,98,6,0,634.000000,451,0,0,86,114,0,86,12,9,3,0,12,3,3,3,0,0,0,0,0,74,0,74,74,74,0,0,0,0
1537,15000066,100,3,441.697782074993,175.000000000000,70.000000000000,2.531945688376,1e3ea465553c8065,8d15af1f9d36efa1,3bb2ae4f8d472024,200,200,100.000000,265.240000,274.677307,1.000000,3.900000,323.164182,4.666905,321.572399,4.000000,4.281250,0.000000,0.394856,0.722992,0.333333,0.101124,400,4216,4216,32.000000,0,0,16,16,41,41,8,2,522.000000,800,0,0,20,180,0,20,20,16,4,0,20,4,4,4,0,0,0,0,0,0,0,0,0,0,0,0,0,0
1538,15000067,100,3,190.440986518792,425.000000000000,43.000000000000,2.419519162179,51a004996a41194e,8d15af1f9d36efa1,73a0f37f71a1c8c0,200,146,73.000000,302.678082,304.523897,1.000000,4.900000,382.151689,4.352262,380.491995,4.938356,3.883495,0.000000,0.451711,0.748111,0.356824,0.183465,400,4232,4232,32.000000,0,0,16,16,80,80,2,0,594.000000,721,0,0,67,133,0,67,13,12,1,0,13,1,1,1,0,0,0,0,0,54,0,54,54,54,0,0,0,0
1539,15000068,100,3,334.558176038652,75.000000000000,45.000000000000,1.695075994092,b5d7857d322f2b,8d15af1f9d36efa1,60d3d702bf455383,200,136,68.000000,218.867647,214.764110,1.000000,3.200000,261.521740,5.436667,247.649608,3.286765,4.628635,0.000000,0.581852,0.756691,0.472255,0.298273,400,4456,4456,32.000000,0,0,16,16,93,93,4,2,622.000000,447,0,0,78,122,0,78,14,12,2,0,14,2,2,2,0,0,0,0,0,64,0,64,64,64,0,0,0,0
1540,15000069,100,3,460.514561134405,425.000000000000,64.000000000000,2.247017991719,299c6b9525e78d90,8d15af1f9d36efa1,a7d41349500bfcc9,200,57,28.500000,227.543860,281.651569,1.000000,4.400000,337.894292,4.538333,254.433054,3.333333,5.442105,0.000000,0.796574,0.788136,0.677966,0.621514,400,4280,4280,32.000000,0,0,16,16,156,156,0,2,744.000000,190,0,0,149,51,0,149,6,6,0,0,6,0,0,0,0,0,0,0,0,143,0,143,143,143,0,0,0,0
1541,15000070,100,3,488.536338461850,425.000000000000,62.000000000000,2.314007803632,3e7a3d263fedeb25,8d15af1f9d36efa1,aea0ecd6a50527f,200,160,80.000000,228.981250,198.241146,1.000000,2.800000,229.937635,4.323333,237.859221,2.881250,4.197397,0.000000,0.561370,0.746835,0.464576,0.255250,400,3976,3976,32.000000,0,0,16,16,70,70,18,0,590.000000,461,0,0,55,145,0,55,15,6,9,0,15,9,9,9,0,0,0,0,0,40,0,40,40,40,0,0,0,0
1542,15000071,100,3,155.318028137997,425.000000000000,56.000000000000,2.187930282747,fab5e06a9d6fd156,8d15af1f9d36efa1,428ccaba2cb875ae,200,176,88.000000,230.562500,234.273591,1.000000,3.400000,270.001483,5.081667,275.003648,3.443182,5.057756,0.000000,0.478485,0.735450,0.397614,0.169863,400,4256,4256,32.000000,0,0,16,16,60,60,4,0,556.000000,606,0,0,42,158,0,42,18,16,2,0,18,2,2,2,0,0,0,0,0,24,0,24,24,24,0,0,0,0
1543,15000072,100,3,455.576148649271,425.000000000000,62.000000000000,2.718561582147,4fc131461f618fce,8d15af1f9d36efa1,35cd7ed4ed06d615,200,172,86.000000,211.052326,196.628380,1.000000,2.900000,211.989016,5.283333,253.545089,3.279070,5.159574,0.000000,0.499112,0.737533,0.414938,0.187320,400,4256,4256,32.000000,0,0,16,16,64,64,2,0,562.000000,564,0,0,46,154,0,46,18,17,1,0,18,1,1,1,0,0,0,0,0,28,0,28,28,28,0,0,0,0
1544,15000073,100,3,385.101475601062,75.000000000000,47.000000000000,2.807739805675,3313975acd4f2453,8d15af1f9d36efa1,a3703d61688ecd8d,200,126,63.000000,200.571429,176.326269,1.000000,2.700000,207.249044,6.191667,215.779173,2.928571,5.948509,0.000000,0.633565,0.761337,0.520156,0.358261,400,4728,4728,32.000000,0,0,16,16,98,98,10,0,638.000000,369,0,0,86,114,0,86,12,7,5,0,12,5,5,5,0,0,0,0,0,74,0,74,74,74,0,0,0,0
1545,15000074,100,3,181.674547887380,175.000000000000,49.000000000000,2.459871182740,474e0d415f325a89,8d15af1f9d36efa1,443b0550b4574b0c,200,200,100.000000,266.005000,289.777456,1.000000,4.200000,339.582931,4.969762,323.124260,4.200000,4.913095,0.000000,0.379616,0.719888,0.322581,0.088937,400,3976,3976,32.000000,0,0,16,16,41,41,0,2,514.000000,840,0,0,20,180,0,20,20,20,0,0,20,0,0,0,0,0,0,0,0,0,0,0,0,0,0,0,0,0
1546,15000075,100,3,91.784063539019,75.000000000000,67.000000000000,1.769029196889,75d7f80443845842,8d15af1f9d36efa1,4566f4071ff1695f,200,173,86.500000,247.554913,253.609170,1.000000,3.400000,284.079405,4.406667,290.088800,3.531792,3.985270,0.000000,0.479113,0.737533,0.395648,0.175439,400,3752,3752,32.000000,0,0,16,16,61,61,8,0,562.000000,611,0,0,44,156,0,44,17,13,4,0,17,4,4,4,0,0,0,0,0,27,0,27,27,27,0,0,0,0
1547,15000076,100,3,369.504623055062,425.000000000000,58.000000000000,1.777884292859,1d80f96929e0433d,8d15af1f9d36efa1,9af77e00c5c17412,200,120,60.000000,304.950000,310.169451,1.000000,4.300000,351.070497,4.909405,365.496371,4.525000,4.305709,0.000000,0.544081,0.764151,0.424178,0.284585,400,4248,4248,32.000000,0,0,16,16,104,104,8,0,648.000000,543,0,0,92,108,0,92,12,8,4,0,12,4,4,4,0,0,0,0,0,80,0,80,80,80,0,0,0,0
1548,15000077,100,3,123.466244352424,425.000000000000,52.000000000000,2.438660226534,d621160925590d1c,8d15af1f9d36efa1,9a659700c545b070,200,177,88.500000,225.327684,234.222695,1.000000,3.400000,272.381958,4.675000,269.365513,3.361582,4.262185,0.000000,0.480349,0.733333,0.402010,0.165498,400,4520,4520,32.000000,0,0,16,16,59,59,0,0,550.000000,595,0,0,41,159,0,41,18,18,0,0,18,0,0,0,0,0,0,0,0,23,0,23,23,23,0,0,0,0
1549,15000078,100,3,456.183743167984,175.000000000000,90.000000000000,1.618719181485,400ec8d882cd70d9,8d15af1f9d36efa1,7d17a667e17d3b31,200,172,86.000000,267.872093,261.424629,1.000000,3.900000,304.820487,4.488333,306.832979,4.017442,4.526773,0.000000,0.454617,0.742268,0.366636,0.172455,400,4024,4024,32.000000,0,0,16,16,69,69,6,2,576.000000,691,0,0,48,152,0,48,20,17,3,0,20,3,3,3,0,0,0,0,0,28,0,28,28,28,0,0,0,0
1550,15000079,100,3,425.460163614015,175.000000000000,69.000000000000,2.236619648171,7f3bb1cd896a47c5,8d15af1f9d36efa1,9a5d4f6c3dcd47,200,183,91.500000,224.546448,241.657900,1.000000,3.400000,273.964950,5.781190,268.502313,3.327869,5.522167,0.000000,0.473183,0.732262,0.396432,0.160000,400,4336,4336,31.000000,0,0,16,15,58,58,0,2,547.000000,609,0,0,37,163,0,37,20,20,0,0,20,0,0,0,0,0,0,0,0,17,0,17,17,17,0,0,0,0
1551,15000080,100,3,84.588472153401,75.000000000000,44.000000000000,2.969392558509,33b7f095a645f80b,8d15af1f9d36efa1,2aeb033bd702c0e8,200,168,84.000000,286.714286,266.542683,1.000000,4.000000,310.723638,4.131667,304.667071,3.898810,3.902290,0.000000,0.475580,0.748111,0.379147,0.198286,400,3856,3856,32.000000,0,0,16,16,73,73,16,10,594.000000,655,0,0,50,150,0,50,18,10,8,0,18,8,8,8,0,0,0,0,0,32,0,32,32,32,0,0,0,0
1552,15000081,100,3,316.900987185206,75.000000000000,34.000000000000,2.588039248285,51481e30c1aaa8f8,8d15af1f9d36efa1,2201314f7ecefb39,200,131,65.500000,249.068702,265.225174,1.000000,4.000000,328.444361,4.271190,296.085205,3.793893,4.358149,0.000000,0.555853,0.756691,0.445931,0.276565,400,3944,3944,32.000000,0,0,16,16,91,91,8,0,622.000000,497,0,0,80,120,0,80,11,7,4,0,11,4,4,4,0,0,0,0,0,69,0,69,69,69,0,0,0,0
1553,15000082,100,3,143.126546609092,75.000000000000,49.000000000000,2.003279420140,97ae012a6056dde1,8d15af1f9d36efa1,fe44a16a30e3c0c2,200,54,27.000000,252.814815,209.961167,0.900000,2.800000,243.436216,5.959259,233.519105,3.185185,4.587209,0.000000,0.808463,0.784017,0.699301,0.630901,400,4152,4152,32.000000,0,0,16,16,144,144,6,0,726.000000,172,0,0,135,46,0,135,9,6,3,0,9,3,3,2,1,0,0,0,0,126,20,126,146,127,19,0,0,0
1554,15000083,100,3,125.169946895527,175.000000000000,67.000000000000,2.481631303525,8c45b0af93ece9c9,8d15af1f9d36efa1,795b7a50d2c24ee8,200,156,78.000000,224.160256,251.513825,1.000000,3.500000,277.073720,5.870000,273.533089,3.673077,5.137871,0.000000,0.502172,0.742931,0.411100,0.203060,400,4472,4472,32.000000,0,0,16,16,72,72,2,0,578.000000,573,0,0,58,142,0,58,14,13,1,0,14,1,1,1,0,0,0,0,0,44,0,44,44,44,0,0,0,0
1555,15000084,100,3,398.532440302381,75.000000000000,50.000000000000,2.882715348222,6a462dec987d6b05,8d15af1f9d36efa1,6c4ff49adb8e9ec,200,153,76.500000,331.078431,340.485445,1.000000,4.600000,385.286865,4.690476,397.149184,4.836601,4.339189,0.000000,0.449405,0.751244,0.350877,0.188596,400,4168,4168,32.000000,0,0,16,16,77,77,18,0,604.000000,740,0,0,62,138,0,62,15,6,9,0,15,9,9,9,0,0,0,0,0,47,0,47,47,47,0,0,0,0
1556,15000085,100,3,428.504610417932,75.000000000000,60.000000000000,2.150573046720,9de21719df1570d5,8d15af1f9d36efa1,c457bfbf0103a4e1,200,137,68.500000,319.897810,315.618354,1.000000,4.800000,381.262073,4.395714,375.029440,4.802920,4.168693,0.000000,0.491499,0.760766,0.378072,0.236659,400,3712,3712,32.000000,0,0,16,16,98,98,8,10,636.000000,658,0,0,78,122,0,78,15,11,4,0,15,4,4,4,0,0,0,0,0,63,0,63,63,63,0,0,0,0
1557,15000086,100,3,92.825700976602,175.000000000000,77.000000000000,2.293442315218,af509df1d7b4aa8e,8d15af1f9d36efa1,a230bf250409578b,200,198,99.000000,223.272727,229.994768,1.000000,3.000000,251.897584,4.383333,262.512179,3.131313,5.070968,0.000000,0.454225,0.720670,0.392157,0.119318,400,4352,4352,32.000000,0,0,16,16,42,42,0,0,516.000000,620,0,0,22,178,0,22,20,20,0,0,20,0,0,0,0,0,0,0,0,2,0,2,2,2,0,0,0,0
1558,15000087,100,3,92.875332582820,425.000000000000,47.000000000000,2.904849503390,315cf6172b609561,8d15af1f9d36efa1,9b9f4dd8ce6cbe47,200,145,72.500000,192.234483,213.987841,1.000000,3.000000,241.530024,5.475000,216.259348,2.731034,5.075758,0.000000,0.601610,0.749373,0.502513,0.295374,400,4496,4496,32.000000,0,0,16,16,81,81,4,0,598.000000,396,0,0,68,132,0,68,13,11,2,0,13,2,2,2,0,0,0,0,0,55,0,55,55,55,0,0,0,0
1559,15000088,100,3,34.740320005246,175.000000000000,77.000000000000,2.578551050079,d602484a5121c1f4,8d15af1f9d36efa1,f88a63a44a272b81,200,172,86.000000,242.093023,219.070800,1.000000,3.200000,245.305694,5.810000,274.762471,3.575581,5.000000,0.000000,0.481013,0.740260,0.394089,0.183267,400,4512,4512,32.000000,0,0,16,16,67,67,4,2,570.000000,615,0,0,47,153,0,47,19,17,2,0,19,2,2,2,0,0,0,0,0,28,0,28,28,28,0,0,0,0
1560,15000089,100,3,136.631390654479,175.000000000000,62.000000000000,2.589131730431,6db8b0bedad678fa,8d15af1f9d36efa1,c09a74561da2db21,200,199,99.500000,288.989950,282.583885,1.000000,4.000000,311.098458,6.329048,362.001206,4.623116,4.842391,0.000000,0.359331,0.720670,0.303030,0.083665,400,4696,4696,32.000000,0,0,16,16,42,42,0,2,516.000000,920,0,0,21,179,0,21,20,20,0,0,20,0,0,0,0,0,0,0,0,1,0,1,1,1,0,0,0,0
1561,15000090,100,3,351.097304322542,75.000000000000,52.000000000000,2.255655894039,ac8cf5f0a161c5b6,8d15af1f9d36efa1,9b648400c61e5024,200,144,72.000000,174.888889,183.301851,1.000000,2.700000,207.120900,5.458333,205.906800,2.708333,5.312821,0.000000,0.607646,0.751244,0.506329,0.306050,400,4552,4552,32.000000,0,0,16,16,84,84,4,0,604.000000,390,0,0,70,130,0,70,14,12,2,0,14,2,2,2,0,0,0,0,0,56,0,56,56,56,0,0,0,0
1562,15000091,100,3,437.019317995042,325.000000000000,76.000000000000,2.487592379615,77202a38cdd23fb3,8d15af1f9d36efa1,df3ff57128a054d6,200,193,96.500000,237.740933,227.934326,1.000000,3.200000,259.300981,5.150000,267.264781,3.316062,4.790625,0.000000,0.456706,0.728997,0.384615,0.142091,400,4200,4200,32.000000,0,0,16,16,50,50,6,6,538.000000,640,0,0,27,173,0,27,20,17,3,0,20,3,3,3,0,0,0,0,0,7,0,7,7,7,0,0,0,0
1563,15000092,100,3,416.113024180818,425.000000000000,54.000000000000,2.560914751342,8abaee0b55d9b00b,8d15af1f9d36efa1,8a7501853608ca24,200,136,68.000000,228.419118,276.030129,1.000000,3.900000,334.765463,5.096667,257.844636,3.227941,4.662870,0.000000,0.587018,0.757282,0.476758,0.304279,400,4216,4216,32.000000,0,0,16,16,92,92,8,0,624.000000,439,0,0,78,122,0,78,14,10,4,0,14,4,4,4,0,0,0,0,0,64,0,64,64,64,0,0,0,0
1564,15000093,100,3,434.649157004877,75.000000000000,52.000000000000,2.532260585698,6b3bdc426baa5014,8d15af1f9d36efa1,c7cf62fb9f55c59e,200,168,84.000000,245.946429,239.023522,1.000000,3.300000,269.001757,5.130000,286.007659,3.434524,5.058925,0.000000,0.497824,0.740933,0.409417,0.195258,400,4056,4056,32.000000,0,0,16,16,64,64,12,0,572.000000,577,0,0,48,152,0,48,16,10,6,0,16,6,6,6,0,0,0,0,0,32,0,32,32,32,0,0,0,0
1565,15000094,100,3,346.060765426609,425.000000000000,40.000000000000,2.912487218169,560939c9cf7aa941,8d15af1f9d36efa1,d580ecfb71963984,200,122,61.000000,242.286885,279.399770,1.000000,4.300000,328.209711,4.822381,280.789761,3.786885,4.538961,0.000000,0.580762,0.761905,0.464037,0.310448,400,4096,4096,32.000000,0,0,16,16,102,102,4,0,640.000000,462,0,0,90,110,0,90,12,10,2,0,12,2,2,2,0,0,0,0,0,78,0,78,78,78,0,0,0,0
1566,15000095,100,3,256.339557174226,75.000000000000,53.000000000000,1.869129586875,ce030c6aae4ae62a,8d15af1f9d36efa1,215bab93863bfdfd,200,178,89.000000,255.365169,252.103131,1.000000,3.600000,274.112695,5.388333,293.139125,3.915730,4.946915,0.000000,0.445505,0.736842,0.364631,0.155152,400,4464,4464,32.000000,0,0,16,16,60,60,8,4,560.000000,697,0,0,40,160,0,40,18,14,4,0,18,4,4,4,0,0,0,0,0,22,0,22,22,22,0,0,0,0
1567,15000096,100,3,269.323488844903,325.000000000000,54.000000000000,1.539082348530,77ad629de1de9e58,8d15af1f9d36efa1,82fe8d914e7fe20a,200,186,93.000000,198.182796,197.251933,1.000000,2.900000,218.410847,5.024762,234.523657,3.005376,4.966011,0.000000,0.487626,0.726776,0.417101,0.151745,400,4208,4208,32.000000,0,0,16,16,50,50,0,0,532.000000,559,0,0,32,168,0,32,18,18,0,0,18,0,0,0,0,0,0,0,0,14,0,14,14,14,0,0,0,0
1568,15000097,100,3,327.047230009951,425.000000000000,50.000000000000,2.398993879344,f1e17153ab36b6b3,8d15af1f9d36efa1,2b768b4f84642835,200,146,73.000000,258.136986,261.663944,1.000000,3.900000,325.750937,4.346667,303.653317,3.958904,4.250865,0.000000,0.511824,0.751861,0.408998,0.231383,400,4088,4088,32.000000,0,0,16,16,82,82,10,0,606.000000,578,0,0,68,132,0,68,14,9,5,0,14,5,5,5,0,0,0,0,0,54,0,54,54,54,0,0,0,0
1569,15000098,100,3,373.400211174288,75.000000000000,37.000000000000,2.932480784398,3a72e04dd7f19ed0,8d15af1f9d36efa1,92a73c1991492fe8,200,162,81.000000,235.722222,251.464144,1.000000,3.500000,277.924451,5.826667,271.811264,3.419753,5.539711,0.000000,0.510601,0.742931,0.419287,0.208571,400,4472,4472,32.000000,0,0,16,16,70,70,6,0,578.000000,554,0,0,54,146,0,54,16,13,3,0,16,3,3,3,0,0,0,0,0,38,0,38,38,38,0,0,0,0
1570,15000099,100,3,222.712454678748,75.000000000000,34.000000000000,1.598424462526,cf5f77d502db374,8d15af1f9d36efa1,b417c0c5b454190f,200,132,66.000000,260.181818,295.544085,1.000000,4.300000,322.096216,4.216905,292.359003,3.810606,4.417495,0.000000,0.558385,0.760766,0.442968,0.288543,400,3832,3832,32.000000,0,0,16,16,95,95,14,2,636.000000,503,0,0,81,119,0,81,13,6,7,0,13,7,7,7,0,0,0,0,0,68,0,68,68,68,0,0,0,0
1571,15000100,100,3,429.763181720765,425.000000000000,55.000000000000,1.832199833670,8e09212edfd3a5e2,8d15af1f9d36efa1,9b9b4400c64d25d4,200,147,73.500000,236.326531,208.880095,1.000000,3.100000,251.144059,4.705952,259.694547,3.183673,4.679487,0.000000,0.564246,0.751861,0.460829,0.271028,400,4512,4512,32.000000,0,0,16,16,85,85,4,4,606.000000,468,0,0,68,132,0,68,15,13,2,0,15,2,2,2,0,0,0,0,0,53,0,53,53,53,0,0,0,0
1572,15000101,100,3,17.869645836367,75.000000000000,64.000000000000,1.948190229914,1f1bc3a0ac8d9029,8d15af1f9d36efa1,d7e1f6510815850b,200,128,64.000000,190.460938,181.457622,1.000000,2.500000,192.066595,4.910000,174.872963,2.226562,5.126316,0.000000,0.695187,0.764706,0.583942,0.433400,400,3976,3976,32.000000,0,0,16,16,102,102,14,0,650.000000,285,0,0,87,113,0,87,15,8,7,0,15,7,7,7,0,0,0,0,0,72,0,72,72,72,0,0,0,0
1573,15000102,100,3,294.828219483749,75.000000000000,32.000000000000,2.188364924746,b7da5fe507eb7549,8d15af1f9d36efa1,cb4a550915043c45,200,140,70.000000,307.550000,302.666648,1.000000,4.300000,347.847948,5.088333,378.253148,4.821429,4.666667,0.000000,0.478764,0.756098,0.372093,0.217845,400,4368,4368,32.000000,0,0,16,16,88,88,12,0,620.000000,675,0,0,74,126,0,74,14,8,6,0,14,6,6,6,0,0,0,0,0,60,0,60,60,60,0,0,0,0
1574,15000103,100,3,457.892726321343,425.000000000000,50.000000000000,2.992335889724,e10720e0d2c8fcae,8d15af1f9d36efa1,1af32075171c8342,200,135,67.500000,318.429630,342.283758,1.000000,4.700000,406.642320,5.306905,379.008118,4.792593,4.970634,0.000000,0.492549,0.758454,0.382044,0.232503,400,4136,4136,32.000000,0,0,16,16,91,91,14,0,628.000000,647,0,0,78,122,0,78,13,6,7,0,13,7,7,7,0,0,0,0,0,65,0,65,65,65,0,0,0,0
1575,15000104,100,3,121.192176991609,75.000000000000,65.000000000000,1.789339398644,9a52abae03db6bea,8d15af1f9d36efa1,67866ab6c46ebcd0,200,181,90.500000,271.524862,243.513043,1.000000,3.600000,282.728802,4.758333,301.834130,4.000000,4.174033,0.000000,0.438760,0.738903,0.355872,0.156177,400,4248,4248,32.000000,0,0,16,16,60,60,14,6,566.000000,724,0,0,38,162,0,38,19,12,7,0,19,7,7,7,0,0,0,0,0,19,0,19,19,19,0,0,0,0
1576,15000105,100,3,455.535903683552,175.000000000000,93.000000000000,1.526181711465,73ab6e6e2927b9f6,8d15af1f9d36efa1,9b9ae900c64c8b33,200,178,89.000000,199.960674,205.455722,1.000000,3.000000,223.129086,4.660000,233.042664,3.101124,4.862319,0.000000,0.498182,0.732620,0.420168,0.173653,400,4520,4520,32.000000,0,0,16,16,56,56,4,0,548.000000,552,0,0,39,161,0,39,17,15,2,0,17,2,2,2,0,0,0,0,0,22,0,22,22,22,0,0,0,0
1577,15000106,100,3,463.686702857987,75.000000000000,69.000000000000,2.260022042351,7ad1396983408a2c,8d15af1f9d36efa1,80a0746f4524593a,200,152,76.000000,224.078947,219.519908,1.000000,3.100000,257.150632,5.453333,251.317122,3.217105,5.288344,0.000000,0.550138,0.749373,0.449944,0.253435,400,4312,4312,32.000000,0,0,16,16,78,78,10,0,598.000000,489,0,0,63,137,0,63,15,10,5,0,15,5,5,5,0,0,0,0,0,48,0,48,48,48,0,0,0,0
1578,15000107,100,3,341.269611222563,75.000000000000,65.000000000000,1.633276483740,fe46bb223a6ec25a,8d15af1f9d36efa1,67595c7a68f3d78,200,146,73.000000,202.410959,202.467859,1.000000,2.700000,220.599416,5.483333,222.034878,2.801370,5.508557,0.000000,0.594648,0.750000,0.494438,0.291161,400,4240,4240,32.000000,0,0,16,16,83,83,2,2,600.000000,409,0,0,68,132,0,68,14,13,1,0,14,1,1,1,0,0,0,0,0,54,0,54,54,54,0,0,0,0
1579,15000108,100,3,64.700034523168,425.000000000000,68.000000000000,1.793045739814,e46a8e76a4644012,8d15af1f9d36efa1,cded8b600091e3f,200,181,90.500000,200.497238,174.812820,1.000000,2.700000,212.625741,3.541667,212.249145,2.773481,3.667331,0.000000,0.523719,0.734043,0.443459,0.192926,400,3880,3880,32.000000,0,0,16,16,56,56,8,2,552.000000,502,0,0,37,163,0,37,18,14,4,0,18,4,4,4,0,0,0,0,0,19,0,19,19,19,0,0,0,0
1580,15000109,100,3,82.690645962624,175.000000000000,88.000000000000,1.910549164780,9b9d263c06cce3bd,8d15af1f9d36efa1,9a844c00c55fe18e,200,200,100.000000,270.515000,280.661422,1.000000,3.800000,308.680254,5.550000,324.717849,4.000000,5.316250,0.000000,0.395770,0.723757,0.333333,0.103139,400,4144,4144,32.000000,0,0,16,16,41,41,10,2,524.000000,800,0,0,20,180,0,20,20,15,5,0,20,5,5,5,0,0,0,0,0,0,0,0,0,0,0,0,0,0
1581,15000110,100,3,498.016919014978,425.000000000000,68.000000000000,2.276245533634,7af0a7de1ea20f3a,8d15af1f9d36efa1,68195725fad3fe74,200,100,50.000000,207.840000,218.032637,1.000000,3.000000,238.753397,4.060000,211.459112,2.760000,3.985507,0.000000,0.715170,0.776036,0.591716,0.486989,400,4016,4016,31.000000,0,0,16,15,128,128,6,16,693.000000,276,0,0,110,90,0,110,10,7,3,0,10,3,3,3,0,0,0,0,0,100,0,100,100,100,0,0,0,0
1582,15000111,100,3,415.163395157504,75.000000000000,66.000000000000,2.021055323047,c9e74b784cbad124,8d15af1f9d36efa1,5d9aafe46a03fc0b,200,145,72.500000,280.606897,267.739612,1.000000,3.900000,335.990517,5.358333,315.319128,3.648276,5.283554,0.000000,0.537183,0.754300,0.430571,0.255977,400,4392,4392,32.000000,0,0,16,16,86,86,10,6,614.000000,529,0,0,69,131,0,69,14,9,5,0,14,5,5,5,0,0,0,0,0,55,0,55,55,55,0,0,0,0
1583,15000112,100,3,299.035199836309,175.000000000000,62.000000000000,1.605110223017,73ffa46388c1d7b5,8d15af1f9d36efa1,fec83faf1e571d8f,200,200,100.000000,244.020000,247.376514,1.000000,3.800000,308.532155,4.850714,299.514419,3.865000,4.430789,0.000000,0.398444,0.719101,0.341006,0.093787,400,4072,4072,32.000000,0,0,16,16,40,40,0,0,512.000000,773,0,0,20,180,0,20,20,20,0,0,20,0,0,0,0,0,0,0,0,0,0,0,0,0,0,0,0,0
1584,15000113,100,3,239.505241144362,325.000000000000,50.000000000000,1.800500290483,e0401ddcaaca9a63,8d15af1f9d36efa1,46c3b313d9f11a06,200,189,94.500000,212.179894,203.906593,1.000000,3.000000,232.561530,5.305000,234.102954,3.042328,4.914783,0.000000,0.482448,0.728261,0.410256,0.153166,400,3960,3960,32.000000,0,0,16,16,50,50,4,2,536.000000,575,0,0,30,170,0,30,19,17,2,0,19,2,2,2,0,0,0,0,0,11,0,11,11,11,0,0,0,0
1585,15000114,100,3,64.569649788260,325.000000000000,87.000000000000,1.763223961460,b049d124ad1f64b6,8d15af1f9d36efa1,74ce4319758bde0b,200,189,94.500000,282.174603,294.644030,1.000000,4.100000,337.725443,5.122381,332.016986,4.179894,4.489873,0.000000,0.411326,0.734043,0.336134,0.131868,400,4296,4296,32.000000,0,0,16,16,51,51,18,0,552.000000,790,0,0,31,169,0,31,20,11,9,0,20,9,9,9,0,0,0,0,0,11,0,11,11,11,0,0,0,0
1586,15000115,100,3,37.287640696599,325.000000000000,87.000000000000,2.198549876930,75df50499bb056ea,8d15af1f9d36efa1,9b022a00c5caecdb,200,194,97.000000,212.680412,215.731603,1.000000,2.900000,241.116453,5.796667,236.304739,2.902062,5.971581,0.000000,0.485845,0.726776,0.415369,0.150830,400,4792,4792,32.000000,0,0,16,16,46,46,8,0,532.000000,563,0,0,26,174,0,26,20,16,4,0,20,4,4,4,0,0,0,0,0,6,0,6,6,6,0,0,0,0
1587,15000116,100,3,298.835687370995,175.000000000000,54.000000000000,1.598070144934,685805ae2965c6a4,8d15af1f9d36efa1,a3d4fc50ea94bb37,200,196,98.000000,197.076531,201.151648,1.000000,2.800000,227.789683,5.396667,224.259503,2.816327,5.260870,0.000000,0.486034,0.722992,0.420168,0.140187,400,4616,4616,32.000000,0,0,16,16,45,45,0,2,522.000000,552,0,0,24,176,0,24,20,20,0,0,20,0,0,0,0,0,0,0,0,4,0,4,4,4,0,0,0,0
1588,15000117,100,3,363.642122169018,175.000000000000,65.000000000000,1.728751442104,da79b81d93f1e6c9,8d15af1f9d36efa1,21746920a7934fcb,200,200,100.000000,272.735000,287.117621,1.000000,4.400000,336.917919,3.709167,344.064974,4.535000,3.874311,0.000000,0.362614,0.720670,0.306044,0.084763,400,3768,3768,32.000000,0,0,16,16,41,41,2,2,516.000000,907,0,0,20,180,0,20,20,19,1,0,20,1,1,1,0,0,0,0,0,0,0,0,0,0,0,0,0,0
1589,15000118,100,3,370.310944256779,425.000000000000,71.000000000000,1.603775141502,6993ec150712b55c,8d15af1f9d36efa1,c2f73d81ed17d1c7,200,171,85.500000,294.830409,301.825291,1.000000,4.600000,367.908542,4.583333,352.961660,4.514620,4.308290,0.000000,0.423881,0.739583,0.341297,0.149780,400,4192,4192,32.000000,0,0,16,16,63,63,10,4,568.000000,772,0,0,45,155,0,45,16,11,5,0,16,5,5,5,0,0,0,0,0,29,0,29,29,29,0,0,0,0
1590,15000119,100,3,489.353342114782,325.000000000000,80.000000000000,2.839991965683,9c141b6ec6ebab0,8d15af1f9d36efa1,92f6fcbbccd22a5f,200,187,93.500000,280.695187,282.322524,1.000000,3.700000,308.759015,6.052381,335.480422,4.139037,5.028424,0.000000,0.413636,0.731903,0.340716,0.128378,400,4664,4664,32.000000,0,0,16,16,54,54,6,2,546.000000,774,0,0,33,167,0,33,20,17,3,0,20,3,3,3,0,0,0,0,0,13,0,13,13,13,0,0,0,0
1591,15000120,100,3,144.692603021278,325.000000000000,55.000000000000,2.501680964153,a1461162bc5509c8,8d15af1f9d36efa1,9a8b0500c5658797,200,183,91.500000,256.743169,260.485173,1.000000,3.500000,288.891549,5.218929,308.163597,3.688525,4.880000,0.000000,0.448980,0.733333,0.372093,0.148802,400,4384,4384,32.000000,0,0,16,16,57,57,4,0,550.000000,675,0,0,37,163,0,37,20,18,2,0,20,2,2,2,0,0,0,0,0,17,0,17,17,17,0,0,0,0
1592,15000121,100,3,3.976259920967,75.000000000000,62.000000000000,2.193498585580,e6ed458308e8443b,8d15af1f9d36efa1,872ca9f6bcf24064,200,149,74.500000,269.093960,238.638293,1.000000,3.800000,265.926902,3.695238,304.066230,4.026846,3.895000,0.000000,0.505359,0.753998,0.400000,0.232737,400,3728,3728,31.000000,0,0,16,15,83,83,16,0,613.000000,600,0,0,67,133,0,67,16,8,8,0,16,8,8,8,0,0,0,0,0,51,0,51,51,51,0,0,0,0
1593,15000122,100,3,393.400154020867,175.000000000000,68.000000000000,2.497166915363,8f36d989450a2e2b,8d15af1f9d36efa1,a5f2716935b3a312,200,193,96.500000,236.321244,246.729333,1.000000,3.500000,278.034623,5.336667,274.965156,3.518135,4.546392,0.000000,0.437448,0.725275,0.370714,0.123871,400,3920,3920,32.000000,0,0,16,16,46,46,4,2,528.000000,679,0,0,26,174,0,26,19,17,2,0,19,2,2,2,0,0,0,0,0,7,0,7,7,7,0,0,0,0
1594,15000123,100,3,262.573611923304,75.000000000000,45.000000000000,1.929372448914,c88609fc768a522e,8d15af1f9d36efa1,15c3c50f2c8711a6,200,177,88.500000,294.028249,299.950751,1.000000,4.300000,341.276158,4.753333,347.957379,4.203390,4.145161,0.000000,0.431193,0.738220,0.349650,0.150685,400,3896,3896,32.000000,0,0,16,16,59,59,14,0,564.000000,744,0,0,41,159,0,41,18,11,7,0,18,7,7,7,0,0,0,0,0,23,0,23,23,23,0,0,0,0
1595,15000124,100,3,421.021835151017,75.000000000000,63.000000000000,2.713034135085,d5a909e5f1b18c38,8d15af1f9d36efa1,a61629db3db1a3a5,200,143,71.500000,240.398601,236.232609,1.000000,3.600000,288.180492,4.533333,269.516199,3.566434,3.729412,0.000000,0.546263,0.754300,0.439560,0.263006,400,3888,3888,32.000000,0,0,16,16,88,88,6,2,614.000000,510,0,0,72,128,0,72,15,12,3,0,15,3,3,3,0,0,0,0,0,57,0,57,57,57,0,0,0,0
1596,15000125,100,3,155.570282548632,325.000000000000,79.000000000000,1.953001282617,39070b6d1d325d9,8d15af1f9d36efa1,792bb850d2999480,200,200,100.000000,206.395000,217.801938,1.000000,2.900000,248.833092,6.050000,241.799690,3.000000,5.366667,0.000000,0.460432,0.719101,0.400000,0.117647,400,4632,4632,32.000000,0,0,16,16,40,40,0,0,512.000000,600,0,0,20,180,0,20,20,20,0,0,20,0,0,0,0,0,0,0,0,0,0,0,0,0,0,0,0,0
1597,15000126,100,3,448.760492071387,175.000000000000,84.000000000000,1.539461697954,5de9d0982fabad53,8d15af1f9d36efa1,20a02cc57af467ae,200,179,89.500000,181.463687,184.397365,0.900000,2.200000,190.522907,5.231481,197.333776,2.519553,4.929047,0.000000,0.535530,0.722222,0.470035,0.163265,400,4088,4088,32.000000,0,0,16,16,40,40,8,2,520.000000,451,0,0,20,161,0,20,19,15,4,0,19,4,4,3,1,0,0,0,0,1,20,1,21,2,19,0,0,0
1598,15000127,100,3,436.683262978934,425.000000000000,71.000000000000,2.238354924041,798251f29cd2eafc,8d15af1f9d36efa1,9a9c3700c5744fc0,200,173,86.500000,197.554913,209.768819,1.000000,2.900000,225.564846,6.308333,228.306249,2.924855,6.045455,0.000000,0.524436,0.736148,0.441501,0.199367,400,4696,4696,32.000000,0,0,16,16,61,61,4,0,558.000000,506,0,0,44,156,0,44,17,15,2,0,17,2,2,2,0,0,0,0,0,27,0,27,27,27,0,0,0,0
1599,15000128,100,3,76.720756582563,325.000000000000,88.000000000000,1.579807166483,b147ef7d14b26489,8d15af1f9d36efa1,3d224fe60a6a0455,200,162,81.000000,219.333333,176.237621,1.000000,2.800000,219.514426,4.550000,248.948562,3.123457,4.367589,0.000000,0.534070,0.743590,0.441501,0.226300,400,4344,4344,32.000000,0,0,16,16,73,73,2,2,580.000000,506,0,0,55,145,0,55,17,16,1,0,17,1,1,1,0,0,0,0,0,38,0,38,38,38,0,0,0,0
1600,15000129,100,3,251.600686790032,325.000000000000,48.000000000000,1.837369730544,f0b1fe40c111b9d5,8d15af1f9d36efa1,491386973edf4aa5,200,200,100.000000,284.135000,289.941295,1.000000,4.200000,345.639685,4.327857,353.567685,4.200000,4.102381,0.000000,0.380531,0.720670,0.322581,0.090909,400,3640,3640,32.000000,0,0,16,16,40,40,4,0,516.000000,840,0,0,20,180,0,20,20,18,2,0,20,2,2,2,0,0,0,0,0,0,0,0,0,0,0,0,0,0
1601,15000130,100,3,396.380828080047,75.000000000000,40.000000000000,2.828375349494,219ccb577ea61c31,8d15af1f9d36efa1,81a337323502751b,200,150,75.000000,205.340000,236.836224,1.000000,3.300000,265.679943,4.238333,229.634579,3.040000,4.177632,0.000000,0.566540,0.748744,0.467290,0.264516,400,4136,4136,32.000000,0,0,16,16,78,78,8,0,596.000000,456,0,0,64,136,0,64,14,10,4,0,14,4,4,4,0,0,0,0,0,50,0,50,50,50,0,0,0,0
1602,15000131,100,3,381.003621674067,425.000000000000,49.000000000000,2.929895936072,4aa81e0f0e442999,8d15af1f9d36efa1,eb6b67621e7ae2bd,200,179,89.500000,287.759777,309.086551,1.000000,4.400000,354.235010,4.520952,348.359802,4.519553,3.885043,0.000000,0.406456,0.734748,0.330852,0.131042,400,4104,4104,32.000000,0,0,16,16,57,57,8,0,554.000000,809,0,0,39,161,0,39,18,14,4,0,18,4,4,4,0,0,0,0,0,21,0,21,21,21,0,0,0,0
1603,15000132,100,3,164.917697807359,425.000000000000,52.000000000000,2.147396826951,fc32d10e62064eef,8d15af1f9d36efa1,f8c799f207f968cb,200,172,86.000000,285.366279,299.152530,1.000000,4.100000,342.028621,5.571667,350.843748,4.191860,5.484050,0.000000,0.435395,0.735450,0.356824,0.146746,400,4168,4168,32.000000,0,0,16,16,61,61,2,2,556.000000,721,0,0,44,156,0,44,16,15,1,0,16,1,1,1,0,0,0,0,0,28,0,28,28,28,0,0,0,0
1604,15000133,100,3,73.263721944957,75.000000000000,60.000000000000,2.159103045090,9a749c810a7d489,8d15af1f9d36efa1,a768f4505b427f19,200,122,61.000000,231.024590,231.953852,1.000000,3.000000,250.612087,6.036667,257.618902,3.147541,5.994792,0.000000,0.630058,0.765808,0.510204,0.366337,400,4360,4360,32.000000,0,0,16,16,108,108,6,0,654.000000,384,0,0,93,107,0,93,15,12,3,0,15,3,3,3,0,0,0,0,0,78,0,78,78,78,0,0,0,0
1605,15000134,100,3,79.413861576812,425.000000000000,47.000000000000,2.702229620959,3da5531e66bf30c0,8d15af1f9d36efa1,5e8fcd50c35a50b8,200,158,79.000000,267.974684,254.726334,1.000000,4.000000,317.707955,4.307143,316.663574,4.031646,3.854003,0.000000,0.480848,0.746835,0.385728,0.198742,400,3896,3896,32.000000,0,0,16,16,74,74,10,0,590.000000,637,0,0,58,142,0,58,16,11,5,0,16,5,5,5,0,0,0,0,0,42,0,42,42,42,0,0,0,0
1606,15000135,100,3,393.357753870259,325.000000000000,63.000000000000,2.695846675367,14dbb01bc27177fa,8d15af1f9d36efa1,fdc0ce16929f9cbb,200,200,100.000000,225.145000,239.187265,1.000000,3.400000,273.616745,5.371667,267.345472,3.400000,4.908824,0.000000,0.431438,0.720670,0.370370,0.109948,400,4296,4296,32.000000,0,0,16,16,40,40,4,0,516.000000,680,0,0,20,180,0,20,20,18,2,0,20,2,2,2,0,0,0,0,0,0,0,0,0,0,0,0,0,0
1607,15000136,100,3,173.781214566068,75.000000000000,52.000000000000,1.509628842400,de7fc5b5fed4cd3b,8d15af1f9d36efa1,1ba56ec83712a64f,200,139,69.500000,208.942446,264.903787,1.000000,3.600000,283.252846,5.966667,254.044088,3.330935,4.887689,0.000000,0.567694,0.752475,0.463499,0.275430,400,4232,4232,32.000000,0,0,16,16,87,87,2,0,608.000000,463,0,0,74,126,0,74,13,12,1,0,13,1,1,1,0,0,0,0,0,61,0,61,61,61,0,0,0,0
1608,15000137,100,3,46.329880913281,75.000000000000,64.000000000000,2.499283071310,d9c061966fa26f27,8d15af1f9d36efa1,904c30ee35709035,200,131,65.500000,316.763359,272.345439,1.000000,3.800000,303.639935,5.573333,358.787454,4.740458,4.466989,0.000000,0.509091,0.763033,0.391773,0.254502,400,4408,4408,32.000000,0,0,16,16,99,99,14,0,644.000000,621,0,0,84,116,0,84,15,8,7,0,15,7,7,7,0,0,0,0,0,69,0,69,69,69,0,0,0,0
1609,15000138,100,3,120.186187252898,75.000000000000,58.000000000000,2.630763339671,e869e1ebe5658599,8d15af1f9d36efa1,d1eaba82d02efc8,200,133,66.500000,226.398496,217.638516,1.000000,3.100000,258.362176,6.031667,255.621485,3.353383,5.605381,0.000000,0.587800,0.760766,0.472813,0.313846,400,4456,4456,32.000000,0,0,16,16,100,100,4,10,636.000000,446,0,0,81,119,0,81,14,12,2,0,14,2,2,2,0,0,0,0,0,67,0,67,67,67,0,0,0,0
1610,15000139,100,3,31.142921186866,425.000000000000,60.000000000000,2.559447615229,6e0ae1bd712455d9,8d15af1f9d36efa1,9b5a9e00c61627cd,200,172,86.000000,275.523256,262.003234,1.000000,3.900000,313.852810,5.132143,317.481393,4.040698,4.369784,0.000000,0.451460,0.740933,0.365297,0.167665,400,4112,4112,32.000000,0,0,16,16,64,64,12,0,572.000000,695,0,0,46,154,0,46,18,12,6,0,18,6,6,6,0,0,0,0,0,28,0,28,28,28,0,0,0,0
1611,15000140,100,3,105.481099677180,325.000000000000,88.000000000000,1.533488202061,3db5b21a4b2b8713,8d15af1f9d36efa1,23778ee9228e3a74,200,200,100.000000,262.965000,273.970266,1.000000,4.100000,326.981362,4.125000,325.877810,4.165000,4.241297,0.000000,0.382506,0.720670,0.324412,0.091603,400,3768,3768,32.000000,0,0,16,16,40,40,4,0,516.000000,833,0,0,20,180,0,20,20,18,2,0,20,2,2,2,0,0,0,0,0,0,0,0,0,0,0,0,0,0
1612,15000141,100,3,47.568228108940,325.000000000000,87.000000000000,1.660691160219,cc272c8e0f3c8474,8d15af1f9d36efa1,8a610b16afa1ae23,200,174,87.000000,264.919540,291.304794,0.900000,3.800000,335.430562,4.750000,315.485077,4.212644,4.469304,0.000000,0.420553,0.726776,0.353045,0.120048,400,4056,4056,32.000000,0,0,16,16,45,45,10,2,532.000000,733,0,0,25,156,0,25,19,14,5,0,19,5,5,4,1,0,0,0,0,6,20,6,26,7,19,0,0,0
1613,15000142,100,3,66.763964397330,175.000000000000,78.000000000000,1.673076634075,6c0eeb9fba94f4e,8d15af1f9d36efa1,47dd34fff73d863,200,156,78.000000,234.006410,241.939175,1.000000,3.500000,267.423567,4.696429,277.680853,3.698718,4.313692,0.000000,0.505146,0.746515,0.409417,0.214966,400,4000,4000,31.000000,0,0,16,15,75,75,8,2,589.000000,577,0,0,59,141,0,59,15,11,4,0,15,4,4,4,0,0,0,0,0,44,0,44,44,44,0,0,0,0
1614,15000143,100,3,289.011573040130,175.000000000000,48.000000000000,2.088019305039,2a3ecfa87a425e44,8d15af1f9d36efa1,893644f70901b2a,200,172,86.000000,225.093023,230.542705,1.000000,3.400000,274.284493,4.941667,265.554836,3.418605,5.149660,0.000000,0.484211,0.734043,0.404858,0.169492,400,3904,3904,32.000000,0,0,16,16,60,60,0,0,552.000000,588,0,0,44,156,0,44,16,16,0,0,16,0,0,0,0,0,0,0,0,28,0,28,28,28,0,0,0,0
1615,15000144,100,3,149.089778871758,75.000000000000,53.000000000000,2.266048368591,4b6cfaf6972ca0a2,8d15af1f9d36efa1,4028af6724e0ba6,200,179,89.500000,232.100559,234.267877,1.000000,3.500000,277.756042,4.585000,267.933683,3.480447,4.340289,0.000000,0.469787,0.734043,0.391007,0.161507,400,4136,4136,32.000000,0,0,16,16,55,55,10,0,552.000000,623,0,0,38,162,0,38,17,12,5,0,17,5,5,5,0,0,0,0,0,21,0,21,21,21,0,0,0,0
1616,15000145,100,3,251.019943288464,75.000000000000,42.000000000000,1.687822178330,6f3beaf6b9d69bc,8d15af1f9d36efa1,25aa83847588ba2b,200,164,82.000000,341.896341,364.699787,1.000000,5.000000,427.768987,5.858095,407.150075,5.201220,4.647128,0.000000,0.410504,0.748111,0.319234,0.159606,400,4168,4168,32.000000,0,0,16,16,71,71,20,2,594.000000,853,0,0,53,147,0,53,17,7,10,0,17,10,10,10,0,0,0,0,0,36,0,36,36,36,0,0,0,0
1617,15000146,100,3,389.754324626686,75.000000000000,55.000000000000,2.072596094245,ced40dbd8895dfc4,8d15af1f9d36efa1,398cfc120f5c1d0b,200,161,80.500000,306.913043,279.885586,1.000000,4.500000,349.210572,4.330952,360.703392,4.782609,3.967532,0.000000,0.432990,0.746193,0.341880,0.168467,400,4104,4104,32.000000,0,0,16,16,71,71,14,4,588.000000,770,0,0,54,146,0,54,15,8,7,0,15,7,7,7,0,0,0,0,0,39,0,39,39,39,0,0,0,0
1618,15000147,100,3,496.833682611508,325.000000000000,83.000000000000,2.584463788464,b69e78525f0f9917,8d15af1f9d36efa1,2e04bba22e6426a4,200,195,97.500000,241.005128,238.205973,1.000000,3.600000,269.663949,4.490000,284.741009,3.682051,4.207521,0.000000,0.423756,0.725275,0.357782,0.117936,400,4024,4024,32.000000,0,0,16,16,45,45,6,0,528.000000,718,0,0,25,175,0,25,20,17,3,0,20,3,3,3,0,0,0,0,0,5,0,5,5,5,0,0,0,0
1619,15000148,100,3,305.904922600614,175.000000000000,58.000000000000,2.277170065006,c7cdcb00e8289722,8d15af1f9d36efa1,bc192a54db8c38bd,200,199,99.500000,268.814070,287.861766,1.000000,3.900000,316.439709,5.766667,337.002998,4.170854,4.932530,0.000000,0.381981,0.719495,0.325203,0.089912,400,4344,4344,31.000000,0,0,16,15,41,41,0,0,513.000000,830,0,0,21,179,0,21,20,20,0,0,20,0,0,0,0,0,0,0,0,1,0,1,1,1,0,0,0,0
1620,15000149,100,3,149.490217050005,175.000000000000,57.000000000000,2.849992744889,b9fb6739f4ac5801,8d15af1f9d36efa1,33219b50aab800e1,200,198,99.000000,228.267677,231.279225,1.000000,3.300000,267.526284,5.673333,266.391041,3.500000,4.926407,0.000000,0.428689,0.722222,0.365965,0.112676,400,4032,4032,32.000000,0,0,16,16,43,43,2,2,520.000000,693,0,0,22,178,0,22,20,19,1,0,20,1,1,1,0,0,0,0,0,2,0,2,2,2,0,0,0,0
1621,15000150,100,3,368.370246670919,75.000000000000,58.000000000000,1.944905245020,297161bae1a7f1f0,8d15af1f9d36efa1,e578f35214375c15,200,153,76.500000,271.444444,279.613199,1.000000,4.100000,326.266443,4.895952,316.717354,4.143791,4.096215,0.000000,0.487055,0.750623,0.386847,0.211443,400,4136,4136,32.000000,0,0,16,16,81,81,8,0,602.000000,634,0,0,64,136,0,64,17,13,4,0,17,4,4,4,0,0,0,0,0,47,0,47,47,47,0,0,0,0
1622,15000151,100,3,176.941118758193,175.000000000000,66.000000000000,1.938608299041,fd91b5d887fd8fc2,8d15af1f9d36efa1,a936884f3a8686fe,200,200,100.000000,177.825000,177.051868,1.000000,2.500000,194.234132,5.300000,197.617128,2.535000,4.974359,0.000000,0.502453,0.719101,0.441014,0.136286,400,4240,4240,32.000000,0,0,16,16,40,40,0,0,512.000000,507,0,0,20,180,0,20,20,20,0,0,20,0,0,0,0,0,0,0,0,0,0,0,0,0,0,0,0,0
1623,15000152,100,3,428.367784634745,425.000000000000,60.000000000000,2.037986823651,ddc3f96700605883,8d15af1f9d36efa1,9a87c000c562dc81,200,104,52.000000,282.894231,272.692792,1.000000,4.100000,314.284716,5.006905,330.972054,4.182692,4.374713,0.000000,0.609164,0.772210,0.479042,0.361233,400,3952,3952,32.000000,0,0,16,16,118,118,10,0,678.000000,435,0,0,107,93,0,107,11,6,5,0,11,5,5,5,0,0,0,0,0,96,0,96,96,96,0,0,0,0
1624,15000153,100,3,338.381849789256,425.000000000000,40.000000000000,2.742951540879,fffb38470a00e01,8d15af1f9d36efa1,9b0c0d00c5d31019,200,91,45.500000,214.285714,269.257661,0.900000,3.300000,287.369645,5.166667,221.260834,2.934066,5.014981,0.000000,0.712594,0.767981,0.599700,0.462777,400,4336,4336,32.000000,0,0,16,16,112,112,6,4,662.000000,267,0,0,101,81,0,100,11,8,3,0,11,3,3,2,1,0,0,0,0,90,20,89,109,91,18,0,0,0
1625,15000154,100,3,225.848854859996,75.000000000000,37.000000000000,1.973992484317,b22912ad3a23af5,8d15af1f9d36efa1,640c25daaf2e962d,200,160,80.000000,291.406250,280.228460,1.000000,4.100000,328.228048,4.084048,348.379063,4.450000,3.810393,0.000000,0.450617,0.744898,0.359712,0.175926,400,3968,3968,32.000000,0,0,16,16,73,73,6,2,584.000000,712,0,0,56,144,0,56,16,13,3,0,16,3,3,3,0,0,0,0,0,40,0,40,40,40,0,0,0,0
1626,15000155,100,3,209.671267922842,175.000000000000,60.000000000000,1.601687186489,d8c6ce97f0db4b03,8d15af1f9d36efa1,f1dd0a1333879145,200,200,100.000000,237.195000,255.958236,1.000000,3.600000,282.027490,4.775000,288.082822,3.700000,4.405405,0.000000,0.408946,0.719101,0.350877,0.097561,400,4112,4112,32.000000,0,0,16,16,40,40,0,0,512.000000,740,0,0,20,180,0,20,20,20,0,0,20,0,0,0,0,0,0,0,0,0,0,0,0,0,0,0,0,0
1627,15000156,100,3,105.962485522701,175.000000000000,61.000000000000,2.890209241825,4af0a24cd55290f,8d15af1f9d36efa1,a102ed4dca4a1cc2,200,198,99.000000,285.404040,311.686620,1.000000,4.300000,354.361267,4.508333,341.959958,4.378788,4.087659,0.000000,0.376707,0.723757,0.315706,0.095933,400,3904,3904,32.000000,0,0,16,16,43,43,6,2,524.000000,867,0,0,22,178,0,22,20,17,3,0,20,3,3,3,0,0,0,0,0,2,0,2,2,2,0,0,0,0
1628,15000157,100,3,446.318588299272,325.000000000000,75.000000000000,2.357802575734,57a4a689d8667b4b,8d15af1f9d36efa1,449d5bab74cb2804,200,191,95.500000,263.565445,280.074453,1.000000,3.800000,310.436872,5.455000,319.167880,3.764398,5.250348,0.000000,0.429818,0.730458,0.357462,0.132690,400,4192,4192,32.000000,0,0,16,16,54,54,2,10,542.000000,719,0,0,29,171,0,29,20,19,1,0,20,1,1,1,0,0,0,0,0,9,0,9,9,9,0,0,0,0
1629,15000158,100,3,1.749693191340,325.000000000000,84.000000000000,1.986625508335,72fcd002b84f1aa,8d15af1f9d36efa1,75cd9bac5eb0b655,200,190,95.000000,253.336842,253.682194,1.000000,3.500000,292.436843,5.023333,304.594252,3.615789,4.858806,0.000000,0.439184,0.728997,0.367985,0.133670,400,4160,4160,32.000000,0,0,16,16,50,50,6,0,538.000000,687,0,0,30,170,0,30,20,17,3,0,20,3,3,3,0,0,0,0,0,10,0,10,10,10,0,0,0,0
1630,15000159,100,3,13.255605188846,75.000000000000,59.000000000000,2.859765635862,fa13193b3f2b9464,8d15af1f9d36efa1,f71b8f5088e4d679,200,149,74.500000,306.892617,282.730712,1.000000,4.300000,343.720533,4.467857,347.839938,4.315436,4.269051,0.000000,0.488465,0.754300,0.383509,0.220606,400,4232,4232,32.000000,0,0,16,16,82,82,18,2,614.000000,643,0,0,66,134,0,66,15,6,9,0,15,9,9,9,0,0,0,0,0,51,0,51,51,51,0,0,0,0
1631,15000160,100,3,30.422924421500,325.000000000000,83.000000000000,2.620396714530,5e97a621c28cb12d,8d15af1f9d36efa1,8f7ac44f2c0594e9,200,190,95.000000,284.821053,268.373383,1.000000,4.100000,317.026141,4.645000,331.058331,4.394737,4.092216,0.000000,0.394928,0.731544,0.323887,0.120126,400,4184,4184,31.000000,0,0,16,15,52,52,10,4,545.000000,835,0,0,30,170,0,30,20,15,5,0,20,5,5,5,0,0,0,0,0,10,0,10,10,10,0,0,0,0
1632,15000161,100,3,352.650538060584,75.000000000000,40.000000000000,2.703191883518,838119a1693627ef,8d15af1f9d36efa1,3ece9d73bc7162ef,200,157,78.500000,239.165605,266.224759,1.000000,3.800000,297.913221,4.257619,272.566595,3.643312,4.353147,0.000000,0.508591,0.747475,0.411523,0.218579,400,3528,3528,32.000000,0,0,16,16,75,75,10,0,592.000000,572,0,0,59,141,0,59,16,11,5,0,16,5,5,5,0,0,0,0,0,43,0,43,43,43,0,0,0,0
1633,15000162,100,3,405.998479580838,325.000000000000,76.000000000000,2.843413837279,9ebd611bb7e34885,8d15af1f9d36efa1,e160db23f122681d,200,186,93.000000,214.446237,238.578472,1.000000,3.400000,267.372039,5.941667,257.470244,3.354839,5.485577,0.000000,0.460208,0.726776,0.390625,0.138122,400,4504,4504,32.000000,0,0,16,16,50,50,0,0,532.000000,624,0,0,32,168,0,32,18,18,0,0,18,0,0,0,0,0,0,0,0,14,0,14,14,14,0,0,0,0
1634,15000163,100,3,459.025072708799,75.000000000000,64.000000000000,2.045270230316,a90e00d734f512ef,8d15af1f9d36efa1,97420d16a4b25157,200,116,58.000000,262.965517,236.289102,0.900000,2.800000,240.866483,3.879630,294.938862,3.663793,4.974118,0.000000,0.609734,0.768519,0.484848,0.353120,400,3856,3856,32.000000,0,0,16,16,110,110,12,0,664.000000,425,0,0,97,103,0,97,13,7,6,0,13,6,6,6,0,0,0,0,0,84,20,64,84,84,0,0,0,0
1635,15000164,100,3,43.460873261496,175.000000000000,89.000000000000,1.667121605811,992f872b4b9aaec3,8d15af1f9d36efa1,be661e4fd786b820,200,196,98.000000,220.709184,210.869073,1.000000,3.100000,243.481663,4.725000,247.511209,3.214286,4.933333,0.000000,0.456897,0.726027,0.388350,0.134615,400,4176,4176,32.000000,0,0,16,16,44,44,10,0,530.000000,630,0,0,24,176,0,24,20,15,5,0,20,5,5,5,0,0,0,0,0,4,0,4,4,4,0,0,0,0
1636,15000165,100,3,229.079556468125,75.000000000000,37.000000000000,2.013799418132,142dfc2cd635a665,8d15af1f9d36efa1,92a9ef4fbea24c11,200,109,54.500000,273.834862,254.266618,1.000000,3.600000,292.630702,5.108333,314.458196,3.880734,4.891253,0.000000,0.611570,0.769053,0.486027,0.356164,400,4328,4328,32.000000,0,0,16,16,116,116,2,6,666.000000,423,0,0,102,98,0,102,11,10,1,0,11,1,1,1,0,0,0,0,0,91,0,91,91,91,0,0,0,0
1637,15000166,100,3,379.946075419680,175.000000000000,80.000000000000,1.700823927084,a33be6dba83428c6,8d15af1f9d36efa1,bfd3ddfebb1e6880,200,194,97.000000,244.134021,247.774010,1.000000,3.400000,290.064283,4.840000,287.932797,3.396907,4.980273,0.000000,0.442942,0.723757,0.377715,0.122503,400,4080,4080,32.000000,0,0,16,16,46,46,0,0,524.000000,659,0,0,26,174,0,26,20,20,0,0,20,0,0,0,0,0,0,0,0,6,0,6,6,6,0,0,0,0
1638,15000167,100,3,203.268323200679,75.000000000000,35.000000000000,2.409874736697,a8f6eb9157ccded0,8d15af1f9d36efa1,9a65b900c545ea36,200,135,67.500000,243.822222,263.393799,1.000000,3.500000,291.294017,4.740000,275.000384,3.503704,4.207188,0.000000,0.569609,0.757869,0.458190,0.290855,400,4104,4104,32.000000,0,0,16,16,94,94,6,2,626.000000,473,0,0,79,121,0,79,14,11,3,0,14,3,3,3,0,0,0,0,0,65,0,65,65,65,0,0,0,0
1639,15000168,100,3,330.508238373970,325.000000000000,61.000000000000,2.165426557402,7bb714a7eba4da20,8d15af1f9d36efa1,9b20a800c5e4c084,200,200,100.000000,244.555000,259.235540,1.000000,3.600000,288.864955,6.540000,293.079616,3.700000,5.297297,0.000000,0.409888,0.719888,0.350877,0.099757,400,4384,4384,32.000000,0,0,16,16,40,40,2,0,514.000000,740,0,0,20,180,0,20,20,19,1,0,20,1,1,1,0,0,0,0,0,0,0,0,0,0,0,0,0,0
1640,15000169,100,3,114.605886723242,75.000000000000,51.000000000000,2.652488754361,d8d27a14e49160c3,8d15af1f9d36efa1,52c7af964556d895,200,140,70.000000,194.014286,212.436490,1.000000,2.900000,232.512253,5.228333,202.240321,2.571429,4.888889,0.000000,0.631902,0.755501,0.526316,0.340659,400,4152,4152,32.000000,0,0,16,16,88,88,10,0,618.000000,360,0,0,74,126,0,74,14,9,5,0,14,5,5,5,0,0,0,0,0,60,0,60,60,60,0,0,0,0
1641,15000170,100,3,63.567381640175,175.000000000000,77.000000000000,2.673498051856,e3d1f33ac39ce996,8d15af1f9d36efa1,9af14c00c5bcb36e,200,181,90.500000,216.303867,212.634925,1.000000,3.000000,240.116093,4.501667,246.410382,3.066298,4.628829,0.000000,0.500450,0.735450,0.418848,0.182622,400,4432,4432,32.000000,0,0,16,16,59,59,6,0,556.000000,555,0,0,39,161,0,39,20,17,3,0,20,3,3,3,0,0,0,0,0,19,0,19,19,19,0,0,0,0
1642,15000171,100,3,92.059106600901,325.000000000000,72.000000000000,2.308952575592,516df0db8d379fb8,8d15af1f9d36efa1,d9507093574e77e0,200,188,94.000000,253.925532,241.925497,1.000000,3.400000,282.020080,4.251667,280.206245,3.765957,3.802260,0.000000,0.451163,0.744246,0.361011,0.174825,400,3896,3896,32.000000,0,0,16,16,70,70,10,40,582.000000,708,0,0,31,169,0,31,19,14,5,0,19,5,5,5,0,0,0,0,0,12,0,12,12,12,0,0,0,0
1643,15000172,100,3,324.609589441003,425.000000000000,43.000000000000,2.745584520121,143fa6c5745b9450,8d15af1f9d36efa1,e0b0434fead8b4fa,200,141,70.500000,253.276596,257.881787,1.000000,3.800000,302.611751,5.868333,308.826509,3.843972,4.970480,0.000000,0.539898,0.760766,0.424628,0.273458,400,4608,4608,32.000000,0,0,16,16,100,100,4,34,636.000000,542,0,0,71,129,0,71,12,10,2,0,12,2,2,2,0,0,0,0,0,59,0,59,59,59,0,0,0,0
1644,15000173,100,3,346.597177577832,325.000000000000,52.000000000000,2.864633543425,250e1551dff6f80e,8d15af1f9d36efa1,500ea773fbfa6939,200,186,93.000000,238.559140,271.709663,1.000000,3.700000,299.274331,5.638571,289.347247,3.639785,5.150665,0.000000,0.440033,0.726776,0.371402,0.128700,400,4528,4528,32.000000,0,0,16,16,50,50,0,0,532.000000,677,0,0,32,168,0,32,18,18,0,0,18,0,0,0,0,0,0,0,0,14,0,14,14,14,0,0,0,0
1645,15000174,100,3,65.903252129183,425.000000000000,52.000000000000,2.714118441954,c87b03108b694cb4,8d15af1f9d36efa1,e4fa8906e9016206,200,159,79.500000,256.660377,264.361299,1.000000,3.800000,310.981733,6.070000,312.284869,3.886792,6.019417,0.000000,0.485857,0.744898,0.392927,0.197403,400,4360,4360,32.000000,0,0,16,16,73,73,6,0,584.000000,618,0,0,57,143,0,57,16,13,3,0,16,3,3,3,0,0,0,0,0,41,0,41,41,41,0,0,0,0
1646,15000175,100,3,234.345907405586,425.000000000000,35.000000000000,2.162395898903,dd7863207e9cf4f4,8d15af1f9d36efa1,d57fe2c3e182d4bf,200,158,79.000000,254.778481,245.900003,1.000000,3.400000,280.690257,5.795476,286.139933,3.525316,5.138241,0.000000,0.515231,0.747475,0.417973,0.223152,400,4432,4432,32.000000,0,0,16,16,75,75,10,2,592.000000,557,0,0,58,142,0,58,16,11,5,0,16,5,5,5,0,0,0,0,0,42,0,42,42,42,0,0,0,0
1647,15000176,100,3,94.323940453944,425.000000000000,66.000000000000,2.115740946752,57b3f5b537f1e235,8d15af1f9d36efa1,51ac4accfb2cba7,200,140,70.000000,204.264286,227.168531,1.000000,3.300000,269.700358,5.328333,227.207612,2.835714,5.249370,0.000000,0.608867,0.755501,0.501882,0.319039,400,4496,4496,32.000000,0,0,16,16,90,90,6,0,618.000000,397,0,0,75,125,0,75,15,12,3,0,15,3,3,3,0,0,0,0,0,60,0,60,60,60,0,0,0,0
1648,15000177,100,3,25.903664580026,175.000000000000,91.000000000000,2.180258244466,dd9cb01d41dd9467,8d15af1f9d36efa1,6cc67dde82be074e,200,197,98.500000,282.152284,289.721225,1.000000,4.100000,321.923383,5.290000,328.837506,4.203046,5.333333,0.000000,0.392070,0.727520,0.325733,0.109677,400,4488,4488,32.000000,0,0,16,16,44,44,14,2,534.000000,828,0,0,23,177,0,23,20,13,7,0,20,7,7,7,0,0,0,0,0,3,0,3,3,3,0,0,0,0
1649,15000178,100,3,316.210299270911,175.000000000000,53.000000000000,2.575816228372,250a9fa6a78e06ad,8d15af1f9d36efa1,6e3e5048ff7b041e,200,192,96.000000,286.500000,293.095409,1.000000,4.400000,345.090164,4.205000,349.063701,4.494792,4.285052,0.000000,0.383131,0.728261,0.316706,0.107549,400,3736,3736,32.000000,0,0,16,16,48,48,8,0,536.000000,863,0,0,28,172,0,28,20,16,4,0,20,4,4,4,0,0,0,0,0,8,0,8,8,8,0,0,0,0
1650,15000179,100,3,113.833756183177,75.000000000000,57.000000000000,2.454586003896,93697416c48952e0,8d15af1f9d36efa1,abe29a576fa3684,200,164,82.000000,270.871951,303.735926,1.000000,4.300000,351.063007,4.462302,325.004715,4.201220,4.294630,0.000000,0.454473,0.741602,0.367309,0.170878,400,3728,3728,32.000000,0,0,16,16,66,66,10,0,574.000000,689,0,0,51,149,0,51,15,10,5,0,15,5,5,5,0,0,0,0,0,36,0,36,36,36,0,0,0,0
1651,15000180,100,3,417.236666311632,175.000000000000,75.000000000000,2.337636381676,584f3ea7b36c7db3,8d15af1f9d36efa1,81101550d6da187b,200,166,83.000000,267.873494,272.887120,1.000000,3.800000,307.756954,5.238571,322.654919,3.963855,4.924012,0.000000,0.465909,0.741602,0.378072,0.177500,400,3984,3984,32.000000,0,0,16,16,69,69,4,2,574.000000,658,0,0,51,149,0,51,17,15,2,0,17,2,2,2,0,0,0,0,0,34,0,34,34,34,0,0,0,0
1652,15000181,100,3,101.661700575816,75.000000000000,44.000000000000,2.946301975582,937544b8bbac8ea9,8d15af1f9d36efa1,1ee9af5e872b3e0a,200,155,77.500000,246.909677,254.451320,1.000000,3.800000,291.520059,3.840000,286.775871,3.903226,3.595041,0.000000,0.493724,0.746835,0.398010,0.207077,400,3944,3944,32.000000,0,0,16,16,76,76,6,2,590.000000,605,0,0,60,140,0,60,15,12,3,0,15,3,3,3,0,0,0,0,0,45,0,45,45,45,0,0,0,0
1653,15000182,100,3,174.676587410954,175.000000000000,61.000000000000,1.897654047337,7e483b60d44ac909,8d15af1f9d36efa1,9b1d4600c5e1e427,200,200,100.000000,275.475000,284.196143,1.000000,4.300000,337.017640,4.643214,340.902847,4.430000,4.564334,0.000000,0.368046,0.720670,0.311042,0.086598,400,3936,3936,32.000000,0,0,16,16,40,40,4,0,516.000000,886,0,0,20,180,0,20,20,18,2,0,20,2,2,2,0,0,0,0,0,0,0,0,0,0,0,0,0,0
1654,15000183,100,3,191.555383685213,75.000000000000,54.000000000000,1.605450420014,a1dce1aef55cccb9,8d15af1f9d36efa1,9b7fbc00c6357704,200,175,87.500000,193.011429,197.217534,1.000000,2.800000,223.996095,4.845000,221.689641,2.845714,4.590361,0.000000,0.525714,0.734043,0.445434,0.194175,400,4280,4280,32.000000,0,0,16,16,59,59,2,0,552.000000,498,0,0,42,158,0,42,17,16,1,0,17,1,1,1,0,0,0,0,0,25,0,25,25,25,0,0,0,0
1655,15000184,100,3,213.957221072992,75.000000000000,41.000000000000,2.203587539628,b5a32d3b8603c498,8d15af1f9d36efa1,d71c6caa89e409ec,200,160,80.000000,257.918750,275.360571,1.000000,4.000000,316.599448,5.388333,324.559059,4.000000,5.259375,0.000000,0.475410,0.743590,0.384615,0.187817,400,4000,4000,32.000000,0,0,16,16,72,72,4,0,580.000000,640,0,0,56,144,0,56,16,14,2,0,16,2,2,2,0,0,0,0,0,40,0,40,40,40,0,0,0,0
1656,15000185,100,3,443.505076409358,325.000000000000,85.000000000000,2.347380575009,cccdce961f1b3300,8d15af1f9d36efa1,bba68474c9dc1834,200,195,97.500000,266.266667,279.244478,1.000000,4.200000,328.015965,4.383333,327.638532,4.394872,4.228705,0.000000,0.383009,0.726776,0.318218,0.104493,400,4248,4248,32.000000,0,0,16,16,45,45,10,0,532.000000,857,0,0,25,175,0,25,20,15,5,0,20,5,5,5,0,0,0,0,0,5,0,5,5,5,0,0,0,0
1657,15000186,100,3,176.870230060616,175.000000000000,65.000000000000,2.228505275056,c7656a3a56102e87,8d15af1f9d36efa1,e1cf2a33e0d16a80,200,187,93.500000,288.304813,304.918522,1.000000,4.400000,345.390721,5.038333,354.858862,4.449198,4.790865,0.000000,0.393586,0.729730,0.324675,0.114894,400,4208,4208,32.000000,0,0,16,16,53,53,2,0,540.000000,832,0,0,33,167,0,33,20,19,1,0,20,1,1,1,0,0,0,0,0,13,0,13,13,13,0,0,0,0
1658,15000187,100,3,365.613396120742,175.000000000000,60.000000000000,2.997634416474,ffd2169a0ec2b107,8d15af1f9d36efa1,16338cf7db658ad4,200,191,95.500000,288.869110,306.801438,1.000000,4.100000,352.186237,5.556667,356.254266,4.424084,4.902959,0.000000,0.389009,0.728997,0.321285,0.111462,400,4344,4344,32.000000,0,0,16,16,49,49,8,0,538.000000,845,0,0,29,171,0,29,20,16,4,0,20,4,4,4,0,0,0,0,0,9,0,9,9,9,0,0,0,0
1659,15000188,100,3,134.963196873109,325.000000000000,65.000000000000,2.401172457735,ebebe33211a12349,8d15af1f9d36efa1,272cf167a5d424ac,200,191,95.500000,283.607330,316.651711,1.000000,4.400000,360.288108,5.133333,361.271790,4.513089,4.546404,0.000000,0.378963,0.724518,0.316957,0.098326,400,3848,3848,32.000000,0,0,16,16,47,47,0,0,526.000000,862,0,0,28,172,0,28,19,19,0,0,19,0,0,0,0,0,0,0,0,9,0,9,9,9,0,0,0,0
1660,15000189,100,3,135.323742725757,175.000000000000,43.000000000000,2.964107409015,630dd4edbabe08ce,8d15af1f9d36efa1,c038afabec830d50,200,200,100.000000,252.495000,248.169092,1.000000,3.700000,309.770962,4.641667,306.189516,3.900000,4.246154,0.000000,0.399076,0.721448,0.338983,0.099307,400,4088,4088,32.000000,0,0,16,16,40,40,6,0,518.000000,780,0,0,20,180,0,20,20,17,3,0,20,3,3,3,0,0,0,0,0,0,0,0,0,0,0,0,0,0
1661,15000190,100,3,66.611296582461,75.000000000000,61.000000000000,1.815003952262,51133bf0a92a4c96,8d15af1f9d36efa1,b3df0d7b7b3426f7,200,146,73.000000,284.184932,281.652700,1.000000,4.200000,344.725683,4.651786,324.955227,3.876712,4.337456,0.000000,0.521959,0.755501,0.414079,0.247340,400,4000,4000,32.000000,0,0,16,16,88,88,10,4,618.000000,566,0,0,70,130,0,70,16,11,5,0,16,5,5,5,0,0,0,0,0,54,0,54,54,54,0,0,0,0
1662,15000191,100,3,315.326832722306,325.000000000000,73.000000000000,1.692565641921,ca89ec815a3a9df8,8d15af1f9d36efa1,abab0daa713f37c7,200,194,97.000000,282.742268,300.953006,1.000000,4.300000,345.656797,4.959524,352.199902,4.314433,4.618877,0.000000,0.386813,0.725275,0.323363,0.102894,400,4080,4080,32.000000,0,0,16,16,46,46,4,0,528.000000,837,0,0,26,174,0,26,20,18,2,0,20,2,2,2,0,0,0,0,0,6,0,6,6,6,0,0,0,0
1663,15000192,100,3,342.660972383319,75.000000000000,41.000000000000,2.671828696543,d0195111fbeee8e1,8d15af1f9d36efa1,3b07e3d63d58e8ff,200,184,92.000000,279.293478,283.873962,1.000000,4.000000,326.592401,5.284524,323.713778,4.173913,4.744792,0.000000,0.420814,0.736148,0.342466,0.140940,400,4312,4312,32.000000,0,0,16,16,54,54,18,0,558.000000,768,0,0,35,165,0,35,19,10,9,0,19,9,9,9,0,0,0,0,0,16,0,16,16,16,0,0,0,0
1664,15000193,100,3,76.260035291301,75.000000000000,68.000000000000,1.781102079802,c1bdac19de081f66,8d15af1f9d36efa1,e9d0d54ff026011f,200,171,85.500000,245.245614,233.526719,1.000000,3.500000,275.450030,4.694286,274.543196,3.514620,5.013311,0.000000,0.487639,0.740933,0.399600,0.188934,400,4152,4152,32.000000,0,0,16,16,62,62,16,2,572.000000,601,0,0,45,155,0,45,16,8,8,0,16,8,8,8,0,0,0,0,0,29,0,29,29,29,0,0,0,0
1665,15000194,100,3,182.195081199078,75.000000000000,39.000000000000,2.483554638738,b04955376c629907,8d15af1f9d36efa1,9b086c00c5cfc8af,200,125,62.500000,221.440000,266.528705,1.000000,3.600000,297.232792,5.646667,234.577081,2.840000,5.059155,0.000000,0.643216,0.761905,0.529801,0.369449,400,4184,4184,32.000000,0,0,16,16,103,103,2,8,640.000000,355,0,0,87,113,0,87,12,11,1,0,12,1,1,1,0,0,0,0,0,75,0,75,75,75,0,0,0,0
1666,15000195,100,3,407.234703019351,175.000000000000,65.000000000000,2.554100442143,a0ca1b38513c7661,8d15af1f9d36efa1,a460c66ee3f990b8,200,198,99.000000,288.085859,300.417838,1.000000,4.300000,346.131082,4.874762,347.535213,4.454545,4.604308,0.000000,0.373580,0.724518,0.312012,0.096311,400,3872,3872,32.000000,0,0,16,16,42,42,10,0,526.000000,882,0,0,22,178,0,22,20,15,5,0,20,5,5,5,0,0,0,0,0,2,0,2,2,2,0,0,0,0
1667,15000196,100,3,455.888546371935,425.000000000000,54.000000000000,2.796186102587,60e79ff4704ff7ca,8d15af1f9d36efa1,74d88231f98fdac3,200,76,38.000000,309.171053,270.248424,1.000000,4.000000,305.152765,4.510238,326.590935,4.131579,4.289809,0.000000,0.699809,0.785408,0.560224,0.488599,400,3896,3896,32.000000,0,0,16,16,143,143,14,2,732.000000,314,0,0,133,67,0,133,9,2,7,0,9,7,7,7,0,0,0,0,0,124,0,124,124,124,0,0,0,0
1668,15000197,100,3,243.948885107341,175.000000000000,55.000000000000,1.928590805082,891fae0dfc8e38d7,8d15af1f9d36efa1,8ec09f504dabb2a8,200,194,97.000000,293.041237,306.764647,1.000000,4.100000,336.551081,4.845000,350.997468,4.164948,4.462871,0.000000,0.395210,0.725275,0.331126,0.106195,400,4104,4104,32.000000,0,0,16,16,47,47,2,2,528.000000,808,0,0,26,174,0,26,20,19,1,0,20,1,1,1,0,0,0,0,0,6,0,6,6,6,0,0,0,0
1669,15000198,100,3,452.506367941143,425.000000000000,68.000000000000,2.291269033137,ccf37b83124a8b7f,8d15af1f9d36efa1,9b199000c5de790e,200,77,38.500000,241.714286,191.815239,1.000000,2.700000,221.444343,4.980000,252.231141,3.064935,4.826271,0.000000,0.762097,0.790795,0.628931,0.578571,400,4608,4608,32.000000,0,0,16,16,162,162,0,38,756.000000,236,0,0,133,67,0,133,10,10,0,0,10,0,0,0,0,0,0,0,0,123,0,123,123,123,0,0,0,0
1670,15000199,100,3,132.146671063475,425.000000000000,64.000000000000,1.642799278288,ddfb9e8979b7672f,8d15af1f9d36efa1,111e7ecc9d7b6b2b,200,183,91.500000,277.393443,281.366674,1.000000,4.100000,339.345428,4.665238,350.828121,4.409836,4.174721,0.000000,0.401779,0.730458,0.331400,0.119956,400,4048,4048,32.000000,0,0,16,16,53,53,4,0,542.000000,807,0,0,35,165,0,35,18,16,2,0,18,2,2,2,0,0,0,0,0,17,0,17,17,17,0,0,0,0
1671,15000200,100,3,445.040850486973,175.000000000000,88.000000000000,2.066527720221,fb1f3629c9de2fd6,8d15af1f9d36efa1,9a8b0000c5657f18,200,180,90.000000,236.972222,237.255780,1.000000,3.200000,270.926683,4.808333,271.659936,3.316667,4.654941,0.000000,0.484010,0.736842,0.401204,0.176552,400,4592,4592,32.000000,0,0,16,16,61,61,6,2,560.000000,597,0,0,40,160,0,40,20,17,3,0,20,3,3,3,0,0,0,0,0,20,0,20,20,20,0,0,0,0
1672,15000201,100,3,28.673549458616,75.000000000000,64.000000000000,2.209919761963,662056665e201e27,8d15af1f9d36efa1,8e64ae504d5d6d78,200,185,92.500000,297.508108,284.090305,1.000000,4.400000,353.955397,4.936667,343.849797,4.437838,4.327649,0.000000,0.403776,0.735450,0.327600,0.131217,400,3824,3824,32.000000,0,0,16,16,55,55,14,4,556.000000,821,0,0,34,166,0,34,19,12,7,0,19,7,7,7,0,0,0,0,0,15,0,15,15,15,0,0,0,0
1673,15000202,100,3,129.619452058989,325.000000000000,61.000000000000,2.309169853942,f200f62fc7aef737,8d15af1f9d36efa1,638fb250353d862e,200,200,100.000000,241.185000,243.403808,1.000000,3.600000,276.828152,5.403333,287.343631,3.635000,4.814305,0.000000,0.417001,0.722222,0.354925,0.107975,400,3992,3992,32.000000,0,0,16,16,42,42,4,4,520.000000,727,0,0,20,180,0,20,20,18,2,0,20,2,2,2,0,0,0,0,0,0,0,0,0,0,0,0,0,0
1674,15000203,100,3,87.413156458002,175.000000000000,65.000000000000,2.595782039653,3f9008b3f5482cd,8d15af1f9d36efa1,6ea9115fbd2516e6,200,200,100.000000,304.505000,329.354666,1.000000,4.600000,367.112788,4.329048,372.672834,4.635000,4.378641,0.000000,0.360248,0.722992,0.301432,0.088496,400,3904,3904,32.000000,0,0,16,16,40,40,10,0,522.000000,927,0,0,20,180,0,20,20,15,5,0,20,5,5,5,0,0,0,0,0,0,0,0,0,0,0,0,0,0
1675,15000204,100,3,360.764258156055,175.000000000000,77.000000000000,1.636502765920,712b9425af56185f,8d15af1f9d36efa1,4c94646da7c7b579,200,198,99.000000,250.060606,256.130904,1.000000,3.700000,291.791906,6.756667,310.051212,3.868687,6.022193,0.000000,0.404355,0.722222,0.343053,0.103044,400,4536,4536,32.000000,0,0,16,16,42,42,4,0,520.000000,766,0,0,22,178,0,22,20,18,2,0,20,2,2,2,0,0,0,0,0,2,0,2,2,2,0,0,0,0
1676,15000205,100,3,419.364559883529,75.000000000000,65.000000000000,2.230819386077,8e1598cc567e647,8d15af1f9d36efa1,f27cd9ddd14dcece,200,163,81.500000,233.687117,225.708501,1.000000,3.200000,244.986167,4.358333,272.350659,3.300613,4.862454,0.000000,0.520499,0.744898,0.426439,0.220290,400,4056,4056,32.000000,0,0,16,16,73,73,6,0,584.000000,538,0,0,55,145,0,55,18,15,3,0,18,3,3,3,0,0,0,0,0,37,0,37,37,37,0,0,0,0
1677,15000206,100,3,256.496122642804,325.000000000000,60.000000000000,1.996347926513,94bfb0a073cf2aa1,8d15af1f9d36efa1,7ab4f6393dd93721,200,186,93.000000,232.516129,230.768630,1.000000,3.600000,267.546475,4.496667,284.419833,3.682796,4.366423,0.000000,0.440816,0.729730,0.368664,0.136192,400,3928,3928,32.000000,0,0,16,16,54,54,0,8,540.000000,685,0,0,32,168,0,32,18,18,0,0,18,0,0,0,0,0,0,0,0,14,0,14,14,14,0,0,0,0
1678,15000207,100,3,446.693281882839,325.000000000000,79.000000000000,2.723055579822,def87234b8c2d853,8d15af1f9d36efa1,e33adc7aa1a46e0c,200,180,90.000000,279.188889,251.967520,1.000000,3.800000,303.005347,5.846667,331.565769,4.661111,3.945173,0.000000,0.401142,0.737533,0.322841,0.134159,400,4360,4360,32.000000,0,0,16,16,56,56,18,0,562.000000,839,0,0,38,162,0,38,18,9,9,0,18,9,9,9,0,0,0,0,0,20,0,20,20,20,0,0,0,0
1679,15000208,100,3,431.734078212172,425.000000000000,48.000000000000,2.969531447657,d253456dd2ae6427,8d15af1f9d36efa1,18b1a8509b9dea6c,200,144,72.000000,262.409722,287.490965,1.000000,4.000000,333.796658,5.185000,308.702326,3.659722,4.903226,0.000000,0.534863,0.751861,0.431499,0.248217,400,4176,4176,32.000000,0,0,16,16,82,82,10,0,606.000000,527,0,0,69,131,0,69,13,8,5,0,13,5,5,5,0,0,0,0,0,56,0,56,56,56,0,0,0,0
1680,15000209,100,3,423.975154804986,325.000000000000,69.000000000000,2.854579460501,3d57de5f70dba0b,8d15af1f9d36efa1,4f6dcf6a4a26bc66,200,197,98.500000,284.751269,301.149099,1.000000,4.400000,335.677763,5.089048,341.263415,4.451777,4.827822,0.000000,0.374911,0.724518,0.313234,0.096807,400,4520,4520,32.000000,0,0,16,16,45,45,4,4,526.000000,877,0,0,23,177,0,23,20,18,2,0,20,2,2,2,0,0,0,0,0,3,0,3,3,3,0,0,0,0
1681,15000210,100,3,137.119324773402,325.000000000000,82.000000000000,1.726359892777,127f153654b0c14b,8d15af1f9d36efa1,b3b24f719cb6a915,200,200,100.000000,241.750000,242.292806,1.000000,3.700000,288.537017,4.920000,294.264549,3.765000,4.969456,0.000000,0.404743,0.719101,0.346921,0.096038,400,4464,4464,32.000000,0,0,16,16,40,40,0,0,512.000000,753,0,0,20,180,0,20,20,20,0,0,20,0,0,0,0,0,0,0,0,0,0,0,0,0,0,0,0,0
1682,15000211,100,3,6.384414267205,325.000000000000,89.000000000000,2.327624090594,dcec27023fc208e1,8d15af1f9d36efa1,ded942e3000037a7,200,190,95.000000,251.836842,248.504898,1.000000,3.500000,290.820815,5.200000,293.076894,3.615789,4.992722,0.000000,0.438267,0.728261,0.367985,0.131479,400,4248,4248,32.000000,0,0,16,16,49,49,6,2,536.000000,687,0,0,29,171,0,29,19,16,3,0,19,3,3,3,0,0,0,0,0,10,0,10,10,10,0,0,0,0
1683,15000212,100,3,90.707042906109,75.000000000000,61.000000000000,1.872737608543,eb8129317fed0cb6,8d15af1f9d36efa1,d48d7a307399e71,200,164,82.000000,227.713415,200.867264,1.000000,2.900000,236.802319,4.571667,249.114198,3.176829,4.266795,0.000000,0.527652,0.744246,0.434311,0.223547,400,3896,3896,32.000000,0,0,16,16,71,71,8,2,582.000000,521,0,0,53,147,0,53,17,13,4,0,17,4,4,4,0,0,0,0,0,36,0,36,36,36,0,0,0,0
1684,15000213,100,3,20.978784223378,175.000000000000,78.000000000000,2.497796555330,e0a2bb463f182697,8d15af1f9d36efa1,92c8664fbebc13d5,200,161,80.500000,254.447205,240.347039,1.000000,3.400000,280.705491,4.494048,291.635713,3.608696,4.626506,0.000000,0.506372,0.748744,0.407747,0.220134,400,3832,3832,32.000000,0,0,16,16,79,79,6,0,596.000000,581,0,0,59,141,0,59,20,17,3,0,20,3,3,3,0,0,0,0,0,39,0,39,39,39,0,0,0,0
1685,15000214,100,3,205.295012240003,175.000000000000,65.000000000000,1.879888172966,8cdbf0a33930d3a4,8d15af1f9d36efa1,fc4c3bcea5862a9c,200,191,95.500000,241.434555,258.386737,1.000000,3.800000,316.143656,4.515833,290.690596,3.764398,4.223922,0.000000,0.424800,0.726402,0.357462,0.122100,400,3824,3824,31.000000,0,0,16,15,50,50,0,2,531.000000,719,0,0,29,171,0,29,20,20,0,0,20,0,0,0,0,0,0,0,0,9,0,9,9,9,0,0,0,0
1686,15000215,100,3,100.547306003197,175.000000000000,76.000000000000,2.278126435932,f5ee3903319ce4d5,8d15af1f9d36efa1,fc3d284d4d122adf,200,186,93.000000,210.032258,209.007148,1.000000,3.100000,244.580997,5.053333,241.433677,3.252688,4.423140,0.000000,0.469763,0.728261,0.398010,0.146685,400,4240,4240,32.000000,0,0,16,16,50,50,4,0,536.000000,605,0,0,32,168,0,32,18,16,2,0,18,2,2,2,0,0,0,0,0,14,0,14,14,14,0,0,0,0
1687,15000216,100,3,183.200674241238,75.000000000000,53.000000000000,1.798265704429,ae5723ede8b813f5,8d15af1f9d36efa1,cf5a573f586f7f79,200,159,79.500000,220.911950,229.562957,1.000000,3.300000,274.723588,4.508333,251.580053,3.509434,4.000000,0.000000,0.513089,0.746193,0.417537,0.218487,400,3968,3968,32.000000,0,0,16,16,77,77,2,4,588.000000,558,0,0,58,142,0,58,17,16,1,0,17,1,1,1,0,0,0,0,0,41,0,41,41,41,0,0,0,0
1688,15000217,100,3,62.214275216769,425.000000000000,58.000000000000,2.524692269780,b1d586ee6ddb0502,8d15af1f9d36efa1,8460915c24252279,200,181,90.500000,350.839779,338.656619,1.000000,4.700000,387.396535,5.087143,399.206832,4.966851,4.882091,0.000000,0.391334,0.742931,0.307929,0.139713,400,4040,4040,32.000000,0,0,16,16,61,61,24,8,578.000000,899,0,0,38,162,0,38,19,7,12,0,19,12,12,12,0,0,0,0,0,19,0,19,19,19,0,0,0,0
1689,15000218,100,3,172.203542379750,75.000000000000,54.000000000000,1.922336401099,b4365986090f084a,8d15af1f9d36efa1,a984168ba6c4adf2,200,154,77.000000,255.363636,231.590606,1.000000,3.600000,280.715218,4.419048,294.197961,3.837662,4.796954,0.000000,0.501266,0.748111,0.403633,0.215139,400,4192,4192,32.000000,0,0,16,16,77,77,8,2,594.000000,591,0,0,61,139,0,61,15,11,4,0,15,4,4,4,0,0,0,0,0,46,0,46,46,46,0,0,0,0
1690,15000219,100,3,434.604614726815,425.000000000000,62.000000000000,1.737578673148,2870e8c97aba7117,8d15af1f9d36efa1,9c6aadf872349d1c,200,171,85.500000,250.660819,263.228400,1.000000,3.900000,317.589299,4.071667,289.077817,3.713450,3.977953,0.000000,0.472153,0.739583,0.386473,0.176394,400,3664,3664,32.000000,0,0,16,16,64,64,8,6,568.000000,635,0,0,45,155,0,45,16,12,4,0,16,4,4,4,0,0,0,0,0,29,0,29,29,29,0,0,0,0
1691,15000220,100,3,432.726199289555,75.000000000000,72.000000000000,1.889733403446,9514b59f7f87b6e0,8d15af1f9d36efa1,9b387100c5f8f4f0,200,153,76.500000,251.856209,263.319228,1.000000,3.700000,302.965218,5.093333,273.739668,3.464052,4.558491,0.000000,0.531802,0.750623,0.430108,0.242857,400,4144,4144,32.000000,0,0,16,16,80,80,10,2,602.000000,530,0,0,63,137,0,63,16,11,5,0,16,5,5,5,0,0,0,0,0,47,0,47,47,47,0,0,0,0
1692,15000221,100,3,51.059133499756,425.000000000000,54.000000000000,2.910876084844,ea26beafb28e3aeb,8d15af1f9d36efa1,d6d2996d5d8dfe1f,200,102,51.000000,305.196078,286.110714,0.900000,3.500000,314.687725,4.776455,361.217069,4.627451,4.254237,0.000000,0.576682,0.762752,0.458716,0.309942,400,3872,3872,31.000000,0,0,16,15,101,101,10,6,643.000000,472,0,0,88,93,0,88,10,5,5,0,10,5,5,4,1,0,0,0,0,78,20,78,98,79,19,0,0,0
1693,15000222,100,3,335.256194725143,325.000000000000,82.000000000000,1.521671810184,2e38929e0e205eeb,8d15af1f9d36efa1,cc0336d096ef1425,200,188,94.000000,245.484043,239.929992,1.000000,3.700000,294.143874,4.471667,300.401535,3.819149,4.509749,0.000000,0.428344,0.728997,0.357782,0.128641,400,4128,4128,32.000000,0,0,16,16,53,53,0,2,538.000000,718,0,0,32,168,0,32,20,20,0,0,20,0,0,0,0,0,0,0,0,12,0,12,12,12,0,0,0,0
1694,15000223,100,3,468.831284864123,75.000000000000,65.000000000000,1.609148315344,5b3de82e3f610e74,8d15af1f9d36efa1,df6943b733141d72,200,150,75.000000,305.480000,339.375218,1.000000,5.000000,411.754259,4.950595,362.534052,4.573333,4.527697,0.000000,0.482655,0.761905,0.368324,0.232662,400,4088,4088,32.000000,0,0,16,16,97,97,14,34,640.000000,686,0,0,65,135,0,65,15,8,7,0,15,7,7,7,0,0,0,0,0,50,0,50,50,50,0,0,0,0
1695,15000224,100,3,376.155694457186,75.000000000000,57.000000000000,1.535739950381,fcf78dc74b537886,8d15af1f9d36efa1,9b7fc300c63582e9,200,99,49.500000,186.989899,202.395913,1.000000,2.900000,219.308056,4.805000,204.862119,2.717172,4.650558,0.000000,0.717140,0.773243,0.597907,0.481696,400,4016,4016,32.000000,0,0,16,16,124,124,2,2,682.000000,269,0,0,112,88,0,112,11,10,1,0,11,1,1,1,0,0,0,0,0,101,0,101,101,101,0,0,0,0
1696,15000225,100,3,275.152983430535,425.000000000000,45.000000000000,2.321127940848,df29d0106d4b1fc4,8d15af1f9d36efa1,a46b870cdab03b9a,200,150,75.000000,209.426667,246.117537,1.000000,3.500000,284.311117,5.813333,243.978880,3.233333,5.305155,0.000000,0.552995,0.750000,0.451977,0.257274,400,4576,4576,32.000000,0,0,16,16,83,83,2,2,600.000000,485,0,0,66,134,0,66,16,15,1,0,16,1,1,1,0,0,0,0,0,50,0,50,50,50,0,0,0,0
1697,15000226,100,3,426.048786960636,425.000000000000,74.000000000000,1.617500094920,c34a7a8cc7519212,8d15af1f9d36efa1,8b39324fbac41584,200,145,72.500000,244.772414,247.941301,1.000000,3.400000,270.597229,5.976190,271.055792,3.413793,5.901010,0.000000,0.554455,0.754902,0.446927,0.270987,400,4304,4304,32.000000,0,0,16,16,87,87,10,0,616.000000,495,0,0,71,129,0,71,16,11,5,0,16,5,5,5,0,0,0,0,0,55,0,55,55,55,0,0,0,0
1698,15000227,100,3,46.548691214156,425.000000000000,48.000000000000,2.787627391705,e04845316de4d84f,8d15af1f9d36efa1,71f0c6887062f611,200,168,84.000000,264.434524,271.134513,1.000000,4.000000,307.462212,3.750000,303.194640,3.928571,3.625758,0.000000,0.475358,0.749373,0.377358,0.200969,400,3928,3928,32.000000,0,0,16,16,76,76,14,12,598.000000,660,0,0,51,149,0,51,19,12,7,0,19,7,7,7,0,0,0,0,0,32,0,32,32,32,0,0,0,0
1699,15000228,100,3,99.429185449628,325.000000000000,88.000000000000,1.556766891048,2641485f1b639a05,8d15af1f9d36efa1,77ca6450d16d7b6c,200,199,99.500000,235.994975,259.583825,1.000000,3.600000,292.184098,5.546667,286.379893,3.683417,4.863574,0.000000,0.415004,0.722222,0.353045,0.107186,400,4456,4456,32.000000,0,0,16,16,42,42,4,2,520.000000,733,0,0,21,179,0,21,20,18,2,0,20,2,2,2,0,0,0,0,0,1,0,1,1,1,0,0,0,0
1700,15000229,100,3,302.723950430823,175.000000000000,53.000000000000,2.249952669319,ba93dbddff5f5c37,8d15af1f9d36efa1,b2027704a853d9d6,200,199,99.500000,267.758794,264.236311,1.000000,4.000000,324.708806,5.349286,329.056634,4.085427,4.833948,0.000000,0.390098,0.722222,0.329761,0.097669,400,3912,3912,32.000000,0,0,16,16,41,41,6,0,520.000000,813,0,0,21,179,0,21,20,17,3,0,20,3,3,3,0,0,0,0,0,1,0,1,1,1,0,0,0,0
1701,15000230,100,3,325.256038659406,175.000000000000,70.000000000000,1.681419059651,d05342d3d9d9f404,8d15af1f9d36efa1,be5ca350f9c2e269,200,198,99.000000,272.994949,297.118839,1.000000,4.100000,341.302122,4.432143,334.487127,4.121212,4.259804,0.000000,0.392857,0.725275,0.328947,0.105263,400,3768,3768,32.000000,0,0,16,16,43,43,10,2,528.000000,816,0,0,22,178,0,22,20,15,5,0,20,5,5,5,0,0,0,0,0,2,0,2,2,2,0,0,0,0
1702,15000231,100,3,368.711306396791,175.000000000000,56.000000000000,2.808859463356,a3eb7781f7313788,8d15af1f9d36efa1,348245d0e73135a9,200,196,98.000000,205.826531,214.551130,1.000000,3.000000,236.832674,4.725000,235.088480,3.147959,4.384117,0.000000,0.459246,0.723757,0.393314,0.129760,400,4064,4064,32.000000,0,0,16,16,45,45,2,2,524.000000,617,0,0,24,176,0,24,20,19,1,0,20,1,1,1,0,0,0,0,0,4,0,4,4,4,0,0,0,0
1703,15000232,100,3,75.106290414521,425.000000000000,49.000000000000,2.536177487534,efa82993deccc630,8d15af1f9d36efa1,bde07e1bd3cb4951,200,126,63.000000,221.825397,246.207681,1.000000,3.500000,286.699040,5.238095,260.850518,3.325397,4.556086,0.000000,0.601332,0.759615,0.488400,0.323102,400,4432,4432,32.000000,0,0,16,16,98,98,4,0,632.000000,419,0,0,86,114,0,86,12,10,2,0,12,2,2,2,0,0,0,0,0,74,0,74,74,74,0,0,0,0
1704,15000233,100,3,228.866875775714,175.000000000000,51.000000000000,2.012331096304,ba24f615c55f3d45,8d15af1f9d36efa1,53c1d4140ac05e3f,200,199,99.500000,251.603015,280.642388,1.000000,3.800000,305.234237,4.798333,304.273960,3.788945,5.006631,0.000000,0.407233,0.721448,0.346620,0.102381,400,4152,4152,32.000000,0,0,16,16,42,42,2,2,518.000000,754,0,0,21,179,0,21,20,19,1,0,20,1,1,1,0,0,0,0,0,1,0,1,1,1,0,0,0,0
1705,15000234,100,3,17.192217762247,425.000000000000,70.000000000000,1.694273250413,674c24b0197d7d58,8d15af1f9d36efa1,9b3b8b00c5fb56f5,200,133,66.500000,215.864662,217.342692,1.000000,3.200000,251.343041,5.590000,246.216951,3.075188,5.679707,0.000000,0.605593,0.758454,0.494438,0.323967,400,4464,4464,32.000000,0,0,16,16,95,95,6,0,628.000000,409,0,0,81,119,0,81,14,11,3,0,14,3,3,3,0,0,0,0,0,67,0,67,67,67,0,0,0,0
1706,15000235,100,3,389.758455857524,325.000000000000,67.000000000000,2.804607574230,3b639cc6aa76c1ae,8d15af1f9d36efa1,e16f56510dbf4e1a,200,186,93.000000,254.591398,260.482740,1.000000,3.800000,312.128388,4.924524,314.825304,3.887097,4.341632,0.000000,0.424821,0.727520,0.356189,0.123636,400,4400,4400,32.000000,0,0,16,16,50,50,2,0,534.000000,723,0,0,32,168,0,32,18,17,1,0,18,1,1,1,0,0,0,0,0,14,0,14,14,14,0,0,0,0
1707,15000236,100,3,172.902437907710,175.000000000000,72.000000000000,1.912777114372,6e3770e8518cc423,8d15af1f9d36efa1,9b56f700c612d631,200,186,93.000000,181.973118,198.909076,1.000000,2.800000,225.893741,4.863333,216.570913,2.784946,4.772201,0.000000,0.506667,0.726776,0.435730,0.161812,400,4480,4480,32.000000,0,0,16,16,50,50,0,0,532.000000,518,0,0,32,168,0,32,18,18,0,0,18,0,0,0,0,0,0,0,0,14,0,14,14,14,0,0,0,0
1708,15000237,100,3,82.722915487691,75.000000000000,62.000000000000,1.974460028059,73326b949bbd1f31,8d15af1f9d36efa1,3f842a5e14c2d123,200,150,75.000000,236.146667,229.445240,1.000000,3.300000,261.308140,4.975000,266.750351,3.513333,4.468691,0.000000,0.534041,0.751244,0.431499,0.246066,400,3976,3976,32.000000,0,0,16,16,80,80,12,0,604.000000,527,0,0,65,135,0,65,15,9,6,0,15,6,6,6,0,0,0,0,0,50,0,50,50,50,0,0,0,0
1709,15000238,100,3,360.555592171275,175.000000000000,61.000000000000,2.808626720319,fc39414a058548db,8d15af1f9d36efa1,9b6b8e00c6247fd0,200,184,92.000000,191.760870,203.348156,1.000000,2.700000,220.416333,5.305000,218.560731,2.907609,5.005607,0.000000,0.500467,0.728261,0.427807,0.162754,400,4240,4240,32.000000,0,0,16,16,52,52,0,0,536.000000,535,0,0,34,166,0,34,18,18,0,0,18,0,0,0,0,0,0,0,0,16,0,16,16,16,0,0,0,0
1710,15000239,100,3,291.357469664520,325.000000000000,64.000000000000,1.705112481153,b5b0efd9dc5cbe45,8d15af1f9d36efa1,cd31a19a8c92a8e8,200,189,94.500000,211.476190,227.434202,1.000000,3.200000,249.151778,4.403333,251.043885,3.423280,4.182380,0.000000,0.451230,0.726776,0.382044,0.133869,400,3720,3720,32.000000,0,0,16,16,49,49,2,0,532.000000,647,0,0,30,170,0,30,19,18,1,0,19,1,1,1,0,0,0,0,0,11,0,11,11,11,0,0,0,0
1711,15000240,100,3,118.371217055590,175.000000000000,61.000000000000,2.644898710035,df7ede62a52190cd,8d15af1f9d36efa1,1f7d1fe29aae0901,200,193,96.500000,270.191710,289.410179,1.000000,4.000000,333.684541,5.271667,334.538600,4.088083,5.140684,0.000000,0.400000,0.724518,0.336417,0.106455,400,4040,4040,32.000000,0,0,16,16,47,47,0,0,526.000000,789,0,0,27,173,0,27,20,20,0,0,20,0,0,0,0,0,0,0,0,7,0,7,7,7,0,0,0,0
1712,15000241,100,3,306.960882447160,75.000000000000,44.000000000000,2.070861873448,19c2019e675068ce,8d15af1f9d36efa1,86c42521a075fb8,200,145,72.500000,259.813793,265.763782,1.000000,3.800000,297.005024,4.610000,308.232499,3.951724,4.636998,0.000000,0.513169,0.751244,0.411100,0.230872,400,4224,4224,32.000000,0,0,16,16,83,83,6,0,604.000000,573,0,0,69,131,0,69,14,11,3,0,14,3,3,3,0,0,0,0,0,55,0,55,55,55,0,0,0,0
1713,15000242,100,3,279.520419984560,175.000000000000,45.000000000000,2.321196675095,9e916ff5c6a110d9,8d15af1f9d36efa1,2c49ef6512526fb5,200,200,100.000000,246.555000,246.465589,1.000000,3.800000,301.977321,4.705000,296.511925,3.800000,4.509211,0.000000,0.402516,0.719101,0.344828,0.095238,400,4616,4616,32.000000,0,0,16,16,40,40,0,0,512.000000,760,0,0,20,180,0,20,20,20,0,0,20,0,0,0,0,0,0,0,0,0,0,0,0,0,0,0,0,0
1714,15000243,100,3,228.075238737743,425.000000000000,49.000000000000,1.920218616638,449d984c81f0ee42,8d15af1f9d36efa1,9a98bb00c5714735,200,152,76.000000,272.578947,281.914243,1.000000,3.900000,311.835543,5.490476,332.489573,4.230263,4.883359,0.000000,0.481033,0.748744,0.383509,0.203222,400,4128,4128,32.000000,0,0,16,16,79,79,6,2,596.000000,643,0,0,63,137,0,63,15,12,3,0,15,3,3,3,0,0,0,0,0,48,0,48,48,48,0,0,0,0
1715,15000244,100,3,71.785061601314,175.000000000000,64.000000000000,2.637791392474,ce5c975bb32b5dd6,8d15af1f9d36efa1,e493a4507e0e9c67,200,199,99.500000,251.341709,246.483080,1.000000,3.500000,279.068501,5.667619,285.467897,3.502513,5.325681,0.000000,0.431948,0.726027,0.364631,0.123270,400,4416,4416,32.000000,0,0,16,16,43,43,12,4,530.000000,697,0,0,21,179,0,21,20,14,6,0,20,6,6,6,0,0,0,0,0,1,0,1,1,1,0,0,0,0
1716,15000245,100,3,174.989760570604,175.000000000000,50.000000000000,2.559395280756,be754cd91a58c827,8d15af1f9d36efa1,c9372a5d88d55eec,200,193,96.500000,225.093264,240.447369,1.000000,3.400000,280.508345,4.858333,275.741194,3.554404,4.846939,0.000000,0.432119,0.722992,0.368324,0.115979,400,4264,4264,32.000000,0,0,16,16,45,45,0,0,522.000000,686,0,0,26,174,0,26,19,19,0,0,19,0,0,0,0,0,0,0,0,7,0,7,7,7,0,0,0,0
1717,15000246,100,3,404.588880381512,75.000000000000,65.000000000000,1.660463310822,8249a559b9e02db2,8d15af1f9d36efa1,a42b4cfc8e30db3c,200,135,67.500000,276.911111,302.254064,1.000000,4.300000,337.370557,4.513333,329.175320,4.459259,4.406977,0.000000,0.512156,0.759615,0.399202,0.249377,400,3688,3688,32.000000,0,0,16,16,93,93,14,0,632.000000,602,0,0,79,121,0,79,14,7,7,0,14,7,7,7,0,0,0,0,0,65,0,65,65,65,0,0,0,0
1718,15000247,100,3,277.137594072224,325.000000000000,62.000000000000,1.699497411267,e1afefaf32aed41b,8d15af1f9d36efa1,9ae04a00c5ae3cd5,200,200,100.000000,217.825000,230.173582,1.000000,3.300000,256.766011,5.185000,263.009024,3.435000,4.340611,0.000000,0.427023,0.719101,0.367985,0.104302,400,4120,4120,32.000000,0,0,16,16,40,40,0,0,512.000000,687,0,0,20,180,0,20,20,20,0,0,20,0,0,0,0,0,0,0,0,0,0,0,0,0,0,0,0,0
1719,15000248,100,3,398.438446003806,75.000000000000,50.000000000000,2.186095674678,8916b652f30e4256,8d15af1f9d36efa1,e3052ae96bedacbf,200,155,77.500000,255.354839,292.429507,1.000000,4.000000,330.811574,4.504048,304.722326,3.825806,4.473862,0.000000,0.501262,0.748744,0.402820,0.216645,400,4072,4072,32.000000,0,0,16,16,78,78,8,2,596.000000,593,0,0,61,139,0,61,16,12,4,0,16,4,4,4,0,0,0,0,0,45,0,45,45,45,0,0,0,0
1720,15000249,100,3,9.225175746920,75.000000000000,71.000000000000,2.259260126551,b5345705d6f21050,8d15af1f9d36efa1,310df79b5656919e,200,48,24.000000,271.270833,258.478768,1.000000,3.600000,292.300867,5.700000,304.955547,3.812500,5.934426,0.000000,0.805938,0.791667,0.686106,0.641879,400,4520,4520,32.000000,0,0,16,16,162,162,4,0,760.000000,183,0,0,157,43,0,157,5,3,2,0,5,2,2,2,0,0,0,0,0,152,0,152,152,152,0,0,0,0
1721,15000250,100,3,117.932140923272,325.000000000000,77.000000000000,2.024475897085,40a2a66fb034c7a,8d15af1f9d36efa1,9f1f143417311ab3,200,200,100.000000,246.370000,259.822812,1.000000,3.800000,298.623599,5.046667,296.276268,3.900000,4.933333,0.000000,0.397218,0.719888,0.338983,0.095128,400,4240,4240,32.000000,0,0,16,16,39,39,4,2,514.000000,780,0,0,20,180,2,18,18,16,2,0,18,2,2,2,0,0,0,0,0,0,0,0,0,0,0,0,0,0
1722,15000251,100,3,278.955762615404,425.000000000000,42.000000000000,2.293672920833,41b49b7c6ed54bca,8d15af1f9d36efa1,c4743a8b04e9071f,200,118,59.000000,236.805085,230.652064,1.000000,3.400000,277.410939,4.510000,298.570904,3.720339,4.553531,0.000000,0.594645,0.763033,0.476758,0.325653,400,4688,4688,32.000000,0,0,16,16,104,104,4,0,644.000000,439,0,0,93,107,0,93,11,9,2,0,11,2,2,2,0,0,0,0,0,82,0,82,82,82,0,0,0,0
1723,15000252,100,3,81.296064694514,425.000000000000,62.000000000000,1.881217879325,fa56e770b061a966,8d15af1f9d36efa1,8a064858c00cd403,200,103,51.500000,315.631068,298.005546,1.000000,4.100000,338.664142,5.606667,376.112027,5.038835,4.537572,0.000000,0.570720,0.775281,0.435256,0.332046,400,4048,4048,32.000000,0,0,16,16,123,123,12,8,690.000000,519,0,0,108,92,0,108,11,5,6,0,11,6,6,6,0,0,0,0,0,97,0,97,97,97,0,0,0,0
1724,15000253,100,3,174.123511485859,325.000000000000,67.000000000000,1.960244481402,bd88e99d3edd7be3,8d15af1f9d36efa1,a57b4e7f4d493a7d,200,185,92.500000,233.102703,236.399066,1.000000,3.400000,271.540231,4.888333,277.911116,3.448649,4.838558,0.000000,0.459322,0.730458,0.385356,0.147059,400,4312,4312,32.000000,0,0,16,16,53,53,4,4,542.000000,638,0,0,33,167,0,33,18,16,2,0,18,2,2,2,0,0,0,0,0,15,0,15,15,15,0,0,0,0
1725,15000254,100,3,233.847621723643,175.000000000000,59.000000000000,1.952928527470,a8fae44c902980d,8d15af1f9d36efa1,40c20775ea5676d2,200,196,98.000000,313.862245,321.309813,1.000000,4.700000,373.637587,4.851429,369.909312,4.698980,4.765472,0.000000,0.368746,0.728997,0.302801,0.103213,400,4008,4008,32.000000,0,0,16,16,51,51,4,14,538.000000,921,0,0,24,176,0,24,20,18,2,0,20,2,2,2,0,0,0,0,0,4,0,4,4,4,0,0,0,0
1726,15000255,100,3,404.189143931370,425.000000000000,49.000000000000,2.960406456600,1fb3bb92d8589a3,8d15af1f9d36efa1,a57ad3f03c8856ea,200,162,81.000000,249.561728,276.122317,1.000000,3.800000,313.127227,5.671190,283.780473,3.493827,5.517668,0.000000,0.506108,0.743590,0.414079,0.207283,400,4344,4344,32.000000,0,0,16,16,70,70,8,0,580.000000,566,0,0,54,146,0,54,16,12,4,0,16,4,4,4,0,0,0,0,0,38,0,38,38,38,0,0,0,0
1727,15000256,100,3,115.773918393811,425.000000000000,57.000000000000,2.354287276391,defcb34bcedcdb03,8d15af1f9d36efa1,6f3056ecf1276dfd,200,174,87.000000,285.741379,311.317649,1.000000,4.500000,369.043608,5.476429,333.878830,4.195402,4.423288,0.000000,0.439324,0.740933,0.353982,0.160920,400,4088,4088,32.000000,0,0,16,16,63,63,14,2,572.000000,730,0,0,44,156,0,44,18,11,7,0,18,7,7,7,0,0,0,0,0,26,0,26,26,26,0,0,0,0
1728,15000257,100,3,154.725628022354,175.000000000000,63.000000000000,2.412310510252,cae31e03df0c5349,8d15af1f9d36efa1,94be2c29aa1c0424,200,183,91.500000,224.797814,249.529905,1.000000,3.600000,277.744802,5.049762,275.375473,3.573770,4.521407,0.000000,0.453177,0.730458,0.379507,0.143979,400,4104,4104,32.000000,0,0,16,16,55,55,0,0,542.000000,654,0,0,36,164,0,36,19,19,0,0,19,0,0,0,0,0,0,0,0,17,0,17,17,17,0,0,0,0
1729,15000258,100,3,459.207331877266,75.000000000000,57.000000000000,2.907810409987,6a18c3d4572bed54,8d15af1f9d36efa1,4ab60e8dad92e31c,200,159,79.500000,206.823899,239.021610,1.000000,3.400000,261.972775,5.549762,231.681901,2.993711,5.058824,0.000000,0.552632,0.746193,0.456621,0.246835,400,4368,4368,32.000000,0,0,16,16,77,77,2,0,588.000000,476,0,0,59,141,0,59,18,17,1,0,18,1,1,1,0,0,0,0,0,41,0,41,41,41,0,0,0,0
1730,15000259,100,3,437.686918835531,175.000000000000,82.000000000000,2.059027074178,3430f3e6d86acf64,8d15af1f9d36efa1,d6cf379a7cbff074,200,186,93.000000,261.752688,279.689756,1.000000,4.000000,324.423688,4.796667,311.112389,4.075269,4.513193,0.000000,0.419602,0.732620,0.345423,0.132723,400,4016,4016,32.000000,0,0,16,16,54,54,8,0,548.000000,758,0,0,34,166,0,34,20,16,4,0,20,4,4,4,0,0,0,0,0,14,0,14,14,14,0,0,0,0
1731,15000260,100,3,342.707266079994,175.000000000000,80.000000000000,1.751400531782,40d8a6ca9a6fb075,8d15af1f9d36efa1,ce8ae49200e99cc8,200,181,90.500000,222.646409,234.039912,1.000000,3.200000,252.091270,6.091667,265.272571,3.441989,5.141252,0.000000,0.467066,0.731903,0.391007,0.154681,400,5040,5040,32.000000,0,0,16,16,57,57,0,0,546.000000,623,0,0,38,162,0,38,19,19,0,0,19,0,0,0,0,0,0,0,0,19,0,19,19,19,0,0,0,0
1732,15000261,100,3,79.665587675356,325.000000000000,67.000000000000,2.457840563643,15f008cf0e9969f3,8d15af1f9d36efa1,15291619aa3eb2c,200,197,98.500000,252.918782,238.629052,1.000000,3.600000,295.213905,5.293333,306.594659,3.725888,4.577657,0.000000,0.415605,0.722992,0.352734,0.109223,400,4152,4152,32.000000,0,0,16,16,43,43,4,0,522.000000,734,0,0,23,177,0,23,20,18,2,0,20,2,2,2,0,0,0,0,0,3,0,3,3,3,0,0,0,0
1733,15000262,100,3,58.020800199358,425.000000000000,54.000000000000,2.489860039263,add1716ef3204933,8d15af1f9d36efa1,36851d6bfad7b211,200,187,93.500000,316.213904,329.660136,1.000000,4.800000,398.088539,4.993810,386.772916,4.866310,4.841758,0.000000,0.374140,0.731183,0.305344,0.109589,400,4208,4208,32.000000,0,0,16,16,51,51,10,0,544.000000,910,0,0,32,168,0,32,19,14,5,0,19,5,5,5,0,0,0,0,0,13,0,13,13,13,0,0,0,0
1734,15000263,100,3,78.515175717312,175.000000000000,72.000000000000,2.728861299488,f56c5e5bb5d44a73,8d15af1f9d36efa1,a87da8296b35e4b5,200,198,99.000000,247.439394,244.760666,1.000000,3.500000,284.783687,4.926667,276.766732,3.560606,4.516312,0.000000,0.428224,0.725275,0.361991,0.119850,400,3920,3920,32.000000,0,0,16,16,45,45,6,6,528.000000,705,0,0,22,178,0,22,20,17,3,0,20,3,3,3,0,0,0,0,0,2,0,2,2,2,0,0,0,0
1735,15000264,100,3,188.433973913926,425.000000000000,41.000000000000,2.310517029949,dd87a81b14a0b625,8d15af1f9d36efa1,68fcf06534b83d41,200,141,70.500000,203.205674,224.813660,1.000000,3.400000,278.034490,5.283333,245.862565,3.127660,4.619048,0.000000,0.579600,0.752475,0.475624,0.285251,400,4240,4240,32.000000,0,0,16,16,87,87,2,0,608.000000,441,0,0,73,127,0,73,14,13,1,0,14,1,1,1,0,0,0,0,0,59,0,59,59,59,0,0,0,0
1736,15000265,100,3,80.535270441592,325.000000000000,86.000000000000,1.848350387267,54759892bec2bad8,8d15af1f9d36efa1,bca83e782b00cc01,200,200,100.000000,305.755000,236.073982,1.000000,4.500000,369.197014,4.781667,383.921476,4.570000,4.764770,0.000000,0.360839,0.720670,0.304414,0.084168,400,4304,4304,32.000000,0,0,16,16,40,40,4,0,516.000000,914,0,0,20,180,0,20,20,18,2,0,20,2,2,2,0,0,0,0,0,0,0,0,0,0,0,0,0,0
1737,15000266,100,3,186.438940898347,425.000000000000,55.000000000000,1.604752332073,f9c7a5cd58cd3b5d,8d15af1f9d36efa1,7ed0e68febaa5d2d,200,168,84.000000,247.607143,242.176992,1.000000,3.200000,271.347753,6.525000,301.153008,3.595238,5.928808,0.000000,0.483761,0.738903,0.398406,0.181572,400,4456,4456,32.000000,0,0,16,16,66,66,2,0,566.000000,604,0,0,49,151,0,49,17,16,1,0,17,1,1,1,0,0,0,0,0,32,0,32,32,32,0,0,0,0
1738,15000267,100,3,107.316654378518,75.000000000000,39.000000000000,2.866558948056,d6a3fe75e102a550,8d15af1f9d36efa1,5d400ab6d71f31f7,200,148,74.000000,325.824324,289.705570,1.000000,4.100000,311.824946,6.081190,404.814217,4.851351,4.839833,0.000000,0.460961,0.754300,0.357782,0.202222,400,4304,4304,32.000000,0,0,16,16,84,84,14,0,614.000000,718,0,0,68,132,0,68,16,9,7,0,16,7,7,7,0,0,0,0,0,52,0,52,52,52,0,0,0,0
1739,15000268,100,3,147.975851655250,425.000000000000,42.000000000000,2.729976013228,a545ff17930faa76,8d15af1f9d36efa1,c32407474d69b0e7,200,144,72.000000,278.013889,324.407572,1.000000,4.700000,373.300253,4.861429,343.799593,4.368056,4.470588,0.000000,0.490688,0.751861,0.388727,0.216687,400,4576,4576,32.000000,0,0,16,16,86,86,2,0,606.000000,629,0,0,71,129,0,71,15,14,1,0,15,1,1,1,0,0,0,0,0,56,0,56,56,56,0,0,0,0
1740,15000269,100,3,307.845900625925,75.000000000000,56.000000000000,1.508692867832,b971c03077b2598d,8d15af1f9d36efa1,aed3f11b22621655,200,167,83.500000,244.119760,247.855531,1.000000,3.400000,273.159688,5.360000,276.785399,3.485030,5.164948,0.000000,0.495667,0.740933,0.407332,0.193906,400,4008,4008,32.000000,0,0,16,16,67,67,6,4,572.000000,582,0,0,49,151,0,49,16,13,3,0,16,3,3,3,0,0,0,0,0,33,0,33,33,33,0,0,0,0
1741,15000270,100,3,225.690198902632,325.000000000000,41.000000000000,1.717306153417,e001420b6ccddc8e,8d15af1f9d36efa1,a96700199358158a,200,193,96.500000,206.994819,219.835233,1.000000,3.000000,246.117522,6.500000,245.417188,2.963731,6.001748,0.000000,0.479053,0.724518,0.411523,0.141141,400,4352,4352,32.000000,0,0,16,16,45,45,4,0,526.000000,572,0,0,26,174,0,26,19,17,2,0,19,2,2,2,0,0,0,0,0,7,0,7,7,7,0,0,0,0
1742,15000271,100,3,76.897673419059,325.000000000000,75.000000000000,2.438990794502,cade20eff07ef1d3,8d15af1f9d36efa1,920ad850e05f4952,200,200,100.000000,245.195000,260.834340,1.000000,3.600000,294.841791,4.678333,294.306112,3.700000,4.640541,0.000000,0.410828,0.720670,0.350877,0.101942,400,4016,4016,32.000000,0,0,16,16,40,40,4,0,516.000000,740,0,0,20,180,0,20,20,18,2,0,20,2,2,2,0,0,0,0,0,0,0,0,0,0,0,0,0,0
1743,15000272,100,3,386.431457011079,75.000000000000,65.000000000000,1.879887772117,44e243b889ed2658,8d15af1f9d36efa1,9afe9300c5c7b66f,200,161,80.500000,180.478261,173.665969,1.000000,2.400000,195.823911,5.016667,192.861790,2.552795,4.138686,0.000000,0.584429,0.742931,0.493218,0.262118,400,3920,3920,32.000000,0,0,16,16,72,72,2,2,578.000000,411,0,0,55,145,0,55,16,15,1,0,16,1,1,1,0,0,0,0,0,39,0,39,39,39,0,0,0,0
1744,15000273,100,3,243.721974770837,175.000000000000,55.000000000000,1.793639680196,701c1f6cbdabb51f,8d15af1f9d36efa1,fad2394ff9b0af37,200,200,100.000000,257.730000,285.488753,1.000000,3.900000,318.676347,4.700000,322.576811,4.000000,4.425000,0.000000,0.390244,0.719101,0.333333,0.090909,400,3856,3856,32.000000,0,0,16,16,40,40,0,0,512.000000,800,0,0,20,180,0,20,20,20,0,0,20,0,0,0,0,0,0,0,0,0,0,0,0,0,0,0,0,0
1745,15000274,100,3,380.613375725606,75.000000000000,42.000000000000,2.992749279641,cba4975cb11d87d1,8d15af1f9d36efa1,9b572100c6131d8f,200,135,67.500000,222.474074,200.270427,1.000000,2.800000,218.477440,4.370238,260.526549,3.281481,4.069977,0.000000,0.582469,0.755501,0.474496,0.295707,400,3816,3816,32.000000,0,0,16,16,89,89,8,0,618.000000,443,0,0,77,123,0,77,12,8,4,0,12,4,4,4,0,0,0,0,0,65,0,65,65,65,0,0,0,0
1746,15000275,100,3,118.953620903102,425.000000000000,58.000000000000,1.616194389782,e01b7caf9000ec8,8d15af1f9d36efa1,ee30d3a97886b401,200,172,86.000000,300.372093,282.595772,1.000000,4.200000,344.769504,5.193214,362.282546,4.697674,4.471535,0.000000,0.412791,0.739583,0.331126,0.144068,400,4392,4392,32.000000,0,0,16,16,61,61,14,2,568.000000,808,0,0,44,156,0,44,16,9,7,0,16,7,7,7,0,0,0,0,0,28,0,28,28,28,0,0,0,0
1747,15000276,100,3,412.167351120893,425.000000000000,45.000000000000,2.820751619111,14a232cd58ede651,8d15af1f9d36efa1,4b3b60a045c72b43,200,150,75.000000,273.186667,195.174570,1.000000,3.000000,238.764129,5.175000,279.135591,3.553333,4.347092,0.000000,0.553227,0.767442,0.428725,0.299606,400,4544,4544,32.000000,0,0,16,16,107,107,14,50,660.000000,533,0,0,66,134,0,66,16,9,7,0,16,7,7,7,0,0,0,0,0,50,0,50,50,50,0,0,0,0
1748,15000277,100,3,332.795534740172,425.000000000000,59.000000000000,1.702507217765,319ed8d763ece4c1,8d15af1f9d36efa1,e80940d6fb82aca2,200,176,88.000000,191.261364,186.251394,1.000000,2.700000,204.316761,4.640000,210.368289,2.812500,4.648485,0.000000,0.529020,0.735450,0.446927,0.200323,400,3904,3904,32.000000,0,0,16,16,59,59,6,2,556.000000,495,0,0,41,159,0,41,17,14,3,0,17,3,3,3,0,0,0,0,0,24,0,24,24,24,0,0,0,0
1749,15000278,100,3,65.115724265935,325.000000000000,72.000000000000,2.499173025100,f608130814079519,8d15af1f9d36efa1,5c5ae9164c4e317b,200,161,80.500000,311.173913,328.767182,1.000000,4.800000,392.611407,4.983333,394.167959,4.850932,4.741357,0.000000,0.424466,0.742268,0.338696,0.155676,400,4608,4608,32.000000,0,0,16,16,69,69,6,0,576.000000,781,0,0,54,146,0,54,15,12,3,0,15,3,3,3,0,0,0,0,0,39,0,39,39,39,0,0,0,0
1750,15000279,100,3,314.741185419358,175.000000000000,52.000000000000,2.643972112914,83dbaf5af4fecc96,8d15af1f9d36efa1,9aea8200c5b6f082,200,172,86.000000,242.662791,270.834743,1.000000,3.900000,310.139024,5.341190,301.284898,3.796512,4.324655,0.000000,0.464315,0.738903,0.379867,0.170267,400,3832,3832,32.000000,0,0,16,16,66,66,2,12,566.000000,653,0,0,44,156,0,44,16,15,1,0,16,1,1,1,0,0,0,0,0,28,0,28,28,28,0,0,0,0
1751,15000280,100,3,452.562645441686,75.000000000000,54.000000000000,2.816141963461,36e916b19332094,8d15af1f9d36efa1,9ac1a700c5942a4d,200,148,74.000000,279.885135,271.107390,1.000000,4.100000,323.139983,4.846190,315.917600,4.047297,4.669449,0.000000,0.506183,0.754300,0.400400,0.233035,400,4480,4480,32.000000,0,0,16,16,82,82,18,0,614.000000,599,0,0,67,133,0,67,15,6,9,0,15,9,9,9,0,0,0,0,0,52,0,52,52,52,0,0,0,0
1752,15000281,100,3,390.715116040519,75.000000000000,55.000000000000,2.387536857034,77006fe990280d69,8d15af1f9d36efa1,9a8b0400c56585e4,200,122,61.000000,277.360656,289.661959,1.000000,4.300000,327.745189,4.922381,317.272262,3.950820,4.705394,0.000000,0.574205,0.764706,0.453515,0.311429,400,4344,4344,32.000000,0,0,16,16,104,104,10,0,650.000000,482,0,0,91,109,0,91,13,8,5,0,13,5,5,5,0,0,0,0,0,78,0,78,78,78,0,0,0,0
1753,15000282,100,3,119.629143324184,175.000000000000,80.000000000000,1.875266306188,2970218a802be846,8d15af1f9d36efa1,c22e956e49db76fb,200,177,88.500000,245.412429,258.332877,1.000000,3.600000,283.153365,5.263333,283.212951,3.610169,4.643192,0.000000,0.467943,0.737533,0.384986,0.169051,400,4200,4200,32.000000,0,0,16,16,64,64,2,2,562.000000,639,0,0,43,157,0,43,20,19,1,0,20,1,1,1,0,0,0,0,0,23,0,23,23,23,0,0,0,0
1754,15000283,100,3,201.681110339580,425.000000000000,49.000000000000,1.776199170011,66106c99e9bcc847,8d15af1f9d36efa1,331e4250aab533cf,200,159,79.500000,194.389937,200.960604,1.000000,2.800000,227.127621,4.875000,218.468802,2.886792,4.265795,0.000000,0.558229,0.743590,0.465658,0.243822,400,4424,4424,32.000000,0,0,16,16,73,73,2,0,580.000000,459,0,0,57,143,0,57,16,15,1,0,16,1,1,1,0,0,0,0,0,41,0,41,41,41,0,0,0,0
1755,15000284,100,3,340.998545516693,75.000000000000,63.000000000000,1.725895570646,fcab5e19926a116a,8d15af1f9d36efa1,d0f214f8901d7c63,200,167,83.500000,271.071856,255.518284,1.000000,3.900000,319.786660,4.155238,322.850855,4.077844,3.995595,0.000000,0.461234,0.744572,0.370028,0.182473,400,3672,3672,31.000000,0,0,16,15,69,69,14,0,583.000000,681,0,0,51,149,0,51,18,11,7,0,18,7,7,7,0,0,0,0,0,33,0,33,33,33,0,0,0,0
1756,15000285,100,3,489.038665509590,75.000000000000,58.000000000000,2.963635574532,a5a8d37d042f7187,8d15af1f9d36efa1,ee590de93a4c453a,200,96,48.000000,248.291667,292.273052,1.000000,4.300000,336.689755,4.747262,297.874356,3.979167,3.735602,0.000000,0.647601,0.778271,0.511509,0.414110,400,3776,3776,32.000000,0,0,16,16,131,131,8,18,702.000000,382,0,0,113,87,0,113,9,5,4,0,9,4,4,4,0,0,0,0,0,104,0,104,104,104,0,0,0,0
1757,15000286,100,3,143.241295299290,75.000000000000,57.000000000000,1.615005017711,39341ab79ad289b6,8d15af1f9d36efa1,b8ed632ae359f0c2,200,124,62.000000,242.040323,231.904393,1.000000,3.100000,253.991103,6.423333,283.938447,3.419355,5.556604,0.000000,0.600753,0.761337,0.485437,0.326984,400,4648,4648,32.000000,0,0,16,16,98,98,10,0,638.000000,424,0,0,87,113,0,87,11,6,5,0,11,5,5,5,0,0,0,0,0,76,0,76,76,76,0,0,0,0
1758,15000287,100,3,270.948515059802,175.000000000000,54.000000000000,1.814879233574,92e72724799c43b0,8d15af1f9d36efa1,3be5ea3ce9238bba,200,179,89.500000,255.363128,271.222195,1.000000,3.700000,291.546008,5.286667,315.047544,3.821229,4.776316,0.000000,0.443450,0.731544,0.369004,0.142857,400,4136,4136,31.000000,0,0,16,15,56,56,2,2,545.000000,684,0,0,38,162,0,38,17,16,1,0,17,1,1,1,0,0,0,0,0,21,0,21,21,21,0,0,0,0
1759,15000288,100,3,341.909322188487,425.000000000000,37.000000000000,2.894329797319,b6d367c7f16e97b8,8d15af1f9d36efa1,e1b25f4febb3da62,200,127,63.500000,245.614173,232.380852,1.000000,3.100000,256.776801,4.480000,284.296527,3.362205,4.637002,0.000000,0.597549,0.760192,0.483676,0.321145,400,3912,3912,32.000000,0,0,16,16,97,97,8,0,634.000000,427,0,0,85,115,0,85,12,8,4,0,12,4,4,4,0,0,0,0,0,73,0,73,73,73,0,0,0,0
1760,15000289,100,3,90.774368851265,425.000000000000,61.000000000000,2.002093944311,2415765bfc4116dd,8d15af1f9d36efa1,32f8a750aa951031,200,160,80.000000,231.806250,236.278130,1.000000,3.400000,267.602107,4.709762,261.044378,3.431250,4.351548,0.000000,0.517998,0.746835,0.421496,0.223479,400,4184,4184,32.000000,0,0,16,16,75,75,8,2,590.000000,549,0,0,57,143,0,57,17,13,4,0,17,4,4,4,0,0,0,0,0,40,0,40,40,40,0,0,0,0
1761,15000290,100,3,121.052879308775,425.000000000000,54.000000000000,2.560923180377,9736c0acba33e59c,8d15af1f9d36efa1,f263fb4b9d7dca1b,200,185,92.500000,265.118919,275.464767,1.000000,4.000000,311.378804,3.870000,305.173766,3.994595,4.056834,0.000000,0.426242,0.732977,0.351185,0.137690,400,4288,4288,31.000000,0,0,16,15,53,53,12,4,549.000000,739,0,0,33,167,0,33,18,12,6,0,18,6,6,6,0,0,0,0,0,15,0,15,15,15,0,0,0,0
1762,15000291,100,3,241.023791492462,425.000000000000,45.000000000000,1.529974817576,ed4ef02fa3f7cc8c,8d15af1f9d36efa1,1d5072f28b9c06ce,200,150,75.000000,232.560000,231.617529,1.000000,3.600000,269.352966,4.647619,288.219834,3.780000,4.675485,0.000000,0.509939,0.746835,0.413650,0.217931,400,4096,4096,32.000000,0,0,16,16,78,78,2,0,590.000000,567,0,0,64,136,0,64,14,13,1,0,14,1,1,1,0,0,0,0,0,50,0,50,50,50,0,0,0,0
1763,15000292,100,3,71.590210858337,325.000000000000,74.000000000000,2.624376559293,456cee16c85e4f6d,8d15af1f9d36efa1,bcbae49849e10b75,200,194,97.000000,287.412371,299.800040,1.000000,4.400000,335.970144,5.438571,342.927785,4.371134,4.982311,0.000000,0.385507,0.726776,0.320513,0.105485,400,4072,4072,32.000000,0,0,16,16,46,46,8,0,532.000000,848,0,0,26,174,0,26,20,16,4,0,20,4,4,4,0,0,0,0,0,6,0,6,6,6,0,0,0,0
1764,15000293,100,3,95.421262799248,325.000000000000,76.000000000000,1.635816585618,6f46dc07ba0da1fc,8d15af1f9d36efa1,94c8aae64d7c3ccb,200,164,82.000000,295.743902,273.821937,1.000000,4.300000,329.141277,4.400000,359.587987,4.756098,3.807692,0.000000,0.425626,0.742931,0.338983,0.157667,400,4312,4312,32.000000,0,0,16,16,68,68,10,4,578.000000,780,0,0,51,149,0,51,15,10,5,0,15,5,5,5,0,0,0,0,0,36,0,36,36,36,0,0,0,0
1765,15000294,100,3,30.559722249147,175.000000000000,83.000000000000,2.393968008257,f3b7349f2488f3af,8d15af1f9d36efa1,5ed3b350c393f156,200,199,99.500000,195.080402,194.035059,1.000000,2.600000,210.065607,5.561667,213.762160,2.633166,5.354962,0.000000,0.500000,0.723757,0.432900,0.149351,400,4192,4192,32.000000,0,0,16,16,41,41,10,0,524.000000,524,0,0,21,179,0,21,20,15,5,0,20,5,5,5,0,0,0,0,0,1,0,1,1,1,0,0,0,0
1766,15000295,100,3,337.227669882789,75.000000000000,36.000000000000,2.806839178242,cae9f31c732bd511,8d15af1f9d36efa1,972236b4be32ba89,200,165,82.500000,263.193939,268.668421,1.000000,4.000000,319.263215,4.075000,324.530350,4.036364,4.144144,0.000000,0.460292,0.739583,0.375235,0.169576,400,3880,3880,32.000000,0,0,16,16,65,65,6,0,568.000000,666,0,0,50,150,0,50,15,12,3,0,15,3,3,3,0,0,0,0,0,35,0,35,35,35,0,0,0,0
1767,15000296,100,3,235.130959891931,325.000000000000,55.000000000000,1.939276796208,eb7284f7f104b5f1,8d15af1f9d36efa1,763823a1fb841002,200,200,100.000000,187.595000,195.279917,1.000000,2.900000,220.382872,4.363333,212.138802,2.900000,4.458621,0.000000,0.469835,0.719888,0.408163,0.123867,400,3848,3848,32.000000,0,0,16,16,40,40,2,0,514.000000,580,0,0,20,180,0,20,20,19,1,0,20,1,1,1,0,0,0,0,0,0,0,0,0,0,0,0,0,0
1768,15000297,100,3,414.943332499239,175.000000000000,83.000000000000,2.356499126068,121370bb0784ced2,8d15af1f9d36efa1,2344a738eb60b648,200,183,91.500000,196.486339,225.570920,1.000000,3.100000,247.031510,6.375000,238.730559,3.071038,5.839858,0.000000,0.490018,0.729730,0.415800,0.161194,400,4680,4680,32.000000,0,0,16,16,53,53,2,0,540.000000,562,0,0,35,165,0,35,18,17,1,0,18,1,1,1,0,0,0,0,0,17,0,17,17,17,0,0,0,0
1769,15000298,100,3,44.470151042458,75.000000000000,65.000000000000,2.267019722764,a46f18674a64ed0,8d15af1f9d36efa1,7df67c645b33ccf4,200,114,57.000000,328.263158,315.538047,1.000000,4.500000,362.800651,5.243333,373.709725,4.736842,4.516667,0.000000,0.555189,0.771167,0.425532,0.309463,400,4128,4128,32.000000,0,0,16,16,114,114,14,0,674.000000,540,0,0,100,100,0,100,14,7,7,0,14,7,7,7,0,0,0,0,0,86,0,86,86,86,0,0,0,0
1770,15000299,100,3,158.099402504996,75.000000000000,52.000000000000,1.620735658524,fdcd563f96697654,8d15af1f9d36efa1,c1f7b3506a76edc1,200,179,89.500000,210.703911,231.371836,1.000000,3.400000,274.624633,5.086667,253.446327,3.223464,4.935875,0.000000,0.488021,0.733333,0.409417,0.169784,400,4224,4224,32.000000,0,0,16,16,57,57,4,0,550.000000,577,0,0,39,161,0,39,18,16,2,0,18,2,2,2,0,0,0,0,0,21,0,21,21,21,0,0,0,0
1771,15000300,100,3,278.751401208945,75.000000000000,42.000000000000,1.875285634241,c0b6087de37e09e,8d15af1f9d36efa1,9acf3d00c59fb38b,200,168,84.000000,233.958333,263.403536,1.000000,4.000000,305.462441,4.240833,285.476529,3.910714,4.071537,0.000000,0.463673,0.739583,0.378430,0.171501,400,3848,3848,32.000000,0,0,16,16,66,66,4,0,568.000000,657,0,0,49,151,0,49,17,15,2,0,17,2,2,2,0,0,0,0,0,32,0,32,32,32,0,0,0,0
1772,15000301,100,3,86.908628630361,425.000000000000,64.000000000000,2.109803358619,cafa8fba52db105a,8d15af1f9d36efa1,9b3f3200c5fea891,200,169,84.500000,241.195266,248.835914,1.000000,3.700000,309.214444,5.115000,282.161461,3.615385,4.328969,0.000000,0.482642,0.740260,0.395648,0.184246,400,4368,4368,32.000000,0,0,16,16,63,63,12,0,570.000000,611,0,0,47,153,0,47,16,10,6,0,16,6,6,6,0,0,0,0,0,31,0,31,31,31,0,0,0,0
1773,15000302,100,3,225.738076156325,325.000000000000,64.000000000000,1.502829741930,ec8c7b88ac0f3658,8d15af1f9d36efa1,305a8af597641e1,200,178,89.000000,267.078652,287.215944,1.000000,3.700000,303.401435,5.053333,332.393244,3.983146,5.159379,0.000000,0.435060,0.731903,0.360685,0.138518,400,4152,4152,32.000000,0,0,16,16,57,57,0,2,546.000000,709,0,0,39,161,0,39,17,17,0,0,17,0,0,0,0,0,0,0,0,22,0,22,22,22,0,0,0,0
1774,15000303,100,3,458.178219391306,75.000000000000,66.000000000000,2.653957432417,c4289f959b2a9111,8d15af1f9d36efa1,aa4b25c4d0c8dbdd,200,154,77.000000,233.597403,222.059780,1.000000,3.200000,267.744658,6.600238,269.452953,3.240260,5.302605,0.000000,0.542621,0.747475,0.444939,0.242792,400,4488,4488,32.000000,0,0,16,16,76,76,8,0,592.000000,499,0,0,61,139,0,61,15,11,4,0,15,4,4,4,0,0,0,0,0,46,0,46,46,46,0,0,0,0
1775,15000304,100,3,396.003116945597,425.000000000000,58.000000000000,2.572766605623,8db633584f77076d,8d15af1f9d36efa1,9a98ab00c5712c05,200,126,63.000000,232.063492,285.258584,1.000000,4.100000,317.333185,4.659762,267.283218,3.523810,4.698198,0.000000,0.591160,0.762470,0.473934,0.321101,400,4184,4184,32.000000,0,0,16,16,101,101,8,2,642.000000,444,0,0,87,113,0,87,13,9,4,0,13,4,4,4,0,0,0,0,0,74,0,74,74,74,0,0,0,0
1776,15000305,100,3,439.755759851438,175.000000000000,70.000000000000,2.711245340603,75c6eb370cb2cfcf,8d15af1f9d36efa1,7db671cda1e6ee6e,200,185,92.500000,230.167568,250.940370,1.000000,3.300000,276.710967,5.231667,277.754268,3.313514,5.230016,0.000000,0.471096,0.731903,0.394867,0.156809,400,4376,4376,32.000000,0,0,16,16,53,53,8,0,546.000000,613,0,0,34,166,0,34,19,15,4,0,19,4,4,4,0,0,0,0,0,15,0,15,15,15,0,0,0,0
1777,15000306,100,3,317.683908892994,425.000000000000,48.000000000000,2.266490403073,e9aa0876017d5b84,8d15af1f9d36efa1,dded9e4f58980064,200,165,82.500000,218.727273,203.055015,1.000000,3.100000,248.159090,4.550000,251.784818,3.254545,4.031657,0.000000,0.516216,0.741268,0.426894,0.209131,400,4408,4408,31.000000,0,0,16,15,68,68,6,2,573.000000,537,0,0,51,149,0,51,16,13,3,0,16,3,3,3,0,0,0,0,0,35,0,35,35,35,0,0,0,0
1778,15000307,100,3,398.138637400413,425.000000000000,45.000000000000,2.814497416509,27955dc97800d2f7,8d15af1f9d36efa1,ba56a84f442b7219,200,132,66.000000,258.984848,289.439977,1.000000,4.100000,343.328783,4.366667,304.135052,3.893939,4.011673,0.000000,0.548330,0.757282,0.437637,0.271955,400,4304,4304,32.000000,0,0,16,16,92,92,8,0,624.000000,514,0,0,80,120,0,80,12,8,4,0,12,4,4,4,0,0,0,0,0,68,0,68,68,68,0,0,0,0
1779,15000308,100,3,488.162073375579,425.000000000000,59.000000000000,2.888970741266,2ab4efbae50621a8,8d15af1f9d36efa1,ee19604f616d934d,200,160,80.000000,258.293750,254.448816,0.900000,3.200000,305.539813,5.262963,300.568784,3.625000,4.898276,0.000000,0.498270,0.742268,0.408163,0.198895,400,3808,3808,32.000000,0,0,16,16,65,65,14,0,576.000000,580,0,0,48,144,0,48,17,10,7,0,17,7,7,6,1,0,0,0,0,31,20,20,40,32,8,0,0,0
1780,15000309,100,3,155.692971013369,75.000000000000,67.000000000000,1.709137793847,583f96bb01b770bd,8d15af1f9d36efa1,9670d9652461ff24,200,166,83.000000,215.807229,228.003853,1.000000,3.200000,250.767099,5.596667,229.688049,2.849398,5.179704,0.000000,0.554194,0.746193,0.458190,0.248013,400,4560,4560,32.000000,0,0,16,16,74,74,8,8,588.000000,473,0,0,52,148,0,52,18,14,4,0,18,4,4,4,0,0,0,0,0,34,0,34,34,34,0,0,0,0
1781,15000310,100,3,382.807068245527,175.000000000000,74.000000000000,1.980163606189,c3178e1a90c0c337,8d15af1f9d36efa1,fa3fee61ba1cbde4,200,200,100.000000,244.690000,257.209131,1.000000,3.800000,299.017953,4.344286,289.959312,3.800000,4.526316,0.000000,0.407176,0.722992,0.344828,0.105882,400,3728,3728,32.000000,0,0,16,16,41,41,8,2,522.000000,760,0,0,20,180,0,20,20,16,4,0,20,4,4,4,0,0,0,0,0,0,0,0,0,0,0,0,0,0
1782,15000311,100,3,207.518725840764,175.000000000000,62.000000000000,1.749673390130,9c6a0873a4df0853,8d15af1f9d36efa1,9b3bba00c5fba6d2,200,193,96.500000,291.813472,292.825210,1.000000,4.200000,345.587006,5.403690,353.715965,4.347150,4.929678,0.000000,0.387144,0.726027,0.322841,0.104589,400,4064,4064,32.000000,0,0,16,16,47,47,4,4,530.000000,839,0,0,26,174,0,26,19,17,2,0,19,2,2,2,0,0,0,0,0,7,0,7,7,7,0,0,0,0
1783,15000312,100,3,422.188895312653,175.000000000000,76.000000000000,2.131684401501,7a20ef41e0c64c7b,8d15af1f9d36efa1,a1474aaedfd38efd,200,189,94.500000,220.058201,224.472234,1.000000,3.100000,247.440604,4.396667,260.066592,3.206349,4.306931,0.000000,0.471204,0.729730,0.397614,0.151261,400,4016,4016,32.000000,0,0,16,16,52,52,4,2,540.000000,606,0,0,31,169,0,31,20,18,2,0,20,2,2,2,0,0,0,0,0,11,0,11,11,11,0,0,0,0
1784,15000313,100,3,191.564220205114,175.000000000000,46.000000000000,2.551073338547,7881c0335f3216ad,8d15af1f9d36efa1,f331d44ff5a9ea70,200,191,95.500000,239.790576,216.482349,1.000000,3.200000,254.562198,4.742619,281.358719,3.780105,4.036011,0.000000,0.426073,0.728261,0.356506,0.125908,400,4496,4496,32.000000,0,0,16,16,49,49,6,0,536.000000,722,0,0,29,171,0,29,20,17,3,0,20,3,3,3,0,0,0,0,0,9,0,9,9,9,0,0,0,0
1785,15000314,100,3,179.184814248122,75.000000000000,45.000000000000,2.300720668147,88c7be5cca970625,8d15af1f9d36efa1,4c4d039911e4fc6c,200,155,77.500000,254.212903,276.173487,1.000000,4.000000,320.739706,5.691667,303.212217,3.845161,5.171141,0.000000,0.496622,0.746193,0.401606,0.207447,400,4064,4064,32.000000,0,0,16,16,76,76,4,2,588.000000,596,0,0,60,140,0,60,15,13,2,0,15,2,2,2,0,0,0,0,0,45,0,45,45,45,0,0,0,0
1786,15000315,100,3,294.418408530988,425.000000000000,57.000000000000,1.851147594667,d812d43d1919447,8d15af1f9d36efa1,2b6f994f845e2151,200,171,85.500000,259.520468,259.483206,1.000000,3.600000,283.267158,5.225000,306.186317,3.812865,4.578221,0.000000,0.463816,0.738220,0.380228,0.168367,400,3880,3880,32.000000,0,0,16,16,65,65,2,4,564.000000,652,0,0,46,154,0,46,17,16,1,0,17,1,1,1,0,0,0,0,0,29,0,29,29,29,0,0,0,0
1787,15000316,100,3,225.421127929609,325.000000000000,50.000000000000,2.029610998941,89bf24e4de5cb440,8d15af1f9d36efa1,6087ca0a0ac0b967,200,106,53.000000,243.962264,219.631623,1.000000,3.300000,251.912061,5.560000,307.003931,4.254717,5.084257,0.000000,0.597681,0.770115,0.470035,0.345428,400,4608,4608,32.000000,0,0,16,16,118,118,2,8,670.000000,451,0,0,104,96,0,104,10,9,1,0,10,1,1,1,0,0,0,0,0,94,0,94,94,94,0,0,0,0
1788,15000317,100,3,31.200997479128,175.000000000000,88.000000000000,2.333272727927,db44545c9c9f6083,8d15af1f9d36efa1,9a8b2d00c565cb8f,200,191,95.500000,234.931937,238.164955,1.000000,3.300000,270.087798,5.028333,276.160159,3.356021,4.967239,0.000000,0.454468,0.727520,0.384246,0.137281,400,4144,4144,32.000000,0,0,16,16,47,47,8,0,534.000000,641,0,0,28,172,0,28,19,15,4,0,19,4,4,4,0,0,0,0,0,9,0,9,9,9,0,0,0,0
1789,15000318,100,3,217.471815379920,175.000000000000,53.000000000000,1.820885777047,b8e4db6301e2531,8d15af1f9d36efa1,754567503f61926c,200,193,96.500000,295.518135,311.765417,1.000000,4.500000,345.726594,5.337500,356.758686,4.725389,4.391447,0.000000,0.368421,0.726776,0.304878,0.098814,400,4152,4152,32.000000,0,0,16,16,45,45,10,0,532.000000,912,0,0,26,174,0,26,19,14,5,0,19,5,5,5,0,0,0,0,0,7,0,7,7,7,0,0,0,0
1790,15000319,100,3,344.584274821158,425.000000000000,52.000000000000,1.940607126360,517963d0e7d1b045,8d15af1f9d36efa1,79fa6065b890daab,200,113,56.500000,254.690265,208.348323,1.000000,2.800000,228.346714,5.626667,296.438321,3.690265,5.201439,0.000000,0.612093,0.766900,0.489596,0.351477,400,4272,4272,32.000000,0,0,16,16,107,107,12,0,658.000000,417,0,0,97,103,0,97,10,4,6,0,10,6,6,6,0,0,0,0,0,87,0,87,87,87,0,0,0,0
1791,15000320,100,3,132.905747721636,425.000000000000,42.000000000000,2.576491719916,c10c043394bcd7e4,8d15af1f9d36efa1,e7d52df2cf59e53b,200,154,77.000000,254.785714,253.332015,1.000000,3.900000,294.813322,4.803333,293.593801,3.928571,4.520661,0.000000,0.497925,0.750000,0.398010,0.217335,400,4248,4248,32.000000,0,0,16,16,78,78,12,0,600.000000,605,0,0,62,138,0,62,16,10,6,0,16,6,6,6,0,0,0,0,0,46,0,46,46,46,0,0,0,0
1792,15000321,100,3,482.908376448937,175.000000000000,84.000000000000,1.517103347460,b6c4b20b330d624d,8d15af1f9d36efa1,f0f597025092e542,200,186,93.000000,280.532258,296.713322,1.000000,4.200000,348.496507,4.898333,341.307787,4.284946,4.382685,0.000000,0.407435,0.732620,0.334169,0.127054,400,4096,4096,32.000000,0,0,16,16,50,50,16,0,548.000000,797,0,0,32,168,0,32,18,10,8,0,18,8,8,8,0,0,0,0,0,14,0,14,14,14,0,0,0,0
1793,15000322,100,3,466.047952979524,325.000000000000,74.000000000000,2.711263984561,bed89feb52438825,8d15af1f9d36efa1,91bf5d652bc9666e,200,190,95.000000,274.384211,286.041604,1.000000,4.400000,346.147697,5.334524,338.070183,4.442105,4.847156,0.000000,0.387518,0.727520,0.321543,0.107822,400,4032,4032,32.000000,0,0,16,16,48,48,6,0,534.000000,844,0,0,29,171,0,29,19,16,3,0,19,3,3,3,0,0,0,0,0,10,0,10,10,10,0,0,0,0
1794,15000323,100,3,119.793142154407,325.000000000000,62.000000000000,2.644974374739,759888d8f184ceda,8d15af1f9d36efa1,d59f3a46d8eeb7fc,200,192,96.000000,264.630208,287.833562,1.000000,4.100000,327.812820,6.423333,330.522232,4.203125,5.251549,0.000000,0.394599,0.724518,0.331400,0.104329,400,4048,4048,32.000000,0,0,16,16,46,46,2,0,526.000000,807,0,0,27,173,0,27,19,18,1,0,19,1,1,1,0,0,0,0,0,8,0,8,8,8,0,0,0,0
1795,15000324,100,3,397.966217751523,325.000000000000,58.000000000000,2.865973895270,62ef4fb80eb610e4,8d15af1f9d36efa1,3c6b8b4321558c87,200,200,100.000000,249.400000,251.686500,1.000000,3.600000,291.118231,5.011667,292.170220,3.600000,4.936111,0.000000,0.420290,0.722992,0.357143,0.111111,400,4336,4336,32.000000,0,0,16,16,41,41,8,2,522.000000,720,0,0,20,180,0,20,20,16,4,0,20,4,4,4,0,0,0,0,0,0,0,0,0,0,0,0,0,0
1796,15000325,100,3,335.416921908375,175.000000000000,52.000000000000,2.722716301471,85612153f50bc5b,8d15af1f9d36efa1,2f847cb3c05441f4,200,186,93.000000,250.473118,256.141507,1.000000,3.700000,304.454581,4.905714,305.326851,3.887097,4.556017,0.000000,0.423904,0.726776,0.356189,0.121507,400,4224,4224,32.000000,0,0,16,16,50,50,0,0,532.000000,723,0,0,32,168,0,32,18,18,0,0,18,0,0,0,0,0,0,0,0,14,0,14,14,14,0,0,0,0
1797,15000326,100,3,11.909217726491,75.000000000000,69.000000000000,2.055605236010,5cb112946a8693ba,8d15af1f9d36efa1,14356595fa97422f,200,121,60.500000,260.404959,260.526483,1.000000,3.600000,293.651925,5.008333,293.090670,3.619835,4.842466,0.000000,0.598901,0.765808,0.477327,0.336364,400,4080,4080,32.000000,0,0,16,16,107,107,8,0,654.000000,438,0,0,93,107,0,93,14,10,4,0,14,4,4,4,0,0,0,0,0,79,0,79,79,79,0,0,0,0
1798,15000327,100,3,465.622896366621,175.000000000000,80.000000000000,2.351322061969,5f6aa33eb4bf71c0,8d15af1f9d36efa1,4a35a6ccb39196c4,200,183,91.500000,249.032787,265.927755,1.000000,3.500000,293.315061,5.698333,301.511946,3.540984,5.395062,0.000000,0.455462,0.730458,0.381679,0.145119,400,4544,4544,32.000000,0,0,16,16,53,53,4,0,542.000000,648,0,0,35,165,0,35,18,16,2,0,18,2,2,2,0,0,0,0,0,17,0,17,17,17,0,0,0,0
1799,15000328,100,3,206.468569522975,75.000000000000,57.000000000000,1.981176927175,aba0cfdb4f8593c,8d15af1f9d36efa1,cadc695f5606e9bc,200,118,59.000000,234.694915,232.771715,1.000000,3.300000,259.670565,3.675714,273.887363,3.457627,5.245098,0.000000,0.613636,0.764151,0.495050,0.346154,400,4152,4152,32.000000,0,0,16,16,105,105,6,2,648.000000,408,0,0,93,107,0,93,11,8,3,0,11,3,3,3,0,0,0,0,0,82,0,82,82,82,0,0,0,0
1800,15000329,100,3,435.962216149530,325.000000000000,65.000000000000,2.987485893966,835ec1350b5dd56c,8d15af1f9d36efa1,6e2a67c088d287d0,200,194,97.000000,300.907216,324.701253,1.000000,4.700000,370.195146,4.635000,360.083829,4.685567,4.443344,0.000000,0.374398,0.731183,0.305577,0.109696,400,4208,4208,32.000000,0,0,16,16,48,48,16,4,544.000000,909,0,0,26,174,0,26,20,12,8,0,20,8,8,8,0,0,0,0,0,6,0,6,6,6,0,0,0,0
1801,15000330,100,3,77.762779040925,175.000000000000,73.000000000000,2.751999374415,a4bc28e65fdc5653,8d15af1f9d36efa1,6b83b8fcff225b95,200,195,97.500000,241.092308,235.777770,1.000000,3.300000,265.639802,5.475000,286.629572,3.610256,5.446023,0.000000,0.427642,0.724518,0.362319,0.117794,400,4440,4440,32.000000,0,0,16,16,46,46,2,2,526.000000,704,0,0,25,175,0,25,20,19,1,0,20,1,1,1,0,0,0,0,0,5,0,5,5,5,0,0,0,0
1802,15000331,100,3,96.517775311766,75.000000000000,64.000000000000,1.724722737697,d79cc8a6d1fa40c0,8d15af1f9d36efa1,c6ba8a4fdc265d4f,200,119,59.500000,312.848739,269.268610,1.000000,4.000000,327.372155,4.630000,355.763347,4.327731,4.178641,0.000000,0.563189,0.768519,0.437158,0.310576,400,3992,3992,32.000000,0,0,16,16,111,111,10,0,664.000000,515,0,0,96,104,0,96,15,10,5,0,15,5,5,5,0,0,0,0,0,81,0,81,81,81,0,0,0,0
1803,15000332,100,3,316.065292290106,175.000000000000,73.000000000000,1.767510955092,3e00f74840a810c1,8d15af1f9d36efa1,9b616700c61be906,200,200,100.000000,230.540000,243.931772,1.000000,3.600000,284.397222,4.546667,277.104100,3.600000,4.388889,0.000000,0.418417,0.721448,0.357143,0.106700,400,4216,4216,32.000000,0,0,16,16,40,40,6,0,518.000000,720,0,0,20,180,0,20,20,17,3,0,20,3,3,3,0,0,0,0,0,0,0,0,0,0,0,0,0,0
1804,15000333,100,3,386.898279534164,175.000000000000,69.000000000000,2.565686900496,cfd69684f6f00312,8d15af1f9d36efa1,9abab900c58e2a35,200,191,95.500000,228.324607,229.517188,1.000000,3.200000,253.766266,5.578333,262.633251,3.214660,5.332248,0.000000,0.466087,0.728261,0.394477,0.144847,400,4448,4448,32.000000,0,0,16,16,50,50,4,2,536.000000,614,0,0,29,171,0,29,20,18,2,0,20,2,2,2,0,0,0,0,0,9,0,9,9,9,0,0,0,0
1805,15000334,100,3,13.683055675281,175.000000000000,88.000000000000,2.156110914532,aaed3a1e0afba18,8d15af1f9d36efa1,df1db7a773f82483,200,182,91.000000,274.675824,260.344532,1.000000,3.800000,308.011476,5.336667,318.106412,4.021978,5.348361,0.000000,0.433437,0.736842,0.353357,0.148837,400,4536,4536,32.000000,0,0,16,16,59,59,10,2,560.000000,732,0,0,38,162,0,38,20,15,5,0,20,5,5,5,0,0,0,0,0,18,0,18,18,18,0,0,0,0
1806,15000335,100,3,102.012029380162,75.000000000000,55.000000000000,2.254195940140,10c56942c7f753e2,8d15af1f9d36efa1,a473c64fc8d73b1f,200,167,83.500000,233.790419,239.999942,1.000000,3.300000,258.387808,6.543571,266.948777,3.538922,5.013536,0.000000,0.491831,0.740933,0.403633,0.191518,400,4488,4488,32.000000,0,0,16,16,67,67,6,0,572.000000,591,0,0,50,150,0,50,17,14,3,0,17,3,3,3,0,0,0,0,0,33,0,33,33,33,0,0,0,0
1807,15000336,100,3,371.302087976422,425.000000000000,48.000000000000,2.767828973479,221a70feccbe6721,8d15af1f9d36efa1,a320b650e9fb6fc2,200,182,91.000000,311.648352,317.756726,1.000000,4.300000,352.631131,6.665476,392.723911,4.703297,6.108645,0.000000,0.392908,0.734748,0.318471,0.124744,400,4560,4560,32.000000,0,0,16,16,54,54,14,0,554.000000,856,0,0,36,164,0,36,18,11,7,0,18,7,7,7,0,0,0,0,0,18,0,18,18,18,0,0,0,0
1808,15000337,100,3,401.193103528883,175.000000000000,76.000000000000,2.260670437000,6709136b72847e,8d15af1f9d36efa1,348ca14f89a84d21,200,199,99.500000,268.080402,279.923019,1.000000,4.100000,313.029598,4.957857,328.493314,4.276382,4.390129,0.000000,0.378378,0.721448,0.319744,0.091782,400,3992,3992,32.000000,0,0,16,16,42,42,2,2,518.000000,851,0,0,21,179,0,21,20,19,1,0,20,1,1,1,0,0,0,0,0,1,0,1,1,1,0,0,0,0
1809,15000338,100,3,199.217219299203,425.000000000000,39.000000000000,2.546170596624,4f91cd46ac89fa84,8d15af1f9d36efa1,cd9a7169ad845c6,200,177,88.500000,195.011299,203.355542,1.000000,3.000000,236.104231,4.728333,219.432591,2.977401,4.897533,0.000000,0.509767,0.732620,0.431499,0.180404,400,4400,4400,32.000000,0,0,16,16,57,57,2,0,548.000000,527,0,0,40,160,0,40,17,16,1,0,17,1,1,1,0,0,0,0,0,23,0,23,23,23,0,0,0,0
1810,15000339,100,3,352.305578004216,175.000000000000,46.000000000000,2.869261824309,72431c2d81841d40,8d15af1f9d36efa1,668a39c2005a9893,200,197,98.500000,193.700508,187.347151,1.000000,2.600000,210.386561,4.325000,221.349893,2.720812,4.389925,0.000000,0.493384,0.722992,0.427350,0.143770,400,4256,4256,32.000000,0,0,16,16,44,44,2,2,522.000000,536,0,0,23,177,0,23,20,19,1,0,20,1,1,1,0,0,0,0,0,3,0,3,3,3,0,0,0,0
1811,15000340,100,3,453.161919571425,175.000000000000,87.000000000000,1.941072920301,aa70eb90344f92d,8d15af1f9d36efa1,e37851a1c1b64543,200,185,92.500000,249.254054,261.723917,1.000000,3.300000,279.425442,4.751190,292.308663,3.621622,4.471642,0.000000,0.449466,0.732262,0.373832,0.147583,400,4000,4000,31.000000,0,0,16,15,53,53,10,0,547.000000,670,0,0,34,166,0,34,19,14,5,0,19,5,5,5,0,0,0,0,0,15,0,15,15,15,0,0,0,0
1812,15000341,100,3,289.255316647811,75.000000000000,47.000000000000,2.233238403211,921e15d83534417,8d15af1f9d36efa1,860dab278474ac90,200,147,73.500000,324.598639,319.338730,1.000000,4.600000,368.231450,4.820833,397.033140,5.292517,4.375321,0.000000,0.437048,0.751244,0.339559,0.181053,400,4152,4152,32.000000,0,0,16,16,82,82,8,2,604.000000,778,0,0,67,133,0,67,14,10,4,0,14,4,4,4,0,0,0,0,0,53,0,53,53,53,0,0,0,0
1813,15000342,100,3,93.074941451779,425.000000000000,72.000000000000,1.888229969581,84e02bbfa3ee686,8d15af1f9d36efa1,e747db065ef3ec4e,200,186,93.000000,262.505376,262.361056,1.000000,3.900000,298.540840,5.807381,313.276103,3.967742,5.368564,0.000000,0.426128,0.732620,0.351494,0.135831,400,4408,4408,32.000000,0,0,16,16,52,52,12,0,548.000000,738,0,0,33,167,0,33,19,13,6,0,19,6,6,6,0,0,0,0,0,14,0,14,14,14,0,0,0,0
1814,15000343,100,3,11.042893373193,75.000000000000,62.000000000000,2.209407330455,7a5ad157e48a00f5,8d15af1f9d36efa1,7ab6159881e1bb40,200,57,28.500000,188.315789,275.914090,1.000000,4.000000,311.859516,4.746429,180.259710,2.701754,4.253247,0.000000,0.831140,0.791232,0.722022,0.679167,400,4088,4088,32.000000,0,0,16,16,161,161,4,16,758.000000,154,0,0,148,52,0,148,5,3,2,0,5,2,2,2,0,0,0,0,0,143,0,143,143,143,0,0,0,0
1815,15000344,100,3,62.758604403168,75.000000000000,61.000000000000,1.894744576450,8cec45a0a707dc65,8d15af1f9d36efa1,58d8d7f9d3b2aa,200,135,67.500000,339.992593,290.561175,1.000000,4.700000,362.041166,5.800595,412.132156,5.488889,4.360324,0.000000,0.464982,0.763033,0.350570,0.222455,400,4560,4560,32.000000,0,0,16,16,97,97,18,4,644.000000,741,0,0,80,120,0,80,15,6,9,0,15,9,9,9,0,0,0,0,0,65,0,65,65,65,0,0,0,0
1816,15000345,100,3,261.317852524852,425.000000000000,46.000000000000,1.888329770570,4394db34d815296e,8d15af1f9d36efa1,1f4003d5b4cb1e86,200,142,71.000000,257.802817,267.060457,1.000000,3.900000,323.374930,5.440000,300.752405,3.788732,4.940520,0.000000,0.532986,0.754300,0.426439,0.252778,400,4392,4392,32.000000,0,0,16,16,86,86,10,0,614.000000,538,0,0,72,128,0,72,14,9,5,0,14,5,5,5,0,0,0,0,0,58,0,58,58,58,0,0,0,0
1817,15000346,100,3,421.414176940609,425.000000000000,45.000000000000,2.968086173489,c63679195b03a81d,8d15af1f9d36efa1,e6ba30d946a4f4e,200,127,63.500000,340.118110,372.946809,1.000000,5.600000,457.237126,5.293333,417.807890,5.417323,5.040698,0.000000,0.484258,0.763593,0.367647,0.237251,400,4424,4424,32.000000,0,0,16,16,101,101,12,0,646.000000,688,0,0,87,113,0,87,14,8,6,0,14,6,6,6,0,0,0,0,0,73,0,73,73,73,0,0,0,0
1818,15000347,100,3,61.940119852713,425.000000000000,52.000000000000,2.820852531408,8ab515396e112cdb,8d15af1f9d36efa1,7dde4579e0a8457b,200,138,69.000000,204.572464,206.606737,1.000000,2.900000,234.586598,5.508333,239.620384,3.094203,4.861827,0.000000,0.589817,0.754300,0.483676,0.298851,400,3976,3976,32.000000,0,0,16,16,89,89,4,2,614.000000,427,0,0,75,125,0,75,13,11,2,0,13,2,2,2,0,0,0,0,0,62,0,62,62,62,0,0,0,0
1819,15000348,100,3,137.000226140048,425.000000000000,47.000000000000,2.777601016666,db8310fbc28dedfb,8d15af1f9d36efa1,3890352189ce36d8,200,165,82.500000,280.903030,270.398285,1.000000,4.000000,309.392131,4.436667,321.974029,4.078788,4.441308,0.000000,0.463745,0.744246,0.372787,0.182260,400,4168,4168,32.000000,0,0,16,16,69,69,12,4,582.000000,673,0,0,51,149,0,51,16,10,6,0,16,6,6,6,0,0,0,0,0,35,0,35,35,35,0,0,0,0
1820,15000349,100,3,460.334803374916,75.000000000000,70.000000000000,1.752200610350,771673ff42a77f5e,8d15af1f9d36efa1,493b44643e5f9409,200,131,65.500000,256.282443,239.341348,1.000000,3.900000,297.795463,4.971667,288.912123,3.793893,4.167002,0.000000,0.562115,0.761337,0.445931,0.293030,400,4200,4200,32.000000,0,0,16,16,100,100,6,6,638.000000,497,0,0,83,117,0,83,14,11,3,0,14,3,3,3,0,0,0,0,0,69,0,69,69,69,0,0,0,0
1821,15000350,100,3,173.622633181608,325.000000000000,65.000000000000,1.967038418441,e094f7590c7ad6ba,8d15af1f9d36efa1,9aa63700c57ca445,200,199,99.500000,268.170854,292.994584,1.000000,3.800000,317.102002,4.566667,331.169546,4.000000,4.479899,0.000000,0.394216,0.721448,0.334448,0.097506,400,3992,3992,32.000000,0,0,16,16,42,42,2,2,518.000000,796,0,0,21,179,0,21,20,19,1,0,20,1,1,1,0,0,0,0,0,1,0,1,1,1,0,0,0,0
1822,15000351,100,3,327.893284514510,75.000000000000,42.000000000000,2.566074032948,ed88466e4d3329e9,8d15af1f9d36efa1,83e8a876fe7d1b06,200,164,82.000000,278.902439,305.081942,0.900000,3.900000,349.042437,4.962963,341.171491,4.371951,4.622036,0.000000,0.447186,0.743590,0.358102,0.171098,400,4080,4080,32.000000,0,0,16,16,70,70,8,0,580.000000,717,0,0,53,147,0,53,17,13,4,0,17,4,4,4,0,0,0,0,0,36,20,16,36,36,0,0,0,0
1823,15000352,100,3,148.767640974697,425.000000000000,45.000000000000,2.031402486006,c9bd5f30054e345d,8d15af1f9d36efa1,f323c74ff59d96fd,200,145,72.500000,230.082759,203.704402,1.000000,3.400000,269.944559,4.712500,268.793089,3.682759,3.653558,0.000000,0.529930,0.750623,0.428266,0.241477,400,3888,3888,32.000000,0,0,16,16,81,81,8,0,602.000000,534,0,0,68,132,0,68,13,9,4,0,13,4,4,4,0,0,0,0,0,55,0,55,55,55,0,0,0,0
1824,15000353,100,3,314.091171059083,175.000000000000,67.000000000000,1.780591504079,9e91d482dd6c0a0e,8d15af1f9d36efa1,9b500600c60cd100,200,186,93.000000,212.333333,200.096044,1.000000,3.300000,239.133807,3.528333,251.443718,3.569892,3.876506,0.000000,0.446205,0.727891,0.375940,0.135417,400,3840,3840,31.000000,0,0,16,15,51,51,2,2,535.000000,664,0,0,32,168,0,32,18,17,1,0,18,1,1,1,0,0,0,0,0,14,0,14,14,14,0,0,0,0
1825,15000354,100,3,391.018476811835,425.000000000000,66.000000000000,1.568629884151,d9392da06cc6f900,8d15af1f9d36efa1,5e3fdc6a914e3ff1,200,123,61.500000,249.902439,218.468674,1.000000,3.400000,260.151735,4.910000,275.829224,3.634146,4.557047,0.000000,0.596206,0.767442,0.472255,0.337778,400,4232,4232,32.000000,0,0,16,16,110,110,8,14,660.000000,447,0,0,90,110,0,90,13,9,4,0,13,4,4,4,0,0,0,0,0,77,0,77,77,77,0,0,0,0
1826,15000355,100,3,416.832558454215,75.000000000000,55.000000000000,2.517012205804,ca622bf5baa23253,8d15af1f9d36efa1,7a6a71012d3d71ca,200,148,74.000000,247.891892,263.178457,1.000000,3.400000,278.505302,4.741667,276.128310,3.459459,4.529297,0.000000,0.542857,0.752475,0.438596,0.255814,400,3912,3912,32.000000,0,0,16,16,82,82,12,0,608.000000,512,0,0,67,133,0,67,15,9,6,0,15,6,6,6,0,0,0,0,0,52,0,52,52,52,0,0,0,0
1827,15000356,100,3,80.140047692625,75.000000000000,44.000000000000,2.687027570480,b72b6968d90d0e1d,8d15af1f9d36efa1,f97ca15a2e98842c,200,112,56.000000,261.401786,245.954534,1.000000,3.900000,301.616175,4.634048,293.714823,3.955357,4.415350,0.000000,0.601260,0.769585,0.474496,0.347570,400,3816,3816,32.000000,0,0,16,16,114,114,8,8,668.000000,443,0,0,99,101,0,99,11,7,4,0,11,4,4,4,0,0,0,0,0,88,0,88,88,88,0,0,0,0
1828,15000357,100,3,457.841856570911,325.000000000000,73.000000000000,2.544227606686,4f68a405123b55a9,8d15af1f9d36efa1,cc2796033ac3ea16,200,192,96.000000,275.468750,305.254176,1.000000,4.100000,340.097080,5.138333,330.437437,4.088542,4.811465,0.000000,0.405303,0.727891,0.337553,0.116985,400,4160,4160,31.000000,0,0,16,15,48,48,8,0,535.000000,785,0,0,28,172,0,28,20,16,4,0,20,4,4,4,0,0,0,0,0,8,0,8,8,8,0,0,0,0
1829,15000358,100,3,134.979678179775,75.000000000000,51.000000000000,1.746294268522,8f69483262a30729,8d15af1f9d36efa1,a3f6344fc86cb0f6,200,159,79.500000,207.937107,201.355809,1.000000,2.900000,231.364991,4.271667,230.777010,2.924528,4.587097,0.000000,0.556721,0.744898,0.462428,0.246353,400,3616,3616,32.000000,0,0,16,16,71,71,10,0,584.000000,465,0,0,56,144,0,56,15,10,5,0,15,5,5,5,0,0,0,0,0,41,0,41,41,41,0,0,0,0
1830,15000359,100,3,193.000296996529,175.000000000000,68.000000000000,1.877558914928,77df4050a9709478,8d15af1f9d36efa1,ed905f8f4712de84,200,193,96.500000,204.098446,182.920760,1.000000,2.900000,231.441684,5.466667,229.217915,3.072539,4.483980,0.000000,0.469114,0.723757,0.402820,0.134307,400,4112,4112,32.000000,0,0,16,16,46,46,0,2,524.000000,593,0,0,26,174,0,26,19,19,0,0,19,0,0,0,0,0,0,0,0,7,0,7,7,7,0,0,0,0
1831,15000360,100,3,480.680597099369,425.000000000000,75.000000000000,1.581232542498,74e2d8825fca1a4b,8d15af1f9d36efa1,f7ec3579da6e4a9,200,123,61.500000,344.780488,327.144077,1.000000,4.600000,362.611472,5.372143,434.779485,5.357724,4.646434,0.000000,0.509308,0.773756,0.377715,0.276619,400,4248,4248,32.000000,0,0,16,16,121,121,10,46,684.000000,659,0,0,88,112,1,87,10,5,5,0,10,5,5,5,0,0,0,0,0,77,0,77,77,77,0,0,0,0
1832,15000361,100,3,41.843507712844,175.000000000000,72.000000000000,2.658727204299,9177219b1594eace,8d15af1f9d36efa1,bc9a0e16dc8df086,200,164,82.000000,337.378049,378.843239,1.000000,5.000000,419.916431,6.083095,427.986934,5.353659,5.487472,0.000000,0.396149,0.742268,0.312989,0.140900,400,4472,4472,32.000000,0,0,16,16,70,70,4,0,576.000000,878,0,0,53,147,0,53,17,15,2,0,17,2,2,2,0,0,0,0,0,36,0,36,36,36,0,0,0,0
1833,15000362,100,3,418.397785152520,325.000000000000,79.000000000000,2.118331300820,cdb56b6214a6fb6f,8d15af1f9d36efa1,547605bb95217f5b,200,183,91.500000,289.601093,289.618584,1.000000,4.700000,345.553795,4.588095,355.496538,4.874317,4.413677,0.000000,0.382271,0.734043,0.309598,0.118577,400,4056,4056,32.000000,0,0,16,16,58,58,4,2,552.000000,892,0,0,37,163,0,37,20,18,2,0,20,2,2,2,0,0,0,0,0,17,0,17,17,17,0,0,0,0
1834,15000363,100,3,366.743947942087,425.000000000000,57.000000000000,1.821706554636,85706bd216ee7ff,8d15af1f9d36efa1,e960f951120ad363,200,184,92.000000,203.679348,205.515894,1.000000,3.000000,231.262363,5.066667,236.365690,3.114130,4.560209,0.000000,0.487019,0.731183,0.411100,0.163504,400,4512,4512,32.000000,0,0,16,16,55,55,2,2,544.000000,573,0,0,35,165,0,35,19,18,1,0,19,1,1,1,0,0,0,0,0,16,0,16,16,16,0,0,0,0
1835,15000364,100,3,182.728932318639,325.000000000000,62.000000000000,2.000014302568,5943b79c4af45b68,8d15af1f9d36efa1,8f34c760b71d3ecf,200,186,93.000000,344.430108,377.359494,1.000000,5.400000,444.124065,4.805357,446.882117,5.682796,4.044465,0.000000,0.336472,0.728261,0.274537,0.089578,400,4088,4088,32.000000,0,0,16,16,50,50,4,0,536.000000,1057,0,0,32,168,0,32,18,16,2,0,18,2,2,2,0,0,0,0,0,14,0,14,14,14,0,0,0,0
1836,15000365,100,3,456.429534857231,175.000000000000,83.000000000000,1.951325355548,a37863e3129ba4f5,8d15af1f9d36efa1,2a463552360dba9a,200,129,64.500000,284.186047,302.103761,1.000000,4.400000,363.071664,4.663333,347.029379,4.356589,4.439502,0.000000,0.530100,0.760192,0.415800,0.264398,400,3832,3832,32.000000,0,0,16,16,99,99,4,0,634.000000,562,0,0,85,115,0,85,14,12,2,0,14,2,2,2,0,0,0,0,0,71,0,71,71,71,0,0,0,0
1837,15000366,100,3,390.200555841365,425.000000000000,46.000000000000,2.650551895822,c5ad5103b99361f8,8d15af1f9d36efa1,548396e0c9c52f39,200,150,75.000000,307.373333,329.667396,1.000000,4.700000,376.012041,5.088333,357.924785,4.746667,4.377809,0.000000,0.464662,0.755501,0.359712,0.207127,400,4024,4024,32.000000,0,0,16,16,90,90,6,12,618.000000,712,0,0,67,133,0,67,17,14,3,0,17,3,3,3,0,0,0,0,0,50,0,50,50,50,0,0,0,0
1838,15000367,100,3,62.842169247897,175.000000000000,94.000000000000,1.798751230478,631a312c41f1be21,8d15af1f9d36efa1,49fb466e40e6fb03,200,152,76.000000,235.953947,251.128850,1.000000,3.600000,282.656305,5.324286,286.899927,3.631579,5.429348,0.000000,0.517483,0.747475,0.420168,0.224719,400,4600,4600,32.000000,0,0,16,16,78,78,4,0,592.000000,552,0,0,63,137,0,63,15,13,2,0,15,2,2,2,0,0,0,0,0,48,0,48,48,48,0,0,0,0
1839,15000368,100,3,19.152178882027,175.000000000000,88.000000000000,2.268664975536,12df6c396b79b069,8d15af1f9d36efa1,a31110e256eddefa,200,192,96.000000,214.546875,203.257526,1.000000,3.100000,235.063764,5.276667,246.690938,3.156250,4.863036,0.000000,0.468421,0.727520,0.397614,0.144068,400,4376,4376,32.000000,0,0,16,16,48,48,6,0,534.000000,606,0,0,28,172,0,28,20,17,3,0,20,3,3,3,0,0,0,0,0,8,0,8,8,8,0,0,0,0
1840,15000369,100,3,379.394085954554,325.000000000000,79.000000000000,1.927024177009,145e70a1b68c2e72,8d15af1f9d36efa1,d9dfa124ed3710d2,200,200,100.000000,232.605000,246.875195,1.000000,3.800000,298.859916,4.663333,277.830321,3.800000,4.534211,0.000000,0.403454,0.719888,0.344828,0.097387,400,4056,4056,32.000000,0,0,16,16,40,40,2,0,514.000000,760,0,0,20,180,0,20,20,19,1,0,20,1,1,1,0,0,0,0,0,0,0,0,0,0,0,0,0,0
1841,15000370,100,3,166.670916287431,175.000000000000,79.000000000000,1.630936475415,81c32f6b7764615c,8d15af1f9d36efa1,6242cb503422cf5b,200,199,99.500000,206.592965,208.000637,1.000000,3.100000,236.688664,5.093333,235.620142,3.160804,5.001590,0.000000,0.451613,0.721448,0.388727,0.120280,400,4488,4488,32.000000,0,0,16,16,42,42,2,2,518.000000,629,0,0,21,179,0,21,20,19,1,0,20,1,1,1,0,0,0,0,0,1,0,1,1,1,0,0,0,0
1842,15000371,100,3,72.976891270400,425.000000000000,60.000000000000,2.212501722250,89569f610ac0b47,8d15af1f9d36efa1,98f956990aca839a,200,137,68.500000,255.956204,274.725160,1.000000,4.000000,313.121171,5.278333,292.886811,3.956204,4.942804,0.000000,0.535959,0.757869,0.424628,0.263587,400,3976,3976,32.000000,0,0,16,16,89,89,16,0,626.000000,542,0,0,76,124,0,76,13,5,8,0,13,8,8,8,0,0,0,0,0,63,0,63,63,63,0,0,0,0
1843,15000372,100,3,155.340688410424,425.000000000000,55.000000000000,1.574329097594,549196567cf95521,8d15af1f9d36efa1,64434f6c1011a9,200,97,48.500000,236.113402,235.185916,1.000000,3.500000,266.045233,5.555000,256.750854,3.226804,5.466454,0.000000,0.687313,0.774775,0.561010,0.449912,400,3992,3992,32.000000,0,0,16,16,125,125,6,0,688.000000,313,0,0,114,86,0,114,11,8,3,0,11,3,3,3,0,0,0,0,0,103,0,103,103,103,0,0,0,0
1844,15000373,100,3,351.043191647263,75.000000000000,62.000000000000,1.793173104020,c1d8936eacab984e,8d15af1f9d36efa1,d5e0754f5434cfb1,200,173,86.500000,216.317919,232.994371,1.000000,3.200000,258.316573,5.775000,247.140410,3.046243,5.635674,0.000000,0.515179,0.736842,0.431499,0.195420,400,4512,4512,32.000000,0,0,16,16,61,61,6,0,560.000000,527,0,0,44,156,0,44,17,14,3,0,17,3,3,3,0,0,0,0,0,27,0,27,27,27,0,0,0,0
1845,15000374,100,3,172.051793928568,75.000000000000,49.000000000000,2.314256259048,e4a19f4e79a40133,8d15af1f9d36efa1,2db6d093d5af9893,200,112,56.000000,240.142857,204.627276,1.000000,3.400000,254.338957,3.850000,261.343019,3.696429,3.869565,0.000000,0.615242,0.767981,0.491400,0.357143,400,3896,3896,32.000000,0,0,16,16,108,108,14,0,662.000000,414,0,0,98,102,0,98,10,3,7,0,10,7,7,7,0,0,0,0,0,88,0,88,88,88,0,0,0,0
1846,15000375,100,3,76.813613424708,425.000000000000,59.000000000000,2.383284873191,773974ae3188f28c,8d15af1f9d36efa1,a60e26e9a2dc88df,200,136,68.000000,262.816176,270.366873,1.000000,3.800000,316.847743,5.082619,314.934908,3.889706,5.143667,0.000000,0.538797,0.755501,0.430571,0.260140,400,4192,4192,32.000000,0,0,16,16,89,89,8,2,618.000000,529,0,0,76,124,0,76,12,8,4,0,12,4,4,4,0,0,0,0,0,64,0,64,64,64,0,0,0,0
1847,15000376,100,3,57.357894789160,175.000000000000,75.000000000000,2.345391263881,d6b5245b13ac2aad,8d15af1f9d36efa1,62607b992a7285de,200,171,85.500000,266.561404,303.078898,0.900000,3.700000,323.334703,5.074074,331.563501,4.058480,4.811239,0.000000,0.433007,0.726027,0.365631,0.123737,400,3928,3928,32.000000,0,0,16,16,47,47,4,0,530.000000,694,0,0,28,153,0,28,19,17,2,0,19,2,2,1,1,0,0,0,0,9,20,9,29,10,19,0,0,0
1848,15000377,100,3,205.889695469487,325.000000000000,53.000000000000,2.074375048108,89e1355f0ba2b987,8d15af1f9d36efa1,682806fb4a1be74e,200,120,60.000000,214.175000,234.264333,0.600000,1.900000,242.725510,6.144444,256.460642,3.166667,5.947368,0.000000,0.570136,0.715909,0.512821,0.159292,400,4368,4368,32.000000,0,0,16,16,32,32,8,0,504.000000,380,0,0,16,108,0,16,16,12,4,0,16,4,4,0,4,0,0,0,0,0,80,0,80,4,76,0,0,0
1849,15000378,100,3,361.170604898139,75.000000000000,41.000000000000,2.898273822568,2a741f6d8269ce73,8d15af1f9d36efa1,9a988300c570e80d,200,189,94.500000,274.164021,268.364982,1.000000,3.900000,321.865795,5.160000,319.565797,4.074074,4.631169,0.000000,0.412214,0.729730,0.341880,0.123007,400,3936,3936,32.000000,0,0,16,16,49,49,10,0,540.000000,770,0,0,30,170,0,30,19,14,5,0,19,5,5,5,0,0,0,0,0,11,0,11,11,11,0,0,0,0
1850,15000379,100,3,121.488960218441,325.000000000000,72.000000000000,1.986131185687,b25dea98cc6b8b08,8d15af1f9d36efa1,d5fbb0d7bd2fec4b,200,200,100.000000,283.220000,280.060694,1.000000,4.300000,339.570016,4.477024,347.317667,4.435000,3.812852,0.000000,0.369581,0.722222,0.310800,0.090256,400,3888,3888,32.000000,0,0,16,16,41,41,6,2,520.000000,887,0,0,20,180,0,20,20,17,3,0,20,3,3,3,0,0,0,0,0,0,0,0,0,0,0,0,0,0
1851,15000380,100,3,161.404183221667,325.000000000000,53.000000000000,2.538606900819,a84d4b4258ea3661,8d15af1f9d36efa1,6f34ef50cc962ffd,200,199,99.500000,263.065327,260.360743,1.000000,3.900000,316.089523,5.270000,313.361548,4.010050,4.531328,0.000000,0.393617,0.721448,0.333890,0.097285,400,4640,4640,32.000000,0,0,16,16,42,42,2,2,518.000000,798,0,0,21,179,0,21,20,19,1,0,20,1,1,1,0,0,0,0,0,1,0,1,1,1,0,0,0,0
1852,15000381,100,3,443.072341042002,425.000000000000,63.000000000000,2.134423283498,e6f71287d837012c,8d15af1f9d36efa1,dcdbbdb2bada7386,200,156,78.000000,272.153846,269.952549,1.000000,3.700000,314.870515,5.146667,306.138833,3.698718,5.270364,0.000000,0.511431,0.751244,0.409417,0.229640,400,4280,4280,32.000000,0,0,16,16,78,78,16,0,604.000000,577,0,0,61,139,0,61,17,9,8,0,17,8,8,8,0,0,0,0,0,44,0,44,44,44,0,0,0,0
1853,15000382,100,3,126.051848201855,325.000000000000,61.000000000000,2.329470713876,ec1410a9edc063a4,8d15af1f9d36efa1,346d9abb62d606fe,200,199,99.500000,301.989950,339.711348,1.000000,4.600000,382.533605,5.385000,384.682310,4.633166,5.116052,0.000000,0.359277,0.721060,0.302572,0.085317,400,4168,4168,31.000000,0,0,16,15,43,43,0,4,517.000000,922,0,0,21,179,0,21,20,20,0,0,20,0,0,0,0,0,0,0,0,1,0,1,1,1,0,0,0,0
1854,15000383,100,3,189.342268951751,75.000000000000,55.000000000000,1.933131807012,e292878e267fc8e,8d15af1f9d36efa1,c200e09c3016927a,200,173,86.500000,193.953757,198.214385,1.000000,2.800000,232.438398,5.341667,214.987378,2.803468,4.783505,0.000000,0.534995,0.736148,0.451977,0.206219,400,4280,4280,32.000000,0,0,16,16,62,62,2,2,558.000000,485,0,0,44,156,0,44,17,16,1,0,17,1,1,1,0,0,0,0,0,27,0,27,27,27,0,0,0,0
1855,15000384,100,3,381.672820803978,175.000000000000,61.000000000000,2.903640730788,9f79c47ac7094bb2,8d15af1f9d36efa1,2b536061848b6423,200,181,90.500000,269.044199,286.272381,1.000000,3.900000,323.084952,4.600000,307.680200,3.845304,4.377874,0.000000,0.451969,0.741602,0.364964,0.169451,400,4104,4104,32.000000,0,0,16,16,65,65,12,16,574.000000,696,0,0,38,162,0,38,19,13,6,0,19,6,6,6,0,0,0,0,0,19,0,19,19,19,0,0,0,0
1856,15000385,100,3,98.965102599856,425.000000000000,49.000000000000,2.268279106661,9f76c061d1e03ad2,8d15af1f9d36efa1,9b7fca00c6358ece,200,135,67.500000,218.688889,227.318256,1.000000,3.100000,265.217615,4.566667,233.723950,2.844444,4.302083,0.000000,0.623529,0.760766,0.510204,0.346939,400,4432,4432,32.000000,0,0,16,16,95,95,14,4,636.000000,384,0,0,79,121,0,79,14,7,7,0,14,7,7,7,0,0,0,0,0,65,0,65,65,65,0,0,0,0
1857,15000386,100,3,62.157650795633,75.000000000000,72.000000000000,1.537922954353,e964cc8ba00619a7,8d15af1f9d36efa1,6ebc837bc269425f,200,163,81.500000,226.650307,231.279190,1.000000,3.400000,269.653813,5.505000,248.557811,3.325153,4.437269,0.000000,0.518650,0.744898,0.424628,0.219020,400,4056,4056,32.000000,0,0,16,16,71,71,10,0,584.000000,542,0,0,54,146,0,54,17,12,5,0,17,5,5,5,0,0,0,0,0,37,0,37,37,37,0,0,0,0
1858,15000387,100,3,149.564859186399,175.000000000000,66.000000000000,2.044302351067,e5a2b39646a2eb94,8d15af1f9d36efa1,d6405e464d30ed3c,200,194,97.000000,313.324742,293.668446,1.000000,5.000000,401.999076,5.760278,401.549057,5.072165,4.826220,0.000000,0.348344,0.724518,0.289017,0.087199,400,4400,4400,32.000000,0,0,16,16,46,46,2,0,526.000000,984,0,0,26,174,0,26,20,19,1,0,20,1,1,1,0,0,0,0,0,6,0,6,6,6,0,0,0,0
1859,15000388,100,3,129.176039096672,425.000000000000,48.000000000000,2.410420947119,f1783d0a68a3723c,8d15af1f9d36efa1,9b53a900c6101bd0,200,145,72.500000,180.572414,185.983715,1.000000,2.500000,198.200107,5.010000,198.489399,2.572414,4.463807,0.000000,0.617436,0.750623,0.517464,0.313076,400,4000,4000,32.000000,0,0,16,16,84,84,2,2,602.000000,373,0,0,69,131,0,69,14,13,1,0,14,1,1,1,0,0,0,0,0,55,0,55,55,55,0,0,0,0
1860,15000389,100,3,397.462349858310,75.000000000000,61.000000000000,1.941569885573,a819683e89b607e4,8d15af1f9d36efa1,fc36e7b70ca39d5a,200,149,74.500000,312.469799,339.906519,0.800000,3.600000,395.603167,5.800000,383.660464,4.610738,5.203785,0.000000,0.440098,0.729730,0.367985,0.135849,400,4256,4256,32.000000,0,0,16,16,45,45,18,0,540.000000,687,0,0,28,134,0,28,17,8,9,0,17,9,9,7,2,0,0,0,0,11,40,11,51,13,38,0,0,0
1861,15000390,100,3,351.624463450047,325.000000000000,55.000000000000,2.571509074996,5449cc91fe04e55c,8d15af1f9d36efa1,a511993a11c3afef,200,188,94.000000,206.436170,230.905309,1.000000,3.300000,252.165681,4.903333,234.677570,3.154255,4.843170,0.000000,0.473824,0.727520,0.402820,0.146763,400,4080,4080,32.000000,0,0,16,16,51,51,0,2,534.000000,593,0,0,31,169,0,31,19,19,0,0,19,0,0,0,0,0,0,0,0,12,0,12,12,12,0,0,0,0
1862,15000391,100,3,406.893424449108,325.000000000000,69.000000000000,2.419293778592,8ed055205fa3bea4,8d15af1f9d36efa1,aea9ed50dfec1c32,200,200,100.000000,236.430000,266.823622,1.000000,3.700000,292.428497,5.616667,279.463082,3.700000,4.901351,0.000000,0.411765,0.721448,0.350877,0.104116,400,4112,4112,32.000000,0,0,16,16,41,41,4,2,518.000000,740,0,0,20,180,0,20,20,18,2,0,20,2,2,2,0,0,0,0,0,0,0,0,0,0,0,0,0,0
1863,15000392,100,3,452.634665500324,425.000000000000,68.000000000000,1.738028740242,ed06d960bf30c78,8d15af1f9d36efa1,e4adc64f5be04e16,200,165,82.500000,247.848485,241.178204,1.000000,3.300000,265.120699,5.185000,279.620604,3.521212,4.805508,0.000000,0.502142,0.745547,0.407747,0.209524,400,4408,4408,32.000000,0,0,16,16,73,73,8,0,586.000000,581,0,0,54,146,0,54,19,15,4,0,19,4,4,4,0,0,0,0,0,35,0,35,35,35,0,0,0,0
1864,15000393,100,3,152.193417319279,325.000000000000,83.000000000000,1.547851847206,c8bedc9d175e4385,8d15af1f9d36efa1,320c5dc12acace34,200,200,100.000000,241.690000,227.286800,1.000000,3.100000,258.639185,4.470000,280.200645,3.370000,4.335312,0.000000,0.436455,0.722992,0.372439,0.117801,400,4096,4096,32.000000,0,0,16,16,42,42,6,4,522.000000,674,0,0,20,180,0,20,20,17,3,0,20,3,3,3,0,0,0,0,0,0,0,0,0,0,0,0,0,0
1865,15000394,100,3,341.601846370912,75.000000000000,44.000000000000,2.142331980328,732dd0a8715a5cac,8d15af1f9d36efa1,fe86fdd43ce06440,200,172,86.000000,237.639535,251.975665,1.000000,3.600000,292.364166,5.055000,287.839408,3.686047,4.539432,0.000000,0.467227,0.735450,0.386847,0.163588,400,4008,4008,32.000000,0,0,16,16,60,60,4,0,556.000000,634,0,0,44,156,0,44,16,14,2,0,16,2,2,2,0,0,0,0,0,28,0,28,28,28,0,0,0,0
1866,15000395,100,3,69.998988281170,425.000000000000,72.000000000000,1.973571556355,cae78cf43e81a2e9,8d15af1f9d36efa1,18d60eb27284a22b,200,147,73.500000,298.884354,257.524950,1.000000,3.900000,317.904017,5.423810,369.333668,4.530612,4.645646,0.000000,0.482115,0.756098,0.375235,0.220141,400,4704,4704,32.000000,0,0,16,16,89,89,10,8,620.000000,666,0,0,69,131,0,69,16,11,5,0,16,5,5,5,0,0,0,0,0,53,0,53,53,53,0,0,0,0
1867,15000396,100,3,363.530046111466,325.000000000000,87.000000000000,1.552388557385,aaee5f1a9b172eb3,8d15af1f9d36efa1,dbd75714ee3b7de8,200,190,95.000000,269.047368,290.608933,1.000000,4.100000,327.148018,5.410000,338.404658,4.242105,5.001241,0.000000,0.400298,0.728997,0.331675,0.116228,400,4032,4032,32.000000,0,0,16,16,50,50,6,0,538.000000,806,0,0,30,170,0,30,20,17,3,0,20,3,3,3,0,0,0,0,0,10,0,10,10,10,0,0,0,0
1868,15000397,100,3,136.471406043035,425.000000000000,66.000000000000,1.675031026391,3955a1e34a5e56dd,8d15af1f9d36efa1,e1ccf68e6c1bdb72,200,180,90.000000,224.805556,244.394204,1.000000,3.600000,291.983287,5.333333,267.478118,3.516667,4.791469,0.000000,0.466723,0.734748,0.387222,0.161589,400,4304,4304,32.000000,0,0,16,16,58,58,6,0,554.000000,633,0,0,39,161,0,39,19,16,3,0,19,3,3,3,0,0,0,0,0,20,0,20,20,20,0,0,0,0
1869,15000398,100,3,188.263792740602,175.000000000000,72.000000000000,1.545148494188,7651f44a28e9415c,8d15af1f9d36efa1,256fa6b4f92b337e,200,200,100.000000,318.615000,329.355766,1.000000,5.000000,381.678979,4.679524,399.697490,5.100000,4.686275,0.000000,0.339378,0.723757,0.281690,0.082734,400,4256,4256,32.000000,0,0,16,16,42,42,8,4,524.000000,1020,0,0,20,180,0,20,20,16,4,0,20,4,4,4,0,0,0,0,0,0,0,0,0,0,0,0,0,0
1870,15000399,100,3,337.389465982981,425.000000000000,39.000000000000,2.425881425771,3b8d4a0506024f17,8d15af1f9d36efa1,76a4e674a2dabde4,200,140,70.000000,235.764286,227.154482,1.000000,3.500000,266.327495,4.523333,296.982250,3.992857,3.611807,0.000000,0.522630,0.753695,0.417101,0.243572,400,4352,4352,32.000000,0,0,16,16,88,88,4,0,612.000000,559,0,0,74,126,0,74,14,12,2,0,14,2,2,2,0,0,0,0,0,60,0,60,60,60,0,0,0,0
1871,15000400,100,3,457.466524419698,425.000000000000,58.000000000000,2.272803228263,3370fbf230ed414f,8d15af1f9d36efa1,40669c2fee0fab17,200,124,62.000000,268.758065,254.304546,1.000000,3.900000,319.049479,4.615476,318.281119,3.959677,4.896130,0.000000,0.565871,0.761905,0.448934,0.297568,400,4176,4176,32.000000,0,0,16,16,100,100,8,0,640.000000,491,0,0,88,112,0,88,12,8,4,0,12,4,4,4,0,0,0,0,0,76,0,76,76,76,0,0,0,0
1872,15000401,100,3,362.211904596586,175.000000000000,72.000000000000,1.952668427029,1828702cbdc1ebb,8d15af1f9d36efa1,e2e681f53db8d250,200,200,100.000000,218.200000,203.431825,1.000000,3.100000,236.651722,4.786667,252.530834,3.230000,4.356037,0.000000,0.443103,0.719888,0.382409,0.112637,400,3824,3824,32.000000,0,0,16,16,41,41,0,2,514.000000,646,0,0,20,180,0,20,20,20,0,0,20,0,0,0,0,0,0,0,0,0,0,0,0,0,0,0,0,0
1873,15000402,100,3,417.874393109649,75.000000000000,64.000000000000,2.036773357843,d5727c27a3e68249,8d15af1f9d36efa1,50f63d5c9adc48c3,200,130,65.000000,210.753846,221.063601,1.000000,3.100000,238.247342,4.730000,230.404837,2.984615,5.038660,0.000000,0.621094,0.760766,0.507614,0.344595,400,4192,4192,32.000000,0,0,16,16,98,98,8,0,636.000000,388,0,0,84,116,0,84,14,10,4,0,14,4,4,4,0,0,0,0,0,70,0,70,70,70,0,0,0,0
1874,15000403,100,3,313.724631054817,425.000000000000,38.000000000000,2.517607357890,e5a8ccd6b2177300,8d15af1f9d36efa1,6c88ef794b436a7c,200,142,71.000000,240.563380,228.604603,1.000000,3.600000,278.734611,4.390238,276.163912,3.661972,4.207692,0.000000,0.541446,0.754300,0.434783,0.259259,400,4136,4136,32.000000,0,0,16,16,89,89,4,2,614.000000,520,0,0,73,127,0,73,15,13,2,0,15,2,2,2,0,0,0,0,0,58,0,58,58,58,0,0,0,0
1875,15000404,100,3,463.555026750625,75.000000000000,70.000000000000,2.017553190152,314ccbf94b95cd97,8d15af1f9d36efa1,d48508ea7938f89f,200,191,95.500000,218.340314,228.421557,1.000000,3.300000,259.857598,4.620000,247.701229,3.267016,4.612179,0.000000,0.463918,0.729730,0.390625,0.147541,400,4008,4008,32.000000,0,0,16,16,48,48,12,2,540.000000,624,0,0,28,172,0,28,19,13,6,0,19,6,6,6,0,0,0,0,0,9,0,9,9,9,0,0,0,0
1876,15000405,100,3,79.368253759530,75.000000000000,67.000000000000,1.798875449605,a08fc87ffd0c83d8,8d15af1f9d36efa1,20f80c7f97a5bac6,200,139,69.500000,302.978417,319.561468,1.000000,4.500000,354.227372,5.250833,366.007787,4.956835,4.795356,0.000000,0.476046,0.757869,0.367309,0.219706,400,4200,4200,32.000000,0,0,16,16,89,89,16,0,626.000000,689,0,0,75,125,0,75,14,6,8,0,14,8,8,8,0,0,0,0,0,61,0,61,61,61,0,0,0,0
1877,15000406,100,3,310.426934362352,325.000000000000,64.000000000000,2.423438062126,5463b7c9c9e0c3fe,8d15af1f9d36efa1,9cd3594fc4d068c0,200,186,93.000000,195.607527,209.089384,1.000000,3.300000,264.116077,4.710952,235.440538,3.204301,4.812081,0.000000,0.472566,0.727520,0.401606,0.146132,400,4536,4536,32.000000,0,0,16,16,50,50,2,0,534.000000,596,0,0,32,168,0,32,18,17,1,0,18,1,1,1,0,0,0,0,0,14,0,14,14,14,0,0,0,0
1878,15000407,100,3,72.185475712101,75.000000000000,64.000000000000,1.580916024524,2998175de5674c6a,8d15af1f9d36efa1,9f4e5c5056d4076d,200,123,61.500000,242.617886,248.041034,1.000000,3.800000,297.702373,4.733333,282.143553,3.593496,4.766968,0.000000,0.593002,0.763033,0.475059,0.324159,400,4240,4240,32.000000,0,0,16,16,101,101,10,0,644.000000,442,0,0,89,111,0,89,12,7,5,0,12,5,5,5,0,0,0,0,0,77,0,77,77,77,0,0,0,0
1879,15000408,100,3,498.673771396507,425.000000000000,70.000000000000,2.374873986270,dc60e6a5c7611cf0,8d15af1f9d36efa1,9fbfc0b3f7a4a408,200,158,79.000000,300.202532,308.534162,1.000000,4.300000,364.810993,5.725000,356.957558,4.544304,4.692201,0.000000,0.448964,0.745223,0.357782,0.176606,400,4232,4232,31.000000,0,0,16,15,70,70,14,0,585.000000,718,0,0,56,144,0,56,14,7,7,0,14,7,7,7,0,0,0,0,0,42,0,42,42,42,0,0,0,0
1880,15000409,100,3,61.324629694025,425.000000000000,61.000000000000,2.961620992990,bdfb916a20a2d83a,8d15af1f9d36efa1,80325a9b2510d914,200,163,81.500000,272.349693,243.148891,1.000000,3.800000,311.156870,4.786667,324.231921,4.263804,4.274820,0.000000,0.456607,0.744898,0.365297,0.179457,400,4352,4352,32.000000,0,0,16,16,72,72,8,6,584.000000,695,0,0,53,147,0,53,16,12,4,0,16,4,4,4,0,0,0,0,0,37,0,37,37,37,0,0,0,0
1881,15000410,100,3,184.745524551972,425.000000000000,32.000000000000,2.556248360242,e136ab7d3ef46638,8d15af1f9d36efa1,92d66c50e10bf832,200,169,84.500000,215.213018,224.711749,1.000000,3.200000,252.281628,5.383333,248.256438,3.207101,4.579336,0.000000,0.510830,0.738903,0.424628,0.198225,400,4072,4072,32.000000,0,0,16,16,63,63,8,0,566.000000,542,0,0,47,153,0,47,16,12,4,0,16,4,4,4,0,0,0,0,0,31,0,31,31,31,0,0,0,0
1882,15000411,100,3,225.354765467441,325.000000000000,63.000000000000,1.527976333787,b52e0dae3854c2a4,8d15af1f9d36efa1,6e8b1550cc05f091,200,200,100.000000,176.305000,161.793471,1.000000,2.300000,183.045862,5.426190,192.339474,2.500000,4.534000,0.000000,0.507874,0.720670,0.444444,0.143836,400,4064,4064,32.000000,0,0,16,16,41,41,2,2,516.000000,500,0,0,20,180,0,20,20,19,1,0,20,1,1,1,0,0,0,0,0,0,0,0,0,0,0,0,0,0
1883,15000412,100,3,46.020869486440,175.000000000000,91.000000000000,1.677154164283,6471bed0cbc1dc81,8d15af1f9d36efa1,3ab194ffec0ca43,200,180,90.000000,236.972222,237.616869,1.000000,3.700000,296.708644,5.621667,278.649040,3.666667,4.816667,0.000000,0.456343,0.734748,0.377358,0.156010,400,4864,4864,32.000000,0,0,16,16,56,56,10,0,554.000000,660,0,0,38,162,0,38,18,13,5,0,18,5,5,5,0,0,0,0,0,20,0,20,20,20,0,0,0,0
1884,15000413,100,3,247.920108196559,75.000000000000,42.000000000000,2.021075529227,7f8cdaa5266a5591,8d15af1f9d36efa1,947fdafd97afeacb,200,138,69.000000,319.543478,303.495854,1.000000,4.200000,338.723102,4.701786,387.514826,4.731884,4.551302,0.000000,0.489445,0.757869,0.379867,0.229044,400,3960,3960,32.000000,0,0,16,16,90,90,14,0,626.000000,653,0,0,76,124,0,76,14,7,7,0,14,7,7,7,0,0,0,0,0,62,0,62,62,62,0,0,0,0
1885,15000414,100,3,133.788957640131,175.000000000000,81.000000000000,1.677271488053,6efd28bf4ca82577,8d15af1f9d36efa1,9a879500c5629370,200,200,100.000000,205.780000,205.384121,1.000000,3.000000,234.384861,4.941667,228.842838,3.035000,4.775947,0.000000,0.461402,0.722222,0.397219,0.126619,400,4008,4008,32.000000,0,0,16,16,42,42,4,4,520.000000,607,0,0,20,180,0,20,20,18,2,0,20,2,2,2,0,0,0,0,0,0,0,0,0,0,0,0,0,0
1886,15000415,100,3,399.980994817148,425.000000000000,45.000000000000,2.711324399449,ded52c529d36c804,8d15af1f9d36efa1,9ae68000c5b30445,200,158,79.000000,215.689873,238.829537,1.000000,3.200000,268.984106,5.456667,243.470523,3.075949,5.096708,0.000000,0.545794,0.744898,0.451467,0.238245,400,4432,4432,32.000000,0,0,16,16,70,70,12,0,584.000000,486,0,0,56,144,0,56,14,8,6,0,14,6,6,6,0,0,0,0,0,42,0,42,42,42,0,0,0,0
1887,15000416,100,3,64.818344771349,75.000000000000,55.000000000000,2.338478377424,b7ef943e7c6319e4,8d15af1f9d36efa1,d8847566384d9371,200,154,77.000000,283.188312,301.450275,1.000000,4.100000,352.918144,4.754048,330.097684,3.961039,4.237705,0.000000,0.500000,0.753086,0.396040,0.225888,400,4088,4088,32.000000,0,0,16,16,80,80,18,0,610.000000,610,0,0,63,137,0,63,17,8,9,0,17,9,9,9,0,0,0,0,0,46,0,46,46,46,0,0,0,0
1888,15000417,100,3,151.216129329441,75.000000000000,50.000000000000,2.916891686799,19be80f8ba4970a8,8d15af1f9d36efa1,704208ff918e4816,200,158,79.000000,235.284810,248.377054,1.000000,3.700000,290.364080,4.493571,287.463044,3.658228,4.487889,0.000000,0.500864,0.743590,0.408998,0.203857,400,4136,4136,32.000000,0,0,16,16,70,70,8,0,580.000000,578,0,0,56,144,0,56,14,10,4,0,14,4,4,4,0,0,0,0,0,42,0,42,42,42,0,0,0,0
1889,15000418,100,3,97.808436258731,325.000000000000,74.000000000000,2.099054048752,58bbc0e310836515,8d15af1f9d36efa1,78c2935fce3a807d,200,200,100.000000,211.460000,205.923700,1.000000,3.100000,235.534115,4.505000,234.148544,3.100000,4.516129,0.000000,0.456140,0.722222,0.392157,0.124294,400,3960,3960,32.000000,0,0,16,16,42,42,4,4,520.000000,620,0,0,20,180,0,20,20,18,2,0,20,2,2,2,0,0,0,0,0,0,0,0,0,0,0,0,0,0
1890,15000419,100,3,214.771103974168,425.000000000000,45.000000000000,1.532480831070,3721785361a330b0,8d15af1f9d36efa1,72923e4d832e1200,200,153,76.500000,193.594771,195.941376,1.000000,2.900000,225.077814,4.936667,200.684728,2.745098,4.528571,0.000000,0.586614,0.748744,0.487805,0.280822,400,4088,4088,32.000000,0,0,16,16,78,78,8,2,596.000000,420,0,0,62,138,0,62,15,11,4,0,15,4,4,4,0,0,0,0,0,47,0,47,47,47,0,0,0,0
1891,15000420,100,3,260.560062945916,425.000000000000,42.000000000000,1.772550465164,460f8707c4c8b74,8d15af1f9d36efa1,b9b54cf3dc4a9732,200,155,77.500000,199.296774,239.502467,1.000000,3.100000,257.350167,5.175000,233.876803,2.800000,4.949309,0.000000,0.573674,0.744898,0.479616,0.259386,400,4600,4600,32.000000,0,0,16,16,75,75,2,0,584.000000,434,0,0,60,140,0,60,15,14,1,0,15,1,1,1,0,0,0,0,0,45,0,45,45,45,0,0,0,0
1892,15000421,100,3,341.093406339309,75.000000000000,41.000000000000,2.834999760027,93574a322dce5700,8d15af1f9d36efa1,cd1c54afc6faa701,200,157,78.500000,222.216561,200.645170,1.000000,2.800000,211.069540,4.586429,238.597879,3.076433,4.540373,0.000000,0.554017,0.750000,0.453001,0.258065,400,4272,4272,32.000000,0,0,16,16,77,77,14,0,600.000000,483,0,0,60,140,0,60,17,10,7,0,17,7,7,7,0,0,0,0,0,43,0,43,43,43,0,0,0,0
1893,15000422,100,3,346.877324602759,175.000000000000,61.000000000000,2.679249393617,b8ff6e6e8db73084,8d15af1f9d36efa1,9b5a4500c6159092,200,188,94.000000,236.723404,233.452432,1.000000,3.400000,279.333664,4.810000,277.594065,3.441489,4.888717,0.000000,0.454008,0.728997,0.382044,0.140770,400,4408,4408,32.000000,0,0,16,16,52,52,2,0,538.000000,647,0,0,32,168,0,32,20,19,1,0,20,1,1,1,0,0,0,0,0,12,0,12,12,12,0,0,0,0
1894,15000423,100,3,357.118272724528,175.000000000000,59.000000000000,2.761399405549,eb720ab526303dd1,8d15af1f9d36efa1,52f63ce672100204,200,192,96.000000,200.807292,211.502410,1.000000,3.200000,237.110753,4.528333,236.885926,3.166667,4.526316,0.000000,0.465729,0.726027,0.396825,0.138810,400,3992,3992,32.000000,0,0,16,16,48,48,2,0,530.000000,608,0,0,28,172,0,28,20,19,1,0,20,1,1,1,0,0,0,0,0,8,0,8,8,8,0,0,0,0
1895,15000424,100,3,82.870475560894,175.000000000000,82.000000000000,2.009773554921,1d7704d7eb7e9c04,8d15af1f9d36efa1,3ce84b327f15e26c,200,200,100.000000,248.900000,273.518826,1.000000,4.000000,303.919871,4.993333,295.444999,4.100000,4.536585,0.000000,0.388972,0.722992,0.327869,0.098901,400,4000,4000,32.000000,0,0,16,16,40,40,10,0,522.000000,820,0,0,20,180,0,20,20,15,5,0,20,5,5,5,0,0,0,0,0,0,0,0,0,0,0,0,0,0
1896,15000425,100,3,28.471120678139,325.000000000000,85.000000000000,1.924006760185,b0cbb3c55dc12c83,8d15af1f9d36efa1,1d53655032b8e28,200,186,93.000000,211.161290,210.965905,1.000000,3.000000,238.706667,4.083333,235.057035,2.951613,4.123862,0.000000,0.499544,0.732620,0.421496,0.174436,400,3992,3992,32.000000,0,0,16,16,54,54,8,0,548.000000,549,0,0,34,166,0,34,20,16,4,0,20,4,4,4,0,0,0,0,0,14,0,14,14,14,0,0,0,0
1897,15000426,100,3,250.172571761649,325.000000000000,44.000000000000,1.764494058977,7ca8efbd0765eb41,8d15af1f9d36efa1,c68595eabad8e5c5,200,200,100.000000,258.000000,261.299604,1.000000,3.800000,303.452037,4.872143,317.755638,4.200000,4.165476,0.000000,0.378698,0.719101,0.322581,0.086957,400,4208,4208,32.000000,0,0,16,16,40,40,0,0,512.000000,840,0,0,20,180,0,20,20,20,0,0,20,0,0,0,0,0,0,0,0,0,0,0,0,0,0,0,0,0
1898,15000427,100,3,367.291964210398,175.000000000000,55.000000000000,2.688061842966,e204563b596c9d5d,8d15af1f9d36efa1,3c3ad54f8dbafc01,200,200,100.000000,231.675000,228.478117,1.000000,3.300000,266.578083,5.241667,267.892762,3.300000,4.606061,0.000000,0.439728,0.721448,0.377358,0.115282,400,3936,3936,32.000000,0,0,16,16,42,42,2,4,518.000000,660,0,0,20,180,0,20,20,19,1,0,20,1,1,1,0,0,0,0,0,0,0,0,0,0,0,0,0,0
1899,15000428,100,3,151.794379587643,175.000000000000,62.000000000000,2.037987602056,4f3b50ef92c50e68,8d15af1f9d36efa1,7981a31bc53247f2,200,199,99.500000,282.954774,288.054315,1.000000,4.200000,326.322602,4.291667,349.912863,4.547739,4.135912,0.000000,0.363125,0.720670,0.306513,0.084934,400,4168,4168,32.000000,0,0,16,16,41,41,2,0,516.000000,905,0,0,21,179,0,21,20,19,1,0,20,1,1,1,0,0,0,0,0,1,0,1,1,1,0,0,0,0
1900,15000429,100,3,486.853015171407,325.000000000000,75.000000000000,2.889390581317,adc6acac793b1e33,8d15af1f9d36efa1,d53d0e8effc37716,200,190,95.000000,234.931579,226.612576,1.000000,3.400000,276.512205,4.223333,266.792746,3.373684,3.951638,0.000000,0.461797,0.733333,0.384246,0.155468,400,3864,3864,32.000000,0,0,16,16,53,53,12,6,550.000000,641,0,0,30,170,0,30,20,14,6,0,20,6,6,6,0,0,0,0,0,10,0,10,10,10,0,0,0,0
1901,15000430,100,3,453.274528655633,75.000000000000,65.000000000000,1.657061100060,7446b17e962f48f5,8d15af1f9d36efa1,f840124eee8ebd42,200,151,75.500000,249.794702,241.527498,1.000000,3.400000,271.796392,4.381667,278.339472,3.423841,4.427466,0.000000,0.537980,0.750623,0.436205,0.247453,400,4152,4152,32.000000,0,0,16,16,82,82,6,2,602.000000,517,0,0,65,135,0,65,16,13,3,0,16,3,3,3,0,0,0,0,0,49,0,49,49,49,0,0,0,0
1902,15000431,100,3,2.030008619966,75.000000000000,68.000000000000,1.916752206982,3166acf6a96107ef,8d15af1f9d36efa1,83c2b760863a1df9,200,137,68.500000,262.138686,273.168149,1.000000,3.800000,309.562048,4.657857,291.074901,3.766423,3.796512,0.000000,0.550131,0.759326,0.436681,0.279330,400,3920,3920,31.000000,0,0,16,15,93,93,14,0,631.000000,516,0,0,78,122,0,78,15,8,7,0,15,7,7,7,0,0,0,0,0,63,0,63,63,63,0,0,0,0
1903,15000432,100,3,15.052261452595,75.000000000000,67.000000000000,2.098041621393,6e39e62b18afe115,8d15af1f9d36efa1,dc2df1dc61467935,200,142,71.000000,249.661972,272.172335,1.000000,3.600000,289.858732,6.135000,276.043882,3.387324,6.243243,0.000000,0.563917,0.756691,0.454030,0.283159,400,4480,4480,32.000000,0,0,16,16,90,90,10,0,622.000000,481,0,0,74,126,0,74,16,11,5,0,16,5,5,5,0,0,0,0,0,58,0,58,58,58,0,0,0,0
1904,15000433,100,3,154.643486578828,425.000000000000,35.000000000000,2.914531699475,ff4e73b13c4f7909,8d15af1f9d36efa1,4bdb95cbb5c292f1,200,138,69.000000,301.101449,277.317823,1.000000,4.100000,325.291653,5.444881,370.255875,4.724638,4.785276,0.000000,0.484992,0.754300,0.380228,0.218225,400,4208,4208,32.000000,0,0,16,16,87,87,8,2,614.000000,652,0,0,74,126,0,74,12,8,4,0,12,4,4,4,0,0,0,0,0,62,0,62,62,62,0,0,0,0
1905,15000434,100,3,262.813691895412,425.000000000000,37.000000000000,1.883851506087,542337bb1dba7c13,8d15af1f9d36efa1,472a2b0641d22bb,200,138,69.000000,268.000000,315.127130,1.000000,4.200000,347.312142,4.799524,324.030650,3.724638,4.692607,0.000000,0.545133,0.754902,0.437637,0.263610,400,4056,4056,32.000000,0,0,16,16,90,90,4,0,616.000000,514,0,0,76,124,0,76,14,12,2,0,14,2,2,2,0,0,0,0,0,62,0,62,62,62,0,0,0,0
1906,15000435,100,3,134.025468751383,75.000000000000,66.000000000000,1.676113335724,6e01e5ce0dc35ccf,8d15af1f9d36efa1,de77d2cee0128bee,200,177,88.500000,249.988701,257.417309,1.000000,4.100000,318.202115,5.294444,293.899736,3.966102,5.035613,0.000000,0.443740,0.736842,0.362976,0.154217,400,4352,4352,32.000000,0,0,16,16,60,60,8,2,560.000000,702,0,0,41,159,0,41,18,14,4,0,18,4,4,4,0,0,0,0,0,23,0,23,23,23,0,0,0,0
1907,15000436,100,3,296.585314563471,75.000000000000,53.000000000000,2.016547326914,236ef9e74d622ce,8d15af1f9d36efa1,f457eef3643f1dea,200,128,64.000000,232.382812,260.330680,1.000000,3.800000,296.682233,4.511429,269.869943,3.562500,4.050439,0.000000,0.580882,0.759615,0.467290,0.304878,400,3840,3840,32.000000,0,0,16,16,95,95,10,2,632.000000,456,0,0,83,117,0,83,11,6,5,0,11,5,5,5,0,0,0,0,0,72,0,72,72,72,0,0,0,0
1908,15000437,100,3,19.212542339494,425.000000000000,60.000000000000,2.959018518965,e3426a864583dafb,8d15af1f9d36efa1,c10d418db3ddd4c2,200,133,66.500000,268.225564,249.798517,1.000000,3.700000,287.012488,4.851667,288.671331,3.804511,5.041502,0.000000,0.559233,0.762470,0.441501,0.293296,400,4496,4496,32.000000,0,0,16,16,101,101,8,0,642.000000,506,0,0,84,116,0,84,17,13,4,0,17,4,4,4,0,0,0,0,0,67,0,67,67,67,0,0,0,0
1909,15000438,100,3,104.867243555359,175.000000000000,72.000000000000,2.300220035757,6acbee4d5774df98,8d15af1f9d36efa1,64a06b2982aea8a9,200,200,100.000000,249.575000,208.946037,1.000000,3.700000,297.214338,4.312500,297.387089,3.700000,4.189189,0.000000,0.413629,0.722992,0.350877,0.108434,400,3912,3912,32.000000,0,0,16,16,43,43,4,6,522.000000,740,0,0,20,180,0,20,20,18,2,0,20,2,2,2,0,0,0,0,0,0,0,0,0,0,0,0,0,0
1910,15000439,100,3,392.973645612030,325.000000000000,55.000000000000,2.805863849212,8936eff0b601e601,8d15af1f9d36efa1,347b9f3ddebf2667,200,186,93.000000,229.290323,235.930938,1.000000,3.300000,247.421083,5.608333,276.735075,3.462366,4.627329,0.000000,0.453311,0.727520,0.383142,0.136729,400,4024,4024,32.000000,0,0,16,16,50,50,2,0,534.000000,644,0,0,32,168,0,32,18,17,1,0,18,1,1,1,0,0,0,0,0,14,0,14,14,14,0,0,0,0
1911,15000440,100,3,42.587842646056,325.000000000000,87.000000000000,1.867712948199,eceee23694341fbb,8d15af1f9d36efa1,60e7775e3591dc4b,200,179,89.500000,287.804469,287.699663,1.000000,4.400000,349.765075,5.473333,346.363687,4.508380,4.297398,0.000000,0.409656,0.736842,0.331400,0.136898,400,4136,4136,32.000000,0,0,16,16,57,57,14,0,560.000000,807,0,0,39,161,0,39,18,11,7,0,18,7,7,7,0,0,0,0,0,21,0,21,21,21,0,0,0,0
1912,15000441,100,3,481.180270412404,425.000000000000,58.000000000000,2.511888141680,318b233e7231f3de,8d15af1f9d36efa1,21f09350a104cb5b,200,185,92.500000,193.459459,204.118981,1.000000,2.800000,230.641656,4.796667,216.899094,2.691892,4.791165,0.000000,0.520231,0.729730,0.445434,0.178218,400,4056,4056,32.000000,0,0,16,16,51,51,6,0,540.000000,498,0,0,33,167,0,33,18,15,3,0,18,3,3,3,0,0,0,0,0,15,0,15,15,15,0,0,0,0
1913,15000442,100,3,73.174016194543,75.000000000000,59.000000000000,2.832906151618,f8f707fec49211e5,8d15af1f9d36efa1,b9bdbd4f43a988fd,200,174,87.000000,216.051724,183.130835,1.000000,3.100000,245.084512,5.127143,239.692432,3.103448,4.920370,0.000000,0.510870,0.738220,0.425532,0.196429,400,4344,4344,32.000000,0,0,16,16,63,63,6,2,564.000000,540,0,0,44,156,0,44,18,15,3,0,18,3,3,3,0,0,0,0,0,26,0,26,26,26,0,0,0,0
1914,15000443,100,3,302.069583134874,75.000000000000,45.000000000000,2.152119228973,360edccf7ce75878,8d15af1f9d36efa1,a7931d0045b0c6dc,200,150,75.000000,247.120000,254.460592,1.000000,3.600000,281.265720,4.211667,290.231121,3.846667,3.996534,0.000000,0.508936,0.749373,0.409417,0.223419,400,3928,3928,32.000000,0,0,16,16,80,80,6,0,598.000000,577,0,0,65,135,0,65,15,12,3,0,15,3,3,3,0,0,0,0,0,50,0,50,50,50,0,0,0,0
1915,15000444,100,3,392.880110908682,425.000000000000,69.000000000000,1.685917225476,215d17ba233c4185,8d15af1f9d36efa1,a213bce49a9f2fdf,200,112,56.000000,234.848214,182.913165,1.000000,2.700000,207.797974,4.980000,245.613052,3.169643,4.735211,0.000000,0.654333,0.770642,0.529801,0.403361,400,4328,4328,32.000000,0,0,16,16,114,114,12,0,672.000000,355,0,0,101,99,0,101,13,7,6,0,13,6,6,6,0,0,0,0,0,88,0,88,88,88,0,0,0,0
1916,15000445,100,3,277.702342124710,325.000000000000,42.000000000000,2.198660198896,e55f3f278eee9229,8d15af1f9d36efa1,c3d3c9fb06ad1c6,200,179,89.500000,265.854749,267.562846,1.000000,3.900000,319.894035,4.798810,321.678203,4.145251,4.783019,0.000000,0.424806,0.732620,0.350263,0.135198,400,4288,4288,32.000000,0,0,16,16,57,57,2,4,548.000000,742,0,0,38,162,0,38,17,16,1,0,17,1,1,1,0,0,0,0,0,21,0,21,21,21,0,0,0,0
1917,15000446,100,3,303.057008652375,75.000000000000,46.000000000000,1.884727321796,4c8d578fc6f82ffa,8d15af1f9d36efa1,9b4ca44fc3848e9c,200,153,76.500000,236.522876,212.780331,1.000000,3.200000,244.741872,4.620000,286.969790,3.660131,4.130357,0.000000,0.511344,0.745547,0.416667,0.215686,400,4056,4056,32.000000,0,0,16,16,77,77,0,0,586.000000,560,0,0,62,138,0,62,15,15,0,0,15,0,0,0,0,0,0,0,0,47,0,47,47,47,0,0,0,0
1918,15000447,100,3,159.975711565298,325.000000000000,70.000000000000,2.063170220342,1bd556dfae13ea23,8d15af1f9d36efa1,9ba3dafc8965d242,200,200,100.000000,246.415000,248.614409,1.000000,3.700000,288.051461,4.080000,300.019963,3.970000,4.088161,0.000000,0.392037,0.719101,0.335008,0.091533,400,3968,3968,32.000000,0,0,16,16,40,40,0,0,512.000000,794,0,0,20,180,0,20,20,20,0,0,20,0,0,0,0,0,0,0,0,0,0,0,0,0,0,0,0,0
1919,15000448,100,3,94.432261984486,75.000000000000,60.000000000000,2.108034829646,1ef4b6b411544a32,8d15af1f9d36efa1,ee29f94f617b577b,200,164,82.000000,239.963415,254.236169,1.000000,3.400000,286.311968,5.475000,283.136391,3.548780,4.945017,0.000000,0.494792,0.740260,0.407332,0.191667,400,4136,4136,32.000000,0,0,16,16,66,66,6,0,570.000000,582,0,0,51,149,0,51,15,12,3,0,15,3,3,3,0,0,0,0,0,36,0,36,36,36,0,0,0,0
1920,15000449,100,3,450.302362255685,325.000000000000,70.000000000000,2.543436032535,72fbcecdd97f2910,8d15af1f9d36efa1,1a8cad4f7aed3cb0,200,168,84.000000,276.744048,292.346591,1.000000,4.000000,338.357582,4.700000,334.495968,4.047619,4.213235,0.000000,0.457735,0.741602,0.370370,0.172749,400,3896,3896,32.000000,0,0,16,16,66,66,10,0,574.000000,680,0,0,49,151,0,49,17,12,5,0,17,5,5,5,0,0,0,0,0,32,0,32,32,32,0,0,0,0
1921,15000450,100,3,284.218409400429,425.000000000000,44.000000000000,1.518473227400,bd6c9d0853af861f,8d15af1f9d36efa1,d6ee555f88375b0d,200,200,100.000000,230.960000,229.545734,1.000000,3.200000,254.168276,4.986667,256.292545,3.300000,4.821212,0.000000,0.442568,0.723757,0.377358,0.122340,400,4184,4184,32.000000,0,0,16,16,40,40,12,0,524.000000,660,0,0,20,180,0,20,20,14,6,0,20,6,6,6,0,0,0,0,0,0,0,0,0,0,0,0,0,0
1922,15000451,100,3,93.606867509922,175.000000000000,81.000000000000,2.218759067913,fcafa7fccce6cd1b,8d15af1f9d36efa1,9a7a0800c557197d,200,195,97.500000,229.656410,223.866914,1.000000,3.100000,254.587142,5.211667,269.407637,3.517949,5.173469,0.000000,0.433993,0.724518,0.368324,0.120513,400,4104,4104,32.000000,0,0,16,16,45,45,4,0,526.000000,686,0,0,25,175,0,25,20,18,2,0,20,2,2,2,0,0,0,0,0,5,0,5,5,5,0,0,0,0
1923,15000452,100,3,456.821798265973,425.000000000000,61.000000000000,2.830869522345,6b93c6a2396bd927,8d15af1f9d36efa1,d007e85103dddbd2,200,162,81.000000,190.228395,222.555295,1.000000,3.100000,239.552866,5.035714,202.917576,2.604938,5.132701,0.000000,0.578842,0.743590,0.486618,0.259649,400,4336,4336,32.000000,0,0,16,16,70,70,8,0,580.000000,422,0,0,54,146,0,54,16,12,4,0,16,4,4,4,0,0,0,0,0,38,0,38,38,38,0,0,0,0
1924,15000453,100,3,107.333653341428,425.000000000000,64.000000000000,2.071629307363,77bbafb043edef6d,8d15af1f9d36efa1,d5cb124aec58608a,200,159,79.500000,265.729560,263.522586,1.000000,3.600000,292.999332,4.680000,314.818008,3.767296,4.913189,0.000000,0.496215,0.746835,0.400400,0.208719,400,4208,4208,32.000000,0,0,16,16,74,74,10,2,590.000000,599,0,0,57,143,0,57,16,11,5,0,16,5,5,5,0,0,0,0,0,41,0,41,41,41,0,0,0,0
1925,15000454,100,3,263.774948863784,425.000000000000,42.000000000000,1.785813348529,b564d7a6726c7480,8d15af1f9d36efa1,c749687915d0bcab,200,69,34.500000,245.362319,280.312965,1.000000,4.100000,329.455455,5.042381,292.823979,3.840580,3.762264,0.000000,0.732053,0.783550,0.601504,0.524237,400,4016,4016,32.000000,0,0,16,16,145,145,2,0,724.000000,265,0,0,138,62,0,138,7,6,1,0,7,1,1,1,0,0,0,0,0,131,0,131,131,131,0,0,0,0
1926,15000455,100,3,139.203831041090,75.000000000000,61.000000000000,2.163033587167,3799afdb0e92cbec,8d15af1f9d36efa1,fb7d9b5ea5298e15,200,186,93.000000,236.284946,217.877668,1.000000,3.400000,249.793931,5.398571,278.683064,3.639785,4.354505,0.000000,0.445536,0.731183,0.371402,0.141952,400,4336,4336,32.000000,0,0,16,16,52,52,8,4,544.000000,677,0,0,32,168,0,32,18,14,4,0,18,4,4,4,0,0,0,0,0,14,0,14,14,14,0,0,0,0
1927,15000456,100,3,336.771211103904,425.000000000000,65.000000000000,1.576814139186,e04d3840d790ad6d,8d15af1f9d36efa1,f31c2ddb4c18a918,200,191,95.500000,222.806283,222.089169,1.000000,3.100000,254.374247,5.510000,257.995750,3.141361,5.481667,0.000000,0.469027,0.726027,0.400000,0.140401,400,4256,4256,32.000000,0,0,16,16,47,47,4,0,530.000000,600,0,0,28,172,0,28,19,17,2,0,19,2,2,2,0,0,0,0,0,9,0,9,9,9,0,0,0,0
1928,15000457,100,3,64.257997055455,325.000000000000,84.000000000000,1.774423281803,b7a191eb249234e8,8d15af1f9d36efa1,412187c0646c499c,200,184,92.000000,283.005435,300.400507,1.000000,4.300000,349.165968,5.055714,341.333715,4.358696,4.704489,0.000000,0.405045,0.731903,0.332779,0.124454,400,3816,3816,32.000000,0,0,16,16,56,56,2,0,546.000000,802,0,0,36,164,0,36,20,19,1,0,20,1,1,1,0,0,0,0,0,16,0,16,16,16,0,0,0,0
1929,15000458,100,3,206.091594837866,425.000000000000,43.000000000000,1.665047457168,b14f6bf2c40409f7,8d15af1f9d36efa1,516b91d3daddb6da,200,169,84.500000,177.047337,174.135098,1.000000,2.500000,192.708267,6.233333,190.268409,2.550296,5.744780,0.000000,0.565962,0.737533,0.481348,0.231729,400,4264,4264,32.000000,0,0,16,16,63,63,4,0,562.000000,431,0,0,47,153,0,47,16,14,2,0,16,2,2,2,0,0,0,0,0,31,0,31,31,31,0,0,0,0
1930,15000459,100,3,221.578428488463,425.000000000000,49.000000000000,1.851260591118,6961d5d23726ba30,8d15af1f9d36efa1,efb4f6b976900d60,200,155,77.500000,251.812903,278.224134,1.000000,3.600000,302.267428,4.516667,293.943978,3.535484,4.441606,0.000000,0.520979,0.748744,0.421941,0.230337,400,3856,3856,32.000000,0,0,16,16,75,75,14,0,596.000000,548,0,0,60,140,0,60,15,8,7,0,15,7,7,7,0,0,0,0,0,45,0,45,45,45,0,0,0,0
1931,15000460,100,3,28.312219854580,175.000000000000,82.000000000000,2.645494114296,43eb4081e8726228,8d15af1f9d36efa1,1e7b120d03222b5,200,167,83.500000,236.982036,232.795895,1.000000,3.400000,263.005103,5.403333,267.470686,3.568862,4.869128,0.000000,0.492334,0.742931,0.401606,0.196765,400,4696,4696,32.000000,0,0,16,16,69,69,8,0,578.000000,596,0,0,51,149,0,51,18,14,4,0,18,4,4,4,0,0,0,0,0,33,0,33,33,33,0,0,0,0
1932,15000461,100,3,346.048141108702,175.000000000000,75.000000000000,1.974319970609,fee353c8d312e203,8d15af1f9d36efa1,7c74c4f6fe28bfe,200,191,95.500000,256.816754,269.360003,1.000000,3.600000,295.097503,5.447381,310.940311,3.863874,4.777778,0.000000,0.419811,0.727520,0.351494,0.121429,400,4200,4200,32.000000,0,0,16,16,50,50,2,2,534.000000,738,0,0,29,171,0,29,20,19,1,0,20,1,1,1,0,0,0,0,0,9,0,9,9,9,0,0,0,0
1933,15000462,100,3,187.378429685818,175.000000000000,58.000000000000,2.516914413929,1de35a98f52e5b45,8d15af1f9d36efa1,e882248b7a258375,200,200,100.000000,325.570000,336.558202,1.000000,4.800000,407.534786,5.454286,409.093699,5.200000,4.071154,0.000000,0.333333,0.722222,0.277778,0.078014,400,4312,4312,32.000000,0,0,16,16,41,41,6,2,520.000000,1040,0,0,20,180,0,20,20,17,3,0,20,3,3,3,0,0,0,0,0,0,0,0,0,0,0,0,0,0
1934,15000463,100,3,387.687298058042,325.000000000000,75.000000000000,1.591628440223,35dffe306c7e6c1f,8d15af1f9d36efa1,9b9b3a00c64d14d6,200,191,95.500000,212.492147,243.406749,1.000000,3.400000,279.263955,4.747143,255.497297,3.230366,4.205835,0.000000,0.462075,0.726027,0.393314,0.137063,400,3952,3952,32.000000,0,0,16,16,47,47,4,0,530.000000,617,0,0,28,172,0,28,19,17,2,0,19,2,2,2,0,0,0,0,0,9,0,9,9,9,0,0,0,0
1935,15000464,100,3,466.090733232966,325.000000000000,77.000000000000,2.576775525524,289d9483f8c3fb2a,8d15af1f9d36efa1,63c69ffa792e559f,200,200,100.000000,223.460000,231.346405,1.000000,3.000000,245.396711,5.485000,250.536178,3.100000,4.641935,0.000000,0.458042,0.723757,0.392157,0.129213,400,3888,3888,32.000000,0,0,16,16,42,42,8,4,524.000000,620,0,0,20,180,0,20,20,16,4,0,20,4,4,4,0,0,0,0,0,0,0,0,0,0,0,0,0,0
1936,15000465,100,3,136.772041703598,175.000000000000,75.000000000000,1.791778654237,f994ea3620d85cee,8d15af1f9d36efa1,974cf8f5ad87d50f,200,197,98.500000,236.360406,233.010654,1.000000,3.300000,250.795973,5.361667,269.193784,3.507614,5.280753,0.000000,0.433142,0.725275,0.366636,0.121982,400,4040,4040,32.000000,0,0,16,16,47,47,2,8,528.000000,691,0,0,23,177,0,23,20,19,1,0,20,1,1,1,0,0,0,0,0,3,0,3,3,3,0,0,0,0
1937,15000466,100,3,467.988932964663,425.000000000000,65.000000000000,1.619939805057,a25a7fbb06da7b96,8d15af1f9d36efa1,9a7a4800c557863d,200,112,56.000000,188.321429,226.270888,1.000000,3.300000,254.239171,3.466667,197.316274,2.401786,3.728625,0.000000,0.708243,0.765533,0.597907,0.452138,400,3880,3880,31.000000,0,0,16,15,109,109,4,2,653.000000,269,0,0,98,102,0,98,10,8,2,0,10,2,2,2,0,0,0,0,0,88,0,88,88,88,0,0,0,0
1938,15000467,100,3,172.311182691874,175.000000000000,75.000000000000,1.504822810047,7ddb2ad2e37aded5,8d15af1f9d36efa1,28ac950760a1c96,200,200,100.000000,287.230000,305.292422,1.000000,4.800000,375.875295,4.310952,365.594207,4.965000,3.800604,0.000000,0.342819,0.721448,0.287150,0.079703,400,3984,3984,32.000000,0,0,16,16,40,40,6,0,518.000000,993,0,0,20,180,0,20,20,17,3,0,20,3,3,3,0,0,0,0,0,0,0,0,0,0,0,0,0,0
1939,15000468,100,3,123.556255733034,75.000000000000,34.000000000000,2.982762603664,50779eb42b429dd,8d15af1f9d36efa1,f264e5e607734eaa,200,127,63.500000,211.055118,219.295314,1.000000,3.300000,249.293590,4.690000,240.312330,3.283465,4.306954,0.000000,0.602479,0.759615,0.489596,0.324149,400,4536,4536,32.000000,0,0,16,16,97,97,6,0,632.000000,417,0,0,85,115,0,85,12,9,3,0,12,3,3,3,0,0,0,0,0,73,0,73,73,73,0,0,0,0
1940,15000469,100,3,144.130463960247,175.000000000000,63.000000000000,2.513980036439,c978bfc9f84df8a1,8d15af1f9d36efa1,3d694637918cd61e,200,192,96.000000,243.151042,280.105302,1.000000,3.700000,295.457053,5.300000,297.624035,3.760417,5.011080,0.000000,0.420546,0.723757,0.356506,0.113022,400,4360,4360,32.000000,0,0,16,16,46,46,0,0,524.000000,722,0,0,27,173,0,27,19,19,0,0,19,0,0,0,0,0,0,0,0,8,0,8,8,8,0,0,0,0
1941,15000470,100,3,71.300919505290,325.000000000000,63.000000000000,2.898016485641,8b35ee86452458ff,8d15af1f9d36efa1,8983ef60c65edd0d,200,193,96.500000,263.165803,290.510937,1.000000,3.900000,322.560646,4.570000,318.590070,3.911917,4.504636,0.000000,0.416087,0.728997,0.346320,0.123113,400,4144,4144,32.000000,0,0,16,16,47,47,12,0,538.000000,755,0,0,27,173,0,27,20,14,6,0,20,6,6,6,0,0,0,0,0,7,0,7,7,7,0,0,0,0
1942,15000471,100,3,95.537157654637,75.000000000000,53.000000000000,2.857028063051,fcf05ea32aa025c3,8d15af1f9d36efa1,9b8a1700c63e662a,200,165,82.500000,227.636364,235.853402,1.000000,3.200000,253.230495,4.729762,276.906197,3.484848,4.728696,0.000000,0.497817,0.740260,0.410256,0.193548,400,4160,4160,32.000000,0,0,16,16,65,65,8,0,570.000000,575,0,0,50,150,0,50,15,11,4,0,15,4,4,4,0,0,0,0,0,35,0,35,35,35,0,0,0,0
1943,15000472,100,3,343.104790579595,75.000000000000,41.000000000000,2.634922336655,36c3d80ba49d60ff,8d15af1f9d36efa1,9249e57a9ed8e728,200,177,88.500000,267.587571,261.285877,1.000000,3.700000,288.804725,5.181667,311.848873,3.881356,4.887918,0.000000,0.453461,0.740260,0.367985,0.167273,400,3824,3824,32.000000,0,0,16,16,60,60,18,2,570.000000,687,0,0,41,159,0,41,18,9,9,0,18,9,9,9,0,0,0,0,0,23,0,23,23,23,0,0,0,0
1944,15000473,100,3,374.921518672167,425.000000000000,45.000000000000,2.617349413756,d830197718cf2283,8d15af1f9d36efa1,4b3bb8a50a3c5644,200,146,73.000000,259.273973,248.997975,1.000000,3.500000,280.388837,5.006667,314.684599,3.815068,5.154399,0.000000,0.518583,0.750000,0.417973,0.231724,400,4184,4184,32.000000,0,0,16,16,82,82,4,0,600.000000,557,0,0,68,132,0,68,14,12,2,0,14,2,2,2,0,0,0,0,0,54,0,54,54,54,0,0,0,0
1945,15000474,100,3,109.879579781067,75.000000000000,40.000000000000,2.994293547331,746b77f89412c091,8d15af1f9d36efa1,66f57db9b989b869,200,149,74.500000,276.818792,248.633582,1.000000,3.500000,270.069499,4.571667,314.586166,4.020134,4.225376,0.000000,0.506183,0.754300,0.400400,0.233035,400,4072,4072,32.000000,0,0,16,16,83,83,16,0,614.000000,599,0,0,67,133,0,67,16,8,8,0,16,8,8,8,0,0,0,0,0,51,0,51,51,51,0,0,0,0
1946,15000475,100,3,89.512970484787,175.000000000000,84.000000000000,2.056947415585,a4e2705a2d10349e,8d15af1f9d36efa1,91a96b5409c861b1,200,186,93.000000,234.489247,224.048703,1.000000,3.400000,267.240980,5.526667,282.370508,3.827957,5.068820,0.000000,0.431310,0.729730,0.359712,0.131707,400,4528,4528,32.000000,0,0,16,16,54,54,0,0,540.000000,712,0,0,34,166,0,34,20,20,0,0,20,0,0,0,0,0,0,0,0,14,0,14,14,14,0,0,0,0
1947,15000476,100,3,131.238340635600,325.000000000000,52.000000000000,2.980784386338,69f1e1c0ed954bde,8d15af1f9d36efa1,5075c444db2f6dac,200,169,84.500000,276.443787,302.980962,1.000000,4.100000,332.116642,4.248333,345.805278,4.390533,4.354447,0.000000,0.432722,0.738903,0.350263,0.152968,400,4064,4064,32.000000,0,0,16,16,65,65,4,0,566.000000,742,0,0,48,152,0,48,17,15,2,0,17,2,2,2,0,0,0,0,0,31,0,31,31,31,0,0,0,0
1948,15000477,100,3,129.183828404064,75.000000000000,52.000000000000,2.441440593626,f456ebb3ba961e0c,8d15af1f9d36efa1,1c6fa5bfb76d07a9,200,100,50.000000,206.580000,262.612239,1.000000,3.800000,308.554195,4.682143,249.632851,3.190000,4.329154,0.000000,0.678103,0.770642,0.556328,0.429338,400,4168,4168,32.000000,0,0,16,16,118,118,4,0,672.000000,319,0,0,109,91,0,109,9,7,2,0,9,2,2,2,0,0,0,0,0,100,0,100,100,100,0,0,0,0
1949,15000478,100,3,490.828650249951,175.000000000000,84.000000000000,1.843883087592,f50c5c8591478e27,8d15af1f9d36efa1,2701dfa0525437c3,200,193,96.500000,246.279793,278.685170,1.000000,3.900000,319.799531,5.184524,294.628977,3.787565,4.782490,0.000000,0.419380,0.725275,0.353669,0.116082,400,4168,4168,32.000000,0,0,16,16,45,45,6,0,528.000000,731,0,0,26,174,0,26,19,16,3,0,19,3,3,3,0,0,0,0,0,7,0,7,7,7,0,0,0,0
1950,15000479,100,3,338.362704470349,175.000000000000,45.000000000000,2.818574978004,a5166f3723fef7a7,8d15af1f9d36efa1,75d3cc25acce43e4,200,186,93.000000,285.510753,289.014555,1.000000,4.200000,337.780167,3.810000,345.804482,4.365591,3.985222,0.000000,0.400295,0.730458,0.330033,0.119306,400,3592,3592,32.000000,0,0,16,16,54,54,2,8,542.000000,812,0,0,32,168,0,32,18,17,1,0,18,1,1,1,0,0,0,0,0,14,0,14,14,14,0,0,0,0
1951,15000480,100,3,111.543063392453,75.000000000000,62.000000000000,1.693765368308,7e416ebb0c0e1469,8d15af1f9d36efa1,9b0c7400c5d3bf1e,200,140,70.000000,241.500000,228.134267,1.000000,3.400000,251.458797,4.483333,249.841591,3.400000,4.334034,0.000000,0.569620,0.759036,0.456621,0.293769,400,3728,3728,32.000000,0,0,16,16,95,95,8,10,630.000000,476,0,0,75,125,0,75,15,11,4,0,15,4,4,4,0,0,0,0,0,60,0,60,60,60,0,0,0,0
1952,15000481,100,3,62.148776414427,175.000000000000,83.000000000000,1.951555717133,2c63fd72e185237,8d15af1f9d36efa1,e98876c1d55ff61f,200,195,97.500000,291.641026,302.095042,1.000000,4.100000,338.163094,5.358571,346.175001,4.323077,5.182681,0.000000,0.388687,0.728261,0.321802,0.109820,400,4216,4216,32.000000,0,0,16,16,47,47,10,4,536.000000,843,0,0,25,175,0,25,20,15,5,0,20,5,5,5,0,0,0,0,0,5,0,5,5,5,0,0,0,0
1953,15000482,100,3,354.530584247416,75.000000000000,56.000000000000,1.712871692182,7822ea61520dcde5,8d15af1f9d36efa1,a86d939ed992953b,200,179,89.500000,306.072626,289.098270,1.000000,4.200000,346.384356,4.848810,364.684165,4.474860,4.098627,0.000000,0.411462,0.736842,0.333056,0.137783,400,3912,3912,32.000000,0,0,16,16,60,60,8,6,560.000000,801,0,0,39,161,0,39,18,14,4,0,18,4,4,4,0,0,0,0,0,21,0,21,21,21,0,0,0,0
1954,15000483,100,3,118.640859691146,425.000000000000,71.000000000000,1.536687550503,708bff6a82587ce,8d15af1f9d36efa1,48662f64383e7310,200,136,68.000000,216.176471,225.483509,1.000000,3.200000,245.902295,5.450000,248.851004,3.257353,5.169300,0.000000,0.583255,0.756098,0.474496,0.297940,400,4224,4224,32.000000,0,0,16,16,90,90,8,0,620.000000,443,0,0,77,123,0,77,13,9,4,0,13,4,4,4,0,0,0,0,0,64,0,64,64,64,0,0,0,0
1955,15000484,100,3,22.443579482460,425.000000000000,67.000000000000,2.525541901486,f5761405abec32e0,8d15af1f9d36efa1,2f94b899c648375f,200,142,71.000000,286.401408,245.831791,1.000000,3.800000,292.587199,4.323333,312.594903,4.070423,4.515571,0.000000,0.526230,0.762470,0.408998,0.266497,400,3984,3984,32.000000,0,0,16,16,96,96,18,16,642.000000,578,0,0,73,127,0,73,15,6,9,0,15,9,9,9,0,0,0,0,0,58,0,58,58,58,0,0,0,0
1956,15000485,100,3,315.145812891033,425.000000000000,31.000000000000,2.625969633705,5902eeb8fcb50498,8d15af1f9d36efa1,1e006c1ccc849c96,200,157,78.500000,267.216561,271.867981,1.000000,4.100000,325.211657,3.860000,317.640157,4.178344,3.786585,0.000000,0.471394,0.745223,0.378788,0.190123,400,3968,3968,31.000000,0,0,16,15,72,72,10,2,585.000000,656,0,0,57,143,0,57,14,9,5,0,14,5,5,5,0,0,0,0,0,43,0,43,43,43,0,0,0,0
1957,15000486,100,3,345.642880917007,325.000000000000,83.000000000000,1.590981342658,c33c3e05f2aad4ab,8d15af1f9d36efa1,802824fb2efdc43f,200,199,99.500000,321.758794,337.968322,1.000000,4.900000,395.860050,5.260833,405.514164,4.969849,4.961577,0.000000,0.346332,0.723757,0.287977,0.085106,400,4280,4280,32.000000,0,0,16,16,41,41,10,0,524.000000,989,0,0,21,179,0,21,20,15,5,0,20,5,5,5,0,0,0,0,0,1,0,1,1,1,0,0,0,0
1958,15000487,100,3,192.660424896916,175.000000000000,65.000000000000,1.709007841830,2176d9fd87ccd5db,8d15af1f9d36efa1,1fdddcfe3e2325a7,200,200,100.000000,233.795000,242.724460,1.000000,3.300000,262.353492,4.621667,276.789610,3.435000,4.409025,0.000000,0.428928,0.720670,0.367985,0.108949,400,3848,3848,32.000000,0,0,16,16,41,41,2,2,516.000000,687,0,0,20,180,0,20,20,19,1,0,20,1,1,1,0,0,0,0,0,0,0,0,0,0,0,0,0,0
1959,15000488,100,3,412.987992746996,325.000000000000,67.000000000000,2.909973674139,caed9c7626b28249,8d15af1f9d36efa1,e6619f0c1ecebebf,200,178,89.000000,202.994382,231.237386,0.900000,2.500000,227.350807,4.759259,232.845002,2.910112,4.725869,0.000000,0.502879,0.723757,0.435730,0.150820,400,4232,4232,32.000000,0,0,16,16,43,43,6,0,524.000000,518,0,0,24,160,0,24,19,16,3,0,19,3,3,2,1,0,0,0,0,5,20,2,22,6,16,0,0,0
1960,15000489,100,3,474.521916437246,175.000000000000,78.000000000000,2.894951224382,d82bc33c87072616,8d15af1f9d36efa1,9b087700c5cfdb60,200,191,95.500000,215.685864,219.425703,1.000000,3.100000,248.818145,4.698333,247.200893,3.267016,4.644231,0.000000,0.461140,0.727520,0.390625,0.140496,400,4176,4176,32.000000,0,0,16,16,47,47,8,0,534.000000,624,0,0,28,172,0,28,19,15,4,0,19,4,4,4,0,0,0,0,0,9,0,9,9,9,0,0,0,0
1961,15000490,100,3,294.007248327618,75.000000000000,42.000000000000,2.395173679748,545797773ce0d067,8d15af1f9d36efa1,ed5ec865726e72af,200,137,68.500000,305.153285,289.566578,1.000000,4.300000,332.534035,4.910476,370.287067,4.693431,4.925350,0.000000,0.490895,0.756098,0.383509,0.226233,400,4368,4368,32.000000,0,0,16,16,89,89,10,0,620.000000,643,0,0,76,124,0,76,13,8,5,0,13,5,5,5,0,0,0,0,0,63,0,63,63,63,0,0,0,0
1962,15000491,100,3,89.802019512173,175.000000000000,63.000000000000,2.504767779608,a702e280b05beefd,8d15af1f9d36efa1,85b14fbd110851ed,200,195,97.500000,215.307692,222.090844,1.000000,3.100000,252.288678,3.500000,247.283189,3.046154,3.604377,0.000000,0.471530,0.726027,0.402414,0.141618,400,4080,4080,32.000000,0,0,16,16,45,45,8,0,530.000000,594,0,0,25,175,0,25,20,16,4,0,20,4,4,4,0,0,0,0,0,5,0,5,5,5,0,0,0,0
1963,15000492,100,3,398.458997484144,325.000000000000,61.000000000000,2.888102941098,37b479802d7efd3a,8d15af1f9d36efa1,e8fc301ece7fd2a9,200,189,94.500000,229.412698,240.405594,1.000000,3.300000,264.830947,5.743333,270.846129,3.253968,5.276423,0.000000,0.465682,0.728261,0.394089,0.144645,400,4376,4376,32.000000,0,0,16,16,52,52,0,2,536.000000,615,0,0,31,169,0,31,20,20,0,0,20,0,0,0,0,0,0,0,0,11,0,11,11,11,0,0,0,0
1964,15000493,100,3,410.325257790068,175.000000000000,60.000000000000,2.617791106923,fdf883c728659b91,8d15af1f9d36efa1,bc42905993b267a2,200,200,100.000000,285.210000,281.188526,1.000000,4.100000,324.917228,4.788333,343.156189,4.230000,4.859338,0.000000,0.379765,0.721448,0.321027,0.092275,400,4240,4240,32.000000,0,0,16,16,41,41,4,2,518.000000,846,0,0,20,180,0,20,20,18,2,0,20,2,2,2,0,0,0,0,0,0,0,0,0,0,0,0,0,0
1965,15000494,100,3,172.836590746708,75.000000000000,44.000000000000,2.178351113484,d3f4474bc82ca5b4,8d15af1f9d36efa1,4c4e7f9b1e247d3d,200,167,83.500000,271.940120,291.563408,1.000000,4.200000,335.074473,3.885476,323.823883,4.077844,3.832599,0.000000,0.455635,0.740260,0.370028,0.168498,400,3720,3720,32.000000,0,0,16,16,66,66,6,2,570.000000,681,0,0,49,151,0,49,16,13,3,0,16,3,3,3,0,0,0,0,0,33,0,33,33,33,0,0,0,0
1966,15000495,100,3,8.557014270117,425.000000000000,47.000000000000,2.916375087736,2365a66c542a7ca6,8d15af1f9d36efa1,d765e38fcb819f39,200,135,67.500000,241.666667,267.855362,1.000000,3.900000,302.740468,4.633333,293.283423,3.785185,3.818004,0.000000,0.548187,0.756098,0.439078,0.268956,400,3872,3872,32.000000,0,0,16,16,91,91,6,0,620.000000,511,0,0,78,122,0,78,13,10,3,0,13,3,3,3,0,0,0,0,0,65,0,65,65,65,0,0,0,0
1967,15000496,100,3,279.235235788889,325.000000000000,54.000000000000,2.354168318267,30e810fc7002efe4,8d15af1f9d36efa1,52c1e4f39908ba1d,200,198,99.000000,261.681818,268.432583,1.000000,3.700000,303.490968,5.947619,322.421470,3.984848,4.941698,0.000000,0.398169,0.722992,0.336417,0.102389,400,4056,4056,32.000000,0,0,16,16,42,42,6,0,522.000000,789,0,0,22,178,0,22,20,17,3,0,20,3,3,3,0,0,0,0,0,2,0,2,2,2,0,0,0,0
1968,15000497,100,3,31.786840125987,175.000000000000,89.000000000000,1.620215324967,fdf2e85b815e8eef,8d15af1f9d36efa1,a7cfa3636f72817f,200,162,81.000000,272.148148,284.647534,1.000000,3.500000,304.086514,5.373333,328.027365,3.895062,5.161648,0.000000,0.481512,0.745547,0.387973,0.196178,400,4352,4352,32.000000,0,0,16,16,74,74,6,0,586.000000,631,0,0,56,144,0,56,18,15,3,0,18,3,3,3,0,0,0,0,0,38,0,38,38,38,0,0,0,0
1969,15000498,100,3,47.497949001849,325.000000000000,73.000000000000,2.902755196691,c2809b6be4488ca2,8d15af1f9d36efa1,f859bb2954bfbc3d,200,195,97.500000,291.046154,302.840949,1.000000,4.400000,356.559246,4.577976,344.601475,4.374359,4.206331,0.000000,0.387653,0.729730,0.319234,0.112383,400,3896,3896,32.000000,0,0,16,16,45,45,18,0,540.000000,853,0,0,25,175,0,25,20,11,9,0,20,9,9,9,0,0,0,0,0,5,0,5,5,5,0,0,0,0
1970,15000499,100,3,298.274840767894,175.000000000000,50.000000000000,2.329924176060,ea787834c7ccf8d7,8d15af1f9d36efa1,ad23ea4fcdc4c4a3,200,198,99.000000,319.186869,339.482066,1.000000,4.900000,401.825717,4.275000,398.582224,5.000000,4.192929,0.000000,0.344371,0.722222,0.287770,0.081633,400,3768,3768,32.000000,0,0,16,16,44,44,0,4,520.000000,990,0,0,22,178,0,22,20,20,0,0,20,0,0,0,0,0,0,0,0,2,0,2,2,2,0,0,0,0
1971,15000500,100,3,205.572814940437,175.000000000000,50.000000000000,1.594851261772,4258947f8db5e131,8d15af1f9d36efa1,9a7a0400c55712b1,200,200,100.000000,240.810000,261.488034,1.000000,3.600000,290.246936,4.306190,289.599863,3.735000,4.696118,0.000000,0.409486,0.721448,0.348736,0.103241,400,4128,4128,32.000000,0,0,16,16,41,41,4,2,518.000000,747,0,0,20,180,0,20,20,18,2,0,20,2,2,2,0,0,0,0,0,0,0,0,0,0,0,0,0,0
1972,15000501,100,3,154.905099086529,75.000000000000,62.000000000000,2.293583156682,3c07cf01fb19fae5,8d15af1f9d36efa1,cf263199afdb6253,200,170,85.000000,295.217647,289.363330,1.000000,4.400000,351.209229,5.337500,364.347982,4.641176,5.032953,0.000000,0.418570,0.739583,0.336417,0.147027,400,4456,4456,32.000000,0,0,16,16,64,64,8,0,568.000000,789,0,0,47,153,0,47,17,13,4,0,17,4,4,4,0,0,0,0,0,30,0,30,30,30,0,0,0,0
1973,15000502,100,3,20.280115927204,75.000000000000,68.000000000000,2.289644193796,5d9f0001f097bae0,8d15af1f9d36efa1,bc09972c86987680,200,129,64.500000,258.457364,252.848782,1.000000,3.700000,277.719806,5.025000,285.908299,3.837209,4.555556,0.000000,0.563877,0.761905,0.446927,0.295875,400,4288,4288,32.000000,0,0,16,16,97,97,14,0,640.000000,495,0,0,84,116,0,84,13,6,7,0,13,7,7,7,0,0,0,0,0,71,0,71,71,71,0,0,0,0
1974,15000503,100,3,477.543544607828,75.000000000000,55.000000000000,2.926339788923,2fbe015c716c9f1f,8d15af1f9d36efa1,6692ea50c7b51882,200,120,60.000000,237.708333,189.419419,1.000000,2.700000,201.734656,5.536667,239.556437,3.016667,4.919890,0.000000,0.646484,0.767981,0.524934,0.388514,400,4328,4328,32.000000,0,0,16,16,109,109,12,2,662.000000,362,0,0,94,106,0,94,14,8,6,0,14,6,6,6,0,0,0,0,0,80,0,80,80,80,0,0,0,0
1975,15000504,100,3,485.931111322888,175.000000000000,83.000000000000,2.531071180647,87d429861b320b99,8d15af1f9d36efa1,a7fa5a98fc6f9e92,200,183,91.500000,284.114754,293.914826,1.000000,4.300000,342.722058,5.269167,345.090012,4.448087,4.544226,0.000000,0.403226,0.733333,0.329489,0.126609,400,4184,4184,32.000000,0,0,16,16,55,55,8,0,550.000000,814,0,0,36,164,0,36,19,15,4,0,19,4,4,4,0,0,0,0,0,17,0,17,17,17,0,0,0,0
1976,15000505,100,3,430.612961737315,325.000000000000,83.000000000000,2.016292472776,3af9d42e70ca7d05,8d15af1f9d36efa1,bf4e28f41114b57c,200,196,98.000000,190.295918,193.080169,1.000000,2.600000,208.274577,5.291667,211.065079,2.581633,5.035573,0.000000,0.508738,0.723757,0.441501,0.153846,400,4112,4112,32.000000,0,0,16,16,45,45,2,2,524.000000,506,0,0,24,176,0,24,20,19,1,0,20,1,1,1,0,0,0,0,0,4,0,4,4,4,0,0,0,0
1977,15000506,100,3,482.804580268997,425.000000000000,60.000000000000,2.844429886413,de0cbd3f7c287278,8d15af1f9d36efa1,4eac90d5b1423696,200,70,35.000000,341.771429,320.736171,1.000000,4.300000,359.760595,4.499286,376.443980,4.771429,4.526946,0.000000,0.700717,0.796334,0.544959,0.511696,400,4208,4208,32.000000,0,0,16,16,171,171,8,46,782.000000,334,0,0,139,61,0,139,9,5,4,0,9,4,4,4,0,0,0,0,0,130,0,130,130,130,0,0,0,0
1978,15000507,100,3,164.074917153707,75.000000000000,43.000000000000,2.662223710230,e93bad69c666c334,8d15af1f9d36efa1,668404c113a0bed4,200,186,93.000000,361.645161,346.065346,1.000000,5.400000,438.504891,5.400952,450.604511,5.575269,4.595950,0.000000,0.349843,0.736148,0.278358,0.108340,400,4200,4200,32.000000,0,0,16,16,52,52,22,0,558.000000,1037,0,0,33,167,0,33,19,8,11,0,19,11,11,11,0,0,0,0,0,14,0,14,14,14,0,0,0,0
1979,15000508,100,3,172.966835488815,325.000000000000,67.000000000000,1.553340683761,c4ab5ad45220f868,8d15af1f9d36efa1,511869312caa8ed8,200,190,95.000000,343.442105,379.485483,1.000000,5.600000,447.138375,4.148294,438.158072,5.552632,3.952607,0.000000,0.337728,0.728997,0.274914,0.091301,400,3752,3752,32.000000,0,0,16,16,52,52,2,4,538.000000,1055,0,0,30,170,0,30,20,19,1,0,20,1,1,1,0,0,0,0,0,10,0,10,10,10,0,0,0,0
1980,15000509,100,3,378.452323165407,425.000000000000,42.000000000000,2.534784219269,32159065661b4046,8d15af1f9d36efa1,956a8a787ea97835,200,82,41.000000,270.707317,273.770482,1.000000,3.900000,318.135808,5.523333,314.056514,3.987805,4.281346,0.000000,0.687679,0.782609,0.550206,0.468293,400,4168,4168,32.000000,0,0,16,16,140,140,8,12,720.000000,327,0,0,126,74,0,126,8,4,4,0,8,4,4,4,0,0,0,0,0,118,0,118,118,118,0,0,0,0
1981,15000510,100,3,390.107109951776,325.000000000000,57.000000000000,2.441873308247,f807914a0b9a2508,8d15af1f9d36efa1,d6971cf0033851b8,200,192,96.000000,249.859375,264.845147,1.000000,3.900000,303.091677,4.856667,303.893666,3.880208,4.824161,0.000000,0.418423,0.728261,0.349345,0.122497,400,4240,4240,32.000000,0,0,16,16,48,48,8,0,536.000000,745,0,0,28,172,0,28,20,16,4,0,20,4,4,4,0,0,0,0,0,8,0,8,8,8,0,0,0,0
1982,15000511,100,3,159.696352967446,175.000000000000,62.000000000000,2.247824047814,ed318baff2295e9,8d15af1f9d36efa1,ddfa18cdd8973e1,200,198,99.000000,216.292929,218.370734,1.000000,3.100000,252.810658,4.795000,249.467746,3.070707,4.356908,0.000000,0.460993,0.722222,0.396825,0.126437,400,4128,4128,32.000000,0,0,16,16,43,43,2,2,520.000000,608,0,0,22,178,0,22,20,19,1,0,20,1,1,1,0,0,0,0,0,2,0,2,2,2,0,0,0,0
1983,15000512,100,3,311.112177138564,175.000000000000,46.000000000000,2.542763709907,bab4254c7ff39f20,8d15af1f9d36efa1,c4c8526d7e0c6979,200,172,86.000000,185.343023,202.420858,1.000000,2.900000,224.042183,5.325000,221.235617,2.924419,4.789264,0.000000,0.523223,0.734043,0.442968,0.192616,400,3936,3936,32.000000,0,0,16,16,60,60,0,0,552.000000,503,0,0,44,156,0,44,16,16,0,0,16,0,0,0,0,0,0,0,0,28,0,28,28,28,0,0,0,0
1984,15000513,100,3,464.152400794319,425.000000000000,68.000000000000,1.756203745213,8c3812a16c03fd93,8d15af1f9d36efa1,30690a86ea3bcbb4,200,137,68.500000,315.160584,297.388952,1.000000,4.400000,356.579986,5.033333,378.061946,4.861314,4.447447,0.000000,0.483721,0.757282,0.375235,0.223776,400,4400,4400,32.000000,0,0,16,16,89,89,14,0,624.000000,666,0,0,76,124,0,76,13,6,7,0,13,7,7,7,0,0,0,0,0,63,0,63,63,63,0,0,0,0
1985,15000514,100,3,369.474922367424,75.000000000000,49.000000000000,2.744795495127,252da5517ef0b83f,8d15af1f9d36efa1,47e05455f34ceef1,200,151,75.500000,231.655629,231.366975,1.000000,3.500000,279.937853,4.748333,276.970801,3.490066,4.609108,0.000000,0.529044,0.747475,0.431499,0.232897,400,4016,4016,32.000000,0,0,16,16,77,77,6,0,592.000000,527,0,0,63,137,0,63,14,11,3,0,14,3,3,3,0,0,0,0,0,49,0,49,49,49,0,0,0,0
1986,15000515,100,3,329.575461882285,425.000000000000,41.000000000000,2.601625062462,b3700612c02e75ff,8d15af1f9d36efa1,9b386c00c5f8ec71,200,139,69.500000,287.748201,318.430279,1.000000,4.800000,381.723147,4.903333,324.897406,4.136691,4.594783,0.000000,0.520033,0.756987,0.410256,0.250326,400,4080,4080,31.000000,0,0,16,15,91,91,10,4,623.000000,575,0,0,75,125,0,75,14,9,5,0,14,5,5,5,0,0,0,0,0,61,0,61,61,61,0,0,0,0
1987,15000516,100,3,471.716305113897,325.000000000000,88.000000000000,1.859140392622,aec6496e3a190b2e,8d15af1f9d36efa1,28f5a825fcc03971,200,167,83.500000,301.622754,269.207114,1.000000,4.000000,308.586334,5.089286,350.404702,4.766467,4.423367,0.000000,0.420670,0.742931,0.334448,0.154989,400,4248,4248,32.000000,0,0,16,16,67,67,12,4,578.000000,796,0,0,49,151,0,49,16,10,6,0,16,6,6,6,0,0,0,0,0,33,0,33,33,33,0,0,0,0
1988,15000517,100,3,296.767132844039,325.000000000000,47.000000000000,1.709833257114,a1b95b25d863922f,8d15af1f9d36efa1,10b84b4f75076d98,200,163,81.500000,218.582822,227.552652,1.000000,3.300000,259.407652,5.065000,242.381384,3.110429,4.986193,0.000000,0.530990,0.741602,0.441014,0.218798,400,4232,4232,32.000000,0,0,16,16,71,71,0,4,574.000000,507,0,0,53,147,0,53,16,16,0,0,16,0,0,0,0,0,0,0,0,37,0,37,37,37,0,0,0,0
1989,15000518,100,3,307.274776142226,425.000000000000,44.000000000000,1.766412985085,ccc7998b2795c545,8d15af1f9d36efa1,ee87018c524e16ac,200,153,76.500000,213.156863,217.169031,1.000000,3.300000,254.031590,4.216667,244.754810,3.346405,4.046875,0.000000,0.537071,0.748111,0.438596,0.240356,400,4056,4056,32.000000,0,0,16,16,77,77,8,0,594.000000,512,0,0,62,138,0,62,15,11,4,0,15,4,4,4,0,0,0,0,0,47,0,47,47,47,0,0,0,0
1990,15000519,100,3,40.823375832029,425.000000000000,70.000000000000,2.146686443191,576370628a11275d,8d15af1f9d36efa1,f8d9802d878ef465,200,164,82.000000,271.439024,249.911212,1.000000,3.700000,288.150260,5.317143,317.036695,4.121951,4.517751,0.000000,0.468553,0.748744,0.371747,0.195238,400,4256,4256,32.000000,0,0,16,16,73,73,18,14,596.000000,676,0,0,51,149,0,51,15,6,9,0,15,9,9,9,0,0,0,0,0,36,0,36,36,36,0,0,0,0
1991,15000520,100,3,134.487158664234,425.000000000000,38.000000000000,2.885121911013,419de8ce96e1d6d8,8d15af1f9d36efa1,52e48253d83f96a6,200,104,52.000000,233.923077,269.776139,1.000000,4.000000,323.802386,4.331429,267.033438,3.538462,4.247283,0.000000,0.646154,0.770642,0.520833,0.394737,400,3896,3896,32.000000,0,0,16,16,116,116,8,0,672.000000,368,0,0,106,94,0,106,10,6,4,0,10,4,4,4,0,0,0,0,0,96,0,96,96,96,0,0,0,0
1992,15000521,100,3,16.603045826226,175.000000000000,88.000000000000,2.296873687739,bf17ba176a46f662,8d15af1f9d36efa1,a983233daeb97bf5,200,184,92.000000,255.293478,261.755204,1.000000,3.700000,298.599048,5.403333,301.501619,3.657609,5.106984,0.000000,0.447001,0.731183,0.372787,0.142675,400,4104,4104,32.000000,0,0,16,16,54,54,4,0,544.000000,673,0,0,35,165,0,35,19,17,2,0,19,2,2,2,0,0,0,0,0,16,0,16,16,16,0,0,0,0
1993,15000522,100,3,290.655357926000,325.000000000000,51.000000000000,2.182247226337,9c5493e44483e677,8d15af1f9d36efa1,9463da46cd216042,200,200,100.000000,321.375000,279.119376,1.000000,4.500000,386.484668,6.176667,398.716700,4.800000,5.418750,0.000000,0.351351,0.722222,0.294118,0.083969,400,5072,5072,32.000000,0,0,16,16,43,43,2,6,520.000000,960,0,0,20,180,0,20,20,19,1,0,20,1,1,1,0,0,0,0,0,0,0,0,0,0,0,0,0,0
1994,15000523,100,3,380.541845349861,175.000000000000,71.000000000000,2.244879202066,23df9c79a02dad9a,8d15af1f9d36efa1,9aad2900c582ab29,200,200,100.000000,242.005000,242.320668,1.000000,3.500000,292.193218,4.792381,284.599983,3.535000,4.909477,0.000000,0.421913,0.720670,0.361337,0.106195,400,4576,4576,32.000000,0,0,16,16,41,41,2,2,516.000000,707,0,0,20,180,0,20,20,19,1,0,20,1,1,1,0,0,0,0,0,0,0,0,0,0,0,0,0,0
1995,15000524,100,3,70.963486374718,425.000000000000,46.000000000000,2.977491728426,992f33d5f7f44765,8d15af1f9d36efa1,900ee0af9135da91,200,119,59.500000,279.420168,284.926274,1.000000,4.000000,322.236264,5.033810,303.958484,3.899160,4.788793,0.000000,0.592267,0.771167,0.462963,0.342776,400,3840,3840,32.000000,0,0,16,16,114,114,14,14,674.000000,464,0,0,94,106,0,94,13,6,7,0,13,7,7,7,0,0,0,0,0,81,0,81,81,81,0,0,0,0
1996,15000525,100,3,130.061949872100,425.000000000000,42.000000000000,2.897526140172,72e8608b1b2d565d,8d15af1f9d36efa1,d4c39f4f53435983,200,150,75.000000,224.360000,222.461663,1.000000,3.300000,259.045192,6.500000,269.767440,3.366667,6.021782,0.000000,0.540491,0.748111,0.441989,0.242879,400,4960,4960,32.000000,0,0,16,16,78,78,6,0,594.000000,505,0,0,64,136,0,64,14,11,3,0,14,3,3,3,0,0,0,0,0,50,0,50,50,50,0,0,0,0
1997,15000526,100,3,188.192340778701,325.000000000000,63.000000000000,1.833394094503,c4559d9669c37e11,8d15af1f9d36efa1,ea92d67ecc9cfc3e,200,200,100.000000,312.075000,342.847168,1.000000,4.800000,395.454926,4.679167,398.343311,4.800000,4.625000,0.000000,0.348711,0.719888,0.294118,0.078695,400,4008,4008,32.000000,0,0,16,16,40,40,2,0,514.000000,960,0,0,20,180,0,20,20,19,1,0,20,1,1,1,0,0,0,0,0,0,0,0,0,0,0,0,0,0
1998,15000527,100,3,480.745637266286,425.000000000000,71.000000000000,2.305663428452,ee0bf26c3bcd2e22,8d15af1f9d36efa1,cb1831506fc417ea,200,127,63.500000,222.984252,277.408145,1.000000,3.600000,310.233557,5.238333,260.957298,3.094488,5.012723,0.000000,0.617332,0.760192,0.504414,0.339496,400,4048,4048,32.000000,0,0,16,16,99,99,4,0,634.000000,393,0,0,86,114,0,86,13,11,2,0,13,2,2,2,0,0,0,0,0,73,0,73,73,73,0,0,0,0
1999,15000528,100,3,136.358966085899,325.000000000000,75.000000000000,1.828994897645,42c593dddde41cd1,8d15af1f9d36efa1,5ea74f50c36e0c7f,200,178,89.000000,247.893258,271.857193,1.000000,3.800000,315.327309,4.486667,308.749882,3.831461,4.428152,0.000000,0.444625,0.731903,0.369686,0.143216,400,4032,4032,32.000000,0,0,16,16,56,56,2,0,546.000000,682,0,0,39,161,0,39,17,16,1,0,17,1,1,1,0,0,0,0,0,22,0,22,22,22,0,0,0,0
