scenario_id,scenario_seed,node_count,selected_oc,x,y,local_density,speed,topology_hash,acoustic_state_hash,route_hash,generated_packets,delivered_packets,PDR,E2ED_ms,mean_source_destination_distance_m,connected_flow_pair_ratio,mean_static_shortest_hops,mean_static_shortest_path_length_m,mean_static_feasible_relay_candidates,mean_delivered_path_length_m,mean_delivered_hop_count,mean_delivered_relay_candidate_count,mean_delivered_relay_wait_ms,ROR_total,ROR_generated,ROR_hello,ROR_reactive,hello_tx,neighbor_update_tx,raw_neighbor_update_burden,compressed_topology_updates,topology_digest_packets,mc_topology_digest_ack_packets,lc_topology_update_tx,mc_topology_update_tx,route_request_tx,route_reply_tx,mc_control_tx,gateway_control_tx,control_transmissions,data_hops,OC_data_hops,architecture_violations,controller_requests,installed_route_hits,lc_cache_hits,lc_cache_misses,oc_route_computations,oc_route_successes,oc_route_failures,oc_cache_hits,oc_cache_misses,mc_fallbacks,mc_route_computations,mc_route_successes,mc_route_failures,route_recoveries,recovery_successes,recovery_failures,link_invalidations,control_unreachable,no_physical_path,routing_failure_with_path,final_no_path_drops,failed_route_attempts,negative_cache_hits,pending_route_suppressions,route_discovery_buffered_retries,route_discovery_timeout_drops
0,12000029,25,3,164.595460846,175,18,1.58132099955,fbe8e00e1c16c05c,8d15af1f9d36efa1,dd43f84f58081954,200,40,20.000000,105.225000,296.650374,0.200000,0.300000,99.246496,2.250000,90.157791,1.500000,2.000000,0.000000,0.767442,0.497487,0.625000,0.523810,100,280,280,32.000000,0,0,16,16,25,25,16,4,198.000000,60,0,0,12,36,0,12,12,4,8,0,12,8,8,0,8,0,0,0,0,0,160,0,160,8,152,0,0,0
1,12000030,25,3,80.091375668201,425.000000000000,14.000000000000,2.455118604541,8479354f3c97be16,8d15af1f9d36efa1,c347834f49501687,200,27,13.500000,161.592593,248.391241,0.300000,0.600000,160.396107,1.722222,112.220873,1.666667,1.600000,0.000000,0.871795,0.604743,0.689655,0.794521,100,224,224,32.000000,0,0,16,16,79,79,16,12,306.000000,45,0,0,74,24,0,64,10,2,8,0,10,8,8,1,7,0,0,0,0,64,140,33,173,71,102,0,0,0
2,12000031,25,3,119.016950197934,75.000000000000,11.000000000000,2.945948347332,d00fc46ecdc82985,8d15af1f9d36efa1,9a8b1000c5659a48,200,41,20.500000,122.219512,206.173050,0.300000,0.500000,123.188741,1.833333,114.675023,1.634146,1.805970,0.000000,0.772881,0.532710,0.598802,0.588957,100,240,240,32.000000,0,0,16,16,41,41,14,0,228.000000,67,0,0,30,37,0,30,11,4,7,0,11,7,7,0,7,0,0,0,0,19,140,19,159,26,133,0,0,0
3,12000032,25,3,342.378446747530,75.000000000000,12.000000000000,2.184565073120,2faf3071b70b296c,8d15af1f9d36efa1,a1046bec0442bfe0,200,60,30.000000,163.683333,279.231462,0.400000,0.900000,193.186114,1.250000,215.949518,2.333333,1.285714,0.000000,0.710744,0.632353,0.416667,0.602273,100,208,208,32.000000,0,0,16,16,101,101,10,0,344.000000,140,0,0,92,54,2,90,9,4,5,0,9,5,5,0,5,0,0,0,0,81,120,20,140,86,54,0,0,0
4,12000033,25,3,77.634637625378,325.000000000000,19.000000000000,2.204740950339,59dbe5815e751a2b,8d15af1f9d36efa1,3e7d1acd95f9a91d,200,116,58.000000,304.853448,237.879139,0.600000,2.900000,375.486901,1.282143,379.733129,4.887931,1.238095,0.000000,0.279543,0.523810,0.149925,0.134351,100,176,176,32.000000,0,0,16,16,38,38,12,0,220.000000,567,0,0,22,104,0,22,16,10,6,0,16,6,6,2,4,0,0,0,0,6,80,4,84,10,74,0,0,0
5,12000034,25,3,422.647226125041,75.000000000000,15.000000000000,2.460244330786,83c9529e4b190952,8d15af1f9d36efa1,e3a694da7fbae416,200,20,10.000000,182.350000,223.671934,0.100000,0.300000,210.605368,2.000000,203.639709,3.000000,2.333333,0.000000,0.776119,0.509804,0.625000,0.558824,100,264,264,32.000000,0,0,16,16,29,29,18,0,208.000000,60,0,0,18,18,0,18,11,2,9,0,11,9,9,0,9,0,0,0,0,7,180,0,180,16,164,0,0,0
6,12000035,25,3,335.497202563326,325.000000000000,17.000000000000,2.624032553940,b2414e35c780429,8d15af1f9d36efa1,41bc32ebce4ae9b7,200,60,30.000000,236.716667,267.672443,0.300000,1.000000,291.216282,1.833333,291.216282,3.333333,1.800000,0.000000,0.514563,0.514563,0.333333,0.285714,100,312,312,32.000000,0,0,16,16,33,33,14,2,212.000000,200,0,0,19,54,0,19,13,6,7,0,13,7,7,0,7,0,0,0,0,6,140,0,140,13,127,0,0,0
7,12000036,25,3,95.652031526770,75.000000000000,16.000000000000,2.159370083633,790ab57a409f5e79,8d15af1f9d36efa1,9a91c600c56b3b38,200,29,14.500000,68.931034,229.935887,0.200000,0.200000,40.420707,1.000000,40.279300,1.000000,1.000000,0.000000,0.892193,0.545455,0.775194,0.788321,100,264,264,32.000000,0,0,16,16,46,46,16,0,240.000000,29,0,0,35,26,0,35,11,3,8,0,11,8,8,0,8,0,0,0,0,24,160,11,171,32,139,0,0,0
8,12000037,25,3,145.109332031954,325.000000000000,16.000000000000,2.375123700759,795f727f1fa95386,8d15af1f9d36efa1,9aa9a400c57f9353,200,39,19.500000,155.435897,267.197188,0.200000,0.400000,150.940270,1.166667,153.715767,2.025641,1.253165,0.000000,0.726644,0.512195,0.558659,0.496815,100,272,272,32.000000,0,0,16,16,30,30,18,2,210.000000,79,0,0,17,35,0,17,12,3,9,0,12,9,9,1,8,0,0,0,0,5,160,1,161,13,148,0,0,0
9,12000038,25,3,165.389484952814,325.000000000000,11.000000000000,2.484606319115,25a19533cc41de53,8d15af1f9d36efa1,455b064f9307a353,200,100,50.000000,130.550000,200.977443,0.500000,1.000000,136.879057,1.300000,136.879057,2.000000,1.300000,0.000000,0.502488,0.502488,0.333333,0.259259,100,272,272,32.000000,0,0,16,16,30,30,10,0,202.000000,200,0,0,15,90,0,15,15,10,5,0,15,5,5,0,5,0,0,0,0,0,100,0,100,5,95,0,0,0
10,12000039,25,3,291.079315875110,175.000000000000,17.000000000000,2.398831810523,bb719d9265b09f54,8d15af1f9d36efa1,980c904f30d98b56,200,200,100.000000,232.155000,225.759213,1.000000,3.700000,278.501187,2.133333,283.272274,3.700000,2.054054,0.000000,0.224319,0.516908,0.119048,0.099757,100,368,368,32.000000,0,0,16,16,40,40,2,0,214.000000,740,0,0,20,180,0,20,20,19,1,0,20,1,1,1,0,0,0,0,0,0,0,0,0,0,0,0,0,0
11,12000040,25,3,319.232814720318,425.000000000000,15.000000000000,1.671920526327,771fff002e1ea921,8d15af1f9d36efa1,ef2b7aa1fb5df749,200,70,35.000000,165.142857,199.829825,0.400000,0.900000,171.799416,1.562500,169.340719,2.200000,1.454545,0.000000,0.616915,0.553571,0.393701,0.429630,100,240,240,32.000000,0,0,16,16,50,50,16,0,248.000000,154,0,0,37,63,0,37,13,5,8,0,13,8,8,2,6,0,0,0,0,24,120,10,130,30,100,0,0,0
12,12000041,25,3,82.033500472509,325.000000000000,23.000000000000,1.730100368398,9ee4704b4dab3106,8d15af1f9d36efa1,9aa63200c57c9bc6,200,40,20.000000,69.550000,260.786952,0.200000,0.200000,45.191249,1.000000,45.191249,1.000000,1.000000,0.000000,0.829787,0.493671,0.714286,0.615385,100,272,272,31.000000,0,0,16,15,24,24,16,0,195.000000,40,0,0,12,36,0,12,12,4,8,0,12,8,8,0,8,0,0,0,0,0,160,0,160,8,152,0,0,0
13,12000042,25,3,294.618252920510,425.000000000000,10.000000000000,1.612607951935,6d3ac3b12a93555f,8d15af1f9d36efa1,9a8af800c5657180,200,36,18.000000,114.888889,272.129157,0.300000,0.300000,76.191816,1.666667,73.374358,1.000000,1.611111,0.000000,0.922078,0.680511,0.735294,0.890909,100,240,240,32.000000,0,0,16,16,141,141,12,0,426.000000,36,0,0,132,32,0,132,9,3,6,0,9,6,6,1,5,0,0,0,0,123,140,24,164,128,36,0,0,0
14,12000043,25,3,371.806231573812,325.000000000000,19.000000000000,1.638109671373,45e61bb9c36c6cf4,8d15af1f9d36efa1,19e2e74f7a5d1f40,200,20,10.000000,122.150000,335.260324,0.100000,0.200000,129.886853,2.000000,129.886853,2.000000,2.000000,0.000000,0.830508,0.494949,0.714286,0.615385,100,216,216,32.000000,0,0,16,16,23,23,18,0,196.000000,40,0,0,12,18,0,12,11,2,9,0,11,9,9,0,9,0,0,0,0,1,180,0,180,10,170,0,0,0
15,12000044,25,3,189.148018490611,175.000000000000,16.000000000000,2.102878976467,1327aaa1c7b747df,8d15af1f9d36efa1,73521ed2d5a500c1,200,20,10.000000,171.000000,274.353131,0.100000,0.300000,199.439160,1.333333,199.439160,3.000000,1.333333,0.000000,0.763780,0.492386,0.625000,0.508197,100,248,248,32.000000,0,0,16,16,22,22,18,0,194.000000,60,0,0,11,18,0,11,11,2,9,0,11,9,9,0,9,0,0,0,0,0,180,0,180,9,171,0,0,0
16,12000045,25,3,279.895003531930,175.000000000000,19.000000000000,1.554982475687,db512fff5afc920f,8d15af1f9d36efa1,505a7788da087cb8,200,93,46.500000,157.139785,238.494758,0.500000,1.200000,170.001066,2.260000,170.642404,2.430108,2.261062,0.000000,0.484018,0.514563,0.306748,0.261438,100,304,304,32.000000,0,0,16,16,35,35,10,0,212.000000,226,0,0,21,84,0,21,14,9,5,0,14,5,5,0,5,0,0,0,0,7,100,7,107,12,95,0,0,0
17,12000046,25,3,162.118879091792,75.000000000000,8.000000000000,2.841087586058,c728b257e6330e6b,8d15af1f9d36efa1,9a6c7a00c54b9dd7,200,32,16.000000,102.406250,203.755926,0.200000,0.300000,108.495474,1.500000,99.328847,1.406250,1.577778,0.000000,0.839858,0.541284,0.689655,0.697987,100,248,248,32.000000,0,0,16,16,44,44,16,2,236.000000,45,0,0,32,29,0,32,11,3,8,0,11,8,8,0,8,0,0,0,0,21,160,8,168,29,139,0,0,0
18,12000047,25,3,13.696102373150,425.000000000000,14.000000000000,1.898417979149,f0e4a8c06c8aa401,8d15af1f9d36efa1,2b2bb14f84247d4d,200,24,12.000000,135.541667,281.968042,0.200000,0.200000,71.575578,2.500000,115.854874,1.500000,3.000000,0.000000,0.910891,0.647887,0.735294,0.867647,100,280,280,32.000000,0,0,16,16,109,109,18,0,368.000000,36,0,0,99,22,0,99,10,1,9,0,10,9,9,1,8,0,0,0,0,89,160,16,176,97,79,0,0,0
19,12000048,25,3,152.129439279253,325.000000000000,19.000000000000,2.037557638249,fc9debb55af259f0,8d15af1f9d36efa1,d053f58dfd0356da,200,60,30.000000,191.150000,224.894218,0.300000,0.700000,212.571033,1.500000,212.571033,2.333333,1.428571,0.000000,0.595376,0.507389,0.416667,0.345794,100,216,216,32.000000,0,0,16,16,30,30,14,4,206.000000,140,0,0,15,54,0,15,13,6,7,0,13,7,7,0,7,0,0,0,0,2,140,0,140,9,131,0,0,0
20,12000049,25,3,390.621236873695,325.000000000000,18.000000000000,2.012764708579,bd2c2ca20bbee205,8d15af1f9d36efa1,9a80dd00c55cef1a,200,70,35.000000,121.928571,157.046023,0.400000,0.500000,88.199782,1.500000,92.350527,1.285714,1.388889,0.000000,0.716981,0.532710,0.526316,0.516129,100,192,192,32.000000,0,0,16,16,41,41,14,0,228.000000,90,0,0,27,62,0,27,14,7,7,0,14,7,7,1,6,0,0,0,0,13,120,10,130,19,111,0,0,0
21,12000050,25,3,34.741988947478,175.000000000000,22.000000000000,2.207157505947,c276b3ef391ce0d3,8d15af1f9d36efa1,8fb3151702aa5b16,200,60,30.000000,271.933333,313.427241,0.300000,1.400000,364.481958,1.266667,354.519404,4.666667,1.214286,0.000000,0.430894,0.514563,0.263158,0.222222,100,224,224,32.000000,0,0,16,16,33,33,14,0,212.000000,280,0,0,20,54,0,20,13,6,7,0,13,7,7,0,7,0,0,0,0,7,140,0,140,14,126,0,0,0
22,12000051,25,3,435.091717879643,75.000000000000,16.000000000000,1.837313441522,7e26517f15c47781,8d15af1f9d36efa1,9a8b0d00c565952f,200,20,10.000000,97.350000,311.773524,0.100000,0.100000,97.907401,2.000000,97.907401,1.000000,2.000000,0.000000,0.935897,0.593496,0.833333,0.888889,100,224,224,32.000000,0,0,16,16,72,72,16,0,292.000000,20,0,0,68,18,0,62,10,2,8,0,10,8,8,0,8,0,0,0,0,58,180,0,180,66,114,0,0,0
23,12000052,25,3,364.888656090620,425.000000000000,15.000000000000,2.336584100469,927bf895a366b8d5,8d15af1f9d36efa1,dd2f8f4f57f6bddf,200,120,60.000000,193.725000,223.596753,0.600000,1.700000,228.562654,2.000000,227.989665,2.833333,2.000000,0.000000,0.415808,0.547511,0.227273,0.244444,100,232,232,32.000000,0,0,16,16,50,50,10,0,242.000000,340,0,0,35,108,0,35,15,10,5,0,15,5,5,2,3,0,0,0,0,20,80,0,80,23,57,0,0,0
24,12000053,25,3,176.621564187299,325.000000000000,15.000000000000,2.564310066662,8d8bf7be4e01551d,8d15af1f9d36efa1,9a623f00c542e511,200,33,16.500000,170.575758,208.052882,0.200000,0.200000,90.480237,1.000000,90.676285,1.000000,1.000000,0.000000,0.887372,0.565217,0.751880,0.795031,100,192,192,32.000000,0,0,16,16,55,55,18,26,260.000000,33,0,0,30,29,0,30,12,3,9,0,12,9,9,1,8,0,0,0,0,18,160,7,167,26,141,0,0,0
25,12000054,25,3,65.886661900476,325.000000000000,24.000000000000,2.155211211766,ad81dbe706736908,8d15af1f9d36efa1,6e689c1d8030e402,200,80,40.000000,207.012500,255.529588,0.400000,1.200000,244.530844,1.883333,247.499085,3.000000,1.916667,0.000000,0.457014,0.502488,0.294118,0.225806,100,360,360,32.000000,0,0,16,16,28,28,14,0,202.000000,240,0,0,14,72,0,14,14,7,7,0,14,7,7,1,6,0,0,0,0,0,120,0,120,6,114,0,0,0
26,12000055,25,3,335.155180444567,75.000000000000,18.000000000000,1.579919709892,d8a915e65c79ec59,8d15af1f9d36efa1,84e33fc35ec6d29,200,142,71.000000,229.697183,234.268183,0.800000,2.900000,275.981733,1.804167,266.720181,3.577465,1.781496,0.000000,0.324468,0.549550,0.164474,0.180645,100,264,264,32.000000,0,0,16,16,50,50,12,0,244.000000,508,0,0,34,128,0,34,16,10,6,0,16,6,6,4,2,0,0,0,0,18,40,18,58,20,38,0,0,0
27,12000056,25,3,487.591919340872,75.000000000000,14.000000000000,2.650426469941,50a3da1c6b47fc88,8d15af1f9d36efa1,9a5ee900c5401d18,200,30,15.000000,91.233333,222.255952,0.200000,0.200000,65.439065,1.500000,61.795263,1.400000,1.571429,0.000000,0.891192,0.632353,0.704225,0.834646,100,264,264,32.000000,0,0,16,16,100,100,12,0,344.000000,42,0,0,91,27,0,91,9,3,6,0,9,6,6,0,6,0,0,0,0,82,160,10,170,88,82,0,0,0
28,12000057,25,3,464.458703963330,75.000000000000,16.000000000000,2.517319679144,73563d006a483862,8d15af1f9d36efa1,9aa2d600c579c99b,200,36,18.000000,123.416667,260.565277,0.200000,0.300000,110.886432,2.000000,112.267996,1.555556,2.000000,0.000000,0.819355,0.559471,0.641026,0.685393,100,232,232,32.000000,0,0,16,16,53,53,16,0,254.000000,56,0,0,42,32,0,42,11,3,8,0,11,8,8,1,7,0,0,0,0,31,160,4,164,38,126,0,0,0
29,12000058,25,3,35.639789197313,425.000000000000,18.000000000000,2.719944643432,302d7edf22791a61,8d15af1f9d36efa1,eeaa86064e839da1,200,36,18.000000,226.000000,303.989439,0.200000,0.600000,225.973501,2.300000,212.189662,3.000000,2.000000,0.000000,0.704918,0.563319,0.480769,0.538462,100,256,256,32.000000,0,0,16,16,53,53,20,2,258.000000,108,0,0,40,32,0,40,12,2,10,0,12,10,10,2,8,0,0,0,0,28,160,4,164,36,128,0,0,0
30,12000059,25,3,425.479891828262,175.000000000000,21.000000000000,2.950008045597,1300486c1017bd5d,8d15af1f9d36efa1,9a7d7f00c55a1989,200,20,10.000000,102.450000,300.808824,0.100000,0.100000,77.299684,2.000000,77.299684,1.000000,2.000000,0.000000,0.912281,0.509804,0.833333,0.791667,100,296,296,32.000000,0,0,16,16,28,28,20,0,208.000000,20,0,0,17,18,0,17,11,1,10,0,11,10,10,1,9,0,0,0,0,6,180,0,180,15,165,0,0,0
31,12000060,25,3,473.429353010407,325.000000000000,19.000000000000,2.321904335267,da8c8c75a1f4f9e7,8d15af1f9d36efa1,e518a86213938135,200,17,8.500000,239.882353,314.595184,0.200000,0.800000,254.872002,1.500000,245.172848,4.000000,1.250000,0.000000,0.822917,0.612403,0.595238,0.730159,100,144,144,32.000000,0,0,16,16,82,82,20,0,316.000000,68,0,0,72,15,0,72,10,0,10,0,10,10,10,2,8,0,0,0,0,62,160,23,183,70,113,0,0,0
32,12000061,25,3,79.406904829654,75.000000000000,15.000000000000,2.105907713620,7598206465d7c2b5,8d15af1f9d36efa1,9a76b200c5545184,200,20,10.000000,72.450000,252.049056,0.100000,0.100000,46.387463,1.000000,46.387463,1.000000,1.000000,0.000000,0.926471,0.557522,0.833333,0.857143,100,248,248,32.000000,0,0,16,16,52,52,16,0,252.000000,20,0,0,53,18,0,43,10,2,8,0,10,8,8,0,8,0,0,0,0,43,180,0,180,51,129,0,0,0
33,12000062,25,3,113.602703502771,425.000000000000,12.000000000000,2.857849966937,25d3feda330fb9ad,8d15af1f9d36efa1,1068afc215572291,200,9,4.500000,239.000000,302.542980,0.100000,0.200000,174.655466,2.000000,237.778758,3.000000,2.000000,0.000000,0.894942,0.534884,0.787402,0.784000,100,288,288,32.000000,0,0,16,16,40,40,18,0,230.000000,27,0,0,30,8,0,30,10,1,9,0,10,9,9,0,9,0,0,0,0,20,180,11,191,29,162,0,0,0
34,12000063,25,3,311.286776294116,75.000000000000,10.000000000000,2.037264242708,dee968ccdf9a8e69,8d15af1f9d36efa1,9a87bc00c562d5b5,200,80,40.000000,148.212500,243.346360,0.500000,1.200000,189.187900,1.350000,147.862632,2.000000,1.125000,0.000000,0.620853,0.567100,0.384615,0.448276,100,248,248,32.000000,0,0,16,16,59,59,12,0,262.000000,160,0,0,46,72,0,46,13,7,6,0,13,6,6,1,5,0,0,0,0,33,100,20,120,38,82,0,0,0
35,12000064,25,3,210.980164245732,175.000000000000,17.000000000000,1.894911651114,7bf4f279f9a4c4f0,8d15af1f9d36efa1,33ecfb4f8920ba96,200,60,30.000000,189.450000,279.877124,0.300000,0.700000,196.111680,1.722222,200.327629,2.333333,1.664286,0.000000,0.588235,0.500000,0.416667,0.326923,100,288,288,32.000000,0,0,16,16,26,26,16,0,200.000000,140,0,0,13,54,0,13,13,5,8,0,13,8,8,1,7,0,0,0,0,0,140,0,140,7,133,0,0,0
36,12000065,25,3,54.713030969758,75.000000000000,15.000000000000,2.215658141928,a7e2d11efc5953a7,8d15af1f9d36efa1,7d16c3a091fc5f2,200,37,18.500000,270.837838,317.190155,0.300000,1.000000,255.190881,1.000000,301.643503,3.945946,1.000000,0.000000,0.688034,0.616858,0.406504,0.565476,100,280,280,32.000000,0,0,16,16,88,88,14,0,322.000000,146,0,0,79,33,0,79,9,2,7,0,9,7,7,2,5,0,0,0,0,70,140,23,163,75,88,0,0,0
37,12000066,25,3,475.604150594259,75.000000000000,16.000000000000,1.547021346708,62baf75ed33d72f1,8d15af1f9d36efa1,be1c9a6c6b4c4243,200,33,16.500000,303.878788,322.479795,0.300000,1.000000,246.750464,1.600000,335.977052,4.393939,1.910345,0.000000,0.701031,0.629630,0.408163,0.589235,100,224,224,32.000000,0,0,16,16,97,97,14,0,340.000000,145,0,0,90,30,0,90,7,0,7,0,7,7,7,3,4,0,0,0,0,83,140,27,167,87,80,0,0,0
38,12000067,25,3,444.826699921853,75.000000000000,14.000000000000,1.743071737878,74504a6943d6eb7f,8d15af1f9d36efa1,599818786bb76616,200,33,16.500000,280.454545,305.182137,0.200000,0.800000,316.451869,1.750000,312.342747,4.000000,1.750000,0.000000,0.739130,0.651568,0.431034,0.647059,100,224,224,32.000000,0,0,16,16,113,113,16,2,374.000000,132,0,0,104,30,0,104,8,0,8,0,8,8,8,3,5,0,0,0,0,96,160,7,167,101,66,0,0,0
39,12000068,25,3,45.758185546676,425.000000000000,13.000000000000,1.657679839556,318a59cb4f8ee1f4,8d15af1f9d36efa1,9a9c1100c5740f2e,200,40,20.000000,113.575000,250.058816,0.300000,0.400000,92.338234,2.166667,73.654984,1.250000,2.000000,0.000000,0.889381,0.667774,0.666667,0.843750,100,312,312,32.000000,0,0,16,16,128,128,14,0,402.000000,50,0,0,119,36,0,119,9,2,7,0,9,7,7,2,5,0,0,0,0,110,140,20,160,115,45,0,0,0
40,12000069,25,3,306.191016477584,75.000000000000,12.000000000000,2.405324228320,c6414402b882dcff,8d15af1f9d36efa1,9aa64f00c57ccd0d,200,13,6.500000,128.230769,228.703702,0.100000,0.100000,95.814995,1.000000,95.814995,1.000000,1.000000,0.000000,0.944206,0.523810,0.884956,0.871287,100,176,176,32.000000,0,0,16,16,34,34,20,0,220.000000,13,0,0,24,12,0,24,10,0,10,0,10,10,10,1,9,0,0,0,0,14,180,7,187,23,164,0,0,0
41,12000070,25,3,222.413625190634,75.000000000000,11.000000000000,1.889148069300,e0e3f72846fb9b15,8d15af1f9d36efa1,341c884f89491aef,200,40,20.000000,151.500000,295.724707,0.200000,0.500000,185.936475,1.833333,167.346976,2.500000,1.600000,0.000000,0.655172,0.487179,0.500000,0.367089,100,248,248,32.000000,0,0,16,16,22,22,14,0,190.000000,100,0,0,11,36,0,11,11,4,7,0,11,7,7,0,7,0,0,0,0,0,160,0,160,7,153,0,0,0
42,12000071,25,3,225.920555253423,425.000000000000,16.000000000000,1.759463796645,25a86b49c5495509,8d15af1f9d36efa1,ff9deec04053ecb8,200,60,30.000000,212.583333,234.471558,0.300000,1.000000,256.404066,1.783333,256.404066,3.333333,1.700000,0.000000,0.512195,0.512195,0.333333,0.280576,100,272,272,32.000000,0,0,16,16,32,32,14,0,210.000000,200,0,0,20,54,0,20,13,6,7,0,13,7,7,0,7,0,0,0,0,7,140,0,140,14,126,0,0,0
43,12000072,25,3,82.768258211665,425.000000000000,17.000000000000,2.007863839993,dff472b15aa3c08f,8d15af1f9d36efa1,ecde9e0e96d9991d,200,143,71.500000,279.657343,241.917402,0.900000,3.600000,331.732094,1.614815,338.214025,4.139860,1.567568,0.000000,0.316397,0.578059,0.144509,0.193460,100,312,312,32.000000,0,0,16,16,67,67,8,0,274.000000,592,0,0,52,129,0,52,15,11,4,0,15,4,4,3,1,0,0,0,0,37,20,37,57,38,19,0,0,0
44,12000073,25,3,148.729571023117,75.000000000000,18.000000000000,2.516521981737,471e363910932fab,8d15af1f9d36efa1,96b6e287ab46b05e,200,57,28.500000,156.666667,288.318697,0.300000,0.700000,176.067161,2.666667,175.548957,2.315789,2.477273,0.000000,0.637363,0.537037,0.431034,0.431034,100,328,328,32.000000,0,0,16,16,43,43,14,0,232.000000,132,0,0,30,51,0,30,13,6,7,0,13,7,7,0,7,0,0,0,0,17,140,3,143,24,119,0,0,0
45,12000074,25,3,145.131615140666,75.000000000000,15.000000000000,2.311776612831,71a5c4303e5918b0,8d15af1f9d36efa1,f13bb70ad66ef2c8,200,104,52.000000,225.653846,237.996499,0.800000,2.600000,228.888935,1.897917,251.513721,3.490385,1.986226,0.000000,0.468521,0.615385,0.215983,0.341198,100,312,312,32.000000,0,0,16,16,88,88,12,0,320.000000,363,0,0,77,94,0,77,11,5,6,0,11,6,6,5,1,0,0,0,0,66,40,56,96,67,29,0,0,0
46,12000075,25,3,29.353763780206,175.000000000000,21.000000000000,2.373794838656,f4f039c319caff02,8d15af1f9d36efa1,7957524fb07a854a,200,64,32.000000,172.875000,238.294840,0.400000,0.900000,185.561079,1.750000,172.933843,2.140625,1.861314,0.000000,0.668281,0.579832,0.421941,0.512456,100,224,224,32.000000,0,0,16,16,65,65,14,0,276.000000,137,0,0,51,56,0,51,14,7,7,0,14,7,7,1,6,0,0,0,0,37,120,16,136,43,93,0,0,0
47,12000076,25,3,409.155639493410,425.000000000000,10.000000000000,2.610479318292,290e178482aeb5b3,8d15af1f9d36efa1,9aa2dc00c579d3cd,200,54,27.000000,198.870370,242.556417,0.400000,0.900000,171.720301,1.666667,183.902753,2.481481,1.253731,0.000000,0.704846,0.615385,0.427350,0.583851,100,232,232,32.000000,0,0,16,16,85,85,18,0,320.000000,134,0,0,74,48,0,74,11,2,9,0,11,9,9,4,5,0,0,0,0,63,120,26,146,68,78,0,0,0
48,12000077,25,3,14.507530799961,425.000000000000,20.000000000000,1.756851686447,7074973d7a9b9411,8d15af1f9d36efa1,9a87bb00c562d402,200,17,8.500000,87.705882,281.571896,0.100000,0.100000,55.910178,2.000000,55.910178,1.000000,2.000000,0.000000,0.955844,0.647887,0.854701,0.932806,100,280,280,32.000000,0,0,16,16,109,109,18,0,368.000000,17,0,0,98,15,0,98,11,2,9,0,11,9,9,0,9,0,0,0,0,87,180,3,183,96,87,0,0,0
49,12000078,25,3,356.053119589969,325.000000000000,20.000000000000,2.601572962469,293e67af3bb84cf2,8d15af1f9d36efa1,a6f65ea038535fa2,200,20,10.000000,226.100000,313.753269,0.100000,0.300000,270.915073,1.666667,270.915073,3.000000,1.666667,0.000000,0.765625,0.494949,0.625000,0.516129,100,232,232,32.000000,0,0,16,16,23,23,18,2,196.000000,60,0,0,11,18,0,11,11,2,9,0,11,9,9,0,9,0,0,0,0,0,180,0,180,9,171,0,0,0
50,12000079,25,3,99.949673604857,325.000000000000,19.000000000000,2.154287406014,f3e0b610dae5a167,8d15af1f9d36efa1,9a7d6f00c559fe59,200,57,28.500000,94.298246,238.970874,0.300000,0.300000,55.764178,2.333333,54.037741,1.000000,2.245614,0.000000,0.798587,0.530516,0.636943,0.622517,100,320,320,32.000000,0,0,16,16,39,39,16,0,226.000000,57,0,0,26,51,0,26,13,5,8,0,13,8,8,1,7,0,0,0,0,13,140,3,143,20,123,0,0,0
51,12000080,25,3,498.640645949698,75.000000000000,15.000000000000,2.565009979717,c71d40277d6f4b77,8d15af1f9d36efa1,9a843b00c55fc4ab,200,145,72.500000,214.000000,176.260852,0.800000,2.300000,216.542150,1.545833,239.592687,3.158621,1.814410,0.000000,0.371742,0.575372,0.179211,0.234114,100,320,320,31.000000,0,0,16,15,64,64,12,0,271.000000,458,0,0,47,130,0,47,17,11,6,0,17,6,6,4,2,0,0,0,0,30,40,15,55,32,23,0,0,0
52,12000081,25,3,286.469004336148,325.000000000000,11.000000000000,2.208334457724,efea5959fc39251,8d15af1f9d36efa1,1ae9c5dca3686554,200,40,20.000000,271.825000,294.867229,0.200000,1.000000,336.015078,1.125000,336.015078,5.000000,1.100000,0.000000,0.494949,0.494949,0.333333,0.242424,100,216,216,32.000000,0,0,16,16,24,24,16,0,196.000000,200,0,0,12,36,0,12,12,4,8,0,12,8,8,0,8,0,0,0,0,0,160,0,160,8,152,0,0,0
53,12000082,25,3,95.902944709842,75.000000000000,13.000000000000,2.949337080604,73733b1147f94a83,8d15af1f9d36efa1,b7743aa9c27f8ce3,200,16,8.000000,259.562500,221.627949,0.100000,0.400000,290.217467,1.500000,290.217467,4.000000,1.500000,0.000000,0.783784,0.537037,0.609756,0.609756,100,200,200,32.000000,0,0,16,16,41,41,18,0,232.000000,64,0,0,30,14,0,30,11,2,9,0,11,9,9,0,9,0,0,0,0,19,180,4,184,28,156,0,0,0
54,12000083,25,3,150.676469341062,325.000000000000,16.000000000000,2.166749860310,8bb3e5daeedbb23a,8d15af1f9d36efa1,9a91c900c56b4051,200,40,20.000000,86.725000,249.145600,0.200000,0.200000,59.623555,2.000000,59.623555,1.000000,2.000000,0.000000,0.831933,0.497487,0.714286,0.622642,100,224,224,32.000000,0,0,16,16,25,25,16,2,198.000000,40,0,0,12,36,0,12,12,4,8,0,12,8,8,0,8,0,0,0,0,0,160,0,160,8,152,0,0,0
55,12000084,25,3,23.891500241824,175.000000000000,18.000000000000,1.570989198503,c5327772e6035b2b,8d15af1f9d36efa1,ba2a350f6759d3fb,200,88,44.000000,199.147727,266.371354,0.500000,1.700000,261.498243,1.586667,230.870960,3.318182,1.664384,0.000000,0.459259,0.553571,0.255102,0.284314,100,264,264,32.000000,0,0,16,16,53,53,10,0,248.000000,292,0,0,39,79,0,39,14,9,5,0,14,5,5,0,5,0,0,0,0,25,100,12,112,30,82,0,0,0
56,12000085,25,3,457.418751865171,75.000000000000,13.000000000000,2.549492451446,142a3c21b2dbb64,8d15af1f9d36efa1,0,200,0,0.000000,NA,263.177435,0.100000,0.300000,199.352260,2.333333,NA,NA,NA,NA,1.000000,0.613900,1.000000,1.000000,100,256,256,32.000000,0,0,16,16,84,84,18,0,318.000000,0,0,0,75,0,0,75,9,0,9,0,9,9,9,0,9,0,0,0,0,66,180,20,200,75,125,0,0,0
57,12000086,25,3,48.341870957304,75.000000000000,12.000000000000,2.458252955106,4109850a2ce03216,8d15af1f9d36efa1,a0b5fe4f35c173ea,200,19,9.500000,118.000000,256.587046,0.200000,0.300000,103.336475,2.750000,88.422729,1.368421,2.730769,0.000000,0.931937,0.640288,0.793651,0.896000,100,360,360,32.000000,0,0,16,16,104,104,16,0,356.000000,26,0,0,94,17,0,94,10,2,8,0,10,8,8,0,8,0,0,0,0,84,160,21,181,92,89,0,0,0
58,12000087,25,3,230.062893822530,325.000000000000,16.000000000000,1.616462877569,5004b4babf49da89,8d15af1f9d36efa1,c2c687ecf1ac0c26,200,60,30.000000,137.716667,257.621336,0.300000,0.700000,148.622366,1.333333,148.622366,2.333333,1.428571,0.000000,0.590643,0.502488,0.416667,0.333333,100,240,240,32.000000,0,0,16,16,28,28,14,0,202.000000,140,0,0,15,54,0,15,13,6,7,0,13,7,7,0,7,0,0,0,0,2,140,0,140,9,131,0,0,0
59,12000088,25,3,22.912838533703,75.000000000000,11.000000000000,2.812759777472,1a346541c85cc3a8,8d15af1f9d36efa1,9a954600c56e4a8f,200,53,26.500000,286.433962,271.415593,0.300000,1.400000,370.596095,1.400000,368.413652,4.622642,1.134694,0.000000,0.488518,0.539171,0.289855,0.293948,100,184,184,32.000000,0,0,16,16,44,44,14,0,234.000000,245,0,0,32,48,0,32,12,5,7,0,12,7,7,0,7,0,0,0,0,20,140,7,147,27,120,0,0,0
60,12000089,25,3,426.099719353614,325.000000000000,20.000000000000,2.155872757762,40583c4118ffa549,8d15af1f9d36efa1,9c61f0017a67706a,200,107,53.500000,225.401869,215.579276,0.600000,2.500000,313.901912,1.387302,274.075074,3.822430,1.310513,0.000000,0.377473,0.553571,0.196464,0.220952,100,200,200,32.000000,0,0,16,16,52,52,12,0,248.000000,409,0,0,37,96,0,37,15,9,6,0,15,6,6,2,4,0,0,0,0,22,80,13,93,26,67,0,0,0
61,12000090,25,3,448.890433122549,175.000000000000,19.000000000000,2.671691038719,63c0de2d87a3b1cf,8d15af1f9d36efa1,0,200,0,0.000000,NA,315.606781,0.000000,0.000000,nan,nan,NA,NA,NA,NA,1.000000,0.528302,1.000000,1.000000,100,152,152,32.000000,0,0,16,16,36,36,20,0,224.000000,0,0,0,26,0,0,26,10,0,10,0,10,10,10,0,10,0,0,0,0,16,200,0,200,26,174,0,0,0
62,12000091,25,3,16.113870838847,325.000000000000,21.000000000000,2.815222770674,233671cfcbd00192,8d15af1f9d36efa1,13f042dca96999b,200,78,39.000000,198.500000,234.526058,0.400000,1.200000,222.195095,2.062500,219.767936,2.987179,1.763948,0.000000,0.485651,0.523810,0.300300,0.274143,100,312,312,32.000000,0,0,16,16,37,37,14,0,220.000000,233,0,0,23,70,0,23,14,7,7,0,14,7,7,1,6,0,0,0,0,9,120,2,122,15,107,0,0,0
63,12000092,25,3,355.344902705218,425.000000000000,17.000000000000,2.140028110810,aa74aab89497518f,8d15af1f9d36efa1,ff9708fc30f8b912,200,80,40.000000,134.162500,273.676264,0.400000,0.700000,141.133116,1.958333,141.133116,1.750000,2.142857,0.000000,0.615385,0.528302,0.416667,0.396552,100,272,272,32.000000,0,0,16,16,40,40,12,0,224.000000,140,0,0,26,72,0,26,14,8,6,0,14,6,6,0,6,0,0,0,0,12,120,0,120,18,102,0,0,0
64,12000093,25,3,403.142629495158,175.000000000000,20.000000000000,2.106592577375,59f116b11329984a,8d15af1f9d36efa1,88ff64f708d2a69,200,80,40.000000,159.350000,249.741865,0.400000,1.100000,181.533414,1.583333,181.533414,2.750000,1.454545,0.000000,0.488372,0.512195,0.312500,0.261745,100,272,272,32.000000,0,0,16,16,33,33,12,0,210.000000,220,0,0,19,72,0,19,14,8,6,0,14,6,6,0,6,0,0,0,0,5,120,0,120,11,109,0,0,0
65,12000094,25,3,125.826134865979,325.000000000000,21.000000000000,1.586544123196,57d2031fde99a7d8,8d15af1f9d36efa1,9aa2d200c579c2cf,200,20,10.000000,137.050000,281.166479,0.100000,0.100000,97.766278,1.000000,97.766278,1.000000,1.000000,0.000000,0.905660,0.489796,0.833333,0.750000,100,208,208,32.000000,0,0,16,16,20,20,20,0,192.000000,20,0,0,10,18,0,10,10,0,10,0,10,10,10,2,8,0,0,0,0,0,180,0,180,8,172,0,0,0
66,12000095,25,3,184.019151556357,425.000000000000,9.000000000000,1.540824757187,c2c38dd2b254de96,8d15af1f9d36efa1,9aa2c600c579ae6b,200,27,13.500000,100.148148,240.407336,0.300000,0.300000,56.336268,1.333333,48.129917,1.000000,1.740741,0.000000,0.915888,0.595142,0.787402,0.857143,100,240,240,32.000000,0,0,16,16,74,74,14,0,294.000000,27,0,0,65,24,0,65,9,2,7,0,9,7,7,1,6,0,0,0,0,56,140,33,173,62,111,0,0,0
67,12000096,25,3,69.122305502050,75.000000000000,13.000000000000,1.533890285596,70bf5f4eeb66939e,8d15af1f9d36efa1,ee59b54f61a407b1,200,26,13.000000,134.576923,255.723508,0.200000,0.200000,21.799212,2.000000,147.220465,2.000000,2.500000,0.000000,0.838509,0.574468,0.657895,0.726316,100,200,200,32.000000,0,0,16,16,62,62,14,0,270.000000,52,0,0,53,24,0,53,9,2,7,0,9,7,7,0,7,0,0,0,0,44,160,14,174,51,123,0,0,0
68,12000097,25,3,83.724838775157,425.000000000000,17.000000000000,1.675213566165,86f0e69a9fb7c53d,8d15af1f9d36efa1,a0a84e4f35b5be7e,200,32,16.000000,136.781250,243.284709,0.200000,0.300000,106.301790,2.500000,104.430730,1.468750,2.361702,0.000000,0.861357,0.593496,0.680272,0.772947,100,320,320,32.000000,0,0,16,16,74,74,12,0,292.000000,47,0,0,66,28,0,64,10,4,6,0,10,6,6,0,6,0,0,0,0,56,160,8,168,62,106,0,0,0
69,12000098,25,3,463.388580083042,325.000000000000,21.000000000000,2.231652255020,f7038dcff790b753,8d15af1f9d36efa1,5696484f9cc38fec,200,60,30.000000,152.850000,222.498752,0.300000,0.500000,114.631590,1.500000,142.264263,1.883333,1.646018,0.000000,0.638978,0.500000,0.469484,0.375691,100,216,216,32.000000,0,0,16,16,26,26,16,0,200.000000,113,0,0,13,54,0,13,13,5,8,0,13,8,8,1,7,0,0,0,0,0,140,0,140,7,133,0,0,0
70,12000099,25,3,461.501541586009,325.000000000000,17.000000000000,2.615273624960,88f721e8c238b1fe,8d15af1f9d36efa1,3c66e04f8de0499d,200,52,26.000000,252.653846,268.674060,0.300000,1.000000,283.702921,1.761905,300.550290,3.615385,1.276596,0.000000,0.575621,0.560440,0.347222,0.397436,100,192,192,31.000000,0,0,16,15,53,53,18,0,255.000000,188,0,0,40,46,0,40,13,4,9,0,13,9,9,2,7,0,0,0,0,27,140,8,148,34,114,0,0,0
71,12000100,25,3,251.954569816806,425.000000000000,8.000000000000,1.903314833330,b99884b22b03998a,8d15af1f9d36efa1,4496743f09ca0335,200,20,10.000000,194.550000,329.761982,0.100000,0.300000,235.392248,1.000000,235.392248,3.000000,1.000000,0.000000,0.858491,0.645390,0.625000,0.794521,100,224,224,32.000000,0,0,16,16,112,112,8,0,364.000000,60,0,0,106,18,0,106,6,2,4,0,6,4,4,0,4,0,0,0,0,100,180,0,180,104,76,0,0,0
72,12000101,25,3,42.038097438882,75.000000000000,15.000000000000,1.813177494209,b4b19263e11e51de,8d15af1f9d36efa1,9abab700c58e26cf,200,77,38.500000,118.155844,192.555428,0.500000,0.600000,99.255496,1.900000,99.652520,1.207792,1.881720,0.000000,0.768080,0.606299,0.518135,0.654275,100,296,296,32.000000,0,0,16,16,82,82,12,0,308.000000,93,0,0,69,69,0,69,13,7,6,0,13,6,6,1,5,0,0,0,0,56,100,23,123,61,62,0,0,0
73,12000102,25,3,461.473282592441,425.000000000000,18.000000000000,1.783133119382,d188beffe4b83daa,8d15af1f9d36efa1,a0c3e2ec040bf320,200,105,52.500000,195.361905,217.980555,0.600000,1.600000,184.543471,2.019444,202.895362,2.828571,2.090909,0.000000,0.459016,0.557522,0.251889,0.287770,100,360,360,32.000000,0,0,16,16,51,51,18,0,252.000000,297,0,0,37,95,0,37,14,5,9,0,14,9,9,5,4,0,0,0,0,23,80,15,95,27,68,0,0,0
74,12000103,25,3,101.355693210883,425.000000000000,16.000000000000,1.542146892362,c8961b6a99ef3305,8d15af1f9d36efa1,9aa63d00c57cae77,200,59,29.500000,154.288136,286.262684,0.400000,0.900000,149.741127,1.375000,145.404663,2.355932,1.431655,0.000000,0.690423,0.607843,0.418410,0.561514,100,288,288,32.000000,0,0,16,16,82,82,14,0,310.000000,139,0,0,70,53,0,70,12,5,7,0,12,7,7,1,6,0,0,0,0,58,120,21,141,64,77,0,0,0
75,12000104,25,3,184.179265581968,325.000000000000,14.000000000000,1.937870909267,db7682b6190efde5,8d15af1f9d36efa1,9a80d800c55ce69b,200,39,19.500000,150.897436,325.174554,0.200000,0.400000,144.282877,1.333333,146.501193,2.025641,1.506329,0.000000,0.714801,0.497487,0.558659,0.455172,100,184,184,32.000000,0,0,16,16,25,25,16,0,198.000000,79,0,0,13,35,0,13,12,4,8,0,12,8,8,0,8,0,0,0,0,1,160,1,161,9,152,0,0,0
76,12000105,25,3,446.606760693237,325.000000000000,21.000000000000,1.622363654089,60861dbf74e34094,8d15af1f9d36efa1,ee74ee4f61bb3044,200,60,30.000000,299.133333,306.063060,0.300000,1.300000,376.118673,1.392857,376.118673,4.333333,1.384615,0.000000,0.458333,0.523810,0.277778,0.252874,100,224,224,32.000000,0,0,16,16,36,36,16,0,220.000000,260,0,0,23,54,0,23,13,5,8,0,13,8,8,1,7,0,0,0,0,10,140,0,140,17,123,0,0,0
77,12000106,25,3,185.965728675284,325.000000000000,15.000000000000,2.223705010537,bd0049c0b4f81c16,8d15af1f9d36efa1,0,200,0,0.000000,NA,305.231711,0.000000,0.000000,nan,nan,NA,NA,NA,NA,1.000000,0.489796,1.000000,1.000000,100,240,240,32.000000,0,0,16,16,20,20,20,0,192.000000,0,0,0,10,0,0,10,10,0,10,0,10,10,10,0,10,0,0,0,0,0,200,0,200,10,190,0,0,0
78,12000107,25,3,384.945473592343,325.000000000000,19.000000000000,2.286768610807,549a9723200e2dcd,8d15af1f9d36efa1,9a734f00c5517374,200,197,98.500000,328.040609,285.953060,1.000000,5.600000,439.505179,1.851825,420.619370,5.659898,1.717489,0.000000,0.167289,0.528302,0.082305,0.076222,100,328,328,32.000000,0,0,16,16,45,45,2,4,224.000000,1115,0,0,23,177,0,23,20,19,1,0,20,1,1,1,0,0,0,0,0,3,0,3,3,3,0,0,0,0
79,12000108,25,3,260.860168064849,175.000000000000,18.000000000000,1.758481715213,bb9040a971efc590,8d15af1f9d36efa1,9a8e8500c56896ee,200,96,48.000000,106.468750,209.949132,0.500000,0.600000,81.968882,1.600000,83.225466,1.208333,1.672414,0.000000,0.657817,0.527187,0.462963,0.442308,100,224,224,31.000000,0,0,16,15,39,39,14,0,223.000000,116,0,0,24,86,0,24,15,8,7,0,15,7,7,2,5,0,0,0,0,9,100,4,104,14,90,0,0,0
80,12000109,25,3,452.632543593986,425.000000000000,16.000000000000,2.443077944115,97c69cd776749d9,8d15af1f9d36efa1,0,200,0,0.000000,NA,350.562400,0.000000,0.000000,nan,nan,NA,NA,NA,NA,1.000000,0.607843,1.000000,1.000000,100,240,240,32.000000,0,0,16,16,80,80,18,10,310.000000,0,0,0,66,0,0,66,9,0,9,0,9,9,9,0,9,0,0,0,0,57,200,0,200,66,134,0,0,0
81,12000110,25,3,32.935073850471,75.000000000000,12.000000000000,2.831682221421,f866b2bbf5fae501,8d15af1f9d36efa1,9a6c7000c54b8cd9,200,54,27.000000,184.666667,235.737860,0.500000,1.200000,184.038282,2.200000,173.036594,2.611111,1.822695,0.000000,0.721893,0.646643,0.414938,0.624000,100,256,256,32.000000,0,0,16,16,112,112,10,0,366.000000,141,0,0,101,47,0,101,11,6,5,0,11,5,5,1,4,0,0,0,0,90,100,46,146,94,52,0,0,0
82,12000111,25,3,398.275692001733,75.000000000000,13.000000000000,1.930851567589,5a12b564ad5da928,8d15af1f9d36efa1,b219e94f3f9fd1c2,200,20,10.000000,127.250000,251.194609,0.100000,0.200000,134.807777,1.000000,134.807777,2.000000,1.000000,0.000000,0.870130,0.572650,0.714286,0.772727,100,208,208,32.000000,0,0,16,16,60,60,16,0,268.000000,40,0,0,50,18,0,50,10,2,8,0,10,8,8,0,8,0,0,0,0,40,180,0,180,48,132,0,0,0
83,12000112,25,3,23.697342777660,325.000000000000,19.000000000000,2.893898395007,97da2676befdf921,8d15af1f9d36efa1,4dd5054f97c75e88,200,77,38.500000,131.701299,257.287791,0.400000,0.600000,129.938433,2.000000,130.251368,1.506494,1.991379,0.000000,0.677778,0.549550,0.462963,0.491228,100,248,248,32.000000,0,0,16,16,49,49,14,0,244.000000,116,0,0,35,69,0,35,14,7,7,0,14,7,7,1,6,0,0,0,0,21,120,3,123,27,96,0,0,0
84,12000113,25,3,190.699223937451,425.000000000000,11.000000000000,1.578136814004,2b17d30f5b4c955f,8d15af1f9d36efa1,9a98a600c5712386,200,66,33.000000,151.818182,232.091553,0.400000,0.800000,139.718529,1.562500,143.894784,2.106061,1.474820,0.000000,0.653367,0.567100,0.418410,0.483271,100,200,200,32.000000,0,0,16,16,56,56,18,0,262.000000,139,0,0,44,60,0,44,12,3,9,0,12,9,9,3,6,0,0,0,0,32,120,14,134,38,96,0,0,0
85,12000114,25,3,280.323690788724,175.000000000000,16.000000000000,1.705571066315,ffcefdf85572677f,8d15af1f9d36efa1,9a91d200c56b4f9c,200,20,10.000000,86.350000,330.887159,0.100000,0.100000,54.204841,3.000000,54.204841,1.000000,3.000000,0.000000,0.907407,0.494949,0.833333,0.761905,100,304,304,32.000000,0,0,16,16,23,23,18,0,196.000000,20,0,0,12,18,0,12,11,2,9,0,11,9,9,0,9,0,0,0,0,1,180,0,180,10,170,0,0,0
86,12000115,25,3,376.920409051952,325.000000000000,23.000000000000,1.696665055623,6f3d075e1df737fd,8d15af1f9d36efa1,ef92fa2655f0b79f,200,40,20.000000,211.525000,296.407533,0.200000,0.600000,219.727452,2.333333,222.099849,3.000000,2.500000,0.000000,0.622642,0.497487,0.454545,0.354839,100,280,280,32.000000,0,0,16,16,25,25,16,2,198.000000,120,0,0,12,36,0,12,12,4,8,0,12,8,8,0,8,0,0,0,0,0,160,0,160,8,152,0,0,0
87,12000116,25,3,13.959950375433,425.000000000000,13.000000000000,1.874780709550,aba4c47ba51379d2,8d15af1f9d36efa1,0,200,0,0.000000,NA,323.943392,0.000000,0.000000,nan,nan,NA,NA,NA,NA,1.000000,0.650350,1.000000,1.000000,100,224,224,32.000000,0,0,16,16,112,112,16,0,372.000000,0,0,0,107,0,0,105,8,0,8,0,8,8,8,0,8,0,0,0,0,99,200,0,200,107,93,0,0,0
88,12000117,25,3,110.807516856547,175.000000000000,19.000000000000,2.318929169021,64f66314a92d3b17,8d15af1f9d36efa1,b208e04f3f914f44,200,60,30.000000,209.633333,266.790911,0.300000,0.900000,236.088311,1.861111,236.088311,3.000000,1.888889,0.000000,0.528796,0.502488,0.357143,0.280000,100,224,224,32.000000,0,0,16,16,26,26,18,0,202.000000,180,0,0,13,54,0,13,13,4,9,0,13,9,9,2,7,0,0,0,0,0,140,0,140,7,133,0,0,0
89,12000118,25,3,24.804786351173,75.000000000000,13.000000000000,2.774052867694,1cb0557c323bb0c0,8d15af1f9d36efa1,9aa9ad00c57fa29e,200,37,18.500000,233.135135,241.748510,0.200000,0.600000,215.314911,1.300000,224.880921,3.162162,1.512821,0.000000,0.715328,0.595142,0.460829,0.580645,100,176,176,32.000000,0,0,16,16,75,75,12,12,294.000000,117,0,0,60,33,0,60,9,3,6,0,9,6,6,1,5,0,0,0,0,51,160,3,163,56,107,0,0,0
90,12000119,25,3,311.443468328295,425.000000000000,12.000000000000,1.843379305485,72adc8f9646ba916,8d15af1f9d36efa1,97c1b64f3099e06e,200,20,10.000000,120.400000,249.254821,0.100000,0.200000,160.055588,3.000000,144.586676,2.000000,2.500000,0.000000,0.828326,0.491094,0.714286,0.607843,100,280,280,31.000000,0,0,16,15,22,22,18,0,193.000000,40,0,0,11,18,0,11,11,2,9,0,11,9,9,0,9,0,0,0,0,0,180,0,180,9,171,0,0,0
91,12000120,25,3,60.839107456446,425.000000000000,17.000000000000,1.931253884263,4e9cad385012d6dc,8d15af1f9d36efa1,19f0734f7a689780,200,40,20.000000,136.700000,252.591596,0.200000,0.300000,108.642003,2.750000,109.169791,1.675000,2.298507,0.000000,0.809117,0.586777,0.598802,0.694064,100,240,240,32.000000,0,0,16,16,68,68,16,0,284.000000,67,0,0,57,36,0,57,11,3,8,0,11,8,8,1,7,0,0,0,0,46,160,0,160,53,107,0,0,0
92,12000121,25,3,286.767964478200,425.000000000000,12.000000000000,1.756451266300,74d8cf032167a1cd,8d15af1f9d36efa1,9a690a00c548a9b0,200,50,25.000000,118.000000,238.985910,0.300000,0.400000,107.034458,1.666667,109.914075,1.400000,1.428571,0.000000,0.779874,0.553571,0.588235,0.623656,100,264,264,32.000000,0,0,16,16,52,52,12,0,248.000000,70,0,0,41,45,0,41,11,5,6,0,11,6,6,0,6,0,0,0,0,30,140,10,150,36,114,0,0,0
93,12000122,25,3,353.666032961716,75.000000000000,9.000000000000,2.443909453423,da78e54dc5866577,8d15af1f9d36efa1,6cc85a5b86281110,200,59,29.500000,190.762712,275.621478,0.400000,1.300000,232.790241,1.937500,212.982482,3.135593,1.686486,0.000000,0.564706,0.545455,0.350877,0.368601,100,272,272,32.000000,0,0,16,16,46,46,16,0,240.000000,185,0,0,34,53,0,34,12,4,8,0,12,8,8,2,6,0,0,0,0,22,120,21,141,28,113,0,0,0
94,12000123,25,3,2.350038076787,425.000000000000,14.000000000000,2.963697808921,9066aac2d98dc666,8d15af1f9d36efa1,9a87bb00c562d402,200,20,10.000000,88.450000,253.622654,0.100000,0.100000,59.482795,1.000000,59.482795,1.000000,1.000000,0.000000,0.920949,0.538106,0.833333,0.836066,100,240,240,31.000000,0,0,16,15,42,42,18,0,233.000000,20,0,0,31,18,0,31,11,2,9,0,11,9,9,0,9,0,0,0,0,20,180,0,180,29,151,0,0,0
95,12000124,25,3,251.731085524085,425.000000000000,8.000000000000,1.977876964974,53bc4b1abe076ca6,8d15af1f9d36efa1,d2db3f0d30d7d614,200,39,19.500000,200.205128,305.678016,0.400000,0.800000,161.427892,2.000000,216.961236,2.666667,2.000000,0.000000,0.720430,0.572650,0.490196,0.566667,100,296,296,32.000000,0,0,16,16,60,60,16,2,268.000000,104,0,0,63,36,0,50,9,1,8,0,9,8,8,2,6,0,0,0,0,54,120,41,161,60,101,0,0,0
96,12000125,25,3,429.430736922448,425.000000000000,17.000000000000,2.360239608001,a09710af3a05dc13,8d15af1f9d36efa1,fb5ff636e4c3f8af,200,85,42.500000,189.105882,220.168583,0.700000,2.000000,219.812848,2.180952,207.662575,2.717647,2.116883,0.000000,0.577697,0.612403,0.302115,0.443373,100,344,344,32.000000,0,0,16,16,87,87,10,0,316.000000,231,0,0,75,76,0,75,12,7,5,0,12,5,5,2,3,0,0,0,0,63,60,55,115,66,49,0,0,0
97,12000126,25,3,77.908882842601,175.000000000000,17.000000000000,2.941887467785,90576eb662562e3,8d15af1f9d36efa1,340ee84f893d80b3,200,20,10.000000,153.200000,266.012850,0.100000,0.200000,162.884645,1.000000,162.884645,2.000000,1.000000,0.000000,0.829060,0.492386,0.714286,0.607843,100,200,200,32.000000,0,0,16,16,22,22,18,0,194.000000,40,0,0,11,18,0,11,11,2,9,0,11,9,9,0,9,0,0,0,0,0,180,0,180,9,171,0,0,0
98,12000127,25,3,239.964448037441,75.000000000000,10.000000000000,1.670209961009,9de6e2aa94b2fc56,8d15af1f9d36efa1,5ce97a06dec2e14,200,105,52.500000,300.542857,214.451530,0.700000,3.300000,380.415296,1.498866,381.727401,4.752381,1.382766,0.000000,0.337317,0.559471,0.166945,0.196457,100,224,224,32.000000,0,0,16,16,56,56,10,0,254.000000,499,0,0,47,96,0,47,12,7,5,0,12,5,5,2,3,0,0,0,0,35,60,35,95,38,57,0,0,0
99,12000128,25,3,169.009625463141,325.000000000000,13.000000000000,2.604892549815,4fc4f3d319627191,8d15af1f9d36efa1,e5ba734f5cc4be66,200,60,30.000000,196.683333,254.880245,0.300000,0.800000,220.915849,1.416667,220.915849,2.666667,1.500000,0.000000,0.555556,0.500000,0.384615,0.298246,100,272,272,32.000000,0,0,16,16,27,27,14,2,200.000000,160,0,0,13,54,0,13,13,6,7,0,13,7,7,0,7,0,0,0,0,0,140,0,140,7,133,0,0,0
100,12000129,25,3,341.576914013698,325.000000000000,4.000000000000,2.831045586647,5ae380117099550e,8d15af1f9d36efa1,9a98b200c57137ea,200,54,27.000000,191.981481,237.338071,0.400000,1.100000,221.113723,1.541667,216.218989,2.685185,1.627586,0.000000,0.625323,0.547511,0.408163,0.431373,100,272,272,32.000000,0,0,16,16,48,48,14,0,242.000000,145,0,0,37,49,0,37,11,4,7,0,11,7,7,1,6,0,0,0,0,26,120,26,146,32,114,0,0,0
101,12000130,25,3,492.306709686413,425.000000000000,18.000000000000,2.322593899946,264f0a7881f9118,8d15af1f9d36efa1,9a76b200c5545184,200,63,31.500000,279.412698,223.020089,0.600000,2.200000,280.454218,1.986111,322.294053,4.031746,1.748031,0.000000,0.549645,0.607843,0.282486,0.412037,100,296,296,32.000000,0,0,16,16,82,82,14,0,310.000000,254,0,0,71,56,0,71,11,4,7,0,11,7,7,3,4,0,0,0,0,60,80,57,137,64,73,0,0,0
102,12000131,25,3,493.948190254232,425.000000000000,12.000000000000,2.376002433826,826cb20888cdb7d7,8d15af1f9d36efa1,9aa63000c57c9860,200,29,14.500000,117.310345,278.577439,0.300000,0.300000,67.039360,2.000000,58.292547,1.000000,1.448276,0.000000,0.921196,0.628942,0.775194,0.877637,100,272,272,31.000000,0,0,16,15,97,97,14,0,339.000000,29,0,0,89,26,0,89,8,1,7,0,8,7,7,2,5,0,0,0,0,81,140,31,171,86,85,0,0,0
103,12000132,25,3,223.102069335125,325.000000000000,18.000000000000,1.683919890341,d8bd966627d22ff6,8d15af1f9d36efa1,adfe034b37d52cd1,200,98,49.000000,212.622449,300.205592,0.500000,1.600000,247.374618,1.393333,246.045497,3.183673,1.500000,0.000000,0.400000,0.509804,0.242718,0.195876,100,312,312,32.000000,0,0,16,16,32,32,12,0,208.000000,312,0,0,17,88,0,17,15,9,6,0,15,6,6,1,5,0,0,0,0,2,100,2,102,7,95,0,0,0
104,12000133,25,3,417.885730006262,175.000000000000,21.000000000000,2.077639308782,e723d73cfbde99b3,8d15af1f9d36efa1,3c8c2a4f8dffe398,200,30,15.000000,169.766667,266.816186,0.200000,0.500000,186.415051,2.000000,175.351487,2.433333,1.821918,0.000000,0.778116,0.561404,0.578035,0.629442,100,208,208,32.000000,0,0,16,16,53,53,18,0,256.000000,73,0,0,42,27,0,42,11,2,9,0,11,9,9,1,8,0,0,0,0,31,160,10,170,39,131,0,0,0
105,12000134,25,3,52.711850768437,425.000000000000,17.000000000000,2.988152646306,1a9ea5973379e806,8d15af1f9d36efa1,0,200,0,0.000000,NA,309.987899,0.000000,0.000000,nan,nan,NA,NA,NA,NA,1.000000,0.565217,1.000000,1.000000,100,232,232,32.000000,0,0,16,16,57,57,14,0,260.000000,0,0,0,50,0,0,50,7,0,7,0,7,7,7,0,7,0,0,0,0,43,200,0,200,50,150,0,0,0
106,12000135,25,3,8.725084587243,175.000000000000,13.000000000000,2.986351449202,777a0c034f6e91ef,8d15af1f9d36efa1,0,200,0,0.000000,NA,377.941315,0.000000,0.000000,nan,nan,NA,NA,NA,NA,1.000000,0.572650,1.000000,1.000000,100,240,240,32.000000,0,0,16,16,58,58,20,12,268.000000,0,0,0,42,0,0,42,10,0,10,0,10,10,10,0,10,0,0,0,0,32,200,0,200,42,158,0,0,0
107,12000136,25,3,492.613463329249,425.000000000000,18.000000000000,2.389896346362,f409d20b3b19424a,8d15af1f9d36efa1,fb3779042a27d958,200,27,13.500000,156.666667,269.260929,0.200000,0.400000,111.140723,1.333333,113.608713,2.037037,1.763636,0.000000,0.842407,0.595142,0.645161,0.746544,100,240,240,32.000000,0,0,16,16,71,71,20,0,294.000000,55,0,0,60,24,0,60,11,1,10,0,11,10,10,2,8,0,0,0,0,49,160,13,173,57,116,0,0,0
108,12000137,25,3,415.958780020037,325.000000000000,19.000000000000,1.883398559008,8f659b63cb127df0,8d15af1f9d36efa1,f754d54f66d175e3,200,32,16.000000,127.062500,282.595448,0.200000,0.300000,116.127424,1.500000,123.286595,1.625000,1.769231,0.000000,0.830065,0.559471,0.657895,0.701149,100,256,256,32.000000,0,0,16,16,53,53,16,0,254.000000,52,0,0,42,29,0,42,11,3,8,0,11,8,8,0,8,0,0,0,0,31,160,8,168,39,129,0,0,0
109,12000138,25,3,498.692987393426,175.000000000000,23.000000000000,2.356141905981,832022fd87f4758f,8d15af1f9d36efa1,1768daa077f8b0e4,200,40,20.000000,206.600000,230.369747,0.400000,1.000000,192.495854,1.666667,231.141421,3.000000,1.775000,0.000000,0.729730,0.618321,0.454545,0.615385,100,256,256,32.000000,0,0,16,16,89,89,14,0,324.000000,120,0,0,79,36,0,79,10,3,7,0,10,7,7,1,6,0,0,0,0,69,120,40,160,75,85,0,0,0
110,12000139,25,3,432.018709855552,325.000000000000,20.000000000000,2.669800370124,51366d66ea528dff,8d15af1f9d36efa1,8bf7c4f70b57edd,200,87,43.500000,99.919540,192.521361,0.500000,0.600000,80.586561,1.700000,76.088747,1.160920,1.732673,0.000000,0.698507,0.539171,0.497512,0.502463,100,296,296,32.000000,0,0,16,16,43,43,16,6,234.000000,101,0,0,27,78,0,27,14,6,8,0,14,8,8,3,5,0,0,0,0,13,100,13,113,18,95,0,0,0
111,12000140,25,3,486.468782662643,325.000000000000,19.000000000000,1.898908055173,21f927d217df04a3,8d15af1f9d36efa1,7924764fb04f68dd,200,40,20.000000,175.200000,318.388597,0.200000,0.500000,171.891211,1.750000,171.891211,2.500000,1.800000,0.000000,0.726776,0.570815,0.500000,0.572650,100,320,320,32.000000,0,0,16,16,60,60,14,0,266.000000,100,0,0,49,36,0,49,11,4,7,0,11,7,7,0,7,0,0,0,0,38,160,0,160,45,115,0,0,0
112,12000141,25,3,65.215540605570,325.000000000000,20.000000000000,2.025224663795,f0610e98e8118b56,8d15af1f9d36efa1,ba89a64f4456c84c,200,92,46.000000,124.206522,209.182183,0.500000,0.800000,107.716176,1.900000,105.290166,1.565217,1.868056,0.000000,0.612903,0.532710,0.409836,0.400000,100,248,248,32.000000,0,0,16,16,41,41,14,0,228.000000,144,0,0,26,82,0,26,15,8,7,0,15,7,7,2,5,0,0,0,0,11,100,8,108,16,92,0,0,0
113,12000142,25,3,29.898812945875,425.000000000000,11.000000000000,2.999892912200,c6d62b31f3e36ac,8d15af1f9d36efa1,0,200,0,0.000000,NA,321.272733,0.000000,0.000000,nan,nan,NA,NA,NA,NA,1.000000,0.636364,1.000000,1.000000,100,168,168,32.000000,0,0,16,16,100,100,18,0,350.000000,0,0,0,92,0,0,92,9,0,9,0,9,9,9,0,9,0,0,0,0,83,200,0,200,92,108,0,0,0
114,12000143,25,3,446.368392804644,175.000000000000,17.000000000000,2.439796516071,e29b5274ed9509f9,8d15af1f9d36efa1,9a6c7200c54b903f,200,20,10.000000,103.400000,287.622016,0.100000,0.100000,95.613550,4.000000,95.613550,1.000000,4.000000,0.000000,0.908257,0.497487,0.833333,0.767442,100,224,224,32.000000,0,0,16,16,24,24,18,0,198.000000,20,0,0,13,18,0,13,11,2,9,0,11,9,9,0,9,0,0,0,0,2,180,0,180,11,169,0,0,0
115,12000144,25,3,201.947626107509,425.000000000000,9.000000000000,2.406337970024,36d89963f75f7d23,8d15af1f9d36efa1,9a8b1600c565a47a,200,26,13.000000,87.153846,247.781420,0.200000,0.200000,56.632213,2.000000,56.632213,1.000000,2.000000,0.000000,0.917722,0.591837,0.793651,0.858696,100,208,208,32.000000,0,0,16,16,71,71,16,8,290.000000,26,0,0,58,24,0,58,9,1,8,0,9,8,8,1,7,0,0,0,0,49,160,14,174,56,118,0,0,0
116,12000145,25,3,403.979918277456,75.000000000000,12.000000000000,2.850856708584,b12f98857abca854,8d15af1f9d36efa1,0,200,0,0.000000,NA,276.290649,0.000000,0.000000,nan,nan,NA,NA,NA,NA,1.000000,0.601594,1.000000,1.000000,100,224,224,32.000000,0,0,16,16,76,76,18,0,302.000000,0,0,0,67,0,0,67,9,0,9,0,9,9,9,0,9,0,0,0,0,58,200,0,200,67,133,0,0,0
117,12000146,25,3,485.410515809143,175.000000000000,24.000000000000,2.669703213223,be6fef6ee36ff93c,8d15af1f9d36efa1,aab3447d5f9aab51,200,114,57.000000,195.298246,228.895440,0.600000,1.800000,226.058022,1.569444,222.033411,2.947368,1.559524,0.000000,0.403197,0.531616,0.229358,0.222222,100,248,248,31.000000,0,0,16,15,43,43,10,0,227.000000,336,0,0,27,102,0,27,16,11,5,0,16,5,5,1,4,0,0,0,0,11,80,6,86,15,71,0,0,0
118,12000147,25,3,280.779643726331,425.000000000000,9.000000000000,2.300506590853,4742c8cceb40af69,8d15af1f9d36efa1,9c8e08d4b8557591,200,20,10.000000,290.500000,364.088106,0.100000,0.500000,381.721650,1.000000,381.699559,5.000000,1.400000,0.000000,0.652778,0.484536,0.500000,0.358974,100,208,208,32.000000,0,0,16,16,20,20,16,0,188.000000,100,0,0,10,18,0,10,10,2,8,0,10,8,8,0,8,0,0,0,0,0,180,0,180,8,172,0,0,0
119,12000148,25,3,115.882286587239,425.000000000000,13.000000000000,2.315625692211,7d35e07cd511b71b,8d15af1f9d36efa1,4885e4ca30be1aff,200,93,46.500000,220.849462,264.050203,0.500000,1.700000,277.239437,1.703333,265.685206,3.279570,1.652459,0.000000,0.452424,0.557522,0.246914,0.282353,100,224,224,32.000000,0,0,16,16,54,54,12,2,252.000000,305,0,0,40,84,0,40,13,7,6,0,13,6,6,2,4,0,0,0,0,27,100,7,107,31,76,0,0,0
120,12000149,25,3,289.751092218817,75.000000000000,13.000000000000,2.267556259628,509a9e035e3e2356,8d15af1f9d36efa1,aa0c2eb0c232eae8,200,13,6.500000,174.923077,275.008461,0.200000,0.400000,143.065885,2.000000,226.098443,3.000000,1.000000,0.000000,0.897098,0.629630,0.719424,0.842105,100,232,232,32.000000,0,0,16,16,99,99,10,0,340.000000,39,0,0,93,12,0,93,6,1,5,0,6,5,5,0,5,0,0,0,0,87,160,27,187,92,95,0,0,0
121,12000150,25,3,88.219141999597,425.000000000000,9.000000000000,2.964014578412,92532f7364925b8c,8d15af1f9d36efa1,56b224b9b0a0460a,200,46,23.000000,127.326087,158.369214,0.400000,0.600000,93.155931,1.333333,125.701173,1.869565,1.383721,0.000000,0.747059,0.559471,0.537634,0.586538,100,232,232,32.000000,0,0,16,16,54,54,14,0,254.000000,86,0,0,44,42,0,44,10,3,7,0,10,7,7,1,6,0,0,0,0,34,120,34,154,40,114,0,0,0
122,12000151,25,3,271.635369472254,325.000000000000,9.000000000000,1.804996023109,97a9dee4e00958a6,8d15af1f9d36efa1,9a76b500c554569d,200,42,21.000000,122.571429,184.848183,0.400000,0.500000,58.758593,1.125000,74.962621,1.357143,1.263158,0.000000,0.857143,0.630996,0.636943,0.786517,100,208,208,32.000000,0,0,16,16,97,97,16,14,342.000000,57,0,0,79,37,0,79,11,3,8,0,11,8,8,2,6,0,0,0,0,68,120,38,158,74,84,0,0,0
123,12000152,25,3,395.173619482874,425.000000000000,11.000000000000,2.737400113421,4c072d229f4d1cae,8d15af1f9d36efa1,0,200,0,0.000000,NA,263.225088,0.000000,0.000000,nan,nan,NA,NA,NA,NA,1.000000,0.531616,1.000000,1.000000,100,256,256,31.000000,0,0,16,15,38,38,20,0,227.000000,0,0,0,28,0,0,28,10,0,10,0,10,10,10,0,10,0,0,0,0,18,200,0,200,28,172,0,0,0
124,12000153,25,3,155.172616364725,425.000000000000,18.000000000000,2.222764838043,a3a5cfd9aba3af5c,8d15af1f9d36efa1,cde7ab9852b34121,200,73,36.500000,195.616438,270.086821,0.400000,1.200000,225.360667,2.425000,217.506246,2.945205,2.237209,0.000000,0.593573,0.610895,0.317460,0.458438,100,352,352,32.000000,0,0,16,16,88,88,6,0,314.000000,215,0,0,78,65,0,77,11,8,3,0,11,3,3,0,3,0,0,0,0,67,120,7,127,70,57,0,0,0
125,12000154,25,3,100.060323122052,425.000000000000,12.000000000000,2.631028355844,f3353c958d56f2cc,8d15af1f9d36efa1,efba92bb2ed55a3,200,68,34.000000,281.676471,227.575517,0.500000,1.600000,262.718486,1.560000,321.325284,3.764706,1.656250,0.000000,0.507692,0.568966,0.280899,0.340206,100,288,288,32.000000,0,0,16,16,56,56,20,0,264.000000,256,0,0,44,61,0,44,12,2,10,0,12,10,10,5,5,0,0,0,0,32,100,32,132,37,95,0,0,0
126,12000155,25,3,442.346899105314,325.000000000000,17.000000000000,2.202932991096,cc47d36358df6038,8d15af1f9d36efa1,0,200,0,0.000000,NA,346.104560,0.000000,0.000000,nan,nan,NA,NA,NA,NA,1.000000,0.559471,1.000000,1.000000,100,232,232,32.000000,0,0,16,16,52,52,18,2,254.000000,0,0,0,42,0,0,42,9,0,9,0,9,9,9,0,9,0,0,0,0,33,200,0,200,42,158,0,0,0
127,12000156,25,3,363.976702346449,325.000000000000,14.000000000000,2.713914800468,7dfed0e9673aa092,8d15af1f9d36efa1,dd498ffc1da3f7a5,200,40,20.000000,124.450000,239.218371,0.200000,0.400000,122.118562,1.500000,122.118562,2.000000,1.250000,0.000000,0.710145,0.494949,0.555556,0.444444,100,176,176,32.000000,0,0,16,16,24,24,16,0,196.000000,80,0,0,12,36,0,12,12,4,8,0,12,8,8,0,8,0,0,0,0,0,160,0,160,8,152,0,0,0
128,12000157,25,3,66.212861092314,325.000000000000,15.000000000000,2.852760650131,2b6a7982d514bb25,8d15af1f9d36efa1,a0bcc84f35c736d6,200,40,20.000000,116.775000,298.478604,0.200000,0.300000,102.091947,1.500000,102.091947,1.500000,1.333333,0.000000,0.765625,0.494949,0.625000,0.516129,100,200,200,32.000000,0,0,16,16,24,24,16,0,196.000000,60,0,0,12,36,0,12,12,4,8,0,12,8,8,0,8,0,0,0,0,0,160,0,160,8,152,0,0,0
129,12000158,25,3,223.988364400232,75.000000000000,10.000000000000,1.567959245368,2a949dbcbe551c57,8d15af1f9d36efa1,9a6fd600c54e7002,200,20,10.000000,221.450000,258.395594,0.200000,0.500000,182.764006,2.125000,216.314814,2.950000,1.457627,0.000000,0.815047,0.565217,0.628931,0.684492,100,272,272,32.000000,0,0,16,16,55,55,18,0,260.000000,59,0,0,46,18,0,46,9,0,9,0,9,9,9,2,7,0,0,0,0,37,160,20,180,44,136,0,0,0
130,12000159,25,3,95.026324940295,175.000000000000,19.000000000000,2.571151437470,46453b3b6a6d4ff3,8d15af1f9d36efa1,9a65c500c545fe9a,200,20,10.000000,94.150000,253.141958,0.100000,0.100000,76.400900,4.000000,76.400900,1.000000,4.000000,0.000000,0.910714,0.504950,0.833333,0.782609,100,280,280,32.000000,0,0,16,16,27,27,18,0,204.000000,20,0,0,16,18,0,16,11,2,9,0,11,9,9,0,9,0,0,0,0,5,180,0,180,14,166,0,0,0
131,12000160,25,3,492.415602936341,425.000000000000,18.000000000000,1.784373029498,1f5ce71d84bd1395,8d15af1f9d36efa1,7ef843ede8023dd5,200,120,60.000000,249.725000,251.470645,0.600000,2.400000,281.720003,2.083333,287.485044,4.000000,1.833333,0.000000,0.337017,0.549550,0.172414,0.189189,100,296,296,32.000000,0,0,16,16,50,50,12,0,244.000000,480,0,0,35,108,0,35,15,9,6,0,15,6,6,3,3,0,0,0,0,20,80,0,80,23,57,0,0,0
132,12000161,25,3,387.508397494016,175.000000000000,10.000000000000,2.644560664802,dc0335b6a280b7a3,8d15af1f9d36efa1,9a76bd00c5546435,200,80,40.000000,131.137500,232.372023,0.400000,0.600000,117.865224,2.000000,117.865224,1.500000,2.000000,0.000000,0.627329,0.502488,0.454545,0.368421,100,296,296,32.000000,0,0,16,16,28,28,14,0,202.000000,120,0,0,14,72,0,14,14,7,7,0,14,7,7,1,6,0,0,0,0,0,120,0,120,6,114,0,0,0
133,12000162,25,3,491.896208408257,75.000000000000,15.000000000000,2.400524802775,6b2e5c3e599afbd5,8d15af1f9d36efa1,a9224b4f3a75764d,200,39,19.500000,182.205128,278.335125,0.200000,0.400000,183.405578,1.750000,183.381419,2.000000,1.743590,0.000000,0.760736,0.553571,0.561798,0.597938,100,264,264,32.000000,0,0,16,16,49,49,18,2,248.000000,78,0,0,37,35,0,37,11,2,9,0,11,9,9,2,7,0,0,0,0,26,160,1,161,33,128,0,0,0
134,12000163,25,3,497.504521694198,325.000000000000,23.000000000000,2.091775094886,45b095e50a7044fe,8d15af1f9d36efa1,9e96e4245a62555f,200,96,48.000000,223.083333,299.134559,0.700000,2.700000,292.159158,1.383673,269.934608,3.572917,1.326531,0.000000,0.447665,0.581590,0.225734,0.298569,100,224,224,32.000000,0,0,16,16,70,70,6,0,278.000000,343,0,0,57,86,0,57,13,10,3,0,13,3,3,0,3,0,0,0,0,44,60,44,104,47,57,0,0,0
135,12000164,25,3,321.724573286272,175.000000000000,13.000000000000,2.016309485422,fad6caa364775552,8d15af1f9d36efa1,eea11b4f61e0b7a6,200,20,10.000000,138.950000,278.765037,0.100000,0.200000,170.489090,3.000000,143.344720,2.000000,2.675000,0.000000,0.829060,0.492386,0.714286,0.607843,100,288,288,32.000000,0,0,16,16,22,22,18,0,194.000000,40,0,0,11,18,0,11,11,2,9,0,11,9,9,0,9,0,0,0,0,0,180,0,180,9,171,0,0,0
136,12000165,25,3,453.303081516029,75.000000000000,17.000000000000,2.208025136519,f8767f866527e0ef,8d15af1f9d36efa1,9a8b1000c5659a48,200,13,6.500000,118.153846,321.732873,0.100000,0.100000,82.770748,1.000000,82.770748,1.000000,1.000000,0.000000,0.953069,0.568966,0.884956,0.910345,100,184,184,32.000000,0,0,16,16,57,57,18,0,264.000000,13,0,0,48,12,0,48,9,0,9,0,9,9,9,1,8,0,0,0,0,39,180,7,187,47,140,0,0,0
137,12000166,25,3,306.507682977761,425.000000000000,16.000000000000,1.730904942437,879a18b156cf4bc1,8d15af1f9d36efa1,9a691000c548b3e2,200,33,16.500000,73.454545,285.303820,0.200000,0.200000,45.590229,1.500000,43.349589,1.000000,1.393939,0.000000,0.888889,0.568966,0.751880,0.800000,100,264,264,32.000000,0,0,16,16,57,57,18,0,264.000000,33,0,0,46,30,0,46,11,2,9,0,11,9,9,1,8,0,0,0,0,35,160,7,167,43,124,0,0,0
138,12000167,25,3,459.842540767965,175.000000000000,20.000000000000,2.350334973340,34c34ed227205bfa,8d15af1f9d36efa1,303a0da709225b5f,200,36,18.000000,217.805556,353.169308,0.200000,0.700000,269.161796,1.550000,258.493069,3.333333,1.566667,0.000000,0.651163,0.528302,0.454545,0.433962,100,200,200,32.000000,0,0,16,16,38,38,16,0,224.000000,120,0,0,28,32,0,28,12,4,8,0,12,8,8,0,8,0,0,0,0,16,160,4,164,24,140,0,0,0
139,12000168,25,3,207.061055123518,325.000000000000,13.000000000000,1.553875643804,310bee2ddeecb919,8d15af1f9d36efa1,9a6c6e00c54b8973,200,40,20.000000,178.375000,230.503842,0.200000,0.500000,193.533926,1.750000,193.533926,2.500000,1.600000,0.000000,0.662162,0.494949,0.500000,0.390244,100,184,184,32.000000,0,0,16,16,24,24,16,0,196.000000,100,0,0,12,36,0,12,12,4,8,0,12,8,8,0,8,0,0,0,0,0,160,0,160,8,152,0,0,0
140,12000169,25,3,5.549232549314,175.000000000000,19.000000000000,2.755974680612,f3f52b4667d4a279,8d15af1f9d36efa1,38cf690b0f2e18d6,200,143,71.500000,206.524476,184.827796,0.800000,2.600000,240.247456,1.343750,226.805775,3.118881,1.286996,0.000000,0.361032,0.557522,0.183150,0.212014,100,256,256,32.000000,0,0,16,16,55,55,10,0,252.000000,446,0,0,38,128,0,38,17,12,5,0,17,5,5,3,2,0,0,0,0,21,40,17,57,23,34,0,0,0
141,12000170,25,3,36.642115215666,75.000000000000,16.000000000000,2.071094632806,94089a1d89482b9,8d15af1f9d36efa1,9a98af00c57132d1,200,18,9.000000,84.111111,294.375435,0.200000,0.200000,71.007128,2.000000,59.282977,1.000000,2.000000,0.000000,0.952000,0.640934,0.847458,0.926230,100,200,200,31.000000,0,0,16,15,107,107,12,0,357.000000,18,0,0,99,16,0,99,8,2,6,0,8,6,6,0,6,0,0,0,0,91,160,22,182,97,85,0,0,0
142,12000171,25,3,467.407729568819,175.000000000000,19.000000000000,2.482917716316,a426a7c7169370e6,8d15af1f9d36efa1,7312d57fe097ce2f,200,42,21.000000,184.333333,316.944028,0.300000,0.700000,184.583859,1.066667,191.472477,2.428571,1.147059,0.000000,0.750000,0.604743,0.495050,0.630435,100,224,224,32.000000,0,0,16,16,79,79,16,2,306.000000,102,0,0,66,37,0,66,12,4,8,0,12,8,8,1,7,0,0,0,0,54,140,18,158,61,97,0,0,0
143,12000172,25,3,331.681483669885,325.000000000000,15.000000000000,2.482586534803,8217fa9db786c0ff,8d15af1f9d36efa1,db4e9fda7b182045,200,40,20.000000,166.875000,224.267254,0.200000,0.600000,197.743462,1.500000,190.847995,3.000000,1.333333,0.000000,0.622642,0.497487,0.454545,0.354839,100,224,224,32.000000,0,0,16,16,25,25,16,2,198.000000,120,0,0,12,36,0,12,12,4,8,0,12,8,8,0,8,0,0,0,0,0,160,0,160,8,152,0,0,0
144,12000173,25,3,40.750146454664,425.000000000000,17.000000000000,1.563510131624,45f80e9dc960a06,8d15af1f9d36efa1,9abaa200c58e0320,200,93,46.500000,226.086022,213.588995,0.600000,2.000000,238.025965,1.390476,269.293960,3.709677,1.675362,0.000000,0.470046,0.604743,0.224719,0.335260,100,312,312,32.000000,0,0,16,16,84,84,6,0,306.000000,345,0,0,72,84,0,72,12,9,3,0,12,3,3,0,3,0,0,0,0,60,80,27,107,63,44,0,0,0
145,12000174,25,3,385.252663711807,75.000000000000,9.000000000000,2.890708326271,1c161ef1a665ca46,8d15af1f9d36efa1,a0908c4f35a195f7,200,42,21.000000,222.547619,239.916795,0.300000,0.800000,182.410577,2.433333,184.091399,2.690476,2.123894,0.000000,0.716792,0.588477,0.469484,0.576779,100,192,192,32.000000,0,0,16,16,66,66,22,0,286.000000,113,0,0,55,37,0,55,11,0,11,0,11,11,11,5,6,0,0,0,0,44,140,18,158,50,108,0,0,0
146,12000175,25,3,201.312839569539,175.000000000000,10.000000000000,2.458727547415,ab6b859e41009944,8d15af1f9d36efa1,c7e2141d09bbf219,200,7,3.500000,270.000000,297.625941,0.300000,0.600000,130.802048,2.250000,222.505138,4.000000,1.500000,0.000000,0.924119,0.630314,0.781250,0.882353,100,216,216,31.000000,0,0,16,15,98,98,14,0,341.000000,28,0,0,91,6,0,91,7,0,7,0,7,7,7,1,6,0,0,0,0,84,140,53,193,90,103,0,0,0
147,12000176,25,3,84.937443114923,325.000000000000,11.000000000000,2.797425531647,6fb01e23144cf5f,8d15af1f9d36efa1,a940f64f3a8f966d,200,72,36.000000,167.638889,279.265369,0.400000,0.800000,170.638316,1.708333,158.384650,2.000000,1.770833,0.000000,0.614973,0.534884,0.409836,0.404959,100,288,288,32.000000,0,0,16,16,43,43,12,4,230.000000,144,0,0,27,64,0,27,14,8,6,0,14,6,6,0,6,0,0,0,0,13,120,8,128,19,109,0,0,0
148,12000177,25,3,137.156103836893,325.000000000000,15.000000000000,2.472098424125,34a580ba0900644d,8d15af1f9d36efa1,368833bfe642e8b4,200,54,27.000000,160.425926,330.217904,0.300000,0.700000,180.622428,1.866667,159.354865,2.111111,1.745614,0.000000,0.664706,0.530516,0.467290,0.451923,100,232,232,32.000000,0,0,16,16,37,37,20,0,226.000000,114,0,0,24,48,0,24,13,3,10,0,13,10,10,3,7,0,0,0,0,11,140,6,146,18,128,0,0,0
149,12000178,25,3,445.237488733834,325.000000000000,21.000000000000,2.404081689692,ea8aafe76069fd3e,8d15af1f9d36efa1,9a735100c55176da,200,94,47.000000,151.159574,229.420660,0.500000,1.100000,143.898781,2.146667,158.939039,2.276596,2.495327,0.000000,0.518018,0.534884,0.318471,0.314103,100,320,320,32.000000,0,0,16,16,44,44,10,0,230.000000,214,0,0,29,84,0,29,15,10,5,0,15,5,5,0,5,0,0,0,0,14,100,6,106,19,87,0,0,0
150,12000179,25,3,266.799276232368,75.000000000000,11.000000000000,1.761144802880,55e78780d5e3ba9b,8d15af1f9d36efa1,b179c3fcd2dc30b8,200,93,46.500000,182.193548,211.696385,0.500000,1.300000,192.997460,1.166667,186.359560,2.537634,1.169492,0.000000,0.493562,0.534884,0.297619,0.293413,100,216,216,32.000000,0,0,16,16,41,41,16,0,230.000000,236,0,0,26,83,0,26,15,7,8,0,15,8,8,3,5,0,0,0,0,11,100,7,107,16,91,0,0,0
151,12000180,25,3,133.765237311804,325.000000000000,19.000000000000,1.690900495370,fb8d68defa53fa11,8d15af1f9d36efa1,788b35e4987a55c3,200,38,19.000000,193.236842,326.791734,0.200000,0.600000,239.335589,2.300000,231.243545,2.894737,1.854545,0.000000,0.664634,0.521531,0.476190,0.438776,100,240,240,32.000000,0,0,16,16,35,35,16,2,218.000000,110,0,0,34,34,0,22,12,4,8,0,12,8,8,0,8,0,0,0,0,22,160,2,162,30,132,0,0,0
152,12000181,25,3,130.561333935460,175.000000000000,20.000000000000,1.838924112232,c0fa319db31107ee,8d15af1f9d36efa1,9a80ca00c55cced1,200,19,9.500000,112.105263,345.411329,0.100000,0.100000,76.982113,1.000000,76.982113,1.000000,1.000000,0.000000,0.914027,0.502488,0.840336,0.786517,100,200,200,32.000000,0,0,16,16,25,25,20,0,202.000000,19,0,0,14,17,0,14,11,1,10,0,11,10,10,1,9,0,0,0,0,3,180,1,181,12,169,0,0,0
153,12000182,25,3,423.383172126577,175.000000000000,20.000000000000,2.855801764245,e17fe4725071eaf7,8d15af1f9d36efa1,20a880bd73c4072f,200,159,79.500000,315.415094,282.850184,0.800000,4.500000,430.747084,1.436458,412.513353,5.635220,1.356027,0.000000,0.205674,0.537037,0.100402,0.100402,100,280,280,32.000000,0,0,16,16,41,41,18,0,232.000000,896,0,0,23,143,0,23,18,9,9,0,18,9,9,7,2,0,0,0,0,5,40,1,41,7,34,0,0,0
154,12000183,25,3,440.125913856384,425.000000000000,16.000000000000,2.904561358064,a9b77d8a368bbd5c,8d15af1f9d36efa1,54e242d0c6ece953,200,146,73.000000,213.178082,180.649803,0.800000,2.900000,254.484702,1.348214,245.800579,3.493151,1.300000,0.000000,0.316354,0.541284,0.163934,0.169381,100,256,256,32.000000,0,0,16,16,46,46,12,0,236.000000,510,0,0,30,132,0,30,16,10,6,0,16,6,6,4,2,0,0,0,0,14,40,14,54,16,38,0,0,0
155,12000184,25,3,342.129629774195,425.000000000000,19.000000000000,1.658050548785,fac704c619e8bebd,8d15af1f9d36efa1,793c434fb063a415,200,33,16.500000,215.333333,280.177592,0.200000,0.700000,294.814151,2.700000,268.851007,3.181818,2.628571,0.000000,0.655738,0.500000,0.487805,0.393064,100,304,304,32.000000,0,0,16,16,27,27,14,0,200.000000,105,0,0,17,30,0,17,10,3,7,0,10,7,7,0,7,0,0,0,0,7,160,7,167,14,153,0,0,0
156,12000185,25,3,154.799980561290,425.000000000000,14.000000000000,2.562788483058,cabe12d212f5bb5,8d15af1f9d36efa1,a0bccd4f35c73f55,200,20,10.000000,161.350000,289.674423,0.100000,0.200000,155.927525,1.500000,155.927525,2.000000,1.500000,0.000000,0.867987,0.568035,0.714286,0.767442,100,232,232,31.000000,0,0,16,15,57,57,18,0,263.000000,40,0,0,46,18,0,46,11,2,9,0,11,9,9,0,9,0,0,0,0,35,180,0,180,44,136,0,0,0
157,12000186,25,3,61.012157217181,75.000000000000,10.000000000000,2.853466798271,afdb192e5dc6abb0,8d15af1f9d36efa1,d4a1484f5325df48,200,47,23.500000,160.234043,273.874477,0.400000,0.900000,161.419762,2.541667,160.806650,2.255319,2.556604,0.000000,0.710383,0.565217,0.485437,0.547009,100,304,304,32.000000,0,0,16,16,56,56,16,0,260.000000,106,0,0,46,43,0,46,10,2,8,0,10,8,8,2,6,0,0,0,0,36,120,33,153,42,111,0,0,0
158,12000187,25,3,65.571325320147,425.000000000000,11.000000000000,2.493505920263,2b5a2f1acfefadaf,8d15af1f9d36efa1,9a5ef700c54034e2,200,66,33.000000,279.833333,298.334758,0.500000,2.500000,308.490635,1.240714,331.482697,5.439394,1.278552,0.000000,0.455235,0.600000,0.217865,0.318786,100,192,192,32.000000,0,0,16,16,74,74,20,0,300.000000,359,0,0,62,59,0,62,12,2,10,0,12,10,10,5,5,0,0,0,0,50,100,34,134,55,79,0,0,0
159,12000188,25,3,417.087731690969,325.000000000000,22.000000000000,1.859910872802,e115ce4fb1abb72e,8d15af1f9d36efa1,40304eac322fd4c,200,83,41.500000,226.807229,258.678654,0.500000,1.800000,291.042301,1.700000,275.303148,3.433735,1.512281,0.000000,0.452975,0.541284,0.259740,0.267352,100,312,312,32.000000,0,0,16,16,46,46,12,0,236.000000,285,0,0,33,75,0,33,13,7,6,0,13,6,6,1,5,0,0,0,0,20,100,17,117,25,92,0,0,0
160,12000189,25,3,59.655555891731,175.000000000000,21.000000000000,2.534392453342,5c54fee5a0136328,8d15af1f9d36efa1,b6c3682e314a831e,200,138,69.000000,250.782609,220.154579,0.700000,2.700000,287.136091,1.171429,285.337636,3.840580,1.260377,0.000000,0.300792,0.532710,0.158730,0.153355,100,216,216,32.000000,0,0,16,16,38,38,20,0,228.000000,530,0,0,21,124,0,21,17,7,10,0,17,10,10,7,3,0,0,0,0,4,60,2,62,7,55,0,0,0
161,12000190,25,3,137.344602944534,425.000000000000,15.000000000000,1.828805031665,e8eb07f39df9d2cb,8d15af1f9d36efa1,ef6bc06907a17f50,200,129,64.500000,242.364341,183.719648,0.800000,2.700000,275.219832,1.612500,282.647186,3.558140,1.435730,0.000000,0.418251,0.622642,0.178891,0.301370,100,296,296,32.000000,0,0,16,16,98,98,2,2,330.000000,459,0,0,84,116,0,84,13,12,1,0,13,1,1,1,0,0,0,0,0,71,40,31,71,71,0,0,0,0
162,12000191,25,3,134.318183866037,425.000000000000,11.000000000000,2.500229042285,3a1a07bcb03ee4ea,8d15af1f9d36efa1,6036a09b943cbd44,200,53,26.500000,164.943396,269.187321,0.300000,0.800000,192.869695,1.555556,185.049638,2.622642,1.330935,0.000000,0.640827,0.553571,0.418410,0.454902,100,248,248,32.000000,0,0,16,16,51,51,14,4,248.000000,139,0,0,38,48,0,38,11,4,7,0,11,7,7,1,6,0,0,0,0,27,140,7,147,33,114,0,0,0
163,12000192,25,3,452.519507168596,325.000000000000,20.000000000000,2.590194350984,8034cd5d7dae86a3,8d15af1f9d36efa1,e5a29a4f5cb06eca,200,49,24.500000,172.040816,263.038376,0.300000,0.800000,175.707531,1.500000,186.766514,2.816327,1.579710,0.000000,0.669856,0.583333,0.420168,0.517483,100,216,216,32.000000,0,0,16,16,66,66,16,0,280.000000,138,0,0,54,44,0,54,12,4,8,0,12,8,8,1,7,0,0,0,0,42,140,11,151,49,102,0,0,0
164,12000193,25,3,436.711309743248,425.000000000000,18.000000000000,2.198776530568,1d782bb7fe5813cd,8d15af1f9d36efa1,1384bdb32d58e3ee,200,80,40.000000,203.650000,269.311615,0.400000,1.400000,243.926002,1.433333,255.607595,3.500000,1.521429,0.000000,0.453125,0.537037,0.263158,0.263158,100,200,200,32.000000,0,0,16,16,44,44,12,0,232.000000,280,0,0,30,72,0,30,14,8,6,0,14,6,6,0,6,0,0,0,0,16,120,0,120,22,98,0,0,0
165,12000194,25,3,498.403909508352,425.000000000000,14.000000000000,2.078978857510,52b6bdd6214d48b6,8d15af1f9d36efa1,8f58c74f2be8b39c,200,40,20.000000,158.650000,315.941595,0.200000,0.500000,139.612856,1.583333,139.612856,2.500000,1.600000,0.000000,0.728997,0.573561,0.500000,0.579832,100,144,144,31.000000,0,0,16,15,63,63,12,0,269.000000,100,0,0,53,36,0,53,10,4,6,0,10,6,6,0,6,0,0,0,0,43,160,0,160,49,111,0,0,0
166,12000195,25,3,353.345505205618,325.000000000000,13.000000000000,2.474506758392,aaeccc71fd2f57fa,8d15af1f9d36efa1,19aff64f7a31df24,200,60,30.000000,182.950000,274.455455,0.300000,0.800000,196.329048,1.888889,196.329048,2.666667,2.000000,0.000000,0.562842,0.507389,0.384615,0.316239,100,224,224,32.000000,0,0,16,16,26,26,22,0,206.000000,160,0,0,13,54,0,13,13,2,11,0,13,11,11,4,7,0,0,0,0,0,140,0,140,7,133,0,0,0
167,12000196,25,3,372.399610876527,425.000000000000,15.000000000000,2.726125129694,2d16dd72f10c3644,8d15af1f9d36efa1,f82a4eb0ee7d8d56,200,40,20.000000,214.975000,266.609129,0.200000,0.600000,232.168554,2.500000,236.436437,3.000000,2.333333,0.000000,0.682540,0.563319,0.454545,0.512195,100,376,376,32.000000,0,0,16,16,54,54,18,0,258.000000,120,0,0,43,36,0,43,11,2,9,0,11,9,9,2,7,0,0,0,0,32,160,0,160,39,121,0,0,0
168,12000197,25,3,446.223542387518,425.000000000000,12.000000000000,2.959871607927,48e425d851eaf65,8d15af1f9d36efa1,84a2e7dd818339d8,200,20,10.000000,258.400000,334.002148,0.100000,0.400000,304.131374,1.750000,304.131374,4.000000,1.750000,0.000000,0.748428,0.543379,0.555556,0.569892,100,240,240,32.000000,0,0,16,16,45,45,16,0,238.000000,80,0,0,35,18,0,35,10,2,8,0,10,8,8,0,8,0,0,0,0,25,180,0,180,33,147,0,0,0
169,12000198,25,3,58.945506432821,425.000000000000,13.000000000000,1.880659781479,3a1c6c953b6fc3b5,8d15af1f9d36efa1,9aad0800c5827316,200,60,30.000000,124.450000,178.837074,0.500000,0.800000,86.552502,1.700000,93.020481,1.766667,1.801887,0.000000,0.748815,0.612403,0.485437,0.634483,100,304,304,32.000000,0,0,16,16,86,86,12,0,316.000000,106,0,0,75,54,0,75,11,5,6,0,11,6,6,1,5,0,0,0,0,64,100,40,140,69,71,0,0,0
170,12000199,25,3,205.363378401933,75.000000000000,8.000000000000,2.092061198123,2a19551807044acf,8d15af1f9d36efa1,b16eba5dd6666525,200,63,31.500000,224.666667,260.272589,0.400000,1.200000,256.934966,2.895833,260.746460,3.063492,2.652850,0.000000,0.606925,0.598394,0.341297,0.462396,100,344,344,32.000000,0,0,16,16,75,75,16,0,298.000000,193,0,0,63,57,0,63,12,4,8,0,12,8,8,2,6,0,0,0,0,51,120,17,137,57,80,0,0,0
171,12000200,25,3,393.540492075724,75.000000000000,13.000000000000,2.875748264124,b123e75f2eccf208,8d15af1f9d36efa1,9a87bb00c562d402,200,33,16.500000,172.121212,257.254083,0.200000,0.500000,175.197946,1.125000,174.524903,2.575758,1.305882,0.000000,0.767123,0.583333,0.540541,0.635193,100,200,200,32.000000,0,0,16,16,65,65,18,0,280.000000,85,0,0,54,30,0,54,11,2,9,0,11,9,9,1,8,0,0,0,0,43,160,7,167,51,116,0,0,0
172,12000201,25,3,469.128067426522,325.000000000000,22.000000000000,1.738248184979,1a85caa6d86c805,8d15af1f9d36efa1,9a87ac00c562ba85,200,39,19.500000,125.948718,271.205641,0.200000,0.200000,70.146337,3.000000,70.535256,1.000000,3.000000,0.000000,0.852830,0.530516,0.719424,0.706767,100,296,296,32.000000,0,0,16,16,37,37,20,6,226.000000,39,0,0,23,35,0,23,11,1,10,0,11,10,10,3,7,0,0,0,0,12,160,1,161,19,142,0,0,0
173,12000202,25,3,136.443893049664,175.000000000000,10.000000000000,2.810596093452,1f9ca0d4fba86168,8d15af1f9d36efa1,98f6cd02b9155ddb,200,52,26.000000,166.403846,284.018415,0.300000,0.800000,164.069336,1.194444,175.528958,2.865385,1.261745,0.000000,0.600536,0.528302,0.401606,0.381743,100,176,176,32.000000,0,0,16,16,38,38,16,0,224.000000,149,0,0,26,47,0,26,12,4,8,0,12,8,8,1,7,0,0,0,0,14,140,8,148,21,127,0,0,0
174,12000203,25,3,499.457344612918,425.000000000000,14.000000000000,2.570360766150,917e8f8faac82a7b,8d15af1f9d36efa1,9a87ba00c562d24f,200,75,37.500000,125.200000,196.526435,0.400000,0.500000,97.653610,2.375000,98.006025,1.266667,2.157895,0.000000,0.751958,0.590164,0.512821,0.624506,100,248,248,30.000000,0,0,16,14,74,74,10,2,288.000000,95,0,0,60,67,0,60,13,8,5,0,13,5,5,0,5,0,0,0,0,47,120,5,125,52,73,0,0,0
175,12000204,25,3,305.786117618623,425.000000000000,17.000000000000,2.123847390481,124f52947838c594,8d15af1f9d36efa1,9a6c8700c54bb3ee,200,49,24.500000,146.000000,188.397305,0.300000,0.400000,104.685538,1.166667,107.937722,1.346939,1.257576,0.000000,0.804734,0.576271,0.602410,0.679612,100,280,280,32.000000,0,0,16,16,62,62,16,0,272.000000,66,0,0,50,43,0,50,12,4,8,0,12,8,8,2,6,0,0,0,0,38,140,11,151,44,107,0,0,0
176,12000205,25,3,405.053140939457,75.000000000000,20.000000000000,1.512297430142,9d2250984dfb8121,8d15af1f9d36efa1,dc3ccfc1f7bbd45c,200,159,79.500000,266.025157,214.873762,1.000000,4.000000,319.297042,1.885000,305.414571,3.805031,2.056198,0.000000,0.327030,0.595142,0.141844,0.211213,100,328,328,32.000000,0,0,16,16,77,77,8,0,294.000000,605,0,0,59,141,0,59,18,14,4,0,18,4,4,4,0,0,0,0,0,41,0,41,41,41,0,0,0,0
177,12000206,25,3,463.585793371384,425.000000000000,17.000000000000,1.968784930871,18d06c0f53a0fbf4,8d15af1f9d36efa1,98135a4f30df4e42,200,35,17.500000,223.685714,323.546445,0.200000,0.600000,205.703172,1.375000,207.681105,3.028571,1.330189,0.000000,0.725389,0.583333,0.485437,0.582677,100,224,224,32.000000,0,0,16,16,66,66,16,14,280.000000,106,0,0,48,31,0,48,11,3,8,0,11,8,8,1,7,0,0,0,0,37,160,5,165,44,121,0,0,0
178,12000207,25,3,78.968297719047,325.000000000000,13.000000000000,2.997849146194,338d452a32afa608,8d15af1f9d36efa1,3c85754f8dfa445b,200,40,20.000000,168.775000,310.098858,0.200000,0.500000,176.178135,1.000000,176.178135,2.500000,1.000000,0.000000,0.675325,0.509804,0.500000,0.431818,100,216,216,32.000000,0,0,16,16,28,28,20,2,208.000000,100,0,0,15,36,0,15,12,2,10,0,12,10,10,2,8,0,0,0,0,3,160,0,160,11,149,0,0,0
179,12000208,25,3,258.783677400539,425.000000000000,9.000000000000,1.950418102427,523e5dfbc1436530,8d15af1f9d36efa1,9a5ee200c5401133,200,13,6.500000,103.461538,187.927153,0.100000,0.100000,99.928825,1.000000,99.928825,1.000000,1.000000,0.000000,0.962963,0.628253,0.884956,0.940639,100,160,160,32.000000,0,0,16,16,97,97,12,0,338.000000,13,0,0,90,12,0,90,7,1,6,0,7,6,6,0,6,0,0,0,0,83,180,7,187,89,98,0,0,0
180,12000209,25,3,228.248101437657,175.000000000000,14.000000000000,1.571669919573,37baacaf589cca56,8d15af1f9d36efa1,9abaa700c58e0b9f,200,40,20.000000,123.925000,327.702474,0.200000,0.200000,88.729633,1.500000,88.729633,1.000000,1.500000,0.000000,0.833333,0.500000,0.714286,0.629630,100,200,200,32.000000,0,0,16,16,24,24,20,0,200.000000,40,0,0,12,36,0,12,12,2,10,0,12,10,10,2,8,0,0,0,0,0,160,0,160,8,152,0,0,0
181,12000210,25,3,200.912139415098,325.000000000000,13.000000000000,1.877346845209,31841086345b8b6,8d15af1f9d36efa1,f739974f66ba44d1,200,60,30.000000,123.850000,258.603603,0.300000,0.400000,114.487801,2.000000,114.487801,1.333333,1.750000,0.000000,0.712230,0.497487,0.555556,0.452055,100,224,224,32.000000,0,0,16,16,25,25,16,0,198.000000,80,0,0,13,54,0,13,13,5,8,0,13,8,8,1,7,0,0,0,0,0,140,0,140,7,133,0,0,0
182,12000211,25,3,79.451199065638,175.000000000000,13.000000000000,2.577191547235,c342767d9f04337b,8d15af1f9d36efa1,36eb469001ad6ade,200,80,40.000000,151.050000,261.306977,0.400000,0.800000,141.546671,1.333333,141.546671,2.000000,1.500000,0.000000,0.558011,0.502488,0.384615,0.304348,100,272,272,32.000000,0,0,16,16,28,28,14,0,202.000000,160,0,0,14,72,0,14,14,7,7,0,14,7,7,1,6,0,0,0,0,0,120,0,120,6,114,0,0,0
183,12000212,25,3,430.914734941685,325.000000000000,20.000000000000,2.006235596139,e5709d2e62c15d87,8d15af1f9d36efa1,9aa2c100c579a5ec,200,60,30.000000,95.750000,279.084316,0.300000,0.400000,89.357773,1.833333,89.357773,1.333333,1.750000,0.000000,0.726027,0.514563,0.555556,0.500000,100,216,216,32.000000,0,0,16,16,33,33,14,0,212.000000,80,0,0,20,54,0,20,13,6,7,0,13,7,7,0,7,0,0,0,0,7,140,0,140,14,126,0,0,0
184,12000213,25,3,180.001057036074,175.000000000000,13.000000000000,2.392373675206,b2d28259ddbbdb5c,8d15af1f9d36efa1,576da7fc92cd84e0,200,40,20.000000,229.225000,294.094782,0.200000,0.900000,289.721866,1.250000,289.721866,4.500000,1.222222,0.000000,0.521277,0.494949,0.357143,0.262295,100,160,160,32.000000,0,0,16,16,24,24,16,0,196.000000,180,0,0,12,36,0,12,12,4,8,0,12,8,8,0,8,0,0,0,0,0,160,0,160,8,152,0,0,0
185,12000214,25,3,234.642176731761,175.000000000000,15.000000000000,1.780737911987,bc0a7322ce08bf26,8d15af1f9d36efa1,0,200,0,0.000000,NA,267.559347,0.000000,0.000000,nan,nan,NA,NA,NA,NA,1.000000,0.480519,1.000000,1.000000,100,248,248,31.000000,0,0,16,15,18,18,18,0,185.000000,0,0,0,9,0,0,9,9,0,9,0,9,9,9,0,9,0,0,0,0,0,200,0,200,9,191,0,0,0
186,12000215,25,3,202.532620731452,325.000000000000,18.000000000000,1.737829350203,b3d7839a54c57f00,8d15af1f9d36efa1,d4a1314f5325b833,200,80,40.000000,125.087500,217.596599,0.400000,0.800000,126.221888,1.250000,126.221888,2.000000,1.125000,0.000000,0.555556,0.500000,0.384615,0.298246,100,232,232,32.000000,0,0,16,16,28,28,12,0,200.000000,160,0,0,14,72,0,14,14,8,6,0,14,6,6,0,6,0,0,0,0,0,120,0,120,6,114,0,0,0
187,12000216,25,3,15.966959433332,75.000000000000,16.000000000000,1.887664437306,7a6cc5bcfb7b8e44,8d15af1f9d36efa1,9a76b400c55454ea,200,109,54.500000,185.128440,190.612251,0.600000,1.300000,147.318502,2.000000,164.557851,2.247706,2.016327,0.000000,0.496920,0.547511,0.289855,0.309859,100,280,280,32.000000,0,0,16,16,43,43,24,0,242.000000,245,0,0,29,98,0,29,14,2,12,0,14,12,12,9,3,0,0,0,0,15,80,11,91,18,73,0,0,0
188,12000217,25,3,327.162245498973,425.000000000000,11.000000000000,2.494199010826,fded2c13b4d12c1,8d15af1f9d36efa1,9a8b0800c5658cb0,200,8,4.000000,172.000000,282.480741,0.100000,0.100000,96.129308,2.000000,96.129308,1.000000,2.000000,0.000000,0.964912,0.523810,0.925926,0.916667,100,216,216,32.000000,0,0,16,16,34,34,20,0,220.000000,8,0,0,24,7,0,24,10,0,10,0,10,10,10,1,9,0,0,0,0,14,180,12,192,23,169,0,0,0
189,12000218,25,3,109.998311231307,75.000000000000,9.000000000000,2.176476981000,e6159585df451a48,8d15af1f9d36efa1,854f8fc35f22796,200,10,5.000000,268.600000,314.749868,0.100000,0.300000,266.262559,1.000000,266.262559,3.000000,1.000000,0.000000,0.876033,0.514563,0.769231,0.727273,100,200,200,32.000000,0,0,16,16,30,30,20,0,212.000000,30,0,0,20,9,0,20,10,0,10,0,10,10,10,1,9,0,0,0,0,10,180,10,190,19,171,0,0,0
190,12000219,25,3,346.156655577206,75.000000000000,12.000000000000,1.844926449432,f04a0b12a9024c29,8d15af1f9d36efa1,9aa2ca00c579b537,200,20,10.000000,71.850000,272.331748,0.100000,0.100000,46.325528,1.000000,46.325528,1.000000,1.000000,0.000000,0.929078,0.567100,0.833333,0.866667,100,192,192,32.000000,0,0,16,16,58,58,14,0,262.000000,20,0,0,49,18,0,49,9,2,7,0,9,7,7,0,7,0,0,0,0,40,180,0,180,47,133,0,0,0
191,12000220,25,3,309.157450960794,175.000000000000,15.000000000000,2.517397802441,4e1b8f8bdd48b251,8d15af1f9d36efa1,caf0494751957520,200,80,40.000000,115.750000,216.258977,0.400000,0.600000,87.242184,2.916667,108.648218,1.500000,3.333333,0.000000,0.625000,0.500000,0.454545,0.361702,100,304,304,32.000000,0,0,16,16,28,28,12,0,200.000000,120,0,0,14,72,0,14,14,8,6,0,14,6,6,0,6,0,0,0,0,0,120,0,120,6,114,0,0,0
192,12000221,25,3,197.219995773642,425.000000000000,11.000000000000,2.406927692430,4afecf6c6f91bd15,8d15af1f9d36efa1,9a91d200c56b4f9c,200,8,4.000000,254.250000,251.228570,0.200000,0.300000,127.692581,1.250000,134.955282,1.625000,1.384615,0.000000,0.969121,0.671053,0.884956,0.955017,100,224,224,32.000000,0,0,16,16,132,132,12,0,408.000000,13,0,0,124,6,0,124,8,2,6,0,8,6,6,0,6,0,0,0,0,116,160,32,192,122,70,0,0,0
193,12000222,25,3,284.113955452878,175.000000000000,14.000000000000,2.224425305557,9388216a8fd545f,8d15af1f9d36efa1,57c2ba5d2c8ecae0,200,103,51.500000,271.271845,258.111883,0.600000,2.400000,299.828154,2.138889,314.539284,4.213592,2.048387,0.000000,0.400552,0.591837,0.187266,0.266892,100,296,296,32.000000,0,0,16,16,73,73,12,4,290.000000,434,0,0,56,92,0,56,15,9,6,0,15,6,6,2,4,0,0,0,0,41,80,17,97,45,52,0,0,0
194,12000223,25,3,82.240841606275,325.000000000000,19.000000000000,2.244126312226,eaff369cf9326d2c,8d15af1f9d36efa1,42d367a09097b285,200,51,25.500000,162.490196,238.875628,0.300000,0.700000,166.865607,3.111111,163.555950,2.294118,3.136752,0.000000,0.675900,0.549550,0.460829,0.489083,100,344,344,32.000000,0,0,16,16,48,48,16,0,244.000000,117,0,0,35,45,0,35,13,5,8,0,13,8,8,1,7,0,0,0,0,22,140,9,149,29,120,0,0,0
195,12000224,25,3,338.258713077903,75.000000000000,11.000000000000,2.240441407681,dec2b2d2efc5999e,8d15af1f9d36efa1,9a8b0a00c5659016,200,13,6.500000,67.846154,244.621018,0.100000,0.100000,47.932501,1.000000,47.932501,1.000000,1.000000,0.000000,0.953737,0.572650,0.884956,0.912752,100,232,232,32.000000,0,0,16,16,59,59,18,0,268.000000,13,0,0,49,12,0,49,10,1,9,0,10,9,9,0,9,0,0,0,0,39,180,7,187,48,139,0,0,0
196,12000225,25,3,371.687922070939,175.000000000000,12.000000000000,2.730398883910,5be04555867a2c68,8d15af1f9d36efa1,9a625000c54301f4,200,60,30.000000,200.816667,298.658287,0.300000,0.900000,232.453392,1.750000,232.699985,3.116667,2.000000,0.000000,0.503979,0.487179,0.348432,0.236735,100,312,312,32.000000,0,0,16,16,23,23,12,0,190.000000,187,0,0,12,54,0,12,12,6,6,0,12,6,6,0,6,0,0,0,0,0,140,0,140,6,134,0,0,0
197,12000226,25,3,30.397772524745,75.000000000000,20.000000000000,1.756443444027,cf83c2d5f1bb4107,8d15af1f9d36efa1,c311184f4921d146,200,55,27.500000,165.436364,289.666477,0.300000,0.600000,154.576456,2.444444,153.227808,2.000000,2.181818,0.000000,0.697802,0.559471,0.476190,0.525862,100,328,328,32.000000,0,0,16,16,54,54,14,2,254.000000,110,0,0,40,49,0,40,13,6,7,0,13,7,7,0,7,0,0,0,0,27,140,5,145,34,111,0,0,0
198,12000227,25,3,18.554889445370,325.000000000000,21.000000000000,2.533235033841,3ddf094b04890f2,8d15af1f9d36efa1,9aa63600c57ca292,200,64,32.000000,180.250000,266.289556,0.400000,1.000000,175.839433,1.666667,175.127391,2.468750,1.639241,0.000000,0.627358,0.570815,0.387597,0.458904,100,240,240,32.000000,0,0,16,16,57,57,20,0,266.000000,158,0,0,44,57,0,44,13,3,10,0,13,10,10,4,6,0,0,0,0,31,120,16,136,37,99,0,0,0
199,12000228,25,3,107.828359940424,425.000000000000,11.000000000000,1.587074590084,c5430ff456d04d45,8d15af1f9d36efa1,9a9bf700c573e300,200,37,18.500000,121.432432,189.122247,0.300000,0.400000,80.977854,1.500000,83.947421,1.351351,1.520000,0.000000,0.867021,0.619772,0.666667,0.795082,100,272,272,32.000000,0,0,16,16,88,88,18,0,326.000000,50,0,0,79,34,0,79,9,0,9,0,9,9,9,3,6,0,0,0,0,70,140,23,163,76,87,0,0,0
200,12000229,25,3,216.141540070315,425.000000000000,12.000000000000,1.652181958959,42d214638b9c3323,8d15af1f9d36efa1,9a8b1300c5659f61,200,86,43.000000,192.895349,219.557555,0.500000,1.500000,233.398980,2.016667,215.357409,2.755814,2.194093,0.000000,0.485900,0.528302,0.296736,0.279635,100,312,312,32.000000,0,0,16,16,40,40,12,0,224.000000,237,0,0,27,78,0,27,13,7,6,0,13,6,6,1,5,0,0,0,0,14,100,14,114,19,95,0,0,0
201,12000230,25,3,157.847754617558,175.000000000000,15.000000000000,1.846097988886,d43f95b8b8e326cb,8d15af1f9d36efa1,0,200,0,0.000000,NA,331.349300,0.000000,0.000000,nan,nan,NA,NA,NA,NA,1.000000,0.489796,1.000000,1.000000,100,224,224,32.000000,0,0,16,16,20,20,20,0,192.000000,0,0,0,10,0,0,10,10,0,10,0,10,10,10,0,10,0,0,0,0,0,200,0,200,10,190,0,0,0
202,12000231,25,3,469.690422257794,75.000000000000,14.000000000000,2.599088252973,702f189f78bd92eb,8d15af1f9d36efa1,d7f4e2c9f0fee87c,200,18,9.000000,196.666667,266.674976,0.100000,0.300000,224.283395,2.000000,224.283395,3.000000,2.000000,0.000000,0.866337,0.636364,0.649351,0.801471,100,224,224,32.000000,0,0,16,16,101,101,16,0,350.000000,54,0,0,91,16,0,91,10,2,8,0,10,8,8,0,8,0,0,0,0,81,180,2,182,89,93,0,0,0
203,12000232,25,3,219.677587374600,325.000000000000,12.000000000000,2.085296707892,f775156b7e911a31,8d15af1f9d36efa1,d467854f52f4cea8,200,46,23.000000,153.869565,281.561110,0.300000,0.500000,130.340775,2.666667,134.599948,1.717391,2.493671,0.000000,0.735786,0.523810,0.558659,0.526946,100,264,264,32.000000,0,0,16,16,37,37,14,2,220.000000,79,0,0,25,42,0,25,11,4,7,0,11,7,7,0,7,0,0,0,0,14,140,14,154,21,133,0,0,0
204,12000233,25,3,481.388457974710,75.000000000000,18.000000000000,1.850287160968,2a33fa8ea893101f,8d15af1f9d36efa1,9a6c8700c54bb3ee,200,18,9.000000,122.944444,220.433213,0.100000,0.100000,98.779448,1.000000,98.779448,1.000000,1.000000,0.000000,0.951872,0.640288,0.847458,0.925620,100,192,192,32.000000,0,0,16,16,107,107,10,0,356.000000,18,0,0,100,16,0,100,7,2,5,0,7,5,5,0,5,0,0,0,0,93,180,2,182,98,84,0,0,0
205,12000234,25,3,24.203699859680,325.000000000000,19.000000000000,2.976555072739,1a57b40a4250e73d,8d15af1f9d36efa1,9a7d8400c55a2208,200,73,36.500000,119.082192,256.848323,0.400000,0.500000,99.586306,1.750000,99.605041,1.273973,1.494624,0.000000,0.710280,0.532710,0.518135,0.507937,100,232,232,32.000000,0,0,16,16,39,39,18,0,228.000000,93,0,0,26,66,0,26,13,4,9,0,13,9,9,3,6,0,0,0,0,13,120,7,127,19,108,0,0,0
206,12000235,25,3,62.027267648066,425.000000000000,10.000000000000,2.838073059627,2f4760190c3cf1db,8d15af1f9d36efa1,1c0c73987f036cb5,200,53,26.500000,110.811321,277.440710,0.300000,0.600000,111.287587,1.166667,104.598451,2.000000,1.122642,0.000000,0.754630,0.619772,0.485437,0.646667,100,296,296,32.000000,0,0,16,16,93,93,8,0,326.000000,106,0,0,84,48,0,84,9,5,4,0,9,4,4,0,4,0,0,0,0,75,140,7,147,79,68,0,0,0
207,12000236,25,3,20.280026957382,325.000000000000,21.000000000000,2.487907923672,a38110191295122f,8d15af1f9d36efa1,9a8e8600c56898a1,200,50,25.000000,171.120000,258.042118,0.300000,0.700000,180.173309,1.666667,178.118531,2.300000,1.565217,0.000000,0.694960,0.567100,0.465116,0.530612,100,224,224,32.000000,0,0,16,16,57,57,16,0,262.000000,115,0,0,61,44,0,44,13,5,8,0,13,8,8,1,7,0,0,0,0,48,140,10,150,55,95,0,0,0
208,12000237,25,3,2.229497473062,175.000000000000,18.000000000000,1.839078269255,15f1969242a8e087,8d15af1f9d36efa1,9a733400c5514593,200,105,52.500000,160.514286,207.606216,0.600000,1.200000,152.350905,1.805556,152.568952,2.066667,1.534562,0.000000,0.546973,0.567100,0.315457,0.374640,100,248,248,32.000000,0,0,16,16,57,57,16,0,262.000000,217,0,0,41,93,0,41,16,8,8,0,16,8,8,4,4,0,0,0,0,25,80,15,95,29,66,0,0,0
209,12000238,25,3,330.780233597121,425.000000000000,12.000000000000,2.614439806117,a282f29da24640cb,8d15af1f9d36efa1,b064d40d1d60275d,200,93,46.500000,147.247312,221.399056,0.500000,1.300000,154.650064,1.280000,150.010868,2.569892,1.251046,0.000000,0.521042,0.565217,0.294985,0.348774,100,240,240,32.000000,0,0,16,16,59,59,10,0,260.000000,239,0,0,45,84,0,45,14,9,5,0,14,5,5,0,5,0,0,0,0,31,100,7,107,36,71,0,0,0
210,12000239,25,3,475.870045577192,75.000000000000,13.000000000000,2.959253490195,39a03e96a45050e8,8d15af1f9d36efa1,9aa9af00c57fa604,200,54,27.000000,154.129630,248.361145,0.300000,0.300000,69.454043,1.000000,73.623919,1.000000,1.000000,0.000000,0.844828,0.595142,0.649351,0.750000,100,224,224,32.000000,0,0,16,16,74,74,14,6,294.000000,54,0,0,58,48,0,58,13,6,7,0,13,7,7,0,7,0,0,0,0,45,140,6,146,52,94,0,0,0
211,12000240,25,3,135.376720744413,175.000000000000,15.000000000000,2.962630363369,a8afe8c253009064,8d15af1f9d36efa1,5809c014329defdf,200,140,70.000000,227.842857,270.780017,0.700000,2.700000,284.866832,2.047619,283.053336,3.857143,1.888889,0.000000,0.310345,0.548533,0.156250,0.171779,100,296,296,31.000000,0,0,16,15,53,53,6,0,243.000000,540,0,0,36,126,0,36,17,14,3,0,17,3,3,0,3,0,0,0,0,19,60,0,60,22,38,0,0,0
212,12000241,25,3,194.675430364245,325.000000000000,12.000000000000,2.444729334756,86f192da6845eda3,8d15af1f9d36efa1,9a8afa00c56574e6,200,20,10.000000,90.100000,301.196735,0.100000,0.100000,84.393202,2.000000,84.393202,1.000000,2.000000,0.000000,0.912281,0.509804,0.833333,0.791667,100,224,224,32.000000,0,0,16,16,29,29,18,0,208.000000,20,0,0,19,18,0,19,11,2,9,0,11,9,9,0,9,0,0,0,0,8,180,0,180,17,163,0,0,0
213,12000242,25,3,324.640327059694,75.000000000000,13.000000000000,1.546542489365,382e16c85816b87b,8d15af1f9d36efa1,b05e9910776b5ba1,200,59,29.500000,348.830508,357.507795,0.300000,1.500000,411.050273,1.333333,409.479113,4.983051,1.136054,0.000000,0.453532,0.549550,0.253807,0.275862,100,224,224,32.000000,0,0,16,16,48,48,16,4,244.000000,294,0,0,34,53,0,34,12,4,8,0,12,8,8,2,6,0,0,0,0,22,140,1,141,28,113,0,0,0
214,12000243,25,3,385.454754695422,75.000000000000,17.000000000000,1.695301767747,339546405a448c28,8d15af1f9d36efa1,4e5641cb4bf0b80d,200,144,72.000000,224.284722,209.593215,0.900000,2.900000,261.630186,1.605556,248.707859,3.111111,1.551339,0.000000,0.387978,0.586777,0.182482,0.253333,100,280,280,32.000000,0,0,16,16,70,70,12,0,284.000000,448,0,0,54,129,0,54,16,10,6,0,16,6,6,5,1,0,0,0,0,38,20,36,56,39,17,0,0,0
215,12000244,25,3,257.214155194297,325.000000000000,11.000000000000,1.815953409785,234cef2877a516d8,8d15af1f9d36efa1,ba7c154f444b478d,200,100,50.000000,276.700000,239.746627,0.500000,2.300000,335.637730,1.337143,339.275646,4.600000,1.276087,0.000000,0.303030,0.500000,0.178571,0.128788,100,208,208,32.000000,0,0,16,16,29,29,10,2,200.000000,460,0,0,14,90,0,14,14,9,5,0,14,5,5,1,4,0,0,0,0,0,100,0,100,4,96,0,0,0
216,12000245,25,3,186.355471116499,325.000000000000,14.000000000000,2.547520992372,74bce9a3572b491f,8d15af1f9d36efa1,9a9f6f00c576e4bf,200,80,40.000000,141.862500,206.052764,0.400000,0.600000,120.763934,1.625000,120.763934,1.500000,1.500000,0.000000,0.634146,0.509804,0.454545,0.387755,100,200,200,32.000000,0,0,16,16,31,31,14,6,208.000000,120,0,0,14,72,0,14,14,7,7,0,14,7,7,1,6,0,0,0,0,0,120,0,120,6,114,0,0,0
217,12000246,25,3,69.407149466303,175.000000000000,20.000000000000,1.992621800375,7422762a18390856,8d15af1f9d36efa1,19f3fa4f7a6bb2bc,200,73,36.500000,163.054795,244.736917,0.400000,0.900000,177.012657,2.312500,167.645343,2.191781,1.831250,0.000000,0.585492,0.530516,0.384615,0.370079,100,232,232,32.000000,0,0,16,16,40,40,14,0,226.000000,160,0,0,30,65,0,30,14,7,7,0,14,7,7,1,6,0,0,0,0,16,120,7,127,22,105,0,0,0
218,12000247,25,3,116.637432630655,175.000000000000,13.000000000000,2.894713928045,dd0ccd185cfa7f7b,8d15af1f9d36efa1,25b4a029da55c834,200,60,30.000000,240.850000,255.632343,0.300000,1.100000,288.866743,1.566667,288.866743,3.666667,1.454545,0.000000,0.483568,0.507389,0.312500,0.251701,100,256,256,32.000000,0,0,16,16,30,30,14,0,206.000000,220,0,0,17,54,0,17,13,6,7,0,13,7,7,0,7,0,0,0,0,4,140,0,140,11,129,0,0,0
219,12000248,25,3,133.210179507934,75.000000000000,15.000000000000,2.552604735764,1e7b389be80a5285,8d15af1f9d36efa1,9aa2d100c579c11c,200,105,52.500000,184.323810,233.651139,0.700000,2.000000,217.951231,1.764286,204.764894,2.742857,1.795139,0.000000,0.487544,0.578059,0.257732,0.330233,100,248,248,32.000000,0,0,16,16,66,66,10,0,274.000000,288,0,0,54,96,0,54,12,7,5,0,12,5,5,2,3,0,0,0,0,42,60,35,95,45,50,0,0,0
220,12000249,25,3,497.196548338988,425.000000000000,13.000000000000,2.819315758144,5867c8ed37517342,8d15af1f9d36efa1,9a845000c55fe85a,200,18,9.000000,147.555556,299.347699,0.200000,0.300000,87.672448,1.750000,93.508917,1.611111,1.620690,0.000000,0.930622,0.660441,0.775194,0.898955,100,224,224,31.000000,0,0,16,15,121,121,16,4,389.000000,29,0,0,111,16,0,111,8,0,8,0,8,8,8,2,6,0,0,0,0,103,160,22,182,109,73,0,0,0
221,12000250,25,3,470.728397050379,75.000000000000,12.000000000000,2.636300591858,69179964147298ce,8d15af1f9d36efa1,73e300ca4951d241,200,51,25.500000,271.196078,239.755360,0.800000,3.400000,316.979287,1.522321,292.555762,3.647059,1.983871,0.000000,0.679310,0.663300,0.349650,0.584821,100,304,304,32.000000,0,0,16,16,129,129,4,0,394.000000,186,0,0,120,44,0,120,9,7,2,0,9,2,2,0,2,0,0,0,0,111,40,109,149,113,36,0,0,0
222,12000251,25,3,89.686836704600,325.000000000000,22.000000000000,2.276924244000,82910097879d7a85,8d15af1f9d36efa1,9a953500c56e2dac,200,95,47.500000,196.957895,220.715074,0.500000,1.500000,218.207610,1.900000,221.889682,3.063158,1.735395,0.000000,0.428291,0.521531,0.255754,0.228117,100,264,264,32.000000,0,0,16,16,38,38,10,0,218.000000,291,0,0,30,85,0,23,15,10,5,0,15,5,5,0,5,0,0,0,0,15,100,5,105,20,85,0,0,0
223,12000252,25,3,402.731752845295,75.000000000000,12.000000000000,1.839486111509,abc5d02070bec9d7,8d15af1f9d36efa1,9a6fd700c54e71b5,200,93,46.500000,125.602151,243.977507,0.500000,0.800000,122.875542,1.466667,113.224772,1.494624,1.381295,0.000000,0.637076,0.549550,0.418410,0.446215,100,320,320,32.000000,0,0,16,16,50,50,12,0,244.000000,139,0,0,36,84,0,36,14,8,6,0,14,6,6,1,5,0,0,0,0,22,100,7,107,27,80,0,0,0
224,12000253,25,3,338.016961731775,425.000000000000,9.000000000000,2.836994661100,5cf78609bcf66a55,8d15af1f9d36efa1,9a691100c548b595,200,20,10.000000,135.300000,277.570453,0.100000,0.100000,89.128367,1.000000,89.128367,1.000000,1.000000,0.000000,0.909091,0.500000,0.833333,0.772727,100,232,232,32.000000,0,0,16,16,24,24,20,2,200.000000,20,0,0,12,18,0,12,11,1,10,0,11,10,10,1,9,0,0,0,0,1,180,0,180,10,170,0,0,0
225,12000254,25,3,98.318440897893,175.000000000000,22.000000000000,1.966075634001,922a8fa684ed0cf7,8d15af1f9d36efa1,9a87a900c562b56c,200,100,50.000000,193.380000,279.703090,0.500000,1.400000,214.786171,1.300000,214.786171,2.800000,1.428571,0.000000,0.421488,0.504950,0.263158,0.204545,100,224,224,32.000000,0,0,16,16,30,30,12,0,204.000000,280,0,0,15,90,0,15,15,9,6,0,15,6,6,1,5,0,0,0,0,0,100,0,100,5,95,0,0,0
226,12000255,25,3,470.548144109589,425.000000000000,14.000000000000,2.472536884996,8209b2c4c6467511,8d15af1f9d36efa1,f776d04f66ee53ca,200,19,9.500000,254.210526,279.390459,0.300000,0.900000,220.987572,2.000000,257.680229,3.578947,2.132353,0.000000,0.863454,0.682540,0.595238,0.814208,100,248,248,32.000000,0,0,16,16,142,142,14,4,430.000000,68,0,0,133,17,0,133,7,0,7,0,7,7,7,2,5,0,0,0,0,126,140,41,181,131,50,0,0,0
227,12000256,25,3,392.124968918103,325.000000000000,18.000000000000,2.445667428813,a4de5679f61ac630,8d15af1f9d36efa1,9a7a0700c55717ca,200,40,20.000000,84.900000,251.628055,0.200000,0.200000,55.527145,2.000000,55.527145,1.000000,2.000000,0.000000,0.831933,0.497487,0.714286,0.622642,100,224,224,32.000000,0,0,16,16,24,24,18,0,198.000000,40,0,0,12,36,0,12,12,3,9,0,12,9,9,1,8,0,0,0,0,0,160,0,160,8,152,0,0,0
228,12000257,25,3,98.001101675962,425.000000000000,15.000000000000,1.890357535497,cef43affdee4d352,8d15af1f9d36efa1,d489724f531194c5,200,26,13.000000,120.500000,250.551338,0.200000,0.300000,91.598635,1.500000,91.598635,1.500000,1.333333,0.000000,0.878505,0.585062,0.719424,0.793651,100,384,384,32.000000,0,0,16,16,65,65,20,0,282.000000,39,0,0,55,24,0,55,10,0,10,0,10,10,10,2,8,0,0,0,0,45,160,14,174,53,121,0,0,0
229,12000258,25,3,8.938407966938,425.000000000000,13.000000000000,2.852817925645,5a82a705e82aa7da,8d15af1f9d36efa1,9aa63200c57c9bc6,200,70,35.000000,200.442857,183.489004,0.600000,1.100000,144.844175,1.500000,192.736702,2.414286,1.000000,0.000000,0.654397,0.615385,0.371747,0.526611,100,216,216,32.000000,0,0,16,16,87,87,14,0,320.000000,169,0,0,75,62,0,75,12,5,7,0,12,7,7,3,4,0,0,0,0,63,80,50,130,67,63,0,0,0
230,12000259,25,3,452.568181011695,325.000000000000,24.000000000000,1.710081251784,5cf2fbdc2bc52837,8d15af1f9d36efa1,dd1e924f57e84fc5,200,37,18.500000,178.621622,275.637149,0.200000,0.500000,203.455237,1.833333,206.391509,2.540541,1.787234,0.000000,0.692810,0.514563,0.515464,0.459770,100,240,240,32.000000,0,0,16,16,33,33,14,0,212.000000,94,0,0,22,33,0,22,11,4,7,0,11,7,7,0,7,0,0,0,0,11,160,3,163,18,145,0,0,0
231,12000260,25,3,21.585812744550,75.000000000000,16.000000000000,2.114206368595,88fe45811f6d642c,8d15af1f9d36efa1,a7e7a30d189de15b,200,5,2.500000,287.000000,323.070752,0.200000,1.000000,339.413308,1.000000,209.179115,3.000000,1.000000,0.000000,0.949153,0.583333,0.869565,0.907975,100,176,176,32.000000,0,0,16,16,65,65,18,0,280.000000,15,0,0,56,4,0,56,9,0,9,0,9,9,9,1,8,0,0,0,0,47,160,35,195,55,140,0,0,0
232,12000261,25,3,494.081468302354,175.000000000000,22.000000000000,2.922568682720,65e356681fadfc3e,8d15af1f9d36efa1,c79da6ade6e33bd8,200,180,90.000000,191.400000,198.052815,0.900000,2.700000,226.537751,1.769048,232.276543,3.072222,1.770344,0.000000,0.271410,0.507389,0.153139,0.118022,100,296,296,32.000000,0,0,16,16,36,36,2,0,206.000000,553,0,0,19,162,2,17,17,16,1,0,17,1,1,0,1,0,0,0,0,0,20,0,20,1,19,0,0,0
233,12000262,25,3,118.319855383110,75.000000000000,13.000000000000,2.553353523518,69b987e583639d14,8d15af1f9d36efa1,e321d45e44248f24,200,73,36.500000,303.876712,229.527169,0.500000,2.100000,321.799110,1.568889,380.796257,5.000000,1.290411,0.000000,0.419714,0.568966,0.215054,0.265594,100,280,280,32.000000,0,0,16,16,58,58,16,0,264.000000,365,0,0,46,66,0,46,12,4,8,0,12,8,8,3,5,0,0,0,0,34,100,27,127,39,88,0,0,0
234,12000263,25,3,322.070758954783,425.000000000000,12.000000000000,2.209584946061,2846af098608f417,8d15af1f9d36efa1,b3e4659843f56f83,200,33,16.500000,142.030303,259.483977,0.200000,0.400000,131.525803,3.166667,146.385404,2.212121,3.000000,0.000000,0.768987,0.548533,0.578035,0.605405,100,304,304,31.000000,0,0,16,15,48,48,16,2,243.000000,73,0,0,37,30,0,37,10,2,8,0,10,8,8,1,7,0,0,0,0,27,160,7,167,34,133,0,0,0
235,12000264,25,3,236.379162075389,175.000000000000,14.000000000000,1.945426657769,3373c18239e51f55,8d15af1f9d36efa1,95cc66f8ddb62454,200,152,76.000000,394.842105,254.275144,0.900000,6.600000,535.403565,1.267725,519.700749,7.072368,1.256744,0.000000,0.191121,0.559471,0.085106,0.101921,100,216,216,32.000000,0,0,16,16,58,58,6,0,254.000000,1075,0,0,43,138,0,43,15,12,3,0,15,3,3,2,1,0,0,0,0,28,20,28,48,29,19,0,0,0
236,12000265,25,3,328.502375362618,175.000000000000,23.000000000000,1.509508281120,d78e409265c110bb,8d15af1f9d36efa1,1139604f75750c31,200,80,40.000000,139.037500,268.623911,0.400000,0.900000,151.149427,2.083333,152.998394,2.250000,1.777778,0.000000,0.516129,0.489796,0.357143,0.250000,100,288,288,32.000000,0,0,16,16,25,25,10,0,192.000000,180,0,0,13,72,0,13,13,8,5,0,13,5,5,0,5,0,0,0,0,0,120,0,120,5,115,0,0,0
237,12000266,25,3,290.045603613844,175.000000000000,14.000000000000,2.304192891850,e548891a6958ad97,8d15af1f9d36efa1,9a691600c548be14,200,113,56.500000,255.132743,276.450925,0.600000,2.300000,334.858915,1.383333,323.607605,3.761062,1.265882,0.000000,0.334898,0.516908,0.190476,0.161736,100,288,288,32.000000,0,0,16,16,37,37,8,0,214.000000,425,0,0,22,102,0,22,15,11,4,0,15,4,4,0,4,0,0,0,0,7,80,7,87,11,76,0,0,0
238,12000267,25,3,190.337670898805,425.000000000000,13.000000000000,1.865779329047,8b62e2565abe84ec,8d15af1f9d36efa1,568f744f9cbdbc02,200,40,20.000000,171.125000,286.510672,0.200000,0.500000,167.576372,1.000000,167.576372,2.500000,1.000000,0.000000,0.732620,0.578059,0.500000,0.586777,100,216,216,32.000000,0,0,16,16,64,64,14,2,274.000000,100,0,0,52,36,0,52,11,4,7,0,11,7,7,0,7,0,0,0,0,41,160,0,160,48,112,0,0,0
239,12000268,25,3,11.506795952220,425.000000000000,13.000000000000,2.769662442702,6283c9149d86895a,8d15af1f9d36efa1,7447766566082628,200,46,23.000000,247.760870,271.655046,0.300000,0.900000,223.584005,1.466667,251.472228,3.304348,1.572368,0.000000,0.620000,0.553571,0.396825,0.432836,100,232,232,32.000000,0,0,16,16,48,48,20,0,248.000000,152,0,0,36,41,0,36,12,2,10,0,12,10,10,3,7,0,0,0,0,24,140,14,154,31,123,0,0,0
240,12000269,25,3,88.499829428495,325.000000000000,17.000000000000,2.768235270125,5360790263568b8a,8d15af1f9d36efa1,973e330810dd10b9,200,60,30.000000,312.950000,274.085179,0.300000,1.600000,395.347325,1.095238,395.347325,5.333333,1.125000,0.000000,0.420290,0.537037,0.238095,0.238095,100,160,160,32.000000,0,0,16,16,42,42,16,0,232.000000,320,0,0,29,54,0,29,13,5,8,0,13,8,8,1,7,0,0,0,0,16,140,0,140,23,117,0,0,0
241,12000270,25,3,325.093931731948,425.000000000000,10.000000000000,2.732293369371,5b5590d9ebdd5178,8d15af1f9d36efa1,9a7d7500c55a088b,200,20,10.000000,90.450000,275.807672,0.100000,0.100000,79.359624,2.000000,79.359624,1.000000,2.000000,0.000000,0.921260,0.539171,0.833333,0.836066,100,264,264,32.000000,0,0,16,16,42,42,18,0,234.000000,20,0,0,31,18,0,31,11,2,9,0,11,9,9,0,9,0,0,0,0,20,180,0,180,29,151,0,0,0
242,12000271,25,3,224.197884885521,175.000000000000,13.000000000000,1.537822167001,11456c33a97145f1,8d15af1f9d36efa1,3c43a0fc53596885,200,40,20.000000,205.175000,332.050328,0.200000,0.600000,225.277998,1.333333,225.277998,3.000000,1.333333,0.000000,0.620253,0.494949,0.454545,0.347826,100,208,208,32.000000,0,0,16,16,24,24,16,0,196.000000,120,0,0,12,36,0,12,12,4,8,0,12,8,8,0,8,0,0,0,0,0,160,0,160,8,152,0,0,0
243,12000272,25,3,140.210323735209,425.000000000000,13.000000000000,2.499521592636,90fc1b1272ddab8d,8d15af1f9d36efa1,89a384f7095ef14,200,60,30.000000,229.666667,274.072167,0.300000,1.100000,288.791509,1.444444,288.791509,3.666667,1.363636,0.000000,0.473684,0.497487,0.312500,0.230769,100,200,200,32.000000,0,0,16,16,26,26,14,0,198.000000,220,0,0,13,54,0,13,13,6,7,0,13,7,7,0,7,0,0,0,0,0,140,0,140,7,133,0,0,0
244,12000273,25,3,248.519815814414,75.000000000000,12.000000000000,1.821391595084,a53d0179f12386c9,8d15af1f9d36efa1,48120a900b57d853,200,113,56.500000,169.530973,144.118376,0.700000,1.400000,146.446857,1.619048,165.019420,2.176991,1.487805,0.000000,0.508000,0.559471,0.289017,0.331522,100,288,288,32.000000,0,0,16,16,58,58,6,6,254.000000,246,0,0,41,102,0,41,14,11,3,0,14,3,3,0,3,0,0,0,0,27,60,27,87,30,57,0,0,0
245,12000274,25,3,183.600734652292,75.000000000000,14.000000000000,1.851607609707,8ed1e8a077037b48,8d15af1f9d36efa1,0,200,0,0.000000,NA,288.797707,0.000000,0.000000,nan,nan,NA,NA,NA,NA,1.000000,0.565217,1.000000,1.000000,100,224,224,32.000000,0,0,16,16,56,56,16,0,260.000000,0,0,0,48,0,0,48,8,0,8,0,8,8,8,0,8,0,0,0,0,40,200,0,200,48,152,0,0,0
246,12000275,25,3,145.372834731028,325.000000000000,14.000000000000,2.891264788854,ec9203115abf076a,8d15af1f9d36efa1,b7ceb25e11b6cfe4,200,100,50.000000,332.890000,275.598763,0.500000,2.900000,424.089500,1.403571,424.089500,5.800000,1.413793,0.000000,0.271357,0.519231,0.147059,0.126506,100,224,224,32.000000,0,0,16,16,35,35,14,0,216.000000,580,0,0,20,90,0,20,15,8,7,0,15,7,7,2,5,0,0,0,0,5,100,0,100,10,90,0,0,0
247,12000276,25,3,288.103024862688,75.000000000000,7.000000000000,1.598849674380,8f4faa6f00cdfff0,8d15af1f9d36efa1,0,200,0,0.000000,NA,312.452549,0.200000,0.800000,348.628379,2.800000,NA,NA,NA,NA,1.000000,0.600000,1.000000,1.000000,100,328,328,32.000000,0,0,16,16,77,77,14,0,300.000000,0,0,0,70,0,0,70,7,0,7,0,7,7,7,0,7,0,0,0,0,63,160,40,200,70,130,0,0,0
248,12000277,25,3,381.650559893837,325.000000000000,22.000000000000,2.003981306546,29d803cf8c87383b,8d15af1f9d36efa1,3942bf7c7bdff302,200,130,65.000000,412.553846,296.378606,0.700000,4.500000,530.138095,1.523810,538.262769,6.538462,1.711765,0.000000,0.220183,0.545455,0.105263,0.112735,100,248,248,32.000000,0,0,16,16,44,44,20,0,240.000000,850,0,0,27,116,0,27,17,7,10,0,17,10,10,7,3,0,0,0,0,10,60,10,70,13,57,0,0,0
249,12000278,25,3,488.567952334671,175.000000000000,24.000000000000,2.215937200429,21c937d7c06202ca,8d15af1f9d36efa1,7c8c689110b64db7,200,135,67.500000,310.111111,257.068631,0.700000,3.800000,422.706771,2.103401,387.931757,5.259259,1.774648,0.000000,0.239829,0.528302,0.123457,0.114713,100,312,312,32.000000,0,0,16,16,39,39,14,0,224.000000,710,0,0,22,121,0,22,17,10,7,0,17,7,7,4,3,0,0,0,0,5,60,5,65,8,57,0,0,0
250,12000279,25,3,202.621204092885,175.000000000000,16.000000000000,1.673369766773,adb39d80567de1a1,8d15af1f9d36efa1,1a0bbe4f7a7fdea9,200,36,18.000000,111.722222,309.909333,0.200000,0.300000,70.514412,1.000000,65.526472,1.444444,1.000000,0.000000,0.798450,0.507389,0.657895,0.587302,100,304,304,32.000000,0,0,16,16,28,28,18,0,206.000000,52,0,0,16,32,0,16,12,3,9,0,12,9,9,1,8,0,0,0,0,4,160,4,164,12,152,0,0,0
251,12000280,25,3,283.734484503722,425.000000000000,12.000000000000,1.567516913399,54200f567d5cc823,8d15af1f9d36efa1,f0af8d9866701135,200,15,7.500000,188.000000,238.548270,0.300000,0.600000,146.187949,1.722222,98.918148,1.266667,1.894737,0.000000,0.947658,0.632353,0.840336,0.917749,100,232,232,32.000000,0,0,16,16,98,98,16,0,344.000000,19,0,0,90,13,0,90,8,0,8,0,8,8,8,2,6,0,0,0,0,82,140,45,185,88,97,0,0,0
252,12000281,25,3,351.714007937274,325.000000000000,18.000000000000,1.942995443283,c717452607b4bdde,8d15af1f9d36efa1,c195d10d27134a32,200,40,20.000000,154.500000,249.989456,0.200000,0.500000,175.759069,1.750000,175.759069,2.500000,1.600000,0.000000,0.662162,0.494949,0.500000,0.390244,100,248,248,32.000000,0,0,16,16,24,24,16,0,196.000000,100,0,0,12,36,0,12,12,4,8,0,12,8,8,0,8,0,0,0,0,0,160,0,160,8,152,0,0,0
253,12000282,25,3,86.936218489059,175.000000000000,12.000000000000,2.780595618185,aedcc638132dc4f7,8d15af1f9d36efa1,0,200,0,0.000000,NA,296.121249,0.000000,0.000000,nan,nan,NA,NA,NA,NA,1.000000,0.500000,1.000000,1.000000,100,256,256,32.000000,0,0,16,16,24,24,20,2,200.000000,0,0,0,13,0,0,13,10,0,10,0,10,10,10,0,10,0,0,0,0,3,200,0,200,13,187,0,0,0
254,12000283,25,3,143.801026264853,175.000000000000,16.000000000000,2.658775039370,f90a1b5e7ec2a867,8d15af1f9d36efa1,d4ece9f38c2ee797,200,58,29.000000,147.931034,209.534472,0.300000,0.600000,145.057694,2.222222,155.894921,2.189655,2.480315,0.000000,0.623145,0.512195,0.440529,0.380488,100,312,312,32.000000,0,0,16,16,32,32,14,0,210.000000,127,0,0,19,52,0,19,13,6,7,0,13,7,7,0,7,0,0,0,0,6,140,2,142,13,129,0,0,0
255,12000284,25,3,172.998326883012,325.000000000000,10.000000000000,2.714491885647,dbc367a4853a8a9f,8d15af1f9d36efa1,baacd4e4fec34151,200,26,13.000000,172.538462,212.926011,0.200000,0.600000,213.281850,1.600000,210.175385,3.000000,1.833333,0.000000,0.783934,0.585921,0.561798,0.660870,100,304,304,31.000000,0,0,16,15,70,70,12,0,283.000000,78,0,0,62,24,0,62,8,2,6,0,8,6,6,0,6,0,0,0,0,54,160,14,174,60,114,0,0,0
256,12000285,25,3,427.129238862937,175.000000000000,19.000000000000,1.838742254721,643bb1cc0f586ed7,8d15af1f9d36efa1,9a65ad00c545d5d2,200,20,10.000000,77.050000,272.041421,0.100000,0.100000,27.016517,1.000000,27.016517,1.000000,1.000000,0.000000,0.917355,0.526066,0.833333,0.818182,100,256,256,32.000000,0,0,16,16,35,35,20,0,222.000000,20,0,0,24,18,0,24,11,1,10,0,11,10,10,1,9,0,0,0,0,13,180,0,180,22,158,0,0,0
257,12000286,25,3,459.121840799793,75.000000000000,18.000000000000,2.176777696395,aaacb60a36117a37,8d15af1f9d36efa1,9a734800c551678f,200,45,22.500000,115.755556,246.846691,0.400000,0.500000,87.952398,1.000000,85.519596,1.244444,1.000000,0.000000,0.835294,0.586777,0.641026,0.730769,100,232,232,32.000000,0,0,16,16,68,68,16,0,284.000000,56,0,0,59,41,1,58,9,1,8,0,9,8,8,2,6,0,0,0,0,49,120,35,155,55,100,0,0,0
258,12000287,25,3,211.246558506497,175.000000000000,11.000000000000,1.782818180817,123332445f5aad54,8d15af1f9d36efa1,bef48a3f282a5922,200,91,45.500000,393.197802,228.865233,0.600000,3.700000,540.013404,1.934524,529.065960,6.208791,1.840708,0.000000,0.306748,0.555556,0.150376,0.172767,100,280,280,32.000000,0,0,16,16,53,53,12,0,250.000000,565,0,0,41,83,0,41,12,6,6,0,12,6,6,2,4,0,0,0,0,29,80,29,109,33,76,0,0,0
259,12000288,25,3,287.205511941236,325.000000000000,13.000000000000,1.624121190330,7686104d0438d964,8d15af1f9d36efa1,e2e12af417fd894e,200,100,50.000000,233.540000,253.448361,0.500000,1.700000,256.568745,1.966667,257.276862,3.400000,1.823529,0.000000,0.386282,0.516908,0.227273,0.194313,100,288,288,32.000000,0,0,16,16,30,30,22,0,214.000000,340,0,0,15,90,0,15,15,4,11,0,15,11,11,6,5,0,0,0,0,0,100,0,100,5,95,0,0,0
260,12000289,25,3,280.063047189592,175.000000000000,17.000000000000,1.804580430242,ec45d108d5789784,8d15af1f9d36efa1,9a623400c542d260,200,100,50.000000,151.920000,303.023259,0.500000,0.900000,139.151090,1.950000,144.035200,1.800000,1.888889,0.000000,0.528796,0.502488,0.357143,0.280000,100,280,280,32.000000,0,0,16,16,30,30,10,0,202.000000,180,0,0,22,90,0,15,15,10,5,0,15,5,5,0,5,0,0,0,0,7,100,0,100,12,88,0,0,0
261,12000290,25,3,435.066975153399,175.000000000000,22.000000000000,2.062616146912,369b83545fa34fbc,8d15af1f9d36efa1,5909722b1b0381ef,200,100,50.000000,264.380000,267.146370,0.500000,2.200000,329.117154,1.170000,329.117154,4.400000,1.181818,0.000000,0.339339,0.530516,0.185185,0.176030,100,208,208,32.000000,0,0,16,16,41,41,12,0,226.000000,440,0,0,26,90,0,26,15,9,6,0,15,6,6,1,5,0,0,0,0,11,100,0,100,16,84,0,0,0
262,12000291,25,3,484.832866499118,325.000000000000,23.000000000000,2.069071410559,8bd41dea6cc49539,8d15af1f9d36efa1,dd7a4d4f58363933,200,16,8.000000,153.000000,254.405899,0.100000,0.200000,108.172165,2.500000,135.673020,2.000000,3.500000,0.000000,0.883212,0.547511,0.757576,0.774648,100,272,272,32.000000,0,0,16,16,46,46,18,0,242.000000,32,0,0,38,14,0,38,11,2,9,0,11,9,9,0,9,0,0,0,0,27,180,4,184,36,148,0,0,0
263,12000292,25,3,142.732937218463,425.000000000000,15.000000000000,1.700255306677,eae8b8d2d9f651a1,8d15af1f9d36efa1,0,200,0,0.000000,NA,326.121260,0.000000,0.000000,nan,nan,NA,NA,NA,NA,1.000000,0.625468,1.000000,1.000000,100,192,192,32.000000,0,0,16,16,95,95,12,0,334.000000,0,0,0,89,0,0,89,6,0,6,0,6,6,6,0,6,0,0,0,0,83,200,0,200,89,111,0,0,0
264,12000293,25,3,121.594069521054,425.000000000000,16.000000000000,2.623900141041,5b846647d195a02a,8d15af1f9d36efa1,280a77ebbfd25b72,200,93,46.500000,147.354839,214.403366,0.500000,0.800000,133.316811,1.733333,136.443506,1.645161,1.915033,0.000000,0.598425,0.532710,0.395257,0.385542,100,248,248,32.000000,0,0,16,16,42,42,12,2,228.000000,153,0,0,27,84,0,27,14,8,6,0,14,6,6,1,5,0,0,0,0,13,100,7,107,18,89,0,0,0
265,12000294,25,3,338.378008353369,175.000000000000,20.000000000000,1.510939705617,f589968d34a487fb,8d15af1f9d36efa1,9a623a00c542dc92,200,75,37.500000,108.600000,238.699507,0.400000,0.400000,65.963042,2.750000,87.852369,1.413333,3.367925,0.000000,0.680723,0.530516,0.485437,0.470000,100,344,344,32.000000,0,0,16,16,41,41,12,0,226.000000,106,0,0,27,67,0,27,14,8,6,0,14,6,6,0,6,0,0,0,0,13,120,5,125,19,106,0,0,0
266,12000295,25,3,368.588765045578,325.000000000000,12.000000000000,2.686662022752,da13e1b45c2e89a6,8d15af1f9d36efa1,9a65b000c545daeb,200,20,10.000000,119.600000,286.749162,0.100000,0.100000,91.434723,2.000000,91.434723,1.000000,2.000000,0.000000,0.907407,0.494949,0.833333,0.761905,100,224,224,32.000000,0,0,16,16,22,22,20,0,196.000000,20,0,0,11,18,0,11,11,1,10,0,11,10,10,1,9,0,0,0,0,0,180,0,180,9,171,0,0,0
267,12000296,25,3,82.147265353412,75.000000000000,14.000000000000,1.601643476606,fa1ca2c5db8e7a4a,8d15af1f9d36efa1,9802494f30d0be2c,200,83,41.500000,242.277108,258.572236,0.600000,2.000000,264.449365,2.233333,275.580117,3.638554,2.003311,0.000000,0.472028,0.574468,0.248756,0.313636,100,288,288,32.000000,0,0,16,16,61,61,16,0,270.000000,302,0,0,49,75,0,49,12,4,8,0,12,8,8,4,4,0,0,0,0,37,80,37,117,41,76,0,0,0
268,12000297,25,3,121.992726904170,75.000000000000,12.000000000000,2.868260545800,4abfcab58abdff57,8d15af1f9d36efa1,9abab300c58e2003,200,102,51.000000,172.392157,225.048911,0.600000,1.400000,164.089688,1.475000,180.164636,2.568627,1.404580,0.000000,0.498084,0.565217,0.276243,0.328205,100,320,320,32.000000,0,0,16,16,59,59,10,0,260.000000,262,0,0,44,91,0,44,15,10,5,0,15,5,5,1,4,0,0,0,0,29,80,18,98,33,65,0,0,0
269,12000298,25,3,190.070602652222,175.000000000000,19.000000000000,2.353035918360,a7de113ff966c6e6,8d15af1f9d36efa1,cc24054f4e637ab0,200,138,69.000000,239.384058,241.227458,0.700000,2.700000,298.730948,1.807143,298.667939,3.884058,1.850746,0.000000,0.281501,0.512195,0.157233,0.127036,100,288,288,32.000000,0,0,16,16,36,36,6,0,210.000000,536,0,0,19,124,0,19,17,14,3,0,17,3,3,0,3,0,0,0,0,2,60,2,62,5,57,0,0,0
270,12000299,25,3,350.963776680990,425.000000000000,9.000000000000,2.463054679229,a2ec29c8dc7a6111,8d15af1f9d36efa1,9a690c00c548ad16,200,72,36.000000,144.250000,183.116509,0.500000,0.800000,141.856473,2.200000,128.559763,1.444444,2.201923,0.000000,0.707865,0.557522,0.490196,0.535714,100,256,256,32.000000,0,0,16,16,52,52,16,0,252.000000,104,0,0,40,65,0,40,12,4,8,0,12,8,8,3,5,0,0,0,0,28,100,28,128,33,95,0,0,0
271,12000300,25,3,200.323199056498,75.000000000000,12.000000000000,1.575294963154,c1cb599bc2db8cd3,8d15af1f9d36efa1,9a623500c542d413,200,20,10.000000,93.650000,342.223530,0.100000,0.100000,57.719836,1.000000,57.719836,1.000000,1.000000,0.000000,0.922481,0.543379,0.833333,0.841270,100,264,264,32.000000,0,0,16,16,45,45,16,0,238.000000,20,0,0,35,18,0,35,10,2,8,0,10,8,8,0,8,0,0,0,0,25,180,0,180,33,147,0,0,0
272,12000301,25,3,164.305086563963,175.000000000000,20.000000000000,1.972044879079,c228978ed20850dc,8d15af1f9d36efa1,34233b4f894eb6c6,200,80,40.000000,176.712500,239.124196,0.400000,1.200000,228.894571,2.270833,210.749352,3.000000,2.166667,0.000000,0.454545,0.500000,0.294118,0.220779,100,280,280,32.000000,0,0,16,16,28,28,12,0,200.000000,240,0,0,14,72,0,14,14,8,6,0,14,6,6,0,6,0,0,0,0,0,120,0,120,6,114,0,0,0
273,12000302,25,3,143.285285646143,75.000000000000,17.000000000000,2.029072540000,c84e4dedfe337bf2,8d15af1f9d36efa1,9a65b200c545de51,200,120,60.000000,116.725000,172.054383,0.600000,1.000000,106.453682,1.527778,106.453682,1.666667,1.600000,0.000000,0.504950,0.504950,0.333333,0.264706,100,264,264,32.000000,0,0,16,16,32,32,8,0,204.000000,200,0,0,16,108,0,16,16,12,4,0,16,4,4,0,4,0,0,0,0,0,80,0,80,4,76,0,0,0
274,12000303,25,3,249.350747623045,425.000000000000,8.000000000000,2.061451988861,34abdefd6d5eea98,8d15af1f9d36efa1,b208e14f3f9150f7,200,36,18.000000,250.916667,256.702863,0.600000,1.800000,220.754904,1.805556,239.652575,3.111111,1.910714,0.000000,0.802120,0.694190,0.471698,0.741935,100,280,280,32.000000,0,0,16,16,156,156,10,0,454.000000,112,0,0,150,31,0,150,6,1,5,0,6,5,5,4,1,0,0,0,0,144,80,84,164,145,19,0,0,0
275,12000304,25,3,489.395100824875,75.000000000000,17.000000000000,2.468564608912,3a8c8f2211535c26,8d15af1f9d36efa1,3a348fafab861f8b,200,11,5.500000,303.636364,284.117316,0.200000,0.500000,207.307215,1.750000,354.613542,4.000000,1.500000,0.000000,0.920434,0.717913,0.694444,0.895735,100,336,336,31.000000,0,0,16,15,187,187,4,30,509.000000,44,0,0,171,10,0,171,2,0,2,0,2,2,2,1,1,0,0,0,0,169,160,29,189,170,19,0,0,0
276,12000305,25,3,12.148270264996,325.000000000000,21.000000000000,2.902145957020,1f9c4feccb540667,8d15af1f9d36efa1,b78fbaa8ce5400bc,200,95,47.500000,252.221053,269.143332,0.500000,2.000000,295.519178,1.743333,296.845944,4.052632,1.825974,0.000000,0.365733,0.526066,0.206186,0.189474,100,320,320,32.000000,0,0,16,16,37,37,16,0,222.000000,385,0,0,22,85,0,22,15,7,8,0,15,8,8,3,5,0,0,0,0,7,100,5,105,12,93,0,0,0
277,12000306,25,3,458.293726045880,75.000000000000,19.000000000000,2.020081698238,8e7415e322f627f7,8d15af1f9d36efa1,dc6c12475b882b13,200,26,13.000000,176.230769,247.876410,0.200000,0.400000,152.867530,1.166667,152.867530,2.000000,1.250000,0.000000,0.831169,0.561404,0.657895,0.704545,100,240,240,32.000000,0,0,16,16,52,52,20,0,256.000000,52,0,0,42,24,0,42,10,0,10,0,10,10,10,2,8,0,0,0,0,32,160,14,174,40,134,0,0,0
278,12000307,25,3,271.055332426776,75.000000000000,10.000000000000,1.678912330206,d28337ee91f2c4ac,8d15af1f9d36efa1,69b741316832c466,200,73,36.500000,254.479452,289.028327,0.400000,1.600000,302.683852,1.550000,309.551026,3.904110,1.603509,0.000000,0.428858,0.516908,0.259740,0.223433,100,264,264,32.000000,0,0,16,16,34,34,14,0,214.000000,285,0,0,22,66,0,22,12,5,7,0,12,7,7,2,5,0,0,0,0,10,120,7,127,15,112,0,0,0
279,12000308,25,3,96.093617034405,325.000000000000,14.000000000000,2.612476309402,499164f7b265d720,8d15af1f9d36efa1,2aee804f83f07bec,200,38,19.000000,157.763158,318.759642,0.200000,0.400000,123.520113,3.000000,127.554928,2.000000,2.736842,0.000000,0.761006,0.547511,0.568182,0.591398,100,312,312,32.000000,0,0,16,16,47,47,16,2,242.000000,76,0,0,35,34,0,35,12,4,8,0,12,8,8,0,8,0,0,0,0,23,160,2,162,31,131,0,0,0
280,12000309,25,3,479.873259072490,325.000000000000,21.000000000000,1.659858837954,40c1a55f09c97ab1,8d15af1f9d36efa1,9a690800c548a64a,200,60,30.000000,91.250000,237.850204,0.300000,0.400000,79.687438,1.000000,79.687438,1.333333,1.000000,0.000000,0.735099,0.526066,0.555556,0.529412,100,224,224,32.000000,0,0,16,16,38,38,14,0,222.000000,80,0,0,25,54,0,25,13,6,7,0,13,7,7,0,7,0,0,0,0,12,140,0,140,19,121,0,0,0
281,12000310,25,3,76.895851364121,175.000000000000,19.000000000000,2.125199077660,43576ff2ef1848fa,8d15af1f9d36efa1,9a6c6f00c54b8b26,200,77,38.500000,129.259740,234.783467,0.400000,0.800000,96.184780,2.000000,98.387543,2.038961,2.127389,0.000000,0.572207,0.512195,0.389105,0.331915,100,272,272,32.000000,0,0,16,16,30,30,18,0,210.000000,157,0,0,17,69,0,17,14,5,9,0,14,9,9,3,6,0,0,0,0,3,120,3,123,9,114,0,0,0
282,12000311,25,3,323.519904783778,175.000000000000,19.000000000000,1.596566768290,9cf7c7cc9f1547d7,8d15af1f9d36efa1,de5f962775889266,200,152,76.000000,371.085526,405.467536,0.800000,4.800000,445.951078,1.920536,445.486146,5.993421,1.879254,0.000000,0.211255,0.549550,0.098912,0.109482,100,312,312,32.000000,0,0,16,16,51,51,10,12,244.000000,911,0,0,29,136,2,27,16,11,5,0,16,5,5,3,2,0,0,0,0,11,40,8,48,13,35,0,0,0
283,12000312,25,3,287.786166122216,325.000000000000,11.000000000000,2.225015436902,3e90b6c24e0f5881,8d15af1f9d36efa1,a5cf0c9acc8119e,200,200,100.000000,310.890000,255.061208,1.000000,4.700000,387.137250,1.782540,383.697540,4.700000,1.680851,0.000000,0.195205,0.532710,0.096154,0.092664,100,296,296,32.000000,0,0,16,16,40,40,16,0,228.000000,940,0,0,20,180,0,20,20,12,8,0,20,8,8,8,0,0,0,0,0,0,0,0,0,0,0,0,0,0
284,12000313,25,3,291.786567724500,425.000000000000,12.000000000000,2.468815415781,c496380ebe7faee1,8d15af1f9d36efa1,e3ca301d31ab4e30,200,20,10.000000,192.700000,287.762920,0.200000,0.400000,129.266972,1.166667,215.206880,3.000000,1.333333,0.000000,0.831461,0.596774,0.625000,0.732143,100,216,216,32.000000,0,0,16,16,76,76,12,0,296.000000,60,0,0,68,18,0,68,8,2,6,0,8,6,6,0,6,0,0,0,0,60,160,20,180,66,114,0,0,0
285,12000314,25,3,255.631737698114,425.000000000000,8.000000000000,1.695698988696,59b0503ea541fca1,8d15af1f9d36efa1,ee9dab4f61ddc37f,200,39,19.500000,183.564103,237.641636,0.400000,1.100000,189.381049,2.050000,206.072242,3.000000,2.111111,0.000000,0.739421,0.624060,0.460829,0.630915,100,320,320,32.000000,0,0,16,16,95,95,10,0,332.000000,117,0,0,88,36,0,88,7,2,5,0,7,5,5,1,4,0,0,0,0,81,120,41,161,85,76,0,0,0
286,12000315,25,3,124.911453609631,425.000000000000,9.000000000000,2.929929882692,420eb326644108f,8d15af1f9d36efa1,0,200,0,0.000000,NA,226.411312,0.500000,0.700000,97.800617,1.800000,NA,NA,NA,NA,1.000000,0.682540,1.000000,1.000000,100,224,224,32.000000,0,0,16,16,146,146,6,0,430.000000,0,0,0,143,0,0,143,3,0,3,0,3,3,3,0,3,0,0,0,0,140,100,100,200,143,57,0,0,0
287,12000316,25,3,327.256064687482,325.000000000000,21.000000000000,1.743705861200,4c062587da94e02d,8d15af1f9d36efa1,2bce32b10ba548bf,200,96,48.000000,121.500000,187.537781,0.500000,0.800000,129.981076,2.200000,122.870652,1.541667,2.000000,0.000000,0.586592,0.512195,0.403226,0.345133,100,376,376,32.000000,0,0,16,16,35,35,8,0,210.000000,148,0,0,21,86,0,21,14,10,4,0,14,4,4,0,4,0,0,0,0,7,100,4,104,11,93,0,0,0
288,12000317,25,3,387.495859429819,425.000000000000,9.000000000000,2.864859287993,5f9fc082a724694f,8d15af1f9d36efa1,9a8afe00c5657bb2,200,126,63.000000,193.428571,244.681186,0.700000,1.900000,221.492158,1.857143,226.592727,2.785714,1.965812,0.000000,0.391681,0.530516,0.221729,0.211236,100,288,288,32.000000,0,0,16,16,44,44,6,0,226.000000,351,0,0,32,114,0,30,15,12,3,0,15,3,3,0,3,0,0,0,0,17,60,14,74,20,54,0,0,0
289,12000318,25,3,426.492024295470,425.000000000000,13.000000000000,2.393310575196,5f72da1b4e772859,8d15af1f9d36efa1,9a8e8400c568953b,200,19,9.500000,105.368421,262.145269,0.100000,0.100000,51.541579,2.000000,51.541579,1.000000,2.000000,0.000000,0.938511,0.591837,0.840336,0.892655,100,216,216,32.000000,0,0,16,16,69,69,20,0,290.000000,19,0,0,59,17,0,59,11,1,10,0,11,10,10,1,9,0,0,0,0,48,180,1,181,57,124,0,0,0
290,12000319,25,3,491.822677346047,75.000000000000,19.000000000000,1.956325812712,9a16ce16a042c26,8d15af1f9d36efa1,8145122dfafa3bad,200,112,56.000000,214.455357,241.133750,0.600000,1.800000,248.410026,1.513889,248.749452,3.000000,1.488095,0.000000,0.432432,0.561404,0.229358,0.269565,100,328,328,32.000000,0,0,16,16,59,59,6,0,256.000000,336,0,0,56,100,0,44,15,12,3,0,15,3,3,0,3,0,0,0,0,41,80,8,88,44,44,0,0,0
291,12000320,25,3,485.778163515350,325.000000000000,22.000000000000,2.332884456649,da414fde154ff66f,8d15af1f9d36efa1,9aa2cf00c579bdb6,200,111,55.500000,269.846847,282.346620,0.700000,2.900000,319.977899,2.125850,334.867563,4.306306,1.817992,0.000000,0.377604,0.591837,0.173010,0.248428,100,264,264,32.000000,0,0,16,16,75,75,8,0,290.000000,478,0,0,60,99,0,60,15,11,4,0,15,4,4,1,3,0,0,0,0,45,60,29,89,48,41,0,0,0
292,12000321,25,3,10.481695662651,425.000000000000,13.000000000000,2.929661927988,ae4d86be0998e93e,8d15af1f9d36efa1,0,200,0,0.000000,NA,263.474767,0.000000,0.000000,nan,nan,NA,NA,NA,NA,1.000000,0.553571,1.000000,1.000000,100,216,216,32.000000,0,0,16,16,48,48,20,0,248.000000,0,0,0,38,0,0,38,10,0,10,0,10,10,10,0,10,0,0,0,0,28,200,0,200,38,162,0,0,0
293,12000322,25,3,82.696832917479,325.000000000000,19.000000000000,2.963525489366,f02c7102ba22890d,8d15af1f9d36efa1,beff2e70a4c393f4,200,58,29.000000,267.465517,337.075103,0.300000,1.200000,297.160130,1.827778,296.407112,3.982759,1.670996,0.000000,0.485523,0.521531,0.302115,0.271293,100,256,256,32.000000,0,0,16,16,32,32,22,0,218.000000,231,0,0,19,52,0,19,13,2,11,0,13,11,11,4,7,0,0,0,0,6,140,2,142,13,129,0,0,0
294,12000323,25,3,444.239014769781,175.000000000000,16.000000000000,2.345074376648,751d06890b1c1e87,8d15af1f9d36efa1,9a8e6d00c5686e26,200,73,36.500000,133.452055,211.450515,0.400000,0.700000,128.727149,1.625000,136.082422,1.821918,1.601504,0.000000,0.656331,0.559471,0.429185,0.478431,100,232,232,32.000000,0,0,16,16,53,53,16,0,254.000000,133,0,0,40,66,0,40,13,5,8,0,13,8,8,2,6,0,0,0,0,27,120,7,127,33,94,0,0,0
295,12000324,25,3,389.304144077366,325.000000000000,14.000000000000,2.830194675146,a879df4ac43fd7df,8d15af1f9d36efa1,9a6c7300c54b91f2,200,13,6.500000,95.230769,332.089925,0.100000,0.100000,61.632763,1.000000,61.632763,1.000000,1.000000,0.000000,0.943723,0.521531,0.884956,0.868687,100,208,208,32.000000,0,0,16,16,34,34,18,0,218.000000,13,0,0,24,12,0,24,10,1,9,0,10,9,9,0,9,0,0,0,0,14,180,7,187,23,164,0,0,0
296,12000325,25,3,259.981946170606,425.000000000000,16.000000000000,1.774954993421,2273545d97ffca45,8d15af1f9d36efa1,9a625100c54303a7,200,39,19.500000,96.846154,223.269509,0.200000,0.300000,85.378290,1.500000,84.630542,1.487179,1.655172,0.000000,0.802721,0.541284,0.632911,0.641975,100,168,168,32.000000,0,0,16,16,45,45,14,0,236.000000,58,0,0,34,35,0,34,11,4,7,0,11,7,7,0,7,0,0,0,0,23,160,1,161,30,131,0,0,0
297,12000326,25,3,332.139738953625,175.000000000000,15.000000000000,2.737074148093,b748760166ac13d8,8d15af1f9d36efa1,1cc58f80c0de5496,200,60,30.000000,163.233333,252.109352,0.300000,0.800000,191.104384,1.666667,183.800525,2.666667,1.500000,0.000000,0.555556,0.500000,0.384615,0.298246,100,264,264,32.000000,0,0,16,16,26,26,16,0,200.000000,160,0,0,13,54,0,13,13,5,8,0,13,8,8,1,7,0,0,0,0,0,140,0,140,7,133,0,0,0
298,12000327,25,3,482.533957642684,325.000000000000,19.000000000000,2.110065028925,e9af01c25b22ab76,8d15af1f9d36efa1,9a844200c55fd090,200,57,28.500000,116.000000,260.296236,0.300000,0.400000,98.486144,1.500000,99.412215,1.350877,1.779221,0.000000,0.771513,0.565217,0.564972,0.624390,100,216,216,32.000000,0,0,16,16,57,57,14,4,260.000000,77,0,0,42,51,0,42,13,6,7,0,13,7,7,0,7,0,0,0,0,29,140,3,143,36,107,0,0,0
299,12000328,25,3,279.058162563254,425.000000000000,11.000000000000,1.910746064972,46f8e6382cc918ef,8d15af1f9d36efa1,9a6c7300c54b91f2,200,119,59.500000,178.369748,166.176955,0.800000,1.800000,163.743964,2.697917,181.772853,2.563025,2.196721,0.000000,0.510433,0.613900,0.246914,0.378819,100,432,432,32.000000,0,0,16,16,85,85,16,0,318.000000,305,0,0,73,108,0,73,12,4,8,0,12,8,8,7,1,0,0,0,0,61,40,41,81,62,19,0,0,0
300,12000329,25,3,394.007887499447,175.000000000000,17.000000000000,2.602947221647,52663beef0def10f,8d15af1f9d36efa1,0,200,0,0.000000,NA,324.071129,0.000000,0.000000,nan,nan,NA,NA,NA,NA,1.000000,0.484536,1.000000,1.000000,100,240,240,32.000000,0,0,16,16,19,19,18,0,188.000000,0,0,0,10,0,0,10,9,0,9,0,9,9,9,0,9,0,0,0,0,1,200,0,200,10,190,0,0,0
301,12000330,25,3,198.143841715300,425.000000000000,8.000000000000,2.248730341704,d9648e1f868b42ab,8d15af1f9d36efa1,cc1d1d4f4e5d84ca,200,66,33.000000,131.196970,209.721296,0.400000,0.700000,120.523634,2.000000,111.208485,1.696970,1.991071,0.000000,0.668639,0.530516,0.471698,0.456311,100,312,312,32.000000,0,0,16,16,38,38,18,0,226.000000,112,0,0,26,60,0,26,12,3,9,0,12,9,9,3,6,0,0,0,0,14,120,14,134,20,114,0,0,0
302,12000331,25,3,4.293271200957,75.000000000000,12.000000000000,2.823347978676,48f719a36218cd4c,8d15af1f9d36efa1,4a71aba9216af305,200,46,23.000000,137.304348,232.820898,0.300000,0.500000,108.888018,2.555556,109.695188,1.695652,2.051282,0.000000,0.773913,0.571734,0.561798,0.635514,100,264,264,31.000000,0,0,16,15,60,60,16,0,267.000000,78,0,0,48,41,0,48,12,4,8,0,12,8,8,1,7,0,0,0,0,36,140,14,154,43,111,0,0,0
303,12000332,25,3,26.880859453915,425.000000000000,15.000000000000,2.573707989213,221e7e339beff956,8d15af1f9d36efa1,7953f74fb077b4d2,200,45,22.500000,148.600000,267.310817,0.400000,0.800000,143.261245,1.500000,113.083984,1.755556,1.050633,0.000000,0.801008,0.613900,0.558659,0.701887,100,280,280,32.000000,0,0,16,16,85,85,16,0,318.000000,79,0,0,75,40,0,75,10,2,8,0,10,8,8,3,5,0,0,0,0,65,120,35,155,70,85,0,0,0
304,12000333,25,3,175.948705761454,75.000000000000,13.000000000000,2.205449790259,9c4699f5ccf626fc,8d15af1f9d36efa1,47647b156e68a39d,200,60,30.000000,173.583333,276.878814,0.300000,0.800000,199.008919,2.388889,197.311900,2.666667,2.500000,0.000000,0.583333,0.528302,0.384615,0.365079,100,320,320,32.000000,0,0,16,16,39,39,14,0,224.000000,160,0,0,26,54,0,26,13,6,7,0,13,7,7,0,7,0,0,0,0,13,140,0,140,20,120,0,0,0
305,12000334,25,3,162.376160991524,425.000000000000,8.000000000000,2.717366480251,58ffb7cc3aa9f732,8d15af1f9d36efa1,3f6b63203b053f0f,200,13,6.500000,238.153846,368.520793,0.100000,0.400000,275.025692,1.250000,275.025692,4.000000,1.250000,0.000000,0.823129,0.547511,0.657895,0.679012,100,152,152,32.000000,0,0,16,16,46,46,18,0,242.000000,52,0,0,37,12,0,37,9,0,9,0,9,9,9,1,8,0,0,0,0,28,180,7,187,36,151,0,0,0
306,12000335,25,3,11.051066868767,175.000000000000,21.000000000000,2.977425613869,68e547be3493bfd3,8d15af1f9d36efa1,9aa63c00c57cacc4,200,59,29.500000,111.203390,256.410707,0.300000,0.400000,72.633764,2.833333,79.662551,1.338983,2.987342,0.000000,0.758410,0.553571,0.558659,0.594872,100,312,312,32.000000,0,0,16,16,51,51,14,0,248.000000,79,0,0,39,53,0,39,12,5,7,0,12,7,7,1,6,0,0,0,0,27,140,1,141,33,108,0,0,0
307,12000336,25,3,67.530009898577,425.000000000000,9.000000000000,2.643658742596,7633063b8dc89f61,8d15af1f9d36efa1,9a80c800c55ccb6b,200,59,29.500000,191.474576,179.175411,0.700000,1.700000,166.404972,1.466667,165.659538,2.355932,1.402878,0.000000,0.721443,0.642857,0.418410,0.621253,100,224,224,32.000000,0,0,16,16,108,108,12,8,360.000000,139,0,0,95,53,0,95,9,3,6,0,9,6,6,3,3,0,0,0,0,86,60,81,141,89,52,0,0,0
308,12000337,25,3,498.510386310554,425.000000000000,18.000000000000,2.751110634308,fda6433c6169daf3,8d15af1f9d36efa1,79464e4fb06c0b4b,200,80,40.000000,160.375000,213.731865,0.500000,1.500000,222.550335,1.933333,160.428313,2.250000,1.888889,0.000000,0.578454,0.552573,0.357143,0.391892,100,264,264,31.000000,0,0,16,15,51,51,14,0,247.000000,180,0,0,38,72,0,38,13,6,7,0,13,7,7,2,5,0,0,0,0,25,100,20,120,30,90,0,0,0
309,12000338,25,3,380.624156126400,175.000000000000,10.000000000000,2.425604869520,5b79274a160f0ff6,8d15af1f9d36efa1,980c974f30d9973b,200,40,20.000000,216.000000,275.578415,0.200000,0.400000,173.937219,3.750000,173.937219,2.000000,3.750000,0.000000,0.733333,0.523810,0.555556,0.523810,100,304,304,32.000000,0,0,16,16,36,36,16,8,220.000000,80,0,0,20,36,0,20,12,4,8,0,12,8,8,0,8,0,0,0,0,8,160,0,160,16,144,0,0,0
310,12000339,25,3,68.375812656933,425.000000000000,12.000000000000,2.915373700404,323c68ebc5854198,8d15af1f9d36efa1,ec67e2da84b7282b,200,9,4.500000,213.888889,329.071096,0.100000,0.300000,196.874648,1.333333,196.874648,3.000000,1.333333,0.000000,0.914826,0.591837,0.787402,0.854054,100,232,232,32.000000,0,0,16,16,69,69,20,0,290.000000,27,0,0,61,8,0,61,10,0,10,0,10,10,10,1,9,0,0,0,0,51,180,11,191,60,131,0,0,0
311,12000340,25,3,208.202840716055,325.000000000000,9.000000000000,1.758097888879,93f9cb6ab6557a82,8d15af1f9d36efa1,e0b992c9f5fe08ee,200,20,10.000000,201.250000,278.163271,0.100000,0.300000,228.869703,1.333333,228.869703,3.000000,1.333333,0.000000,0.772727,0.504950,0.625000,0.545455,100,216,216,32.000000,0,0,16,16,27,27,18,10,204.000000,60,0,0,11,18,0,11,11,2,9,0,11,9,9,0,9,0,0,0,0,0,180,0,180,9,171,0,0,0
312,12000341,25,3,286.590103713426,325.000000000000,18.000000000000,2.142824489378,3c9c2178c6bc7e8e,8d15af1f9d36efa1,ba49044f441fd111,200,60,30.000000,145.316667,275.594729,0.300000,0.600000,142.444587,2.000000,142.444587,2.000000,2.000000,0.000000,0.620253,0.494949,0.454545,0.347826,100,280,280,32.000000,0,0,16,16,25,25,14,0,196.000000,120,0,0,13,54,0,13,13,6,7,0,13,7,7,0,7,0,0,0,0,0,140,0,140,7,133,0,0,0
313,12000342,25,3,316.299221978466,175.000000000000,18.000000000000,2.325844467844,729ff84aeff7cab4,8d15af1f9d36efa1,23e45e6e5277bcff,200,78,39.000000,186.794872,275.583989,0.400000,1.100000,223.307058,1.900000,216.534028,2.692308,1.828571,0.000000,0.492754,0.504950,0.322581,0.255319,100,296,296,32.000000,0,0,16,16,30,30,12,0,204.000000,210,0,0,16,70,0,16,14,8,6,0,14,6,6,0,6,0,0,0,0,2,120,2,122,8,114,0,0,0
314,12000343,25,3,121.080179704877,325.000000000000,15.000000000000,2.411704554221,bbb0392aa9235289,8d15af1f9d36efa1,8d3fe4f70c704cd,200,20,10.000000,139.250000,340.977978,0.100000,0.200000,158.194360,2.000000,158.194360,2.000000,2.000000,0.000000,0.830508,0.494949,0.714286,0.615385,100,216,216,32.000000,0,0,16,16,23,23,18,0,196.000000,40,0,0,12,18,0,12,11,2,9,0,11,9,9,0,9,0,0,0,0,1,180,0,180,10,170,0,0,0
315,12000344,25,3,188.408587910188,425.000000000000,10.000000000000,2.335153729507,83b8a609e8912f7f,8d15af1f9d36efa1,cc208b4f4e60758b,200,93,46.500000,121.569892,204.193131,0.600000,1.200000,146.154178,1.916667,120.081989,1.645161,1.823529,0.000000,0.624079,0.559471,0.395257,0.443636,100,272,272,32.000000,0,0,16,16,57,57,8,0,254.000000,153,0,0,44,84,0,44,13,9,4,0,13,4,4,0,4,0,0,0,0,31,80,27,107,35,72,0,0,0
316,12000345,25,3,476.021050321043,425.000000000000,15.000000000000,2.700359233506,2ba39d6a4e6e95c6,8d15af1f9d36efa1,9a5ee700c54019b2,200,61,30.500000,297.688525,246.979368,0.600000,2.300000,286.446546,1.422619,317.510527,4.000000,1.426230,0.000000,0.640118,0.684543,0.290698,0.553114,100,200,200,32.000000,0,0,16,16,144,144,14,60,434.000000,244,0,0,105,55,0,105,9,2,7,0,9,7,7,4,3,0,0,0,0,96,80,59,139,99,40,0,0,0
317,12000346,25,3,490.963927630270,175.000000000000,23.000000000000,1.880165867174,5d3ba218c3381578,8d15af1f9d36efa1,b8584454051df99c,200,12,6.000000,371.666667,312.403947,0.100000,0.600000,477.435816,1.000000,477.435816,6.000000,1.000000,0.000000,0.840708,0.655172,0.581395,0.775000,100,184,184,32.000000,0,0,16,16,114,114,20,60,380.000000,72,0,0,74,11,0,74,10,0,10,0,10,10,10,1,9,0,0,0,0,64,180,8,188,73,115,0,0,0
318,12000347,25,3,115.727437193456,425.000000000000,13.000000000000,2.779306106862,b923395b65d2ed63,8d15af1f9d36efa1,627d2e0cf143e3ad,200,28,14.000000,175.964286,220.902232,0.200000,0.400000,135.354651,2.000000,135.354651,2.000000,1.500000,0.000000,0.813333,0.549550,0.641026,0.666667,100,208,208,32.000000,0,0,16,16,48,48,16,0,244.000000,56,0,0,37,24,0,37,11,3,8,0,11,8,8,1,7,0,0,0,0,26,160,12,172,33,139,0,0,0
319,12000348,25,3,337.556262869198,325.000000000000,18.000000000000,1.808731741719,ccabac8a6a63b475,8d15af1f9d36efa1,6851ad36918735f3,200,20,10.000000,212.050000,349.224321,0.100000,0.300000,250.943022,1.000000,250.943022,3.000000,1.000000,0.000000,0.763780,0.492386,0.625000,0.508197,100,176,176,32.000000,0,0,16,16,22,22,18,0,194.000000,60,0,0,11,18,0,11,11,2,9,0,11,9,9,0,9,0,0,0,0,0,180,0,180,9,171,0,0,0
320,12000349,25,3,8.364192234875,175.000000000000,21.000000000000,1.550625414466,72057a15794484bb,8d15af1f9d36efa1,98aab61707d4bba4,200,144,72.000000,304.375000,315.591502,0.800000,3.600000,384.811529,1.287500,368.845832,4.277778,1.292208,0.000000,0.280374,0.545455,0.139665,0.149171,100,232,232,32.000000,0,0,16,16,48,48,12,0,240.000000,616,0,0,32,130,0,32,16,10,6,0,16,6,6,4,2,0,0,0,0,16,40,16,56,18,38,0,0,0
321,12000350,25,3,81.664889181017,325.000000000000,15.000000000000,2.885145762203,256d1843f8accf09,8d15af1f9d36efa1,a8edf1db49dbd617,200,160,80.000000,324.987500,226.645206,0.800000,4.200000,398.111974,1.513194,399.497072,5.250000,1.571429,0.000000,0.204545,0.519231,0.106383,0.090909,100,304,304,32.000000,0,0,16,16,36,36,12,0,216.000000,840,0,0,18,144,0,18,18,12,6,0,18,6,6,4,2,0,0,0,0,0,40,0,40,2,38,0,0,0
322,12000351,25,3,291.452194249828,175.000000000000,17.000000000000,1.536113047199,8912b4a39994c94e,8d15af1f9d36efa1,9a953900c56e3478,200,83,41.500000,175.843373,196.033831,0.500000,1.200000,188.186174,1.340000,190.247879,2.385542,1.257576,0.000000,0.556054,0.553571,0.335570,0.369427,100,232,232,32.000000,0,0,16,16,52,52,12,0,248.000000,198,0,0,39,75,0,39,13,7,6,0,13,6,6,1,5,0,0,0,0,26,100,17,117,31,86,0,0,0
323,12000352,25,3,467.261614532560,175.000000000000,18.000000000000,2.452014322443,6f68dfd329684835,8d15af1f9d36efa1,ffa5dd4f6b6e3b4f,200,39,19.500000,154.692308,340.827927,0.200000,0.400000,150.137715,2.000000,152.975580,2.000000,1.730769,0.000000,0.725352,0.507389,0.561798,0.486842,100,288,288,32.000000,0,0,16,16,27,27,20,0,206.000000,78,0,0,15,35,0,15,12,2,10,0,12,10,10,2,8,0,0,0,0,3,160,1,161,11,150,0,0,0
324,12000353,25,3,321.511321535507,425.000000000000,15.000000000000,1.523782975629,d9d0f831d50ca9bf,8d15af1f9d36efa1,a922404f3a75639c,200,53,26.500000,202.603774,335.503398,0.300000,0.800000,223.294893,1.944444,196.819219,2.622642,2.007194,0.000000,0.638961,0.551570,0.418410,0.450593,100,248,248,32.000000,0,0,16,16,49,49,16,24,246.000000,139,0,0,25,48,0,25,12,4,8,0,12,8,8,1,7,0,0,0,0,13,140,7,147,20,127,0,0,0
325,12000354,25,3,437.400046549078,325.000000000000,21.000000000000,2.235769187256,59d43f26a780b692,8d15af1f9d36efa1,a0bf3535090b9e2f,200,141,70.500000,242.163121,242.852647,0.800000,2.700000,271.533895,1.460417,277.665967,3.439716,1.397938,0.000000,0.343708,0.559471,0.170940,0.200988,100,232,232,32.000000,0,0,16,16,55,55,12,0,254.000000,485,0,0,37,125,0,37,18,12,6,0,18,6,6,4,2,0,0,0,0,19,40,19,59,21,38,0,0,0
326,12000355,25,3,326.318574947678,75.000000000000,10.000000000000,1.915097423716,44a6f825755cf836,8d15af1f9d36efa1,0,200,0,0.000000,NA,328.461146,0.000000,0.000000,nan,nan,NA,NA,NA,NA,1.000000,0.595142,1.000000,1.000000,100,208,208,32.000000,0,0,16,16,74,74,14,4,294.000000,0,0,0,67,0,0,67,7,0,7,0,7,7,7,0,7,0,0,0,0,60,200,0,200,67,133,0,0,0
327,12000356,25,3,388.222194457738,75.000000000000,12.000000000000,2.411603420607,37591a98f9333d80,8d15af1f9d36efa1,9abaad00c58e15d1,200,20,10.000000,96.250000,298.174217,0.100000,0.100000,79.951748,2.000000,79.951748,1.000000,2.000000,0.000000,0.939759,0.609375,0.833333,0.900000,100,240,240,32.000000,0,0,16,16,82,82,16,0,312.000000,20,0,0,72,18,0,72,10,2,8,0,10,8,8,0,8,0,0,0,0,62,180,0,180,70,110,0,0,0
328,12000357,25,3,110.787998741287,425.000000000000,13.000000000000,2.179434132580,9b3608ed908ab4f,8d15af1f9d36efa1,405b5c548c5824a9,200,124,62.000000,194.225806,228.791124,0.700000,2.200000,254.312245,2.485714,213.548988,2.774194,2.337209,0.000000,0.410959,0.545455,0.225225,0.238938,100,320,320,32.000000,0,0,16,16,47,47,14,0,240.000000,344,0,0,32,111,0,32,16,9,7,0,16,7,7,4,3,0,0,0,0,16,60,16,76,19,57,0,0,0
329,12000358,25,3,278.297798037762,425.000000000000,10.000000000000,1.843260947294,c6947433d7945e64,8d15af1f9d36efa1,9a844400c55fd3f6,200,66,33.000000,198.409091,244.963468,0.500000,1.600000,235.293718,2.200000,220.028827,3.045455,2.004975,0.000000,0.595573,0.596774,0.332226,0.449315,100,376,376,32.000000,0,0,16,16,75,75,14,0,296.000000,201,0,0,64,60,0,64,11,4,7,0,11,7,7,2,5,0,0,0,0,53,100,34,134,58,76,0,0,0
330,12000359,25,3,495.323560629442,325.000000000000,22.000000000000,1.954868336801,7408babcfc804dc2,8d15af1f9d36efa1,9aa63500c57ca0df,200,10,5.000000,134.700000,279.865739,0.100000,0.100000,77.686188,1.000000,77.686188,1.000000,1.000000,0.000000,0.967949,0.601594,0.909091,0.944444,100,248,248,32.000000,0,0,16,16,75,75,20,0,302.000000,10,0,0,65,9,0,65,10,0,10,0,10,10,10,1,9,0,0,0,0,55,180,10,190,64,126,0,0,0
331,12000360,25,3,22.382922664044,425.000000000000,17.000000000000,2.491928202720,c7656ced36a002ca,8d15af1f9d36efa1,0,200,0,0.000000,NA,262.588331,0.000000,0.000000,nan,nan,NA,NA,NA,NA,1.000000,0.621212,1.000000,1.000000,100,248,248,32.000000,0,0,16,16,91,91,14,0,328.000000,0,0,0,84,0,0,84,7,0,7,0,7,7,7,0,7,0,0,0,0,77,200,0,200,84,116,0,0,0
332,12000361,25,3,261.546332509630,425.000000000000,8.000000000000,1.717440897860,f317732656718e69,8d15af1f9d36efa1,9a9f7700c576f257,200,33,16.500000,83.090909,272.407270,0.200000,0.200000,33.295938,1.500000,35.131283,1.000000,1.606061,0.000000,0.863071,0.509804,0.751880,0.697248,100,248,248,32.000000,0,0,16,16,29,29,18,0,208.000000,33,0,0,18,30,0,18,11,2,9,0,11,9,9,1,8,0,0,0,0,7,160,7,167,15,152,0,0,0
333,12000362,25,3,485.901101453307,75.000000000000,11.000000000000,2.699433472070,bca0d76038695e45,8d15af1f9d36efa1,0,200,0,0.000000,NA,302.201413,0.000000,0.000000,nan,nan,NA,NA,NA,NA,1.000000,0.574468,1.000000,1.000000,100,264,264,32.000000,0,0,16,16,59,59,20,0,270.000000,0,0,0,49,0,0,49,10,0,10,0,10,10,10,0,10,0,0,0,0,39,200,0,200,49,151,0,0,0
334,12000363,25,3,437.824495350796,175.000000000000,18.000000000000,2.684326827948,6cd8aa0c91c78593,8d15af1f9d36efa1,7957624fb07aa07a,200,100,50.000000,169.610000,198.385201,0.500000,1.100000,180.624196,2.150000,177.159038,2.200000,2.181818,0.000000,0.481132,0.504950,0.312500,0.246575,100,272,272,32.000000,0,0,16,16,30,30,12,0,204.000000,220,0,0,15,90,0,15,15,9,6,0,15,6,6,1,5,0,0,0,0,0,100,0,100,5,95,0,0,0
335,12000364,25,3,485.445575930521,425.000000000000,13.000000000000,2.109985009614,ec41c8a18529a184,8d15af1f9d36efa1,9a80dd00c55cef1a,200,38,19.000000,134.026316,325.190499,0.200000,0.400000,127.987056,1.666667,132.779481,2.052632,1.487179,0.000000,0.817757,0.636364,0.561798,0.736486,100,240,240,32.000000,0,0,16,16,103,103,12,6,350.000000,78,0,0,90,34,0,90,10,4,6,0,10,6,6,0,6,0,0,0,0,80,160,2,162,86,76,0,0,0
336,12000365,25,3,219.362801832705,175.000000000000,12.000000000000,1.648277294124,1a83bc9cadac45f8,8d15af1f9d36efa1,0,200,0,0.000000,NA,288.437963,0.000000,0.000000,nan,nan,NA,NA,NA,NA,1.000000,0.547511,1.000000,1.000000,100,224,224,32.000000,0,0,16,16,46,46,18,0,242.000000,0,0,0,37,0,0,37,9,0,9,0,9,9,9,0,9,0,0,0,0,28,200,0,200,37,163,0,0,0
337,12000366,25,3,127.050539370690,175.000000000000,11.000000000000,2.882843466790,45c31b5e538ae4e,8d15af1f9d36efa1,b1cbcf4f3f5d8443,200,13,6.500000,113.538462,281.098228,0.100000,0.200000,115.295764,1.000000,115.295764,2.000000,1.000000,0.000000,0.891667,0.516908,0.793651,0.759259,100,280,280,32.000000,0,0,16,16,32,32,18,0,214.000000,26,0,0,22,12,0,22,10,1,9,0,10,9,9,0,9,0,0,0,0,12,180,7,187,21,166,0,0,0
338,12000367,25,3,474.641805476613,175.000000000000,20.000000000000,2.026968342796,93548d2e2383692f,8d15af1f9d36efa1,5ce6011d76385d8b,200,32,16.000000,162.531250,304.785810,0.200000,0.400000,156.676388,1.166667,174.202518,2.250000,1.277778,0.000000,0.797183,0.585921,0.581395,0.678571,100,200,200,31.000000,0,0,16,15,68,68,16,0,283.000000,72,0,0,58,29,0,58,10,2,8,0,10,8,8,1,7,0,0,0,0,48,160,8,168,55,113,0,0,0
339,12000368,25,3,442.334323829706,75.000000000000,15.000000000000,2.592830356766,ddc1877add2f9ada,8d15af1f9d36efa1,f09eef60e68accd1,200,24,12.000000,195.666667,214.496260,0.200000,0.600000,224.592636,1.200000,224.592636,3.000000,1.333333,0.000000,0.766234,0.541284,0.581395,0.590909,100,192,192,32.000000,0,0,16,16,43,43,18,0,236.000000,72,0,0,33,22,0,33,10,1,9,0,10,9,9,1,8,0,0,0,0,23,160,16,176,31,145,0,0,0
340,12000369,25,3,292.650450598169,175.000000000000,17.000000000000,1.900153446676,f271b483f1183b07,8d15af1f9d36efa1,37cace8619d5506d,200,93,46.500000,179.827957,208.774781,0.500000,1.200000,186.205758,1.526667,181.338042,2.354839,1.497717,0.000000,0.505643,0.528302,0.313480,0.295820,100,272,272,32.000000,0,0,16,16,37,37,18,0,224.000000,219,0,0,22,83,0,22,15,6,9,0,15,9,9,4,5,0,0,0,0,7,100,7,107,12,95,0,0,0
341,12000370,25,3,466.127313642086,325.000000000000,21.000000000000,2.807602840539,a1780541438f920,8d15af1f9d36efa1,9a6c6d00c54b87c0,200,20,10.000000,95.150000,266.292739,0.100000,0.100000,36.288660,2.000000,36.288660,1.000000,2.000000,0.000000,0.918699,0.530516,0.833333,0.824561,100,208,208,32.000000,0,0,16,16,38,38,18,0,226.000000,20,0,0,28,18,0,28,10,1,9,0,10,9,9,1,8,0,0,0,0,18,180,0,180,26,154,0,0,0
342,12000371,25,3,353.757236398447,425.000000000000,11.000000000000,1.751572401471,3c87e702a9cc9565,8d15af1f9d36efa1,0,200,0,0.000000,NA,336.271892,0.100000,0.100000,11.118203,1.000000,NA,NA,NA,NA,1.000000,0.624060,1.000000,1.000000,100,296,296,32.000000,0,0,16,16,92,92,16,0,332.000000,0,0,0,84,0,0,84,8,0,8,0,8,8,8,0,8,0,0,0,0,76,180,20,200,84,116,0,0,0
343,12000372,25,3,166.602311813367,425.000000000000,8.000000000000,2.453520090881,931d7060432b8b4a,8d15af1f9d36efa1,ba534f4f4428a507,200,93,46.500000,164.236559,238.293285,0.600000,1.700000,210.745682,1.866667,183.630027,2.419355,1.733333,0.000000,0.550898,0.579832,0.307692,0.390244,100,296,296,32.000000,0,0,16,16,68,68,8,0,276.000000,225,0,0,55,84,0,55,13,9,4,0,13,4,4,0,4,0,0,0,0,42,80,27,107,46,61,0,0,0
344,12000373,25,3,147.885104261668,75.000000000000,12.000000000000,2.277765249660,e8ce03c21db9295,8d15af1f9d36efa1,f740644f66c00cd6,200,126,63.000000,218.468254,246.481109,0.700000,2.300000,252.429503,1.652381,262.817482,3.420635,1.505800,0.000000,0.359584,0.547511,0.188324,0.203327,100,256,256,32.000000,0,0,16,16,51,51,8,2,242.000000,431,0,0,34,113,0,34,16,12,4,0,16,4,4,1,3,0,0,0,0,18,60,14,74,21,53,0,0,0
345,12000374,25,3,417.810976062800,425.000000000000,8.000000000000,2.728537802283,ec2666f1ed675617,8d15af1f9d36efa1,36d38a9001994c89,200,39,19.500000,152.102564,221.548048,0.300000,0.500000,136.709952,1.111111,136.709952,1.666667,1.200000,0.000000,0.824798,0.604743,0.606061,0.728033,100,232,232,32.000000,0,0,16,16,79,79,16,0,306.000000,65,0,0,70,36,0,70,9,1,8,0,9,8,8,2,6,0,0,0,0,61,140,21,161,67,94,0,0,0
346,12000375,25,3,410.132137289064,75.000000000000,16.000000000000,2.928363572109,486d66c846377cd2,8d15af1f9d36efa1,97bae54f3094119d,200,40,20.000000,127.475000,229.363825,0.200000,0.300000,126.941015,2.000000,126.941015,1.500000,2.000000,0.000000,0.765625,0.494949,0.625000,0.516129,100,216,216,32.000000,0,0,16,16,24,24,16,0,196.000000,60,0,0,12,36,0,12,12,4,8,0,12,8,8,0,8,0,0,0,0,0,160,0,160,8,152,0,0,0
347,12000376,25,3,352.285201158057,175.000000000000,14.000000000000,2.446254409711,3024b0399fccd363,8d15af1f9d36efa1,b65d3bf40beff278,200,33,16.500000,164.727273,285.231807,0.200000,0.600000,195.122714,1.500000,195.671518,3.000000,1.535354,0.000000,0.677524,0.509804,0.502513,0.434286,100,256,256,32.000000,0,0,16,16,30,30,16,2,208.000000,99,0,0,18,30,0,18,11,3,8,0,11,8,8,0,8,0,0,0,0,7,160,7,167,15,152,0,0,0
348,12000377,25,3,137.441192536313,325.000000000000,17.000000000000,2.235013633245,74047bfcb3ced544,8d15af1f9d36efa1,4bcba99cd7ac17c8,200,100,50.000000,142.320000,232.011240,0.500000,1.000000,143.616124,1.500000,142.660119,2.000000,1.600000,0.000000,0.502488,0.502488,0.333333,0.259259,100,224,224,32.000000,0,0,16,16,30,30,10,0,202.000000,200,0,0,15,90,0,15,15,10,5,0,15,5,5,0,5,0,0,0,0,0,100,0,100,5,95,0,0,0
349,12000378,25,3,207.167272317104,325.000000000000,13.000000000000,1.681901143840,12d49ee3a43b274d,8d15af1f9d36efa1,3c77da4f8deeb29e,200,98,49.000000,152.897959,238.399797,0.500000,1.000000,159.248174,2.200000,147.652564,1.989796,2.282051,0.000000,0.520885,0.514563,0.338983,0.290909,100,280,280,32.000000,0,0,16,16,35,35,10,4,212.000000,195,0,0,18,88,0,18,15,10,5,0,15,5,5,0,5,0,0,0,0,3,100,2,102,8,94,0,0,0
350,12000379,25,3,100.829022796894,325.000000000000,23.000000000000,1.706827844917,5a39dba12dd71d08,8d15af1f9d36efa1,9a953900c56e3478,200,59,29.500000,142.220339,236.960819,0.300000,0.600000,142.051109,1.333333,143.046826,2.016949,1.336134,0.000000,0.631579,0.504950,0.456621,0.376963,100,232,232,32.000000,0,0,16,16,28,28,16,0,204.000000,119,0,0,15,53,0,15,13,5,8,0,13,8,8,1,7,0,0,0,0,2,140,1,141,9,132,0,0,0
351,12000380,25,3,394.582430287366,75.000000000000,9.000000000000,2.915751871867,84fe543f9b56dff9,8d15af1f9d36efa1,0,200,0,0.000000,NA,259.552444,0.000000,0.000000,nan,nan,NA,NA,NA,NA,1.000000,0.596774,1.000000,1.000000,100,152,152,32.000000,0,0,16,16,75,75,14,0,296.000000,0,0,0,68,0,0,68,7,0,7,0,7,7,7,0,7,0,0,0,0,61,200,0,200,68,132,0,0,0
352,12000381,25,3,412.044464731444,75.000000000000,18.000000000000,1.874725599762,d5408268db0f56e1,8d15af1f9d36efa1,3a6f2f58368adbab,200,115,57.500000,289.165217,293.287748,0.900000,4.200000,355.257356,1.566402,320.844094,4.295652,1.714575,0.000000,0.417453,0.638989,0.168350,0.310056,100,264,264,32.000000,0,0,16,16,104,104,14,10,354.000000,494,0,0,84,101,0,84,15,8,7,0,15,7,7,6,1,0,0,0,0,69,20,65,85,70,15,0,0,0
353,12000382,25,3,363.709491477014,425.000000000000,8.000000000000,2.349905468658,26856ac4cfd46d38,8d15af1f9d36efa1,0,200,0,0.000000,NA,260.204985,0.000000,0.000000,nan,nan,NA,NA,NA,NA,1.000000,0.567100,1.000000,1.000000,100,280,280,32.000000,0,0,16,16,56,56,18,0,262.000000,0,0,0,47,0,0,47,9,0,9,0,9,9,9,0,9,0,0,0,0,38,200,0,200,47,153,0,0,0
354,12000383,25,3,379.572621808144,75.000000000000,7.000000000000,2.978866329707,fc8f6c0625d1c4a2,8d15af1f9d36efa1,a918274f3a6ce49c,200,40,20.000000,199.450000,245.233215,0.300000,0.900000,252.305833,1.972222,199.325513,2.500000,2.000000,0.000000,0.729730,0.574468,0.500000,0.579832,100,272,272,32.000000,0,0,16,16,60,60,18,0,270.000000,100,0,0,50,36,0,50,10,1,9,0,10,9,9,3,6,0,0,0,0,40,140,20,160,46,114,0,0,0
355,12000384,25,3,448.675558180797,75.000000000000,11.000000000000,2.728164261196,1a3d1aa2e4980a26,8d15af1f9d36efa1,83e1f567776740f3,200,53,26.500000,190.830189,275.569259,0.300000,1.000000,247.948497,1.783333,233.753630,3.113208,1.642424,0.000000,0.649682,0.604743,0.377358,0.513274,100,320,320,32.000000,0,0,16,16,82,82,10,0,306.000000,165,0,0,74,48,0,72,10,5,5,0,10,5,5,0,5,0,0,0,0,64,140,7,147,69,78,0,0,0
356,12000385,25,3,200.834139106541,325.000000000000,18.000000000000,1.808940196740,5a3556bf157c97ba,8d15af1f9d36efa1,c340a44f494a2fec,200,20,10.000000,157.600000,291.735392,0.100000,0.200000,173.297441,1.000000,173.297441,2.000000,1.000000,0.000000,0.840000,0.512195,0.714286,0.661017,100,288,288,32.000000,0,0,16,16,30,30,18,0,210.000000,40,0,0,19,18,0,19,11,2,9,0,11,9,9,0,9,0,0,0,0,8,180,0,180,17,163,0,0,0
357,12000386,25,3,494.504442209776,425.000000000000,17.000000000000,1.655163779216,c6fc462ff8ad9634,8d15af1f9d36efa1,9aad0600c5826fb0,200,59,29.500000,232.084746,223.267089,0.700000,2.800000,286.196068,1.972789,255.209834,3.661017,1.884259,0.000000,0.645320,0.662732,0.316456,0.548117,100,328,328,31.000000,0,0,16,15,126,126,10,0,393.000000,216,0,0,119,54,0,119,7,2,5,0,7,5,5,3,2,0,0,0,0,112,60,81,141,114,27,0,0,0
358,12000387,25,3,14.139527625424,75.000000000000,17.000000000000,2.199319477898,1d87f50f96b639c1,8d15af1f9d36efa1,ffa9554f6b713d0e,200,13,6.500000,186.923077,283.587921,0.100000,0.200000,168.740671,1.500000,168.740671,2.000000,1.500000,0.000000,0.911565,0.572650,0.793651,0.839506,100,240,240,32.000000,0,0,16,16,59,59,18,0,268.000000,26,0,0,50,12,0,50,9,0,9,0,9,9,9,1,8,0,0,0,0,41,180,7,187,49,138,0,0,0
359,12000388,25,3,75.863041984786,425.000000000000,19.000000000000,1.889856005781,e4a1d63007cbaaee,8d15af1f9d36efa1,9a98b100c5713637,200,20,10.000000,115.600000,246.574839,0.100000,0.100000,57.915651,2.000000,110.849510,1.650000,2.000000,0.000000,0.881720,0.551570,0.751880,0.775510,100,200,200,32.000000,0,0,16,16,48,48,18,0,246.000000,33,0,0,37,18,0,37,11,2,9,0,11,9,9,0,9,0,0,0,0,26,180,0,180,35,145,0,0,0
360,12000389,25,3,52.825509357429,175.000000000000,20.000000000000,2.534736900248,d0502b687035db24,8d15af1f9d36efa1,7acebba8abe1f93a,200,20,10.000000,199.150000,310.713628,0.100000,0.300000,220.248125,1.666667,220.248125,3.000000,1.666667,0.000000,0.796610,0.540230,0.625000,0.634146,100,224,224,31.000000,0,0,16,15,43,43,18,2,235.000000,60,0,0,31,18,0,31,11,2,9,0,11,9,9,0,9,0,0,0,0,20,180,0,180,29,151,0,0,0
361,12000390,25,3,275.344206738388,425.000000000000,10.000000000000,2.197819155580,96086d4349a72e8,8d15af1f9d36efa1,b227894f3fab6bfe,200,20,10.000000,125.700000,254.779771,0.100000,0.200000,125.836712,3.000000,126.516628,2.000000,2.500000,0.000000,0.878049,0.590164,0.714286,0.795918,100,288,288,32.000000,0,0,16,16,69,69,18,0,288.000000,40,0,0,58,18,0,58,11,2,9,0,11,9,9,0,9,0,0,0,0,47,180,0,180,56,124,0,0,0
362,12000391,25,3,37.466574500995,425.000000000000,16.000000000000,2.541516394317,3ba63a1dd5e293de,8d15af1f9d36efa1,9a76a600c5543d20,200,33,16.500000,99.181818,246.115021,0.200000,0.300000,110.620034,2.250000,103.201249,1.393939,2.152174,0.000000,0.856250,0.578059,0.684932,0.755319,100,272,272,32.000000,0,0,16,16,64,64,14,0,274.000000,46,0,0,54,30,0,54,10,3,7,0,10,7,7,0,7,0,0,0,0,44,160,7,167,51,116,0,0,0
363,12000392,25,3,246.929611376650,325.000000000000,13.000000000000,1.672044134815,24407c2c29e0664d,8d15af1f9d36efa1,be900a7fc748dcaa,200,100,50.000000,186.690000,189.771666,0.500000,1.400000,214.885907,1.466667,206.340482,2.800000,1.500000,0.000000,0.423868,0.507389,0.263158,0.209040,100,248,248,32.000000,0,0,16,16,30,30,14,0,206.000000,280,0,0,15,90,0,15,15,8,7,0,15,7,7,2,5,0,0,0,0,0,100,0,100,5,95,0,0,0
364,12000393,25,3,168.715522188110,425.000000000000,9.000000000000,2.803211591607,b2ba0791833b4939,8d15af1f9d36efa1,9a76b100c5544fd1,200,99,49.500000,207.393939,259.855382,0.600000,1.900000,226.588661,2.125000,246.794349,3.414141,2.136095,0.000000,0.458333,0.588477,0.228311,0.313008,100,360,360,32.000000,0,0,16,16,72,72,10,0,286.000000,338,0,0,59,90,0,59,13,8,5,0,13,5,5,1,4,0,0,0,0,46,80,21,101,50,51,0,0,0
365,12000394,25,3,443.992123446256,75.000000000000,12.000000000000,1.834569555827,f9a509deca3f8159,8d15af1f9d36efa1,ad9bf5f406f3bbfb,200,71,35.500000,231.887324,191.308180,0.500000,1.500000,209.843343,2.219048,246.564396,3.478873,2.133603,0.000000,0.512821,0.565217,0.288184,0.341333,100,264,264,32.000000,0,0,16,16,54,54,20,0,260.000000,247,0,0,42,64,0,42,12,2,10,0,12,10,10,5,5,0,0,0,0,30,100,29,129,35,94,0,0,0
366,12000395,25,3,399.725292291822,175.000000000000,17.000000000000,2.759217343988,d4457a0ea5339ba9,8d15af1f9d36efa1,4561e24f930d84d5,200,80,40.000000,146.425000,230.570442,0.400000,0.800000,150.671687,3.000000,149.867085,2.000000,2.750000,0.000000,0.569892,0.514563,0.384615,0.333333,100,296,296,32.000000,0,0,16,16,34,34,12,0,212.000000,160,0,0,28,72,0,20,14,8,6,0,14,6,6,0,6,0,0,0,0,14,120,0,120,20,100,0,0,0
367,12000396,25,3,56.501181311135,425.000000000000,12.000000000000,2.813064365751,3db3ea27fc9f0201,8d15af1f9d36efa1,9a6fdf00c54e7f4d,200,54,27.000000,112.111111,277.601489,0.400000,0.500000,76.282372,3.125000,78.635039,1.259259,2.985294,0.000000,0.836538,0.635036,0.595238,0.760563,100,376,376,32.000000,0,0,16,16,102,102,12,32,348.000000,68,0,0,74,48,0,74,12,6,6,0,12,6,6,0,6,0,0,0,0,62,120,26,146,68,78,0,0,0
368,12000397,25,3,138.295295302080,75.000000000000,13.000000000000,2.314783251037,3e4f609cb22dc76e,8d15af1f9d36efa1,793c2c4fb0637d00,200,60,30.000000,142.250000,270.495398,0.300000,0.500000,124.241993,1.666667,124.241993,1.666667,1.800000,0.000000,0.668874,0.502488,0.500000,0.411765,100,296,296,32.000000,0,0,16,16,28,28,14,4,202.000000,100,0,0,13,54,0,13,13,6,7,0,13,7,7,0,7,0,0,0,0,0,140,0,140,7,133,0,0,0
369,12000398,25,3,332.725762264598,75.000000000000,9.000000000000,2.770375237374,e23bbcc86ce6bf18,8d15af1f9d36efa1,33e2b44f8917ed6c,200,20,10.000000,156.000000,242.612655,0.300000,0.600000,153.387271,2.333333,158.604710,2.000000,2.000000,0.000000,0.883721,0.603175,0.714286,0.811321,100,328,328,32.000000,0,0,16,16,80,80,12,0,304.000000,40,0,0,72,18,0,72,8,2,6,0,8,6,6,0,6,0,0,0,0,64,140,40,180,70,110,0,0,0
370,12000399,25,3,367.038663553384,325.000000000000,13.000000000000,2.422047393449,305ec523df5424df,8d15af1f9d36efa1,8bc394f70b2d72d,200,40,20.000000,159.150000,291.715589,0.200000,0.400000,148.864024,1.250000,148.864024,2.000000,1.250000,0.000000,0.714286,0.500000,0.555556,0.459459,100,232,232,32.000000,0,0,16,16,25,25,18,2,200.000000,80,0,0,12,36,0,12,12,3,9,0,12,9,9,1,8,0,0,0,0,0,160,0,160,8,152,0,0,0
371,12000400,25,3,114.075035709356,425.000000000000,12.000000000000,2.877921704559,e9f3058dd28141d5,8d15af1f9d36efa1,0,200,0,0.000000,NA,309.490883,0.000000,0.000000,nan,nan,NA,NA,NA,NA,1.000000,0.565217,1.000000,1.000000,100,248,248,32.000000,0,0,16,16,55,55,18,0,260.000000,0,0,0,46,0,0,46,9,0,9,0,9,9,9,0,9,0,0,0,0,37,200,0,200,46,154,0,0,0
372,12000401,25,3,227.628768168564,175.000000000000,14.000000000000,2.300961689152,e2e3f3d6c3294f01,8d15af1f9d36efa1,9a9c1200c57410e1,200,20,10.000000,85.700000,305.559005,0.100000,0.100000,70.356482,3.000000,70.356482,1.000000,3.000000,0.000000,0.906103,0.491094,0.833333,0.756098,100,256,256,31.000000,0,0,16,15,22,22,18,0,193.000000,20,0,0,11,18,0,11,11,2,9,0,11,9,9,0,9,0,0,0,0,0,180,0,180,9,171,0,0,0
373,12000402,25,3,117.944355022794,425.000000000000,10.000000000000,2.569578028906,e6210e8c43536313,8d15af1f9d36efa1,9abab200c58e1e50,200,21,10.500000,233.047619,221.955782,0.300000,0.500000,141.022474,1.833333,151.627034,1.809524,1.552632,0.000000,0.896739,0.622642,0.724638,0.838983,100,240,240,32.000000,0,0,16,16,89,89,20,0,330.000000,38,0,0,79,18,0,79,10,0,10,0,10,10,10,3,7,0,0,0,0,69,140,39,179,76,103,0,0,0
374,12000403,25,3,189.979877528182,75.000000000000,6.000000000000,2.404267625666,3a2cce21dbb3010f,8d15af1f9d36efa1,a0ca4c4f35d2a17e,200,59,29.500000,175.000000,209.799713,0.500000,1.400000,232.442804,2.050000,197.887527,2.440678,2.000000,0.000000,0.660377,0.583333,0.409836,0.506849,100,256,256,32.000000,0,0,16,16,70,70,8,0,280.000000,144,0,0,61,54,0,61,9,5,4,0,9,4,4,0,4,0,0,0,0,52,100,41,141,56,85,0,0,0
375,12000404,25,3,3.404983279275,175.000000000000,19.000000000000,2.706528033294,ceedd14aa65fb53b,8d15af1f9d36efa1,9a76b700c5545a03,200,10,5.000000,119.800000,234.766920,0.100000,0.100000,65.218389,1.000000,65.218389,1.000000,1.000000,0.000000,0.964286,0.574468,0.909091,0.932432,100,248,248,32.000000,0,0,16,16,59,59,20,0,270.000000,10,0,0,49,9,0,49,10,0,10,0,10,10,10,1,9,0,0,0,0,39,180,10,190,48,142,0,0,0
376,12000405,25,3,477.365678250554,325.000000000000,20.000000000000,1.521440884518,9911ec02eab8205d,8d15af1f9d36efa1,fb060946dbcff0c2,200,93,46.500000,157.602151,246.476262,0.500000,1.000000,151.824737,1.966667,163.222308,2.075269,1.792746,0.000000,0.560364,0.551570,0.341297,0.371336,100,232,232,32.000000,0,0,16,16,51,51,12,0,246.000000,193,0,0,37,84,0,37,14,8,6,0,14,6,6,1,5,0,0,0,0,23,100,7,107,28,79,0,0,0
377,12000406,25,3,33.829088241991,75.000000000000,20.000000000000,1.762291080240,1f6e9f8e67d7bdea,8d15af1f9d36efa1,9aa63700c57ca445,200,7,3.500000,152.571429,254.288189,0.100000,0.100000,31.641046,2.000000,31.641046,1.000000,2.000000,0.000000,0.980822,0.641577,0.934579,0.969957,100,272,272,32.000000,0,0,16,16,103,103,20,0,358.000000,7,0,0,93,6,0,93,10,0,10,0,10,10,10,1,9,0,0,0,0,83,180,13,193,92,101,0,0,0
378,12000407,25,3,489.801861504540,425.000000000000,14.000000000000,2.930422914041,254678b099045251,8d15af1f9d36efa1,9a843400c55fb8c6,200,20,10.000000,132.250000,309.243230,0.200000,0.400000,156.272153,1.666667,99.296327,1.000000,2.000000,0.000000,0.938272,0.603175,0.833333,0.895833,100,208,208,32.000000,0,0,16,16,77,77,18,0,304.000000,20,0,0,67,18,0,67,10,1,9,0,10,9,9,1,8,0,0,0,0,57,160,20,180,65,115,0,0,0
379,12000408,25,3,387.223924029328,75.000000000000,18.000000000000,2.479941383843,f73bc948c4b9045,8d15af1f9d36efa1,9a8b1000c5659a48,200,91,45.500000,155.120879,192.669991,0.500000,1.100000,164.349862,1.950000,153.193327,2.461538,1.714286,0.000000,0.523404,0.551570,0.308642,0.337278,100,296,296,32.000000,0,0,16,16,49,49,16,0,246.000000,224,0,0,35,82,0,35,14,6,8,0,14,8,8,3,5,0,0,0,0,21,100,9,109,26,83,0,0,0
380,12000409,25,3,461.872681676190,75.000000000000,16.000000000000,2.496527835503,8171119c426835f8,8d15af1f9d36efa1,9a844c00c55fe18e,200,96,48.000000,117.000000,172.996150,0.500000,0.600000,80.325335,1.600000,81.401600,1.208333,1.491379,0.000000,0.743363,0.626866,0.462963,0.637500,100,264,264,32.000000,0,0,16,16,98,98,8,4,336.000000,116,0,0,84,86,0,84,12,8,4,0,12,4,4,2,2,0,0,0,0,72,100,4,104,74,30,0,0,0
381,12000410,25,3,378.861249801758,75.000000000000,14.000000000000,2.560503052944,56ed6e769925e341,8d15af1f9d36efa1,9a80d700c55ce4e8,200,101,50.500000,180.415842,233.809826,0.700000,1.900000,207.018217,1.785714,200.857962,2.683168,1.704797,0.000000,0.499076,0.574468,0.269542,0.337408,100,256,256,32.000000,0,0,16,16,65,65,8,0,270.000000,271,0,0,52,91,0,52,13,9,4,0,13,4,4,1,3,0,0,0,0,39,60,39,99,42,57,0,0,0
382,12000411,25,3,396.277876623890,425.000000000000,16.000000000000,2.528858850912,261e6c57cecbb428,8d15af1f9d36efa1,8bbfa6634ad266df,200,125,62.500000,258.368000,212.416407,0.800000,3.300000,326.107029,1.374702,311.375411,3.904000,1.502049,0.000000,0.362924,0.581590,0.170068,0.230284,100,264,264,32.000000,0,0,16,16,70,70,6,0,278.000000,488,0,0,56,113,0,56,14,11,3,0,14,3,3,1,2,0,0,0,0,42,40,35,75,44,31,0,0,0
383,12000412,25,3,177.771275430643,175.000000000000,9.000000000000,2.143708460725,79b2a3f384b3c6b7,8d15af1f9d36efa1,2282264f7f3c6372,200,66,33.000000,167.242424,281.674030,0.400000,1.100000,189.186291,1.758333,182.306154,2.696970,1.595506,0.000000,0.552764,0.523810,0.359712,0.330827,100,320,320,32.000000,0,0,16,16,38,38,12,0,220.000000,178,0,0,26,60,0,26,12,6,6,0,12,6,6,0,6,0,0,0,0,14,120,14,134,20,114,0,0,0
384,12000413,25,3,268.246190752916,425.000000000000,12.000000000000,2.025302173969,70cf31269af708d0,8d15af1f9d36efa1,0,200,0,0.000000,NA,285.363390,0.100000,0.100000,77.177678,2.000000,NA,NA,NA,NA,1.000000,0.530516,1.000000,1.000000,100,256,256,32.000000,0,0,16,16,38,38,18,0,226.000000,0,0,0,29,0,0,29,9,0,9,0,9,9,9,0,9,0,0,0,0,20,180,20,200,29,171,0,0,0
385,12000414,25,3,318.676929087924,175.000000000000,20.000000000000,1.640339667802,8c179ba7eda4843e,8d15af1f9d36efa1,9aa9a300c57f91a0,200,60,30.000000,101.850000,262.893545,0.300000,0.400000,87.832001,2.333333,92.269849,1.333333,2.412500,0.000000,0.712230,0.497487,0.555556,0.452055,100,280,280,32.000000,0,0,16,16,26,26,14,0,198.000000,80,0,0,13,54,0,13,13,6,7,0,13,7,7,0,7,0,0,0,0,0,140,0,140,7,133,0,0,0
386,12000415,25,3,448.951770072027,175.000000000000,17.000000000000,2.672884195986,a55a168c1731d00e,8d15af1f9d36efa1,9a625200c543055a,200,16,8.000000,102.750000,304.607870,0.100000,0.100000,62.653183,1.000000,62.653183,1.000000,1.000000,0.000000,0.931034,0.519231,0.862069,0.840000,100,216,216,32.000000,0,0,16,16,32,32,20,0,216.000000,16,0,0,21,14,0,21,11,1,10,0,11,10,10,1,9,0,0,0,0,10,180,4,184,19,165,0,0,0
387,12000416,25,3,111.662565681560,75.000000000000,14.000000000000,2.300807040869,7479fe3dd98a0538,8d15af1f9d36efa1,7943104fb0696c1a,200,73,36.500000,138.972603,262.359837,0.400000,0.700000,154.432011,1.958333,144.952580,1.630137,1.941176,0.000000,0.636086,0.509804,0.456621,0.389744,100,248,248,32.000000,0,0,16,16,31,31,14,0,208.000000,119,0,0,20,66,2,18,11,4,7,0,11,7,7,1,6,0,0,0,0,7,120,7,127,13,114,0,0,0
388,12000417,25,3,151.032037708020,425.000000000000,10.000000000000,2.786482164259,e11efcbf407b12e6,8d15af1f9d36efa1,8f4ea94f2be02c1d,200,13,6.500000,149.538462,243.579693,0.100000,0.200000,161.921695,1.500000,161.921695,2.000000,1.500000,0.000000,0.915584,0.585062,0.793651,0.852273,100,216,216,32.000000,0,0,16,16,67,67,16,0,282.000000,26,0,0,58,12,0,58,9,1,8,0,9,8,8,0,8,0,0,0,0,49,180,7,187,57,130,0,0,0
389,12000418,25,3,143.137836174279,425.000000000000,11.000000000000,2.793390566617,c60d06f30d803fc3,8d15af1f9d36efa1,59b700ca3a717281,200,10,5.000000,195.300000,339.994283,0.100000,0.300000,223.729579,1.333333,223.729579,3.000000,1.333333,0.000000,0.915254,0.618321,0.769231,0.864865,100,192,192,32.000000,0,0,16,16,87,87,18,18,324.000000,30,0,0,68,9,0,68,10,1,9,0,10,9,9,0,9,0,0,0,0,58,180,10,190,67,123,0,0,0
390,12000419,25,3,401.712830574780,425.000000000000,19.000000000000,2.239932027365,cbacb1c0bee9e25c,8d15af1f9d36efa1,8a7c64f70a16aba,200,53,26.500000,107.339623,216.668234,0.300000,0.500000,106.956255,2.166667,93.249571,1.622642,1.848837,0.000000,0.722581,0.528302,0.537634,0.516854,100,280,280,32.000000,0,0,16,16,38,38,16,2,224.000000,86,0,0,25,48,0,25,12,4,8,0,12,8,8,1,7,0,0,0,0,13,140,7,147,20,127,0,0,0
391,12000420,25,3,496.388067296333,425.000000000000,14.000000000000,2.653853461757,2bf3e052cdeddcf1,8d15af1f9d36efa1,9a9c0900c5740196,200,50,25.000000,105.640000,192.332106,0.400000,0.500000,90.571833,1.750000,77.821622,1.140000,1.824561,0.000000,0.834302,0.589322,0.636943,0.732394,100,272,272,31.000000,0,0,16,15,70,70,16,0,287.000000,57,0,0,59,45,0,59,11,3,8,0,11,8,8,2,6,0,0,0,0,48,120,30,150,54,96,0,0,0
392,12000421,25,3,98.904667994745,425.000000000000,17.000000000000,2.223001800446,4f34d9f24adb9ef4,8d15af1f9d36efa1,9a6c7900c54b9c24,200,127,63.500000,199.354331,238.644543,0.700000,1.900000,214.275094,1.311905,219.301836,2.771654,1.482955,0.000000,0.463415,0.603175,0.221239,0.328244,100,232,232,32.000000,0,0,16,16,81,81,10,0,304.000000,352,0,0,67,114,0,67,14,9,5,0,14,5,5,4,1,0,0,0,0,53,60,13,73,54,19,0,0,0
393,12000422,25,3,440.036919777946,325.000000000000,22.000000000000,2.241273035982,bd6fd1ca69294512,8d15af1f9d36efa1,cc4f62f2f73d5d47,200,136,68.000000,267.205882,253.935366,0.800000,3.400000,360.467483,1.780556,324.430450,3.852941,1.872137,0.000000,0.357843,0.593496,0.160256,0.233918,100,320,320,32.000000,0,0,16,16,78,78,4,0,292.000000,524,0,0,61,121,0,61,17,15,2,0,17,2,2,0,2,0,0,0,0,44,40,24,64,46,18,0,0,0
394,12000423,25,3,459.430368260955,75.000000000000,16.000000000000,2.358998156393,63a74c1081974e20,8d15af1f9d36efa1,5c0dca06de065f7,200,34,17.000000,129.382353,250.687342,0.200000,0.400000,131.618416,1.333333,124.298798,1.941176,1.484848,0.000000,0.800000,0.568966,0.602410,0.666667,100,192,192,32.000000,0,0,16,16,58,58,16,0,264.000000,66,0,0,46,30,0,46,12,4,8,0,12,8,8,0,8,0,0,0,0,34,160,6,166,42,124,0,0,0
395,12000424,25,3,471.342063097529,175.000000000000,20.000000000000,1.545459170141,cbd7ede30743b5c5,8d15af1f9d36efa1,a940f14f3a8f8dee,200,40,20.000000,116.250000,221.714326,0.200000,0.300000,97.395183,2.000000,97.395183,1.500000,2.000000,0.000000,0.787234,0.526066,0.625000,0.600000,100,240,240,32.000000,0,0,16,16,37,37,16,0,222.000000,60,0,0,25,36,0,25,12,4,8,0,12,8,8,0,8,0,0,0,0,13,160,0,160,21,139,0,0,0
396,12000425,25,3,400.346808096490,175.000000000000,15.000000000000,2.450909502689,960f7a010027c447,8d15af1f9d36efa1,9a8e7d00c5688956,200,40,20.000000,150.125000,242.051055,0.200000,0.400000,157.522462,1.666667,157.522462,2.000000,1.500000,0.000000,0.710145,0.494949,0.555556,0.444444,100,184,184,32.000000,0,0,16,16,24,24,16,0,196.000000,80,0,0,12,36,0,12,12,4,8,0,12,8,8,0,8,0,0,0,0,0,160,0,160,8,152,0,0,0
397,12000426,25,3,381.868520897848,325.000000000000,17.000000000000,2.393959922873,cc231d182b2bedb,8d15af1f9d36efa1,9a98b600c5713eb6,200,99,49.500000,174.202020,247.064183,0.500000,1.300000,189.809355,1.740000,191.319150,2.616162,1.613900,0.000000,0.447761,0.512195,0.278552,0.231454,100,296,296,32.000000,0,0,16,16,33,33,12,0,210.000000,259,0,0,18,89,0,18,15,9,6,0,15,6,6,1,5,0,0,0,0,3,100,1,101,8,93,0,0,0
398,12000427,25,3,352.434244326122,325.000000000000,16.000000000000,2.642596372811,d36df82ab9288088,8d15af1f9d36efa1,792e8c4fb057e2c4,200,20,10.000000,118.000000,266.875692,0.100000,0.200000,134.058133,1.500000,134.058133,2.000000,1.500000,0.000000,0.831933,0.497487,0.714286,0.622642,100,248,248,32.000000,0,0,16,16,24,24,18,0,198.000000,40,0,0,13,18,0,13,11,2,9,0,11,9,9,0,9,0,0,0,0,2,180,0,180,11,169,0,0,0
399,12000428,25,3,171.962199650478,75.000000000000,14.000000000000,1.645891057031,9f1354cfd2ae896f,8d15af1f9d36efa1,9a844d00c55fe341,200,53,26.500000,147.981132,255.266474,0.300000,0.600000,152.789440,1.833333,157.448344,2.000000,1.877358,0.000000,0.723958,0.581590,0.485437,0.579365,100,280,280,32.000000,0,0,16,16,68,68,10,0,278.000000,106,0,0,58,48,0,58,10,5,5,0,10,5,5,0,5,0,0,0,0,48,140,7,147,53,94,0,0,0
400,12000429,25,3,76.196108633560,175.000000000000,13.000000000000,2.988774033507,67313c4a5d364809,8d15af1f9d36efa1,9a7a0a00c5571ce3,200,40,20.000000,100.075000,286.168577,0.200000,0.200000,80.169508,3.000000,80.169508,1.000000,3.000000,0.000000,0.833333,0.500000,0.714286,0.629630,100,240,240,32.000000,0,0,16,16,26,26,16,0,200.000000,40,0,0,14,36,0,14,12,4,8,0,12,8,8,0,8,0,0,0,0,2,160,0,160,10,150,0,0,0
401,12000430,25,3,66.004840269853,425.000000000000,11.000000000000,2.741331703866,a0e198be563db50f,8d15af1f9d36efa1,9a91c300c56b361f,200,49,24.500000,131.122449,226.556227,0.300000,0.500000,94.703769,1.333333,101.918543,1.816327,1.101124,0.000000,0.743516,0.563319,0.529101,0.586047,100,208,208,32.000000,0,0,16,16,55,55,16,0,258.000000,89,0,0,43,44,0,43,12,4,8,0,12,8,8,1,7,0,0,0,0,31,140,11,151,38,113,0,0,0
402,12000431,25,3,203.023124062006,425.000000000000,9.000000000000,2.117745786149,2bcd40ce4f7bf8a1,8d15af1f9d36efa1,2e83d8fe434dc12,200,59,29.500000,165.050847,264.065674,0.600000,1.700000,207.763989,2.194444,186.320030,2.338983,1.898551,0.000000,0.682028,0.596774,0.420168,0.543046,100,304,304,32.000000,0,0,16,16,79,79,6,0,296.000000,138,0,0,71,54,0,71,8,5,3,0,8,3,3,0,3,0,0,0,0,63,80,61,141,66,75,0,0,0
403,12000432,25,3,464.517621716381,325.000000000000,22.000000000000,2.326999354772,b14d808014f9665f,8d15af1f9d36efa1,df39cfe1b67a349d,200,80,40.000000,133.900000,252.918663,0.400000,0.800000,142.683508,2.187500,130.341104,2.000000,1.875000,0.000000,0.572193,0.516908,0.384615,0.338843,100,304,304,32.000000,0,0,16,16,35,35,12,0,214.000000,160,0,0,21,72,0,21,14,8,6,0,14,6,6,0,6,0,0,0,0,7,120,0,120,13,107,0,0,0
404,12000433,25,3,399.794061629440,175.000000000000,11.000000000000,2.794552053977,cfcd2881c2f5b990,8d15af1f9d36efa1,b5800a51e0b9ee69,200,40,20.000000,300.900000,325.961751,0.200000,1.100000,380.599494,1.450000,360.749981,5.500000,1.486364,0.000000,0.481132,0.504950,0.312500,0.246575,100,232,232,32.000000,0,0,16,16,26,26,20,0,204.000000,220,0,0,14,36,0,14,12,2,10,0,12,10,10,2,8,0,0,0,0,2,160,0,160,10,150,0,0,0
405,12000434,25,3,104.437109759164,75.000000000000,13.000000000000,2.698755719345,b4a7211bd66c1c08,8d15af1f9d36efa1,119c55d43caee32c,200,69,34.500000,180.246377,253.382172,0.500000,1.400000,210.688086,1.833333,198.378207,2.710145,2.117647,0.000000,0.616016,0.600000,0.348432,0.473239,100,264,264,32.000000,0,0,16,16,79,79,10,0,300.000000,187,0,0,68,62,0,68,11,6,5,0,11,5,5,1,4,0,0,0,0,57,100,31,131,61,70,0,0,0
406,12000435,25,3,282.300166001250,425.000000000000,12.000000000000,1.790910758388,a0f4af57d7957bc3,8d15af1f9d36efa1,45281e4f92dc7282,200,33,16.500000,214.060606,327.905359,0.200000,0.700000,280.174691,1.750000,255.644512,3.181818,1.571429,0.000000,0.676923,0.523810,0.487805,0.455959,100,232,232,32.000000,0,0,16,16,35,35,18,0,220.000000,105,0,0,25,30,0,25,11,2,9,0,11,9,9,1,8,0,0,0,0,14,160,7,167,22,145,0,0,0
407,12000436,25,3,47.013719578691,175.000000000000,24.000000000000,1.550815949897,480b6ffa21aba4fb,8d15af1f9d36efa1,79540c4fb077d881,200,80,40.000000,129.187500,219.190699,0.400000,0.700000,128.631709,1.750000,128.631709,1.750000,1.714286,0.000000,0.658537,0.574468,0.416667,0.496403,100,288,288,32.000000,0,0,16,16,63,63,12,0,270.000000,140,0,0,49,72,0,49,14,8,6,0,14,6,6,0,6,0,0,0,0,35,120,0,120,41,79,0,0,0
408,12000437,25,3,289.210342033068,425.000000000000,14.000000000000,1.740420151913,5c01d96cd23e6e6c,8d15af1f9d36efa1,8779ff68ccc19465,200,16,8.000000,221.187500,277.452112,0.100000,0.300000,235.524582,1.333333,235.524582,3.000000,1.333333,0.000000,0.835616,0.549550,0.675676,0.700000,100,160,160,32.000000,0,0,16,16,47,47,18,2,244.000000,48,0,0,39,14,0,35,11,2,9,0,11,9,9,0,9,0,0,0,0,28,180,4,184,37,147,0,0,0
409,12000438,25,3,309.208784611988,325.000000000000,15.000000000000,2.208464023831,c10465b13ee2f061,8d15af1f9d36efa1,9a8e6e00c5686fd9,200,40,20.000000,96.900000,239.774636,0.200000,0.200000,68.566295,2.000000,68.566295,1.000000,2.000000,0.000000,0.846154,0.523810,0.714286,0.687500,100,280,280,32.000000,0,0,16,16,36,36,16,0,220.000000,40,0,0,24,36,0,24,12,4,8,0,12,8,8,0,8,0,0,0,0,12,160,0,160,20,140,0,0,0
410,12000439,25,3,100.220009533452,75.000000000000,13.000000000000,2.076842645637,8685e66fed6870cc,8d15af1f9d36efa1,5bc8b6bb4ce15da6,200,88,44.000000,286.818182,201.390337,0.800000,3.400000,325.500147,1.538889,328.384004,4.318182,1.276316,0.000000,0.490617,0.646643,0.208333,0.381107,100,240,240,32.000000,0,0,16,16,107,107,20,0,366.000000,380,0,0,96,79,0,96,11,1,10,0,11,10,10,8,2,0,0,0,0,85,40,72,112,87,25,0,0,0
411,12000440,25,3,252.981717614420,175.000000000000,9.000000000000,2.012544048678,d73a660b9c04587a,8d15af1f9d36efa1,9a91cc00c56b456a,200,59,29.500000,96.847458,215.267522,0.400000,0.700000,111.349668,1.375000,103.774852,1.677966,1.808081,0.000000,0.713043,0.551570,0.502513,0.535211,100,248,248,32.000000,0,0,16,16,51,51,12,0,246.000000,99,0,0,42,53,2,40,10,4,6,0,10,6,6,0,6,0,0,0,0,30,120,21,141,36,105,0,0,0
412,12000441,25,3,94.493665803378,325.000000000000,17.000000000000,2.643576505697,fa54b22c90451e3f,8d15af1f9d36efa1,9a91d000c56b4c36,200,80,40.000000,114.025000,270.303535,0.400000,0.600000,109.134726,1.916667,109.134726,1.500000,1.833333,0.000000,0.625000,0.500000,0.454545,0.361702,100,256,256,32.000000,0,0,16,16,28,28,12,0,200.000000,120,0,0,14,72,0,14,14,8,6,0,14,6,6,0,6,0,0,0,0,0,120,0,120,6,114,0,0,0
413,12000442,25,3,327.741291598754,425.000000000000,11.000000000000,2.687310173021,45c7c2f4ed11bd69,8d15af1f9d36efa1,a1549fa18b4aeea4,200,40,20.000000,151.700000,318.023585,0.200000,0.500000,175.809427,1.625000,175.809427,2.500000,1.400000,0.000000,0.748744,0.598394,0.500000,0.624060,100,264,264,32.000000,0,0,16,16,78,78,10,0,298.000000,100,0,0,69,36,0,69,9,4,5,0,9,5,5,0,5,0,0,0,0,60,160,0,160,65,95,0,0,0
414,12000443,25,3,112.805923766073,325.000000000000,19.000000000000,2.357094930639,c524a644e460b2c7,8d15af1f9d36efa1,dd39b24f57ff4ddd,200,35,17.500000,172.771429,270.752794,0.200000,0.600000,181.639726,1.625000,179.605346,2.971429,1.663462,0.000000,0.676012,0.520384,0.490196,0.452632,100,184,184,31.000000,0,0,16,15,35,35,16,2,217.000000,104,0,0,22,31,0,22,12,4,8,0,12,8,8,0,8,0,0,0,0,10,160,5,165,18,147,0,0,0
415,12000444,25,3,492.011500654829,175.000000000000,20.000000000000,2.941318137907,f59027ab907302d6,8d15af1f9d36efa1,11066b4f7549c549,200,66,33.000000,196.424242,246.961008,0.400000,1.100000,194.752507,1.687500,192.300357,2.712121,1.715084,0.000000,0.603104,0.576271,0.358423,0.438871,100,256,256,32.000000,0,0,16,16,61,61,18,0,272.000000,179,0,0,47,58,0,47,14,5,9,0,14,9,9,3,6,0,0,0,0,33,120,14,134,39,95,0,0,0
416,12000445,25,3,241.210541609290,425.000000000000,8.000000000000,2.002456340089,ace8538d3b2310f6,8d15af1f9d36efa1,0,200,0,0.000000,NA,259.845135,0.000000,0.000000,nan,nan,NA,NA,NA,NA,1.000000,0.565217,1.000000,1.000000,100,248,248,32.000000,0,0,16,16,56,56,16,0,260.000000,0,0,0,48,0,0,48,8,0,8,0,8,8,8,0,8,0,0,0,0,40,200,0,200,48,152,0,0,0
417,12000446,25,3,303.561025055260,75.000000000000,10.000000000000,1.539090149983,b5c6d27166652bfd,8d15af1f9d36efa1,644028ebe1ce0efb,200,43,21.500000,174.255814,253.356229,0.400000,1.100000,199.234653,1.791667,171.891161,2.534884,1.394495,0.000000,0.771488,0.647887,0.478469,0.684058,100,264,264,32.000000,0,0,16,16,113,113,10,0,368.000000,109,0,0,105,38,0,105,8,3,5,0,8,5,5,2,3,0,0,0,0,97,120,37,157,100,57,0,0,0
418,12000447,25,3,432.429964420366,175.000000000000,18.000000000000,2.719682606355,54b3278cf74203ff,8d15af1f9d36efa1,5703f0f3d5e98a86,200,38,19.000000,224.315789,317.009800,0.200000,0.700000,249.471543,2.125000,251.566837,3.526316,2.149254,0.000000,0.621469,0.523810,0.427350,0.396396,100,256,256,32.000000,0,0,16,16,36,36,16,2,220.000000,134,0,0,23,34,0,23,12,4,8,0,12,8,8,0,8,0,0,0,0,11,160,2,162,19,143,0,0,0
419,12000448,25,3,166.248200886805,75.000000000000,15.000000000000,2.599522800632,9e87dfe9ee7b4424,8d15af1f9d36efa1,f75b8c4f66d71886,200,103,51.500000,233.291262,256.959445,0.600000,2.400000,317.273687,1.588889,277.041689,3.611650,1.392473,0.000000,0.384106,0.537037,0.211864,0.211864,100,208,208,32.000000,0,0,16,16,45,45,10,0,232.000000,372,0,0,31,93,0,31,14,9,5,0,14,5,5,1,4,0,0,0,0,17,80,17,97,21,76,0,0,0
420,12000449,25,3,490.519814245107,175.000000000000,20.000000000000,1.731245782478,e792a8a65e413120,8d15af1f9d36efa1,2872fd295b47640,200,20,10.000000,179.400000,294.230456,0.100000,0.300000,191.697413,2.333333,191.697413,3.000000,2.333333,0.000000,0.763780,0.492386,0.625000,0.508197,100,248,248,32.000000,0,0,16,16,22,22,18,0,194.000000,60,0,0,11,18,0,11,11,2,9,0,11,9,9,0,9,0,0,0,0,0,180,0,180,9,171,0,0,0
421,12000450,25,3,294.041280182052,175.000000000000,9.000000000000,1.674857810846,a78184b9617995ec,8d15af1f9d36efa1,0,200,0,0.000000,NA,304.733670,0.200000,0.400000,154.710511,2.000000,NA,NA,NA,NA,1.000000,0.638336,1.000000,1.000000,100,272,272,31.000000,0,0,16,15,105,105,12,0,353.000000,0,0,0,99,0,0,99,6,0,6,0,6,6,6,0,6,0,0,0,0,93,160,40,200,99,101,0,0,0
422,12000451,25,3,56.086171482655,325.000000000000,21.000000000000,2.000425354464,f711168f2851a1d8,8d15af1f9d36efa1,9a5ee200c5401133,200,140,70.000000,182.800000,215.551655,0.700000,1.700000,202.094311,1.471429,200.971773,2.428571,1.529412,0.000000,0.384058,0.514563,0.227273,0.190476,100,288,288,32.000000,0,0,16,16,34,34,12,0,212.000000,340,0,0,17,126,0,17,17,11,6,0,17,6,6,3,3,0,0,0,0,0,60,0,60,3,57,0,0,0
423,12000452,25,3,410.828843159213,175.000000000000,19.000000000000,2.941609083608,8605fe0841900171,8d15af1f9d36efa1,2b24dc4f841ea7b0,200,160,80.000000,336.862500,250.346578,0.800000,4.300000,436.057770,1.610962,438.050828,5.375000,1.651163,0.000000,0.211009,0.534884,0.104167,0.102296,100,272,272,32.000000,0,0,16,16,45,45,8,0,230.000000,860,0,0,27,144,0,27,18,14,4,0,18,4,4,2,2,0,0,0,0,9,40,0,40,11,29,0,0,0
424,12000453,25,3,148.111560972259,175.000000000000,15.000000000000,1.562613797579,aa270504db094b4e,8d15af1f9d36efa1,9a843800c55fbf92,200,60,30.000000,109.733333,306.743071,0.300000,0.400000,111.282645,1.500000,111.282645,1.333333,1.500000,0.000000,0.710145,0.494949,0.555556,0.444444,100,208,208,32.000000,0,0,16,16,25,25,14,0,196.000000,80,0,0,13,54,0,13,13,6,7,0,13,7,7,0,7,0,0,0,0,0,140,0,140,7,133,0,0,0
425,12000454,25,3,287.350458238901,175.000000000000,15.000000000000,2.295557585045,7eb04f3513b37b60,8d15af1f9d36efa1,f73cfa4f66bd22e1,200,13,6.500000,146.923077,260.033492,0.100000,0.200000,155.649028,1.000000,155.649028,2.000000,1.000000,0.000000,0.896000,0.528302,0.793651,0.779661,100,176,176,32.000000,0,0,16,16,37,37,18,2,224.000000,26,0,0,26,12,0,26,10,1,9,0,10,9,9,0,9,0,0,0,0,16,180,7,187,25,162,0,0,0
426,12000455,25,3,243.926420945117,175.000000000000,14.000000000000,1.945977265130,4eec7314fea08517,8d15af1f9d36efa1,8db6acca57e72d6f,200,80,40.000000,277.200000,237.317529,0.400000,1.800000,359.371030,2.166667,346.537239,4.500000,2.000000,0.000000,0.359431,0.502488,0.217391,0.162791,100,312,312,32.000000,0,0,16,16,28,28,14,0,202.000000,360,0,0,14,72,0,14,14,7,7,0,14,7,7,1,6,0,0,0,0,0,120,0,120,6,114,0,0,0
427,12000456,25,3,480.581869936188,425.000000000000,15.000000000000,2.534207194472,9e73c71af21d4fc7,8d15af1f9d36efa1,9a953900c56e3478,200,31,15.500000,157.387097,243.132616,0.200000,0.300000,146.049811,2.000000,138.286794,1.419355,2.000000,0.000000,0.863354,0.581590,0.694444,0.768421,100,264,264,32.000000,0,0,16,16,63,63,20,0,278.000000,44,0,0,52,28,0,52,11,1,10,0,11,10,10,2,8,0,0,0,0,41,160,9,169,49,120,0,0,0
428,12000457,25,3,341.191199088828,75.000000000000,9.000000000000,2.467611093596,b69e8c1e2a4a02aa,8d15af1f9d36efa1,9a690600c548a2e4,200,60,30.000000,174.616667,257.205128,0.300000,0.900000,205.154977,1.166667,205.154977,3.000000,1.222222,0.000000,0.577465,0.551570,0.357143,0.387755,100,208,208,32.000000,0,0,16,16,49,49,16,0,246.000000,180,0,0,38,54,2,36,11,3,8,0,11,8,8,1,7,0,0,0,0,25,140,0,140,32,108,0,0,0
429,12000458,25,3,28.812177337993,425.000000000000,16.000000000000,2.514896390283,fd15f503c47f1da,8d15af1f9d36efa1,f2c8f8600d19b483,200,56,28.000000,191.875000,215.259885,0.400000,1.000000,189.166459,1.983333,185.571564,2.571429,1.618056,0.000000,0.710843,0.638989,0.409836,0.606557,100,248,248,32.000000,0,0,16,16,104,104,14,0,354.000000,144,0,0,91,49,0,91,13,6,7,0,13,7,7,1,6,0,0,0,0,78,120,24,144,84,60,0,0,0
430,12000459,25,3,333.319509747863,325.000000000000,20.000000000000,1.696037461865,80bbf4185d82e97e,8d15af1f9d36efa1,a0af374f35bbb617,200,80,40.000000,176.900000,236.380751,0.400000,0.900000,184.214890,1.375000,184.214890,2.250000,1.222222,0.000000,0.528796,0.502488,0.357143,0.280000,100,216,216,32.000000,0,0,16,16,29,29,12,6,202.000000,180,0,0,14,72,2,12,12,6,6,0,12,6,6,0,6,0,0,0,0,0,120,0,120,6,114,0,0,0
431,12000460,25,3,170.426874427407,75.000000000000,10.000000000000,1.947219544667,345a3ac6a7900b0c,8d15af1f9d36efa1,0,200,0,0.000000,NA,264.017590,0.100000,0.100000,98.371870,1.000000,NA,NA,NA,NA,1.000000,0.557522,1.000000,1.000000,100,248,248,32.000000,0,0,16,16,51,51,18,2,252.000000,0,0,0,41,0,0,41,9,0,9,0,9,9,9,0,9,0,0,0,0,32,180,20,200,41,159,0,0,0
432,12000461,25,3,160.687692384778,175.000000000000,21.000000000000,1.580334690965,4c76b787b2b1606f,8d15af1f9d36efa1,e57f7dfc2229c92b,200,59,29.500000,170.406780,255.105686,0.300000,0.800000,199.579883,2.638889,192.751990,2.661017,2.248408,0.000000,0.561453,0.501247,0.389105,0.308370,100,232,232,31.000000,0,0,16,15,28,28,14,0,201.000000,157,0,0,15,53,0,15,13,6,7,0,13,7,7,0,7,0,0,0,0,2,140,1,141,9,132,0,0,0
433,12000462,25,3,56.945448070998,325.000000000000,22.000000000000,1.628105353915,894aeb8c1a9b02ab,8d15af1f9d36efa1,9a8afc00c565784c,200,16,8.000000,115.625000,250.391415,0.100000,0.100000,45.540050,1.000000,45.540050,1.000000,1.000000,0.000000,0.938462,0.549550,0.862069,0.875000,100,232,232,32.000000,0,0,16,16,46,46,20,0,244.000000,16,0,0,35,14,0,35,11,1,10,0,11,10,10,1,9,0,0,0,0,24,180,4,184,33,151,0,0,0
434,12000463,25,3,193.055505593562,425.000000000000,11.000000000000,2.489107081908,8615ce50d1076099,8d15af1f9d36efa1,6c453838645c2424,200,72,36.000000,206.125000,225.153771,0.600000,1.700000,209.205001,1.394444,186.249416,2.611111,1.313830,0.000000,0.634241,0.619772,0.347222,0.507853,100,224,224,32.000000,0,0,16,16,91,91,12,4,326.000000,188,0,0,79,65,0,79,10,4,6,0,10,6,6,3,3,0,0,0,0,69,80,48,128,72,56,0,0,0
435,12000464,25,3,85.326046664187,425.000000000000,13.000000000000,2.085925718037,7a356f2abb96a0c3,8d15af1f9d36efa1,fce42a25cc71245a,200,38,19.000000,180.763158,271.240349,0.300000,0.800000,212.209632,1.500000,200.790032,2.473684,1.404255,0.000000,0.747312,0.581590,0.515464,0.608333,100,256,256,32.000000,0,0,16,16,64,64,18,2,278.000000,94,0,0,52,34,0,52,11,2,9,0,11,9,9,2,7,0,0,0,0,41,140,22,162,48,114,0,0,0
436,12000465,25,3,224.357534041722,75.000000000000,13.000000000000,1.902357725083,9bba707f58221ec3,8d15af1f9d36efa1,9a8b0800c5658cb0,200,13,6.500000,94.538462,278.810861,0.200000,0.200000,79.146387,2.000000,98.917226,1.000000,3.000000,0.000000,0.950192,0.553571,0.884956,0.899225,100,224,224,32.000000,0,0,16,16,50,50,16,0,248.000000,13,0,0,41,12,0,41,9,1,8,0,9,8,8,0,8,0,0,0,0,32,160,27,187,40,147,0,0,0
437,12000466,25,3,6.467469619079,325.000000000000,18.000000000000,2.728821384194,1167237ee5aa72e8,8d15af1f9d36efa1,c30a5f4f491c2b3d,200,58,29.000000,233.155172,282.014770,0.300000,1.000000,299.678215,1.222222,277.659684,3.379310,1.091837,0.000000,0.548387,0.543379,0.337838,0.350993,100,264,264,32.000000,0,0,16,16,45,45,16,0,238.000000,196,0,0,32,52,0,32,13,5,8,0,13,8,8,1,7,0,0,0,0,19,140,2,142,26,116,0,0,0
438,12000467,25,3,33.460358506432,425.000000000000,18.000000000000,2.431438139812,47ac330c267798c1,8d15af1f9d36efa1,9a87b900c562d09c,200,98,49.000000,191.489796,246.448794,0.600000,1.600000,192.918313,3.127778,210.465646,2.755102,2.633333,0.000000,0.531250,0.604743,0.270270,0.391892,100,320,320,32.000000,0,0,16,16,83,83,8,8,306.000000,270,0,0,64,86,0,64,15,11,4,0,15,4,4,1,3,0,0,0,0,49,80,22,102,52,50,0,0,0
439,12000468,25,3,471.667166526048,325.000000000000,19.000000000000,2.291253496238,7babb0052aac453,8d15af1f9d36efa1,2abe7fb63cf1006d,200,80,40.000000,169.662500,260.123026,0.400000,1.100000,200.217130,1.604167,197.906606,2.750000,1.818182,0.000000,0.525862,0.549550,0.312500,0.337349,100,232,232,32.000000,0,0,16,16,50,50,12,0,244.000000,220,0,0,36,72,0,36,14,8,6,0,14,6,6,0,6,0,0,0,0,22,120,0,120,28,92,0,0,0
440,12000469,25,3,0.573873106496,325.000000000000,21.000000000000,2.786694476175,7ad67b8784fee25c,8d15af1f9d36efa1,9a844e00c55fe4f4,200,55,27.500000,104.109091,193.007129,0.300000,0.400000,67.015095,2.000000,83.614268,1.600000,1.590909,0.000000,0.717949,0.528302,0.531915,0.511111,100,192,192,32.000000,0,0,16,16,39,39,14,0,224.000000,88,0,0,26,49,0,26,13,6,7,0,13,7,7,0,7,0,0,0,0,13,140,5,145,20,125,0,0,0
441,12000470,25,3,450.989369420962,75.000000000000,13.000000000000,2.342714447586,fc9a8f1e376f1e29,8d15af1f9d36efa1,33e62f4f891af444,200,44,22.000000,215.681818,237.416114,0.400000,1.200000,230.507307,2.550000,181.469289,2.590909,2.192982,0.000000,0.751092,0.632353,0.467290,0.650307,100,264,264,32.000000,0,0,16,16,96,96,20,0,344.000000,114,0,0,84,38,0,84,12,2,10,0,12,10,10,4,6,0,0,0,0,72,120,36,156,78,78,0,0,0
442,12000471,25,3,416.544708004212,75.000000000000,8.000000000000,2.890518011199,80339df5ced36c4f,8d15af1f9d36efa1,9a80d400c55cdfcf,200,59,29.500000,260.491525,264.758827,0.500000,2.100000,284.180517,1.188571,293.198430,4.389831,1.135135,0.000000,0.547993,0.610895,0.278552,0.412698,100,208,208,32.000000,0,0,16,16,81,81,20,0,314.000000,259,0,0,71,54,0,71,10,0,10,0,10,10,10,5,5,0,0,0,0,61,100,41,141,66,75,0,0,0
443,12000472,25,3,436.705775448591,325.000000000000,20.000000000000,2.688990977288,32d4ec77f3856026,8d15af1f9d36efa1,87a4859b486f151b,200,57,28.500000,161.280702,251.760907,0.300000,0.700000,203.013721,2.666667,181.493653,2.245614,2.515625,0.000000,0.646409,0.539171,0.438596,0.443478,100,296,296,32.000000,0,0,16,16,44,44,14,0,234.000000,128,0,0,31,51,0,31,13,6,7,0,13,7,7,0,7,0,0,0,0,18,140,3,143,25,118,0,0,0
444,12000473,25,3,92.893862296346,425.000000000000,13.000000000000,2.853681673754,c4d3422d71e262ff,8d15af1f9d36efa1,ee60784f61a9beb8,200,34,17.000000,206.088235,170.498134,0.500000,0.900000,109.237643,1.600000,89.775795,1.470588,1.560000,0.000000,0.896266,0.683544,0.666667,0.857143,100,248,248,32.000000,0,0,16,16,145,145,10,18,432.000000,50,0,0,126,28,0,126,10,5,5,0,10,5,5,1,4,0,0,0,0,116,100,66,166,120,46,0,0,0
445,12000474,25,3,36.967029498881,75.000000000000,16.000000000000,2.046262116507,c673c40bb841db76,8d15af1f9d36efa1,0,200,0,0.000000,NA,384.130258,0.000000,0.000000,nan,nan,NA,NA,NA,NA,1.000000,0.567100,1.000000,1.000000,100,200,200,32.000000,0,0,16,16,57,57,16,0,262.000000,0,0,0,49,0,0,49,8,0,8,0,8,8,8,0,8,0,0,0,0,41,200,0,200,49,151,0,0,0
446,12000475,25,3,72.325186555792,325.000000000000,18.000000000000,2.904653500864,61c94f8d4310e5a7,8d15af1f9d36efa1,2b4a434f843e72f2,200,60,30.000000,163.183333,224.916332,0.300000,0.800000,168.262542,1.583333,168.262542,2.666667,1.750000,0.000000,0.558011,0.502488,0.384615,0.304348,100,264,264,32.000000,0,0,16,16,26,26,18,0,202.000000,160,0,0,13,54,0,13,13,4,9,0,13,9,9,2,7,0,0,0,0,0,140,0,140,7,133,0,0,0
447,12000476,25,3,168.207268599609,325.000000000000,14.000000000000,1.931721806197,ed1566268306c339,8d15af1f9d36efa1,9a8e7700c5687f24,200,100,50.000000,134.050000,225.658783,0.500000,1.000000,134.608613,1.666667,134.547931,2.000000,1.900000,0.000000,0.502488,0.502488,0.333333,0.259259,100,280,280,32.000000,0,0,16,16,30,30,10,0,202.000000,200,0,0,15,90,0,15,15,10,5,0,15,5,5,0,5,0,0,0,0,0,100,0,100,5,95,0,0,0
448,12000477,25,3,383.236743013469,425.000000000000,10.000000000000,2.964445310610,b5a1b93fdbf7d06c,8d15af1f9d36efa1,f21be76338505523,200,100,50.000000,211.620000,229.890903,0.800000,2.200000,215.988818,2.020833,223.856497,2.790000,1.874552,0.000000,0.541872,0.622642,0.263852,0.415094,100,280,280,32.000000,0,0,16,16,91,91,16,0,330.000000,279,0,0,81,92,0,81,10,2,8,0,10,8,8,6,2,0,0,0,0,71,40,60,100,73,27,0,0,0
449,12000478,25,3,363.241566500962,175.000000000000,13.000000000000,2.487829535736,7e5cb6f33c959d2c,8d15af1f9d36efa1,9a8b0c00c565937c,200,40,20.000000,100.350000,238.388706,0.200000,0.200000,85.111056,1.500000,85.111056,1.000000,1.500000,0.000000,0.830508,0.494949,0.714286,0.615385,100,232,232,32.000000,0,0,16,16,24,24,16,0,196.000000,40,0,0,12,36,0,12,12,4,8,0,12,8,8,0,8,0,0,0,0,0,160,0,160,8,152,0,0,0
450,12000479,25,3,192.590073929331,175.000000000000,17.000000000000,1.822684984319,f5fc9e3da0e124ca,8d15af1f9d36efa1,33cb0a4f8903edad,200,92,46.000000,141.163043,234.063686,0.500000,1.100000,116.570014,1.733333,132.616885,2.260870,2.134615,0.000000,0.526196,0.535963,0.324675,0.324675,100,288,288,31.000000,0,0,16,15,45,45,10,0,231.000000,208,0,0,30,82,0,30,15,10,5,0,15,5,5,0,5,0,0,0,0,15,100,8,108,20,88,0,0,0
451,12000480,25,3,287.338013483805,75.000000000000,12.000000000000,2.300379156075,d419486c4629b836,8d15af1f9d36efa1,f03845ec61352df3,200,95,47.500000,351.536842,296.041570,0.500000,2.600000,454.322957,1.366667,450.419893,5.178947,1.266260,0.000000,0.305085,0.519231,0.168919,0.145833,100,240,240,32.000000,0,0,16,16,35,35,14,0,216.000000,492,0,0,20,85,0,20,15,8,7,0,15,7,7,2,5,0,0,0,0,5,100,5,105,10,95,0,0,0
452,12000481,25,3,344.213510231391,325.000000000000,12.000000000000,2.753948648014,4afc388b98c889e6,8d15af1f9d36efa1,35928244aa529e4b,200,33,16.500000,185.606061,243.939819,0.200000,0.500000,184.359252,2.125000,208.165076,2.818182,1.494624,0.000000,0.702875,0.523810,0.518135,0.486188,100,216,216,32.000000,0,0,16,16,35,35,18,0,220.000000,93,0,0,25,30,0,25,11,2,9,0,11,9,9,1,8,0,0,0,0,14,160,7,167,22,145,0,0,0
453,12000482,25,3,389.207916919820,175.000000000000,15.000000000000,2.521198810226,e413fcf3c8f2d02b,8d15af1f9d36efa1,0,200,0,0.000000,NA,310.678092,0.000000,0.000000,nan,nan,NA,NA,NA,NA,1.000000,0.528302,1.000000,1.000000,100,208,208,32.000000,0,0,16,16,37,37,18,0,224.000000,0,0,0,28,0,0,28,9,0,9,0,9,9,9,0,9,0,0,0,0,19,200,0,200,28,172,0,0,0
454,12000483,25,3,88.477835640153,425.000000000000,12.000000000000,2.545357141802,859ad0152369078,8d15af1f9d36efa1,2dfdcf8ffc8ba633,200,70,35.000000,225.114286,215.816450,0.500000,1.400000,229.642252,1.616667,234.495127,2.928571,1.536585,0.000000,0.587525,0.593496,0.327869,0.438356,100,264,264,32.000000,0,0,16,16,72,72,16,0,292.000000,205,0,0,59,62,0,59,13,5,8,0,13,8,8,3,5,0,0,0,0,46,100,30,130,51,79,0,0,0
455,12000484,25,3,497.748414506793,325.000000000000,17.000000000000,2.622559854100,8d1f6e320de1b6fd,8d15af1f9d36efa1,dd28ac4f57f0d078,200,36,18.000000,211.888889,273.110678,0.200000,0.600000,222.977893,1.750000,232.114181,3.111111,1.464286,0.000000,0.712821,0.581590,0.471698,0.565891,100,272,272,32.000000,0,0,16,16,63,63,20,2,278.000000,112,0,0,50,32,0,50,12,2,10,0,12,10,10,2,8,0,0,0,0,38,160,4,164,46,118,0,0,0
456,12000485,25,3,464.087565196133,425.000000000000,17.000000000000,1.815884140886,4c6ab504644c5506,8d15af1f9d36efa1,9a734e00c55171c1,200,53,26.500000,223.924528,259.897639,0.300000,0.900000,220.418362,2.500000,228.134845,2.867925,1.782895,0.000000,0.593583,0.526066,0.396825,0.371901,100,288,288,32.000000,0,0,16,16,35,35,20,6,222.000000,152,0,0,20,48,0,20,12,2,10,0,12,10,10,3,7,0,0,0,0,8,140,7,147,15,132,0,0,0
457,12000486,25,3,15.286876577262,425.000000000000,20.000000000000,2.237378124491,b8c8fc725918805d,8d15af1f9d36efa1,c0598ca0e83279b,200,27,13.500000,133.740741,254.879487,0.200000,0.400000,160.262923,2.333333,118.249121,1.518519,2.317073,0.000000,0.891247,0.626866,0.709220,0.832653,100,184,184,32.000000,0,0,16,16,93,93,18,0,336.000000,41,0,0,82,24,0,82,11,2,9,0,11,9,9,1,8,0,0,0,0,71,160,13,173,79,94,0,0,0
458,12000487,25,3,328.632042486695,325.000000000000,17.000000000000,1.914911712099,f85163754edc7a03,8d15af1f9d36efa1,8f74024f2bffdf95,200,80,40.000000,198.350000,239.664911,0.400000,1.300000,236.305737,1.229167,236.305737,3.250000,1.230769,0.000000,0.432314,0.497487,0.277778,0.202454,100,208,208,32.000000,0,0,16,16,28,28,10,0,198.000000,260,0,0,15,72,0,15,13,8,5,0,13,5,5,0,5,0,0,0,0,2,120,0,120,7,113,0,0,0
459,12000488,25,3,341.513311403618,425.000000000000,5.000000000000,2.555985136815,5ab95dfc05c8d92e,8d15af1f9d36efa1,9a9c0700c573fe30,200,30,15.000000,98.966667,165.384739,0.500000,0.800000,118.989074,1.333333,75.439879,1.000000,1.000000,0.000000,0.912791,0.610895,0.769231,0.858491,100,240,240,32.000000,0,0,16,16,86,86,10,0,314.000000,30,0,0,78,27,0,78,8,3,5,0,8,5,5,0,5,0,0,0,0,70,100,70,170,75,95,0,0,0
460,12000489,25,3,85.141041462344,75.000000000000,14.000000000000,1.688450168350,2eff5345687574cc,8d15af1f9d36efa1,0,200,0,0.000000,NA,328.544638,0.000000,0.000000,nan,nan,NA,NA,NA,NA,1.000000,0.633700,1.000000,1.000000,100,160,160,32.000000,0,0,16,16,99,99,16,0,346.000000,0,0,0,95,0,0,91,8,0,8,0,8,8,8,0,8,0,0,0,0,87,200,0,200,95,105,0,0,0
461,12000490,25,3,75.951991661455,425.000000000000,13.000000000000,2.340026387729,906b56347d7a5fe3,8d15af1f9d36efa1,c94943c5cedee2a8,200,39,19.500000,176.487179,259.177972,0.300000,0.700000,181.657575,1.166667,208.199355,2.461538,1.395833,0.000000,0.703704,0.532710,0.510204,0.500000,100,232,232,32.000000,0,0,16,16,42,42,12,0,228.000000,96,0,0,32,35,0,32,10,4,6,0,10,6,6,0,6,0,0,0,0,22,140,21,161,28,133,0,0,0
462,12000491,25,3,248.729896448002,75.000000000000,9.000000000000,1.759277525477,cda3ae2191f838b3,8d15af1f9d36efa1,9abaa400c58e0686,200,33,16.500000,88.454545,214.558823,0.200000,0.300000,99.148805,1.000000,89.276984,1.393939,1.000000,0.000000,0.817460,0.507389,0.684932,0.616667,100,192,192,32.000000,0,0,16,16,29,29,16,0,206.000000,46,0,0,18,30,0,18,11,3,8,0,11,8,8,0,8,0,0,0,0,7,160,7,167,15,152,0,0,0
463,12000492,25,3,284.069835210689,75.000000000000,8.000000000000,2.217332285344,3ea00f661948e3e3,8d15af1f9d36efa1,0,200,0,0.000000,NA,263.624766,0.100000,0.200000,171.044983,2.500000,NA,NA,NA,NA,1.000000,0.530516,1.000000,1.000000,100,256,256,32.000000,0,0,16,16,38,38,18,0,226.000000,0,0,0,29,0,0,29,9,0,9,0,9,9,9,0,9,0,0,0,0,20,180,20,200,29,171,0,0,0
464,12000493,25,3,320.945503060363,325.000000000000,11.000000000000,1.512410663787,5af5addb95e1a45f,8d15af1f9d36efa1,ae68232e2ca50186,200,100,50.000000,182.530000,241.786765,0.500000,1.400000,202.719152,1.333333,202.719152,2.800000,1.357143,0.000000,0.419087,0.502488,0.263158,0.200000,100,240,240,32.000000,0,0,16,16,30,30,10,0,202.000000,280,0,0,15,90,0,15,15,10,5,0,15,5,5,0,5,0,0,0,0,0,100,0,100,5,95,0,0,0
465,12000494,25,3,128.648827754925,75.000000000000,15.000000000000,2.428672761769,403e8453520f2efc,8d15af1f9d36efa1,c317e14f4927927f,200,100,50.000000,175.170000,203.692669,0.500000,1.200000,187.659538,2.100000,187.659538,2.400000,1.833333,0.000000,0.464286,0.509804,0.294118,0.240506,100,304,304,32.000000,0,0,16,16,30,30,16,0,208.000000,240,0,0,15,90,0,15,15,7,8,0,15,8,8,3,5,0,0,0,0,0,100,0,100,5,95,0,0,0
466,12000495,25,3,229.024264462096,75.000000000000,8.000000000000,2.009939501615,42c22ee9c7926db,8d15af1f9d36efa1,9a87b200c562c4b7,200,69,34.500000,123.014493,233.393669,0.400000,0.600000,111.627690,1.333333,104.654819,1.376812,1.347368,0.000000,0.712991,0.541284,0.512821,0.522613,100,208,208,32.000000,0,0,16,16,44,44,16,0,236.000000,95,0,0,31,62,0,31,13,5,8,0,13,8,8,2,6,0,0,0,0,18,120,11,131,24,107,0,0,0
467,12000496,25,3,172.605697782293,325.000000000000,16.000000000000,1.632325541136,c07346b24902a91d,8d15af1f9d36efa1,792e974fb057f575,200,20,10.000000,157.200000,311.894392,0.100000,0.200000,159.919001,3.500000,159.919001,2.000000,3.500000,0.000000,0.829060,0.492386,0.714286,0.607843,100,320,320,32.000000,0,0,16,16,22,22,18,0,194.000000,40,0,0,11,18,0,11,11,2,9,0,11,9,9,0,9,0,0,0,0,0,180,0,180,9,171,0,0,0
468,12000497,25,3,203.743146526858,75.000000000000,15.000000000000,1.796499081105,adda900465b9e4d4,8d15af1f9d36efa1,9aa63800c57ca5f8,200,60,30.000000,218.133333,300.979736,0.300000,1.100000,263.049864,2.055556,263.049864,3.666667,1.818182,0.000000,0.483568,0.507389,0.312500,0.251701,100,288,288,32.000000,0,0,16,16,30,30,14,8,206.000000,220,0,0,13,54,0,13,13,6,7,0,13,7,7,0,7,0,0,0,0,0,140,0,140,7,133,0,0,0
469,12000498,25,3,341.190679677050,75.000000000000,15.000000000000,2.026842048670,af5df5823918f62d,8d15af1f9d36efa1,8aa666186530ece4,200,37,18.500000,171.405405,248.108554,0.200000,0.700000,226.942664,1.900000,212.492335,3.378378,1.728000,0.000000,0.698795,0.591837,0.444444,0.558304,100,224,224,32.000000,0,0,16,16,72,72,14,0,290.000000,125,0,0,61,33,0,61,11,4,7,0,11,7,7,0,7,0,0,0,0,50,160,3,163,57,106,0,0,0
470,12000499,25,3,185.526393604769,175.000000000000,11.000000000000,1.535574893379,c9238721ba2a87b4,8d15af1f9d36efa1,9abab500c58e2369,200,26,13.000000,116.730769,282.633690,0.200000,0.300000,121.863152,2.500000,121.863152,1.500000,2.333333,0.000000,0.900256,0.637681,0.719424,0.849421,100,240,240,32.000000,0,0,16,16,106,106,8,0,352.000000,39,0,0,100,24,0,100,6,2,4,0,6,4,4,0,4,0,0,0,0,94,160,14,174,98,76,0,0,0
471,12000500,25,3,67.967918554663,425.000000000000,15.000000000000,2.317902409112,1d296328b5a472d4,8d15af1f9d36efa1,b078e8bb4ccd1e38,200,113,56.500000,195.460177,241.243305,0.700000,1.900000,200.218228,1.797619,205.819772,2.725664,1.649351,0.000000,0.453901,0.561404,0.245098,0.287037,100,288,288,32.000000,0,0,16,16,55,55,14,0,256.000000,308,0,0,41,102,0,41,14,7,7,0,14,7,7,4,3,0,0,0,0,27,60,27,87,30,57,0,0,0
472,12000501,25,3,427.776895234621,75.000000000000,15.000000000000,2.000184670270,f96e098e6ea85e64,8d15af1f9d36efa1,9a844400c55fd3f6,200,83,41.500000,121.144578,144.242709,0.600000,1.000000,115.053886,2.000000,106.194011,1.650602,1.890511,0.000000,0.710359,0.626866,0.421941,0.598240,100,320,320,32.000000,0,0,16,16,97,97,10,0,336.000000,137,0,0,84,74,0,84,13,8,5,0,13,5,5,1,4,0,0,0,0,71,80,37,117,75,42,0,0,0
473,12000502,25,3,76.097326432037,425.000000000000,15.000000000000,2.735968407195,1ea5df0555f2eca1,8d15af1f9d36efa1,87b7d4f707bb3c4,200,20,10.000000,132.500000,276.538950,0.100000,0.200000,151.167040,3.000000,151.167040,2.000000,3.000000,0.000000,0.830508,0.494949,0.714286,0.615385,100,256,256,32.000000,0,0,16,16,23,23,18,2,196.000000,40,0,0,11,18,0,11,11,2,9,0,11,9,9,0,9,0,0,0,0,0,180,0,180,9,171,0,0,0
474,12000503,25,3,74.358223857455,425.000000000000,14.000000000000,2.240830097030,fdbc09e27122e62d,8d15af1f9d36efa1,9a7a0100c5570d98,200,33,16.500000,112.181818,263.228483,0.200000,0.300000,126.214037,2.000000,119.015381,1.393939,2.130435,0.000000,0.858025,0.581590,0.684932,0.760417,100,312,312,32.000000,0,0,16,16,66,66,14,2,278.000000,46,0,0,62,30,0,55,10,3,7,0,10,7,7,0,7,0,0,0,0,52,160,7,167,59,108,0,0,0
475,12000504,25,3,160.395625366850,175.000000000000,14.000000000000,2.654735169629,bbdf72ce34f9216f,8d15af1f9d36efa1,0,200,0,0.000000,NA,276.627757,0.000000,0.000000,nan,nan,NA,NA,NA,NA,1.000000,0.497487,1.000000,1.000000,100,224,224,32.000000,0,0,16,16,23,23,20,0,198.000000,0,0,0,18,0,0,13,10,0,10,0,10,10,10,0,10,0,0,0,0,8,200,0,200,18,182,0,0,0
476,12000505,25,3,412.176195358077,75.000000000000,12.000000000000,2.317636230892,76d83a38fc79ba4e,8d15af1f9d36efa1,6847f8f570c8db2,200,65,32.500000,201.261538,269.310797,0.600000,1.600000,179.928649,1.083333,184.009774,2.723077,1.225989,0.000000,0.678182,0.650960,0.361011,0.577566,100,248,248,31.000000,0,0,16,15,112,112,18,0,373.000000,177,0,0,102,58,0,102,10,1,9,0,10,9,9,6,3,0,0,0,0,92,80,55,135,95,40,0,0,0
477,12000506,25,3,461.758021429753,325.000000000000,20.000000000000,1.517109993883,7770c4be086ab33c,8d15af1f9d36efa1,2c3597f907b56fc0,200,105,52.500000,166.276190,208.754244,0.600000,1.300000,153.988528,1.666667,165.466849,2.390476,1.501992,0.000000,0.490872,0.547511,0.284900,0.304709,100,208,208,32.000000,0,0,16,16,49,49,12,0,242.000000,251,0,0,35,95,0,35,14,8,6,0,14,6,6,2,4,0,0,0,0,21,80,15,95,25,70,0,0,0
478,12000507,25,3,308.359002878147,175.000000000000,13.000000000000,2.453703252280,a5d922855e1e79c,8d15af1f9d36efa1,ba59f84f442e2fe0,200,100,50.000000,145.270000,196.329491,0.500000,1.100000,173.101254,2.133333,162.132137,2.200000,2.181818,0.000000,0.507830,0.531616,0.312500,0.303797,100,304,304,31.000000,0,0,16,15,43,43,10,0,227.000000,220,0,0,28,90,0,28,15,10,5,0,15,5,5,0,5,0,0,0,0,13,100,0,100,18,82,0,0,0
479,12000508,25,3,253.248581557135,425.000000000000,9.000000000000,1.948642157307,102c7478d02db6fb,8d15af1f9d36efa1,fe9d6d3ba9010e05,200,13,6.500000,300.230769,311.565484,0.200000,0.900000,349.432522,1.225000,367.620424,5.000000,1.200000,0.000000,0.784053,0.541284,0.606061,0.615385,100,200,200,32.000000,0,0,16,16,43,43,18,0,236.000000,65,0,0,36,12,0,36,9,0,9,0,9,9,9,1,8,0,0,0,0,27,160,27,187,35,152,0,0,0
480,12000509,25,3,434.765247459600,325.000000000000,18.000000000000,2.665686182747,b3ee4653265eeeee,8d15af1f9d36efa1,9a9bfb00c573e9cc,200,94,47.000000,133.340426,198.511865,0.500000,0.900000,121.187464,1.400000,128.435656,1.978723,1.392473,0.000000,0.544118,0.526066,0.349650,0.326087,100,248,248,32.000000,0,0,16,16,38,38,14,0,222.000000,186,0,0,23,84,0,23,15,8,7,0,15,7,7,2,5,0,0,0,0,8,100,6,106,13,93,0,0,0
481,12000510,25,3,1.799737669727,325.000000000000,19.000000000000,2.645858292654,368216643feb3f2d,8d15af1f9d36efa1,9a7a0e00c55723af,200,34,17.000000,256.911765,272.806791,0.200000,0.700000,276.564144,2.416667,289.661056,4.029412,1.627737,0.000000,0.653165,0.563319,0.421941,0.479087,100,256,256,32.000000,0,0,16,16,54,54,18,0,258.000000,137,0,0,42,30,0,42,12,3,9,0,12,9,9,1,8,0,0,0,0,30,160,6,166,38,128,0,0,0
482,12000511,25,3,75.673802311747,325.000000000000,12.000000000000,2.900296459112,48c0a15319f62a19,8d15af1f9d36efa1,8537d515c17f9f80,200,37,18.500000,222.297297,263.416896,0.200000,0.700000,232.083597,1.291667,230.077471,3.459459,1.289062,0.000000,0.640449,0.532710,0.438596,0.428571,100,256,256,32.000000,0,0,16,16,38,38,20,0,228.000000,128,0,0,26,33,0,26,12,2,10,0,12,10,10,2,8,0,0,0,0,14,160,3,163,22,141,0,0,0
483,12000512,25,3,476.792495101848,175.000000000000,18.000000000000,1.599678969766,6cca99d0f5b0294a,8d15af1f9d36efa1,0,200,0,0.000000,NA,293.762892,0.000000,0.000000,nan,nan,NA,NA,NA,NA,1.000000,0.523810,1.000000,1.000000,100,248,248,32.000000,0,0,16,16,34,34,20,0,220.000000,0,0,0,24,0,0,24,10,0,10,0,10,10,10,0,10,0,0,0,0,14,200,0,200,24,176,0,0,0
484,12000513,25,3,464.821979832853,425.000000000000,17.000000000000,2.253563565375,48edb39301c1f3bf,8d15af1f9d36efa1,9a6c8600c54bb23b,200,22,11.000000,155.727273,288.736874,0.200000,0.300000,78.585781,2.000000,104.788023,1.863636,2.853659,0.000000,0.866450,0.570815,0.709220,0.765714,100,288,288,32.000000,0,0,16,16,57,57,20,0,266.000000,41,0,0,46,19,0,46,11,1,10,0,11,10,10,2,8,0,0,0,0,35,160,18,178,43,135,0,0,0
485,12000514,25,3,209.448398839236,175.000000000000,12.000000000000,2.427199395934,ebdced32130c285a,8d15af1f9d36efa1,85ccbb9fc57f70ec,200,120,60.000000,201.641667,226.578370,0.600000,1.700000,241.084777,1.727778,231.378451,2.833333,1.470588,0.000000,0.375000,0.504950,0.227273,0.174757,100,288,288,32.000000,0,0,16,16,32,32,8,0,204.000000,340,0,0,16,108,0,16,16,12,4,0,16,4,4,0,4,0,0,0,0,0,80,0,80,4,76,0,0,0
486,12000515,25,3,33.517085838292,325.000000000000,22.000000000000,2.654115721235,b85a62b0db816fcd,8d15af1f9d36efa1,5652b167e1af6979,200,116,58.000000,202.413793,216.589445,0.600000,1.600000,228.019447,1.933333,221.615266,2.620690,1.684211,0.000000,0.432836,0.537037,0.247525,0.247525,100,256,256,32.000000,0,0,16,16,46,46,8,2,232.000000,304,0,0,29,104,0,29,16,12,4,0,16,4,4,0,4,0,0,0,0,13,80,4,84,17,67,0,0,0
487,12000516,25,3,222.727896296835,425.000000000000,13.000000000000,2.000616323729,660b9bc1bf7fdea8,8d15af1f9d36efa1,889264f70875d4b,200,40,20.000000,171.750000,232.896863,0.500000,1.000000,144.335046,1.900000,122.799541,1.700000,1.588235,0.000000,0.856540,0.669967,0.595238,0.801170,100,264,264,32.000000,0,0,16,16,130,130,14,0,406.000000,68,0,0,120,35,0,120,10,3,7,0,10,7,7,2,5,0,0,0,0,110,100,60,160,115,45,0,0,0
488,12000517,25,3,100.328193622213,75.000000000000,11.000000000000,2.785367211856,f62297bea74b7d2f,8d15af1f9d36efa1,ffed434f6baaeb44,200,32,16.000000,170.781250,302.344410,0.200000,0.400000,184.261149,2.750000,166.065638,2.000000,2.500000,0.000000,0.823204,0.598394,0.609756,0.721739,100,296,296,32.000000,0,0,16,16,75,75,16,24,298.000000,64,0,0,52,29,0,52,11,3,8,0,11,8,8,0,8,0,0,0,0,41,160,8,168,49,119,0,0,0
489,12000518,25,3,208.382155063962,175.000000000000,13.000000000000,1.563628598442,c7441cdaa2246877,8d15af1f9d36efa1,796ed3a18bc34dbd,200,113,56.500000,223.637168,229.288385,0.600000,2.100000,260.088176,2.348148,269.696102,3.654867,1.949153,0.000000,0.341308,0.516908,0.194932,0.165657,100,336,336,32.000000,0,0,16,16,37,37,8,0,214.000000,413,0,0,22,102,0,22,15,11,4,0,15,4,4,0,4,0,0,0,0,7,80,7,87,11,76,0,0,0
490,12000519,25,3,404.256384428118,425.000000000000,11.000000000000,2.469932580667,ba5b27422c952fae,8d15af1f9d36efa1,59d21eca3a886d33,200,10,5.000000,170.600000,291.298332,0.200000,0.300000,93.069379,1.250000,101.331494,1.600000,1.750000,0.000000,0.949686,0.601594,0.862069,0.913978,100,272,272,32.000000,0,0,16,16,78,78,14,0,302.000000,16,0,0,69,8,0,69,9,2,7,0,9,7,7,0,7,0,0,0,0,60,160,30,190,67,123,0,0,0
491,12000520,25,3,359.809424433685,325.000000000000,7.000000000000,2.921338884979,cba3379ac1543d5c,8d15af1f9d36efa1,5a06fe8788e349f0,200,60,30.000000,202.050000,275.577818,0.300000,0.900000,221.829310,2.000000,221.829310,3.000000,2.000000,0.000000,0.533679,0.507389,0.357143,0.291339,100,224,224,32.000000,0,0,16,16,30,30,14,0,206.000000,180,0,0,17,54,0,17,13,6,7,0,13,7,7,0,7,0,0,0,0,4,140,0,140,11,129,0,0,0
492,12000521,25,3,492.394232397463,175.000000000000,23.000000000000,2.786042926118,6cb366ce2d701c2a,8d15af1f9d36efa1,9a734d00c551700e,200,30,15.000000,104.466667,214.649917,0.200000,0.200000,71.836519,2.500000,72.170819,1.000000,2.466667,0.000000,0.899329,0.572650,0.769231,0.819277,100,264,264,32.000000,0,0,16,16,60,60,16,0,268.000000,30,0,0,48,26,0,48,12,4,8,0,12,8,8,0,8,0,0,0,0,36,160,10,170,44,126,0,0,0
493,12000522,25,3,338.360652592704,425.000000000000,10.000000000000,2.809988027326,96ba53a2b09161bf,8d15af1f9d36efa1,9a65b000c545daeb,200,20,10.000000,77.700000,245.172160,0.100000,0.100000,35.241339,1.000000,35.241339,1.000000,1.000000,0.000000,0.919355,0.532710,0.833333,0.827586,100,224,224,32.000000,0,0,16,16,39,39,18,16,228.000000,20,0,0,21,18,0,21,11,2,9,0,11,9,9,0,9,0,0,0,0,10,180,0,180,19,161,0,0,0
494,12000523,25,3,389.545782554703,75.000000000000,14.000000000000,2.865520391681,4f4f4a08c116eed0,8d15af1f9d36efa1,ed85484765271ce2,200,70,35.000000,151.200000,185.605101,0.500000,0.900000,128.677769,1.866667,132.865009,1.871429,2.374046,0.000000,0.661499,0.561404,0.432900,0.486275,100,368,368,32.000000,0,0,16,16,54,54,16,0,256.000000,131,0,0,42,63,0,42,12,4,8,0,12,8,8,3,5,0,0,0,0,30,100,30,130,35,95,0,0,0
495,12000524,25,3,424.870622488084,425.000000000000,17.000000000000,2.397613597916,6893fcb7f34e18ca,8d15af1f9d36efa1,eeb57e4f61f208e9,200,104,52.000000,323.730769,235.704207,0.600000,3.000000,382.737590,1.421429,379.971851,5.000000,1.446154,0.000000,0.340102,0.572650,0.161290,0.207317,100,248,248,32.000000,0,0,16,16,60,60,16,6,268.000000,520,0,0,41,92,0,41,16,8,8,0,16,8,8,4,4,0,0,0,0,25,80,16,96,29,67,0,0,0
496,12000525,25,3,110.400354263655,325.000000000000,15.000000000000,2.517094763429,ad423af71d419d03,8d15af1f9d36efa1,9aa9b600c57fb1e9,200,33,16.500000,134.030303,307.253428,0.200000,0.400000,144.724587,1.666667,129.328649,1.787879,1.559322,0.000000,0.783883,0.516908,0.628931,0.581560,100,216,216,32.000000,0,0,16,16,32,32,18,0,214.000000,59,0,0,24,30,0,22,11,2,9,0,11,9,9,1,8,0,0,0,0,13,160,7,167,21,146,0,0,0
497,12000526,25,3,179.515039412293,75.000000000000,13.000000000000,1.858461981981,f720590bf0a96e78,8d15af1f9d36efa1,9abaa400c58e0686,200,56,28.000000,154.660714,216.568922,0.400000,0.900000,187.202142,1.666667,160.718501,2.160714,1.429752,0.000000,0.713948,0.601594,0.452489,0.584192,100,240,240,32.000000,0,0,16,16,78,78,14,2,302.000000,121,0,0,66,51,0,66,11,4,7,0,11,7,7,1,6,0,0,0,0,55,120,24,144,61,83,0,0,0
498,12000527,25,3,212.088859347808,75.000000000000,10.000000000000,2.007429865573,3cd9bfe0e5746a41,8d15af1f9d36efa1,d4ab6b4f532e6f46,200,40,20.000000,109.025000,234.586134,0.500000,1.000000,149.362629,1.366667,95.528373,1.500000,1.666667,0.000000,0.832402,0.598394,0.625000,0.734513,100,264,264,32.000000,0,0,16,16,78,78,10,0,298.000000,60,0,0,69,36,0,69,9,4,5,0,9,5,5,0,5,0,0,0,0,60,100,60,160,65,95,0,0,0
499,12000528,25,3,365.126921678209,75.000000000000,15.000000000000,1.831345394531,6d278e9318b0c82b,8d15af1f9d36efa1,9a76b900c5545d69,200,109,54.500000,156.412844,210.470718,0.600000,1.300000,149.625090,1.361111,153.923017,2.183486,1.428571,0.000000,0.510288,0.553571,0.295858,0.327684,100,304,304,32.000000,0,0,16,16,50,50,16,0,248.000000,238,0,0,36,98,0,36,15,7,8,0,15,8,8,4,4,0,0,0,0,21,80,11,91,25,66,0,0,0
