scenario_id,scenario_seed,node_count,selected_oc,x,y,local_density,speed,topology_hash,acoustic_state_hash,route_hash,generated_packets,delivered_packets,PDR,E2ED_ms,mean_source_destination_distance_m,connected_flow_pair_ratio,mean_static_shortest_hops,mean_static_shortest_path_length_m,mean_static_feasible_relay_candidates,mean_delivered_path_length_m,mean_delivered_hop_count,mean_delivered_relay_candidate_count,mean_delivered_relay_wait_ms,ROR_total,ROR_generated,ROR_hello,ROR_reactive,hello_tx,neighbor_update_tx,raw_neighbor_update_burden,compressed_topology_updates,topology_digest_packets,mc_topology_digest_ack_packets,lc_topology_update_tx,mc_topology_update_tx,route_request_tx,route_reply_tx,mc_control_tx,gateway_control_tx,control_transmissions,data_hops,OC_data_hops,architecture_violations,controller_requests,installed_route_hits,lc_cache_hits,lc_cache_misses,oc_route_computations,oc_route_successes,oc_route_failures,oc_cache_hits,oc_cache_misses,mc_fallbacks,mc_route_computations,mc_route_successes,mc_route_failures,route_recoveries,recovery_successes,recovery_failures,link_invalidations,control_unreachable,no_physical_path,routing_failure_with_path,final_no_path_drops,failed_route_attempts,negative_cache_hits,pending_route_suppressions,route_discovery_buffered_retries,route_discovery_timeout_drops
0,12000029,25,1,417.693300368,325,22,2.42668820956,fbe8e00e1c16c05c,8d15af1f9d36efa1,dd43f84f58081954,200,40,20.000000,106.050000,296.650374,0.200000,0.300000,99.246496,2.250000,90.157791,1.500000,2.000000,0.000000,0.765625,0.494949,0.625000,0.516129,100,280,280,32.000000,0,0,16,16,24,24,16,0,196.000000,60,0,0,12,36,0,12,12,4,8,0,12,8,8,0,8,0,0,0,0,0,160,0,160,8,152,0,0,0
1,12000030,25,1,286.589254045910,75.000000000000,10.000000000000,1.566383226519,8479354f3c97be16,8d15af1f9d36efa1,53b0eae34bd5f560,200,40,20.000000,174.575000,248.391241,0.300000,0.600000,160.396107,1.722222,181.096635,2.000000,1.750000,0.000000,0.796954,0.610895,0.555556,0.694656,100,224,224,32.000000,0,0,16,16,84,84,14,4,314.000000,80,0,0,76,36,0,72,11,4,7,0,11,7,7,0,7,0,0,0,0,65,140,20,160,72,88,0,0,0
2,12000031,25,1,467.711243472448,325.000000000000,23.000000000000,1.621546588217,d00fc46ecdc82985,8d15af1f9d36efa1,9a8b1000c5659a48,200,60,30.000000,113.916667,206.173050,0.300000,0.500000,123.188741,1.833333,117.066365,1.666667,1.800000,0.000000,0.702381,0.541284,0.500000,0.509804,100,240,240,32.000000,0,0,16,16,45,45,14,0,236.000000,100,0,0,32,54,0,32,13,6,7,0,13,7,7,0,7,0,0,0,0,19,140,0,140,26,114,0,0,0
3,12000032,25,1,136.521091772147,425.000000000000,12.000000000000,2.776848826978,2faf3071b70b296c,8d15af1f9d36efa1,ba67a64f4439e1e6,200,60,30.000000,153.716667,279.231462,0.400000,0.900000,193.186114,1.250000,165.651735,2.000000,1.333333,0.000000,0.722222,0.609375,0.454545,0.600000,100,208,208,32.000000,0,0,16,16,85,85,10,14,312.000000,120,0,0,70,54,2,68,8,3,5,0,8,5,5,1,4,0,0,0,0,60,120,20,140,64,76,0,0,0
4,12000033,25,1,493.452902689493,75.000000000000,17.000000000000,2.174585793592,59dbe5815e751a2b,8d15af1f9d36efa1,926964ec5623aad3,200,84,42.000000,278.464286,237.879139,0.600000,2.900000,375.486901,1.282143,340.379114,4.404762,1.264865,0.000000,0.437690,0.590164,0.212766,0.296578,100,176,176,32.000000,0,0,16,16,71,71,14,0,288.000000,370,0,0,58,75,0,58,13,6,7,0,13,7,7,3,4,0,0,0,0,45,80,36,116,49,67,0,0,0
5,12000034,25,1,146.334325109571,175.000000000000,16.000000000000,2.930285703903,83c9529e4b190952,8d15af1f9d36efa1,e3a694da7fbae416,200,20,10.000000,184.500000,223.671934,0.100000,0.300000,210.605368,2.000000,203.639709,3.000000,2.333333,0.000000,0.763780,0.492386,0.625000,0.508197,100,264,264,32.000000,0,0,16,16,22,22,18,0,194.000000,60,0,0,11,18,0,11,11,2,9,0,11,9,9,0,9,0,0,0,0,0,180,0,180,9,171,0,0,0
6,12000035,25,1,420.706193514067,425.000000000000,17.000000000000,2.539534271475,b2414e35c780429,8d15af1f9d36efa1,41bc32ebce4ae9b7,200,59,29.500000,239.220339,267.672443,0.300000,1.000000,291.216282,1.833333,291.311668,3.338983,1.796954,0.000000,0.592133,0.588477,0.336700,0.438746,100,312,312,32.000000,0,0,16,16,70,70,14,6,286.000000,197,0,0,54,53,0,54,13,6,7,0,13,7,7,0,7,0,0,0,0,41,140,1,141,48,93,0,0,0
7,12000036,25,1,396.320416956614,325.000000000000,19.000000000000,2.656608154132,790ab57a409f5e79,8d15af1f9d36efa1,9a91c600c56b3b38,200,36,18.000000,71.222222,229.935887,0.200000,0.200000,40.420707,1.000000,40.572589,1.000000,1.000000,0.000000,0.863636,0.532710,0.735294,0.727273,100,264,264,32.000000,0,0,16,16,40,40,16,0,228.000000,36,0,0,28,32,0,28,12,4,8,0,12,8,8,0,8,0,0,0,0,16,160,4,164,24,140,0,0,0
8,12000037,25,1,465.793125932335,175.000000000000,19.000000000000,2.780876413940,795f727f1fa95386,8d15af1f9d36efa1,9aa9a400c57f9353,200,39,19.500000,145.948718,267.197188,0.200000,0.400000,150.940270,1.166667,153.715767,2.025641,1.253165,0.000000,0.718861,0.502488,0.558659,0.469799,100,272,272,32.000000,0,0,16,16,27,27,16,0,202.000000,79,0,0,15,35,0,15,12,4,8,0,12,8,8,0,8,0,0,0,0,3,160,1,161,11,150,0,0,0
9,12000038,25,1,486.314362963462,175.000000000000,19.000000000000,2.912464622184,25a19533cc41de53,8d15af1f9d36efa1,ba89aa4f4456cf18,200,97,48.500000,146.329897,200.977443,0.500000,1.000000,136.879057,1.300000,137.033344,2.010309,1.287179,0.000000,0.530120,0.523810,0.338983,0.310954,100,272,272,32.000000,0,0,16,16,36,36,16,0,220.000000,195,0,0,21,87,0,21,15,7,8,0,15,8,8,3,5,0,0,0,0,6,100,3,103,11,92,0,0,0
10,12000039,25,1,42.528784619135,75.000000000000,19.000000000000,2.650607487278,bb719d9265b09f54,8d15af1f9d36efa1,9aaa00607b147aed,200,170,85.000000,223.470588,225.759213,1.000000,3.700000,278.501187,2.133333,270.992668,3.588235,2.111475,0.000000,0.297235,0.563319,0.140845,0.171196,100,368,368,32.000000,0,0,16,16,62,62,2,0,258.000000,610,0,0,46,154,0,46,16,15,1,0,16,1,1,1,0,0,0,0,0,30,0,30,30,30,0,0,0,0
11,12000040,25,1,130.759680557764,175.000000000000,13.000000000000,2.813396110333,771fff002e1ea921,8d15af1f9d36efa1,ef2b7aa1fb5df749,200,80,40.000000,158.537500,199.829825,0.400000,0.900000,171.799416,1.562500,171.799416,2.250000,1.444444,0.000000,0.528796,0.502488,0.357143,0.280000,100,240,240,32.000000,0,0,16,16,28,28,14,0,202.000000,180,0,0,14,72,0,14,14,7,7,0,14,7,7,1,6,0,0,0,0,0,120,0,120,6,114,0,0,0
12,12000041,25,1,384.436223086151,425.000000000000,13.000000000000,2.956199140439,9ee4704b4dab3106,8d15af1f9d36efa1,9aa63200c57c9bc6,200,40,20.000000,77.675000,260.786952,0.200000,0.200000,45.191249,1.000000,45.191249,1.000000,1.000000,0.000000,0.867987,0.568035,0.714286,0.767442,100,272,272,31.000000,0,0,16,15,60,60,12,0,263.000000,40,0,0,50,36,0,50,10,4,6,0,10,6,6,0,6,0,0,0,0,40,160,0,160,46,114,0,0,0
13,12000042,25,1,376.297187300104,75.000000000000,15.000000000000,2.548456286352,6d3ac3b12a93555f,8d15af1f9d36efa1,9a76b900c5545d69,200,45,22.500000,120.955556,272.129157,0.300000,0.300000,76.191816,1.666667,79.688566,1.000000,1.711111,0.000000,0.833948,0.530516,0.689655,0.676259,100,240,240,32.000000,0,0,16,16,37,37,20,0,226.000000,45,0,0,26,41,0,26,11,1,10,0,11,10,10,3,7,0,0,0,0,15,140,15,155,22,133,0,0,0
14,12000043,25,1,66.566626119102,175.000000000000,21.000000000000,2.252072698331,45e61bb9c36c6cf4,8d15af1f9d36efa1,19e2e74f7a5d1f40,200,20,10.000000,146.850000,335.260324,0.100000,0.200000,129.886853,2.000000,129.886853,2.000000,2.000000,0.000000,0.834711,0.502488,0.714286,0.636364,100,216,216,32.000000,0,0,16,16,24,24,22,0,202.000000,40,0,0,13,18,0,13,11,0,11,0,11,11,11,2,9,0,0,0,0,2,180,0,180,11,169,0,0,0
15,12000044,25,1,307.209329845926,325.000000000000,14.000000000000,2.136231637375,1327aaa1c7b747df,8d15af1f9d36efa1,73521ed2d5a500c1,200,20,10.000000,167.350000,274.353131,0.100000,0.300000,199.439160,1.333333,199.439160,3.000000,1.333333,0.000000,0.763780,0.492386,0.625000,0.508197,100,248,248,32.000000,0,0,16,16,22,22,18,0,194.000000,60,0,0,11,18,0,11,11,2,9,0,11,9,9,0,9,0,0,0,0,0,180,0,180,9,171,0,0,0
16,12000045,25,1,233.342567850610,425.000000000000,11.000000000000,1.816649224300,db512fff5afc920f,8d15af1f9d36efa1,7935524fb05d9ee4,200,79,39.500000,151.367089,238.494758,0.500000,1.200000,170.001066,2.260000,164.135278,2.240506,2.446328,0.000000,0.567237,0.537037,0.361011,0.361011,100,304,304,32.000000,0,0,16,16,45,45,10,0,232.000000,177,0,0,33,72,0,33,12,7,5,0,12,5,5,0,5,0,0,0,0,21,100,21,121,26,95,0,0,0
17,12000046,25,1,386.035952271751,325.000000000000,16.000000000000,2.935852719615,c728b257e6330e6b,8d15af1f9d36efa1,22b5334f7f67d322,200,40,20.000000,127.625000,203.755926,0.200000,0.300000,108.495474,1.500000,108.495474,1.500000,1.666667,0.000000,0.770992,0.502488,0.625000,0.538462,100,248,248,32.000000,0,0,16,16,27,27,16,4,202.000000,60,0,0,13,36,0,13,12,4,8,0,12,8,8,0,8,0,0,0,0,1,160,0,160,9,151,0,0,0
18,12000047,25,1,46.298766015616,75.000000000000,14.000000000000,2.019333555059,f0e4a8c06c8aa401,8d15af1f9d36efa1,9a98b000c5713484,200,17,8.500000,145.294118,281.968042,0.200000,0.200000,71.575578,2.500000,70.100254,1.000000,2.470588,0.000000,0.951009,0.622642,0.854701,0.920930,100,280,280,32.000000,0,0,16,16,89,89,20,0,330.000000,17,0,0,79,15,0,79,10,0,10,0,10,10,10,2,8,0,0,0,0,69,160,23,183,77,106,0,0,0
19,12000048,25,1,54.330624826060,75.000000000000,17.000000000000,2.184989584571,fc9debb55af259f0,8d15af1f9d36efa1,d053f58dfd0356da,200,60,30.000000,185.183333,224.894218,0.300000,0.700000,212.571033,1.500000,212.571033,2.333333,1.428571,0.000000,0.613260,0.526066,0.416667,0.391304,100,216,216,32.000000,0,0,16,16,38,38,14,0,222.000000,140,0,0,25,54,0,25,13,6,7,0,13,7,7,0,7,0,0,0,0,12,140,0,140,19,121,0,0,0
20,12000049,25,1,304.151455685358,425.000000000000,13.000000000000,1.886345143033,bd2c2ca20bbee205,8d15af1f9d36efa1,b220cc4f3fa5bf29,200,33,16.500000,125.454545,157.046023,0.400000,0.500000,88.199782,1.500000,124.023906,1.606061,1.245283,0.000000,0.853186,0.606299,0.653595,0.768559,100,192,192,32.000000,0,0,16,16,83,83,10,0,308.000000,53,0,0,75,30,0,75,8,3,5,0,8,5,5,0,5,0,0,0,0,67,120,47,167,72,95,0,0,0
21,12000050,25,1,28.380237043962,75.000000000000,15.000000000000,2.636228167274,c276b3ef391ce0d3,8d15af1f9d36efa1,8fb3151702aa5b16,200,60,30.000000,268.350000,313.427241,0.300000,1.400000,364.481958,1.266667,354.519404,4.666667,1.214286,0.000000,0.479554,0.563319,0.263158,0.310345,100,224,224,32.000000,0,0,16,16,57,57,12,0,258.000000,280,0,0,45,54,0,45,12,6,6,0,12,6,6,0,6,0,0,0,0,33,140,0,140,39,101,0,0,0
22,12000051,25,1,378.808820597422,175.000000000000,17.000000000000,2.762199238240,7e26517f15c47781,8d15af1f9d36efa1,9a8b0d00c565952f,200,20,10.000000,115.100000,311.773524,0.100000,0.100000,97.907401,2.000000,97.907401,1.000000,2.000000,0.000000,0.905660,0.489796,0.833333,0.750000,100,224,224,32.000000,0,0,16,16,21,21,18,0,192.000000,20,0,0,17,18,0,11,11,2,9,0,11,9,9,0,9,0,0,0,0,6,180,0,180,15,165,0,0,0
23,12000052,25,1,181.235494205575,325.000000000000,14.000000000000,1.528952034183,927bf895a366b8d5,8d15af1f9d36efa1,dd2f8f4f57f6bddf,200,120,60.000000,196.866667,223.596753,0.600000,1.700000,228.562654,2.000000,227.989665,2.833333,2.000000,0.000000,0.375000,0.504950,0.227273,0.174757,100,232,232,32.000000,0,0,16,16,32,32,8,0,204.000000,340,0,0,16,108,0,16,16,12,4,0,16,4,4,0,4,0,0,0,0,0,80,0,80,4,76,0,0,0
24,12000053,25,1,486.441076976413,175.000000000000,22.000000000000,1.831269025709,8d8bf7be4e01551d,8d15af1f9d36efa1,9a623f00c542e511,200,39,19.500000,138.256410,208.052882,0.200000,0.200000,90.480237,1.000000,90.646124,1.000000,1.000000,0.000000,0.852830,0.530516,0.719424,0.706767,100,192,192,32.000000,0,0,16,16,38,38,18,6,226.000000,39,0,0,23,35,0,23,12,3,9,0,12,9,9,1,8,0,0,0,0,11,160,1,161,19,142,0,0,0
25,12000054,25,1,260.308174802395,175.000000000000,11.000000000000,1.702179504425,ad81dbe706736908,8d15af1f9d36efa1,ded4511dbfd07771,200,80,40.000000,208.762500,255.529588,0.400000,1.200000,244.530844,1.883333,247.258698,3.000000,1.975000,0.000000,0.454545,0.500000,0.294118,0.220779,100,360,360,32.000000,0,0,16,16,28,28,12,0,200.000000,240,0,0,14,72,0,14,14,8,6,0,14,6,6,0,6,0,0,0,0,0,120,0,120,6,114,0,0,0
26,12000055,25,1,159.530990857732,325.000000000000,21.000000000000,1.783110992036,d8a915e65c79ec59,8d15af1f9d36efa1,84e33fc35ec6d29,200,160,80.000000,224.812500,234.268183,0.800000,2.900000,275.981733,1.804167,272.007930,3.625000,1.793103,0.000000,0.263959,0.509804,0.147059,0.115854,100,264,264,32.000000,0,0,16,16,36,36,4,0,208.000000,580,0,0,18,144,0,18,18,16,2,0,18,2,2,0,2,0,0,0,0,0,40,0,40,2,38,0,0,0
27,12000056,25,1,119.484468196852,175.000000000000,12.000000000000,2.589046771054,50a3da1c6b47fc88,8d15af1f9d36efa1,9a5ee900c5401d18,200,38,19.000000,95.052632,222.255952,0.200000,0.200000,65.439065,1.500000,67.155757,1.000000,1.526316,0.000000,0.841667,0.502488,0.724638,0.648148,100,264,264,32.000000,0,0,16,16,26,26,18,0,202.000000,38,0,0,14,34,0,14,12,3,9,0,12,9,9,1,8,0,0,0,0,2,160,2,162,10,152,0,0,0
28,12000057,25,1,196.884877788418,425.000000000000,10.000000000000,2.169608935872,73563d006a483862,8d15af1f9d36efa1,9809284f30d6a4c7,200,38,19.000000,132.368421,260.565277,0.200000,0.300000,110.886432,2.000000,110.232007,1.473684,2.000000,0.000000,0.840909,0.596774,0.641026,0.745455,100,232,232,32.000000,0,0,16,16,75,75,14,0,296.000000,56,0,0,65,34,0,65,10,3,7,0,10,7,7,1,6,0,0,0,0,55,160,2,162,61,101,0,0,0
29,12000058,25,1,143.310945641769,75.000000000000,11.000000000000,2.379642990414,302d7edf22791a61,8d15af1f9d36efa1,eeaa86064e839da1,200,33,16.500000,230.121212,303.989439,0.200000,0.600000,225.973501,2.300000,246.507654,3.424242,1.938053,0.000000,0.676218,0.541284,0.469484,0.479263,100,256,256,32.000000,0,0,16,16,41,41,22,0,236.000000,113,0,0,30,30,0,30,11,0,11,0,11,11,11,3,8,0,0,0,0,19,160,7,167,27,140,0,0,0
30,12000059,25,1,50.734399823526,75.000000000000,14.000000000000,2.541692526202,1300486c1017bd5d,8d15af1f9d36efa1,0,200,0,0.000000,NA,300.808824,0.100000,0.100000,77.299684,2.000000,NA,NA,NA,NA,1.000000,0.615385,1.000000,1.000000,100,296,296,32.000000,0,0,16,16,86,86,16,2,320.000000,0,0,0,77,0,0,77,8,0,8,0,8,8,8,0,8,0,0,0,0,69,180,20,200,77,123,0,0,0
31,12000060,25,1,49.708928925729,75.000000000000,17.000000000000,1.549569017091,da8c8c75a1f4f9e7,8d15af1f9d36efa1,e518a86213938135,200,26,13.000000,254.769231,314.595184,0.200000,0.800000,254.872002,1.500000,249.650702,4.000000,1.250000,0.000000,0.808824,0.687500,0.490196,0.747573,100,144,144,32.000000,0,0,16,16,148,148,12,40,440.000000,104,0,0,119,23,0,119,9,3,6,0,9,6,6,0,6,0,0,0,0,110,160,14,174,116,58,0,0,0
32,12000061,25,1,402.764654148660,325.000000000000,14.000000000000,2.741341098159,7598206465d7c2b5,8d15af1f9d36efa1,9a76b200c5545184,200,18,9.000000,100.277778,252.049056,0.100000,0.100000,46.387463,1.000000,46.387463,1.000000,1.000000,0.000000,0.925620,0.528302,0.847458,0.836364,100,248,248,32.000000,0,0,16,16,36,36,20,0,224.000000,18,0,0,35,16,0,25,11,1,10,0,11,10,10,1,9,0,0,0,0,24,180,2,182,33,149,0,0,0
33,12000062,25,1,2.831358858478,175.000000000000,20.000000000000,2.811523926486,25d3feda330fb9ad,8d15af1f9d36efa1,cbe0014f4e29a718,200,20,10.000000,189.900000,302.542980,0.100000,0.200000,174.655466,2.000000,174.655466,2.000000,2.000000,0.000000,0.830508,0.494949,0.714286,0.615385,100,288,288,32.000000,0,0,16,16,22,22,20,0,196.000000,40,0,0,11,18,0,11,11,1,10,0,11,10,10,1,9,0,0,0,0,0,180,0,180,9,171,0,0,0
34,12000063,25,1,111.628166853233,325.000000000000,22.000000000000,1.757715908250,dee968ccdf9a8e69,8d15af1f9d36efa1,4e0d8231139200c9,200,100,50.000000,173.580000,243.346360,0.500000,1.200000,189.187900,1.350000,189.187900,2.400000,1.333333,0.000000,0.461883,0.507389,0.294118,0.235669,100,248,248,32.000000,0,0,16,16,30,30,14,0,206.000000,240,0,0,15,90,0,15,15,8,7,0,15,7,7,2,5,0,0,0,0,0,100,0,100,5,95,0,0,0
35,12000064,25,1,412.170111981733,425.000000000000,21.000000000000,1.726723643604,7bf4f279f9a4c4f0,8d15af1f9d36efa1,33ecfb4f8920ba96,200,60,30.000000,188.000000,279.877124,0.300000,0.700000,196.111680,1.722222,196.111680,2.333333,1.714286,0.000000,0.590643,0.502488,0.416667,0.333333,100,288,288,32.000000,0,0,16,16,28,28,14,2,202.000000,140,0,0,14,54,0,14,13,6,7,0,13,7,7,0,7,0,0,0,0,1,140,0,140,8,132,0,0,0
36,12000065,25,1,195.173331183964,425.000000000000,15.000000000000,1.556353635632,a7e2d11efc5953a7,8d15af1f9d36efa1,dd28b84f57f0e4dc,200,44,22.000000,265.431818,317.190155,0.300000,1.000000,255.190881,1.000000,307.552951,3.818182,1.000000,0.000000,0.641026,0.600000,0.373134,0.500000,100,280,280,32.000000,0,0,16,16,76,76,16,0,300.000000,168,0,0,64,39,0,64,12,4,8,0,12,8,8,1,7,0,0,0,0,52,140,16,156,59,97,0,0,0
37,12000066,25,1,55.289500022624,425.000000000000,16.000000000000,2.175190619412,62baf75ed33d72f1,8d15af1f9d36efa1,be1c9a6c6b4c4243,200,46,23.000000,222.673913,322.479795,0.300000,1.000000,246.750464,1.600000,242.465550,3.282609,1.794702,0.000000,0.607792,0.539171,0.398406,0.403162,100,224,224,32.000000,0,0,16,16,45,45,12,0,234.000000,151,0,0,35,40,0,35,12,6,6,0,12,6,6,0,6,0,0,0,0,23,140,14,154,29,125,0,0,0
38,12000067,25,1,127.112150693559,325.000000000000,14.000000000000,2.428310185289,74504a6943d6eb7f,8d15af1f9d36efa1,336aff3ba57fb18a,200,39,19.500000,269.410256,305.182137,0.200000,0.800000,316.451869,1.750000,316.948576,4.000000,1.750000,0.000000,0.576087,0.514563,0.390625,0.338983,100,224,224,32.000000,0,0,16,16,32,32,16,2,212.000000,156,0,0,19,35,0,19,12,4,8,0,12,8,8,0,8,0,0,0,0,7,160,1,161,15,146,0,0,0
39,12000068,25,1,31.842251930757,75.000000000000,18.000000000000,2.623610923630,318a59cb4f8ee1f4,8d15af1f9d36efa1,9a6fdf00c54e7f4d,200,48,24.000000,128.833333,250.058816,0.300000,0.400000,92.338234,2.166667,100.019619,1.375000,2.333333,0.000000,0.793750,0.559471,0.602410,0.648936,100,312,312,32.000000,0,0,16,16,52,52,18,4,254.000000,66,0,0,38,43,0,38,12,3,9,0,12,9,9,2,7,0,0,0,0,26,140,12,152,33,119,0,0,0
40,12000069,25,1,21.248079947084,175.000000000000,20.000000000000,2.847766404680,c6414402b882dcff,8d15af1f9d36efa1,9aa64f00c57ccd0d,200,14,7.000000,136.928571,228.703702,0.100000,0.100000,95.814995,1.000000,95.814995,1.000000,1.000000,0.000000,0.940678,0.526066,0.877193,0.865385,100,176,176,32.000000,0,0,16,16,35,35,20,0,222.000000,14,0,0,24,12,0,24,11,1,10,0,11,10,10,1,9,0,0,0,0,13,180,6,186,22,164,0,0,0
41,12000070,25,1,264.884515899710,175.000000000000,13.000000000000,1.926409249323,e0e3f72846fb9b15,8d15af1f9d36efa1,341c884f89491aef,200,40,20.000000,153.575000,295.724707,0.200000,0.500000,185.936475,1.833333,167.346976,2.500000,1.600000,0.000000,0.655172,0.487179,0.500000,0.367089,100,248,248,32.000000,0,0,16,16,22,22,14,0,190.000000,100,0,0,11,36,0,11,11,4,7,0,11,7,7,0,7,0,0,0,0,0,160,0,160,7,153,0,0,0
42,12000071,25,1,216.252510344986,75.000000000000,8.000000000000,1.805035014356,25a86b49c5495509,8d15af1f9d36efa1,9a76bb00c55460cf,200,20,10.000000,95.750000,234.471558,0.300000,1.000000,256.404066,1.783333,73.418881,1.000000,2.000000,0.000000,0.944134,0.628253,0.833333,0.911504,100,272,272,32.000000,0,0,16,16,98,98,10,0,338.000000,20,0,0,91,18,0,91,7,2,5,0,7,5,5,0,5,0,0,0,0,84,140,40,180,89,91,0,0,0
43,12000072,25,1,413.091905148575,325.000000000000,19.000000000000,2.378421874742,dff472b15aa3c08f,8d15af1f9d36efa1,17edbeda9d6d77c1,200,180,90.000000,261.200000,241.917402,0.900000,3.600000,331.732094,1.614815,329.639635,4.000000,1.638889,0.000000,0.227468,0.514563,0.121951,0.100000,100,312,312,32.000000,0,0,16,16,38,38,4,0,212.000000,720,0,0,19,162,0,19,19,17,2,0,19,2,2,1,1,0,0,0,0,0,20,0,20,1,19,0,0,0
44,12000073,25,1,438.235208069399,425.000000000000,11.000000000000,2.313567407107,471e363910932fab,8d15af1f9d36efa1,ee8cc24f61cf7761,200,60,30.000000,188.416667,288.318697,0.300000,0.700000,176.067161,2.666667,176.067161,2.333333,2.428571,0.000000,0.629630,0.543379,0.416667,0.430894,100,328,328,32.000000,0,0,16,16,41,41,24,0,238.000000,140,0,0,28,54,0,28,13,1,12,0,13,12,12,5,7,0,0,0,0,15,140,0,140,22,118,0,0,0
45,12000074,25,1,489.690595504713,325.000000000000,22.000000000000,2.835833738628,71a5c4303e5918b0,8d15af1f9d36efa1,d8307845b0aee235,200,149,74.500000,192.281879,237.996499,0.800000,2.600000,228.888935,1.897917,216.635366,3.114094,1.823276,0.000000,0.325581,0.528302,0.177305,0.165468,100,312,312,32.000000,0,0,16,16,43,43,6,0,224.000000,464,0,0,27,134,0,27,16,13,3,0,16,3,3,2,1,0,0,0,0,11,40,11,51,12,39,0,0,0
46,12000075,25,1,106.303788144924,425.000000000000,18.000000000000,1.706225805653,f4f039c319caff02,8d15af1f9d36efa1,7957524fb07a854a,200,28,14.000000,181.964286,238.294840,0.400000,0.900000,185.561079,1.750000,121.285657,1.464286,1.536585,0.000000,0.887671,0.618321,0.709220,0.824034,100,224,224,32.000000,0,0,16,16,89,89,14,0,324.000000,41,0,0,78,23,0,78,11,4,7,0,11,7,7,1,6,0,0,0,0,67,120,52,172,73,99,0,0,0
47,12000076,25,1,254.521741275557,75.000000000000,11.000000000000,1.797883959786,290e178482aeb5b3,8d15af1f9d36efa1,871684f70733b90,200,73,36.500000,159.849315,242.556417,0.400000,0.900000,171.720301,1.666667,155.969334,2.178082,1.503145,0.000000,0.573727,0.516908,0.386100,0.340249,100,232,232,32.000000,0,0,16,16,33,33,16,0,214.000000,159,0,0,20,66,0,20,13,5,8,0,13,8,8,2,6,0,0,0,0,7,120,7,127,13,114,0,0,0
48,12000077,25,1,380.077921424242,325.000000000000,19.000000000000,2.314139582571,7074973d7a9b9411,8d15af1f9d36efa1,9a87bb00c562d402,200,17,8.500000,81.647059,281.571896,0.100000,0.100000,55.910178,2.000000,55.910178,1.000000,2.000000,0.000000,0.927039,0.519231,0.854701,0.831683,100,280,280,32.000000,0,0,16,16,33,33,18,0,216.000000,17,0,0,22,15,0,22,11,2,9,0,11,9,9,0,9,0,0,0,0,11,180,3,183,20,163,0,0,0
49,12000078,25,1,491.315777026464,425.000000000000,21.000000000000,2.243535741278,293e67af3bb84cf2,8d15af1f9d36efa1,a6f65ea038535fa2,200,20,10.000000,246.650000,313.753269,0.100000,0.300000,270.915073,1.666667,270.915073,3.000000,1.666667,0.000000,0.776119,0.509804,0.625000,0.558824,100,232,232,32.000000,0,0,16,16,28,28,20,0,208.000000,60,0,0,17,18,0,17,11,1,10,0,11,10,10,1,9,0,0,0,0,6,180,0,180,15,165,0,0,0
50,12000079,25,1,419.221525362595,425.000000000000,8.000000000000,2.930770476817,f3e0b610dae5a167,8d15af1f9d36efa1,9a87ab00c562b8d2,200,34,17.000000,130.441176,238.970874,0.300000,0.300000,55.764178,2.333333,54.478901,1.000000,2.352941,0.000000,0.888889,0.576271,0.746269,0.804598,100,320,320,32.000000,0,0,16,16,60,60,20,0,272.000000,34,0,0,50,30,0,50,11,1,10,0,11,10,10,3,7,0,0,0,0,39,140,26,166,46,120,0,0,0
51,12000080,25,1,30.236333047188,325.000000000000,23.000000000000,2.061572073318,c71d40277d6f4b77,8d15af1f9d36efa1,9a6c7300c54b91f2,200,133,66.500000,195.015038,176.260852,0.800000,2.300000,216.542150,1.545833,215.494347,2.872180,1.787958,0.000000,0.404056,0.564270,0.207469,0.250980,100,320,320,31.000000,0,0,16,15,57,57,14,0,259.000000,382,0,0,42,120,0,42,15,8,7,0,15,7,7,5,2,0,0,0,0,27,40,27,67,29,38,0,0,0
52,12000081,25,1,356.646348857796,175.000000000000,12.000000000000,2.431229522815,efea5959fc39251,8d15af1f9d36efa1,1ae9c5dca3686554,200,40,20.000000,278.625000,294.867229,0.200000,1.000000,336.015078,1.125000,336.015078,5.000000,1.100000,0.000000,0.500000,0.500000,0.333333,0.253731,100,216,216,32.000000,0,0,16,16,24,24,20,0,200.000000,200,0,0,12,36,0,12,12,2,10,0,12,10,10,2,8,0,0,0,0,0,160,0,160,8,152,0,0,0
53,12000082,25,1,157.080624542660,325.000000000000,16.000000000000,2.225245717319,73733b1147f94a83,8d15af1f9d36efa1,b7743aa9c27f8ce3,200,20,10.000000,251.400000,221.627949,0.100000,0.400000,290.217467,1.500000,290.217467,4.000000,1.500000,0.000000,0.712230,0.497487,0.555556,0.452055,100,200,200,32.000000,0,0,16,16,24,24,18,0,198.000000,80,0,0,13,18,0,13,11,2,9,0,11,9,9,0,9,0,0,0,0,2,180,0,180,11,169,0,0,0
54,12000083,25,1,188.095231410064,75.000000000000,11.000000000000,1.562997037482,8bb3e5daeedbb23a,8d15af1f9d36efa1,9a91c900c56b4051,200,26,13.000000,108.038462,249.145600,0.200000,0.200000,59.623555,2.000000,59.623555,1.000000,2.000000,0.000000,0.895161,0.526066,0.793651,0.775862,100,224,224,32.000000,0,0,16,16,35,35,20,2,222.000000,26,0,0,24,24,0,24,10,0,10,0,10,10,10,2,8,0,0,0,0,14,160,14,174,22,152,0,0,0
55,12000084,25,1,186.181968124369,325.000000000000,13.000000000000,2.239042855022,c5327772e6035b2b,8d15af1f9d36efa1,7bd627d2da6d2179,200,100,50.000000,201.120000,266.371354,0.500000,1.700000,261.498243,1.586667,241.111969,3.400000,1.647059,0.000000,0.372694,0.502488,0.227273,0.170732,100,264,264,32.000000,0,0,16,16,30,30,10,0,202.000000,340,0,0,15,90,0,15,15,10,5,0,15,5,5,0,5,0,0,0,0,0,100,0,100,5,95,0,0,0
56,12000085,25,1,158.737491578394,175.000000000000,20.000000000000,1.708466693684,142a3c21b2dbb64,8d15af1f9d36efa1,9e56bad2eded68ad,200,16,8.000000,197.937500,263.177435,0.100000,0.300000,199.352260,2.333333,204.040825,3.000000,2.729167,0.000000,0.820896,0.523810,0.675676,0.647059,100,256,256,32.000000,0,0,16,16,35,35,18,2,220.000000,48,0,0,23,14,0,23,11,2,9,0,11,9,9,0,9,0,0,0,0,12,180,4,184,21,163,0,0,0
57,12000086,25,1,416.852590879110,325.000000000000,19.000000000000,2.087166382136,4109850a2ce03216,8d15af1f9d36efa1,9a98b200c57137ea,200,40,20.000000,114.650000,256.587046,0.200000,0.300000,103.336475,2.750000,103.336475,1.500000,2.666667,0.000000,0.794521,0.537037,0.625000,0.625000,100,360,360,32.000000,0,0,16,16,42,42,16,0,232.000000,60,0,0,30,36,0,30,12,4,8,0,12,8,8,0,8,0,0,0,0,18,160,0,160,26,134,0,0,0
58,12000087,25,1,321.083723044407,175.000000000000,15.000000000000,2.353097855939,5004b4babf49da89,8d15af1f9d36efa1,9a8e7600c5687d71,200,46,23.000000,120.413043,257.621336,0.300000,0.700000,148.622366,1.333333,129.092536,2.130435,1.397959,0.000000,0.687898,0.519231,0.505051,0.461538,100,240,240,32.000000,0,0,16,16,35,35,14,0,216.000000,98,0,0,25,42,0,25,11,4,7,0,11,7,7,0,7,0,0,0,0,14,140,14,154,21,133,0,0,0
59,12000088,25,1,276.700143272531,175.000000000000,16.000000000000,1.802155671946,1a346541c85cc3a8,8d15af1f9d36efa1,9a954600c56e4a8f,200,60,30.000000,293.450000,271.415593,0.300000,1.400000,370.596095,1.400000,370.596095,4.666667,1.142857,0.000000,0.414226,0.497487,0.263158,0.190751,100,184,184,32.000000,0,0,16,16,26,26,14,0,198.000000,280,0,0,13,54,0,13,13,6,7,0,13,7,7,0,7,0,0,0,0,0,140,0,140,7,133,0,0,0
60,12000089,25,1,317.403328282395,425.000000000000,16.000000000000,2.191984068226,40583c4118ffa549,8d15af1f9d36efa1,9c61f0017a67706a,200,96,48.000000,250.718750,215.579276,0.600000,2.500000,313.901912,1.387302,288.244087,3.989583,1.321149,0.000000,0.442504,0.603175,0.207039,0.309910,100,200,200,32.000000,0,0,16,16,83,83,6,6,304.000000,383,0,0,65,84,0,65,15,12,3,0,15,3,3,0,3,0,0,0,0,50,80,24,104,53,51,0,0,0
61,12000090,25,1,30.488499199011,75.000000000000,15.000000000000,1.651641474550,63c0de2d87a3b1cf,8d15af1f9d36efa1,0,200,0,0.000000,NA,315.606781,0.000000,0.000000,nan,nan,NA,NA,NA,NA,1.000000,0.559471,1.000000,1.000000,100,152,152,32.000000,0,0,16,16,51,51,20,0,254.000000,0,0,0,41,0,0,41,10,0,10,0,10,10,10,0,10,0,0,0,0,31,200,0,200,41,159,0,0,0
62,12000091,25,1,347.477502400995,175.000000000000,24.000000000000,1.585625863097,233671cfcbd00192,8d15af1f9d36efa1,13f042dca96999b,200,80,40.000000,194.037500,234.526058,0.400000,1.200000,222.195095,2.062500,221.075706,3.000000,1.750000,0.000000,0.454545,0.500000,0.294118,0.220779,100,312,312,32.000000,0,0,16,16,28,28,12,0,200.000000,240,0,0,17,72,0,17,14,8,6,0,14,6,6,0,6,0,0,0,0,3,120,0,120,9,111,0,0,0
63,12000092,25,1,352.857982820424,75.000000000000,13.000000000000,2.131767870993,aa74aab89497518f,8d15af1f9d36efa1,9a691800c548c17a,200,39,19.500000,122.769231,273.676264,0.400000,0.700000,141.133116,1.958333,106.461877,1.333333,2.000000,0.000000,0.857143,0.609375,0.657895,0.775862,100,272,272,32.000000,0,0,16,16,83,83,14,0,312.000000,52,0,0,75,36,0,75,8,1,7,0,8,7,7,2,5,0,0,0,0,67,120,41,161,72,89,0,0,0
64,12000093,25,1,140.179698219261,75.000000000000,13.000000000000,2.302732865515,59f116b11329984a,8d15af1f9d36efa1,2282324f7f3c77d6,200,66,33.000000,155.833333,249.741865,0.400000,1.100000,181.533414,1.583333,163.913093,2.484848,1.481707,0.000000,0.640351,0.593496,0.378788,0.493827,100,272,272,32.000000,0,0,16,16,73,73,14,2,292.000000,164,0,0,62,60,0,62,11,4,7,0,11,7,7,2,5,0,0,0,0,51,120,14,134,56,78,0,0,0
65,12000094,25,1,234.172971539546,75.000000000000,10.000000000000,1.812743385071,57d2031fde99a7d8,8d15af1f9d36efa1,9aa2d200c579c2cf,200,20,10.000000,154.950000,281.166479,0.100000,0.100000,97.766278,1.000000,97.766278,1.000000,1.000000,0.000000,0.916667,0.523810,0.833333,0.814815,100,208,208,32.000000,0,0,16,16,35,35,18,6,220.000000,20,0,0,22,18,0,22,10,1,9,0,10,9,9,1,8,0,0,0,0,12,180,0,180,20,160,0,0,0
66,12000095,25,1,183.963807201391,75.000000000000,12.000000000000,2.394217914043,c2c38dd2b254de96,8d15af1f9d36efa1,9aa9b800c57fb54f,200,60,30.000000,98.183333,240.407336,0.300000,0.300000,56.336268,1.333333,56.336268,1.000000,1.333333,0.000000,0.797297,0.541284,0.625000,0.634146,100,240,240,32.000000,0,0,16,16,44,44,16,0,236.000000,60,0,0,32,54,0,32,12,4,8,0,12,8,8,2,6,0,0,0,0,20,140,0,140,26,114,0,0,0
67,12000096,25,1,76.113596936806,325.000000000000,13.000000000000,2.787516257922,70bf5f4eeb66939e,8d15af1f9d36efa1,9a843b00c55fc4ab,200,40,20.000000,97.450000,255.723508,0.200000,0.200000,21.799212,2.000000,21.799212,1.000000,2.000000,0.000000,0.844961,0.521531,0.714286,0.682540,100,200,200,32.000000,0,0,16,16,35,35,16,6,218.000000,40,0,0,20,36,0,20,12,4,8,0,12,8,8,0,8,0,0,0,0,8,160,0,160,16,144,0,0,0
68,12000097,25,1,65.449902116794,325.000000000000,20.000000000000,2.269268446340,86f0e69a9fb7c53d,8d15af1f9d36efa1,9a91c700c56b3ceb,200,39,19.500000,138.641026,243.284709,0.200000,0.300000,106.301790,2.500000,105.534176,1.487179,2.344828,0.000000,0.785185,0.514563,0.632911,0.579710,100,320,320,32.000000,0,0,16,16,30,30,20,0,212.000000,58,0,0,18,35,0,18,12,2,10,0,12,10,10,2,8,0,0,0,0,6,160,1,161,14,147,0,0,0
69,12000098,25,1,73.319700262833,75.000000000000,10.000000000000,2.786274285702,f7038dcff790b753,8d15af1f9d36efa1,5696484f9cc38fec,200,53,26.500000,126.622642,222.498752,0.300000,0.500000,114.631590,1.500000,109.741889,1.622642,1.534884,0.000000,0.745562,0.557522,0.537634,0.582524,100,216,216,32.000000,0,0,16,16,51,51,18,0,252.000000,86,0,0,39,48,0,39,12,3,9,0,12,9,9,2,7,0,0,0,0,27,140,7,147,34,113,0,0,0
70,12000099,25,1,306.269419640782,175.000000000000,14.000000000000,2.530391008942,88f721e8c238b1fe,8d15af1f9d36efa1,9aa2d000c579bf69,200,55,27.500000,249.872727,268.674060,0.300000,1.000000,283.702921,1.761905,291.771465,3.509091,1.284974,0.000000,0.524631,0.515738,0.341297,0.298182,100,192,192,31.000000,0,0,16,15,32,32,18,0,213.000000,193,0,0,19,49,0,19,13,4,9,0,13,9,9,2,7,0,0,0,0,6,140,5,145,13,132,0,0,0
71,12000100,25,1,126.352890273358,325.000000000000,18.000000000000,2.876709021541,b99884b22b03998a,8d15af1f9d36efa1,4496743f09ca0335,200,20,10.000000,192.900000,329.761982,0.100000,0.300000,235.392248,1.000000,235.392248,3.000000,1.000000,0.000000,0.760000,0.487179,0.625000,0.491525,100,224,224,32.000000,0,0,16,16,21,21,16,0,190.000000,60,0,0,11,18,0,11,10,2,8,0,10,8,8,0,8,0,0,0,0,1,180,0,180,9,171,0,0,0
72,12000101,25,1,475.866207168629,175.000000000000,22.000000000000,2.291454213525,b4b19263e11e51de,8d15af1f9d36efa1,9abab700c58e26cf,200,89,44.500000,128.314607,192.555428,0.500000,0.600000,99.255496,1.900000,101.113734,1.224719,1.834862,0.000000,0.689459,0.547511,0.478469,0.502283,100,296,296,32.000000,0,0,16,16,47,47,16,2,242.000000,109,0,0,31,79,0,31,15,7,8,0,15,8,8,3,5,0,0,0,0,16,100,11,111,21,90,0,0,0
73,12000102,25,1,64.172619107941,175.000000000000,12.000000000000,2.999127719900,d188beffe4b83daa,8d15af1f9d36efa1,a0c3e2ec040bf320,200,112,56.000000,178.089286,217.980555,0.600000,1.600000,184.543471,2.019444,194.570919,2.678571,2.053333,0.000000,0.423077,0.523810,0.250000,0.226804,100,360,360,32.000000,0,0,16,16,38,38,12,0,220.000000,300,0,0,23,101,0,23,15,9,6,0,15,6,6,2,4,0,0,0,0,8,80,8,88,12,76,0,0,0
74,12000103,25,1,214.273748432688,75.000000000000,9.000000000000,2.075187231215,c8961b6a99ef3305,8d15af1f9d36efa1,9aa63d00c57cae77,200,73,36.500000,154.301370,286.262684,0.400000,0.900000,149.741127,1.375000,158.855378,2.273973,1.397590,0.000000,0.582915,0.537037,0.375940,0.375940,100,288,288,32.000000,0,0,16,16,43,43,14,6,232.000000,166,0,0,27,66,0,27,13,6,7,0,13,7,7,1,6,0,0,0,0,14,120,7,127,20,107,0,0,0
75,12000104,25,1,389.869258527935,75.000000000000,12.000000000000,2.827231502012,db7682b6190efde5,8d15af1f9d36efa1,9a80d800c55ce69b,200,39,19.500000,158.076923,325.174554,0.200000,0.400000,144.282877,1.333333,146.501193,2.025641,1.506329,0.000000,0.797954,0.609375,0.558659,0.694981,100,184,184,32.000000,0,0,16,16,84,84,12,10,312.000000,79,0,0,70,35,0,70,9,3,6,0,9,6,6,1,5,0,0,0,0,61,160,1,161,66,95,0,0,0
76,12000105,25,1,44.969343503468,75.000000000000,16.000000000000,2.411229259205,60861dbf74e34094,8d15af1f9d36efa1,3b63e531cd25ee81,200,44,22.000000,283.545455,306.063060,0.300000,1.300000,376.118673,1.392857,335.830963,3.772727,1.385542,0.000000,0.646809,0.603175,0.375940,0.508876,100,224,224,32.000000,0,0,16,16,78,78,16,0,304.000000,166,0,0,67,39,0,67,11,3,8,0,11,8,8,2,6,0,0,0,0,56,140,16,156,62,94,0,0,0
77,12000106,25,1,344.979977374803,425.000000000000,12.000000000000,2.131486054579,bd0049c0b4f81c16,8d15af1f9d36efa1,0,200,0,0.000000,NA,305.231711,0.000000,0.000000,nan,nan,NA,NA,NA,NA,1.000000,0.537037,1.000000,1.000000,100,240,240,32.000000,0,0,16,16,41,41,18,0,232.000000,0,0,0,32,0,0,32,9,0,9,0,9,9,9,0,9,0,0,0,0,23,200,0,200,32,168,0,0,0
78,12000107,25,1,100.492143489004,75.000000000000,8.000000000000,2.783033359391,549a9723200e2dcd,8d15af1f9d36efa1,2df3d753eb62a03a,200,124,62.000000,307.314516,285.953060,1.000000,5.600000,439.505179,1.851825,340.900558,4.629032,1.564460,0.000000,0.391949,0.649123,0.148368,0.293103,100,328,328,32.000000,0,0,16,16,109,109,20,10,370.000000,574,0,0,90,110,0,90,14,4,10,0,14,10,10,10,0,0,0,0,0,76,0,76,76,76,0,0,0,0
79,12000108,25,1,367.790009217007,75.000000000000,7.000000000000,2.790870193963,bb9040a971efc590,8d15af1f9d36efa1,e5dc844f5ce1c1af,200,53,26.500000,109.698113,209.949132,0.500000,0.600000,81.968882,1.600000,102.506368,1.377358,1.547945,0.000000,0.827830,0.637024,0.578035,0.750853,100,224,224,31.000000,0,0,16,15,106,106,8,0,351.000000,73,0,0,98,48,0,98,8,4,4,0,8,4,4,1,3,0,0,0,0,90,100,47,147,93,54,0,0,0
80,12000109,25,1,363.015880360047,325.000000000000,13.000000000000,2.759237710453,97c69cd776749d9,8d15af1f9d36efa1,0,200,0,0.000000,NA,350.562400,0.000000,0.000000,nan,nan,NA,NA,NA,NA,1.000000,0.507389,1.000000,1.000000,100,240,240,32.000000,0,0,16,16,27,27,20,6,206.000000,0,0,0,14,0,0,14,10,0,10,0,10,10,10,0,10,0,0,0,0,4,200,0,200,14,186,0,0,0
81,12000110,25,1,473.011221144029,325.000000000000,23.000000000000,2.263307742658,f866b2bbf5fae501,8d15af1f9d36efa1,cbe3604f4e2c7e5c,200,73,36.500000,171.232877,235.737860,0.500000,1.200000,184.038282,2.200000,176.107829,2.630137,1.786458,0.000000,0.604938,0.595142,0.342466,0.457627,100,256,256,32.000000,0,0,16,16,75,75,12,0,294.000000,192,0,0,62,65,0,62,13,7,6,0,13,6,6,1,5,0,0,0,0,49,100,27,127,54,73,0,0,0
82,12000111,25,1,346.250094110235,175.000000000000,16.000000000000,2.406910935147,5a12b564ad5da928,8d15af1f9d36efa1,b219e94f3f9fd1c2,200,20,10.000000,133.700000,251.194609,0.100000,0.200000,134.807777,1.000000,134.807777,2.000000,1.000000,0.000000,0.829060,0.492386,0.714286,0.607843,100,208,208,32.000000,0,0,16,16,22,22,18,0,194.000000,40,0,0,11,18,0,11,11,2,9,0,11,9,9,0,9,0,0,0,0,0,180,0,180,9,171,0,0,0
83,12000112,25,1,156.931421936000,175.000000000000,20.000000000000,1.771192079278,97da2676befdf921,8d15af1f9d36efa1,4dd5054f97c75e88,200,77,38.500000,133.805195,257.287791,0.400000,0.600000,129.938433,2.000000,130.251368,1.506494,1.991379,0.000000,0.639752,0.507389,0.462963,0.389474,100,248,248,32.000000,0,0,16,16,31,31,12,0,206.000000,116,0,0,17,69,0,17,14,8,6,0,14,6,6,0,6,0,0,0,0,3,120,3,123,9,114,0,0,0
84,12000113,25,1,300.760425387512,175.000000000000,14.000000000000,1.839946497227,2b17d30f5b4c955f,8d15af1f9d36efa1,11251f4f7563f4b4,200,80,40.000000,135.900000,232.091553,0.400000,0.800000,139.718529,1.562500,138.606507,2.000000,1.500000,0.000000,0.555556,0.500000,0.384615,0.298246,100,200,200,32.000000,0,0,16,16,28,28,12,0,200.000000,160,0,0,14,72,0,14,14,8,6,0,14,6,6,0,6,0,0,0,0,0,120,0,120,6,114,0,0,0
85,12000114,25,1,247.710975560303,75.000000000000,11.000000000000,1.778299204147,ffcefdf85572677f,8d15af1f9d36efa1,9a91d200c56b4f9c,200,13,6.500000,75.846154,330.887159,0.100000,0.100000,54.204841,3.000000,54.204841,1.000000,3.000000,0.000000,0.954386,0.576271,0.884956,0.915033,100,304,304,32.000000,0,0,16,16,63,63,14,0,272.000000,13,0,0,55,12,0,55,8,1,7,0,8,7,7,0,7,0,0,0,0,47,180,7,187,54,133,0,0,0
86,12000115,25,1,254.641962144539,425.000000000000,12.000000000000,1.695226628969,6f3d075e1df737fd,8d15af1f9d36efa1,ef92fa2655f0b79f,200,40,20.000000,214.075000,296.407533,0.200000,0.600000,219.727452,2.333333,222.099849,3.000000,2.500000,0.000000,0.631902,0.507389,0.454545,0.381443,100,280,280,32.000000,0,0,16,16,29,29,16,10,206.000000,120,0,0,12,36,0,12,12,4,8,0,12,8,8,0,8,0,0,0,0,0,160,0,160,8,152,0,0,0
87,12000116,25,1,144.539585757633,75.000000000000,12.000000000000,2.928760650645,aba4c47ba51379d2,8d15af1f9d36efa1,0,200,0,0.000000,NA,323.943392,0.000000,0.000000,nan,nan,NA,NA,NA,NA,1.000000,0.621212,1.000000,1.000000,100,224,224,32.000000,0,0,16,16,91,91,14,8,328.000000,0,0,0,82,0,0,80,7,0,7,0,7,7,7,0,7,0,0,0,0,75,200,0,200,82,118,0,0,0
88,12000117,25,1,255.902195915824,425.000000000000,12.000000000000,1.557839616547,64f66314a92d3b17,8d15af1f9d36efa1,b208e04f3f914f44,200,50,25.000000,216.220000,266.790911,0.300000,0.900000,236.088311,1.861111,242.375373,3.000000,2.000000,0.000000,0.615385,0.545455,0.400000,0.418605,100,224,224,32.000000,0,0,16,16,46,46,16,0,240.000000,150,0,0,34,45,0,34,12,4,8,0,12,8,8,1,7,0,0,0,0,22,140,10,150,29,121,0,0,0
89,12000118,25,1,387.309238425352,425.000000000000,11.000000000000,2.856496298454,1cb0557c323bb0c0,8d15af1f9d36efa1,9aa9ad00c57fa29e,200,20,10.000000,184.150000,241.748510,0.200000,0.600000,215.314911,1.300000,97.334117,1.000000,1.000000,0.000000,0.928571,0.565217,0.833333,0.864865,100,176,176,32.000000,0,0,16,16,55,55,18,2,260.000000,20,0,0,45,18,0,45,9,0,9,0,9,9,9,2,7,0,0,0,0,36,160,20,180,43,137,0,0,0
90,12000119,25,1,5.595675272484,75.000000000000,17.000000000000,2.793857572901,72adc8f9646ba916,8d15af1f9d36efa1,97c5264f309cd495,200,14,7.000000,193.142857,249.254821,0.100000,0.200000,160.055588,3.000000,145.691598,2.000000,2.535714,0.000000,0.913846,0.597586,0.781250,0.855670,100,280,280,31.000000,0,0,16,15,73,73,20,0,297.000000,28,0,0,62,12,0,62,11,1,10,0,11,10,10,1,9,0,0,0,0,51,180,6,186,60,126,0,0,0
91,12000120,25,1,316.189334955869,325.000000000000,11.000000000000,2.484133751469,4e9cad385012d6dc,8d15af1f9d36efa1,19f0734f7a689780,200,40,20.000000,133.525000,252.591596,0.200000,0.300000,108.642003,2.750000,108.642003,1.500000,2.333333,0.000000,0.760000,0.487179,0.625000,0.491525,100,240,240,32.000000,0,0,16,16,21,21,16,0,190.000000,60,0,0,12,36,0,12,12,4,8,0,12,8,8,0,8,0,0,0,0,0,160,0,160,8,152,0,0,0
92,12000121,25,1,261.175826951232,175.000000000000,19.000000000000,1.556355179509,74d8cf032167a1cd,8d15af1f9d36efa1,9a5eee00c5402597,200,60,30.000000,122.116667,238.985910,0.300000,0.400000,107.034458,1.666667,107.034458,1.333333,1.500000,0.000000,0.712230,0.497487,0.555556,0.452055,100,264,264,32.000000,0,0,16,16,26,26,14,0,198.000000,80,0,0,13,54,0,13,13,6,7,0,13,7,7,0,7,0,0,0,0,0,140,0,140,7,133,0,0,0
93,12000122,25,1,415.259002851602,175.000000000000,21.000000000000,2.155926361765,da78e54dc5866577,8d15af1f9d36efa1,6fc9f0a222ac6153,200,74,37.000000,188.702703,275.621478,0.400000,1.300000,232.790241,1.937500,221.097423,3.189189,1.694915,0.000000,0.473214,0.514563,0.297619,0.253165,100,272,272,32.000000,0,0,16,16,34,34,12,0,212.000000,236,0,0,20,66,0,20,14,8,6,0,14,6,6,0,6,0,0,0,0,6,120,6,126,12,114,0,0,0
94,12000123,25,1,376.684727900037,325.000000000000,10.000000000000,2.944862006144,9066aac2d98dc666,8d15af1f9d36efa1,9a87bb00c562d402,200,20,10.000000,80.950000,253.622654,0.100000,0.100000,59.482795,1.000000,59.482795,1.000000,1.000000,0.000000,0.906103,0.491094,0.833333,0.756098,100,240,240,31.000000,0,0,16,15,22,22,18,0,193.000000,20,0,0,11,18,0,11,11,2,9,0,11,9,9,0,9,0,0,0,0,0,180,0,180,9,171,0,0,0
95,12000124,25,1,399.149738389023,175.000000000000,16.000000000000,1.949964419764,53bc4b1abe076ca6,8d15af1f9d36efa1,d2db3f0d30d7d614,200,80,40.000000,146.162500,305.678016,0.400000,0.800000,161.427892,2.000000,157.995854,2.000000,2.000000,0.000000,0.553073,0.497487,0.384615,0.292035,100,296,296,32.000000,0,0,16,16,27,27,12,2,198.000000,160,0,0,27,72,0,14,14,8,6,0,14,6,6,0,6,0,0,0,0,13,120,0,120,19,101,0,0,0
96,12000125,25,1,394.358749717962,325.000000000000,18.000000000000,2.968213611375,a09710af3a05dc13,8d15af1f9d36efa1,fb5ff636e4c3f8af,200,122,61.000000,199.057377,220.168583,0.700000,2.000000,219.812848,2.180952,220.728088,2.885246,2.093750,0.000000,0.415282,0.555556,0.221239,0.251064,100,344,344,32.000000,0,0,16,16,54,54,10,0,250.000000,352,0,0,37,108,0,37,17,12,5,0,17,5,5,2,3,0,0,0,0,20,60,18,78,23,55,0,0,0
97,12000126,25,1,309.282594623620,425.000000000000,10.000000000000,1.652462157497,90576eb662562e3,8d15af1f9d36efa1,340ee84f893d80b3,200,20,10.000000,146.250000,266.012850,0.100000,0.200000,162.884645,1.000000,162.884645,2.000000,1.000000,0.000000,0.885057,0.606299,0.714286,0.814815,100,200,200,32.000000,0,0,16,16,82,82,12,0,308.000000,40,0,0,74,18,0,74,8,2,6,0,8,6,6,0,6,0,0,0,0,66,180,0,180,72,108,0,0,0
98,12000127,25,1,312.178371320768,325.000000000000,19.000000000000,1.691054974839,9de6e2aa94b2fc56,8d15af1f9d36efa1,f5ac5a9fe195baf5,200,140,70.000000,295.678571,214.451530,0.700000,3.300000,380.415296,1.498866,375.968153,4.714286,1.363636,0.000000,0.241379,0.512195,0.131579,0.105691,100,224,224,32.000000,0,0,16,16,34,34,10,0,210.000000,660,0,0,17,126,0,17,17,12,5,0,17,5,5,2,3,0,0,0,0,0,60,0,60,3,57,0,0,0
99,12000128,25,1,406.955500892186,425.000000000000,20.000000000000,1.732226675944,4fc4f3d319627191,8d15af1f9d36efa1,e5ba734f5cc4be66,200,60,30.000000,210.466667,254.880245,0.300000,0.800000,220.915849,1.416667,220.915849,2.666667,1.500000,0.000000,0.562842,0.507389,0.384615,0.316239,100,272,272,32.000000,0,0,16,16,29,29,16,4,206.000000,160,0,0,16,54,0,16,13,5,8,0,13,8,8,1,7,0,0,0,0,3,140,0,140,10,130,0,0,0
100,12000129,25,1,263.471691270194,175.000000000000,20.000000000000,1.918164259825,5ae380117099550e,8d15af1f9d36efa1,48fde26413844902,200,73,36.500000,197.561644,237.338071,0.400000,1.100000,221.113723,1.541667,233.786389,2.917808,1.657277,0.000000,0.496454,0.512195,0.319489,0.268041,100,272,272,32.000000,0,0,16,16,33,33,12,0,210.000000,213,0,0,20,66,0,20,13,7,6,0,13,6,6,0,6,0,0,0,0,7,120,7,127,13,114,0,0,0
101,12000130,25,1,330.874914940206,175.000000000000,18.000000000000,2.059223579837,264f0a7881f9118,8d15af1f9d36efa1,9a76b200c5545184,200,120,60.000000,228.383333,223.020089,0.600000,2.200000,280.454218,1.986111,280.399207,3.666667,1.818182,0.000000,0.316770,0.504950,0.185185,0.140625,100,296,296,32.000000,0,0,16,16,32,32,8,0,204.000000,440,0,0,16,108,0,16,16,12,4,0,16,4,4,0,4,0,0,0,0,0,80,0,80,4,76,0,0,0
102,12000131,25,1,334.442890301355,75.000000000000,12.000000000000,2.195799481342,826cb20888cdb7d7,8d15af1f9d36efa1,9a8b0f00c5659895,200,53,26.500000,109.962264,278.577439,0.300000,0.300000,67.039360,2.000000,69.058385,1.000000,2.132075,0.000000,0.825658,0.556541,0.653595,0.693642,100,272,272,31.000000,0,0,16,15,54,54,12,4,251.000000,53,0,0,42,48,0,42,10,4,6,0,10,6,6,1,5,0,0,0,0,32,140,7,147,37,110,0,0,0
103,12000132,25,1,204.278849108203,425.000000000000,11.000000000000,2.063790980719,d8bd966627d22ff6,8d15af1f9d36efa1,1a9d30b101f21d6b,200,89,44.500000,222.011236,300.205592,0.500000,1.600000,247.374618,1.393333,249.116780,3.202247,1.515789,0.000000,0.495575,0.583333,0.259740,0.341801,100,312,312,32.000000,0,0,16,16,68,68,12,0,280.000000,285,0,0,55,80,0,55,13,7,6,0,13,6,6,2,4,0,0,0,0,42,100,11,111,46,65,0,0,0
104,12000133,25,1,34.896623884366,425.000000000000,15.000000000000,2.337171344827,e723d73cfbde99b3,8d15af1f9d36efa1,cd04f02642651bda,200,32,16.000000,163.968750,266.816186,0.200000,0.500000,186.415051,2.000000,188.588463,2.625000,1.761905,0.000000,0.790000,0.612403,0.543478,0.686567,100,208,208,32.000000,0,0,16,16,85,85,14,0,316.000000,84,0,0,75,29,0,75,10,3,7,0,10,7,7,0,7,0,0,0,0,65,160,8,168,72,96,0,0,0
105,12000134,25,1,378.095978151333,75.000000000000,13.000000000000,2.376618733949,1a9ea5973379e806,8d15af1f9d36efa1,0,200,0,0.000000,NA,309.987899,0.000000,0.000000,nan,nan,NA,NA,NA,NA,1.000000,0.583333,1.000000,1.000000,100,232,232,32.000000,0,0,16,16,67,67,14,0,280.000000,0,0,0,60,0,0,60,7,0,7,0,7,7,7,0,7,0,0,0,0,53,200,0,200,60,140,0,0,0
106,12000135,25,1,459.107244456589,325.000000000000,18.000000000000,2.393187475184,777a0c034f6e91ef,8d15af1f9d36efa1,0,200,0,0.000000,NA,377.941315,0.000000,0.000000,nan,nan,NA,NA,NA,NA,1.000000,0.574468,1.000000,1.000000,100,240,240,32.000000,0,0,16,16,59,59,20,4,270.000000,0,0,0,47,0,0,47,10,0,10,0,10,10,10,0,10,0,0,0,0,37,200,0,200,47,153,0,0,0
107,12000136,25,1,222.412119249063,75.000000000000,6.000000000000,2.319436163433,f409d20b3b19424a,8d15af1f9d36efa1,b10a1e04911e529f,200,17,8.500000,136.058824,269.260929,0.200000,0.400000,111.140723,1.333333,119.471073,2.470588,1.595238,0.000000,0.909871,0.679487,0.704225,0.874251,100,240,240,32.000000,0,0,16,16,143,143,6,0,424.000000,42,0,0,138,15,0,138,5,2,3,0,5,3,3,0,3,0,0,0,0,133,160,23,183,136,47,0,0,0
108,12000137,25,1,397.647061431131,175.000000000000,16.000000000000,2.731055244869,8f659b63cb127df0,8d15af1f9d36efa1,9a624700c542f2a9,200,39,19.500000,122.230769,282.595448,0.200000,0.300000,116.127424,1.500000,116.861698,1.512821,1.677966,0.000000,0.785455,0.519231,0.628931,0.587413,100,256,256,32.000000,0,0,16,16,34,34,16,0,216.000000,59,0,0,22,35,0,22,12,4,8,0,12,8,8,0,8,0,0,0,0,10,160,1,161,18,143,0,0,0
109,12000138,25,1,234.689363839765,425.000000000000,10.000000000000,1.892860037682,832022fd87f4758f,8d15af1f9d36efa1,56524a4f9c89c686,200,60,30.000000,172.133333,230.369747,0.400000,1.000000,192.495854,1.666667,182.293531,2.333333,1.714286,0.000000,0.725490,0.649123,0.416667,0.629630,100,256,256,32.000000,0,0,16,16,115,115,8,2,370.000000,140,0,0,104,54,0,104,10,6,4,0,10,4,4,0,4,0,0,0,0,94,120,20,140,98,42,0,0,0
110,12000139,25,1,46.448178894051,75.000000000000,14.000000000000,2.580609918111,51366d66ea528dff,8d15af1f9d36efa1,9a624800c542f45c,200,56,28.000000,141.803571,192.521361,0.500000,0.600000,80.586561,1.700000,97.235915,1.357143,1.263158,0.000000,0.820755,0.635036,0.568182,0.739726,100,296,296,32.000000,0,0,16,16,103,103,10,4,348.000000,76,0,0,91,50,0,91,10,5,5,0,10,5,5,1,4,0,0,0,0,81,100,44,144,85,59,0,0,0
111,12000140,25,1,254.214564060180,425.000000000000,9.000000000000,1.665879522360,21f927d217df04a3,8d15af1f9d36efa1,7924764fb04f68dd,200,40,20.000000,166.075000,318.388597,0.200000,0.500000,171.891211,1.750000,171.891211,2.500000,1.800000,0.000000,0.717514,0.559471,0.500000,0.549550,100,320,320,32.000000,0,0,16,16,53,53,16,0,254.000000,100,0,0,42,36,0,42,11,3,8,0,11,8,8,1,7,0,0,0,0,31,160,0,160,38,122,0,0,0
112,12000141,25,1,423.347900588499,175.000000000000,20.000000000000,2.448571132256,f0610e98e8118b56,8d15af1f9d36efa1,9a7a0300c55710fe,200,97,48.500000,120.463918,209.182183,0.500000,0.800000,107.716176,1.900000,108.686570,1.618557,1.872611,0.000000,0.600509,0.541284,0.389105,0.398467,100,248,248,32.000000,0,0,16,16,46,46,12,0,236.000000,157,0,0,31,87,0,31,15,9,6,0,15,6,6,1,5,0,0,0,0,16,100,3,103,21,82,0,0,0
113,12000142,25,1,468.050080197744,175.000000000000,19.000000000000,2.978860348856,c6d62b31f3e36ac,8d15af1f9d36efa1,0,200,0,0.000000,NA,321.272733,0.000000,0.000000,nan,nan,NA,NA,NA,NA,1.000000,0.534884,1.000000,1.000000,100,168,168,32.000000,0,0,16,16,39,39,20,0,230.000000,0,0,0,31,0,0,31,10,0,10,0,10,10,10,0,10,0,0,0,0,21,200,0,200,31,169,0,0,0
114,12000143,25,1,397.719016453960,425.000000000000,13.000000000000,2.396368288226,e29b5274ed9509f9,8d15af1f9d36efa1,9a6c7200c54b903f,200,20,10.000000,100.200000,287.622016,0.100000,0.100000,95.613550,4.000000,95.613550,1.000000,4.000000,0.000000,0.914530,0.516908,0.833333,0.803922,100,224,224,32.000000,0,0,16,16,32,32,18,0,214.000000,20,0,0,21,18,0,21,11,2,9,0,11,9,9,0,9,0,0,0,0,10,180,0,180,19,161,0,0,0
115,12000144,25,1,408.716753522103,325.000000000000,14.000000000000,2.921297710655,36d89963f75f7d23,8d15af1f9d36efa1,9a8b1600c565a47a,200,40,20.000000,88.250000,247.781420,0.200000,0.200000,56.632213,2.000000,56.632213,1.000000,2.000000,0.000000,0.844961,0.521531,0.714286,0.682540,100,208,208,32.000000,0,0,16,16,34,34,18,0,218.000000,40,0,0,22,36,0,22,12,3,9,0,12,9,9,1,8,0,0,0,0,10,160,0,160,18,142,0,0,0
116,12000145,25,1,268.806904418662,425.000000000000,9.000000000000,2.265703540350,b12f98857abca854,8d15af1f9d36efa1,0,200,0,0.000000,NA,276.290649,0.000000,0.000000,nan,nan,NA,NA,NA,NA,1.000000,0.530516,1.000000,1.000000,100,224,224,32.000000,0,0,16,16,38,38,18,0,226.000000,0,0,0,29,0,0,29,9,0,9,0,9,9,9,0,9,0,0,0,0,20,200,0,200,29,171,0,0,0
117,12000146,25,1,189.302461148337,75.000000000000,10.000000000000,2.581581620668,be6fef6ee36ff93c,8d15af1f9d36efa1,f9ed268fdf077d2b,200,109,54.500000,200.091743,228.895440,0.600000,1.800000,226.058022,1.569444,221.596871,2.935780,1.568750,0.000000,0.447323,0.564270,0.238095,0.285714,100,248,248,31.000000,0,0,16,15,58,58,12,12,259.000000,320,0,0,37,98,0,37,15,9,6,0,15,6,6,2,4,0,0,0,0,22,80,11,91,26,65,0,0,0
118,12000147,25,1,132.583946196451,75.000000000000,13.000000000000,1.887390199692,4742c8cceb40af69,8d15af1f9d36efa1,9c8e08d4b8557591,200,13,6.500000,309.076923,364.088106,0.100000,0.500000,381.721650,1.000000,381.699559,5.000000,1.400000,0.000000,0.836272,0.624060,0.606061,0.754717,100,208,208,32.000000,0,0,16,16,93,93,14,0,332.000000,65,0,0,86,12,0,86,7,0,7,0,7,7,7,1,6,0,0,0,0,79,180,7,187,85,102,0,0,0
119,12000148,25,1,294.316480192644,175.000000000000,15.000000000000,2.129629156401,7d35e07cd511b71b,8d15af1f9d36efa1,4885e4ca30be1aff,200,100,50.000000,230.570000,264.050203,0.500000,1.700000,277.239437,1.703333,277.239437,3.400000,1.647059,0.000000,0.379562,0.509804,0.227273,0.182692,100,224,224,32.000000,0,0,16,16,31,31,14,2,208.000000,340,0,0,15,90,0,15,15,8,7,0,15,7,7,2,5,0,0,0,0,0,100,0,100,5,95,0,0,0
120,12000149,25,1,282.623848266031,175.000000000000,12.000000000000,1.549671355032,509a9e035e3e2356,8d15af1f9d36efa1,9a5ee100c5400f80,200,21,10.500000,232.285714,275.008461,0.200000,0.400000,143.065885,2.000000,218.190580,2.904762,1.032787,0.000000,0.847880,0.629630,0.621118,0.773234,100,232,232,32.000000,0,0,16,16,96,96,16,0,340.000000,61,0,0,86,18,0,86,10,2,8,0,10,8,8,1,7,0,0,0,0,76,160,19,179,83,96,0,0,0
121,12000150,25,1,48.386041309767,325.000000000000,14.000000000000,2.955699323416,92532f7364925b8c,8d15af1f9d36efa1,9aad1400c582877a,200,74,37.000000,121.202703,158.369214,0.400000,0.600000,93.155931,1.333333,96.786192,1.540541,1.333333,0.000000,0.654545,0.519231,0.467290,0.424242,100,232,232,32.000000,0,0,16,16,34,34,16,0,216.000000,114,0,0,20,66,0,20,14,6,8,0,14,8,8,2,6,0,0,0,0,6,120,6,126,12,114,0,0,0
122,12000151,25,1,66.646481313167,175.000000000000,18.000000000000,2.986842608048,97a9dee4e00958a6,8d15af1f9d36efa1,3c71104f8de8efb2,200,73,36.500000,105.630137,184.848183,0.400000,0.500000,58.758593,1.125000,58.299013,1.232877,1.188889,0.000000,0.718750,0.534884,0.526316,0.521277,100,208,208,32.000000,0,0,16,16,40,40,18,0,230.000000,90,0,0,26,65,0,26,14,5,9,0,14,9,9,3,6,0,0,0,0,12,120,7,127,18,109,0,0,0
123,12000152,25,1,47.617389309272,325.000000000000,21.000000000000,2.519152932737,4c072d229f4d1cae,8d15af1f9d36efa1,0,200,0,0.000000,NA,263.225088,0.000000,0.000000,nan,nan,NA,NA,NA,NA,1.000000,0.496222,1.000000,1.000000,100,256,256,31.000000,0,0,16,15,23,23,20,0,197.000000,0,0,0,13,0,0,13,10,0,10,0,10,10,10,0,10,0,0,0,0,3,200,0,200,13,187,0,0,0
124,12000153,25,1,48.529644047541,325.000000000000,21.000000000000,2.427078159818,a3a5cfd9aba3af5c,8d15af1f9d36efa1,19ac874f7a2eecb0,200,73,36.500000,194.356164,270.086821,0.400000,1.200000,225.360667,2.425000,215.930592,2.931507,2.224299,0.000000,0.536797,0.553571,0.318471,0.351515,100,352,352,32.000000,0,0,16,16,50,50,16,0,248.000000,214,0,0,36,65,0,36,14,6,8,0,14,8,8,2,6,0,0,0,0,22,120,7,127,28,99,0,0,0
125,12000154,25,1,397.201427526624,75.000000000000,18.000000000000,1.992107321412,f3353c958d56f2cc,8d15af1f9d36efa1,ee8cae4f61cf5565,200,81,40.500000,228.876543,227.575517,0.500000,1.600000,262.718486,1.560000,272.675841,3.234568,1.614504,0.000000,0.514815,0.581590,0.276243,0.357843,100,288,288,32.000000,0,0,16,16,68,68,10,0,278.000000,262,0,0,55,73,0,55,13,8,5,0,13,5,5,0,5,0,0,0,0,42,100,19,119,47,72,0,0,0
126,12000155,25,1,110.418566816707,75.000000000000,16.000000000000,1.614211742718,cc47d36358df6038,8d15af1f9d36efa1,0,200,0,0.000000,NA,346.104560,0.000000,0.000000,nan,nan,NA,NA,NA,NA,1.000000,0.645390,1.000000,1.000000,100,232,232,32.000000,0,0,16,16,107,107,18,2,364.000000,0,0,0,97,0,0,97,9,0,9,0,9,9,9,0,9,0,0,0,0,88,200,0,200,97,103,0,0,0
127,12000156,25,1,139.032679091226,425.000000000000,17.000000000000,2.250376377705,7dfed0e9673aa092,8d15af1f9d36efa1,9a733600c55148f9,200,34,17.000000,176.529412,239.218371,0.200000,0.400000,122.118562,1.500000,177.590320,2.558824,1.310345,0.000000,0.722045,0.530516,0.534759,0.519337,100,176,176,32.000000,0,0,16,16,39,39,16,0,226.000000,87,0,0,27,30,0,27,12,4,8,0,12,8,8,0,8,0,0,0,0,15,160,6,166,23,143,0,0,0
128,12000157,25,1,178.276450421946,75.000000000000,11.000000000000,2.112219128099,2b6a7982d514bb25,8d15af1f9d36efa1,a0bcc84f35c736d6,200,26,13.000000,112.000000,298.478604,0.200000,0.300000,102.091947,1.500000,102.091947,1.500000,1.333333,0.000000,0.881459,0.591837,0.719424,0.802030,100,200,200,32.000000,0,0,16,16,71,71,16,2,290.000000,39,0,0,61,24,0,61,9,1,8,0,9,8,8,1,7,0,0,0,0,52,160,14,174,59,115,0,0,0
129,12000158,25,1,395.929001422006,425.000000000000,17.000000000000,2.622018463391,2a949dbcbe551c57,8d15af1f9d36efa1,9a6fd600c54e7002,200,40,20.000000,184.800000,258.395594,0.200000,0.500000,182.764006,2.125000,182.764006,2.500000,1.600000,0.000000,0.752475,0.603175,0.500000,0.632353,100,272,272,32.000000,0,0,16,16,80,80,12,2,304.000000,100,0,0,70,36,0,70,9,3,6,0,9,6,6,1,5,0,0,0,0,61,160,0,160,66,94,0,0,0
130,12000159,25,1,153.677655358634,425.000000000000,7.000000000000,2.260977124364,46453b3b6a6d4ff3,8d15af1f9d36efa1,9a65c500c545fe9a,200,11,5.500000,120.363636,253.141958,0.100000,0.100000,76.400900,4.000000,76.400900,1.000000,4.000000,0.000000,0.958175,0.557522,0.900901,0.916031,100,280,280,32.000000,0,0,16,16,50,50,20,0,252.000000,11,0,0,40,10,0,40,10,0,10,0,10,10,10,1,9,0,0,0,0,30,180,9,189,39,150,0,0,0
131,12000160,25,1,372.880885430406,75.000000000000,10.000000000000,2.536251487914,1f5ce71d84bd1395,8d15af1f9d36efa1,958cad2b93d07d13,200,67,33.500000,232.656716,251.470645,0.600000,2.400000,281.720003,2.083333,270.534909,3.731343,1.744000,0.000000,0.567474,0.621212,0.285714,0.439462,100,296,296,32.000000,0,0,16,16,93,93,10,0,328.000000,250,0,0,83,60,0,83,10,5,5,0,10,5,5,2,3,0,0,0,0,73,80,53,133,76,57,0,0,0
132,12000161,25,1,205.322366097698,75.000000000000,12.000000000000,2.172706329892,dc0335b6a280b7a3,8d15af1f9d36efa1,9aa2d800c579cd01,200,77,38.500000,129.584416,232.372023,0.400000,0.600000,117.865224,2.000000,120.271118,1.519481,2.025641,0.000000,0.728538,0.610895,0.460829,0.608696,100,296,296,32.000000,0,0,16,16,87,87,8,4,314.000000,117,0,0,74,69,0,74,11,7,4,0,11,4,4,1,3,0,0,0,0,63,120,3,123,66,57,0,0,0
133,12000162,25,1,396.811957977460,325.000000000000,19.000000000000,1.867183193807,6b2e5c3e599afbd5,8d15af1f9d36efa1,45281c4f92dc6f1c,200,40,20.000000,160.200000,278.335125,0.200000,0.400000,183.405578,1.750000,183.405578,2.000000,1.750000,0.000000,0.714286,0.500000,0.555556,0.459459,100,264,264,32.000000,0,0,16,16,26,26,16,0,200.000000,80,0,0,14,36,0,14,12,4,8,0,12,8,8,0,8,0,0,0,0,2,160,0,160,10,150,0,0,0
134,12000163,25,1,14.163973553584,75.000000000000,18.000000000000,2.743550172758,45b095e50a7044fe,8d15af1f9d36efa1,2b4740b77765e4fe,200,102,51.000000,278.127451,299.134559,0.700000,2.700000,292.159158,1.383673,305.671819,3.990196,1.363636,0.000000,0.472114,0.645390,0.197239,0.363067,100,224,224,32.000000,0,0,16,16,109,109,14,0,364.000000,407,0,0,94,89,0,94,15,8,7,0,15,7,7,5,2,0,0,0,0,79,60,38,98,81,17,0,0,0
135,12000164,25,1,27.688521647969,75.000000000000,16.000000000000,2.124510897375,fad6caa364775552,8d15af1f9d36efa1,eea11b4f61e0b7a6,200,20,10.000000,193.350000,278.765037,0.100000,0.200000,170.489090,3.000000,170.489090,2.000000,3.000000,0.000000,0.878049,0.590164,0.714286,0.795918,100,288,288,32.000000,0,0,16,16,68,68,20,0,288.000000,40,0,0,58,18,0,58,10,0,10,0,10,10,10,2,8,0,0,0,0,48,180,0,180,56,124,0,0,0
136,12000165,25,1,77.621930676850,175.000000000000,18.000000000000,2.291068262540,f8767f866527e0ef,8d15af1f9d36efa1,9a8b1000c5659a48,200,20,10.000000,95.700000,321.732873,0.100000,0.100000,82.770748,1.000000,82.770748,1.000000,1.000000,0.000000,0.913793,0.514563,0.833333,0.800000,100,184,184,32.000000,0,0,16,16,31,31,18,0,212.000000,20,0,0,21,18,0,21,11,2,9,0,11,9,9,0,9,0,0,0,0,10,180,0,180,19,161,0,0,0
137,12000166,25,1,422.623231403148,75.000000000000,12.000000000000,2.838978622343,879a18b156cf4bc1,8d15af1f9d36efa1,9aa9a900c57f9bd2,200,31,15.500000,89.161290,285.303820,0.200000,0.200000,45.590229,1.500000,47.293943,1.000000,1.580645,0.000000,0.891228,0.559471,0.763359,0.797386,100,264,264,32.000000,0,0,16,16,52,52,18,0,254.000000,31,0,0,42,28,0,42,11,2,9,0,11,9,9,1,8,0,0,0,0,31,160,9,169,39,130,0,0,0
138,12000167,25,1,94.706966576508,425.000000000000,12.000000000000,2.689138558054,34c34ed227205bfa,8d15af1f9d36efa1,a94e814f3a9b0cfa,200,20,10.000000,180.750000,353.169308,0.200000,0.700000,269.161796,1.550000,173.143253,2.000000,1.500000,0.000000,0.885714,0.607843,0.714286,0.816514,100,200,200,32.000000,0,0,16,16,80,80,18,6,310.000000,40,0,0,67,18,0,67,10,1,9,0,10,9,9,1,8,0,0,0,0,57,160,20,180,65,115,0,0,0
139,12000168,25,1,341.414008328651,175.000000000000,15.000000000000,2.342124785565,310bee2ddeecb919,8d15af1f9d36efa1,9a6c6e00c54b8973,200,40,20.000000,181.150000,230.503842,0.200000,0.500000,193.533926,1.750000,193.533926,2.500000,1.600000,0.000000,0.664430,0.497487,0.500000,0.397590,100,184,184,32.000000,0,0,16,16,24,24,18,0,198.000000,100,0,0,12,36,0,12,12,3,9,0,12,9,9,1,8,0,0,0,0,0,160,0,160,8,152,0,0,0
140,12000169,25,1,472.756919300066,75.000000000000,18.000000000000,2.714868497682,f3f52b4667d4a279,8d15af1f9d36efa1,5b1e2eca6ad5574,200,108,54.000000,238.129630,184.827796,0.800000,2.600000,240.247456,1.343750,259.851807,3.416667,1.336043,0.000000,0.465991,0.616858,0.213220,0.339893,100,256,256,32.000000,0,0,16,16,88,88,14,0,322.000000,369,0,0,75,97,0,75,13,6,7,0,13,7,7,5,2,0,0,0,0,62,40,52,92,64,28,0,0,0
141,12000170,25,1,442.646458435683,325.000000000000,19.000000000000,2.146656904678,94089a1d89482b9,8d15af1f9d36efa1,9a87a800c562b3b9,200,34,17.000000,91.470588,294.375435,0.200000,0.200000,71.007128,2.000000,68.938160,1.000000,2.000000,0.000000,0.879004,0.552573,0.746269,0.773333,100,200,200,31.000000,0,0,16,15,50,50,16,0,247.000000,34,0,0,38,30,0,38,12,4,8,0,12,8,8,0,8,0,0,0,0,26,160,6,166,34,132,0,0,0
142,12000171,25,1,54.498356544063,425.000000000000,20.000000000000,1.973998862975,a426a7c7169370e6,8d15af1f9d36efa1,9a7d8b00c55a2ded,200,24,12.000000,157.375000,316.944028,0.300000,0.700000,184.583859,1.066667,111.372022,1.333333,1.062500,0.000000,0.927273,0.671053,0.757576,0.896104,100,224,224,32.000000,0,0,16,16,131,131,14,42,408.000000,32,0,0,99,20,0,99,11,4,7,0,11,7,7,0,7,0,0,0,0,88,140,36,176,95,81,0,0,0
143,12000172,25,1,38.504272305195,75.000000000000,19.000000000000,2.097962323354,8217fa9db786c0ff,8d15af1f9d36efa1,db4e9fda7b182045,200,30,15.000000,187.866667,224.267254,0.200000,0.600000,197.743462,1.500000,190.523576,3.000000,1.333333,0.000000,0.760638,0.588477,0.526316,0.631148,100,224,224,32.000000,0,0,16,16,68,68,18,6,286.000000,90,0,0,55,27,0,55,10,1,9,0,10,9,9,2,7,0,0,0,0,45,160,10,170,52,118,0,0,0
144,12000173,25,1,221.928019828288,325.000000000000,14.000000000000,2.239375049463,45f80e9dc960a06,8d15af1f9d36efa1,9abaa200c58e0320,200,113,56.500000,220.292035,213.588995,0.600000,2.000000,238.025965,1.390476,250.043820,3.477876,1.610687,0.000000,0.352554,0.516908,0.202840,0.172632,100,312,312,32.000000,0,0,16,16,37,37,8,0,214.000000,393,0,0,22,102,0,22,15,11,4,0,15,4,4,0,4,0,0,0,0,7,80,7,87,11,76,0,0,0
145,12000174,25,1,54.600709451384,175.000000000000,15.000000000000,2.503800776365,1c161ef1a665ca46,8d15af1f9d36efa1,a0908c4f35a195f7,200,60,30.000000,176.083333,239.916795,0.300000,0.800000,182.410577,2.433333,182.410577,2.666667,2.125000,0.000000,0.555556,0.500000,0.384615,0.298246,100,192,192,32.000000,0,0,16,16,26,26,16,0,200.000000,160,0,0,13,54,0,13,13,5,8,0,13,8,8,1,7,0,0,0,0,0,140,0,140,7,133,0,0,0
146,12000175,25,1,268.322421743768,75.000000000000,7.000000000000,1.625820758923,ab6b859e41009944,8d15af1f9d36efa1,9a87a900c562b56c,200,14,7.000000,199.928571,297.625941,0.300000,0.600000,130.802048,2.250000,155.361879,2.500000,1.800000,0.000000,0.903846,0.621928,0.740741,0.849785,100,216,216,31.000000,0,0,16,15,91,91,16,0,329.000000,35,0,0,82,12,0,82,9,1,8,0,9,8,8,1,7,0,0,0,0,73,140,46,186,80,106,0,0,0
147,12000176,25,1,397.321702047141,175.000000000000,21.000000000000,1.980063795975,6fb01e23144cf5f,8d15af1f9d36efa1,e0d5f93f6261f327,200,78,39.000000,153.064103,279.265369,0.400000,0.800000,170.638316,1.708333,159.602967,2.000000,1.750000,0.000000,0.582888,0.521531,0.390625,0.355372,100,288,288,32.000000,0,0,16,16,36,36,14,0,218.000000,156,0,0,22,70,0,22,14,7,7,0,14,7,7,1,6,0,0,0,0,8,120,2,122,14,108,0,0,0
148,12000177,25,1,299.767650425711,75.000000000000,7.000000000000,2.319936466861,34a580ba0900644d,8d15af1f9d36efa1,9a6c6e00c54b8973,200,40,20.000000,200.050000,330.217904,0.300000,0.700000,180.622428,1.866667,222.316874,3.000000,1.500000,0.000000,0.659091,0.537037,0.454545,0.454545,100,232,232,32.000000,0,0,16,16,43,43,14,2,232.000000,120,0,0,31,36,0,31,11,4,7,0,11,7,7,0,7,0,0,0,0,20,140,20,160,27,133,0,0,0
149,12000178,25,1,151.710449953602,75.000000000000,17.000000000000,2.214479228036,ea8aafe76069fd3e,8d15af1f9d36efa1,9a65b400c545e1b7,200,86,43.000000,152.767442,229.420660,0.500000,1.100000,143.898781,2.146667,146.456257,2.162791,2.430108,0.000000,0.642308,0.625468,0.349650,0.520619,100,320,320,32.000000,0,0,16,16,98,98,6,0,334.000000,186,0,0,86,76,0,86,12,9,3,0,12,3,3,1,2,0,0,0,0,74,100,14,114,76,38,0,0,0
150,12000179,25,1,283.290665148235,325.000000000000,16.000000000000,1.843583853156,55e78780d5e3ba9b,8d15af1f9d36efa1,e68071f39635c0f8,200,100,50.000000,176.260000,211.696385,0.500000,1.300000,192.997460,1.166667,192.997460,2.600000,1.153846,0.000000,0.439655,0.504950,0.277778,0.216867,100,216,216,32.000000,0,0,16,16,31,31,10,2,204.000000,260,0,0,15,90,0,15,15,10,5,0,15,5,5,0,5,0,0,0,0,0,100,0,100,5,95,0,0,0
151,12000180,25,1,472.715954068662,175.000000000000,18.000000000000,2.838822613941,fb8d68defa53fa11,8d15af1f9d36efa1,9a76aa00c55443ec,200,38,19.000000,208.657895,326.791734,0.200000,0.600000,239.335589,2.300000,247.427632,3.105263,1.813559,0.000000,0.675824,0.551570,0.458716,0.491379,100,240,240,32.000000,0,0,16,16,48,48,18,0,246.000000,118,0,0,48,34,0,36,12,3,9,0,12,9,9,1,8,0,0,0,0,36,160,2,162,44,118,0,0,0
152,12000181,25,1,485.094688024383,325.000000000000,18.000000000000,2.806100099726,c0fa319db31107ee,8d15af1f9d36efa1,9a80ca00c55cced1,200,20,10.000000,104.600000,345.411329,0.100000,0.100000,76.982113,1.000000,76.982113,1.000000,1.000000,0.000000,0.912281,0.509804,0.833333,0.791667,100,200,200,32.000000,0,0,16,16,29,29,18,0,208.000000,20,0,0,18,18,0,18,11,2,9,0,11,9,9,0,9,0,0,0,0,7,180,0,180,16,164,0,0,0
153,12000182,25,1,82.365612138715,425.000000000000,8.000000000000,2.820566866039,e17fe4725071eaf7,8d15af1f9d36efa1,fe2d2ff62c30513f,200,46,23.000000,318.347826,282.850184,0.800000,4.500000,430.747084,1.436458,387.862418,5.065217,1.266094,0.000000,0.636505,0.671053,0.300300,0.542240,100,280,280,32.000000,0,0,16,16,133,133,10,0,408.000000,233,0,0,126,41,0,126,7,2,5,0,7,5,5,3,2,0,0,0,0,119,40,114,154,121,33,0,0,0
154,12000183,25,1,281.475913307389,175.000000000000,13.000000000000,1.527749444679,a9b77d8a368bbd5c,8d15af1f9d36efa1,9a690600c548a2e4,200,139,69.500000,201.165468,180.649803,0.800000,2.900000,254.484702,1.348214,241.393668,3.467626,1.259336,0.000000,0.330556,0.543379,0.171821,0.180272,100,256,256,32.000000,0,0,16,16,51,51,4,0,238.000000,482,0,0,36,126,0,36,15,13,2,0,15,2,2,0,2,0,0,0,0,21,40,21,61,23,38,0,0,0
155,12000184,25,1,486.977588654963,325.000000000000,23.000000000000,2.427188776056,fac704c619e8bebd,8d15af1f9d36efa1,afdbd5e235bf9a41,200,40,20.000000,250.875000,280.177592,0.200000,0.700000,294.814151,2.700000,294.814151,3.500000,2.571429,0.000000,0.585799,0.497487,0.416667,0.320388,100,304,304,32.000000,0,0,16,16,25,25,16,0,198.000000,140,0,0,14,36,0,14,11,3,8,0,11,8,8,1,7,0,0,0,0,3,160,0,160,10,150,0,0,0
156,12000185,25,1,499.464808768057,325.000000000000,23.000000000000,2.753222266362,cabe12d212f5bb5,8d15af1f9d36efa1,a0bccd4f35c73f55,200,20,10.000000,145.550000,289.674423,0.100000,0.200000,155.927525,1.500000,155.927525,2.000000,1.500000,0.000000,0.855596,0.542334,0.714286,0.726027,100,232,232,31.000000,0,0,16,15,44,44,18,0,237.000000,40,0,0,33,18,0,33,11,2,9,0,11,9,9,0,9,0,0,0,0,22,180,0,180,31,149,0,0,0
157,12000186,25,1,386.459872012105,325.000000000000,21.000000000000,2.193129935250,afdb192e5dc6abb0,8d15af1f9d36efa1,6e6bfd1d8033beac,200,77,38.500000,153.506494,273.874477,0.400000,0.900000,161.419762,2.541667,161.041749,2.246753,2.554913,0.000000,0.568579,0.532710,0.366300,0.356877,100,304,304,32.000000,0,0,16,16,42,42,12,0,228.000000,173,0,0,28,69,0,28,14,8,6,0,14,6,6,0,6,0,0,0,0,14,120,3,123,20,103,0,0,0
158,12000187,25,1,492.730914326313,175.000000000000,20.000000000000,2.995571053571,2b5a2f1acfefadaf,8d15af1f9d36efa1,24409edcb7717eb4,200,77,38.500000,247.480519,298.334758,0.500000,2.500000,308.490635,1.240714,300.077745,4.922078,1.271768,0.000000,0.421374,0.579832,0.208768,0.275335,100,192,192,32.000000,0,0,16,16,64,64,16,0,276.000000,379,0,0,52,70,0,52,12,4,8,0,12,8,8,3,5,0,0,0,0,40,100,23,123,45,78,0,0,0
159,12000188,25,1,77.896580812445,425.000000000000,16.000000000000,2.160264109704,e115ce4fb1abb72e,8d15af1f9d36efa1,f4ae92a0644770da,200,57,28.500000,260.877193,258.678654,0.500000,1.800000,291.042301,1.700000,299.171459,3.684211,1.514286,0.000000,0.600760,0.612403,0.322581,0.467005,100,312,312,32.000000,0,0,16,16,85,85,14,0,316.000000,210,0,0,74,51,0,74,11,4,7,0,11,7,7,2,5,0,0,0,0,63,100,43,143,68,75,0,0,0
160,12000189,25,1,403.884522745939,75.000000000000,16.000000000000,1.739601007888,5c54fee5a0136328,8d15af1f9d36efa1,9a954d00c56e5674,200,112,56.000000,231.848214,220.154579,0.700000,2.700000,287.136091,1.171429,276.317395,3.696429,1.236715,0.000000,0.380240,0.559471,0.194553,0.227612,100,216,216,32.000000,0,0,16,16,57,57,8,0,254.000000,414,0,0,44,102,0,44,13,9,4,0,13,4,4,1,3,0,0,0,0,31,60,28,88,34,54,0,0,0
161,12000190,25,1,43.347776450398,75.000000000000,13.000000000000,2.867075271177,e8eb07f39df9d2cb,8d15af1f9d36efa1,ef6bc06907a17f50,200,121,60.500000,212.148760,183.719648,0.800000,2.700000,275.219832,1.612500,248.407189,3.090909,1.582888,0.000000,0.421053,0.576271,0.210970,0.272374,100,296,296,32.000000,0,0,16,16,67,67,6,0,272.000000,374,0,0,53,109,0,53,14,11,3,0,14,3,3,1,2,0,0,0,0,39,40,39,79,41,38,0,0,0
162,12000191,25,1,213.995991666580,325.000000000000,13.000000000000,2.014997387909,3a1a07bcb03ee4ea,8d15af1f9d36efa1,3a5655dab0d933e0,200,60,30.000000,173.250000,269.187321,0.300000,0.800000,192.869695,1.555556,192.869695,2.666667,1.375000,0.000000,0.565217,0.509804,0.384615,0.322034,100,248,248,32.000000,0,0,16,16,30,30,16,4,208.000000,160,0,0,15,54,0,15,13,5,8,0,13,8,8,1,7,0,0,0,0,2,140,0,140,9,131,0,0,0
163,12000192,25,1,16.814088782418,75.000000000000,15.000000000000,1.736089633895,8034cd5d7dae86a3,8d15af1f9d36efa1,452edd4f92e222bd,200,27,13.500000,157.518519,263.038376,0.300000,0.800000,175.707531,1.500000,128.351105,2.000000,1.370370,0.000000,0.868932,0.641577,0.649351,0.807143,100,216,216,32.000000,0,0,16,16,105,105,16,6,358.000000,54,0,0,92,24,0,92,10,2,8,0,10,8,8,1,7,0,0,0,0,82,140,33,173,89,84,0,0,0
164,12000193,25,1,383.219942003218,325.000000000000,24.000000000000,1.513373246778,1d782bb7fe5813cd,8d15af1f9d36efa1,1384bdb32d58e3ee,200,80,40.000000,192.662500,269.311615,0.400000,1.400000,243.926002,1.433333,243.926002,3.500000,1.428571,0.000000,0.423868,0.507389,0.263158,0.209040,100,200,200,32.000000,0,0,16,16,31,31,12,0,206.000000,280,0,0,17,72,0,17,14,8,6,0,14,6,6,0,6,0,0,0,0,3,120,0,120,9,111,0,0,0
165,12000194,25,1,64.930186688747,175.000000000000,21.000000000000,2.167122629481,52b6bdd6214d48b6,8d15af1f9d36efa1,45a18c367dde8cb3,200,19,9.500000,150.052632,315.941595,0.200000,0.500000,139.612856,1.583333,137.941056,2.473684,1.595745,0.000000,0.844371,0.560440,0.680272,0.725146,100,144,144,31.000000,0,0,16,15,53,53,18,0,255.000000,47,0,0,43,17,0,43,10,1,9,0,10,9,9,1,8,0,0,0,0,33,160,21,181,41,140,0,0,0
166,12000195,25,1,426.974489475348,175.000000000000,17.000000000000,2.493260272518,aaeccc71fd2f57fa,8d15af1f9d36efa1,6a3866d2d05d92b8,200,59,29.500000,173.101695,274.455455,0.300000,0.800000,196.329048,1.888889,195.652799,2.661017,1.993631,0.000000,0.569863,0.509804,0.389105,0.326180,100,224,224,32.000000,0,0,16,16,31,31,14,2,208.000000,157,0,0,17,53,0,17,13,6,7,0,13,7,7,0,7,0,0,0,0,4,140,1,141,11,130,0,0,0
167,12000196,25,1,415.223177302429,175.000000000000,23.000000000000,2.604581884291,2d16dd72f10c3644,8d15af1f9d36efa1,f82a4eb0ee7d8d56,200,40,20.000000,222.000000,266.609129,0.200000,0.600000,232.168554,2.500000,257.551184,3.325000,2.691729,0.000000,0.598187,0.497487,0.429185,0.331658,100,376,376,32.000000,0,0,16,16,24,24,18,0,198.000000,133,0,0,12,36,0,12,12,3,9,0,12,9,9,1,8,0,0,0,0,0,160,0,160,8,152,0,0,0
168,12000197,25,1,288.639500293229,325.000000000000,12.000000000000,2.402478908459,48e425d851eaf65,8d15af1f9d36efa1,84a2e7dd818339d8,200,20,10.000000,249.000000,334.002148,0.100000,0.400000,304.131374,1.750000,304.131374,4.000000,1.750000,0.000000,0.710145,0.494949,0.555556,0.444444,100,240,240,32.000000,0,0,16,16,22,22,20,0,196.000000,80,0,0,11,18,0,11,11,1,10,0,11,10,10,1,9,0,0,0,0,0,180,0,180,9,171,0,0,0
169,12000198,25,1,364.904448048340,175.000000000000,19.000000000000,1.786448064404,3a1c6c953b6fc3b5,8d15af1f9d36efa1,9e754bd2ee075c9f,200,100,50.000000,103.280000,178.837074,0.500000,0.800000,86.552502,1.700000,86.552502,1.600000,1.875000,0.000000,0.581152,0.526066,0.384615,0.360000,100,304,304,32.000000,0,0,16,16,40,40,10,8,222.000000,160,0,0,21,90,0,21,15,10,5,0,15,5,5,0,5,0,0,0,0,6,100,0,100,11,89,0,0,0
170,12000199,25,1,391.581065878703,325.000000000000,21.000000000000,1.940439465411,2a19551807044acf,8d15af1f9d36efa1,a5d827a00aa417f3,200,80,40.000000,208.975000,260.272589,0.400000,1.200000,256.934966,2.895833,252.550583,3.000000,2.666667,0.000000,0.454545,0.500000,0.294118,0.220779,100,344,344,32.000000,0,0,16,16,28,28,12,0,200.000000,240,0,0,14,72,0,14,14,8,6,0,14,6,6,0,6,0,0,0,0,0,120,0,120,6,114,0,0,0
171,12000200,25,1,65.781135869633,175.000000000000,18.000000000000,2.942113928157,b123e75f2eccf208,8d15af1f9d36efa1,463e885374c7b324,200,40,20.000000,166.225000,257.254083,0.200000,0.500000,175.197946,1.125000,175.197946,2.500000,1.200000,0.000000,0.693252,0.530516,0.500000,0.484536,100,200,200,32.000000,0,0,16,16,39,39,16,0,226.000000,100,0,0,27,36,0,27,12,4,8,0,12,8,8,0,8,0,0,0,0,15,160,0,160,23,137,0,0,0
172,12000201,25,1,154.189578748207,175.000000000000,12.000000000000,2.514767671583,1a85caa6d86c805,8d15af1f9d36efa1,9a87ac00c562ba85,200,40,20.000000,103.950000,271.205641,0.200000,0.200000,70.146337,3.000000,70.146337,1.000000,3.000000,0.000000,0.843750,0.519231,0.714286,0.677419,100,296,296,32.000000,0,0,16,16,35,35,14,4,216.000000,40,0,0,22,36,0,22,11,4,7,0,11,7,7,0,7,0,0,0,0,11,160,0,160,18,142,0,0,0
173,12000202,25,1,7.469667461670,425.000000000000,15.000000000000,1.713841577205,1f9ca0d4fba86168,8d15af1f9d36efa1,9a625000c54301f4,200,46,23.000000,156.586957,284.018415,0.300000,0.800000,164.069336,1.194444,148.880987,2.413043,1.234234,0.000000,0.729927,0.600000,0.473934,0.602151,100,176,176,32.000000,0,0,16,16,77,77,14,0,300.000000,111,0,0,68,42,0,68,10,3,7,0,10,7,7,1,6,0,0,0,0,58,140,14,154,64,90,0,0,0
174,12000203,25,1,47.236476065441,325.000000000000,22.000000000000,1.706346373191,917e8f8faac82a7b,8d15af1f9d36efa1,980c834f30d9753f,200,64,32.000000,144.921875,196.526435,0.400000,0.500000,97.653610,2.375000,111.942516,1.421875,2.098901,0.000000,0.734694,0.557522,0.523560,0.572770,100,248,248,30.000000,0,0,16,14,54,54,14,6,252.000000,91,0,0,37,56,0,37,14,7,7,0,14,7,7,1,6,0,0,0,0,23,120,16,136,29,107,0,0,0
175,12000204,25,1,145.439651248122,75.000000000000,8.000000000000,2.958196165410,124f52947838c594,8d15af1f9d36efa1,9a76ac00c5544752,200,60,30.000000,114.483333,188.397305,0.300000,0.400000,104.685538,1.166667,104.685538,1.333333,1.250000,0.000000,0.741935,0.534884,0.555556,0.550562,100,280,280,32.000000,0,0,16,16,42,42,14,0,230.000000,80,0,0,29,54,0,29,13,6,7,0,13,7,7,0,7,0,0,0,0,16,140,0,140,23,117,0,0,0
176,12000205,25,1,177.815578766246,425.000000000000,15.000000000000,1.878423835730,9d2250984dfb8121,8d15af1f9d36efa1,b1d9654f3f690d81,200,100,50.000000,286.310000,214.873762,1.000000,4.000000,319.297042,1.885000,333.900646,4.200000,1.904762,0.000000,0.478908,0.658703,0.192308,0.376855,100,328,328,32.000000,0,0,16,16,120,120,14,0,386.000000,420,0,0,110,90,0,110,10,3,7,0,10,7,7,7,0,0,0,0,0,100,0,100,100,100,0,0,0,0
177,12000206,25,1,101.927678204022,325.000000000000,18.000000000000,2.183141825610,18d06c0f53a0fbf4,8d15af1f9d36efa1,98135a4f30df4e42,200,37,18.500000,207.135135,323.546445,0.200000,0.600000,205.703172,1.375000,211.316225,3.081081,1.324561,0.000000,0.660714,0.526066,0.467290,0.441176,100,224,224,32.000000,0,0,16,16,36,36,18,4,222.000000,114,0,0,22,33,0,22,12,3,9,0,12,9,9,1,8,0,0,0,0,10,160,3,163,18,145,0,0,0
178,12000207,25,1,328.528160160569,175.000000000000,18.000000000000,1.912794918977,338d452a32afa608,8d15af1f9d36efa1,3c85754f8dfa445b,200,40,20.000000,166.550000,310.098858,0.200000,0.500000,176.178135,1.000000,176.178135,2.500000,1.000000,0.000000,0.662162,0.494949,0.500000,0.390244,100,216,216,32.000000,0,0,16,16,24,24,16,0,196.000000,100,0,0,12,36,0,12,12,4,8,0,12,8,8,0,8,0,0,0,0,0,160,0,160,8,152,0,0,0
179,12000208,25,1,277.760812730661,175.000000000000,15.000000000000,1.688162087197,523e5dfbc1436530,8d15af1f9d36efa1,9a5ee200c5401133,200,20,10.000000,105.950000,187.927153,0.100000,0.100000,99.928825,1.000000,99.928825,1.000000,1.000000,0.000000,0.906542,0.492386,0.833333,0.756098,100,160,160,32.000000,0,0,16,16,22,22,18,0,194.000000,20,0,0,11,18,0,11,11,2,9,0,11,9,9,0,9,0,0,0,0,0,180,0,180,9,171,0,0,0
180,12000209,25,1,71.525544472167,425.000000000000,13.000000000000,2.419801104142,37baacaf589cca56,8d15af1f9d36efa1,9abaa700c58e0b9f,200,33,16.500000,145.545455,327.702474,0.200000,0.200000,88.729633,1.500000,89.639359,1.000000,1.606061,0.000000,0.880866,0.549550,0.751880,0.772414,100,200,200,32.000000,0,0,16,16,47,47,18,2,244.000000,33,0,0,37,30,0,37,10,1,9,0,10,9,9,2,7,0,0,0,0,27,160,7,167,34,133,0,0,0
181,12000210,25,1,207.147176243064,75.000000000000,9.000000000000,2.352585837839,31841086345b8b6,8d15af1f9d36efa1,9a843400c55fb8c6,200,52,26.000000,136.134615,258.603603,0.300000,0.400000,114.487801,2.000000,106.568019,1.230769,1.937500,0.000000,0.803681,0.567100,0.609756,0.670103,100,224,224,32.000000,0,0,16,16,57,57,16,2,262.000000,64,0,0,44,47,0,44,12,4,8,0,12,8,8,1,7,0,0,0,0,32,140,8,148,39,109,0,0,0
182,12000211,25,1,449.264720734382,425.000000000000,13.000000000000,2.928518438051,c342767d9f04337b,8d15af1f9d36efa1,36eb469001ad6ade,200,69,34.500000,170.739130,261.306977,0.400000,0.800000,141.546671,1.333333,173.063859,2.202899,1.631579,0.000000,0.691057,0.629630,0.396825,0.577778,100,272,272,32.000000,0,0,16,16,98,98,12,0,340.000000,152,0,0,86,61,0,86,12,6,6,0,12,6,6,2,4,0,0,0,0,74,120,11,131,78,53,0,0,0
183,12000212,25,1,492.391961716644,175.000000000000,19.000000000000,2.263308188468,e5709d2e62c15d87,8d15af1f9d36efa1,8f7abe4f2c058ab7,200,57,28.500000,98.543860,279.084316,0.300000,0.400000,89.357773,1.833333,87.393747,1.298246,1.770270,0.000000,0.759740,0.539171,0.574713,0.579545,100,216,216,32.000000,0,0,16,16,44,44,14,2,234.000000,74,0,0,30,51,0,30,13,6,7,0,13,7,7,0,7,0,0,0,0,17,140,3,143,24,119,0,0,0
184,12000213,25,1,141.823698732254,75.000000000000,10.000000000000,2.902205977493,b2d28259ddbbdb5c,8d15af1f9d36efa1,576da7fc92cd84e0,200,33,16.500000,213.878788,294.094782,0.200000,0.900000,289.721866,1.250000,282.100821,4.393939,1.275862,0.000000,0.682713,0.609375,0.408163,0.553846,100,160,160,32.000000,0,0,16,16,85,85,10,6,312.000000,145,0,0,76,30,0,74,8,3,5,0,8,5,5,0,5,0,0,0,0,68,160,7,167,73,94,0,0,0
185,12000214,25,1,3.748533839408,75.000000000000,20.000000000000,2.127021715724,bc0a7322ce08bf26,8d15af1f9d36efa1,0,200,0,0.000000,NA,267.559347,0.000000,0.000000,nan,nan,NA,NA,NA,NA,1.000000,0.571734,1.000000,1.000000,100,248,248,31.000000,0,0,16,15,59,59,18,0,267.000000,0,0,0,50,0,0,50,9,0,9,0,9,9,9,0,9,0,0,0,0,41,200,0,200,50,150,0,0,0
186,12000215,25,1,246.572023450236,75.000000000000,7.000000000000,2.010350891088,b3d7839a54c57f00,8d15af1f9d36efa1,3c44ed4f8dc3794e,200,59,29.500000,127.084746,217.596599,0.400000,0.800000,126.221888,1.250000,124.075280,2.000000,1.110169,0.000000,0.720379,0.603175,0.458716,0.593103,100,232,232,32.000000,0,0,16,16,79,79,14,0,304.000000,118,0,0,69,54,0,69,10,3,7,0,10,7,7,2,5,0,0,0,0,59,120,21,141,64,77,0,0,0
187,12000216,25,1,169.541911066595,325.000000000000,21.000000000000,1.953926088418,7a6cc5bcfb7b8e44,8d15af1f9d36efa1,dd7a544f58364518,200,120,60.000000,155.441667,190.612251,0.600000,1.300000,147.318502,2.000000,153.414660,2.166667,2.000000,0.000000,0.434783,0.500000,0.277778,0.207317,100,280,280,32.000000,0,0,16,16,30,30,8,0,200.000000,260,0,0,15,108,0,15,15,11,4,0,15,4,4,1,3,0,0,0,0,0,80,0,80,3,77,0,0,0
188,12000217,25,1,115.182628319877,325.000000000000,14.000000000000,2.842029456722,fded2c13b4d12c1,8d15af1f9d36efa1,9a8b0800c5658cb0,200,19,9.500000,111.473684,282.480741,0.100000,0.100000,96.129308,2.000000,96.129308,1.000000,2.000000,0.000000,0.911628,0.494949,0.840336,0.771084,100,216,216,32.000000,0,0,16,16,23,23,18,0,196.000000,19,0,0,12,17,0,12,11,2,9,0,11,9,9,0,9,0,0,0,0,1,180,1,181,10,171,0,0,0
189,12000218,25,1,323.575522585675,175.000000000000,12.000000000000,2.429375579198,e6159585df451a48,8d15af1f9d36efa1,854f8fc35f22796,200,20,10.000000,242.200000,314.749868,0.100000,0.300000,266.262559,1.000000,266.262559,3.000000,1.000000,0.000000,0.761905,0.489796,0.625000,0.500000,100,200,200,32.000000,0,0,16,16,20,20,20,0,192.000000,60,0,0,11,18,0,11,11,1,10,0,11,10,10,1,9,0,0,0,0,0,180,0,180,9,171,0,0,0
190,12000219,25,1,400.236610548434,425.000000000000,14.000000000000,2.004348965658,f04a0b12a9024c29,8d15af1f9d36efa1,0,200,0,0.000000,NA,272.331748,0.100000,0.100000,46.325528,1.000000,NA,NA,NA,NA,1.000000,0.574468,1.000000,1.000000,100,192,192,32.000000,0,0,16,16,61,61,16,0,270.000000,0,0,0,53,0,0,53,8,0,8,0,8,8,8,0,8,0,0,0,0,45,180,20,200,53,147,0,0,0
191,12000220,25,1,455.774291694539,325.000000000000,22.000000000000,1.676799614278,4e1b8f8bdd48b251,8d15af1f9d36efa1,2434e31663bd2b8d,200,47,23.500000,150.319149,216.258977,0.400000,0.600000,87.242184,2.916667,124.585007,1.680851,3.265823,0.000000,0.790451,0.598394,0.558659,0.677551,100,304,304,32.000000,0,0,16,16,73,73,20,0,298.000000,79,0,0,62,42,0,62,11,1,10,0,11,10,10,4,6,0,0,0,0,51,120,33,153,57,96,0,0,0
192,12000221,25,1,348.640601526752,325.000000000000,14.000000000000,2.449762300250,4afecf6c6f91bd15,8d15af1f9d36efa1,9a91d200c56b4f9c,200,40,20.000000,137.025000,251.228570,0.200000,0.300000,127.692581,1.250000,127.692581,1.500000,1.333333,0.000000,0.777778,0.512195,0.625000,0.565217,100,224,224,32.000000,0,0,16,16,31,31,16,0,210.000000,60,0,0,19,36,0,19,12,4,8,0,12,8,8,0,8,0,0,0,0,7,160,0,160,15,145,0,0,0
193,12000222,25,1,484.165901922826,425.000000000000,16.000000000000,2.592747587330,9388216a8fd545f,8d15af1f9d36efa1,57c2ba5d2c8ecae0,200,80,40.000000,184.125000,258.111883,0.600000,2.400000,299.828154,2.138889,218.959931,3.000000,2.416667,0.000000,0.555556,0.600000,0.294118,0.411765,100,296,296,32.000000,0,0,16,16,80,80,8,0,300.000000,240,0,0,68,72,0,68,12,8,4,0,12,4,4,0,4,0,0,0,0,56,80,40,120,60,60,0,0,0
194,12000223,25,1,465.452704883986,425.000000000000,20.000000000000,1.840954606300,eaff369cf9326d2c,8d15af1f9d36efa1,262ca346f4353bae,200,46,23.000000,190.086957,238.875628,0.300000,0.700000,166.865607,3.111111,157.289624,2.217391,3.058824,0.000000,0.757143,0.613900,0.495050,0.645833,100,344,344,32.000000,0,0,16,16,87,87,12,16,318.000000,102,0,0,68,41,0,68,11,5,6,0,11,6,6,0,6,0,0,0,0,57,140,14,154,63,91,0,0,0
195,12000224,25,1,68.801883077580,175.000000000000,16.000000000000,2.618296235653,dec2b2d2efc5999e,8d15af1f9d36efa1,9a8b0a00c5659016,200,18,9.000000,102.222222,244.621018,0.100000,0.100000,47.932501,1.000000,47.932501,1.000000,1.000000,0.000000,0.921053,0.512195,0.847458,0.812500,100,232,232,32.000000,0,0,16,16,29,29,20,0,210.000000,18,0,0,18,16,0,18,11,1,10,0,11,10,10,1,9,0,0,0,0,7,180,2,182,16,166,0,0,0
196,12000225,25,1,158.281669340377,325.000000000000,16.000000000000,2.867071477513,5be04555867a2c68,8d15af1f9d36efa1,9a625000c54301f4,200,60,30.000000,200.266667,298.658287,0.300000,0.900000,232.453392,1.750000,232.453392,3.000000,2.000000,0.000000,0.516129,0.489796,0.357143,0.250000,100,312,312,32.000000,0,0,16,16,24,24,12,0,192.000000,180,0,0,12,54,0,12,12,6,6,0,12,6,6,0,6,0,0,0,0,0,140,0,140,6,134,0,0,0
197,12000226,25,1,477.233701638875,175.000000000000,18.000000000000,2.917439974646,cf83c2d5f1bb4107,8d15af1f9d36efa1,c311184f4921d146,200,44,22.000000,148.840909,289.666477,0.300000,0.600000,154.576456,2.444444,146.748016,1.977273,2.160920,0.000000,0.787286,0.616858,0.534759,0.685921,100,328,328,32.000000,0,0,16,16,88,88,14,20,322.000000,87,0,0,65,38,0,65,13,6,7,0,13,7,7,0,7,0,0,0,0,52,140,16,156,59,97,0,0,0
198,12000227,25,1,32.397033466298,175.000000000000,22.000000000000,2.497692691146,3ddf094b04890f2,8d15af1f9d36efa1,7ddcfc2108928d6,200,54,27.000000,168.000000,266.289556,0.400000,1.000000,175.839433,1.666667,174.758076,2.777778,1.560000,0.000000,0.686192,0.621212,0.400000,0.566474,100,240,240,32.000000,0,0,16,16,91,91,14,0,328.000000,150,0,0,80,49,0,80,11,4,7,0,11,7,7,1,6,0,0,0,0,69,120,26,146,75,71,0,0,0
199,12000228,25,1,139.031206088984,175.000000000000,16.000000000000,2.037031511399,c5430ff456d04d45,8d15af1f9d36efa1,86e004f70705501,200,60,30.000000,91.050000,189.122247,0.300000,0.400000,80.977854,1.500000,80.977854,1.333333,1.500000,0.000000,0.722222,0.509804,0.555556,0.487179,100,272,272,32.000000,0,0,16,16,31,31,14,0,208.000000,80,0,0,18,54,0,18,13,6,7,0,13,7,7,0,7,0,0,0,0,5,140,0,140,12,128,0,0,0
200,12000229,25,1,129.368857697080,175.000000000000,20.000000000000,1.518359782710,42d214638b9c3323,8d15af1f9d36efa1,ef666d92d20432f3,200,93,46.500000,213.795699,219.557555,0.500000,1.500000,233.398980,2.016667,248.511451,3.150538,2.228669,0.000000,0.419802,0.514563,0.254453,0.214477,100,312,312,32.000000,0,0,16,16,35,35,10,0,212.000000,293,0,0,21,84,0,21,14,9,5,0,14,5,5,0,5,0,0,0,0,7,100,7,107,12,95,0,0,0
201,12000230,25,1,423.179533476453,325.000000000000,17.000000000000,2.974256379379,d43f95b8b8e326cb,8d15af1f9d36efa1,0,200,0,0.000000,NA,331.349300,0.000000,0.000000,nan,nan,NA,NA,NA,NA,1.000000,0.502488,1.000000,1.000000,100,224,224,32.000000,0,0,16,16,25,25,20,2,202.000000,0,0,0,14,0,0,14,10,0,10,0,10,10,10,0,10,0,0,0,0,4,200,0,200,14,186,0,0,0
202,12000231,25,1,277.468102872907,325.000000000000,14.000000000000,1.814933312896,702f189f78bd92eb,8d15af1f9d36efa1,d7f4e2c9f0fee87c,200,16,8.000000,212.187500,266.674976,0.100000,0.300000,224.283395,2.000000,224.283395,3.000000,2.000000,0.000000,0.820896,0.523810,0.675676,0.647059,100,224,224,32.000000,0,0,16,16,35,35,18,0,220.000000,48,0,0,24,14,0,24,11,2,9,0,11,9,9,0,9,0,0,0,0,13,180,4,184,22,162,0,0,0
203,12000232,25,1,292.000267201903,425.000000000000,14.000000000000,1.784398706494,f775156b7e911a31,8d15af1f9d36efa1,56481e4f9c81273d,200,57,28.500000,137.947368,281.561110,0.300000,0.500000,130.340775,2.666667,130.325758,1.666667,2.578947,0.000000,0.698413,0.523810,0.512821,0.480874,100,264,264,32.000000,0,0,16,16,37,37,14,0,220.000000,95,0,0,24,51,0,24,13,6,7,0,13,7,7,0,7,0,0,0,0,11,140,3,143,18,125,0,0,0
204,12000233,25,1,166.889046330221,325.000000000000,13.000000000000,1.973236750763,2a33fa8ea893101f,8d15af1f9d36efa1,9a6c8700c54bb3ee,200,13,6.500000,100.307692,220.433213,0.100000,0.100000,98.779448,1.000000,98.779448,1.000000,1.000000,0.000000,0.943231,0.519231,0.884956,0.865979,100,192,192,32.000000,0,0,16,16,33,33,18,0,216.000000,13,0,0,23,12,0,23,10,1,9,0,10,9,9,0,9,0,0,0,0,13,180,7,187,22,165,0,0,0
205,12000234,25,1,390.628156932921,75.000000000000,11.000000000000,2.112074176929,1a57b40a4250e73d,8d15af1f9d36efa1,b224264f3fa88dee,200,54,27.000000,124.166667,256.848323,0.400000,0.500000,99.586306,1.750000,103.269889,1.259259,1.882353,0.000000,0.836538,0.635036,0.595238,0.760563,100,232,232,32.000000,0,0,16,16,104,104,8,0,348.000000,68,0,0,95,48,0,95,9,5,4,0,9,4,4,1,3,0,0,0,0,86,120,26,146,89,57,0,0,0
206,12000235,25,1,388.877887844994,325.000000000000,20.000000000000,2.237698322276,2f4760190c3cf1db,8d15af1f9d36efa1,1c0c73987f036cb5,200,60,30.000000,121.700000,277.440710,0.300000,0.600000,111.287587,1.166667,111.287587,2.000000,1.166667,0.000000,0.622642,0.497487,0.454545,0.354839,100,296,296,32.000000,0,0,16,16,25,25,16,0,198.000000,120,0,0,13,54,0,13,13,5,8,0,13,8,8,1,7,0,0,0,0,0,140,0,140,7,133,0,0,0
207,12000236,25,1,438.708573153626,175.000000000000,20.000000000000,2.579149790447,a38110191295122f,8d15af1f9d36efa1,22859c4f7f3f61cb,200,56,28.000000,172.125000,258.042118,0.300000,0.700000,180.173309,1.666667,181.641008,2.357143,1.575758,0.000000,0.609467,0.507389,0.431034,0.359223,100,224,224,32.000000,0,0,16,16,30,30,14,0,206.000000,132,0,0,34,50,0,17,13,6,7,0,13,7,7,0,7,0,0,0,0,21,140,4,144,28,116,0,0,0
208,12000237,25,1,276.935857979104,425.000000000000,12.000000000000,2.071252145732,15f1969242a8e087,8d15af1f9d36efa1,9aa2c700c579b01e,200,97,48.500000,159.721649,207.606216,0.600000,1.200000,152.350905,1.805556,163.692218,2.237113,1.552995,0.000000,0.563380,0.583333,0.315457,0.405479,100,248,248,32.000000,0,0,16,16,69,69,10,0,280.000000,217,0,0,55,87,0,55,14,9,5,0,14,5,5,1,4,0,0,0,0,41,80,23,103,45,58,0,0,0
209,12000238,25,1,63.048939227731,175.000000000000,15.000000000000,2.396378443717,a282f29da24640cb,8d15af1f9d36efa1,b064d40d1d60275d,200,91,45.500000,162.373626,221.399056,0.500000,1.300000,154.650064,1.280000,151.541770,2.538462,1.225108,0.000000,0.513684,0.549550,0.302115,0.326531,100,240,240,32.000000,0,0,16,16,44,44,24,0,244.000000,231,0,0,29,81,0,29,15,3,12,0,15,12,12,7,5,0,0,0,0,14,100,9,109,19,90,0,0,0
210,12000239,25,1,98.734663933647,425.000000000000,15.000000000000,1.744299962006,39a03e96a45050e8,8d15af1f9d36efa1,9a9f7700c576f257,200,21,10.500000,185.857143,248.361145,0.300000,0.300000,69.454043,1.000000,153.463872,1.952381,1.487805,0.000000,0.892950,0.630996,0.709220,0.836653,100,224,224,32.000000,0,0,16,16,97,97,16,4,342.000000,41,0,0,85,18,0,85,10,2,8,0,10,8,8,1,7,0,0,0,0,75,140,39,179,82,97,0,0,0
211,12000240,25,1,359.696600269717,75.000000000000,17.000000000000,1.852893485088,a8afe8c253009064,8d15af1f9d36efa1,5809c014329defdf,200,140,70.000000,236.428571,270.780017,0.700000,2.700000,284.866832,2.047619,283.053336,3.857143,1.888889,0.000000,0.350181,0.592668,0.156250,0.228571,100,296,296,31.000000,0,0,16,15,79,79,2,0,291.000000,540,0,0,64,126,0,64,15,14,1,0,15,1,1,0,1,0,0,0,0,49,60,0,60,50,10,0,0,0
212,12000241,25,1,486.852100188505,425.000000000000,17.000000000000,2.011828832310,86f192da6845eda3,8d15af1f9d36efa1,9a8afa00c56574e6,200,20,10.000000,101.550000,301.196735,0.100000,0.100000,84.393202,2.000000,84.393202,1.000000,2.000000,0.000000,0.945055,0.632353,0.833333,0.913793,100,224,224,32.000000,0,0,16,16,99,99,14,0,344.000000,20,0,0,90,18,0,90,9,2,7,0,9,7,7,0,7,0,0,0,0,81,180,0,180,88,92,0,0,0
213,12000242,25,1,115.742733351692,325.000000000000,17.000000000000,2.229686229541,382e16c85816b87b,8d15af1f9d36efa1,29ec5d978e415770,200,56,28.000000,326.392857,357.507795,0.300000,1.500000,411.050273,1.333333,401.910112,4.875000,1.146520,0.000000,0.437113,0.514563,0.268097,0.226629,100,224,224,32.000000,0,0,16,16,32,32,16,0,212.000000,273,0,0,19,50,0,19,13,5,8,0,13,8,8,1,7,0,0,0,0,6,140,4,144,13,131,0,0,0
214,12000243,25,1,388.196354927393,325.000000000000,20.000000000000,2.129791992745,339546405a448c28,8d15af1f9d36efa1,33ecfb4f8920ba96,200,169,84.500000,238.242604,209.593215,0.900000,2.900000,261.630186,1.605556,273.090602,3.301775,1.596774,0.000000,0.305970,0.551570,0.151976,0.169643,100,280,280,32.000000,0,0,16,16,52,52,10,0,246.000000,558,0,0,33,151,0,33,19,14,5,0,19,5,5,4,1,0,0,0,0,14,20,11,31,15,16,0,0,0
215,12000244,25,1,377.885061134480,175.000000000000,14.000000000000,2.648174761797,234cef2877a516d8,8d15af1f9d36efa1,ba7c154f444b478d,200,79,39.500000,255.379747,239.746627,0.500000,2.300000,335.637730,1.337143,307.168510,4.139241,1.321101,0.000000,0.439108,0.561404,0.234192,0.274945,100,208,208,32.000000,0,0,16,16,55,55,14,22,256.000000,327,0,0,33,72,0,33,11,4,7,0,11,7,7,3,4,0,0,0,0,22,100,21,121,26,95,0,0,0
216,12000245,25,1,492.530276810144,425.000000000000,15.000000000000,2.817038041675,74bce9a3572b491f,8d15af1f9d36efa1,9a9f6f00c576e4bf,200,71,35.500000,138.943662,206.052764,0.400000,0.600000,120.763934,1.625000,113.850343,1.436620,1.500000,0.000000,0.683230,0.523810,0.495050,0.463158,100,200,200,32.000000,0,0,16,16,36,36,16,2,220.000000,102,0,0,22,64,0,22,13,5,8,0,13,8,8,2,6,0,0,0,0,9,120,9,129,15,114,0,0,0
217,12000246,25,1,489.667701656355,75.000000000000,18.000000000000,1.789862049137,7422762a18390856,8d15af1f9d36efa1,19f3fa4f7a6bb2bc,200,59,29.500000,169.135593,244.736917,0.400000,0.900000,177.012657,2.312500,173.594027,2.220339,1.748092,0.000000,0.685851,0.588477,0.432900,0.540351,100,232,232,32.000000,0,0,16,16,69,69,16,0,286.000000,131,0,0,58,54,0,58,11,3,8,0,11,8,8,2,6,0,0,0,0,47,120,21,141,53,88,0,0,0
218,12000247,25,1,386.823626483264,325.000000000000,17.000000000000,2.432501220063,dd0ccd185cfa7f7b,8d15af1f9d36efa1,25b4a029da55c834,200,60,30.000000,243.750000,255.632343,0.300000,1.100000,288.866743,1.566667,288.866743,3.666667,1.454545,0.000000,0.473684,0.497487,0.312500,0.230769,100,256,256,32.000000,0,0,16,16,26,26,14,0,198.000000,220,0,0,13,54,0,13,13,6,7,0,13,7,7,0,7,0,0,0,0,0,140,0,140,7,133,0,0,0
219,12000248,25,1,145.805212552278,425.000000000000,11.000000000000,1.765106485051,1e7b389be80a5285,8d15af1f9d36efa1,b5c21afc983a6166,200,124,62.000000,193.314516,233.651139,0.700000,2.000000,217.951231,1.764286,216.047347,2.838710,1.758523,0.000000,0.407407,0.547511,0.221239,0.238095,100,248,248,32.000000,0,0,16,16,52,52,6,0,242.000000,352,0,0,36,111,0,36,16,13,3,0,16,3,3,0,3,0,0,0,0,20,60,16,76,23,53,0,0,0
220,12000249,25,1,58.944582143257,175.000000000000,21.000000000000,2.255667352052,5867c8ed37517342,8d15af1f9d36efa1,9a845000c55fe85a,200,40,20.000000,96.450000,299.347699,0.200000,0.300000,87.672448,1.750000,87.672448,1.500000,1.666667,0.000000,0.805825,0.554566,0.625000,0.662921,100,224,224,31.000000,0,0,16,15,51,51,16,2,249.000000,60,0,0,38,36,0,38,12,4,8,0,12,8,8,0,8,0,0,0,0,26,160,0,160,34,126,0,0,0
221,12000250,25,1,144.526326573031,175.000000000000,19.000000000000,2.645106465307,69179964147298ce,8d15af1f9d36efa1,696412a8a1fdecda,200,139,69.500000,252.453237,239.755360,0.800000,3.400000,316.979287,1.522321,324.716113,4.338129,1.605307,0.000000,0.282996,0.543379,0.142248,0.149506,100,304,304,32.000000,0,0,16,16,51,51,4,0,238.000000,603,0,0,36,126,0,36,15,13,2,0,15,2,2,0,2,0,0,0,0,21,40,21,61,23,38,0,0,0
222,12000251,25,1,492.521743741837,175.000000000000,19.000000000000,2.839934068189,82910097879d7a85,8d15af1f9d36efa1,9849ff7a1f7ab5f7,200,85,42.500000,209.905882,220.715074,0.500000,1.500000,218.207610,1.900000,223.179380,3.152941,1.716418,0.000000,0.501859,0.574468,0.271739,0.339901,100,264,264,32.000000,0,0,16,16,61,61,16,0,270.000000,268,0,0,53,75,0,46,15,7,8,0,15,8,8,3,5,0,0,0,0,38,100,15,115,43,72,0,0,0
223,12000252,25,1,56.629839989428,425.000000000000,19.000000000000,2.070134194993,abc5d02070bec9d7,8d15af1f9d36efa1,9a6fd700c54e71b5,200,93,46.500000,148.677419,243.977507,0.500000,0.800000,122.875542,1.466667,125.439467,1.645161,1.346405,0.000000,0.592000,0.526066,0.395257,0.370370,100,320,320,32.000000,0,0,16,16,35,35,20,0,222.000000,153,0,0,21,84,0,21,14,4,10,0,14,10,10,5,5,0,0,0,0,7,100,7,107,12,95,0,0,0
224,12000253,25,1,462.672205689288,325.000000000000,21.000000000000,2.770529491486,5cf78609bcf66a55,8d15af1f9d36efa1,9a691100c548b595,200,20,10.000000,136.250000,277.570453,0.100000,0.100000,89.128367,1.000000,89.128367,1.000000,1.000000,0.000000,0.909091,0.500000,0.833333,0.772727,100,232,232,32.000000,0,0,16,16,25,25,18,2,200.000000,20,0,0,13,18,0,13,11,2,9,0,11,9,9,0,9,0,0,0,0,2,180,0,180,11,169,0,0,0
225,12000254,25,1,335.528658623010,325.000000000000,12.000000000000,2.814142903462,922a8fa684ed0cf7,8d15af1f9d36efa1,9a87a900c562b56c,200,100,50.000000,190.870000,279.703090,0.500000,1.400000,214.786171,1.300000,214.786171,2.800000,1.428571,0.000000,0.419087,0.502488,0.263158,0.200000,100,224,224,32.000000,0,0,16,16,30,30,10,0,202.000000,280,0,0,15,90,0,15,15,10,5,0,15,5,5,0,5,0,0,0,0,0,100,0,100,5,95,0,0,0
226,12000255,25,1,267.900847550312,175.000000000000,17.000000000000,1.914539451238,8209b2c4c6467511,8d15af1f9d36efa1,34315e875dc2ea46,200,60,30.000000,185.683333,279.390459,0.300000,0.900000,220.987572,2.000000,220.987572,3.000000,2.000000,0.000000,0.552239,0.526066,0.357143,0.333333,100,248,248,32.000000,0,0,16,16,38,38,14,0,222.000000,180,0,0,25,54,0,25,13,6,7,0,13,7,7,0,7,0,0,0,0,12,140,0,140,19,121,0,0,0
227,12000256,25,1,202.047666136999,175.000000000000,15.000000000000,1.520695590153,a4de5679f61ac630,8d15af1f9d36efa1,9a7a0700c55717ca,200,40,20.000000,68.325000,251.628055,0.200000,0.200000,55.527145,2.000000,55.527145,1.000000,2.000000,0.000000,0.836066,0.504950,0.714286,0.642857,100,224,224,32.000000,0,0,16,16,28,28,16,0,204.000000,40,0,0,16,36,0,16,12,4,8,0,12,8,8,0,8,0,0,0,0,4,160,0,160,12,148,0,0,0
228,12000257,25,1,471.003495195713,75.000000000000,16.000000000000,2.774445600481,cef43affdee4d352,8d15af1f9d36efa1,d489724f531194c5,200,40,20.000000,102.250000,250.551338,0.200000,0.300000,91.598635,1.500000,91.598635,1.500000,1.333333,0.000000,0.814815,0.568966,0.625000,0.687500,100,384,384,32.000000,0,0,16,16,58,58,16,0,264.000000,60,0,0,46,36,0,46,12,4,8,0,12,8,8,0,8,0,0,0,0,34,160,0,160,42,118,0,0,0
229,12000258,25,1,64.770430456222,175.000000000000,21.000000000000,1.822646481066,5a82a705e82aa7da,8d15af1f9d36efa1,9aa63200c57c9bc6,200,120,60.000000,146.633333,183.489004,0.600000,1.100000,144.844175,1.500000,144.844175,1.833333,1.272727,0.000000,0.485981,0.509804,0.312500,0.256757,100,216,216,32.000000,0,0,16,16,32,32,12,0,208.000000,220,0,0,16,108,0,16,16,10,6,0,16,6,6,2,4,0,0,0,0,0,80,0,80,4,76,0,0,0
230,12000259,25,1,479.793882567679,75.000000000000,12.000000000000,2.531268151874,5cf2fbdc2bc52837,8d15af1f9d36efa1,dd1e924f57e84fc5,200,22,11.000000,233.500000,275.637149,0.200000,0.500000,203.455237,1.833333,233.084886,2.909091,1.687500,0.000000,0.833333,0.615385,0.609756,0.746032,100,240,240,32.000000,0,0,16,16,86,86,16,2,320.000000,64,0,0,75,19,0,75,10,2,8,0,10,8,8,1,7,0,0,0,0,65,160,18,178,72,106,0,0,0
231,12000260,25,1,449.149965839336,425.000000000000,13.000000000000,2.611365792491,88fe45811f6d642c,8d15af1f9d36efa1,a7e7a30d189de15b,200,32,16.000000,241.656250,323.070752,0.200000,1.000000,339.413308,1.000000,306.854760,4.500000,1.000000,0.000000,0.725191,0.655172,0.409836,0.632653,100,176,176,32.000000,0,0,16,16,117,117,14,0,380.000000,144,0,0,107,29,0,107,10,3,7,0,10,7,7,0,7,0,0,0,0,97,160,8,168,104,64,0,0,0
232,12000261,25,1,169.116940718815,425.000000000000,11.000000000000,2.145497010091,65e356681fadfc3e,8d15af1f9d36efa1,9aa63400c57c9f2c,200,106,53.000000,106.132075,198.052815,0.900000,2.700000,226.537751,1.769048,108.629279,1.556604,1.800000,0.000000,0.668008,0.624060,0.377358,0.547945,100,296,296,32.000000,0,0,16,16,98,98,4,0,332.000000,165,0,0,89,96,2,87,9,7,2,0,9,2,2,1,1,0,0,0,0,78,20,74,94,79,15,0,0,0
233,12000262,25,1,200.743539177991,425.000000000000,14.000000000000,1.794797685402,69b987e583639d14,8d15af1f9d36efa1,46c5fa21c5aa9700,200,85,42.500000,281.588235,229.527169,0.500000,2.100000,321.799110,1.568889,333.551893,4.388235,1.423592,0.000000,0.389525,0.543379,0.211416,0.221294,100,280,280,32.000000,0,0,16,16,45,45,16,4,238.000000,373,0,0,30,77,0,30,13,5,8,0,13,8,8,3,5,0,0,0,0,17,100,15,115,22,93,0,0,0
234,12000263,25,1,68.499158591385,175.000000000000,22.000000000000,2.309918206757,2846af098608f417,8d15af1f9d36efa1,9aa63200c57c9bc6,200,40,20.000000,134.925000,259.483977,0.200000,0.400000,131.525803,3.166667,131.519049,2.000000,3.000000,0.000000,0.717314,0.503722,0.555556,0.473684,100,304,304,31.000000,0,0,16,15,28,28,16,2,203.000000,80,0,0,15,36,0,15,12,4,8,0,12,8,8,0,8,0,0,0,0,3,160,0,160,11,149,0,0,0
235,12000264,25,1,361.881237779318,75.000000000000,13.000000000000,2.394592563105,3373c18239e51f55,8d15af1f9d36efa1,95cc66f8ddb62454,200,103,51.500000,390.980583,254.275144,0.900000,6.600000,535.403565,1.267725,510.327738,6.854369,1.229462,0.000000,0.346296,0.651568,0.124069,0.255274,100,216,216,32.000000,0,0,16,16,117,117,8,0,374.000000,706,0,0,106,93,0,106,11,7,4,0,11,4,4,3,1,0,0,0,0,95,20,77,97,96,1,0,0,0
236,12000265,25,1,184.063976707280,425.000000000000,13.000000000000,1.641378019422,d78e409265c110bb,8d15af1f9d36efa1,333751c22919a493,200,34,17.000000,186.176471,268.623911,0.400000,0.900000,151.149427,2.083333,149.366007,2.029412,1.811594,0.000000,0.820779,0.612403,0.591716,0.727273,100,288,288,32.000000,0,0,16,16,83,83,18,0,316.000000,69,0,0,74,30,0,74,9,0,9,0,9,9,9,4,5,0,0,0,0,65,120,46,166,70,96,0,0,0
237,12000266,25,1,167.601437797234,325.000000000000,17.000000000000,2.413435329429,e548891a6958ad97,8d15af1f9d36efa1,9a691600c548be14,200,106,53.000000,264.084906,276.450925,0.600000,2.300000,334.858915,1.383333,331.351449,3.811321,1.297030,0.000000,0.360759,0.532710,0.198413,0.192000,100,288,288,32.000000,0,0,16,16,42,42,12,0,228.000000,404,0,0,28,96,0,28,14,8,6,0,14,6,6,2,4,0,0,0,0,14,80,14,94,18,76,0,0,0
238,12000267,25,1,446.813733543841,75.000000000000,13.000000000000,2.866195291127,8b62e2565abe84ec,8d15af1f9d36efa1,cb2dbbc1ee2570d8,200,15,7.500000,218.000000,286.510672,0.200000,0.500000,167.576372,1.000000,166.068784,2.466667,1.000000,0.000000,0.884013,0.585062,0.729927,0.802139,100,216,216,32.000000,0,0,16,16,65,65,20,0,282.000000,37,0,0,55,13,0,55,10,0,10,0,10,10,10,2,8,0,0,0,0,45,160,25,185,53,132,0,0,0
239,12000268,25,1,411.201916376898,325.000000000000,20.000000000000,2.001626332517,6283c9149d86895a,8d15af1f9d36efa1,7447766566082628,200,60,30.000000,206.433333,271.655046,0.300000,0.900000,223.584005,1.466667,223.584005,3.000000,1.555556,0.000000,0.545455,0.519231,0.357143,0.318182,100,232,232,32.000000,0,0,16,16,34,34,16,2,216.000000,180,0,0,20,54,0,20,13,5,8,0,13,8,8,1,7,0,0,0,0,7,140,0,140,14,126,0,0,0
240,12000269,25,1,461.689903693104,175.000000000000,19.000000000000,2.482542421008,5360790263568b8a,8d15af1f9d36efa1,973e330810dd10b9,200,48,24.000000,353.875000,274.085179,0.300000,1.600000,395.347325,1.095238,428.091661,5.729167,1.130909,0.000000,0.470135,0.549550,0.266667,0.289406,100,160,160,32.000000,0,0,16,16,47,47,18,0,244.000000,275,0,0,35,43,0,35,12,3,9,0,12,9,9,2,7,0,0,0,0,23,140,12,152,30,122,0,0,0
241,12000270,25,1,270.712615241420,175.000000000000,15.000000000000,1.509534903023,5b5590d9ebdd5178,8d15af1f9d36efa1,9a7d7500c55a088b,200,20,10.000000,94.800000,275.807672,0.100000,0.100000,79.359624,2.000000,79.359624,1.000000,2.000000,0.000000,0.906542,0.492386,0.833333,0.756098,100,264,264,32.000000,0,0,16,16,22,22,18,0,194.000000,20,0,0,11,18,0,11,11,2,9,0,11,9,9,0,9,0,0,0,0,0,180,0,180,9,171,0,0,0
242,12000271,25,1,251.017942352008,425.000000000000,6.000000000000,1.804359297776,11456c33a97145f1,8d15af1f9d36efa1,3c43a0fc53596885,200,40,20.000000,205.500000,332.050328,0.200000,0.600000,225.277998,1.333333,225.277998,3.000000,1.333333,0.000000,0.661017,0.539171,0.454545,0.459459,100,208,208,32.000000,0,0,16,16,44,44,14,2,234.000000,120,0,0,32,36,0,32,11,4,7,0,11,7,7,0,7,0,0,0,0,21,160,0,160,28,132,0,0,0
243,12000272,25,1,463.427935158144,75.000000000000,18.000000000000,1.754376252155,90fc1b1272ddab8d,8d15af1f9d36efa1,89a384f7095ef14,200,40,20.000000,255.200000,274.072167,0.300000,1.100000,288.791509,1.444444,308.739007,4.000000,1.500000,0.000000,0.682540,0.632353,0.384615,0.569892,100,200,200,32.000000,0,0,16,16,100,100,12,0,344.000000,160,0,0,91,36,0,91,9,3,6,0,9,6,6,1,5,0,0,0,0,82,140,20,160,87,73,0,0,0
244,12000273,25,1,80.018265745562,325.000000000000,18.000000000000,2.481405528315,a53d0179f12386c9,8d15af1f9d36efa1,9a8e7900c568828a,200,130,65.000000,144.453846,144.118376,0.700000,1.400000,146.446857,1.619048,150.154888,1.969231,1.507812,0.000000,0.466667,0.528302,0.280899,0.264368,100,288,288,32.000000,0,0,16,16,42,42,8,0,224.000000,256,0,0,26,117,0,26,16,12,4,0,16,4,4,1,3,0,0,0,0,10,60,10,70,13,57,0,0,0
245,12000274,25,1,3.905423028989,175.000000000000,17.000000000000,2.793942606052,8ed1e8a077037b48,8d15af1f9d36efa1,0,200,0,0.000000,NA,288.797707,0.000000,0.000000,nan,nan,NA,NA,NA,NA,1.000000,0.507389,1.000000,1.000000,100,224,224,32.000000,0,0,16,16,27,27,20,0,206.000000,0,0,0,17,0,0,17,10,0,10,0,10,10,10,0,10,0,0,0,0,7,200,0,200,17,183,0,0,0
246,12000275,25,1,171.866084014590,175.000000000000,17.000000000000,1.998532417210,ec9203115abf076a,8d15af1f9d36efa1,f50568c8e61a90de,200,93,46.500000,325.559140,275.598763,0.500000,2.900000,424.089500,1.403571,414.620301,5.709677,1.438795,0.000000,0.292943,0.523810,0.158479,0.142165,100,224,224,32.000000,0,0,16,16,35,35,18,0,220.000000,531,0,0,21,84,0,21,14,5,9,0,14,9,9,4,5,0,0,0,0,7,100,7,107,12,95,0,0,0
247,12000276,25,1,71.990731637698,175.000000000000,16.000000000000,2.507789141042,8f4faa6f00cdfff0,8d15af1f9d36efa1,2bb490f3bd619d14,200,35,17.500000,272.028571,312.452549,0.200000,0.800000,348.628379,2.800000,317.505867,3.971429,2.503597,0.000000,0.627346,0.539171,0.418410,0.423237,100,328,328,32.000000,0,0,16,16,43,43,16,6,234.000000,139,0,0,28,31,0,28,12,4,8,0,12,8,8,0,8,0,0,0,0,16,160,5,165,24,141,0,0,0
248,12000277,25,1,119.799878049896,425.000000000000,12.000000000000,2.340032878994,29d803cf8c87383b,8d15af1f9d36efa1,9a9f6e00c576e30c,200,80,40.000000,424.525000,296.378606,0.700000,4.500000,530.138095,1.523810,540.578499,6.575000,1.711027,0.000000,0.376777,0.613900,0.159744,0.261236,100,248,248,32.000000,0,0,16,16,86,86,14,0,318.000000,526,0,0,75,72,0,75,11,4,7,0,11,7,7,4,3,0,0,0,0,64,60,60,120,67,53,0,0,0
249,12000278,25,1,73.027002393333,325.000000000000,23.000000000000,1.815064995749,21c937d7c06202ca,8d15af1f9d36efa1,ca7035ab086faed0,200,104,52.000000,336.750000,257.068631,0.700000,3.800000,422.706771,2.103401,420.011521,5.711538,1.750842,0.000000,0.341463,0.606299,0.144092,0.228571,100,312,312,32.000000,0,0,16,16,84,84,8,0,308.000000,594,0,0,68,91,0,68,16,12,4,0,16,4,4,1,3,0,0,0,0,52,60,36,96,55,41,0,0,0
250,12000279,25,1,245.450436821398,425.000000000000,8.000000000000,1.770670653245,adb39d80567de1a1,8d15af1f9d36efa1,1a0bbe4f7a7fdea9,200,26,13.000000,84.884615,309.909333,0.200000,0.300000,70.514412,1.000000,70.514412,1.500000,1.000000,0.000000,0.890756,0.613900,0.719424,0.826667,100,304,304,32.000000,0,0,16,16,88,88,10,0,318.000000,39,0,0,81,24,0,81,7,2,5,0,7,5,5,0,5,0,0,0,0,74,160,14,174,79,95,0,0,0
251,12000280,25,1,12.726041982623,75.000000000000,18.000000000000,2.613802967709,54200f567d5cc823,8d15af1f9d36efa1,9a733d00c55154de,200,55,27.500000,160.909091,238.548270,0.300000,0.600000,146.187949,1.722222,150.513569,2.054545,1.663717,0.000000,0.692098,0.559471,0.469484,0.519149,100,232,232,32.000000,0,0,16,16,54,54,14,0,254.000000,113,0,0,41,49,0,41,13,6,7,0,13,7,7,0,7,0,0,0,0,28,140,5,145,35,110,0,0,0
252,12000281,25,1,33.872718941927,75.000000000000,12.000000000000,1.591260893311,c717452607b4bdde,8d15af1f9d36efa1,c195d10d27134a32,200,10,5.000000,234.100000,249.989456,0.200000,0.500000,175.759069,1.750000,205.717143,3.000000,1.000000,0.000000,0.911765,0.607843,0.769231,0.855769,100,248,248,32.000000,0,0,16,16,81,81,16,0,310.000000,30,0,0,73,9,0,73,8,0,8,0,8,8,8,1,7,0,0,0,0,65,160,30,190,72,118,0,0,0
253,12000282,25,1,78.332755124272,425.000000000000,11.000000000000,2.826029043404,aedcc638132dc4f7,8d15af1f9d36efa1,0,200,0,0.000000,NA,296.121249,0.000000,0.000000,nan,nan,NA,NA,NA,NA,1.000000,0.532710,1.000000,1.000000,100,256,256,32.000000,0,0,16,16,39,39,18,0,228.000000,0,0,0,31,0,0,31,9,0,9,0,9,9,9,0,9,0,0,0,0,22,200,0,200,31,169,0,0,0
254,12000283,25,1,111.832212482754,325.000000000000,18.000000000000,2.721041279635,f90a1b5e7ec2a867,8d15af1f9d36efa1,d4ece9f38c2ee797,200,59,29.500000,145.203390,209.534472,0.300000,0.600000,145.057694,2.222222,147.422466,2.000000,2.550847,0.000000,0.640244,0.512195,0.458716,0.397959,100,312,312,32.000000,0,0,16,16,31,31,16,0,210.000000,118,0,0,18,53,0,18,13,5,8,0,13,8,8,1,7,0,0,0,0,5,140,1,141,12,129,0,0,0
255,12000284,25,1,211.081349543412,175.000000000000,17.000000000000,1.659642783881,dbc367a4853a8a9f,8d15af1f9d36efa1,9aa63400c57c9f2c,200,36,18.000000,205.500000,212.926011,0.200000,0.600000,213.281850,1.600000,225.875672,3.222222,1.862069,0.000000,0.636364,0.503722,0.462963,0.382979,100,304,304,31.000000,0,0,16,15,28,28,16,0,203.000000,116,0,0,16,32,0,16,12,4,8,0,12,8,8,0,8,0,0,0,0,4,160,4,164,12,152,0,0,0
256,12000285,25,1,166.843787469398,425.000000000000,13.000000000000,2.124349527842,643bb1cc0f586ed7,8d15af1f9d36efa1,9a65ad00c545d5d2,200,8,4.000000,130.000000,272.041421,0.100000,0.100000,27.016517,1.000000,27.016517,1.000000,1.000000,0.000000,0.970803,0.570815,0.925926,0.943662,100,256,256,32.000000,0,0,16,16,57,57,20,6,266.000000,8,0,0,44,7,0,44,10,0,10,0,10,10,10,1,9,0,0,0,0,34,180,12,192,43,149,0,0,0
257,12000286,25,1,418.287463077083,325.000000000000,20.000000000000,2.092610986600,aaacb60a36117a37,8d15af1f9d36efa1,9a734800c551678f,200,80,40.000000,114.812500,246.846691,0.400000,0.500000,87.952398,1.000000,87.952398,1.250000,1.000000,0.000000,0.671053,0.504950,0.500000,0.418605,100,232,232,32.000000,0,0,16,16,28,28,16,4,204.000000,100,0,0,14,72,2,12,12,4,8,0,12,8,8,2,6,0,0,0,0,0,120,0,120,6,114,0,0,0
258,12000287,25,1,103.127109561743,425.000000000000,18.000000000000,2.336183226975,123332445f5aad54,8d15af1f9d36efa1,1e75f7b28961d804,200,103,51.500000,400.184466,228.865233,0.600000,3.700000,540.013404,1.934524,549.164947,6.184466,1.912088,0.000000,0.265283,0.534884,0.135685,0.133333,100,280,280,32.000000,0,0,16,16,45,45,8,0,230.000000,637,0,0,31,93,0,31,14,10,4,0,14,4,4,0,4,0,0,0,0,17,80,17,97,21,76,0,0,0
259,12000288,25,1,9.192938317773,425.000000000000,17.000000000000,2.361326502448,7686104d0438d964,8d15af1f9d36efa1,9a76b100c5544fd1,200,61,30.500000,262.573770,253.448361,0.500000,1.700000,256.568745,1.966667,266.483003,3.508197,1.808411,0.000000,0.578740,0.595142,0.318471,0.430851,100,288,288,32.000000,0,0,16,16,71,71,20,4,294.000000,214,0,0,59,56,0,59,10,0,10,0,10,10,10,5,5,0,0,0,0,49,100,39,139,54,85,0,0,0
260,12000289,25,1,389.869700750093,425.000000000000,11.000000000000,1.938224412185,ec45d108d5789784,8d15af1f9d36efa1,9a9f8400c577086e,200,72,36.000000,158.861111,303.023259,0.500000,0.900000,139.151090,1.950000,161.205974,1.902778,1.810219,0.000000,0.668281,0.579832,0.421941,0.512456,100,280,280,32.000000,0,0,16,16,66,66,12,0,276.000000,137,0,0,65,66,0,58,10,4,6,0,10,6,6,2,4,0,0,0,0,55,100,28,128,59,69,0,0,0
261,12000290,25,1,21.066625971593,325.000000000000,17.000000000000,2.938652471719,369b83545fa34fbc,8d15af1f9d36efa1,5909722b1b0381ef,200,79,39.500000,283.000000,267.146370,0.500000,2.200000,329.117154,1.170000,328.457651,4.392405,1.178674,0.000000,0.451817,0.588477,0.223714,0.307385,100,208,208,32.000000,0,0,16,16,69,69,16,0,286.000000,347,0,0,54,69,0,54,15,7,8,0,15,8,8,3,5,0,0,0,0,39,100,21,121,44,77,0,0,0
262,12000291,25,1,197.584489183070,75.000000000000,13.000000000000,1.613372628495,8bd41dea6cc49539,8d15af1f9d36efa1,dd7a4d4f58363933,200,20,10.000000,148.600000,254.405899,0.100000,0.200000,108.172165,2.500000,135.673020,2.000000,3.500000,0.000000,0.885714,0.607843,0.714286,0.816514,100,272,272,32.000000,0,0,16,16,80,80,18,0,310.000000,40,0,0,69,18,0,69,11,2,9,0,11,9,9,0,9,0,0,0,0,58,180,0,180,67,113,0,0,0
263,12000292,25,1,54.178098547886,325.000000000000,21.000000000000,2.495969275898,eae8b8d2d9f651a1,8d15af1f9d36efa1,0,200,0,0.000000,NA,326.121260,0.000000,0.000000,nan,nan,NA,NA,NA,NA,1.000000,0.494949,1.000000,1.000000,100,192,192,32.000000,0,0,16,16,24,24,16,0,196.000000,0,0,0,16,0,0,16,8,0,8,0,8,8,8,0,8,0,0,0,0,8,200,0,200,16,184,0,0,0
264,12000293,25,1,317.302046020435,325.000000000000,13.000000000000,2.478878425886,5b846647d195a02a,8d15af1f9d36efa1,280a77ebbfd25b72,200,100,50.000000,139.850000,214.403366,0.500000,0.800000,133.316811,1.733333,132.579994,1.600000,1.875000,0.000000,0.565217,0.509804,0.384615,0.322034,100,248,248,32.000000,0,0,16,16,32,32,12,4,208.000000,160,0,0,15,90,0,15,15,9,6,0,15,6,6,1,5,0,0,0,0,0,100,0,100,5,95,0,0,0
265,12000294,25,1,476.455285110120,325.000000000000,19.000000000000,2.439532621777,f589968d34a487fb,8d15af1f9d36efa1,9a623a00c542dc92,200,75,37.500000,90.973333,238.699507,0.400000,0.400000,65.963042,2.750000,70.216144,1.173333,2.409091,0.000000,0.739645,0.555556,0.531915,0.572816,100,344,344,32.000000,0,0,16,16,53,53,12,0,250.000000,88,0,0,39,67,0,39,14,8,6,0,14,6,6,0,6,0,0,0,0,25,120,5,125,31,94,0,0,0
266,12000295,25,1,346.914817682472,75.000000000000,8.000000000000,2.747133808036,da13e1b45c2e89a6,8d15af1f9d36efa1,9a65b000c545daeb,200,20,10.000000,115.400000,286.749162,0.100000,0.100000,91.434723,2.000000,91.434723,1.000000,2.000000,0.000000,0.927536,0.561404,0.833333,0.861111,100,224,224,32.000000,0,0,16,16,52,52,20,2,256.000000,20,0,0,40,18,0,40,11,1,10,0,11,10,10,1,9,0,0,0,0,29,180,0,180,38,142,0,0,0
267,12000296,25,1,298.068934345716,325.000000000000,20.000000000000,1.516555706144,fa1ca2c5db8e7a4a,8d15af1f9d36efa1,8d2921d2e43d259b,200,120,60.000000,208.533333,258.572236,0.600000,2.000000,264.449365,2.233333,257.914769,3.333333,2.100000,0.000000,0.337748,0.504950,0.200000,0.152542,100,288,288,32.000000,0,0,16,16,32,32,8,0,204.000000,400,0,0,16,108,0,16,16,12,4,0,16,4,4,0,4,0,0,0,0,0,80,0,80,4,76,0,0,0
268,12000297,25,1,497.158488374880,325.000000000000,23.000000000000,2.571088654970,4abfcab58abdff57,8d15af1f9d36efa1,34f8817b6a918494,200,96,48.000000,167.947917,225.048911,0.600000,1.400000,164.089688,1.475000,152.012625,2.177083,1.392344,0.000000,0.576065,0.586777,0.323625,0.421053,100,320,320,32.000000,0,0,16,16,68,68,16,0,284.000000,209,0,0,53,85,0,53,15,7,8,0,15,8,8,4,4,0,0,0,0,38,80,24,104,42,62,0,0,0
269,12000298,25,1,54.228499448458,325.000000000000,20.000000000000,2.827235303912,a7de113ff966c6e6,8d15af1f9d36efa1,9e6b556e870689cf,200,126,63.000000,245.849206,241.227458,0.700000,2.700000,298.730948,1.807143,289.383565,3.777778,1.867647,0.000000,0.335196,0.545455,0.173611,0.184932,100,288,288,32.000000,0,0,16,16,46,46,16,0,240.000000,476,0,0,30,113,0,30,16,8,8,0,16,8,8,5,3,0,0,0,0,14,60,14,74,17,57,0,0,0
270,12000299,25,1,423.364745866123,175.000000000000,19.000000000000,2.434240196026,a2ec29c8dc7a6111,8d15af1f9d36efa1,340ef64f893d987d,200,100,50.000000,147.090000,183.116509,0.500000,0.800000,141.856473,2.200000,141.856473,1.600000,2.250000,0.000000,0.562842,0.507389,0.384615,0.316239,100,256,256,32.000000,0,0,16,16,30,30,14,0,206.000000,160,0,0,15,90,0,15,15,8,7,0,15,7,7,2,5,0,0,0,0,0,100,0,100,5,95,0,0,0
271,12000300,25,1,375.071566511198,425.000000000000,14.000000000000,1.516472517511,c1cb599bc2db8cd3,8d15af1f9d36efa1,0,200,0,0.000000,NA,342.223530,0.100000,0.100000,57.719836,1.000000,NA,NA,NA,NA,1.000000,0.626866,1.000000,1.000000,100,264,264,32.000000,0,0,16,16,96,96,12,0,336.000000,0,0,0,91,0,0,91,6,0,6,0,6,6,6,0,6,0,0,0,0,85,180,20,200,91,109,0,0,0
272,12000301,25,1,297.824239036711,75.000000000000,15.000000000000,1.556318210590,c228978ed20850dc,8d15af1f9d36efa1,34233b4f894eb6c6,200,80,40.000000,181.100000,239.124196,0.400000,1.200000,228.894571,2.270833,210.749352,3.000000,2.166667,0.000000,0.493671,0.539171,0.294118,0.298246,100,280,280,32.000000,0,0,16,16,46,46,10,0,234.000000,240,0,0,33,72,0,33,13,8,5,0,13,5,5,0,5,0,0,0,0,20,120,0,120,25,95,0,0,0
273,12000302,25,1,110.950234735736,325.000000000000,21.000000000000,1.582936328155,c84e4dedfe337bf2,8d15af1f9d36efa1,9a8e8400c568953b,200,109,54.500000,135.000000,172.054383,0.600000,1.000000,106.453682,1.527778,117.216150,1.880734,1.575610,0.000000,0.530892,0.537037,0.327869,0.327869,100,264,264,32.000000,0,0,16,16,43,43,14,0,232.000000,205,0,0,27,97,0,27,16,9,7,0,16,7,7,3,4,0,0,0,0,11,80,11,91,15,76,0,0,0
274,12000303,25,1,418.656142185568,175.000000000000,21.000000000000,1.982923004733,34abdefd6d5eea98,8d15af1f9d36efa1,7f4455e36497c24f,200,104,52.000000,192.000000,256.702863,0.600000,1.800000,220.754904,1.805556,213.483109,2.980769,1.796774,0.000000,0.463668,0.572650,0.243902,0.304933,100,280,280,32.000000,0,0,16,16,64,64,8,0,268.000000,310,0,0,50,93,0,50,14,10,4,0,14,4,4,1,3,0,0,0,0,36,80,16,96,39,57,0,0,0
275,12000304,25,1,239.775029281503,325.000000000000,13.000000000000,1.908455671019,3a8c8f2211535c26,8d15af1f9d36efa1,9a734d00c551700e,200,40,20.000000,183.500000,284.117316,0.200000,0.500000,207.307215,1.750000,207.307215,2.500000,1.600000,0.000000,0.748111,0.597586,0.500000,0.624060,100,336,336,31.000000,0,0,16,15,76,76,14,8,297.000000,100,0,0,61,36,0,61,11,4,7,0,11,7,7,0,7,0,0,0,0,50,160,0,160,57,103,0,0,0
276,12000305,25,1,136.587956048028,425.000000000000,11.000000000000,2.956164633223,1f9c4feccb540667,8d15af1f9d36efa1,b78fbaa8ce5400bc,200,80,40.000000,269.862500,269.143332,0.500000,2.000000,295.519178,1.743333,316.679869,4.275000,1.827485,0.000000,0.448387,0.581590,0.226244,0.299180,100,320,320,32.000000,0,0,16,16,64,64,18,0,278.000000,342,0,0,53,72,0,53,12,3,9,0,12,9,9,5,4,0,0,0,0,41,100,20,120,45,75,0,0,0
277,12000306,25,1,254.583499328652,175.000000000000,13.000000000000,1.872145985946,8e7415e322f627f7,8d15af1f9d36efa1,a922364f3a75529e,200,40,20.000000,169.350000,247.876410,0.200000,0.400000,152.867530,1.166667,168.616854,2.175000,1.310345,0.000000,0.692580,0.494949,0.534759,0.423841,100,240,240,32.000000,0,0,16,16,24,24,16,0,196.000000,87,0,0,12,36,0,12,12,4,8,0,12,8,8,0,8,0,0,0,0,0,160,0,160,8,152,0,0,0
278,12000307,25,1,139.309109197976,425.000000000000,12.000000000000,2.839660089269,d28337ee91f2c4ac,8d15af1f9d36efa1,e2e93791cb9935d4,200,43,21.500000,338.465116,289.028327,0.400000,1.600000,302.683852,1.550000,397.287762,5.000000,1.679070,0.000000,0.570858,0.588477,0.317460,0.417344,100,264,264,32.000000,0,0,16,16,68,68,18,0,286.000000,215,0,0,59,39,0,59,9,0,9,0,9,9,9,4,5,0,0,0,0,50,120,37,157,55,102,0,0,0
279,12000308,25,1,383.292341963217,175.000000000000,22.000000000000,1.539301138415,499164f7b265d720,8d15af1f9d36efa1,2aee804f83f07bec,200,40,20.000000,153.350000,318.759642,0.200000,0.400000,123.520113,3.000000,127.155510,2.000000,2.750000,0.000000,0.712230,0.497487,0.555556,0.452055,100,312,312,32.000000,0,0,16,16,25,25,16,2,198.000000,80,0,0,12,36,0,12,12,4,8,0,12,8,8,0,8,0,0,0,0,0,160,0,160,8,152,0,0,0
280,12000309,25,1,157.534214797319,75.000000000000,10.000000000000,2.848200752873,40c1a55f09c97ab1,8d15af1f9d36efa1,9a954800c56e4df5,200,55,27.500000,103.509091,237.850204,0.300000,0.400000,79.687438,1.000000,82.973797,1.363636,1.000000,0.000000,0.803150,0.604743,0.571429,0.698795,100,224,224,32.000000,0,0,16,16,79,79,16,6,306.000000,75,0,0,64,49,0,64,13,5,8,0,13,8,8,1,7,0,0,0,0,51,140,5,145,58,87,0,0,0
281,12000310,25,1,489.576874121183,75.000000000000,18.000000000000,2.571846737769,43576ff2ef1848fa,8d15af1f9d36efa1,4db448c661e54c78,200,71,35.500000,133.154930,234.783467,0.400000,0.800000,96.184780,2.000000,94.282377,1.985915,1.964539,0.000000,0.631854,0.547511,0.414938,0.438247,100,272,272,32.000000,0,0,16,16,46,46,18,0,242.000000,141,0,0,33,64,0,33,13,4,9,0,13,9,9,3,6,0,0,0,0,20,120,9,129,26,103,0,0,0
282,12000311,25,1,88.590467474979,425.000000000000,12.000000000000,2.588269599179,9cf7c7cc9f1547d7,8d15af1f9d36efa1,a8ad4d39ebcfb297,200,157,78.500000,369.433121,405.467536,0.800000,4.800000,445.951078,1.920536,444.988932,5.987261,1.878723,0.000000,0.200680,0.541284,0.096154,0.099617,100,312,312,32.000000,0,0,16,16,41,41,22,6,236.000000,940,0,0,22,141,2,20,16,5,11,0,16,11,11,9,2,0,0,0,0,4,40,3,43,6,37,0,0,0
283,12000312,25,1,99.051818455367,425.000000000000,15.000000000000,1.553865899494,3e90b6c24e0f5881,8d15af1f9d36efa1,d9e7b7d612fc63b1,200,124,62.000000,346.895161,255.061208,1.000000,4.700000,387.137250,1.782540,407.571862,5.000000,1.608065,0.000000,0.366053,0.641577,0.138889,0.267139,100,296,296,32.000000,0,0,16,16,104,104,18,0,358.000000,620,0,0,90,110,0,90,14,5,9,0,14,9,9,9,0,0,0,0,0,76,0,76,76,76,0,0,0,0
284,12000313,25,1,398.988815516693,325.000000000000,21.000000000000,1.734681006304,c496380ebe7faee1,8d15af1f9d36efa1,9a5ee300c54012e6,200,40,20.000000,146.775000,287.762920,0.200000,0.400000,129.266972,1.166667,129.266972,2.000000,1.250000,0.000000,0.716312,0.502488,0.555556,0.466667,100,216,216,32.000000,0,0,16,16,24,24,22,0,202.000000,80,0,0,12,36,0,12,12,1,11,0,12,11,11,3,8,0,0,0,0,0,160,0,160,8,152,0,0,0
285,12000314,25,1,89.197219506442,175.000000000000,19.000000000000,2.896156724727,59b0503ea541fca1,8d15af1f9d36efa1,5670eb4f9ca3d5a8,200,80,40.000000,180.900000,237.641636,0.400000,1.100000,189.381049,2.050000,189.381049,2.750000,2.090909,0.000000,0.481132,0.504950,0.312500,0.246575,100,320,320,32.000000,0,0,16,16,28,28,16,0,204.000000,220,0,0,14,72,0,14,14,6,8,0,14,8,8,2,6,0,0,0,0,0,120,0,120,6,114,0,0,0
286,12000315,25,1,424.248457806364,75.000000000000,16.000000000000,2.401750530493,420eb326644108f,8d15af1f9d36efa1,9abab100c58e1c9d,200,100,50.000000,124.880000,226.411312,0.500000,0.700000,97.800617,1.800000,97.800617,1.400000,1.714286,0.000000,0.646465,0.561404,0.416667,0.469697,100,224,224,32.000000,0,0,16,16,57,57,10,12,256.000000,140,0,0,40,90,4,36,11,6,5,0,11,5,5,0,5,0,0,0,0,25,100,0,100,30,70,0,0,0
287,12000316,25,1,41.893554323768,75.000000000000,10.000000000000,2.237593316731,4c062587da94e02d,8d15af1f9d36efa1,2bce32b10ba548bf,200,40,20.000000,160.125000,187.537781,0.500000,0.800000,129.981076,2.200000,168.938887,2.000000,2.000000,0.000000,0.843137,0.682540,0.555556,0.788360,100,376,376,32.000000,0,0,16,16,147,147,4,0,430.000000,80,0,0,141,36,0,141,6,4,2,0,6,2,2,0,2,0,0,0,0,135,100,60,160,137,23,0,0,0
288,12000317,25,1,276.490962598002,325.000000000000,12.000000000000,1.833622529708,5f9fc082a724694f,8d15af1f9d36efa1,9a8afe00c5657bb2,200,126,63.000000,179.920635,244.681186,0.700000,1.900000,221.492158,1.857143,206.344548,2.682540,2.079882,0.000000,0.400709,0.530516,0.228311,0.217593,100,288,288,32.000000,0,0,16,16,44,44,6,0,226.000000,338,0,0,31,114,0,29,15,12,3,0,15,3,3,0,3,0,0,0,0,16,60,14,74,19,55,0,0,0
289,12000318,25,1,136.655024052564,175.000000000000,15.000000000000,1.697777792120,5f72da1b4e772859,8d15af1f9d36efa1,9a8e8400c568953b,200,20,10.000000,92.300000,262.145269,0.100000,0.100000,51.541579,2.000000,51.541579,1.000000,2.000000,0.000000,0.916667,0.523810,0.833333,0.814815,100,216,216,32.000000,0,0,16,16,34,34,20,0,220.000000,20,0,0,23,18,0,23,11,1,10,0,11,10,10,1,9,0,0,0,0,12,180,0,180,21,159,0,0,0
290,12000319,25,1,478.451708988552,325.000000000000,21.000000000000,1.715152187866,9a16ce16a042c26,8d15af1f9d36efa1,e0cf286a3bb3e3b5,200,112,56.000000,222.625000,241.133750,0.600000,1.800000,248.410026,1.513889,254.955992,3.098214,1.507205,0.000000,0.390158,0.526066,0.223714,0.205950,100,328,328,32.000000,0,0,16,16,40,40,10,0,222.000000,347,0,0,24,100,0,24,16,11,5,0,16,5,5,1,4,0,0,0,0,8,80,8,88,12,76,0,0,0
291,12000320,25,1,128.792556872318,175.000000000000,16.000000000000,2.612751724313,da414fde154ff66f,8d15af1f9d36efa1,9aa2cf00c579bdb6,200,122,61.000000,248.426230,282.346620,0.700000,2.900000,319.977899,2.125850,306.733553,3.975410,1.872165,0.000000,0.329184,0.543379,0.170940,0.179357,100,264,264,32.000000,0,0,16,16,48,48,10,0,238.000000,485,0,0,33,110,0,33,15,10,5,0,15,5,5,2,3,0,0,0,0,18,60,18,78,21,57,0,0,0
292,12000321,25,1,434.982855081543,75.000000000000,13.000000000000,2.529650081978,ae4d86be0998e93e,8d15af1f9d36efa1,0,200,0,0.000000,NA,263.474767,0.000000,0.000000,nan,nan,NA,NA,NA,NA,1.000000,0.591837,1.000000,1.000000,100,216,216,32.000000,0,0,16,16,69,69,20,0,290.000000,0,0,0,59,0,0,59,10,0,10,0,10,10,10,0,10,0,0,0,0,49,200,0,200,59,141,0,0,0
293,12000322,25,1,303.623055857302,75.000000000000,6.000000000000,2.118741806071,f02c7102ba22890d,8d15af1f9d36efa1,450f2277e8fd110b,200,47,23.500000,262.574468,337.075103,0.300000,1.200000,297.160130,1.827778,276.973148,3.787234,1.735955,0.000000,0.639676,0.612403,0.359712,0.508287,100,256,256,32.000000,0,0,16,16,86,86,12,20,316.000000,178,0,0,66,42,0,66,10,4,6,0,10,6,6,1,5,0,0,0,0,56,140,13,153,61,92,0,0,0
294,12000323,25,1,489.167431130853,325.000000000000,24.000000000000,2.100992243210,751d06890b1c1e87,8d15af1f9d36efa1,9a7a1800c55734ad,200,76,38.000000,141.828947,211.450515,0.400000,0.700000,128.727149,1.625000,132.764254,1.789474,1.588235,0.000000,0.632432,0.539171,0.423729,0.428571,100,232,232,32.000000,0,0,16,16,43,43,16,0,234.000000,136,0,0,29,68,0,29,14,6,8,0,14,8,8,2,6,0,0,0,0,15,120,4,124,21,103,0,0,0
295,12000324,25,1,115.045602393257,75.000000000000,14.000000000000,2.502813255638,a879df4ac43fd7df,8d15af1f9d36efa1,9a6c7300c54b91f2,200,20,10.000000,82.750000,332.089925,0.100000,0.100000,61.632763,1.000000,61.632763,1.000000,1.000000,0.000000,0.930556,0.572650,0.833333,0.871795,100,208,208,32.000000,0,0,16,16,61,61,14,0,268.000000,20,0,0,52,18,0,52,9,2,7,0,9,7,7,0,7,0,0,0,0,43,180,0,180,50,130,0,0,0
296,12000325,25,1,39.138376464392,175.000000000000,16.000000000000,2.913974044880,2273545d97ffca45,8d15af1f9d36efa1,9a625100c54303a7,200,39,19.500000,104.769231,223.269509,0.200000,0.300000,85.378290,1.500000,84.630542,1.487179,1.655172,0.000000,0.775194,0.500000,0.632911,0.539683,100,168,168,32.000000,0,0,16,16,26,26,16,0,200.000000,58,0,0,14,35,0,14,12,4,8,0,12,8,8,0,8,0,0,0,0,2,160,1,161,10,151,0,0,0
297,12000326,25,1,144.253687403084,425.000000000000,14.000000000000,2.002849372373,b748760166ac13d8,8d15af1f9d36efa1,1cc58f80c0de5496,200,20,10.000000,269.300000,252.109352,0.300000,0.800000,191.104384,1.666667,301.478310,4.000000,1.250000,0.000000,0.791667,0.603175,0.555556,0.682540,100,264,264,32.000000,0,0,16,16,79,79,14,0,304.000000,80,0,0,71,18,0,71,8,1,7,0,8,7,7,1,6,0,0,0,0,63,140,40,180,69,111,0,0,0
298,12000327,25,1,71.101608679671,425.000000000000,13.000000000000,2.891420017224,e9af01c25b22ab76,8d15af1f9d36efa1,9a76a800c5544086,200,30,15.000000,147.633333,260.296236,0.300000,0.400000,98.486144,1.500000,98.162362,1.333333,1.750000,0.000000,0.890710,0.619772,0.714286,0.829060,100,216,216,32.000000,0,0,16,16,88,88,18,0,326.000000,40,0,0,77,26,0,77,11,2,9,0,11,9,9,2,7,0,0,0,0,66,140,30,170,73,97,0,0,0
299,12000328,25,1,115.873346321383,175.000000000000,24.000000000000,1.603094690193,46f8e6382cc918ef,8d15af1f9d36efa1,9a7a1400c5572de1,200,160,80.000000,148.006250,166.176955,0.800000,1.800000,163.743964,2.697917,159.515681,2.250000,2.277778,0.000000,0.366197,0.509804,0.217391,0.174312,100,432,432,32.000000,0,0,16,16,36,36,4,0,208.000000,360,0,0,18,144,0,18,18,16,2,0,18,2,2,0,2,0,0,0,0,0,40,0,40,2,38,0,0,0
300,12000329,25,1,167.708113180210,425.000000000000,10.000000000000,2.001635567244,52663beef0def10f,8d15af1f9d36efa1,0,200,0,0.000000,NA,324.071129,0.000000,0.000000,nan,nan,NA,NA,NA,NA,1.000000,0.600000,1.000000,1.000000,100,240,240,32.000000,0,0,16,16,76,76,16,0,300.000000,0,0,0,68,0,0,68,8,0,8,0,8,8,8,0,8,0,0,0,0,60,200,0,200,68,132,0,0,0
301,12000330,25,1,313.045189925482,175.000000000000,13.000000000000,2.147642396246,d9648e1f868b42ab,8d15af1f9d36efa1,cc1d1d4f4e5d84ca,200,73,36.500000,125.369863,209.721296,0.400000,0.700000,120.523634,2.000000,117.564429,1.821918,2.150376,0.000000,0.616715,0.516908,0.429185,0.381395,100,312,312,32.000000,0,0,16,16,33,33,16,0,214.000000,133,0,0,20,66,0,20,13,5,8,0,13,8,8,2,6,0,0,0,0,7,120,7,127,13,114,0,0,0
302,12000331,25,1,455.184761693365,175.000000000000,17.000000000000,2.272491480009,48f719a36218cd4c,8d15af1f9d36efa1,9a8e8700c5689a54,200,51,25.500000,124.568627,232.820898,0.300000,0.500000,108.888018,2.555556,107.044449,1.627451,2.289157,0.000000,0.757310,0.564270,0.546448,0.606635,100,264,264,31.000000,0,0,16,15,57,57,14,0,259.000000,83,0,0,45,45,0,45,13,6,7,0,13,7,7,0,7,0,0,0,0,32,140,9,149,39,110,0,0,0
303,12000332,25,1,6.109328826646,325.000000000000,20.000000000000,2.026985149050,221e7e339beff956,8d15af1f9d36efa1,1110a64f75527e0f,200,62,31.000000,148.774194,267.310817,0.400000,0.800000,143.261245,1.500000,136.430822,1.887097,1.495726,0.000000,0.696104,0.572650,0.460829,0.537549,100,280,280,32.000000,0,0,16,16,61,61,14,4,268.000000,117,0,0,46,55,0,46,13,6,7,0,13,7,7,1,6,0,0,0,0,33,120,18,138,39,99,0,0,0
304,12000333,25,1,248.308170766882,175.000000000000,16.000000000000,1.995238747401,9c4699f5ccf626fc,8d15af1f9d36efa1,47647b156e68a39d,200,60,30.000000,171.083333,276.878814,0.300000,0.800000,199.008919,2.388889,197.311900,2.666667,2.500000,0.000000,0.553073,0.497487,0.384615,0.292035,100,320,320,32.000000,0,0,16,16,26,26,14,0,198.000000,160,0,0,13,54,0,13,13,6,7,0,13,7,7,0,7,0,0,0,0,0,140,0,140,7,133,0,0,0
305,12000334,25,1,292.776256938876,175.000000000000,13.000000000000,2.293332530340,58ffb7cc3aa9f732,8d15af1f9d36efa1,3f6b63203b053f0f,200,20,10.000000,220.800000,368.520793,0.100000,0.400000,275.025692,1.250000,275.025692,4.000000,1.250000,0.000000,0.708029,0.492386,0.555556,0.436620,100,152,152,32.000000,0,0,16,16,22,22,18,0,194.000000,80,0,0,11,18,0,11,11,2,9,0,11,9,9,0,9,0,0,0,0,0,180,0,180,9,171,0,0,0
306,12000335,25,1,339.455542577619,75.000000000000,14.000000000000,2.571787558078,68e547be3493bfd3,8d15af1f9d36efa1,9aa63c00c57cacc4,200,60,30.000000,93.716667,256.410707,0.300000,0.400000,72.633764,2.833333,79.590240,1.333333,3.000000,0.000000,0.736842,0.528302,0.555556,0.534884,100,312,312,32.000000,0,0,16,16,41,41,10,0,224.000000,80,0,0,31,54,0,31,11,6,5,0,11,5,5,0,5,0,0,0,0,20,140,0,140,25,115,0,0,0
307,12000336,25,1,447.698599796403,175.000000000000,21.000000000000,2.318464008597,7633063b8dc89f61,8d15af1f9d36efa1,9a733500c5514746,200,127,63.500000,183.566929,179.175411,0.700000,1.700000,166.404972,1.466667,175.615943,2.559055,1.535385,0.000000,0.442539,0.563319,0.235294,0.279379,100,224,224,32.000000,0,0,16,16,55,55,16,2,258.000000,325,0,0,37,113,0,37,17,9,8,0,17,8,8,5,3,0,0,0,0,20,60,13,73,23,50,0,0,0
308,12000337,25,1,130.748172921798,175.000000000000,11.000000000000,2.841574672065,fda6433c6169daf3,8d15af1f9d36efa1,79464e4fb06c0b4b,200,100,50.000000,197.150000,213.731865,0.500000,1.500000,222.550335,1.933333,230.092451,3.070000,1.827362,0.000000,0.407336,0.513382,0.245700,0.206718,100,264,264,31.000000,0,0,16,15,35,35,10,0,211.000000,307,0,0,20,90,0,20,15,10,5,0,15,5,5,0,5,0,0,0,0,5,100,0,100,10,90,0,0,0
309,12000338,25,1,342.020268361903,325.000000000000,12.000000000000,1.776015600402,5b79274a160f0ff6,8d15af1f9d36efa1,980c974f30d9973b,200,40,20.000000,183.700000,275.578415,0.200000,0.400000,173.937219,3.750000,173.937219,2.000000,3.750000,0.000000,0.727891,0.516908,0.555556,0.506173,100,304,304,32.000000,0,0,16,16,32,32,18,2,214.000000,80,0,0,19,36,0,19,12,3,9,0,12,9,9,1,8,0,0,0,0,7,160,0,160,15,145,0,0,0
310,12000339,25,1,409.973709423577,175.000000000000,21.000000000000,1.508415768030,323c68ebc5854198,8d15af1f9d36efa1,ec67e2da84b7282b,200,19,9.500000,201.421053,329.071096,0.100000,0.300000,196.874648,1.333333,196.874648,3.000000,1.333333,0.000000,0.797153,0.528302,0.636943,0.617450,100,232,232,32.000000,0,0,16,16,36,36,20,0,224.000000,57,0,0,25,17,0,25,11,1,10,0,11,10,10,1,9,0,0,0,0,14,180,1,181,23,158,0,0,0
311,12000340,25,1,40.768230775766,425.000000000000,15.000000000000,2.014234942259,93f9cb6ab6557a82,8d15af1f9d36efa1,0,200,0,0.000000,NA,278.163271,0.100000,0.300000,228.869703,1.333333,NA,NA,NA,NA,1.000000,0.570815,1.000000,1.000000,100,216,216,32.000000,0,0,16,16,59,59,16,2,266.000000,0,0,0,50,0,0,50,8,0,8,0,8,8,8,0,8,0,0,0,0,42,180,20,200,50,150,0,0,0
312,12000341,25,1,216.552621901672,175.000000000000,16.000000000000,1.810483942032,3c9c2178c6bc7e8e,8d15af1f9d36efa1,ba49044f441fd111,200,60,30.000000,139.883333,275.594729,0.300000,0.600000,142.444587,2.000000,142.444587,2.000000,2.000000,0.000000,0.631902,0.507389,0.454545,0.381443,100,280,280,32.000000,0,0,16,16,30,30,14,0,206.000000,120,0,0,17,54,0,17,13,6,7,0,13,7,7,0,7,0,0,0,0,4,140,0,140,11,129,0,0,0
313,12000342,25,1,393.874484366338,75.000000000000,17.000000000000,2.820809393902,729ff84aeff7cab4,8d15af1f9d36efa1,2296984f7f4dce32,200,80,40.000000,188.862500,275.583989,0.400000,1.100000,223.307058,1.900000,221.343980,2.750000,1.818182,0.000000,0.506726,0.530516,0.312500,0.299363,100,296,296,32.000000,0,0,16,16,41,41,12,0,226.000000,220,0,0,27,72,0,27,14,8,6,0,14,6,6,0,6,0,0,0,0,13,120,0,120,19,101,0,0,0
314,12000343,25,1,294.170708007061,75.000000000000,9.000000000000,1.682243095558,bbb0392aa9235289,8d15af1f9d36efa1,8d3fe4f70c704cd,200,5,2.500000,284.600000,340.977978,0.100000,0.200000,158.194360,2.000000,158.194360,2.000000,2.000000,0.000000,0.956897,0.526066,0.909091,0.900000,100,216,216,32.000000,0,0,16,16,35,35,20,0,222.000000,10,0,0,25,4,0,25,10,0,10,0,10,10,10,1,9,0,0,0,0,15,180,15,195,24,171,0,0,0
315,12000344,25,1,46.447737751113,75.000000000000,19.000000000000,2.140370259919,83b8a609e8912f7f,8d15af1f9d36efa1,9aa2d500c579c7e8,200,87,43.500000,156.195402,204.193131,0.600000,1.200000,146.154178,1.916667,153.083775,2.126437,1.935135,0.000000,0.636542,0.618321,0.350877,0.509284,100,272,272,32.000000,0,0,16,16,92,92,8,0,324.000000,185,0,0,80,78,0,80,12,8,4,0,12,4,4,1,3,0,0,0,0,68,80,33,113,71,42,0,0,0
316,12000345,25,1,261.354633972101,175.000000000000,17.000000000000,1.745155457938,2ba39d6a4e6e95c6,8d15af1f9d36efa1,d5a42626474450c1,200,120,60.000000,279.508333,246.979368,0.600000,2.300000,286.446546,1.422619,286.446546,3.833333,1.347826,0.000000,0.325513,0.526066,0.178571,0.163636,100,200,200,32.000000,0,0,16,16,38,38,14,12,222.000000,460,0,0,16,108,0,16,16,9,7,0,16,7,7,3,4,0,0,0,0,0,80,0,80,4,76,0,0,0
317,12000346,25,1,350.999616337150,425.000000000000,15.000000000000,1.885637270056,5d3ba218c3381578,8d15af1f9d36efa1,b8584454051df99c,200,20,10.000000,353.450000,312.403947,0.100000,0.600000,477.435816,1.000000,477.435816,6.000000,1.000000,0.000000,0.689119,0.570815,0.454545,0.527559,100,184,184,32.000000,0,0,16,16,60,60,14,0,266.000000,120,0,0,51,18,0,51,9,2,7,0,9,7,7,0,7,0,0,0,0,42,180,0,180,49,131,0,0,0
318,12000347,25,1,486.230693695216,175.000000000000,21.000000000000,1.992218217472,b923395b65d2ed63,8d15af1f9d36efa1,627d2e0cf143e3ad,200,40,20.000000,129.400000,220.902232,0.200000,0.400000,135.354651,2.000000,135.354651,2.000000,1.500000,0.000000,0.783784,0.591837,0.555556,0.663866,100,208,208,32.000000,0,0,16,16,72,72,14,0,290.000000,80,0,0,61,36,0,61,11,4,7,0,11,7,7,0,7,0,0,0,0,50,160,0,160,57,103,0,0,0
319,12000348,25,1,194.857314065447,425.000000000000,6.000000000000,2.466595989535,ccabac8a6a63b475,8d15af1f9d36efa1,6851ad36918735f3,200,20,10.000000,229.050000,349.224321,0.100000,0.300000,250.943022,1.000000,250.943022,3.000000,1.000000,0.000000,0.800000,0.545455,0.625000,0.642857,100,176,176,32.000000,0,0,16,16,45,45,18,0,240.000000,60,0,0,35,18,0,35,10,1,9,0,10,9,9,1,8,0,0,0,0,25,180,0,180,33,147,0,0,0
320,12000349,25,1,295.399461967973,75.000000000000,14.000000000000,2.053746671474,72057a15794484bb,8d15af1f9d36efa1,6429496adb84b8c9,200,98,49.000000,351.989796,315.591502,0.800000,3.600000,384.811529,1.287500,404.311429,4.816327,1.152542,0.000000,0.405542,0.616858,0.174825,0.287009,100,232,232,32.000000,0,0,16,16,90,90,10,0,322.000000,472,0,0,76,86,0,76,14,9,5,0,14,5,5,3,2,0,0,0,0,62,40,62,102,64,38,0,0,0
321,12000350,25,1,295.472131916686,425.000000000000,10.000000000000,1.901167361584,256d1843f8accf09,8d15af1f9d36efa1,a8edf1db49dbd617,200,146,73.000000,314.636986,226.645206,0.800000,4.200000,398.111974,1.513194,383.942185,5.082192,1.580863,0.000000,0.247465,0.549550,0.118765,0.131148,100,304,304,32.000000,0,0,16,16,46,46,20,0,244.000000,742,0,0,30,132,0,30,16,6,10,0,16,10,10,8,2,0,0,0,0,14,40,14,54,16,38,0,0,0
322,12000351,25,1,137.958245210307,325.000000000000,15.000000000000,2.982662815438,8912b4a39994c94e,8d15af1f9d36efa1,64d91c1763345f15,200,96,48.000000,172.145833,196.033831,0.500000,1.200000,188.186174,1.340000,185.042834,2.364583,1.251101,0.000000,0.487585,0.519231,0.305810,0.270096,100,232,232,32.000000,0,0,16,16,37,37,10,4,216.000000,227,0,0,20,86,0,20,15,10,5,0,15,5,5,0,5,0,0,0,0,5,100,4,104,10,94,0,0,0
323,12000352,25,1,217.281258794765,425.000000000000,8.000000000000,2.166320938493,6f68dfd329684835,8d15af1f9d36efa1,ffa5dd4f6b6e3b4f,200,40,20.000000,146.875000,340.827927,0.200000,0.400000,150.137715,2.000000,152.955422,2.000000,1.750000,0.000000,0.760479,0.559471,0.555556,0.603960,100,288,288,32.000000,0,0,16,16,53,53,16,0,254.000000,80,0,0,44,36,0,41,12,4,8,0,12,8,8,0,8,0,0,0,0,32,160,0,160,40,120,0,0,0
324,12000353,25,1,120.677087188310,175.000000000000,15.000000000000,2.180919116958,d9d0f831d50ca9bf,8d15af1f9d36efa1,5ed24a06e061b3a,200,59,29.500000,199.508475,335.503398,0.300000,0.800000,223.294893,1.944444,207.601809,2.661017,1.866242,0.000000,0.565097,0.504950,0.389105,0.314410,100,248,248,32.000000,0,0,16,16,27,27,18,0,204.000000,157,0,0,14,53,0,14,13,4,9,0,13,9,9,2,7,0,0,0,0,1,140,1,141,8,133,0,0,0
325,12000354,25,1,219.672581502234,425.000000000000,10.000000000000,2.038947827931,59d43f26a780b692,8d15af1f9d36efa1,28f908dce5470c4b,200,99,49.500000,272.181818,242.852647,0.800000,2.700000,271.533895,1.460417,303.541420,3.707071,1.397820,0.000000,0.467344,0.616858,0.214133,0.341113,100,232,232,32.000000,0,0,16,16,87,87,16,0,322.000000,367,0,0,74,88,0,74,13,5,8,0,13,8,8,6,2,0,0,0,0,61,40,61,101,63,38,0,0,0
326,12000355,25,1,95.218498014100,175.000000000000,20.000000000000,2.577508469256,44a6f825755cf836,8d15af1f9d36efa1,0,200,0,0.000000,NA,328.461146,0.000000,0.000000,nan,nan,NA,NA,NA,NA,1.000000,0.507389,1.000000,1.000000,100,208,208,32.000000,0,0,16,16,27,27,20,0,206.000000,0,0,0,17,0,0,17,10,0,10,0,10,10,10,0,10,0,0,0,0,7,200,0,200,17,183,0,0,0
327,12000356,25,1,280.085605753038,425.000000000000,8.000000000000,1.637339364761,37591a98f9333d80,8d15af1f9d36efa1,0,200,0,0.000000,NA,298.174217,0.100000,0.100000,79.951748,2.000000,NA,NA,NA,NA,1.000000,0.581590,1.000000,1.000000,100,240,240,32.000000,0,0,16,16,64,64,18,0,278.000000,0,0,0,56,0,0,56,9,0,9,0,9,9,9,0,9,0,0,0,0,47,180,20,200,56,144,0,0,0
328,12000357,25,1,286.801585281686,325.000000000000,18.000000000000,2.296361034481,9b3608ed908ab4f,8d15af1f9d36efa1,a0bcb94f35c71d59,200,140,70.000000,209.335714,228.791124,0.700000,2.200000,254.312245,2.485714,245.634243,3.142857,2.227273,0.000000,0.318885,0.507389,0.185185,0.143969,100,320,320,32.000000,0,0,16,16,33,33,8,0,206.000000,440,0,0,17,126,0,17,17,13,4,0,17,4,4,1,3,0,0,0,0,0,60,0,60,3,57,0,0,0
329,12000358,25,1,379.518610329282,175.000000000000,18.000000000000,1.869404875399,c6947433d7945e64,8d15af1f9d36efa1,1ca205f466ab95f1,200,100,50.000000,194.020000,244.963468,0.500000,1.600000,235.293718,2.200000,232.054330,3.200000,2.062500,0.000000,0.384615,0.500000,0.238095,0.175258,100,376,376,32.000000,0,0,16,16,29,29,10,0,200.000000,320,0,0,15,90,0,15,15,10,5,0,15,5,5,0,5,0,0,0,0,0,100,0,100,5,95,0,0,0
330,12000359,25,1,12.552438311018,425.000000000000,15.000000000000,2.453868376925,7408babcfc804dc2,8d15af1f9d36efa1,9aa63500c57ca0df,200,5,2.500000,177.800000,279.865739,0.100000,0.100000,77.686188,1.000000,77.686188,1.000000,1.000000,0.000000,0.990403,0.720670,0.952381,0.987147,100,248,248,32.000000,0,0,16,16,186,186,12,76,516.000000,5,0,0,141,4,0,141,7,1,6,0,7,6,6,0,6,0,0,0,0,134,180,15,195,140,55,0,0,0
331,12000360,25,1,421.304715343924,175.000000000000,17.000000000000,2.481786472972,c7656ced36a002ca,8d15af1f9d36efa1,0,200,0,0.000000,NA,262.588331,0.000000,0.000000,nan,nan,NA,NA,NA,NA,1.000000,0.539171,1.000000,1.000000,100,248,248,32.000000,0,0,16,16,41,41,20,0,234.000000,0,0,0,31,0,0,31,10,0,10,0,10,10,10,0,10,0,0,0,0,21,200,0,200,31,169,0,0,0
332,12000361,25,1,372.452696667300,75.000000000000,14.000000000000,2.479454498335,f317732656718e69,8d15af1f9d36efa1,9a87a900c562b56c,200,20,10.000000,60.500000,272.407270,0.200000,0.200000,33.295938,1.500000,24.643595,1.000000,1.000000,0.000000,0.943182,0.624060,0.833333,0.909091,100,248,248,32.000000,0,0,16,16,95,95,10,0,332.000000,20,0,0,88,18,0,88,7,2,5,0,7,5,5,0,5,0,0,0,0,81,160,20,180,86,94,0,0,0
333,12000362,25,1,15.757791119727,325.000000000000,21.000000000000,2.381076141234,bca0d76038695e45,8d15af1f9d36efa1,0,200,0,0.000000,NA,302.201413,0.000000,0.000000,nan,nan,NA,NA,NA,NA,1.000000,0.521531,1.000000,1.000000,100,264,264,32.000000,0,0,16,16,33,33,20,4,218.000000,0,0,0,21,0,0,21,10,0,10,0,10,10,10,0,10,0,0,0,0,11,200,0,200,21,179,0,0,0
334,12000363,25,1,329.807338183301,425.000000000000,13.000000000000,2.308009577452,6cd8aa0c91c78593,8d15af1f9d36efa1,7957624fb07aa07a,200,100,50.000000,163.770000,198.385201,0.500000,1.100000,180.624196,2.150000,177.159038,2.200000,2.181818,0.000000,0.478673,0.502488,0.312500,0.241379,100,272,272,32.000000,0,0,16,16,30,30,10,0,202.000000,220,0,0,15,90,0,15,15,10,5,0,15,5,5,0,5,0,0,0,0,0,100,0,100,5,95,0,0,0
335,12000364,25,1,32.894645889244,175.000000000000,21.000000000000,2.100533521675,ec41c8a18529a184,8d15af1f9d36efa1,9a80dd00c55cef1a,200,24,12.000000,142.750000,325.190499,0.200000,0.400000,127.987056,1.666667,135.575063,2.083333,1.480000,0.000000,0.864865,0.615385,0.666667,0.789916,100,240,240,32.000000,0,0,16,16,84,84,20,2,320.000000,50,0,0,73,22,0,73,10,0,10,0,10,10,10,2,8,0,0,0,0,63,160,16,176,71,105,0,0,0
336,12000365,25,1,480.692605614291,425.000000000000,16.000000000000,1.557697662205,1a83bc9cadac45f8,8d15af1f9d36efa1,0,200,0,0.000000,NA,288.437963,0.000000,0.000000,nan,nan,NA,NA,NA,NA,1.000000,0.678457,1.000000,1.000000,100,224,224,32.000000,0,0,16,16,140,140,10,10,422.000000,0,0,0,130,0,0,130,5,0,5,0,5,5,5,0,5,0,0,0,0,125,200,0,200,130,70,0,0,0
337,12000366,25,1,57.010801748246,325.000000000000,21.000000000000,1.669990535141,45c31b5e538ae4e,8d15af1f9d36efa1,b1cbcf4f3f5d8443,200,17,8.500000,123.588235,281.098228,0.100000,0.200000,115.295764,1.000000,115.295764,2.000000,1.000000,0.000000,0.862903,0.516908,0.746269,0.706897,100,280,280,32.000000,0,0,16,16,32,32,18,0,214.000000,34,0,0,21,15,0,21,11,2,9,0,11,9,9,0,9,0,0,0,0,10,180,3,183,19,164,0,0,0
338,12000367,25,1,5.554100852002,75.000000000000,14.000000000000,1.941909441110,93548d2e2383692f,8d15af1f9d36efa1,9abaa400c58e0686,200,11,5.500000,274.545455,304.785810,0.200000,0.400000,156.676388,1.166667,188.542079,2.454545,1.296296,0.000000,0.938636,0.673736,0.787402,0.912621,100,200,200,31.000000,0,0,16,15,133,133,16,0,413.000000,27,0,0,125,9,0,125,8,0,8,0,8,8,8,2,6,0,0,0,0,117,160,29,189,123,66,0,0,0
339,12000368,25,1,77.544314242808,325.000000000000,22.000000000000,1.619948913423,ddc1877add2f9ada,8d15af1f9d36efa1,f09eef60e68accd1,200,40,20.000000,183.900000,214.496260,0.200000,0.600000,224.592636,1.200000,224.592636,3.000000,1.333333,0.000000,0.664804,0.543379,0.454545,0.469027,100,192,192,32.000000,0,0,16,16,45,45,16,0,238.000000,120,0,0,33,36,0,33,12,4,8,0,12,8,8,0,8,0,0,0,0,21,160,0,160,29,131,0,0,0
340,12000369,25,1,61.958952687633,75.000000000000,16.000000000000,1.783191428048,f271b483f1183b07,8d15af1f9d36efa1,9a65af00c545d938,200,57,28.500000,127.315789,208.774781,0.500000,1.200000,186.205758,1.526667,130.076197,1.666667,1.473684,0.000000,0.768856,0.612403,0.512821,0.659498,100,272,272,32.000000,0,0,16,16,86,86,12,0,316.000000,95,0,0,76,52,0,76,10,4,6,0,10,6,6,1,5,0,0,0,0,66,100,43,143,71,72,0,0,0
341,12000370,25,1,165.365582474960,175.000000000000,13.000000000000,2.563475053913,a1780541438f920,8d15af1f9d36efa1,9a6c6d00c54b87c0,200,13,6.500000,117.000000,266.292739,0.100000,0.100000,36.288660,2.000000,36.288660,1.000000,2.000000,0.000000,0.938967,0.500000,0.884956,0.839506,100,208,208,32.000000,0,0,16,16,26,26,16,2,200.000000,13,0,0,16,12,0,16,9,1,8,0,9,8,8,0,8,0,0,0,0,7,180,7,187,15,172,0,0,0
342,12000371,25,1,98.237104319009,325.000000000000,17.000000000000,2.381678153249,3c87e702a9cc9565,8d15af1f9d36efa1,9a87a900c562b56c,200,16,8.000000,67.562500,336.271892,0.100000,0.100000,11.118203,1.000000,11.118203,1.000000,1.000000,0.000000,0.929204,0.512195,0.862069,0.829787,100,296,296,32.000000,0,0,16,16,30,30,18,0,210.000000,16,0,0,19,14,0,19,11,2,9,0,11,9,9,0,9,0,0,0,0,8,180,4,184,17,167,0,0,0
343,12000372,25,1,413.925201817841,175.000000000000,22.000000000000,2.483590231333,931d7060432b8b4a,8d15af1f9d36efa1,ba534f4f4428a507,200,120,60.000000,184.416667,238.293285,0.600000,1.700000,210.745682,1.866667,221.400250,2.833333,1.882353,0.000000,0.381818,0.512195,0.227273,0.186603,100,296,296,32.000000,0,0,16,16,35,35,8,0,210.000000,340,0,0,19,108,0,19,16,12,4,0,16,4,4,0,4,0,0,0,0,3,80,0,80,7,73,0,0,0
344,12000373,25,1,425.993010275556,325.000000000000,23.000000000000,1.743898740349,e8ce03c21db9295,8d15af1f9d36efa1,3686f2d2b32a5843,200,132,66.000000,224.060606,246.481109,0.700000,2.300000,252.429503,1.652381,248.675604,3.234848,1.522248,0.000000,0.355958,0.541284,0.189753,0.195857,100,256,256,32.000000,0,0,16,16,45,45,14,2,236.000000,427,0,0,27,118,0,27,17,10,7,0,17,7,7,4,3,0,0,0,0,10,60,8,68,13,55,0,0,0
345,12000374,25,1,480.877940269879,75.000000000000,13.000000000000,2.982418577745,ec2666f1ed675617,8d15af1f9d36efa1,9a65bc00c545ef4f,200,53,26.500000,162.433962,221.548048,0.300000,0.500000,136.709952,1.111111,143.323741,1.754717,1.215054,0.000000,0.708464,0.530516,0.518135,0.502674,100,232,232,32.000000,0,0,16,16,37,37,20,0,226.000000,93,0,0,25,48,0,25,12,2,10,0,12,10,10,3,7,0,0,0,0,13,140,7,147,20,127,0,0,0
346,12000375,25,1,451.403352145748,325.000000000000,17.000000000000,1.700957848421,486d66c846377cd2,8d15af1f9d36efa1,97bae54f3094119d,200,40,20.000000,150.725000,229.363825,0.200000,0.300000,126.941015,2.000000,136.715426,1.675000,2.104478,0.000000,0.747170,0.497487,0.598802,0.496241,100,216,216,32.000000,0,0,16,16,23,23,20,0,198.000000,67,0,0,12,36,0,12,12,2,10,0,12,10,10,2,8,0,0,0,0,0,160,0,160,8,152,0,0,0
347,12000376,25,1,189.435460759579,425.000000000000,8.000000000000,2.543224652874,3024b0399fccd363,8d15af1f9d36efa1,b65d3bf40beff278,200,40,20.000000,174.100000,285.231807,0.200000,0.600000,195.122714,1.500000,195.122714,3.000000,1.500000,0.000000,0.647059,0.523810,0.454545,0.423077,100,256,256,32.000000,0,0,16,16,36,36,16,0,220.000000,120,0,0,24,36,0,24,12,4,8,0,12,8,8,0,8,0,0,0,0,12,160,0,160,20,140,0,0,0
348,12000377,25,1,380.351420360404,175.000000000000,15.000000000000,2.793050284621,74047bfcb3ced544,8d15af1f9d36efa1,4bcba99cd7ac17c8,200,98,49.000000,143.122449,232.011240,0.500000,1.000000,143.616124,1.500000,143.452129,2.010204,1.598985,0.000000,0.515971,0.512195,0.336700,0.283636,100,224,224,32.000000,0,0,16,16,34,34,10,0,210.000000,197,0,0,19,88,0,19,15,10,5,0,15,5,5,0,5,0,0,0,0,4,100,2,102,9,93,0,0,0
349,12000378,25,1,404.396911369424,425.000000000000,17.000000000000,2.197188217078,12d49ee3a43b274d,8d15af1f9d36efa1,ef32a1b0e9531864,200,55,27.500000,184.818182,238.399797,0.500000,1.000000,159.248174,2.200000,140.568964,1.854545,1.725490,0.000000,0.759434,0.616858,0.495050,0.650685,100,280,280,32.000000,0,0,16,16,87,87,16,2,322.000000,102,0,0,74,48,0,74,12,4,8,0,12,8,8,3,5,0,0,0,0,62,100,45,145,67,78,0,0,0
350,12000379,25,1,326.011007870178,75.000000000000,8.000000000000,2.644045972507,5a39dba12dd71d08,8d15af1f9d36efa1,9a953900c56e3478,200,46,23.000000,144.586957,236.960819,0.300000,0.600000,142.051109,1.333333,133.111306,1.847826,1.305882,0.000000,0.780362,0.601594,0.540541,0.666667,100,232,232,32.000000,0,0,16,16,77,77,16,0,302.000000,85,0,0,67,42,0,67,10,2,8,0,10,8,8,2,6,0,0,0,0,57,140,14,154,63,91,0,0,0
351,12000380,25,1,119.551641984312,425.000000000000,16.000000000000,1.817944345198,84fe543f9b56dff9,8d15af1f9d36efa1,0,200,0,0.000000,NA,259.552444,0.000000,0.000000,nan,nan,NA,NA,NA,NA,1.000000,0.528302,1.000000,1.000000,100,152,152,32.000000,0,0,16,16,36,36,20,0,224.000000,0,0,0,26,0,0,26,10,0,10,0,10,10,10,0,10,0,0,0,0,16,200,0,200,26,174,0,0,0
352,12000381,25,1,71.789539495197,425.000000000000,17.000000000000,2.369874429033,d5408268db0f56e1,8d15af1f9d36efa1,8db2f04eedff285e,200,161,80.500000,275.236025,293.287748,0.900000,4.200000,355.257356,1.566402,335.293133,4.496894,1.559392,0.000000,0.259714,0.559471,0.121359,0.144208,100,264,264,32.000000,0,0,16,16,54,54,14,2,254.000000,724,0,0,36,145,0,36,17,10,7,0,17,7,7,6,1,0,0,0,0,19,20,19,39,20,19,0,0,0
353,12000382,25,1,151.630416093846,325.000000000000,15.000000000000,2.801030853142,26856ac4cfd46d38,8d15af1f9d36efa1,0,200,0,0.000000,NA,260.204985,0.000000,0.000000,nan,nan,NA,NA,NA,NA,1.000000,0.497487,1.000000,1.000000,100,280,280,32.000000,0,0,16,16,23,23,20,0,198.000000,0,0,0,13,0,0,13,10,0,10,0,10,10,10,0,10,0,0,0,0,3,200,0,200,13,187,0,0,0
354,12000383,25,1,51.214270756404,425.000000000000,16.000000000000,1.634171921403,fc8f6c0625d1c4a2,8d15af1f9d36efa1,ca2699c6f099f56e,200,49,24.500000,234.836735,245.233215,0.300000,0.900000,252.305833,1.972222,250.209522,2.979592,1.897260,0.000000,0.640394,0.565217,0.406504,0.467153,100,272,272,32.000000,0,0,16,16,54,54,20,0,260.000000,146,0,0,41,43,0,41,13,3,10,0,13,10,10,3,7,0,0,0,0,28,140,11,151,35,116,0,0,0
355,12000384,25,1,151.596238873562,425.000000000000,15.000000000000,2.415596679042,1a3d1aa2e4980a26,8d15af1f9d36efa1,6a08c67b3d45c020,200,46,23.000000,207.826087,275.569259,0.300000,1.000000,247.948497,1.783333,268.991175,3.586957,1.557576,0.000000,0.638950,0.593496,0.377358,0.492308,100,320,320,32.000000,0,0,16,16,73,73,14,8,292.000000,165,0,0,58,42,0,58,11,4,7,0,11,7,7,0,7,0,0,0,0,47,140,14,154,54,100,0,0,0
356,12000385,25,1,474.337036289689,75.000000000000,16.000000000000,2.173118922956,5a3556bf157c97ba,8d15af1f9d36efa1,c340a44f494a2fec,200,17,8.500000,176.235294,291.735392,0.100000,0.200000,173.297441,1.000000,173.297441,2.000000,1.000000,0.000000,0.893082,0.586777,0.746269,0.817204,100,288,288,32.000000,0,0,16,16,67,67,18,8,284.000000,34,0,0,52,15,0,52,11,2,9,0,11,9,9,0,9,0,0,0,0,41,180,3,183,50,133,0,0,0
357,12000386,25,1,69.023973129132,325.000000000000,21.000000000000,2.278644919553,c6fc462ff8ad9634,8d15af1f9d36efa1,c2ec04d0dda36186,200,117,58.500000,246.290598,223.267089,0.700000,2.800000,286.196068,1.972789,296.766463,4.290598,1.974104,0.000000,0.329773,0.552573,0.166113,0.187702,100,328,328,31.000000,0,0,16,15,51,51,14,0,247.000000,502,0,0,37,106,0,37,14,7,7,0,14,7,7,4,3,0,0,0,0,23,60,23,83,26,57,0,0,0
358,12000387,25,1,281.312510511620,175.000000000000,16.000000000000,1.524272978919,1d87f50f96b639c1,8d15af1f9d36efa1,ffa9554f6b713d0e,200,20,10.000000,164.900000,283.587921,0.100000,0.200000,168.740671,1.500000,168.740671,2.000000,1.500000,0.000000,0.829060,0.492386,0.714286,0.607843,100,240,240,32.000000,0,0,16,16,22,22,18,0,194.000000,40,0,0,11,18,0,11,11,2,9,0,11,9,9,0,9,0,0,0,0,0,180,0,180,9,171,0,0,0
359,12000388,25,1,274.513760905661,175.000000000000,14.000000000000,2.009937659562,e4a1d63007cbaaee,8d15af1f9d36efa1,9a98b100c5713637,200,20,10.000000,85.650000,246.574839,0.100000,0.100000,57.915651,2.000000,57.915651,1.000000,2.000000,0.000000,0.907407,0.494949,0.833333,0.761905,100,200,200,32.000000,0,0,16,16,23,23,18,0,196.000000,20,0,0,12,18,0,12,11,2,9,0,11,9,9,0,9,0,0,0,0,1,180,0,180,10,170,0,0,0
360,12000389,25,1,493.011549449846,75.000000000000,13.000000000000,2.724033068800,d0502b687035db24,8d15af1f9d36efa1,7acebba8abe1f93a,200,3,1.500000,316.666667,310.713628,0.100000,0.300000,220.248125,1.666667,220.248125,3.000000,1.666667,0.000000,0.969388,0.587629,0.917431,0.944785,100,224,224,31.000000,0,0,16,15,69,69,16,0,285.000000,9,0,0,60,2,0,60,9,1,8,0,9,8,8,0,8,0,0,0,0,51,180,17,197,59,138,0,0,0
361,12000390,25,1,96.556069230921,75.000000000000,12.000000000000,2.098534623828,96086d4349a72e8,8d15af1f9d36efa1,b227894f3fab6bfe,200,13,6.500000,118.769231,254.779771,0.100000,0.200000,125.836712,3.000000,126.516628,2.000000,2.500000,0.000000,0.895161,0.526066,0.793651,0.775862,100,288,288,32.000000,0,0,16,16,36,36,18,0,222.000000,26,0,0,26,12,0,26,10,1,9,0,10,9,9,0,9,0,0,0,0,16,180,7,187,25,162,0,0,0
362,12000391,25,1,318.195152967515,75.000000000000,15.000000000000,1.865094836852,3ba63a1dd5e293de,8d15af1f9d36efa1,dd39b84f57ff580f,200,33,16.500000,121.636364,246.115021,0.200000,0.300000,110.620034,2.250000,118.038819,1.606061,1.867925,0.000000,0.832808,0.568966,0.653595,0.713514,100,272,272,32.000000,0,0,16,16,58,58,16,0,264.000000,53,0,0,48,30,0,48,10,2,8,0,10,8,8,1,7,0,0,0,0,38,160,7,167,45,122,0,0,0
363,12000392,25,1,83.457528815837,425.000000000000,9.000000000000,2.598917321564,24407c2c29e0664d,8d15af1f9d36efa1,8b54603d4d9b8ff1,200,68,34.000000,191.808824,189.771666,0.500000,1.400000,214.885907,1.466667,205.096219,2.852941,1.422680,0.000000,0.607287,0.600000,0.340136,0.464088,100,248,248,32.000000,0,0,16,16,76,76,16,0,300.000000,194,0,0,65,62,0,65,11,3,8,0,11,8,8,3,5,0,0,0,0,54,100,32,132,59,73,0,0,0
364,12000393,25,1,444.737193560549,75.000000000000,20.000000000000,2.013297209307,b2ba0791833b4939,8d15af1f9d36efa1,8d0b103e89c76175,200,100,50.000000,184.720000,259.855382,0.600000,1.900000,226.588661,2.125000,197.257198,2.930000,2.051195,0.000000,0.462385,0.557522,0.254453,0.290557,100,360,360,32.000000,0,0,16,16,54,54,12,0,252.000000,293,0,0,40,90,0,40,14,8,6,0,14,6,6,2,4,0,0,0,0,26,80,20,100,30,70,0,0,0
365,12000394,25,1,224.707017170479,325.000000000000,18.000000000000,2.234598961744,f9a509deca3f8159,8d15af1f9d36efa1,b208e34f3f91545d,200,100,50.000000,182.660000,191.308180,0.500000,1.500000,209.843343,2.219048,207.842835,3.000000,2.333333,0.000000,0.402390,0.502488,0.250000,0.189189,100,264,264,32.000000,0,0,16,16,30,30,10,0,202.000000,300,0,0,15,90,0,15,15,10,5,0,15,5,5,0,5,0,0,0,0,0,100,0,100,5,95,0,0,0
366,12000395,25,1,364.542155915557,75.000000000000,14.000000000000,2.632466192178,d4457a0ea5339ba9,8d15af1f9d36efa1,9a9f8700c5770d87,200,64,32.000000,128.875000,230.570442,0.400000,0.800000,150.671687,3.000000,135.383600,1.812500,2.775862,0.000000,0.693122,0.567100,0.462963,0.528455,100,296,296,32.000000,0,0,16,16,60,60,10,0,262.000000,116,0,0,57,58,0,49,11,6,5,0,11,5,5,0,5,0,0,0,0,46,120,16,136,51,85,0,0,0
367,12000396,25,1,498.139120089630,325.000000000000,23.000000000000,2.317051769386,3db3ea27fc9f0201,8d15af1f9d36efa1,cbfe9f4f4e43b121,200,70,35.000000,106.285714,277.601489,0.400000,0.500000,76.282372,3.125000,77.627172,1.228571,2.988372,0.000000,0.739394,0.549550,0.537634,0.565657,100,376,376,32.000000,0,0,16,16,50,50,12,0,244.000000,86,0,0,36,62,0,36,14,8,6,0,14,6,6,0,6,0,0,0,0,22,120,10,130,28,102,0,0,0
368,12000397,25,1,278.043299787041,175.000000000000,8.000000000000,2.011123362239,3e4f609cb22dc76e,8d15af1f9d36efa1,793c2c4fb0637d00,200,60,30.000000,126.133333,270.495398,0.300000,0.500000,124.241993,1.666667,124.241993,1.666667,1.800000,0.000000,0.664430,0.497487,0.500000,0.397590,100,296,296,32.000000,0,0,16,16,26,26,14,0,198.000000,100,0,0,13,54,0,13,13,6,7,0,13,7,7,0,7,0,0,0,0,0,140,0,140,7,133,0,0,0
369,12000398,25,1,29.068607205607,175.000000000000,22.000000000000,2.413200421329,e23bbcc86ce6bf18,8d15af1f9d36efa1,33e2b44f8917ed6c,200,38,19.000000,166.815789,242.612655,0.300000,0.600000,153.387271,2.333333,167.108857,2.210526,2.119048,0.000000,0.755814,0.565217,0.543478,0.603774,100,328,328,32.000000,0,0,16,16,56,56,16,0,260.000000,84,0,0,45,34,0,45,11,3,8,0,11,8,8,1,7,0,0,0,0,34,140,22,162,41,121,0,0,0
370,12000399,25,1,145.678277974970,175.000000000000,23.000000000000,1.574151051845,305ec523df5424df,8d15af1f9d36efa1,8bc394f70b2d72d,200,40,20.000000,142.900000,291.715589,0.200000,0.400000,148.864024,1.250000,148.864024,2.000000,1.250000,0.000000,0.710145,0.494949,0.555556,0.444444,100,232,232,32.000000,0,0,16,16,24,24,16,0,196.000000,80,0,0,12,36,0,12,12,4,8,0,12,8,8,0,8,0,0,0,0,0,160,0,160,8,152,0,0,0
371,12000400,25,1,470.476647228299,175.000000000000,18.000000000000,2.680609890605,e9f3058dd28141d5,8d15af1f9d36efa1,0,200,0,0.000000,NA,309.490883,0.000000,0.000000,nan,nan,NA,NA,NA,NA,1.000000,0.519231,1.000000,1.000000,100,248,248,32.000000,0,0,16,16,33,33,18,0,216.000000,0,0,0,24,0,0,24,9,0,9,0,9,9,9,0,9,0,0,0,0,15,200,0,200,24,176,0,0,0
372,12000401,25,1,300.332855869506,75.000000000000,11.000000000000,2.140436841770,e2e3f3d6c3294f01,8d15af1f9d36efa1,9a9c1200c57410e1,200,20,10.000000,84.650000,305.559005,0.100000,0.100000,70.356482,3.000000,70.356482,1.000000,3.000000,0.000000,0.906103,0.491094,0.833333,0.756098,100,256,256,31.000000,0,0,16,15,22,22,18,0,193.000000,20,0,0,11,18,0,11,11,2,9,0,11,9,9,0,9,0,0,0,0,0,180,0,180,9,171,0,0,0
373,12000402,25,1,375.309541918536,325.000000000000,15.000000000000,2.039886074751,e6210e8c43536313,8d15af1f9d36efa1,7968614fb08911fa,200,49,24.500000,158.020408,221.955782,0.300000,0.500000,141.022474,1.833333,138.827086,1.693878,1.590361,0.000000,0.747720,0.551570,0.546448,0.578680,100,240,240,32.000000,0,0,16,16,48,48,18,0,246.000000,83,0,0,35,43,0,35,13,4,9,0,13,9,9,2,7,0,0,0,0,22,140,11,151,29,122,0,0,0
374,12000403,25,1,372.782817101368,425.000000000000,15.000000000000,2.905726066749,3a2cce21dbb3010f,8d15af1f9d36efa1,9a624d00c542fcdb,200,92,46.000000,221.173913,209.799713,0.500000,1.400000,232.442804,2.050000,246.397544,3.010870,2.166065,0.000000,0.447106,0.528302,0.265252,0.249322,100,256,256,32.000000,0,0,16,16,41,41,10,4,224.000000,277,0,0,26,83,0,26,13,8,5,0,13,5,5,1,4,0,0,0,0,13,100,8,108,17,91,0,0,0
375,12000404,25,1,417.497415453499,425.000000000000,18.000000000000,1.596172702084,ceedd14aa65fb53b,8d15af1f9d36efa1,9a76b700c5545a03,200,20,10.000000,76.850000,234.766920,0.100000,0.100000,65.218389,1.000000,65.218389,1.000000,1.000000,0.000000,0.939759,0.609375,0.833333,0.900000,100,248,248,32.000000,0,0,16,16,84,84,12,0,312.000000,20,0,0,78,18,0,78,8,2,6,0,8,6,6,0,6,0,0,0,0,70,180,0,180,76,104,0,0,0
376,12000405,25,1,112.918837517218,425.000000000000,12.000000000000,2.956594067000,9911ec02eab8205d,8d15af1f9d36efa1,a0ec4c4f35ef87e4,200,88,44.000000,156.272727,246.476262,0.500000,1.000000,151.824737,1.966667,162.800013,2.068182,1.813187,0.000000,0.578704,0.555556,0.354610,0.393333,100,232,232,32.000000,0,0,16,16,52,52,14,0,250.000000,182,0,0,38,79,0,38,14,7,7,0,14,7,7,2,5,0,0,0,0,24,100,12,112,29,83,0,0,0
377,12000406,25,1,491.572722671263,425.000000000000,14.000000000000,2.674602749921,1f6e9f8e67d7bdea,8d15af1f9d36efa1,9aa63700c57ca445,200,13,6.500000,70.230769,254.288189,0.100000,0.100000,31.641046,2.000000,31.641046,1.000000,2.000000,0.000000,0.960245,0.610895,0.884956,0.933333,100,272,272,32.000000,0,0,16,16,84,84,14,0,314.000000,13,0,0,84,12,0,76,8,1,7,0,8,7,7,0,7,0,0,0,0,76,180,7,187,83,104,0,0,0
378,12000407,25,1,431.295971879966,75.000000000000,14.000000000000,2.223310163824,254678b099045251,8d15af1f9d36efa1,febd16476ee00e88,200,40,20.000000,147.325000,309.243230,0.200000,0.400000,156.272153,1.666667,156.272153,2.000000,1.500000,0.000000,0.766082,0.567100,0.555556,0.619048,100,208,208,32.000000,0,0,16,16,57,57,16,2,262.000000,80,0,0,44,36,0,44,12,4,8,0,12,8,8,0,8,0,0,0,0,32,160,0,160,40,120,0,0,0
379,12000408,25,1,380.418840350483,325.000000000000,19.000000000000,2.200692230705,f73bc948c4b9045,8d15af1f9d36efa1,9a8b1000c5659a48,200,100,50.000000,143.990000,192.669991,0.500000,1.100000,164.349862,1.950000,145.717033,2.200000,1.727273,0.000000,0.483568,0.507389,0.312500,0.251701,100,296,296,32.000000,0,0,16,16,30,30,14,0,206.000000,220,0,0,15,90,0,15,15,8,7,0,15,7,7,2,5,0,0,0,0,0,100,0,100,5,95,0,0,0
380,12000409,25,1,229.461630215783,325.000000000000,12.000000000000,1.991684594998,8171119c426835f8,8d15af1f9d36efa1,9a6c7500c54b9558,200,95,47.500000,119.294737,172.996150,0.500000,0.600000,80.325335,1.600000,98.680858,1.410526,1.664179,0.000000,0.614943,0.516908,0.427350,0.379630,100,264,264,32.000000,0,0,16,16,35,35,12,0,214.000000,134,0,0,20,85,0,20,15,9,6,0,15,6,6,1,5,0,0,0,0,5,100,5,105,10,95,0,0,0
381,12000410,25,1,389.765393928313,425.000000000000,15.000000000000,1.508961258974,56ed6e769925e341,8d15af1f9d36efa1,9a80d700c55ce4e8,200,131,65.500000,184.458015,233.809826,0.700000,1.900000,207.018217,1.785714,211.421891,2.778626,1.799451,0.000000,0.393333,0.541284,0.215517,0.222222,100,256,256,32.000000,0,0,16,16,49,49,6,0,236.000000,364,0,0,33,118,0,33,16,13,3,0,16,3,3,0,3,0,0,0,0,17,60,9,69,20,49,0,0,0
382,12000411,25,1,152.462907615320,175.000000000000,13.000000000000,2.780423623766,261e6c57cecbb428,8d15af1f9d36efa1,8bbfa6634ad266df,200,152,76.000000,261.269737,212.416407,0.800000,3.300000,326.107029,1.374702,327.900598,4.177632,1.374803,0.000000,0.259043,0.526066,0.136054,0.124138,100,264,264,32.000000,0,0,16,16,42,42,6,0,222.000000,635,0,0,25,137,0,25,17,14,3,0,17,3,3,1,2,0,0,0,0,8,40,8,48,10,38,0,0,0
383,12000412,25,1,349.793679780455,425.000000000000,12.000000000000,2.950589312685,79b2a3f384b3c6b7,8d15af1f9d36efa1,2282264f7f3c6372,200,80,40.000000,181.062500,281.674030,0.400000,1.100000,189.186291,1.758333,189.186291,2.750000,1.545455,0.000000,0.586466,0.609375,0.312500,0.450000,100,320,320,32.000000,0,0,16,16,84,84,12,2,312.000000,220,0,0,70,72,0,70,13,7,6,0,13,6,6,1,5,0,0,0,0,57,120,0,120,62,58,0,0,0
384,12000413,25,1,70.125284831444,175.000000000000,16.000000000000,2.753869481128,70cf31269af708d0,8d15af1f9d36efa1,9aa2d200c579c2cf,200,20,10.000000,75.500000,285.363390,0.100000,0.100000,77.177678,2.000000,77.177678,1.000000,2.000000,0.000000,0.913043,0.512195,0.833333,0.795918,100,256,256,32.000000,0,0,16,16,30,30,18,0,210.000000,20,0,0,19,18,0,19,11,2,9,0,11,9,9,0,9,0,0,0,0,8,180,0,180,17,163,0,0,0
385,12000414,25,1,353.783177142558,325.000000000000,18.000000000000,2.242876991106,8c179ba7eda4843e,8d15af1f9d36efa1,9aa9a300c57f91a0,200,52,26.000000,120.057692,262.893545,0.300000,0.400000,87.832001,2.333333,107.974982,1.384615,2.277778,0.000000,0.760000,0.532710,0.581395,0.571429,100,280,280,32.000000,0,0,16,16,41,41,14,0,228.000000,72,0,0,28,46,0,28,13,6,7,0,13,7,7,0,7,0,0,0,0,15,140,8,148,22,126,0,0,0
386,12000415,25,1,147.332467259496,425.000000000000,16.000000000000,2.220956695084,a55a168c1731d00e,8d15af1f9d36efa1,9a625200c543055a,200,20,10.000000,88.600000,304.607870,0.100000,0.100000,62.653183,1.000000,62.653183,1.000000,1.000000,0.000000,0.931034,0.574468,0.833333,0.873418,100,216,216,32.000000,0,0,16,16,61,61,16,4,270.000000,20,0,0,49,18,0,49,10,2,8,0,10,8,8,0,8,0,0,0,0,39,180,0,180,47,133,0,0,0
387,12000416,25,1,405.081037015499,175.000000000000,19.000000000000,2.879204976616,7479fe3dd98a0538,8d15af1f9d36efa1,7943104fb0696c1a,200,80,40.000000,154.325000,262.359837,0.400000,0.700000,154.432011,1.958333,163.823836,2.062500,1.848485,0.000000,0.545455,0.497487,0.377358,0.285714,100,248,248,32.000000,0,0,16,16,25,25,16,0,198.000000,165,0,0,14,72,2,12,12,4,8,0,12,8,8,2,6,0,0,0,0,0,120,0,120,6,114,0,0,0
388,12000417,25,1,488.606742296954,175.000000000000,22.000000000000,2.163379967807,e11efcbf407b12e6,8d15af1f9d36efa1,8f4ea94f2be02c1d,200,18,9.000000,162.888889,243.579693,0.100000,0.200000,161.921695,1.500000,161.921695,2.000000,1.500000,0.000000,0.875000,0.557522,0.735294,0.769231,100,216,216,32.000000,0,0,16,16,51,51,18,0,252.000000,36,0,0,40,16,0,40,11,2,9,0,11,9,9,0,9,0,0,0,0,29,180,2,182,38,144,0,0,0
389,12000418,25,1,448.636254968581,175.000000000000,20.000000000000,2.276223193716,c60d06f30d803fc3,8d15af1f9d36efa1,59b700ca3a717281,200,19,9.500000,219.789474,339.994283,0.100000,0.300000,223.729579,1.333333,223.729579,3.000000,1.333333,0.000000,0.802768,0.537037,0.636943,0.636943,100,192,192,32.000000,0,0,16,16,40,40,20,0,232.000000,57,0,0,29,17,0,29,11,1,10,0,11,10,10,1,9,0,0,0,0,18,180,1,181,27,154,0,0,0
390,12000419,25,1,153.985612855664,175.000000000000,11.000000000000,2.504879240833,cbacb1c0bee9e25c,8d15af1f9d36efa1,2b217a4f841bcb53,200,60,30.000000,106.600000,216.668234,0.300000,0.500000,106.956255,2.166667,98.857061,1.666667,1.800000,0.000000,0.673203,0.507389,0.500000,0.425287,100,280,280,32.000000,0,0,16,16,30,30,14,0,206.000000,100,0,0,17,54,0,17,13,6,7,0,13,7,7,0,7,0,0,0,0,4,140,0,140,11,129,0,0,0
391,12000420,25,1,149.660368781219,175.000000000000,17.000000000000,2.257586118264,2bf3e052cdeddcf1,8d15af1f9d36efa1,9a9c0900c5740196,200,80,40.000000,95.337500,192.332106,0.400000,0.500000,90.571833,1.750000,88.629353,1.250000,1.600000,0.000000,0.676375,0.511002,0.500000,0.438202,100,272,272,31.000000,0,0,16,15,33,33,12,0,209.000000,100,0,0,19,72,0,19,14,8,6,0,14,6,6,0,6,0,0,0,0,5,120,0,120,11,109,0,0,0
392,12000421,25,1,448.903846858552,325.000000000000,23.000000000000,1.649833213152,4f34d9f24adb9ef4,8d15af1f9d36efa1,e8658fe7f6fa25a2,200,136,68.000000,194.838235,238.644543,0.700000,1.900000,214.275094,1.311905,214.976911,2.720588,1.475676,0.000000,0.375000,0.526066,0.212766,0.195652,100,232,232,32.000000,0,0,16,16,42,42,6,0,222.000000,370,0,0,25,122,0,25,17,14,3,0,17,3,3,0,3,0,0,0,0,8,60,4,64,11,53,0,0,0
393,12000422,25,1,217.847971562673,425.000000000000,13.000000000000,1.948940275989,bd6fd1ca69294512,8d15af1f9d36efa1,110d993eecb91ecf,200,86,43.000000,251.046512,253.935366,0.800000,3.400000,360.467483,1.780556,291.113174,3.488372,1.850000,0.000000,0.550898,0.647887,0.250000,0.440299,100,320,320,32.000000,0,0,16,16,116,116,4,0,368.000000,300,0,0,105,76,0,105,11,9,2,0,11,2,2,1,1,0,0,0,0,94,40,74,114,95,19,0,0,0
394,12000423,25,1,384.982686434230,325.000000000000,18.000000000000,2.404619924640,63a74c1081974e20,8d15af1f9d36efa1,5c0dca06de065f7,200,38,19.000000,132.394737,250.687342,0.200000,0.400000,131.618416,1.333333,125.069284,1.947368,1.486486,0.000000,0.737589,0.509804,0.574713,0.506667,100,192,192,32.000000,0,0,16,16,30,30,16,0,208.000000,74,0,0,18,34,0,18,12,4,8,0,12,8,8,0,8,0,0,0,0,6,160,2,162,14,148,0,0,0
395,12000424,25,1,252.629667270484,425.000000000000,9.000000000000,1.912764193399,cbd7ede30743b5c5,8d15af1f9d36efa1,a940f14f3a8f8dee,200,39,19.500000,114.974359,221.714326,0.200000,0.300000,97.395183,2.000000,97.819873,1.512821,2.000000,0.000000,0.782288,0.514563,0.628931,0.575540,100,240,240,32.000000,0,0,16,16,32,32,16,0,212.000000,59,0,0,20,35,0,20,12,4,8,0,12,8,8,0,8,0,0,0,0,8,160,1,161,16,145,0,0,0
396,12000425,25,1,202.278967192371,425.000000000000,12.000000000000,1.812640434583,960f7a010027c447,8d15af1f9d36efa1,9a8e7d00c5688956,200,40,20.000000,142.100000,242.051055,0.200000,0.400000,157.522462,1.666667,157.522462,2.000000,1.500000,0.000000,0.710145,0.494949,0.555556,0.444444,100,184,184,32.000000,0,0,16,16,24,24,16,0,196.000000,80,0,0,12,36,0,12,12,4,8,0,12,8,8,0,8,0,0,0,0,0,160,0,160,8,152,0,0,0
397,12000426,25,1,203.857563629024,175.000000000000,13.000000000000,1.613602986401,cc231d182b2bedb,8d15af1f9d36efa1,c34af54f49530e14,200,100,50.000000,168.420000,247.064183,0.500000,1.300000,189.809355,1.740000,189.809355,2.600000,1.615385,0.000000,0.442060,0.507389,0.277778,0.221557,100,296,296,32.000000,0,0,16,16,32,32,10,4,206.000000,260,0,0,15,90,0,15,15,10,5,0,15,5,5,0,5,0,0,0,0,0,100,0,100,5,95,0,0,0
398,12000427,25,1,113.224060787869,175.000000000000,12.000000000000,2.846686203985,d36df82ab9288088,8d15af1f9d36efa1,792e8c4fb057e2c4,200,20,10.000000,137.650000,266.875692,0.100000,0.200000,134.058133,1.500000,134.058133,2.000000,1.500000,0.000000,0.830508,0.494949,0.714286,0.615385,100,248,248,32.000000,0,0,16,16,23,23,18,0,196.000000,40,0,0,12,18,0,12,11,2,9,0,11,9,9,0,9,0,0,0,0,1,180,0,180,10,170,0,0,0
399,12000428,25,1,332.792949656619,425.000000000000,16.000000000000,2.097901049310,9f1354cfd2ae896f,8d15af1f9d36efa1,9a844d00c55fe341,200,60,30.000000,154.233333,255.266474,0.300000,0.600000,152.789440,1.833333,157.637622,2.216667,1.751880,0.000000,0.666667,0.570815,0.429185,0.501873,100,280,280,32.000000,0,0,16,16,62,62,10,0,266.000000,133,0,0,51,54,0,51,11,6,5,0,11,5,5,0,5,0,0,0,0,40,140,0,140,45,95,0,0,0
400,12000429,25,1,306.603862685895,75.000000000000,10.000000000000,2.472028497169,67313c4a5d364809,8d15af1f9d36efa1,9a7d7300c55a0525,200,33,16.500000,109.727273,286.168577,0.200000,0.200000,80.169508,3.000000,78.149770,1.000000,3.000000,0.000000,0.881720,0.551570,0.751880,0.775510,100,240,240,32.000000,0,0,16,16,48,48,18,0,246.000000,33,0,0,37,30,0,37,11,2,9,0,11,9,9,1,8,0,0,0,0,26,160,7,167,34,133,0,0,0
401,12000430,25,1,13.658874073348,175.000000000000,24.000000000000,2.226576897695,a0e198be563db50f,8d15af1f9d36efa1,9a91c300c56b361f,200,58,29.000000,136.051724,226.556227,0.300000,0.500000,94.703769,1.333333,96.853780,1.689655,1.193878,0.000000,0.679739,0.509804,0.505051,0.436782,100,208,208,32.000000,0,0,16,16,28,28,20,0,208.000000,98,0,0,15,52,0,15,13,3,10,0,13,10,10,3,7,0,0,0,0,2,140,2,142,9,133,0,0,0
402,12000431,25,1,346.045681877835,175.000000000000,17.000000000000,2.128827821888,2bcd40ce4f7bf8a1,8d15af1f9d36efa1,4d6b42ac73eafb43,200,113,56.500000,189.991150,264.065674,0.600000,1.700000,207.763989,2.194444,225.175129,2.938053,2.283133,0.000000,0.385185,0.509804,0.231481,0.186275,100,304,304,32.000000,0,0,16,16,35,35,6,0,208.000000,332,0,0,21,102,0,21,14,11,3,0,14,3,3,0,3,0,0,0,0,7,80,7,87,10,77,0,0,0
403,12000432,25,1,175.522857834323,425.000000000000,14.000000000000,2.728614137256,b14d808014f9665f,8d15af1f9d36efa1,df39cfe1b67a349d,200,66,33.000000,133.621212,252.918663,0.400000,0.800000,142.683508,2.187500,145.932786,2.106061,1.992806,0.000000,0.677494,0.593496,0.418410,0.535117,100,304,304,32.000000,0,0,16,16,75,75,10,2,292.000000,139,0,0,63,60,0,63,11,6,5,0,11,5,5,0,5,0,0,0,0,52,120,14,134,57,77,0,0,0
404,12000433,25,1,77.669290783229,425.000000000000,18.000000000000,2.286117789193,cfcd2881c2f5b990,8d15af1f9d36efa1,86a344ac84dccf7f,200,33,16.500000,303.575758,325.961751,0.200000,1.100000,380.599494,1.450000,362.637713,5.606061,1.464865,0.000000,0.570766,0.551570,0.350877,0.381271,100,232,232,32.000000,0,0,16,16,47,47,20,0,246.000000,185,0,0,36,30,0,36,11,1,10,0,11,10,10,2,8,0,0,0,0,25,160,7,167,33,134,0,0,0
405,12000434,25,1,31.608596847015,425.000000000000,15.000000000000,2.533227039364,b4a7211bd66c1c08,8d15af1f9d36efa1,1fe5d625e05f10f3,200,72,36.000000,198.402778,253.382172,0.500000,1.400000,210.688086,1.833333,221.194115,2.888889,1.730769,0.000000,0.592157,0.601594,0.324675,0.449735,100,264,264,32.000000,0,0,16,16,78,78,14,0,302.000000,208,0,0,66,65,0,66,12,5,7,0,12,7,7,2,5,0,0,0,0,54,100,28,128,59,69,0,0,0
406,12000435,25,1,131.827326264581,325.000000000000,16.000000000000,1.793566804191,a0f4af57d7957bc3,8d15af1f9d36efa1,45281e4f92dc7282,200,40,20.000000,224.475000,327.905359,0.200000,0.700000,280.174691,1.750000,280.174691,3.500000,1.428571,0.000000,0.583333,0.494949,0.416667,0.313725,100,232,232,32.000000,0,0,16,16,24,24,16,0,196.000000,140,0,0,12,36,0,12,12,4,8,0,12,8,8,0,8,0,0,0,0,0,160,0,160,8,152,0,0,0
407,12000436,25,1,434.781384054110,425.000000000000,18.000000000000,1.724085956024,480b6ffa21aba4fb,8d15af1f9d36efa1,79540c4fb077d881,200,36,18.000000,156.500000,219.190699,0.400000,0.700000,128.631709,1.750000,155.789960,2.000000,1.555556,0.000000,0.804348,0.596774,0.581395,0.694915,100,288,288,32.000000,0,0,16,16,76,76,12,0,296.000000,72,0,0,66,32,0,66,10,4,6,0,10,6,6,0,6,0,0,0,0,56,120,44,164,62,102,0,0,0
408,12000437,25,1,17.148369077937,325.000000000000,22.000000000000,1.874502665964,5c01d96cd23e6e6c,8d15af1f9d36efa1,8779ff68ccc19465,200,20,10.000000,217.450000,277.452112,0.100000,0.300000,235.524582,1.333333,235.524582,3.000000,1.333333,0.000000,0.784173,0.521531,0.625000,0.589041,100,160,160,32.000000,0,0,16,16,33,33,20,0,218.000000,60,0,0,26,18,0,22,11,1,10,0,11,10,10,1,9,0,0,0,0,15,180,0,180,24,156,0,0,0
409,12000438,25,1,18.079725941029,75.000000000000,14.000000000000,2.675598108433,c10465b13ee2f061,8d15af1f9d36efa1,9a8e6e00c5686fd9,200,40,20.000000,92.700000,239.774636,0.200000,0.200000,68.566295,2.000000,68.566295,1.000000,2.000000,0.000000,0.838710,0.509804,0.714286,0.655172,100,280,280,32.000000,0,0,16,16,30,30,16,0,208.000000,40,0,0,18,36,0,18,12,4,8,0,12,8,8,0,8,0,0,0,0,6,160,0,160,14,146,0,0,0
410,12000439,25,1,473.169681955807,325.000000000000,17.000000000000,2.816715786310,8685e66fed6870cc,8d15af1f9d36efa1,9a844500c55fd5a9,200,150,75.000000,263.653333,201.390337,0.800000,3.400000,325.500147,1.538889,327.765856,4.286667,1.311042,0.000000,0.286349,0.563319,0.134590,0.163849,100,240,240,32.000000,0,0,16,16,59,59,8,0,258.000000,643,0,0,41,134,0,41,18,14,4,0,18,4,4,2,2,0,0,0,0,23,40,10,50,25,25,0,0,0
411,12000440,25,1,11.660033080331,425.000000000000,16.000000000000,2.188532148091,d73a660b9c04587a,8d15af1f9d36efa1,7968574fb08900fc,200,57,28.500000,114.035088,215.267522,0.400000,0.700000,111.349668,1.375000,117.807430,2.000000,1.824561,0.000000,0.725962,0.601594,0.467290,0.598592,100,248,248,32.000000,0,0,16,16,81,81,8,0,302.000000,114,0,0,73,51,2,71,8,4,4,0,8,4,4,0,4,0,0,0,0,63,120,23,143,67,76,0,0,0
412,12000441,25,1,276.936115636440,75.000000000000,9.000000000000,1.510213289339,fa54b22c90451e3f,8d15af1f9d36efa1,ec312ba05f84cf16,200,55,27.500000,141.018182,270.303535,0.400000,0.600000,109.134726,1.916667,125.324440,1.727273,1.747368,0.000000,0.754522,0.593496,0.512821,0.627451,100,256,256,32.000000,0,0,16,16,70,70,20,10,292.000000,95,0,0,55,50,0,55,11,1,10,0,11,10,10,4,6,0,0,0,0,44,120,25,145,50,95,0,0,0
413,12000442,25,1,145.802916784513,75.000000000000,9.000000000000,2.687593588743,45c7c2f4ed11bd69,8d15af1f9d36efa1,a1549fa18b4aeea4,200,13,6.500000,243.692308,318.023585,0.200000,0.500000,175.809427,1.625000,262.511759,4.000000,1.250000,0.000000,0.862434,0.619772,0.657895,0.788618,100,264,264,32.000000,0,0,16,16,90,90,14,0,326.000000,52,0,0,83,12,0,83,7,0,7,0,7,7,7,1,6,0,0,0,0,76,160,27,187,82,105,0,0,0
414,12000443,25,1,497.635192819412,425.000000000000,19.000000000000,2.722397986024,c524a644e460b2c7,8d15af1f9d36efa1,dd39b24f57ff4ddd,200,35,17.500000,176.657143,270.752794,0.200000,0.600000,181.639726,1.625000,179.605346,2.971429,1.663462,0.000000,0.735369,0.591002,0.490196,0.603053,100,184,184,31.000000,0,0,16,15,71,71,16,0,289.000000,104,0,0,59,31,0,59,12,4,8,0,12,8,8,0,8,0,0,0,0,47,160,5,165,55,110,0,0,0
415,12000444,25,1,34.974986139070,425.000000000000,12.000000000000,2.560477368916,f59027ab907302d6,8d15af1f9d36efa1,de69809fc87e1f78,200,60,30.000000,195.233333,246.961008,0.400000,1.100000,194.752507,1.687500,210.637455,3.000000,1.777778,0.000000,0.613734,0.588477,0.357143,0.461078,100,256,256,32.000000,0,0,16,16,70,70,14,0,286.000000,180,0,0,59,54,0,59,11,4,7,0,11,7,7,2,5,0,0,0,0,48,120,20,140,53,87,0,0,0
416,12000445,25,1,337.813055887808,325.000000000000,11.000000000000,2.045168847865,ace8538d3b2310f6,8d15af1f9d36efa1,0,200,0,0.000000,NA,259.845135,0.000000,0.000000,nan,nan,NA,NA,NA,NA,1.000000,0.509804,1.000000,1.000000,100,248,248,32.000000,0,0,16,16,28,28,20,0,208.000000,0,0,0,18,0,0,18,10,0,10,0,10,10,10,0,10,0,0,0,0,8,200,0,200,18,182,0,0,0
417,12000446,25,1,481.680089444371,175.000000000000,24.000000000000,1.643088869710,b5c6d27166652bfd,8d15af1f9d36efa1,a93d784f3a8c8a7c,200,64,32.000000,173.562500,253.356229,0.400000,1.100000,199.234653,1.791667,187.108059,2.687500,1.511628,0.000000,0.619469,0.583333,0.367647,0.462500,100,264,264,32.000000,0,0,16,16,66,66,16,0,280.000000,172,0,0,54,58,0,54,12,4,8,0,12,8,8,2,6,0,0,0,0,42,120,16,136,48,88,0,0,0
418,12000447,25,1,44.335185973322,325.000000000000,19.000000000000,2.670663672987,54b3278cf74203ff,8d15af1f9d36efa1,5703f0f3d5e98a86,200,36,18.000000,229.194444,317.009800,0.200000,0.700000,249.471543,2.125000,249.471543,3.500000,2.142857,0.000000,0.675258,0.567100,0.442478,0.507812,100,256,256,32.000000,0,0,16,16,56,56,18,0,262.000000,126,0,0,44,32,0,44,12,3,9,0,12,9,9,1,8,0,0,0,0,32,160,4,164,40,124,0,0,0
419,12000448,25,1,383.988960854903,425.000000000000,15.000000000000,2.224603360109,9e87dfe9ee7b4424,8d15af1f9d36efa1,d9303a6a36763870,200,88,44.000000,268.011364,256.959445,0.600000,2.400000,317.273687,1.588889,324.599899,4.227273,1.387097,0.000000,0.413249,0.567100,0.211864,0.258964,100,208,208,32.000000,0,0,16,16,58,58,14,0,262.000000,372,0,0,45,79,0,45,13,6,7,0,13,7,7,3,4,0,0,0,0,32,80,32,112,36,76,0,0,0
420,12000449,25,1,247.751027345555,325.000000000000,15.000000000000,1.641272429565,e792a8a65e413120,8d15af1f9d36efa1,2872fd295b47640,200,20,10.000000,184.950000,294.230456,0.100000,0.300000,191.697413,2.333333,191.697413,3.000000,2.333333,0.000000,0.765625,0.494949,0.625000,0.516129,100,248,248,32.000000,0,0,16,16,23,23,18,2,196.000000,60,0,0,11,18,0,11,11,2,9,0,11,9,9,0,9,0,0,0,0,0,180,0,180,9,171,0,0,0
421,12000450,25,1,388.151097645906,75.000000000000,8.000000000000,2.940086406092,a78184b9617995ec,8d15af1f9d36efa1,0,200,0,0.000000,NA,304.733670,0.200000,0.400000,154.710511,2.000000,NA,NA,NA,NA,1.000000,0.639640,1.000000,1.000000,100,272,272,31.000000,0,0,16,15,106,106,12,0,355.000000,0,0,0,100,0,0,100,6,0,6,0,6,6,6,0,6,0,0,0,0,94,160,40,200,100,100,0,0,0
422,12000451,25,1,356.375264893701,425.000000000000,13.000000000000,2.240474513734,f711168f2851a1d8,8d15af1f9d36efa1,9a98b600c5713eb6,200,105,52.500000,172.476190,215.551655,0.700000,1.700000,202.094311,1.471429,178.111734,2.180952,1.537118,0.000000,0.570356,0.603175,0.303951,0.428928,100,288,288,32.000000,0,0,16,16,79,79,14,0,304.000000,229,0,0,67,95,0,67,12,5,7,0,12,7,7,5,2,0,0,0,0,55,60,35,95,57,38,0,0,0
423,12000452,25,1,58.469550450689,425.000000000000,13.000000000000,2.704739725733,8605fe0841900171,8d15af1f9d36efa1,2e75fe8a78cb0ee4,200,104,52.000000,408.576923,250.346578,0.800000,4.300000,436.057770,1.610962,515.125266,6.269231,1.636503,0.000000,0.323651,0.609375,0.132979,0.216346,100,272,272,32.000000,0,0,16,16,82,82,16,2,312.000000,652,0,0,69,94,0,69,12,4,8,0,12,8,8,6,2,0,0,0,0,57,40,56,96,59,37,0,0,0
424,12000453,25,1,393.793222870542,75.000000000000,7.000000000000,2.918644176206,aa270504db094b4e,8d15af1f9d36efa1,9aa9af00c57fa604,200,53,26.500000,126.433962,306.743071,0.300000,0.400000,111.282645,1.500000,113.173736,1.377358,1.452055,0.000000,0.780781,0.565217,0.578035,0.636816,100,208,208,32.000000,0,0,16,16,55,55,18,4,260.000000,73,0,0,41,48,0,41,12,3,9,0,12,9,9,2,7,0,0,0,0,29,140,7,147,36,111,0,0,0
425,12000454,25,1,73.789086053742,325.000000000000,13.000000000000,2.921922524161,7eb04f3513b37b60,8d15af1f9d36efa1,f73cfa4f66bd22e1,200,20,10.000000,145.350000,260.033492,0.100000,0.200000,155.649028,1.000000,155.649028,2.000000,1.000000,0.000000,0.833333,0.500000,0.714286,0.629630,100,176,176,32.000000,0,0,16,16,25,25,18,0,200.000000,40,0,0,14,18,0,14,11,2,9,0,11,9,9,0,9,0,0,0,0,3,180,0,180,12,168,0,0,0
426,12000455,25,1,307.243130171397,75.000000000000,7.000000000000,2.518987863246,4eec7314fea08517,8d15af1f9d36efa1,301d62b3accb2890,200,59,29.500000,279.915254,237.317529,0.400000,1.800000,359.371030,2.166667,352.289118,4.677966,1.952899,0.000000,0.485075,0.565217,0.265957,0.316832,100,312,312,32.000000,0,0,16,16,56,56,16,0,260.000000,276,0,0,45,54,0,45,11,3,8,0,11,8,8,2,6,0,0,0,0,34,120,21,141,40,101,0,0,0
427,12000456,25,1,138.475384535303,175.000000000000,21.000000000000,1.767151444518,9e73c71af21d4fc7,8d15af1f9d36efa1,9a953900c56e3478,200,40,20.000000,139.125000,243.132616,0.200000,0.300000,146.049811,2.000000,146.049811,1.500000,2.000000,0.000000,0.793103,0.534884,0.625000,0.620253,100,264,264,32.000000,0,0,16,16,41,41,16,0,230.000000,60,0,0,29,36,0,29,12,4,8,0,12,8,8,0,8,0,0,0,0,17,160,0,160,25,135,0,0,0
428,12000457,25,1,364.319548869968,425.000000000000,17.000000000000,2.222748093390,b69e8c1e2a4a02aa,8d15af1f9d36efa1,8a8de23135cd1629,200,45,22.500000,211.755556,257.205128,0.300000,0.900000,205.154977,1.166667,251.315071,3.422222,1.292208,0.000000,0.598958,0.534884,0.393701,0.388889,100,208,208,32.000000,0,0,16,16,41,41,16,0,230.000000,154,0,0,31,40,2,29,10,2,8,0,10,8,8,1,7,0,0,0,0,19,140,15,155,26,129,0,0,0
429,12000458,25,1,458.255441639996,175.000000000000,20.000000000000,2.132444960421,fd15f503c47f1da,8d15af1f9d36efa1,9a5eeb00c540207e,200,72,36.000000,168.652778,215.259885,0.400000,1.000000,189.166459,1.983333,183.633034,2.444444,1.636364,0.000000,0.557789,0.526066,0.362319,0.338346,100,248,248,32.000000,0,0,16,16,38,38,14,0,222.000000,176,0,0,25,65,0,25,13,6,7,0,13,7,7,1,6,0,0,0,0,12,120,8,128,18,110,0,0,0
430,12000459,25,1,39.381607413229,175.000000000000,17.000000000000,2.953585724165,80bbf4185d82e97e,8d15af1f9d36efa1,a0af374f35bbb617,200,79,39.500000,169.164557,236.380751,0.400000,0.900000,184.214890,1.375000,184.706672,2.253165,1.219101,0.000000,0.538860,0.509804,0.359712,0.299213,100,216,216,32.000000,0,0,16,16,31,31,14,0,208.000000,178,0,0,19,71,2,17,12,5,7,0,12,7,7,1,6,0,0,0,0,5,120,1,121,11,110,0,0,0
431,12000460,25,1,21.664610994570,175.000000000000,17.000000000000,2.971380327018,345a3ac6a7900b0c,8d15af1f9d36efa1,9a8afa00c56574e6,200,14,7.000000,159.214286,264.017590,0.100000,0.100000,98.371870,1.000000,98.371870,1.000000,1.000000,0.000000,0.940171,0.523810,0.877193,0.862745,100,248,248,32.000000,0,0,16,16,34,34,20,0,220.000000,14,0,0,23,12,0,23,11,1,10,0,11,10,10,1,9,0,0,0,0,12,180,6,186,21,165,0,0,0
432,12000461,25,1,14.327138829789,425.000000000000,16.000000000000,2.829295671392,4c76b787b2b1606f,8d15af1f9d36efa1,9a6c6e00c54b8973,200,49,24.500000,187.918367,255.105686,0.300000,0.800000,199.579883,2.638889,187.149911,2.591837,2.354331,0.000000,0.660428,0.552573,0.440529,0.477366,100,232,232,31.000000,0,0,16,15,49,49,18,0,247.000000,127,0,0,37,44,0,37,12,3,9,0,12,9,9,2,7,0,0,0,0,25,140,11,151,32,119,0,0,0
433,12000462,25,1,60.966170206252,175.000000000000,21.000000000000,1.738543258424,894aeb8c1a9b02ab,8d15af1f9d36efa1,9a8afc00c565784c,200,11,5.500000,103.909091,250.391415,0.100000,0.100000,45.540050,1.000000,45.540050,1.000000,1.000000,0.000000,0.956522,0.547511,0.900901,0.909091,100,232,232,32.000000,0,0,16,16,45,45,20,0,242.000000,11,0,0,35,10,0,35,10,0,10,0,10,10,10,1,9,0,0,0,0,25,180,9,189,34,155,0,0,0
434,12000463,25,1,452.140668822071,75.000000000000,17.000000000000,1.807340137345,8615ce50d1076099,8d15af1f9d36efa1,874c54f70760f6e,200,103,51.500000,210.689320,225.153771,0.600000,1.700000,209.205001,1.394444,223.562449,3.048544,1.353503,0.000000,0.471380,0.583333,0.241546,0.320346,100,224,224,32.000000,0,0,16,16,69,69,10,4,280.000000,314,0,0,54,93,0,54,13,8,5,0,13,5,5,2,3,0,0,0,0,41,80,17,97,44,53,0,0,0
435,12000464,25,1,334.597360850016,175.000000000000,19.000000000000,2.303367254828,7a356f2abb96a0c3,8d15af1f9d36efa1,19e6534f7a600c9b,200,60,30.000000,174.583333,271.240349,0.300000,0.800000,212.209632,1.500000,212.209632,2.666667,1.500000,0.000000,0.555556,0.500000,0.384615,0.298246,100,256,256,32.000000,0,0,16,16,27,27,14,0,200.000000,160,0,0,15,54,0,15,13,6,7,0,13,7,7,0,7,0,0,0,0,2,140,0,140,9,131,0,0,0
436,12000465,25,1,127.945492384544,425.000000000000,13.000000000000,2.243116380645,9bba707f58221ec3,8d15af1f9d36efa1,9a9c1600c57417ad,200,33,16.500000,97.606061,278.810861,0.200000,0.200000,79.146387,2.000000,74.952573,1.000000,1.787879,0.000000,0.888889,0.568966,0.751880,0.800000,100,224,224,32.000000,0,0,16,16,59,59,14,0,264.000000,33,0,0,49,30,0,49,10,3,7,0,10,7,7,0,7,0,0,0,0,39,160,7,167,46,121,0,0,0
437,12000466,25,1,382.918997296534,175.000000000000,13.000000000000,2.617949657770,1167237ee5aa72e8,8d15af1f9d36efa1,d3c34bb4ef33b76a,200,58,29.000000,225.362069,282.014770,0.300000,1.000000,299.678215,1.222222,270.828302,3.310345,1.104167,0.000000,0.520000,0.509804,0.342466,0.283582,100,264,264,32.000000,0,0,16,16,30,30,16,0,208.000000,192,0,0,17,52,0,17,13,5,8,0,13,8,8,1,7,0,0,0,0,4,140,2,142,11,131,0,0,0
438,12000467,25,1,414.500745866961,75.000000000000,20.000000000000,1.540988999982,47ac330c267798c1,8d15af1f9d36efa1,9a87b900c562d09c,200,104,52.000000,172.980769,246.448794,0.600000,1.600000,192.918313,3.127778,192.489869,2.538462,2.772727,0.000000,0.486381,0.555556,0.274725,0.308901,100,320,320,32.000000,0,0,16,16,53,53,12,2,250.000000,264,0,0,38,94,0,38,14,8,6,0,14,6,6,2,4,0,0,0,0,24,80,16,96,28,68,0,0,0
439,12000468,25,1,22.726191283941,75.000000000000,18.000000000000,2.089453304192,7babb0052aac453,8d15af1f9d36efa1,d9c5392e4538ae96,200,58,29.000000,193.362069,260.123026,0.400000,1.100000,200.217130,1.604167,205.921153,2.844828,1.884848,0.000000,0.673267,0.629630,0.377358,0.557641,100,232,232,32.000000,0,0,16,16,98,98,12,20,340.000000,165,0,0,75,51,0,75,13,7,6,0,13,6,6,0,6,0,0,0,0,62,120,22,142,68,74,0,0,0
440,12000469,25,1,103.859325982763,425.000000000000,11.000000000000,2.661582311923,7ad67b8784fee25c,8d15af1f9d36efa1,9a98ba00c5714582,200,42,21.000000,107.119048,193.007129,0.300000,0.400000,67.015095,2.000000,75.683042,1.476190,1.467742,0.000000,0.829670,0.601594,0.617284,0.732759,100,192,192,32.000000,0,0,16,16,78,78,14,2,302.000000,62,0,0,66,37,0,66,11,4,7,0,11,7,7,1,6,0,0,0,0,55,140,18,158,61,97,0,0,0
441,12000470,25,1,111.337269791162,325.000000000000,18.000000000000,2.430925626763,fc9a8f1e376f1e29,8d15af1f9d36efa1,23565279d664c8b2,200,80,40.000000,184.775000,237.416114,0.400000,1.200000,230.507307,2.550000,218.257329,3.000000,2.000000,0.000000,0.454545,0.500000,0.294118,0.220779,100,264,264,32.000000,0,0,16,16,28,28,12,0,200.000000,240,0,0,14,72,0,14,14,8,6,0,14,6,6,0,6,0,0,0,0,0,120,0,120,6,114,0,0,0
442,12000471,25,1,363.366442108182,325.000000000000,19.000000000000,2.077574222330,80339df5ced36c4f,8d15af1f9d36efa1,4ab0034fc9853c42,200,100,50.000000,234.700000,264.758827,0.500000,2.100000,284.180517,1.188571,279.081273,4.200000,1.142857,0.000000,0.331210,0.509804,0.192308,0.153226,100,208,208,32.000000,0,0,16,16,30,30,16,0,208.000000,420,0,0,15,90,0,15,15,7,8,0,15,8,8,3,5,0,0,0,0,0,100,0,100,5,95,0,0,0
443,12000472,25,1,166.570174182786,75.000000000000,18.000000000000,1.979096850996,32d4ec77f3856026,8d15af1f9d36efa1,9a623400c542d260,200,54,27.000000,177.074074,251.760907,0.300000,0.700000,203.013721,2.666667,188.772117,2.425926,2.259542,0.000000,0.641096,0.539171,0.432900,0.437768,100,296,296,32.000000,0,0,16,16,44,44,14,6,234.000000,131,0,0,28,48,0,28,13,6,7,0,13,7,7,0,7,0,0,0,0,15,140,6,146,22,124,0,0,0
444,12000473,25,1,382.599639688671,75.000000000000,10.000000000000,2.999459557060,c4d3422d71e262ff,8d15af1f9d36efa1,9a843200c55fb560,200,100,50.000000,115.900000,170.498134,0.500000,0.900000,109.237643,1.600000,109.237643,1.800000,1.777778,0.000000,0.569378,0.543379,0.357143,0.370629,100,248,248,32.000000,0,0,16,16,49,49,8,2,238.000000,180,0,0,34,90,0,34,14,10,4,0,14,4,4,0,4,0,0,0,0,20,100,0,100,24,76,0,0,0
445,12000474,25,1,167.456307315565,175.000000000000,12.000000000000,2.337027199757,c673c40bb841db76,8d15af1f9d36efa1,0,200,0,0.000000,NA,384.130258,0.000000,0.000000,nan,nan,NA,NA,NA,NA,1.000000,0.489796,1.000000,1.000000,100,200,200,32.000000,0,0,16,16,20,20,20,0,192.000000,0,0,0,10,0,0,10,10,0,10,0,10,10,10,0,10,0,0,0,0,0,200,0,200,10,190,0,0,0
446,12000475,25,1,269.944416731629,75.000000000000,9.000000000000,1.642066148848,61c94f8d4310e5a7,8d15af1f9d36efa1,2b4a434f843e72f2,200,52,26.000000,169.288462,224.916332,0.300000,0.800000,168.262542,1.583333,176.191477,2.769231,1.826389,0.000000,0.595506,0.514563,0.409836,0.357143,100,264,264,32.000000,0,0,16,16,32,32,16,0,212.000000,144,0,0,20,47,0,20,12,4,8,0,12,8,8,1,7,0,0,0,0,8,140,8,148,15,133,0,0,0
447,12000476,25,1,472.763164211122,425.000000000000,17.000000000000,2.068797300913,ed1566268306c339,8d15af1f9d36efa1,9a8e7700c5687f24,200,79,39.500000,139.797468,225.658783,0.500000,1.000000,134.608613,1.666667,125.854307,1.911392,1.774834,0.000000,0.643026,0.576271,0.398406,0.481100,100,280,280,32.000000,0,0,16,16,63,63,14,0,272.000000,151,0,0,52,72,0,52,11,4,7,0,11,7,7,3,4,0,0,0,0,41,100,21,121,45,76,0,0,0
448,12000477,25,1,112.559472552239,325.000000000000,18.000000000000,2.048695072747,b5a1b93fdbf7d06c,8d15af1f9d36efa1,cc4939f68ff353c6,200,154,77.000000,194.168831,229.890903,0.800000,2.200000,215.988818,2.020833,213.906994,2.701299,1.903846,0.000000,0.360000,0.539171,0.193798,0.196911,100,280,280,32.000000,0,0,16,16,48,48,6,0,234.000000,416,0,0,30,138,0,30,18,15,3,0,18,3,3,1,2,0,0,0,0,12,40,6,46,14,32,0,0,0
449,12000478,25,1,211.723212326482,425.000000000000,14.000000000000,1.973745382368,7e5cb6f33c959d2c,8d15af1f9d36efa1,9a80cc00c55cd237,200,33,16.500000,80.212121,238.388706,0.200000,0.200000,85.111056,1.500000,86.023664,1.000000,1.606061,0.000000,0.867470,0.519231,0.751880,0.717949,100,232,232,32.000000,0,0,16,16,34,34,16,0,216.000000,33,0,0,23,30,0,23,11,3,8,0,11,8,8,0,8,0,0,0,0,12,160,7,167,20,147,0,0,0
450,12000479,25,1,499.988770615356,75.000000000000,17.000000000000,1.943074666778,f5fc9e3da0e124ca,8d15af1f9d36efa1,33cb0a4f8903edad,200,66,33.000000,174.848485,234.063686,0.500000,1.100000,116.570014,1.733333,157.434147,2.560606,2.165680,0.000000,0.667323,0.628942,0.371747,0.551724,100,288,288,31.000000,0,0,16,15,98,98,12,0,339.000000,169,0,0,86,58,0,86,12,6,6,0,12,6,6,2,4,0,0,0,0,74,100,34,134,78,56,0,0,0
451,12000480,25,1,36.477692329465,325.000000000000,18.000000000000,2.423370113235,d419486c4629b836,8d15af1f9d36efa1,d6fede7bd2e3bde5,200,97,48.500000,356.927835,296.041570,0.500000,2.600000,454.322957,1.366667,455.796844,5.237113,1.269685,0.000000,0.296399,0.516908,0.164474,0.138983,100,240,240,32.000000,0,0,16,16,34,34,14,0,214.000000,508,0,0,19,87,0,19,15,8,7,0,15,7,7,2,5,0,0,0,0,4,100,3,103,9,94,0,0,0
452,12000481,25,1,378.737318839805,425.000000000000,13.000000000000,2.694138449885,4afc388b98c889e6,8d15af1f9d36efa1,35928244aa529e4b,200,20,10.000000,252.950000,243.939819,0.200000,0.500000,184.359252,2.125000,296.586708,4.000000,1.250000,0.000000,0.806763,0.625468,0.555556,0.716312,100,216,216,32.000000,0,0,16,16,96,96,10,0,334.000000,80,0,0,89,18,0,89,7,2,5,0,7,5,5,0,5,0,0,0,0,82,160,20,180,87,93,0,0,0
453,12000482,25,1,256.741818522413,75.000000000000,10.000000000000,1.726898946236,e413fcf3c8f2d02b,8d15af1f9d36efa1,0,200,0,0.000000,NA,310.678092,0.000000,0.000000,nan,nan,NA,NA,NA,NA,1.000000,0.622642,1.000000,1.000000,100,208,208,32.000000,0,0,16,16,92,92,14,0,330.000000,0,0,0,85,0,0,85,7,0,7,0,7,7,7,0,7,0,0,0,0,78,200,0,200,85,115,0,0,0
454,12000483,25,1,414.647476086867,75.000000000000,15.000000000000,2.307915864669,859ad0152369078,8d15af1f9d36efa1,10f8de4f753e4b56,200,96,48.000000,202.906250,215.816450,0.500000,1.400000,229.642252,1.616667,228.324126,2.791667,1.500000,0.000000,0.441667,0.514563,0.271739,0.229885,100,264,264,32.000000,0,0,16,16,34,34,12,0,212.000000,268,0,0,19,86,0,19,15,9,6,0,15,6,6,1,5,0,0,0,0,4,100,4,104,9,95,0,0,0
455,12000484,25,1,63.549686726685,175.000000000000,22.000000000000,2.348213635757,8d1f6e320de1b6fd,8d15af1f9d36efa1,5f9b193cdfc59185,200,35,17.500000,186.028571,273.110678,0.200000,0.600000,222.977893,1.750000,215.688889,2.857143,1.550000,0.000000,0.707602,0.547511,0.500000,0.523810,100,272,272,32.000000,0,0,16,16,47,47,16,0,242.000000,100,0,0,35,31,0,35,12,4,8,0,12,8,8,0,8,0,0,0,0,23,160,5,165,31,134,0,0,0
456,12000485,25,1,444.706990660679,75.000000000000,13.000000000000,2.880394179374,4c6ab504644c5506,8d15af1f9d36efa1,218ec0dc3c403fc,200,39,19.500000,225.282051,259.897639,0.300000,0.900000,220.418362,2.500000,234.836457,3.000000,1.777778,0.000000,0.674095,0.547511,0.460829,0.484581,100,288,288,32.000000,0,0,16,16,45,45,20,4,242.000000,117,0,0,33,36,0,33,10,0,10,0,10,10,10,3,7,0,0,0,0,23,140,21,161,30,131,0,0,0
457,12000486,25,1,359.517888481776,75.000000000000,13.000000000000,2.224598741622,b8c8fc725918805d,8d15af1f9d36efa1,c0598ca0e83279b,200,33,16.500000,161.757576,254.879487,0.200000,0.400000,160.262923,2.333333,178.772500,2.212121,1.904110,0.000000,0.798898,0.591837,0.578035,0.683983,100,184,184,32.000000,0,0,16,16,72,72,14,0,290.000000,73,0,0,62,30,0,62,10,3,7,0,10,7,7,0,7,0,0,0,0,52,160,7,167,59,108,0,0,0
458,12000487,25,1,163.011456937053,175.000000000000,16.000000000000,2.170403663349,f85163754edc7a03,8d15af1f9d36efa1,8f74024f2bffdf95,200,80,40.000000,198.575000,239.664911,0.400000,1.300000,236.305737,1.229167,236.305737,3.250000,1.230769,0.000000,0.429825,0.494949,0.277778,0.197531,100,208,208,32.000000,0,0,16,16,27,27,10,0,196.000000,260,0,0,14,72,0,14,13,8,5,0,13,5,5,0,5,0,0,0,0,1,120,0,120,6,114,0,0,0
459,12000488,25,1,38.059248236945,175.000000000000,21.000000000000,2.995273066488,5ab95dfc05c8d92e,8d15af1f9d36efa1,9a9c0700c573fe30,200,94,47.000000,131.702128,165.384739,0.500000,0.800000,118.989074,1.333333,122.410972,1.638298,1.519481,0.000000,0.631579,0.568966,0.393701,0.461538,100,240,240,32.000000,0,0,16,16,57,57,18,0,264.000000,154,0,0,42,84,0,42,15,6,9,0,15,9,9,4,5,0,0,0,0,27,100,6,106,32,74,0,0,0
460,12000489,25,1,238.623352570924,175.000000000000,13.000000000000,1.891116880905,2eff5345687574cc,8d15af1f9d36efa1,0,200,0,0.000000,NA,328.544638,0.000000,0.000000,nan,nan,NA,NA,NA,NA,1.000000,0.492386,1.000000,1.000000,100,160,160,32.000000,0,0,16,16,21,21,20,2,194.000000,0,0,0,14,0,0,10,10,0,10,0,10,10,10,0,10,0,0,0,0,4,200,0,200,14,186,0,0,0
461,12000490,25,1,253.239188457415,75.000000000000,9.000000000000,1.582663240476,906b56347d7a5fe3,8d15af1f9d36efa1,c94943c5cedee2a8,200,53,26.500000,184.698113,259.177972,0.300000,0.700000,181.657575,1.166667,192.532950,2.509434,1.300752,0.000000,0.687059,0.593496,0.429185,0.546075,100,232,232,32.000000,0,0,16,16,73,73,14,0,292.000000,133,0,0,63,48,0,63,10,3,7,0,10,7,7,2,5,0,0,0,0,53,140,7,147,58,89,0,0,0
462,12000491,25,1,8.940240916652,425.000000000000,17.000000000000,2.027250995414,cda3ae2191f838b3,8d15af1f9d36efa1,2b24dc4f841ea7b0,200,40,20.000000,114.700000,214.558823,0.200000,0.300000,99.148805,1.000000,99.148805,1.500000,1.000000,0.000000,0.765625,0.494949,0.625000,0.516129,100,192,192,32.000000,0,0,16,16,24,24,16,0,196.000000,60,0,0,12,36,0,12,12,4,8,0,12,8,8,0,8,0,0,0,0,0,160,0,160,8,152,0,0,0
463,12000492,25,1,313.528178054828,425.000000000000,17.000000000000,1.680997281146,3ea00f661948e3e3,8d15af1f9d36efa1,8f58bd4f2be8a29e,200,20,10.000000,139.800000,263.624766,0.100000,0.200000,171.044983,2.500000,131.915088,2.000000,2.500000,0.000000,0.867550,0.567100,0.714286,0.764706,100,256,256,32.000000,0,0,16,16,57,57,16,0,262.000000,40,0,0,47,18,0,47,10,2,8,0,10,8,8,0,8,0,0,0,0,37,180,0,180,45,135,0,0,0
464,12000493,25,1,315.137500782413,425.000000000000,10.000000000000,1.793140946370,5af5addb95e1a45f,8d15af1f9d36efa1,78d117dd03bc9065,200,81,40.500000,186.185185,241.786765,0.500000,1.400000,202.719152,1.333333,194.008319,2.691358,1.344037,0.000000,0.570866,0.591837,0.314465,0.420213,100,240,240,32.000000,0,0,16,16,74,74,10,0,290.000000,218,0,0,62,73,0,62,12,7,5,0,12,5,5,1,4,0,0,0,0,50,100,19,119,54,65,0,0,0
465,12000494,25,1,287.170963166682,425.000000000000,8.000000000000,2.098765030316,403e8453520f2efc,8d15af1f9d36efa1,c317e14f4927927f,200,72,36.000000,152.305556,203.692669,0.500000,1.200000,187.659538,2.100000,183.126321,2.361111,1.805882,0.000000,0.620536,0.581590,0.370370,0.462025,100,304,304,32.000000,0,0,16,16,68,68,10,0,278.000000,170,0,0,57,66,0,57,11,6,5,0,11,5,5,0,5,0,0,0,0,46,100,28,128,51,77,0,0,0
466,12000495,25,1,193.272887606675,325.000000000000,11.000000000000,2.548534100750,42c22ee9c7926db,8d15af1f9d36efa1,9a7a0600c5571617,200,80,40.000000,118.575000,233.393669,0.400000,0.600000,111.627690,1.333333,111.627690,1.500000,1.333333,0.000000,0.625000,0.500000,0.454545,0.361702,100,208,208,32.000000,0,0,16,16,28,28,12,0,200.000000,120,0,0,14,72,0,14,14,8,6,0,14,6,6,0,6,0,0,0,0,0,120,0,120,6,114,0,0,0
467,12000496,25,1,31.850755920889,75.000000000000,11.000000000000,2.873306477348,c07346b24902a91d,8d15af1f9d36efa1,792e974fb057f575,200,13,6.500000,181.076923,311.894392,0.100000,0.200000,159.919001,3.500000,159.919001,2.000000,3.500000,0.000000,0.899225,0.537037,0.793651,0.793651,100,320,320,32.000000,0,0,16,16,40,40,20,0,232.000000,26,0,0,30,12,0,30,10,0,10,0,10,10,10,1,9,0,0,0,0,20,180,7,187,29,158,0,0,0
468,12000497,25,1,445.687791742482,425.000000000000,14.000000000000,2.472614066120,adda900465b9e4d4,8d15af1f9d36efa1,1733a2431143b97d,200,43,21.500000,267.488372,300.979736,0.300000,1.100000,263.049864,2.055556,301.412322,4.232558,1.879121,0.000000,0.682927,0.662162,0.354610,0.588235,100,288,288,32.000000,0,0,16,16,120,120,20,0,392.000000,182,0,0,109,39,0,109,11,1,10,0,11,10,10,3,7,0,0,0,0,98,140,17,157,105,52,0,0,0
469,12000498,25,1,240.451176276067,425.000000000000,9.000000000000,2.142631733061,af5df5823918f62d,8d15af1f9d36efa1,a925b04f3a7857c3,200,26,13.000000,203.653846,248.108554,0.200000,0.700000,226.942664,1.900000,219.721965,3.500000,1.714286,0.000000,0.721713,0.541284,0.523560,0.533333,100,224,224,32.000000,0,0,16,16,42,42,20,0,236.000000,91,0,0,33,24,0,33,10,0,10,0,10,10,10,2,8,0,0,0,0,23,160,14,174,31,143,0,0,0
470,12000499,25,1,301.570920110425,75.000000000000,9.000000000000,1.617642291715,c9238721ba2a87b4,8d15af1f9d36efa1,33c0ce4f88fb3334,200,19,9.500000,112.368421,282.633690,0.200000,0.300000,121.863152,2.500000,100.621085,1.315789,2.520000,0.000000,0.922601,0.598394,0.800000,0.869110,100,240,240,32.000000,0,0,16,16,76,76,14,0,298.000000,25,0,0,67,17,0,67,9,2,7,0,9,7,7,0,7,0,0,0,0,58,160,21,181,65,116,0,0,0
471,12000500,25,1,296.138090162149,75.000000000000,11.000000000000,2.335395618732,1d296328b5a472d4,8d15af1f9d36efa1,b078e8bb4ccd1e38,200,133,66.500000,185.037594,241.243305,0.700000,1.900000,200.218228,1.797619,212.539178,2.804511,1.643432,0.000000,0.368866,0.521531,0.211416,0.187364,100,288,288,32.000000,0,0,16,16,39,39,8,0,218.000000,373,0,0,23,120,0,23,16,12,4,0,16,4,4,1,3,0,0,0,0,7,60,7,67,10,57,0,0,0
472,12000501,25,1,471.577600616294,425.000000000000,18.000000000000,2.369053111623,f96e098e6ea85e64,8d15af1f9d36efa1,9aa2d900c579ceb4,200,58,29.000000,124.603448,144.242709,0.600000,1.000000,115.053886,2.000000,105.173977,1.413793,1.865854,0.000000,0.811927,0.638989,0.549451,0.730263,100,320,320,32.000000,0,0,16,16,106,106,10,0,354.000000,82,0,0,97,53,0,97,9,4,5,0,9,5,5,1,4,0,0,0,0,88,80,62,142,92,50,0,0,0
473,12000502,25,1,184.812266270138,175.000000000000,11.000000000000,1.563131561407,1ea5df0555f2eca1,8d15af1f9d36efa1,87b7d4f707bb3c4,200,20,10.000000,129.250000,276.538950,0.100000,0.200000,151.167040,3.000000,151.167040,2.000000,3.000000,0.000000,0.830508,0.494949,0.714286,0.615385,100,256,256,32.000000,0,0,16,16,23,23,18,2,196.000000,40,0,0,11,18,0,11,11,2,9,0,11,9,9,0,9,0,0,0,0,0,180,0,180,9,171,0,0,0
474,12000503,25,1,28.010567287926,325.000000000000,23.000000000000,1.856516467988,fdbc09e27122e62d,8d15af1f9d36efa1,8f4ea94f2be02c1d,200,40,20.000000,116.525000,263.228483,0.200000,0.300000,126.214037,2.000000,126.214037,1.500000,2.333333,0.000000,0.785714,0.523810,0.625000,0.594595,100,312,312,32.000000,0,0,16,16,36,36,16,2,220.000000,60,0,0,23,36,0,23,12,4,8,0,12,8,8,0,8,0,0,0,0,11,160,0,160,19,141,0,0,0
475,12000504,25,1,412.270067104104,425.000000000000,12.000000000000,2.891072445920,bbdf72ce34f9216f,8d15af1f9d36efa1,0,200,0,0.000000,NA,276.627757,0.000000,0.000000,nan,nan,NA,NA,NA,NA,1.000000,0.603175,1.000000,1.000000,100,224,224,32.000000,0,0,16,16,77,77,18,0,304.000000,0,0,0,74,0,0,69,9,0,9,0,9,9,9,0,9,0,0,0,0,65,200,0,200,74,126,0,0,0
476,12000505,25,1,498.642182322971,425.000000000000,17.000000000000,1.714603790176,76d83a38fc79ba4e,8d15af1f9d36efa1,9a9f7800c576f40a,200,60,30.000000,212.600000,269.310797,0.600000,1.600000,179.928649,1.083333,212.559825,3.016667,1.143646,0.000000,0.702303,0.681021,0.355872,0.620545,100,248,248,31.000000,0,0,16,15,144,144,8,30,427.000000,181,0,0,122,55,0,122,7,3,4,0,7,4,4,2,2,0,0,0,0,115,80,60,140,117,23,0,0,0
477,12000506,25,1,8.941126057258,175.000000000000,20.000000000000,2.851930445444,7770c4be086ab33c,8d15af1f9d36efa1,2c3597f907b56fc0,200,111,55.500000,156.819820,208.754244,0.600000,1.300000,153.988528,1.666667,159.629302,2.261261,1.521912,0.000000,0.484600,0.541284,0.284900,0.292958,100,208,208,32.000000,0,0,16,16,46,46,12,0,236.000000,251,0,0,31,100,0,31,15,9,6,0,15,6,6,2,4,0,0,0,0,16,80,9,89,20,69,0,0,0
478,12000507,25,1,3.354255024053,425.000000000000,17.000000000000,2.516705189942,a5d922855e1e79c,8d15af1f9d36efa1,9abaac00c58e141e,200,70,35.000000,160.471429,196.329491,0.500000,1.100000,173.101254,2.133333,165.913868,2.428571,2.317647,0.000000,0.624724,0.585921,0.370370,0.472050,100,304,304,31.000000,0,0,16,15,70,70,12,0,283.000000,170,0,0,57,62,0,57,13,7,6,0,13,6,6,1,5,0,0,0,0,44,100,30,130,49,81,0,0,0
479,12000508,25,1,376.839957962833,325.000000000000,14.000000000000,2.230300571214,102c7478d02db6fb,8d15af1f9d36efa1,fe9d6d3ba9010e05,200,38,19.000000,290.868421,311.565484,0.200000,0.900000,349.432522,1.225000,348.475264,4.473684,1.223529,0.000000,0.538043,0.497487,0.370370,0.279661,100,200,200,32.000000,0,0,16,16,25,25,16,0,198.000000,170,0,0,14,34,0,14,12,4,8,0,12,8,8,0,8,0,0,0,0,2,160,2,162,10,152,0,0,0
480,12000509,25,1,67.479738681160,425.000000000000,17.000000000000,2.635671610351,b3ee4653265eeeee,8d15af1f9d36efa1,9a9bfb00c573e9cc,200,66,33.000000,160.772727,198.511865,0.500000,0.900000,121.187464,1.400000,128.215982,1.969697,1.292308,0.000000,0.694836,0.596774,0.434783,0.557823,100,248,248,32.000000,0,0,16,16,75,75,14,10,296.000000,130,0,0,58,59,0,58,12,5,7,0,12,7,7,2,5,0,0,0,0,46,100,34,134,51,83,0,0,0
481,12000510,25,1,411.490092082726,175.000000000000,16.000000000000,2.818717872557,368216643feb3f2d,8d15af1f9d36efa1,928721291df3370d,200,39,19.500000,235.820513,272.806791,0.200000,0.700000,276.564144,2.416667,251.584138,3.435897,1.723881,0.000000,0.614943,0.516908,0.427350,0.379630,100,256,256,32.000000,0,0,16,16,32,32,18,0,214.000000,134,0,0,20,35,0,20,12,3,9,0,12,9,9,1,8,0,0,0,0,8,160,1,161,16,145,0,0,0
482,12000511,25,1,432.467225236519,175.000000000000,22.000000000000,1.962829657078,48c0a15319f62a19,8d15af1f9d36efa1,e4ce2387d78b6c31,200,38,19.000000,208.263158,263.416896,0.200000,0.700000,232.083597,1.291667,234.071904,3.526316,1.380597,0.000000,0.621469,0.523810,0.427350,0.396396,100,256,256,32.000000,0,0,16,16,35,35,18,0,220.000000,134,0,0,23,34,0,23,12,3,9,0,12,9,9,1,8,0,0,0,0,11,160,2,162,19,143,0,0,0
483,12000512,25,1,144.951294942169,325.000000000000,9.000000000000,2.608806341965,6cca99d0f5b0294a,8d15af1f9d36efa1,0,200,0,0.000000,NA,293.762892,0.000000,0.000000,nan,nan,NA,NA,NA,NA,1.000000,0.521531,1.000000,1.000000,100,248,248,32.000000,0,0,16,16,33,33,20,0,218.000000,0,0,0,23,0,0,23,10,0,10,0,10,10,10,0,10,0,0,0,0,13,200,0,200,23,177,0,0,0
484,12000513,25,1,117.459864189450,325.000000000000,15.000000000000,2.663219063945,48edb39301c1f3bf,8d15af1f9d36efa1,dd43ee4f58080856,200,40,20.000000,101.400000,288.736874,0.200000,0.300000,78.585781,2.000000,78.585781,1.500000,2.333333,0.000000,0.770992,0.502488,0.625000,0.538462,100,288,288,32.000000,0,0,16,16,27,27,16,0,202.000000,60,0,0,15,36,0,15,12,4,8,0,12,8,8,0,8,0,0,0,0,3,160,0,160,11,149,0,0,0
485,12000514,25,1,196.432657061634,425.000000000000,8.000000000000,2.427507388080,ebdced32130c285a,8d15af1f9d36efa1,85ccbb9fc57f70ec,200,120,60.000000,202.475000,226.578370,0.600000,1.700000,241.084777,1.727778,231.378451,2.833333,1.470588,0.000000,0.379562,0.509804,0.227273,0.182692,100,288,288,32.000000,0,0,16,16,32,32,12,0,208.000000,340,0,0,16,108,0,16,16,10,6,0,16,6,6,2,4,0,0,0,0,0,80,0,80,4,76,0,0,0
486,12000515,25,1,484.813175917087,425.000000000000,16.000000000000,2.713276883883,b85a62b0db816fcd,8d15af1f9d36efa1,33eced4f8920a2cc,200,100,50.000000,221.800000,216.589445,0.600000,1.600000,228.019447,1.933333,228.148124,2.700000,1.688889,0.000000,0.482759,0.557522,0.270270,0.307692,100,256,256,32.000000,0,0,16,16,52,52,16,0,252.000000,270,0,0,36,88,0,36,16,8,8,0,16,8,8,4,4,0,0,0,0,20,80,20,100,24,76,0,0,0
487,12000516,25,1,447.281971471504,325.000000000000,19.000000000000,2.467610574536,660b9bc1bf7fdea8,8d15af1f9d36efa1,275d717776151e9b,200,90,45.000000,154.155556,232.896863,0.500000,1.000000,144.335046,1.900000,140.991661,1.944444,1.628571,0.000000,0.572127,0.539171,0.363636,0.368231,100,264,264,32.000000,0,0,16,16,44,44,14,0,234.000000,175,0,0,29,80,0,29,15,8,7,0,15,7,7,2,5,0,0,0,0,14,100,10,110,19,91,0,0,0
488,12000517,25,1,130.631592423858,425.000000000000,6.000000000000,2.648803093229,f62297bea74b7d2f,8d15af1f9d36efa1,d49a714f53200645,200,28,14.000000,169.285714,302.344410,0.200000,0.400000,184.261149,2.750000,174.236550,2.000000,2.500000,0.000000,0.847826,0.609375,0.641026,0.762712,100,296,296,32.000000,0,0,16,16,82,82,16,0,312.000000,56,0,0,71,25,0,71,11,3,8,0,11,8,8,0,8,0,0,0,0,60,160,12,172,68,104,0,0,0
489,12000518,25,1,416.621957113630,325.000000000000,20.000000000000,2.621987769814,c7441cdaa2246877,8d15af1f9d36efa1,796ed3a18bc34dbd,200,119,59.500000,223.487395,229.288385,0.600000,2.100000,260.088176,2.348148,258.785603,3.495798,2.009615,0.000000,0.345912,0.523810,0.193798,0.174603,100,336,336,32.000000,0,0,16,16,37,37,14,0,220.000000,416,0,0,21,107,0,21,16,9,7,0,16,7,7,3,4,0,0,0,0,5,80,1,81,9,72,0,0,0
490,12000519,25,1,5.244199236770,175.000000000000,22.000000000000,2.201936096732,ba5b27422c952fae,8d15af1f9d36efa1,9a65b800c545e883,200,35,17.500000,114.371429,291.298332,0.200000,0.300000,93.069379,1.250000,91.279587,1.485714,1.326923,0.000000,0.819444,0.541284,0.657895,0.666667,100,272,272,32.000000,0,0,16,16,43,43,18,0,236.000000,52,0,0,31,31,0,31,12,3,9,0,12,9,9,1,8,0,0,0,0,19,160,5,165,27,138,0,0,0
491,12000520,25,1,471.136450838584,175.000000000000,19.000000000000,2.266292551732,cba3379ac1543d5c,8d15af1f9d36efa1,5a06fe8788e349f0,200,60,30.000000,198.516667,275.577818,0.300000,0.900000,221.829310,2.000000,221.829310,3.000000,2.000000,0.000000,0.536082,0.509804,0.357143,0.296875,100,224,224,32.000000,0,0,16,16,31,31,14,0,208.000000,180,0,0,18,54,0,18,13,6,7,0,13,7,7,0,7,0,0,0,0,5,140,0,140,12,128,0,0,0
492,12000521,25,1,68.868000115710,325.000000000000,13.000000000000,2.789941893866,6cb366ce2d701c2a,8d15af1f9d36efa1,9aa9b700c57fb39c,200,40,20.000000,91.050000,214.649917,0.200000,0.200000,71.836519,2.500000,71.836519,1.000000,2.500000,0.000000,0.834711,0.502488,0.714286,0.636364,100,264,264,32.000000,0,0,16,16,27,27,16,0,202.000000,40,0,0,15,36,0,15,12,4,8,0,12,8,8,0,8,0,0,0,0,3,160,0,160,11,149,0,0,0
493,12000522,25,1,67.242291046853,175.000000000000,18.000000000000,2.415516187669,96ba53a2b09161bf,8d15af1f9d36efa1,9a65b000c545daeb,200,18,9.000000,81.388889,245.172160,0.100000,0.100000,35.241339,1.000000,35.241339,1.000000,1.000000,0.000000,0.923729,0.521531,0.847458,0.826923,100,224,224,32.000000,0,0,16,16,33,33,20,2,218.000000,18,0,0,21,16,0,21,11,1,10,0,11,10,10,1,9,0,0,0,0,10,180,2,182,19,163,0,0,0
494,12000523,25,1,323.072024774430,325.000000000000,15.000000000000,2.002663603398,4f4f4a08c116eed0,8d15af1f9d36efa1,ed85484765271ce2,200,100,50.000000,143.240000,185.605101,0.500000,0.900000,128.677769,1.866667,128.866335,1.800000,2.000000,0.000000,0.540816,0.514563,0.357143,0.307692,100,368,368,32.000000,0,0,16,16,35,35,10,10,212.000000,180,0,0,15,90,0,15,15,10,5,0,15,5,5,0,5,0,0,0,0,0,100,0,100,5,95,0,0,0
495,12000524,25,1,123.337911097927,175.000000000000,18.000000000000,1.795231343264,6893fcb7f34e18ca,8d15af1f9d36efa1,642ca767259b227f,200,106,53.000000,311.122642,235.704207,0.600000,3.000000,382.737590,1.421429,376.180143,4.943396,1.490458,0.000000,0.335025,0.568966,0.160256,0.201220,100,248,248,32.000000,0,0,16,16,59,59,14,10,264.000000,524,0,0,39,94,0,39,16,9,7,0,16,7,7,3,4,0,0,0,0,23,80,14,94,27,67,0,0,0
496,12000525,25,1,432.228796397953,175.000000000000,21.000000000000,2.245686825617,ad423af71d419d03,8d15af1f9d36efa1,9aa9b600c57fb1e9,200,40,20.000000,147.025000,307.253428,0.200000,0.400000,144.724587,1.666667,144.724587,2.000000,1.500000,0.000000,0.722222,0.509804,0.555556,0.487179,100,216,216,32.000000,0,0,16,16,28,28,20,0,208.000000,80,0,0,18,36,0,16,12,2,10,0,12,10,10,2,8,0,0,0,0,6,160,0,160,14,146,0,0,0
497,12000526,25,1,130.063324853931,425.000000000000,10.000000000000,2.682439018912,f720590bf0a96e78,8d15af1f9d36efa1,f290bda986e5236,200,69,34.500000,178.637681,216.568922,0.400000,0.900000,187.202142,1.666667,181.462741,2.449275,1.473373,0.000000,0.638116,0.598394,0.371747,0.495522,100,240,240,32.000000,0,0,16,16,74,74,18,8,298.000000,169,0,0,57,62,0,57,13,4,9,0,13,9,9,3,6,0,0,0,0,44,120,11,131,50,81,0,0,0
498,12000527,25,1,293.856432783504,175.000000000000,17.000000000000,2.024750440640,3cd9bfe0e5746a41,8d15af1f9d36efa1,284d2ee3333cc290,200,89,44.500000,162.775281,234.586134,0.500000,1.000000,149.362629,1.366667,144.599190,1.955056,1.413793,0.000000,0.575610,0.541284,0.364964,0.374101,100,264,264,32.000000,0,0,16,16,41,41,22,0,236.000000,174,0,0,26,79,0,26,15,4,11,0,15,11,11,6,5,0,0,0,0,11,100,11,111,16,95,0,0,0
499,12000528,25,1,227.283603861604,325.000000000000,19.000000000000,1.639058929619,6d278e9318b0c82b,8d15af1f9d36efa1,1117724f75584461,200,120,60.000000,140.825000,210.470718,0.600000,1.300000,149.625090,1.361111,149.625090,2.166667,1.384615,0.000000,0.439655,0.504950,0.277778,0.216867,100,304,304,32.000000,0,0,16,16,32,32,8,0,204.000000,260,0,0,16,108,0,16,16,12,4,0,16,4,4,0,4,0,0,0,0,0,80,0,80,4,76,0,0,0
