scenario_id,scenario_seed,node_count,selected_oc,x,y,local_density,speed,topology_hash,acoustic_state_hash,route_hash,generated_packets,delivered_packets,PDR,E2ED_ms,mean_source_destination_distance_m,connected_flow_pair_ratio,mean_static_shortest_hops,mean_static_shortest_path_length_m,mean_static_feasible_relay_candidates,mean_delivered_path_length_m,mean_delivered_hop_count,mean_delivered_relay_candidate_count,mean_delivered_relay_wait_ms,ROR_total,ROR_generated,ROR_hello,ROR_reactive,hello_tx,neighbor_update_tx,raw_neighbor_update_burden,compressed_topology_updates,topology_digest_packets,mc_topology_digest_ack_packets,lc_topology_update_tx,mc_topology_update_tx,route_request_tx,route_reply_tx,mc_control_tx,gateway_control_tx,control_transmissions,data_hops,OC_data_hops,architecture_violations,controller_requests,installed_route_hits,lc_cache_hits,lc_cache_misses,oc_route_computations,oc_route_successes,oc_route_failures,oc_cache_hits,oc_cache_misses,mc_fallbacks,mc_route_computations,mc_route_successes,mc_route_failures,route_recoveries,recovery_successes,recovery_failures,link_invalidations,control_unreachable,no_physical_path,routing_failure_with_path,final_no_path_drops,failed_route_attempts,negative_cache_hits,pending_route_suppressions,route_discovery_buffered_retries,route_discovery_timeout_drops
500,13000029,50,0,59.6426222955,75,22,2.7786598234,8e4e63d97e6d5d93,8d15af1f9d36efa1,3c042b4f8d8c4bb3,200,133,66.500000,292.857143,274.299261,0.900000,5.000000,428.807142,2.532496,344.379708,4.834586,2.426128,0.000000,0.383509,0.666667,0.237248,0.207152,200,904,904,32.000000,0,0,16,16,77,77,14,0,400.000000,643,0,0,62,119,0,62,15,8,7,0,15,7,7,6,1,0,0,0,0,47,20,47,67,48,19,0,0,0
501,13000030,50,0,378.973449543356,75.000000000000,22.000000000000,2.394439531222,3339c635531a8bfc,8d15af1f9d36efa1,9aa61d00c57c7817,200,83,41.500000,318.602410,246.089098,1.000000,4.300000,326.068980,3.234762,381.260314,5.265060,2.171625,0.000000,0.539515,0.719101,0.313972,0.390516,200,1120,1120,32.000000,0,0,16,16,135,135,10,0,512.000000,437,0,0,126,74,0,126,9,4,5,0,9,5,5,5,0,0,0,0,0,117,0,117,117,117,0,0,0,0
502,13000031,50,0,251.621151326462,425.000000000000,28.000000000000,1.504563207201,75ece9ff99f1457,8d15af1f9d36efa1,85562472504a7d31,200,178,89.000000,326.073034,280.903596,1.000000,5.500000,428.392756,2.332222,402.828925,5.112360,2.041758,0.000000,0.283465,0.642857,0.180180,0.123314,200,928,928,32.000000,0,0,16,16,58,58,12,0,360.000000,910,0,0,40,160,0,40,18,12,6,0,18,6,6,6,0,0,0,0,0,22,0,22,22,22,0,0,0,0
503,13000032,50,0,297.786961289508,425.000000000000,26.000000000000,1.774511517081,ac93a6d06e6a786b,8d15af1f9d36efa1,8416684a598c240,200,172,86.000000,393.970930,342.931286,1.000000,7.000000,539.931840,2.533120,500.809453,6.552326,2.467613,0.000000,0.257086,0.661017,0.150716,0.122957,200,976,976,32.000000,0,0,16,16,74,74,10,28,390.000000,1127,0,0,44,156,0,44,16,11,5,0,16,5,5,5,0,0,0,0,0,28,0,28,28,28,0,0,0,0
504,13000033,50,0,425.106952519995,325.000000000000,39.000000000000,2.386253675961,a7ab1090e8a67b23,8d15af1f9d36efa1,9f0386c02f748a92,200,196,98.000000,355.362245,271.126535,1.000000,5.800000,460.337018,2.152619,449.470220,5.770408,2.154730,0.000000,0.226931,0.624060,0.150263,0.081235,200,936,936,32.000000,0,0,16,16,44,44,12,0,332.000000,1131,0,0,24,176,0,24,20,14,6,0,20,6,6,6,0,0,0,0,0,4,0,4,4,4,0,0,0,0
505,13000034,50,0,418.892108386838,175.000000000000,33.000000000000,2.862227140256,24147f8ed9770761,8d15af1f9d36efa1,141c45d4da36c40a,200,113,56.500000,208.318584,270.416431,0.700000,2.400000,245.691758,1.761905,246.294498,3.442478,2.000000,0.000000,0.479250,0.641577,0.339559,0.244660,200,1080,1080,32.000000,0,0,16,16,58,58,10,0,358.000000,389,0,0,44,102,0,44,14,9,5,0,14,5,5,2,3,0,0,0,0,30,60,27,87,33,54,0,0,0
506,13000035,50,0,496.528320665461,425.000000000000,30.000000000000,1.996705935111,51d3af310bf66412,8d15af1f9d36efa1,c741c355b8448934,200,63,31.500000,366.428571,336.684087,0.600000,3.800000,500.700048,2.354630,441.779632,5.650794,2.401685,0.000000,0.544174,0.680000,0.359712,0.352727,200,960,960,31.000000,0,0,16,15,89,89,16,2,425.000000,356,0,0,78,57,0,78,10,2,8,0,10,8,8,4,4,0,0,0,0,68,80,57,137,72,65,0,0,0
507,13000036,50,0,242.455825923368,75.000000000000,25.000000000000,1.896531577678,45f63009efac358a,8d15af1f9d36efa1,2a4d66d455cd8762,200,93,46.500000,235.526882,183.525867,0.700000,2.100000,226.569285,2.768707,269.597212,3.580645,2.900901,0.000000,0.535565,0.657534,0.375235,0.313402,200,1104,1104,32.000000,0,0,16,16,71,71,10,0,384.000000,333,0,0,59,84,0,59,12,7,5,0,12,5,5,2,3,0,0,0,0,47,60,47,107,50,57,0,0,0
508,13000037,50,0,22.649730144925,75.000000000000,31.000000000000,2.593740680459,b1adad5b2b606818,8d15af1f9d36efa1,9afe8600c5c7a058,200,111,55.500000,258.747748,243.614252,0.900000,3.200000,266.294449,2.914286,281.436007,3.765766,2.617225,0.000000,0.515081,0.689441,0.323625,0.336508,200,1032,1032,32.000000,0,0,16,16,98,98,16,0,444.000000,418,0,0,86,99,0,86,13,5,8,0,13,8,8,7,1,0,0,0,0,73,20,69,89,74,15,0,0,0
509,13000038,50,0,495.027838283669,325.000000000000,38.000000000000,2.770726700842,4c7c0b82426fccba,8d15af1f9d36efa1,70056885e42d313d,200,161,80.500000,269.173913,222.260902,1.000000,3.500000,265.180742,2.072857,323.019366,4.142857,2.103448,0.000000,0.364156,0.656357,0.230681,0.183599,200,952,952,32.000000,0,0,16,16,71,71,8,0,382.000000,667,0,0,55,145,0,55,16,12,4,0,16,4,4,4,0,0,0,0,0,39,0,39,39,39,0,0,0,0
510,13000039,50,0,12.962188856459,75.000000000000,30.000000000000,2.804706189628,cf0288d05f92f8e,8d15af1f9d36efa1,76dc7fd74b33ade4,200,96,48.000000,302.229167,298.626901,0.700000,3.100000,343.060021,2.458163,348.029026,4.833333,2.189655,0.000000,0.460465,0.664430,0.301205,0.261146,200,936,936,32.000000,0,0,16,16,72,72,20,0,396.000000,464,0,0,62,87,0,62,12,2,10,0,12,10,10,7,3,0,0,0,0,50,60,44,104,53,51,0,0,0
511,13000040,50,0,179.830863538481,325.000000000000,24.000000000000,2.269123858367,fb479c779dccc9f4,8d15af1f9d36efa1,11f1f8f3aedad715,200,200,100.000000,241.700000,216.206051,1.000000,3.500000,274.768911,2.468333,289.547435,3.775000,2.374834,0.000000,0.293732,0.610895,0.209424,0.097969,200,1104,1104,32.000000,0,0,16,16,41,41,0,2,314.000000,755,0,0,20,180,0,20,20,20,0,0,20,0,0,0,0,0,0,0,0,0,0,0,0,0,0,0,0,0
512,13000041,50,0,66.697734511235,75.000000000000,30.000000000000,2.648760924731,c6a3a265aff0e9f4,8d15af1f9d36efa1,d28e9d4fe268d0d0,200,80,40.000000,188.875000,270.448112,0.400000,1.200000,219.788428,2.812500,219.305918,3.000000,2.137500,0.000000,0.555556,0.600000,0.454545,0.220779,200,1008,1008,32.000000,0,0,16,16,28,28,12,0,300.000000,240,0,0,14,72,0,14,14,8,6,0,14,6,6,0,6,0,0,0,0,0,120,0,120,6,114,0,0,0
513,13000042,50,0,39.547253197881,175.000000000000,31.000000000000,2.523313848610,636991c6b71cf5a,8d15af1f9d36efa1,b5fcfb4fd2d532f2,200,152,76.000000,250.381579,198.109730,0.800000,3.000000,290.364755,2.831845,303.147655,3.888158,2.732657,0.000000,0.355507,0.619772,0.252845,0.137226,200,952,952,32.000000,0,0,16,16,42,42,10,0,326.000000,591,0,0,25,137,0,25,17,12,5,0,17,5,5,3,2,0,0,0,0,8,40,8,48,10,38,0,0,0
514,13000043,50,0,5.385125344804,425.000000000000,39.000000000000,2.568071228842,c1c8b5778322c13,8d15af1f9d36efa1,9ee115d5513d11c,200,162,81.000000,273.549383,237.131104,1.000000,3.900000,300.863926,2.868810,310.836362,3.981481,2.519380,0.000000,0.376209,0.660441,0.236686,0.196762,200,1176,1176,31.000000,0,0,16,15,71,71,16,2,389.000000,645,0,0,54,146,0,54,16,8,8,0,16,8,8,8,0,0,0,0,0,38,0,38,38,38,0,0,0,0
515,13000044,50,0,86.408202024169,425.000000000000,32.000000000000,1.857855611883,8c8cea1b0d6d46fd,8d15af1f9d36efa1,ac492c5f2215db21,200,158,79.000000,388.544304,262.776615,1.000000,6.100000,483.485735,2.176905,491.690527,6.816456,2.200557,0.000000,0.271805,0.667774,0.156617,0.136327,200,952,952,32.000000,0,0,16,16,74,74,22,0,402.000000,1077,0,0,58,142,0,58,16,5,11,0,16,11,11,11,0,0,0,0,0,42,0,42,42,42,0,0,0,0
516,13000045,50,0,49.277219029659,175.000000000000,45.000000000000,2.177897563874,df15e087ac7313e3,8d15af1f9d36efa1,36b480cbb7a29fd,200,128,64.000000,221.093750,278.056923,0.700000,2.100000,232.471578,3.035714,237.216295,3.187500,3.134804,0.000000,0.471503,0.645390,0.328947,0.244444,200,1240,1240,32.000000,0,0,16,16,58,58,16,6,364.000000,408,0,0,38,114,0,38,17,9,8,0,17,8,8,5,3,0,0,0,0,21,60,12,72,24,48,0,0,0
517,13000046,50,0,256.986528560618,425.000000000000,32.000000000000,1.646781086493,b0fcc4d95f4ce3f3,8d15af1f9d36efa1,9b08d300c5d077b4,200,139,69.500000,205.784173,205.619707,0.800000,2.700000,258.127894,2.695685,235.982750,3.179856,2.920814,0.000000,0.437659,0.632353,0.311526,0.202166,200,1168,1168,32.000000,0,0,16,16,52,52,8,2,344.000000,442,0,0,36,126,0,36,15,11,4,0,15,4,4,2,2,0,0,0,0,21,40,21,61,23,38,0,0,0
518,13000047,50,0,463.272522844879,75.000000000000,28.000000000000,2.861963248835,f91298cdaa69b793,8d15af1f9d36efa1,463ddd6b8a79e045,200,173,86.500000,420.913295,329.921388,0.900000,5.700000,505.659655,2.744750,536.357638,6.728324,2.485395,0.000000,0.221925,0.624060,0.146628,0.079114,200,944,944,32.000000,0,0,16,16,43,43,14,0,332.000000,1164,0,0,25,156,0,25,18,11,7,0,18,7,7,6,1,0,0,0,0,7,20,7,27,8,19,0,0,0
519,13000048,50,0,70.070075120986,425.000000000000,28.000000000000,2.641499581862,54ff886a0b28dba6,8d15af1f9d36efa1,6e43e37a4c9b3b3a,200,107,53.500000,235.140187,211.285837,1.000000,3.700000,284.516900,2.490000,262.367414,3.504673,2.813333,0.000000,0.555160,0.700599,0.347826,0.386252,200,976,976,32.000000,0,0,16,16,115,115,6,0,468.000000,375,0,0,104,96,0,104,11,8,3,0,11,3,3,3,0,0,0,0,0,93,0,93,93,93,0,0,0,0
520,13000049,50,0,76.861034981994,425.000000000000,30.000000000000,2.098961263903,437577c217de47b2,8d15af1f9d36efa1,fcecc144ec673d04,200,171,85.500000,245.637427,237.456237,0.900000,3.500000,295.892660,3.125661,294.844774,3.883041,3.215361,0.000000,0.357834,0.649123,0.231481,0.172070,200,1176,1176,32.000000,0,0,16,16,63,63,12,0,370.000000,664,0,0,46,154,0,46,17,11,6,0,17,6,6,6,0,0,0,0,0,29,20,9,29,29,0,0,0,0
521,13000050,50,0,404.246700094387,425.000000000000,25.000000000000,2.652224674741,40318667d8aa05cd,8d15af1f9d36efa1,a28ec5b0a60d1a3c,200,77,38.500000,203.337662,257.512250,0.400000,1.200000,230.383154,2.025000,224.933798,2.922078,2.137778,0.000000,0.621849,0.649123,0.470588,0.380165,200,928,928,32.000000,0,0,16,16,63,63,12,4,370.000000,225,0,0,47,69,0,47,14,8,6,0,14,6,6,0,6,0,0,0,0,33,120,3,123,39,84,0,0,0
522,13000051,50,0,437.974644378756,175.000000000000,37.000000000000,2.286138029941,97db0a3b07d5ae7e,8d15af1f9d36efa1,bc4d958e953edf38,200,193,96.500000,421.435233,280.485213,1.000000,7.100000,539.026499,2.172198,528.844940,7.020725,2.214760,0.000000,0.205279,0.636364,0.128617,0.080109,200,1016,1016,32.000000,0,0,16,16,53,53,12,12,350.000000,1355,0,0,27,173,0,27,20,14,6,0,20,6,6,6,0,0,0,0,0,7,0,7,7,7,0,0,0,0
523,13000052,50,0,276.778748458452,75.000000000000,23.000000000000,2.334945184419,e89b3a0fa89c8cf1,8d15af1f9d36efa1,cf5982c504d08b0b,200,128,64.000000,205.875000,189.609816,1.000000,3.000000,236.365008,3.530000,240.510747,3.023438,3.403101,0.000000,0.526316,0.682540,0.340716,0.338462,200,1152,1152,32.000000,0,0,16,16,98,98,2,0,430.000000,387,0,0,85,115,0,85,13,12,1,0,13,1,1,1,0,0,0,0,0,72,0,72,72,72,0,0,0,0
524,13000053,50,0,21.369154945788,175.000000000000,43.000000000000,2.272646437648,73450b32f73b7efb,8d15af1f9d36efa1,bcdbf29d950a4b2c,200,150,75.000000,278.753333,263.290517,1.000000,4.600000,359.405366,2.376190,334.047902,4.420000,1.981900,0.000000,0.382106,0.672131,0.231750,0.211653,200,936,936,32.000000,0,0,16,16,86,86,6,0,410.000000,663,0,0,68,132,0,68,18,15,3,0,18,3,3,3,0,0,0,0,0,50,0,50,50,50,0,0,0,0
525,13000054,50,0,364.814845489094,425.000000000000,19.000000000000,2.805241586188,7f61d82d5533f750,8d15af1f9d36efa1,a9b7e303066e818d,200,125,62.500000,251.432000,294.232122,0.900000,3.900000,325.333874,2.477513,311.713992,4.112000,2.204280,0.000000,0.432671,0.662162,0.280112,0.237389,200,1104,1104,32.000000,0,0,16,16,79,79,2,0,392.000000,514,0,0,67,114,0,67,12,11,1,0,12,1,1,0,1,0,0,0,0,55,20,55,75,56,19,0,0,0
526,13000055,50,0,341.832862465771,325.000000000000,26.000000000000,2.000894363889,7f82303919e2e7f9,8d15af1f9d36efa1,db007a0def763fb7,200,100,50.000000,279.060000,327.594310,0.500000,2.100000,336.372783,2.495714,336.372783,4.200000,2.571429,0.000000,0.419890,0.603175,0.322581,0.146341,200,1032,1032,32.000000,0,0,16,16,30,30,12,0,304.000000,420,0,0,15,90,0,15,15,9,6,0,15,6,6,1,5,0,0,0,0,0,100,0,100,5,95,0,0,0
527,13000056,50,0,141.674733504954,175.000000000000,28.000000000000,2.508505783577,a8b7dfc8ae90fac0,8d15af1f9d36efa1,9a7a3800c5576b0d,200,112,56.000000,263.401786,304.414098,0.600000,2.300000,308.643908,2.444444,322.539816,3.964286,2.288288,0.000000,0.430769,0.626866,0.310559,0.189781,200,952,952,32.000000,0,0,16,16,47,47,10,2,336.000000,444,0,0,30,100,0,30,16,11,5,0,16,5,5,1,4,0,0,0,0,14,80,8,88,18,70,0,0,0
528,13000057,50,0,17.277869301228,425.000000000000,29.000000000000,2.928785831187,9931fb6666ec6462,8d15af1f9d36efa1,9ae00100c5adc0ca,200,98,49.000000,342.826531,303.962483,0.600000,3.900000,453.509253,3.300379,403.554117,5.795918,2.897887,0.000000,0.416838,0.669967,0.260417,0.234501,200,1024,1024,32.000000,0,0,16,16,78,78,18,0,406.000000,568,0,0,65,88,0,65,13,4,9,0,13,9,9,6,3,0,0,0,0,52,80,22,102,55,47,0,0,0
529,13000058,50,0,275.152886558607,425.000000000000,12.000000000000,2.229199682461,498b1619f0723747,8d15af1f9d36efa1,21178ff3a3f896ff,200,172,86.000000,403.947674,292.254165,1.000000,7.000000,506.802244,2.975455,512.657955,7.145349,2.338487,0.000000,0.233313,0.651568,0.139958,0.103574,200,1160,1160,32.000000,0,0,16,16,62,62,18,0,374.000000,1229,0,0,45,155,0,45,17,8,9,0,17,9,9,9,0,0,0,0,0,28,0,28,28,28,0,0,0,0
530,13000059,50,0,453.369530709201,175.000000000000,40.000000000000,2.451087836671,2929201df576e532,8d15af1f9d36efa1,9a7a2900c5575190,200,118,59.000000,205.220339,201.972278,0.600000,1.600000,219.817962,3.847222,223.012640,2.669492,3.825397,0.000000,0.505495,0.616858,0.388350,0.222222,200,1176,1176,32.000000,0,0,16,16,39,39,12,2,322.000000,315,0,0,22,106,0,22,16,10,6,0,16,6,6,2,4,0,0,0,0,6,80,2,82,10,72,0,0,0
531,13000060,50,0,75.045052633543,175.000000000000,36.000000000000,2.753834077953,e4e25cd71935e526,8d15af1f9d36efa1,2ef4e4c0207d7655,200,97,48.500000,190.309278,223.801773,0.500000,1.500000,216.648557,1.280000,212.321038,2.948454,1.391608,0.000000,0.526490,0.613900,0.411523,0.231183,200,984,984,32.000000,0,0,16,16,35,35,16,0,318.000000,286,0,0,20,87,0,20,15,7,8,0,15,8,8,3,5,0,0,0,0,5,100,3,103,10,93,0,0,0
532,13000061,50,0,480.037669147730,325.000000000000,38.000000000000,2.464033490138,15c1875461aa167e,8d15af1f9d36efa1,97d2b5470fa7798c,200,184,92.000000,326.152174,316.586961,1.000000,5.200000,413.763913,2.418810,395.728322,5.201087,2.191223,0.000000,0.278824,0.649123,0.172861,0.126027,200,920,920,32.000000,0,0,16,16,64,64,10,16,370.000000,957,0,0,36,164,0,36,20,15,5,0,20,5,5,5,0,0,0,0,0,16,0,16,16,16,0,0,0,0
533,13000062,50,0,295.031320685665,425.000000000000,22.000000000000,2.392701812423,ab47c029286e81f1,8d15af1f9d36efa1,9aa9ac00c57fa0eb,200,79,39.500000,137.227848,220.538458,0.500000,0.700000,108.190575,3.400000,114.484200,1.506329,3.109244,0.000000,0.760563,0.653979,0.626959,0.550943,200,1080,1080,32.000000,0,0,16,16,66,66,14,0,378.000000,119,0,0,53,71,0,53,13,6,7,0,13,7,7,2,5,0,0,0,0,40,100,21,121,45,76,0,0,0
534,13000063,50,0,359.095339408945,175.000000000000,34.000000000000,2.125065649386,e4de599d6b47c00c,8d15af1f9d36efa1,9ab07700c585658a,200,100,50.000000,129.260000,209.267517,0.500000,0.800000,119.965593,1.900000,119.965593,1.600000,1.625000,0.000000,0.656652,0.604743,0.555556,0.316239,200,1048,1048,32.000000,0,0,16,16,30,30,14,0,306.000000,160,0,0,15,90,0,15,15,8,7,0,15,7,7,2,5,0,0,0,0,0,100,0,100,5,95,0,0,0
535,13000064,50,0,209.170259532574,75.000000000000,23.000000000000,2.041838776339,afeed29b44176547,8d15af1f9d36efa1,d2a13692944ac451,200,90,45.000000,427.700000,256.827922,0.700000,5.000000,588.613694,2.860714,570.797706,7.233333,2.566820,0.000000,0.385269,0.671053,0.235018,0.212817,200,1152,1152,32.000000,0,0,16,16,80,80,16,0,408.000000,651,0,0,71,83,1,70,9,1,8,0,9,8,8,5,3,0,0,0,0,61,60,50,110,64,46,0,0,0
536,13000065,50,0,257.847344783804,425.000000000000,26.000000000000,1.633214155193,5ff7f16d7a81ac3,8d15af1f9d36efa1,9aa98300c57f5b40,200,46,23.000000,116.304348,202.514707,0.300000,0.300000,84.978499,3.333333,86.704354,1.000000,3.739130,0.000000,0.875676,0.618321,0.813008,0.666667,200,960,960,32.000000,0,0,16,16,38,38,16,2,324.000000,46,0,0,27,42,0,27,11,3,8,0,11,8,8,1,7,0,0,0,0,16,140,14,154,23,131,0,0,0
537,13000066,50,0,91.344500510418,75.000000000000,26.000000000000,2.827016484456,472228f042334312,8d15af1f9d36efa1,77439d13835ee56c,200,95,47.500000,183.684211,272.011953,0.600000,1.900000,239.519121,3.169444,213.056019,2.947368,2.496429,0.000000,0.573171,0.652778,0.416667,0.339623,200,1096,1096,32.000000,0,0,16,16,67,67,10,0,376.000000,280,0,0,54,86,0,54,13,8,5,0,13,5,5,1,4,0,0,0,0,41,80,25,105,45,60,0,0,0
538,13000067,50,0,351.624512196763,425.000000000000,32.000000000000,1.543633619031,79a6e487379396fd,8d15af1f9d36efa1,54adbd8a734a1d39,200,139,69.500000,362.697842,232.436843,0.900000,5.100000,417.148526,1.890825,439.116782,6.014388,1.923445,0.000000,0.324717,0.667774,0.193050,0.168986,200,792,792,32.000000,0,0,16,16,73,73,24,0,402.000000,836,0,0,57,124,0,57,16,4,12,0,16,12,12,11,1,0,0,0,0,41,20,41,61,42,19,0,0,0
539,13000068,50,0,385.357826278649,175.000000000000,31.000000000000,2.584644803173,8efb7a7a54d8cf35,8d15af1f9d36efa1,ee053368a80c7d9,200,181,90.500000,280.662983,266.551937,1.000000,4.800000,355.199151,2.201786,347.235309,4.696133,2.392941,0.000000,0.294020,0.638989,0.190476,0.125514,200,1176,1176,32.000000,0,0,16,16,57,57,8,0,354.000000,850,0,0,38,162,0,38,19,15,4,0,19,4,4,4,0,0,0,0,0,19,0,19,19,19,0,0,0,0
540,13000069,50,0,216.923183046719,425.000000000000,21.000000000000,2.094529625968,18f5a27146e43192,8d15af1f9d36efa1,b21c42b9f8735144,200,138,69.000000,209.007246,225.648625,0.900000,3.500000,262.935561,2.936508,243.041447,3.376812,2.978541,0.000000,0.472851,0.676375,0.300300,0.285276,200,1040,1040,32.000000,0,0,16,16,92,92,2,4,418.000000,466,0,0,76,124,0,76,14,13,1,0,14,1,1,1,0,0,0,0,0,62,20,42,62,62,0,0,0,0
541,13000070,50,0,119.361148363244,425.000000000000,32.000000000000,1.592844944287,56d3d1e16c7e21c6,8d15af1f9d36efa1,e844c925f6f0d4e3,200,159,79.500000,324.006289,294.423915,1.000000,5.200000,402.456261,3.117619,383.826027,5.081761,2.794554,0.000000,0.332231,0.667774,0.198413,0.173824,200,1040,1040,32.000000,0,0,16,16,71,71,28,0,402.000000,808,0,0,56,144,0,56,15,1,14,0,15,14,14,14,0,0,0,0,0,41,0,41,41,41,0,0,0,0
542,13000071,50,0,448.290739888390,325.000000000000,40.000000000000,2.782574835189,c4f176d628daaae6,8d15af1f9d36efa1,85f50a6a18e5a1e9,200,187,93.500000,258.502674,248.299088,1.000000,3.900000,302.031721,2.548889,295.152486,3.850267,2.488889,0.000000,0.327103,0.636364,0.217391,0.140811,200,1104,1104,32.000000,0,0,16,16,57,57,4,8,350.000000,720,0,0,33,167,0,33,20,18,2,0,20,2,2,2,0,0,0,0,0,13,0,13,13,13,0,0,0,0
543,13000072,50,0,191.864471725961,75.000000000000,27.000000000000,1.532499559398,aa5981bc2ff08b1a,8d15af1f9d36efa1,93da2eeec85d8f6a,200,133,66.500000,272.368421,259.888673,0.800000,3.100000,312.107909,2.680060,339.197692,4.203008,2.785331,0.000000,0.404686,0.655172,0.263505,0.209335,200,1008,1008,32.000000,0,0,16,16,71,71,6,0,380.000000,559,0,0,61,120,0,57,14,11,3,0,14,3,3,2,1,0,0,0,0,47,40,27,67,48,19,0,0,0
544,13000073,50,0,321.423726655519,425.000000000000,27.000000000000,2.177758048713,55ab1179604e3ec5,8d15af1f9d36efa1,b8ce5a3e4ffa52c9,200,139,69.500000,440.798561,281.695217,1.000000,6.900000,502.166213,2.701429,560.054841,8.021583,2.286099,0.000000,0.279250,0.683544,0.152091,0.152091,200,968,968,32.000000,0,0,16,16,93,93,14,12,432.000000,1115,0,0,74,126,0,74,13,6,7,0,13,7,7,7,0,0,0,0,0,61,0,61,61,61,0,0,0,0
545,13000074,50,0,19.778126199348,175.000000000000,45.000000000000,1.940733663421,80c2452958fe29b9,8d15af1f9d36efa1,2214247134173c20,200,110,55.000000,275.790909,283.186328,0.600000,2.500000,322.259861,2.375000,324.150305,4.236364,2.517167,0.000000,0.416040,0.624060,0.300300,0.176678,200,968,968,32.000000,0,0,16,16,42,42,16,0,332.000000,466,0,0,26,98,0,26,16,8,8,0,16,8,8,4,4,0,0,0,0,10,80,10,90,14,76,0,0,0
546,13000075,50,0,109.100913124100,175.000000000000,33.000000000000,2.722671304820,6c657fc762b9e4bd,8d15af1f9d36efa1,9aa9a900c57f9bd2,200,73,36.500000,123.616438,211.877159,0.400000,0.600000,110.689999,3.750000,110.877980,1.547945,4.176991,0.000000,0.735363,0.610895,0.638978,0.420513,200,1144,1144,32.000000,0,0,16,16,34,34,14,2,314.000000,113,0,0,20,66,0,20,13,6,7,0,13,7,7,1,6,0,0,0,0,7,120,7,127,13,114,0,0,0
547,13000076,50,0,308.478274692092,425.000000000000,20.000000000000,2.323446633748,7521f7b86eb89d77,8d15af1f9d36efa1,8f3494b87d2a80f4,200,139,69.500000,290.611511,249.164103,0.900000,3.500000,307.609717,2.608730,351.085279,4.561151,2.646688,0.000000,0.383268,0.663300,0.239808,0.203518,200,1016,1016,32.000000,0,0,16,16,75,75,12,8,394.000000,634,0,0,56,125,0,56,15,9,6,0,15,6,6,5,1,0,0,0,0,41,20,41,61,42,19,0,0,0
548,13000077,50,0,471.042922399381,175.000000000000,38.000000000000,2.857264574579,82540fb117b20848,8d15af1f9d36efa1,d3d88f218c10f49,200,142,71.000000,593.021127,239.831138,0.900000,2.800000,243.241832,2.935185,256.642281,3.316901,2.932059,0.000000,0.460481,0.667774,0.298063,0.265211,200,1256,1256,32.000000,0,0,16,16,80,80,10,4,402.000000,471,0,0,62,127,0,62,16,11,5,0,16,5,5,4,1,0,0,0,0,46,20,38,58,47,11,0,0,0
549,13000078,50,0,66.182098465730,325.000000000000,31.000000000000,2.808461589046,ebf98009b831438a,8d15af1f9d36efa1,a9b7da4f3af48d3e,200,188,94.000000,270.638298,246.296333,1.000000,4.400000,344.004096,2.123810,332.053628,4.404255,2.084541,0.000000,0.292308,0.630996,0.194553,0.117271,200,936,936,32.000000,0,0,16,16,50,50,10,0,342.000000,828,0,0,31,169,0,31,19,14,5,0,19,5,5,5,0,0,0,0,0,12,0,12,12,12,0,0,0,0
550,13000079,50,0,340.891750004454,425.000000000000,27.000000000000,1.777036179991,dd1b4d787ad1f70a,8d15af1f9d36efa1,448f13a0f0972856,200,158,79.000000,329.379747,285.384391,1.000000,5.000000,386.385797,1.998968,413.157937,5.481013,2.032333,0.000000,0.308307,0.658703,0.187617,0.150980,200,936,936,32.000000,0,0,16,16,70,70,14,0,386.000000,866,0,0,56,144,0,56,14,7,7,0,14,7,7,7,0,0,0,0,0,42,0,42,42,42,0,0,0,0
551,13000080,50,0,399.363293256783,325.000000000000,36.000000000000,2.281898464629,2ae4927241bcdf9d,8d15af1f9d36efa1,9acbb400c59c94e9,200,164,82.000000,218.524390,185.188089,0.900000,2.900000,242.579453,3.944444,256.625169,3.396341,3.080790,0.000000,0.388584,0.638989,0.264201,0.179676,200,1128,1128,32.000000,0,0,16,16,58,58,6,0,354.000000,557,0,0,39,146,0,39,19,16,3,0,19,3,3,2,1,0,0,0,0,20,20,16,36,21,15,0,0,0
552,13000081,50,0,105.769289961487,75.000000000000,28.000000000000,2.296010548743,81072ea9b5a35a52,8d15af1f9d36efa1,9ad27e00c5a257d5,200,119,59.500000,387.773109,250.875158,0.800000,4.200000,398.501320,2.356647,470.228080,6.100840,2.245179,0.000000,0.352941,0.664430,0.215983,0.184270,200,1096,1096,32.000000,0,0,16,16,73,73,18,4,396.000000,726,0,0,57,107,0,57,14,5,9,0,14,9,9,7,2,0,0,0,0,43,40,41,81,45,36,0,0,0
553,13000082,50,0,405.674099553085,425.000000000000,30.000000000000,2.204161790884,bc2b9d1d08ada5c8,8d15af1f9d36efa1,2b13d14f841021cc,200,110,55.000000,282.809091,255.270597,0.700000,2.300000,261.558331,3.266667,297.679245,3.745455,3.009709,0.000000,0.478481,0.653979,0.326797,0.261649,200,1008,1008,32.000000,0,0,16,16,63,63,20,4,378.000000,412,0,0,46,98,0,46,15,5,10,0,15,10,10,7,3,0,0,0,0,31,60,30,90,34,56,0,0,0
554,13000083,50,0,99.633207936591,175.000000000000,41.000000000000,2.299106835856,f163ef50ab0f2641,8d15af1f9d36efa1,9ab3d200c5883602,200,96,48.000000,254.322917,254.030477,0.500000,2.000000,329.058372,3.020000,307.566258,4.052083,2.190231,0.000000,0.449788,0.613900,0.339559,0.181053,200,1016,1016,32.000000,0,0,16,16,38,38,10,0,318.000000,389,0,0,23,86,0,23,15,10,5,0,15,5,5,0,5,0,0,0,0,8,100,4,104,13,91,0,0,0
555,13000084,50,0,267.339578140233,75.000000000000,28.000000000000,1.662526533947,c87e86ef7dae7553,8d15af1f9d36efa1,e5ce85f6f25ce15f,200,139,69.500000,253.633094,255.610819,0.800000,2.600000,250.844466,2.622917,281.992665,3.719424,2.199226,0.000000,0.409143,0.641577,0.278940,0.195956,200,1120,1120,32.000000,0,0,16,16,55,55,16,0,358.000000,517,0,0,38,124,0,38,17,9,8,0,17,8,8,6,2,0,0,0,0,21,40,21,61,23,38,0,0,0
556,13000085,50,0,125.636639383863,325.000000000000,27.000000000000,2.856858645257,2603f4e9371c9fcc,8d15af1f9d36efa1,9a7ab712c95fd789,200,126,63.000000,274.341270,306.562839,0.700000,3.200000,341.576417,2.506803,354.018768,4.857143,2.338235,0.000000,0.351695,0.624060,0.246305,0.140449,200,888,888,32.000000,0,0,16,16,46,46,8,0,332.000000,612,0,0,31,114,0,31,15,11,4,0,15,4,4,1,3,0,0,0,0,16,60,14,74,19,55,0,0,0
557,13000086,50,0,312.619468194054,75.000000000000,18.000000000000,2.508491760286,7c51d3c01c716cd1,8d15af1f9d36efa1,f6a6918826af1fd9,200,112,56.000000,245.214286,277.513469,0.700000,2.800000,329.335012,2.126190,307.533664,3.937500,1.972789,0.000000,0.441065,0.635036,0.312012,0.208259,200,1104,1104,32.000000,0,0,16,16,54,54,8,0,348.000000,441,0,0,41,102,0,41,13,9,4,0,13,4,4,1,3,0,0,0,0,28,60,28,88,31,57,0,0,0
558,13000087,50,0,124.627509175754,325.000000000000,40.000000000000,1.743434554095,c93b1b542aa0a04d,8d15af1f9d36efa1,9fa764c5ad40dd97,200,160,80.000000,324.500000,263.355869,0.800000,4.300000,425.557235,2.642361,413.249402,5.375000,2.348837,0.000000,0.268707,0.612403,0.188679,0.088983,200,880,880,32.000000,0,0,16,16,36,36,12,0,316.000000,860,0,0,18,144,0,18,18,12,6,0,18,6,6,4,2,0,0,0,0,0,40,0,40,2,38,0,0,0
559,13000088,50,0,262.265727159901,425.000000000000,20.000000000000,1.925725559135,9fa462266ab8d5cd,8d15af1f9d36efa1,6c07b2c1463d777,200,138,69.000000,308.500000,266.094873,0.800000,3.600000,361.962315,2.446131,367.864338,4.536232,2.460064,0.000000,0.363821,0.641577,0.242131,0.167553,200,904,904,32.000000,0,0,16,16,58,58,10,8,358.000000,626,0,0,38,124,0,38,16,11,5,0,16,5,5,3,2,0,0,0,0,22,40,22,62,24,38,0,0,0
560,13000089,50,0,32.338938471713,325.000000000000,38.000000000000,2.608967168806,b42b5adf90f4b29e,8d15af1f9d36efa1,f06838029d94e416,200,197,98.500000,284.167513,257.716845,1.000000,4.800000,362.633319,2.771667,339.977863,4.796954,2.457143,0.000000,0.258824,0.622642,0.174672,0.093960,200,1136,1136,32.000000,0,0,16,16,43,43,12,0,330.000000,945,0,0,23,177,0,23,20,14,6,0,20,6,6,6,0,0,0,0,0,3,0,3,3,3,0,0,0,0
561,13000090,50,0,387.999555607549,425.000000000000,24.000000000000,2.504596200280,c8dde11204f9e50c,8d15af1f9d36efa1,8b2cadcd8cb73d7d,200,93,46.500000,321.365591,331.510893,0.500000,2.300000,371.582678,2.826667,381.758732,4.870968,2.381898,0.000000,0.490439,0.685535,0.306279,0.310502,200,896,896,32.000000,0,0,16,16,92,92,20,0,436.000000,453,0,0,81,84,0,81,11,1,10,0,11,10,10,8,2,0,0,0,0,70,100,7,107,72,35,0,0,0
562,13000091,50,0,197.879409849852,425.000000000000,24.000000000000,1.827280374812,5882d63eb6ef756a,8d15af1f9d36efa1,3c821e4f8df77aaf,200,81,40.500000,221.938272,255.627814,0.500000,1.500000,223.658185,2.700000,242.480293,3.135802,2.696850,0.000000,0.604361,0.659864,0.440529,0.380488,200,992,992,32.000000,0,0,16,16,71,71,14,4,388.000000,254,0,0,55,72,0,55,14,7,7,0,14,7,7,2,5,0,0,0,0,41,100,19,119,46,73,0,0,0
563,13000092,50,0,165.010280937763,75.000000000000,17.000000000000,2.770409812298,743f9e9e295edff8,8d15af1f9d36efa1,f4e20a530e5b8a03,200,149,74.500000,301.832215,256.341435,0.800000,3.900000,385.585007,3.146429,369.792537,4.765101,2.895775,0.000000,0.318618,0.624060,0.219780,0.123457,200,1064,1064,32.000000,0,0,16,16,46,46,8,2,332.000000,710,0,0,28,134,0,28,17,13,4,0,17,4,4,2,2,0,0,0,0,11,40,11,51,13,38,0,0,0
564,13000093,50,0,478.117958213810,175.000000000000,43.000000000000,2.454894572127,e6088528dc34d423,8d15af1f9d36efa1,884354aa5cfa81e5,200,199,99.500000,363.819095,305.299339,1.000000,6.300000,482.526019,2.454141,450.999266,6.311558,2.192675,0.000000,0.211055,0.626866,0.137363,0.076471,200,856,856,32.000000,0,0,16,16,42,42,20,2,336.000000,1256,0,0,21,179,0,21,20,10,10,0,20,10,10,10,0,0,0,0,0,1,0,1,1,1,0,0,0,0
565,13000094,50,0,81.938297508468,325.000000000000,36.000000000000,2.721133915209,2cb6172589fa289e,8d15af1f9d36efa1,5cf4920a520c9548,200,173,86.500000,202.005780,213.721012,0.900000,2.800000,242.173737,2.322751,230.333874,3.075145,2.263158,0.000000,0.379953,0.619772,0.273224,0.150160,200,952,952,32.000000,0,0,16,16,43,43,8,0,326.000000,532,0,0,25,156,0,25,18,14,4,0,18,4,4,3,1,0,0,0,0,7,20,7,27,8,19,0,0,0
566,13000095,50,0,207.865390283866,75.000000000000,24.000000000000,2.319102847602,600804ae5fa60584,8d15af1f9d36efa1,d7a15f21fd2b6b72,200,20,10.000000,365.350000,356.873052,0.300000,1.500000,381.487432,2.400000,466.156880,6.000000,2.716667,0.000000,0.771863,0.669967,0.625000,0.591837,200,1008,1008,32.000000,0,0,16,16,80,80,14,0,406.000000,120,0,0,72,18,0,72,8,1,7,0,8,7,7,1,6,0,0,0,0,64,140,40,180,70,110,0,0,0
567,13000096,50,0,54.540425235583,75.000000000000,33.000000000000,2.901066755485,17e50a04201fab3a,8d15af1f9d36efa1,969a20572b2ea66c,200,149,74.500000,275.355705,251.547295,1.000000,4.100000,334.995783,2.890476,333.132274,4.221477,2.721781,0.000000,0.391094,0.668874,0.241255,0.214732,200,1144,1144,32.000000,0,0,16,16,81,81,10,0,404.000000,629,0,0,66,134,0,66,15,10,5,0,15,5,5,5,0,0,0,0,0,51,0,51,51,51,0,0,0,0
568,13000097,50,0,97.058039758101,425.000000000000,22.000000000000,2.892831391761,1cc2367c1720d5af,8d15af1f9d36efa1,e9d7634ff02b5e17,200,136,68.000000,266.375000,256.095927,1.000000,3.900000,323.320439,3.105000,313.366437,4.014706,2.827839,0.000000,0.437113,0.679487,0.268097,0.260163,200,1168,1168,32.000000,0,0,16,16,93,93,6,2,424.000000,546,0,0,78,122,0,78,14,11,3,0,14,3,3,3,0,0,0,0,0,64,0,64,64,64,0,0,0,0
569,13000098,50,0,16.877992925212,75.000000000000,28.000000000000,2.910831343888,b2a9a1b1efd9a04a,8d15af1f9d36efa1,24d68e8027842b89,200,163,81.500000,358.969325,364.315412,1.000000,6.000000,447.614023,2.194127,430.523402,5.588957,1.964874,0.000000,0.305111,0.666667,0.180018,0.155700,200,1032,1032,32.000000,0,0,16,16,73,73,22,0,400.000000,911,0,0,55,145,0,55,18,7,11,0,18,11,11,11,0,0,0,0,0,37,0,37,37,37,0,0,0,0
570,13000099,50,0,363.179615285084,425.000000000000,23.000000000000,2.386613750199,744b977644be6f84,8d15af1f9d36efa1,e941e44fefac6256,200,139,69.500000,293.654676,294.102399,1.000000,5.300000,404.981418,2.772103,360.608069,4.827338,2.780924,0.000000,0.382136,0.674797,0.229621,0.215205,200,1128,1128,31.000000,0,0,16,15,87,87,10,0,415.000000,671,0,0,74,126,0,74,13,8,5,0,13,5,5,5,0,0,0,0,0,61,0,61,61,61,0,0,0,0
571,13000100,50,0,86.498033740092,425.000000000000,21.000000000000,2.836327396737,9733c5d93de93d72,8d15af1f9d36efa1,bf2ab19e6e81f81a,200,151,75.500000,240.264901,222.236123,1.000000,4.000000,304.047754,2.563420,280.377311,3.768212,2.666081,0.000000,0.409138,0.663300,0.260078,0.221614,200,976,976,32.000000,0,0,16,16,75,75,12,0,394.000000,569,0,0,62,138,0,62,13,7,6,0,13,6,6,6,0,0,0,0,0,49,0,49,49,49,0,0,0,0
572,13000101,50,0,411.199709530803,325.000000000000,36.000000000000,2.579460277931,b7af4215b1f58a12,8d15af1f9d36efa1,66b86121d4a1beae,200,86,43.000000,288.383721,315.805081,0.500000,2.100000,348.062699,2.306667,358.772448,4.232558,2.414835,0.000000,0.475504,0.622642,0.354610,0.212121,200,928,928,32.000000,0,0,16,16,40,40,18,0,330.000000,364,0,0,27,78,0,27,13,4,9,0,13,9,9,4,5,0,0,0,0,14,100,14,114,19,95,0,0,0
573,13000102,50,0,332.996646911484,75.000000000000,25.000000000000,1.790173739156,65066981140433e4,8d15af1f9d36efa1,aa4ac3f3743a1288,200,45,22.500000,319.444444,297.117916,0.600000,2.400000,301.377134,2.660317,334.361088,4.200000,2.619048,0.000000,0.699523,0.687500,0.514139,0.523929,200,960,960,32.000000,0,0,16,16,95,95,18,0,440.000000,189,0,0,85,39,0,85,10,1,9,0,10,9,9,5,4,0,0,0,0,75,80,75,155,79,76,0,0,0
574,13000103,50,0,198.539405786216,75.000000000000,25.000000000000,2.453073534141,3b53fc15e543809,8d15af1f9d36efa1,9db1bc68485dcc7f,200,157,78.500000,250.592357,270.859084,1.000000,5.000000,371.694794,3.069444,286.800783,4.012739,2.960317,0.000000,0.384766,0.663300,0.240964,0.204545,200,1040,1040,32.000000,0,0,16,16,78,78,6,6,394.000000,630,0,0,59,141,0,59,16,13,3,0,16,3,3,3,0,0,0,0,0,43,0,43,43,43,0,0,0,0
575,13000104,50,0,249.962461022201,325.000000000000,24.000000000000,1.817917388331,45679b98d9da6226,8d15af1f9d36efa1,fd0f76fd0b9c3fb8,200,130,65.000000,334.123077,328.795337,0.800000,4.700000,444.722587,2.364881,441.900225,6.176923,2.287671,0.000000,0.307161,0.640288,0.199402,0.133765,200,944,944,32.000000,0,0,16,16,60,60,4,0,356.000000,803,0,0,45,117,0,45,15,13,2,0,15,2,2,0,2,0,0,0,0,30,40,30,70,32,38,0,0,0
576,13000105,50,0,310.571519857875,325.000000000000,25.000000000000,2.350283351403,2164c872cbedf5eb,8d15af1f9d36efa1,2b02e14f8401c9c9,200,53,26.500000,176.830189,217.843850,0.300000,0.700000,174.748521,2.166667,185.583368,2.509434,2.300752,0.000000,0.702461,0.610895,0.600601,0.381395,200,944,944,32.000000,0,0,16,16,32,32,18,2,314.000000,133,0,0,19,48,0,19,12,3,9,0,12,9,9,2,7,0,0,0,0,7,140,7,147,14,133,0,0,0
577,13000106,50,0,498.980638847767,175.000000000000,43.000000000000,2.283744445363,bdaf9569b077d694,8d15af1f9d36efa1,faf3ed4ff9cd1479,200,133,66.500000,208.939850,190.202938,0.800000,2.500000,234.696532,3.286458,234.412824,3.082707,3.078049,0.000000,0.483627,0.657534,0.327869,0.270463,200,1368,1368,32.000000,0,0,16,16,72,72,8,0,384.000000,410,0,0,55,118,0,55,17,13,4,0,17,4,4,2,2,0,0,0,0,38,40,27,67,40,27,0,0,0
578,13000107,50,0,294.135928053834,425.000000000000,16.000000000000,2.334960095814,14e2262b9095f841,8d15af1f9d36efa1,3c690e1b7668c09b,200,133,66.500000,426.571429,286.880652,1.000000,7.800000,558.844332,1.822857,533.720922,7.593985,1.620792,0.000000,0.300554,0.684543,0.165289,0.166667,200,912,912,32.000000,0,0,16,16,95,95,12,0,434.000000,1010,0,0,81,119,0,81,14,8,6,0,14,6,6,6,0,0,0,0,0,67,0,67,67,67,0,0,0,0
579,13000108,50,0,353.504163230381,325.000000000000,20.000000000000,2.946168344422,da05970d316943cb,8d15af1f9d36efa1,f5c201ccbd451013,200,193,96.500000,255.523316,275.073792,1.000000,4.100000,305.647477,2.316905,309.409512,4.103627,2.434343,0.000000,0.294118,0.622642,0.201613,0.110112,200,992,992,32.000000,0,0,16,16,45,45,8,0,330.000000,792,0,0,26,174,0,26,19,15,4,0,19,4,4,4,0,0,0,0,0,7,0,7,7,7,0,0,0,0
580,13000109,50,0,67.830567263917,75.000000000000,36.000000000000,2.015886923104,babddc7c325fd2a1,8d15af1f9d36efa1,cdd1126068164eb4,200,192,96.000000,304.557292,268.882389,1.000000,4.300000,354.799542,2.814603,361.919144,4.395833,2.592417,0.000000,0.287162,0.629630,0.191571,0.113445,200,960,960,32.000000,0,0,16,16,46,46,16,0,340.000000,844,0,0,27,173,0,27,19,11,8,0,19,8,8,8,0,0,0,0,0,8,0,8,8,8,0,0,0,0
581,13000110,50,0,467.321498343305,175.000000000000,46.000000000000,2.016248348045,fcfdbd196db3574c,8d15af1f9d36efa1,74b21c2548ec7d2f,200,188,94.000000,269.595745,263.446177,1.000000,4.200000,316.838812,1.866667,305.316913,4.085106,1.880208,0.000000,0.316726,0.640288,0.206612,0.139013,200,984,984,32.000000,0,0,16,16,52,52,20,0,356.000000,768,0,0,32,168,0,32,20,10,10,0,20,10,10,10,0,0,0,0,0,12,0,12,12,12,0,0,0,0
582,13000111,50,0,40.174477443109,425.000000000000,32.000000000000,2.512970087281,c3a2b4b31d50cce9,8d15af1f9d36efa1,18d9b7991be9786f,200,53,26.500000,185.528302,289.956639,0.300000,0.700000,185.891008,3.266667,200.385729,2.509434,3.548872,0.000000,0.725773,0.637681,0.600601,0.474308,200,1080,1080,32.000000,0,0,16,16,52,52,16,0,352.000000,133,0,0,40,48,0,40,12,4,8,0,12,8,8,1,7,0,0,0,0,28,140,7,147,35,112,0,0,0
583,13000112,50,0,373.866838888029,175.000000000000,29.000000000000,2.678361738429,49ec2dca59703ec0,8d15af1f9d36efa1,97fee04f30cdd5ea,200,177,88.500000,231.310734,259.060471,0.900000,3.100000,267.152872,3.673016,264.840871,3.525424,3.411859,0.000000,0.337580,0.613900,0.242718,0.121127,200,1328,1328,32.000000,0,0,16,16,42,42,2,2,318.000000,624,0,0,22,159,0,22,19,18,1,0,19,1,1,0,1,0,0,0,0,3,20,3,23,4,19,0,0,0
584,13000113,50,0,68.133258801457,175.000000000000,41.000000000000,1.812628342294,7d4b2489f1c31da5,8d15af1f9d36efa1,49c78f9249c417a1,200,56,28.000000,217.446429,327.234663,0.300000,1.100000,243.682073,2.266667,260.032903,3.803571,2.178404,0.000000,0.604824,0.619772,0.484262,0.306189,200,1008,1008,32.000000,0,0,16,16,40,40,14,2,326.000000,213,0,0,26,50,0,26,13,6,7,0,13,7,7,0,7,0,0,0,0,13,140,4,144,20,124,0,0,0
585,13000114,50,0,198.442379333254,425.000000000000,30.000000000000,1.960348363135,ad34935e2952c5b2,8d15af1f9d36efa1,775282a294dcfb66,200,96,48.000000,268.604167,250.733775,0.800000,2.700000,271.979060,2.991667,300.564053,3.729167,2.321229,0.000000,0.545685,0.682540,0.358423,0.356115,200,1104,1104,32.000000,0,0,16,16,95,95,8,2,430.000000,358,0,0,81,85,0,81,13,9,4,0,13,4,4,2,2,0,0,0,0,68,40,64,104,70,34,0,0,0
586,13000115,50,0,404.317579901016,175.000000000000,32.000000000000,2.664173307065,a6b68d1a7d3af0c8,8d15af1f9d36efa1,127e6be22534885e,200,199,99.500000,394.160804,248.047649,1.000000,6.400000,514.931213,2.267273,511.301090,6.417085,2.171496,0.000000,0.203369,0.619772,0.135410,0.068563,200,1048,1048,32.000000,0,0,16,16,41,41,12,0,326.000000,1277,0,0,21,179,0,21,20,14,6,0,20,6,6,6,0,0,0,0,0,1,0,1,1,1,0,0,0,0
587,13000116,50,0,313.910175802175,425.000000000000,22.000000000000,1.776244080924,5004f663cf76de7c,8d15af1f9d36efa1,9afb0f00c5c4a04c,200,130,65.000000,194.976923,188.124814,1.000000,3.500000,250.813213,2.696349,238.633449,3.600000,2.500000,0.000000,0.476510,0.680511,0.299401,0.293051,200,1344,1344,32.000000,0,0,16,16,97,97,0,14,426.000000,468,0,0,80,120,0,80,10,10,0,0,10,0,0,0,0,0,0,0,0,70,0,70,70,70,0,0,0,0
588,13000117,50,0,462.788924733838,75.000000000000,28.000000000000,2.505092660018,a45835d35359439f,8d15af1f9d36efa1,9fea9e0ff161fb21,200,177,88.500000,225.310734,210.707570,1.000000,3.100000,240.262950,2.975000,249.361668,3.254237,2.920139,0.000000,0.385928,0.644128,0.257732,0.184136,200,1200,1200,32.000000,0,0,16,16,57,57,16,0,362.000000,576,0,0,40,160,0,40,17,9,8,0,17,8,8,8,0,0,0,0,0,23,0,23,23,23,0,0,0,0
589,13000118,50,0,73.781117992680,325.000000000000,33.000000000000,2.839138759473,af2e2bff19e4648d,8d15af1f9d36efa1,df68b09d502c5387,200,20,10.000000,429.100000,284.362111,0.100000,0.700000,576.279197,1.857143,536.651657,7.000000,1.857143,0.000000,0.684685,0.603175,0.588235,0.339623,200,984,984,32.000000,0,0,16,16,25,25,22,0,304.000000,140,0,0,14,18,0,14,11,0,11,0,11,11,11,2,9,0,0,0,0,3,180,0,180,12,168,0,0,0
590,13000119,50,0,346.475097913143,75.000000000000,26.000000000000,2.056250813811,e50281b13283f5aa,8d15af1f9d36efa1,7cef0289d7358778,200,184,92.000000,290.608696,253.031681,1.000000,4.400000,352.190757,3.416270,350.407857,4.532609,2.756595,0.000000,0.297980,0.638989,0.193424,0.127615,200,1200,1200,32.000000,0,0,16,16,52,52,18,0,354.000000,834,0,0,34,166,0,34,18,9,9,0,18,9,9,9,0,0,0,0,0,16,0,16,16,16,0,0,0,0
591,13000120,50,0,134.465741909927,325.000000000000,36.000000000000,2.292911243844,48f5c76c0b58a23,8d15af1f9d36efa1,9a7da700c55a5d81,200,189,94.500000,380.079365,365.933732,1.000000,6.000000,476.284750,2.621429,492.811440,6.158730,2.315292,0.000000,0.225033,0.628253,0.146628,0.083465,200,944,944,32.000000,0,0,16,16,51,51,4,0,338.000000,1164,0,0,31,169,0,31,20,18,2,0,20,2,2,2,0,0,0,0,0,11,0,11,11,11,0,0,0,0
592,13000121,50,0,16.044380303396,75.000000000000,31.000000000000,1.721717755948,96cf4e289fc2716a,8d15af1f9d36efa1,589aeba7b0fcc848,200,105,52.500000,398.361905,293.514470,1.000000,4.700000,357.517438,2.640357,448.918544,5.714286,2.373333,0.000000,0.451554,0.711816,0.250000,0.303944,200,1016,1016,32.000000,0,0,16,16,123,123,16,4,494.000000,600,0,0,108,92,0,108,13,5,8,0,13,8,8,8,0,0,0,0,0,95,0,95,95,95,0,0,0,0
593,13000122,50,0,266.359593294739,325.000000000000,23.000000000000,1.661210370282,d21d4377a99b62ad,8d15af1f9d36efa1,7050ff14fea7e2d5,200,200,100.000000,275.630000,233.763379,1.000000,4.000000,319.659723,2.591667,317.631735,4.000000,2.625000,0.000000,0.291408,0.621928,0.200000,0.109131,200,1032,1032,31.000000,0,0,16,15,45,45,8,10,329.000000,800,0,0,20,180,0,20,20,16,4,0,20,4,4,4,0,0,0,0,0,0,0,0,0,0,0,0,0,0
594,13000123,50,0,166.843539129651,425.000000000000,29.000000000000,1.852891607909,3235388d9031e419,8d15af1f9d36efa1,2efd53e873390070,200,160,80.000000,291.293750,266.009020,1.000000,4.600000,348.025414,2.359683,338.450827,4.493750,2.294854,0.000000,0.353998,0.663300,0.217628,0.183882,200,1088,1088,32.000000,0,0,16,16,71,71,20,2,394.000000,719,0,0,55,145,0,55,15,5,10,0,15,10,10,10,0,0,0,0,0,40,0,40,40,40,0,0,0,0
595,13000124,50,0,470.120794822796,175.000000000000,42.000000000000,2.667921839876,9735147472380f7c,8d15af1f9d36efa1,7415e8ba93c3e359,200,158,79.000000,342.063291,314.981111,0.900000,5.100000,439.824607,2.659259,424.255492,5.632911,2.607865,0.000000,0.290271,0.645390,0.183486,0.129159,200,944,944,32.000000,0,0,16,16,60,60,12,0,364.000000,890,0,0,41,140,0,41,19,13,6,0,19,6,6,5,1,0,0,0,0,22,20,22,42,23,19,0,0,0
596,13000125,50,0,183.926256406094,75.000000000000,32.000000000000,1.517468198578,3622a721a5e1075a,8d15af1f9d36efa1,8cb1092308ac6a02,200,104,52.000000,256.009615,279.419400,0.600000,2.300000,275.894514,2.229167,282.217047,3.884615,1.992574,0.000000,0.498759,0.667774,0.331126,0.296167,200,856,856,32.000000,0,0,16,16,76,76,18,52,402.000000,404,0,0,35,93,0,35,15,6,9,0,15,9,9,5,4,0,0,0,0,20,80,16,96,24,72,0,0,0
597,13000126,50,0,52.155410067880,325.000000000000,31.000000000000,2.728688701368,a94c23a93a5b36c5,8d15af1f9d36efa1,9fb6b4db71c3bf25,200,171,85.500000,313.561404,333.395432,1.000000,5.200000,401.060902,2.370833,399.399091,5.181287,2.306998,0.000000,0.290064,0.644128,0.184162,0.127953,200,928,928,32.000000,0,0,16,16,63,63,4,0,362.000000,886,0,0,46,154,0,46,17,15,2,0,17,2,2,2,0,0,0,0,0,29,0,29,29,29,0,0,0,0
598,13000127,50,0,334.131356332127,175.000000000000,34.000000000000,1.980363816078,1ec670bf115e9e8c,8d15af1f9d36efa1,f219f3fcba533f4d,200,138,69.000000,344.115942,332.552246,0.700000,3.900000,428.765182,2.607143,444.111661,5.572464,2.511053,0.000000,0.289935,0.610895,0.206398,0.096357,200,944,944,32.000000,0,0,16,16,37,37,8,2,314.000000,769,0,0,19,124,0,19,17,13,4,0,17,4,4,1,3,0,0,0,0,2,60,2,62,5,57,0,0,0
599,13000128,50,0,321.058762782873,325.000000000000,32.000000000000,1.865880431241,61c7041fe463af9d,8d15af1f9d36efa1,284afdab48b129e5,200,174,87.000000,234.718391,262.251208,0.900000,3.700000,317.926196,2.283069,287.282944,4.097701,2.323983,0.000000,0.311111,0.616858,0.219058,0.112080,200,952,952,32.000000,0,0,16,16,44,44,2,0,322.000000,713,0,0,25,156,0,25,19,18,1,0,19,1,1,0,1,0,0,0,0,6,20,6,26,7,19,0,0,0
600,13000129,50,0,15.342041041605,325.000000000000,35.000000000000,2.947998468466,6b149873587358ae,8d15af1f9d36efa1,ae8c06484ea15521,200,113,56.500000,173.389381,273.945685,0.600000,1.700000,202.919351,2.500000,192.661992,2.761062,2.294872,0.000000,0.517028,0.625468,0.390625,0.246377,200,888,888,32.000000,0,0,16,16,46,46,10,0,334.000000,312,0,0,31,102,0,31,15,10,5,0,15,5,5,1,4,0,0,0,0,16,80,7,87,20,67,0,0,0
601,13000130,50,0,237.669876802958,325.000000000000,25.000000000000,2.084739398894,736c98d239b7e5eb,8d15af1f9d36efa1,9a7d8700c55a2721,200,200,100.000000,261.560000,258.650562,1.000000,3.900000,301.164102,3.440000,296.777378,3.935000,3.143583,0.000000,0.292902,0.619772,0.202634,0.106697,200,1304,1304,32.000000,0,0,16,16,45,45,4,10,326.000000,787,0,0,20,180,0,20,20,18,2,0,20,2,2,2,0,0,0,0,0,0,0,0,0,0,0,0,0,0
602,13000131,50,0,361.964320308403,75.000000000000,30.000000000000,1.663840085981,12235bf09fd007ff,8d15af1f9d36efa1,6bf422bf17587e67,200,53,26.500000,253.905660,228.793389,0.600000,2.200000,267.587051,2.031746,310.965630,4.018868,2.690141,0.000000,0.661367,0.675325,0.484262,0.463476,200,984,984,32.000000,0,0,16,16,85,85,14,0,416.000000,213,0,0,76,48,0,76,9,2,7,0,9,7,7,3,4,0,0,0,0,67,80,67,147,71,76,0,0,0
603,13000132,50,0,55.072809970664,75.000000000000,36.000000000000,2.070903536213,c55712213db19027,8d15af1f9d36efa1,35db6174ccd30146,200,113,56.500000,228.035398,270.434126,0.600000,2.000000,268.029084,1.941667,256.950244,3.371681,2.265092,0.000000,0.549112,0.698795,0.344234,0.378467,200,1144,1144,32.000000,0,0,16,16,115,115,2,8,464.000000,381,0,0,99,101,0,99,12,11,1,0,12,1,1,1,0,0,0,0,0,87,80,7,87,87,0,0,0,0
604,13000133,50,0,455.597845260828,175.000000000000,39.000000000000,2.799772419565,4f79e63230db3868,8d15af1f9d36efa1,e75351db72c393a0,200,185,92.500000,279.610811,282.610366,1.000000,4.700000,337.528914,2.613810,334.705498,4.632432,2.359393,0.000000,0.292320,0.638989,0.189215,0.124617,200,968,968,32.000000,0,0,16,16,53,53,16,0,354.000000,857,0,0,34,166,0,34,19,11,8,0,19,8,8,8,0,0,0,0,0,15,0,15,15,15,0,0,0,0
605,13000134,50,0,298.521274069726,425.000000000000,17.000000000000,1.939726669854,3bc1ee9268b5c56c,8d15af1f9d36efa1,96cc781e1450b24c,200,91,45.500000,269.505495,245.686964,0.800000,2.700000,270.310209,3.489583,292.289340,3.791209,3.055072,0.000000,0.557125,0.684543,0.366972,0.369287,200,1032,1032,32.000000,0,0,16,16,91,91,20,0,434.000000,345,0,0,80,82,0,80,11,1,10,0,11,10,10,8,2,0,0,0,0,69,40,69,109,71,38,0,0,0
606,13000135,50,0,214.838876129934,75.000000000000,11.000000000000,2.094883827481,efa03df13217b442,8d15af1f9d36efa1,2b395e4f84302da0,200,140,70.000000,217.385714,221.450617,0.800000,2.300000,231.324201,2.837500,229.107186,3.235714,2.618102,0.000000,0.438662,0.638989,0.306279,0.212174,200,1104,1104,32.000000,0,0,16,16,52,52,18,0,354.000000,453,0,0,36,126,0,36,16,7,9,0,16,9,9,7,2,0,0,0,0,20,40,20,60,22,38,0,0,0
607,13000136,50,0,32.227949449180,75.000000000000,27.000000000000,2.581574099585,61e2f94308146a77,8d15af1f9d36efa1,de8ddbd6a52b8183,200,73,36.500000,207.753425,317.814766,0.400000,1.200000,246.081693,2.041667,238.003807,2.904110,1.778302,0.000000,0.640678,0.653979,0.485437,0.407821,200,904,904,32.000000,0,0,16,16,66,66,14,0,378.000000,212,0,0,54,66,0,54,12,5,7,0,12,7,7,2,5,0,0,0,0,42,120,7,127,47,80,0,0,0
608,13000137,50,0,247.381985981068,325.000000000000,31.000000000000,1.776665744541,93e87e8291b17ec3,8d15af1f9d36efa1,8b3a70a9ed356579,200,200,100.000000,299.080000,306.486147,1.000000,5.300000,386.013343,2.330079,383.997581,5.300000,2.377358,0.000000,0.229651,0.612403,0.158730,0.073427,200,1168,1168,32.000000,0,0,16,16,40,40,4,0,316.000000,1060,0,0,20,180,0,20,20,18,2,0,20,2,2,2,0,0,0,0,0,0,0,0,0,0,0,0,0,0
609,13000138,50,0,401.928138927110,175.000000000000,28.000000000000,2.857965690361,174246b03ef520ee,8d15af1f9d36efa1,ec1b7fd6b220c067,200,191,95.500000,299.162304,265.851987,1.000000,4.800000,379.048740,2.667063,372.227946,4.863874,2.520990,0.000000,0.262113,0.622642,0.177148,0.095424,200,984,984,32.000000,0,0,16,16,49,49,0,0,330.000000,929,0,0,29,171,0,29,20,20,0,0,20,0,0,0,0,0,0,0,0,9,0,9,9,9,0,0,0,0
610,13000139,50,0,387.448075896053,75.000000000000,35.000000000000,1.745856958233,60c7d95156376d81,8d15af1f9d36efa1,dd959b4f584d8575,200,112,56.000000,197.848214,230.031270,0.700000,1.900000,217.206417,2.304762,215.628887,2.767857,2.274194,0.000000,0.546784,0.651568,0.392157,0.314159,200,1152,1152,32.000000,0,0,16,16,66,66,10,2,374.000000,310,0,0,53,102,0,53,13,8,5,0,13,5,5,2,3,0,0,0,0,40,60,28,88,43,45,0,0,0
611,13000140,50,0,19.971720272266,75.000000000000,35.000000000000,1.681509549213,ab6f0e9c006867bd,8d15af1f9d36efa1,59065e2fdb30876e,200,129,64.500000,281.945736,287.834158,0.900000,4.200000,362.038911,2.485053,310.933588,3.945736,2.367387,0.000000,0.446137,0.672131,0.282087,0.259098,200,1008,1008,32.000000,0,0,16,16,81,81,16,0,410.000000,509,0,0,66,115,0,66,15,7,8,0,15,8,8,7,1,0,0,0,0,51,20,51,71,52,19,0,0,0
612,13000141,50,0,309.002405250719,425.000000000000,29.000000000000,1.810302881119,6b49ca4bcd4169fc,8d15af1f9d36efa1,7db098e90438a086,200,188,94.000000,343.531915,297.962699,1.000000,5.700000,452.249576,2.614524,438.502330,5.723404,2.454461,0.000000,0.239576,0.628942,0.156740,0.091216,200,992,992,31.000000,0,0,16,15,50,50,8,0,339.000000,1076,0,0,31,169,0,31,19,15,4,0,19,4,4,4,0,0,0,0,0,12,0,12,12,12,0,0,0,0
613,13000142,50,0,279.960395656413,75.000000000000,24.000000000000,2.008019056710,8e5a6695b5b268ff,8d15af1f9d36efa1,e064d3a77b429356,200,105,52.500000,242.647619,292.238034,0.600000,2.800000,355.748293,2.500000,279.128133,4.047619,2.482353,0.000000,0.445893,0.630996,0.320000,0.205607,200,1016,1016,32.000000,0,0,16,16,48,48,14,0,342.000000,425,0,0,33,94,0,33,15,8,7,0,15,7,7,3,4,0,0,0,0,18,80,15,95,22,73,0,0,0
614,13000143,50,0,12.620799162205,425.000000000000,34.000000000000,2.683588028898,af1ca5fc456b6c15,8d15af1f9d36efa1,9ad5b900c5a4f1ed,200,57,28.500000,112.298246,227.579111,0.400000,0.700000,117.171548,2.833333,98.902155,1.333333,3.250000,0.000000,0.833333,0.655172,0.724638,0.660714,200,1304,1304,32.000000,0,0,16,16,67,67,14,0,380.000000,76,0,0,64,51,0,55,12,5,7,0,12,7,7,1,6,0,0,0,0,52,120,23,143,58,85,0,0,0
615,13000144,50,0,448.687792130619,325.000000000000,40.000000000000,2.768865179109,9123f2122f0dbee0,8d15af1f9d36efa1,aee079aafda3695,200,177,88.500000,375.355932,289.474283,1.000000,5.700000,446.218093,2.600000,462.105690,6.107345,2.415356,0.000000,0.261107,0.656357,0.156128,0.121852,200,1168,1168,32.000000,0,0,16,16,64,64,22,2,382.000000,1081,0,0,43,157,0,43,20,9,11,0,20,11,11,11,0,0,0,0,0,23,0,23,23,23,0,0,0,0
616,13000145,50,0,42.180761914171,175.000000000000,41.000000000000,1.964615189587,85c2a7350a17e83,8d15af1f9d36efa1,14d36cde1345a71d,200,189,94.500000,261.703704,250.323296,1.000000,4.100000,326.522767,2.666667,301.761923,4.031746,2.518373,0.000000,0.314748,0.636364,0.207900,0.134091,200,896,896,32.000000,0,0,16,16,52,52,14,2,350.000000,762,0,0,31,169,0,31,20,13,7,0,20,7,7,7,0,0,0,0,0,11,0,11,11,11,0,0,0,0
617,13000146,50,0,304.753936442545,175.000000000000,34.000000000000,1.877206258278,61e04f445b42cf11,8d15af1f9d36efa1,f6cf8c0738222a06,200,180,90.000000,259.266667,247.544126,0.900000,3.600000,308.241969,1.925926,308.779752,4.000000,1.916667,0.000000,0.305019,0.612403,0.217391,0.104478,200,904,904,32.000000,0,0,16,16,39,39,6,2,316.000000,720,0,0,19,162,0,19,19,16,3,0,19,3,3,2,1,0,0,0,0,0,20,0,20,1,19,0,0,0
618,13000147,50,0,344.742520281794,175.000000000000,22.000000000000,2.445060486224,a75066bc8ec7a4ed,8d15af1f9d36efa1,54aa2a30b3fa1899,200,160,80.000000,299.806250,267.525798,0.800000,3.600000,381.064422,2.656250,370.942311,4.500000,2.481944,0.000000,0.303675,0.610895,0.217391,0.102244,200,984,984,32.000000,0,0,16,16,36,36,10,0,314.000000,720,0,0,18,144,0,18,18,13,5,0,18,5,5,3,2,0,0,0,0,0,40,0,40,2,38,0,0,0
619,13000148,50,0,254.618640237809,75.000000000000,20.000000000000,1.825235778046,635826b76a9207ea,8d15af1f9d36efa1,c88a13568f86a8c2,200,129,64.500000,462.356589,306.243010,1.000000,6.400000,515.320968,1.991667,606.268487,7.542636,1.789311,0.000000,0.307473,0.683544,0.170503,0.170503,200,944,944,32.000000,0,0,16,16,97,97,6,0,432.000000,973,0,0,85,115,2,83,12,9,3,0,12,3,3,3,0,0,0,0,0,71,0,71,71,71,0,0,0,0
620,13000149,50,0,107.294087738963,75.000000000000,20.000000000000,2.686717170612,25ef9992a62f4ecd,8d15af1f9d36efa1,44f5b0f2ec1e7f,200,132,66.000000,262.598485,244.465217,0.900000,3.400000,285.921485,2.450529,313.113825,4.204545,2.419820,0.000000,0.433095,0.679487,0.264901,0.257028,200,1120,1120,32.000000,0,0,16,16,89,89,14,0,424.000000,555,0,0,75,119,0,75,14,7,7,0,14,7,7,6,1,0,0,0,0,61,20,48,68,62,6,0,0,0
621,13000150,50,0,20.717944182990,425.000000000000,30.000000000000,1.540877426754,f56f5a593d058fdb,8d15af1f9d36efa1,1d3077500d137f96,200,164,82.000000,176.384146,161.161695,1.000000,2.700000,186.830768,2.670000,185.933135,2.689024,2.662132,0.000000,0.465455,0.657534,0.312012,0.256324,200,1048,1048,32.000000,0,0,16,16,70,70,12,0,384.000000,441,0,0,53,147,0,53,17,11,6,0,17,6,6,6,0,0,0,0,0,36,0,36,36,36,0,0,0,0
622,13000151,50,0,159.105603399252,425.000000000000,32.000000000000,1.517816056363,3a6cbcc5534d442d,8d15af1f9d36efa1,be73924fd7920798,200,156,78.000000,192.397436,195.716053,0.900000,2.900000,238.847792,2.459259,217.534031,3.025641,2.569915,0.000000,0.448598,0.657534,0.297619,0.243590,200,984,984,32.000000,0,0,16,16,76,76,0,0,384.000000,472,0,0,60,140,0,60,16,16,0,0,16,0,0,0,0,0,0,0,0,44,20,24,44,44,0,0,0,0
623,13000152,50,0,128.724513402716,325.000000000000,30.000000000000,2.534465901295,24902cbabed94696,8d15af1f9d36efa1,fcc5fb8e6cd02356,200,157,78.500000,228.649682,242.546064,0.800000,2.900000,285.918476,3.118056,277.022151,3.522293,2.593128,0.000000,0.363636,0.612403,0.265604,0.131868,200,1080,1080,32.000000,0,0,16,16,39,39,6,0,316.000000,553,0,0,21,141,0,21,18,15,3,0,18,3,3,1,2,0,0,0,0,3,40,3,43,5,38,0,0,0
624,13000153,50,0,383.366445188375,175.000000000000,33.000000000000,2.511407091181,fc6196ec6763baa,8d15af1f9d36efa1,9b08b200c5d03fa1,200,80,40.000000,158.787500,285.128589,0.400000,1.000000,184.317098,3.375000,167.417914,2.662500,3.502347,0.000000,0.586408,0.601594,0.484262,0.247350,200,1136,1136,32.000000,0,0,16,16,28,28,14,0,302.000000,213,0,0,14,72,0,14,14,7,7,0,14,7,7,1,6,0,0,0,0,0,120,0,120,6,114,0,0,0
625,13000154,50,0,209.466017883849,325.000000000000,29.000000000000,1.667673959826,a741bff5a1e214a1,8d15af1f9d36efa1,2ff1dfefcdba7963,200,100,50.000000,289.090000,371.212745,0.500000,2.800000,375.332427,1.948571,372.532848,5.600000,1.821429,0.000000,0.350348,0.601594,0.263158,0.111111,200,864,864,32.000000,0,0,16,16,30,30,10,0,302.000000,560,0,0,15,90,0,15,15,10,5,0,15,5,5,0,5,0,0,0,0,0,100,0,100,5,95,0,0,0
626,13000155,50,0,12.562436124269,175.000000000000,38.000000000000,2.806557813516,6ee36125ebce1c4f,8d15af1f9d36efa1,e3081417ca64c787,200,175,87.500000,283.228571,259.933208,1.000000,4.300000,342.857075,1.716667,332.652151,4.228571,1.975676,0.000000,0.335727,0.651568,0.212766,0.160998,200,912,912,32.000000,0,0,16,16,65,65,12,0,374.000000,740,0,0,45,155,0,45,20,14,6,0,20,6,6,6,0,0,0,0,0,25,0,25,25,25,0,0,0,0
627,13000156,50,0,65.296451809010,75.000000000000,26.000000000000,2.618010175501,3bde3abaec17db12,8d15af1f9d36efa1,88f04b8a7d6c6ec8,200,168,84.000000,271.011905,276.353414,1.000000,4.200000,315.700931,2.464524,318.826864,4.214286,2.402542,0.000000,0.351648,0.657534,0.220264,0.176744,200,1104,1104,32.000000,0,0,16,16,69,69,14,2,384.000000,708,0,0,50,150,0,50,18,11,7,0,18,7,7,7,0,0,0,0,0,32,0,32,32,32,0,0,0,0
628,13000157,50,0,144.793757954052,425.000000000000,21.000000000000,2.980687562981,52f4a699e8ac5990,8d15af1f9d36efa1,593e64318622c5fa,200,176,88.000000,334.465909,332.034209,1.000000,5.600000,421.845005,2.498885,406.145073,5.568182,2.405102,0.000000,0.271917,0.646643,0.169492,0.120287,200,1000,1000,32.000000,0,0,16,16,60,60,14,0,366.000000,980,0,0,42,158,0,42,18,11,7,0,18,7,7,7,0,0,0,0,0,24,0,24,24,24,0,0,0,0
629,13000158,50,0,80.782524682130,325.000000000000,38.000000000000,2.238771278357,4853fe2aae04a3ad,8d15af1f9d36efa1,647a69872c001aba,200,120,60.000000,259.333333,291.687992,0.600000,2.500000,325.767984,2.198413,313.810314,4.166667,2.360000,0.000000,0.385749,0.610895,0.285714,0.140893,200,864,864,32.000000,0,0,16,16,35,35,12,4,314.000000,500,0,0,17,108,0,17,16,10,6,0,16,6,6,2,4,0,0,0,0,1,80,0,80,5,75,0,0,0
630,13000159,50,0,78.029544723399,75.000000000000,24.000000000000,2.986193689991,ca8efe6c7f4d197d,8d15af1f9d36efa1,519168047db9e905,200,163,81.500000,341.404908,287.625398,1.000000,4.800000,395.938728,2.936905,417.877551,5.165644,2.662708,0.000000,0.314890,0.659284,0.191939,0.156313,200,1168,1168,31.000000,0,0,16,15,69,69,18,0,387.000000,842,0,0,53,147,0,53,16,7,9,0,16,9,9,9,0,0,0,0,0,37,0,37,37,37,0,0,0,0
631,13000160,50,0,169.645423819619,175.000000000000,20.000000000000,2.212569404608,927fc03953c94462,8d15af1f9d36efa1,9aa9a900c57f9bd2,200,20,10.000000,132.000000,313.295820,0.100000,0.100000,50.531269,2.000000,108.795781,1.650000,2.393939,0.000000,0.900302,0.598394,0.858369,0.666667,200,1008,1008,32.000000,0,0,16,16,23,23,20,2,298.000000,33,0,0,11,18,0,11,11,1,10,0,11,10,10,1,9,0,0,0,0,0,180,0,180,9,171,0,0,0
632,13000161,50,0,214.033451882533,425.000000000000,24.000000000000,1.844685959605,2f21aee57ef61183,8d15af1f9d36efa1,cb734c4f4dcd54a9,200,140,70.000000,215.435714,272.925203,0.700000,2.100000,219.736302,3.083333,236.300122,3.000000,3.190476,0.000000,0.429348,0.612403,0.322581,0.166667,200,952,952,32.000000,0,0,16,16,34,34,16,0,316.000000,420,0,0,17,126,0,17,17,9,8,0,17,8,8,5,3,0,0,0,0,0,60,0,60,3,57,0,0,0
633,13000162,50,0,396.536790825679,325.000000000000,48.000000000000,1.685947126186,99794361c00cbc8f,8d15af1f9d36efa1,8686437c29af8c54,200,198,99.000000,205.969697,202.241502,1.000000,3.000000,240.684947,2.748333,238.088700,3.156566,2.598400,0.000000,0.337222,0.613900,0.242424,0.120956,200,1216,1216,32.000000,0,0,16,16,42,42,2,0,318.000000,625,0,0,22,178,0,22,20,19,1,0,20,1,1,1,0,0,0,0,0,2,0,2,2,2,0,0,0,0
634,13000163,50,0,67.603476398273,175.000000000000,36.000000000000,2.818724211937,8f606a3b8698c928,8d15af1f9d36efa1,9ac4c900c59699ea,200,180,90.000000,255.355556,223.300246,1.000000,3.500000,280.773279,2.780000,297.909499,3.633333,2.498471,0.000000,0.357564,0.645390,0.234192,0.167939,200,1000,1000,32.000000,0,0,16,16,63,63,6,6,364.000000,654,0,0,40,160,0,40,20,17,3,0,20,3,3,3,0,0,0,0,0,20,0,20,20,20,0,0,0,0
635,13000164,50,0,120.938133475300,325.000000000000,30.000000000000,2.611389053888,a2bef020c8644193,8d15af1f9d36efa1,fb193b4ff9ecb540,200,137,68.500000,226.781022,252.499625,0.700000,2.600000,267.693199,2.550000,265.909975,3.737226,2.417969,0.000000,0.380145,0.610895,0.280899,0.138047,200,1136,1136,32.000000,0,0,16,16,38,38,6,0,314.000000,512,0,0,21,123,0,21,17,14,3,0,17,3,3,0,3,0,0,0,0,4,60,3,63,7,56,0,0,0
636,13000165,50,0,389.905296791055,325.000000000000,36.000000000000,2.208638217917,f5c3c085380ff39f,8d15af1f9d36efa1,2324a411e222f851,200,200,100.000000,239.430000,240.007555,1.000000,3.600000,283.683188,3.100000,293.016123,3.730000,3.160858,0.000000,0.294896,0.609375,0.211416,0.096852,200,1120,1120,32.000000,0,0,16,16,40,40,0,0,312.000000,746,0,0,20,180,0,20,20,20,0,0,20,0,0,0,0,0,0,0,0,0,0,0,0,0,0,0,0,0
637,13000166,50,0,122.438437306906,75.000000000000,22.000000000000,2.910538580478,5c87d934d205a0db,8d15af1f9d36efa1,e89592fba9b5ddac,200,119,59.500000,364.546218,347.693387,0.800000,4.800000,460.225910,2.366815,435.752170,5.781513,2.520349,0.000000,0.382406,0.680511,0.225225,0.219955,200,1008,1008,32.000000,0,0,16,16,87,87,20,2,426.000000,688,0,0,72,107,0,72,14,4,10,0,14,10,10,8,2,0,0,0,0,58,40,41,81,60,21,0,0,0
638,13000167,50,0,149.277389071789,325.000000000000,37.000000000000,1.980412326543,ff88f36b55e48343,8d15af1f9d36efa1,8da0b687a6026610,200,197,98.500000,212.634518,222.420654,1.000000,3.500000,269.408798,3.158333,257.866972,3.507614,2.874096,0.000000,0.315164,0.613900,0.224467,0.110682,200,1136,1136,32.000000,0,0,16,16,43,43,0,0,318.000000,691,0,0,23,177,0,23,20,20,0,0,20,0,0,0,0,0,0,0,0,3,0,3,3,3,0,0,0,0
639,13000168,50,0,394.817840376657,175.000000000000,30.000000000000,2.720204550715,ab18e2e38f1c3658,8d15af1f9d36efa1,9a7a0600c5571617,200,170,85.000000,256.123529,212.353457,0.900000,3.500000,302.574983,2.858333,300.678208,3.929412,2.908683,0.000000,0.333333,0.625468,0.230415,0.132468,200,968,968,32.000000,0,0,16,16,48,48,6,0,334.000000,668,0,0,29,152,0,29,19,16,3,0,19,3,3,2,1,0,0,0,0,10,20,10,30,11,19,0,0,0
640,13000169,50,0,368.583918430330,325.000000000000,37.000000000000,1.794951697412,acad94a25cae9d6,8d15af1f9d36efa1,85ae5088afb0f7dd,200,160,80.000000,306.987500,293.035522,0.800000,3.800000,377.886469,2.631250,378.478395,4.875000,2.282051,0.000000,0.288321,0.612403,0.204082,0.097222,200,936,936,32.000000,0,0,16,16,37,37,10,2,316.000000,780,0,0,18,144,0,18,18,13,5,0,18,5,5,3,2,0,0,0,0,0,40,0,40,2,38,0,0,0
641,13000170,50,0,390.738499274461,425.000000000000,25.000000000000,2.288717195514,66fb08e78ca0b0e7,8d15af1f9d36efa1,9a731500c55110e6,200,85,42.500000,144.270588,224.316551,0.600000,1.000000,131.715407,3.166667,124.513268,1.611765,3.372263,0.000000,0.760908,0.685535,0.593472,0.598240,200,952,952,32.000000,0,0,16,16,95,95,14,0,436.000000,137,0,0,86,78,0,86,9,2,7,0,9,7,7,5,2,0,0,0,0,77,80,35,115,79,36,0,0,0
642,13000171,50,0,337.605621810928,75.000000000000,22.000000000000,2.839031037253,1c520a838edca770,8d15af1f9d36efa1,3e22937cfb005850,200,187,93.500000,247.657754,239.642304,1.000000,3.700000,277.784451,2.751667,283.738233,3.716578,2.676259,0.000000,0.332373,0.633700,0.223464,0.140915,200,1088,1088,32.000000,0,0,16,16,51,51,12,0,346.000000,695,0,0,32,168,0,32,19,13,6,0,19,6,6,6,0,0,0,0,0,13,0,13,13,13,0,0,0,0
643,13000172,50,0,475.897127907610,75.000000000000,36.000000000000,1.609131901746,566f11d9c0036518,8d15af1f9d36efa1,305c51085e6b77f7,200,116,58.000000,216.344828,199.199490,0.700000,2.600000,266.193633,3.369728,225.980188,3.594828,2.678657,0.000000,0.461935,0.641577,0.324149,0.232044,200,1032,1032,32.000000,0,0,16,16,53,53,20,0,358.000000,417,0,0,39,105,0,39,14,4,10,0,14,10,10,7,3,0,0,0,0,25,60,24,84,28,56,0,0,0
644,13000173,50,0,384.840644258779,325.000000000000,25.000000000000,2.916782201262,d79af56a10dae042,8d15af1f9d36efa1,20e54fdaa297bd1f,200,100,50.000000,206.590000,201.149084,0.500000,1.600000,242.229618,4.150000,240.548066,3.200000,3.312500,0.000000,0.485531,0.601594,0.384615,0.179487,200,1128,1128,32.000000,0,0,16,16,30,30,10,0,302.000000,320,0,0,15,90,0,15,15,10,5,0,15,5,5,0,5,0,0,0,0,0,100,0,100,5,95,0,0,0
645,13000174,50,0,95.507081286330,175.000000000000,38.000000000000,2.378823453368,4e500c711310c68e,8d15af1f9d36efa1,c90c102e2b57fc3f,200,80,40.000000,362.387500,317.925677,0.400000,2.300000,455.174816,2.697917,461.727465,5.750000,2.217391,0.000000,0.397906,0.603175,0.303030,0.135338,200,1048,1048,32.000000,0,0,16,16,28,28,16,0,304.000000,460,0,0,14,72,0,14,14,6,8,0,14,8,8,2,6,0,0,0,0,0,120,0,120,6,114,0,0,0
646,13000175,50,0,35.465382999181,325.000000000000,47.000000000000,1.929919239350,126207a76ab4eb02,8d15af1f9d36efa1,31da723b698a50bb,200,149,74.500000,223.214765,273.278360,0.800000,2.600000,257.746779,3.141667,260.247614,3.395973,3.136364,0.000000,0.411628,0.638989,0.283286,0.194268,200,1112,1112,32.000000,0,0,16,16,55,55,12,0,354.000000,506,0,0,38,134,0,38,17,11,6,0,17,6,6,4,2,0,0,0,0,21,40,11,51,23,28,0,0,0
647,13000176,50,0,238.526529188569,425.000000000000,17.000000000000,2.202976354088,520454493124f1e6,8d15af1f9d36efa1,464f6deb3fd1df6f,200,156,78.000000,180.839744,180.012440,0.900000,2.300000,190.498114,2.750000,191.509183,2.576923,2.512438,0.000000,0.468254,0.638989,0.332226,0.232824,200,952,952,32.000000,0,0,16,16,56,56,10,0,354.000000,402,0,0,40,141,0,40,16,11,5,0,16,5,5,4,1,0,0,0,0,24,20,24,44,25,19,0,0,0
648,13000177,50,0,447.088608741586,425.000000000000,34.000000000000,1.742819496515,579e5a1fce46183b,8d15af1f9d36efa1,9059e94336254a5,200,99,49.500000,300.242424,300.108006,1.000000,4.900000,378.822968,2.804643,361.058851,4.939394,2.607362,0.000000,0.495356,0.705882,0.290276,0.336499,200,1056,1056,32.000000,0,0,16,16,119,119,10,0,480.000000,489,0,0,110,90,0,110,9,4,5,0,9,5,5,5,0,0,0,0,0,101,0,101,101,101,0,0,0,0
649,13000178,50,0,15.003108283478,175.000000000000,40.000000000000,2.040615986895,823af95ff6b822d3,8d15af1f9d36efa1,9acbaa00c59c83eb,200,79,39.500000,143.987342,233.874649,0.500000,0.900000,143.424308,3.400000,130.654210,1.797468,2.823944,0.000000,0.734082,0.662162,0.584795,0.529801,200,968,968,32.000000,0,0,16,16,71,71,18,0,392.000000,142,0,0,58,71,0,58,13,4,9,0,13,9,9,4,5,0,0,0,0,45,100,21,121,50,71,0,0,0
650,13000179,50,0,141.554702614787,425.000000000000,23.000000000000,2.262852055424,a6a132204c442463,8d15af1f9d36efa1,5b431bb3f2157baa,200,27,13.500000,337.259259,322.415141,0.200000,0.800000,342.524549,3.500000,383.414229,4.481481,2.834711,0.000000,0.759443,0.656357,0.623053,0.553506,200,1144,1144,32.000000,0,0,16,16,64,64,22,0,382.000000,121,0,0,53,24,0,53,11,0,11,0,11,11,11,3,8,0,0,0,0,42,160,13,173,50,123,0,0,0
651,13000180,50,0,331.194665445563,75.000000000000,14.000000000000,2.773809577677,f14a09c5d90ff6ba,8d15af1f9d36efa1,77a8340005e27d39,200,114,57.000000,392.657895,252.432243,1.000000,4.800000,387.623196,2.558009,484.578393,6.263158,2.617647,0.000000,0.393888,0.698795,0.218818,0.245243,200,904,904,32.000000,0,0,16,16,109,109,14,2,464.000000,714,0,0,97,103,0,97,11,4,7,0,11,7,7,7,0,0,0,0,0,86,0,86,86,86,0,0,0,0
652,13000181,50,0,468.141122712862,175.000000000000,27.000000000000,2.965356584413,655cb4ec94dc794c,8d15af1f9d36efa1,4b922a8a78441732,200,174,87.000000,309.235632,269.024324,0.900000,4.300000,393.043267,2.668430,390.661003,4.735632,2.635922,0.000000,0.283478,0.619772,0.195312,0.102397,200,1048,1048,32.000000,0,0,16,16,44,44,6,0,326.000000,824,0,0,25,156,0,25,19,16,3,0,19,3,3,2,1,0,0,0,0,6,20,6,26,7,19,0,0,0
653,13000182,50,0,496.914131419574,425.000000000000,32.000000000000,1.894519168259,9dbfc6a4c62d64be,8d15af1f9d36efa1,1ca01e7fa7de4382,200,139,69.500000,253.683453,243.598118,1.000000,4.100000,326.212510,2.427381,301.432905,3.856115,2.375000,0.000000,0.436383,0.674797,0.271739,0.255556,200,1032,1032,31.000000,0,0,16,15,89,89,6,0,415.000000,536,0,0,75,125,0,75,14,11,3,0,14,3,3,3,0,0,0,0,0,61,0,61,61,61,0,0,0,0
654,13000183,50,0,102.596104785991,425.000000000000,20.000000000000,2.314137602626,7acbf22b2cd3603e,8d15af1f9d36efa1,32e6eed215fa3ab4,200,75,37.500000,265.520000,258.038788,0.600000,2.400000,278.217007,2.450000,295.925904,4.413333,1.854985,0.000000,0.562748,0.680511,0.376648,0.369524,200,872,872,32.000000,0,0,16,16,89,89,16,0,426.000000,331,0,0,78,67,0,78,11,3,8,0,11,8,8,5,3,0,0,0,0,67,80,45,125,70,55,0,0,0
655,13000184,50,0,22.415323338404,325.000000000000,36.000000000000,2.963831209796,e242d62bb207a19f,8d15af1f9d36efa1,2db41028e70813cf,200,54,27.000000,262.833333,307.260749,0.300000,1.400000,354.093811,2.441667,315.985067,4.462963,2.211618,0.000000,0.564195,0.609375,0.453515,0.249221,200,952,952,32.000000,0,0,16,16,33,33,14,0,312.000000,241,0,0,20,48,0,20,13,6,7,0,13,7,7,0,7,0,0,0,0,7,140,6,146,14,132,0,0,0
656,13000185,50,0,42.161153381093,175.000000000000,41.000000000000,1.897452411723,d884134f92b1ccca,8d15af1f9d36efa1,c05164441ced0485,200,167,83.500000,274.760479,264.862162,0.900000,4.300000,379.901107,3.351924,343.880438,4.814371,2.694030,0.000000,0.295972,0.628253,0.199203,0.116484,200,1032,1032,32.000000,0,0,16,16,49,49,8,0,338.000000,804,0,0,31,150,0,31,18,14,4,0,18,4,4,3,1,0,0,0,0,13,20,13,33,14,19,0,0,0
657,13000186,50,0,225.049587563179,425.000000000000,23.000000000000,1.989506367712,6029207073537dda,8d15af1f9d36efa1,a0f1aeee3ead0bce,200,92,46.000000,166.967391,235.395176,0.600000,1.500000,179.896946,2.527778,163.590738,2.347826,2.597222,0.000000,0.635135,0.652778,0.480769,0.400000,200,1088,1088,32.000000,0,0,16,16,66,66,12,2,376.000000,216,0,0,52,83,0,52,13,7,6,0,13,6,6,2,4,0,0,0,0,39,80,28,108,43,65,0,0,0
658,13000187,50,0,81.296947207465,175.000000000000,36.000000000000,2.629771333992,4bd2721b73a1d0dc,8d15af1f9d36efa1,fed553f328ca4a7c,200,190,95.000000,282.931579,280.459196,1.000000,4.400000,347.924149,2.276905,345.324789,4.400000,2.381579,0.000000,0.287905,0.628253,0.193050,0.112527,200,992,992,32.000000,0,0,16,16,50,50,6,0,338.000000,836,0,0,30,170,0,30,20,17,3,0,20,3,3,3,0,0,0,0,0,10,0,10,10,10,0,0,0,0
659,13000188,50,0,338.984877540801,325.000000000000,36.000000000000,1.822283585711,9cc88c9218df3446,8d15af1f9d36efa1,e02848fdd0845d0e,200,141,70.500000,327.432624,304.456793,0.800000,4.100000,406.435656,2.304167,408.277467,5.170213,2.211248,0.000000,0.324374,0.636364,0.215285,0.139315,200,944,944,32.000000,0,0,16,16,55,55,8,0,350.000000,729,0,0,37,125,0,37,18,14,4,0,18,4,4,2,2,0,0,0,0,19,40,19,59,21,38,0,0,0
660,13000189,50,0,124.605974908834,75.000000000000,22.000000000000,2.723528040679,8ce4f545bc28065d,8d15af1f9d36efa1,b0e1cecb38331340,200,134,67.000000,335.679104,310.031732,1.000000,5.000000,401.487401,3.004167,413.790632,5.179104,2.791066,0.000000,0.382562,0.682540,0.223714,0.221973,200,1104,1104,32.000000,0,0,16,16,93,93,12,2,430.000000,694,0,0,79,121,0,79,13,7,6,0,13,6,6,6,0,0,0,0,0,66,0,66,66,66,0,0,0,0
661,13000190,50,0,377.599598983725,75.000000000000,23.000000000000,2.839613048932,f1bfa13d30c7567d,8d15af1f9d36efa1,9a7a0000c5570be5,200,40,20.000000,90.775000,311.151502,0.200000,0.300000,69.599424,2.000000,71.918054,1.500000,2.333333,0.000000,0.860140,0.648506,0.769231,0.696970,200,920,920,31.000000,0,0,16,15,63,63,12,0,369.000000,60,0,0,53,36,0,53,10,4,6,0,10,6,6,0,6,0,0,0,0,43,160,0,160,49,111,0,0,0
662,13000191,50,0,496.850128154857,325.000000000000,44.000000000000,2.396985662274,83990da5632121d8,8d15af1f9d36efa1,449ac3fdcbe58756,200,166,83.000000,329.397590,289.950239,1.000000,4.900000,378.180122,2.444048,398.191257,5.283133,2.356899,0.000000,0.305622,0.658703,0.185701,0.149370,200,1032,1032,32.000000,0,0,16,16,73,73,8,2,386.000000,877,0,0,53,147,0,53,19,15,4,0,19,4,4,4,0,0,0,0,0,34,0,34,34,34,0,0,0,0
663,13000192,50,0,349.615412927042,75.000000000000,29.000000000000,1.759870470716,34afa71099cd3461,8d15af1f9d36efa1,acf7ce4fcd9f5a24,200,133,66.500000,313.436090,318.626601,1.000000,6.800000,511.622019,2.742063,384.761887,5.300752,2.578723,0.000000,0.377758,0.681529,0.220994,0.217536,200,1032,1032,32.000000,0,0,16,16,96,96,4,2,428.000000,705,0,0,81,119,0,81,14,12,2,0,14,2,2,2,0,0,0,0,0,67,0,67,67,67,0,0,0,0
664,13000193,50,0,115.425312234103,75.000000000000,33.000000000000,1.548835129765,6703842f3ab77102,8d15af1f9d36efa1,28c68568c8ddb832,200,160,80.000000,195.293750,225.414235,0.800000,2.200000,222.480565,2.645833,213.248296,2.750000,2.727273,0.000000,0.417989,0.612403,0.312500,0.160305,200,1032,1032,32.000000,0,0,16,16,35,35,14,0,316.000000,440,0,0,18,144,0,18,18,11,7,0,18,7,7,5,2,0,0,0,0,0,40,0,40,2,38,0,0,0
665,13000194,50,0,121.450529488698,175.000000000000,39.000000000000,1.810021882497,af8092d480261a4e,8d15af1f9d36efa1,43cf8640568f45a6,200,190,95.000000,318.047368,290.831101,1.000000,4.900000,398.869495,2.551548,390.630267,4.989474,2.376582,0.000000,0.265116,0.630996,0.174216,0.103970,200,1016,1016,32.000000,0,0,16,16,50,50,10,0,342.000000,948,0,0,30,170,0,30,20,15,5,0,20,5,5,5,0,0,0,0,0,10,0,10,10,10,0,0,0,0
666,13000195,50,0,58.231142878540,175.000000000000,44.000000000000,1.963797713232,4be09ecd69f44393,8d15af1f9d36efa1,357dbcad00bca215,200,156,78.000000,317.134615,285.617334,0.900000,4.400000,384.444827,2.439506,385.119358,4.846154,2.452381,0.000000,0.333333,0.653979,0.209205,0.161863,200,976,976,32.000000,0,0,16,16,70,70,6,10,378.000000,756,0,0,46,138,0,46,19,16,3,0,19,3,3,2,1,0,0,0,0,27,20,24,44,28,16,0,0,0
667,13000196,50,0,188.090014227435,75.000000000000,23.000000000000,2.181744320941,c0ab9a5c4c0fbf3a,8d15af1f9d36efa1,4f8dfa4b2cb651c1,200,66,33.000000,293.136364,307.529348,0.800000,3.600000,336.781658,2.988988,351.762275,4.924242,2.956923,0.000000,0.604141,0.712644,0.380952,0.448217,200,1120,1120,32.000000,0,0,16,16,127,127,10,0,496.000000,325,0,0,121,60,0,121,7,2,5,0,7,5,5,4,1,0,0,0,0,114,40,94,134,115,19,0,0,0
668,13000197,50,0,484.499810915719,425.000000000000,28.000000000000,2.713389188268,e50cf5a73b71e9a6,8d15af1f9d36efa1,51fb646646d0417d,200,123,61.500000,315.626016,251.335157,0.900000,3.800000,334.800681,2.903704,362.474086,4.650407,2.571678,0.000000,0.438114,0.690402,0.259067,0.272265,200,1072,1072,32.000000,0,0,16,16,100,100,14,6,446.000000,572,0,0,82,109,0,82,15,8,7,0,15,7,7,6,1,0,0,0,0,67,20,57,77,68,9,0,0,0
669,13000198,50,0,353.074880373228,425.000000000000,19.000000000000,2.725128375057,dcd06d776a41657,8d15af1f9d36efa1,5f13734fa185cbbc,200,33,16.500000,260.818182,329.506125,0.200000,0.900000,353.351779,3.464286,302.857017,3.969697,2.358779,0.000000,0.715835,0.622642,0.604230,0.427948,200,864,864,32.000000,0,0,16,16,40,40,18,2,330.000000,131,0,0,28,30,0,28,11,2,9,0,11,9,9,1,8,0,0,0,0,17,160,7,167,25,142,0,0,0
670,13000199,50,0,366.192882516599,75.000000000000,25.000000000000,2.223775667670,fc9a25d2189a98a0,8d15af1f9d36efa1,4b09c4f4e53c9d8f,200,107,53.500000,306.289720,277.870479,0.800000,3.500000,353.478672,3.108631,364.748114,4.728972,2.472332,0.000000,0.446389,0.671053,0.283286,0.258065,200,1048,1048,32.000000,0,0,16,16,81,81,14,0,408.000000,506,0,0,67,95,0,67,14,7,7,0,14,7,7,5,2,0,0,0,0,53,40,53,93,55,38,0,0,0
671,13000200,50,0,38.301793564709,425.000000000000,43.000000000000,1.957568458613,afb77adbeb5da016,8d15af1f9d36efa1,9ab72d00c58b067a,200,47,23.500000,149.255319,294.589231,0.300000,0.600000,143.810860,2.166667,168.518293,2.404255,2.938053,0.000000,0.759062,0.640288,0.638978,0.523207,200,1480,1480,32.000000,0,0,16,16,55,55,14,0,356.000000,113,0,0,44,42,0,44,11,4,7,0,11,7,7,1,6,0,0,0,0,33,140,13,153,39,114,0,0,0
672,13000201,50,0,478.429737819506,425.000000000000,34.000000000000,1.629541584323,7c212121f70f2da2,8d15af1f9d36efa1,1ccff1f22a545abb,200,132,66.000000,280.333333,234.667539,0.900000,4.300000,368.827619,2.287963,315.370445,4.424242,2.351027,0.000000,0.410101,0.669967,0.255102,0.229551,200,912,912,32.000000,0,0,16,16,79,79,16,2,406.000000,584,0,0,63,118,0,63,15,7,8,0,15,8,8,7,1,0,0,0,0,48,20,48,68,49,19,0,0,0
673,13000202,50,0,15.500149660410,325.000000000000,37.000000000000,1.753589373801,577da0bae0cf00ac,8d15af1f9d36efa1,a903a04f3a5b562d,200,60,30.000000,246.550000,362.828275,0.300000,1.200000,314.894943,4.634921,301.458916,4.000000,3.304167,0.000000,0.563636,0.607843,0.454545,0.245283,200,1000,1000,32.000000,0,0,16,16,30,30,18,0,310.000000,240,0,0,17,54,0,17,13,4,9,0,13,9,9,2,7,0,0,0,0,4,140,0,140,11,129,0,0,0
674,13000203,50,0,277.036988812341,75.000000000000,24.000000000000,2.230067296077,d2218c41b3d5dab3,8d15af1f9d36efa1,eaa5260a68521dc2,200,86,43.000000,244.546512,285.178642,0.600000,2.100000,282.775446,2.814286,285.778167,3.837209,2.533333,0.000000,0.589552,0.703264,0.377358,0.423077,200,1096,1096,32.000000,0,0,16,16,117,117,8,0,474.000000,330,0,0,107,78,0,107,10,6,4,0,10,4,4,2,2,0,0,0,0,97,80,34,114,99,15,0,0,0
675,13000204,50,0,428.860667740019,425.000000000000,27.000000000000,2.166519141857,1ae7e281b419860e,8d15af1f9d36efa1,8aeae14fba816a90,200,73,36.500000,232.027397,242.231249,0.400000,1.400000,260.701194,3.225000,260.746641,3.356164,3.077551,0.000000,0.590985,0.638989,0.449438,0.332425,200,1136,1136,32.000000,0,0,16,16,51,51,20,0,354.000000,245,0,0,38,66,0,38,13,3,10,0,13,10,10,4,6,0,0,0,0,25,120,7,127,31,96,0,0,0
676,13000205,50,0,85.033657601639,175.000000000000,31.000000000000,2.782345345600,effa0538df418094,8d15af1f9d36efa1,446e0466c868a0d2,200,200,100.000000,215.465000,181.312630,1.000000,3.300000,233.700197,2.536429,249.534408,3.365000,2.613670,0.000000,0.318136,0.610895,0.229095,0.108609,200,968,968,32.000000,0,0,16,16,40,40,2,0,314.000000,673,0,0,20,180,0,20,20,19,1,0,20,1,1,1,0,0,0,0,0,0,0,0,0,0,0,0,0,0
677,13000206,50,0,212.739630618677,425.000000000000,27.000000000000,2.223465167701,a7e0ce9e55b930f5,8d15af1f9d36efa1,cc8093f270224b29,200,120,60.000000,252.591667,264.200009,0.800000,3.000000,301.371565,3.908333,323.890324,4.166667,3.054000,0.000000,0.448124,0.669967,0.285714,0.258160,200,1104,1104,32.000000,0,0,16,16,86,86,2,0,406.000000,500,0,0,73,108,0,73,13,12,1,0,13,1,1,0,1,0,0,0,0,60,40,40,80,61,19,0,0,0
678,13000207,50,0,38.312354813881,75.000000000000,27.000000000000,2.905234058331,a2c584218357d27,8d15af1f9d36efa1,c2026d6defee2433,200,86,43.000000,345.976744,281.863082,0.700000,3.800000,427.796990,1.869728,401.368097,5.174419,1.914607,0.000000,0.497175,0.687500,0.310078,0.318530,200,832,832,32.000000,0,0,16,16,94,94,20,0,440.000000,445,0,0,82,77,0,82,12,2,10,0,12,10,10,7,3,0,0,0,0,70,60,54,114,73,41,0,0,0
679,13000208,50,0,487.781879365657,425.000000000000,32.000000000000,1.735587631164,444c2788bf78696a,8d15af1f9d36efa1,bde7aa6406921c63,200,151,75.500000,345.145695,236.914419,1.000000,5.200000,408.936580,2.261111,417.302799,5.443709,1.739659,0.000000,0.331707,0.671053,0.195695,0.176353,200,920,920,32.000000,0,0,16,16,77,77,22,0,408.000000,822,0,0,63,137,0,63,14,3,11,0,14,11,11,11,0,0,0,0,0,49,0,49,49,49,0,0,0,0
680,13000209,50,0,165.208780498285,425.000000000000,27.000000000000,1.632924099171,8b080529fe1939fa,8d15af1f9d36efa1,9a768f00c554160b,200,82,41.000000,276.121951,306.027285,0.800000,4.300000,430.631004,2.491121,336.604205,4.548780,2.506702,0.000000,0.536646,0.683544,0.349040,0.349040,200,1032,1032,32.000000,0,0,16,16,97,97,6,2,432.000000,373,0,0,87,75,0,87,9,6,3,0,9,3,3,1,2,0,0,0,0,78,40,78,118,80,38,0,0,0
681,13000210,50,0,170.501651567940,175.000000000000,30.000000000000,2.587877624558,58549ad3487af21,8d15af1f9d36efa1,6719fa5dd36fd7b3,200,200,100.000000,286.840000,278.049057,1.000000,4.400000,354.802121,3.636905,347.830931,4.400000,3.242045,0.000000,0.265442,0.613900,0.185185,0.089027,200,1224,1224,32.000000,0,0,16,16,41,41,4,2,318.000000,880,0,0,20,180,0,20,20,18,2,0,20,2,2,2,0,0,0,0,0,0,0,0,0,0,0,0,0,0
682,13000211,50,0,166.917881352799,75.000000000000,19.000000000000,2.626339705414,207ddc9dc3d9d4a6,8d15af1f9d36efa1,43bd7893b4580e43,200,114,57.000000,411.973684,310.960713,0.700000,4.400000,512.306657,2.181293,504.334969,6.324561,2.195562,0.000000,0.360248,0.669967,0.217155,0.194413,200,1032,1032,32.000000,0,0,16,16,74,74,26,0,406.000000,721,0,0,60,102,0,60,14,1,13,0,14,13,13,11,2,0,0,0,0,46,60,26,86,48,38,0,0,0
683,13000212,50,0,497.367339124609,75.000000000000,36.000000000000,2.049919598184,9990c393cd610774,8d15af1f9d36efa1,793c4a4fb063affa,200,158,79.000000,263.278481,230.315432,1.000000,4.100000,299.924896,2.280238,293.969495,4.151899,1.961890,0.000000,0.375833,0.663866,0.233645,0.200000,200,1056,1056,31.000000,0,0,16,15,78,78,8,0,395.000000,656,0,0,60,140,0,60,18,14,4,0,18,4,4,4,0,0,0,0,0,42,0,42,42,42,0,0,0,0
684,13000213,50,0,114.140114827309,425.000000000000,20.000000000000,2.579209461095,ecff41f687d4b024,8d15af1f9d36efa1,2bba504f849d90c0,200,135,67.500000,264.044444,251.268505,0.900000,3.300000,299.546041,3.897884,304.377559,4.014815,3.162362,0.000000,0.420940,0.663300,0.269542,0.230114,200,1184,1184,32.000000,0,0,16,16,75,75,12,0,394.000000,542,0,0,60,121,0,60,15,9,6,0,15,6,6,5,1,0,0,0,0,45,20,45,65,46,19,0,0,0
685,13000214,50,0,424.381858869537,75.000000000000,29.000000000000,2.936253479551,6346bf52109fc00f,8d15af1f9d36efa1,97be2d4f3096c1cc,200,187,93.500000,258.005348,227.766016,1.000000,3.500000,271.394380,3.129167,285.044347,3.540107,2.666163,0.000000,0.349705,0.640288,0.232019,0.157761,200,1152,1152,32.000000,0,0,16,16,53,53,18,0,356.000000,662,0,0,33,167,0,33,20,11,9,0,20,9,9,9,0,0,0,0,0,13,0,13,13,13,0,0,0,0
686,13000215,50,0,4.377070206849,175.000000000000,38.000000000000,2.554822565282,a061018b749524b6,8d15af1f9d36efa1,feae13012f992b5,200,114,57.000000,300.175439,272.104373,0.600000,2.800000,357.216318,2.802778,356.472722,4.701754,2.610075,0.000000,0.381062,0.622642,0.271739,0.154574,200,992,992,32.000000,0,0,16,16,38,38,22,0,330.000000,536,0,0,22,102,0,22,16,5,11,0,16,11,11,7,4,0,0,0,0,6,80,6,86,10,76,0,0,0
687,13000216,50,0,82.482851415730,425.000000000000,21.000000000000,2.562595433613,1fd2d2f6eef93faa,8d15af1f9d36efa1,4f252b29694105c4,200,26,13.000000,195.884615,316.432008,0.300000,0.900000,250.534655,4.055556,229.149179,3.000000,3.166667,0.000000,0.853383,0.694190,0.719424,0.740000,200,1024,1024,32.000000,0,0,16,16,104,104,14,2,454.000000,78,0,0,100,24,0,96,8,1,7,0,8,7,7,1,6,0,0,0,0,92,140,34,174,98,76,0,0,0
688,13000217,50,0,45.540171786224,325.000000000000,37.000000000000,2.364365570212,8604598940ea8ef,8d15af1f9d36efa1,9a844000c55fcd2a,200,60,30.000000,238.183333,303.319349,0.300000,1.100000,267.053433,2.933333,267.053433,3.666667,2.909091,0.000000,0.578544,0.601594,0.476190,0.241379,200,896,896,32.000000,0,0,16,16,26,26,18,0,302.000000,220,0,0,13,54,0,13,13,4,9,0,13,9,9,2,7,0,0,0,0,0,140,0,140,7,133,0,0,0
689,13000218,50,0,59.187482736446,425.000000000000,25.000000000000,2.742379035279,5873e7c466500c4d,8d15af1f9d36efa1,81b5f84fb522e18c,200,124,62.000000,321.314516,298.612878,0.900000,4.100000,364.440288,2.005644,361.939035,4.548387,2.003546,0.000000,0.437126,0.686520,0.261780,0.267532,200,904,904,32.000000,0,0,16,16,91,91,24,2,438.000000,564,0,0,77,112,0,77,13,1,12,0,13,12,12,11,1,0,0,0,0,64,20,56,76,65,11,0,0,0
690,13000219,50,0,134.713171533302,175.000000000000,41.000000000000,1.555802496246,95b4bf626859a3a4,8d15af1f9d36efa1,24e188fbe0eaf86e,200,180,90.000000,247.155556,281.479847,0.900000,3.700000,327.176280,3.111111,312.261697,4.111111,2.675676,0.000000,0.295238,0.607843,0.212766,0.095355,200,1320,1320,32.000000,0,0,16,16,38,38,2,0,310.000000,740,0,0,19,162,0,19,19,18,1,0,19,1,1,0,1,0,0,0,0,0,20,0,20,1,19,0,0,0
691,13000220,50,0,193.617044863265,425.000000000000,19.000000000000,2.003785553046,995ba6cde56c3c59,8d15af1f9d36efa1,36c07539e2878ee9,200,115,57.500000,412.800000,287.360168,1.000000,6.600000,503.982784,2.989394,514.831976,6.869565,2.431646,0.000000,0.371019,0.699700,0.202020,0.228516,200,1048,1048,32.000000,0,0,16,16,109,109,16,0,466.000000,790,0,0,97,103,0,97,12,4,8,0,12,8,8,8,0,0,0,0,0,85,0,85,85,85,0,0,0,0
692,13000221,50,0,469.588064173026,175.000000000000,40.000000000000,2.544527072874,9abbbf1b9a2cf5c7,8d15af1f9d36efa1,7980554504b4955f,200,137,68.500000,268.941606,274.165207,0.700000,3.100000,318.352793,2.102891,328.286889,4.525547,2.080645,0.000000,0.341826,0.616858,0.243902,0.126761,200,928,928,32.000000,0,0,16,16,39,39,12,2,322.000000,620,0,0,21,123,0,21,17,11,6,0,17,6,6,3,3,0,0,0,0,4,60,3,63,7,56,0,0,0
693,13000222,50,0,403.866849752388,75.000000000000,33.000000000000,1.784724569019,9226ccdd6ef2891e,8d15af1f9d36efa1,45acf7a3f67a80f0,200,129,64.500000,324.007752,273.884887,1.000000,5.200000,388.269012,2.248810,375.425221,4.883721,2.336508,0.000000,0.416667,0.692308,0.240964,0.257075,200,960,960,32.000000,0,0,16,16,97,97,24,0,450.000000,630,0,0,84,116,0,84,13,1,12,0,13,12,12,12,0,0,0,0,0,71,0,71,71,71,0,0,0,0
694,13000223,50,0,4.780206105839,425.000000000000,29.000000000000,2.545724267088,a01d280aba940b43,8d15af1f9d36efa1,1a6fd628622d355a,200,124,62.000000,354.064516,268.539442,1.000000,4.800000,378.271604,2.615873,417.773561,5.427419,2.254086,0.000000,0.407570,0.698341,0.229095,0.256354,200,1080,1080,31.000000,0,0,16,15,110,110,12,8,463.000000,673,0,0,91,109,0,91,15,9,6,0,15,6,6,6,0,0,0,0,0,76,0,76,76,76,0,0,0,0
695,13000224,50,0,171.373265735624,425.000000000000,21.000000000000,2.631262538649,1743548bca1fff84,8d15af1f9d36efa1,463df551fb37b4aa,200,59,29.500000,435.949153,317.588469,0.600000,3.800000,485.868270,3.348291,560.938373,8.152542,2.374220,0.000000,0.458943,0.671053,0.293686,0.267884,200,1016,1016,32.000000,0,0,16,16,79,79,18,0,408.000000,481,0,0,70,54,0,70,9,0,9,0,9,9,9,5,4,0,0,0,0,61,80,61,141,65,76,0,0,0
696,13000225,50,0,184.042965844102,75.000000000000,25.000000000000,1.695108164896,44c7fc3061f9c7a1,8d15af1f9d36efa1,5fa2574fa1ff546e,200,100,50.000000,159.540000,232.136843,0.500000,1.100000,170.700851,2.233333,166.525312,2.200000,2.000000,0.000000,0.621343,0.643494,0.476190,0.371429,200,960,960,31.000000,0,0,16,15,61,61,8,0,361.000000,220,0,0,47,90,0,47,14,10,4,0,14,4,4,0,4,0,0,0,0,33,100,0,100,37,63,0,0,0
697,13000226,50,0,450.746036457783,175.000000000000,30.000000000000,2.931366651601,f17e060a175099a8,8d15af1f9d36efa1,f8b0dad3f6f35de0,200,133,66.500000,338.112782,365.990485,0.700000,3.900000,443.121290,2.767347,432.915413,5.601504,2.518121,0.000000,0.303087,0.618321,0.211640,0.109916,200,912,912,32.000000,0,0,16,16,39,39,14,0,324.000000,745,0,0,23,120,0,23,16,9,7,0,16,7,7,4,3,0,0,0,0,7,60,7,67,10,57,0,0,0
698,13000227,50,0,385.014997716903,425.000000000000,22.000000000000,2.595508843312,b5dbb860ced08f2f,8d15af1f9d36efa1,7cc66acca7b1ded5,200,107,53.500000,247.485981,259.298748,0.800000,3.100000,279.322010,2.163194,271.226352,3.775701,2.039604,0.000000,0.501235,0.669967,0.331126,0.301038,200,936,936,32.000000,0,0,16,16,78,78,18,0,406.000000,404,0,0,66,97,0,66,12,3,9,0,12,9,9,7,2,0,0,0,0,54,40,53,93,56,37,0,0,0
699,13000228,50,0,251.701865180051,75.000000000000,25.000000000000,1.811521094771,eff855168bfa21eb,8d15af1f9d36efa1,a4d9a14fc92daf72,200,193,96.500000,168.797927,170.247126,1.000000,2.500000,179.431431,2.633333,180.473563,2.554404,2.784990,0.000000,0.399513,0.621212,0.288600,0.162988,200,1040,1040,32.000000,0,0,16,16,45,45,6,0,328.000000,493,0,0,26,174,0,26,19,16,3,0,19,3,3,3,0,0,0,0,0,7,0,7,7,7,0,0,0,0
700,13000229,50,0,110.790603258572,175.000000000000,38.000000000000,1.672461484485,428340e7276b77a9,8d15af1f9d36efa1,2a80534d05c778af,200,147,73.500000,241.204082,274.713600,0.800000,2.700000,290.171150,2.839583,289.909005,3.394558,2.839679,0.000000,0.405244,0.629630,0.286123,0.177924,200,1160,1160,32.000000,0,0,16,16,51,51,6,0,340.000000,499,0,0,33,131,0,33,18,15,3,0,18,3,3,1,2,0,0,0,0,15,40,13,53,17,36,0,0,0
701,13000230,50,0,362.153536355857,75.000000000000,27.000000000000,2.246747975092,d916c41e831c440f,8d15af1f9d36efa1,9bd8134fc3fb1aa8,200,151,75.500000,274.225166,291.373873,1.000000,4.100000,328.359281,2.525000,326.436292,4.086093,2.594814,0.000000,0.393314,0.666667,0.244798,0.214013,200,968,968,32.000000,0,0,16,16,75,75,18,0,400.000000,617,0,0,62,138,0,62,13,4,9,0,13,9,9,9,0,0,0,0,0,49,0,49,49,49,0,0,0,0
702,13000231,50,0,448.893940226968,75.000000000000,32.000000000000,1.527773605283,151ea80419e1a518,8d15af1f9d36efa1,6b46c9cd1f3fd8bb,200,125,62.500000,232.544000,208.333347,1.000000,3.700000,264.720231,2.724286,253.344640,3.568000,2.410314,0.000000,0.497748,0.688474,0.309598,0.320122,200,1064,1064,32.000000,0,0,16,16,103,103,4,0,442.000000,446,0,0,89,111,0,89,14,12,2,0,14,2,2,2,0,0,0,0,0,75,0,75,75,75,0,0,0,0
703,13000232,50,0,9.863719565892,175.000000000000,34.000000000000,2.955278683115,8fdd2cab64d15b37,8d15af1f9d36efa1,52793130c3e79a4c,200,185,92.500000,313.140541,270.344312,1.000000,4.300000,346.303474,2.683333,365.232227,4.432432,2.518293,0.000000,0.307432,0.645390,0.196078,0.138655,200,1096,1096,32.000000,0,0,16,16,56,56,20,2,364.000000,820,0,0,35,165,0,35,20,10,10,0,20,10,10,10,0,0,0,0,0,15,0,15,15,15,0,0,0,0
704,13000233,50,0,156.171641523897,325.000000000000,38.000000000000,2.039337590560,a5bda59bcff93352,8d15af1f9d36efa1,9ac19200c594069e,200,169,84.500000,279.372781,208.525652,0.900000,3.900000,322.742418,2.855379,343.597963,4.556213,2.666234,0.000000,0.305054,0.628253,0.206186,0.121005,200,1192,1192,32.000000,0,0,16,16,52,52,2,6,338.000000,770,0,0,30,151,0,30,19,18,1,0,19,1,1,0,1,0,0,0,0,11,20,11,31,12,19,0,0,0
705,13000234,50,0,183.360661950057,75.000000000000,26.000000000000,1.553940976590,cb037b549a061337,8d15af1f9d36efa1,ab05f39a795a73d2,200,179,89.500000,258.145251,245.332764,1.000000,4.200000,335.613946,2.650000,317.943836,4.145251,2.433962,0.000000,0.321755,0.637681,0.212314,0.139211,200,904,904,32.000000,0,0,16,16,55,55,10,0,352.000000,742,0,0,38,162,0,38,17,12,5,0,17,5,5,5,0,0,0,0,0,21,0,21,21,21,0,0,0,0
706,13000235,50,0,38.226630804242,75.000000000000,23.000000000000,2.829162468881,695864e86f6d3340,8d15af1f9d36efa1,9ae00f00c5add894,200,119,59.500000,209.857143,256.469806,0.700000,2.100000,222.913597,2.511905,235.389057,3.117647,2.447439,0.000000,0.482566,0.633700,0.350263,0.235052,200,1152,1152,32.000000,0,0,16,16,51,51,12,0,346.000000,371,0,0,37,108,0,37,14,8,6,0,14,6,6,3,3,0,0,0,0,23,60,21,81,26,55,0,0,0
707,13000236,50,0,176.628913322811,75.000000000000,19.000000000000,2.711492920310,45659e910bee554b,8d15af1f9d36efa1,340e1ce9cfb42bac,200,152,76.000000,312.960526,283.831907,1.000000,5.000000,391.283982,2.636429,383.541891,5.085526,2.421734,0.000000,0.339880,0.665552,0.205550,0.176784,200,1128,1128,32.000000,0,0,16,16,76,76,14,0,398.000000,773,0,0,62,138,0,62,14,7,7,0,14,7,7,7,0,0,0,0,0,48,0,48,48,48,0,0,0,0
708,13000237,50,0,17.542126315379,175.000000000000,43.000000000000,1.726987255415,601b7ef42cccad9d,8d15af1f9d36efa1,78133bf6204e426a,200,99,49.500000,227.313131,220.263241,0.600000,1.900000,248.274994,2.142857,272.971064,3.414141,2.363905,0.000000,0.501475,0.629630,0.371747,0.242152,200,888,888,32.000000,0,0,16,16,49,49,10,0,340.000000,338,0,0,35,89,0,35,14,9,5,0,14,5,5,1,4,0,0,0,0,21,80,21,101,25,76,0,0,0
709,13000238,50,0,382.184742270169,175.000000000000,36.000000000000,1.957245224338,615561ef3dfef5ba,8d15af1f9d36efa1,463e456d555fc893,200,181,90.500000,332.237569,302.768360,1.000000,5.600000,436.435825,2.105000,425.316133,5.651934,1.965787,0.000000,0.253829,0.635036,0.163532,0.101844,200,992,992,32.000000,0,0,16,16,57,57,2,0,348.000000,1023,0,0,38,162,0,38,19,18,1,0,19,1,1,1,0,0,0,0,0,19,0,19,19,19,0,0,0,0
710,13000239,50,0,79.103874027734,175.000000000000,43.000000000000,1.542743548002,662d5b87558975e8,8d15af1f9d36efa1,7ab6ff8dba00e97b,200,143,71.500000,277.377622,293.781457,0.900000,4.200000,348.184021,2.424735,338.054178,4.573427,2.269113,0.000000,0.366279,0.653979,0.234192,0.182500,200,872,872,32.000000,0,0,16,16,69,69,8,0,378.000000,654,0,0,53,128,0,53,16,12,4,0,16,4,4,3,1,0,0,0,0,37,20,37,57,38,19,0,0,0
711,13000240,50,0,174.136103135980,325.000000000000,30.000000000000,1.956291192602,85fd29bf30d07048,8d15af1f9d36efa1,2921e5f7d9645a33,200,186,93.000000,290.822581,307.520436,1.000000,4.800000,375.491178,2.761310,365.354483,4.930108,2.514722,0.000000,0.265813,0.624060,0.179051,0.098328,200,1080,1080,32.000000,0,0,16,16,50,50,0,0,332.000000,917,0,0,32,168,0,32,18,18,0,0,18,0,0,0,0,0,0,0,0,14,0,14,14,14,0,0,0,0
712,13000241,50,0,473.689151266581,325.000000000000,44.000000000000,2.053791201948,815ad5d08416ae0,8d15af1f9d36efa1,2233bfc65e5a08b2,200,113,56.500000,290.530973,331.853600,0.600000,2.300000,309.686752,2.833333,334.000661,3.964602,2.622768,0.000000,0.431472,0.629630,0.308642,0.194245,200,984,984,32.000000,0,0,16,16,43,43,22,0,340.000000,448,0,0,27,101,0,27,16,5,11,0,16,11,11,7,4,0,0,0,0,11,80,7,87,15,72,0,0,0
713,13000242,50,0,428.220290869707,325.000000000000,43.000000000000,1.708616476619,9606e5c5ac67b9e4,8d15af1f9d36efa1,5d45a29a6c2c420b,200,106,53.000000,243.339623,280.050830,0.600000,2.500000,302.854307,1.783069,296.938678,4.179245,2.121896,0.000000,0.434227,0.629630,0.311042,0.196007,200,864,864,32.000000,0,0,16,16,48,48,12,0,340.000000,443,0,0,34,96,0,34,14,8,6,0,14,6,6,2,4,0,0,0,0,20,80,14,94,24,70,0,0,0
714,13000243,50,0,434.183148345851,75.000000000000,33.000000000000,1.778348237669,e38afe0a70d26da7,8d15af1f9d36efa1,36a05be123acab0c,200,129,64.500000,266.782946,254.654209,0.900000,4.800000,378.388794,2.117172,307.695724,4.472868,1.818024,0.000000,0.413021,0.669967,0.257400,0.231691,200,840,840,32.000000,0,0,16,16,82,82,10,0,406.000000,577,0,0,68,116,0,68,14,9,5,0,14,5,5,4,1,0,0,0,0,54,20,51,71,55,16,0,0,0
715,13000244,50,0,249.781192468772,325.000000000000,29.000000000000,1.991692647408,36bd6f34f99e6939,8d15af1f9d36efa1,fbb366f43338c95e,200,199,99.500000,259.070352,215.793657,1.000000,3.900000,295.436168,1.922976,302.990126,4.030151,1.991272,0.000000,0.287744,0.618321,0.199601,0.102908,200,1096,1096,32.000000,0,0,16,16,41,41,10,0,324.000000,802,0,0,21,179,0,21,20,15,5,0,20,5,5,5,0,0,0,0,0,1,0,1,1,1,0,0,0,0
716,13000245,50,0,370.621486515424,425.000000000000,22.000000000000,2.251008856942,1eb6d7b343dabf30,8d15af1f9d36efa1,9acf2d00c59f985b,200,68,34.000000,144.750000,219.209337,0.500000,1.200000,163.056819,2.028571,121.765165,1.823529,1.758065,0.000000,0.759690,0.662162,0.617284,0.563380,200,1192,1192,32.000000,0,0,16,16,73,73,14,0,392.000000,124,0,0,60,60,0,60,13,6,7,0,13,7,7,2,5,0,0,0,0,47,100,32,132,52,80,0,0,0
717,13000246,50,0,469.603321097701,425.000000000000,34.000000000000,1.994003237439,1450754c07bc389b,8d15af1f9d36efa1,0,200,0,0.000000,NA,328.724088,0.000000,0.000000,nan,nan,NA,NA,NA,NA,1.000000,0.682540,1.000000,1.000000,200,920,920,32.000000,0,0,16,16,91,91,16,0,430.000000,0,0,0,83,0,0,83,8,0,8,0,8,8,8,0,8,0,0,0,0,75,200,0,200,83,117,0,0,0
718,13000247,50,0,58.140502324630,75.000000000000,27.000000000000,2.732583591864,52ecf5b47b978fb8,8d15af1f9d36efa1,280aa69b1231cdb8,200,142,71.000000,295.380282,285.742309,0.900000,4.000000,359.586826,3.302381,343.205114,4.563380,2.907407,0.000000,0.393258,0.677419,0.235849,0.224880,200,1112,1112,32.000000,0,0,16,16,88,88,12,0,420.000000,648,0,0,73,127,0,73,15,9,6,0,15,6,6,6,0,0,0,0,0,58,20,38,58,58,0,0,0,0
719,13000248,50,0,330.361179253023,175.000000000000,22.000000000000,2.291150929117,6347a29356069668,8d15af1f9d36efa1,97d2ac4f30a842a3,200,138,69.000000,267.666667,238.800378,0.700000,2.700000,312.461096,2.910714,303.635731,3.840580,2.556604,0.000000,0.377934,0.616858,0.273973,0.147910,200,1032,1032,30.000000,0,0,16,14,40,40,12,4,322.000000,530,0,0,21,124,0,21,17,11,6,0,17,6,6,3,3,0,0,0,0,4,60,2,62,7,55,0,0,0
720,13000249,50,0,81.223457113755,425.000000000000,32.000000000000,1.549422058075,6973ef16fa659b1b,8d15af1f9d36efa1,9ad93100c5a7f3ac,200,117,58.500000,220.538462,203.541554,0.900000,2.700000,222.053454,3.351852,229.681608,3.264957,2.971204,0.000000,0.547393,0.697885,0.343643,0.375817,200,1168,1168,32.000000,0,0,16,16,110,110,10,0,462.000000,382,0,0,95,103,0,95,15,10,5,0,15,5,5,4,1,0,0,0,0,80,20,63,83,81,2,0,0,0
721,13000250,50,0,45.204127394723,175.000000000000,45.000000000000,1.798156118754,474c35a73bcf804c,8d15af1f9d36efa1,e5bf980a6cb79088,200,177,88.500000,251.988701,272.881766,0.900000,3.200000,298.068337,2.909259,296.492305,3.570621,3.102848,0.000000,0.343035,0.622642,0.240385,0.134247,200,1112,1112,32.000000,0,0,16,16,43,43,12,0,330.000000,632,0,0,24,159,0,24,19,13,6,0,19,6,6,5,1,0,0,0,0,5,20,3,23,6,17,0,0,0
722,13000251,50,0,52.479288455290,75.000000000000,34.000000000000,1.836712557113,a6bbab815918cebb,8d15af1f9d36efa1,8cf420a09aa7cf1e,200,158,79.000000,280.297468,269.792018,1.000000,4.300000,347.037671,2.152976,332.404817,4.202532,2.346386,0.000000,0.367619,0.658703,0.231481,0.188264,200,976,976,32.000000,0,0,16,16,70,70,14,0,386.000000,664,0,0,56,144,0,56,14,7,7,0,14,7,7,7,0,0,0,0,0,42,0,42,42,42,0,0,0,0
723,13000252,50,0,103.020300684955,325.000000000000,32.000000000000,2.533170606182,89ba5b78c61b0537,8d15af1f9d36efa1,bb66a07749a4e0c2,200,165,82.500000,267.060606,257.121286,0.900000,3.700000,313.761158,2.508995,303.262911,4.212121,2.464748,0.000000,0.339981,0.641577,0.223464,0.153471,200,1096,1096,32.000000,0,0,16,16,57,57,12,8,358.000000,695,0,0,34,147,0,34,19,13,6,0,19,6,6,5,1,0,0,0,0,15,20,15,35,16,19,0,0,0
724,13000253,50,0,430.924856646270,175.000000000000,39.000000000000,1.613116814308,c74fbac81eacdb74,8d15af1f9d36efa1,bc8f599a8358bee8,200,160,80.000000,350.250000,323.258786,0.800000,4.500000,430.446824,2.415476,449.000094,5.625000,2.216667,0.000000,0.261084,0.613900,0.181818,0.087221,200,992,992,32.000000,0,0,16,16,36,36,14,0,318.000000,900,0,0,18,144,0,18,18,11,7,0,18,7,7,5,2,0,0,0,0,0,40,0,40,2,38,0,0,0
725,13000254,50,0,88.094358527664,325.000000000000,38.000000000000,2.374325613550,2e6f6970a15e82c4,8d15af1f9d36efa1,9284804fbe827337,200,95,47.500000,225.347368,268.137600,0.500000,1.600000,266.137903,2.960000,260.622020,3.263158,2.677419,0.000000,0.520124,0.626866,0.392157,0.251208,200,1016,1016,32.000000,0,0,16,16,46,46,12,0,336.000000,310,0,0,31,85,0,31,15,9,6,0,15,6,6,1,5,0,0,0,0,16,100,5,105,21,84,0,0,0
726,13000255,50,0,284.562169481780,175.000000000000,30.000000000000,2.049456808002,fbdc946cbc4dc906,8d15af1f9d36efa1,d8b8147982f4557d,200,120,60.000000,212.141667,256.307990,0.600000,1.900000,258.650355,2.638889,245.744205,3.225000,2.741602,0.000000,0.443165,0.606299,0.340716,0.164147,200,1024,1024,32.000000,0,0,16,16,32,32,12,0,308.000000,387,0,0,16,108,0,16,16,10,6,0,16,6,6,2,4,0,0,0,0,0,80,0,80,4,76,0,0,0
727,13000256,50,0,493.658293857822,175.000000000000,39.000000000000,2.706889217337,58d7bed295e394fa,8d15af1f9d36efa1,8c9ed99862e74761,200,177,88.500000,392.768362,293.829410,1.000000,6.300000,504.137813,2.413214,477.500752,6.259887,2.218412,0.000000,0.250845,0.649737,0.152905,0.112179,200,944,944,31.000000,0,0,16,15,59,59,22,0,371.000000,1108,0,0,41,159,0,41,18,7,11,0,18,11,11,11,0,0,0,0,0,23,0,23,23,23,0,0,0,0
728,13000257,50,0,109.242640637331,425.000000000000,36.000000000000,2.050373387850,ab78af54974a8c5e,8d15af1f9d36efa1,e3260b6652ba3f16,200,133,66.500000,236.481203,261.105001,0.700000,2.500000,285.713613,2.909524,283.292040,3.706767,2.622718,0.000000,0.430058,0.650350,0.288600,0.221169,200,1120,1120,32.000000,0,0,16,16,67,67,6,0,372.000000,493,0,0,51,120,0,51,16,13,3,0,16,3,3,0,3,0,0,0,0,35,60,7,67,38,29,0,0,0
729,13000258,50,0,333.571677725422,425.000000000000,22.000000000000,2.381974452137,87390042ae6cacfa,8d15af1f9d36efa1,9b0c3d00c5d361a9,200,167,83.500000,290.221557,236.232447,1.000000,4.200000,337.417426,2.311111,355.825914,4.419162,2.551491,0.000000,0.342246,0.657534,0.213220,0.170787,200,1088,1088,32.000000,0,0,16,16,72,72,8,10,384.000000,738,0,0,50,150,0,50,17,13,4,0,17,4,4,4,0,0,0,0,0,33,0,33,33,33,0,0,0,0
730,13000259,50,0,456.763286595439,325.000000000000,42.000000000000,2.181636689104,19e31b30a971a3f9,8d15af1f9d36efa1,28315237a26a8450,200,140,70.000000,331.385714,275.050256,0.800000,4.300000,414.167489,2.239583,416.744459,5.435714,2.248357,0.000000,0.321142,0.642857,0.208117,0.143982,200,1008,1008,32.000000,0,0,16,16,57,57,14,0,360.000000,761,0,0,41,126,0,41,16,9,7,0,16,7,7,5,2,0,0,0,0,25,40,20,60,27,33,0,0,0
731,13000260,50,0,166.629298554700,75.000000000000,17.000000000000,2.374030430069,3f9390d967ee0941,8d15af1f9d36efa1,cfab564fe14ae840,200,165,82.500000,271.351515,230.461408,1.000000,4.500000,370.930445,3.075833,322.120534,4.224242,2.493544,0.000000,0.349813,0.652174,0.222965,0.171225,200,1064,1064,31.000000,0,0,16,15,65,65,14,0,375.000000,697,0,0,50,150,0,50,15,8,7,0,15,7,7,7,0,0,0,0,0,35,0,35,35,35,0,0,0,0
732,13000261,50,0,221.204666234858,325.000000000000,26.000000000000,1.582364306532,c9b1dcd414d8d38b,8d15af1f9d36efa1,c9cded97bf4f2c3d,200,160,80.000000,298.487500,279.605276,0.800000,4.200000,392.248594,2.252083,382.264175,5.250000,2.119048,0.000000,0.270833,0.609375,0.192308,0.086957,200,840,840,32.000000,0,0,16,16,36,36,8,0,312.000000,840,0,0,18,144,0,18,18,14,4,0,18,4,4,2,2,0,0,0,0,0,40,0,40,2,38,0,0,0
733,13000262,50,0,323.446542492183,425.000000000000,20.000000000000,2.383032467700,acf9f2c26cb32d01,8d15af1f9d36efa1,9aa9b900c57fb702,200,140,70.000000,276.950000,269.785422,0.900000,3.400000,308.821813,3.188889,338.438492,4.142857,2.965517,0.000000,0.394572,0.653979,0.256410,0.201102,200,1112,1112,32.000000,0,0,16,16,70,70,6,0,378.000000,580,0,0,55,126,0,55,15,12,3,0,15,3,3,2,1,0,0,0,0,40,20,40,60,41,19,0,0,0
734,13000263,50,0,68.756634647223,75.000000000000,38.000000000000,1.773946835969,3a8e27c31d5ee069,8d15af1f9d36efa1,a9eda5a75cb71d89,200,133,66.500000,319.759398,236.730474,1.000000,5.200000,420.437543,2.047738,388.056503,5.015038,2.217391,0.000000,0.394187,0.684543,0.230681,0.232451,200,1072,1072,32.000000,0,0,16,16,95,95,12,0,434.000000,667,0,0,81,119,0,81,14,8,6,0,14,6,6,6,0,0,0,0,0,67,0,67,67,67,0,0,0,0
735,13000264,50,0,460.891817087021,75.000000000000,34.000000000000,2.304394387290,c3284c774e5de8a6,8d15af1f9d36efa1,fca0db203ad17912,200,140,70.000000,307.607143,265.849484,0.700000,3.500000,388.393062,2.441126,397.756281,5.000000,2.514286,0.000000,0.353050,0.656357,0.222222,0.176471,200,912,912,32.000000,0,0,16,16,70,70,10,0,382.000000,700,0,0,55,126,0,55,15,10,5,0,15,5,5,4,1,0,0,0,0,40,60,0,60,41,19,0,0,0
736,13000265,50,0,114.465280637935,325.000000000000,39.000000000000,1.710956490434,dac69f0721014dd8,8d15af1f9d36efa1,8c206c0244730fbc,200,195,97.500000,268.482051,279.600236,1.000000,4.300000,335.809857,2.350000,323.970977,4.297436,2.180191,0.000000,0.284983,0.625468,0.192678,0.108511,200,1000,1000,32.000000,0,0,16,16,45,45,12,0,334.000000,838,0,0,25,175,0,25,20,14,6,0,20,6,6,6,0,0,0,0,0,5,0,5,5,5,0,0,0,0
737,13000266,50,0,482.197044644406,75.000000000000,36.000000000000,2.509345445505,caafa3a50c98d3eb,8d15af1f9d36efa1,e5dc62718ec46d73,200,156,78.000000,251.442308,236.648680,0.900000,3.200000,291.203887,2.385185,277.014901,3.628205,2.383392,0.000000,0.397872,0.651568,0.261097,0.200565,200,992,992,32.000000,0,0,16,16,58,58,26,0,374.000000,566,0,0,41,140,0,41,17,4,13,0,17,13,13,12,1,0,0,0,0,24,20,24,44,25,19,0,0,0
738,13000267,50,0,252.124524217247,175.000000000000,29.000000000000,1.760364507925,b1bab85adba66dc7,8d15af1f9d36efa1,5bd389d820cf3c7b,200,160,80.000000,300.968750,283.739386,0.800000,4.200000,393.445570,2.366667,385.168316,5.250000,2.309524,0.000000,0.268293,0.606299,0.192308,0.082969,200,848,848,32.000000,0,0,16,16,36,36,4,0,308.000000,840,0,0,21,144,0,18,18,16,2,0,18,2,2,0,2,0,0,0,0,3,40,0,40,5,35,0,0,0
739,13000268,50,0,140.031841522509,175.000000000000,36.000000000000,2.150157154607,529c9560bf1c727d,8d15af1f9d36efa1,a939fb4f3a89803e,200,76,38.000000,220.947368,315.724683,0.400000,1.300000,243.417354,2.716667,249.055817,3.381579,2.793774,0.000000,0.549912,0.610895,0.437637,0.241888,200,984,984,32.000000,0,0,16,16,33,33,16,2,314.000000,257,0,0,18,68,0,18,14,6,8,0,14,8,8,2,6,0,0,0,0,4,120,4,124,10,114,0,0,0
740,13000269,50,0,32.249607948301,175.000000000000,42.000000000000,1.763021502762,a7856e2d5ccc98d9,8d15af1f9d36efa1,914ba01d9404b594,200,78,39.000000,173.987179,300.828003,0.400000,0.900000,189.600302,2.666667,189.274527,2.243590,2.548571,0.000000,0.650699,0.619772,0.533333,0.349442,200,952,952,32.000000,0,0,16,16,40,40,14,2,326.000000,175,0,0,32,70,0,25,14,7,7,0,14,7,7,1,6,0,0,0,0,18,120,2,122,24,98,0,0,0
741,13000270,50,0,224.074382744262,325.000000000000,22.000000000000,2.245968867633,72140fbba0354d75,8d15af1f9d36efa1,9a6c8b00c54bbaba,200,180,90.000000,314.783333,259.651157,0.900000,4.900000,409.971431,1.813492,396.616780,5.555556,1.827000,0.000000,0.244713,0.618321,0.166667,0.084249,200,920,920,32.000000,0,0,16,16,39,39,14,0,324.000000,1000,0,0,20,162,0,20,19,12,7,0,19,7,7,6,1,0,0,0,0,1,20,0,20,2,18,0,0,0
742,13000271,50,0,458.461175009944,175.000000000000,42.000000000000,2.204970122333,ec02c25285cac0e0,8d15af1f9d36efa1,9aad0900c58274c9,200,188,94.000000,239.271277,241.654967,1.000000,3.600000,285.270589,2.879524,276.697718,3.632979,2.579795,0.000000,0.336249,0.633700,0.226501,0.143036,200,1120,1120,32.000000,0,0,16,16,52,52,10,0,346.000000,683,0,0,32,168,0,32,20,15,5,0,20,5,5,5,0,0,0,0,0,12,0,12,12,12,0,0,0,0
743,13000272,50,0,495.826082398442,75.000000000000,34.000000000000,2.480636608457,9c9a0b268dd52076,8d15af1f9d36efa1,29a056b0c3573371,200,108,54.000000,231.972222,206.926919,0.900000,2.500000,228.388776,2.574074,235.360212,2.944444,2.581761,0.000000,0.594904,0.700150,0.386100,0.425993,200,1016,1016,31.000000,0,0,16,15,113,113,10,12,467.000000,318,0,0,93,95,0,93,14,9,5,0,14,5,5,4,1,0,0,0,0,79,20,72,92,80,12,0,0,0
744,13000273,50,0,447.732685891328,75.000000000000,27.000000000000,2.467092706557,c922d8b57a450d66,8d15af1f9d36efa1,331883857d810f14,200,123,61.500000,346.528455,357.376680,0.700000,4.300000,501.061197,2.094310,424.183368,5.471545,2.084695,0.000000,0.362085,0.656357,0.229095,0.182260,200,928,928,32.000000,0,0,16,16,67,67,16,0,382.000000,673,0,0,51,110,0,51,16,8,8,0,16,8,8,5,3,0,0,0,0,35,60,17,77,38,39,0,0,0
745,13000274,50,0,182.592439932805,425.000000000000,17.000000000000,2.642473304034,da2befac9b24d23d,8d15af1f9d36efa1,ec1d8b36da49865e,200,132,66.000000,578.166667,251.390760,1.000000,8.100000,629.712444,2.191896,737.862909,9.863636,2.173579,0.000000,0.261067,0.696970,0.133156,0.149020,200,960,960,32.000000,0,0,16,16,102,102,24,12,460.000000,1302,0,0,82,118,0,82,14,2,12,0,14,12,12,12,0,0,0,0,0,68,0,68,68,68,0,0,0,0
746,13000275,50,0,13.345567585585,75.000000000000,34.000000000000,2.656448107881,3f9006e075330835,8d15af1f9d36efa1,39a4b505852a7333,200,93,46.500000,228.290323,276.361095,0.600000,1.900000,262.574718,2.761111,281.077149,3.483871,2.675926,0.000000,0.577023,0.688474,0.381679,0.393258,200,1088,1088,32.000000,0,0,16,16,103,103,4,0,442.000000,324,0,0,91,83,0,91,12,10,2,0,12,2,2,0,2,0,0,0,0,79,80,27,107,81,26,0,0,0
747,13000276,50,0,325.596026724870,325.000000000000,36.000000000000,2.445674636377,78611a28d058c232,8d15af1f9d36efa1,6b3ccc89cd1488de,200,120,60.000000,171.300000,241.364301,0.600000,1.700000,213.724407,2.652778,205.538959,2.833333,2.764706,0.000000,0.478528,0.609375,0.370370,0.190476,200,1008,1008,32.000000,0,0,16,16,36,36,8,0,312.000000,340,0,0,20,108,0,20,16,12,4,0,16,4,4,0,4,0,0,0,0,4,80,0,80,8,72,0,0,0
748,13000277,50,0,314.885186721681,425.000000000000,18.000000000000,2.136816462768,a5fa6add1791fcd7,8d15af1f9d36efa1,a89a71c4150f7fc4,200,113,56.500000,309.070796,341.834484,0.700000,3.900000,399.042215,2.382406,384.077637,5.336283,2.459370,0.000000,0.369906,0.638989,0.249066,0.168276,200,880,880,32.000000,0,0,16,16,55,55,12,0,354.000000,603,0,0,41,102,0,41,14,8,6,0,14,6,6,3,3,0,0,0,0,27,60,27,87,30,57,0,0,0
749,13000278,50,0,111.942202933543,325.000000000000,32.000000000000,2.847221924560,89c9e9be8a900b7d,8d15af1f9d36efa1,a93a1d535f8d85c3,200,146,73.000000,446.383562,265.554285,0.800000,5.900000,598.064196,2.236206,589.961670,7.171233,2.061127,0.000000,0.245133,0.629630,0.160385,0.093506,200,888,888,32.000000,0,0,16,16,46,46,16,0,340.000000,1047,0,0,30,132,0,30,16,8,8,0,16,8,8,6,2,0,0,0,0,14,40,14,54,16,38,0,0,0
750,13000279,50,0,117.332747809939,425.000000000000,28.000000000000,1.854537013793,1d9833dd160f121d,8d15af1f9d36efa1,9b0c1700c5d32117,200,127,63.500000,220.299213,225.190743,1.000000,3.700000,268.055851,2.576905,250.613609,3.519685,2.362416,0.000000,0.490308,0.682540,0.309119,0.306977,200,1136,1136,32.000000,0,0,16,16,95,95,8,0,430.000000,447,0,0,84,116,0,84,11,7,4,0,11,4,4,4,0,0,0,0,0,73,0,73,73,73,0,0,0,0
751,13000280,50,0,490.920581107685,425.000000000000,30.000000000000,2.571442339615,620be2c46b45698e,8d15af1f9d36efa1,26d6bb8119c97724,200,171,85.500000,254.461988,214.283262,1.000000,4.000000,301.139964,2.260000,288.895070,3.801170,2.255385,0.000000,0.366472,0.652778,0.235294,0.181360,200,1064,1064,32.000000,0,0,16,16,63,63,18,0,376.000000,650,0,0,46,154,0,46,17,8,9,0,17,9,9,9,0,0,0,0,0,29,0,29,29,29,0,0,0,0
752,13000281,50,0,202.157340024732,175.000000000000,33.000000000000,1.571939309559,fc5e618534363235,8d15af1f9d36efa1,412306a78dd76477,200,200,100.000000,269.815000,215.623336,1.000000,4.500000,332.950254,2.576667,341.551620,4.565000,2.479737,0.000000,0.254694,0.609375,0.179695,0.080564,200,1056,1056,32.000000,0,0,16,16,40,40,0,0,312.000000,913,0,0,20,180,0,20,20,20,0,0,20,0,0,0,0,0,0,0,0,0,0,0,0,0,0,0,0,0
753,13000282,50,0,32.448628223788,75.000000000000,30.000000000000,2.677675495967,a4dfb1fb595f861b,8d15af1f9d36efa1,dd3d2e4f58025668,200,120,60.000000,146.733333,203.024029,0.600000,1.300000,176.520435,2.866667,168.258880,2.225000,2.775281,0.000000,0.559406,0.628942,0.428266,0.288000,200,1040,1040,31.000000,0,0,16,15,51,51,6,0,339.000000,267,0,0,36,108,0,36,15,12,3,0,15,3,3,0,3,0,0,0,0,21,80,0,80,24,56,0,0,0
754,13000283,50,0,31.954714670557,175.000000000000,39.000000000000,2.806760172212,c7ef583bbe081dca,8d15af1f9d36efa1,77b5247c334cea47,200,171,85.500000,357.555556,267.317384,1.000000,5.800000,451.085384,2.751389,445.380278,5.742690,2.526477,0.000000,0.280059,0.656357,0.169205,0.132509,200,1256,1256,32.000000,0,0,16,16,67,67,16,0,382.000000,982,0,0,49,151,2,47,18,10,8,0,18,8,8,8,0,0,0,0,0,29,0,29,29,29,0,0,0,0
755,13000284,50,0,242.960119485290,325.000000000000,23.000000000000,1.950276964857,76b183fa650dab42,8d15af1f9d36efa1,6edbb8a253374a8,200,133,66.500000,190.285714,227.638808,0.700000,2.000000,230.091667,2.904762,211.428601,2.691729,2.706704,0.000000,0.470414,0.613900,0.358423,0.193694,200,944,944,32.000000,0,0,16,16,40,40,6,2,318.000000,358,0,0,23,120,0,23,16,13,3,0,16,3,3,0,3,0,0,0,0,7,60,7,67,10,57,0,0,0
756,13000285,50,0,54.205108628502,175.000000000000,36.000000000000,2.849142641707,b9800be09bcfa3a1,8d15af1f9d36efa1,a429244fc897ef5f,200,199,99.500000,198.517588,208.236574,1.000000,3.000000,234.840294,3.216667,234.792512,3.040201,3.067769,0.000000,0.341676,0.610895,0.248447,0.119360,200,1096,1096,32.000000,0,0,16,16,41,41,0,0,314.000000,605,0,0,21,179,0,21,20,20,0,0,20,0,0,0,0,0,0,0,0,1,0,1,1,1,0,0,0,0
757,13000286,50,0,145.419541933987,425.000000000000,16.000000000000,2.935956994223,1d94ab444ed015ab,8d15af1f9d36efa1,2726e63e683b9b0a,200,68,34.000000,233.676471,314.233981,0.600000,2.300000,307.158295,3.091667,271.651491,3.455882,2.710638,0.000000,0.621578,0.658703,0.459770,0.395887,200,1120,1120,32.000000,0,0,16,16,70,70,14,0,386.000000,235,0,0,62,62,0,62,10,3,7,0,10,7,7,3,4,0,0,0,0,52,80,52,132,56,76,0,0,0
758,13000287,50,0,225.240625968016,325.000000000000,26.000000000000,2.001806341509,48fa76c9b34ea4a4,8d15af1f9d36efa1,479d26e9629c62d2,200,180,90.000000,267.816667,258.131308,0.900000,3.900000,327.301369,2.018519,331.926887,4.333333,2.214103,0.000000,0.285714,0.609375,0.204082,0.093023,200,856,856,32.000000,0,0,16,16,38,38,4,0,312.000000,780,0,0,19,162,0,19,19,17,2,0,19,2,2,1,1,0,0,0,0,0,20,0,20,1,19,0,0,0
759,13000288,50,0,287.572161986149,75.000000000000,22.000000000000,1.561352717838,4b7d381b2b8e6afa,8d15af1f9d36efa1,5ede60b4554eab18,200,43,21.500000,495.953488,301.311598,0.500000,2.700000,404.911390,1.772078,569.417696,7.790698,1.907463,0.000000,0.574333,0.693252,0.373832,0.396396,200,976,976,32.000000,0,0,16,16,101,101,18,38,452.000000,335,0,0,72,38,0,72,10,1,9,0,10,9,9,4,5,0,0,0,0,62,100,57,157,67,90,0,0,0
760,13000289,50,0,19.677585303503,425.000000000000,38.000000000000,1.618417617504,97f399c714cbd609,8d15af1f9d36efa1,52a5ed3e80ec1503,200,139,69.500000,208.158273,204.907180,0.800000,2.200000,216.526788,3.532738,210.579167,2.784173,3.260982,0.000000,0.492792,0.652778,0.340716,0.271186,200,1056,1056,32.000000,0,0,16,16,65,65,14,0,376.000000,387,0,0,47,123,0,47,18,11,7,0,18,7,7,5,2,0,0,0,0,29,40,21,61,31,30,0,0,0
761,13000290,50,0,345.044762625104,425.000000000000,22.000000000000,2.850583443024,c1ae2d2cbb10d8c0,8d15af1f9d36efa1,a09ea18f87707c1f,200,141,70.500000,267.787234,259.618409,1.000000,4.200000,318.357409,2.453333,316.721055,4.304965,2.327842,0.000000,0.406647,0.675325,0.247831,0.232617,200,920,920,32.000000,0,0,16,16,87,87,10,0,416.000000,607,0,0,73,127,0,73,14,9,5,0,14,5,5,5,0,0,0,0,0,59,0,59,59,59,0,0,0,0
762,13000291,50,0,10.702872609693,175.000000000000,43.000000000000,2.106472616228,fb3025d4b99566fa,8d15af1f9d36efa1,2b25074f841ef0c1,200,161,80.500000,373.832298,201.068137,1.000000,5.900000,462.646581,2.325769,459.948244,6.124224,2.096349,0.000000,0.288600,0.666667,0.168634,0.145581,200,960,960,32.000000,0,0,16,16,75,75,18,0,400.000000,986,0,0,57,143,0,57,18,9,9,0,18,9,9,9,0,0,0,0,0,39,0,39,39,39,0,0,0,0
763,13000292,50,0,454.693943625135,75.000000000000,26.000000000000,2.897040109125,298b2883a2155df5,8d15af1f9d36efa1,1ffd6cd93fc1756d,200,166,83.000000,294.771084,242.481834,1.000000,4.500000,354.284840,2.485238,350.180519,4.500000,2.250335,0.000000,0.336000,0.653979,0.211193,0.163494,200,968,968,32.000000,0,0,16,16,66,66,14,0,378.000000,747,0,0,50,150,0,50,16,9,7,0,16,7,7,7,0,0,0,0,0,34,0,34,34,34,0,0,0,0
764,13000293,50,0,117.735118028471,175.000000000000,39.000000000000,1.933939721957,5cee82ff9af5eb0b,8d15af1f9d36efa1,5709ca4f9d25aa60,200,160,80.000000,287.575000,246.391277,0.800000,3.800000,355.192643,2.814187,361.348076,4.750000,2.500000,0.000000,0.292365,0.610895,0.208333,0.097387,200,944,944,32.000000,0,0,16,16,37,37,8,2,314.000000,760,0,0,18,144,0,18,18,14,4,0,18,4,4,2,2,0,0,0,0,0,40,0,40,2,38,0,0,0
765,13000294,50,0,307.337460772500,175.000000000000,34.000000000000,1.773910763012,b1939f72aaf31e2d,8d15af1f9d36efa1,f5ece416dc185200,200,189,94.500000,391.888889,258.329615,1.000000,6.600000,513.394286,2.168214,510.318622,6.513228,2.037368,0.000000,0.215424,0.628253,0.139762,0.079282,200,952,952,32.000000,0,0,16,16,53,53,0,4,338.000000,1231,0,0,31,169,0,31,20,20,0,0,20,0,0,0,0,0,0,0,0,11,0,11,11,11,0,0,0,0
766,13000295,50,0,375.788543846947,325.000000000000,42.000000000000,2.045157500929,bf789943d62f99d9,8d15af1f9d36efa1,af4c2615a94014a1,200,120,60.000000,227.425000,267.476685,0.600000,2.000000,270.973919,2.511111,269.949960,3.550000,2.314554,0.000000,0.416438,0.603175,0.319489,0.144578,200,1104,1104,32.000000,0,0,16,16,32,32,8,0,304.000000,426,0,0,16,108,0,16,16,12,4,0,16,4,4,0,4,0,0,0,0,0,80,0,80,4,76,0,0,0
767,13000296,50,0,370.466080091844,325.000000000000,24.000000000000,2.287823903384,8dcda4b2c55d6537,8d15af1f9d36efa1,9acf0400c59f52b0,200,128,64.000000,263.265625,279.954359,0.700000,3.000000,345.561891,2.469048,320.910512,4.312500,2.407609,0.000000,0.374150,0.622642,0.265957,0.150769,200,976,976,32.000000,0,0,16,16,44,44,10,0,330.000000,552,0,0,28,115,0,28,16,11,5,0,16,5,5,2,3,0,0,0,0,12,60,12,72,15,57,0,0,0
768,13000297,50,0,473.576789821299,75.000000000000,27.000000000000,2.781413812400,167d20b6e07b1aa4,8d15af1f9d36efa1,6ef7af981d064875,200,70,35.000000,188.000000,264.119413,0.400000,1.000000,195.721694,3.541667,199.111630,2.500000,3.457143,0.000000,0.699828,0.671053,0.533333,0.501425,200,1136,1136,32.000000,0,0,16,16,82,82,12,0,408.000000,175,0,0,70,62,0,70,12,6,6,0,12,6,6,2,4,0,0,0,0,58,120,10,130,62,68,0,0,0
769,13000298,50,0,117.894465484457,325.000000000000,37.000000000000,2.215212462662,32e0e57cbb1ca23b,8d15af1f9d36efa1,2b59cbf7b9312a4b,200,183,91.500000,328.355191,287.614254,1.000000,5.300000,406.139170,2.058929,419.123937,5.568306,2.279686,0.000000,0.252384,0.632353,0.164069,0.099027,200,840,840,32.000000,0,0,16,16,55,55,2,4,344.000000,1019,0,0,35,165,0,35,18,17,1,0,18,1,1,1,0,0,0,0,0,17,0,17,17,17,0,0,0,0
770,13000299,50,0,99.412188694757,75.000000000000,31.000000000000,2.312318397607,d443c9af9066c03d,8d15af1f9d36efa1,a03f094f355c6036,200,157,78.500000,244.394904,244.435538,1.000000,3.600000,293.655877,2.786667,284.768186,3.484076,2.643510,0.000000,0.416222,0.661017,0.267738,0.224113,200,1008,1008,32.000000,0,0,16,16,75,75,8,0,390.000000,547,0,0,59,141,0,59,16,12,4,0,16,4,4,4,0,0,0,0,0,43,0,43,43,43,0,0,0,0
771,13000300,50,0,310.691499830813,425.000000000000,20.000000000000,2.578986184277,eff1841ef83dba9f,8d15af1f9d36efa1,74b022dadadc6bdc,200,143,71.500000,405.517483,364.144983,1.000000,7.100000,535.177087,2.262659,524.468979,6.846154,2.234934,0.000000,0.297200,0.674267,0.169635,0.156761,200,896,896,32.000000,0,0,16,16,85,85,12,0,414.000000,979,0,0,71,129,0,71,14,8,6,0,14,6,6,6,0,0,0,0,0,57,0,57,57,57,0,0,0,0
772,13000301,50,0,247.469019945681,175.000000000000,28.000000000000,1.570050950772,415eb272de95635c,8d15af1f9d36efa1,7b01f4c11ebeff08,200,140,70.000000,303.107143,285.495307,0.700000,3.500000,389.611168,3.202381,374.476005,5.000000,3.142857,0.000000,0.306931,0.607843,0.222222,0.100257,200,1200,1200,32.000000,0,0,16,16,36,36,6,4,310.000000,700,0,0,17,126,0,17,17,14,3,0,17,3,3,0,3,0,0,0,0,0,60,0,60,3,57,0,0,0
773,13000302,50,0,54.400424701123,175.000000000000,43.000000000000,2.422737246885,d6f66c9d41202d1c,8d15af1f9d36efa1,e9e07ab30d435fce,200,200,100.000000,324.895000,288.155384,1.000000,5.300000,410.942609,2.996071,402.663430,5.300000,2.905660,0.000000,0.235209,0.619772,0.158730,0.081456,200,1168,1168,32.000000,0,0,16,16,41,41,12,2,326.000000,1060,0,0,20,180,0,20,20,14,6,0,20,6,6,6,0,0,0,0,0,0,0,0,0,0,0,0,0,0
774,13000303,50,0,47.615053794253,325.000000000000,32.000000000000,2.900637961990,ecdf8109d702d31c,8d15af1f9d36efa1,b5a93b98d0533142,200,106,53.000000,299.273585,309.334360,0.600000,2.800000,342.225875,2.567460,349.446218,4.632075,2.439919,0.000000,0.424385,0.644128,0.289436,0.209340,200,880,880,32.000000,0,0,16,16,58,58,14,2,362.000000,491,0,0,41,94,0,41,16,9,7,0,16,7,7,3,4,0,0,0,0,25,80,14,94,29,65,0,0,0
775,13000304,50,0,217.029177651753,325.000000000000,27.000000000000,1.674058903963,d5d753ea71ec652a,8d15af1f9d36efa1,70b12f4fab9551fe,200,125,62.500000,217.080000,216.552991,0.800000,2.400000,248.017603,2.610795,275.066190,3.336000,2.045564,0.000000,0.461935,0.641577,0.324149,0.232044,200,880,880,32.000000,0,0,16,16,61,61,4,0,358.000000,417,0,0,48,114,0,48,13,11,2,0,13,2,2,0,2,0,0,0,0,35,40,35,75,37,38,0,0,0
776,13000305,50,0,54.338878413620,75.000000000000,30.000000000000,2.490138043104,b6ec0b57f9218acc,8d15af1f9d36efa1,f6fe325c79fd7d70,200,136,68.000000,230.882353,256.061958,0.900000,3.300000,280.990812,2.480159,261.042985,3.536765,2.494802,0.000000,0.460157,0.672131,0.293686,0.270106,200,1056,1056,32.000000,0,0,16,16,85,85,8,16,410.000000,481,0,0,62,122,0,62,15,11,4,0,15,4,4,3,1,0,0,0,0,47,20,44,64,48,16,0,0,0
777,13000306,50,0,6.047734404504,175.000000000000,40.000000000000,2.410126570794,e3e3b46b0634f3d4,8d15af1f9d36efa1,5c2bf7656521d8d6,200,131,65.500000,300.923664,226.923611,1.000000,3.600000,279.136254,2.921667,315.866483,3.923664,2.620623,0.000000,0.473361,0.697885,0.280112,0.309140,200,1064,1064,32.000000,0,0,16,16,103,103,24,4,462.000000,514,0,0,85,115,0,85,16,4,12,0,16,12,12,12,0,0,0,0,0,69,0,69,69,69,0,0,0,0
778,13000307,50,0,166.933465567191,175.000000000000,26.000000000000,2.308193204550,5cea7f21d8f98b91,8d15af1f9d36efa1,9ac83900c5998e11,200,80,40.000000,173.487500,240.019107,0.400000,1.000000,183.139656,2.791667,178.646982,2.500000,2.900000,0.000000,0.604743,0.604743,0.500000,0.270073,200,1232,1232,32.000000,0,0,16,16,28,28,18,0,306.000000,200,0,0,14,72,0,14,14,5,9,0,14,9,9,3,6,0,0,0,0,0,120,0,120,6,114,0,0,0
779,13000308,50,0,211.682195152909,425.000000000000,15.000000000000,2.259284291524,7f7d01f2079aa513,8d15af1f9d36efa1,278b1ca90d93ff6b,200,119,59.500000,193.453782,216.353421,0.800000,2.100000,203.935879,3.093750,210.191619,2.663866,3.397476,0.000000,0.565158,0.673203,0.386847,0.362173,200,1144,1144,32.000000,0,0,16,16,86,86,8,0,412.000000,317,0,0,72,107,0,72,14,10,4,0,14,4,4,2,2,0,0,0,0,58,40,41,81,60,21,0,0,0
780,13000309,50,0,164.718267830582,75.000000000000,28.000000000000,1.679262566829,b47bae40b567f540,8d15af1f9d36efa1,4068bd502130014d,200,127,63.500000,391.062992,309.843412,1.000000,6.600000,540.457918,2.490350,503.586504,6.157480,2.543478,0.000000,0.359016,0.686520,0.203666,0.208502,200,968,968,32.000000,0,0,16,16,99,99,8,0,438.000000,782,0,0,86,114,0,86,13,9,4,0,13,4,4,4,0,0,0,0,0,73,0,73,73,73,0,0,0,0
781,13000310,50,0,45.852801984569,325.000000000000,26.000000000000,2.941927872971,ba61c0b7c0b439de,8d15af1f9d36efa1,308ec8b90a20fda6,200,152,76.000000,305.217105,282.201314,0.900000,4.500000,382.814585,2.728219,375.551286,4.940789,2.723036,0.000000,0.334810,0.653979,0.210305,0.162765,200,1016,1016,32.000000,0,0,16,16,64,64,18,0,378.000000,751,0,0,46,135,0,46,18,9,9,0,18,9,9,8,1,0,0,0,0,28,20,28,48,29,19,0,0,0
782,13000311,50,0,18.361729207202,75.000000000000,29.000000000000,2.631759811502,7fbdeeeb6938be58,8d15af1f9d36efa1,863499f6bc1f83e5,200,132,66.000000,242.909091,256.121503,1.000000,5.000000,386.667618,2.203730,288.736610,3.727273,2.225610,0.000000,0.472103,0.687500,0.289017,0.297143,200,992,992,32.000000,0,0,16,16,99,99,10,6,440.000000,492,0,0,82,118,0,82,14,9,5,0,14,5,5,5,0,0,0,0,0,68,0,68,68,68,0,0,0,0
783,13000312,50,0,224.001021875153,325.000000000000,33.000000000000,1.764885569067,16e0ef1b00fe1d4,8d15af1f9d36efa1,68ffa62ab521ca14,200,200,100.000000,346.255000,306.929924,1.000000,5.600000,449.200072,2.413968,449.948000,5.600000,2.392857,0.000000,0.224377,0.618321,0.151515,0.075908,200,1024,1024,32.000000,0,0,16,16,40,40,12,0,324.000000,1120,0,0,20,180,0,20,20,14,6,0,20,6,6,6,0,0,0,0,0,0,0,0,0,0,0,0,0,0
784,13000313,50,0,418.491952673292,75.000000000000,40.000000000000,1.765462505734,27db97871ede6c0,8d15af1f9d36efa1,9acef700c59f3c99,200,135,67.500000,207.733333,226.502409,0.800000,2.600000,255.166002,2.683333,234.295785,3.207407,2.431871,0.000000,0.463445,0.651568,0.315956,0.246957,200,1040,1040,32.000000,0,0,16,16,66,66,10,0,374.000000,433,0,0,49,120,0,49,17,12,5,0,17,5,5,3,2,0,0,0,0,32,40,25,65,34,31,0,0,0
785,13000314,50,0,174.938129630150,75.000000000000,26.000000000000,2.234500837886,173f1a1b173e58a0,8d15af1f9d36efa1,9ae6d600c5b39667,200,86,43.000000,212.348837,285.518743,0.500000,1.700000,223.205033,2.613333,228.538393,3.465116,2.929530,0.000000,0.523962,0.621212,0.401606,0.243655,200,1080,1080,32.000000,0,0,16,16,40,40,16,0,328.000000,298,0,0,27,78,0,27,13,5,8,0,13,8,8,3,5,0,0,0,0,14,100,14,114,19,95,0,0,0
786,13000315,50,0,479.927097802570,175.000000000000,44.000000000000,2.285990187155,b1c7a61f3eeae388,8d15af1f9d36efa1,659aecbafa3e9d37,200,175,87.500000,289.731429,268.366922,0.900000,4.300000,371.476008,2.737434,361.788803,4.742857,2.427711,0.000000,0.280763,0.618321,0.194175,0.099783,200,1000,1000,32.000000,0,0,16,16,43,43,6,0,324.000000,830,0,0,24,157,0,24,19,16,3,0,19,3,3,2,1,0,0,0,0,5,20,5,25,6,19,0,0,0
787,13000316,50,0,398.231354819153,425.000000000000,29.000000000000,1.616612860934,a1b1140884071273,8d15af1f9d36efa1,3b1e74ffec693fb,200,185,92.500000,244.800000,239.286704,1.000000,3.700000,284.141491,2.924762,274.177313,3.621622,2.910448,0.000000,0.341847,0.635036,0.229885,0.147583,200,1072,1072,32.000000,0,0,16,16,51,51,14,0,348.000000,670,0,0,33,167,0,33,18,11,7,0,18,7,7,7,0,0,0,0,0,15,0,15,15,15,0,0,0,0
788,13000317,50,0,62.312426505363,325.000000000000,32.000000000000,2.927250699413,381b3e1b20fadfbb,8d15af1f9d36efa1,3ae1901e5f9e4a2d,200,180,90.000000,454.327778,330.105706,1.000000,7.200000,573.041881,2.190794,577.982668,7.083333,2.118431,0.000000,0.230537,0.656357,0.135593,0.105263,200,928,928,32.000000,0,0,16,16,72,72,6,24,382.000000,1275,0,0,40,160,0,40,20,17,3,0,20,3,3,3,0,0,0,0,0,20,0,20,20,20,0,0,0,0
789,13000318,50,0,85.355452274649,175.000000000000,39.000000000000,2.105746718781,1823b948c5d3e620,8d15af1f9d36efa1,c601cad4adef6fd2,200,180,90.000000,280.655556,275.059102,0.900000,3.900000,348.007232,2.981481,332.797766,4.333333,2.769231,0.000000,0.288321,0.612403,0.204082,0.097222,200,1048,1048,32.000000,0,0,16,16,39,39,6,2,316.000000,780,0,0,19,162,0,19,19,16,3,0,19,3,3,2,1,0,0,0,0,0,20,0,20,1,19,0,0,0
790,13000319,50,0,130.934742779367,325.000000000000,41.000000000000,1.658866561239,d7b2c5610a48ea04,8d15af1f9d36efa1,a340ce8fadec15a3,200,170,85.000000,266.900000,277.294063,0.900000,3.500000,314.047998,2.720370,331.231714,4.088235,2.656115,0.000000,0.321951,0.622642,0.223464,0.123581,200,952,952,32.000000,0,0,16,16,48,48,2,0,330.000000,695,0,0,29,152,0,29,19,18,1,0,19,1,1,0,1,0,0,0,0,10,20,10,30,11,19,0,0,0
791,13000320,50,0,87.127669339080,325.000000000000,33.000000000000,2.526903979478,1db8972ed96f739d,8d15af1f9d36efa1,fdfb17b6372355f,200,195,97.500000,332.200000,287.953938,1.000000,5.300000,435.815593,2.160000,419.580668,5.384615,2.047619,0.000000,0.242424,0.626866,0.160000,0.090121,200,864,864,32.000000,0,0,16,16,47,47,10,4,336.000000,1050,0,0,25,175,0,25,20,15,5,0,20,5,5,5,0,0,0,0,0,5,0,5,5,5,0,0,0,0
792,13000321,50,0,259.827992123118,75.000000000000,24.000000000000,1.901867158933,cca2b0caab5e2faf,8d15af1f9d36efa1,f779303b5a857b45,200,131,65.500000,314.320611,303.680818,1.000000,5.100000,394.984169,2.924762,407.227200,5.396947,2.741160,0.000000,0.372114,0.676898,0.220507,0.210056,200,1096,1096,31.000000,0,0,16,15,93,93,2,0,419.000000,707,0,0,81,119,0,81,12,11,1,0,12,1,1,1,0,0,0,0,0,69,0,69,69,69,0,0,0,0
793,13000322,50,0,65.198071988021,175.000000000000,41.000000000000,1.854091034694,50ed525740921c65,8d15af1f9d36efa1,9ab06b00c5855126,200,103,51.500000,261.718447,272.460039,0.700000,2.500000,293.864070,2.944048,295.145101,3.786408,2.500000,0.000000,0.505076,0.665552,0.338983,0.298561,200,1088,1088,32.000000,0,0,16,16,75,75,16,0,398.000000,390,0,0,60,91,0,60,15,7,8,0,15,8,8,5,3,0,0,0,0,45,60,37,97,48,49,0,0,0
794,13000323,50,0,194.145592938103,325.000000000000,27.000000000000,2.216329851026,dfc070a90f98c1ac,8d15af1f9d36efa1,654710ad844320a0,200,200,100.000000,377.980000,299.226345,1.000000,5.700000,447.844465,2.526190,467.913691,5.805000,2.665805,0.000000,0.218182,0.618321,0.146951,0.073424,200,1016,1016,32.000000,0,0,16,16,42,42,8,4,324.000000,1161,0,0,20,180,0,20,20,16,4,0,20,4,4,4,0,0,0,0,0,0,0,0,0,0,0,0,0,0
795,13000324,50,0,321.338069389356,425.000000000000,25.000000000000,1.781166933479,603dfa73b5cf200f,8d15af1f9d36efa1,e6cdb7776240e40a,200,158,79.000000,296.753165,259.287840,1.000000,5.100000,389.523557,2.033889,377.692328,5.215190,1.628641,0.000000,0.312761,0.652174,0.195312,0.148760,200,1000,1000,31.000000,0,0,16,15,70,70,4,0,375.000000,824,0,0,56,144,0,56,14,12,2,0,14,2,2,2,0,0,0,0,0,42,0,42,42,42,0,0,0,0
796,13000325,50,0,435.296865651524,325.000000000000,41.000000000000,2.383895803498,c4544a89cadd500e,8d15af1f9d36efa1,f24a8a4ff4e53e96,200,91,45.500000,197.483516,257.543543,0.500000,1.400000,231.999001,3.100000,225.427059,2.780220,3.138340,0.000000,0.560000,0.616858,0.441501,0.262391,200,1176,1176,32.000000,0,0,16,16,39,39,12,0,322.000000,253,0,0,25,82,0,25,14,8,6,0,14,6,6,1,5,0,0,0,0,11,100,9,109,16,93,0,0,0
797,13000326,50,0,8.628743575367,425.000000000000,34.000000000000,1.697820990784,28f370af649f7273,8d15af1f9d36efa1,3e70c655047ce2ba,200,86,43.000000,306.953488,240.648349,1.000000,4.400000,336.091780,2.183333,324.715725,4.186047,2.511111,0.000000,0.590909,0.722222,0.357143,0.444444,200,912,912,32.000000,0,0,16,16,138,138,12,0,520.000000,360,0,0,126,74,0,126,12,6,6,0,12,6,6,6,0,0,0,0,0,114,0,114,114,114,0,0,0,0
798,13000327,50,0,177.173832287036,325.000000000000,30.000000000000,2.151756771267,b30200a8088f49db,8d15af1f9d36efa1,44961ac46d6de016,200,199,99.500000,233.090452,195.907428,1.000000,3.400000,270.356596,2.858333,267.606840,3.437186,3.150585,0.000000,0.316000,0.612403,0.226244,0.109375,200,1184,1184,32.000000,0,0,16,16,41,41,2,0,316.000000,684,0,0,21,179,0,21,20,19,1,0,20,1,1,1,0,0,0,0,0,1,0,1,1,1,0,0,0,0
799,13000328,50,0,184.162103975175,425.000000000000,21.000000000000,2.341648947481,98c3486076104979,8d15af1f9d36efa1,629d5ea91b5fc95a,200,125,62.500000,177.072000,276.012502,0.800000,3.000000,284.487649,2.362500,198.845820,2.560000,2.609375,0.000000,0.538905,0.651568,0.384615,0.307359,200,968,968,32.000000,0,0,16,16,66,66,10,2,374.000000,320,0,0,50,112,0,50,15,10,5,0,15,5,5,3,2,0,0,0,0,35,40,35,75,37,38,0,0,0
800,13000329,50,0,221.691168623904,175.000000000000,28.000000000000,1.592490997889,632dbf118de318fd,8d15af1f9d36efa1,ea3489580853a25b,200,190,95.000000,258.705263,215.934873,1.000000,4.000000,309.572241,2.644167,311.180852,3.931579,2.602410,0.000000,0.308973,0.625468,0.211193,0.120141,200,1016,1016,32.000000,0,0,16,16,50,50,2,0,334.000000,747,0,0,30,170,0,30,20,19,1,0,20,1,1,1,0,0,0,0,0,10,0,10,10,10,0,0,0,0
801,13000330,50,0,88.796113145229,75.000000000000,35.000000000000,2.246237712817,4c635eb47d5f5b47,8d15af1f9d36efa1,e7286ab9664075be,200,115,57.500000,235.252174,240.229144,0.800000,2.800000,265.231640,2.820833,277.147234,3.556522,2.772616,0.000000,0.506634,0.677419,0.328407,0.314908,200,1048,1048,32.000000,0,0,16,16,91,91,6,0,420.000000,409,0,0,78,103,0,78,13,10,3,0,13,3,3,2,1,0,0,0,0,65,40,45,85,66,19,0,0,0
802,13000331,50,0,73.525619785807,75.000000000000,32.000000000000,2.055791984466,772495033e50805f,8d15af1f9d36efa1,f7e0106d4b293bb2,200,146,73.000000,221.410959,245.253807,1.000000,4.100000,309.025351,3.021667,252.544830,3.376712,2.855984,0.000000,0.452830,0.671053,0.288600,0.263079,200,992,992,32.000000,0,0,16,16,85,85,6,2,408.000000,493,0,0,69,131,0,69,15,12,3,0,15,3,3,3,0,0,0,0,0,54,0,54,54,54,0,0,0,0
803,13000332,50,0,152.159462987530,175.000000000000,36.000000000000,2.172799156811,dd72a6726525324e,8d15af1f9d36efa1,fb9d37d52b5d310b,200,144,72.000000,227.187500,259.974500,0.800000,2.900000,276.319350,3.014583,282.527281,3.750000,2.585185,0.000000,0.379310,0.622642,0.270270,0.153605,200,1064,1064,32.000000,0,0,16,16,47,47,4,0,330.000000,540,0,0,32,130,1,31,15,13,2,0,15,2,2,0,2,0,0,0,0,16,40,16,56,18,38,0,0,0
804,13000333,50,0,218.931220816226,325.000000000000,31.000000000000,1.643022129956,56da2193c5cea941,8d15af1f9d36efa1,9b08b900c5d04b86,200,146,73.000000,292.705479,284.184025,0.800000,4.200000,403.094150,2.776637,364.345870,5.034247,2.533333,0.000000,0.309211,0.621928,0.213904,0.117647,200,1032,1032,31.000000,0,0,16,15,46,46,6,0,329.000000,735,0,0,30,132,0,30,16,13,3,0,16,3,3,1,2,0,0,0,0,14,40,14,54,16,38,0,0,0
805,13000334,50,0,87.092379291957,425.000000000000,20.000000000000,2.909762580935,242a0518cfd7b739,8d15af1f9d36efa1,769cf0b45265b977,200,169,84.500000,388.573964,271.257841,1.000000,5.900000,433.738212,2.544444,479.199345,6.384615,2.443930,0.000000,0.267481,0.663300,0.156372,0.130540,200,1072,1072,32.000000,0,0,16,16,65,65,32,0,394.000000,1079,0,0,48,152,0,48,17,1,16,0,17,16,16,16,0,0,0,0,0,31,0,31,31,31,0,0,0,0
806,13000335,50,0,170.569311722765,75.000000000000,13.000000000000,2.579032868440,fae7f2b5fa3e24c5,8d15af1f9d36efa1,5d9723579bd2c8ad,200,68,34.000000,200.897059,242.608673,0.600000,1.900000,245.836158,2.342593,182.470498,2.397059,1.926380,0.000000,0.746501,0.705882,0.550964,0.603406,200,1008,1008,32.000000,0,0,16,16,114,114,20,0,480.000000,163,0,0,103,61,0,103,11,1,10,0,11,10,10,6,4,0,0,0,0,92,80,52,132,96,36,0,0,0
807,13000336,50,0,74.906689370873,75.000000000000,28.000000000000,2.883192344050,eba7709f7d260ea9,8d15af1f9d36efa1,d283cb3c5cd7d86,200,143,71.500000,265.167832,239.777332,1.000000,4.400000,319.737155,2.517500,322.151330,4.566434,2.441041,0.000000,0.388004,0.674267,0.234467,0.217964,200,1032,1032,32.000000,0,0,16,16,87,87,8,0,414.000000,653,0,0,72,128,0,72,15,11,4,0,15,4,4,4,0,0,0,0,0,57,0,57,57,57,0,0,0,0
808,13000337,50,0,314.514955273872,425.000000000000,28.000000000000,2.230633253273,a7beb116f0321c77,8d15af1f9d36efa1,b5ad4f3a09d927bc,200,111,55.500000,241.603604,274.970550,0.700000,2.700000,268.552996,3.392857,265.802460,3.801802,2.881517,0.000000,0.458974,0.641577,0.321543,0.229927,200,1064,1064,32.000000,0,0,16,16,58,58,10,8,358.000000,422,0,0,42,101,1,41,12,7,5,0,12,5,5,2,3,0,0,0,0,29,60,29,89,32,57,0,0,0
809,13000338,50,0,397.551701381359,325.000000000000,35.000000000000,2.738412251001,dc4b60f51ce8ad69,8d15af1f9d36efa1,8f73d15600b6f105,200,176,88.000000,205.732955,198.839791,1.000000,3.000000,227.191118,2.746667,226.792247,3.011364,2.843396,0.000000,0.403153,0.641577,0.273973,0.192073,200,1120,1120,32.000000,0,0,16,16,61,61,4,2,358.000000,530,0,0,42,158,0,42,18,16,2,0,18,2,2,2,0,0,0,0,0,24,0,24,24,24,0,0,0,0
810,13000339,50,0,143.980206707457,325.000000000000,35.000000000000,2.360233747293,56b838e94bff90d,8d15af1f9d36efa1,77b0f68f952d7854,200,150,75.000000,231.833333,195.984689,0.800000,2.800000,277.864208,3.050000,281.444756,3.586667,2.672862,0.000000,0.380184,0.622642,0.271003,0.154088,200,1144,1144,32.000000,0,0,16,16,47,47,4,2,330.000000,538,0,0,28,134,0,28,18,16,2,0,18,2,2,0,2,0,0,0,0,10,40,10,50,12,38,0,0,0
811,13000340,50,0,93.985527592520,325.000000000000,27.000000000000,2.984434385324,21d8236dc8a8cdc9,8d15af1f9d36efa1,49fe00ee0d550f81,200,101,50.500000,335.059406,275.839484,0.600000,3.200000,404.232752,2.491071,412.627967,5.455446,2.453721,0.000000,0.399782,0.647266,0.266312,0.197962,200,1152,1152,31.000000,0,0,16,15,60,60,16,0,367.000000,551,0,0,44,89,0,44,16,8,8,0,16,8,8,4,4,0,0,0,0,28,80,19,99,32,67,0,0,0
812,13000341,50,0,135.846802551669,325.000000000000,23.000000000000,2.872146328658,5940e5d5c0ebc239,8d15af1f9d36efa1,a0ca733d4df5a998,200,53,26.500000,292.452830,347.743039,0.300000,1.000000,236.184116,2.166667,258.691449,3.641509,1.756477,0.000000,0.629559,0.621212,0.508906,0.332180,200,936,936,32.000000,0,0,16,16,39,39,18,4,328.000000,193,0,0,25,48,0,25,12,3,9,0,12,9,9,2,7,0,0,0,0,13,140,7,147,20,127,0,0,0
813,13000342,50,0,382.864051329250,75.000000000000,28.000000000000,2.319478452305,90612730cd969e6e,8d15af1f9d36efa1,e5cb894f5cd356fb,200,183,91.500000,250.076503,240.343787,1.000000,4.100000,307.058334,2.465476,292.966938,4.103825,2.150466,0.000000,0.319130,0.637681,0.210305,0.137773,200,944,944,32.000000,0,0,16,16,53,53,14,0,352.000000,751,0,0,35,165,0,35,18,11,7,0,18,7,7,7,0,0,0,0,0,17,0,17,17,17,0,0,0,0
814,13000343,50,0,433.610011765821,175.000000000000,38.000000000000,2.494538104203,42731f9642806c33,8d15af1f9d36efa1,58a10391392c0de5,200,189,94.500000,273.899471,296.890106,1.000000,4.500000,354.784577,2.386667,339.366479,4.391534,2.497590,0.000000,0.289384,0.628253,0.194175,0.113248,200,1000,1000,32.000000,0,0,16,16,52,52,2,2,338.000000,830,0,0,31,169,0,31,20,19,1,0,20,1,1,1,0,0,0,0,0,11,0,11,11,11,0,0,0,0
815,13000344,50,0,256.855132819316,175.000000000000,30.000000000000,1.542284546090,1203c5ef5e7d1333,8d15af1f9d36efa1,9aad0d00c5827b95,200,80,40.000000,159.812500,222.132208,0.400000,0.900000,165.681339,3.187500,173.519952,2.250000,3.000000,0.000000,0.625000,0.600000,0.526316,0.274194,200,1080,1080,32.000000,0,0,16,16,28,28,12,0,300.000000,180,0,0,14,72,0,14,14,8,6,0,14,6,6,0,6,0,0,0,0,0,120,0,120,6,114,0,0,0
816,13000345,50,0,407.860285746872,75.000000000000,39.000000000000,2.228154660670,609e40bf1154cd4c,8d15af1f9d36efa1,d304f67c15fb8506,200,157,78.500000,237.063694,252.859371,1.000000,4.000000,304.097317,2.870833,259.774739,3.503185,2.725455,0.000000,0.417373,0.663300,0.266667,0.227528,200,1136,1136,32.000000,0,0,16,16,76,76,10,2,394.000000,550,0,0,59,141,0,59,16,11,5,0,16,5,5,5,0,0,0,0,0,43,0,43,43,43,0,0,0,0
817,13000346,50,0,261.150935352980,325.000000000000,23.000000000000,2.010806623789,b9bb6b378ea9bfca,8d15af1f9d36efa1,56a0604f9ccc0d39,200,118,59.000000,187.847458,245.737422,0.700000,2.200000,226.680209,3.333333,221.810152,3.228814,2.501312,0.000000,0.470097,0.628253,0.344234,0.217659,200,1120,1120,32.000000,0,0,16,16,50,50,6,0,338.000000,381,0,0,36,107,0,36,14,11,3,0,14,3,3,0,3,0,0,0,0,22,60,22,82,25,57,0,0,0
818,13000347,50,0,488.822209689533,75.000000000000,23.000000000000,2.417968145681,ae9b08a7fd16528d,8d15af1f9d36efa1,d95704b015a6847,200,48,24.000000,282.062500,282.095704,0.700000,2.700000,282.358678,2.989286,284.459161,3.916667,2.962766,0.000000,0.728324,0.715909,0.515464,0.591304,200,912,912,32.000000,0,0,16,16,128,128,16,0,504.000000,188,0,0,120,43,0,120,8,0,8,0,8,8,8,5,3,0,0,0,0,112,60,92,152,115,37,0,0,0
819,13000348,50,0,455.942621456371,425.000000000000,35.000000000000,2.223317044779,a8dbee6fc031adfa,8d15af1f9d36efa1,9c27dbdfe0a221e9,200,91,45.500000,250.109890,258.999137,0.600000,2.600000,309.490200,2.415476,291.929833,4.142857,2.392573,0.000000,0.499336,0.652778,0.346620,0.276392,200,1048,1048,32.000000,0,0,16,16,65,65,14,0,376.000000,377,0,0,52,82,0,52,13,6,7,0,13,7,7,3,4,0,0,0,0,39,80,29,109,43,66,0,0,0
820,13000349,50,0,112.216631977244,325.000000000000,42.000000000000,1.606606798568,bc692bfd00d8c528,8d15af1f9d36efa1,e923684fef929213,200,59,29.500000,273.305085,347.793808,0.300000,1.200000,306.236154,2.388889,302.945578,4.033898,2.668067,0.000000,0.562500,0.604743,0.456621,0.237179,200,952,952,32.000000,0,0,16,16,28,28,18,2,306.000000,238,0,0,14,53,0,14,13,4,9,0,13,9,9,2,7,0,0,0,0,1,140,1,141,8,133,0,0,0
821,13000350,50,0,265.843641912734,175.000000000000,26.000000000000,1.899230744800,6ba9680106eb1ed6,8d15af1f9d36efa1,db79a5fe3fcb55bc,200,200,100.000000,313.240000,270.350669,1.000000,5.500000,388.142211,2.259167,373.638440,5.500000,2.181818,0.000000,0.230769,0.622642,0.153846,0.081803,200,1000,1000,32.000000,0,0,16,16,42,42,14,4,330.000000,1100,0,0,20,180,0,20,20,13,7,0,20,7,7,7,0,0,0,0,0,0,0,0,0,0,0,0,0,0
822,13000351,50,0,404.670637414060,425.000000000000,36.000000000000,2.081348818038,722afa9b0f59e35b,8d15af1f9d36efa1,9c52b18b4755035c,200,57,28.500000,164.035088,237.253839,0.400000,0.700000,137.692248,4.062500,157.227739,2.052632,3.649573,0.000000,0.759754,0.649123,0.630915,0.541176,200,1160,1160,32.000000,0,0,16,16,61,61,16,0,370.000000,117,0,0,49,51,0,49,12,4,8,0,12,8,8,2,6,0,0,0,0,37,120,23,143,43,100,0,0,0
823,13000352,50,0,89.931655756520,75.000000000000,35.000000000000,2.098000125197,2114ccba2bd145ea,8d15af1f9d36efa1,86e48eeddd15b335,200,124,62.000000,270.088710,252.091918,0.900000,3.500000,297.807092,2.457407,306.534562,4.161290,2.036822,0.000000,0.460251,0.687500,0.279330,0.287293,200,992,992,32.000000,0,0,16,16,98,98,12,12,440.000000,516,0,0,78,111,0,78,14,8,6,0,14,6,6,5,1,0,0,0,0,64,20,56,76,65,11,0,0,0
824,13000353,50,0,441.620054751874,425.000000000000,23.000000000000,2.692565149120,2e3eb347355f0c4f,8d15af1f9d36efa1,cc8aa7485cd29418,200,114,57.000000,217.535088,236.075982,0.600000,2.000000,272.898972,3.111111,258.336250,3.245614,3.502703,0.000000,0.498645,0.647887,0.350877,0.268775,200,1096,1096,32.000000,0,0,16,16,65,65,6,0,368.000000,370,0,0,50,102,0,50,15,12,3,0,15,3,3,0,3,0,0,0,0,35,80,6,86,38,48,0,0,0
825,13000354,50,0,139.680090689155,425.000000000000,23.000000000000,2.023377452360,fb9dda0b298226df,8d15af1f9d36efa1,14e2e2500879b36a,200,132,66.000000,144.977273,151.159196,0.800000,1.200000,106.111355,2.812500,133.127281,1.742424,3.065217,0.000000,0.611486,0.644128,0.465116,0.361111,200,968,968,32.000000,0,0,16,16,58,58,14,0,362.000000,230,0,0,43,119,0,43,15,8,7,0,15,7,7,5,2,0,0,0,0,28,40,28,68,30,38,0,0,0
826,13000355,50,0,37.145055720615,75.000000000000,35.000000000000,2.538165875579,b547948b85e54ffc,8d15af1f9d36efa1,b629654fd2fb21fb,200,167,83.500000,341.622754,264.017300,1.000000,5.100000,386.542164,2.460595,411.441564,5.544910,2.308855,0.000000,0.293130,0.657534,0.177620,0.141002,200,936,936,32.000000,0,0,16,16,67,67,18,0,384.000000,926,0,0,50,150,0,50,17,8,9,0,17,9,9,9,0,0,0,0,0,33,0,33,33,33,0,0,0,0
827,13000356,50,0,364.021253307099,75.000000000000,25.000000000000,1.976589370248,63df72be1135ff38,8d15af1f9d36efa1,551f99555aef0d1d,200,158,79.000000,339.911392,297.856030,1.000000,4.900000,377.067454,2.446667,437.497809,5.696203,2.362222,0.000000,0.300156,0.658703,0.181818,0.146110,200,1056,1056,32.000000,0,0,16,16,72,72,10,0,386.000000,900,0,0,57,143,0,57,15,10,5,0,15,5,5,5,0,0,0,0,0,42,0,42,42,42,0,0,0,0
828,13000357,50,0,43.053329534073,175.000000000000,43.000000000000,1.759268201920,b8e68bb877ff73ef,8d15af1f9d36efa1,26a6225012a93635,200,37,18.500000,153.189189,230.817072,0.200000,0.300000,104.884937,3.250000,117.658678,1.648649,3.573770,0.000000,0.855792,0.644128,0.766284,0.680628,200,1040,1040,32.000000,0,0,16,16,54,54,22,0,362.000000,61,0,0,42,33,0,42,12,1,11,0,12,11,11,3,8,0,0,0,0,30,160,3,163,38,125,0,0,0
829,13000358,50,0,46.497388961147,75.000000000000,36.000000000000,1.503217430067,67f1860a355133df,8d15af1f9d36efa1,3142da25ea377a98,200,100,50.000000,364.570000,274.488578,0.800000,4.000000,402.280870,2.553274,409.984663,5.180000,2.135135,0.000000,0.489152,0.712644,0.278552,0.337596,200,1072,1072,32.000000,0,0,16,16,123,123,18,0,496.000000,518,0,0,112,88,0,111,12,3,9,0,12,9,9,9,0,0,0,0,0,100,40,60,100,100,0,0,0,0
830,13000359,50,0,140.704519602337,425.000000000000,22.000000000000,1.959605728572,28b8ccb6f65ffaa4,8d15af1f9d36efa1,130800efe11992b4,200,168,84.000000,290.130952,282.035483,0.900000,3.800000,331.722681,2.459788,334.410721,4.380952,2.330163,0.000000,0.323529,0.637681,0.213675,0.140187,200,1176,1176,32.000000,0,0,16,16,54,54,12,10,352.000000,736,0,0,31,151,0,31,18,12,6,0,18,6,6,5,1,0,0,0,0,13,20,12,32,14,18,0,0,0
831,13000360,50,0,407.984247412596,175.000000000000,42.000000000000,1.626931765379,34722f8c6b0501b5,8d15af1f9d36efa1,6a381f66fedaf0f6,200,152,76.000000,284.230263,290.099096,0.800000,3.600000,359.619125,2.983532,350.533157,4.513158,2.919825,0.000000,0.327451,0.625468,0.225734,0.129442,200,1024,1024,32.000000,0,0,16,16,45,45,12,0,334.000000,686,0,0,27,136,0,27,18,12,6,0,18,6,6,4,2,0,0,0,0,9,40,8,48,11,37,0,0,0
832,13000361,50,0,265.769110434532,75.000000000000,22.000000000000,1.966014351902,4ba457b7b2fcf81c,8d15af1f9d36efa1,2b28504f8421a2a3,200,154,77.000000,231.896104,215.902737,1.000000,4.000000,298.128011,2.492619,269.714123,3.811688,2.362862,0.000000,0.404061,0.665552,0.254130,0.220452,200,1024,1024,32.000000,0,0,16,16,78,78,10,0,398.000000,587,0,0,62,138,0,62,16,11,5,0,16,5,5,5,0,0,0,0,0,46,0,46,46,46,0,0,0,0
833,13000362,50,0,121.234465878175,75.000000000000,16.000000000000,2.751757955106,400e18e156577197,8d15af1f9d36efa1,e1656efa84a77be1,200,129,64.500000,391.666667,339.492307,1.000000,5.700000,453.922828,2.552381,493.042812,6.581395,2.169611,0.000000,0.345412,0.691358,0.190658,0.202817,200,1064,1064,32.000000,0,0,16,16,104,104,8,18,448.000000,849,0,0,83,117,0,83,12,8,4,0,12,4,4,4,0,0,0,0,0,71,0,71,71,71,0,0,0,0
834,13000363,50,0,30.247349053052,425.000000000000,31.000000000000,2.421423455962,281ca64f91911e8e,8d15af1f9d36efa1,f7471d4f66c5b2df,200,149,74.500000,273.637584,268.148492,0.900000,3.300000,294.099875,2.900000,297.004560,3.906040,2.848797,0.000000,0.404908,0.664430,0.255754,0.219839,200,1056,1056,32.000000,0,0,16,16,70,70,24,0,396.000000,582,0,0,53,133,0,53,17,5,12,0,17,12,12,11,1,0,0,0,0,36,20,31,51,37,14,0,0,0
835,13000364,50,0,70.019159218246,175.000000000000,32.000000000000,2.837047161706,af56612f9a01aa7,8d15af1f9d36efa1,da762e27f37ad40d,200,178,89.000000,241.286517,229.033733,0.900000,3.300000,289.427589,3.435450,276.285530,3.730337,2.853916,0.000000,0.325203,0.615385,0.231481,0.117021,200,1184,1184,32.000000,0,0,16,16,42,42,4,4,320.000000,664,0,0,21,160,0,21,19,17,2,0,19,2,2,1,1,0,0,0,0,2,20,2,22,3,19,0,0,0
836,13000365,50,0,58.061269799368,175.000000000000,38.000000000000,2.337795404570,cc9de30164778c98,8d15af1f9d36efa1,17dd7ea01ee6fe9f,200,189,94.500000,226.111111,220.937102,1.000000,3.200000,260.042219,3.153333,253.326162,3.105820,2.884157,0.000000,0.369495,0.632353,0.254130,0.160229,200,1160,1160,32.000000,0,0,16,16,52,52,8,2,344.000000,587,0,0,31,169,0,31,20,16,4,0,20,4,4,4,0,0,0,0,0,11,0,11,11,11,0,0,0,0
837,13000366,50,0,125.614643996239,425.000000000000,21.000000000000,2.887102903351,bf3602f5d31dd21a,8d15af1f9d36efa1,2609aa50122427ab,200,135,67.500000,232.814815,229.431809,1.000000,3.400000,271.754455,3.493333,263.489880,3.407407,3.304348,0.000000,0.481982,0.681529,0.303030,0.298780,200,1136,1136,32.000000,0,0,16,16,95,95,6,0,428.000000,460,0,0,80,120,0,80,15,12,3,0,15,3,3,3,0,0,0,0,0,65,0,65,65,65,0,0,0,0
838,13000367,50,0,365.709770826089,425.000000000000,21.000000000000,2.926231514753,7c8cf763f450ba11,8d15af1f9d36efa1,9a732600c5512dc9,200,169,84.500000,381.952663,229.245191,1.000000,5.200000,421.059205,2.347698,469.135637,5.846154,2.329960,0.000000,0.280932,0.658703,0.168350,0.134851,200,1128,1128,32.000000,0,0,16,16,66,66,22,2,386.000000,988,0,0,48,152,0,48,17,6,11,0,17,11,11,11,0,0,0,0,0,31,0,31,31,31,0,0,0,0
839,13000368,50,0,289.254533512372,325.000000000000,34.000000000000,1.928056278817,9afac3497ea7d57e,8d15af1f9d36efa1,6457d543b47cdabe,200,97,48.500000,182.989691,258.924372,0.500000,1.300000,205.383185,2.500000,198.500086,2.525773,2.408163,0.000000,0.560144,0.609375,0.449438,0.246154,200,992,992,32.000000,0,0,16,16,34,34,12,2,312.000000,245,0,0,18,87,0,18,15,9,6,0,15,6,6,1,5,0,0,0,0,3,100,3,103,8,95,0,0,0
840,13000369,50,0,12.780394822207,425.000000000000,30.000000000000,2.927023470686,d39bb52d529aa52b,8d15af1f9d36efa1,2715e23e682d210b,200,156,78.000000,290.339744,276.829105,0.900000,4.000000,358.473247,2.457672,347.502397,4.538462,2.350282,0.000000,0.339552,0.645390,0.220264,0.157143,200,912,912,32.000000,0,0,16,16,58,58,16,0,364.000000,708,0,0,41,140,0,41,17,9,8,0,17,8,8,7,1,0,0,0,0,24,20,24,44,25,19,0,0,0
841,13000370,50,0,372.104754790205,425.000000000000,26.000000000000,1.765526925900,e1a1c87111bec175,8d15af1f9d36efa1,9ab3db00c588454d,200,156,78.000000,418.865385,273.531566,1.000000,6.600000,524.576466,3.057436,525.871567,6.717949,2.360687,0.000000,0.282192,0.673203,0.160256,0.146580,200,1120,1120,32.000000,0,0,16,16,78,78,24,0,412.000000,1048,0,0,61,139,0,61,17,5,12,0,17,12,12,12,0,0,0,0,0,44,0,44,44,44,0,0,0,0
842,13000371,50,0,432.951004866368,425.000000000000,38.000000000000,2.374348500830,ff39f3cf9cb63e84,8d15af1f9d36efa1,1991404f7a17ac53,200,104,52.000000,163.836538,250.067761,0.600000,1.600000,200.495993,2.777778,179.650822,2.432692,2.541502,0.000000,0.567521,0.624060,0.441501,0.283286,200,1000,1000,32.000000,0,0,16,16,46,46,8,0,332.000000,253,0,0,32,94,0,32,14,10,4,0,14,4,4,0,4,0,0,0,0,18,80,16,96,22,74,0,0,0
843,13000372,50,0,364.953898322166,425.000000000000,38.000000000000,1.591817182348,b545ab252fac0284,8d15af1f9d36efa1,e28a31e9129287f9,200,200,100.000000,273.800000,202.655317,1.000000,3.700000,292.426089,2.407460,336.078106,4.610000,2.113883,0.000000,0.257649,0.615385,0.178253,0.087129,200,1272,1272,32.000000,0,0,16,16,40,40,8,0,320.000000,922,0,0,20,180,0,20,20,16,4,0,20,4,4,4,0,0,0,0,0,0,0,0,0,0,0,0,0,0
844,13000373,50,0,458.641227922708,425.000000000000,31.000000000000,2.576443441498,e664a1f7dcb14f1c,8d15af1f9d36efa1,b60a9c4fd2e0cee1,200,130,65.000000,218.892308,212.700608,0.900000,2.900000,251.727177,3.683333,257.068182,3.192308,3.985542,0.000000,0.496970,0.672131,0.325203,0.300169,200,1232,1232,32.000000,0,0,16,16,87,87,4,0,410.000000,415,0,0,71,115,0,71,16,14,2,0,16,2,2,1,1,0,0,0,0,55,20,50,70,56,14,0,0,0
845,13000374,50,0,391.627788871041,75.000000000000,23.000000000000,2.096316790445,58919b9dee9c02d1,8d15af1f9d36efa1,9aa9c200c57fc64d,200,149,74.500000,403.000000,276.650106,1.000000,5.100000,406.491546,2.270833,485.735514,6.281879,1.943376,0.000000,0.311765,0.679487,0.176056,0.170213,200,912,912,32.000000,0,0,16,16,86,86,20,2,424.000000,936,0,0,68,132,0,68,17,7,10,0,17,10,10,10,0,0,0,0,0,51,0,51,51,51,0,0,0,0
846,13000375,50,0,94.136790738702,425.000000000000,26.000000000000,2.422140974030,dc4b51b08d02e8a5,8d15af1f9d36efa1,72db2e4ef86602d9,200,139,69.500000,386.179856,291.069072,1.000000,5.300000,408.784751,2.416667,449.746269,5.863309,2.682209,0.000000,0.351631,0.688474,0.197044,0.204878,200,1032,1032,32.000000,0,0,16,16,93,93,24,4,442.000000,815,0,0,76,124,0,76,15,3,12,0,15,12,12,12,0,0,0,0,0,61,0,61,61,61,0,0,0,0
847,13000376,50,0,139.534875473559,325.000000000000,33.000000000000,2.020449136525,73f6e4c5d5daca99,8d15af1f9d36efa1,2f3181ace317e6d1,200,195,97.500000,252.102564,241.447106,1.000000,4.000000,317.108441,2.366905,306.222553,3.938462,2.388021,0.000000,0.296703,0.618321,0.206612,0.106977,200,960,960,32.000000,0,0,16,16,45,45,2,0,324.000000,768,0,0,25,175,0,25,20,19,1,0,20,1,1,1,0,0,0,0,0,5,0,5,5,5,0,0,0,0
848,13000377,50,0,478.143643871750,425.000000000000,30.000000000000,2.492516966935,5467d73fab8b4ab8,8d15af1f9d36efa1,67af954fa662a8d0,200,132,66.000000,319.045455,284.921562,0.900000,4.500000,386.345169,2.667857,374.478725,4.863636,2.428349,0.000000,0.398313,0.680000,0.237530,0.232057,200,1056,1056,31.000000,0,0,16,15,86,86,22,4,425.000000,642,0,0,70,119,0,70,14,3,11,0,14,11,11,10,1,0,0,0,0,56,20,48,68,57,11,0,0,0
849,13000378,50,0,375.529135385001,325.000000000000,43.000000000000,1.503186727924,a16d0ff106d16533,8d15af1f9d36efa1,22c629b5217e9125,200,119,59.500000,296.512605,288.704966,0.600000,2.800000,369.667887,2.416667,366.690176,4.655462,2.292419,0.000000,0.363218,0.612403,0.265252,0.131661,200,1000,1000,32.000000,0,0,16,16,35,35,14,0,316.000000,554,0,0,19,107,0,19,16,9,7,0,16,7,7,3,4,0,0,0,0,3,80,1,81,7,74,0,0,0
850,13000379,50,0,491.180671429714,175.000000000000,38.000000000000,1.769278756043,b2410155d3bc8654,8d15af1f9d36efa1,958eb69271938a74,200,57,28.500000,197.087719,296.940719,0.300000,0.900000,222.306725,2.222222,207.798582,3.000000,2.467836,0.000000,0.654545,0.618321,0.539084,0.349810,200,1104,1104,32.000000,0,0,16,16,36,36,20,0,324.000000,171,0,0,23,51,0,23,13,3,10,0,13,10,10,3,7,0,0,0,0,10,140,3,143,17,126,0,0,0
851,13000380,50,0,39.880626261839,175.000000000000,38.000000000000,2.186060946705,f2a9a5e6c8ceea32,8d15af1f9d36efa1,440447e5c4da980e,200,119,59.500000,298.403361,264.758774,0.700000,4.000000,430.500584,2.248810,379.732962,5.168067,2.193496,0.000000,0.374364,0.647887,0.245399,0.181092,200,864,864,32.000000,0,0,16,16,64,64,8,0,368.000000,615,0,0,49,107,0,49,15,11,4,0,15,4,4,1,3,0,0,0,0,34,60,21,81,37,44,0,0,0
852,13000381,50,0,53.163595203629,325.000000000000,42.000000000000,1.668100552274,47400bd2f5d3f565,8d15af1f9d36efa1,f43407f1b1b6c5bf,200,137,68.500000,282.824818,261.989378,0.800000,3.500000,344.515244,3.553571,346.731026,4.605839,2.957211,0.000000,0.375865,0.655172,0.240674,0.189987,200,1128,1128,32.000000,0,0,16,16,68,68,12,0,380.000000,631,0,0,52,123,0,52,16,10,6,0,16,6,6,4,2,0,0,0,0,36,40,23,63,38,25,0,0,0
853,13000382,50,0,496.281777458856,425.000000000000,31.000000000000,2.092291021505,76a4d20e5478a3b2,8d15af1f9d36efa1,48f6ec502600b71c,200,98,49.000000,426.387755,232.206032,1.000000,7.300000,564.381327,2.396548,534.875141,7.306122,2.343575,0.000000,0.407775,0.711400,0.218341,0.267894,200,936,936,31.000000,0,0,16,15,125,125,12,14,493.000000,716,0,0,110,90,0,110,8,2,6,0,8,6,6,6,0,0,0,0,0,102,0,102,102,102,0,0,0,0
854,13000383,50,0,113.668856050597,325.000000000000,35.000000000000,2.205657597695,4ab6db68aab6c1a0,8d15af1f9d36efa1,9ab3d700c5883e81,200,161,80.500000,268.583851,240.693270,0.900000,4.000000,327.309458,2.493563,321.224999,4.465839,2.119611,0.000000,0.329291,0.638336,0.217628,0.145065,200,1016,1016,31.000000,0,0,16,15,59,59,4,0,353.000000,719,0,0,40,143,0,40,19,17,2,0,19,2,2,1,1,0,0,0,0,21,20,19,39,22,17,0,0,0
855,13000384,50,0,361.659466408137,325.000000000000,27.000000000000,2.697687753867,d096a780a2820713,8d15af1f9d36efa1,6237c91792aee7ff,200,192,96.000000,293.401042,258.388423,1.000000,4.800000,362.404020,2.244524,364.312908,4.838542,2.325081,0.000000,0.266772,0.628253,0.177148,0.102415,200,960,960,32.000000,0,0,16,16,49,49,8,2,338.000000,929,0,0,28,172,0,28,20,16,4,0,20,4,4,4,0,0,0,0,0,8,0,8,8,8,0,0,0,0
856,13000385,50,0,306.252776625391,425.000000000000,25.000000000000,1.874489857553,6f1b96bcf90d4734,8d15af1f9d36efa1,a1c1214e0d77e30f,200,186,93.000000,431.956989,359.223487,1.000000,7.500000,616.331766,2.284127,558.706422,7.311828,2.200735,0.000000,0.205607,0.637681,0.128205,0.081081,200,936,936,32.000000,0,0,16,16,50,50,20,0,352.000000,1360,0,0,32,168,0,32,18,8,10,0,18,10,10,10,0,0,0,0,0,14,0,14,14,14,0,0,0,0
857,13000386,50,0,399.256185731370,75.000000000000,39.000000000000,1.987429811247,493ad38f976c75d1,8d15af1f9d36efa1,5baa3d978a8051ae,200,104,52.000000,336.759615,381.857274,0.700000,3.800000,435.775092,2.745918,426.310424,5.451923,2.596120,0.000000,0.411215,0.664430,0.260756,0.224350,200,1016,1016,32.000000,0,0,16,16,75,75,14,0,396.000000,567,0,0,63,95,0,63,12,5,7,0,12,7,7,4,3,0,0,0,0,51,60,36,96,54,42,0,0,0
858,13000387,50,0,302.699960725396,425.000000000000,26.000000000000,2.212569177712,98cbe2e8659adc88,8d15af1f9d36efa1,9a87aa00c562b71f,200,120,60.000000,179.233333,238.673126,1.000000,3.700000,287.104420,2.990714,212.873683,2.833333,2.764706,0.000000,0.566327,0.689441,0.370370,0.384058,200,1112,1112,32.000000,0,0,16,16,104,104,4,0,444.000000,340,0,0,92,108,0,92,12,10,2,0,12,2,2,2,0,0,0,0,0,80,0,80,80,80,0,0,0,0
859,13000388,50,0,130.097983476789,75.000000000000,27.000000000000,1.923391472230,7e3ee5e21b744cc8,8d15af1f9d36efa1,b5c8b66857e804de,200,169,84.500000,297.213018,272.022331,1.000000,5.300000,390.983626,1.969008,364.245602,4.970414,2.069048,0.000000,0.313725,0.657534,0.192308,0.153226,200,984,984,32.000000,0,0,16,16,67,67,18,0,384.000000,840,0,0,49,151,0,49,18,9,9,0,18,9,9,9,0,0,0,0,0,31,0,31,31,31,0,0,0,0
860,13000389,50,0,30.966191019033,175.000000000000,39.000000000000,2.537093245618,170c3c06450e5e87,8d15af1f9d36efa1,c35e7ba2267047b0,200,200,100.000000,289.960000,225.580413,1.000000,4.400000,330.129281,2.201667,337.175862,4.530000,2.250552,0.000000,0.266990,0.622642,0.180832,0.097610,200,912,912,32.000000,0,0,16,16,44,44,10,8,330.000000,906,0,0,20,180,0,20,20,15,5,0,20,5,5,5,0,0,0,0,0,0,0,0,0,0,0,0,0,0
861,13000390,50,0,479.541973289449,325.000000000000,37.000000000000,2.747383307523,5a51cb1feb9a6ffa,8d15af1f9d36efa1,53fe5a0b8f707d25,200,184,92.000000,306.233696,241.051933,1.000000,4.700000,366.402446,2.593333,356.676848,4.782609,2.523864,0.000000,0.290323,0.642857,0.185185,0.126984,200,1128,1128,32.000000,0,0,16,16,58,58,12,4,360.000000,880,0,0,36,164,0,36,20,14,6,0,20,6,6,6,0,0,0,0,0,16,0,16,16,16,0,0,0,0
862,13000391,50,0,374.916798837776,175.000000000000,33.000000000000,2.006499160876,d13aed8dc0cd985a,8d15af1f9d36efa1,15762c880c5b13c3,200,176,88.000000,305.659091,258.502092,0.900000,5.000000,386.779225,1.857716,388.618645,5.568182,1.775510,0.000000,0.248466,0.618321,0.169492,0.085821,200,768,768,32.000000,0,0,16,16,42,42,8,0,324.000000,980,0,0,23,158,0,23,19,15,4,0,19,4,4,3,1,0,0,0,0,4,20,4,24,5,19,0,0,0
863,13000392,50,0,266.887745247523,75.000000000000,17.000000000000,1.963573816812,e6f23351c2e7e0ee,8d15af1f9d36efa1,96c23cea6ac21fcb,200,33,16.500000,269.878788,257.457573,0.500000,2.100000,304.957651,2.045000,339.965760,4.606061,1.907895,0.000000,0.728571,0.671053,0.568182,0.536585,200,960,960,32.000000,0,0,16,16,83,83,10,0,408.000000,152,0,0,75,30,0,75,8,3,5,0,8,5,5,0,5,0,0,0,0,67,100,67,167,72,95,0,0,0
864,13000393,50,0,421.495747904280,75.000000000000,30.000000000000,1.977268984248,af88a32c4d7fb24e,8d15af1f9d36efa1,3d75c4ffee67707,200,122,61.000000,232.106557,219.721627,0.900000,3.400000,288.810977,2.187302,273.348029,3.549180,2.133949,0.000000,0.487574,0.673203,0.315956,0.293638,200,896,896,32.000000,0,0,16,16,84,84,12,0,412.000000,433,0,0,71,110,0,71,13,7,6,0,13,6,6,5,1,0,0,0,0,58,20,58,78,59,19,0,0,0
865,13000394,50,0,437.327576638156,325.000000000000,30.000000000000,2.677419455793,c6a2998c3e8adc77,8d15af1f9d36efa1,abf46099b7c08e7f,200,183,91.500000,429.109290,327.777478,1.000000,7.400000,578.097223,1.560469,558.357351,7.174863,1.544554,0.000000,0.211411,0.637681,0.132188,0.083740,200,1032,1032,32.000000,0,0,16,16,54,54,12,2,352.000000,1313,0,0,35,165,0,35,18,12,6,0,18,6,6,6,0,0,0,0,0,17,0,17,17,17,0,0,0,0
866,13000395,50,0,292.375181692528,425.000000000000,18.000000000000,2.200788078126,e2fde5d7e56761be,8d15af1f9d36efa1,9b0c3d00c5d361a9,200,92,46.000000,259.978261,306.193151,0.700000,2.900000,309.100661,2.034014,287.907688,3.793478,2.008596,0.000000,0.534045,0.666667,0.364299,0.324952,200,832,832,32.000000,0,0,16,16,77,77,14,2,400.000000,349,0,0,64,83,0,64,12,5,7,0,12,7,7,4,3,0,0,0,0,52,60,48,108,55,53,0,0,0
867,13000396,50,0,447.308926125818,325.000000000000,34.000000000000,2.765400668705,36e2352ad81f5d8a,8d15af1f9d36efa1,9a6c6e00c54b8973,200,153,76.500000,173.091503,175.143542,0.800000,1.900000,170.504842,2.194444,178.207263,2.411765,2.861789,0.000000,0.478076,0.628253,0.351494,0.223158,200,1320,1320,32.000000,0,0,16,16,48,48,10,0,338.000000,369,0,0,30,137,0,30,18,13,5,0,18,5,5,3,2,0,0,0,0,12,40,7,47,14,33,0,0,0
868,13000397,50,0,142.606267571541,75.000000000000,34.000000000000,1.597295796812,267e1395cc1f5155,8d15af1f9d36efa1,65a9e7e15e96fb12,200,166,83.000000,265.596386,152.702531,1.000000,3.800000,287.023021,2.540606,321.427414,4.445783,2.271003,0.000000,0.332731,0.647887,0.213220,0.155606,200,1112,1112,32.000000,0,0,16,16,66,66,4,0,368.000000,738,0,0,50,150,0,50,16,14,2,0,16,2,2,2,0,0,0,0,0,34,0,34,34,34,0,0,0,0
869,13000398,50,0,2.788878421683,175.000000000000,37.000000000000,2.939685834510,bc60e3257fbc1c91,8d15af1f9d36efa1,84ae78204d173470,200,148,74.000000,213.189189,237.313649,0.800000,2.700000,254.807151,2.429167,249.960453,3.358108,2.490946,0.000000,0.401925,0.625468,0.286944,0.170284,200,944,944,32.000000,0,0,16,16,49,49,4,0,334.000000,497,0,0,31,132,0,31,18,16,2,0,18,2,2,0,2,0,0,0,0,13,40,12,52,15,37,0,0,0
870,13000399,50,0,47.413912878432,75.000000000000,30.000000000000,2.705483650683,e3e67cbfc38426d3,8d15af1f9d36efa1,9a91bf00c56b2f53,200,50,25.000000,335.480000,313.383668,0.400000,1.900000,358.542194,2.458333,424.128021,5.800000,1.896552,0.000000,0.585714,0.672131,0.408163,0.380342,200,848,848,32.000000,0,0,16,16,81,81,16,0,410.000000,290,0,0,71,45,0,71,10,2,8,0,10,8,8,3,5,0,0,0,0,61,120,30,150,66,84,0,0,0
871,13000400,50,0,468.008731349405,325.000000000000,38.000000000000,2.968240849047,a18c11e187278110,8d15af1f9d36efa1,138e166263b26de2,200,182,91.000000,228.648352,216.197738,1.000000,3.300000,235.425315,3.410000,252.236340,3.461538,2.968254,0.000000,0.363636,0.642857,0.240964,0.168865,200,1072,1072,32.000000,0,0,16,16,56,56,16,0,360.000000,630,0,0,37,163,0,37,19,11,8,0,19,8,8,8,0,0,0,0,0,18,0,18,18,18,0,0,0,0
872,13000401,50,0,433.466499740697,425.000000000000,34.000000000000,2.502172839597,acd0fe5d1c8ecd37,8d15af1f9d36efa1,44f87e4f92b3f1e0,200,119,59.500000,203.117647,234.066695,0.700000,2.100000,237.396229,4.171429,239.028576,3.000000,3.414566,0.000000,0.484848,0.626866,0.359066,0.225597,200,1352,1352,32.000000,0,0,16,16,49,49,6,0,336.000000,357,0,0,35,108,0,35,14,11,3,0,14,3,3,0,3,0,0,0,0,21,60,21,81,24,57,0,0,0
873,13000402,50,0,132.129128786017,325.000000000000,33.000000000000,2.472310085960,930a6f5a6997ec04,8d15af1f9d36efa1,9a733b00c5515178,200,155,77.500000,284.451613,294.907033,0.800000,3.500000,343.822693,2.082738,343.708572,4.419355,2.026277,0.000000,0.319762,0.616858,0.225989,0.116129,200,888,888,32.000000,0,0,16,16,42,42,6,2,322.000000,685,0,0,23,139,0,23,18,15,3,0,18,3,3,1,2,0,0,0,0,5,40,5,45,7,38,0,0,0
874,13000403,50,0,73.263547439382,175.000000000000,46.000000000000,1.693052028613,f7de78e36545a051,8d15af1f9d36efa1,9a9c0e00c5740a15,200,163,81.500000,365.895706,266.723346,1.000000,5.700000,448.106394,3.204762,467.155033,5.963190,2.918724,0.000000,0.286344,0.661017,0.170648,0.139823,200,1264,1264,32.000000,0,0,16,16,69,69,20,0,390.000000,972,0,0,53,147,0,53,16,6,10,0,16,10,10,10,0,0,0,0,0,37,0,37,37,37,0,0,0,0
875,13000404,50,0,201.023765327032,175.000000000000,25.000000000000,2.443383848785,1d4b85d86f945540,8d15af1f9d36efa1,b6129bf730522905,200,179,89.500000,444.642458,357.238645,0.900000,6.500000,587.573468,2.290833,573.921704,7.530726,2.122404,0.000000,0.198573,0.625468,0.129199,0.070345,200,856,856,32.000000,0,0,16,16,40,40,22,2,334.000000,1348,0,0,20,161,0,20,19,8,11,0,19,11,11,10,1,0,0,0,0,1,20,1,21,2,19,0,0,0
876,13000405,50,0,413.167553071577,425.000000000000,31.000000000000,1.584558289760,7c4e8d6580f43725,8d15af1f9d36efa1,fb67a9df9efda274,200,129,64.500000,350.054264,262.371696,1.000000,5.600000,394.523931,2.177976,407.290341,5.713178,2.370421,0.000000,0.381192,0.694190,0.213447,0.231491,200,936,936,32.000000,0,0,16,16,99,99,24,0,454.000000,737,0,0,85,115,0,85,14,2,12,0,14,12,12,12,0,0,0,0,0,71,0,71,71,71,0,0,0,0
877,13000406,50,0,63.132563492383,75.000000000000,27.000000000000,2.246379281653,8fb0622c518cd994,8d15af1f9d36efa1,7883321a5130ec6e,200,153,76.500000,429.274510,326.671891,1.000000,6.700000,538.392852,2.070574,550.886053,6.823529,1.941571,0.000000,0.279006,0.668874,0.160772,0.141447,200,1000,1000,32.000000,0,0,16,16,77,77,18,0,404.000000,1044,0,0,62,138,0,62,15,6,9,0,15,9,9,9,0,0,0,0,0,47,0,47,47,47,0,0,0,0
878,13000407,50,0,250.159252490109,175.000000000000,30.000000000000,1.648156390214,a63cd2f27975b978,8d15af1f9d36efa1,4d37397dad71fb22,200,199,99.500000,311.829146,274.568713,1.000000,5.200000,401.367408,2.808413,394.266031,5.190955,2.293320,0.000000,0.237638,0.616858,0.162206,0.080142,200,1048,1048,32.000000,0,0,16,16,41,41,8,0,322.000000,1033,0,0,21,179,0,21,20,16,4,0,20,4,4,4,0,0,0,0,0,1,0,1,1,1,0,0,0,0
879,13000408,50,0,57.586043969172,175.000000000000,40.000000000000,2.896188613337,a2d700b2feac9baa,8d15af1f9d36efa1,3cb12fc41ddee7b2,200,198,99.000000,288.777778,276.124862,1.000000,4.300000,335.358551,2.967500,335.212978,4.404040,2.747706,0.000000,0.280528,0.629630,0.186567,0.110204,200,1192,1192,32.000000,0,0,16,16,46,46,16,8,340.000000,872,0,0,22,178,0,22,20,12,8,0,20,8,8,8,0,0,0,0,0,2,0,2,2,2,0,0,0,0
880,13000409,50,0,11.470554098372,175.000000000000,46.000000000000,1.588968121450,ba38e90209afdc5a,8d15af1f9d36efa1,b291eece4da2b701,200,167,83.500000,232.113772,225.633192,1.000000,3.200000,262.229519,3.113333,249.011196,3.185629,2.748120,0.000000,0.434043,0.671053,0.273224,0.248588,200,1088,1088,32.000000,0,0,16,16,84,84,8,22,408.000000,532,0,0,53,147,0,53,20,16,4,0,20,4,4,4,0,0,0,0,0,33,0,33,33,33,0,0,0,0
881,13000410,50,0,357.408501869045,425.000000000000,33.000000000000,2.379920057896,79c0bbfcc79ec306,8d15af1f9d36efa1,27b03eedf9ffd209,200,80,40.000000,208.762500,274.589732,0.400000,1.200000,244.425091,4.783333,242.578249,3.000000,4.333333,0.000000,0.557196,0.601594,0.454545,0.225806,200,1144,1144,32.000000,0,0,16,16,28,28,14,0,302.000000,240,0,0,14,72,0,14,14,7,7,0,14,7,7,1,6,0,0,0,0,0,120,0,120,6,114,0,0,0
882,13000411,50,0,475.414254145630,325.000000000000,46.000000000000,1.918065821712,ade25bd419cabef9,8d15af1f9d36efa1,9aed8300c5b9280c,200,200,100.000000,262.470000,239.770140,1.000000,4.100000,318.819426,2.564444,317.406350,4.165000,2.600240,0.000000,0.276281,0.613900,0.193611,0.093580,200,1064,1064,32.000000,0,0,16,16,40,40,6,0,318.000000,833,0,0,20,180,0,20,20,17,3,0,20,3,3,3,0,0,0,0,0,0,0,0,0,0,0,0,0,0
883,13000412,50,0,183.111805855013,175.000000000000,31.000000000000,1.908597414731,d1b130904fd0600e,8d15af1f9d36efa1,a71d6b1a0aa642b1,200,80,40.000000,239.687500,329.185771,0.400000,1.700000,285.864417,2.212500,289.399658,4.337500,1.922190,0.000000,0.465331,0.601594,0.365631,0.167866,200,872,872,32.000000,0,0,16,16,28,28,14,0,302.000000,347,0,0,14,72,0,14,14,7,7,0,14,7,7,1,6,0,0,0,0,0,120,0,120,6,114,0,0,0
884,13000413,50,0,171.999725496120,325.000000000000,20.000000000000,2.727793053413,f969d9faca8163a9,8d15af1f9d36efa1,937773cca787dbe4,200,66,33.000000,250.060606,294.397155,0.400000,1.700000,328.075423,3.804167,316.082862,4.181818,3.195652,0.000000,0.536913,0.615385,0.420168,0.241758,200,1152,1152,32.000000,0,0,16,16,38,38,12,0,320.000000,276,0,0,26,60,0,26,12,6,6,0,12,6,6,0,6,0,0,0,0,14,120,14,134,20,114,0,0,0
885,13000414,50,0,352.025417182049,175.000000000000,32.000000000000,2.244334376879,214d9a4c649f4113,8d15af1f9d36efa1,9a842400c55f9d96,200,200,100.000000,276.020000,250.088650,1.000000,4.400000,336.274062,3.213571,337.217965,4.400000,2.900000,0.000000,0.270315,0.619772,0.185185,0.096509,200,1080,1080,32.000000,0,0,16,16,41,41,12,2,326.000000,880,0,0,20,180,0,20,20,14,6,0,20,6,6,6,0,0,0,0,0,0,0,0,0,0,0,0,0,0
886,13000415,50,0,250.676646215916,325.000000000000,32.000000000000,1.852235056307,55eec87473d448ec,8d15af1f9d36efa1,629a38ca3f8a779a,200,200,100.000000,195.430000,199.341990,1.000000,2.700000,222.670739,3.975000,227.172043,2.800000,3.642857,0.000000,0.357798,0.609375,0.263158,0.125000,200,1528,1528,32.000000,0,0,16,16,40,40,0,0,312.000000,560,0,0,20,180,0,20,20,20,0,0,20,0,0,0,0,0,0,0,0,0,0,0,0,0,0,0,0,0
887,13000416,50,0,346.898724570868,425.000000000000,29.000000000000,1.575180724690,365cebeedda2cb63,8d15af1f9d36efa1,925c5c76204311b8,200,159,79.500000,402.798742,328.225580,0.900000,6.200000,529.951688,2.418579,508.979288,7.220126,2.426829,0.000000,0.237716,0.641577,0.148368,0.098901,200,984,984,32.000000,0,0,16,16,54,54,18,2,358.000000,1148,0,0,37,144,0,37,16,7,9,0,16,9,9,8,1,0,0,0,0,21,20,21,41,22,19,0,0,0
888,13000417,50,0,367.135840120984,425.000000000000,32.000000000000,1.828886361786,efa34405540b6ba1,8d15af1f9d36efa1,fb1e14ee06418336,200,181,90.500000,289.077348,308.632313,1.000000,5.000000,396.129203,2.360476,359.871321,4.762431,2.192575,0.000000,0.288779,0.636364,0.188324,0.120408,200,936,936,32.000000,0,0,16,16,58,58,2,2,350.000000,862,0,0,38,162,0,38,19,18,1,0,19,1,1,1,0,0,0,0,0,19,0,19,19,19,0,0,0,0
889,13000418,50,0,406.727098533270,175.000000000000,36.000000000000,2.367448760587,b30b2b468cc38454,8d15af1f9d36efa1,572d1936e7a9100b,200,194,97.000000,274.659794,239.410232,1.000000,4.200000,306.342043,1.988095,326.983522,4.360825,2.231678,0.000000,0.285473,0.628253,0.191205,0.111345,200,1120,1120,32.000000,0,0,16,16,47,47,12,2,338.000000,846,0,0,26,174,0,26,20,14,6,0,20,6,6,6,0,0,0,0,0,6,0,6,6,6,0,0,0,0
890,13000419,50,0,395.324281097427,75.000000000000,27.000000000000,2.077163639058,44d46d8cafcb9b14,8d15af1f9d36efa1,193e08d55a32088f,200,106,53.000000,306.254717,344.481531,0.600000,2.600000,358.392310,3.313492,366.653519,4.377358,2.939655,0.000000,0.415617,0.622642,0.301205,0.174377,200,1040,1040,32.000000,0,0,16,16,43,43,12,2,330.000000,464,0,0,28,96,0,28,14,8,6,0,14,6,6,2,4,0,0,0,0,14,80,14,94,18,76,0,0,0
891,13000420,50,0,20.508092766442,175.000000000000,42.000000000000,2.435109786901,62bbe6d0beeab60,8d15af1f9d36efa1,d577269210ab8074,200,137,68.500000,316.562044,287.127677,1.000000,5.100000,402.006503,2.728333,382.663216,5.021898,2.630814,0.000000,0.381295,0.679487,0.225225,0.218182,200,1032,1032,32.000000,0,0,16,16,91,91,10,0,424.000000,688,0,0,77,123,0,77,14,9,5,0,14,5,5,5,0,0,0,0,0,63,0,63,63,63,0,0,0,0
892,13000421,50,0,87.919852388048,175.000000000000,35.000000000000,2.683621890354,4db520c654915425,8d15af1f9d36efa1,63f18c30cdd75f7e,200,187,93.500000,203.459893,206.649390,1.000000,3.000000,232.438558,3.376667,228.103437,3.080214,3.321181,0.000000,0.376623,0.635036,0.257732,0.167630,200,1336,1336,32.000000,0,0,16,16,53,53,10,0,348.000000,576,0,0,33,167,0,33,20,15,5,0,20,5,5,5,0,0,0,0,0,13,0,13,13,13,0,0,0,0
893,13000422,50,0,118.865320813654,75.000000000000,27.000000000000,2.322438385195,8db4b163908bcf2d,8d15af1f9d36efa1,71e5a4a376b3f6d1,200,102,51.000000,269.627451,327.046579,0.800000,3.700000,340.942104,2.732292,312.933750,4.411765,2.302222,0.000000,0.480370,0.675325,0.307692,0.290221,200,1032,1032,32.000000,0,0,16,16,86,86,12,0,416.000000,450,0,0,72,90,0,72,14,8,6,0,14,6,6,4,2,0,0,0,0,58,40,58,98,60,38,0,0,0
894,13000423,50,0,108.969202785004,75.000000000000,21.000000000000,2.628541221867,789997ed0a10ad0b,8d15af1f9d36efa1,418c28c38fa322e7,200,130,65.000000,267.692308,265.133709,0.900000,3.600000,315.339762,2.861111,317.095339,4.023077,2.548757,0.000000,0.434595,0.667774,0.276625,0.245310,200,1072,1072,32.000000,0,0,16,16,82,82,6,0,402.000000,523,0,0,66,115,0,66,16,13,3,0,16,3,3,2,1,0,0,0,0,50,20,50,70,51,19,0,0,0
895,13000424,50,0,446.994573992953,325.000000000000,37.000000000000,2.586817796734,393e06a6324ca0e1,8d15af1f9d36efa1,b41255342e095979,200,167,83.500000,236.952096,204.139755,1.000000,3.600000,283.346098,2.256667,281.021300,3.640719,2.205592,0.000000,0.375770,0.646643,0.247525,0.180593,200,1064,1064,32.000000,0,0,16,16,65,65,4,0,366.000000,608,0,0,49,151,0,49,16,14,2,0,16,2,2,2,0,0,0,0,0,33,0,33,33,33,0,0,0,0
896,13000425,50,0,213.248692132508,425.000000000000,18.000000000000,2.387316632024,f43d14f68639cb3e,8d15af1f9d36efa1,1aa92797a6d50fa,200,179,89.500000,280.536313,269.690758,1.000000,4.400000,352.341222,2.985000,357.497839,4.525140,3.008642,0.000000,0.299308,0.633700,0.198020,0.123377,200,1104,1104,32.000000,0,0,16,16,55,55,4,0,346.000000,810,0,0,38,162,0,38,17,15,2,0,17,2,2,2,0,0,0,0,0,21,0,21,21,21,0,0,0,0
897,13000426,50,0,318.650672455162,325.000000000000,32.000000000000,2.097505831590,17f5d23f26dd6ff0,8d15af1f9d36efa1,24b98d4cffbfdac,200,160,80.000000,212.806250,271.847413,0.800000,2.800000,267.981914,3.266667,258.863800,3.500000,2.821429,0.000000,0.354839,0.606299,0.263158,0.119497,200,1048,1048,32.000000,0,0,16,16,36,36,4,0,308.000000,560,0,0,18,144,0,18,18,16,2,0,18,2,2,0,2,0,0,0,0,0,40,0,40,2,38,0,0,0
898,13000427,50,0,62.250881085292,175.000000000000,40.000000000000,2.849990076488,2db15f4b6620db6f,8d15af1f9d36efa1,26ce37b982b1d4a0,200,140,70.000000,184.364286,243.215834,0.700000,2.000000,214.322927,4.285714,207.239367,2.857143,3.500000,0.000000,0.438202,0.609375,0.333333,0.166667,200,1376,1376,32.000000,0,0,16,16,34,34,12,0,312.000000,400,0,0,17,126,0,17,17,11,6,0,17,6,6,3,3,0,0,0,0,0,60,0,60,3,57,0,0,0
899,13000428,50,0,348.376066786547,325.000000000000,28.000000000000,2.450861801336,f428555062dbf585,8d15af1f9d36efa1,1e228c9d905fbe29,200,166,83.000000,261.228916,263.091292,0.900000,3.400000,309.520431,3.053704,307.114040,3.740964,3.020934,0.000000,0.357808,0.633700,0.243605,0.155102,200,1040,1040,32.000000,0,0,16,16,53,53,8,6,346.000000,621,0,0,32,149,0,32,18,14,4,0,18,4,4,3,1,0,0,0,0,14,20,14,34,15,19,0,0,0
900,13000429,50,0,452.072047935234,175.000000000000,38.000000000000,2.528652985970,c90b2fd5cac8da19,8d15af1f9d36efa1,52e27184e1bb4e7e,200,112,56.000000,248.446429,254.295656,0.600000,2.100000,284.012852,2.616667,274.466086,3.410714,2.570681,0.000000,0.461972,0.621212,0.343643,0.200837,200,968,968,32.000000,0,0,16,16,42,42,12,4,328.000000,382,0,0,24,100,0,24,16,10,6,0,16,6,6,2,4,0,0,0,0,8,80,8,88,12,76,0,0,0
901,13000430,50,0,325.729626924960,425.000000000000,21.000000000000,2.714020220465,d10e4e962de197f2,8d15af1f9d36efa1,9316a84fbefea54c,200,73,36.500000,188.753425,269.140606,0.700000,2.600000,260.945101,2.542857,209.310248,3.191781,1.969957,0.000000,0.649624,0.683544,0.461894,0.461894,200,976,976,32.000000,0,0,16,16,96,96,8,0,432.000000,233,0,0,86,66,0,86,10,6,4,0,10,4,4,1,3,0,0,0,0,76,60,67,127,79,48,0,0,0
902,13000431,50,0,362.255635175375,175.000000000000,26.000000000000,2.718278962947,40a1f9ccf0932b7d,8d15af1f9d36efa1,fc1e021ae421d46f,200,193,96.500000,233.352332,233.997578,1.000000,3.400000,279.005189,2.930952,279.537582,3.518135,2.851252,0.000000,0.323031,0.618321,0.227531,0.119326,200,992,992,32.000000,0,0,16,16,45,45,2,0,324.000000,679,0,0,26,174,0,26,19,18,1,0,19,1,1,1,0,0,0,0,0,7,0,7,7,7,0,0,0,0
903,13000432,50,0,206.759670035999,425.000000000000,21.000000000000,2.124294166871,d9e29e3f47d924b1,8d15af1f9d36efa1,310c4746369504b,200,39,19.500000,341.102564,317.233630,0.400000,1.700000,309.673598,2.041071,410.995626,5.692308,2.351351,0.000000,0.638436,0.662162,0.473934,0.418848,200,832,832,32.000000,0,0,16,16,71,71,18,2,392.000000,222,0,0,60,35,0,60,10,1,9,0,10,9,9,3,6,0,0,0,0,50,120,41,161,56,105,0,0,0
904,13000433,50,0,160.301649400141,175.000000000000,26.000000000000,2.328839116247,e8978ec7ec0d6dee,8d15af1f9d36efa1,19e62f4f7a5fcf6f,200,179,89.500000,240.597765,256.395404,0.900000,3.300000,282.463219,2.391534,279.971127,3.675978,2.427052,0.000000,0.325820,0.613900,0.233100,0.115591,200,936,936,32.000000,0,0,16,16,41,41,4,4,318.000000,658,0,0,20,161,0,20,19,17,2,0,19,2,2,1,1,0,0,0,0,1,20,1,21,2,19,0,0,0
905,13000434,50,0,187.834830939349,425.000000000000,19.000000000000,2.193442692873,c1824b6d5b47be,8d15af1f9d36efa1,d3705ea38937af5e,200,160,80.000000,253.487500,283.657885,0.800000,3.300000,299.460868,2.677083,298.613170,4.125000,2.372727,0.000000,0.326531,0.615385,0.232558,0.117647,200,1024,1024,32.000000,0,0,16,16,36,36,16,0,320.000000,660,0,0,18,144,0,18,18,10,8,0,18,8,8,6,2,0,0,0,0,0,40,0,40,2,38,0,0,0
906,13000435,50,0,286.425228608948,325.000000000000,24.000000000000,1.674211816369,220912253b05ad9b,8d15af1f9d36efa1,8bc404f70b2e312,200,139,69.500000,283.302158,281.842159,0.800000,4.000000,365.248559,1.939236,364.117805,5.000000,1.974101,0.000000,0.331088,0.632353,0.223464,0.138786,200,976,976,32.000000,0,0,16,16,52,52,8,2,344.000000,695,0,0,36,126,0,36,15,11,4,0,15,4,4,2,2,0,0,0,0,21,40,21,61,23,38,0,0,0
907,13000436,50,0,53.075048445790,325.000000000000,40.000000000000,2.119560620431,95b9a8e253bc671f,8d15af1f9d36efa1,5cde298b9a54b935,200,171,85.500000,265.000000,276.034666,0.900000,3.900000,328.849865,2.868519,320.640519,4.327485,2.798649,0.000000,0.316081,0.630996,0.212766,0.129412,200,960,960,32.000000,0,0,16,16,50,50,10,0,342.000000,740,0,0,31,153,0,31,19,14,5,0,19,5,5,4,1,0,0,0,0,12,20,9,29,13,16,0,0,0
908,13000437,50,0,137.004955815138,175.000000000000,39.000000000000,1.597573799635,2f4b5c7b70a1a260,8d15af1f9d36efa1,9a19199a6fe15942,200,198,99.000000,314.318182,306.938319,1.000000,5.300000,402.238644,2.335159,397.923101,5.388889,2.268041,0.000000,0.234027,0.619772,0.157853,0.080965,200,888,888,32.000000,0,0,16,16,42,42,10,0,326.000000,1067,0,0,22,178,0,22,20,15,5,0,20,5,5,5,0,0,0,0,0,2,0,2,2,2,0,0,0,0
909,13000438,50,0,403.062646860147,325.000000000000,29.000000000000,2.675305736556,3146aa74b9ae53d4,8d15af1f9d36efa1,6639ea90ae6031be,200,74,37.000000,240.351351,273.805967,0.400000,1.500000,299.821522,2.312500,292.207491,4.000000,1.986486,0.000000,0.513158,0.609375,0.403226,0.212766,200,952,952,32.000000,0,0,16,16,34,34,12,0,312.000000,296,0,0,20,66,0,20,14,8,6,0,14,6,6,0,6,0,0,0,0,6,120,6,126,12,114,0,0,0
910,13000439,50,0,74.243304875947,425.000000000000,28.000000000000,2.313924004570,393524794ecbd501,8d15af1f9d36efa1,aae74138c86ed5a2,200,129,64.500000,302.310078,259.837017,0.800000,4.100000,407.266634,3.001190,362.536660,4.922481,2.913386,0.000000,0.364364,0.645390,0.239521,0.172099,200,912,912,32.000000,0,0,16,16,59,59,14,0,364.000000,635,0,0,45,117,0,45,14,7,7,0,14,7,7,5,2,0,0,0,0,31,40,31,71,33,38,0,0,0
911,13000440,50,0,497.995595836653,325.000000000000,39.000000000000,2.126532472607,5be7fea421eae9b2,8d15af1f9d36efa1,c34e6d4f49560fd3,200,121,60.500000,312.876033,309.246070,0.700000,3.600000,379.236074,2.382885,375.292289,5.049587,2.140753,0.000000,0.377166,0.649123,0.246609,0.184246,200,1000,1000,32.000000,0,0,16,16,58,58,22,2,370.000000,611,0,0,42,109,0,42,15,4,11,0,15,11,11,8,3,0,0,0,0,27,60,19,79,30,49,0,0,0
912,13000441,50,0,123.168479218931,75.000000000000,29.000000000000,2.173537257630,78619cfa6c97d055,8d15af1f9d36efa1,e3970495be4f647,200,193,96.500000,405.378238,304.163183,1.000000,7.400000,524.836356,2.371667,498.680762,7.305699,2.404965,0.000000,0.199319,0.637024,0.124224,0.078431,200,944,944,31.000000,0,0,16,15,51,51,18,12,351.000000,1410,0,0,26,174,0,26,19,10,9,0,19,9,9,9,0,0,0,0,0,7,0,7,7,7,0,0,0,0
913,13000442,50,0,108.283466087171,325.000000000000,34.000000000000,2.463252919048,ad77217c1f749d56,8d15af1f9d36efa1,d5819c3433c123ee,200,197,98.500000,243.680203,240.782080,1.000000,3.600000,284.392486,2.408333,298.983286,3.868020,2.742782,0.000000,0.295749,0.615385,0.207900,0.103529,200,1160,1160,32.000000,0,0,16,16,43,43,2,0,320.000000,762,0,0,23,177,0,23,20,19,1,0,20,1,1,1,0,0,0,0,0,3,0,3,3,3,0,0,0,0
914,13000443,50,0,227.587364081578,425.000000000000,20.000000000000,2.244126817117,c33c5acde8df6ab6,8d15af1f9d36efa1,61e9414fa2985c55,200,124,62.000000,270.016129,262.776002,0.900000,4.500000,387.303203,3.188492,332.069564,4.322581,2.998134,0.000000,0.432203,0.671053,0.271739,0.247191,200,1064,1064,32.000000,0,0,16,16,87,87,2,10,408.000000,536,0,0,69,112,0,69,13,12,1,0,13,1,1,0,1,0,0,0,0,56,20,56,76,57,19,0,0,0
915,13000444,50,0,495.730600198829,425.000000000000,29.000000000000,1.660160303041,48360e6452203ce1,8d15af1f9d36efa1,890c460a354c5432,200,90,45.000000,299.166667,330.172183,0.600000,2.600000,345.050996,2.480159,348.005161,4.444444,2.575000,0.000000,0.520958,0.685039,0.333333,0.337748,200,888,888,31.000000,0,0,16,15,95,95,14,0,435.000000,400,0,0,83,81,0,83,12,5,7,0,12,7,7,4,3,0,0,0,0,71,80,30,110,74,36,0,0,0
916,13000445,50,0,324.633520637146,425.000000000000,17.000000000000,2.385467522899,36336aac69b11ecd,8d15af1f9d36efa1,2062631d53faa8fa,200,186,93.000000,299.623656,294.843557,1.000000,4.800000,355.365227,3.281548,357.137833,4.822581,2.510591,0.000000,0.277196,0.632353,0.182315,0.111001,200,1088,1088,32.000000,0,0,16,16,50,50,12,0,344.000000,897,0,0,32,168,0,32,18,12,6,0,18,6,6,6,0,0,0,0,0,14,0,14,14,14,0,0,0,0
917,13000446,50,0,376.096720353842,325.000000000000,23.000000000000,2.984872252148,b1be98f604a99a72,8d15af1f9d36efa1,d876dd4fe64fe1b5,200,198,99.000000,223.782828,207.482544,1.000000,3.500000,262.343175,3.428095,262.240227,3.515152,3.135057,0.000000,0.314961,0.615385,0.223214,0.112245,200,1232,1232,32.000000,0,0,16,16,44,44,0,4,320.000000,696,0,0,22,178,0,22,20,20,0,0,20,0,0,0,0,0,0,0,0,2,0,2,2,2,0,0,0,0
918,13000447,50,0,28.325604205197,175.000000000000,42.000000000000,1.979819755901,f66a8762ad8df018,8d15af1f9d36efa1,5c74ec9b6ef25b20,200,163,81.500000,225.539877,196.119304,0.900000,3.000000,255.288670,2.224339,269.720913,3.466258,2.212389,0.000000,0.383188,0.637024,0.261438,0.175182,200,1048,1048,31.000000,0,0,16,15,57,57,6,0,351.000000,565,0,0,39,146,0,39,18,15,3,0,18,3,3,2,1,0,0,0,0,21,20,17,37,22,15,0,0,0
919,13000448,50,0,477.507378257316,325.000000000000,41.000000000000,2.713164176643,6d2a5ad21b7d15dc,8d15af1f9d36efa1,6e92fd94a3a6acf1,200,187,93.500000,383.893048,259.329979,1.000000,5.800000,488.326465,2.408485,493.277600,5.866310,2.680036,0.000000,0.240830,0.635036,0.154202,0.095631,200,1112,1112,32.000000,0,0,16,16,51,51,14,0,348.000000,1097,0,0,32,168,0,32,19,12,7,0,19,7,7,7,0,0,0,0,0,13,0,13,13,13,0,0,0,0
920,13000449,50,0,398.901438164591,75.000000000000,29.000000000000,2.873447362090,29f499de2435605d,8d15af1f9d36efa1,4050ea50211bbbe3,200,156,78.000000,241.224359,252.327913,0.900000,3.500000,281.154200,2.565079,277.213580,4.025641,2.471338,0.000000,0.377602,0.655766,0.241546,0.192802,200,1032,1032,31.000000,0,0,16,15,72,72,6,0,381.000000,628,0,0,55,140,0,55,17,14,3,0,17,3,3,2,1,0,0,0,0,38,20,24,44,39,5,0,0,0
921,13000450,50,0,64.843842996817,75.000000000000,31.000000000000,2.706626207271,43623800f31bc013,8d15af1f9d36efa1,ddb42a4f58677601,200,193,96.500000,201.150259,184.623912,1.000000,2.800000,206.915681,2.770000,215.219509,2.823834,2.638532,0.000000,0.382786,0.628253,0.268456,0.162826,200,1088,1088,32.000000,0,0,16,16,45,45,16,0,338.000000,545,0,0,26,174,0,26,19,11,8,0,19,8,8,8,0,0,0,0,0,7,0,7,7,7,0,0,0,0
922,13000451,50,0,406.849468319291,175.000000000000,31.000000000000,2.742191161512,5f003d2ab7fe44e,8d15af1f9d36efa1,9aba8b00c58ddc0b,200,148,74.000000,216.851351,224.425522,0.800000,2.600000,250.891457,3.081250,256.518369,3.283784,2.923868,0.000000,0.407317,0.625468,0.291545,0.173469,200,1032,1032,32.000000,0,0,16,16,48,48,6,0,334.000000,486,0,0,31,133,0,31,17,14,3,0,17,3,3,1,2,0,0,0,0,14,40,12,52,16,36,0,0,0
923,13000452,50,0,85.874427921471,75.000000000000,24.000000000000,2.641784024618,395b28a2b17cce35,8d15af1f9d36efa1,565fc74f9c952549,200,176,88.000000,473.323864,336.341762,1.000000,8.400000,643.320465,2.542352,611.288530,8.403409,2.184584,0.000000,0.199242,0.647887,0.119119,0.084211,200,800,800,32.000000,0,0,16,16,58,58,20,0,368.000000,1479,0,0,41,159,0,41,17,7,10,0,17,10,10,10,0,0,0,0,0,24,0,24,24,24,0,0,0,0
924,13000453,50,0,444.756649047536,325.000000000000,39.000000000000,2.693920762993,c9735ffead12c1fe,8d15af1f9d36efa1,78e73d4fb01b59e4,200,176,88.000000,287.284091,258.739375,0.900000,3.800000,327.525623,2.394268,335.830748,4.380682,2.159533,0.000000,0.302262,0.625468,0.205973,0.116838,200,920,920,32.000000,0,0,16,16,43,43,16,2,334.000000,771,0,0,23,158,0,23,19,11,8,0,19,8,8,7,1,0,0,0,0,4,20,4,24,5,19,0,0,0
925,13000454,50,0,7.053081775510,175.000000000000,45.000000000000,2.276243604474,fff8e58ed090873c,8d15af1f9d36efa1,81e9024fb54e4c23,200,99,49.500000,170.202020,197.703117,0.500000,1.200000,168.396057,2.350000,157.453021,2.414141,2.163180,0.000000,0.567812,0.610895,0.455581,0.255452,200,1000,1000,32.000000,0,0,16,16,31,31,20,0,314.000000,239,0,0,16,89,0,16,15,5,10,0,15,10,10,5,5,0,0,0,0,1,100,1,101,6,95,0,0,0
926,13000455,50,0,381.304349703682,325.000000000000,29.000000000000,2.949644499818,8bc606a2b98ff8e6,8d15af1f9d36efa1,60cde5e3ec2834a5,200,195,97.500000,277.451282,221.752901,1.000000,4.700000,355.141491,2.785833,345.688528,4.553846,2.631757,0.000000,0.270936,0.622642,0.183824,0.099391,200,1016,1016,32.000000,0,0,16,16,45,45,8,0,330.000000,888,0,0,25,175,0,25,20,16,4,0,20,4,4,4,0,0,0,0,0,5,0,5,5,5,0,0,0,0
927,13000456,50,0,272.820642435936,175.000000000000,27.000000000000,1.786137732726,15e835afc232c141,8d15af1f9d36efa1,1dfc5a500dc0b4b3,200,200,100.000000,294.180000,272.152454,1.000000,4.900000,398.280613,2.935278,371.062771,4.900000,2.768367,0.000000,0.243827,0.612403,0.169492,0.078947,200,1072,1072,32.000000,0,0,16,16,40,40,4,0,316.000000,980,0,0,20,180,0,20,20,18,2,0,20,2,2,2,0,0,0,0,0,0,0,0,0,0,0,0,0,0
928,13000457,50,0,455.723297440729,75.000000000000,34.000000000000,2.738962175544,dea08ce2de49afff,8d15af1f9d36efa1,f50b202db6be86bc,200,101,50.500000,241.574257,278.040613,1.000000,4.400000,346.848532,3.078889,283.704871,3.643564,3.089674,0.000000,0.563981,0.704142,0.352113,0.398693,200,1104,1104,32.000000,0,0,16,16,121,121,2,0,476.000000,368,0,0,110,90,0,110,11,10,1,0,11,1,1,1,0,0,0,0,0,99,0,99,99,99,0,0,0,0
929,13000458,50,0,93.482186191586,325.000000000000,44.000000000000,1.608769949149,cb17db03c730bdb8,8d15af1f9d36efa1,a43d414fc8a8c9b0,200,191,95.500000,232.895288,200.993844,1.000000,3.400000,251.246807,3.421190,275.281732,3.701571,3.101839,0.000000,0.319538,0.624060,0.220507,0.123916,200,1160,1160,32.000000,0,0,16,16,49,49,2,0,332.000000,707,0,0,29,171,0,29,20,19,1,0,20,1,1,1,0,0,0,0,0,9,0,9,9,9,0,0,0,0
930,13000459,50,0,425.024901416343,325.000000000000,34.000000000000,2.951814709303,dcc2cf17e7096c99,8d15af1f9d36efa1,c0cd8ba046ebcbda,200,180,90.000000,268.672222,248.221010,0.900000,3.900000,337.135507,2.601058,329.556022,4.333333,2.025641,0.000000,0.289617,0.613900,0.204082,0.099307,200,1040,1040,32.000000,0,0,16,16,38,38,10,0,318.000000,780,0,0,19,162,0,19,19,14,5,0,19,5,5,4,1,0,0,0,0,0,20,0,20,1,19,0,0,0
931,13000460,50,0,178.497543227689,175.000000000000,31.000000000000,2.240696643992,2a71b0a4228f9a58,8d15af1f9d36efa1,8337a7628cb9ddfd,200,140,70.000000,275.892857,257.248894,0.700000,3.200000,346.452542,1.882143,340.430196,4.571429,2.312500,0.000000,0.324895,0.606299,0.238095,0.106145,200,1160,1160,32.000000,0,0,16,16,35,35,6,2,308.000000,640,0,0,17,126,0,17,17,14,3,0,17,3,3,0,3,0,0,0,0,0,60,0,60,3,57,0,0,0
932,13000461,50,0,405.056432892279,425.000000000000,32.000000000000,2.954345795511,b91a0b3cf3dabd16,8d15af1f9d36efa1,c317e94f4927a017,200,179,89.500000,249.871508,208.634517,1.000000,3.900000,328.514135,4.144167,300.822260,3.837989,3.407569,0.000000,0.337512,0.636364,0.225479,0.146584,200,1264,1264,32.000000,0,0,16,16,55,55,8,0,350.000000,687,0,0,38,162,0,38,17,13,4,0,17,4,4,4,0,0,0,0,0,21,0,21,21,21,0,0,0,0
933,13000462,50,0,3.374568480727,425.000000000000,30.000000000000,1.921055304973,63bc5885a337769c,8d15af1f9d36efa1,b4b2beede4a0ef16,200,146,73.000000,374.972603,237.734289,1.000000,4.900000,387.648930,2.876310,458.904108,5.719178,2.661078,0.000000,0.329856,0.672668,0.193237,0.177340,200,1056,1056,31.000000,0,0,16,15,82,82,16,0,411.000000,835,0,0,68,132,0,68,14,6,8,0,14,8,8,8,0,0,0,0,0,54,0,54,54,54,0,0,0,0
934,13000463,50,0,429.780724615318,425.000000000000,33.000000000000,2.299005755967,caa1dc80a5d28db3,8d15af1f9d36efa1,6f2883cd12239d6e,200,129,64.500000,379.015504,259.516500,1.000000,5.800000,423.157938,2.311071,431.767488,5.860465,2.473545,0.000000,0.395200,0.711816,0.209205,0.257367,200,992,992,32.000000,0,0,16,16,122,122,18,38,494.000000,756,0,0,87,113,0,87,16,7,9,0,16,9,9,9,0,0,0,0,0,71,0,71,71,71,0,0,0,0
935,13000464,50,0,266.159561185718,325.000000000000,28.000000000000,1.847503848509,e8fde0a4a4574ed1,8d15af1f9d36efa1,135dcd9ab4913c6a,200,193,96.500000,211.663212,203.824027,1.000000,3.500000,263.864854,2.253333,249.405372,3.445596,2.150376,0.000000,0.326241,0.616858,0.231214,0.119205,200,968,968,32.000000,0,0,16,16,45,45,0,0,322.000000,665,0,0,26,174,0,26,19,19,0,0,19,0,0,0,0,0,0,0,0,7,0,7,7,7,0,0,0,0
936,13000465,50,0,466.463532057072,325.000000000000,39.000000000000,2.059830755448,56221185ad46d31b,8d15af1f9d36efa1,9a6fdb00c54e7881,200,145,72.500000,204.468966,218.540349,0.800000,2.200000,223.912914,3.791667,210.118041,2.655172,3.472727,0.000000,0.476190,0.636364,0.341880,0.234592,200,1144,1144,32.000000,0,0,16,16,55,55,8,8,350.000000,385,0,0,34,130,0,34,17,13,4,0,17,4,4,2,2,0,0,0,0,17,40,15,55,19,36,0,0,0
937,13000466,50,0,418.431400430195,75.000000000000,14.000000000000,2.425613764283,6b26870c1ae5827c,8d15af1f9d36efa1,c316cb8a2eec2da3,200,103,51.500000,342.757282,309.953037,0.700000,4.200000,459.196536,2.272109,417.608942,5.553398,1.919580,0.000000,0.418699,0.673203,0.259067,0.239362,200,1120,1120,32.000000,0,0,16,16,83,83,14,0,412.000000,572,0,0,71,93,0,71,12,5,7,0,12,7,7,5,2,0,0,0,0,59,60,37,97,61,36,0,0,0
938,13000467,50,0,191.046735138547,175.000000000000,29.000000000000,2.033614938074,cabd813b66877b2,8d15af1f9d36efa1,c2aa78959bcdebda,200,194,97.000000,374.541237,325.662934,1.000000,6.500000,489.299051,2.178016,488.108592,6.500000,2.129262,0.000000,0.208412,0.624060,0.136893,0.073475,200,944,944,32.000000,0,0,16,16,47,47,6,2,332.000000,1261,0,0,26,174,0,26,20,17,3,0,20,3,3,3,0,0,0,0,0,6,0,6,6,6,0,0,0,0
939,13000468,50,0,54.747673394811,175.000000000000,31.000000000000,2.846820815706,baeaad11314a85c2,8d15af1f9d36efa1,4d8d4cffd8ac95ec,200,98,49.000000,234.030612,303.196599,0.500000,1.800000,279.015980,3.050000,267.110449,3.591837,2.752841,0.000000,0.469880,0.609375,0.362319,0.185185,200,1040,1040,32.000000,0,0,16,16,33,33,14,2,312.000000,352,0,0,17,88,0,17,15,8,7,0,15,7,7,2,5,0,0,0,0,2,100,2,102,7,95,0,0,0
940,13000469,50,0,330.895562345637,325.000000000000,29.000000000000,2.734139854091,f6ac0265dd69f518,8d15af1f9d36efa1,9ac4b600c59679a1,200,160,80.000000,189.218750,198.931582,0.800000,2.300000,212.265462,2.489583,217.005144,2.875000,2.450000,0.000000,0.401042,0.606299,0.303030,0.141791,200,960,960,32.000000,0,0,16,16,36,36,4,0,308.000000,460,0,0,18,144,0,18,18,16,2,0,18,2,2,0,2,0,0,0,0,0,40,0,40,2,38,0,0,0
941,13000470,50,0,66.314298519665,325.000000000000,43.000000000000,1.500845369414,4170a21a9bfb772a,8d15af1f9d36efa1,9e97429276cc3a86,200,180,90.000000,295.822222,275.867586,0.900000,4.400000,393.768546,2.203764,362.238362,4.888889,2.061364,0.000000,0.267887,0.616858,0.185185,0.092784,200,1056,1056,32.000000,0,0,16,16,38,38,14,0,322.000000,880,0,0,19,162,0,19,19,12,7,0,19,7,7,6,1,0,0,0,0,0,20,0,20,1,19,0,0,0
942,13000471,50,0,10.234167378129,175.000000000000,49.000000000000,1.675779207954,cc1b1c406c4aa9e5,8d15af1f9d36efa1,9c26251af73d6f50,200,172,86.000000,348.122093,243.024604,1.000000,5.700000,434.295310,2.858175,425.438801,5.703488,2.759429,0.000000,0.279206,0.655172,0.169348,0.131089,200,1016,1016,32.000000,0,0,16,16,66,66,16,0,380.000000,981,0,0,47,153,0,47,19,11,8,0,19,8,8,8,0,0,0,0,0,28,0,28,28,28,0,0,0,0
943,13000472,50,0,450.869047638239,75.000000000000,33.000000000000,2.564299195366,3b757c5f64480dc6,8d15af1f9d36efa1,7604542d7b8c4d9b,200,153,76.500000,254.934641,224.716853,1.000000,3.400000,274.768511,2.835833,292.508091,3.588235,2.668488,0.000000,0.422713,0.667774,0.267023,0.236439,200,1088,1088,32.000000,0,0,16,16,79,79,12,0,402.000000,549,0,0,63,137,0,63,16,10,6,0,16,6,6,6,0,0,0,0,0,47,0,47,47,47,0,0,0,0
944,13000473,50,0,406.682043072248,75.000000000000,29.000000000000,2.258366629615,270cdf4a13adeaa1,8d15af1f9d36efa1,13db5a3c000fddd4,200,167,83.500000,371.640719,295.574584,1.000000,6.600000,496.278869,2.406190,461.305766,6.377246,2.421596,0.000000,0.267034,0.659864,0.158103,0.127764,200,976,976,32.000000,0,0,16,16,69,69,18,0,388.000000,1065,0,0,51,149,0,51,18,9,9,0,18,9,9,9,0,0,0,0,0,33,0,33,33,33,0,0,0,0
945,13000474,50,0,124.137984905264,75.000000000000,19.000000000000,2.570635463613,a71f62e053ff9f37,8d15af1f9d36efa1,5fffb6396a032784,200,129,64.500000,252.441860,225.880270,1.000000,4.100000,291.468556,3.076667,275.539078,4.023256,2.416185,0.000000,0.463289,0.691358,0.278164,0.293878,200,1152,1152,32.000000,0,0,16,16,103,103,10,0,448.000000,519,0,0,87,113,0,87,16,11,5,0,16,5,5,5,0,0,0,0,0,71,0,71,71,71,0,0,0,0
946,13000475,50,0,237.323682754899,75.000000000000,17.000000000000,1.894339170865,96f603d417941bfa,8d15af1f9d36efa1,3ab1f8cabf4e2037,200,156,78.000000,299.423077,305.066215,1.000000,5.200000,395.983979,3.165238,375.523262,5.032051,2.951592,0.000000,0.331915,0.661017,0.203046,0.167550,200,1216,1216,32.000000,0,0,16,16,74,74,10,0,390.000000,785,0,0,59,141,0,59,15,10,5,0,15,5,5,5,0,0,0,0,0,44,0,44,44,44,0,0,0,0
947,13000476,50,0,381.363319315266,325.000000000000,34.000000000000,2.115364282023,df0478deed58b6ef,8d15af1f9d36efa1,649efd7b8f405634,200,136,68.000000,202.617647,214.068346,0.700000,2.000000,234.457169,2.945238,234.250700,2.823529,2.807292,0.000000,0.451429,0.612403,0.342466,0.179487,200,1008,1008,32.000000,0,0,16,16,39,39,6,2,316.000000,384,0,0,21,122,0,21,17,14,3,0,17,3,3,0,3,0,0,0,0,4,60,4,64,7,57,0,0,0
948,13000477,50,0,244.395146989936,175.000000000000,28.000000000000,1.868947975039,45fb195260e09a5,8d15af1f9d36efa1,8a7dbf93fedc5c97,200,186,93.000000,361.698925,307.623376,1.000000,5.800000,473.668080,2.095833,472.986346,5.784946,2.356877,0.000000,0.236879,0.625468,0.156740,0.086587,200,936,936,32.000000,0,0,16,16,50,50,2,0,334.000000,1076,0,0,32,168,0,32,18,17,1,0,18,1,1,1,0,0,0,0,0,14,0,14,14,14,0,0,0,0
949,13000478,50,0,197.769762014768,325.000000000000,36.000000000000,1.696650717731,7bb1a7a82d1121e8,8d15af1f9d36efa1,a0f160e4e05fbfec,200,126,63.000000,316.738095,318.909514,0.700000,3.400000,397.001327,3.133333,408.950537,5.055556,3.091052,0.000000,0.339896,0.621212,0.238949,0.130969,200,968,968,32.000000,0,0,16,16,45,45,6,2,328.000000,637,0,0,29,114,0,29,15,12,3,0,15,3,3,0,3,0,0,0,0,14,60,14,74,17,57,0,0,0
950,13000479,50,0,329.265381341967,75.000000000000,32.000000000000,1.998623497708,c8d1d03997386ecd,8d15af1f9d36efa1,877c70719f4b1c51,200,165,82.500000,274.484848,287.002495,1.000000,4.500000,349.039901,2.731667,333.979320,4.515152,2.487248,0.000000,0.334227,0.651568,0.211640,0.160090,200,1056,1056,32.000000,0,0,16,16,66,66,10,2,374.000000,745,0,0,50,150,0,50,15,10,5,0,15,5,5,5,0,0,0,0,0,35,0,35,35,35,0,0,0,0
951,13000480,50,0,185.067772188518,425.000000000000,32.000000000000,1.598445916739,b530b4a20d877a7d,8d15af1f9d36efa1,3a268efb88bb3c88,200,180,90.000000,256.616667,220.504384,1.000000,4.100000,297.933854,2.672024,281.170358,3.833333,2.594203,0.000000,0.352720,0.652778,0.224719,0.172662,200,1064,1064,32.000000,0,0,16,16,70,70,4,32,376.000000,690,0,0,38,162,2,36,16,14,2,0,16,2,2,2,0,0,0,0,0,20,0,20,20,20,0,0,0,0
952,13000481,50,0,420.517877748046,325.000000000000,37.000000000000,2.538818855687,b6bb9a08d7b4953f,8d15af1f9d36efa1,7baa2ba01fcdf47e,200,188,94.000000,264.787234,230.177530,1.000000,4.200000,319.581096,2.700000,331.300007,4.388298,2.456970,0.000000,0.289406,0.626866,0.195122,0.111948,200,1024,1024,32.000000,0,0,16,16,50,50,4,0,336.000000,825,0,0,31,169,0,31,19,17,2,0,19,2,2,2,0,0,0,0,0,12,0,12,12,12,0,0,0,0
953,13000482,50,0,101.775363451219,175.000000000000,24.000000000000,2.958681310674,30295a7a66680251,8d15af1f9d36efa1,70981884a7410bde,200,80,40.000000,388.650000,365.917698,0.500000,3.100000,500.980000,2.843810,489.204823,6.150000,2.660569,0.000000,0.422535,0.642857,0.289017,0.206452,200,1024,1024,32.000000,0,0,16,16,59,59,10,4,360.000000,492,0,0,43,71,0,43,14,9,5,0,14,5,5,0,5,0,0,0,0,29,100,20,120,34,86,0,0,0
954,13000483,50,0,441.258997966908,175.000000000000,41.000000000000,2.086736559497,c4a8249f8220e903,8d15af1f9d36efa1,9b383a4fc3733174,200,160,80.000000,227.356250,218.353858,0.800000,2.900000,302.716711,2.812500,264.740173,3.625000,2.275862,0.000000,0.352679,0.612403,0.256410,0.126506,200,1128,1128,32.000000,0,0,16,16,38,38,8,0,316.000000,580,0,0,20,144,0,20,18,14,4,0,18,4,4,2,2,0,0,0,0,2,40,0,40,4,36,0,0,0
955,13000484,50,0,104.527539601885,325.000000000000,39.000000000000,2.124299816106,88aafab8b41043ab,8d15af1f9d36efa1,5c7d0f94419d6dda,200,180,90.000000,284.072222,272.524724,0.900000,3.700000,335.240391,2.634524,338.206960,4.222222,2.763158,0.000000,0.300184,0.619772,0.208333,0.110070,200,1000,1000,32.000000,0,0,16,16,40,40,14,4,326.000000,760,0,0,19,162,0,19,19,12,7,0,19,7,7,6,1,0,0,0,0,0,20,0,20,1,19,0,0,0
956,13000485,50,0,400.440654314645,325.000000000000,40.000000000000,1.910917091615,94eacbf454202c96,8d15af1f9d36efa1,dff0c837bef48586,200,195,97.500000,362.861538,240.816111,1.000000,5.300000,408.125594,2.995000,471.102957,6.425641,2.367119,0.000000,0.205453,0.618321,0.137646,0.068401,200,1024,1024,32.000000,0,0,16,16,46,46,0,2,324.000000,1253,0,0,25,175,0,25,20,20,0,0,20,0,0,0,0,0,0,0,0,5,0,5,5,5,0,0,0,0
957,13000486,50,0,445.370754198353,325.000000000000,46.000000000000,1.728314360175,90f8201eb651a671,8d15af1f9d36efa1,1bd95ce22dc3e66f,200,175,87.500000,293.005714,307.783369,1.000000,4.800000,386.343333,2.679167,365.684035,4.754286,2.531250,0.000000,0.304929,0.646018,0.193798,0.138716,200,1064,1064,31.000000,0,0,16,15,63,63,8,0,365.000000,832,0,0,44,156,0,44,19,15,4,0,19,4,4,4,0,0,0,0,0,25,0,25,25,25,0,0,0,0
958,13000487,50,0,269.684561073910,325.000000000000,23.000000000000,1.717100224347,5c315349edba1d4a,8d15af1f9d36efa1,fbcab74eccd0d19,200,167,83.500000,252.652695,257.075319,1.000000,4.200000,321.555170,2.572619,313.398797,4.125749,2.499274,0.000000,0.345679,0.645390,0.224972,0.160780,200,1080,1080,32.000000,0,0,16,16,65,65,2,0,364.000000,689,0,0,49,151,0,49,16,15,1,0,16,1,1,1,0,0,0,0,0,33,0,33,33,33,0,0,0,0
959,13000488,50,0,291.049857601126,425.000000000000,20.000000000000,1.944836903301,4d0a3842eee26468,8d15af1f9d36efa1,f854b831e01278aa,200,136,68.000000,283.007353,278.285453,0.800000,3.600000,356.879404,2.918403,334.737680,4.257353,2.419689,0.000000,0.383387,0.642857,0.256739,0.181047,200,1064,1064,32.000000,0,0,16,16,56,56,16,0,360.000000,579,0,0,40,122,0,40,16,8,8,0,16,8,8,6,2,0,0,0,0,24,40,24,64,26,38,0,0,0
960,13000489,50,0,452.117357491388,425.000000000000,27.000000000000,2.617644332934,63008a4f322103c9,8d15af1f9d36efa1,83266e6c39de6a01,200,72,36.000000,229.500000,222.294839,1.000000,4.100000,308.558619,2.743889,239.602652,3.375000,1.962963,0.000000,0.688062,0.728261,0.451467,0.555759,200,912,912,32.000000,0,0,16,16,148,148,8,8,536.000000,243,0,0,136,64,0,136,8,4,4,0,8,4,4,4,0,0,0,0,0,128,0,128,128,128,0,0,0,0
961,13000490,50,0,403.723596873128,425.000000000000,25.000000000000,2.901798675271,f743db610e11e92c,8d15af1f9d36efa1,d85b9d4fe638ad3d,200,132,66.000000,210.348485,190.718960,1.000000,3.700000,278.418025,2.588889,236.580363,3.242424,2.679907,0.000000,0.497653,0.679487,0.318471,0.309677,200,928,928,32.000000,0,0,16,16,93,93,6,2,424.000000,428,0,0,80,120,0,80,12,9,3,0,12,3,3,3,0,0,0,0,0,68,0,68,68,68,0,0,0,0
962,13000491,50,0,311.100300353791,325.000000000000,27.000000000000,1.992962869594,68b3d38fd4fb9c0c,8d15af1f9d36efa1,73a46d3b771ade98,200,113,56.500000,224.469027,276.938664,0.600000,2.200000,285.367534,1.833333,256.486148,3.336283,1.946950,0.000000,0.457554,0.613900,0.346620,0.185745,200,856,856,32.000000,0,0,16,16,38,38,10,2,318.000000,377,0,0,22,102,0,22,15,10,5,0,15,5,5,1,4,0,0,0,0,7,80,7,87,11,76,0,0,0
963,13000492,50,0,440.867138198630,425.000000000000,31.000000000000,2.258171549160,e6df75a9d86b9dbe,8d15af1f9d36efa1,10da5c4f752470e1,200,93,46.500000,191.720430,264.667011,0.500000,1.200000,191.715792,2.733333,175.792525,2.419355,2.915556,0.000000,0.646782,0.673203,0.470588,0.444444,200,1024,1024,32.000000,0,0,16,16,81,81,18,14,412.000000,225,0,0,59,83,0,59,15,6,9,0,15,9,9,4,5,0,0,0,0,44,100,7,107,49,58,0,0,0
964,13000493,50,0,53.275084854834,425.000000000000,25.000000000000,2.729070355932,dbd4be931701cb1e,8d15af1f9d36efa1,93de2ad0b2b8e3ed,200,146,73.000000,236.260274,259.336996,0.800000,2.800000,261.422092,2.107143,274.775739,3.719178,2.101289,0.000000,0.382253,0.626866,0.269179,0.160742,200,912,912,32.000000,0,0,16,16,46,46,12,0,336.000000,543,0,0,30,132,0,30,16,10,6,0,16,6,6,4,2,0,0,0,0,14,40,14,54,16,38,0,0,0
965,13000494,50,0,138.907892808560,325.000000000000,24.000000000000,2.899676087030,8e22bf53b5c3480d,8d15af1f9d36efa1,b51475075eef7b6a,200,188,94.000000,315.053191,318.336826,1.000000,4.800000,396.100850,2.664286,405.964025,5.117021,2.402287,0.000000,0.260000,0.628253,0.172117,0.099251,200,1056,1056,32.000000,0,0,16,16,50,50,6,0,338.000000,962,0,0,31,169,0,31,19,16,3,0,19,3,3,3,0,0,0,0,0,12,0,12,12,12,0,0,0,0
966,13000495,50,0,195.728597233426,175.000000000000,30.000000000000,2.201569795062,40ad39390b0586e2,8d15af1f9d36efa1,9abe1100c590f594,200,180,90.000000,211.177778,211.048211,0.900000,2.800000,232.720987,2.055556,243.496750,3.111111,2.250000,0.000000,0.359268,0.610895,0.263158,0.127726,200,904,904,32.000000,0,0,16,16,38,38,6,0,314.000000,560,0,0,19,162,0,19,19,16,3,0,19,3,3,2,1,0,0,0,0,0,20,0,20,1,19,0,0,0
967,13000496,50,0,380.637477169250,425.000000000000,23.000000000000,2.976272301916,fbb45fea3aae6e65,8d15af1f9d36efa1,86180f9d673b2bfa,200,139,69.500000,301.194245,288.717472,1.000000,4.900000,367.654877,2.542143,347.087165,4.741007,2.593323,0.000000,0.392627,0.680511,0.232829,0.227433,200,968,968,32.000000,0,0,16,16,91,91,12,4,426.000000,659,0,0,75,125,0,75,14,8,6,0,14,6,6,6,0,0,0,0,0,61,0,61,61,61,0,0,0,0
968,13000497,50,0,333.525689013829,175.000000000000,39.000000000000,1.724964975127,629b91a6843e4e7a,8d15af1f9d36efa1,b235434f3fb73268,200,198,99.000000,263.474747,229.928742,1.000000,4.500000,337.133499,3.160833,328.427765,4.525253,3.004464,0.000000,0.263158,0.615385,0.182482,0.089431,200,1096,1096,32.000000,0,0,16,16,42,42,4,0,320.000000,896,0,0,22,178,0,22,20,18,2,0,20,2,2,2,0,0,0,0,0,2,0,2,2,2,0,0,0,0
969,13000498,50,0,281.149332241270,425.000000000000,18.000000000000,1.532888448630,72aed285da121146,8d15af1f9d36efa1,bd349b4eeee93775,200,155,77.500000,334.877419,257.532513,1.000000,4.800000,369.148180,2.369307,404.529225,5.225806,2.212346,0.000000,0.331683,0.667774,0.198020,0.173469,200,912,912,32.000000,0,0,16,16,76,76,18,2,402.000000,810,0,0,60,140,0,60,15,6,9,0,15,9,9,9,0,0,0,0,0,45,0,45,45,45,0,0,0,0
970,13000499,50,0,471.694946045601,325.000000000000,48.000000000000,1.574889197146,46216d7624c69eb0,8d15af1f9d36efa1,360691c614286e09,200,100,50.000000,270.590000,253.248966,0.700000,2.800000,297.583324,2.885714,320.399028,4.540000,2.685022,0.000000,0.501099,0.695122,0.305810,0.330383,200,1176,1176,32.000000,0,0,16,16,108,108,8,2,456.000000,454,0,0,93,89,0,93,14,10,4,0,14,4,4,1,3,0,0,0,0,79,60,40,100,82,18,0,0,0
971,13000500,50,0,86.227921533186,425.000000000000,25.000000000000,2.193734457316,3fddbef5b2ea72d4,8d15af1f9d36efa1,de0b6bfe9147b3ed,200,105,52.500000,300.609524,265.142409,0.700000,2.800000,300.463393,2.558163,332.792916,4.352381,2.258206,0.000000,0.476518,0.675325,0.304414,0.287051,200,968,968,32.000000,0,0,16,16,82,82,20,6,416.000000,457,0,0,65,94,0,65,14,4,10,0,14,10,10,7,3,0,0,0,0,51,60,35,95,54,41,0,0,0
972,13000501,50,0,112.176252705320,175.000000000000,28.000000000000,2.532744127140,51170bf18372beb0,8d15af1f9d36efa1,ecd9434ff1634831,200,40,20.000000,227.225000,294.362708,0.200000,0.700000,292.636383,2.875000,251.690277,3.500000,2.428571,0.000000,0.683258,0.601594,0.588235,0.333333,200,1240,1240,32.000000,0,0,16,16,24,24,22,0,302.000000,140,0,0,12,36,0,12,12,1,11,0,12,11,11,3,8,0,0,0,0,0,160,0,160,8,152,0,0,0
973,13000502,50,0,460.396779687402,175.000000000000,39.000000000000,2.860571229181,ed464772bdcc7b74,8d15af1f9d36efa1,9f7526f5bf3cd0e5,200,122,61.000000,205.196721,240.836201,0.800000,2.500000,233.916232,3.304167,243.960222,3.213115,3.301020,0.000000,0.485564,0.649123,0.337838,0.260377,200,1144,1144,32.000000,0,0,16,16,64,64,10,0,370.000000,392,0,0,51,111,0,51,13,8,5,0,13,5,5,3,2,0,0,0,0,38,40,38,78,40,38,0,0,0
974,13000503,50,0,440.000508902128,75.000000000000,30.000000000000,2.884875847282,426b288a8a1c121f,8d15af1f9d36efa1,e393b91d317cf48b,200,73,36.500000,236.794521,307.697659,0.500000,2.000000,300.170062,1.933333,297.116975,4.082192,2.000000,0.000000,0.555224,0.650350,0.401606,0.319635,200,928,928,32.000000,0,0,16,16,64,64,12,0,372.000000,298,0,0,52,66,0,52,12,6,6,0,12,6,6,1,5,0,0,0,0,40,100,27,127,45,82,0,0,0
975,13000504,50,0,246.722896206204,175.000000000000,35.000000000000,1.525649567834,7d2e4daa0fa860bf,8d15af1f9d36efa1,a1a33ed73b9d2d6b,200,170,85.000000,244.217647,271.995867,0.900000,3.800000,324.478492,3.043519,291.480936,4.000000,2.852941,0.000000,0.325397,0.621212,0.227273,0.123711,200,1088,1088,32.000000,0,0,16,16,46,46,4,0,328.000000,680,0,0,28,153,0,28,18,16,2,0,18,2,2,1,1,0,0,0,0,10,20,10,30,11,19,0,0,0
976,13000505,50,0,340.682751518102,425.000000000000,29.000000000000,2.072669925028,9bc2e3dde9ef3152,8d15af1f9d36efa1,baa047c14a22663b,200,180,90.000000,212.061111,213.751725,1.000000,3.300000,255.564387,2.809286,247.182220,3.255556,2.928328,0.000000,0.369892,0.632353,0.254453,0.160458,200,1112,1112,32.000000,0,0,16,16,56,56,0,0,344.000000,586,0,0,38,162,0,38,18,18,0,0,18,0,0,0,0,0,0,0,0,20,0,20,20,20,0,0,0,0
977,13000506,50,0,238.952576556202,175.000000000000,24.000000000000,1.849470642673,25f77b37e427a1bc,8d15af1f9d36efa1,6749ea8336d09395,200,159,79.500000,365.698113,323.932873,0.900000,5.800000,496.579235,2.830026,475.187037,6.194969,2.645685,0.000000,0.262172,0.636364,0.168776,0.106981,200,904,904,32.000000,0,0,16,16,53,53,12,0,350.000000,985,0,0,37,144,0,37,16,10,6,0,16,6,6,5,1,0,0,0,0,21,20,21,41,22,19,0,0,0
978,13000507,50,0,316.537750682891,425.000000000000,23.000000000000,2.561548203298,18ce789bdfda420c,8d15af1f9d36efa1,f921c4a99898134a,200,158,79.000000,274.430380,240.022418,1.000000,4.200000,340.521044,2.240952,343.949488,4.424051,2.331903,0.000000,0.356946,0.659864,0.222469,0.182456,200,1048,1048,32.000000,0,0,16,16,71,71,14,2,388.000000,699,0,0,56,144,0,56,14,7,7,0,14,7,7,7,0,0,0,0,0,42,0,42,42,42,0,0,0,0
979,13000508,50,0,42.519461261757,75.000000000000,30.000000000000,2.794280755913,b540d66638ffc240,8d15af1f9d36efa1,3f42d80ab8af7f50,200,88,44.000000,165.045455,260.372771,0.500000,1.100000,155.808145,2.466667,150.094953,2.136364,2.207447,0.000000,0.661871,0.647887,0.515464,0.419753,200,840,840,32.000000,0,0,16,16,61,61,14,0,368.000000,188,0,0,46,78,0,46,15,8,7,0,15,7,7,2,5,0,0,0,0,31,100,12,112,36,76,0,0,0
980,13000509,50,0,498.871843538222,425.000000000000,29.000000000000,1.680008377347,8ba0fa7b6d902876,8d15af1f9d36efa1,b6874e31ad95e561,200,101,50.500000,388.306931,285.863781,1.000000,5.400000,413.167592,2.659246,416.348984,5.524752,2.284946,0.000000,0.491340,0.729364,0.263852,0.355658,200,1080,1080,31.000000,0,0,16,15,144,144,20,38,539.000000,558,0,0,112,88,0,112,13,3,10,0,13,10,10,10,0,0,0,0,0,99,0,99,99,99,0,0,0,0
981,13000510,50,0,32.698324916848,175.000000000000,36.000000000000,2.928338725108,e428eb40c1d8b7d1,8d15af1f9d36efa1,8be9ddf07194f89c,200,200,100.000000,312.815000,263.634458,1.000000,4.600000,377.008990,2.790000,370.562226,4.670000,2.350107,0.000000,0.261076,0.622642,0.176367,0.094961,200,1000,1000,32.000000,0,0,16,16,41,41,16,2,330.000000,934,0,0,20,180,0,20,20,12,8,0,20,8,8,8,0,0,0,0,0,0,0,0,0,0,0,0,0,0
982,13000511,50,0,367.311987446658,325.000000000000,35.000000000000,2.073103922062,eb3cf481c1bcca9a,8d15af1f9d36efa1,e952d44fefbaba59,200,180,90.000000,172.105556,156.803235,0.900000,2.500000,205.158611,2.666667,187.874408,2.777778,2.600000,0.000000,0.384236,0.609375,0.285714,0.137931,200,1104,1104,32.000000,0,0,16,16,38,38,4,0,312.000000,500,0,0,19,162,0,19,19,17,2,0,19,2,2,1,1,0,0,0,0,0,20,0,20,1,19,0,0,0
983,13000512,50,0,159.288604824253,425.000000000000,20.000000000000,2.781053495565,478c89c8902a2240,8d15af1f9d36efa1,fbf0cfcaa4048f97,200,162,81.000000,352.487654,313.065070,1.000000,5.600000,406.775473,2.036667,437.169353,5.864198,2.010526,0.000000,0.292101,0.662162,0.173913,0.144144,200,1008,1008,32.000000,0,0,16,16,75,75,10,10,392.000000,950,0,0,54,146,0,54,16,11,5,0,16,5,5,5,0,0,0,0,0,38,0,38,38,38,0,0,0,0
984,13000513,50,0,332.911573779483,325.000000000000,24.000000000000,2.631372071845,51a1b832d37fe674,8d15af1f9d36efa1,111ae74f755b4107,200,100,50.000000,265.600000,284.064137,0.500000,2.000000,318.941922,2.577778,321.677976,4.000000,2.400000,0.000000,0.433428,0.604743,0.333333,0.156118,200,1096,1096,32.000000,0,0,16,16,30,30,14,0,306.000000,400,0,0,15,90,0,15,15,8,7,0,15,7,7,2,5,0,0,0,0,0,100,0,100,5,95,0,0,0
985,13000514,50,0,439.577237132653,175.000000000000,46.000000000000,1.833224628502,d2d18229cb96f631,8d15af1f9d36efa1,9a8e7b00c56885f0,200,191,95.500000,330.874346,271.485410,1.000000,4.900000,394.955024,2.462619,399.301716,4.937173,2.185578,0.000000,0.268425,0.633700,0.174978,0.107852,200,872,872,32.000000,0,0,16,16,51,51,12,4,346.000000,943,0,0,29,171,0,29,20,14,6,0,20,6,6,6,0,0,0,0,0,9,0,9,9,9,0,0,0,0
986,13000515,50,0,490.347714319630,425.000000000000,30.000000000000,1.934088027578,fb1303cb2a455459,8d15af1f9d36efa1,9afb3900c5c4e7aa,200,98,49.000000,261.755102,297.836657,0.900000,4.400000,407.510265,2.923457,296.045274,3.602041,2.946176,0.000000,0.564735,0.696049,0.361664,0.390328,200,1072,1072,32.000000,0,0,16,16,109,109,8,0,458.000000,353,0,0,98,88,0,98,11,7,4,0,11,4,4,3,1,0,0,0,0,87,20,82,102,88,14,0,0,0
987,13000516,50,0,119.196305264201,175.000000000000,44.000000000000,1.790376359786,aa77d9021709ced3,8d15af1f9d36efa1,8f6d1a4f2bf9e9af,200,157,78.500000,248.235669,234.657971,0.900000,3.400000,301.531946,1.915344,308.954785,3.961783,2.252412,0.000000,0.357438,0.633700,0.243309,0.154891,200,1008,1008,32.000000,0,0,16,16,55,55,4,0,346.000000,622,0,0,39,142,0,39,16,14,2,0,16,2,2,1,1,0,0,0,0,23,20,23,43,24,19,0,0,0
988,13000517,50,0,149.754168884582,425.000000000000,18.000000000000,2.262691023014,91df7c1e99564b5c,8d15af1f9d36efa1,813022ce33055e00,200,125,62.500000,345.000000,309.371905,0.800000,4.300000,420.066618,2.601190,435.449170,5.640000,2.655319,0.000000,0.342964,0.647887,0.220994,0.161712,200,1104,1104,32.000000,0,0,16,16,61,61,14,0,368.000000,705,0,0,48,114,0,48,13,6,7,0,13,7,7,5,2,0,0,0,0,35,40,35,75,37,38,0,0,0
989,13000518,50,0,441.782820628313,325.000000000000,36.000000000000,2.974972690174,4db3cad2a8d86497,8d15af1f9d36efa1,df8ad7ed5a675e4c,200,127,63.500000,363.251969,289.729079,0.800000,5.000000,483.397638,2.376786,455.481211,6.007874,1.916121,0.000000,0.328936,0.651568,0.207684,0.156906,200,984,984,32.000000,0,0,16,16,65,65,12,0,374.000000,763,0,0,49,113,0,49,16,10,6,0,16,6,6,4,2,0,0,0,0,33,40,33,73,35,38,0,0,0
990,13000519,50,0,98.695011370642,325.000000000000,36.000000000000,2.523732750472,37c6813c00ca0efc,8d15af1f9d36efa1,adcf77704cbbd3f1,200,190,95.000000,287.131579,276.667436,1.000000,4.900000,362.772877,2.811667,352.874962,4.968421,2.597458,0.000000,0.263076,0.627561,0.174825,0.100952,200,976,976,31.000000,0,0,16,15,50,50,6,0,337.000000,944,0,0,30,170,0,30,20,17,3,0,20,3,3,3,0,0,0,0,0,10,0,10,10,10,0,0,0,0
991,13000520,50,0,51.218258828444,325.000000000000,38.000000000000,2.800562655121,a39fd379775d5ada,8d15af1f9d36efa1,9aed9800c5b94bbb,200,151,75.500000,244.615894,238.295284,0.800000,3.200000,321.108676,2.586012,289.097468,3.900662,2.466893,0.000000,0.370053,0.633700,0.253485,0.162162,200,1048,1048,32.000000,0,0,16,16,52,52,10,0,346.000000,589,0,0,35,136,0,35,17,12,5,0,17,5,5,3,2,0,0,0,0,18,40,9,49,20,29,0,0,0
992,13000521,50,0,94.160308864167,425.000000000000,30.000000000000,2.167990168369,5e481d0fc06c2b02,8d15af1f9d36efa1,8a85f0f3f2f48f1d,200,156,78.000000,218.666667,209.956160,1.000000,3.400000,263.993115,2.854762,256.471923,3.352564,2.829828,0.000000,0.423374,0.657534,0.276625,0.225185,200,1312,1312,32.000000,0,0,16,16,74,74,4,0,384.000000,523,0,0,59,141,0,59,15,13,2,0,15,2,2,2,0,0,0,0,0,44,0,44,44,44,0,0,0,0
993,13000522,50,0,451.082112636188,325.000000000000,35.000000000000,2.944609428470,e9cd1ecfd2ffb8cc,8d15af1f9d36efa1,6ce6a624c02a5441,200,166,83.000000,311.186747,273.624537,0.900000,4.600000,377.581629,2.486376,384.472231,5.319277,2.346546,0.000000,0.280359,0.632353,0.184672,0.112563,200,1200,1200,32.000000,0,0,16,16,49,49,14,0,344.000000,883,0,0,32,149,0,32,18,11,7,0,18,7,7,6,1,0,0,0,0,14,20,14,34,15,19,0,0,0
994,13000523,50,0,484.962974883347,175.000000000000,47.000000000000,2.031292586640,da0724b5ec765e3d,8d15af1f9d36efa1,19ced58695058697,200,172,86.000000,205.563953,197.125765,0.900000,2.700000,239.803815,2.685185,236.452449,3.093023,2.310150,0.000000,0.394077,0.633700,0.273224,0.176471,200,1056,1056,32.000000,0,0,16,16,55,55,4,2,346.000000,532,0,0,36,155,0,36,18,16,2,0,18,2,2,1,1,0,0,0,0,18,20,8,28,19,9,0,0,0
995,13000524,50,0,470.581334419511,75.000000000000,30.000000000000,1.523210233240,6ab58f40180da925,8d15af1f9d36efa1,c7f0684c4b512fad,200,47,23.500000,358.191489,334.038481,0.400000,1.800000,375.382749,2.575000,403.445454,4.787234,2.315556,0.000000,0.671533,0.696970,0.470588,0.503311,200,1040,1040,32.000000,0,0,16,16,103,103,22,2,460.000000,225,0,0,91,42,0,91,11,0,11,0,11,11,11,5,6,0,0,0,0,80,120,33,153,86,67,0,0,0
996,13000525,50,0,158.780511529930,175.000000000000,38.000000000000,1.669737641669,504c806a5be8be79,8d15af1f9d36efa1,f18016cd5c151236,200,120,60.000000,164.233333,237.829851,0.600000,1.500000,181.210290,2.527778,183.647771,2.500000,2.666667,0.000000,0.504950,0.604743,0.400000,0.197861,200,1088,1088,32.000000,0,0,16,16,32,32,10,0,306.000000,300,0,0,16,108,0,16,16,11,5,0,16,5,5,1,4,0,0,0,0,0,80,0,80,4,76,0,0,0
997,13000526,50,0,126.634446483782,75.000000000000,33.000000000000,2.119000538690,8498edb629d724f8,8d15af1f9d36efa1,bbc17a5f176ef527,200,126,63.000000,183.722222,181.026206,0.700000,1.700000,198.359217,3.150000,210.737058,2.587302,3.288344,0.000000,0.521994,0.640288,0.380228,0.275556,200,1184,1184,32.000000,0,0,16,16,58,58,8,0,356.000000,326,0,0,44,114,0,44,15,11,4,0,15,4,4,1,3,0,0,0,0,29,60,14,74,32,42,0,0,0
998,13000527,50,0,375.119127047036,175.000000000000,44.000000000000,1.513054077777,611e86ea2997c482,8d15af1f9d36efa1,b5aea9e7d243a2bc,200,97,48.500000,294.536082,328.431129,0.500000,2.300000,345.108183,3.612857,368.274808,4.938144,2.486430,0.000000,0.397484,0.612403,0.294551,0.149201,200,1136,1136,32.000000,0,0,16,16,36,36,12,0,316.000000,479,0,0,21,87,0,21,15,9,6,0,15,6,6,1,5,0,0,0,0,6,100,3,103,11,92,0,0,0
999,13000528,50,0,128.297846907949,425.000000000000,24.000000000000,2.280748237636,ef8ba4a4c756ab21,8d15af1f9d36efa1,3323e0b6aa6439e4,200,109,54.500000,404.256881,316.137485,0.900000,5.900000,484.183235,2.159171,477.373234,6.477064,2.290368,0.000000,0.393471,0.696049,0.220751,0.242489,200,880,880,32.000000,0,0,16,16,103,103,20,16,458.000000,706,0,0,83,98,0,83,12,2,10,0,12,10,10,9,1,0,0,0,0,71,20,71,91,72,19,0,0,0
