scenario_id,scenario_seed,node_count,selected_oc,x,y,local_density,speed,topology_hash,acoustic_state_hash,route_hash,generated_packets,delivered_packets,PDR,E2ED_ms,mean_source_destination_distance_m,connected_flow_pair_ratio,mean_static_shortest_hops,mean_static_shortest_path_length_m,mean_static_feasible_relay_candidates,mean_delivered_path_length_m,mean_delivered_hop_count,mean_delivered_relay_candidate_count,mean_delivered_relay_wait_ms,ROR_total,ROR_generated,ROR_hello,ROR_reactive,hello_tx,neighbor_update_tx,raw_neighbor_update_burden,compressed_topology_updates,topology_digest_packets,mc_topology_digest_ack_packets,lc_topology_update_tx,mc_topology_update_tx,route_request_tx,route_reply_tx,mc_control_tx,gateway_control_tx,control_transmissions,data_hops,OC_data_hops,architecture_violations,controller_requests,installed_route_hits,lc_cache_hits,lc_cache_misses,oc_route_computations,oc_route_successes,oc_route_failures,oc_cache_hits,oc_cache_misses,mc_fallbacks,mc_route_computations,mc_route_successes,mc_route_failures,route_recoveries,recovery_successes,recovery_failures,link_invalidations,control_unreachable,no_physical_path,routing_failure_with_path,final_no_path_drops,failed_route_attempts,negative_cache_hits,pending_route_suppressions,route_discovery_buffered_retries,route_discovery_timeout_drops
500,13000029,50,1,275.791332812,325,29,1.5147701837,8e4e63d97e6d5d93,8d15af1f9d36efa1,4f255b82e9f56d32,200,166,83.000000,314.096386,274.299261,0.900000,5.000000,428.807142,2.532496,404.241741,5.644578,2.239061,0.000000,0.266249,0.629630,0.175901,0.103349,200,904,904,32.000000,0,0,16,16,53,53,2,0,340.000000,937,0,0,36,150,0,36,17,16,1,0,17,1,1,0,1,0,0,0,0,19,20,14,34,20,14,0,0,0
501,13000030,50,1,17.091415046255,325.000000000000,37.000000000000,2.623125837014,3339c635531a8bfc,8d15af1f9d36efa1,f75906c346f522d5,200,186,93.000000,247.688172,246.089098,1.000000,4.300000,326.068980,3.234762,307.395134,4.069892,2.645971,0.000000,0.311192,0.630996,0.208986,0.126874,200,1120,1120,32.000000,0,0,16,16,54,54,2,0,342.000000,757,0,0,34,166,0,34,20,19,1,0,20,1,1,1,0,0,0,0,0,14,0,14,14,14,0,0,0,0
502,13000031,50,1,410.545850577770,75.000000000000,21.000000000000,2.522983243383,75ece9ff99f1457,8d15af1f9d36efa1,85562472504a7d31,200,109,54.500000,365.844037,280.903596,1.000000,5.500000,428.392756,2.332222,448.193725,5.899083,1.987558,0.000000,0.431477,0.709302,0.237248,0.284761,200,928,928,32.000000,0,0,16,16,123,123,10,8,488.000000,643,0,0,105,95,0,105,14,9,5,0,14,5,5,5,0,0,0,0,0,91,0,91,91,91,0,0,0,0
503,13000032,50,1,209.416238389548,175.000000000000,23.000000000000,1.595915218756,ac93a6d06e6a786b,8d15af1f9d36efa1,9df51e65e9960418,200,200,100.000000,439.325000,342.931286,1.000000,7.000000,539.931840,2.533120,538.575553,7.035000,2.479033,0.000000,0.196459,0.632353,0.124456,0.073733,200,976,976,32.000000,0,0,16,16,47,47,18,14,344.000000,1407,0,0,20,180,0,20,20,11,9,0,20,9,9,9,0,0,0,0,0,0,0,0,0,0,0,0,0,0
504,13000033,50,1,94.989119762270,175.000000000000,28.000000000000,2.631025389613,a7ab1090e8a67b23,8d15af1f9d36efa1,4039115021076c47,200,197,98.500000,353.137056,271.126535,1.000000,5.800000,460.337018,2.152619,455.312645,5.842640,2.161599,0.000000,0.219661,0.618321,0.148038,0.074014,200,936,936,32.000000,0,0,16,16,43,43,6,0,324.000000,1151,0,0,23,177,0,23,20,17,3,0,20,3,3,3,0,0,0,0,0,3,0,3,3,3,0,0,0,0
505,13000034,50,1,144.787595783449,425.000000000000,20.000000000000,2.936813849423,24147f8ed9770761,8d15af1f9d36efa1,db3cb6fe989cfab2,200,120,60.000000,224.183333,270.416431,0.700000,2.400000,245.691758,1.761905,255.628207,3.608333,2.108545,0.000000,0.468712,0.656357,0.315956,0.257290,200,1080,1080,32.000000,0,0,16,16,73,73,4,4,382.000000,433,0,0,57,108,0,57,14,12,2,0,14,2,2,0,2,0,0,0,0,43,60,20,80,45,35,0,0,0
506,13000035,50,1,12.693325733741,325.000000000000,36.000000000000,1.537954566922,51d3af310bf66412,8d15af1f9d36efa1,38846179b64625fd,200,57,28.500000,398.070175,336.684087,0.600000,3.800000,500.700048,2.354630,464.137444,5.964912,2.388235,0.000000,0.616685,0.732262,0.370370,0.481707,200,960,960,31.000000,0,0,16,15,154,154,8,76,547.000000,340,0,0,107,52,0,107,9,5,4,0,9,4,4,0,4,0,0,0,0,98,80,63,143,102,41,0,0,0
507,13000036,50,1,360.301747246560,425.000000000000,22.000000000000,2.860723221486,45f63009efac358a,8d15af1f9d36efa1,9a87b700c562cd36,200,130,65.000000,186.807692,183.525867,0.700000,2.100000,226.569285,2.768707,212.660248,2.815385,2.953552,0.000000,0.484507,0.632353,0.353357,0.234310,200,1104,1104,32.000000,0,0,16,16,51,51,10,0,344.000000,366,0,0,35,117,0,35,16,11,5,0,16,5,5,2,3,0,0,0,0,19,60,10,70,22,48,0,0,0
508,13000037,50,1,409.504757081640,325.000000000000,34.000000000000,2.735163438993,b1adad5b2b606818,8d15af1f9d36efa1,9afe8600c5c7a058,200,166,83.000000,226.439759,243.614252,0.900000,3.200000,266.294449,2.914286,272.482846,3.632530,2.761194,0.000000,0.364594,0.633700,0.249066,0.158996,200,1032,1032,32.000000,0,0,16,16,56,56,2,0,346.000000,603,0,0,38,149,0,38,18,17,1,0,18,1,1,0,1,0,0,0,0,20,20,14,34,21,13,0,0,0
509,13000038,50,1,26.693323271262,75.000000000000,34.000000000000,2.282799688852,4c7c0b82426fccba,8d15af1f9d36efa1,9b0c0f00c5d3137f,200,161,80.500000,249.347826,222.260902,1.000000,3.500000,265.180742,2.072857,264.015330,3.403727,2.116788,0.000000,0.424370,0.668874,0.267380,0.238889,200,952,952,32.000000,0,0,16,16,78,78,16,6,404.000000,548,0,0,57,143,0,57,18,10,8,0,18,8,8,8,0,0,0,0,0,39,0,39,39,39,0,0,0,0
510,13000039,50,1,467.922511886883,175.000000000000,41.000000000000,2.032879040816,cf0288d05f92f8e,8d15af1f9d36efa1,43a21ec78a6c6a95,200,128,64.000000,331.531250,298.626901,0.700000,3.100000,343.060021,2.458163,399.155018,5.460938,2.068670,0.000000,0.339943,0.642857,0.222469,0.154776,200,936,936,32.000000,0,0,16,16,57,57,14,0,360.000000,699,0,0,40,114,0,40,17,10,7,0,17,7,7,4,3,0,0,0,0,23,60,12,72,26,46,0,0,0
511,13000040,50,1,291.793568750067,175.000000000000,39.000000000000,1.628626672106,fb479c779dccc9f4,8d15af1f9d36efa1,11f1f8f3aedad715,200,199,99.500000,230.753769,216.206051,1.000000,3.500000,274.768911,2.468333,276.389318,3.623116,2.314840,0.000000,0.306064,0.613900,0.217155,0.106568,200,1104,1104,32.000000,0,0,16,16,42,42,2,2,318.000000,721,0,0,21,179,0,21,20,19,1,0,20,1,1,1,0,0,0,0,0,1,0,1,1,1,0,0,0,0
512,13000041,50,1,448.618383791665,425.000000000000,33.000000000000,2.636502132505,c6a3a265aff0e9f4,8d15af1f9d36efa1,dab670971b86a4e6,200,70,35.000000,195.871429,270.448112,0.400000,1.200000,219.788428,2.812500,219.320233,2.971429,2.394231,0.000000,0.631206,0.640288,0.490196,0.373494,200,1008,1008,32.000000,0,0,16,16,56,56,12,0,356.000000,208,0,0,42,62,0,42,14,8,6,0,14,6,6,0,6,0,0,0,0,28,120,10,130,34,96,0,0,0
513,13000042,50,1,335.696873169184,75.000000000000,27.000000000000,1.504559091673,636991c6b71cf5a,8d15af1f9d36efa1,f92e8d154209c444,200,118,59.000000,265.796610,198.109730,0.800000,3.000000,290.364755,2.831845,308.400802,3.957627,2.695931,0.000000,0.453801,0.659864,0.299850,0.250401,200,952,952,32.000000,0,0,16,16,68,68,20,0,388.000000,467,0,0,55,107,0,55,13,3,10,0,13,10,10,8,2,0,0,0,0,42,40,42,82,44,38,0,0,0
514,13000043,50,1,340.950660718092,325.000000000000,28.000000000000,2.470647904559,c1c8b5778322c13,8d15af1f9d36efa1,813a1b90a8ce56ba,200,199,99.500000,268.693467,237.131104,1.000000,3.900000,300.863926,2.868810,328.187836,4.170854,2.566265,0.000000,0.277633,0.614644,0.194175,0.095861,200,1176,1176,31.000000,0,0,16,15,43,43,2,4,319.000000,830,0,0,21,179,0,21,20,19,1,0,20,1,1,1,0,0,0,0,0,1,0,1,1,1,0,0,0,0
515,13000044,50,1,86.967633468367,325.000000000000,43.000000000000,2.139278686496,8c8cea1b0d6d46fd,8d15af1f9d36efa1,ee22da48491597f8,200,193,96.500000,354.129534,262.776615,1.000000,6.100000,483.485735,2.176905,454.796654,6.248705,2.226368,0.000000,0.219922,0.629630,0.142248,0.082192,200,952,952,32.000000,0,0,16,16,45,45,18,0,340.000000,1206,0,0,26,174,0,26,19,10,9,0,19,9,9,9,0,0,0,0,0,7,0,7,7,7,0,0,0,0
516,13000045,50,1,94.479425421142,75.000000000000,35.000000000000,2.177693959031,df15e087ac7313e3,8d15af1f9d36efa1,882664dadce1981a,200,121,60.500000,225.909091,278.056923,0.700000,2.100000,232.471578,3.035714,239.704389,3.206612,3.115979,0.000000,0.506361,0.665552,0.340136,0.299639,200,1240,1240,32.000000,0,0,16,16,77,77,12,2,398.000000,388,0,0,60,107,0,60,16,10,6,0,16,6,6,4,2,0,0,0,0,44,60,19,79,46,33,0,0,0
517,13000046,50,1,225.934227639250,325.000000000000,29.000000000000,1.884630241812,b0fcc4d95f4ce3f3,8d15af1f9d36efa1,9b08d300c5d077b4,200,160,80.000000,211.225000,205.619707,0.800000,2.700000,258.127894,2.695685,258.783928,3.375000,3.000000,0.000000,0.363208,0.606299,0.270270,0.123377,200,1168,1168,32.000000,0,0,16,16,36,36,4,0,308.000000,540,0,0,18,144,0,18,18,16,2,0,18,2,2,0,2,0,0,0,0,0,40,0,40,2,38,0,0,0
518,13000047,50,1,354.581002913872,325.000000000000,26.000000000000,2.859520825649,f91298cdaa69b793,8d15af1f9d36efa1,7ea447b4974a4305,200,180,90.000000,412.738889,329.921388,0.900000,5.700000,505.659655,2.744750,529.077208,6.661111,2.517932,0.000000,0.210665,0.615385,0.142959,0.068376,200,944,944,32.000000,0,0,16,16,37,37,14,0,320.000000,1199,0,0,19,162,0,19,19,12,7,0,19,7,7,6,1,0,0,0,0,0,20,0,20,1,19,0,0,0
519,13000048,50,1,302.548473840914,175.000000000000,22.000000000000,1.653282924901,54ff886a0b28dba6,8d15af1f9d36efa1,a4a9f8d52dc27e83,200,192,96.000000,244.687500,211.285837,1.000000,3.700000,284.516900,2.490000,287.878076,3.786458,2.601100,0.000000,0.317371,0.628253,0.215750,0.127251,200,976,976,32.000000,0,0,16,16,48,48,10,4,338.000000,727,0,0,27,173,0,27,19,14,5,0,19,5,5,5,0,0,0,0,0,8,0,8,8,8,0,0,0,0
520,13000049,50,1,423.138245332289,175.000000000000,47.000000000000,1.520582833019,437577c217de47b2,8d15af1f9d36efa1,6375d0813c1ebda2,200,131,65.500000,275.267176,237.456237,0.900000,3.500000,295.892660,3.125661,310.865025,4.190840,2.967213,0.000000,0.423924,0.668874,0.267023,0.238558,200,1176,1176,32.000000,0,0,16,16,83,83,6,0,404.000000,549,0,0,66,115,0,66,17,14,3,0,17,3,3,2,1,0,0,0,0,49,20,49,69,50,19,0,0,0
521,13000050,50,1,199.787134041500,75.000000000000,26.000000000000,1.731986830061,40318667d8aa05cd,8d15af1f9d36efa1,a28ec5b0a60d1a3c,200,37,18.500000,244.486486,257.512250,0.400000,1.200000,230.383154,2.025000,232.044795,2.972973,2.009091,0.000000,0.797794,0.684543,0.645161,0.647436,200,928,928,32.000000,0,0,16,16,92,92,18,0,434.000000,110,0,0,81,32,0,81,11,2,9,0,11,9,9,3,6,0,0,0,0,70,120,43,163,76,87,0,0,0
522,13000051,50,1,343.680015097186,425.000000000000,17.000000000000,2.873491775708,97db0a3b07d5ae7e,8d15af1f9d36efa1,30dcf8558c624bbf,200,173,86.500000,416.184971,280.485213,1.000000,7.100000,539.026499,2.172198,512.324085,6.855491,2.185497,0.000000,0.241688,0.653979,0.144300,0.109610,200,1016,1016,32.000000,0,0,16,16,63,63,20,0,378.000000,1186,0,0,45,155,0,45,18,8,10,0,18,10,10,10,0,0,0,0,0,27,0,27,27,27,0,0,0,0
523,13000052,50,1,248.471130593228,425.000000000000,16.000000000000,1.885852078640,e89b3a0fa89c8cf1,8d15af1f9d36efa1,cf5982c504d08b0b,200,162,81.000000,210.950617,189.609816,1.000000,3.000000,236.365008,3.530000,222.978152,2.993827,3.338144,0.000000,0.440600,0.656357,0.291971,0.236220,200,1152,1152,32.000000,0,0,16,16,72,72,6,0,382.000000,485,0,0,55,145,0,55,17,14,3,0,17,3,3,3,0,0,0,0,0,38,0,38,38,38,0,0,0,0
524,13000053,50,1,233.186634394488,425.000000000000,18.000000000000,1.658388711664,73450b32f73b7efb,8d15af1f9d36efa1,247209bc131004ef,200,91,45.500000,342.384615,263.290517,1.000000,4.600000,359.405366,2.376190,385.365381,5.153846,1.816631,0.000000,0.520940,0.718310,0.298954,0.372155,200,936,936,32.000000,0,0,16,16,132,132,14,2,510.000000,469,0,0,120,80,0,120,11,4,7,0,11,7,7,7,0,0,0,0,0,109,0,109,109,109,0,0,0,0
525,13000054,50,1,173.283562490660,175.000000000000,33.000000000000,2.468057141235,7f61d82d5533f750,8d15af1f9d36efa1,e94f604fefb7bf66,200,159,79.500000,258.226415,294.232122,0.900000,3.900000,325.333874,2.477513,325.561732,4.283019,2.274596,0.000000,0.333007,0.629630,0.227015,0.136882,200,1104,1104,32.000000,0,0,16,16,53,53,2,0,340.000000,681,0,0,37,144,0,37,16,15,1,0,16,1,1,0,1,0,0,0,0,21,20,21,41,22,19,0,0,0
526,13000055,50,1,465.477238121530,75.000000000000,31.000000000000,2.464126186327,7f82303919e2e7f9,8d15af1f9d36efa1,9a844900c55fdc75,200,90,45.000000,279.122222,327.594310,0.500000,2.100000,336.372783,2.495714,317.865180,3.955556,2.598315,0.000000,0.476471,0.618321,0.359712,0.205357,200,1032,1032,32.000000,0,0,16,16,39,39,14,0,324.000000,356,0,0,25,81,0,25,14,7,7,0,14,7,7,2,5,0,0,0,0,11,100,10,110,16,94,0,0,0
527,13000056,50,1,162.828588426728,75.000000000000,17.000000000000,2.651983792502,a8b7dfc8ae90fac0,8d15af1f9d36efa1,48728fb719f57ca6,200,80,40.000000,306.312500,304.414098,0.600000,2.300000,308.643908,2.444444,390.047235,4.750000,2.210526,0.000000,0.520202,0.673203,0.344828,0.321429,200,952,952,32.000000,0,0,16,16,87,87,6,2,412.000000,380,0,0,75,72,0,75,11,8,3,0,11,3,3,0,3,0,0,0,0,64,80,40,120,67,53,0,0,0
528,13000057,50,1,420.564265464844,75.000000000000,27.000000000000,2.991942885110,9931fb6666ec6462,8d15af1f9d36efa1,fc6e77b10a33dbd2,200,80,40.000000,358.150000,303.962483,0.600000,3.900000,453.509253,3.300379,466.342044,6.750000,2.666667,0.000000,0.406593,0.649123,0.270270,0.203540,200,1024,1024,32.000000,0,0,16,16,64,64,10,0,370.000000,540,0,0,52,72,0,52,12,7,5,0,12,5,5,1,4,0,0,0,0,40,80,40,120,44,76,0,0,0
529,13000058,50,1,43.461138724446,75.000000000000,35.000000000000,2.836620339467,498b1619f0723747,8d15af1f9d36efa1,3781936b9fb741c0,200,154,77.000000,395.785714,292.254165,1.000000,7.000000,506.802244,2.975455,504.335737,6.818182,2.464762,0.000000,0.277854,0.668874,0.160000,0.140753,200,1160,1160,32.000000,0,0,16,16,76,76,20,0,404.000000,1050,0,0,61,139,0,61,15,5,10,0,15,10,10,10,0,0,0,0,0,46,0,46,46,46,0,0,0,0
530,13000059,50,1,342.465477404298,425.000000000000,23.000000000000,2.007452519762,2929201df576e532,8d15af1f9d36efa1,9a7a2900c5575190,200,120,60.000000,197.325000,201.972278,0.600000,1.600000,219.817962,3.847222,221.966018,2.666667,3.834375,0.000000,0.487179,0.603175,0.384615,0.183673,200,1176,1176,32.000000,0,0,16,16,32,32,8,0,304.000000,320,0,0,16,108,0,16,16,12,4,0,16,4,4,0,4,0,0,0,0,0,80,0,80,4,76,0,0,0
531,13000060,50,1,38.715875416062,425.000000000000,27.000000000000,2.022247196519,e4e25cd71935e526,8d15af1f9d36efa1,bc3a7d2da3933089,200,79,39.500000,222.493671,223.801773,0.500000,1.500000,216.648557,1.280000,244.698112,3.316456,1.435115,0.000000,0.610119,0.672131,0.432900,0.404545,200,984,984,32.000000,0,0,16,16,81,81,16,0,410.000000,262,0,0,67,70,0,67,14,6,8,0,14,8,8,3,5,0,0,0,0,53,100,21,121,58,63,0,0,0
532,13000061,50,1,42.576043759868,75.000000000000,31.000000000000,2.428016586631,15c1875461aa167e,8d15af1f9d36efa1,6e0d2cf1b464c7af,200,128,64.000000,329.289062,316.586961,1.000000,5.200000,413.763913,2.418810,376.343945,5.000000,2.301563,0.000000,0.412844,0.692308,0.238095,0.254079,200,920,920,32.000000,0,0,16,16,101,101,16,6,450.000000,640,0,0,85,115,0,85,13,5,8,0,13,8,8,8,0,0,0,0,0,72,0,72,72,72,0,0,0,0
533,13000062,50,1,147.639564546112,325.000000000000,28.000000000000,2.219549265228,ab47c029286e81f1,8d15af1f9d36efa1,9aa9ac00c57fa0eb,200,100,50.000000,134.800000,220.538458,0.500000,0.700000,108.190575,3.400000,121.945005,1.600000,3.175000,0.000000,0.656652,0.604743,0.555556,0.316239,200,1080,1080,32.000000,0,0,16,16,31,31,12,2,306.000000,160,0,0,15,90,0,15,15,9,6,0,15,6,6,1,5,0,0,0,0,0,100,0,100,5,95,0,0,0
534,13000063,50,1,191.423257673145,425.000000000000,19.000000000000,2.449671477573,e4de599d6b47c00c,8d15af1f9d36efa1,9aea3500c5b66dab,200,77,38.500000,146.688312,209.267517,0.500000,0.800000,119.965593,1.900000,127.906678,1.688312,1.538462,0.000000,0.773519,0.689441,0.606061,0.619883,200,1048,1048,32.000000,0,0,16,16,100,100,12,10,444.000000,130,0,0,85,70,0,85,10,4,6,0,10,6,6,3,3,0,0,0,0,75,100,23,123,78,45,0,0,0
535,13000064,50,1,477.650085178522,325.000000000000,34.000000000000,2.988280459731,afeed29b44176547,8d15af1f9d36efa1,4756323adde08ade,200,140,70.000000,430.942857,256.827922,0.700000,5.000000,588.613694,2.860714,575.422646,7.142857,2.742000,0.000000,0.231951,0.601594,0.166667,0.065421,200,1152,1152,32.000000,0,0,16,16,32,32,6,0,302.000000,1000,0,0,17,126,2,15,15,12,3,0,15,3,3,0,3,0,0,0,0,0,60,0,60,3,57,0,0,0
536,13000065,50,1,57.783985284574,325.000000000000,28.000000000000,2.924160271468,5ff7f16d7a81ac3,8d15af1f9d36efa1,9aa98300c57f5b40,200,60,30.000000,106.766667,202.514707,0.300000,0.300000,84.978499,3.333333,84.978499,1.000000,3.333333,0.000000,0.833333,0.600000,0.769231,0.531250,200,960,960,32.000000,0,0,16,16,26,26,16,0,300.000000,60,0,0,13,54,0,13,13,5,8,0,13,8,8,1,7,0,0,0,0,0,140,0,140,7,133,0,0,0
537,13000066,50,1,490.206375356442,325.000000000000,45.000000000000,2.070424306415,472228f042334312,8d15af1f9d36efa1,dd21ea4f57eb1b24,200,100,50.000000,218.900000,272.011953,0.600000,1.900000,239.519121,3.169444,244.782899,3.340000,2.491018,0.000000,0.517341,0.641577,0.374532,0.273913,200,1096,1096,32.000000,0,0,16,16,57,57,12,6,358.000000,334,0,0,40,90,0,40,14,8,6,0,14,6,6,2,4,0,0,0,0,26,80,20,100,30,70,0,0,0
538,13000067,50,1,347.337812486987,175.000000000000,36.000000000000,1.742259855018,79a6e487379396fd,8d15af1f9d36efa1,5afa4272944102ef,200,180,90.000000,327.572222,232.436843,0.900000,5.100000,417.148526,1.890825,417.148526,5.666667,1.941176,0.000000,0.241071,0.618321,0.163934,0.082734,200,792,792,32.000000,0,0,16,16,38,38,16,0,324.000000,1020,0,0,19,162,0,19,19,11,8,0,19,8,8,7,1,0,0,0,0,0,20,0,20,1,19,0,0,0
539,13000068,50,1,15.716149296605,425.000000000000,30.000000000000,2.112774056598,8efb7a7a54d8cf35,8d15af1f9d36efa1,ee053368a80c7d9,200,128,64.000000,309.671875,266.551937,1.000000,4.800000,355.199151,2.201786,334.262170,4.531250,2.265517,0.000000,0.461967,0.713467,0.256410,0.314421,200,1176,1176,32.000000,0,0,16,16,125,125,16,42,498.000000,580,0,0,88,112,0,88,16,8,8,0,16,8,8,8,0,0,0,0,0,72,0,72,72,72,0,0,0,0
540,13000069,50,1,384.168213258362,175.000000000000,26.000000000000,2.984959728421,18f5a27146e43192,8d15af1f9d36efa1,b21c42b9f8735144,200,173,86.500000,233.479769,225.648625,0.900000,3.500000,262.935561,2.936508,274.045310,3.965318,2.660350,0.000000,0.326130,0.624060,0.225734,0.127226,200,1040,1040,32.000000,0,0,16,16,44,44,12,2,332.000000,686,0,0,25,156,0,25,18,12,6,0,18,6,6,5,1,0,0,0,0,7,20,7,27,8,19,0,0,0
541,13000070,50,1,359.312843893757,75.000000000000,27.000000000000,2.374574194378,56d3d1e16c7e21c6,8d15af1f9d36efa1,e844c925f6f0d4e3,200,200,100.000000,316.500000,294.423915,1.000000,5.200000,402.456261,3.117619,394.160915,5.200000,2.769231,0.000000,0.236417,0.616858,0.161290,0.079646,200,1040,1040,32.000000,0,0,16,16,40,40,10,0,322.000000,1040,0,0,20,180,0,20,20,15,5,0,20,5,5,5,0,0,0,0,0,0,0,0,0,0,0,0,0,0
542,13000071,50,1,23.769252036275,425.000000000000,33.000000000000,2.739450320274,c4f176d628daaae6,8d15af1f9d36efa1,9ae37700c5b0bf23,200,152,76.000000,262.381579,248.299088,1.000000,3.900000,302.031721,2.548889,274.141106,3.611842,2.591985,0.000000,0.433437,0.677419,0.267023,0.255088,200,1104,1104,32.000000,0,0,16,16,86,86,16,4,420.000000,549,0,0,66,134,0,66,18,10,8,0,18,8,8,8,0,0,0,0,0,48,0,48,48,48,0,0,0,0
543,13000072,50,1,290.062048055874,425.000000000000,29.000000000000,1.561436243999,aa5981bc2ff08b1a,8d15af1f9d36efa1,ad1bd5eed676f3fc,200,113,56.500000,246.929204,259.888673,0.800000,3.100000,312.107909,2.680060,297.345848,3.646018,2.745146,0.000000,0.503614,0.676375,0.326797,0.311037,200,1008,1008,32.000000,0,0,16,16,91,91,4,0,418.000000,412,0,0,79,102,0,79,12,10,2,0,12,2,2,1,1,0,0,0,0,67,40,47,87,68,19,0,0,0
544,13000073,50,1,437.771459964890,75.000000000000,35.000000000000,1.751015905419,55ab1179604e3ec5,8d15af1f9d36efa1,620e4bfada4587c4,200,119,59.500000,342.470588,281.695217,1.000000,6.900000,502.166213,2.701429,423.526793,5.831933,2.351585,0.000000,0.396522,0.695122,0.223714,0.244009,200,968,968,32.000000,0,0,16,16,103,103,18,0,456.000000,694,0,0,92,108,0,92,11,2,9,0,11,9,9,9,0,0,0,0,0,81,0,81,81,81,0,0,0,0
545,13000074,50,1,39.369142485732,325.000000000000,41.000000000000,2.480004602188,80c2452958fe29b9,8d15af1f9d36efa1,aaeaa960543f9bac,200,120,60.000000,272.458333,283.186328,0.600000,2.500000,322.259861,2.375000,319.083142,4.166667,2.480000,0.000000,0.385749,0.610895,0.285714,0.140893,200,968,968,32.000000,0,0,16,16,33,33,16,2,314.000000,500,0,0,16,108,0,16,16,8,8,0,16,8,8,4,4,0,0,0,0,0,80,0,80,4,76,0,0,0
546,13000075,50,1,310.863418702373,425.000000000000,16.000000000000,2.443254683401,6c657fc762b9e4bd,8d15af1f9d36efa1,9aedbb00c5b98734,200,43,21.500000,146.441860,211.877159,0.400000,0.600000,110.689999,3.750000,136.178891,1.534884,3.969697,0.000000,0.859574,0.668874,0.751880,0.722689,200,1144,1144,32.000000,0,0,16,16,79,79,14,6,404.000000,66,0,0,66,39,0,66,10,3,7,0,10,7,7,1,6,0,0,0,0,56,120,37,157,62,95,0,0,0
547,13000076,50,1,94.592705380787,175.000000000000,36.000000000000,2.231551564181,7521f7b86eb89d77,8d15af1f9d36efa1,70a2aea838e7c9f,200,172,86.000000,238.023256,249.164103,0.900000,3.500000,307.609717,2.608730,289.179406,3.883721,2.730539,0.000000,0.329317,0.621212,0.230415,0.125654,200,1016,1016,32.000000,0,0,16,16,46,46,4,0,328.000000,668,0,0,27,154,0,27,19,17,2,0,19,2,2,1,1,0,0,0,0,8,20,8,28,9,19,0,0,0
548,13000077,50,1,457.406434812196,425.000000000000,36.000000000000,2.272269737668,82540fb117b20848,8d15af1f9d36efa1,8ac2144fba5ebc25,200,113,56.500000,253.017699,239.831138,0.900000,2.800000,243.241832,2.935185,285.971382,3.619469,2.621027,0.000000,0.517119,0.686520,0.328407,0.334959,200,1256,1256,32.000000,0,0,16,16,98,98,10,0,438.000000,409,0,0,86,102,0,86,12,7,5,0,12,5,5,4,1,0,0,0,0,74,20,67,87,75,12,0,0,0
549,13000078,50,1,193.650868755108,175.000000000000,24.000000000000,2.472255318432,ebf98009b831438a,8d15af1f9d36efa1,6c758ef6ad9be354,200,172,86.000000,257.761628,246.296333,1.000000,4.400000,344.004096,2.123810,324.544510,4.302326,2.108108,0.000000,0.323583,0.638989,0.212766,0.141531,200,936,936,32.000000,0,0,16,16,60,60,2,0,354.000000,740,0,0,44,156,0,44,16,15,1,0,16,1,1,1,0,0,0,0,0,28,0,28,28,28,0,0,0,0
550,13000079,50,1,28.857480474920,75.000000000000,25.000000000000,2.966090005770,dd1b4d787ad1f70a,8d15af1f9d36efa1,daa9e59653a468ab,200,184,92.000000,332.429348,285.384391,1.000000,5.000000,386.385797,1.998968,383.322072,5.081522,1.985027,0.000000,0.277992,0.642857,0.176211,0.120414,200,936,936,32.000000,0,0,16,16,54,54,20,4,360.000000,935,0,0,34,166,0,34,18,8,10,0,18,10,10,10,0,0,0,0,0,16,0,16,16,16,0,0,0,0
551,13000080,50,1,79.043237570461,175.000000000000,45.000000000000,1.853966661693,2ae4927241bcdf9d,8d15af1f9d36efa1,b8e8fbc4b8553eb2,200,171,85.500000,204.087719,185.188089,0.900000,2.900000,242.579453,3.944444,232.151052,3.076023,3.148289,0.000000,0.386946,0.624060,0.275482,0.159744,200,1128,1128,32.000000,0,0,16,16,47,47,6,0,332.000000,526,0,0,28,153,0,28,19,16,3,0,19,3,3,2,1,0,0,0,0,9,20,9,29,10,19,0,0,0
552,13000081,50,1,267.218277057792,425.000000000000,17.000000000000,1.782924409278,81072ea9b5a35a52,8d15af1f9d36efa1,a0dc9ffd9fd18eeb,200,111,55.500000,279.828829,250.875158,0.800000,4.200000,398.501320,2.356647,320.252953,4.297297,2.289308,0.000000,0.480958,0.688474,0.295421,0.305677,200,1096,1096,32.000000,0,0,16,16,97,97,16,0,442.000000,477,0,0,83,99,0,83,14,6,8,0,14,8,8,6,2,0,0,0,0,69,40,49,89,71,18,0,0,0
553,13000082,50,1,274.383931127962,175.000000000000,29.000000000000,2.270865903167,bc2b9d1d08ada5c8,8d15af1f9d36efa1,d931265a9e32e860,200,140,70.000000,225.814286,255.270597,0.700000,2.300000,261.558331,3.266667,260.954392,3.285714,3.086957,0.000000,0.405685,0.610895,0.303030,0.151292,200,1008,1008,32.000000,0,0,16,16,35,35,12,2,314.000000,460,0,0,17,126,0,17,17,11,6,0,17,6,6,3,3,0,0,0,0,0,60,0,60,3,57,0,0,0
554,13000083,50,1,342.697788273825,425.000000000000,16.000000000000,2.720445785877,f163ef50ab0f2641,8d15af1f9d36efa1,65a017acca0e3ce2,200,86,43.000000,252.139535,254.030477,0.500000,2.000000,329.058372,3.020000,290.947840,3.825581,2.264438,0.000000,0.537271,0.656357,0.378072,0.313152,200,1016,1016,32.000000,0,0,16,16,70,70,10,4,382.000000,329,0,0,55,77,0,55,13,8,5,0,13,5,5,1,4,0,0,0,0,42,100,14,114,46,68,0,0,0
555,13000084,50,1,496.653023159309,325.000000000000,38.000000000000,1.971014233299,c87e86ef7dae7553,8d15af1f9d36efa1,dcc6689047bd4825,200,146,73.000000,239.513699,255.610819,0.800000,2.600000,250.844466,2.622917,270.020058,3.534247,2.118217,0.000000,0.409611,0.641577,0.279330,0.196262,200,1120,1120,32.000000,0,0,16,16,56,56,14,0,358.000000,516,0,0,38,130,0,38,18,11,7,0,18,7,7,5,2,0,0,0,0,20,40,14,54,22,32,0,0,0
556,13000085,50,1,198.845913681438,425.000000000000,20.000000000000,1.547253043986,2603f4e9371c9fcc,8d15af1f9d36efa1,56aaecaea2c9604a,200,99,49.500000,280.545455,306.562839,0.700000,3.200000,341.576417,2.506803,333.818250,4.676768,2.274298,0.000000,0.495093,0.694190,0.301659,0.324088,200,888,888,32.000000,0,0,16,16,108,108,6,18,454.000000,463,0,0,88,90,0,88,11,8,3,0,11,3,3,1,2,0,0,0,0,77,60,41,101,79,22,0,0,0
557,13000086,50,1,361.254060732449,425.000000000000,21.000000000000,2.872263465538,7c51d3c01c716cd1,8d15af1f9d36efa1,738d7cb8ef24ee02,200,105,52.500000,306.200000,277.513469,0.700000,2.800000,329.335012,2.126190,387.639034,4.638095,2.445585,0.000000,0.449718,0.665552,0.291121,0.254211,200,1104,1104,32.000000,0,0,16,16,79,79,8,0,398.000000,487,0,0,68,96,0,68,11,7,4,0,11,4,4,2,2,0,0,0,0,57,60,35,95,59,36,0,0,0
558,13000087,50,1,177.038264492761,175.000000000000,27.000000000000,2.668749476762,c93b1b542aa0a04d,8d15af1f9d36efa1,9fa764c5ad40dd97,200,159,79.500000,320.037736,263.355869,0.800000,4.300000,425.557235,2.642361,409.448202,5.396226,2.560606,0.000000,0.267918,0.610895,0.189036,0.087234,200,880,880,32.000000,0,0,16,16,37,37,8,0,314.000000,858,0,0,19,143,0,19,18,14,4,0,18,4,4,2,2,0,0,0,0,1,40,1,41,3,38,0,0,0
559,13000088,50,1,73.785998736379,325.000000000000,32.000000000000,2.569265470646,9fa462266ab8d5cd,8d15af1f9d36efa1,6dd24e41fe8e93c9,200,159,79.500000,308.031447,266.094873,0.800000,3.600000,361.962315,2.446131,369.770299,4.584906,2.497942,0.000000,0.307692,0.618321,0.215285,0.112058,200,904,904,32.000000,0,0,16,16,40,40,12,4,324.000000,729,0,0,20,143,0,20,18,12,6,0,18,6,6,4,2,0,0,0,0,2,40,1,41,4,37,0,0,0
560,13000089,50,1,229.259182956661,175.000000000000,28.000000000000,1.997728598049,b42b5adf90f4b29e,8d15af1f9d36efa1,7ba81fe0fc8e6dae,200,193,96.500000,264.082902,257.716845,1.000000,4.800000,362.633319,2.771667,325.712217,4.611399,2.525843,0.000000,0.265677,0.616858,0.183486,0.091837,200,1136,1136,32.000000,0,0,16,16,45,45,0,0,322.000000,890,0,0,26,174,0,26,19,19,0,0,19,0,0,0,0,0,0,0,0,7,0,7,7,7,0,0,0,0
561,13000090,50,1,338.602408585688,325.000000000000,34.000000000000,1.731628609954,c8dde11204f9e50c,8d15af1f9d36efa1,8b2cadcd8cb73d7d,200,100,50.000000,288.880000,331.510893,0.500000,2.300000,371.582678,2.826667,361.490119,4.600000,2.391304,0.000000,0.414758,0.619772,0.303030,0.169675,200,896,896,32.000000,0,0,16,16,40,40,14,0,326.000000,460,0,0,25,90,0,25,15,8,7,0,15,7,7,2,5,0,0,0,0,10,100,0,100,15,85,0,0,0
562,13000091,50,1,491.711545903101,175.000000000000,40.000000000000,2.129019181281,5882d63eb6ef756a,8d15af1f9d36efa1,9aa2c500c579acb8,200,89,44.500000,226.876404,255.627814,0.500000,1.500000,223.658185,2.700000,247.382867,3.191011,2.823944,0.000000,0.556250,0.640288,0.413223,0.303922,200,992,992,32.000000,0,0,16,16,55,55,14,0,356.000000,284,0,0,40,79,0,40,15,8,7,0,15,7,7,2,5,0,0,0,0,25,100,11,111,30,81,0,0,0
563,13000092,50,1,449.978754910565,325.000000000000,44.000000000000,2.212813396499,743f9e9e295edff8,8d15af1f9d36efa1,f4e20a530e5b8a03,200,148,74.000000,297.432432,256.341435,0.800000,3.900000,385.585007,3.146429,370.168100,4.891892,2.790055,0.000000,0.320826,0.630996,0.216450,0.131894,200,1064,1064,32.000000,0,0,16,16,50,50,10,0,342.000000,724,0,0,32,132,0,32,18,13,5,0,18,5,5,3,2,0,0,0,0,14,40,12,52,16,36,0,0,0
564,13000093,50,1,477.107640615267,325.000000000000,39.000000000000,2.194486522937,e6088528dc34d423,8d15af1f9d36efa1,9830df8c1ec4c7d6,200,189,94.500000,370.354497,305.299339,1.000000,6.300000,482.526019,2.454141,459.310488,6.328042,2.193980,0.000000,0.231362,0.642857,0.143266,0.096677,200,856,856,32.000000,0,0,16,16,54,54,20,6,360.000000,1196,0,0,31,169,0,31,20,10,10,0,20,10,10,10,0,0,0,0,0,11,0,11,11,11,0,0,0,0
565,13000094,50,1,376.696693573528,175.000000000000,36.000000000000,1.965008039554,2cb6172589fa289e,8d15af1f9d36efa1,5cf4920a520c9548,200,173,86.500000,219.751445,213.721012,0.900000,2.800000,242.173737,2.322751,258.361764,3.375723,2.328767,0.000000,0.355408,0.616858,0.255102,0.133531,200,952,952,32.000000,0,0,16,16,43,43,4,0,322.000000,584,0,0,25,156,0,25,18,16,2,0,18,2,2,1,1,0,0,0,0,7,20,7,27,8,19,0,0,0
566,13000095,50,1,474.922510261015,325.000000000000,34.000000000000,2.769784503185,600804ae5fa60584,8d15af1f9d36efa1,5816cc01111a862e,200,53,26.500000,269.377358,356.873052,0.300000,1.500000,381.487432,2.400000,336.059363,4.867925,2.174419,0.000000,0.567114,0.628253,0.436681,0.291209,200,1008,1008,32.000000,0,0,16,16,44,44,18,0,338.000000,258,0,0,32,48,0,32,12,3,9,0,12,9,9,2,7,0,0,0,0,20,140,7,147,27,120,0,0,0
567,13000096,50,1,73.230322568432,175.000000000000,37.000000000000,2.978368217735,17e50a04201fab3a,8d15af1f9d36efa1,969a20572b2ea66c,200,183,91.500000,272.945355,251.547295,1.000000,4.100000,334.995783,2.890476,338.051260,4.256831,2.789474,0.000000,0.310009,0.636364,0.204290,0.131550,200,1144,1144,32.000000,0,0,16,16,57,57,4,0,350.000000,779,0,0,37,163,0,37,20,18,2,0,20,2,2,2,0,0,0,0,0,17,0,17,17,17,0,0,0,0
568,13000097,50,1,306.586114971676,75.000000000000,29.000000000000,1.626235337970,1cc2367c1720d5af,8d15af1f9d36efa1,b4be670c8eb63a56,200,193,96.500000,260.860104,256.095927,1.000000,3.900000,323.320439,3.105000,315.224813,4.067358,2.959236,0.000000,0.297225,0.624060,0.203046,0.112994,200,1168,1168,32.000000,0,0,16,16,45,45,10,0,332.000000,785,0,0,26,174,0,26,19,14,5,0,19,5,5,5,0,0,0,0,0,7,0,7,7,7,0,0,0,0
569,13000098,50,1,81.278513577791,325.000000000000,36.000000000000,2.358106003032,b2a9a1b1efd9a04a,8d15af1f9d36efa1,889324c382648c34,200,191,95.500000,361.832461,364.315412,1.000000,6.000000,447.614023,2.194127,457.877304,5.963351,2.029851,0.000000,0.230925,0.630996,0.149365,0.088070,200,1032,1032,32.000000,0,0,16,16,49,49,12,0,342.000000,1139,0,0,29,171,0,29,20,14,6,0,20,6,6,6,0,0,0,0,0,9,0,9,9,9,0,0,0,0
570,13000099,50,1,495.851696249583,75.000000000000,35.000000000000,2.425711318323,744b977644be6f84,8d15af1f9d36efa1,9b9979708b7fd451,200,127,63.500000,366.590551,294.102399,1.000000,5.300000,404.981418,2.772103,442.633574,6.015748,2.769634,0.000000,0.375307,0.696510,0.207469,0.229839,200,1128,1128,31.000000,0,0,16,15,108,108,12,14,459.000000,764,0,0,87,113,0,87,14,8,6,0,14,6,6,6,0,0,0,0,0,73,0,73,73,73,0,0,0,0
571,13000100,50,1,268.557414883828,175.000000000000,27.000000000000,2.095630025935,9733c5d93de93d72,8d15af1f9d36efa1,5d1dd092e2b3c1e7,200,200,100.000000,243.540000,222.236123,1.000000,4.000000,304.047754,2.563420,296.907682,4.000000,2.675000,0.000000,0.284436,0.613900,0.200000,0.097065,200,976,976,32.000000,0,0,16,16,40,40,6,0,318.000000,800,0,0,20,180,0,20,20,17,3,0,20,3,3,3,0,0,0,0,0,0,0,0,0,0,0,0,0,0
572,13000101,50,1,8.479072630176,75.000000000000,29.000000000000,2.937981351895,b7af4215b1f58a12,8d15af1f9d36efa1,66b86121d4a1beae,200,93,46.500000,287.193548,315.805081,0.500000,2.100000,348.062699,2.306667,359.484168,4.215054,2.561224,0.000000,0.458564,0.624060,0.337838,0.203252,200,928,928,32.000000,0,0,16,16,44,44,12,4,332.000000,392,0,0,28,84,0,28,14,8,6,0,14,6,6,1,5,0,0,0,0,14,100,7,107,19,88,0,0,0
573,13000102,50,1,16.109272734486,175.000000000000,36.000000000000,2.926348913484,65066981140433e4,8d15af1f9d36efa1,b892246c7665201c,200,117,58.500000,269.102564,297.117916,0.600000,2.400000,301.377134,2.660317,306.591620,3.974359,2.638710,0.000000,0.416562,0.624060,0.300752,0.176991,200,960,960,32.000000,0,0,16,16,39,39,22,4,332.000000,465,0,0,21,105,0,21,16,5,11,0,16,11,11,7,4,0,0,0,0,5,80,3,83,9,74,0,0,0
574,13000103,50,1,472.603214729267,175.000000000000,47.000000000000,2.143623751320,3b53fc15e543809,8d15af1f9d36efa1,a83bdd1f0526e885,200,184,92.000000,269.483696,270.859084,1.000000,5.000000,371.694794,3.069444,338.457012,4.608696,3.000000,0.000000,0.286195,0.629630,0.190840,0.112971,200,1040,1040,32.000000,0,0,16,16,52,52,4,0,340.000000,848,0,0,34,166,0,34,18,16,2,0,18,2,2,2,0,0,0,0,0,16,0,16,16,16,0,0,0,0
575,13000104,50,1,462.916823771182,175.000000000000,34.000000000000,2.990219434232,45679b98d9da6226,8d15af1f9d36efa1,fd0f76fd0b9c3fb8,200,153,76.500000,333.836601,328.795337,0.800000,4.700000,444.722587,2.364881,421.793573,5.901961,2.254707,0.000000,0.266450,0.621212,0.181324,0.096096,200,944,944,32.000000,0,0,16,16,42,42,12,0,328.000000,903,0,0,25,137,0,25,18,12,6,0,18,6,6,4,2,0,0,0,0,7,40,7,47,9,38,0,0,0
576,13000105,50,1,418.968358757764,75.000000000000,33.000000000000,2.095149924746,2164c872cbedf5eb,8d15af1f9d36efa1,2b02e14f8401c9c9,200,60,30.000000,167.700000,217.843850,0.300000,0.700000,174.748521,2.166667,174.046566,2.333333,2.285714,0.000000,0.704641,0.625468,0.588235,0.421488,200,944,944,32.000000,0,0,16,16,44,44,14,0,334.000000,140,0,0,32,54,0,32,12,5,7,0,12,7,7,1,6,0,0,0,0,20,140,0,140,26,114,0,0,0
577,13000106,50,1,442.031549595831,75.000000000000,27.000000000000,2.252641909325,bdaf9569b077d694,8d15af1f9d36efa1,58347b98a0f376b7,200,107,53.500000,202.158879,190.202938,0.800000,2.500000,234.696532,3.286458,225.307053,2.981308,3.043887,0.000000,0.581913,0.689441,0.385356,0.399247,200,1368,1368,32.000000,0,0,16,16,101,101,10,0,444.000000,319,0,0,88,96,0,88,13,8,5,0,13,5,5,3,2,0,0,0,0,75,40,53,93,77,16,0,0,0
578,13000107,50,1,49.057298185065,175.000000000000,39.000000000000,2.551479675063,14e2262b9095f841,8d15af1f9d36efa1,2718257ed11069d6,200,181,90.500000,435.734807,286.880652,1.000000,7.800000,558.844332,1.822857,565.424585,7.977901,1.576177,0.000000,0.200443,0.644128,0.121655,0.082592,200,912,912,32.000000,0,0,16,16,59,59,12,0,362.000000,1444,0,0,39,161,0,39,20,14,6,0,20,6,6,6,0,0,0,0,0,19,0,19,19,19,0,0,0,0
579,13000108,50,1,425.913414700075,425.000000000000,26.000000000000,2.241610579560,da05970d316943cb,8d15af1f9d36efa1,bf66dd4470454fa9,200,161,80.500000,282.018634,275.073792,1.000000,4.100000,305.647477,2.316905,304.730642,4.031056,2.469954,0.000000,0.388313,0.673203,0.235571,0.217129,200,992,992,32.000000,0,0,16,16,77,77,26,0,412.000000,649,0,0,58,142,0,58,19,6,13,0,19,13,13,13,0,0,0,0,0,39,0,39,39,39,0,0,0,0
580,13000109,50,1,408.988975058169,425.000000000000,23.000000000000,2.424877187444,babddc7c325fd2a1,8d15af1f9d36efa1,cdd1126068164eb4,200,109,54.500000,287.798165,268.882389,1.000000,4.300000,354.799542,2.814603,326.689328,4.045872,2.437642,0.000000,0.519084,0.704142,0.312012,0.356204,200,960,960,32.000000,0,0,16,16,115,115,14,0,476.000000,441,0,0,103,97,0,103,12,5,7,0,12,7,7,7,0,0,0,0,0,91,0,91,91,91,0,0,0,0
581,13000110,50,1,240.247585927029,325.000000000000,30.000000000000,1.671867457751,fcfdbd196db3574c,8d15af1f9d36efa1,afe7e6c32f0fccad,200,175,87.500000,251.302857,263.446177,1.000000,4.200000,316.838812,1.866667,292.212428,3.937143,1.844702,0.000000,0.341929,0.641577,0.224972,0.154601,200,984,984,32.000000,0,0,16,16,63,63,0,8,358.000000,689,0,0,42,158,0,42,17,17,0,0,17,0,0,0,0,0,0,0,0,25,0,25,25,25,0,0,0,0
582,13000111,50,1,287.311482284685,325.000000000000,34.000000000000,1.967604171475,c3a2b4b31d50cce9,8d15af1f9d36efa1,18d9b7991be9786f,200,60,30.000000,165.683333,289.956639,0.300000,0.700000,185.891008,3.266667,185.891008,2.333333,3.571429,0.000000,0.680365,0.598394,0.588235,0.320388,200,1080,1080,32.000000,0,0,16,16,26,26,14,0,298.000000,140,0,0,13,54,0,13,13,6,7,0,13,7,7,0,7,0,0,0,0,0,140,0,140,7,133,0,0,0
583,13000112,50,1,36.257331125518,325.000000000000,38.000000000000,2.765059051087,49ec2dca59703ec0,8d15af1f9d36efa1,b86f56a5e3226c1e,200,165,82.500000,240.824242,259.060471,0.900000,3.100000,267.152872,3.673016,261.280512,3.472727,3.427574,0.000000,0.387166,0.644128,0.258732,0.184922,200,1328,1328,32.000000,0,0,16,16,60,60,10,6,362.000000,573,0,0,38,147,0,38,19,14,5,0,19,5,5,4,1,0,0,0,0,19,20,15,35,20,15,0,0,0
584,13000113,50,1,389.803074375065,425.000000000000,23.000000000000,2.985282353092,7d4b2489f1c31da5,8d15af1f9d36efa1,dad54f27f3cba0a4,200,37,18.500000,235.081081,327.234663,0.300000,1.100000,243.682073,2.266667,258.258315,4.081081,2.033113,0.000000,0.739206,0.681529,0.569801,0.564841,200,1008,1008,32.000000,0,0,16,16,89,89,18,0,428.000000,151,0,0,78,33,0,78,11,2,9,0,11,9,9,2,7,0,0,0,0,67,140,23,163,74,89,0,0,0
585,13000114,50,1,271.234331774709,325.000000000000,31.000000000000,1.661893576481,ad34935e2952c5b2,8d15af1f9d36efa1,512338e062d652f8,200,160,80.000000,239.875000,250.733775,0.800000,2.700000,271.979060,2.991667,298.309142,3.631250,2.516351,0.000000,0.346457,0.606299,0.256082,0.115677,200,1104,1104,32.000000,0,0,16,16,36,36,4,0,308.000000,581,0,0,18,144,0,18,18,16,2,0,18,2,2,0,2,0,0,0,0,0,40,0,40,2,38,0,0,0
586,13000115,50,1,148.394269806428,75.000000000000,15.000000000000,2.969533458803,a6b68d1a7d3af0c8,8d15af1f9d36efa1,71febe28744d0483,200,149,74.500000,424.456376,248.047649,1.000000,6.400000,514.931213,2.267273,547.615345,6.845638,2.130392,0.000000,0.281690,0.666667,0.163934,0.141414,200,1048,1048,32.000000,0,0,16,16,79,79,10,4,400.000000,1020,0,0,64,136,0,64,13,8,5,0,13,5,5,5,0,0,0,0,0,51,0,51,51,51,0,0,0,0
587,13000116,50,1,263.342641594345,325.000000000000,16.000000000000,2.028290747983,5004f663cf76de7c,8d15af1f9d36efa1,f9eb561373281acd,200,137,68.500000,194.649635,188.124814,1.000000,3.500000,250.813213,2.696349,247.618017,3.620438,2.649194,0.000000,0.447661,0.667774,0.287356,0.255255,200,1344,1344,32.000000,0,0,16,16,85,85,0,0,402.000000,496,0,0,74,126,0,74,11,11,0,0,11,0,0,0,0,0,0,0,0,63,0,63,63,63,0,0,0,0
588,13000117,50,1,229.407756714325,325.000000000000,35.000000000000,2.053870629479,a45835d35359439f,8d15af1f9d36efa1,e2f3a7e30bf1197f,200,192,96.000000,202.276042,210.707570,1.000000,3.100000,240.262950,2.975000,239.947208,3.203125,2.744715,0.000000,0.345048,0.618321,0.245399,0.130127,200,1200,1200,32.000000,0,0,16,16,46,46,0,0,324.000000,615,0,0,27,173,0,27,19,19,0,0,19,0,0,0,0,0,0,0,0,8,0,8,8,8,0,0,0,0
589,13000118,50,1,254.067260617631,425.000000000000,19.000000000000,1.760069398992,af2e2bff19e4648d,8d15af1f9d36efa1,df68b09d502c5387,200,13,6.500000,423.000000,284.362111,0.100000,0.700000,576.279197,1.857143,536.651657,7.000000,1.857143,0.000000,0.792711,0.635036,0.687285,0.560386,200,984,984,32.000000,0,0,16,16,49,49,18,0,348.000000,91,0,0,40,12,0,40,9,0,9,0,9,9,9,1,8,0,0,0,0,31,180,7,187,39,148,0,0,0
590,13000119,50,1,96.497909723746,175.000000000000,45.000000000000,1.625293630407,e50281b13283f5aa,8d15af1f9d36efa1,7cef0289d7358778,200,200,100.000000,271.760000,253.031681,1.000000,4.400000,352.190757,3.416270,339.529436,4.400000,2.825000,0.000000,0.267887,0.616858,0.185185,0.092784,200,1200,1200,32.000000,0,0,16,16,41,41,8,2,322.000000,880,0,0,20,180,0,20,20,16,4,0,20,4,4,4,0,0,0,0,0,0,0,0,0,0,0,0,0,0
591,13000120,50,1,224.851052957496,425.000000000000,20.000000000000,1.990528983682,48f5c76c0b58a23,8d15af1f9d36efa1,1d6ef9ce9ee61a89,200,118,59.000000,394.957627,365.933732,1.000000,6.000000,476.284750,2.621429,513.862457,6.550847,2.244502,0.000000,0.366912,0.691358,0.205550,0.218402,200,944,944,32.000000,0,0,16,16,103,103,10,2,448.000000,773,0,0,92,108,0,92,10,5,5,0,10,5,5,5,0,0,0,0,0,82,0,82,82,82,0,0,0,0
592,13000121,50,1,64.539975214064,425.000000000000,31.000000000000,2.181933334701,96cf4e289fc2716a,8d15af1f9d36efa1,580f9ba7b08670e9,200,143,71.500000,306.000000,293.514470,1.000000,4.700000,357.517438,2.640357,344.516688,4.503497,2.354037,0.000000,0.406998,0.688474,0.236967,0.245902,200,1016,1016,32.000000,0,0,16,16,99,99,12,24,442.000000,644,0,0,72,128,0,72,15,9,6,0,15,6,6,6,0,0,0,0,0,57,0,57,57,57,0,0,0,0
593,13000122,50,1,462.382077177935,175.000000000000,39.000000000000,2.715722315458,d21d4377a99b62ad,8d15af1f9d36efa1,7050ff14fea7e2d5,200,200,100.000000,272.620000,233.763379,1.000000,4.000000,319.659723,2.591667,317.631735,4.000000,2.625000,0.000000,0.290151,0.620493,0.200000,0.107143,200,1032,1032,31.000000,0,0,16,15,41,41,14,2,327.000000,800,0,0,20,180,0,20,20,13,7,0,20,7,7,7,0,0,0,0,0,0,0,0,0,0,0,0,0,0
594,13000123,50,1,363.896580562336,325.000000000000,23.000000000000,2.978917980001,3235388d9031e419,8d15af1f9d36efa1,f9bb6ba82ea7f858,200,200,100.000000,283.955000,266.009020,1.000000,4.600000,348.025414,2.359683,345.932335,4.600000,2.195652,0.000000,0.259259,0.616858,0.178571,0.089109,200,1088,1088,32.000000,0,0,16,16,40,40,10,0,322.000000,920,0,0,20,180,0,20,20,15,5,0,20,5,5,5,0,0,0,0,0,0,0,0,0,0,0,0,0,0
595,13000124,50,1,449.141530168702,425.000000000000,23.000000000000,2.536626786182,9735147472380f7c,8d15af1f9d36efa1,73c2b1afaa1e7283,200,141,70.500000,350.851064,314.981111,0.900000,5.100000,439.824607,2.659259,431.777965,5.588652,2.758883,0.000000,0.328790,0.658703,0.202429,0.163482,200,944,944,32.000000,0,0,16,16,71,71,12,0,386.000000,788,0,0,55,126,0,55,16,10,6,0,16,6,6,5,1,0,0,0,0,39,20,39,59,40,19,0,0,0
596,13000125,50,1,128.957360629408,425.000000000000,20.000000000000,2.795579291111,3622a721a5e1075a,8d15af1f9d36efa1,e2586d70fbdfd20e,200,49,24.500000,222.285714,279.419400,0.600000,2.300000,275.894514,2.229167,195.022297,2.673469,2.412214,0.000000,0.782030,0.701493,0.604230,0.644986,200,856,856,32.000000,0,0,16,16,111,111,16,0,470.000000,131,0,0,101,43,0,101,10,2,8,0,10,8,8,4,4,0,0,0,0,91,80,71,151,95,56,0,0,0
597,13000126,50,1,282.118334936409,75.000000000000,18.000000000000,1.607742784193,a94c23a93a5b36c5,8d15af1f9d36efa1,f7e0ce7f2710be6c,200,108,54.000000,308.185185,333.395432,1.000000,5.200000,401.060902,2.370833,386.111945,5.009259,2.149723,0.000000,0.460618,0.697885,0.269906,0.298314,200,928,928,32.000000,0,0,16,16,110,110,10,0,462.000000,541,0,0,101,99,0,101,9,4,5,0,9,5,5,5,0,0,0,0,0,92,0,92,92,92,0,0,0,0
598,13000127,50,1,360.616731242797,75.000000000000,26.000000000000,1.985377657043,1ec670bf115e9e8c,8d15af1f9d36efa1,170dbc5d619c377,200,79,39.500000,407.696203,332.552246,0.700000,3.900000,428.765182,2.607143,533.809592,6.746835,2.495310,0.000000,0.455567,0.690402,0.272851,0.286479,200,944,944,32.000000,0,0,16,16,102,102,10,2,446.000000,533,0,0,91,71,0,91,10,5,5,0,10,5,5,3,2,0,0,0,0,81,60,61,121,83,38,0,0,0
599,13000128,50,1,52.667755671806,75.000000000000,30.000000000000,2.594487379849,61c7041fe463af9d,8d15af1f9d36efa1,284afdab48b129e5,200,132,66.000000,246.946970,262.251208,0.900000,3.700000,317.926196,2.283069,290.897963,4.121212,2.336397,0.000000,0.421277,0.664430,0.268817,0.231638,200,952,952,32.000000,0,0,16,16,76,76,12,0,396.000000,544,0,0,63,120,0,63,13,7,6,0,13,6,6,5,1,0,0,0,0,50,20,48,68,51,17,0,0,0
600,13000129,50,1,239.500358779733,425.000000000000,20.000000000000,1.882786525799,6b149873587358ae,8d15af1f9d36efa1,9ad5bf00c5a4fc1f,200,99,49.500000,167.646465,273.945685,0.600000,1.700000,202.919351,2.500000,187.347490,2.656566,2.403042,0.000000,0.583201,0.647887,0.431965,0.340852,200,888,888,32.000000,0,0,16,16,65,65,6,0,368.000000,263,0,0,53,90,0,53,12,9,3,0,12,3,3,0,3,0,0,0,0,41,80,21,101,44,57,0,0,0
601,13000130,50,1,133.946949664337,75.000000000000,27.000000000000,1.923911574558,736c98d239b7e5eb,8d15af1f9d36efa1,9a7d8700c55a2721,200,170,85.000000,253.876471,258.650562,1.000000,3.900000,301.164102,3.440000,288.849160,3.794118,3.280620,0.000000,0.364532,0.649123,0.236686,0.176245,200,1304,1304,32.000000,0,0,16,16,64,64,10,4,370.000000,645,0,0,46,154,0,46,16,11,5,0,16,5,5,5,0,0,0,0,0,30,0,30,30,30,0,0,0,0
602,13000131,50,1,16.217381395168,325.000000000000,45.000000000000,1.892269609362,12235bf09fd007ff,8d15af1f9d36efa1,862c6af4819e923b,200,108,54.000000,204.231481,228.793389,0.600000,2.200000,267.587051,2.031746,246.020810,3.564815,2.420779,0.000000,0.488712,0.647887,0.341880,0.261036,200,984,984,32.000000,0,0,16,16,64,64,8,0,368.000000,385,0,0,49,97,0,49,15,11,4,0,15,4,4,0,4,0,0,0,0,34,80,12,92,38,54,0,0,0
603,13000132,50,1,301.809103125788,325.000000000000,34.000000000000,1.844479707859,c55712213db19027,8d15af1f9d36efa1,ee7df6bbb0020b3b,200,110,55.000000,257.836364,270.434126,0.600000,2.000000,268.029084,1.941667,279.667931,3.590909,2.308861,0.000000,0.456671,0.624060,0.336134,0.202020,200,1144,1144,32.000000,0,0,16,16,44,44,12,8,332.000000,395,0,0,25,98,0,25,15,9,6,0,15,6,6,3,3,0,0,0,0,10,80,10,90,13,77,0,0,0
604,13000133,50,1,493.373130727975,75.000000000000,35.000000000000,2.075593975847,4f79e63230db3868,8d15af1f9d36efa1,a53760630bed32c,200,149,74.500000,278.154362,282.610366,1.000000,4.700000,337.528914,2.613810,320.329388,4.442953,2.503021,0.000000,0.387037,0.676375,0.232019,0.219340,200,968,968,32.000000,0,0,16,16,83,83,20,4,418.000000,662,0,0,66,134,0,66,15,5,10,0,15,10,10,10,0,0,0,0,0,51,0,51,51,51,0,0,0,0
605,13000134,50,1,102.822497277061,325.000000000000,40.000000000000,2.033406679788,3bc1ee9268b5c56c,8d15af1f9d36efa1,a172fe68db7698d9,200,146,73.000000,244.171233,245.686964,0.800000,2.700000,270.310209,3.489583,292.663588,3.691781,3.181818,0.000000,0.385405,0.628253,0.270636,0.164341,200,1032,1032,32.000000,0,0,16,16,48,48,10,0,338.000000,539,0,0,31,131,0,31,17,12,5,0,17,5,5,3,2,0,0,0,0,14,40,14,54,16,38,0,0,0
606,13000135,50,1,327.785875000944,175.000000000000,30.000000000000,2.643313673518,efa03df13217b442,8d15af1f9d36efa1,2b395e4f84302da0,200,153,76.500000,195.843137,221.450617,0.800000,2.300000,231.324201,2.837500,220.305540,3.045752,2.628755,0.000000,0.408629,0.616858,0.300300,0.161871,200,1104,1104,32.000000,0,0,16,16,41,41,8,0,322.000000,466,0,0,24,138,0,24,17,13,4,0,17,4,4,2,2,0,0,0,0,7,40,7,47,9,38,0,0,0
607,13000136,50,1,308.593019300655,425.000000000000,29.000000000000,2.046247628206,61e2f94308146a77,8d15af1f9d36efa1,de8ddbd6a52b8183,200,40,20.000000,320.800000,317.814766,0.400000,1.200000,246.081693,2.041667,399.624939,5.000000,1.800000,0.000000,0.672131,0.672131,0.500000,0.470899,200,904,904,32.000000,0,0,16,16,82,82,14,0,410.000000,200,0,0,73,36,0,73,9,2,7,0,9,7,7,2,5,0,0,0,0,64,120,40,160,69,91,0,0,0
608,13000137,50,1,456.537092152119,175.000000000000,45.000000000000,2.646640931360,93e87e8291b17ec3,8d15af1f9d36efa1,b3287ea3fee10b17,200,188,94.000000,310.127660,306.486147,1.000000,5.300000,386.013343,2.330079,391.780792,5.382979,2.386364,0.000000,0.256975,0.636364,0.165017,0.104425,200,1168,1168,32.000000,0,0,16,16,50,50,18,0,350.000000,1012,0,0,31,169,0,31,19,10,9,0,19,9,9,9,0,0,0,0,0,12,0,12,12,12,0,0,0,0
609,13000138,50,1,89.175965301734,425.000000000000,30.000000000000,1.996628310334,174246b03ef520ee,8d15af1f9d36efa1,ec1b7fd6b220c067,200,158,79.000000,303.746835,265.851987,1.000000,4.800000,379.048740,2.667063,368.959816,4.791139,2.500661,0.000000,0.338865,0.659864,0.208986,0.170865,200,984,984,32.000000,0,0,16,16,72,72,12,0,388.000000,757,0,0,57,143,0,57,15,9,6,0,15,6,6,6,0,0,0,0,0,42,0,42,42,42,0,0,0,0
610,13000139,50,1,348.247173814780,425.000000000000,37.000000000000,1.530576781779,60c7d95156376d81,8d15af1f9d36efa1,e693fc3118088447,200,133,66.500000,201.947368,230.031270,0.700000,1.900000,217.206417,2.304762,230.677486,2.947368,2.405612,0.000000,0.465940,0.630996,0.337838,0.219124,200,1152,1152,32.000000,0,0,16,16,49,49,12,0,342.000000,392,0,0,33,120,0,33,16,10,6,0,16,6,6,3,3,0,0,0,0,17,60,7,67,20,47,0,0,0
611,13000140,50,1,419.737856543363,325.000000000000,39.000000000000,1.873872853133,ab6f0e9c006867bd,8d15af1f9d36efa1,55010b3af2767b71,200,180,90.000000,284.938889,287.834158,0.900000,4.200000,362.038911,2.485053,355.574271,4.666667,2.420238,0.000000,0.272097,0.610895,0.192308,0.088937,200,1008,1008,32.000000,0,0,16,16,38,38,6,0,314.000000,840,0,0,19,162,0,19,19,16,3,0,19,3,3,2,1,0,0,0,0,0,20,0,20,1,19,0,0,0
612,13000141,50,1,71.441511580302,175.000000000000,39.000000000000,2.306556265779,6b49ca4bcd4169fc,8d15af1f9d36efa1,492ca1dca8e0d491,200,198,99.000000,351.636364,297.962699,1.000000,5.700000,452.249576,2.614524,435.641060,5.722222,2.427184,0.000000,0.221841,0.617591,0.150038,0.075102,200,992,992,31.000000,0,0,16,15,43,43,6,2,323.000000,1133,0,0,22,178,0,22,20,17,3,0,20,3,3,3,0,0,0,0,0,2,0,2,2,2,0,0,0,0
613,13000142,50,1,4.575405780488,175.000000000000,43.000000000000,2.389939858223,8e5a6695b5b268ff,8d15af1f9d36efa1,a61638e64625290c,200,120,60.000000,264.850000,292.238034,0.600000,2.800000,355.748293,2.500000,323.439105,4.666667,2.392857,0.000000,0.357798,0.609375,0.263158,0.125000,200,1016,1016,32.000000,0,0,16,16,33,33,14,0,312.000000,560,0,0,17,108,0,17,16,9,7,0,16,7,7,3,4,0,0,0,0,1,80,0,80,5,75,0,0,0
614,13000143,50,1,60.874189502088,325.000000000000,41.000000000000,2.403896340897,af1ca5fc456b6c15,8d15af1f9d36efa1,9ad5b900c5a4f1ed,200,71,35.500000,121.563380,227.579111,0.400000,0.700000,117.171548,2.833333,112.085579,1.591549,3.274336,0.000000,0.747204,0.625468,0.638978,0.474419,200,1304,1304,32.000000,0,0,16,16,44,44,14,0,334.000000,113,0,0,41,64,0,32,13,6,7,0,13,7,7,1,6,0,0,0,0,28,120,9,129,34,95,0,0,0
615,13000144,50,1,46.903016500015,425.000000000000,28.000000000000,2.881361775312,9123f2122f0dbee0,8d15af1f9d36efa1,effd9fe80c2dabcd,200,149,74.500000,387.677852,289.474283,1.000000,5.700000,446.218093,2.600000,481.779963,6.355705,2.373812,0.000000,0.302137,0.672131,0.174368,0.158222,200,1168,1168,32.000000,0,0,16,16,82,82,14,2,410.000000,947,0,0,66,134,0,66,15,8,7,0,15,7,7,7,0,0,0,0,0,51,0,51,51,51,0,0,0,0
616,13000145,50,1,285.758903105403,425.000000000000,29.000000000000,1.741517485289,85c2a7350a17e83,8d15af1f9d36efa1,b607874fd2de755b,200,175,87.500000,249.605714,250.323296,1.000000,4.100000,326.522767,2.666667,304.193803,4.137143,2.506906,0.000000,0.334559,0.645390,0.216450,0.154206,200,896,896,32.000000,0,0,16,16,62,62,8,2,364.000000,724,0,0,43,157,0,43,18,14,4,0,18,4,4,4,0,0,0,0,0,25,0,25,25,25,0,0,0,0
617,13000146,50,1,151.031316928204,325.000000000000,31.000000000000,2.168095627711,61e04f445b42cf11,8d15af1f9d36efa1,f6cf8c0738222a06,200,180,90.000000,252.861111,247.544126,0.900000,3.600000,308.241969,1.925926,308.591528,4.000000,1.926389,0.000000,0.307692,0.615385,0.217391,0.108911,200,904,904,32.000000,0,0,16,16,39,39,10,2,320.000000,720,0,0,19,162,0,19,19,14,5,0,19,5,5,4,1,0,0,0,0,0,20,0,20,1,19,0,0,0
618,13000147,50,1,349.133065716090,425.000000000000,23.000000000000,2.679679577618,a75066bc8ec7a4ed,8d15af1f9d36efa1,54aa2a30b3fa1899,200,160,80.000000,301.812500,267.525798,0.800000,3.600000,381.064422,2.656250,370.022868,4.500000,2.472222,0.000000,0.328358,0.637681,0.217391,0.142857,200,984,984,32.000000,0,0,16,16,54,54,12,0,352.000000,720,0,0,37,144,0,37,17,11,6,0,17,6,6,5,1,0,0,0,0,20,40,0,40,21,19,0,0,0
619,13000148,50,1,186.453009157941,175.000000000000,22.000000000000,2.593670717224,635826b76a9207ea,8d15af1f9d36efa1,b0f3e9eb217a7813,200,179,89.500000,406.765363,306.243010,1.000000,6.400000,515.320968,1.991667,546.331455,6.826816,1.933715,0.000000,0.216667,0.628253,0.140647,0.079819,200,944,944,32.000000,0,0,16,16,53,53,0,0,338.000000,1222,0,0,38,162,2,36,15,15,0,0,15,0,0,0,0,0,0,0,0,21,0,21,21,21,0,0,0,0
620,13000149,50,1,315.697778321166,175.000000000000,29.000000000000,1.915830842014,25ef9992a62f4ecd,8d15af1f9d36efa1,44f5b0f2ec1e7f,200,180,90.000000,242.522222,244.465217,0.900000,3.400000,285.921485,2.450529,300.582363,4.000000,2.379167,0.000000,0.302326,0.609375,0.217391,0.100000,200,1120,1120,32.000000,0,0,16,16,39,39,2,0,312.000000,720,0,0,20,162,0,20,19,18,1,0,19,1,1,0,1,0,0,0,0,1,20,0,20,2,18,0,0,0
621,13000150,50,1,280.134266496467,75.000000000000,29.000000000000,1.611127777692,f56f5a593d058fdb,8d15af1f9d36efa1,b1c8484f3f5a6907,200,120,60.000000,176.883333,161.161695,1.000000,2.700000,186.830768,2.670000,181.967512,2.683333,2.161491,0.000000,0.580729,0.690402,0.383142,0.399254,200,1048,1048,32.000000,0,0,16,16,105,105,4,2,446.000000,322,0,0,92,108,0,92,12,10,2,0,12,2,2,2,0,0,0,0,0,80,0,80,80,80,0,0,0,0
622,13000151,50,1,173.368092771126,325.000000000000,25.000000000000,2.600148148768,3a6cbcc5534d442d,8d15af1f9d36efa1,5016c9cabe29e7d6,200,177,88.500000,202.915254,195.716053,0.900000,2.900000,238.847792,2.459259,230.716336,3.192090,2.686726,0.000000,0.364454,0.618321,0.261438,0.140030,200,984,984,32.000000,0,0,16,16,45,45,2,0,324.000000,565,0,0,26,159,0,26,19,18,1,0,19,1,1,0,1,0,0,0,0,7,20,3,23,8,15,0,0,0
623,13000152,50,1,212.425022444256,175.000000000000,32.000000000000,1.781955664763,24902cbabed94696,8d15af1f9d36efa1,1d5292500d3093dd,200,132,66.000000,228.409091,242.546064,0.800000,2.900000,285.918476,3.118056,297.498181,3.810606,2.453280,0.000000,0.408931,0.635036,0.284495,0.187399,200,1080,1080,32.000000,0,0,16,16,56,56,4,0,348.000000,503,0,0,42,120,0,42,14,12,2,0,14,2,2,0,2,0,0,0,0,28,40,28,68,30,38,0,0,0
624,13000153,50,1,73.463356063056,75.000000000000,37.000000000000,1.739349966972,fc6196ec6763baa,8d15af1f9d36efa1,9b08b200c5d03fa1,200,68,34.000000,169.617647,285.128589,0.400000,1.000000,184.317098,3.375000,158.125926,2.455882,3.682635,0.000000,0.692449,0.652778,0.544959,0.463023,200,1136,1136,32.000000,0,0,16,16,64,64,16,4,376.000000,167,0,0,50,61,0,50,12,4,8,0,12,8,8,3,5,0,0,0,0,38,120,12,132,43,89,0,0,0
625,13000154,50,1,291.862669433207,425.000000000000,28.000000000000,1.751732303349,a741bff5a1e214a1,8d15af1f9d36efa1,44c97572a9f3b7bc,200,66,33.000000,302.227273,371.212745,0.500000,2.800000,375.332427,1.948571,375.912194,5.803030,1.775457,0.000000,0.490013,0.647887,0.343053,0.262042,200,864,864,32.000000,0,0,16,16,60,60,16,0,368.000000,383,0,0,49,60,0,49,11,3,8,0,11,8,8,3,5,0,0,0,0,38,100,34,134,43,91,0,0,0
626,13000155,50,1,270.510440575823,425.000000000000,18.000000000000,1.823230561355,6ee36125ebce1c4f,8d15af1f9d36efa1,d8fde9f65a059b3b,200,142,71.000000,301.549296,259.933208,1.000000,4.300000,342.857075,1.716667,357.822697,4.647887,2.128788,0.000000,0.393382,0.681529,0.232558,0.228972,200,912,912,32.000000,0,0,16,16,91,91,14,10,428.000000,660,0,0,72,128,0,72,14,7,7,0,14,7,7,7,0,0,0,0,0,58,0,58,58,58,0,0,0,0
627,13000156,50,1,357.947259705424,425.000000000000,29.000000000000,2.768827767192,3bde3abaec17db12,8d15af1f9d36efa1,ee02f5476591d4ec,200,152,76.000000,269.861842,276.353414,1.000000,4.200000,315.700931,2.464524,326.390223,4.217105,2.410296,0.000000,0.384246,0.666667,0.237812,0.207664,200,1104,1104,32.000000,0,0,16,16,78,78,12,0,400.000000,641,0,0,63,137,0,63,15,9,6,0,15,6,6,6,0,0,0,0,0,48,0,48,48,48,0,0,0,0
628,13000157,50,1,74.881586105756,175.000000000000,31.000000000000,2.807120154212,52f4a699e8ac5990,8d15af1f9d36efa1,1551993126b53480,200,200,100.000000,324.405000,332.034209,1.000000,5.600000,421.845005,2.498885,412.504890,5.700000,2.333333,0.000000,0.218107,0.613900,0.149254,0.070147,200,1000,1000,32.000000,0,0,16,16,40,40,6,0,318.000000,1140,0,0,20,180,0,20,20,17,3,0,20,3,3,3,0,0,0,0,0,0,0,0,0,0,0,0,0,0
629,13000158,50,1,95.333241220232,75.000000000000,22.000000000000,2.657418409168,4853fe2aae04a3ad,8d15af1f9d36efa1,647a69872c001aba,200,110,55.000000,278.954545,291.687992,0.600000,2.500000,325.767984,2.198413,324.872277,4.363636,2.425000,0.000000,0.427208,0.641577,0.294118,0.207921,200,864,864,32.000000,0,0,16,16,53,53,20,0,358.000000,480,0,0,38,99,0,38,15,5,10,0,15,10,10,6,4,0,0,0,0,23,80,10,90,27,63,0,0,0
630,13000159,50,1,355.505562559609,175.000000000000,27.000000000000,2.832434764674,ca8efe6c7f4d197d,8d15af1f9d36efa1,4674f7eb3ff1e62a,200,196,98.000000,312.137755,287.625398,1.000000,4.800000,395.938728,2.936905,397.518108,4.836735,2.787975,0.000000,0.255302,0.619048,0.174216,0.090211,200,1168,1168,31.000000,0,0,16,15,44,44,6,0,325.000000,948,0,0,24,176,0,24,20,17,3,0,20,3,3,3,0,0,0,0,0,4,0,4,4,4,0,0,0,0
631,13000160,50,1,139.283282834053,425.000000000000,22.000000000000,2.660682579023,927fc03953c94462,8d15af1f9d36efa1,9aa9a900c57f9bd2,200,20,10.000000,112.800000,313.295820,0.100000,0.100000,50.531269,2.000000,50.531269,1.000000,2.000000,0.000000,0.937107,0.598394,0.909091,0.767442,200,1008,1008,32.000000,0,0,16,16,24,24,18,4,298.000000,20,0,0,11,18,0,11,11,2,9,0,11,9,9,0,9,0,0,0,0,0,180,0,180,9,171,0,0,0
632,13000161,50,1,492.594224842349,75.000000000000,33.000000000000,1.769122442437,2f21aee57ef61183,8d15af1f9d36efa1,541670f2d61440fc,200,80,40.000000,240.925000,272.925203,0.700000,2.100000,219.736302,3.083333,255.438640,3.250000,3.184615,0.000000,0.656085,0.712644,0.434783,0.503817,200,952,952,32.000000,0,0,16,16,126,126,12,0,496.000000,260,0,0,113,70,0,113,13,7,6,0,13,6,6,3,3,0,0,0,0,100,60,60,120,103,17,0,0,0
633,13000162,50,1,106.694064797998,175.000000000000,39.000000000000,2.324847152830,99794361c00cbc8f,8d15af1f9d36efa1,9ab74100c58b2876,200,200,100.000000,201.945000,202.241502,1.000000,3.000000,240.684947,2.748333,239.116355,3.100000,2.580645,0.000000,0.336188,0.610895,0.243902,0.116809,200,1216,1216,32.000000,0,0,16,16,40,40,2,0,314.000000,620,0,0,20,180,0,20,20,19,1,0,20,1,1,1,0,0,0,0,0,0,0,0,0,0,0,0,0,0
634,13000163,50,1,459.763340466250,75.000000000000,31.000000000000,1.695497727056,8f606a3b8698c928,8d15af1f9d36efa1,9424af93f415a99e,200,178,89.000000,238.926966,223.300246,1.000000,3.500000,280.773279,2.780000,269.875394,3.303371,2.369048,0.000000,0.381053,0.644128,0.253807,0.181058,200,1000,1000,32.000000,0,0,16,16,60,60,10,0,362.000000,588,0,0,41,159,0,41,19,14,5,0,19,5,5,5,0,0,0,0,0,22,0,22,22,22,0,0,0,0
635,13000164,50,1,462.297492080580,175.000000000000,35.000000000000,2.527230548789,a2bef020c8644193,8d15af1f9d36efa1,50fa7c0ce74b3621,200,114,57.000000,220.201754,252.499625,0.700000,2.600000,267.693199,2.550000,239.863221,3.412281,2.452442,0.000000,0.480641,0.642857,0.339559,0.247582,200,1136,1136,32.000000,0,0,16,16,58,58,12,0,360.000000,389,0,0,43,102,0,43,15,9,6,0,15,6,6,3,3,0,0,0,0,28,60,26,86,31,55,0,0,0
636,13000165,50,1,387.298344619713,425.000000000000,34.000000000000,1.691376772418,f5c3c085380ff39f,8d15af1f9d36efa1,9a87bc00c562d5b5,200,165,82.500000,241.745455,240.007555,1.000000,3.600000,283.683188,3.100000,294.650578,3.684848,3.264803,0.000000,0.378323,0.649123,0.247525,0.184987,200,1120,1120,32.000000,0,0,16,16,69,69,0,0,370.000000,608,0,0,52,148,0,52,17,17,0,0,17,0,0,0,0,0,0,0,0,35,0,35,35,35,0,0,0,0
637,13000166,50,1,240.038757931104,325.000000000000,30.000000000000,1.829250712163,5c87d934d205a0db,8d15af1f9d36efa1,f4f3bd5b473b00cd,200,160,80.000000,350.368750,347.693387,0.800000,4.800000,460.225910,2.366815,453.325944,6.000000,2.437500,0.000000,0.247649,0.612403,0.172414,0.080460,200,1008,1008,32.000000,0,0,16,16,36,36,12,0,316.000000,960,0,0,18,144,0,18,18,12,6,0,18,6,6,4,2,0,0,0,0,0,40,0,40,2,38,0,0,0
638,13000167,50,1,397.248514935345,425.000000000000,39.000000000000,1.552927326936,ff88f36b55e48343,8d15af1f9d36efa1,5c6bb50b0e790f01,200,177,88.500000,214.062147,222.420654,1.000000,3.500000,269.408798,3.158333,256.049732,3.491525,2.877023,0.000000,0.361570,0.636364,0.244499,0.160326,200,1136,1136,32.000000,0,0,16,16,59,59,0,0,350.000000,618,0,0,41,159,0,41,18,18,0,0,18,0,0,0,0,0,0,0,0,23,0,23,23,23,0,0,0,0
639,13000168,50,1,122.041657524106,75.000000000000,31.000000000000,1.869466744774,ab18e2e38f1c3658,8d15af1f9d36efa1,974aaa4f3034a5a5,200,162,81.000000,263.413580,212.353457,0.900000,3.500000,302.574983,2.858333,314.503421,4.098765,2.966867,0.000000,0.345168,0.636364,0.231481,0.150895,200,968,968,32.000000,0,0,16,16,54,54,10,0,350.000000,664,0,0,36,145,0,36,18,13,5,0,18,5,5,4,1,0,0,0,0,18,20,18,38,19,19,0,0,0
640,13000169,50,1,145.326055645557,425.000000000000,19.000000000000,2.586473977414,acad94a25cae9d6,8d15af1f9d36efa1,85ae5088afb0f7dd,200,118,59.000000,344.720339,293.035522,0.800000,3.800000,377.886469,2.631250,423.274920,5.338983,2.071429,0.000000,0.378698,0.657534,0.240964,0.194373,200,936,936,32.000000,0,0,16,16,70,70,12,0,384.000000,630,0,0,56,106,0,56,14,8,6,0,14,6,6,4,2,0,0,0,0,42,40,42,82,44,38,0,0,0
641,13000170,50,1,94.974190938122,175.000000000000,24.000000000000,2.914628547789,66fb08e78ca0b0e7,8d15af1f9d36efa1,5f43094fa1ae3b60,200,120,60.000000,135.666667,224.316551,0.600000,1.000000,131.715407,3.166667,131.715407,1.666667,3.500000,0.000000,0.607843,0.607843,0.500000,0.280576,200,952,952,32.000000,0,0,16,16,34,34,10,0,310.000000,200,0,0,18,108,0,18,16,11,5,0,16,5,5,1,4,0,0,0,0,2,80,0,80,6,74,0,0,0
642,13000171,50,1,242.751546964482,425.000000000000,17.000000000000,2.166289721259,1c520a838edca770,8d15af1f9d36efa1,f46ef196cc47dc22,200,145,72.500000,243.393103,239.642304,1.000000,3.700000,277.784451,2.751667,283.204085,3.668966,2.731203,0.000000,0.435244,0.672131,0.273224,0.250704,200,1088,1088,32.000000,0,0,16,16,85,85,8,0,410.000000,532,0,0,70,130,0,70,15,11,4,0,15,4,4,4,0,0,0,0,0,55,0,55,55,55,0,0,0,0
643,13000172,50,1,123.134724904309,425.000000000000,28.000000000000,1.920434031095,566f11d9c0036518,8d15af1f9d36efa1,220fb5b4bddccb25,200,126,63.000000,213.730159,199.199490,0.700000,2.600000,266.193633,3.369728,248.538938,3.904762,2.660569,0.000000,0.431871,0.651568,0.289017,0.223975,200,1032,1032,32.000000,0,0,16,16,64,64,14,0,374.000000,492,0,0,49,114,0,49,15,8,7,0,15,7,7,4,3,0,0,0,0,34,60,14,74,37,37,0,0,0
644,13000173,50,1,176.948184037697,175.000000000000,40.000000000000,1.568839635916,d79af56a10dae042,8d15af1f9d36efa1,20e54fdaa297bd1f,200,100,50.000000,209.170000,201.149084,0.500000,1.600000,242.229618,4.150000,240.548066,3.200000,3.312500,0.000000,0.487179,0.603175,0.384615,0.183673,200,1128,1128,32.000000,0,0,16,16,30,30,12,0,304.000000,320,0,0,15,90,0,15,15,9,6,0,15,6,6,1,5,0,0,0,0,0,100,0,100,5,95,0,0,0
645,13000174,50,1,217.361171151804,425.000000000000,23.000000000000,1.799865233403,4e500c711310c68e,8d15af1f9d36efa1,b172a3f0e091c1c2,200,59,29.500000,363.661017,317.925677,0.400000,2.300000,455.174816,2.697917,482.173460,6.016949,2.143662,0.000000,0.547771,0.682540,0.360360,0.358047,200,1048,1048,32.000000,0,0,16,16,93,93,12,0,430.000000,355,0,0,84,54,0,84,9,3,6,0,9,6,6,2,4,0,0,0,0,75,120,21,141,79,62,0,0,0
646,13000175,50,1,118.826425487089,175.000000000000,42.000000000000,1.551241699018,126207a76ab4eb02,8d15af1f9d36efa1,31da723b698a50bb,200,154,77.000000,214.428571,273.278360,0.800000,2.600000,257.746779,3.141667,254.014911,3.311688,3.164706,0.000000,0.397163,0.626866,0.281690,0.169381,200,1112,1112,32.000000,0,0,16,16,48,48,8,0,336.000000,510,0,0,30,138,0,30,18,14,4,0,18,4,4,2,2,0,0,0,0,12,40,6,46,14,32,0,0,0
647,13000176,50,1,434.354214263182,325.000000000000,35.000000000000,2.531888889909,520454493124f1e6,8d15af1f9d36efa1,464f6deb3fd1df6f,200,175,87.500000,182.862857,180.012440,0.900000,2.300000,190.498114,2.750000,197.162672,2.691429,2.530786,0.000000,0.407547,0.618321,0.298063,0.163410,200,952,952,32.000000,0,0,16,16,43,43,6,0,324.000000,471,0,0,24,157,0,24,19,16,3,0,19,3,3,2,1,0,0,0,0,5,20,5,25,6,19,0,0,0
648,13000177,50,1,146.854149025037,75.000000000000,23.000000000000,2.908652061199,579e5a1fce46183b,8d15af1f9d36efa1,d266661c561d6795,200,175,87.500000,301.342857,300.108006,1.000000,4.900000,378.822968,2.804643,364.655477,4.982857,2.482798,0.000000,0.295638,0.646643,0.186567,0.133201,200,1056,1056,32.000000,0,0,16,16,59,59,16,0,366.000000,872,0,0,42,158,0,42,17,9,8,0,17,8,8,8,0,0,0,0,0,25,0,25,25,25,0,0,0,0
649,13000178,50,1,389.497823847723,325.000000000000,31.000000000000,2.375802129079,823af95ff6b822d3,8d15af1f9d36efa1,199bb24f7a20c28e,200,90,45.000000,128.077778,233.874649,0.500000,0.900000,143.424308,3.400000,131.685068,1.777778,3.093750,0.000000,0.677419,0.626866,0.555556,0.393939,200,968,968,32.000000,0,0,16,16,47,47,10,0,336.000000,160,0,0,32,80,0,32,15,10,5,0,15,5,5,0,5,0,0,0,0,17,100,10,110,22,88,0,0,0
650,13000179,50,1,487.319236470389,325.000000000000,42.000000000000,2.189030254542,a6a132204c442463,8d15af1f9d36efa1,171481e1406afe0d,200,38,19.000000,280.473684,322.415141,0.200000,0.800000,342.524549,3.500000,339.809234,3.947368,2.880000,0.000000,0.682203,0.616858,0.571429,0.375000,200,1144,1144,32.000000,0,0,16,16,37,37,16,0,322.000000,150,0,0,25,34,0,25,12,4,8,0,12,8,8,0,8,0,0,0,0,13,160,2,162,21,141,0,0,0
651,13000180,50,1,471.290593568547,425.000000000000,33.000000000000,2.219879885995,f14a09c5d90ff6ba,8d15af1f9d36efa1,d7266a3716510e50,200,181,90.500000,272.563536,252.432243,1.000000,4.800000,387.623196,2.558009,333.531125,4.348066,2.575604,0.000000,0.306608,0.635036,0.202634,0.128461,200,904,904,32.000000,0,0,16,16,55,55,6,0,348.000000,787,0,0,37,163,0,37,18,15,3,0,18,3,3,3,0,0,0,0,0,19,0,19,19,19,0,0,0,0
652,13000181,50,1,373.358693389463,325.000000000000,28.000000000000,2.198195908424,655cb4ec94dc794c,8d15af1f9d36efa1,2918cf3840a4be23,200,172,86.000000,311.279070,269.024324,0.900000,4.300000,393.043267,2.668430,400.066039,4.825581,2.625301,0.000000,0.282007,0.619772,0.194175,0.101732,200,1048,1048,32.000000,0,0,16,16,45,45,4,0,326.000000,830,0,0,27,155,0,27,18,16,2,0,18,2,2,1,1,0,0,0,0,9,20,8,28,10,18,0,0,0
653,13000182,50,1,79.140158277996,325.000000000000,39.000000000000,2.281365407131,9dbfc6a4c62d64be,8d15af1f9d36efa1,9aed8000c5b922f3,200,191,95.500000,256.115183,243.598118,1.000000,4.100000,326.212510,2.427381,312.623320,4.120419,2.350699,0.000000,0.296064,0.623352,0.202634,0.112740,200,1032,1032,31.000000,0,0,16,15,49,49,2,0,331.000000,787,0,0,29,171,0,29,20,19,1,0,20,1,1,1,0,0,0,0,0,9,0,9,9,9,0,0,0,0
654,13000183,50,1,471.185250339199,325.000000000000,37.000000000000,2.362931129371,7acbf22b2cd3603e,8d15af1f9d36efa1,1af770bec058eeed,200,112,56.000000,247.071429,258.038788,0.600000,2.400000,278.217007,2.450000,284.897264,4.151786,2.075269,0.000000,0.429448,0.636364,0.300752,0.202401,200,872,872,32.000000,0,0,16,16,53,53,12,6,350.000000,465,0,0,34,100,0,34,16,10,6,0,16,6,6,2,4,0,0,0,0,18,80,8,88,22,66,0,0,0
655,13000184,50,1,440.651219119472,175.000000000000,39.000000000000,1.663663478841,e242d62bb207a19f,8d15af1f9d36efa1,2db41028e70813cf,200,51,25.500000,290.784314,307.260749,0.300000,1.400000,354.093811,2.441667,356.325414,5.098039,2.219231,0.000000,0.559322,0.622642,0.434783,0.273743,200,952,952,32.000000,0,0,16,16,39,39,20,0,330.000000,260,0,0,27,46,0,27,12,2,10,0,12,10,10,3,7,0,0,0,0,15,140,9,149,22,127,0,0,0
656,13000185,50,1,347.702455162133,75.000000000000,31.000000000000,1.981660449102,d884134f92b1ccca,8d15af1f9d36efa1,13ba4127d8701da7,200,132,66.000000,363.454545,264.862162,0.900000,4.300000,379.901107,3.351924,366.638280,5.143939,2.702504,0.000000,0.383288,0.678457,0.227531,0.218642,200,1032,1032,32.000000,0,0,16,16,82,82,26,8,422.000000,679,0,0,63,118,0,63,15,2,13,0,15,13,13,12,1,0,0,0,0,48,20,48,68,49,19,0,0,0
657,13000186,50,1,443.463740074146,325.000000000000,32.000000000000,2.937465708852,6029207073537dda,8d15af1f9d36efa1,fb0f264ff9e43d0c,200,113,56.500000,169.991150,235.395176,0.600000,1.500000,179.896946,2.527778,178.340553,2.646018,2.461538,0.000000,0.526149,0.624060,0.400802,0.250627,200,1088,1088,32.000000,0,0,16,16,44,44,12,0,332.000000,299,0,0,29,102,0,29,15,9,6,0,15,6,6,2,4,0,0,0,0,14,80,7,87,18,69,0,0,0
658,13000187,50,1,45.678543263172,425.000000000000,32.000000000000,2.022232958199,4bd2721b73a1d0dc,8d15af1f9d36efa1,9903a8a2fbc3e404,200,157,78.500000,307.439490,280.459196,1.000000,4.400000,347.924149,2.276905,357.878672,4.522293,2.411268,0.000000,0.361511,0.667774,0.219780,0.193182,200,992,992,32.000000,0,0,16,16,79,79,12,4,402.000000,710,0,0,60,140,0,60,17,11,6,0,17,6,6,6,0,0,0,0,0,43,0,43,43,43,0,0,0,0
659,13000188,50,1,230.389219081969,425.000000000000,16.000000000000,2.066677382638,9cc88c9218df3446,8d15af1f9d36efa1,9ae03000c5ae10a7,200,86,43.000000,321.872093,304.456793,0.800000,4.100000,406.435656,2.304167,391.104549,5.023256,2.166667,0.000000,0.503448,0.686520,0.316456,0.322884,200,944,944,32.000000,0,0,16,16,96,96,14,0,438.000000,432,0,0,85,77,0,85,11,4,7,0,11,7,7,5,2,0,0,0,0,74,40,74,114,76,38,0,0,0
660,13000189,50,1,483.784994449329,175.000000000000,43.000000000000,2.009034279004,8ce4f545bc28065d,8d15af1f9d36efa1,d86b1815b4b3dc34,200,183,91.500000,336.857923,310.031732,1.000000,5.000000,401.487401,3.004167,406.114039,5.103825,2.849036,0.000000,0.279321,0.644128,0.176367,0.122180,200,1104,1104,32.000000,0,0,16,16,59,59,12,4,362.000000,934,0,0,37,163,0,37,20,14,6,0,20,6,6,6,0,0,0,0,0,17,0,17,17,17,0,0,0,0
661,13000190,50,1,476.362428446400,175.000000000000,35.000000000000,2.814363793095,f1bfa13d30c7567d,8d15af1f9d36efa1,9a7a0000c5570be5,200,40,20.000000,90.150000,311.151502,0.200000,0.300000,69.599424,2.000000,71.918054,1.500000,2.333333,0.000000,0.849624,0.628942,0.769231,0.642857,200,920,920,31.000000,0,0,16,15,46,46,16,0,339.000000,60,0,0,34,36,0,34,12,4,8,0,12,8,8,0,8,0,0,0,0,22,160,0,160,30,130,0,0,0
662,13000191,50,1,64.208568494327,425.000000000000,34.000000000000,1.818487100364,83990da5632121d8,8d15af1f9d36efa1,3e1edb3a77d0d77e,200,141,70.500000,344.574468,289.950239,1.000000,4.900000,378.180122,2.444048,403.997484,5.397163,2.413929,0.000000,0.366361,0.687500,0.208117,0.214654,200,1032,1032,32.000000,0,0,16,16,100,100,8,18,440.000000,761,0,0,75,125,0,75,16,12,4,0,16,4,4,4,0,0,0,0,0,59,0,59,59,59,0,0,0,0
663,13000192,50,1,54.994020062012,325.000000000000,37.000000000000,2.922565247142,34afa71099cd3461,8d15af1f9d36efa1,7a2cfa9779bf8fe1,200,187,93.500000,422.732620,318.626601,1.000000,6.800000,511.622019,2.742063,534.493494,7.021390,2.376238,0.000000,0.215182,0.642857,0.132188,0.088827,200,1032,1032,32.000000,0,0,16,16,54,54,20,2,360.000000,1313,0,0,33,167,0,33,20,10,10,0,20,10,10,10,0,0,0,0,0,13,0,13,13,13,0,0,0,0
664,13000193,50,1,416.315709788957,175.000000000000,32.000000000000,2.980401767014,6703842f3ab77102,8d15af1f9d36efa1,28c68568c8ddb832,200,159,79.500000,184.654088,225.414235,0.800000,2.200000,222.480565,2.645833,214.377790,2.761006,2.731207,0.000000,0.415446,0.609375,0.312989,0.154143,200,1032,1032,32.000000,0,0,16,16,36,36,8,0,312.000000,439,0,0,19,143,0,19,18,14,4,0,18,4,4,2,2,0,0,0,0,1,40,1,41,3,38,0,0,0
665,13000194,50,1,485.320836907922,325.000000000000,35.000000000000,2.896839574282,af8092d480261a4e,8d15af1f9d36efa1,8fb4a54f2c36d883,200,174,87.000000,325.385057,290.831101,1.000000,4.900000,398.869495,2.551548,393.892667,5.040230,2.383124,0.000000,0.300080,0.652778,0.185701,0.141038,200,1016,1016,32.000000,0,0,16,16,64,64,16,0,376.000000,877,0,0,45,155,0,45,19,11,8,0,19,8,8,8,0,0,0,0,0,26,0,26,26,26,0,0,0,0
666,13000195,50,1,429.566600934748,325.000000000000,45.000000000000,1.986187206872,4be09ecd69f44393,8d15af1f9d36efa1,309aabd0d07ef4ca,200,169,84.500000,324.840237,285.617334,0.900000,4.400000,384.444827,2.439506,396.199660,5.041420,2.321596,0.000000,0.290000,0.635036,0.190114,0.119835,200,976,976,32.000000,0,0,16,16,49,49,18,0,348.000000,852,0,0,30,151,0,30,19,10,9,0,19,9,9,8,1,0,0,0,0,11,20,11,31,12,19,0,0,0
667,13000196,50,1,441.186734237158,325.000000000000,36.000000000000,2.815616278889,c0ab9a5c4c0fbf3a,8d15af1f9d36efa1,e5f4791b22184f75,200,157,78.500000,269.159236,307.529348,0.800000,3.600000,336.781658,2.988988,349.577533,4.840764,2.657895,0.000000,0.297597,0.616858,0.208333,0.105882,200,1120,1120,32.000000,0,0,16,16,41,41,8,0,322.000000,760,0,0,23,141,0,23,18,14,4,0,18,4,4,2,2,0,0,0,0,5,40,3,43,7,36,0,0,0
668,13000197,50,1,76.122730650737,325.000000000000,45.000000000000,1.751965121804,e50cf5a73b71e9a6,8d15af1f9d36efa1,ac4af7345071730f,200,165,82.500000,274.939394,251.335157,0.900000,3.800000,334.800681,2.903704,324.219934,4.230303,2.583095,0.000000,0.332696,0.635036,0.222717,0.142506,200,1072,1072,32.000000,0,0,16,16,57,57,2,2,348.000000,698,0,0,37,147,0,37,19,18,1,0,19,1,1,0,1,0,0,0,0,18,20,15,35,19,16,0,0,0
669,13000198,50,1,133.087387321646,325.000000000000,32.000000000000,2.565372996537,dcd06d776a41657,8d15af1f9d36efa1,5f13734fa185cbbc,200,40,20.000000,281.400000,329.506125,0.200000,0.900000,353.351779,3.464286,346.298899,4.500000,2.222222,0.000000,0.623431,0.598394,0.526316,0.268293,200,864,864,32.000000,0,0,16,16,24,24,18,0,298.000000,180,0,0,12,36,0,12,12,3,9,0,12,9,9,1,8,0,0,0,0,0,160,0,160,8,152,0,0,0
670,13000199,50,1,248.266362106880,175.000000000000,28.000000000000,1.818724158988,fc9a25d2189a98a0,8d15af1f9d36efa1,1ee937e8164ff870,200,151,75.500000,277.364238,277.870479,0.800000,3.500000,353.478672,3.108631,345.529075,4.370861,2.622727,0.000000,0.327902,0.616858,0.232558,0.120000,200,1048,1048,32.000000,0,0,16,16,43,43,4,0,322.000000,660,0,0,26,136,0,26,17,15,2,0,17,2,2,0,2,0,0,0,0,9,40,9,49,11,38,0,0,0
671,13000200,50,1,395.278161439178,175.000000000000,40.000000000000,2.472727331128,afb77adbeb5da016,8d15af1f9d36efa1,491d9c812d18ca9b,200,56,28.000000,137.875000,294.589231,0.300000,0.600000,143.810860,2.166667,144.715016,2.000000,2.625000,0.000000,0.763713,0.644128,0.641026,0.537190,200,1480,1480,32.000000,0,0,16,16,58,58,14,0,362.000000,112,0,0,45,50,0,45,13,6,7,0,13,7,7,0,7,0,0,0,0,32,140,4,144,39,105,0,0,0
672,13000201,50,1,178.515892182273,75.000000000000,26.000000000000,2.068400675756,7c212121f70f2da2,8d15af1f9d36efa1,a1002ce414493e7e,200,131,65.500000,296.664122,234.667539,0.900000,4.300000,368.827619,2.287963,361.544774,5.053435,2.031722,0.000000,0.378987,0.668874,0.232019,0.206235,200,912,912,32.000000,0,0,16,16,80,80,12,10,404.000000,662,0,0,62,119,0,62,13,7,6,0,13,6,6,5,1,0,0,0,0,49,20,49,69,50,19,0,0,0
673,13000202,50,1,81.795449525769,425.000000000000,24.000000000000,2.332288685589,577da0bae0cf00ac,8d15af1f9d36efa1,9e2dce9276728c61,200,58,29.000000,265.000000,362.828275,0.300000,1.200000,314.894943,4.634921,303.823562,4.034483,3.247863,0.000000,0.572993,0.610895,0.460829,0.259494,200,1000,1000,32.000000,0,0,16,16,32,32,18,0,314.000000,234,0,0,19,52,0,19,13,4,9,0,13,9,9,2,7,0,0,0,0,6,140,2,142,13,129,0,0,0
674,13000203,50,1,408.679177307800,425.000000000000,26.000000000000,1.837894291827,d2218c41b3d5dab3,8d15af1f9d36efa1,3c4fe8c1b5dfaf85,200,78,39.000000,290.641026,285.178642,0.600000,2.100000,282.775446,2.814286,336.929261,4.538462,3.050847,0.000000,0.548469,0.682540,0.361011,0.358696,200,1096,1096,32.000000,0,0,16,16,89,89,20,30,430.000000,354,0,0,62,70,0,62,12,2,10,0,12,10,10,6,4,0,0,0,0,50,80,42,122,54,68,0,0,0
675,13000204,50,1,415.883513732122,175.000000000000,39.000000000000,2.114865316224,1ae7e281b419860e,8d15af1f9d36efa1,80a6268712edfcf7,200,78,39.000000,235.961538,242.231249,0.400000,1.400000,260.701194,3.225000,270.797869,3.461538,3.125926,0.000000,0.540816,0.613900,0.425532,0.241573,200,1136,1136,32.000000,0,0,16,16,36,36,14,2,318.000000,270,0,0,21,70,0,21,14,7,7,0,14,7,7,1,6,0,0,0,0,7,120,2,122,13,109,0,0,0
676,13000205,50,1,120.871697290475,425.000000000000,22.000000000000,2.793374864773,effa0538df418094,8d15af1f9d36efa1,446e0466c868a0d2,200,180,90.000000,223.588889,181.312630,1.000000,3.300000,233.700197,2.536429,263.838209,3.588889,2.690402,0.000000,0.348790,0.633700,0.236407,0.150000,200,968,968,32.000000,0,0,16,16,56,56,2,0,346.000000,646,0,0,38,162,0,38,18,17,1,0,18,1,1,1,0,0,0,0,0,20,0,20,20,20,0,0,0,0
677,13000206,50,1,260.982850155026,325.000000000000,38.000000000000,1.920870810418,a7e0ce9e55b930f5,8d15af1f9d36efa1,cc8093f270224b29,200,146,73.000000,237.986301,264.200009,0.800000,3.000000,301.371565,3.908333,300.741942,3.958904,3.159170,0.000000,0.362031,0.621212,0.257069,0.142433,200,1104,1104,32.000000,0,0,16,16,46,46,4,0,328.000000,578,0,0,30,132,0,30,16,14,2,0,16,2,2,0,2,0,0,0,0,14,40,14,54,16,38,0,0,0
678,13000207,50,1,36.377097796374,425.000000000000,20.000000000000,2.901870145627,a2c584218357d27,8d15af1f9d36efa1,f28faa014d42500f,200,99,49.500000,384.565657,281.863082,0.700000,3.800000,427.796990,1.869728,441.002962,5.797980,1.832753,0.000000,0.438356,0.691358,0.258398,0.273418,200,832,832,32.000000,0,0,16,16,101,101,14,28,448.000000,574,0,0,73,88,0,73,14,7,7,0,14,7,7,4,3,0,0,0,0,59,60,41,101,62,39,0,0,0
679,13000208,50,1,113.070708443408,325.000000000000,35.000000000000,2.283473649370,444c2788bf78696a,8d15af1f9d36efa1,bdf31b8a46afbb55,200,197,98.500000,331.715736,236.914419,1.000000,5.200000,408.936580,2.261111,414.859111,5.335025,1.742150,0.000000,0.240058,0.624060,0.159872,0.086881,200,920,920,32.000000,0,0,16,16,43,43,14,0,332.000000,1051,0,0,23,177,0,23,20,13,7,0,20,7,7,7,0,0,0,0,0,3,0,3,3,3,0,0,0,0
680,13000209,50,1,189.733168283788,175.000000000000,26.000000000000,1.505903207464,8b080529fe1939fa,8d15af1f9d36efa1,41a970a9a55d968,200,153,76.500000,345.300654,306.027285,0.800000,4.300000,430.631004,2.491121,449.608876,5.660131,2.445727,0.000000,0.272269,0.618321,0.187617,0.096033,200,1032,1032,32.000000,0,0,16,16,41,41,10,0,324.000000,866,0,0,24,138,0,24,17,12,5,0,17,5,5,3,2,0,0,0,0,7,40,7,47,9,38,0,0,0
681,13000210,50,1,148.374221696046,425.000000000000,25.000000000000,2.499277058424,58549ad3487af21,8d15af1f9d36efa1,174b21ab9c6c1e74,200,170,85.000000,286.817647,278.049057,1.000000,4.400000,354.802121,3.636905,344.598192,4.447059,3.052910,0.000000,0.326203,0.646643,0.209205,0.150562,200,1224,1224,32.000000,0,0,16,16,65,65,4,2,366.000000,756,0,0,47,153,0,47,17,15,2,0,17,2,2,2,0,0,0,0,0,30,0,30,30,30,0,0,0,0
682,13000211,50,1,315.178314905518,175.000000000000,40.000000000000,1.546096148755,207ddc9dc3d9d4a6,8d15af1f9d36efa1,f67b1b558d773b03,200,140,70.000000,381.892857,310.960713,0.700000,4.400000,512.306657,2.181293,501.710713,6.285714,2.159091,0.000000,0.265442,0.613900,0.185185,0.089027,200,1032,1032,32.000000,0,0,16,16,34,34,18,0,318.000000,880,0,0,17,126,0,17,17,8,9,0,17,9,9,6,3,0,0,0,0,0,60,0,60,3,57,0,0,0
683,13000212,50,1,35.296014511427,175.000000000000,46.000000000000,2.345216176003,9990c393cd610774,8d15af1f9d36efa1,3eed6ea97cf8b666,200,176,88.000000,262.142045,230.315432,1.000000,4.100000,299.924896,2.280238,296.186685,4.136364,2.103022,0.000000,0.336372,0.648506,0.215517,0.159353,200,1056,1056,31.000000,0,0,16,15,64,64,10,8,369.000000,728,0,0,42,158,0,42,18,13,5,0,18,5,5,5,0,0,0,0,0,24,0,24,24,24,0,0,0,0
684,13000213,50,1,78.498204064954,175.000000000000,44.000000000000,2.096504849286,ecff41f687d4b024,8d15af1f9d36efa1,86244904cde6df22,200,155,77.500000,252.548387,251.268505,0.900000,3.300000,299.546041,3.897884,288.782725,3.774194,3.242735,0.000000,0.393782,0.655172,0.254777,0.201910,200,1184,1184,32.000000,0,0,16,16,73,73,2,20,380.000000,585,0,0,44,137,0,44,19,18,1,0,19,1,1,0,1,0,0,0,0,25,20,25,45,26,19,0,0,0
685,13000214,50,1,252.680052182692,425.000000000000,15.000000000000,1.963212687854,6346bf52109fc00f,8d15af1f9d36efa1,a4cc484fc9228ddb,200,132,66.000000,182.962121,227.766016,1.000000,3.500000,271.394380,3.129167,216.655842,2.636364,3.114943,0.000000,0.545692,0.676375,0.364964,0.348315,200,1152,1152,32.000000,0,0,16,16,92,92,2,0,418.000000,348,0,0,80,120,0,80,12,11,1,0,12,1,1,1,0,0,0,0,0,68,0,68,68,68,0,0,0,0
686,13000215,50,1,22.375594750523,325.000000000000,38.000000000000,2.987309532904,a061018b749524b6,8d15af1f9d36efa1,439bb5a2d3e0ecb4,200,114,57.000000,292.000000,272.104373,0.600000,2.800000,357.216318,2.802778,348.492722,4.578947,2.601533,0.000000,0.388759,0.624060,0.277008,0.160772,200,992,992,32.000000,0,0,16,16,43,43,14,2,332.000000,522,0,0,26,102,0,26,16,9,7,0,16,7,7,3,4,0,0,0,0,10,80,6,86,14,72,0,0,0
687,13000216,50,1,313.629173706695,175.000000000000,20.000000000000,2.599786862125,1fd2d2f6eef93faa,8d15af1f9d36efa1,4f252b29694105c4,200,60,30.000000,204.250000,316.432008,0.300000,0.900000,250.534655,4.055556,241.058319,3.000000,3.666667,0.000000,0.623431,0.598394,0.526316,0.268293,200,1024,1024,32.000000,0,0,16,16,26,26,14,0,298.000000,180,0,0,17,54,0,13,13,6,7,0,13,7,7,0,7,0,0,0,0,4,140,0,140,11,129,0,0,0
688,13000217,50,1,443.997819812638,75.000000000000,25.000000000000,2.922750715049,8604598940ea8ef,8d15af1f9d36efa1,9a844000c55fcd2a,200,54,27.000000,246.277778,303.319349,0.300000,1.100000,267.053433,2.933333,292.371506,3.962963,2.906542,0.000000,0.651466,0.666667,0.483092,0.439791,200,896,896,32.000000,0,0,16,16,78,78,12,0,400.000000,214,0,0,67,48,0,67,11,5,6,0,11,6,6,1,5,0,0,0,0,56,140,6,146,61,85,0,0,0
689,13000218,50,1,439.498824910810,325.000000000000,34.000000000000,2.619869104911,5873e7c466500c4d,8d15af1f9d36efa1,3062a224755d827e,200,176,88.000000,298.818182,298.612878,0.900000,4.100000,364.440288,2.005644,359.941568,4.534091,2.052632,0.000000,0.293805,0.624060,0.200401,0.111359,200,904,904,32.000000,0,0,16,16,42,42,16,0,332.000000,798,0,0,23,158,0,23,19,11,8,0,19,8,8,7,1,0,0,0,0,4,20,4,24,5,19,0,0,0
690,13000219,50,1,446.382853193523,75.000000000000,30.000000000000,2.520054955853,95b4bf626859a3a4,8d15af1f9d36efa1,9a8e7400c5687a0b,200,154,77.000000,258.454545,281.479847,0.900000,3.700000,327.176280,3.111111,299.921640,3.987013,2.631922,0.000000,0.387226,0.659864,0.245700,0.202597,200,1320,1320,32.000000,0,0,16,16,71,71,14,2,388.000000,614,0,0,53,138,0,53,17,10,7,0,17,7,7,6,1,0,0,0,0,36,20,26,46,37,9,0,0,0
691,13000220,50,1,401.297832143255,75.000000000000,27.000000000000,2.623404469659,995ba6cde56c3c59,8d15af1f9d36efa1,36c07539e2878ee9,200,186,93.000000,375.639785,287.360168,1.000000,6.600000,503.982784,2.989394,466.485354,6.193548,2.684896,0.000000,0.237086,0.641577,0.147929,0.098592,200,1048,1048,32.000000,0,0,16,16,50,50,26,0,358.000000,1152,0,0,32,168,0,32,18,5,13,0,18,13,13,13,0,0,0,0,0,14,0,14,14,14,0,0,0,0
692,13000221,50,1,143.305026456816,325.000000000000,41.000000000000,1.711373597217,9abbbf1b9a2cf5c7,8d15af1f9d36efa1,68076803d6ce8f5e,200,129,64.500000,264.899225,274.165207,0.700000,3.100000,318.352793,2.102891,316.239876,4.410853,2.049209,0.000000,0.379498,0.635036,0.260078,0.169343,200,928,928,32.000000,0,0,16,16,50,50,16,2,348.000000,569,0,0,32,115,0,32,17,9,8,0,17,8,8,5,3,0,0,0,0,15,60,11,71,18,53,0,0,0
693,13000222,50,1,83.828691354034,175.000000000000,40.000000000000,2.116450157503,9226ccdd6ef2891e,8d15af1f9d36efa1,45acf7a3f67a80f0,200,189,94.500000,299.481481,273.884887,1.000000,5.200000,388.269012,2.248810,379.272600,5.074074,2.251303,0.000000,0.258314,0.625468,0.172563,0.096136,200,960,960,32.000000,0,0,16,16,49,49,4,0,334.000000,959,0,0,30,170,0,30,19,17,2,0,19,2,2,2,0,0,0,0,0,11,0,11,11,11,0,0,0,0
694,13000223,50,1,433.882542682238,325.000000000000,43.000000000000,1.732247493846,a01d280aba940b43,8d15af1f9d36efa1,c7b31a80c59935b6,200,187,93.500000,311.304813,268.539442,1.000000,4.800000,378.271604,2.615873,381.209294,4.855615,2.375551,0.000000,0.276494,0.634369,0.180505,0.113281,200,1080,1080,31.000000,0,0,16,15,53,53,10,0,347.000000,908,0,0,33,167,0,33,20,15,5,0,20,5,5,5,0,0,0,0,0,13,0,13,13,13,0,0,0,0
695,13000224,50,1,107.554421217905,75.000000000000,34.000000000000,1.896889963719,1743548bca1fff84,8d15af1f9d36efa1,463df551fb37b4aa,200,113,56.500000,352.353982,317.588469,0.600000,3.800000,485.868270,3.348291,447.609392,6.221239,2.705548,0.000000,0.334910,0.638989,0.221484,0.147879,200,1016,1016,32.000000,0,0,16,16,55,55,12,0,354.000000,703,0,0,41,102,0,41,14,8,6,0,14,6,6,3,3,0,0,0,0,27,80,7,87,30,57,0,0,0
696,13000225,50,1,495.647799421832,425.000000000000,33.000000000000,2.949377876175,44c7fc3061f9c7a1,8d15af1f9d36efa1,122679a34057120d,200,64,32.000000,213.312500,232.136843,0.500000,1.100000,170.700851,2.233333,202.937759,2.578125,2.230303,0.000000,0.737261,0.698341,0.547945,0.584383,200,960,960,31.000000,0,0,16,15,109,109,14,0,463.000000,165,0,0,100,57,0,100,10,3,7,0,10,7,7,4,3,0,0,0,0,90,100,36,136,93,43,0,0,0
697,13000226,50,1,204.632574588179,425.000000000000,20.000000000000,2.336879259060,f17e060a175099a8,8d15af1f9d36efa1,f8b0dad3f6f35de0,200,79,39.500000,323.189873,365.990485,0.700000,3.900000,443.121290,2.767347,405.327249,5.329114,2.548694,0.000000,0.513295,0.689441,0.322061,0.334913,200,912,912,32.000000,0,0,16,16,100,100,12,0,444.000000,421,0,0,91,72,0,91,9,3,6,0,9,6,6,4,2,0,0,0,0,82,60,61,121,84,37,0,0,0
698,13000227,50,1,487.663810584989,75.000000000000,37.000000000000,1.720616567462,b5dbb860ced08f2f,8d15af1f9d36efa1,89f6859f4e9f255a,200,124,62.000000,244.677419,259.298748,0.800000,3.100000,279.322010,2.163194,259.500201,3.653226,2.088300,0.000000,0.467685,0.665552,0.306279,0.268174,200,936,936,32.000000,0,0,16,16,77,77,12,4,398.000000,453,0,0,60,111,0,60,15,9,6,0,15,6,6,4,2,0,0,0,0,45,40,36,76,47,29,0,0,0
699,13000228,50,1,117.448218904636,175.000000000000,46.000000000000,1.504109146165,eff855168bfa21eb,8d15af1f9d36efa1,9a6c6d00c54b87c0,200,200,100.000000,161.165000,170.247126,1.000000,2.500000,179.431431,2.633333,176.423236,2.500000,2.760000,0.000000,0.384236,0.609375,0.285714,0.137931,200,1040,1040,32.000000,0,0,16,16,40,40,0,0,312.000000,500,0,0,20,180,0,20,20,20,0,0,20,0,0,0,0,0,0,0,0,0,0,0,0,0,0,0,0,0
700,13000229,50,1,80.028509397431,75.000000000000,27.000000000000,2.355283140508,428340e7276b77a9,8d15af1f9d36efa1,ad4d593f45517302,200,89,44.500000,246.752809,274.713600,0.800000,2.700000,290.171150,2.839583,301.147261,3.573034,2.628931,0.000000,0.581579,0.688474,0.386100,0.397727,200,1160,1160,32.000000,0,0,16,16,101,101,8,6,442.000000,318,0,0,88,81,0,88,10,6,4,0,10,4,4,2,2,0,0,0,0,78,40,71,111,80,31,0,0,0
701,13000230,50,1,254.906660942714,175.000000000000,28.000000000000,1.577983111218,d916c41e831c440f,8d15af1f9d36efa1,9bd8134fc3fb1aa8,200,165,82.500000,265.860606,291.373873,1.000000,4.100000,328.359281,2.525000,334.372208,4.078788,2.567608,0.000000,0.355981,0.650350,0.229095,0.172202,200,968,968,32.000000,0,0,16,16,65,65,10,0,372.000000,673,0,0,50,150,0,50,15,10,5,0,15,5,5,5,0,0,0,0,0,35,0,35,35,35,0,0,0,0
702,13000231,50,1,437.779433758077,425.000000000000,17.000000000000,2.957522929193,151ea80419e1a518,8d15af1f9d36efa1,3773d3a927f455c5,200,112,56.000000,272.151786,208.333347,1.000000,3.700000,264.720231,2.724286,297.712352,4.151786,2.329032,0.000000,0.511041,0.708455,0.300752,0.353268,200,1064,1064,32.000000,0,0,16,16,120,120,14,16,486.000000,465,0,0,100,100,0,100,12,5,7,0,12,7,7,7,0,0,0,0,0,88,0,88,88,88,0,0,0,0
703,13000232,50,1,483.540547540986,75.000000000000,32.000000000000,2.669476830485,8fdd2cab64d15b37,8d15af1f9d36efa1,c2c41aaaa9f28921,200,131,65.500000,332.778626,270.344312,1.000000,4.300000,346.303474,2.683333,388.607494,4.717557,2.394822,0.000000,0.418079,0.689441,0.244499,0.255422,200,1096,1096,32.000000,0,0,16,16,100,100,12,6,444.000000,618,0,0,83,117,0,83,14,8,6,0,14,6,6,6,0,0,0,0,0,69,0,69,69,69,0,0,0,0
704,13000233,50,1,279.013222903976,175.000000000000,25.000000000000,2.224461291759,a5bda59bcff93352,8d15af1f9d36efa1,a2fadd9a93c5c8a5,200,180,90.000000,263.166667,208.525652,0.900000,3.900000,322.742418,2.855379,330.980212,4.372222,2.686150,0.000000,0.282589,0.607843,0.202634,0.090173,200,1192,1192,32.000000,0,0,16,16,38,38,2,0,310.000000,787,0,0,19,162,0,19,19,18,1,0,19,1,1,0,1,0,0,0,0,0,20,0,20,1,19,0,0,0
705,13000234,50,1,327.059073669683,325.000000000000,31.000000000000,2.499357632555,cb037b549a061337,8d15af1f9d36efa1,b626c58f3883671f,200,174,87.000000,270.264368,245.332764,1.000000,4.200000,335.613946,2.650000,325.149854,4.224138,2.427211,0.000000,0.329991,0.644128,0.213904,0.150289,200,904,904,32.000000,0,0,16,16,61,61,8,2,362.000000,735,0,0,43,157,0,43,17,13,4,0,17,4,4,4,0,0,0,0,0,26,0,26,26,26,0,0,0,0
706,13000235,50,1,169.836789442187,425.000000000000,28.000000000000,2.013095005139,695864e86f6d3340,8d15af1f9d36efa1,be2f9f4fd75850e3,200,115,57.500000,194.356522,256.469806,0.700000,2.100000,222.913597,2.511905,222.220376,3.034783,2.369628,0.000000,0.543791,0.675325,0.364299,0.345216,200,1152,1152,32.000000,0,0,16,16,89,89,6,0,416.000000,349,0,0,77,104,0,77,12,9,3,0,12,3,3,2,1,0,0,0,0,65,60,25,85,66,19,0,0,0
707,13000236,50,1,328.686345481421,175.000000000000,26.000000000000,2.494683157503,45659e910bee554b,8d15af1f9d36efa1,377cae783ce06d95,200,193,96.500000,296.248705,283.831907,1.000000,5.000000,391.283982,2.636429,380.254508,5.036269,2.336420,0.000000,0.253456,0.622642,0.170648,0.091589,200,1128,1128,32.000000,0,0,16,16,45,45,8,0,330.000000,972,0,0,26,174,0,26,19,15,4,0,19,4,4,4,0,0,0,0,0,7,0,7,7,7,0,0,0,0
708,13000237,50,1,21.372079084897,325.000000000000,39.000000000000,2.537967483036,601b7ef42cccad9d,8d15af1f9d36efa1,c6c435003bcd12c,200,103,51.500000,233.961165,220.263241,0.600000,1.900000,248.274994,2.142857,264.758442,3.310680,2.307918,0.000000,0.503639,0.633700,0.369686,0.250549,200,888,888,32.000000,0,0,16,16,51,51,12,0,346.000000,341,0,0,35,91,0,35,16,10,6,0,16,6,6,2,4,0,0,0,0,19,80,17,97,23,74,0,0,0
709,13000238,50,1,126.605493310194,75.000000000000,23.000000000000,2.473989364249,615561ef3dfef5ba,8d15af1f9d36efa1,14f7c1677365ae9,200,152,76.000000,325.052632,302.768360,1.000000,5.600000,436.435825,2.105000,401.586733,5.342105,1.948276,0.000000,0.327815,0.664430,0.197628,0.168033,200,992,992,32.000000,0,0,16,16,76,76,12,0,396.000000,812,0,0,62,138,0,62,14,8,6,0,14,6,6,6,0,0,0,0,0,48,0,48,48,48,0,0,0,0
710,13000239,50,1,282.884579038527,75.000000000000,18.000000000000,2.140332584953,662d5b87558975e8,8d15af1f9d36efa1,7ab6ff8dba00e97b,200,148,74.000000,289.162162,293.781457,0.900000,4.200000,348.184021,2.424735,346.054669,4.675676,2.252890,0.000000,0.348399,0.649123,0.224215,0.166265,200,872,872,32.000000,0,0,16,16,64,64,10,0,370.000000,692,0,0,48,133,0,48,16,11,5,0,16,5,5,4,1,0,0,0,0,32,20,32,52,33,19,0,0,0
711,13000240,50,1,60.900578835393,75.000000000000,21.000000000000,2.792756652938,85fd29bf30d07048,8d15af1f9d36efa1,2921e5f7d9645a33,200,158,79.000000,293.037975,307.520436,1.000000,4.800000,375.491178,2.761310,348.673271,4.689873,2.516869,0.000000,0.344828,0.661017,0.212540,0.175751,200,1080,1080,32.000000,0,0,16,16,72,72,14,0,390.000000,741,0,0,57,143,0,57,15,8,7,0,15,7,7,7,0,0,0,0,0,42,0,42,42,42,0,0,0,0
712,13000241,50,1,99.904370283060,425.000000000000,21.000000000000,2.838562933561,815ad5d08416ae0,8d15af1f9d36efa1,2233bfc65e5a08b2,200,95,47.500000,267.515789,331.853600,0.600000,2.300000,309.686752,2.833333,323.203188,3.894737,2.575676,0.000000,0.487535,0.637681,0.350877,0.244898,200,984,984,32.000000,0,0,16,16,54,54,12,0,352.000000,370,0,0,41,86,0,41,13,7,6,0,13,6,6,2,4,0,0,0,0,28,80,25,105,32,73,0,0,0
713,13000242,50,1,42.389414299950,425.000000000000,26.000000000000,2.916651507789,9606e5c5ac67b9e4,8d15af1f9d36efa1,5d45a29a6c2c420b,200,85,42.500000,282.588235,280.050830,0.600000,2.500000,302.854307,1.783069,337.327216,4.576471,2.182519,0.000000,0.501921,0.662162,0.339559,0.291439,200,864,864,32.000000,0,0,16,16,73,73,14,0,392.000000,389,0,0,61,76,0,61,13,6,7,0,13,7,7,3,4,0,0,0,0,48,80,35,115,52,63,0,0,0
714,13000243,50,1,419.469536627848,425.000000000000,28.000000000000,2.339783701360,e38afe0a70d26da7,8d15af1f9d36efa1,620e9a606115dfc3,200,142,71.000000,331.964789,254.654209,0.900000,4.800000,378.388794,2.117172,405.917231,5.838028,1.904704,0.000000,0.314309,0.655172,0.194363,0.151484,200,840,840,32.000000,0,0,16,16,66,66,16,2,380.000000,829,0,0,52,129,0,52,14,6,8,0,14,8,8,7,1,0,0,0,0,38,20,38,58,39,19,0,0,0
715,13000244,50,1,456.482809708245,75.000000000000,32.000000000000,2.654629175471,36bd6f34f99e6939,8d15af1f9d36efa1,9a879a00c5629bef,200,146,73.000000,246.719178,215.793657,1.000000,3.900000,295.436168,1.922976,271.178919,3.705479,1.970425,0.000000,0.429926,0.671053,0.269906,0.245467,200,1096,1096,32.000000,0,0,16,16,80,80,16,0,408.000000,541,0,0,67,133,0,67,13,5,8,0,13,8,8,8,0,0,0,0,0,54,0,54,54,54,0,0,0,0
716,13000245,50,1,62.260876771868,75.000000000000,30.000000000000,2.142120735823,1eb6d7b343dabf30,8d15af1f9d36efa1,9acf2d00c59f985b,200,92,46.000000,163.869565,219.209337,0.500000,1.200000,163.056819,2.028571,169.425773,2.510870,1.857143,0.000000,0.595447,0.629630,0.464037,0.318584,200,1192,1192,32.000000,0,0,16,16,47,47,14,0,340.000000,231,0,0,33,83,0,33,14,7,7,0,14,7,7,2,5,0,0,0,0,19,100,8,108,24,84,0,0,0
717,13000246,50,1,32.648858797260,175.000000000000,41.000000000000,2.120023483682,1450754c07bc389b,8d15af1f9d36efa1,0,200,0,0.000000,NA,328.724088,0.000000,0.000000,nan,nan,NA,NA,NA,NA,1.000000,0.657534,1.000000,1.000000,200,920,920,32.000000,0,0,16,16,66,66,20,0,384.000000,0,0,0,56,0,0,56,10,0,10,0,10,10,10,0,10,0,0,0,0,46,200,0,200,56,144,0,0,0
718,13000247,50,1,361.153882399438,175.000000000000,20.000000000000,2.970528139104,52ecf5b47b978fb8,8d15af1f9d36efa1,280aa69b1231cdb8,200,168,84.000000,278.541667,285.742309,0.900000,4.000000,359.586826,3.302381,338.941050,4.476190,2.954787,0.000000,0.307551,0.625468,0.210084,0.119438,200,1112,1112,32.000000,0,0,16,16,48,48,6,0,334.000000,752,0,0,30,151,0,30,18,15,3,0,18,3,3,2,1,0,0,0,0,12,20,12,32,13,19,0,0,0
719,13000248,50,1,103.282980159490,325.000000000000,37.000000000000,2.185331492276,6347a29356069668,8d15af1f9d36efa1,8d8c0a63c9250338,200,135,67.500000,267.711111,238.800378,0.700000,2.700000,312.461096,2.910714,307.786212,3.888889,2.529524,0.000000,0.381625,0.618321,0.275862,0.151858,200,1032,1032,30.000000,0,0,16,14,39,39,16,0,324.000000,525,0,0,22,121,0,22,17,9,8,0,17,8,8,5,3,0,0,0,0,5,60,5,65,8,57,0,0,0
720,13000249,50,1,466.796844299563,175.000000000000,43.000000000000,2.647264036847,6973ef16fa659b1b,8d15af1f9d36efa1,f46d291e5d2a01c2,200,162,81.000000,199.901235,203.541554,0.900000,2.700000,222.053454,3.351852,227.282358,3.117284,3.067327,0.000000,0.414832,0.641577,0.283688,0.199683,200,1168,1168,32.000000,0,0,16,16,61,61,4,0,358.000000,505,0,0,42,144,0,42,19,17,2,0,19,2,2,1,1,0,0,0,0,23,20,18,38,24,14,0,0,0
721,13000250,50,1,120.362880980889,425.000000000000,22.000000000000,2.838498163619,474c35a73bcf804c,8d15af1f9d36efa1,e5bf980a6cb79088,200,180,90.000000,249.411111,272.881766,0.900000,3.200000,298.068337,2.909259,295.131028,3.555556,3.093750,0.000000,0.329140,0.610895,0.238095,0.113573,200,1112,1112,32.000000,0,0,16,16,38,38,6,0,314.000000,640,0,0,19,162,0,19,19,16,3,0,19,3,3,2,1,0,0,0,0,0,20,0,20,1,19,0,0,0
722,13000251,50,1,354.859111362473,175.000000000000,27.000000000000,2.820835749435,a6bbab815918cebb,8d15af1f9d36efa1,8d23b4a09ad03b5c,200,158,79.000000,265.113924,269.792018,1.000000,4.300000,347.037671,2.152976,334.011727,4.202532,2.346386,0.000000,0.362764,0.653979,0.231481,0.180247,200,976,976,32.000000,0,0,16,16,70,70,6,0,378.000000,664,0,0,56,144,0,56,14,11,3,0,14,3,3,3,0,0,0,0,0,42,0,42,42,42,0,0,0,0
723,13000252,50,1,167.893914147336,75.000000000000,27.000000000000,1.695588445678,89ba5b78c61b0537,8d15af1f9d36efa1,1c298f9eb6f1c7cb,200,180,90.000000,262.577778,257.121286,0.900000,3.700000,313.761158,2.508995,307.707155,4.222222,2.534211,0.000000,0.298893,0.618321,0.208333,0.107981,200,1096,1096,32.000000,0,0,16,16,38,38,16,0,324.000000,760,0,0,19,162,0,19,19,11,8,0,19,8,8,7,1,0,0,0,0,0,20,0,20,1,19,0,0,0
724,13000253,50,1,451.597843001155,325.000000000000,39.000000000000,2.465336145044,c74fbac81eacdb74,8d15af1f9d36efa1,4424ac95caddd3c3,200,155,77.500000,343.793548,323.258786,0.800000,4.500000,430.446824,2.415476,441.677528,5.516129,2.166082,0.000000,0.286906,0.632353,0.189573,0.115822,200,992,992,32.000000,0,0,16,16,51,51,10,2,344.000000,855,0,0,32,139,0,32,18,13,5,0,18,5,5,3,2,0,0,0,0,14,40,5,45,16,29,0,0,0
725,13000254,50,1,163.513272943153,425.000000000000,14.000000000000,2.830653655974,2e6f6970a15e82c4,8d15af1f9d36efa1,a929314f3a7b68cd,200,53,26.500000,112.924528,268.137600,0.500000,1.600000,266.137903,2.960000,123.213455,1.622642,2.534884,0.000000,0.832031,0.680511,0.699301,0.692857,200,1016,1016,32.000000,0,0,16,16,92,92,10,0,426.000000,86,0,0,82,48,0,82,10,5,5,0,10,5,5,0,5,0,0,0,0,72,100,47,147,77,70,0,0,0
726,13000255,50,1,100.639270554568,325.000000000000,30.000000000000,2.927183326996,fbdc946cbc4dc906,8d15af1f9d36efa1,d8b8147982f4557d,200,120,60.000000,215.691667,256.307990,0.600000,1.900000,258.650355,2.638889,241.188589,3.166667,2.736842,0.000000,0.447674,0.606299,0.344828,0.166667,200,1024,1024,32.000000,0,0,16,16,33,33,10,2,308.000000,380,0,0,16,108,0,16,16,11,5,0,16,5,5,1,4,0,0,0,0,0,80,0,80,4,76,0,0,0
727,13000256,50,1,122.972920182300,75.000000000000,18.000000000000,2.850145843792,58d7bed295e394fa,8d15af1f9d36efa1,8c9ed99862e74761,200,147,73.500000,419.319728,293.829410,1.000000,6.300000,504.137813,2.413214,524.662333,7.000000,2.164237,0.000000,0.285417,0.672668,0.162734,0.148883,200,944,944,31.000000,0,0,16,15,81,81,18,0,411.000000,1029,0,0,67,133,0,67,14,5,9,0,14,9,9,9,0,0,0,0,0,53,0,53,53,53,0,0,0,0
728,13000257,50,1,348.347907146714,325.000000000000,25.000000000000,2.881181456014,ab78af54974a8c5e,8d15af1f9d36efa1,e3260b6652ba3f16,200,139,69.500000,229.366906,261.105001,0.700000,2.500000,285.713613,2.909524,272.438348,3.589928,2.603206,0.000000,0.381660,0.606299,0.286123,0.132174,200,1120,1120,32.000000,0,0,16,16,35,35,6,0,308.000000,499,0,0,18,125,0,18,17,14,3,0,17,3,3,0,3,0,0,0,0,1,60,1,61,4,57,0,0,0
729,13000258,50,1,26.524277097202,175.000000000000,39.000000000000,1.948880604770,87390042ae6cacfa,8d15af1f9d36efa1,ec126203b43b7aed,200,168,84.000000,301.910714,236.232447,1.000000,4.200000,337.417426,2.311111,333.988474,4.178571,2.519943,0.000000,0.361818,0.665552,0.221729,0.191244,200,1088,1088,32.000000,0,0,16,16,73,73,20,2,398.000000,702,0,0,52,148,0,52,20,10,10,0,20,10,10,10,0,0,0,0,0,32,0,32,32,32,0,0,0,0
730,13000259,50,1,184.057494767295,425.000000000000,19.000000000000,2.639500410198,19e31b30a971a3f9,8d15af1f9d36efa1,94ccc061e3d99748,200,146,73.000000,334.554795,275.050256,0.800000,4.300000,414.167489,2.239583,415.978210,5.458904,2.190715,0.000000,0.296558,0.626866,0.200602,0.115427,200,1008,1008,32.000000,0,0,16,16,46,46,12,0,336.000000,797,0,0,30,132,0,30,16,10,6,0,16,6,6,4,2,0,0,0,0,14,40,14,54,16,38,0,0,0
731,13000260,50,1,496.128093836601,425.000000000000,30.000000000000,2.023102887051,3f9390d967ee0941,8d15af1f9d36efa1,50558015738d8f69,200,179,89.500000,309.664804,230.461408,1.000000,4.500000,370.930445,3.075833,362.373618,4.754190,2.366627,0.000000,0.297855,0.643494,0.190295,0.132518,200,1064,1064,31.000000,0,0,16,15,55,55,20,0,361.000000,851,0,0,38,162,0,38,17,7,10,0,17,10,10,10,0,0,0,0,0,21,0,21,21,21,0,0,0,0
732,13000261,50,1,183.820362619541,175.000000000000,30.000000000000,1.904433222884,c9b1dcd414d8d38b,8d15af1f9d36efa1,c9cded97bf4f2c3d,200,153,76.500000,288.535948,279.605276,0.800000,4.200000,392.248594,2.252083,374.325359,5.124183,2.145408,0.000000,0.285974,0.610895,0.203252,0.094688,200,840,840,32.000000,0,0,16,16,39,39,4,0,314.000000,784,0,0,24,138,0,24,17,15,2,0,17,2,2,0,2,0,0,0,0,7,40,7,47,9,38,0,0,0
733,13000262,50,1,178.503798402729,175.000000000000,33.000000000000,2.048230098627,acf9f2c26cb32d01,8d15af1f9d36efa1,9aa9b900c57fb702,200,152,76.000000,246.236842,269.785422,0.900000,3.400000,308.821813,3.188889,313.900917,3.947368,2.738333,0.000000,0.368421,0.636364,0.250000,0.164345,200,1112,1112,32.000000,0,0,16,16,58,58,2,0,350.000000,600,0,0,43,138,0,43,15,14,1,0,15,1,1,0,1,0,0,0,0,28,20,28,48,29,19,0,0,0
734,13000263,50,1,239.421154143403,175.000000000000,23.000000000000,2.059293888950,3a8e27c31d5ee069,8d15af1f9d36efa1,2a83e40c6dcc0a46,200,186,93.000000,306.112903,236.730474,1.000000,5.200000,420.437543,2.047738,381.402447,5.064516,2.141189,0.000000,0.260597,0.624060,0.175131,0.095969,200,1072,1072,32.000000,0,0,16,16,50,50,0,0,332.000000,942,0,0,32,168,0,32,18,18,0,0,18,0,0,0,0,0,0,0,0,14,0,14,14,14,0,0,0,0
735,13000264,50,1,3.616441468669,325.000000000000,40.000000000000,2.791619581629,c3284c774e5de8a6,8d15af1f9d36efa1,fca0db203ad17912,200,97,48.500000,336.969072,265.849484,0.700000,3.500000,388.393062,2.441126,395.605091,4.989691,2.561983,0.000000,0.462222,0.675325,0.292398,0.275449,200,912,912,32.000000,0,0,16,16,83,83,18,0,416.000000,484,0,0,68,85,0,68,15,6,9,0,15,9,9,6,3,0,0,0,0,53,60,43,103,56,47,0,0,0
736,13000265,50,1,370.074110151383,425.000000000000,20.000000000000,2.361926187534,dac69f0721014dd8,8d15af1f9d36efa1,b63aa144db8472d9,200,132,66.000000,245.560606,279.600236,1.000000,4.300000,335.809857,2.350000,283.940267,3.992424,2.045541,0.000000,0.450469,0.683544,0.275103,0.275103,200,1000,1000,32.000000,0,0,16,16,96,96,8,0,432.000000,527,0,0,82,118,0,82,14,10,4,0,14,4,4,4,0,0,0,0,0,68,0,68,68,68,0,0,0,0
737,13000266,50,1,144.500445345565,325.000000000000,31.000000000000,1.968177841831,caafa3a50c98d3eb,8d15af1f9d36efa1,9087f3bcfd0c582c,200,169,84.500000,213.313609,236.648680,0.900000,3.200000,291.203887,2.385185,258.060610,3.396450,2.277003,0.000000,0.366446,0.624060,0.258398,0.148368,200,992,992,32.000000,0,0,16,16,49,49,2,0,332.000000,574,0,0,30,151,0,30,19,18,1,0,19,1,1,0,1,0,0,0,0,11,20,11,31,12,19,0,0,0
738,13000267,50,1,376.610496201393,75.000000000000,31.000000000000,1.928776507304,b1bab85adba66dc7,8d15af1f9d36efa1,8c79519c4810ad96,200,155,77.500000,304.483871,283.739386,0.800000,4.200000,393.445570,2.366667,374.495213,5.096774,2.310127,0.000000,0.290844,0.618321,0.202020,0.104308,200,848,848,32.000000,0,0,16,16,40,40,12,0,324.000000,790,0,0,26,139,0,23,18,12,6,0,18,6,6,4,2,0,0,0,0,8,40,5,45,10,35,0,0,0
739,13000268,50,1,187.087906371198,425.000000000000,32.000000000000,1.529077895656,529c9560bf1c727d,8d15af1f9d36efa1,9a692b00c548e1c3,200,73,36.500000,212.534247,315.724683,0.400000,1.300000,243.417354,2.716667,250.142318,3.369863,2.808943,0.000000,0.578767,0.628253,0.448430,0.301136,200,984,984,32.000000,0,0,16,16,45,45,16,4,338.000000,246,0,0,30,66,0,30,13,5,8,0,13,8,8,2,6,0,0,0,0,17,120,7,127,23,104,0,0,0
740,13000269,50,1,332.408808245419,325.000000000000,30.000000000000,2.035396214661,a7856e2d5ccc98d9,8d15af1f9d36efa1,9a80d300c55cde1c,200,74,37.000000,182.770270,300.828003,0.400000,0.900000,189.600302,2.666667,195.637329,2.324324,2.540698,0.000000,0.657371,0.622642,0.537634,0.362963,200,952,952,32.000000,0,0,16,16,43,43,12,2,330.000000,172,0,0,35,66,0,28,14,8,6,0,14,6,6,0,6,0,0,0,0,21,120,6,126,27,99,0,0,0
741,13000270,50,1,103.882473132248,425.000000000000,22.000000000000,2.738260661634,72140fbba0354d75,8d15af1f9d36efa1,9a6c8b00c54bbaba,200,177,88.500000,331.209040,259.651157,0.900000,4.900000,409.971431,1.813492,400.941762,5.632768,1.822467,0.000000,0.270666,0.649123,0.167084,0.121586,200,920,920,32.000000,0,0,16,16,61,61,16,4,370.000000,997,0,0,41,159,0,41,18,10,8,0,18,8,8,8,0,0,0,0,0,23,20,3,23,23,0,0,0,0
742,13000271,50,1,154.212244751962,325.000000000000,39.000000000000,2.055167546965,ec02c25285cac0e0,8d15af1f9d36efa1,2b3691b997f2c704,200,199,99.500000,232.221106,241.654967,1.000000,3.600000,285.270589,2.879524,277.317612,3.587940,2.549020,0.000000,0.309478,0.615385,0.218818,0.109726,200,1120,1120,32.000000,0,0,16,16,41,41,6,0,320.000000,714,0,0,21,179,0,21,20,17,3,0,20,3,3,3,0,0,0,0,0,1,0,1,1,1,0,0,0,0
743,13000272,50,1,121.528928672099,325.000000000000,35.000000000000,2.348388443891,9c9a0b268dd52076,8d15af1f9d36efa1,e1a16c4feba57d46,200,173,86.500000,212.867052,206.926919,0.900000,2.500000,228.388776,2.574074,255.843152,3.150289,2.489908,0.000000,0.369213,0.614644,0.268456,0.139021,200,1016,1016,31.000000,0,0,16,15,43,43,2,0,319.000000,545,0,0,25,156,0,25,18,17,1,0,18,1,1,0,1,0,0,0,0,7,20,7,27,8,19,0,0,0
744,13000273,50,1,451.127984051383,325.000000000000,40.000000000000,2.150006540201,c922d8b57a450d66,8d15af1f9d36efa1,63476f813cc4d5cc,200,131,65.500000,384.618321,357.376680,0.700000,4.300000,501.061197,2.094310,475.755683,6.061069,2.073048,0.000000,0.309565,0.640288,0.201207,0.135076,200,928,928,32.000000,0,0,16,16,48,48,28,0,356.000000,794,0,0,31,117,0,31,17,3,14,0,17,14,14,11,3,0,0,0,0,14,60,9,69,17,52,0,0,0
745,13000274,50,1,40.411800922120,325.000000000000,42.000000000000,1.716097513201,da2befac9b24d23d,8d15af1f9d36efa1,b1c4fd4f3f57b3bf,200,191,95.500000,481.916230,251.390760,1.000000,8.100000,629.712444,2.191896,616.217710,8.235602,2.189447,0.000000,0.185396,0.641577,0.112803,0.074161,200,960,960,32.000000,0,0,16,16,49,49,28,0,358.000000,1573,0,0,29,171,0,29,20,6,14,0,20,14,14,14,0,0,0,0,0,9,0,9,9,9,0,0,0,0
746,13000275,50,1,333.778412514629,325.000000000000,34.000000000000,2.121823330202,3f9006e075330835,8d15af1f9d36efa1,57a76e2dfb7852ed,200,115,57.500000,223.547826,276.361095,0.600000,1.900000,262.574718,2.761111,264.367638,3.173913,2.767123,0.000000,0.462445,0.610895,0.353982,0.183445,200,1088,1088,32.000000,0,0,16,16,37,37,8,0,314.000000,365,0,0,21,103,0,21,16,12,4,0,16,4,4,0,4,0,0,0,0,5,80,5,85,9,76,0,0,0
747,13000276,50,1,47.091178996292,75.000000000000,24.000000000000,2.601467168597,78611a28d058c232,8d15af1f9d36efa1,493d7a89ba022b07,200,42,21.000000,184.690476,241.364301,0.600000,1.700000,213.724407,2.652778,198.826316,2.690476,2.575221,0.000000,0.794918,0.686520,0.638978,0.645768,200,1008,1008,32.000000,0,0,16,16,99,99,8,0,438.000000,113,0,0,90,37,0,90,9,5,4,0,9,4,4,0,4,0,0,0,0,81,80,78,158,85,73,0,0,0
748,13000277,50,1,487.355329754835,75.000000000000,38.000000000000,2.218296687518,a5fa6add1791fcd7,8d15af1f9d36efa1,e32838cb9de0340d,200,103,51.500000,368.009709,341.834484,0.700000,3.900000,399.042215,2.382406,447.247997,6.009709,2.479806,0.000000,0.403086,0.676375,0.244200,0.231056,200,880,880,32.000000,0,0,16,16,84,84,18,0,418.000000,619,0,0,72,93,0,72,12,3,9,0,12,9,9,7,2,0,0,0,0,60,60,37,97,62,35,0,0,0
749,13000278,50,1,131.917417911444,425.000000000000,25.000000000000,2.723627061709,89c9e9be8a900b7d,8d15af1f9d36efa1,28ed3e1d58c89a36,200,99,49.500000,401.060606,265.554285,0.800000,5.900000,598.064196,2.236206,519.583507,6.313131,2.152000,0.000000,0.397300,0.673203,0.242424,0.223602,200,888,888,32.000000,0,0,16,16,83,83,14,0,412.000000,625,0,0,72,90,0,72,11,4,7,0,11,7,7,5,2,0,0,0,0,61,40,61,101,63,38,0,0,0
750,13000279,50,1,191.410863382238,175.000000000000,25.000000000000,1.558910359614,1d9833dd160f121d,8d15af1f9d36efa1,d48ce64f53148fb8,200,149,74.500000,234.080537,225.190743,1.000000,3.700000,268.055851,2.576905,287.588962,3.906040,2.786942,0.000000,0.402464,0.662162,0.255754,0.215633,200,1136,1136,32.000000,0,0,16,16,79,79,2,0,392.000000,582,0,0,65,135,0,65,14,13,1,0,14,1,1,1,0,0,0,0,0,51,0,51,51,51,0,0,0,0
751,13000280,50,1,473.707864723679,75.000000000000,35.000000000000,2.087510647332,620be2c46b45698e,8d15af1f9d36efa1,26d6bb8119c97724,200,158,79.000000,265.949367,214.283262,1.000000,4.000000,301.139964,2.260000,321.763665,4.170886,2.198786,0.000000,0.365736,0.655172,0.232829,0.183395,200,1064,1064,32.000000,0,0,16,16,70,70,8,0,380.000000,659,0,0,56,144,0,56,14,10,4,0,14,4,4,4,0,0,0,0,0,42,0,42,42,42,0,0,0,0
752,13000281,50,1,356.035230714490,75.000000000000,24.000000000000,2.134453030484,fc5e618534363235,8d15af1f9d36efa1,2629f124b6fbe779,200,174,87.000000,260.655172,215.623336,1.000000,4.500000,332.950254,2.576667,326.185430,4.356322,2.368074,0.000000,0.319569,0.640288,0.208768,0.140590,200,1056,1056,32.000000,0,0,16,16,60,60,4,0,356.000000,758,0,0,43,157,0,43,17,15,2,0,17,2,2,2,0,0,0,0,0,26,0,26,26,26,0,0,0,0
753,13000282,50,1,72.540255033675,175.000000000000,44.000000000000,1.773482596738,a4dfb1fb595f861b,8d15af1f9d36efa1,dd3d2e4f58025668,200,120,60.000000,140.766667,203.024029,0.600000,1.300000,176.520435,2.866667,163.344163,2.166667,2.769231,0.000000,0.552496,0.616123,0.434783,0.257143,200,1040,1040,31.000000,0,0,16,15,41,41,8,0,321.000000,260,0,0,25,108,0,25,16,12,4,0,16,4,4,0,4,0,0,0,0,9,80,0,80,13,67,0,0,0
754,13000283,50,1,464.762267098398,75.000000000000,30.000000000000,1.686012985470,c7ef583bbe081dca,8d15af1f9d36efa1,b5e830ab8d1b134c,200,119,59.500000,399.344538,267.317384,1.000000,5.800000,451.085384,2.751389,489.193409,6.344538,2.407947,0.000000,0.379622,0.697885,0.209424,0.233503,200,1256,1256,32.000000,0,0,16,16,107,107,16,0,462.000000,755,0,0,95,105,2,93,12,4,8,0,12,8,8,8,0,0,0,0,0,81,0,81,81,81,0,0,0,0
755,13000284,50,1,452.944327543781,425.000000000000,35.000000000000,2.227624194202,76b183fa650dab42,8d15af1f9d36efa1,ee9db84f61ddd996,200,100,50.000000,206.410000,227.638808,0.700000,2.000000,230.091667,2.904762,186.259868,2.440000,2.831967,0.000000,0.647399,0.691358,0.450450,0.469565,200,944,944,32.000000,0,0,16,16,100,100,16,2,448.000000,244,0,0,85,88,0,85,14,6,8,0,14,8,8,6,2,0,0,0,0,71,60,40,100,73,27,0,0,0
756,13000285,50,1,287.731395644780,75.000000000000,30.000000000000,1.728959657914,b9800be09bcfa3a1,8d15af1f9d36efa1,be3a3281db64597f,200,188,94.000000,209.010638,208.236574,1.000000,3.000000,234.840294,3.216667,239.600254,3.127660,3.034014,0.000000,0.365011,0.628253,0.253807,0.152738,200,1096,1096,32.000000,0,0,16,16,50,50,6,0,338.000000,588,0,0,31,169,0,31,19,16,3,0,19,3,3,3,0,0,0,0,0,12,0,12,12,12,0,0,0,0
757,13000286,50,1,461.949914246637,325.000000000000,42.000000000000,1.977614139274,1d94ab444ed015ab,8d15af1f9d36efa1,83bc54a5196ba92,200,101,50.500000,231.534653,314.233981,0.600000,2.300000,307.158295,3.091667,281.402402,3.613861,2.873973,0.000000,0.477825,0.625468,0.353982,0.218415,200,1120,1120,32.000000,0,0,16,16,47,47,8,0,334.000000,365,0,0,33,91,0,33,14,10,4,0,14,4,4,0,4,0,0,0,0,19,80,19,99,23,76,0,0,0
758,13000287,50,1,372.823854240423,425.000000000000,32.000000000000,1.955661164751,48fa76c9b34ea4a4,8d15af1f9d36efa1,2339db7f3d14c985,200,149,74.500000,286.563758,258.131308,0.900000,3.900000,327.301369,2.018519,325.789406,4.234899,2.213946,0.000000,0.377098,0.656357,0.240674,0.192061,200,856,856,32.000000,0,0,16,16,69,69,12,2,382.000000,631,0,0,51,133,0,51,17,11,6,0,17,6,6,5,1,0,0,0,0,34,20,31,51,35,16,0,0,0
759,13000288,50,1,106.447430234089,425.000000000000,24.000000000000,1.757422213585,4b7d381b2b8e6afa,8d15af1f9d36efa1,29a6303faeb80c16,200,85,42.500000,302.941176,301.311598,0.500000,2.700000,404.911390,1.772078,348.560086,4.741176,1.957816,0.000000,0.542565,0.705015,0.331675,0.379045,200,976,976,32.000000,0,0,16,16,119,119,8,24,478.000000,403,0,0,96,77,0,96,11,7,4,0,11,4,4,1,3,0,0,0,0,85,100,15,115,88,27,0,0,0
760,13000289,50,1,291.353198834749,75.000000000000,20.000000000000,2.050784524061,97f399c714cbd609,8d15af1f9d36efa1,ded4b8241302358a,200,120,60.000000,239.425000,204.907180,0.800000,2.200000,216.526788,3.532738,263.391542,3.333333,3.265000,0.000000,0.489796,0.657534,0.333333,0.275362,200,1056,1056,32.000000,0,0,16,16,68,68,16,0,384.000000,400,0,0,54,108,0,54,14,6,8,0,14,8,8,6,2,0,0,0,0,40,40,40,80,42,38,0,0,0
761,13000290,50,1,193.449098037956,75.000000000000,24.000000000000,1.908500230256,c1ae2d2cbb10d8c0,8d15af1f9d36efa1,f468a2076c1f5cfa,200,126,63.000000,249.738095,259.618409,1.000000,4.200000,318.357409,2.453333,304.427363,4.317460,2.086397,0.000000,0.444898,0.685535,0.268817,0.272727,200,920,920,32.000000,0,0,16,16,98,98,8,0,436.000000,544,0,0,86,114,0,86,12,8,4,0,12,4,4,4,0,0,0,0,0,74,0,74,74,74,0,0,0,0
762,13000291,50,1,73.758373778560,325.000000000000,36.000000000000,2.754588413059,fb3025d4b99566fa,8d15af1f9d36efa1,55fa56a7c2fb44cd,200,184,92.000000,371.923913,201.068137,1.000000,5.900000,462.646581,2.325769,474.526717,6.239130,2.139373,0.000000,0.233645,0.636364,0.148368,0.093207,200,960,960,32.000000,0,0,16,16,52,52,14,0,350.000000,1148,0,0,34,166,0,34,18,11,7,0,18,7,7,7,0,0,0,0,0,16,0,16,16,16,0,0,0,0
763,13000292,50,1,244.076514838329,325.000000000000,24.000000000000,2.163483563001,298b2883a2155df5,8d15af1f9d36efa1,789080471dfcd8fa,200,174,87.000000,292.040230,242.481834,1.000000,4.500000,354.284840,2.485238,358.791321,4.620690,2.264925,0.000000,0.305699,0.638989,0.199203,0.131749,200,968,968,32.000000,0,0,16,16,61,61,0,2,354.000000,804,0,0,43,157,0,43,17,17,0,0,17,0,0,0,0,0,0,0,0,26,0,26,26,26,0,0,0,0
764,13000293,50,1,358.079478260425,75.000000000000,24.000000000000,1.993438378282,5cee82ff9af5eb0b,8d15af1f9d36efa1,5709ca4f9d25aa60,200,117,58.500000,287.854701,246.391277,0.800000,3.800000,355.192643,2.814187,361.841246,4.794872,2.399287,0.000000,0.402556,0.653979,0.262812,0.206506,200,944,944,32.000000,0,0,16,16,69,69,8,0,378.000000,561,0,0,56,106,0,56,13,9,4,0,13,4,4,2,2,0,0,0,0,43,40,43,83,45,38,0,0,0
765,13000294,50,1,57.612048308390,75.000000000000,31.000000000000,1.829603065893,b1939f72aaf31e2d,8d15af1f9d36efa1,953ae08f9832c1cd,200,129,64.500000,345.751938,258.329615,1.000000,6.600000,513.394286,2.168214,440.263058,5.767442,2.102151,0.000000,0.367347,0.683544,0.211864,0.211864,200,952,952,32.000000,0,0,16,16,97,97,6,0,432.000000,744,0,0,84,116,0,84,13,10,3,0,13,3,3,3,0,0,0,0,0,71,0,71,71,71,0,0,0,0
766,13000295,50,1,382.552833118600,425.000000000000,34.000000000000,1.687440130422,bf789943d62f99d9,8d15af1f9d36efa1,42d8d2610b2bb05e,200,69,34.500000,231.434783,267.476685,0.600000,2.000000,270.973919,2.511111,263.708324,3.304348,2.500000,0.000000,0.652439,0.681529,0.467290,0.462264,200,1104,1104,32.000000,0,0,16,16,92,92,12,0,428.000000,228,0,0,82,62,0,82,10,4,6,0,10,6,6,3,3,0,0,0,0,72,80,51,131,75,56,0,0,0
767,13000296,50,1,148.231732911521,425.000000000000,22.000000000000,2.738938133726,8dcda4b2c55d6537,8d15af1f9d36efa1,8278fa3d227386f0,200,66,33.000000,257.803030,279.954359,0.700000,3.000000,345.561891,2.469048,313.952479,4.212121,2.377698,0.000000,0.605114,0.680511,0.418410,0.411017,200,976,976,32.000000,0,0,16,16,92,92,10,0,426.000000,278,0,0,83,60,0,83,9,4,5,0,9,5,5,2,3,0,0,0,0,74,60,74,134,77,57,0,0,0
768,13000297,50,1,46.426572534901,425.000000000000,25.000000000000,2.904177580095,167d20b6e07b1aa4,8d15af1f9d36efa1,b5c3774fd2a48d5f,200,59,29.500000,172.677966,264.119413,0.400000,1.000000,195.721694,3.541667,191.905085,2.423729,3.230769,0.000000,0.713427,0.640288,0.583090,0.464419,200,1136,1136,32.000000,0,0,16,16,55,55,14,0,356.000000,143,0,0,43,53,0,43,12,5,7,0,12,7,7,1,6,0,0,0,0,31,120,21,141,37,104,0,0,0
769,13000298,50,1,483.444295753739,75.000000000000,37.000000000000,1.919220315226,32e0e57cbb1ca23b,8d15af1f9d36efa1,3e3eec77c93d53dd,200,123,61.500000,331.869919,287.614254,1.000000,5.300000,406.139170,2.058929,391.641291,5.292683,2.098310,0.000000,0.409791,0.693252,0.235018,0.252583,200,840,840,32.000000,0,0,16,16,100,100,20,6,452.000000,651,0,0,87,113,0,87,10,0,10,0,10,10,10,10,0,0,0,0,0,77,0,77,77,77,0,0,0,0
770,13000299,50,1,365.358300147840,175.000000000000,31.000000000000,2.572585108651,d443c9af9066c03d,8d15af1f9d36efa1,e7e82f7632a831a,200,191,95.500000,242.848168,244.435538,1.000000,3.600000,293.655877,2.786667,295.375933,3.591623,2.651603,0.000000,0.327451,0.625468,0.225734,0.129442,200,1008,1008,32.000000,0,0,16,16,49,49,4,0,334.000000,686,0,0,29,171,0,29,20,18,2,0,20,2,2,2,0,0,0,0,0,9,0,9,9,9,0,0,0,0
771,13000300,50,1,377.541021606784,325.000000000000,39.000000000000,1.583748354494,eff1841ef83dba9f,8d15af1f9d36efa1,2e1fd21dd8d20211,200,200,100.000000,406.380000,364.144983,1.000000,7.100000,535.177087,2.262659,530.140827,7.100000,2.154930,0.000000,0.182969,0.613900,0.123457,0.057105,200,896,896,32.000000,0,0,16,16,40,40,6,0,318.000000,1420,0,0,20,180,0,20,20,17,3,0,20,3,3,3,0,0,0,0,0,0,0,0,0,0,0,0,0,0
772,13000301,50,1,284.190313605395,325.000000000000,23.000000000000,1.759458508598,415eb272de95635c,8d15af1f9d36efa1,2b44c2fd46dcc212,200,132,66.000000,286.659091,285.495307,0.700000,3.500000,389.611168,3.202381,360.978396,4.848485,3.179688,0.000000,0.336100,0.618321,0.238095,0.125683,200,1200,1200,32.000000,0,0,16,16,40,40,12,0,324.000000,640,0,0,24,119,0,24,16,10,6,0,16,6,6,3,3,0,0,0,0,8,60,8,68,11,57,0,0,0
773,13000302,50,1,304.537011821535,325.000000000000,23.000000000000,2.166212921800,d6f66c9d41202d1c,8d15af1f9d36efa1,e9e07ab30d435fce,200,200,100.000000,321.600000,288.155384,1.000000,5.300000,410.942609,2.996071,402.663430,5.300000,2.905660,0.000000,0.231884,0.615385,0.158730,0.076655,200,1168,1168,32.000000,0,0,16,16,41,41,6,2,320.000000,1060,0,0,20,180,0,20,20,17,3,0,20,3,3,3,0,0,0,0,0,0,0,0,0,0,0,0,0,0
774,13000303,50,1,176.879960016680,425.000000000000,30.000000000000,1.588453294661,ecdf8109d702d31c,8d15af1f9d36efa1,1dd07e500d9bb6f4,200,93,46.500000,295.043011,309.334360,0.600000,2.800000,342.225875,2.567460,348.260217,4.623656,2.390698,0.000000,0.478155,0.663300,0.317460,0.273649,200,880,880,32.000000,0,0,16,16,74,74,14,0,394.000000,430,0,0,59,82,0,59,15,8,7,0,15,7,7,3,4,0,0,0,0,44,80,27,107,48,59,0,0,0
775,13000304,50,1,416.967484347610,425.000000000000,24.000000000000,2.964893963268,d5d753ea71ec652a,8d15af1f9d36efa1,70b12f4fab9551fe,200,106,53.000000,291.509434,216.552991,0.800000,2.400000,248.017603,2.610795,307.564498,3.698113,2.025510,0.000000,0.517241,0.677419,0.337838,0.324138,200,880,880,32.000000,0,0,16,16,84,84,20,4,420.000000,392,0,0,70,96,0,70,12,2,10,0,12,10,10,8,2,0,0,0,0,58,40,54,94,60,34,0,0,0
776,13000305,50,1,71.316443014829,425.000000000000,22.000000000000,2.990185769129,b6ec0b57f9218acc,8d15af1f9d36efa1,743349acc089733e,200,115,57.500000,222.617391,256.061958,0.900000,3.300000,280.990812,2.480159,245.037605,3.339130,2.333333,0.000000,0.541766,0.694190,0.342466,0.366337,200,1056,1056,32.000000,0,0,16,16,104,104,14,0,454.000000,384,0,0,92,104,0,92,12,5,7,0,12,7,7,6,1,0,0,0,0,80,20,65,85,81,4,0,0,0
777,13000306,50,1,364.988082714433,325.000000000000,27.000000000000,1.767459661113,e3e3b46b0634f3d4,8d15af1f9d36efa1,780051c48a64b041,200,190,95.000000,242.805263,226.923611,1.000000,3.600000,279.136254,2.921667,283.051531,3.578947,2.933824,0.000000,0.339806,0.636364,0.227273,0.147870,200,1064,1064,32.000000,0,0,16,16,57,57,4,14,350.000000,680,0,0,30,170,0,30,20,18,2,0,20,2,2,2,0,0,0,0,0,10,0,10,10,10,0,0,0,0
778,13000307,50,1,197.959388179928,425.000000000000,23.000000000000,2.525165462606,5cea7f21d8f98b91,8d15af1f9d36efa1,9ac83900c5998e11,200,80,40.000000,168.512500,240.019107,0.400000,1.000000,183.139656,2.791667,178.646982,2.500000,2.900000,0.000000,0.612403,0.612403,0.500000,0.295775,200,1232,1232,32.000000,0,0,16,16,36,36,12,0,316.000000,200,0,0,22,72,0,22,14,8,6,0,14,6,6,0,6,0,0,0,0,8,120,0,120,14,106,0,0,0
779,13000308,50,1,331.995709189868,175.000000000000,42.000000000000,1.822598721557,7f7d01f2079aa513,8d15af1f9d36efa1,9a9f8700c5770d87,200,158,79.000000,177.050633,216.353421,0.800000,2.100000,203.935879,3.093750,209.871839,2.645570,3.291866,0.000000,0.427397,0.609375,0.323625,0.160643,200,1144,1144,32.000000,0,0,16,16,38,38,4,0,312.000000,418,0,0,20,142,0,20,18,16,2,0,18,2,2,0,2,0,0,0,0,2,40,2,42,4,38,0,0,0
780,13000309,50,1,196.670268069852,175.000000000000,33.000000000000,1.843596224832,b47bae40b567f540,8d15af1f9d36efa1,9b08b800c5d049d3,200,196,98.000000,413.816327,309.843412,1.000000,6.600000,540.457918,2.490350,544.544028,6.586735,2.430674,0.000000,0.203578,0.622642,0.134138,0.070554,200,968,968,32.000000,0,0,16,16,44,44,10,0,330.000000,1291,0,0,24,176,0,24,20,15,5,0,20,5,5,5,0,0,0,0,0,4,0,4,4,4,0,0,0,0
781,13000310,50,1,426.865411376986,425.000000000000,22.000000000000,2.431425268860,ba61c0b7c0b439de,8d15af1f9d36efa1,396d6b1333bf3dd7,200,80,40.000000,333.075000,282.201314,0.900000,4.500000,382.814585,2.728219,381.056273,4.912500,2.717557,0.000000,0.555932,0.710983,0.337268,0.398162,200,1016,1016,32.000000,0,0,16,16,122,122,16,0,492.000000,393,0,0,112,71,0,112,10,2,8,0,10,8,8,7,1,0,0,0,0,102,20,100,120,103,17,0,0,0
782,13000311,50,1,458.629620140928,425.000000000000,31.000000000000,2.826254753930,7fbdeeeb6938be58,8d15af1f9d36efa1,863499f6bc1f83e5,200,147,73.500000,336.170068,256.121503,1.000000,5.000000,386.667618,2.203730,416.200362,5.476190,2.116770,0.000000,0.336356,0.671053,0.199005,0.179409,200,992,992,32.000000,0,0,16,16,82,82,12,2,408.000000,805,0,0,67,133,0,67,14,8,6,0,14,6,6,6,0,0,0,0,0,53,0,53,53,53,0,0,0,0
783,13000312,50,1,207.377856633454,175.000000000000,26.000000000000,2.270623040705,16e0ef1b00fe1d4,8d15af1f9d36efa1,68ffa62ab521ca14,200,179,89.500000,338.765363,306.929924,1.000000,5.600000,449.200072,2.413968,452.196286,5.586592,2.347000,0.000000,0.257058,0.633700,0.166667,0.102334,200,1024,1024,32.000000,0,0,16,16,55,55,4,0,346.000000,1000,0,0,38,162,0,38,17,15,2,0,17,2,2,2,0,0,0,0,0,21,0,21,21,21,0,0,0,0
784,13000313,50,1,467.566564664329,175.000000000000,34.000000000000,2.768172930683,27db97871ede6c0,8d15af1f9d36efa1,328ec57941f5c1c8,200,158,79.000000,212.158228,226.502409,0.800000,2.600000,255.166002,2.683333,241.974165,3.278481,2.409266,0.000000,0.381862,0.615385,0.278552,0.145215,200,1040,1040,32.000000,0,0,16,16,39,39,10,0,320.000000,518,0,0,21,142,0,21,18,13,5,0,18,5,5,3,2,0,0,0,0,3,40,2,42,5,37,0,0,0
785,13000314,50,1,320.701074192072,325.000000000000,33.000000000000,1.601074040243,173f1a1b173e58a0,8d15af1f9d36efa1,9ae6d600c5b39667,200,100,50.000000,200.750000,285.518743,0.500000,1.700000,223.205033,2.613333,222.256074,3.400000,3.000000,0.000000,0.472050,0.603175,0.370370,0.174757,200,1080,1080,32.000000,0,0,16,16,31,31,10,2,304.000000,340,0,0,15,90,0,15,15,10,5,0,15,5,5,0,5,0,0,0,0,0,100,0,100,5,95,0,0,0
786,13000315,50,1,42.255257973729,325.000000000000,36.000000000000,2.730284998542,b1c7a61f3eeae388,8d15af1f9d36efa1,dec19877a9b03ed3,200,140,70.000000,320.742857,268.366922,0.900000,4.300000,371.476008,2.737434,372.049601,4.914286,2.402616,0.000000,0.371115,0.669967,0.225225,0.201856,200,1000,1000,32.000000,0,0,16,16,79,79,16,0,406.000000,688,0,0,60,122,0,60,19,11,8,0,19,8,8,7,1,0,0,0,0,41,20,40,60,42,18,0,0,0
787,13000316,50,1,389.294433530033,75.000000000000,30.000000000000,2.094246268627,a1b1140884071273,8d15af1f9d36efa1,1d3ad0500d1c6b56,200,115,57.500000,222.443478,239.286704,1.000000,3.700000,284.141491,2.924762,269.161859,3.739130,2.474419,0.000000,0.511364,0.692308,0.317460,0.336420,200,1072,1072,32.000000,0,0,16,16,107,107,4,0,450.000000,430,0,0,96,104,0,96,11,9,2,0,11,2,2,2,0,0,0,0,0,85,0,85,85,85,0,0,0,0
788,13000317,50,1,475.865163910566,425.000000000000,29.000000000000,2.761429223266,381b3e1b20fadfbb,8d15af1f9d36efa1,fbf1466e9d853b26,200,162,81.000000,462.944444,330.105706,1.000000,7.200000,573.041881,2.190794,559.437491,6.820988,2.076923,0.000000,0.271589,0.673203,0.153257,0.140078,200,928,928,32.000000,0,0,16,16,79,79,22,10,412.000000,1105,0,0,56,144,0,56,18,7,11,0,18,11,11,11,0,0,0,0,0,38,0,38,38,38,0,0,0,0
789,13000318,50,1,307.032805493335,325.000000000000,27.000000000000,2.312285579604,1823b948c5d3e620,8d15af1f9d36efa1,c601cad4adef6fd2,200,180,90.000000,284.266667,275.059102,0.900000,3.900000,348.007232,2.981481,332.797766,4.333333,2.769231,0.000000,0.294756,0.619772,0.204082,0.107551,200,1048,1048,32.000000,0,0,16,16,40,40,14,4,326.000000,780,0,0,19,162,0,19,19,12,7,0,19,7,7,6,1,0,0,0,0,0,20,0,20,1,19,0,0,0
790,13000319,50,1,371.316402064735,75.000000000000,17.000000000000,2.804932318805,d7b2c5610a48ea04,8d15af1f9d36efa1,aa011cdddc4f9208,200,103,51.500000,290.339806,277.294063,0.900000,3.500000,314.047998,2.720370,338.953187,4.466019,2.500000,0.000000,0.493392,0.691358,0.303030,0.319527,200,952,952,32.000000,0,0,16,16,101,101,14,0,448.000000,460,0,0,90,93,0,90,11,4,7,0,11,7,7,6,1,0,0,0,0,79,20,77,97,80,17,0,0,0
791,13000320,50,1,456.269332024367,75.000000000000,28.000000000000,2.950663299719,1db8972ed96f739d,8d15af1f9d36efa1,fdfb17b6372355f,200,134,67.000000,416.582090,287.953938,1.000000,5.300000,435.815593,2.160000,517.523944,6.619403,2.136415,0.000000,0.328539,0.684543,0.183993,0.185491,200,864,864,32.000000,0,0,16,16,94,94,14,4,434.000000,887,0,0,79,121,0,79,13,6,7,0,13,7,7,7,0,0,0,0,0,66,0,66,66,66,0,0,0,0
792,13000321,50,1,5.152940817220,425.000000000000,36.000000000000,1.763317000310,cca2b0caab5e2faf,8d15af1f9d36efa1,9bfba71425ddc38d,200,114,57.000000,326.719298,303.680818,1.000000,5.100000,394.984169,2.924762,377.747552,5.043860,2.480000,0.000000,0.443907,0.696510,0.258065,0.283935,200,1096,1096,31.000000,0,0,16,15,106,106,16,0,459.000000,575,0,0,96,104,0,96,10,2,8,0,10,8,8,8,0,0,0,0,0,86,0,86,86,86,0,0,0,0
793,13000322,50,1,107.679226071933,75.000000000000,19.000000000000,2.731834792882,50ed525740921c65,8d15af1f9d36efa1,a39ca5fb1be89a41,200,89,44.500000,289.101124,272.460039,0.700000,2.500000,293.864070,2.944048,343.313801,4.393258,2.411765,0.000000,0.519065,0.678457,0.338409,0.327022,200,1088,1088,32.000000,0,0,16,16,88,88,14,0,422.000000,391,0,0,76,80,0,76,12,5,7,0,12,7,7,4,3,0,0,0,0,64,60,51,111,67,44,0,0,0
794,13000323,50,1,282.198968499612,425.000000000000,17.000000000000,2.149834353248,dfc070a90f98c1ac,8d15af1f9d36efa1,5a1be8bc749b65a4,200,151,75.500000,394.403974,299.226345,1.000000,5.700000,447.844465,2.526190,484.721742,6.086093,2.581066,0.000000,0.308503,0.672131,0.178731,0.162261,200,1016,1016,32.000000,0,0,16,16,77,77,24,0,410.000000,919,0,0,63,137,0,63,14,2,12,0,14,12,12,12,0,0,0,0,0,49,0,49,49,49,0,0,0,0
795,13000324,50,1,497.056944925830,75.000000000000,34.000000000000,2.688415189627,603dfa73b5cf200f,8d15af1f9d36efa1,4408b4fff3fafed,200,141,70.500000,292.453901,259.287840,1.000000,5.100000,389.523557,2.033889,346.589361,4.695035,1.711480,0.000000,0.385330,0.674797,0.232019,0.217494,200,1000,1000,31.000000,0,0,16,15,85,85,14,0,415.000000,662,0,0,72,128,0,72,13,6,7,0,13,7,7,7,0,0,0,0,0,59,0,59,59,59,0,0,0,0
796,13000325,50,1,220.709766986723,75.000000000000,23.000000000000,2.355873685174,c4544a89cadd500e,8d15af1f9d36efa1,85c2b6cc8e136865,200,72,36.000000,222.930556,257.543543,0.500000,1.400000,231.999001,3.100000,256.192644,3.013889,3.331797,0.000000,0.638935,0.657534,0.479616,0.411924,200,1176,1176,32.000000,0,0,16,16,70,70,12,0,384.000000,217,0,0,59,65,0,59,11,5,6,0,11,6,6,2,4,0,0,0,0,48,100,28,128,52,76,0,0,0
797,13000326,50,1,47.840135228425,75.000000000000,35.000000000000,2.057091299199,28f370af649f7273,8d15af1f9d36efa1,ade61dd610d2c858,200,151,75.500000,311.291391,240.648349,1.000000,4.400000,336.091780,2.183333,358.737219,4.728477,2.324930,0.000000,0.380208,0.686520,0.218818,0.223913,200,912,912,32.000000,0,0,16,16,97,97,12,32,438.000000,714,0,0,65,135,0,65,16,10,6,0,16,6,6,6,0,0,0,0,0,49,0,49,49,49,0,0,0,0
798,13000327,50,1,324.145409351683,75.000000000000,31.000000000000,1.604279208924,b30200a8088f49db,8d15af1f9d36efa1,cc02144f4e46adc7,200,200,100.000000,241.665000,195.907428,1.000000,3.400000,270.356596,2.858333,257.961901,3.400000,3.108824,0.000000,0.321357,0.616858,0.227273,0.116883,200,1184,1184,32.000000,0,0,16,16,45,45,0,10,322.000000,680,0,0,20,180,0,20,20,20,0,0,20,0,0,0,0,0,0,0,0,0,0,0,0,0,0,0,0,0
799,13000328,50,1,344.379726379207,175.000000000000,35.000000000000,1.855206144618,98c3486076104979,8d15af1f9d36efa1,dc6ff3469926f3e9,200,153,76.500000,241.156863,276.012502,0.800000,3.000000,284.487649,2.362500,303.210422,3.915033,2.499165,0.000000,0.351029,0.618321,0.250313,0.133140,200,968,968,32.000000,0,0,16,16,42,42,8,2,324.000000,599,0,0,24,138,0,24,17,13,4,0,17,4,4,2,2,0,0,0,0,7,40,7,47,9,38,0,0,0
800,13000329,50,1,418.172000993213,425.000000000000,27.000000000000,2.725444634646,632dbf118de318fd,8d15af1f9d36efa1,ea3489580853a25b,200,166,83.000000,267.331325,215.934873,1.000000,4.000000,309.572241,2.644167,298.522281,3.771084,2.642173,0.000000,0.383858,0.661017,0.242131,0.201531,200,1016,1016,32.000000,0,0,16,16,72,72,14,0,390.000000,626,0,0,53,147,0,53,19,12,7,0,19,7,7,7,0,0,0,0,0,34,0,34,34,34,0,0,0,0
801,13000330,50,1,311.980430990474,425.000000000000,13.000000000000,2.313649941280,4c635eb47d5f5b47,8d15af1f9d36efa1,9a79fb00c5570366,200,126,63.000000,245.039683,240.229144,0.800000,2.800000,265.231640,2.820833,282.915582,3.666667,2.588745,0.000000,0.444712,0.649123,0.302115,0.230000,200,1048,1048,32.000000,0,0,16,16,65,65,8,2,370.000000,462,0,0,49,113,0,49,15,11,4,0,15,4,4,2,2,0,0,0,0,34,40,34,74,36,38,0,0,0
802,13000331,50,1,303.257257617030,175.000000000000,38.000000000000,1.545511830889,772495033e50805f,8d15af1f9d36efa1,f7e0106d4b293bb2,200,193,96.500000,240.207254,245.253807,1.000000,4.100000,309.025351,3.021667,286.132860,3.886010,2.842667,0.000000,0.304267,0.621212,0.210526,0.113475,200,992,992,32.000000,0,0,16,16,46,46,4,2,328.000000,750,0,0,26,174,0,26,19,17,2,0,19,2,2,2,0,0,0,0,0,7,0,7,7,7,0,0,0,0
803,13000332,50,1,183.366356484406,75.000000000000,22.000000000000,2.278877861169,dd72a6726525324e,8d15af1f9d36efa1,51d3e26de2e1c183,200,107,53.500000,205.046729,259.974500,0.800000,2.900000,276.319350,3.014583,243.247998,3.317757,2.577465,0.000000,0.527297,0.664430,0.360360,0.315992,200,1064,1064,32.000000,0,0,16,16,79,79,6,0,396.000000,355,0,0,66,96,0,66,13,10,3,0,13,3,3,1,2,0,0,0,0,53,40,53,93,55,38,0,0,0
804,13000333,50,1,5.813676025975,425.000000000000,31.000000000000,2.968205126454,56da2193c5cea941,8d15af1f9d36efa1,9b08b900c5d04b86,200,110,55.000000,261.990909,284.184025,0.800000,4.200000,403.094150,2.776637,316.902187,4.454545,2.571429,0.000000,0.452514,0.669421,0.289855,0.262048,200,1032,1032,31.000000,0,0,16,15,84,84,6,0,405.000000,490,0,0,71,99,0,71,13,10,3,0,13,3,3,1,2,0,0,0,0,58,40,50,90,60,30,0,0,0
805,13000334,50,1,335.505545592309,175.000000000000,38.000000000000,1.859801083532,242a0518cfd7b739,8d15af1f9d36efa1,6ad67388f3cd9b82,200,197,98.500000,340.472081,271.257841,1.000000,5.900000,433.738212,2.544444,430.725086,5.822335,2.430689,0.000000,0.220258,0.618321,0.148478,0.074253,200,1072,1072,32.000000,0,0,16,16,44,44,4,2,324.000000,1147,0,0,23,177,0,23,20,18,2,0,20,2,2,2,0,0,0,0,0,3,0,3,3,3,0,0,0,0
806,13000335,50,1,473.257677705946,325.000000000000,46.000000000000,1.840140360534,fae7f2b5fa3e24c5,8d15af1f9d36efa1,ba97314f44623ed9,200,115,57.500000,217.321739,242.608673,0.600000,1.900000,245.836158,2.342593,243.585616,3.182609,2.035519,0.000000,0.481586,0.629630,0.353357,0.227848,200,1008,1008,32.000000,0,0,16,16,48,48,12,0,340.000000,366,0,0,32,103,0,32,16,10,6,0,16,6,6,2,4,0,0,0,0,16,80,5,85,20,65,0,0,0
807,13000336,50,1,116.878809878571,175.000000000000,40.000000000000,2.090935972790,eba7709f7d260ea9,8d15af1f9d36efa1,93fa577840b9d5bc,200,197,98.500000,259.314721,239.777332,1.000000,4.400000,319.737155,2.517500,315.368834,4.401015,2.462514,0.000000,0.272040,0.618321,0.187441,0.095933,200,1032,1032,32.000000,0,0,16,16,43,43,6,0,324.000000,867,0,0,23,177,0,23,20,17,3,0,20,3,3,3,0,0,0,0,0,3,0,3,3,3,0,0,0,0
808,13000337,50,1,143.195540175114,325.000000000000,22.000000000000,2.983611998662,a7beb116f0321c77,8d15af1f9d36efa1,b5ad4f3a09d927bc,200,126,63.000000,228.563492,274.970550,0.700000,2.700000,268.552996,3.392857,281.026186,4.063492,2.902344,0.000000,0.387560,0.618321,0.280899,0.152318,200,1064,1064,32.000000,0,0,16,16,42,42,8,0,324.000000,512,0,0,29,114,2,27,13,9,4,0,13,4,4,1,3,0,0,0,0,14,60,14,74,17,57,0,0,0
809,13000338,50,1,24.277139028376,425.000000000000,33.000000000000,2.929269296834,dc4b60f51ce8ad69,8d15af1f9d36efa1,b27b1da95c5ee994,200,135,67.500000,221.888889,198.839791,1.000000,3.000000,227.191118,2.746667,228.520553,2.992593,2.990099,0.000000,0.517900,0.684543,0.331126,0.333333,200,1120,1120,32.000000,0,0,16,16,95,95,12,0,434.000000,404,0,0,80,120,0,80,15,9,6,0,15,6,6,6,0,0,0,0,0,65,0,65,65,65,0,0,0,0
810,13000339,50,1,469.132738418803,425.000000000000,31.000000000000,2.719589205634,56b838e94bff90d,8d15af1f9d36efa1,f687d58f4c3cf601,200,116,58.000000,252.241379,195.984689,0.800000,2.800000,277.864208,3.050000,289.172019,3.689655,2.712617,0.000000,0.483092,0.666667,0.318471,0.281879,200,1144,1144,32.000000,0,0,16,16,76,76,16,12,400.000000,428,0,0,57,105,0,57,13,5,8,0,13,8,8,6,2,0,0,0,0,44,40,44,84,46,38,0,0,0
811,13000340,50,1,496.995023005279,425.000000000000,26.000000000000,1.879875245320,21d8236dc8a8cdc9,8d15af1f9d36efa1,49fe00ee0d550f81,200,43,21.500000,389.325581,275.839484,0.600000,3.200000,404.232752,2.491071,428.891148,5.674419,2.315574,0.000000,0.680210,0.721836,0.450450,0.541353,200,1152,1152,31.000000,0,0,16,15,136,136,16,0,519.000000,244,0,0,126,37,0,126,10,2,8,0,10,8,8,4,4,0,0,0,0,116,80,77,157,120,37,0,0,0
812,13000341,50,1,401.458619402857,75.000000000000,29.000000000000,2.206390636052,5940e5d5c0ebc239,8d15af1f9d36efa1,a0ca733d4df5a998,200,30,15.000000,178.100000,347.743039,0.300000,1.000000,236.184116,2.166667,142.544781,2.166667,2.076923,0.000000,0.858388,0.663300,0.754717,0.713656,200,936,936,32.000000,0,0,16,16,72,72,18,8,394.000000,65,0,0,57,26,0,57,11,2,9,0,11,9,9,2,7,0,0,0,0,46,140,30,170,53,117,0,0,0
813,13000342,50,1,189.463659027596,425.000000000000,25.000000000000,2.347453422084,90612730cd969e6e,8d15af1f9d36efa1,fbbdb0df3703530e,200,186,93.000000,239.784946,240.343787,1.000000,4.100000,307.058334,2.465476,284.185143,3.994624,2.224764,0.000000,0.315207,0.630996,0.212089,0.128957,200,944,944,32.000000,0,0,16,16,50,50,10,0,342.000000,743,0,0,32,168,0,32,18,13,5,0,18,5,5,5,0,0,0,0,0,14,0,14,14,14,0,0,0,0
814,13000343,50,1,252.575683262624,75.000000000000,20.000000000000,2.069057317781,42731f9642806c33,8d15af1f9d36efa1,c88492f591e29d30,200,153,76.500000,264.771242,296.890106,1.000000,4.500000,354.784577,2.386667,316.335530,4.045752,2.423263,0.000000,0.394917,0.668874,0.244200,0.217446,200,1000,1000,32.000000,0,0,16,16,85,85,2,16,404.000000,619,0,0,62,138,0,62,15,14,1,0,15,1,1,1,0,0,0,0,0,47,0,47,47,47,0,0,0,0
815,13000344,50,1,180.284853635755,425.000000000000,22.000000000000,2.366008820827,1203c5ef5e7d1333,8d15af1f9d36efa1,9aad0d00c5827b95,200,80,40.000000,165.287500,222.132208,0.400000,0.900000,165.681339,3.187500,169.482489,2.250000,3.033333,0.000000,0.659091,0.635036,0.526316,0.391892,200,1080,1080,32.000000,0,0,16,16,50,50,16,0,348.000000,180,0,0,36,72,0,36,14,6,8,0,14,8,8,2,6,0,0,0,0,22,120,0,120,28,92,0,0,0
816,13000345,50,1,311.966684185764,325.000000000000,35.000000000000,1.919886571077,609e40bf1154cd4c,8d15af1f9d36efa1,41a4aff6f419d1e1,200,200,100.000000,248.605000,252.859371,1.000000,4.000000,304.097317,2.870833,305.867725,4.170000,2.621103,0.000000,0.272251,0.609375,0.193424,0.087527,200,1136,1136,32.000000,0,0,16,16,40,40,0,0,312.000000,834,0,0,20,180,0,20,20,20,0,0,20,0,0,0,0,0,0,0,0,0,0,0,0,0,0,0,0,0
817,13000346,50,1,288.212416323298,425.000000000000,26.000000000000,2.355162304625,b9bb6b378ea9bfca,8d15af1f9d36efa1,1a15f471ac6b747a,200,91,45.500000,180.824176,245.737422,0.700000,2.200000,226.680209,3.333333,230.021014,3.285714,2.739130,0.000000,0.578279,0.672131,0.400802,0.373166,200,1120,1120,32.000000,0,0,16,16,87,87,4,0,410.000000,299,0,0,78,84,0,78,9,7,2,0,9,2,2,0,2,0,0,0,0,69,60,49,109,71,38,0,0,0
818,13000347,50,1,97.000389736074,175.000000000000,23.000000000000,2.558117767967,ae9b08a7fd16528d,8d15af1f9d36efa1,1e404f28fc713e8c,200,110,55.000000,255.890909,282.095704,0.700000,2.700000,282.358678,2.989286,288.894657,3.954545,2.896552,0.000000,0.470158,0.658703,0.314961,0.261460,200,912,912,32.000000,0,0,16,16,71,71,12,0,386.000000,435,0,0,55,97,0,55,16,10,6,0,16,6,6,3,3,0,0,0,0,39,60,30,90,42,48,0,0,0
819,13000348,50,1,215.824511378433,325.000000000000,22.000000000000,2.345581203850,a8dbee6fc031adfa,8d15af1f9d36efa1,9c27dbdfe0a221e9,200,120,60.000000,248.650000,258.999137,0.600000,2.600000,309.490200,2.415476,303.307133,4.333333,2.576923,0.000000,0.371981,0.606299,0.277778,0.127517,200,1048,1048,32.000000,0,0,16,16,32,32,12,0,308.000000,520,0,0,16,108,0,16,16,10,6,0,16,6,6,2,4,0,0,0,0,0,80,0,80,4,76,0,0,0
820,13000349,50,1,13.792346467150,425.000000000000,32.000000000000,2.554026518689,bc692bfd00d8c528,8d15af1f9d36efa1,506507a6c49febb5,200,50,25.000000,291.200000,347.793808,0.300000,1.200000,306.236154,2.388889,280.013776,3.760000,2.659574,0.000000,0.665480,0.651568,0.515464,0.430303,200,952,952,32.000000,0,0,16,16,59,59,24,14,374.000000,188,0,0,39,44,0,39,13,1,12,0,13,12,12,5,7,0,0,0,0,26,140,10,150,33,117,0,0,0
821,13000350,50,1,458.025086946506,75.000000000000,21.000000000000,2.957308319509,6ba9680106eb1ed6,8d15af1f9d36efa1,9c7b32e073b2adee,200,149,74.500000,307.134228,270.350669,1.000000,5.500000,388.142211,2.259167,352.673176,5.167785,2.164935,0.000000,0.345238,0.669967,0.206186,0.184322,200,1000,1000,32.000000,0,0,16,16,79,79,16,4,406.000000,770,0,0,64,136,0,64,13,5,8,0,13,8,8,8,0,0,0,0,0,51,0,51,51,51,0,0,0,0
822,13000351,50,1,385.460724908126,175.000000000000,34.000000000000,2.641549328321,722afa9b0f59e35b,8d15af1f9d36efa1,9a659500c545ad0a,200,80,40.000000,135.487500,237.253839,0.400000,0.700000,137.692248,4.062500,136.510221,1.750000,3.714286,0.000000,0.683258,0.601594,0.588235,0.333333,200,1160,1160,32.000000,0,0,16,16,28,28,14,0,302.000000,140,0,0,14,72,0,14,14,7,7,0,14,7,7,1,6,0,0,0,0,0,120,0,120,6,114,0,0,0
823,13000352,50,1,396.097638684278,325.000000000000,44.000000000000,1.546933559347,2114ccba2bd145ea,8d15af1f9d36efa1,c377d99c2379d15a,200,169,84.500000,221.911243,252.091918,0.900000,3.500000,297.807092,2.457407,263.780855,3.710059,2.023923,0.000000,0.346194,0.624060,0.241838,0.137552,200,992,992,32.000000,0,0,16,16,49,49,2,0,332.000000,627,0,0,30,151,0,30,19,18,1,0,19,1,1,0,1,0,0,0,0,11,20,11,31,12,19,0,0,0
824,13000353,50,1,23.904623311660,175.000000000000,45.000000000000,2.262736661865,2e3eb347355f0c4f,8d15af1f9d36efa1,22994b55b8b878cd,200,96,48.000000,237.833333,236.075982,0.600000,2.000000,272.898972,3.111111,266.572337,3.270833,3.372611,0.000000,0.529940,0.638989,0.389105,0.279817,200,1096,1096,32.000000,0,0,16,16,52,52,18,0,354.000000,314,0,0,38,86,0,38,14,5,9,0,14,9,9,5,4,0,0,0,0,24,80,24,104,28,76,0,0,0
825,13000354,50,1,488.067914661677,75.000000000000,30.000000000000,2.327553315704,fb9dda0b298226df,8d15af1f9d36efa1,704ea34fab4199bf,200,143,71.500000,122.853147,151.159196,0.800000,1.200000,106.111355,2.812500,104.588854,1.468531,2.971429,0.000000,0.652318,0.663300,0.487805,0.435484,200,968,968,32.000000,0,0,16,16,75,75,12,0,394.000000,210,0,0,58,128,0,58,17,11,6,0,17,6,6,4,2,0,0,0,0,41,40,17,57,43,14,0,0,0
826,13000355,50,1,43.554736458733,425.000000000000,29.000000000000,1.595462618048,b547948b85e54ffc,8d15af1f9d36efa1,4e324704bcb1735c,200,130,65.000000,313.992308,264.017300,1.000000,5.100000,386.542164,2.460595,355.744398,4.738462,2.180195,0.000000,0.419962,0.690402,0.245098,0.257831,200,936,936,32.000000,0,0,16,16,99,99,16,2,446.000000,616,0,0,84,116,0,84,14,6,8,0,14,8,8,8,0,0,0,0,0,70,0,70,70,70,0,0,0,0
827,13000356,50,1,9.631585344800,325.000000000000,47.000000000000,1.740751098678,63df72be1135ff38,8d15af1f9d36efa1,60379c77355d14dd,200,163,81.500000,302.000000,297.856030,1.000000,4.900000,377.067454,2.446667,369.975861,4.938650,2.500621,0.000000,0.320675,0.655172,0.199005,0.155299,200,1056,1056,32.000000,0,0,16,16,69,69,10,0,380.000000,805,0,0,53,147,0,53,16,11,5,0,16,5,5,5,0,0,0,0,0,37,0,37,37,37,0,0,0,0
828,13000357,50,1,383.854172121347,325.000000000000,26.000000000000,2.457380368484,b8e68bb877ff73ef,8d15af1f9d36efa1,26a6225012a93635,200,40,20.000000,136.425000,230.817072,0.200000,0.300000,104.884937,3.250000,113.925035,1.675000,3.492537,0.000000,0.830380,0.621212,0.749064,0.588957,200,1040,1040,32.000000,0,0,16,16,40,40,16,2,328.000000,67,0,0,27,36,0,27,12,4,8,0,12,8,8,0,8,0,0,0,0,15,160,0,160,23,137,0,0,0
829,13000358,50,1,352.147730902683,325.000000000000,32.000000000000,2.190063827928,67f1860a355133df,8d15af1f9d36efa1,ae1636b2245dea7c,200,159,79.500000,325.113208,274.488578,0.800000,4.000000,402.280870,2.553274,412.016332,5.113208,2.146371,0.000000,0.279894,0.612403,0.197433,0.093645,200,1072,1072,32.000000,0,0,16,16,40,40,4,6,316.000000,813,0,0,19,143,0,19,18,16,2,0,18,2,2,0,2,0,0,0,0,1,40,1,41,3,38,0,0,0
830,13000359,50,1,372.542942375527,175.000000000000,33.000000000000,2.945042399041,28b8ccb6f65ffaa4,8d15af1f9d36efa1,34268c4f89517640,200,171,85.500000,285.725146,282.035483,0.900000,3.800000,331.722681,2.459788,337.980602,4.397661,2.442819,0.000000,0.306273,0.624060,0.210084,0.117371,200,1176,1176,32.000000,0,0,16,16,47,47,6,4,332.000000,752,0,0,27,154,0,27,18,15,3,0,18,3,3,2,1,0,0,0,0,9,20,9,29,10,19,0,0,0
831,13000360,50,1,156.940097741200,425.000000000000,24.000000000000,2.443522927883,34722f8c6b0501b5,8d15af1f9d36efa1,2cd83f3152a57386,200,155,77.500000,280.516129,290.099096,0.800000,3.600000,359.619125,2.983532,351.296857,4.535484,2.928876,0.000000,0.315482,0.618321,0.221484,0.115723,200,1024,1024,32.000000,0,0,16,16,41,41,10,0,324.000000,703,0,0,23,139,0,23,18,13,5,0,18,5,5,3,2,0,0,0,0,5,40,5,45,7,38,0,0,0
832,13000361,50,1,129.544241127396,175.000000000000,37.000000000000,1.663822294871,4ba457b7b2fcf81c,8d15af1f9d36efa1,2b28504f8421a2a3,200,189,94.500000,240.534392,215.902737,1.000000,4.000000,298.128011,2.492619,293.328525,4.031746,2.267717,0.000000,0.307273,0.628253,0.207900,0.122120,200,1024,1024,32.000000,0,0,16,16,51,51,4,0,338.000000,762,0,0,31,169,0,31,20,18,2,0,20,2,2,2,0,0,0,0,0,11,0,11,11,11,0,0,0,0
833,13000362,50,1,427.955752132079,425.000000000000,34.000000000000,1.921229106853,400e18e156577197,8d15af1f9d36efa1,83a74e90c45ccb7c,200,178,89.000000,357.252809,339.492307,1.000000,5.700000,453.922828,2.552381,441.736251,5.814607,2.264734,0.000000,0.263345,0.649123,0.161943,0.117647,200,1064,1064,32.000000,0,0,16,16,61,61,16,6,370.000000,1035,0,0,40,160,0,40,18,10,8,0,18,8,8,8,0,0,0,0,0,22,0,22,22,22,0,0,0,0
834,13000363,50,1,461.473583383986,75.000000000000,35.000000000000,1.757498863717,281ca64f91911e8e,8d15af1f9d36efa1,b60938eedb9896ab,200,134,67.000000,237.328358,268.148492,0.900000,3.300000,294.099875,2.900000,263.776256,3.470149,3.017204,0.000000,0.461182,0.665552,0.300752,0.263074,200,1056,1056,32.000000,0,0,16,16,80,80,6,0,398.000000,465,0,0,63,118,0,63,17,14,3,0,17,3,3,2,1,0,0,0,0,46,20,46,66,47,19,0,0,0
835,13000364,50,1,396.255475120857,325.000000000000,29.000000000000,2.948106227145,af56612f9a01aa7,8d15af1f9d36efa1,da762e27f37ad40d,200,179,89.500000,237.234637,229.033733,0.900000,3.300000,289.427589,3.435450,278.095464,3.681564,2.905918,0.000000,0.322713,0.610895,0.232829,0.110661,200,1184,1184,32.000000,0,0,16,16,39,39,4,0,314.000000,659,0,0,20,161,0,20,19,17,2,0,19,2,2,1,1,0,0,0,0,1,20,1,21,2,19,0,0,0
836,13000365,50,1,344.433908436938,425.000000000000,36.000000000000,1.655737778878,cc9de30164778c98,8d15af1f9d36efa1,c985bd537ed068c2,200,176,88.000000,228.119318,220.937102,1.000000,3.200000,260.042219,3.153333,257.174683,3.170455,2.838710,0.000000,0.393478,0.644128,0.263852,0.188953,200,1160,1160,32.000000,0,0,16,16,62,62,6,4,362.000000,558,0,0,42,158,0,42,18,15,3,0,18,3,3,3,0,0,0,0,0,24,0,24,24,24,0,0,0,0
837,13000366,50,1,259.157984777014,75.000000000000,29.000000000000,1.604476388170,bf3602f5d31dd21a,8d15af1f9d36efa1,9a9f1cb5525280db,200,187,93.500000,228.614973,229.431809,1.000000,3.400000,271.754455,3.493333,266.198474,3.358289,3.444268,0.000000,0.351240,0.629630,0.241546,0.146739,200,1136,1136,32.000000,0,0,16,16,51,51,6,0,340.000000,628,0,0,32,168,0,32,19,16,3,0,19,3,3,3,0,0,0,0,0,13,0,13,13,13,0,0,0,0
838,13000367,50,1,20.702658069902,75.000000000000,26.000000000000,2.590120278143,7c8cf763f450ba11,8d15af1f9d36efa1,c89850791f1e55db,200,164,82.000000,315.402439,229.245191,1.000000,5.200000,421.059205,2.347698,372.922997,4.658537,2.195026,0.000000,0.334495,0.657534,0.207469,0.165939,200,1128,1128,32.000000,0,0,16,16,68,68,16,0,384.000000,764,0,0,52,148,0,52,16,8,8,0,16,8,8,8,0,0,0,0,0,36,0,36,36,36,0,0,0,0
839,13000368,50,1,51.234772080726,425.000000000000,28.000000000000,2.453438366771,9afac3497ea7d57e,8d15af1f9d36efa1,6457d543b47cdabe,200,57,28.500000,235.473684,258.924372,0.500000,1.300000,205.383185,2.500000,240.761331,2.947368,3.047619,0.000000,0.716216,0.679487,0.543478,0.533333,200,992,992,32.000000,0,0,16,16,89,89,14,0,424.000000,168,0,0,79,51,0,79,10,3,7,0,10,7,7,3,4,0,0,0,0,69,100,43,143,73,70,0,0,0
840,13000369,50,1,454.355386614491,175.000000000000,39.000000000000,2.458136470657,d39bb52d529aa52b,8d15af1f9d36efa1,803d4c395eebf56a,200,160,80.000000,279.862500,276.829105,0.900000,4.000000,358.473247,2.457672,345.391433,4.431250,2.245416,0.000000,0.330500,0.636364,0.220022,0.142684,200,912,912,32.000000,0,0,16,16,54,54,10,0,350.000000,709,0,0,37,144,0,37,17,12,5,0,17,5,5,4,1,0,0,0,0,20,20,20,40,21,19,0,0,0
841,13000370,50,1,429.111774370596,325.000000000000,35.000000000000,2.180512123906,e1a1c87111bec175,8d15af1f9d36efa1,1649299149595776,200,188,94.000000,408.329787,273.531566,1.000000,6.600000,524.576466,3.057436,522.219395,6.686170,2.338902,0.000000,0.220707,0.640288,0.137268,0.089790,200,1120,1120,32.000000,0,0,16,16,52,52,20,0,356.000000,1257,0,0,32,168,0,32,20,10,10,0,20,10,10,10,0,0,0,0,0,12,0,12,12,12,0,0,0,0
842,13000371,50,1,97.453403521976,325.000000000000,39.000000000000,1.968350720542,ff39f3cf9cb63e84,8d15af1f9d36efa1,1991404f7a17ac53,200,118,59.000000,187.618644,250.067761,0.600000,1.600000,200.495993,2.777778,200.052188,2.677966,2.566456,0.000000,0.503145,0.615385,0.387597,0.217822,200,1000,1000,32.000000,0,0,16,16,36,36,16,2,320.000000,316,0,0,19,106,0,19,16,8,8,0,16,8,8,4,4,0,0,0,0,3,80,2,82,7,75,0,0,0
843,13000372,50,1,436.603104594209,175.000000000000,38.000000000000,2.678959672501,b545ab252fac0284,8d15af1f9d36efa1,e28a31e9129287f9,200,200,100.000000,244.330000,202.655317,1.000000,3.700000,292.426089,2.407460,281.810906,3.770000,2.063660,0.000000,0.301852,0.619772,0.209644,0.110849,200,1272,1272,32.000000,0,0,16,16,40,40,14,0,326.000000,754,0,0,20,180,0,20,20,13,7,0,20,7,7,7,0,0,0,0,0,0,0,0,0,0,0,0,0,0
844,13000373,50,1,126.940922579387,175.000000000000,36.000000000000,2.475456197187,e664a1f7dcb14f1c,8d15af1f9d36efa1,e742074f1f101d22,200,176,88.000000,204.789773,212.700608,0.900000,2.900000,251.727177,3.683333,246.422170,3.204545,3.666667,0.000000,0.359091,0.612403,0.261780,0.129630,200,1232,1232,32.000000,0,0,16,16,41,41,2,0,316.000000,564,0,0,23,158,0,23,19,18,1,0,19,1,1,0,1,0,0,0,0,4,20,4,24,5,19,0,0,0
845,13000374,50,1,392.837472069225,325.000000000000,42.000000000000,1.770806914036,58919b9dee9c02d1,8d15af1f9d36efa1,9aa9c200c57fc64d,200,192,96.000000,323.072917,276.650106,1.000000,5.100000,406.491546,2.270833,404.653519,5.244792,2.013903,0.000000,0.251301,0.628253,0.165700,0.095238,200,912,912,32.000000,0,0,16,16,48,48,10,0,338.000000,1007,0,0,28,172,0,28,20,15,5,0,20,5,5,5,0,0,0,0,0,8,0,8,8,8,0,0,0,0
846,13000375,50,1,397.625264912087,75.000000000000,23.000000000000,2.434823030743,dc4b51b08d02e8a5,8d15af1f9d36efa1,c187251dcd194c2d,200,140,70.000000,298.207143,291.069072,1.000000,5.300000,408.784751,2.416667,331.960246,4.207143,2.329372,0.000000,0.420846,0.681529,0.253485,0.249682,200,1032,1032,32.000000,0,0,16,16,94,94,8,8,428.000000,589,0,0,75,125,0,75,15,11,4,0,15,4,4,4,0,0,0,0,0,60,0,60,60,60,0,0,0,0
847,13000376,50,1,48.810880008500,175.000000000000,43.000000000000,1.855470511176,73f6e4c5d5daca99,8d15af1f9d36efa1,d30d08abe2d3f79d,200,186,93.000000,250.139785,241.447106,1.000000,4.000000,317.108441,2.366905,299.968214,3.854839,2.373780,0.000000,0.325494,0.633700,0.218103,0.137184,200,960,960,32.000000,0,0,16,16,52,52,10,0,346.000000,717,0,0,33,167,0,33,19,14,5,0,19,5,5,5,0,0,0,0,0,14,0,14,14,14,0,0,0,0
848,13000377,50,1,4.776910084243,75.000000000000,31.000000000000,2.073672200889,5467d73fab8b4ab8,8d15af1f9d36efa1,adbc2eac38f6706,200,122,61.000000,292.483607,284.921562,0.900000,4.500000,386.345169,2.667857,340.802147,4.565574,2.337522,0.000000,0.433943,0.681021,0.264201,0.260292,200,1056,1056,31.000000,0,0,16,15,88,88,20,0,427.000000,557,0,0,73,108,0,73,15,5,10,0,15,10,10,9,1,0,0,0,0,58,20,58,78,59,19,0,0,0
849,13000378,50,1,64.866509818403,425.000000000000,34.000000000000,1.571736399897,a16d0ff106d16533,8d15af1f9d36efa1,22c629b5217e9125,200,78,39.000000,355.000000,288.704966,0.600000,2.800000,369.667887,2.416667,433.116035,5.282051,2.449029,0.000000,0.522042,0.692308,0.326797,0.346032,200,1000,1000,32.000000,0,0,16,16,102,102,14,0,450.000000,412,0,0,91,70,0,91,11,4,7,0,11,7,7,4,3,0,0,0,0,80,80,42,122,83,39,0,0,0
850,13000379,50,1,478.774534542513,325.000000000000,41.000000000000,2.668627217006,b2410155d3bc8654,8d15af1f9d36efa1,9a6fc300c54e4fb9,200,57,28.500000,197.824561,296.940719,0.300000,0.900000,222.306725,2.222222,217.360248,3.105263,2.468927,0.000000,0.660269,0.632353,0.530504,0.387543,200,1104,1104,32.000000,0,0,16,16,47,47,18,0,344.000000,177,0,0,34,51,0,34,13,4,9,0,13,9,9,2,7,0,0,0,0,21,140,3,143,28,115,0,0,0
851,13000380,50,1,67.938244297320,325.000000000000,33.000000000000,2.425620472537,f2a9a5e6c8ceea32,8d15af1f9d36efa1,440447e5c4da980e,200,129,64.500000,323.968992,264.758774,0.700000,4.000000,430.500584,2.248810,409.121393,5.589147,2.216366,0.000000,0.331789,0.641577,0.217155,0.148760,200,864,864,32.000000,0,0,16,16,58,58,10,0,358.000000,721,0,0,41,115,0,41,17,12,5,0,17,5,5,2,3,0,0,0,0,24,60,11,71,27,44,0,0,0
852,13000381,50,1,444.634516283573,75.000000000000,38.000000000000,1.526768706551,47400bd2f5d3f565,8d15af1f9d36efa1,59d5cce8cde96f2a,200,141,70.500000,277.170213,261.989378,0.800000,3.500000,344.515244,3.553571,302.711608,4.070922,3.041812,0.000000,0.407025,0.663300,0.258398,0.220109,200,1128,1128,32.000000,0,0,16,16,75,75,12,6,394.000000,574,0,0,55,126,0,55,17,11,6,0,17,6,6,4,2,0,0,0,0,38,40,19,59,40,19,0,0,0
853,13000382,50,1,276.275886051281,175.000000000000,28.000000000000,2.279993261611,76a4d20e5478a3b2,8d15af1f9d36efa1,982b26968e054720,200,141,70.500000,399.524823,232.206032,1.000000,7.300000,564.381327,2.396548,537.354734,7.134752,2.179920,0.000000,0.287030,0.669421,0.165837,0.147458,200,936,936,31.000000,0,0,16,15,85,85,4,4,405.000000,1006,0,0,71,129,0,71,12,10,2,0,12,2,2,2,0,0,0,0,0,59,0,59,59,59,0,0,0,0
854,13000383,50,1,497.750022326330,425.000000000000,38.000000000000,2.224492315535,4ab6db68aab6c1a0,8d15af1f9d36efa1,b607564fd2de2218,200,128,64.000000,280.570312,240.693270,0.900000,4.000000,327.309458,2.493563,318.223725,4.453125,2.133333,0.000000,0.429429,0.682035,0.259740,0.257812,200,1016,1016,31.000000,0,0,16,15,91,91,16,12,429.000000,570,0,0,71,115,0,71,14,6,8,0,14,8,8,7,1,0,0,0,0,57,20,52,72,58,14,0,0,0
855,13000384,50,1,38.884800831373,425.000000000000,33.000000000000,1.794459964124,d096a780a2820713,8d15af1f9d36efa1,6237c91792aee7ff,200,170,85.000000,306.576471,258.388423,1.000000,4.800000,362.404020,2.244524,361.831162,4.905882,2.226619,0.000000,0.310744,0.652778,0.193424,0.147239,200,960,960,32.000000,0,0,16,16,67,67,10,2,376.000000,834,0,0,48,152,0,48,18,13,5,0,18,5,5,5,0,0,0,0,0,30,0,30,30,30,0,0,0,0
856,13000385,50,1,61.026226424900,325.000000000000,41.000000000000,2.320065927458,6f1b96bcf90d4734,8d15af1f9d36efa1,a1c1214e0d77e30f,200,200,100.000000,446.015000,359.223487,1.000000,7.500000,616.331766,2.284127,575.804725,7.500000,2.186667,0.000000,0.183007,0.626866,0.117647,0.064838,200,936,936,32.000000,0,0,16,16,41,41,22,2,336.000000,1500,0,0,20,180,0,20,20,9,11,0,20,11,11,11,0,0,0,0,0,0,0,0,0,0,0,0,0,0
857,13000386,50,1,437.434021843952,425.000000000000,27.000000000000,1.839709745934,493ad38f976c75d1,8d15af1f9d36efa1,d8b15bd4a39fc9cb,200,119,59.500000,354.327731,381.857274,0.700000,3.800000,435.775092,2.745918,418.451659,5.411765,2.495342,0.000000,0.367387,0.651568,0.236967,0.180662,200,1016,1016,32.000000,0,0,16,16,57,57,28,2,374.000000,644,0,0,41,107,0,41,15,1,14,0,15,14,14,11,3,0,0,0,0,26,60,21,81,29,52,0,0,0
858,13000387,50,1,355.785810897323,325.000000000000,35.000000000000,2.571129964160,98cbe2e8659adc88,8d15af1f9d36efa1,9a12e0e9a3bc18b,200,177,88.500000,231.384181,238.673126,1.000000,3.700000,287.104420,2.990714,272.211814,3.542373,2.800638,0.000000,0.366026,0.644128,0.241838,0.171731,200,1112,1112,32.000000,0,0,16,16,63,63,4,0,362.000000,627,0,0,43,157,0,43,20,18,2,0,20,2,2,2,0,0,0,0,0,23,0,23,23,23,0,0,0,0
859,13000388,50,1,101.147832355538,175.000000000000,35.000000000000,2.485671496680,7e3ee5e21b744cc8,8d15af1f9d36efa1,f2f0169e920e95c8,200,193,96.500000,298.725389,272.022331,1.000000,5.300000,390.983626,1.969008,380.694284,5.165803,2.033099,0.000000,0.248681,0.622642,0.167084,0.089498,200,984,984,32.000000,0,0,16,16,45,45,8,0,330.000000,997,0,0,26,174,0,26,19,15,4,0,19,4,4,4,0,0,0,0,0,7,0,7,7,7,0,0,0,0
860,13000389,50,1,67.534011933678,425.000000000000,32.000000000000,2.009017881566,170c3c06450e5e87,8d15af1f9d36efa1,c35e7ba2267047b0,200,186,93.000000,265.930108,225.580413,1.000000,4.400000,330.129281,2.201667,314.291618,4.317204,2.204234,0.000000,0.299913,0.632353,0.199402,0.122404,200,912,912,32.000000,0,0,16,16,50,50,12,0,344.000000,803,0,0,32,168,0,32,18,12,6,0,18,6,6,6,0,0,0,0,0,14,0,14,14,14,0,0,0,0
861,13000390,50,1,309.056583236792,75.000000000000,20.000000000000,2.293328018306,5a51cb1feb9a6ffa,8d15af1f9d36efa1,2036a72bfabfa0dd,200,159,79.500000,272.408805,241.051933,1.000000,4.700000,366.402446,2.593333,312.434442,4.088050,2.450769,0.000000,0.375000,0.661017,0.235294,0.195545,200,1128,1128,32.000000,0,0,16,16,73,73,12,0,390.000000,650,0,0,57,143,0,57,16,10,6,0,16,6,6,6,0,0,0,0,0,41,0,41,41,41,0,0,0,0
862,13000391,50,1,210.553844535352,325.000000000000,30.000000000000,1.966230180171,d13aed8dc0cd985a,8d15af1f9d36efa1,9a843d00c55fc811,200,177,88.500000,324.418079,258.502092,0.900000,5.000000,386.779225,1.857716,390.194776,5.587571,1.777553,0.000000,0.252457,0.625468,0.168209,0.093492,200,768,768,32.000000,0,0,16,16,43,43,16,2,334.000000,989,0,0,23,159,0,23,19,11,8,0,19,8,8,7,1,0,0,0,0,4,20,3,23,5,18,0,0,0
863,13000392,50,1,268.927779278827,425.000000000000,23.000000000000,1.798688694225,e6f23351c2e7e0ee,8d15af1f9d36efa1,96c23cea6ac21fcb,200,100,50.000000,246.510000,257.457573,0.500000,2.100000,304.957651,2.045000,304.485132,4.200000,2.000000,0.000000,0.461538,0.642857,0.322581,0.233577,200,960,960,32.000000,0,0,16,16,58,58,12,0,360.000000,420,0,0,45,90,0,45,14,8,6,0,14,6,6,2,4,0,0,0,0,31,100,0,100,35,65,0,0,0
864,13000393,50,1,155.087148372515,425.000000000000,26.000000000000,2.364114817414,af88a32c4d7fb24e,8d15af1f9d36efa1,4557bc4f9304efbe,200,126,63.000000,253.468254,219.721627,0.900000,3.400000,288.810977,2.187302,303.755458,3.944444,2.442656,0.000000,0.448391,0.668874,0.286944,0.257100,200,896,896,32.000000,0,0,16,16,82,82,8,0,404.000000,497,0,0,69,114,0,69,13,9,4,0,13,4,4,3,1,0,0,0,0,56,20,54,74,57,17,0,0,0
865,13000394,50,1,53.913316730087,75.000000000000,35.000000000000,1.875460066532,c6a2998c3e8adc77,8d15af1f9d36efa1,abf46099b7c08e7f,200,139,69.500000,426.431655,327.777478,1.000000,7.400000,578.097223,1.560469,530.383578,6.870504,1.698429,0.000000,0.310469,0.682540,0.173160,0.171726,200,1032,1032,32.000000,0,0,16,16,90,90,18,2,430.000000,955,0,0,75,125,0,75,14,5,9,0,14,9,9,9,0,0,0,0,0,61,0,61,61,61,0,0,0,0
866,13000395,50,1,40.269811887828,325.000000000000,45.000000000000,2.066477176693,e2fde5d7e56761be,8d15af1f9d36efa1,e2d1cee30bd4755e,200,131,65.500000,284.641221,306.193151,0.700000,2.900000,309.100661,2.034014,336.192651,4.465649,2.131624,0.000000,0.367568,0.629630,0.254777,0.155844,200,832,832,32.000000,0,0,16,16,46,46,16,0,340.000000,585,0,0,29,117,0,29,17,9,8,0,17,8,8,5,3,0,0,0,0,12,60,9,69,15,54,0,0,0
867,13000396,50,1,13.915972698734,425.000000000000,36.000000000000,2.017517309926,36e2352ad81f5d8a,8d15af1f9d36efa1,9af46500c5bf13c0,200,111,55.500000,186.945946,175.143542,0.800000,1.900000,170.504842,2.194444,166.906098,2.297297,2.745098,0.000000,0.624448,0.679487,0.439560,0.429530,200,1320,1320,32.000000,0,0,16,16,88,88,16,0,424.000000,255,0,0,73,98,0,73,15,7,8,0,15,8,8,6,2,0,0,0,0,58,40,49,89,60,29,0,0,0
868,13000397,50,1,362.372302949272,425.000000000000,18.000000000000,2.669243750088,267e1395cc1f5155,8d15af1f9d36efa1,e557de4f5c70f6dc,200,176,88.000000,239.625000,152.702531,1.000000,3.800000,287.023021,2.540606,280.507806,3.954545,2.149425,0.000000,0.340909,0.642857,0.223214,0.155340,200,1112,1112,32.000000,0,0,16,16,60,60,8,0,360.000000,696,0,0,42,158,0,42,18,14,4,0,18,4,4,4,0,0,0,0,0,24,0,24,24,24,0,0,0,0
869,13000398,50,1,384.636248696232,75.000000000000,31.000000000000,2.411902251034,bc60e3257fbc1c91,8d15af1f9d36efa1,f8529bd6a1c88c8,200,137,68.500000,238.226277,237.313649,0.800000,2.700000,254.807151,2.429167,272.866439,3.656934,2.365269,0.000000,0.427429,0.651568,0.285307,0.220840,200,944,944,32.000000,0,0,16,16,68,68,6,8,374.000000,501,0,0,48,122,0,48,17,14,3,0,17,3,3,1,2,0,0,0,0,31,40,23,63,33,30,0,0,0
870,13000399,50,1,138.920228146118,175.000000000000,32.000000000000,2.448154154639,e3e67cbfc38426d3,8d15af1f9d36efa1,168f0825dae3cf6a,200,70,35.000000,287.828571,313.383668,0.400000,1.900000,358.542194,2.458333,365.459053,5.000000,2.008571,0.000000,0.491279,0.628253,0.363636,0.232456,200,848,848,32.000000,0,0,16,16,45,45,16,0,338.000000,350,0,0,32,63,0,32,13,5,8,0,13,8,8,2,6,0,0,0,0,19,120,10,130,25,105,0,0,0
871,13000400,50,1,194.243181313295,175.000000000000,29.000000000000,1.636262169441,a18c11e187278110,8d15af1f9d36efa1,f95b5497b59288e0,200,198,99.000000,208.919192,216.197738,1.000000,3.300000,235.425315,3.410000,243.995435,3.484848,2.710145,0.000000,0.314115,0.612403,0.224719,0.108527,200,1072,1072,32.000000,0,0,16,16,42,42,0,0,316.000000,690,0,0,22,178,0,22,20,20,0,0,20,0,0,0,0,0,0,0,0,2,0,2,2,2,0,0,0,0
872,13000401,50,1,191.945727801670,75.000000000000,25.000000000000,1.530275586396,acd0fe5d1c8ecd37,8d15af1f9d36efa1,5cac17e3510379a9,200,106,53.000000,177.443396,234.066695,0.700000,2.100000,237.396229,4.171429,203.868972,2.622642,3.784173,0.000000,0.564263,0.642857,0.418410,0.315271,200,1352,1352,32.000000,0,0,16,16,61,61,6,0,360.000000,278,0,0,48,96,0,48,13,10,3,0,13,3,3,0,3,0,0,0,0,35,60,34,94,38,56,0,0,0
873,13000402,50,1,373.329394533223,75.000000000000,28.000000000000,2.183149738743,930a6f5a6997ec04,8d15af1f9d36efa1,176b11d346278cdf,200,140,70.000000,227.171429,294.907033,0.800000,3.500000,343.822693,2.082738,280.933648,3.571429,2.094000,0.000000,0.436937,0.659864,0.285714,0.237805,200,888,888,32.000000,0,0,16,16,76,76,4,8,388.000000,500,0,0,57,126,0,57,15,13,2,0,15,2,2,1,1,0,0,0,0,42,40,20,60,43,17,0,0,0
874,13000403,50,1,309.839787611460,75.000000000000,25.000000000000,2.140168635627,f7de78e36545a051,8d15af1f9d36efa1,9a9c0e00c5740a15,200,128,64.000000,389.046875,266.723346,1.000000,5.700000,448.106394,3.204762,469.835753,6.031250,3.023316,0.000000,0.369281,0.693252,0.205761,0.221774,200,1264,1264,32.000000,0,0,16,16,99,99,22,2,452.000000,772,0,0,85,115,0,85,13,2,11,0,13,11,11,11,0,0,0,0,0,72,0,72,72,72,0,0,0,0
875,13000404,50,1,366.433579747623,75.000000000000,23.000000000000,2.191805483711,1d4b85d86f945540,8d15af1f9d36efa1,876718ce3c6a0fa9,200,139,69.500000,464.251799,357.238645,0.900000,6.500000,587.573468,2.290833,574.477971,7.633094,2.098963,0.000000,0.280678,0.674267,0.158604,0.146420,200,856,856,32.000000,0,0,16,16,78,78,26,2,414.000000,1061,0,0,61,124,0,61,16,3,13,0,16,13,13,12,1,0,0,0,0,45,20,41,61,46,15,0,0,0
876,13000405,50,1,67.465539066164,325.000000000000,29.000000000000,2.935817582515,7c4e8d6580f43725,8d15af1f9d36efa1,fb67a9df9efda274,200,180,90.000000,312.366667,262.371696,1.000000,5.600000,394.523931,2.177976,394.917244,5.605556,2.343905,0.000000,0.257542,0.636364,0.165426,0.104703,200,936,936,32.000000,0,0,16,16,56,56,6,0,350.000000,1009,0,0,38,162,0,38,18,15,3,0,18,3,3,3,0,0,0,0,0,20,0,20,20,20,0,0,0,0
877,13000406,50,1,241.739583395579,175.000000000000,25.000000000000,2.180462159617,8fb0622c518cd994,8d15af1f9d36efa1,7883321a5130ec6e,200,158,79.000000,402.740506,326.671891,1.000000,6.700000,538.392852,2.070574,537.586440,6.708861,1.991509,0.000000,0.261838,0.652778,0.158730,0.119601,200,1000,1000,32.000000,0,0,16,16,70,70,4,0,376.000000,1060,0,0,56,144,0,56,14,12,2,0,14,2,2,2,0,0,0,0,0,42,0,42,42,42,0,0,0,0
878,13000407,50,1,462.510793929657,425.000000000000,25.000000000000,2.914615417908,a63cd2f27975b978,8d15af1f9d36efa1,9a7a3000c5575d75,200,127,63.500000,328.440945,274.568713,1.000000,5.200000,401.367408,2.808413,381.753986,5.039370,2.315625,0.000000,0.409594,0.689441,0.238095,0.248826,200,1048,1048,32.000000,0,0,16,16,97,97,18,0,444.000000,640,0,0,85,115,0,85,12,3,9,0,12,9,9,9,0,0,0,0,0,73,0,73,73,73,0,0,0,0
879,13000408,50,1,18.363160505031,75.000000000000,30.000000000000,2.836126303860,a2d700b2feac9baa,8d15af1f9d36efa1,28a529c3961684d5,200,145,72.500000,317.593103,276.124862,1.000000,4.300000,335.358551,2.967500,351.148088,4.634483,2.745536,0.000000,0.396768,0.688474,0.229358,0.238095,200,1192,1192,32.000000,0,0,16,16,94,94,22,10,442.000000,672,0,0,72,128,0,72,17,6,11,0,17,11,11,11,0,0,0,0,0,55,0,55,55,55,0,0,0,0
880,13000409,50,1,66.582986029802,75.000000000000,40.000000000000,1.522440898504,ba38e90209afdc5a,8d15af1f9d36efa1,9aa9af00c57fa604,200,152,76.000000,227.947368,225.633192,1.000000,3.200000,262.229519,3.113333,257.479048,3.335526,2.690335,0.000000,0.450704,0.675325,0.282885,0.266281,200,1088,1088,32.000000,0,0,16,16,87,87,10,18,416.000000,507,0,0,63,137,0,63,15,10,5,0,15,5,5,5,0,0,0,0,0,48,0,48,48,48,0,0,0,0
881,13000410,50,1,159.025254518720,325.000000000000,32.000000000000,1.953234456688,79c0bbfcc79ec306,8d15af1f9d36efa1,27b03eedf9ffd209,200,80,40.000000,205.800000,274.589732,0.400000,1.200000,244.425091,4.783333,242.578249,3.000000,4.333333,0.000000,0.555556,0.600000,0.454545,0.220779,200,1144,1144,32.000000,0,0,16,16,28,28,12,0,300.000000,240,0,0,14,72,0,14,14,8,6,0,14,6,6,0,6,0,0,0,0,0,120,0,120,6,114,0,0,0
882,13000411,50,1,235.254634009377,175.000000000000,25.000000000000,1.650903449622,ade25bd419cabef9,8d15af1f9d36efa1,37efa4c55618eb20,200,187,93.500000,262.898396,239.770140,1.000000,4.100000,318.819426,2.564444,314.187291,4.090909,2.630065,0.000000,0.306437,0.628253,0.207254,0.121699,200,1064,1064,32.000000,0,0,16,16,51,51,4,0,338.000000,765,0,0,32,168,0,32,19,17,2,0,19,2,2,2,0,0,0,0,0,13,0,13,13,13,0,0,0,0
883,13000412,50,1,166.875069354653,425.000000000000,20.000000000000,2.669870912011,d1b130904fd0600e,8d15af1f9d36efa1,a71d6b1a0aa642b1,200,80,40.000000,246.375000,329.185771,0.400000,1.700000,285.864417,2.212500,285.205881,4.250000,1.941176,0.000000,0.487952,0.618321,0.370370,0.212963,200,872,872,32.000000,0,0,16,16,36,36,20,0,324.000000,340,0,0,22,72,0,22,14,4,10,0,14,10,10,4,6,0,0,0,0,8,120,0,120,14,106,0,0,0
884,13000413,50,1,355.053815263399,75.000000000000,29.000000000000,2.615279133537,f969d9faca8163a9,8d15af1f9d36efa1,28d878cee21ec399,200,73,36.500000,292.849315,294.397155,0.400000,1.700000,328.075423,3.804167,336.331508,4.547945,3.183735,0.000000,0.565445,0.683544,0.375940,0.375940,200,1152,1152,32.000000,0,0,16,16,96,96,8,4,432.000000,332,0,0,84,66,0,84,11,7,4,0,11,4,4,0,4,0,0,0,0,73,120,7,127,77,50,0,0,0
885,13000414,50,1,106.405375604341,425.000000000000,24.000000000000,2.634304917921,214d9a4c649f4113,8d15af1f9d36efa1,e59bc34f5caa95c7,200,143,71.500000,286.181818,250.088650,1.000000,4.400000,336.274062,3.213571,337.035178,4.440559,2.990551,0.000000,0.399243,0.678457,0.239521,0.230303,200,1080,1080,32.000000,0,0,16,16,90,90,10,2,422.000000,635,0,0,73,127,0,73,16,11,5,0,16,5,5,5,0,0,0,0,0,57,0,57,57,57,0,0,0,0
886,13000415,50,1,443.292373649854,425.000000000000,37.000000000000,2.022828436981,55eec87473d448ec,8d15af1f9d36efa1,629a38ca3f8a779a,200,166,83.000000,191.210843,199.341990,1.000000,2.700000,222.670739,3.975000,222.988635,2.746988,3.804825,0.000000,0.446602,0.647887,0.304878,0.229730,200,1528,1528,32.000000,0,0,16,16,68,68,0,0,368.000000,456,0,0,51,149,0,51,17,17,0,0,17,0,0,0,0,0,0,0,0,34,0,34,34,34,0,0,0,0
887,13000416,50,1,253.900886508456,175.000000000000,27.000000000000,1.906186798984,365cebeedda2cb63,8d15af1f9d36efa1,78de09080ca5847d,200,173,86.500000,398.150289,328.225580,0.900000,6.200000,529.951688,2.418579,501.589568,7.040462,2.442529,0.000000,0.218228,0.629630,0.141044,0.081448,200,984,984,32.000000,0,0,16,16,46,46,16,6,340.000000,1218,0,0,25,156,0,25,18,10,8,0,18,8,8,7,1,0,0,0,0,7,20,7,27,8,19,0,0,0
888,13000417,50,1,78.897685726099,75.000000000000,30.000000000000,2.151301605613,efa34405540b6ba1,8d15af1f9d36efa1,d0a903916003bab2,200,139,69.500000,381.539568,308.632313,1.000000,5.000000,396.129203,2.360476,457.324446,6.172662,1.996503,0.000000,0.335913,0.684543,0.189036,0.190566,200,936,936,32.000000,0,0,16,16,90,90,22,2,434.000000,858,0,0,75,125,0,75,14,3,11,0,14,11,11,11,0,0,0,0,0,61,0,61,61,61,0,0,0,0
889,13000418,50,1,334.726547841194,425.000000000000,31.000000000000,2.050474762854,b30b2b468cc38454,8d15af1f9d36efa1,a0af584f35bbee2a,200,158,79.000000,264.556962,239.410232,1.000000,4.200000,306.342043,1.988095,311.271923,4.183544,2.113464,0.000000,0.372270,0.662162,0.232288,0.194884,200,1120,1120,32.000000,0,0,16,16,74,74,12,0,392.000000,661,0,0,58,142,0,58,16,10,6,0,16,6,6,6,0,0,0,0,0,42,0,42,42,42,0,0,0,0
890,13000419,50,1,278.357399465903,325.000000000000,24.000000000000,1.888637391527,44d46d8cafcb9b14,8d15af1f9d36efa1,6c95508e26be6a45,200,120,60.000000,296.116667,344.481531,0.600000,2.600000,358.392310,3.313492,366.402078,4.333333,3.000000,0.000000,0.370460,0.604743,0.277778,0.124579,200,1040,1040,32.000000,0,0,16,16,32,32,10,0,306.000000,520,0,0,16,108,0,16,16,11,5,0,16,5,5,1,4,0,0,0,0,0,80,0,80,4,76,0,0,0
891,13000420,50,1,222.162947961915,75.000000000000,25.000000000000,1.738500410089,62bbe6d0beeab60,8d15af1f9d36efa1,349f2b111b77f927,200,144,72.000000,321.756944,287.127677,1.000000,5.100000,402.006503,2.728333,378.021860,4.965278,2.646154,0.000000,0.368932,0.676375,0.218579,0.206437,200,1032,1032,32.000000,0,0,16,16,88,88,10,0,418.000000,715,0,0,72,128,0,72,16,11,5,0,16,5,5,5,0,0,0,0,0,56,0,56,56,56,0,0,0,0
892,13000421,50,1,220.925440600377,325.000000000000,39.000000000000,1.552922600841,4db520c654915425,8d15af1f9d36efa1,4e12374f97fb619c,200,193,96.500000,188.440415,206.649390,1.000000,3.000000,232.438558,3.376667,218.761162,2.927461,3.366372,0.000000,0.363021,0.616858,0.261438,0.137405,200,1336,1336,32.000000,0,0,16,16,45,45,0,0,322.000000,565,0,0,26,174,0,26,19,19,0,0,19,0,0,0,0,0,0,0,0,7,0,7,7,7,0,0,0,0
893,13000422,50,1,188.646318678580,325.000000000000,20.000000000000,1.526715505859,8db4b163908bcf2d,8d15af1f9d36efa1,9d223517ec76a00d,200,125,62.500000,271.920000,327.046579,0.800000,3.700000,340.942104,2.732292,344.851568,4.744000,2.433390,0.000000,0.379058,0.644128,0.252207,0.179806,200,1032,1032,32.000000,0,0,16,16,61,61,8,0,362.000000,593,0,0,48,114,0,48,13,9,4,0,13,4,4,2,2,0,0,0,0,35,40,35,75,37,38,0,0,0
894,13000423,50,1,52.201925645200,425.000000000000,30.000000000000,2.879031075007,789997ed0a10ad0b,8d15af1f9d36efa1,51458431cd905bed,200,127,63.500000,278.330709,265.133709,0.900000,3.600000,315.339762,2.861111,320.379499,4.023622,2.726027,0.000000,0.443961,0.671053,0.281294,0.256186,200,1072,1072,32.000000,0,0,16,16,82,82,12,0,408.000000,511,0,0,68,114,0,68,14,8,6,0,14,6,6,5,1,0,0,0,0,54,20,53,73,55,18,0,0,0
895,13000424,50,1,41.998039737723,75.000000000000,35.000000000000,2.030229442696,393e06a6324ca0e1,8d15af1f9d36efa1,a2c9b5d499d3415e,200,142,71.000000,275.950704,204.139755,1.000000,3.600000,283.346098,2.256667,306.696383,3.880282,2.499093,0.000000,0.433710,0.678457,0.266312,0.256410,200,1064,1064,32.000000,0,0,16,16,90,90,10,4,422.000000,551,0,0,73,127,0,73,15,10,5,0,15,5,5,5,0,0,0,0,0,58,0,58,58,58,0,0,0,0
896,13000425,50,1,215.029338285339,325.000000000000,31.000000000000,2.029247280891,f43d14f68639cb3e,8d15af1f9d36efa1,1aa92797a6d50fa,200,200,100.000000,271.005000,269.690758,1.000000,4.400000,352.341222,2.985000,343.523625,4.400000,2.750000,0.000000,0.261745,0.609375,0.185185,0.083333,200,1104,1104,32.000000,0,0,16,16,40,40,0,0,312.000000,880,0,0,20,180,0,20,20,20,0,0,20,0,0,0,0,0,0,0,0,0,0,0,0,0,0,0,0,0
897,13000426,50,1,412.444549316409,425.000000000000,26.000000000000,2.584949505835,17f5d23f26dd6ff0,8d15af1f9d36efa1,a146db2863f92941,200,133,66.500000,222.248120,271.847413,0.800000,2.800000,267.981914,3.266667,262.211400,3.533835,2.797872,0.000000,0.461009,0.667774,0.298507,0.265625,200,1048,1048,32.000000,0,0,16,16,82,82,6,0,402.000000,470,0,0,67,119,0,67,15,12,3,0,15,3,3,2,1,0,0,0,0,52,40,27,67,53,14,0,0,0
898,13000427,50,1,316.969534301388,325.000000000000,15.000000000000,2.664088190411,2db15f4b6620db6f,8d15af1f9d36efa1,677d17d1e2db8c18,200,140,70.000000,189.178571,243.215834,0.700000,2.000000,214.322927,4.285714,211.687672,2.857143,3.482500,0.000000,0.433428,0.604743,0.333333,0.156118,200,1376,1376,32.000000,0,0,16,16,34,34,6,0,306.000000,400,0,0,17,126,0,17,17,14,3,0,17,3,3,0,3,0,0,0,0,0,60,0,60,3,57,0,0,0
899,13000428,50,1,198.763976838242,175.000000000000,32.000000000000,1.593481697726,f428555062dbf585,8d15af1f9d36efa1,71ac8a5f2483990b,200,178,89.000000,244.393258,263.091292,0.900000,3.400000,309.520431,3.053704,306.847359,3.752809,3.000000,0.000000,0.321138,0.612403,0.230415,0.111702,200,1040,1040,32.000000,0,0,16,16,41,41,2,2,316.000000,668,0,0,21,160,0,21,19,18,1,0,19,1,1,0,1,0,0,0,0,2,20,2,22,3,19,0,0,0
900,13000429,50,1,389.525219396489,75.000000000000,31.000000000000,1.988809005549,c90b2fd5cac8da19,8d15af1f9d36efa1,52e27184e1bb4e7e,200,75,37.500000,213.213333,254.295656,0.600000,2.100000,284.012852,2.616667,220.164298,2.866667,2.558140,0.000000,0.641068,0.657534,0.481928,0.414169,200,968,968,32.000000,0,0,16,16,70,70,12,2,384.000000,215,0,0,57,67,0,57,12,6,6,0,12,6,6,2,4,0,0,0,0,45,80,45,125,49,76,0,0,0
901,13000430,50,1,67.293716094254,325.000000000000,32.000000000000,2.786645762662,d10e4e962de197f2,8d15af1f9d36efa1,9316a84fbefea54c,200,115,57.500000,204.321739,269.140606,0.700000,2.600000,260.945101,2.542857,240.186218,3.504348,2.315136,0.000000,0.471822,0.642857,0.331675,0.241055,200,976,976,32.000000,0,0,16,16,60,60,8,0,360.000000,403,0,0,46,104,0,46,14,10,4,0,14,4,4,1,3,0,0,0,0,32,60,25,85,35,50,0,0,0
902,13000431,50,1,117.009265602445,425.000000000000,24.000000000000,2.604874765799,40a1f9ccf0932b7d,8d15af1f9d36efa1,9acf1200c59f6a7a,200,164,82.000000,246.250000,233.997578,1.000000,3.400000,279.005189,2.930952,301.580599,3.774390,2.920840,0.000000,0.376636,0.651568,0.244200,0.186597,200,992,992,32.000000,0,0,16,16,68,68,6,0,374.000000,619,0,0,52,148,0,52,16,13,3,0,16,3,3,3,0,0,0,0,0,36,0,36,36,36,0,0,0,0
903,13000432,50,1,189.873532444442,325.000000000000,34.000000000000,1.703906335345,d9e29e3f47d924b1,8d15af1f9d36efa1,310c4746369504b,200,80,40.000000,242.212500,317.233630,0.400000,1.700000,309.673598,2.041071,299.638697,4.250000,2.294118,0.000000,0.470405,0.601594,0.370370,0.170732,200,832,832,32.000000,0,0,16,16,29,29,12,2,302.000000,340,0,0,14,72,0,14,14,8,6,0,14,6,6,0,6,0,0,0,0,0,120,0,120,6,114,0,0,0
904,13000433,50,1,237.891038723104,425.000000000000,23.000000000000,1.886228772500,e8978ec7ec0d6dee,8d15af1f9d36efa1,a363a3789d66f189,200,159,79.500000,242.509434,256.395404,0.900000,3.300000,282.463219,2.391534,288.676075,3.754717,2.480737,0.000000,0.366914,0.633700,0.250941,0.160338,200,936,936,32.000000,0,0,16,16,54,54,6,2,346.000000,597,0,0,37,144,0,37,16,13,3,0,16,3,3,2,1,0,0,0,0,21,20,21,41,22,19,0,0,0
905,13000434,50,1,288.403684374157,325.000000000000,29.000000000000,2.247537649673,c1824b6d5b47be,8d15af1f9d36efa1,d3705ea38937af5e,200,160,80.000000,246.781250,283.657885,0.800000,3.300000,299.460868,2.677083,294.537869,4.125000,2.333333,0.000000,0.318182,0.606299,0.232558,0.103261,200,1024,1024,32.000000,0,0,16,16,36,36,4,0,308.000000,660,0,0,18,144,0,18,18,16,2,0,18,2,2,0,2,0,0,0,0,0,40,0,40,2,38,0,0,0
906,13000435,50,1,384.859744244172,75.000000000000,30.000000000000,1.808543608847,220912253b05ad9b,8d15af1f9d36efa1,9a91b400c56b1ca2,200,126,63.000000,298.269841,281.842159,0.800000,4.000000,365.248559,1.939236,356.345517,4.785714,1.887231,0.000000,0.408243,0.675325,0.249066,0.233799,200,976,976,32.000000,0,0,16,16,83,83,18,6,416.000000,603,0,0,67,114,0,67,13,4,9,0,13,9,9,8,1,0,0,0,0,54,40,34,74,55,19,0,0,0
907,13000436,50,1,342.886694935179,75.000000000000,20.000000000000,2.709829734622,95b9a8e253bc671f,8d15af1f9d36efa1,3229fc92ca796e06,200,130,65.000000,260.361538,276.034666,0.900000,3.900000,328.849865,2.868519,293.282565,4.130769,2.608939,0.000000,0.432946,0.672131,0.271370,0.248951,200,960,960,32.000000,0,0,16,16,80,80,18,0,410.000000,537,0,0,66,117,0,66,14,5,9,0,14,9,9,8,1,0,0,0,0,52,20,50,70,53,17,0,0,0
908,13000437,50,1,354.594775716079,425.000000000000,20.000000000000,2.781625312813,2f4b5c7b70a1a260,8d15af1f9d36efa1,9a19199a6fe15942,200,179,89.500000,289.932961,306.938319,1.000000,5.300000,402.238644,2.335159,371.074587,5.201117,2.216971,0.000000,0.278854,0.642857,0.176835,0.120869,200,888,888,32.000000,0,0,16,16,57,57,14,0,360.000000,931,0,0,39,161,0,39,18,11,7,0,18,7,7,7,0,0,0,0,0,21,0,21,21,21,0,0,0,0
909,13000438,50,1,366.041027027422,425.000000000000,27.000000000000,2.035653704187,3146aa74b9ae53d4,8d15af1f9d36efa1,6639ea90ae6031be,200,56,28.000000,247.464286,273.805967,0.400000,1.500000,299.821522,2.312500,300.223837,4.125000,1.822511,0.000000,0.598261,0.632353,0.464037,0.326531,200,952,952,32.000000,0,0,16,16,49,49,14,0,344.000000,231,0,0,37,50,0,37,12,5,7,0,12,7,7,1,6,0,0,0,0,25,120,24,144,31,113,0,0,0
910,13000439,50,1,404.966898698386,325.000000000000,35.000000000000,2.314455951251,393524794ecbd501,8d15af1f9d36efa1,b3c7f17082042f63,200,160,80.000000,305.943750,259.837017,0.800000,4.100000,407.266634,3.001190,377.573343,5.125000,2.853659,0.000000,0.278169,0.612403,0.196078,0.092920,200,912,912,32.000000,0,0,16,16,36,36,12,0,316.000000,820,0,0,18,144,0,18,18,12,6,0,18,6,6,4,2,0,0,0,0,0,40,0,40,2,38,0,0,0
911,13000440,50,1,392.660902214582,175.000000000000,36.000000000000,1.773910607805,5be7fea421eae9b2,8d15af1f9d36efa1,55f4e5e4c51aeb77,200,135,67.500000,321.148148,309.246070,0.700000,3.600000,379.236074,2.382885,384.312758,5.207407,2.093883,0.000000,0.320773,0.624060,0.221484,0.124533,200,1000,1000,32.000000,0,0,16,16,40,40,20,2,332.000000,703,0,0,22,121,0,22,17,7,10,0,17,10,10,7,3,0,0,0,0,5,60,5,65,8,57,0,0,0
912,13000441,50,1,434.196287108587,175.000000000000,42.000000000000,1.861262240262,78619cfa6c97d055,8d15af1f9d36efa1,edb69eccae3f6c9b,200,200,100.000000,390.905000,304.163183,1.000000,7.400000,524.836356,2.371667,507.595015,7.400000,2.414189,0.000000,0.180963,0.620493,0.119048,0.060914,200,944,944,31.000000,0,0,16,15,40,40,16,0,327.000000,1480,0,0,20,180,0,20,20,12,8,0,20,8,8,8,0,0,0,0,0,0,0,0,0,0,0,0,0,0
913,13000442,50,1,97.155054985267,175.000000000000,41.000000000000,2.292883488810,ad77217c1f749d56,8d15af1f9d36efa1,b4fbdbb4b1fba234,200,190,95.000000,234.531579,240.782080,1.000000,3.600000,284.392486,2.408333,284.476732,3.647368,2.730159,0.000000,0.327837,0.628253,0.223964,0.132666,200,1160,1160,32.000000,0,0,16,16,50,50,6,0,338.000000,693,0,0,30,170,0,30,20,17,3,0,20,3,3,3,0,0,0,0,0,10,0,10,10,10,0,0,0,0
914,13000443,50,1,155.559726335803,75.000000000000,26.000000000000,1.763560036853,c33c5acde8df6ab6,8d15af1f9d36efa1,3f5e27cacc02e28c,200,152,76.000000,321.486842,262.776002,0.900000,4.500000,387.303203,3.188492,387.864901,5.000000,2.752632,0.000000,0.329806,0.651568,0.208333,0.157428,200,1064,1064,32.000000,0,0,16,16,62,62,18,4,374.000000,760,0,0,44,137,0,44,16,7,9,0,16,9,9,8,1,0,0,0,0,28,20,28,48,29,19,0,0,0
915,13000444,50,1,190.688729721938,325.000000000000,27.000000000000,2.127370416253,48360e6452203ce1,8d15af1f9d36efa1,c123e09d4039602a,200,113,56.500000,270.061947,330.172183,0.600000,2.600000,345.050996,2.480159,346.535597,4.415929,2.521042,0.000000,0.385468,0.610136,0.286123,0.141136,200,888,888,31.000000,0,0,16,15,37,37,8,0,313.000000,499,0,0,22,102,0,22,15,11,4,0,15,4,4,0,4,0,0,0,0,7,80,7,87,11,76,0,0,0
916,13000445,50,1,95.187987774264,75.000000000000,32.000000000000,2.186091337799,36336aac69b11ecd,8d15af1f9d36efa1,99eb59eade6ad1eb,200,171,85.500000,292.959064,294.843557,1.000000,4.800000,355.365227,3.281548,346.495551,4.707602,2.591304,0.000000,0.316058,0.650350,0.199005,0.148148,200,1088,1088,32.000000,0,0,16,16,65,65,10,0,372.000000,805,0,0,47,153,0,47,18,13,5,0,18,5,5,5,0,0,0,0,0,29,0,29,29,29,0,0,0,0
917,13000446,50,1,273.064451532233,175.000000000000,24.000000000000,2.195342144165,b1be98f604a99a72,8d15af1f9d36efa1,9a76b900c5545d69,200,200,100.000000,225.015000,207.482544,1.000000,3.500000,262.343175,3.428095,263.585057,3.565000,3.103787,0.000000,0.309777,0.615385,0.219058,0.109863,200,1232,1232,32.000000,0,0,16,16,40,40,8,0,320.000000,713,0,0,20,180,0,20,20,16,4,0,20,4,4,4,0,0,0,0,0,0,0,0,0,0,0,0,0,0
918,13000447,50,1,435.342686810339,325.000000000000,36.000000000000,2.893874847756,f66a8762ad8df018,8d15af1f9d36efa1,a200f64643366d9e,200,140,70.000000,212.421429,196.119304,0.900000,3.000000,255.288670,2.224339,241.463365,3.050000,2.154567,0.000000,0.476716,0.660441,0.318979,0.270085,200,1048,1048,31.000000,0,0,16,15,76,76,6,0,389.000000,427,0,0,60,125,0,60,16,13,3,0,16,3,3,2,1,0,0,0,0,44,20,40,60,45,15,0,0,0
919,13000448,50,1,379.147890330036,175.000000000000,33.000000000000,2.786518683082,6d2a5ad21b7d15dc,8d15af1f9d36efa1,9eaa6e8c39faa5a2,200,193,96.500000,371.430052,259.329979,1.000000,5.800000,488.326465,2.408485,485.456162,5.746114,2.698828,0.000000,0.226099,0.618321,0.152788,0.076603,200,1112,1112,32.000000,0,0,16,16,45,45,2,0,324.000000,1109,0,0,26,174,0,26,19,18,1,0,19,1,1,1,0,0,0,0,0,7,0,7,7,7,0,0,0,0
920,13000449,50,1,1.145471971289,425.000000000000,27.000000000000,2.617358403584,29f499de2435605d,8d15af1f9d36efa1,9b8e2b4cc3efc076,200,138,69.000000,244.565217,252.327913,0.900000,3.500000,281.154200,2.565079,265.142234,3.855072,2.419173,0.000000,0.419847,0.658120,0.273224,0.224490,200,1032,1032,31.000000,0,0,16,15,69,69,16,0,385.000000,532,0,0,56,125,0,56,14,6,8,0,14,8,8,7,1,0,0,0,0,42,20,42,62,43,19,0,0,0
921,13000450,50,1,44.956227253081,325.000000000000,36.000000000000,2.915548211495,43623800f31bc013,8d15af1f9d36efa1,9a98b400c5713b50,200,192,96.000000,193.416667,184.623912,1.000000,2.800000,206.915681,2.770000,214.101852,2.828125,2.727440,0.000000,0.380844,0.625468,0.269179,0.158140,200,1088,1088,32.000000,0,0,16,16,48,48,6,0,334.000000,543,0,0,28,172,0,28,20,17,3,0,20,3,3,3,0,0,0,0,0,8,0,8,8,8,0,0,0,0
922,13000451,50,1,138.726535428604,75.000000000000,18.000000000000,2.768547660684,5f003d2ab7fe44e,8d15af1f9d36efa1,3cb3f7bbdc610add,200,123,61.500000,231.463415,224.425522,0.800000,2.600000,250.891457,3.081250,259.409723,3.463415,2.793427,0.000000,0.489209,0.671053,0.319489,0.292359,200,1032,1032,32.000000,0,0,16,16,81,81,14,0,408.000000,426,0,0,67,111,0,67,14,7,7,0,14,7,7,5,2,0,0,0,0,53,40,37,77,55,22,0,0,0
923,13000452,50,1,83.041032310460,325.000000000000,33.000000000000,2.416482788994,395b28a2b17cce35,8d15af1f9d36efa1,2ad7e131670227,200,200,100.000000,463.325000,336.341762,1.000000,8.400000,643.320465,2.542352,614.083595,8.400000,2.186310,0.000000,0.162512,0.619772,0.106383,0.052988,200,800,800,32.000000,0,0,16,16,40,40,14,0,326.000000,1680,0,0,20,180,0,20,20,13,7,0,20,7,7,7,0,0,0,0,0,0,0,0,0,0,0,0,0,0
924,13000453,50,1,202.250007537125,75.000000000000,14.000000000000,2.504820102802,c9735ffead12c1fe,8d15af1f9d36efa1,b650b0eedbd56536,200,156,78.000000,283.814103,258.739375,0.900000,3.800000,327.525623,2.394268,335.766487,4.384615,2.169591,0.000000,0.347328,0.645390,0.226244,0.161765,200,920,920,32.000000,0,0,16,16,61,61,10,8,364.000000,684,0,0,41,141,0,41,16,11,5,0,16,5,5,4,1,0,0,0,0,25,20,24,44,26,18,0,0,0
925,13000454,50,1,351.694762043221,75.000000000000,29.000000000000,2.173568886704,fff8e58ed090873c,8d15af1f9d36efa1,81e9024fb54e4c23,200,85,42.500000,151.411765,197.703117,0.500000,1.200000,168.396057,2.350000,155.062071,2.317647,2.197970,0.000000,0.647585,0.644128,0.503778,0.397554,200,1000,1000,32.000000,0,0,16,16,61,61,8,2,362.000000,197,0,0,48,77,0,48,12,8,4,0,12,4,4,0,4,0,0,0,0,36,100,15,115,40,75,0,0,0
926,13000455,50,1,389.861616123855,425.000000000000,25.000000000000,2.436126185397,8bc606a2b98ff8e6,8d15af1f9d36efa1,2eecbbebb31b5056,200,160,80.000000,217.062500,221.752901,1.000000,4.700000,355.141491,2.785833,250.805061,3.375000,2.814815,0.000000,0.414317,0.656357,0.270270,0.217391,200,1016,1016,32.000000,0,0,16,16,73,73,4,2,382.000000,540,0,0,56,144,0,56,16,14,2,0,16,2,2,2,0,0,0,0,0,40,0,40,40,40,0,0,0,0
927,13000456,50,1,170.096374582312,325.000000000000,28.000000000000,2.698324180758,15e835afc232c141,8d15af1f9d36efa1,1dfc5a500dc0b4b3,200,200,100.000000,305.640000,272.152454,1.000000,4.900000,398.280613,2.935278,384.983386,5.000000,2.786000,0.000000,0.241275,0.613900,0.166667,0.079190,200,1072,1072,32.000000,0,0,16,16,41,41,4,2,318.000000,1000,0,0,20,180,0,20,20,18,2,0,20,2,2,2,0,0,0,0,0,0,0,0,0,0,0,0,0,0
928,13000457,50,1,488.456250854850,425.000000000000,34.000000000000,2.162357588492,dea08ce2de49afff,8d15af1f9d36efa1,79e38126a4345a01,200,94,47.000000,370.765957,278.040613,1.000000,4.400000,346.848532,3.078889,379.680730,4.808511,2.818584,0.000000,0.550696,0.734748,0.306748,0.416021,200,1104,1104,32.000000,0,0,16,16,154,154,14,48,554.000000,452,0,0,118,82,0,118,12,5,7,0,12,7,7,7,0,0,0,0,0,106,0,106,106,106,0,0,0,0
929,13000458,50,1,445.465971779839,175.000000000000,43.000000000000,1.522651520989,cb17db03c730bdb8,8d15af1f9d36efa1,39c44bcc1511a833,200,188,94.000000,217.404255,200.993844,1.000000,3.400000,251.246807,3.421190,250.659861,3.382979,3.069182,0.000000,0.345679,0.626866,0.239234,0.140541,200,1160,1160,32.000000,0,0,16,16,52,52,0,0,336.000000,636,0,0,32,168,0,32,20,20,0,0,20,0,0,0,0,0,0,0,0,12,0,12,12,12,0,0,0,0
930,13000459,50,1,398.203071481929,75.000000000000,38.000000000000,1.721747175102,dcc2cf17e7096c99,8d15af1f9d36efa1,c0cd8ba046ebcbda,200,180,90.000000,264.822222,248.221010,0.900000,3.900000,337.135507,2.601058,338.523914,4.333333,2.242308,0.000000,0.287020,0.610895,0.204082,0.095128,200,1040,1040,32.000000,0,0,16,16,38,38,6,0,314.000000,780,0,0,19,162,0,19,19,16,3,0,19,3,3,2,1,0,0,0,0,0,20,0,20,1,19,0,0,0
931,13000460,50,1,482.853358587414,325.000000000000,40.000000000000,1.836239592007,2a71b0a4228f9a58,8d15af1f9d36efa1,8337a7628cb9ddfd,200,140,70.000000,287.757143,257.248894,0.700000,3.200000,346.452542,1.882143,340.430196,4.571429,2.312500,0.000000,0.334719,0.616858,0.238095,0.123288,200,1160,1160,32.000000,0,0,16,16,34,34,22,0,322.000000,640,0,0,17,126,0,17,17,6,11,0,17,11,11,8,3,0,0,0,0,0,60,0,60,3,57,0,0,0
932,13000461,50,1,365.282061779039,75.000000000000,27.000000000000,2.314079189590,b91a0b3cf3dabd16,8d15af1f9d36efa1,4083f0be6da4f094,200,148,74.000000,281.310811,208.634517,1.000000,3.900000,328.514135,4.144167,335.538380,4.337838,3.235202,0.000000,0.387405,0.669967,0.237530,0.213235,200,1264,1264,32.000000,0,0,16,16,80,80,14,0,406.000000,642,0,0,66,134,0,66,14,7,7,0,14,7,7,7,0,0,0,0,0,52,0,52,52,52,0,0,0,0
933,13000462,50,1,397.516113849890,75.000000000000,37.000000000000,1.578316332804,63bc5885a337769c,8d15af1f9d36efa1,7f5029e59f1c022f,200,174,87.000000,320.212644,237.734289,1.000000,4.900000,387.648930,2.876310,380.038445,4.735632,2.741505,0.000000,0.310460,0.649737,0.195312,0.145228,200,1056,1056,31.000000,0,0,16,15,60,60,20,0,371.000000,824,0,0,43,157,0,43,17,7,10,0,17,10,10,10,0,0,0,0,0,26,0,26,26,26,0,0,0,0
934,13000463,50,1,410.870111807049,75.000000000000,29.000000000000,2.224726960609,caa1dc80a5d28db3,8d15af1f9d36efa1,6f2883cd12239d6e,200,127,63.500000,354.716535,259.516500,1.000000,5.800000,423.157938,2.311071,423.264956,5.771654,2.413370,0.000000,0.380389,0.692308,0.214362,0.229232,200,992,992,32.000000,0,0,16,16,100,100,18,2,450.000000,733,0,0,86,114,0,86,13,4,9,0,13,9,9,9,0,0,0,0,0,73,0,73,73,73,0,0,0,0
935,13000464,50,1,222.047657448622,425.000000000000,21.000000000000,2.069607997083,e8fde0a4a4574ed1,8d15af1f9d36efa1,6390a3b3f6af31bf,200,192,96.000000,217.776042,203.824027,1.000000,3.500000,263.864854,2.253333,249.454695,3.447917,2.145015,0.000000,0.334004,0.624060,0.232019,0.131234,200,968,968,32.000000,0,0,16,16,48,48,4,4,332.000000,662,0,0,27,173,0,27,19,17,2,0,19,2,2,2,0,0,0,0,0,8,0,8,8,8,0,0,0,0
936,13000465,50,1,476.588201550181,425.000000000000,31.000000000000,2.194615406533,56221185ad46d31b,8d15af1f9d36efa1,9a954d00c56e5674,200,104,52.000000,224.394231,218.540349,0.800000,2.200000,223.912914,3.791667,230.671224,2.884615,3.490000,0.000000,0.598930,0.691358,0.400000,0.418605,200,1144,1144,32.000000,0,0,16,16,104,104,8,14,448.000000,300,0,0,82,91,0,82,15,11,4,0,15,4,4,2,2,0,0,0,0,67,40,56,96,69,27,0,0,0
937,13000466,50,1,201.087619355046,425.000000000000,20.000000000000,1.698668329211,6b26870c1ae5827c,8d15af1f9d36efa1,3bcbb78fc093d9a0,200,78,39.000000,316.961538,309.953037,0.700000,4.200000,459.196536,2.272109,414.813027,5.833333,2.085714,0.000000,0.472769,0.671053,0.305344,0.278922,200,1120,1120,32.000000,0,0,16,16,82,82,12,4,408.000000,455,0,0,71,72,0,71,9,3,6,0,9,6,6,3,3,0,0,0,0,62,60,62,122,65,57,0,0,0
938,13000467,50,1,418.379029308520,75.000000000000,32.000000000000,1.907422635874,cabd813b66877b2,8d15af1f9d36efa1,6cd1ba71ce198cdd,200,141,70.500000,361.865248,325.662934,1.000000,6.500000,489.299051,2.178016,448.362067,6.092199,1.994179,0.000000,0.328382,0.677419,0.188857,0.179561,200,944,944,32.000000,0,0,16,16,85,85,18,0,420.000000,859,0,0,72,128,0,72,13,4,9,0,13,9,9,9,0,0,0,0,0,59,0,59,59,59,0,0,0,0
939,13000468,50,1,319.568232794134,325.000000000000,30.000000000000,2.465416275632,baeaad11314a85c2,8d15af1f9d36efa1,dd5f324f581f439a,200,100,50.000000,224.870000,303.196599,0.500000,1.800000,279.015980,3.050000,268.067581,3.600000,2.722222,0.000000,0.459459,0.604743,0.357143,0.170507,200,1040,1040,32.000000,0,0,16,16,32,32,10,4,306.000000,360,0,0,15,90,0,15,15,10,5,0,15,5,5,0,5,0,0,0,0,0,100,0,100,5,95,0,0,0
940,13000469,50,1,179.124052451599,75.000000000000,17.000000000000,2.166226467548,f6ac0265dd69f518,8d15af1f9d36efa1,9ad28200c5a25ea1,200,106,53.000000,183.471698,198.931582,0.800000,2.300000,212.265462,2.489583,194.076620,2.566038,2.422794,0.000000,0.595238,0.666667,0.423729,0.381818,200,960,960,32.000000,0,0,16,16,78,78,12,0,400.000000,272,0,0,66,96,0,66,12,6,6,0,12,6,6,4,2,0,0,0,0,54,40,54,94,56,38,0,0,0
941,13000470,50,1,388.333630089886,425.000000000000,23.000000000000,2.934849475872,4170a21a9bfb772a,8d15af1f9d36efa1,9e97429276cc3a86,200,134,67.000000,276.283582,275.867586,0.900000,4.400000,393.768546,2.203764,324.204952,4.402985,2.096610,0.000000,0.399185,0.662162,0.253165,0.213333,200,1056,1056,32.000000,0,0,16,16,74,74,12,0,392.000000,590,0,0,60,121,0,60,14,8,6,0,14,6,6,5,1,0,0,0,0,46,20,46,66,47,19,0,0,0
942,13000471,50,1,227.906125847073,75.000000000000,23.000000000000,2.292785262828,cc1b1c406c4aa9e5,8d15af1f9d36efa1,97202ef9a1663166,200,159,79.500000,388.729560,243.024604,1.000000,5.700000,434.295310,2.858175,447.689130,5.849057,2.817204,0.000000,0.303892,0.669967,0.176991,0.157609,200,1016,1016,32.000000,0,0,16,16,81,81,12,12,406.000000,930,0,0,58,142,0,58,17,11,6,0,17,6,6,6,0,0,0,0,0,41,0,41,41,41,0,0,0,0
943,13000472,50,1,194.258487846290,175.000000000000,34.000000000000,2.029859369590,3b757c5f64480dc6,8d15af1f9d36efa1,9aa9b400c57fae83,200,199,99.500000,229.085427,224.716853,1.000000,3.400000,274.768511,2.835833,278.147919,3.407035,2.656342,0.000000,0.317907,0.612403,0.227790,0.110236,200,1088,1088,32.000000,0,0,16,16,41,41,2,0,316.000000,678,0,0,21,179,0,21,20,19,1,0,20,1,1,1,0,0,0,0,0,1,0,1,1,1,0,0,0,0
944,13000473,50,1,18.427091921759,175.000000000000,46.000000000000,2.356092137187,270cdf4a13adeaa1,8d15af1f9d36efa1,faed284ff9c75a0c,200,182,91.000000,394.615385,295.574584,1.000000,6.600000,496.278869,2.406190,490.010942,6.747253,2.440554,0.000000,0.229611,0.646643,0.140056,0.098385,200,976,976,32.000000,0,0,16,16,58,58,18,0,366.000000,1228,0,0,38,162,0,38,20,11,9,0,20,9,9,9,0,0,0,0,0,18,0,18,18,18,0,0,0,0
945,13000474,50,1,430.088156008991,325.000000000000,45.000000000000,1.555354575026,a71f62e053ff9f37,8d15af1f9d36efa1,e15233db3c54a4b2,200,186,93.000000,255.408602,225.880270,1.000000,4.100000,291.468556,3.076667,297.086855,4.182796,2.705656,0.000000,0.311504,0.637681,0.204499,0.133630,200,1152,1152,32.000000,0,0,16,16,54,54,12,0,352.000000,778,0,0,34,166,0,34,20,14,6,0,20,6,6,6,0,0,0,0,0,14,0,14,14,14,0,0,0,0
946,13000475,50,1,370.230014903460,425.000000000000,29.000000000000,2.114300995156,96f603d417941bfa,8d15af1f9d36efa1,615ae88c1d77417e,200,126,63.000000,331.174603,305.066215,1.000000,5.200000,395.983979,3.165238,414.151455,5.579365,3.118065,0.000000,0.387097,0.689441,0.221484,0.231694,200,1216,1216,32.000000,0,0,16,16,98,98,16,0,444.000000,703,0,0,86,114,0,86,12,4,8,0,12,8,8,8,0,0,0,0,0,74,0,74,74,74,0,0,0,0
947,13000476,50,1,146.542462121955,75.000000000000,23.000000000000,2.186426822576,df0478deed58b6ef,8d15af1f9d36efa1,979fad4f307ceabd,200,130,65.000000,203.930769,214.068346,0.700000,2.000000,234.457169,2.945238,230.238217,2.861538,2.736559,0.000000,0.473088,0.625468,0.349650,0.215190,200,1008,1008,32.000000,0,0,16,16,46,46,10,0,334.000000,372,0,0,30,117,0,30,16,11,5,0,16,5,5,2,3,0,0,0,0,14,60,10,70,17,53,0,0,0
948,13000477,50,1,225.230243672041,325.000000000000,31.000000000000,1.693294999596,45fb195260e09a5,8d15af1f9d36efa1,f0eaa6cfb4dce277,200,193,96.500000,350.347150,307.623376,1.000000,5.800000,473.668080,2.095833,455.091421,5.683938,2.331814,0.000000,0.229093,0.619772,0.154202,0.078925,200,936,936,32.000000,0,0,16,16,45,45,4,0,326.000000,1097,0,0,26,174,0,26,19,17,2,0,19,2,2,2,0,0,0,0,0,7,0,7,7,7,0,0,0,0
949,13000478,50,1,274.534962452627,425.000000000000,27.000000000000,1.592952253227,7bb1a7a82d1121e8,8d15af1f9d36efa1,a0f160e4e05fbfec,200,101,50.500000,343.118812,318.909514,0.700000,3.400000,397.001327,3.133333,425.383008,5.297030,3.056075,0.000000,0.414020,0.653979,0.272109,0.214391,200,968,968,32.000000,0,0,16,16,65,65,16,0,378.000000,535,0,0,52,91,0,52,13,5,8,0,13,8,8,5,3,0,0,0,0,39,60,39,99,42,57,0,0,0
950,13000479,50,1,384.803730726056,425.000000000000,20.000000000000,2.953293022940,c8d1d03997386ecd,8d15af1f9d36efa1,d945214805cc2296,200,162,81.000000,288.691358,287.002495,1.000000,4.500000,349.039901,2.731667,347.943207,4.740741,2.424479,0.000000,0.334489,0.658703,0.206612,0.167028,200,1056,1056,32.000000,0,0,16,16,70,70,14,0,386.000000,768,0,0,54,146,0,54,16,9,7,0,16,7,7,7,0,0,0,0,0,38,0,38,38,38,0,0,0,0
951,13000480,50,1,496.735395616706,175.000000000000,42.000000000000,2.514518732982,b530b4a20d877a7d,8d15af1f9d36efa1,3c18a24f8d9dbef2,200,180,90.000000,256.361111,220.504384,1.000000,4.100000,297.933854,2.672024,307.984178,4.183333,2.630810,0.000000,0.322232,0.641577,0.209864,0.143345,200,1064,1064,32.000000,0,0,16,16,58,58,10,0,358.000000,753,0,0,40,160,2,38,18,13,5,0,18,5,5,5,0,0,0,0,0,20,0,20,20,20,0,0,0,0
952,13000481,50,1,341.543405675262,425.000000000000,26.000000000000,2.112900887864,b6bb9a08d7b4953f,8d15af1f9d36efa1,7baa2ba01fcdf47e,200,172,86.000000,275.459302,230.177530,1.000000,4.200000,319.581096,2.700000,347.156147,4.593023,2.439241,0.000000,0.316609,0.646643,0.202020,0.145022,200,1024,1024,32.000000,0,0,16,16,64,64,6,4,366.000000,790,0,0,45,155,0,45,17,14,3,0,17,3,3,3,0,0,0,0,0,28,0,28,28,28,0,0,0,0
953,13000482,50,1,494.440914072584,325.000000000000,38.000000000000,2.675169279178,30295a7a66680251,8d15af1f9d36efa1,70981884a7410bde,200,90,45.000000,389.533333,365.917698,0.500000,3.100000,500.980000,2.843810,494.980964,6.222222,2.673214,0.000000,0.396552,0.647887,0.263158,0.195402,200,1024,1024,32.000000,0,0,16,16,61,61,14,2,368.000000,560,0,0,45,80,0,45,15,8,7,0,15,7,7,2,5,0,0,0,0,30,100,10,110,35,75,0,0,0
954,13000483,50,1,89.195098775451,75.000000000000,29.000000000000,2.708257487219,c4a8249f8220e903,8d15af1f9d36efa1,8fa4cc6deb5cdcbb,200,124,62.000000,227.887097,218.353858,0.800000,2.900000,302.716711,2.812500,248.801342,3.427419,2.303529,0.000000,0.472050,0.655172,0.320000,0.258290,200,1128,1128,32.000000,0,0,16,16,66,66,16,0,380.000000,425,0,0,51,111,0,51,15,7,8,0,15,8,8,6,2,0,0,0,0,36,40,36,76,38,38,0,0,0
955,13000484,50,1,423.863952532329,425.000000000000,28.000000000000,2.498703029703,88aafab8b41043ab,8d15af1f9d36efa1,8147654a48ab1dd6,200,109,54.500000,250.724771,272.524724,0.900000,3.700000,335.240391,2.634524,264.153800,3.440367,2.864000,0.000000,0.544350,0.691358,0.347826,0.365482,200,1000,1000,32.000000,0,0,16,16,103,103,10,10,448.000000,375,0,0,85,96,0,85,14,9,5,0,14,5,5,4,1,0,0,0,0,71,20,71,91,72,19,0,0,0
956,13000485,50,1,20.141342058214,175.000000000000,40.000000000000,2.851713100062,94eacbf454202c96,8d15af1f9d36efa1,20255c26f32920dd,200,188,94.000000,320.239362,240.816111,1.000000,5.300000,408.125594,2.995000,402.355227,5.335106,2.325025,0.000000,0.255382,0.632353,0.166251,0.100448,200,1024,1024,32.000000,0,0,16,16,52,52,8,0,344.000000,1003,0,0,32,168,0,32,20,16,4,0,20,4,4,4,0,0,0,0,0,12,0,12,12,12,0,0,0,0
957,13000486,50,1,66.249441200043,175.000000000000,40.000000000000,2.311206309478,90f8201eb651a671,8d15af1f9d36efa1,9f6e1487b03a705a,200,171,85.500000,311.011696,307.783369,1.000000,4.800000,386.343333,2.679167,381.066499,4.976608,2.561692,0.000000,0.305873,0.652174,0.190295,0.144724,200,1064,1064,31.000000,0,0,16,15,69,69,6,0,375.000000,851,0,0,49,151,0,49,20,17,3,0,20,3,3,3,0,0,0,0,0,29,0,29,29,29,0,0,0,0
958,13000487,50,1,425.466073471054,75.000000000000,33.000000000000,1.692519126349,5c315349edba1d4a,8d15af1f9d36efa1,fbcab74eccd0d19,200,131,65.500000,232.236641,257.075319,1.000000,4.200000,321.555170,2.572619,268.679778,3.511450,2.680435,0.000000,0.483146,0.682540,0.303030,0.300912,200,1080,1080,32.000000,0,0,16,16,95,95,8,0,430.000000,460,0,0,82,118,0,82,13,9,4,0,13,4,4,4,0,0,0,0,0,69,0,69,69,69,0,0,0,0
959,13000488,50,1,137.715133957203,325.000000000000,39.000000000000,1.832375597836,4d0a3842eee26468,8d15af1f9d36efa1,9a953600c56e2f5f,200,160,80.000000,283.950000,278.285453,0.800000,3.600000,356.879404,2.918403,354.024617,4.500000,2.362500,0.000000,0.302326,0.609375,0.217391,0.100000,200,1064,1064,32.000000,0,0,16,16,36,36,8,0,312.000000,720,0,0,18,144,0,18,18,14,4,0,18,4,4,2,2,0,0,0,0,0,40,0,40,2,38,0,0,0
960,13000489,50,1,150.505655729411,75.000000000000,26.000000000000,2.208553861872,63008a4f322103c9,8d15af1f9d36efa1,88ff74f708d2c1c,200,162,81.000000,259.703704,222.294839,1.000000,4.100000,308.558619,2.743889,310.271366,4.345679,2.343750,0.000000,0.354128,0.658703,0.221239,0.179487,200,912,912,32.000000,0,0,16,16,73,73,8,2,386.000000,704,0,0,55,145,0,55,17,13,4,0,17,4,4,4,0,0,0,0,0,38,0,38,38,38,0,0,0,0
961,13000490,50,1,283.704775709445,175.000000000000,23.000000000000,1.519892533377,f743db610e11e92c,8d15af1f9d36efa1,9aea1b00c5b6417d,200,165,82.500000,228.860606,190.718960,1.000000,3.700000,278.418025,2.588889,278.375793,3.763636,2.380032,0.000000,0.372093,0.647887,0.243605,0.179657,200,928,928,32.000000,0,0,16,16,65,65,6,0,368.000000,621,0,0,50,150,0,50,15,12,3,0,15,3,3,3,0,0,0,0,0,35,0,35,35,35,0,0,0,0
962,13000491,50,1,449.296180161288,425.000000000000,29.000000000000,1.773542543491,68b3d38fd4fb9c0c,8d15af1f9d36efa1,51a15a218caab1d6,200,93,46.500000,209.559140,276.938664,0.600000,2.200000,285.367534,1.833333,200.138570,2.752688,1.878906,0.000000,0.614458,0.671053,0.438596,0.407407,200,856,856,32.000000,0,0,16,16,80,80,16,2,408.000000,256,0,0,66,83,0,66,13,5,8,0,13,8,8,5,3,0,0,0,0,53,80,27,107,56,51,0,0,0
963,13000492,50,1,98.292376365427,75.000000000000,19.000000000000,2.822348696732,e6df75a9d86b9dbe,8d15af1f9d36efa1,bdcbcca0e605fb3,200,40,20.000000,164.150000,264.667011,0.500000,1.200000,191.715792,2.733333,168.249420,2.350000,2.755319,0.000000,0.819231,0.680511,0.680272,0.673611,200,1024,1024,32.000000,0,0,16,16,91,91,12,0,426.000000,94,0,0,82,36,0,82,9,3,6,0,9,6,6,1,5,0,0,0,0,73,100,60,160,78,82,0,0,0
964,13000493,50,1,433.140969518914,75.000000000000,31.000000000000,2.273714075347,dbd4be931701cb1e,8d15af1f9d36efa1,beb1f3c156161fef,200,140,70.000000,270.371429,259.336996,0.800000,2.800000,261.422092,2.107143,300.515448,4.057143,1.994718,0.000000,0.387931,0.642857,0.260417,0.183908,200,912,912,32.000000,0,0,16,16,52,52,24,0,360.000000,568,0,0,36,126,0,36,16,4,12,0,16,12,12,10,2,0,0,0,0,20,40,20,60,22,38,0,0,0
965,13000494,50,1,206.648786234129,425.000000000000,25.000000000000,1.793501864579,8e22bf53b5c3480d,8d15af1f9d36efa1,8ab3f13bec332846,200,179,89.500000,316.949721,318.336826,1.000000,4.800000,396.100850,2.664286,405.838957,5.072626,2.442731,0.000000,0.281646,0.640288,0.180505,0.120155,200,1056,1056,32.000000,0,0,16,16,59,59,6,4,356.000000,908,0,0,39,161,0,39,18,15,3,0,18,3,3,3,0,0,0,0,0,21,0,21,21,21,0,0,0,0
966,13000495,50,1,480.832940690603,425.000000000000,29.000000000000,2.525101205042,40ad39390b0586e2,8d15af1f9d36efa1,db8ea8d310c479b1,200,143,71.500000,198.237762,211.048211,0.900000,2.800000,232.720987,2.055556,206.852567,2.804196,2.157107,0.000000,0.498123,0.665552,0.332779,0.292769,200,904,904,32.000000,0,0,16,16,74,74,18,0,398.000000,401,0,0,57,127,0,57,17,8,9,0,17,9,9,8,1,0,0,0,0,40,20,37,57,41,16,0,0,0
967,13000496,50,1,12.382132473425,175.000000000000,38.000000000000,2.671555210230,fbb45fea3aae6e65,8d15af1f9d36efa1,5160f90c253dd266,200,187,93.500000,300.598930,288.717472,1.000000,4.900000,367.654877,2.542143,362.467325,4.855615,2.620044,0.000000,0.280507,0.638989,0.180505,0.118447,200,968,968,32.000000,0,0,16,16,53,53,16,0,354.000000,908,0,0,33,167,0,33,20,12,8,0,20,8,8,8,0,0,0,0,0,13,0,13,13,13,0,0,0,0
968,13000497,50,1,260.981208585890,325.000000000000,32.000000000000,1.719426666132,629b91a6843e4e7a,8d15af1f9d36efa1,b62dfe80d9f627ff,200,200,100.000000,257.870000,229.928742,1.000000,4.500000,337.133499,3.160833,326.427430,4.500000,3.000000,0.000000,0.259868,0.612403,0.181818,0.085366,200,1096,1096,32.000000,0,0,16,16,40,40,4,0,316.000000,900,0,0,20,180,0,20,20,18,2,0,20,2,2,2,0,0,0,0,0,0,0,0,0,0,0,0,0,0
969,13000498,50,1,374.032917981198,75.000000000000,31.000000000000,1.740969597329,72aed285da121146,8d15af1f9d36efa1,9b74a4c11807a77a,200,158,79.000000,306.797468,257.532513,1.000000,4.800000,369.148180,2.369307,369.510905,4.734177,2.385027,0.000000,0.342707,0.661017,0.210970,0.174393,200,912,912,32.000000,0,0,16,16,76,76,6,4,390.000000,748,0,0,58,142,0,58,16,13,3,0,16,3,3,3,0,0,0,0,0,42,0,42,42,42,0,0,0,0
970,13000499,50,1,81.172275449018,425.000000000000,32.000000000000,2.885195458661,46216d7624c69eb0,8d15af1f9d36efa1,6376a64f29bad602,200,64,32.000000,285.609375,253.248966,0.700000,2.800000,297.583324,2.885714,323.497470,4.781250,2.617647,0.000000,0.638298,0.729730,0.395257,0.501629,200,1176,1176,32.000000,0,0,16,16,148,148,12,0,540.000000,306,0,0,139,57,0,139,9,3,6,0,9,6,6,4,2,0,0,0,0,130,60,76,136,132,4,0,0,0
971,13000500,50,1,376.977725090118,75.000000000000,26.000000000000,2.761585393779,3fddbef5b2ea72d4,8d15af1f9d36efa1,d8452449664c9b56,200,110,55.000000,222.063636,265.142409,0.700000,2.800000,300.463393,2.558163,246.639191,3.227273,2.540845,0.000000,0.522207,0.659864,0.360360,0.305284,200,968,968,32.000000,0,0,16,16,74,74,8,0,388.000000,355,0,0,59,98,0,59,15,11,4,0,15,4,4,1,3,0,0,0,0,44,60,30,90,47,43,0,0,0
972,13000501,50,1,173.443331886178,325.000000000000,26.000000000000,2.272044147881,51170bf18372beb0,8d15af1f9d36efa1,ecd9434ff1634831,200,40,20.000000,239.125000,294.362708,0.200000,0.700000,292.636383,2.875000,272.290696,3.500000,2.521429,0.000000,0.681818,0.600000,0.588235,0.326923,200,1240,1240,32.000000,0,0,16,16,26,26,16,2,300.000000,140,0,0,13,36,0,13,12,4,8,0,12,8,8,0,8,0,0,0,0,1,160,0,160,9,151,0,0,0
973,13000502,50,1,347.491012926014,325.000000000000,40.000000000000,2.078792112638,ed464772bdcc7b74,8d15af1f9d36efa1,9f7526f5bf3cd0e5,200,160,80.000000,203.868750,240.836201,0.800000,2.500000,233.916232,3.304167,237.207196,3.125000,3.306000,0.000000,0.382716,0.607843,0.285714,0.134948,200,1144,1144,32.000000,0,0,16,16,36,36,6,0,310.000000,500,0,0,18,144,0,18,18,15,3,0,18,3,3,1,2,0,0,0,0,0,40,0,40,2,38,0,0,0
974,13000503,50,1,362.502398508857,175.000000000000,38.000000000000,2.154243134884,426b288a8a1c121f,8d15af1f9d36efa1,7c1065879bfe1ffb,200,97,48.500000,235.061856,307.697659,0.500000,2.000000,300.170062,1.933333,287.830074,4.030928,1.897698,0.000000,0.445390,0.610895,0.338409,0.173362,200,928,928,32.000000,0,0,16,16,34,34,14,2,314.000000,391,0,0,18,87,0,18,15,8,7,0,15,7,7,2,5,0,0,0,0,3,100,3,103,8,95,0,0,0
975,13000504,50,1,29.753242404830,425.000000000000,38.000000000000,2.293216787624,7d2e4daa0fa860bf,8d15af1f9d36efa1,ad286e1cbfe1ea8f,200,111,55.500000,274.135135,271.995867,0.900000,3.800000,324.478492,3.043519,311.519095,4.162162,2.852814,0.000000,0.483221,0.683544,0.302115,0.302115,200,1088,1088,32.000000,0,0,16,16,97,97,6,4,432.000000,462,0,0,82,99,0,82,13,10,3,0,13,3,3,2,1,0,0,0,0,69,20,69,89,70,19,0,0,0
976,13000505,50,1,119.390411044887,75.000000000000,36.000000000000,1.517119245370,9bc2e3dde9ef3152,8d15af1f9d36efa1,73bcf180bd18e12b,200,170,85.000000,218.605882,213.751725,1.000000,3.300000,255.564387,2.809286,262.255762,3.523529,2.906511,0.000000,0.374086,0.641577,0.250313,0.173793,200,1112,1112,32.000000,0,0,16,16,62,62,2,0,358.000000,599,0,0,46,154,0,46,16,15,1,0,16,1,1,1,0,0,0,0,0,30,0,30,30,30,0,0,0,0
977,13000506,50,1,307.288882727055,75.000000000000,24.000000000000,2.028544083592,25f77b37e427a1bc,8d15af1f9d36efa1,6749ea8336d09395,200,136,68.000000,348.227941,323.932873,0.900000,5.800000,496.579235,2.830026,431.124564,5.580882,2.832675,0.000000,0.340573,0.662162,0.208551,0.174102,200,904,904,32.000000,0,0,16,16,72,72,16,0,392.000000,759,0,0,58,123,0,58,14,6,8,0,14,8,8,7,1,0,0,0,0,44,20,44,64,45,19,0,0,0
978,13000507,50,1,64.480222567378,75.000000000000,26.000000000000,2.890820086099,18ce789bdfda420c,8d15af1f9d36efa1,f54216eec5d45a46,200,153,76.500000,287.581699,240.022418,1.000000,4.200000,340.521044,2.240952,346.035480,4.424837,2.209749,0.000000,0.371402,0.666667,0.228050,0.198817,200,1048,1048,32.000000,0,0,16,16,78,78,12,2,400.000000,677,0,0,62,138,0,62,15,9,6,0,15,6,6,6,0,0,0,0,0,47,0,47,47,47,0,0,0,0
979,13000508,50,1,358.433755681066,425.000000000000,20.000000000000,2.459704657630,b540d66638ffc240,8d15af1f9d36efa1,cf96e84fe139844c,200,84,42.000000,162.773810,260.372771,0.500000,1.100000,155.808145,2.466667,155.167106,2.250000,2.216931,0.000000,0.681282,0.668874,0.514139,0.476454,200,840,840,32.000000,0,0,16,16,82,82,8,0,404.000000,189,0,0,70,75,0,70,12,8,4,0,12,4,4,1,3,0,0,0,0,58,100,16,116,61,55,0,0,0
980,13000509,50,1,267.810383838750,75.000000000000,23.000000000000,2.039864233605,8ba0fa7b6d902876,8d15af1f9d36efa1,44e45f288a2dd3a8,200,126,63.000000,307.928571,285.863781,1.000000,5.400000,413.167592,2.659246,368.335032,4.825397,2.730263,0.000000,0.429108,0.695586,0.247525,0.270983,200,1080,1080,31.000000,0,0,16,15,109,109,8,18,457.000000,608,0,0,87,113,0,87,13,9,4,0,13,4,4,4,0,0,0,0,0,74,0,74,74,74,0,0,0,0
981,13000510,50,1,45.722083842628,425.000000000000,36.000000000000,2.246206426873,e428eb40c1d8b7d1,8d15af1f9d36efa1,8be9ddf07194f89c,200,186,93.000000,311.172043,263.634458,1.000000,4.600000,377.008990,2.790000,363.831412,4.532258,2.338078,0.000000,0.293378,0.636364,0.191755,0.122789,200,1000,1000,32.000000,0,0,16,16,52,52,14,4,350.000000,843,0,0,32,168,0,32,18,11,7,0,18,7,7,7,0,0,0,0,0,14,0,14,14,14,0,0,0,0
982,13000511,50,1,234.201018432175,425.000000000000,24.000000000000,1.973342874561,eb3cf481c1bcca9a,8d15af1f9d36efa1,e952d44fefbaba59,200,112,56.000000,157.571429,156.803235,0.900000,2.500000,205.158611,2.666667,176.976502,2.357143,2.829545,0.000000,0.612903,0.676375,0.431034,0.413333,200,1104,1104,32.000000,0,0,16,16,91,91,4,0,418.000000,264,0,0,80,102,0,80,11,9,2,0,11,2,2,1,1,0,0,0,0,69,20,68,88,70,18,0,0,0
983,13000512,50,1,338.522751857140,75.000000000000,27.000000000000,1.776046479949,478c89c8902a2240,8d15af1f9d36efa1,cae3177edacf6708,200,131,65.500000,348.740458,313.065070,1.000000,5.600000,406.775473,2.036667,444.826012,5.870229,2.001300,0.000000,0.359700,0.683544,0.206398,0.206398,200,1008,1008,32.000000,0,0,16,16,93,93,14,0,432.000000,769,0,0,81,119,0,81,12,5,7,0,12,7,7,7,0,0,0,0,0,69,0,69,69,69,0,0,0,0
984,13000513,50,1,38.744091875675,425.000000000000,25.000000000000,2.259748391420,51a1b832d37fe674,8d15af1f9d36efa1,111ae74f755b4107,200,52,26.000000,215.423077,284.064137,0.500000,2.000000,318.941922,2.577778,251.969091,3.230769,1.785714,0.000000,0.709343,0.672131,0.543478,0.514451,200,1096,1096,32.000000,0,0,16,16,83,83,12,0,410.000000,168,0,0,74,47,0,74,10,4,6,0,10,6,6,1,5,0,0,0,0,64,100,48,148,69,79,0,0,0
985,13000514,50,1,176.565125026974,75.000000000000,22.000000000000,2.585608513080,d2d18229cb96f631,8d15af1f9d36efa1,9ab09500c5859884,200,152,76.000000,354.605263,271.485410,1.000000,4.900000,394.955024,2.462619,417.944043,5.046053,2.232073,0.000000,0.345004,0.668874,0.206825,0.183174,200,872,872,32.000000,0,0,16,16,84,84,4,8,404.000000,767,0,0,64,136,0,64,16,14,2,0,16,2,2,2,0,0,0,0,0,48,0,48,48,48,0,0,0,0
986,13000515,50,1,343.526871438287,175.000000000000,19.000000000000,2.685269990750,fb1303cb2a455459,8d15af1f9d36efa1,64a287bdf3107371,200,170,85.000000,341.905882,297.836657,0.900000,4.400000,407.510265,2.923457,417.279352,5.064706,2.599303,0.000000,0.284289,0.630996,0.188501,0.113285,200,1072,1072,32.000000,0,0,16,16,48,48,14,4,342.000000,861,0,0,28,153,0,28,18,11,7,0,18,7,7,6,1,0,0,0,0,10,20,10,30,11,19,0,0,0
987,13000516,50,1,87.367704090787,325.000000000000,33.000000000000,2.271463585566,aa77d9021709ced3,8d15af1f9d36efa1,8b9ee26ef51796d,200,163,81.500000,243.680982,234.657971,0.900000,3.400000,301.531946,1.915344,294.819712,3.766871,2.309446,0.000000,0.368313,0.641577,0.245700,0.170270,200,1008,1008,32.000000,0,0,16,16,62,62,2,0,358.000000,614,0,0,43,145,0,43,19,18,1,0,19,1,1,0,1,0,0,0,0,24,20,17,37,25,12,0,0,0
988,13000517,50,1,291.986432677001,325.000000000000,35.000000000000,1.637274271209,91df7c1e99564b5c,8d15af1f9d36efa1,678b6acd0253c261,200,160,80.000000,339.375000,309.371905,0.800000,4.300000,420.066618,2.601190,429.423130,5.581250,2.676372,0.000000,0.258921,0.609375,0.182983,0.082220,200,1104,1104,32.000000,0,0,16,16,36,36,8,0,312.000000,893,0,0,18,144,0,18,18,14,4,0,18,4,4,2,2,0,0,0,0,0,40,0,40,2,38,0,0,0
989,13000518,50,1,196.231313781195,75.000000000000,16.000000000000,2.434668636559,4db3cad2a8d86497,8d15af1f9d36efa1,3355131afe587edb,200,148,74.000000,382.236486,289.729079,0.800000,5.000000,483.397638,2.376786,490.617161,6.452703,1.883770,0.000000,0.262548,0.629630,0.173160,0.101599,200,984,984,32.000000,0,0,16,16,52,52,4,2,340.000000,955,0,0,35,133,0,35,17,15,2,0,17,2,2,0,2,0,0,0,0,18,40,12,52,20,32,0,0,0
990,13000519,50,1,0.931890464829,175.000000000000,41.000000000000,2.457376559134,37c6813c00ca0efc,8d15af1f9d36efa1,fb2ba3c537942cb3,200,198,99.000000,288.732323,276.667436,1.000000,4.900000,362.772877,2.811667,353.121578,5.000000,2.587879,0.000000,0.249431,0.621928,0.168067,0.090074,200,976,976,31.000000,0,0,16,15,42,42,14,0,329.000000,990,0,0,22,178,0,22,20,13,7,0,20,7,7,7,0,0,0,0,0,2,0,2,2,2,0,0,0,0
991,13000520,50,1,277.599788690565,75.000000000000,22.000000000000,1.687917304621,a39fd379775d5ada,8d15af1f9d36efa1,807b8f3cf98e30e1,200,82,41.000000,296.707317,238.295284,0.800000,3.200000,321.108676,2.586012,338.773743,4.524390,2.121294,0.000000,0.563015,0.705015,0.350263,0.398703,200,1048,1048,32.000000,0,0,16,16,116,116,14,0,478.000000,371,0,0,107,74,0,107,9,2,7,0,9,7,7,6,1,0,0,0,0,98,40,78,118,99,19,0,0,0
992,13000521,50,1,96.760173975590,75.000000000000,28.000000000000,2.496537166298,5e481d0fc06c2b02,8d15af1f9d36efa1,ee2a2b4f617bac71,200,145,72.500000,232.337931,209.956160,1.000000,3.400000,263.993115,2.854762,268.953318,3.468966,2.743539,0.000000,0.447859,0.671053,0.284495,0.259205,200,1312,1312,32.000000,0,0,16,16,83,83,10,0,408.000000,503,0,0,69,131,0,69,14,9,5,0,14,5,5,5,0,0,0,0,0,55,0,55,55,55,0,0,0,0
993,13000522,50,1,52.355948502328,425.000000000000,26.000000000000,2.333450162301,e9cd1ecfd2ffb8cc,8d15af1f9d36efa1,6ce6a624c02a5441,200,129,64.500000,318.395349,273.624537,0.900000,4.600000,377.581629,2.486376,372.479386,5.217054,2.411590,0.000000,0.379724,0.673203,0.229095,0.211020,200,1200,1200,32.000000,0,0,16,16,83,83,14,6,412.000000,673,0,0,67,117,0,67,13,6,7,0,13,7,7,6,1,0,0,0,0,54,20,51,71,55,16,0,0,0
994,13000523,50,1,29.526685753831,425.000000000000,27.000000000000,2.632958384876,da0724b5ec765e3d,8d15af1f9d36efa1,d4e8b24f53629609,200,109,54.500000,228.660550,197.125765,0.900000,2.700000,239.803815,2.685185,251.652038,3.256881,2.338028,0.000000,0.550063,0.684543,0.360360,0.362657,200,1056,1056,32.000000,0,0,16,16,98,98,6,0,434.000000,355,0,0,85,97,0,85,13,10,3,0,13,3,3,2,1,0,0,0,0,72,20,71,91,73,18,0,0,0
995,13000524,50,1,61.318711925878,325.000000000000,37.000000000000,2.540629087016,6ab58f40180da925,8d15af1f9d36efa1,d60acd08131e7c1e,200,71,35.500000,277.084507,334.038481,0.400000,1.800000,375.382749,2.575000,332.470805,4.309859,2.522876,0.000000,0.532110,0.635036,0.395257,0.274882,200,1040,1040,32.000000,0,0,16,16,51,51,14,10,348.000000,306,0,0,33,64,0,33,13,6,7,0,13,7,7,1,6,0,0,0,0,20,120,9,129,26,103,0,0,0
996,13000525,50,1,451.918473549073,325.000000000000,37.000000000000,2.568942244224,504c806a5be8be79,8d15af1f9d36efa1,f18016cd5c151236,200,120,60.000000,165.066667,237.829851,0.600000,1.500000,181.210290,2.527778,183.647771,2.500000,2.666667,0.000000,0.503311,0.603175,0.400000,0.193548,200,1088,1088,32.000000,0,0,16,16,32,32,8,0,304.000000,300,0,0,16,108,0,16,16,12,4,0,16,4,4,0,4,0,0,0,0,0,80,0,80,4,76,0,0,0
997,13000526,50,1,374.421781387596,175.000000000000,35.000000000000,2.222945352245,8498edb629d724f8,8d15af1f9d36efa1,bbc17a5f176ef527,200,140,70.000000,171.542857,181.026206,0.700000,1.700000,198.359217,3.150000,195.879553,2.428571,3.235294,0.000000,0.481707,0.612403,0.370370,0.198113,200,1184,1184,32.000000,0,0,16,16,39,39,6,0,316.000000,340,0,0,22,126,0,22,17,14,3,0,17,3,3,0,3,0,0,0,0,5,60,0,60,8,52,0,0,0
998,13000527,50,1,62.484904470324,325.000000000000,38.000000000000,1.824284961500,611e86ea2997c482,8d15af1f9d36efa1,ce786819ec067b0,200,95,47.500000,299.884211,328.431129,0.500000,2.300000,345.108183,3.612857,350.775131,4.631579,2.536364,0.000000,0.438776,0.632353,0.312500,0.202899,200,1136,1136,32.000000,0,0,16,16,47,47,18,6,344.000000,440,0,0,29,85,0,29,15,6,9,0,15,9,9,4,5,0,0,0,0,14,100,5,105,19,86,0,0,0
999,13000528,50,1,286.180004932879,325.000000000000,28.000000000000,2.327182382326,ef8ba4a4c756ab21,8d15af1f9d36efa1,3323e0b6aa6439e4,200,180,90.000000,377.900000,316.137485,0.900000,5.900000,484.183235,2.159171,480.294302,6.594444,2.219882,0.000000,0.212342,0.615385,0.144196,0.069020,200,880,880,32.000000,0,0,16,16,39,39,10,4,320.000000,1187,0,0,19,162,0,19,19,14,5,0,19,5,5,4,1,0,0,0,0,0,20,0,20,1,19,0,0,0
