scenario_id,scenario_seed,node_count,selected_oc,x,y,local_density,speed,topology_hash,acoustic_state_hash,route_hash,generated_packets,delivered_packets,PDR,E2ED_ms,mean_source_destination_distance_m,connected_flow_pair_ratio,mean_static_shortest_hops,mean_static_shortest_path_length_m,mean_static_feasible_relay_candidates,mean_delivered_path_length_m,mean_delivered_hop_count,mean_delivered_relay_candidate_count,mean_delivered_relay_wait_ms,ROR_total,ROR_generated,ROR_hello,ROR_reactive,hello_tx,neighbor_update_tx,raw_neighbor_update_burden,compressed_topology_updates,topology_digest_packets,mc_topology_digest_ack_packets,lc_topology_update_tx,mc_topology_update_tx,route_request_tx,route_reply_tx,mc_control_tx,gateway_control_tx,control_transmissions,data_hops,OC_data_hops,architecture_violations,controller_requests,installed_route_hits,lc_cache_hits,lc_cache_misses,oc_route_computations,oc_route_successes,oc_route_failures,oc_cache_hits,oc_cache_misses,mc_fallbacks,mc_route_computations,mc_route_successes,mc_route_failures,route_recoveries,recovery_successes,recovery_failures,link_invalidations,control_unreachable,no_physical_path,routing_failure_with_path,final_no_path_drops,failed_route_attempts,negative_cache_hits,pending_route_suppressions,route_discovery_buffered_retries,route_discovery_timeout_drops
500,13000029,50,2,382.21133832,175,36,2.01656801661,8e4e63d97e6d5d93,8d15af1f9d36efa1,79282f277e1fd3c9,200,179,89.500000,314.832402,274.299261,0.900000,5.000000,428.807142,2.532496,399.110097,5.558659,2.275377,0.000000,0.241037,0.612403,0.167364,0.077850,200,904,904,32.000000,0,0,16,16,39,39,6,0,316.000000,995,0,0,20,161,0,20,19,16,3,0,19,3,3,2,1,0,0,0,0,1,20,1,21,2,19,0,0,0
501,13000030,50,2,444.581722932052,175.000000000000,35.000000000000,2.758068818932,3339c635531a8bfc,8d15af1f9d36efa1,87694ea2f1b73a1f,200,147,73.500000,301.217687,246.089098,1.000000,4.300000,326.068980,3.234762,357.493973,4.768707,2.499287,0.000000,0.376889,0.679487,0.221976,0.215006,200,1120,1120,32.000000,0,0,16,16,89,89,14,16,424.000000,701,0,0,67,133,0,67,14,7,7,0,14,7,7,7,0,0,0,0,0,53,0,53,53,53,0,0,0,0
502,13000031,50,2,70.049111354010,325.000000000000,33.000000000000,2.334141298381,75ece9ff99f1457,8d15af1f9d36efa1,85562472504a7d31,200,188,94.000000,334.946809,280.903596,1.000000,5.500000,428.392756,2.332222,425.339113,5.505319,2.050242,0.000000,0.248366,0.630996,0.161943,0.096070,200,928,928,32.000000,0,0,16,16,52,52,6,0,342.000000,1035,0,0,32,168,0,32,20,17,3,0,20,3,3,3,0,0,0,0,0,12,0,12,12,12,0,0,0,0
503,13000032,50,2,89.071330263012,325.000000000000,45.000000000000,1.605112421145,ac93a6d06e6a786b,8d15af1f9d36efa1,6965e607e2860fde,200,200,100.000000,430.365000,342.931286,1.000000,7.000000,539.931840,2.533120,534.721925,7.000000,2.471429,0.000000,0.196326,0.630996,0.125000,0.072848,200,976,976,32.000000,0,0,16,16,45,45,20,10,342.000000,1400,0,0,20,180,0,20,20,10,10,0,20,10,10,10,0,0,0,0,0,0,0,0,0,0,0,0,0,0
504,13000033,50,2,134.989030016140,425.000000000000,31.000000000000,1.796983265438,a7ab1090e8a67b23,8d15af1f9d36efa1,452a35fc5875417c,200,139,69.500000,310.553957,271.126535,1.000000,5.800000,460.337018,2.152619,394.796503,5.086331,2.165488,0.000000,0.365919,0.671053,0.220507,0.199320,200,936,936,32.000000,0,0,16,16,87,87,2,0,408.000000,707,0,0,74,126,0,74,13,12,1,0,13,1,1,1,0,0,0,0,0,61,0,61,61,61,0,0,0,0
505,13000034,50,2,301.109048190607,325.000000000000,30.000000000000,2.190828402678,24147f8ed9770761,8d15af1f9d36efa1,db43aefe98a30bc8,200,133,66.500000,205.428571,270.416431,0.700000,2.400000,245.691758,1.761905,238.775073,3.451128,2.043573,0.000000,0.410783,0.615385,0.303490,0.160878,200,1080,1080,32.000000,0,0,16,16,41,41,6,0,320.000000,459,0,0,25,120,0,25,16,13,3,0,16,3,3,0,3,0,0,0,0,9,60,7,67,12,55,0,0,0
506,13000035,50,2,494.338006943181,175.000000000000,39.000000000000,2.818295751554,51d3af310bf66412,8d15af1f9d36efa1,9bc5b7af67f8b46d,200,87,43.500000,392.724138,336.684087,0.600000,3.800000,500.700048,2.354630,502.120938,6.448276,2.235294,0.000000,0.392857,0.644760,0.262812,0.190476,200,960,960,31.000000,0,0,16,15,57,57,18,0,363.000000,561,0,0,45,79,0,45,12,3,9,0,12,9,9,5,4,0,0,0,0,33,80,33,113,37,76,0,0,0
507,13000036,50,2,87.727001320898,175.000000000000,39.000000000000,1.841536463815,45f63009efac358a,8d15af1f9d36efa1,b1b1b079fdf8570b,200,126,63.000000,209.428571,183.525867,0.700000,2.100000,226.569285,2.768707,227.489808,3.015873,2.931579,0.000000,0.479452,0.636364,0.344828,0.236948,200,1104,1104,32.000000,0,0,16,16,51,51,16,0,350.000000,380,0,0,34,112,0,34,17,9,8,0,17,8,8,5,3,0,0,0,0,17,60,14,74,20,54,0,0,0
508,13000037,50,2,486.514169065144,175.000000000000,39.000000000000,2.832006296841,b1adad5b2b606818,8d15af1f9d36efa1,9afe8600c5c7a058,200,162,81.000000,236.086420,243.614252,0.900000,3.200000,266.294449,2.914286,275.740503,3.635802,2.770798,0.000000,0.378036,0.641577,0.253485,0.176224,200,1032,1032,32.000000,0,0,16,16,59,59,8,0,358.000000,589,0,0,41,145,0,41,18,14,4,0,18,4,4,3,1,0,0,0,0,23,20,18,38,24,14,0,0,0
509,13000038,50,2,181.703324056202,425.000000000000,20.000000000000,1.980100242822,4c7c0b82426fccba,8d15af1f9d36efa1,b1f14c4f3f7d74e7,200,119,59.500000,298.756303,222.260902,1.000000,3.500000,265.180742,2.072857,331.197629,4.168067,2.114919,0.000000,0.482255,0.697885,0.287356,0.316804,200,952,952,32.000000,0,0,16,16,107,107,16,0,462.000000,496,0,0,94,106,0,94,13,5,8,0,13,8,8,8,0,0,0,0,0,81,0,81,81,81,0,0,0,0
510,13000039,50,2,102.071765261447,425.000000000000,28.000000000000,2.797583307794,cf0288d05f92f8e,8d15af1f9d36efa1,4f09efaacd7063fe,200,106,53.000000,273.216981,298.626901,0.700000,3.100000,343.060021,2.458163,329.670537,4.603774,2.159836,0.000000,0.460177,0.675325,0.290698,0.273810,200,936,936,32.000000,0,0,16,16,87,87,10,0,416.000000,488,0,0,74,96,0,74,13,8,5,0,13,5,5,2,3,0,0,0,0,61,60,34,94,64,30,0,0,0
511,13000040,50,2,380.826508404088,75.000000000000,35.000000000000,2.094081351197,fb479c779dccc9f4,8d15af1f9d36efa1,11f1f8f3aedad715,200,165,82.500000,220.060606,216.206051,1.000000,3.500000,274.768911,2.468333,246.937969,3.121212,2.260194,0.000000,0.424581,0.655172,0.279720,0.223228,200,1104,1104,32.000000,0,0,16,16,68,68,12,2,380.000000,515,0,0,51,149,0,51,16,10,6,0,16,6,6,6,0,0,0,0,0,35,0,35,35,35,0,0,0,0
512,13000041,50,2,337.448232818206,175.000000000000,29.000000000000,2.610523538312,c6a3a265aff0e9f4,8d15af1f9d36efa1,d28e9d4fe268d0d0,200,80,40.000000,192.537500,270.448112,0.400000,1.200000,219.788428,2.812500,221.838883,3.000000,2.083333,0.000000,0.552239,0.596774,0.454545,0.210526,200,1008,1008,32.000000,0,0,16,16,26,26,12,0,296.000000,240,0,0,14,72,0,14,14,8,6,0,14,6,6,0,6,0,0,0,0,0,120,0,120,6,114,0,0,0
513,13000042,50,2,434.931091532965,425.000000000000,36.000000000000,2.293253347376,636991c6b71cf5a,8d15af1f9d36efa1,b5fcfb4fd2d532f2,200,137,68.500000,242.080292,198.109730,0.800000,3.000000,290.364755,2.831845,278.609013,3.642336,2.651303,0.000000,0.438695,0.661017,0.286123,0.240487,200,952,952,32.000000,0,0,16,16,73,73,12,0,390.000000,499,0,0,58,124,0,58,15,9,6,0,15,6,6,4,2,0,0,0,0,43,40,23,63,45,18,0,0,0
514,13000043,50,2,208.324181514480,175.000000000000,25.000000000000,2.373610890394,c1c8b5778322c13,8d15af1f9d36efa1,9a256c8449551b0b,200,121,60.500000,255.380165,237.131104,1.000000,3.900000,300.863926,2.868810,313.366972,3.966942,2.650000,0.000000,0.477693,0.687011,0.294118,0.302326,200,1176,1176,31.000000,0,0,16,15,102,102,4,2,439.000000,480,0,0,90,110,0,90,11,9,2,0,11,2,2,2,0,0,0,0,0,79,0,79,79,79,0,0,0,0
515,13000044,50,2,370.776668337153,175.000000000000,31.000000000000,2.131839320939,8c8cea1b0d6d46fd,8d15af1f9d36efa1,8d5ca7629dda449c,200,188,94.000000,340.787234,262.776615,1.000000,6.100000,483.485735,2.176905,433.816704,5.984043,2.246222,0.000000,0.233129,0.630996,0.150943,0.089069,200,952,952,32.000000,0,0,16,16,52,52,6,0,342.000000,1125,0,0,32,168,0,32,20,17,3,0,20,3,3,3,0,0,0,0,0,12,0,12,12,12,0,0,0,0
516,13000045,50,2,342.942924604051,425.000000000000,17.000000000000,2.828642590456,df15e087ac7313e3,8d15af1f9d36efa1,8654d7913757e57d,200,76,38.000000,222.223684,278.056923,0.700000,2.100000,232.471578,3.035714,255.748784,3.276316,3.385542,0.000000,0.633284,0.682540,0.445434,0.442953,200,1240,1240,32.000000,0,0,16,16,95,95,8,10,430.000000,249,0,0,80,69,0,80,10,6,4,0,10,4,4,1,3,0,0,0,0,70,60,64,124,73,51,0,0,0
517,13000046,50,2,269.662757524839,175.000000000000,22.000000000000,1.701861330797,b0fcc4d95f4ce3f3,8d15af1f9d36efa1,9b08d300c5d077b4,200,146,73.000000,221.712329,205.619707,0.800000,2.700000,258.127894,2.695685,275.330630,3.554795,3.013487,0.000000,0.391559,0.625468,0.278164,0.164251,200,1168,1168,32.000000,0,0,16,16,46,46,10,0,334.000000,519,0,0,30,132,0,30,16,11,5,0,16,5,5,3,2,0,0,0,0,14,40,14,54,16,38,0,0,0
518,13000047,50,2,139.838678369379,175.000000000000,28.000000000000,2.190260739551,f91298cdaa69b793,8d15af1f9d36efa1,463ddd6b8a79e045,200,180,90.000000,419.205556,329.921388,0.900000,5.700000,505.659655,2.744750,532.066166,6.705556,2.485501,0.000000,0.213681,0.621212,0.142146,0.073676,200,944,944,32.000000,0,0,16,16,43,43,10,10,328.000000,1207,0,0,19,162,0,19,19,14,5,0,19,5,5,4,1,0,0,0,0,0,20,0,20,1,19,0,0,0
519,13000048,50,2,361.041538340489,325.000000000000,25.000000000000,2.693054965005,54ff886a0b28dba6,8d15af1f9d36efa1,9aed8b00c5b935a4,200,193,96.500000,240.616580,211.285837,1.000000,3.700000,284.516900,2.490000,282.966041,3.751295,2.559392,0.000000,0.313093,0.622642,0.216450,0.119221,200,976,976,32.000000,0,0,16,16,45,45,8,0,330.000000,724,0,0,26,174,0,26,19,15,4,0,19,4,4,4,0,0,0,0,0,7,0,7,7,7,0,0,0,0
520,13000049,50,2,25.078399270515,325.000000000000,45.000000000000,2.008968824044,437577c217de47b2,8d15af1f9d36efa1,fcecc144ec673d04,200,162,81.000000,256.283951,237.456237,0.900000,3.500000,295.892660,3.125661,298.244410,4.080247,3.015129,0.000000,0.363811,0.653979,0.232288,0.180917,200,1176,1176,32.000000,0,0,16,16,69,69,8,2,378.000000,661,0,0,50,145,0,50,18,14,4,0,18,4,4,3,1,0,0,0,0,32,20,18,38,33,5,0,0,0
521,13000050,50,2,445.416417944233,175.000000000000,41.000000000000,2.324975400295,40318667d8aa05cd,8d15af1f9d36efa1,9ab3be00c5881406,200,80,40.000000,200.075000,257.512250,0.400000,1.200000,230.383154,2.025000,230.383154,3.000000,2.166667,0.000000,0.583333,0.626866,0.454545,0.302326,200,928,928,32.000000,0,0,16,16,46,46,12,0,336.000000,240,0,0,32,72,0,32,14,8,6,0,14,6,6,0,6,0,0,0,0,18,120,0,120,24,96,0,0,0
522,13000051,50,2,101.351888896352,75.000000000000,28.000000000000,1.531266377364,97db0a3b07d5ae7e,8d15af1f9d36efa1,bdc13d4d5a82a73,200,162,81.000000,422.197531,280.485213,1.000000,7.100000,539.026499,2.172198,528.810671,6.993827,2.227714,0.000000,0.257049,0.662162,0.150038,0.123743,200,1016,1016,32.000000,0,0,16,16,71,71,18,2,392.000000,1133,0,0,54,146,0,54,16,7,9,0,16,9,9,9,0,0,0,0,0,38,0,38,38,38,0,0,0,0
523,13000052,50,2,97.140819453044,175.000000000000,43.000000000000,1.826710770262,e89b3a0fa89c8cf1,8d15af1f9d36efa1,92aadbc747eb9183,200,200,100.000000,195.525000,189.609816,1.000000,3.000000,236.365008,3.530000,223.681786,3.000000,3.333333,0.000000,0.342105,0.609375,0.250000,0.117647,200,1152,1152,32.000000,0,0,16,16,40,40,0,0,312.000000,600,0,0,20,180,0,20,20,20,0,0,20,0,0,0,0,0,0,0,0,0,0,0,0,0,0,0,0,0
524,13000053,50,2,253.461702462860,325.000000000000,27.000000000000,1.655059658805,73450b32f73b7efb,8d15af1f9d36efa1,bcdbf29d950a4b2c,200,110,55.000000,340.736364,263.290517,1.000000,4.600000,359.405366,2.376190,399.582604,5.281818,1.891566,0.000000,0.453434,0.706745,0.256082,0.300842,200,936,936,32.000000,0,0,16,16,120,120,10,0,482.000000,581,0,0,105,95,0,105,15,10,5,0,15,5,5,5,0,0,0,0,0,90,0,90,90,90,0,0,0,0
525,13000054,50,2,243.012767222269,325.000000000000,21.000000000000,2.069651542302,7f61d82d5533f750,8d15af1f9d36efa1,3ec3222b8b9f9590,200,166,83.000000,266.765060,294.232122,0.900000,3.900000,325.333874,2.477513,339.732759,4.487952,2.222819,0.000000,0.306977,0.622642,0.211640,0.116251,200,1104,1104,32.000000,0,0,16,16,48,48,2,0,330.000000,745,0,0,31,150,0,31,17,16,1,0,17,1,1,0,1,0,0,0,0,14,20,14,34,15,19,0,0,0
526,13000055,50,2,42.825059073232,425.000000000000,21.000000000000,2.883171119310,7f82303919e2e7f9,8d15af1f9d36efa1,db007a0def763fb7,200,52,26.000000,328.942308,327.594310,0.500000,2.100000,336.372783,2.495714,361.913014,4.538462,2.500000,0.000000,0.652941,0.689441,0.458716,0.473214,200,1032,1032,32.000000,0,0,16,16,96,96,20,0,444.000000,236,0,0,85,46,0,85,11,1,10,0,11,10,10,5,5,0,0,0,0,74,100,48,148,79,69,0,0,0
527,13000056,50,2,483.866835812458,325.000000000000,43.000000000000,2.049999596857,a8b7dfc8ae90fac0,8d15af1f9d36efa1,3e6d21e2aec4c48b,200,107,53.500000,262.327103,304.414098,0.600000,2.300000,308.643908,2.444444,306.040260,3.757009,2.318408,0.000000,0.464000,0.635036,0.332226,0.223938,200,952,952,32.000000,0,0,16,16,51,51,14,0,348.000000,402,0,0,35,95,0,35,16,9,7,0,16,7,7,3,4,0,0,0,0,19,80,13,93,23,70,0,0,0
528,13000057,50,2,160.543022455203,175.000000000000,36.000000000000,1.586985484439,9931fb6666ec6462,8d15af1f9d36efa1,fc6e77b10a33dbd2,200,120,60.000000,354.933333,303.962483,0.600000,3.900000,453.509253,3.300379,453.510375,6.500000,2.846154,0.000000,0.289617,0.613900,0.204082,0.099307,200,1024,1024,32.000000,0,0,16,16,35,35,16,4,318.000000,780,0,0,17,108,0,17,16,8,8,0,16,8,8,4,4,0,0,0,0,1,80,0,80,5,75,0,0,0
529,13000058,50,2,53.985558713570,175.000000000000,40.000000000000,2.545909175039,498b1619f0723747,8d15af1f9d36efa1,71f30dea8057e977,200,179,89.500000,400.156425,292.254165,1.000000,7.000000,506.802244,2.975455,514.487150,6.983240,2.470400,0.000000,0.226485,0.646643,0.137931,0.096821,200,1160,1160,32.000000,0,0,16,16,61,61,12,0,366.000000,1250,0,0,41,159,0,41,20,14,6,0,20,6,6,6,0,0,0,0,0,21,0,21,21,21,0,0,0,0
530,13000059,50,2,15.473912362338,75.000000000000,34.000000000000,2.750743055828,2929201df576e532,8d15af1f9d36efa1,9a7a2900c5575190,200,88,44.000000,224.250000,201.972278,0.600000,1.600000,219.817962,3.847222,225.523952,2.647727,3.952790,0.000000,0.634223,0.668874,0.461894,0.424691,200,1176,1176,32.000000,0,0,16,16,77,77,18,0,404.000000,233,0,0,63,78,0,63,14,5,9,0,14,9,9,5,4,0,0,0,0,49,80,32,112,53,59,0,0,0
531,13000060,50,2,334.091786469570,75.000000000000,29.000000000000,1.710008068933,e4e25cd71935e526,8d15af1f9d36efa1,8fb8254f2c39e7da,200,80,40.000000,204.062500,223.801773,0.500000,1.500000,216.648557,1.280000,219.087884,3.000000,1.500000,0.000000,0.587629,0.630996,0.454545,0.314286,200,984,984,32.000000,0,0,16,16,46,46,18,0,342.000000,240,0,0,33,72,0,33,13,4,9,0,13,9,9,4,5,0,0,0,0,20,100,20,120,25,95,0,0,0
532,13000061,50,2,99.787358806400,175.000000000000,37.000000000000,2.021547537550,15c1875461aa167e,8d15af1f9d36efa1,b90d399c789b0af7,200,163,81.500000,330.024540,316.586961,1.000000,5.200000,413.763913,2.418810,393.162816,5.177914,2.272512,0.000000,0.335433,0.680511,0.191571,0.186898,200,920,920,32.000000,0,0,16,16,91,91,12,40,426.000000,844,0,0,54,146,0,54,17,11,6,0,17,6,6,6,0,0,0,0,0,37,0,37,37,37,0,0,0,0
533,13000062,50,2,294.005875254585,175.000000000000,34.000000000000,2.026066577071,ab47c029286e81f1,8d15af1f9d36efa1,9aa9ac00c57fa0eb,200,100,50.000000,121.410000,220.538458,0.500000,0.700000,108.190575,3.400000,112.682461,1.470000,3.183673,0.000000,0.674058,0.603175,0.576369,0.328767,200,1080,1080,32.000000,0,0,16,16,30,30,12,0,304.000000,147,0,0,15,90,0,15,15,9,6,0,15,6,6,1,5,0,0,0,0,0,100,0,100,5,95,0,0,0
534,13000063,50,2,441.938862692091,325.000000000000,46.000000000000,1.788600523827,e4de599d6b47c00c,8d15af1f9d36efa1,9ab07700c585658a,200,100,50.000000,128.240000,209.267517,0.500000,0.800000,119.965593,1.900000,119.965593,1.600000,1.625000,0.000000,0.692308,0.642857,0.555556,0.444444,200,1048,1048,32.000000,0,0,16,16,58,58,12,0,360.000000,160,0,0,43,90,0,43,15,9,6,0,15,6,6,1,5,0,0,0,0,28,100,0,100,33,67,0,0,0
535,13000064,50,2,161.344658586518,425.000000000000,20.000000000000,2.755262909233,afeed29b44176547,8d15af1f9d36efa1,131164aaaba89f25,200,118,59.000000,387.042373,256.827922,0.700000,5.000000,588.613694,2.860714,505.221878,6.474576,2.566754,0.000000,0.310469,0.632353,0.207469,0.127854,200,1152,1152,32.000000,0,0,16,16,49,49,14,0,344.000000,764,0,0,36,107,1,35,13,6,7,0,13,7,7,4,3,0,0,0,0,22,60,22,82,25,57,0,0,0
536,13000065,50,2,122.512624143566,175.000000000000,29.000000000000,2.188154641129,5ff7f16d7a81ac3,8d15af1f9d36efa1,9aa98300c57f5b40,200,60,30.000000,102.116667,202.514707,0.300000,0.300000,84.978499,3.333333,84.978499,1.000000,3.333333,0.000000,0.833333,0.600000,0.769231,0.531250,200,960,960,32.000000,0,0,16,16,26,26,16,0,300.000000,60,0,0,13,54,0,13,13,5,8,0,13,8,8,1,7,0,0,0,0,0,140,0,140,7,133,0,0,0
537,13000066,50,2,95.885666273735,175.000000000000,42.000000000000,1.712300018813,472228f042334312,8d15af1f9d36efa1,30514330b0b2e14d,200,104,52.000000,193.817308,272.011953,0.600000,1.900000,239.519121,3.169444,218.816784,3.038462,2.506329,0.000000,0.548571,0.657534,0.387597,0.324786,200,1096,1096,32.000000,0,0,16,16,72,72,8,10,384.000000,316,0,0,51,92,0,51,16,12,4,0,16,4,4,0,4,0,0,0,0,35,80,16,96,39,57,0,0,0
538,13000067,50,2,111.515200290711,75.000000000000,25.000000000000,1.962856711268,79a6e487379396fd,8d15af1f9d36efa1,db43f3445294964f,200,139,69.500000,338.115108,232.436843,0.900000,5.100000,417.148526,1.890825,434.026762,5.841727,2.002463,0.000000,0.322204,0.658703,0.197628,0.159420,200,792,792,32.000000,0,0,16,16,74,74,6,0,386.000000,812,0,0,60,126,0,60,14,11,3,0,14,3,3,2,1,0,0,0,0,46,20,41,61,47,14,0,0,0
539,13000068,50,2,435.869829968138,325.000000000000,44.000000000000,2.007132621329,8efb7a7a54d8cf35,8d15af1f9d36efa1,ee053368a80c7d9,200,174,87.000000,301.442529,266.551937,1.000000,4.800000,355.199151,2.201786,351.485227,4.747126,2.378935,0.000000,0.312812,0.652778,0.194932,0.148454,200,1176,1176,32.000000,0,0,16,16,68,68,8,4,376.000000,826,0,0,46,154,0,46,20,16,4,0,20,4,4,4,0,0,0,0,0,26,0,26,26,26,0,0,0,0
540,13000069,50,2,113.597015243779,325.000000000000,43.000000000000,1.634930493602,18f5a27146e43192,8d15af1f9d36efa1,b21c42b9f8735144,200,180,90.000000,238.600000,225.648625,0.900000,3.500000,262.935561,2.936508,273.034851,3.961111,2.645161,0.000000,0.312440,0.618321,0.219058,0.114286,200,1040,1040,32.000000,0,0,16,16,39,39,14,2,324.000000,713,0,0,19,162,0,19,19,12,7,0,19,7,7,6,1,0,0,0,0,0,20,0,20,1,19,0,0,0
541,13000070,50,2,135.025471750307,175.000000000000,35.000000000000,2.450334792130,56d3d1e16c7e21c6,8d15af1f9d36efa1,e844c925f6f0d4e3,200,200,100.000000,310.955000,294.423915,1.000000,5.200000,402.456261,3.117619,394.160915,5.200000,2.769231,0.000000,0.234168,0.613900,0.161290,0.076377,200,1040,1040,32.000000,0,0,16,16,40,40,6,0,318.000000,1040,0,0,20,180,0,20,20,17,3,0,20,3,3,3,0,0,0,0,0,0,0,0,0,0,0,0,0,0
542,13000071,50,2,4.404887826654,175.000000000000,35.000000000000,2.867903599085,c4f176d628daaae6,8d15af1f9d36efa1,8a7e1d4fba24fea4,200,172,86.000000,273.238372,248.299088,1.000000,3.900000,302.031721,2.548889,307.749881,4.075581,2.527817,0.000000,0.351526,0.655172,0.221976,0.174323,200,1104,1104,32.000000,0,0,16,16,69,69,10,2,380.000000,701,0,0,48,152,0,48,20,15,5,0,20,5,5,5,0,0,0,0,0,28,0,28,28,28,0,0,0,0
543,13000072,50,2,84.019047814609,175.000000000000,36.000000000000,2.699860152967,aa5981bc2ff08b1a,8d15af1f9d36efa1,ad1bd5eed676f3fc,200,160,80.000000,273.787500,259.888673,0.800000,3.100000,312.107909,2.680060,328.815648,4.000000,2.812500,0.000000,0.330544,0.612403,0.238095,0.116022,200,1008,1008,32.000000,0,0,16,16,37,37,10,2,316.000000,640,0,0,18,144,0,18,18,13,5,0,18,5,5,3,2,0,0,0,0,0,40,0,40,2,38,0,0,0
544,13000073,50,2,262.762572814713,325.000000000000,24.000000000000,1.806866032889,55ab1179604e3ec5,8d15af1f9d36efa1,ac99630c8a3eb6a1,200,200,100.000000,380.790000,281.695217,1.000000,6.900000,502.166213,2.701429,495.757530,7.005000,2.309065,0.000000,0.186883,0.616858,0.124922,0.060362,200,968,968,32.000000,0,0,16,16,40,40,10,0,322.000000,1401,0,0,20,180,0,20,20,15,5,0,20,5,5,5,0,0,0,0,0,0,0,0,0,0,0,0,0,0
545,13000074,50,2,191.844800891545,75.000000000000,19.000000000000,1.508974579408,80c2452958fe29b9,8d15af1f9d36efa1,e00112ec432ff092,200,88,44.000000,306.272727,283.186328,0.600000,2.500000,322.259861,2.375000,341.699197,4.465909,2.605598,0.000000,0.492903,0.656357,0.337268,0.276243,200,968,968,32.000000,0,0,16,16,65,65,20,12,382.000000,393,0,0,46,79,0,46,13,3,10,0,13,10,10,6,4,0,0,0,0,33,80,32,112,37,75,0,0,0
546,13000075,50,2,331.151321539048,75.000000000000,25.000000000000,1.877276452074,6c657fc762b9e4bd,8d15af1f9d36efa1,9aa9a900c57f9bd2,200,60,30.000000,133.250000,211.877159,0.400000,0.600000,110.689999,3.750000,113.712523,1.666667,4.200000,0.000000,0.804688,0.673203,0.666667,0.642857,200,1144,1144,32.000000,0,0,16,16,84,84,12,6,412.000000,100,0,0,69,54,0,69,12,6,6,0,12,6,6,0,6,0,0,0,0,57,120,20,140,63,77,0,0,0
547,13000076,50,2,43.954098024585,75.000000000000,30.000000000000,2.709280714642,7521f7b86eb89d77,8d15af1f9d36efa1,b4d11b01a725f560,200,128,64.000000,230.828125,249.164103,0.900000,3.500000,307.609717,2.608730,277.417684,3.648438,2.835118,0.000000,0.469921,0.674267,0.299850,0.280431,200,1016,1016,32.000000,0,0,16,16,89,89,4,2,414.000000,467,0,0,74,115,0,74,14,12,2,0,14,2,2,1,1,0,0,0,0,60,20,52,72,61,11,0,0,0
548,13000077,50,2,5.816477851961,325.000000000000,47.000000000000,1.716917910501,82540fb117b20848,8d15af1f9d36efa1,d3d88f218c10f49,200,147,73.500000,211.428571,239.831138,0.900000,2.800000,243.241832,2.935185,234.664589,3.034014,2.860987,0.000000,0.452088,0.647887,0.309598,0.233677,200,1256,1256,32.000000,0,0,16,16,65,65,6,0,368.000000,446,0,0,49,132,0,49,16,13,3,0,16,3,3,2,1,0,0,0,0,33,20,33,53,34,19,0,0,0
549,13000078,50,2,389.700149451981,425.000000000000,28.000000000000,2.633374671525,ebf98009b831438a,8d15af1f9d36efa1,14663a72651cee02,200,184,92.000000,285.586957,246.296333,1.000000,4.400000,344.004096,2.123810,334.402671,4.483696,2.077576,0.000000,0.300254,0.638989,0.195122,0.128828,200,936,936,32.000000,0,0,16,16,54,54,14,4,354.000000,825,0,0,34,166,0,34,18,11,7,0,18,7,7,7,0,0,0,0,0,16,0,16,16,16,0,0,0,0
550,13000079,50,2,372.558834063943,175.000000000000,31.000000000000,2.624969888511,dd1b4d787ad1f70a,8d15af1f9d36efa1,448f13a0f0972856,200,195,97.500000,320.933333,285.384391,1.000000,5.000000,386.385797,1.998968,381.442716,5.025641,1.996939,0.000000,0.254186,0.625468,0.169492,0.094270,200,936,936,32.000000,0,0,16,16,48,48,6,6,334.000000,980,0,0,25,175,0,25,20,17,3,0,20,3,3,3,0,0,0,0,0,5,0,5,5,5,0,0,0,0
551,13000080,50,2,354.013541782449,425.000000000000,27.000000000000,2.459271872788,2ae4927241bcdf9d,8d15af1f9d36efa1,9a879300c562900a,200,162,81.000000,230.475309,185.188089,0.900000,2.900000,242.579453,3.944444,256.248903,3.419753,3.043321,0.000000,0.416842,0.664430,0.265252,0.228412,200,1128,1128,32.000000,0,0,16,16,72,72,20,0,396.000000,554,0,0,55,145,0,55,17,7,10,0,17,10,10,10,0,0,0,0,0,38,20,18,38,38,0,0,0,0
552,13000081,50,2,478.636329128350,175.000000000000,36.000000000000,2.810293781789,81072ea9b5a35a52,8d15af1f9d36efa1,3e1b5d9045f78e7b,200,141,70.500000,318.843972,250.875158,0.800000,4.200000,398.501320,2.356647,405.248953,5.340426,2.233732,0.000000,0.313582,0.632353,0.209864,0.129480,200,1096,1096,32.000000,0,0,16,16,51,51,10,0,344.000000,753,0,0,36,127,0,36,16,11,5,0,16,5,5,3,2,0,0,0,0,20,40,19,59,22,37,0,0,0
553,13000082,50,2,9.597296014348,75.000000000000,33.000000000000,2.295536844473,bc2b9d1d08ada5c8,8d15af1f9d36efa1,5670ed4f9ca3d90e,200,128,64.000000,205.703125,255.270597,0.700000,2.300000,261.558331,3.266667,230.264071,2.843750,3.208791,0.000000,0.490196,0.636364,0.354610,0.244813,200,1008,1008,32.000000,0,0,16,16,53,53,12,0,350.000000,364,0,0,37,115,0,37,16,10,6,0,16,6,6,3,3,0,0,0,0,21,60,12,72,24,48,0,0,0
554,13000083,50,2,253.400578153369,75.000000000000,25.000000000000,1.886830865964,f163ef50ab0f2641,8d15af1f9d36efa1,9ab3d200c5883602,200,73,36.500000,221.328767,254.030477,0.500000,2.000000,329.058372,3.020000,269.001169,3.547945,2.459459,0.000000,0.588235,0.649123,0.435730,0.347607,200,1016,1016,32.000000,0,0,16,16,64,64,10,0,370.000000,259,0,0,52,66,0,52,12,7,5,0,12,5,5,0,5,0,0,0,0,40,100,27,127,45,82,0,0,0
555,13000084,50,2,53.670188285279,175.000000000000,41.000000000000,2.737404437929,c87e86ef7dae7553,8d15af1f9d36efa1,e5ce85f6f25ce15f,200,131,65.500000,232.099237,255.610819,0.800000,2.600000,250.844466,2.622917,264.341755,3.595420,2.114650,0.000000,0.437276,0.646643,0.298063,0.221488,200,1120,1120,32.000000,0,0,16,16,64,64,6,2,366.000000,471,0,0,46,116,0,46,17,14,3,0,17,3,3,1,2,0,0,0,0,29,40,29,69,31,38,0,0,0
556,13000085,50,2,106.433005414782,175.000000000000,29.000000000000,2.990565186939,2603f4e9371c9fcc,8d15af1f9d36efa1,9a7ab712c95fd789,200,119,59.500000,265.142857,306.562839,0.700000,3.200000,341.576417,2.506803,328.227071,4.436975,2.325758,0.000000,0.391705,0.629630,0.274725,0.169811,200,888,888,32.000000,0,0,16,16,49,49,10,0,340.000000,528,0,0,35,108,0,35,14,9,5,0,14,5,5,2,3,0,0,0,0,21,60,21,81,24,57,0,0,0
557,13000086,50,2,120.588082513204,325.000000000000,35.000000000000,2.351559787571,7c51d3c01c716cd1,8d15af1f9d36efa1,9a87c400c562e34d,200,133,66.500000,320.203008,277.513469,0.700000,2.800000,329.335012,2.126190,414.463595,5.075188,2.231111,0.000000,0.321608,0.615385,0.228571,0.115334,200,1104,1104,32.000000,0,0,16,16,39,39,10,0,320.000000,675,0,0,23,120,0,23,16,11,5,0,16,5,5,2,3,0,0,0,0,7,60,7,67,10,57,0,0,0
558,13000087,50,2,391.884979342243,425.000000000000,29.000000000000,1.956426578864,c93b1b542aa0a04d,8d15af1f9d36efa1,9fa764c5ad40dd97,200,133,66.500000,354.578947,263.355869,0.800000,4.300000,425.557235,2.642361,455.829206,5.857143,2.403081,0.000000,0.314864,0.641577,0.204290,0.139227,200,880,880,32.000000,0,0,16,16,57,57,12,0,358.000000,779,0,0,42,120,0,42,15,9,6,0,15,6,6,4,2,0,0,0,0,27,40,27,67,29,38,0,0,0
559,13000088,50,2,392.761777820628,175.000000000000,23.000000000000,2.847997512652,9fa462266ab8d5cd,8d15af1f9d36efa1,6dd24e41fe8e93c9,200,155,77.500000,299.612903,266.094873,0.800000,3.600000,361.962315,2.446131,363.427124,4.477419,2.521614,0.000000,0.322266,0.622642,0.223714,0.123737,200,904,904,32.000000,0,0,16,16,43,43,12,4,330.000000,694,0,0,23,139,0,23,18,12,6,0,18,6,6,4,2,0,0,0,0,5,40,5,45,7,38,0,0,0
560,13000089,50,2,271.546258609324,75.000000000000,29.000000000000,1.872178982405,b42b5adf90f4b29e,8d15af1f9d36efa1,7ba81fe0fc8e6dae,200,178,89.000000,249.544944,257.716845,1.000000,4.800000,362.633319,2.771667,300.656412,4.224719,2.702128,0.000000,0.317604,0.636364,0.210084,0.135632,200,1136,1136,32.000000,0,0,16,16,58,58,2,0,350.000000,752,0,0,40,160,0,40,18,17,1,0,18,1,1,1,0,0,0,0,0,22,0,22,22,22,0,0,0,0
561,13000090,50,2,100.413241194006,175.000000000000,34.000000000000,2.399031095844,c8dde11204f9e50c,8d15af1f9d36efa1,8b2cadcd8cb73d7d,200,100,50.000000,299.380000,331.510893,0.500000,2.300000,371.582678,2.826667,361.490119,4.600000,2.391304,0.000000,0.408740,0.613900,0.303030,0.157509,200,896,896,32.000000,0,0,16,16,36,36,14,4,318.000000,460,0,0,19,90,0,19,15,8,7,0,15,7,7,2,5,0,0,0,0,4,100,0,100,9,91,0,0,0
562,13000091,50,2,359.797081318385,325.000000000000,35.000000000000,1.853950037348,5882d63eb6ef756a,8d15af1f9d36efa1,6fe0420737c37d52,200,97,48.500000,204.783505,255.627814,0.500000,1.500000,223.658185,2.700000,228.426721,3.134021,2.638158,0.000000,0.511254,0.613900,0.396825,0.220513,200,992,992,32.000000,0,0,16,16,38,38,10,2,318.000000,304,0,0,22,87,0,22,15,10,5,0,15,5,5,0,5,0,0,0,0,7,100,3,103,12,91,0,0,0
563,13000092,50,2,491.934022166975,175.000000000000,40.000000000000,2.984023995441,743f9e9e295edff8,8d15af1f9d36efa1,78fec52bb1aa875e,200,158,79.000000,299.822785,256.341435,0.800000,3.900000,385.585007,3.146429,368.627097,4.860759,2.804688,0.000000,0.295413,0.616858,0.206612,0.104895,200,1064,1064,32.000000,0,0,16,16,38,38,14,0,322.000000,768,0,0,20,142,0,20,18,11,7,0,18,7,7,5,2,0,0,0,0,2,40,2,42,4,38,0,0,0
564,13000093,50,2,139.028105912409,75.000000000000,21.000000000000,2.647926415464,e6088528dc34d423,8d15af1f9d36efa1,85f3d55fd2c8a504,200,126,63.000000,410.674603,305.299339,1.000000,6.300000,482.526019,2.454141,517.122248,7.055556,2.224972,0.000000,0.340993,0.696970,0.183655,0.204118,200,856,856,32.000000,0,0,16,16,110,110,8,24,460.000000,889,0,0,86,114,0,86,12,8,4,0,12,4,4,4,0,0,0,0,0,74,0,74,74,74,0,0,0,0
565,13000094,50,2,227.976547481110,75.000000000000,19.000000000000,1.828343954271,2cb6172589fa289e,8d15af1f9d36efa1,48ac43c500cec1f4,200,158,79.000000,199.481013,213.721012,0.900000,2.800000,242.173737,2.322751,227.991111,3.000000,2.303797,0.000000,0.424757,0.636364,0.296736,0.199324,200,952,952,32.000000,0,0,16,16,56,56,6,0,350.000000,474,0,0,39,142,0,39,17,14,3,0,17,3,3,2,1,0,0,0,0,22,20,22,42,23,19,0,0,0
566,13000095,50,2,343.917846407111,425.000000000000,23.000000000000,2.385076479907,600804ae5fa60584,8d15af1f9d36efa1,368799b9527f2107,200,52,26.000000,300.653846,356.873052,0.300000,1.500000,381.487432,2.400000,339.048991,4.884615,2.212598,0.000000,0.605590,0.661017,0.440529,0.383495,200,1008,1008,32.000000,0,0,16,16,70,70,18,18,390.000000,254,0,0,48,46,0,48,13,4,9,0,13,9,9,2,7,0,0,0,0,35,140,8,148,42,106,0,0,0
567,13000096,50,2,273.916023668274,425.000000000000,11.000000000000,2.284902609958,17e50a04201fab3a,8d15af1f9d36efa1,102c4b70fc954776,200,125,62.500000,287.968000,251.547295,1.000000,4.100000,334.995783,2.890476,348.569423,4.272000,2.764045,0.000000,0.448347,0.684543,0.272480,0.274457,200,1144,1144,32.000000,0,0,16,16,98,98,6,2,434.000000,534,0,0,86,114,0,86,11,8,3,0,11,3,3,3,0,0,0,0,0,75,0,75,75,75,0,0,0,0
568,13000097,50,2,154.974497474895,325.000000000000,31.000000000000,2.587145243130,1cc2367c1720d5af,8d15af1f9d36efa1,2b47d36ce44b2955,200,186,93.000000,254.268817,256.095927,1.000000,3.900000,323.320439,3.105000,311.927755,4.000000,3.006720,0.000000,0.309833,0.625468,0.211864,0.120567,200,1168,1168,32.000000,0,0,16,16,50,50,2,0,334.000000,744,0,0,32,168,0,32,18,17,1,0,18,1,1,1,0,0,0,0,0,14,0,14,14,14,0,0,0,0
569,13000098,50,2,474.529505491281,425.000000000000,28.000000000000,2.891507507058,b2a9a1b1efd9a04a,8d15af1f9d36efa1,99ed00ec1c5aa79a,200,151,75.500000,380.456954,364.315412,1.000000,6.000000,447.614023,2.194127,466.808811,6.125828,2.067027,0.000000,0.307116,0.672131,0.177778,0.161378,200,1032,1032,32.000000,0,0,16,16,79,79,20,0,410.000000,925,0,0,64,136,0,64,15,5,10,0,15,10,10,10,0,0,0,0,0,49,0,49,49,49,0,0,0,0
570,13000099,50,2,147.351427546012,325.000000000000,34.000000000000,2.480482271095,744b977644be6f84,8d15af1f9d36efa1,9b9979708b7fd451,200,177,88.500000,312.632768,294.102399,1.000000,5.300000,404.981418,2.772103,391.785154,5.209040,2.821041,0.000000,0.280250,0.642218,0.178253,0.121905,200,1128,1128,31.000000,0,0,16,15,63,63,2,0,359.000000,922,0,0,43,157,0,43,20,19,1,0,20,1,1,1,0,0,0,0,0,23,0,23,23,23,0,0,0,0
571,13000100,50,2,404.670790922275,325.000000000000,30.000000000000,2.886276577399,9733c5d93de93d72,8d15af1f9d36efa1,fa37f80ef0972813,200,195,97.500000,250.076923,222.236123,1.000000,4.000000,304.047754,2.563420,300.985786,4.010256,2.702046,0.000000,0.294224,0.619772,0.203666,0.107306,200,976,976,32.000000,0,0,16,16,45,45,4,0,326.000000,782,0,0,25,175,0,25,20,18,2,0,20,2,2,2,0,0,0,0,0,5,0,5,5,5,0,0,0,0
572,13000101,50,2,233.803133853206,175.000000000000,32.000000000000,1.602246506431,b7af4215b1f58a12,8d15af1f9d36efa1,66b86121d4a1beae,200,100,50.000000,281.150000,315.805081,0.500000,2.100000,348.062699,2.306667,358.342858,4.200000,2.476190,0.000000,0.418283,0.601594,0.322581,0.142857,200,928,928,32.000000,0,0,16,16,30,30,10,0,302.000000,420,0,0,15,90,0,15,15,10,5,0,15,5,5,0,5,0,0,0,0,0,100,0,100,5,95,0,0,0
573,13000102,50,2,184.832054671142,425.000000000000,28.000000000000,2.008827537293,65066981140433e4,8d15af1f9d36efa1,95d329da53afadb1,200,120,60.000000,255.941667,297.117916,0.600000,2.400000,301.377134,2.660317,309.413836,4.000000,2.625000,0.000000,0.407407,0.622642,0.294118,0.169550,200,960,960,32.000000,0,0,16,16,45,45,8,2,330.000000,480,0,0,28,108,0,28,16,12,4,0,16,4,4,0,4,0,0,0,0,12,80,0,80,16,64,0,0,0
574,13000103,50,2,441.981796933467,325.000000000000,41.000000000000,1.991345163980,3b53fc15e543809,8d15af1f9d36efa1,9db1bc68485dcc7f,200,191,95.500000,302.931937,270.859084,1.000000,5.000000,371.694794,3.069444,380.419406,5.115183,2.976459,0.000000,0.255903,0.626866,0.169924,0.096207,200,1040,1040,32.000000,0,0,16,16,49,49,6,0,336.000000,977,0,0,29,171,0,29,20,17,3,0,20,3,3,3,0,0,0,0,0,9,0,9,9,9,0,0,0,0
575,13000104,50,2,439.791439267558,425.000000000000,32.000000000000,2.007887574727,45679b98d9da6226,8d15af1f9d36efa1,fd0f76fd0b9c3fb8,200,139,69.500000,349.381295,328.795337,0.800000,4.700000,444.722587,2.364881,427.384189,5.856115,2.257985,0.000000,0.305461,0.641577,0.197239,0.134043,200,944,944,32.000000,0,0,16,16,53,53,20,0,358.000000,814,0,0,37,125,0,37,16,6,10,0,16,10,10,8,2,0,0,0,0,21,40,21,61,23,38,0,0,0
576,13000105,50,2,188.387575878541,175.000000000000,26.000000000000,2.467284190164,2164c872cbedf5eb,8d15af1f9d36efa1,2b02e14f8401c9c9,200,60,30.000000,155.366667,217.843850,0.300000,0.700000,174.748521,2.166667,174.046566,2.333333,2.285714,0.000000,0.703390,0.624060,0.588235,0.416667,200,944,944,32.000000,0,0,16,16,44,44,12,0,332.000000,140,0,0,32,54,0,32,12,6,6,0,12,6,6,0,6,0,0,0,0,20,140,0,140,26,114,0,0,0
577,13000106,50,2,52.353511595436,425.000000000000,37.000000000000,2.499498682220,bdaf9569b077d694,8d15af1f9d36efa1,58347b98a0f376b7,200,134,67.000000,225.171642,190.202938,0.800000,2.500000,234.696532,3.286458,257.883699,3.328358,3.143498,0.000000,0.448020,0.644128,0.309598,0.225694,200,1368,1368,32.000000,0,0,16,16,58,58,14,0,362.000000,446,0,0,42,120,0,42,16,9,7,0,16,7,7,5,2,0,0,0,0,26,40,26,66,28,38,0,0,0
578,13000107,50,2,39.017719827188,75.000000000000,35.000000000000,2.192853087763,14e2262b9095f841,8d15af1f9d36efa1,d6812be4fa6766cb,200,136,68.000000,403.102941,286.880652,1.000000,7.800000,558.844332,1.822857,506.792312,7.191176,1.559305,0.000000,0.306383,0.683544,0.169779,0.169779,200,912,912,32.000000,0,0,16,16,90,90,20,0,432.000000,978,0,0,77,123,0,77,13,3,10,0,13,10,10,10,0,0,0,0,0,64,0,64,64,64,0,0,0,0
579,13000108,50,2,142.590592962525,75.000000000000,30.000000000000,2.315279285258,da05970d316943cb,8d15af1f9d36efa1,c1c93287c39ad482,200,145,72.500000,268.455172,275.073792,1.000000,4.100000,305.647477,2.316905,345.024886,4.551724,2.560606,0.000000,0.376181,0.665552,0.232558,0.200969,200,992,992,32.000000,0,0,16,16,81,81,4,0,398.000000,660,0,0,68,132,0,68,13,11,2,0,13,2,2,2,0,0,0,0,0,55,0,55,55,55,0,0,0,0
580,13000109,50,2,183.148759260015,325.000000000000,25.000000000000,2.490520308835,babddc7c325fd2a1,8d15af1f9d36efa1,cdd1126068164eb4,200,200,100.000000,287.155000,268.882389,1.000000,4.300000,354.799542,2.814603,354.754893,4.300000,2.581395,0.000000,0.267462,0.610895,0.188679,0.087049,200,960,960,32.000000,0,0,16,16,40,40,2,0,314.000000,860,0,0,20,180,0,20,20,19,1,0,20,1,1,1,0,0,0,0,0,0,0,0,0,0,0,0,0,0
581,13000110,50,2,438.263754791937,425.000000000000,30.000000000000,2.791250002176,fcfdbd196db3574c,8d15af1f9d36efa1,74b21c2548ec7d2f,200,154,77.000000,252.409091,263.446177,1.000000,4.200000,316.838812,1.866667,269.243063,3.675325,1.784452,0.000000,0.418891,0.671053,0.261097,0.237197,200,984,984,32.000000,0,0,16,16,84,84,8,8,408.000000,566,0,0,63,137,0,63,17,13,4,0,17,4,4,4,0,0,0,0,0,46,0,46,46,46,0,0,0,0
582,13000111,50,2,61.292868561023,175.000000000000,39.000000000000,1.928961185404,c3a2b4b31d50cce9,8d15af1f9d36efa1,18d9b7991be9786f,200,60,30.000000,172.816667,289.956639,0.300000,0.700000,185.891008,3.266667,185.891008,2.333333,3.571429,0.000000,0.684685,0.603175,0.588235,0.339623,200,1080,1080,32.000000,0,0,16,16,27,27,18,2,304.000000,140,0,0,13,54,0,13,13,4,9,0,13,9,9,2,7,0,0,0,0,0,140,0,140,7,133,0,0,0
583,13000112,50,2,54.557936593953,75.000000000000,34.000000000000,1.826298566956,49ec2dca59703ec0,8d15af1f9d36efa1,b86f56a5e3226c1e,200,131,65.500000,270.908397,259.060471,0.900000,3.100000,267.152872,3.673016,297.283581,3.816794,3.314000,0.000000,0.464668,0.684543,0.285714,0.287749,200,1328,1328,32.000000,0,0,16,16,95,95,12,2,434.000000,500,0,0,79,117,0,79,15,9,6,0,15,6,6,5,1,0,0,0,0,64,20,49,69,65,4,0,0,0
584,13000113,50,2,369.481193227822,325.000000000000,34.000000000000,2.049725897403,7d4b2489f1c31da5,8d15af1f9d36efa1,3a32142829d50dbb,200,57,28.500000,208.649123,327.234663,0.300000,1.100000,243.682073,2.266667,248.788336,3.701754,2.241706,0.000000,0.595010,0.607843,0.486618,0.269896,200,1008,1008,32.000000,0,0,16,16,31,31,16,0,310.000000,211,0,0,18,51,0,18,13,5,8,0,13,8,8,1,7,0,0,0,0,5,140,3,143,12,131,0,0,0
585,13000114,50,2,307.637828219602,75.000000000000,24.000000000000,1.922651557223,ad34935e2952c5b2,8d15af1f9d36efa1,512338e062d652f8,200,153,76.500000,250.196078,250.733775,0.800000,2.700000,271.979060,2.991667,299.748778,3.699346,2.517668,0.000000,0.362613,0.616858,0.261097,0.137195,200,1104,1104,32.000000,0,0,16,16,41,41,8,0,322.000000,566,0,0,24,138,0,24,17,13,4,0,17,4,4,2,2,0,0,0,0,7,40,7,47,9,38,0,0,0
586,13000115,50,2,169.243613648434,425.000000000000,23.000000000000,2.303518341758,a6b68d1a7d3af0c8,8d15af1f9d36efa1,127e6be22534885e,200,170,85.000000,373.294118,248.047649,1.000000,6.400000,514.931213,2.267273,480.663040,6.017647,2.217009,0.000000,0.264558,0.647887,0.163532,0.117343,200,1048,1048,32.000000,0,0,16,16,62,62,12,0,368.000000,1023,0,0,46,154,0,46,16,10,6,0,16,6,6,6,0,0,0,0,0,30,0,30,30,30,0,0,0,0
587,13000116,50,2,288.247303408400,175.000000000000,31.000000000000,1.631860281185,5004f663cf76de7c,8d15af1f9d36efa1,97a73d1436b715ee,200,186,93.000000,207.333333,188.124814,1.000000,3.500000,250.813213,2.696349,248.394234,3.682796,2.551825,0.000000,0.329089,0.626866,0.225989,0.131812,200,1344,1344,32.000000,0,0,16,16,50,50,4,0,336.000000,685,0,0,32,168,0,32,18,16,2,0,18,2,2,2,0,0,0,0,0,14,0,14,14,14,0,0,0,0
588,13000117,50,2,124.305873090581,425.000000000000,31.000000000000,2.470548691883,a45835d35359439f,8d15af1f9d36efa1,8f8a20ee34cb6326,200,164,82.000000,198.189024,210.707570,1.000000,3.100000,240.262950,2.975000,236.546821,3.176829,2.888676,0.000000,0.413948,0.647887,0.277393,0.207002,200,1200,1200,32.000000,0,0,16,16,68,68,0,0,368.000000,521,0,0,52,148,0,52,16,16,0,0,16,0,0,0,0,0,0,0,0,36,0,36,36,36,0,0,0,0
589,13000118,50,2,337.063376917643,75.000000000000,17.000000000000,2.326510559834,af2e2bff19e4648d,8d15af1f9d36efa1,df68b09d502c5387,200,20,10.000000,404.350000,284.362111,0.100000,0.700000,576.279197,1.857143,536.651657,7.000000,1.857143,0.000000,0.733840,0.658703,0.588235,0.523810,200,984,984,32.000000,0,0,16,16,69,69,16,0,386.000000,140,0,0,61,18,0,61,9,1,8,0,9,8,8,1,7,0,0,0,0,52,180,0,180,59,121,0,0,0
590,13000119,50,2,332.370328713200,325.000000000000,30.000000000000,2.088356753041,e50281b13283f5aa,8d15af1f9d36efa1,7cef0289d7358778,200,200,100.000000,272.750000,253.031681,1.000000,4.400000,352.190757,3.416270,340.553618,4.400000,2.795455,0.000000,0.261745,0.609375,0.185185,0.083333,200,1200,1200,32.000000,0,0,16,16,40,40,0,0,312.000000,880,0,0,20,180,0,20,20,20,0,0,20,0,0,0,0,0,0,0,0,0,0,0,0,0,0,0,0,0
591,13000120,50,2,451.247396929799,75.000000000000,34.000000000000,1.715771859099,48f5c76c0b58a23,8d15af1f9d36efa1,15ff4007ee486349,200,160,80.000000,400.200000,365.933732,1.000000,6.000000,476.284750,2.621429,478.732054,5.887500,2.384289,0.000000,0.303254,0.672131,0.175131,0.158929,200,944,944,32.000000,0,0,16,16,76,76,26,0,410.000000,942,0,0,58,142,0,58,18,5,13,0,18,13,13,13,0,0,0,0,0,40,0,40,40,40,0,0,0,0
592,13000121,50,2,457.086832719373,325.000000000000,40.000000000000,2.248299299423,96cf4e289fc2716a,8d15af1f9d36efa1,f8a216ed90cebb0b,200,173,86.500000,303.624277,293.514470,1.000000,4.700000,357.517438,2.640357,356.149456,4.670520,2.330446,0.000000,0.319865,0.655172,0.198413,0.154812,200,1016,1016,32.000000,0,0,16,16,67,67,14,4,380.000000,808,0,0,46,154,0,46,19,12,7,0,19,7,7,7,0,0,0,0,0,27,0,27,27,27,0,0,0,0
593,13000122,50,2,495.093448140334,425.000000000000,35.000000000000,2.345077943358,d21d4377a99b62ad,8d15af1f9d36efa1,7050ff14fea7e2d5,200,177,88.500000,304.135593,233.763379,1.000000,4.000000,319.659723,2.591667,339.756245,4.231638,2.700935,0.000000,0.331250,0.649737,0.210748,0.157480,200,1032,1032,31.000000,0,0,16,15,58,58,24,2,371.000000,749,0,0,40,160,0,40,17,5,12,0,17,12,12,12,0,0,0,0,0,23,0,23,23,23,0,0,0,0
594,13000123,50,2,79.152682482491,175.000000000000,35.000000000000,2.601438697801,3235388d9031e419,8d15af1f9d36efa1,f9bb6ba82ea7f858,200,200,100.000000,285.835000,266.009020,1.000000,4.600000,348.025414,2.359683,347.172620,4.600000,2.188043,0.000000,0.259259,0.616858,0.178571,0.089109,200,1088,1088,32.000000,0,0,16,16,40,40,10,0,322.000000,920,0,0,20,180,0,20,20,15,5,0,20,5,5,5,0,0,0,0,0,0,0,0,0,0,0,0,0,0
595,13000124,50,2,8.089697262265,75.000000000000,37.000000000000,2.457866563317,9735147472380f7c,8d15af1f9d36efa1,1b7584fd4fd21afa,200,154,77.000000,356.818182,314.981111,0.900000,5.100000,439.824607,2.659259,426.521161,5.694805,2.458381,0.000000,0.312157,0.665552,0.185701,0.159156,200,944,944,32.000000,0,0,16,16,70,70,26,0,398.000000,877,0,0,53,138,0,53,17,4,13,0,17,13,13,12,1,0,0,0,0,36,20,26,46,37,9,0,0,0
596,13000125,50,2,443.424496270094,325.000000000000,35.000000000000,2.675467229608,3622a721a5e1075a,8d15af1f9d36efa1,577227368819347b,200,111,55.500000,242.954955,279.419400,0.600000,2.300000,275.894514,2.229167,278.198279,3.846847,1.971897,0.000000,0.438896,0.625468,0.318979,0.192817,200,856,856,32.000000,0,0,16,16,43,43,16,0,334.000000,427,0,0,27,99,0,27,16,8,8,0,16,8,8,4,4,0,0,0,0,11,80,9,89,15,74,0,0,0
597,13000126,50,2,256.032483839872,175.000000000000,28.000000000000,2.160183737346,a94c23a93a5b36c5,8d15af1f9d36efa1,f6058e3afee2d1c8,200,179,89.500000,314.324022,333.395432,1.000000,5.200000,401.060902,2.370833,399.678751,5.178771,2.310680,0.000000,0.270653,0.632353,0.177462,0.107796,200,928,928,32.000000,0,0,16,16,56,56,0,2,344.000000,927,0,0,38,162,0,38,17,17,0,0,17,0,0,0,0,0,0,0,0,21,0,21,21,21,0,0,0,0
598,13000127,50,2,128.055516624265,425.000000000000,34.000000000000,1.699592219121,1ec670bf115e9e8c,8d15af1f9d36efa1,f219f3fcba533f4d,200,100,50.000000,354.170000,332.552246,0.700000,3.900000,428.765182,2.607143,418.893743,5.200000,2.346154,0.000000,0.443255,0.674267,0.277778,0.259259,200,944,944,32.000000,0,0,16,16,83,83,16,0,414.000000,520,0,0,72,90,0,72,12,4,8,0,12,8,8,6,2,0,0,0,0,60,60,40,100,62,38,0,0,0
599,13000128,50,2,98.878758373379,425.000000000000,32.000000000000,1.579241998748,61c7041fe463af9d,8d15af1f9d36efa1,29d3139b7bbd79cc,200,155,77.500000,229.800000,262.251208,0.900000,3.700000,317.926196,2.283069,278.965195,3.922581,2.287829,0.000000,0.366667,0.637681,0.247525,0.164835,200,952,952,32.000000,0,0,16,16,57,57,6,0,352.000000,608,0,0,41,140,0,41,16,13,3,0,16,3,3,2,1,0,0,0,0,25,20,25,45,26,19,0,0,0
600,13000129,50,2,465.771190656887,75.000000000000,30.000000000000,2.469055170653,6b149873587358ae,8d15af1f9d36efa1,9ad5bf00c5a4fc1f,200,104,52.000000,205.336538,273.945685,0.600000,1.700000,202.919351,2.500000,214.271528,2.980769,2.438710,0.000000,0.557143,0.661017,0.392157,0.337607,200,888,888,32.000000,0,0,16,16,72,72,14,0,390.000000,310,0,0,58,93,0,58,14,7,7,0,14,7,7,4,3,0,0,0,0,44,80,16,96,47,49,0,0,0
601,13000130,50,2,470.820583752116,425.000000000000,34.000000000000,2.325539860731,736c98d239b7e5eb,8d15af1f9d36efa1,9a7d8700c55a2721,200,174,87.000000,267.977011,258.650562,1.000000,3.900000,301.164102,3.440000,287.789086,3.810345,3.063348,0.000000,0.364334,0.655172,0.231750,0.182491,200,1304,1304,32.000000,0,0,16,16,67,67,14,10,380.000000,663,0,0,44,156,0,44,18,11,7,0,18,7,7,7,0,0,0,0,0,26,0,26,26,26,0,0,0,0
602,13000131,50,2,399.132962124946,175.000000000000,36.000000000000,2.510094038691,12235bf09fd007ff,8d15af1f9d36efa1,9aea3600c5b66f5e,200,112,56.000000,230.812500,228.793389,0.600000,2.200000,267.587051,2.031746,274.503963,3.883929,2.535632,0.000000,0.425363,0.616858,0.314961,0.171429,200,984,984,32.000000,0,0,16,16,40,40,10,0,322.000000,435,0,0,24,100,0,24,16,11,5,0,16,5,5,1,4,0,0,0,0,8,80,8,88,12,76,0,0,0
603,13000132,50,2,31.680236019578,175.000000000000,41.000000000000,2.815801247898,c55712213db19027,8d15af1f9d36efa1,ee8b23cf691b7e73,200,120,60.000000,221.775000,270.434126,0.600000,2.000000,268.029084,1.941667,257.386750,3.333333,2.300000,0.000000,0.476440,0.645390,0.333333,0.248120,200,1144,1144,32.000000,0,0,16,16,61,61,10,4,364.000000,400,0,0,44,108,0,44,15,10,5,0,15,5,5,2,3,0,0,0,0,29,80,0,80,32,48,0,0,0
604,13000133,50,2,94.568543367941,325.000000000000,32.000000000000,2.888599265842,4f79e63230db3868,8d15af1f9d36efa1,e75351db72c393a0,200,185,92.500000,274.972973,282.610366,1.000000,4.700000,337.528914,2.613810,336.113650,4.648649,2.275581,0.000000,0.289256,0.636364,0.188679,0.120654,200,968,968,32.000000,0,0,16,16,56,56,6,6,350.000000,860,0,0,34,166,0,34,19,16,3,0,19,3,3,3,0,0,0,0,0,15,0,15,15,15,0,0,0,0
605,13000134,50,2,470.184312953366,75.000000000000,27.000000000000,2.557582694378,3bc1ee9268b5c56c,8d15af1f9d36efa1,96cc781e1450b24c,200,142,71.000000,225.415493,245.686964,0.800000,2.700000,270.310209,3.489583,256.157187,3.225352,3.371179,0.000000,0.437346,0.640288,0.303951,0.213058,200,1032,1032,32.000000,0,0,16,16,59,59,6,0,356.000000,458,0,0,42,127,0,42,17,14,3,0,17,3,3,1,2,0,0,0,0,25,40,18,58,27,31,0,0,0
606,13000135,50,2,52.732063236792,325.000000000000,31.000000000000,2.479392639355,efa03df13217b442,8d15af1f9d36efa1,5f9f034fa1fc8fdb,200,155,77.500000,200.509677,221.450617,0.800000,2.300000,231.324201,2.837500,215.032297,2.954839,2.631004,0.000000,0.417303,0.621212,0.303951,0.173285,200,1104,1104,32.000000,0,0,16,16,45,45,6,8,328.000000,458,0,0,23,139,0,23,18,15,3,0,18,3,3,1,2,0,0,0,0,5,40,5,45,7,38,0,0,0
607,13000136,50,2,63.051059262491,175.000000000000,37.000000000000,2.154504388648,61e2f94308146a77,8d15af1f9d36efa1,de8ddbd6a52b8183,200,80,40.000000,208.175000,317.814766,0.400000,1.200000,246.081693,2.041667,244.058605,3.000000,1.833333,0.000000,0.568345,0.612403,0.454545,0.259259,200,904,904,32.000000,0,0,16,16,33,33,18,0,316.000000,240,0,0,19,72,0,19,14,5,9,0,14,9,9,3,6,0,0,0,0,5,120,0,120,11,109,0,0,0
608,13000137,50,2,425.605533504322,75.000000000000,24.000000000000,2.945197369915,93e87e8291b17ec3,8d15af1f9d36efa1,762a447d771bb2e1,200,147,73.500000,332.782313,306.486147,1.000000,5.300000,386.013343,2.330079,420.525567,5.721088,2.384067,0.000000,0.329880,0.674267,0.192123,0.177908,200,1168,1168,32.000000,0,0,16,16,81,81,20,0,414.000000,841,0,0,67,133,0,67,14,4,10,0,14,10,10,10,0,0,0,0,0,53,0,53,53,53,0,0,0,0
609,13000138,50,2,270.145650880151,325.000000000000,27.000000000000,2.180569784528,174246b03ef520ee,8d15af1f9d36efa1,ec1b7fd6b220c067,200,192,96.000000,289.744792,265.851987,1.000000,4.800000,379.048740,2.667063,369.918675,4.760417,2.545952,0.000000,0.261712,0.618321,0.179533,0.091451,200,984,984,32.000000,0,0,16,16,46,46,0,0,324.000000,914,0,0,27,173,0,27,19,19,0,0,19,0,0,0,0,0,0,0,0,8,0,8,8,8,0,0,0,0
610,13000139,50,2,181.531518212981,325.000000000000,22.000000000000,2.288824240508,60c7d95156376d81,8d15af1f9d36efa1,e693fc3118088447,200,140,70.000000,185.828571,230.031270,0.700000,1.900000,217.206417,2.304762,211.434175,2.714286,2.315789,0.000000,0.449275,0.607843,0.344828,0.170306,200,1152,1152,32.000000,0,0,16,16,34,34,10,0,310.000000,380,0,0,17,126,0,17,17,12,5,0,17,5,5,2,3,0,0,0,0,0,60,0,60,3,57,0,0,0
611,13000140,50,2,148.683667432526,175.000000000000,21.000000000000,2.872832153075,ab6f0e9c006867bd,8d15af1f9d36efa1,15967518864f5212,200,165,82.500000,293.400000,287.834158,0.900000,4.200000,362.038911,2.485053,352.811983,4.533333,2.390374,0.000000,0.313761,0.630996,0.210970,0.128205,200,1008,1008,32.000000,0,0,16,16,50,50,10,0,342.000000,748,0,0,33,148,0,33,18,13,5,0,18,5,5,4,1,0,0,0,0,15,20,15,35,16,19,0,0,0
612,13000141,50,2,1.633323975690,75.000000000000,30.000000000000,1.960610934704,6b49ca4bcd4169fc,8d15af1f9d36efa1,3ba22d91adccee5f,200,158,79.000000,355.284810,297.962699,1.000000,5.700000,452.249576,2.614524,431.430946,5.645570,2.414798,0.000000,0.310131,0.667221,0.183150,0.160075,200,992,992,31.000000,0,0,16,15,74,74,22,0,401.000000,892,0,0,58,142,0,58,16,5,11,0,16,11,11,11,0,0,0,0,0,42,0,42,42,42,0,0,0,0
613,13000142,50,2,43.393812166602,425.000000000000,22.000000000000,2.898374484268,8e5a6695b5b268ff,8d15af1f9d36efa1,e064d3a77b429356,200,73,36.500000,312.849315,292.238034,0.600000,2.800000,355.748293,2.500000,374.702925,5.369863,2.387755,0.000000,0.497436,0.659864,0.337838,0.284672,200,1016,1016,32.000000,0,0,16,16,69,69,18,0,388.000000,392,0,0,58,66,0,58,11,2,9,0,11,9,9,5,4,0,0,0,0,47,80,47,127,51,76,0,0,0
614,13000143,50,2,469.272526586583,75.000000000000,39.000000000000,1.635704766608,af1ca5fc456b6c15,8d15af1f9d36efa1,9ad5b900c5a4f1ed,200,80,40.000000,151.412500,227.579111,0.400000,0.700000,117.171548,2.833333,149.648577,2.075000,3.162651,0.000000,0.645299,0.601594,0.546448,0.296610,200,1304,1304,32.000000,0,0,16,16,29,29,12,0,302.000000,166,0,0,24,72,0,15,14,8,6,0,14,6,6,0,6,0,0,0,0,10,120,0,120,16,104,0,0,0
615,13000144,50,2,28.217785134060,175.000000000000,44.000000000000,1.835037087516,9123f2122f0dbee0,8d15af1f9d36efa1,effd9fe80c2dabcd,200,191,95.500000,353.225131,289.474283,1.000000,5.700000,446.218093,2.600000,448.890510,5.842932,2.444444,0.000000,0.231405,0.626866,0.151976,0.085246,200,1168,1168,32.000000,0,0,16,16,49,49,6,0,336.000000,1116,0,0,29,171,0,29,20,17,3,0,20,3,3,3,0,0,0,0,0,9,0,9,9,9,0,0,0,0
616,13000145,50,2,89.464676969087,75.000000000000,21.000000000000,2.434693843357,85c2a7350a17e83,8d15af1f9d36efa1,4d8a294f9787b03a,200,98,49.000000,224.428571,250.323296,1.000000,4.100000,326.522767,2.666667,279.828377,3.469388,2.594118,0.000000,0.588378,0.708455,0.370370,0.427609,200,896,896,32.000000,0,0,16,16,127,127,0,10,486.000000,340,0,0,112,88,0,112,10,10,0,0,10,0,0,0,0,0,0,0,0,102,0,102,102,102,0,0,0,0
617,13000146,50,2,424.910082115023,75.000000000000,30.000000000000,2.465255373014,61e04f445b42cf11,8d15af1f9d36efa1,3c18ab4f8d9dce3d,200,131,65.500000,246.061069,247.544126,0.900000,3.600000,308.241969,1.925926,280.432013,3.580153,2.232409,0.000000,0.482911,0.686520,0.298954,0.305185,200,904,904,32.000000,0,0,16,16,96,96,14,2,438.000000,469,0,0,82,118,0,82,13,6,7,0,13,7,7,7,0,0,0,0,0,69,20,49,69,69,0,0,0,0
618,13000147,50,2,142.407238141826,325.000000000000,32.000000000000,2.550482475860,a75066bc8ec7a4ed,8d15af1f9d36efa1,54aa2a30b3fa1899,200,160,80.000000,302.225000,267.525798,0.800000,3.600000,381.064422,2.656250,370.022868,4.500000,2.472222,0.000000,0.303675,0.610895,0.217391,0.102244,200,984,984,32.000000,0,0,16,16,37,37,8,2,314.000000,720,0,0,18,144,0,18,18,14,4,0,18,4,4,2,2,0,0,0,0,0,40,0,40,2,38,0,0,0
619,13000148,50,2,487.637861461932,325.000000000000,40.000000000000,2.750498890648,635826b76a9207ea,8d15af1f9d36efa1,b0f3e9eb217a7813,200,155,77.500000,421.819355,306.243010,1.000000,6.400000,515.320968,1.991667,535.283083,6.696774,1.959538,0.000000,0.282158,0.671053,0.161551,0.144975,200,944,944,32.000000,0,0,16,16,81,81,14,0,408.000000,1038,0,0,64,136,2,62,17,10,7,0,17,7,7,7,0,0,0,0,0,45,0,45,45,45,0,0,0,0
620,13000149,50,2,379.483412563759,325.000000000000,46.000000000000,1.585099134245,25ef9992a62f4ecd,8d15af1f9d36efa1,c125051470ab8fbc,200,177,88.500000,235.542373,244.465217,0.900000,3.400000,285.921485,2.450529,294.076624,3.932203,2.389368,0.000000,0.312253,0.612403,0.223214,0.107692,200,1120,1120,32.000000,0,0,16,16,41,41,2,0,316.000000,696,0,0,22,159,0,22,19,18,1,0,19,1,1,0,1,0,0,0,0,3,20,3,23,4,19,0,0,0
621,13000150,50,2,20.306800964541,325.000000000000,42.000000000000,2.597795550863,f56f5a593d058fdb,8d15af1f9d36efa1,b1c8484f3f5a6907,200,186,93.000000,186.870968,161.161695,1.000000,2.700000,186.830768,2.670000,188.630046,2.720430,2.557312,0.000000,0.417051,0.644128,0.283286,0.204403,200,1048,1048,32.000000,0,0,16,16,57,57,16,6,362.000000,506,0,0,34,166,0,34,20,12,8,0,20,8,8,8,0,0,0,0,0,14,0,14,14,14,0,0,0,0
622,13000151,50,2,488.873662546899,75.000000000000,38.000000000000,2.223638437025,3a6cbcc5534d442d,8d15af1f9d36efa1,9a731600c5511299,200,129,64.500000,206.527132,195.716053,0.900000,2.900000,238.847792,2.459259,227.557778,3.224806,2.757212,0.000000,0.493917,0.669967,0.324675,0.294915,200,984,984,32.000000,0,0,16,16,83,83,8,0,406.000000,416,0,0,67,114,0,67,16,12,4,0,16,4,4,3,1,0,0,0,0,51,20,51,71,52,19,0,0,0
623,13000152,50,2,242.956329797415,425.000000000000,21.000000000000,2.017842800355,24902cbabed94696,8d15af1f9d36efa1,ee03f7ba191f82e4,200,126,63.000000,204.563492,242.546064,0.800000,2.900000,285.918476,3.118056,236.039648,3.007937,2.741425,0.000000,0.489906,0.645390,0.345423,0.258317,200,1080,1080,32.000000,0,0,16,16,62,62,8,0,364.000000,379,0,0,48,114,0,48,14,10,4,0,14,4,4,2,2,0,0,0,0,34,40,34,74,36,38,0,0,0
624,13000153,50,2,207.863842488591,325.000000000000,38.000000000000,1.878761670123,fc6196ec6763baa,8d15af1f9d36efa1,9b08b200c5d03fa1,200,80,40.000000,147.300000,285.128589,0.400000,1.000000,184.317098,3.375000,162.691720,2.500000,3.600000,0.000000,0.598394,0.598394,0.500000,0.248120,200,1136,1136,32.000000,0,0,16,16,27,27,12,0,298.000000,200,0,0,14,72,0,14,14,8,6,0,14,6,6,0,6,0,0,0,0,0,120,0,120,6,114,0,0,0
625,13000154,50,2,357.456381660200,75.000000000000,30.000000000000,1.729108823336,a741bff5a1e214a1,8d15af1f9d36efa1,2ff1dfefcdba7963,200,61,30.500000,319.819672,371.212745,0.500000,2.800000,375.332427,1.948571,376.747286,5.442623,1.873494,0.000000,0.529745,0.651568,0.375940,0.299578,200,864,864,32.000000,0,0,16,16,61,61,20,0,374.000000,332,0,0,50,55,0,50,11,1,10,0,11,10,10,5,5,0,0,0,0,39,100,39,139,44,95,0,0,0
626,13000155,50,2,469.271995458053,75.000000000000,25.000000000000,2.995683086486,6ee36125ebce1c4f,8d15af1f9d36efa1,d8fde9f65a059b3b,200,140,70.000000,254.342857,259.933208,1.000000,4.300000,342.857075,1.716667,290.198194,3.750000,1.986667,0.000000,0.442083,0.675325,0.275862,0.259520,200,912,912,32.000000,0,0,16,16,89,89,6,0,416.000000,525,0,0,75,125,0,75,15,12,3,0,15,3,3,3,0,0,0,0,0,60,0,60,60,60,0,0,0,0
627,13000156,50,2,426.556771451076,325.000000000000,37.000000000000,2.818829836633,3bde3abaec17db12,8d15af1f9d36efa1,ee02f5476591d4ec,200,186,93.000000,266.231183,276.353414,1.000000,4.200000,315.700931,2.464524,330.945594,4.284946,2.473024,0.000000,0.297797,0.628253,0.200602,0.117386,200,1104,1104,32.000000,0,0,16,16,51,51,4,2,338.000000,797,0,0,32,168,0,32,18,16,2,0,18,2,2,2,0,0,0,0,0,14,0,14,14,14,0,0,0,0
628,13000157,50,2,382.726452314937,325.000000000000,29.000000000000,2.831448632243,52f4a699e8ac5990,8d15af1f9d36efa1,1551993126b53480,200,199,99.500000,332.522613,332.034209,1.000000,5.600000,421.845005,2.498885,413.573343,5.708543,2.333627,0.000000,0.222982,0.619772,0.149701,0.076423,200,1000,1000,32.000000,0,0,16,16,42,42,10,2,326.000000,1136,0,0,21,179,0,21,20,15,5,0,20,5,5,5,0,0,0,0,0,1,0,1,1,1,0,0,0,0
629,13000158,50,2,290.594050661986,175.000000000000,23.000000000000,2.334571258413,4853fe2aae04a3ad,8d15af1f9d36efa1,647a69872c001aba,200,120,60.000000,266.075000,291.687992,0.600000,2.500000,325.767984,2.198413,317.475264,4.225000,2.396450,0.000000,0.380952,0.609375,0.282885,0.136286,200,864,864,32.000000,0,0,16,16,32,32,16,0,312.000000,507,0,0,16,108,0,16,16,8,8,0,16,8,8,4,4,0,0,0,0,0,80,0,80,4,76,0,0,0
630,13000159,50,2,2.440766696132,425.000000000000,34.000000000000,2.627333456453,ca8efe6c7f4d197d,8d15af1f9d36efa1,647196210adf2d45,200,110,55.000000,311.409091,287.625398,1.000000,4.800000,395.938728,2.936905,370.232418,4.500000,2.925253,0.000000,0.489691,0.703704,0.287770,0.330176,200,1168,1168,31.000000,0,0,16,15,118,118,8,8,475.000000,495,0,0,102,98,0,102,12,8,4,0,12,4,4,4,0,0,0,0,0,90,0,90,90,90,0,0,0,0
631,13000160,50,2,456.118678967563,325.000000000000,39.000000000000,2.824469732501,927fc03953c94462,8d15af1f9d36efa1,9aa9a900c57f9bd2,200,20,10.000000,100.900000,313.295820,0.100000,0.100000,50.531269,2.000000,50.531269,1.000000,2.000000,0.000000,0.936709,0.596774,0.909091,0.761905,200,1008,1008,32.000000,0,0,16,16,22,22,20,0,296.000000,20,0,0,11,18,0,11,11,1,10,0,11,10,10,1,9,0,0,0,0,0,180,0,180,9,171,0,0,0
632,13000161,50,2,32.610090625741,325.000000000000,40.000000000000,2.108234799832,2f21aee57ef61183,8d15af1f9d36efa1,ea24d4f663b04af5,200,128,64.000000,211.835938,272.925203,0.700000,2.100000,219.736302,3.083333,232.009314,2.945312,3.183024,0.000000,0.474198,0.629630,0.346620,0.222680,200,952,952,32.000000,0,0,16,16,51,51,6,2,340.000000,377,0,0,33,114,0,33,17,14,3,0,17,3,3,0,3,0,0,0,0,16,60,12,72,19,53,0,0,0
633,13000162,50,2,67.262701738976,425.000000000000,39.000000000000,1.590296393730,99794361c00cbc8f,8d15af1f9d36efa1,8686437c29af8c54,200,140,70.000000,202.321429,202.241502,1.000000,3.000000,240.684947,2.748333,237.581538,3.178571,2.748315,0.000000,0.478312,0.671053,0.310078,0.283414,200,1216,1216,32.000000,0,0,16,16,88,88,0,0,408.000000,445,0,0,74,126,0,74,14,14,0,0,14,0,0,0,0,0,0,0,0,60,0,60,60,60,0,0,0,0
634,13000163,50,2,212.134429946741,425.000000000000,27.000000000000,1.757976482650,8f606a3b8698c928,8d15af1f9d36efa1,9ad93900c5a80144,200,151,75.500000,255.443709,223.300246,1.000000,3.500000,280.773279,2.780000,290.589078,3.675497,2.201802,0.000000,0.422477,0.669967,0.264901,0.238683,200,1000,1000,32.000000,0,0,16,16,83,83,8,0,406.000000,555,0,0,66,134,0,66,17,13,4,0,17,4,4,4,0,0,0,0,0,49,0,49,49,49,0,0,0,0
635,13000164,50,2,17.096819015555,425.000000000000,35.000000000000,1.731417495087,a2bef020c8644193,8d15af1f9d36efa1,b9102849cd9e89f9,200,111,55.500000,262.855856,252.499625,0.700000,2.600000,267.693199,2.550000,299.617411,4.063063,2.503326,0.000000,0.478613,0.674267,0.307220,0.287520,200,1136,1136,32.000000,0,0,16,16,84,84,14,2,414.000000,451,0,0,69,100,0,69,14,7,7,0,14,7,7,4,3,0,0,0,0,55,60,29,89,58,31,0,0,0
636,13000165,50,2,205.748313690547,75.000000000000,26.000000000000,1.631214401783,f5c3c085380ff39f,8d15af1f9d36efa1,2324a411e222f851,200,160,80.000000,218.468750,240.007555,1.000000,3.600000,283.683188,3.100000,252.838382,3.250000,3.192308,0.000000,0.424779,0.657534,0.277778,0.226190,200,1120,1120,32.000000,0,0,16,16,72,72,8,0,384.000000,520,0,0,56,144,0,56,16,12,4,0,16,4,4,4,0,0,0,0,0,40,0,40,40,40,0,0,0,0
637,13000166,50,2,406.840592361308,425.000000000000,25.000000000000,2.225279306977,5c87d934d205a0db,8d15af1f9d36efa1,4a2d252326485990,200,127,63.500000,379.661417,347.693387,0.800000,4.800000,460.225910,2.366815,468.922468,6.102362,2.409032,0.000000,0.329004,0.655172,0.205128,0.160347,200,1008,1008,32.000000,0,0,16,16,63,63,22,0,380.000000,775,0,0,48,114,0,48,15,4,11,0,15,11,11,9,2,0,0,0,0,33,40,33,73,35,38,0,0,0
638,13000167,50,2,406.077597083053,75.000000000000,32.000000000000,1.972712813029,ff88f36b55e48343,8d15af1f9d36efa1,8da0b687a6026610,200,97,48.500000,245.319588,222.420654,1.000000,3.500000,269.408798,3.158333,263.686099,3.577320,2.838617,0.000000,0.586412,0.710983,0.365631,0.428336,200,1136,1136,32.000000,0,0,16,16,125,125,10,0,492.000000,347,0,0,114,86,0,114,11,6,5,0,11,5,5,5,0,0,0,0,0,103,0,103,103,103,0,0,0,0
639,13000168,50,2,32.030965578137,325.000000000000,42.000000000000,2.230105955650,ab18e2e38f1c3658,8d15af1f9d36efa1,97e0324f30b3b0b1,200,164,82.000000,259.469512,212.353457,0.900000,3.500000,302.574983,2.858333,294.219156,3.859756,2.909953,0.000000,0.363819,0.644128,0.240096,0.170380,200,968,968,32.000000,0,0,16,16,57,57,16,6,362.000000,633,0,0,35,146,0,35,19,11,8,0,19,8,8,7,1,0,0,0,0,16,20,16,36,17,19,0,0,0
640,13000169,50,2,98.871755808901,175.000000000000,42.000000000000,1.741378034791,acad94a25cae9d6,8d15af1f9d36efa1,85ae5088afb0f7dd,200,159,79.500000,315.641509,293.035522,0.800000,3.800000,377.886469,2.631250,386.599241,4.899371,2.179718,0.000000,0.289881,0.613900,0.204290,0.099422,200,936,936,32.000000,0,0,16,16,39,39,8,4,318.000000,779,0,0,19,143,0,19,18,14,4,0,18,4,4,2,2,0,0,0,0,1,40,1,41,3,38,0,0,0
641,13000170,50,2,306.931886616592,75.000000000000,30.000000000000,1.691174483380,66fb08e78ca0b0e7,8d15af1f9d36efa1,9a768700c5540873,200,102,51.000000,141.176471,224.316551,0.600000,1.000000,131.715407,3.166667,137.933457,1.715686,3.554286,0.000000,0.669187,0.638989,0.533333,0.410774,200,952,952,32.000000,0,0,16,16,56,56,10,2,354.000000,175,0,0,41,92,0,41,14,9,5,0,14,5,5,1,4,0,0,0,0,27,80,18,98,31,67,0,0,0
642,13000171,50,2,177.488410279151,175.000000000000,24.000000000000,2.696920733467,1c520a838edca770,8d15af1f9d36efa1,9acbbc00c59ca281,200,172,86.000000,236.087209,239.642304,1.000000,3.700000,277.784451,2.751667,280.048137,3.691860,2.644094,0.000000,0.361809,0.642857,0.239521,0.167759,200,1088,1088,32.000000,0,0,16,16,63,63,2,6,360.000000,635,0,0,44,156,0,44,16,15,1,0,16,1,1,1,0,0,0,0,0,28,0,28,28,28,0,0,0,0
643,13000172,50,2,394.929895505528,325.000000000000,41.000000000000,1.966731254744,566f11d9c0036518,8d15af1f9d36efa1,220fb5b4bddccb25,200,140,70.000000,206.364286,199.199490,0.700000,2.600000,266.193633,3.369728,238.088838,3.714286,2.792308,0.000000,0.373494,0.607843,0.277778,0.130435,200,1032,1032,32.000000,0,0,16,16,34,34,10,0,310.000000,520,0,0,17,126,0,17,17,12,5,0,17,5,5,2,3,0,0,0,0,0,60,0,60,3,57,0,0,0
644,13000173,50,2,77.152159129322,425.000000000000,36.000000000000,2.051884776139,d79af56a10dae042,8d15af1f9d36efa1,9ac17200c593d03e,200,88,44.000000,229.500000,201.149084,0.500000,1.600000,242.229618,4.150000,246.730892,3.261364,3.275261,0.000000,0.536349,0.624060,0.410678,0.258398,200,1128,1128,32.000000,0,0,16,16,40,40,20,0,332.000000,287,0,0,26,79,0,26,14,4,10,0,14,10,10,5,5,0,0,0,0,12,100,12,112,17,95,0,0,0
645,13000174,50,2,105.369370193567,75.000000000000,19.000000000000,2.974558604442,4e500c711310c68e,8d15af1f9d36efa1,b172a3f0e091c1c2,200,71,35.500000,379.225352,317.925677,0.400000,2.300000,455.174816,2.697917,453.652908,5.647887,2.266833,0.000000,0.449931,0.621212,0.332779,0.193159,200,1048,1048,32.000000,0,0,16,16,37,37,22,0,328.000000,401,0,0,23,63,0,23,14,3,11,0,14,11,11,5,6,0,0,0,0,9,120,9,129,15,114,0,0,0
646,13000175,50,2,452.065178235883,425.000000000000,34.000000000000,2.592945828941,126207a76ab4eb02,8d15af1f9d36efa1,2299cd4f7f505e18,200,115,57.500000,230.008696,273.278360,0.800000,2.600000,257.746779,3.141667,262.840799,3.434783,3.167089,0.000000,0.535840,0.695122,0.336134,0.361874,200,1112,1112,32.000000,0,0,16,16,110,110,4,30,456.000000,395,0,0,80,102,0,80,15,13,2,0,15,2,2,0,2,0,0,0,0,65,40,45,85,67,18,0,0,0
647,13000176,50,2,107.759029244108,175.000000000000,29.000000000000,2.828058125312,520454493124f1e6,8d15af1f9d36efa1,9a6fbc00c54e43d4,200,180,90.000000,168.027778,180.012440,0.900000,2.300000,190.498114,2.750000,188.923968,2.555556,2.521739,0.000000,0.402597,0.607843,0.303030,0.144981,200,952,952,32.000000,0,0,16,16,38,38,2,0,310.000000,460,0,0,19,162,0,19,19,18,1,0,19,1,1,0,1,0,0,0,0,0,20,0,20,1,19,0,0,0
648,13000177,50,2,245.094231664518,175.000000000000,29.000000000000,1.716423872661,579e5a1fce46183b,8d15af1f9d36efa1,f9ee58e183bc3850,200,154,77.000000,286.259740,300.108006,1.000000,4.900000,378.822968,2.804643,369.631609,5.071429,2.458387,0.000000,0.331908,0.659864,0.203874,0.166489,200,1056,1056,32.000000,0,0,16,16,76,76,4,4,388.000000,781,0,0,60,140,0,60,14,12,2,0,14,2,2,2,0,0,0,0,0,46,0,46,46,46,0,0,0,0
649,13000178,50,2,371.133871815558,425.000000000000,28.000000000000,1.677985412926,823af95ff6b822d3,8d15af1f9d36efa1,1da762500d78824c,200,72,36.000000,123.430556,233.874649,0.500000,0.900000,143.424308,3.400000,132.603827,1.722222,3.193548,0.000000,0.761538,0.664430,0.617284,0.569444,200,968,968,32.000000,0,0,16,16,78,78,8,0,396.000000,124,0,0,67,65,0,67,11,7,4,0,11,4,4,0,4,0,0,0,0,56,100,28,128,60,68,0,0,0
650,13000179,50,2,467.923697862849,75.000000000000,30.000000000000,2.500400226858,a6a132204c442463,8d15af1f9d36efa1,171481e1406afe0d,200,39,19.500000,292.846154,322.415141,0.200000,0.800000,342.524549,3.500000,342.012743,3.974359,2.877419,0.000000,0.688129,0.630996,0.563380,0.415094,200,1144,1144,32.000000,0,0,16,16,47,47,16,0,342.000000,155,0,0,36,35,0,36,11,3,8,0,11,8,8,1,7,0,0,0,0,25,160,1,161,32,129,0,0,0
651,13000180,50,2,101.819361669005,175.000000000000,38.000000000000,1.760279185665,f14a09c5d90ff6ba,8d15af1f9d36efa1,d7266a3716510e50,200,167,83.500000,322.497006,252.432243,1.000000,4.800000,387.623196,2.558009,407.064247,5.251497,2.592930,0.000000,0.298961,0.651568,0.185701,0.139352,200,904,904,32.000000,0,0,16,16,65,65,12,0,374.000000,877,0,0,49,151,0,49,16,10,6,0,16,6,6,6,0,0,0,0,0,33,0,33,33,33,0,0,0,0
652,13000181,50,2,127.322948573336,425.000000000000,28.000000000000,1.734992335716,655cb4ec94dc794c,8d15af1f9d36efa1,4b922a8a78441732,200,149,74.500000,325.154362,269.024324,0.900000,4.300000,393.043267,2.668430,392.900127,4.812081,2.669456,0.000000,0.358102,0.666667,0.218103,0.189831,200,1048,1048,32.000000,0,0,16,16,74,74,20,8,400.000000,717,0,0,54,134,0,54,16,6,10,0,16,10,10,9,1,0,0,0,0,38,20,31,51,39,12,0,0,0
653,13000182,50,2,23.608934955643,75.000000000000,36.000000000000,2.265871860576,9dbfc6a4c62d64be,8d15af1f9d36efa1,fae9ed4ff9c4bff4,200,164,82.000000,264.762195,243.598118,1.000000,4.100000,326.212510,2.427381,301.957150,4.054878,2.288722,0.000000,0.369070,0.660441,0.231214,0.191981,200,1032,1032,31.000000,0,0,16,15,70,70,18,0,389.000000,665,0,0,53,147,0,53,17,8,9,0,17,9,9,9,0,0,0,0,0,36,0,36,36,36,0,0,0,0
654,13000183,50,2,71.355454386414,175.000000000000,41.000000000000,1.657347086659,7acbf22b2cd3603e,8d15af1f9d36efa1,534caedffd6481fb,200,115,57.500000,239.721739,258.038788,0.600000,2.400000,278.217007,2.450000,271.754548,3.982609,2.161572,0.000000,0.423174,0.626866,0.303951,0.185053,200,872,872,32.000000,0,0,16,16,44,44,16,0,336.000000,458,0,0,28,103,0,28,16,8,8,0,16,8,8,4,4,0,0,0,0,12,80,5,85,16,69,0,0,0
655,13000184,50,2,353.054358830352,425.000000000000,27.000000000000,2.691675715216,e242d62bb207a19f,8d15af1f9d36efa1,9ac4c000c5968a9f,200,46,23.000000,252.260870,307.260749,0.300000,1.400000,354.093811,2.441667,304.678481,4.108696,2.550265,0.000000,0.659459,0.646643,0.514139,0.414861,200,952,952,32.000000,0,0,16,16,59,59,16,0,366.000000,189,0,0,48,42,0,48,11,3,8,0,11,8,8,1,7,0,0,0,0,37,140,14,154,44,110,0,0,0
656,13000185,50,2,69.565777473972,325.000000000000,42.000000000000,1.633572080830,d884134f92b1ccca,8d15af1f9d36efa1,3a3de0f877cdf716,200,171,85.500000,266.964912,264.862162,0.900000,4.300000,379.901107,3.351924,331.285243,4.625731,2.733249,0.000000,0.295637,0.624060,0.201816,0.112233,200,1032,1032,32.000000,0,0,16,16,47,47,6,0,332.000000,791,0,0,28,153,0,28,19,16,3,0,19,3,3,2,1,0,0,0,0,9,20,9,29,10,19,0,0,0
657,13000186,50,2,466.111091744496,175.000000000000,36.000000000000,2.920649241384,6029207073537dda,8d15af1f9d36efa1,156f2d06738c4298,200,111,55.500000,176.819820,235.395176,0.600000,1.500000,179.896946,2.527778,178.591910,2.630631,2.571918,0.000000,0.540881,0.632353,0.406504,0.277228,200,1088,1088,32.000000,0,0,16,16,50,50,12,0,344.000000,292,0,0,35,99,0,35,16,10,6,0,16,6,6,2,4,0,0,0,0,19,80,9,89,23,66,0,0,0
658,13000187,50,2,481.015944711011,325.000000000000,44.000000000000,2.040989188282,4bd2721b73a1d0dc,8d15af1f9d36efa1,9c50fef550df74a4,200,160,80.000000,303.412500,280.459196,1.000000,4.400000,347.924149,2.276905,358.790046,4.537500,2.480716,0.000000,0.350626,0.662162,0.215983,0.180587,200,992,992,32.000000,0,0,16,16,74,74,12,0,392.000000,726,0,0,57,143,0,57,17,11,6,0,17,6,6,6,0,0,0,0,0,40,0,40,40,40,0,0,0,0
659,13000188,50,2,424.515647000041,175.000000000000,44.000000000000,2.072204091504,9cc88c9218df3446,8d15af1f9d36efa1,e02848fdd0845d0e,200,151,75.500000,321.615894,304.456793,0.800000,4.100000,406.435656,2.304167,405.056235,5.145695,2.194337,0.000000,0.300630,0.625468,0.204708,0.116041,200,944,944,32.000000,0,0,16,16,45,45,12,0,334.000000,777,0,0,27,135,0,27,18,12,6,0,18,6,6,4,2,0,0,0,0,9,40,9,49,11,38,0,0,0
660,13000189,50,2,283.681255114975,325.000000000000,24.000000000000,2.301357124004,8ce4f545bc28065d,8d15af1f9d36efa1,996d20a2fc1d98f5,200,193,96.500000,316.476684,310.031732,1.000000,5.000000,401.487401,3.004167,394.222658,4.963731,2.819415,0.000000,0.253894,0.619772,0.172712,0.089354,200,1104,1104,32.000000,0,0,16,16,47,47,0,4,326.000000,958,0,0,26,174,0,26,19,19,0,0,19,0,0,0,0,0,0,0,0,7,0,7,7,7,0,0,0,0
661,13000190,50,2,126.901937943015,325.000000000000,32.000000000000,2.539173493185,f1bfa13d30c7567d,8d15af1f9d36efa1,9a7a0000c5570be5,200,38,19.000000,111.078947,311.151502,0.200000,0.300000,69.599424,2.000000,71.185855,1.500000,2.228070,0.000000,0.847594,0.613153,0.778210,0.601399,200,920,920,31.000000,0,0,16,15,33,33,20,0,317.000000,57,0,0,21,34,0,21,12,2,10,0,12,10,10,2,8,0,0,0,0,9,160,2,162,17,145,0,0,0
662,13000191,50,2,325.321307291529,175.000000000000,24.000000000000,2.741810330597,83990da5632121d8,8d15af1f9d36efa1,22c61c471a6ea7f7,200,194,97.000000,316.649485,289.950239,1.000000,4.900000,378.180122,2.444048,390.932517,5.113402,2.291331,0.000000,0.249622,0.622642,0.167785,0.089908,200,1032,1032,32.000000,0,0,16,16,46,46,6,0,330.000000,992,0,0,26,174,0,26,20,17,3,0,20,3,3,3,0,0,0,0,0,6,0,6,6,6,0,0,0,0
663,13000192,50,2,319.866092100266,175.000000000000,25.000000000000,2.002240556836,34afa71099cd3461,8d15af1f9d36efa1,71bdeb3be0c56a21,200,188,94.000000,384.856383,318.626601,1.000000,6.800000,511.622019,2.742063,497.371117,6.574468,2.430421,0.000000,0.217722,0.632353,0.139276,0.083086,200,1032,1032,32.000000,0,0,16,16,52,52,8,0,344.000000,1236,0,0,32,168,0,32,20,16,4,0,20,4,4,4,0,0,0,0,0,12,0,12,12,12,0,0,0,0
664,13000193,50,2,329.694256288958,425.000000000000,24.000000000000,2.711720160975,6703842f3ab77102,8d15af1f9d36efa1,28c68568c8ddb832,200,74,37.000000,173.594595,225.414235,0.800000,2.200000,222.480565,2.645833,185.724970,2.513514,2.763441,0.000000,0.720721,0.705882,0.518135,0.571429,200,1032,1032,32.000000,0,0,16,16,122,122,4,0,480.000000,186,0,0,114,67,0,114,8,6,2,0,8,2,2,1,1,0,0,0,0,106,40,86,126,107,19,0,0,0
665,13000194,50,2,223.798931986764,75.000000000000,24.000000000000,2.065630234417,af8092d480261a4e,8d15af1f9d36efa1,5fa3b1af5efadaea,200,153,76.500000,300.411765,290.831101,1.000000,4.900000,398.869495,2.551548,359.166922,4.529412,2.435786,0.000000,0.368277,0.668874,0.223964,0.198844,200,1016,1016,32.000000,0,0,16,16,77,77,18,0,404.000000,693,0,0,62,138,0,62,15,6,9,0,15,9,9,9,0,0,0,0,0,47,0,47,47,47,0,0,0,0
666,13000195,50,2,447.161516551685,75.000000000000,33.000000000000,2.438449133917,4be09ecd69f44393,8d15af1f9d36efa1,9af0fc00c5bc2b7e,200,142,71.000000,312.605634,285.617334,0.900000,4.400000,384.444827,2.439506,376.045912,4.873239,2.281792,0.000000,0.356877,0.657534,0.224215,0.180095,200,976,976,32.000000,0,0,16,16,70,70,12,0,384.000000,692,0,0,54,127,0,54,16,10,6,0,16,6,6,5,1,0,0,0,0,38,20,38,58,39,19,0,0,0
667,13000196,50,2,385.513448417767,425.000000000000,31.000000000000,1.952325777719,c0ab9a5c4c0fbf3a,8d15af1f9d36efa1,93d7cef727fdb823,200,141,70.500000,267.092199,307.529348,0.800000,3.600000,336.781658,2.988988,339.112442,4.652482,2.628049,0.000000,0.365571,0.653979,0.233645,0.182045,200,1120,1120,32.000000,0,0,16,16,69,69,8,0,378.000000,656,0,0,54,127,0,54,15,11,4,0,15,4,4,3,1,0,0,0,0,39,40,19,59,40,19,0,0,0
668,13000197,50,2,221.892074491141,175.000000000000,27.000000000000,2.268784245728,e50cf5a73b71e9a6,8d15af1f9d36efa1,ac4af7345071730f,200,173,86.500000,274.630058,251.335157,0.900000,3.800000,334.800681,2.903704,331.074821,4.289017,2.557951,0.000000,0.309125,0.624060,0.212314,0.118765,200,1072,1072,32.000000,0,0,16,16,45,45,10,0,332.000000,742,0,0,26,155,0,26,19,14,5,0,19,5,5,4,1,0,0,0,0,7,20,7,27,8,19,0,0,0
669,13000198,50,2,107.468339606989,175.000000000000,33.000000000000,2.460784169566,dcd06d776a41657,8d15af1f9d36efa1,287000c032defac8,200,38,19.000000,280.578947,329.506125,0.200000,0.900000,353.351779,3.464286,335.520086,4.368421,2.253012,0.000000,0.651261,0.607843,0.546448,0.319672,200,864,864,32.000000,0,0,16,16,30,30,18,0,310.000000,166,0,0,18,34,0,18,12,3,9,0,12,9,9,1,8,0,0,0,0,6,160,2,162,14,148,0,0,0
670,13000199,50,2,14.841453965822,325.000000000000,40.000000000000,1.544124493973,fc9a25d2189a98a0,8d15af1f9d36efa1,3fc5b8c860179856,200,151,75.500000,288.622517,277.870479,0.800000,3.500000,353.478672,3.108631,348.062066,4.324503,2.689127,0.000000,0.347652,0.635036,0.234467,0.150845,200,1048,1048,32.000000,0,0,16,16,51,51,14,0,348.000000,653,0,0,34,136,0,34,17,10,7,0,17,7,7,5,2,0,0,0,0,17,40,9,49,19,30,0,0,0
671,13000200,50,2,35.164078841176,325.000000000000,44.000000000000,2.044876619255,afb77adbeb5da016,8d15af1f9d36efa1,cc3f1c4f4e7a697d,200,55,27.500000,141.472727,294.589231,0.300000,0.600000,143.810860,2.166667,145.933373,2.036364,2.758929,0.000000,0.752212,0.629630,0.641026,0.490909,200,1480,1480,32.000000,0,0,16,16,47,47,14,2,340.000000,112,0,0,33,49,0,33,13,6,7,0,13,7,7,0,7,0,0,0,0,20,140,5,145,27,118,0,0,0
672,13000201,50,2,134.328818986082,325.000000000000,30.000000000000,2.528443539623,7c212121f70f2da2,8d15af1f9d36efa1,4da5634f979eda80,200,178,89.000000,285.297753,234.667539,0.900000,4.300000,368.827619,2.287963,343.457327,4.808989,2.088785,0.000000,0.274576,0.618321,0.189394,0.097046,200,912,912,32.000000,0,0,16,16,42,42,8,4,324.000000,856,0,0,21,160,0,21,19,15,4,0,19,4,4,3,1,0,0,0,0,2,20,2,22,3,19,0,0,0
673,13000202,50,2,477.411386967138,75.000000000000,35.000000000000,2.357246581406,577da0bae0cf00ac,8d15af1f9d36efa1,1c3d5743c64ac98a,200,12,6.000000,408.250000,362.828275,0.300000,1.200000,314.894943,4.634921,519.940270,7.000000,2.428571,0.000000,0.854671,0.711816,0.704225,0.757225,200,1000,1000,32.000000,0,0,16,16,125,125,12,0,494.000000,84,0,0,119,11,0,119,6,0,6,0,6,6,6,1,5,0,0,0,0,113,140,48,188,118,70,0,0,0
674,13000203,50,2,78.435938062912,175.000000000000,28.000000000000,2.928999919913,d2218c41b3d5dab3,8d15af1f9d36efa1,81ce124fb5379f9b,200,115,57.500000,225.078261,285.178642,0.600000,2.100000,282.775446,2.814286,270.655199,3.626087,2.736211,0.000000,0.460543,0.640288,0.324149,0.229205,200,1096,1096,32.000000,0,0,16,16,57,57,10,0,356.000000,417,0,0,41,103,0,41,16,11,5,0,16,5,5,1,4,0,0,0,0,25,80,5,85,29,56,0,0,0
675,13000204,50,2,45.717431516139,75.000000000000,38.000000000000,2.236405960248,1ae7e281b419860e,8d15af1f9d36efa1,d21c7e9637545264,200,71,35.500000,233.507042,242.231249,0.400000,1.400000,260.701194,3.225000,272.721570,3.478873,3.149798,0.000000,0.568935,0.619772,0.447427,0.275660,200,1136,1136,32.000000,0,0,16,16,40,40,14,0,326.000000,247,0,0,26,63,0,26,14,7,7,0,14,7,7,1,6,0,0,0,0,12,120,9,129,18,111,0,0,0
676,13000205,50,2,310.318381832189,75.000000000000,26.000000000000,2.152444756477,effa0538df418094,8d15af1f9d36efa1,16cbc5683530155,200,158,79.000000,195.379747,181.312630,1.000000,3.300000,233.700197,2.536429,210.348976,2.905063,2.607843,0.000000,0.458087,0.659864,0.303490,0.253659,200,968,968,32.000000,0,0,16,16,74,74,8,0,388.000000,459,0,0,58,142,0,58,16,12,4,0,16,4,4,4,0,0,0,0,0,42,0,42,42,42,0,0,0,0
677,13000206,50,2,337.824348497649,75.000000000000,17.000000000000,2.449922260934,a7e0ce9e55b930f5,8d15af1f9d36efa1,3be24d4f8d6f9f13,200,105,52.500000,214.485714,264.200009,0.800000,3.000000,301.371565,3.908333,268.061015,3.619048,3.278947,0.000000,0.518987,0.672131,0.344828,0.318996,200,1104,1104,32.000000,0,0,16,16,86,86,6,0,410.000000,380,0,0,85,96,0,77,10,7,3,0,10,3,3,2,1,0,0,0,0,75,40,55,95,76,19,0,0,0
678,13000207,50,2,449.263893526212,325.000000000000,31.000000000000,2.792945447034,a2c584218357d27,8d15af1f9d36efa1,c2026d6defee2433,200,122,61.000000,356.418033,281.863082,0.700000,3.800000,427.796990,1.869728,450.929341,5.959016,1.872077,0.000000,0.328717,0.640288,0.215750,0.145711,200,832,832,32.000000,0,0,16,16,56,56,12,0,356.000000,727,0,0,40,109,0,40,16,10,6,0,16,6,6,3,3,0,0,0,0,24,60,18,78,27,51,0,0,0
679,13000208,50,2,383.570027692119,175.000000000000,24.000000000000,2.519104444907,444c2788bf78696a,8d15af1f9d36efa1,aed6784af39ee82,200,200,100.000000,321.375000,236.914419,1.000000,5.200000,408.936580,2.261111,411.617404,5.300000,1.716981,0.000000,0.228530,0.610895,0.158730,0.071804,200,920,920,32.000000,0,0,16,16,40,40,2,0,314.000000,1060,0,0,20,180,0,20,20,19,1,0,20,1,1,1,0,0,0,0,0,0,0,0,0,0,0,0,0,0
680,13000209,50,2,425.954465591923,325.000000000000,27.000000000000,2.909375905031,8b080529fe1939fa,8d15af1f9d36efa1,2d8ceae6ade52493,200,147,73.500000,329.136054,306.027285,0.800000,4.300000,430.631004,2.491121,399.052275,5.183673,2.422572,0.000000,0.312274,0.633700,0.207900,0.130137,200,1032,1032,32.000000,0,0,16,16,48,48,18,0,346.000000,762,0,0,31,131,0,31,18,9,9,0,18,9,9,7,2,0,0,0,0,13,40,13,53,15,38,0,0,0
681,13000210,50,2,338.819180264841,325.000000000000,28.000000000000,2.639714005059,58549ad3487af21,8d15af1f9d36efa1,edd1da5d8ebd0730,200,151,75.500000,288.304636,278.049057,1.000000,4.400000,354.802121,3.636905,373.305987,4.761589,3.164117,0.000000,0.352835,0.662162,0.217628,0.182025,200,1224,1224,32.000000,0,0,16,16,79,79,2,8,392.000000,719,0,0,62,138,0,62,13,12,1,0,13,1,1,1,0,0,0,0,0,49,0,49,49,49,0,0,0,0
682,13000211,50,2,217.771678980412,325.000000000000,28.000000000000,1.683980889017,207ddc9dc3d9d4a6,8d15af1f9d36efa1,f67b1b558d773b03,200,140,70.000000,374.992857,310.960713,0.700000,4.400000,512.306657,2.181293,500.412222,6.285714,2.151136,0.000000,0.258010,0.604743,0.185185,0.077568,200,1032,1032,32.000000,0,0,16,16,34,34,6,0,306.000000,880,0,0,17,126,0,17,17,14,3,0,17,3,3,0,3,0,0,0,0,0,60,0,60,3,57,0,0,0
683,13000212,50,2,356.933486024337,325.000000000000,39.000000000000,2.063980258136,9990c393cd610774,8d15af1f9d36efa1,1dd058500d9b7662,200,196,98.000000,259.255102,230.315432,1.000000,4.100000,299.924896,2.280238,312.911971,4.454082,2.087056,0.000000,0.267617,0.614644,0.186393,0.091571,200,1056,1056,31.000000,0,0,16,15,44,44,0,0,319.000000,873,0,0,24,176,0,24,20,20,0,0,20,0,0,0,0,0,0,0,0,4,0,4,4,4,0,0,0,0
684,13000213,50,2,492.489230888855,75.000000000000,40.000000000000,2.163432329045,ecff41f687d4b024,8d15af1f9d36efa1,3276094446a453cc,200,155,77.500000,235.819355,251.268505,0.900000,3.300000,299.546041,3.897884,257.838498,3.329032,3.387597,0.000000,0.432967,0.663300,0.279330,0.238938,200,1184,1184,32.000000,0,0,16,16,77,77,8,0,394.000000,516,0,0,59,138,0,59,18,14,4,0,18,4,4,3,1,0,0,0,0,41,20,25,45,42,3,0,0,0
685,13000214,50,2,3.320239536958,175.000000000000,46.000000000000,1.880341701257,6346bf52109fc00f,8d15af1f9d36efa1,97be2d4f3096c1cc,200,166,83.000000,250.277108,227.766016,1.000000,3.500000,271.394380,3.129167,280.350026,3.457831,2.740418,0.000000,0.403326,0.659864,0.258398,0.213699,200,1152,1152,32.000000,0,0,16,16,74,74,8,0,388.000000,574,0,0,54,146,0,54,20,16,4,0,20,4,4,4,0,0,0,0,0,34,0,34,34,34,0,0,0,0
686,13000215,50,2,272.085013032905,75.000000000000,18.000000000000,2.108162787117,a061018b749524b6,8d15af1f9d36efa1,30361fdcc488f6a4,200,79,39.500000,325.329114,272.104373,0.600000,2.800000,357.216318,2.802778,370.962133,5.000000,2.541772,0.000000,0.492940,0.657534,0.336134,0.277879,200,992,992,32.000000,0,0,16,16,65,65,22,0,384.000000,395,0,0,56,71,0,56,12,1,11,0,12,11,11,7,4,0,0,0,0,44,80,41,121,48,73,0,0,0
687,13000216,50,2,40.882359955340,325.000000000000,40.000000000000,2.583063573550,1fd2d2f6eef93faa,8d15af1f9d36efa1,4f252b29694105c4,200,52,26.000000,208.365385,316.432008,0.300000,0.900000,250.534655,4.055556,235.867589,3.000000,3.467949,0.000000,0.696498,0.641577,0.561798,0.446809,200,1024,1024,32.000000,0,0,16,16,55,55,16,0,358.000000,156,0,0,47,47,0,43,12,4,8,0,12,8,8,1,7,0,0,0,0,35,140,8,148,42,106,0,0,0
688,13000217,50,2,170.002883129458,425.000000000000,23.000000000000,2.457665672696,8604598940ea8ef,8d15af1f9d36efa1,9a844000c55fcd2a,200,39,19.500000,230.615385,303.319349,0.300000,1.100000,267.053433,2.933333,267.053433,3.666667,2.909091,0.000000,0.700210,0.625468,0.583090,0.416327,200,896,896,32.000000,0,0,16,16,42,42,18,2,334.000000,143,0,0,31,36,0,31,10,1,9,0,10,9,9,2,7,0,0,0,0,21,140,21,161,28,133,0,0,0
689,13000218,50,2,126.481682256723,175.000000000000,43.000000000000,1.703820032564,5873e7c466500c4d,8d15af1f9d36efa1,f9c1f354785df053,200,179,89.500000,293.251397,298.612878,0.900000,4.100000,364.440288,2.005644,373.033297,4.642458,2.095066,0.000000,0.272966,0.609375,0.193986,0.087816,200,904,904,32.000000,0,0,16,16,39,39,2,0,312.000000,831,0,0,20,161,0,20,19,18,1,0,19,1,1,0,1,0,0,0,0,1,20,1,21,2,19,0,0,0
690,13000219,50,2,285.247341167683,425.000000000000,32.000000000000,2.131293565364,95b4bf626859a3a4,8d15af1f9d36efa1,24e188fbe0eaf86e,200,147,73.500000,251.278912,281.479847,0.900000,3.700000,327.176280,3.111111,291.395579,3.829932,2.849023,0.000000,0.396570,0.649123,0.262123,0.196862,200,1320,1320,32.000000,0,0,16,16,64,64,10,0,370.000000,563,0,0,49,132,0,49,16,11,5,0,16,5,5,4,1,0,0,0,0,33,20,33,53,34,19,0,0,0
691,13000220,50,2,88.171585725315,175.000000000000,32.000000000000,2.274319793403,995ba6cde56c3c59,8d15af1f9d36efa1,9058e65bec23cf71,200,200,100.000000,388.000000,287.360168,1.000000,6.600000,503.982784,2.989394,500.730591,6.705000,2.630872,0.000000,0.193626,0.616858,0.129786,0.062893,200,1048,1048,32.000000,0,0,16,16,41,41,8,2,322.000000,1341,0,0,20,180,0,20,20,16,4,0,20,4,4,4,0,0,0,0,0,0,0,0,0,0,0,0,0,0
692,13000221,50,2,406.584132390915,75.000000000000,21.000000000000,2.831992421849,9abbbf1b9a2cf5c7,8d15af1f9d36efa1,28460ddcbe9380ee,200,128,64.000000,263.414062,274.165207,0.700000,3.100000,318.352793,2.102891,325.698191,4.523438,2.037997,0.000000,0.367213,0.626866,0.256739,0.152269,200,928,928,32.000000,0,0,16,16,47,47,10,2,336.000000,579,0,0,30,115,0,30,16,11,5,0,16,5,5,2,3,0,0,0,0,14,60,12,72,17,55,0,0,0
693,13000222,50,2,7.203138096135,325.000000000000,45.000000000000,2.352554938685,9226ccdd6ef2891e,8d15af1f9d36efa1,dabf524c59d14ded,200,177,88.500000,299.220339,273.884887,1.000000,5.200000,388.269012,2.248810,375.257477,5.101695,2.236988,0.000000,0.282764,0.640288,0.181324,0.120740,200,960,960,32.000000,0,0,16,16,59,59,6,0,356.000000,903,0,0,41,159,0,41,18,15,3,0,18,3,3,3,0,0,0,0,0,23,0,23,23,23,0,0,0,0
694,13000223,50,2,168.559520649234,75.000000000000,32.000000000000,1.864170088647,a01d280aba940b43,8d15af1f9d36efa1,6087d0422a56ae09,200,158,79.000000,296.689873,268.539442,1.000000,4.800000,378.271604,2.615873,355.583596,4.500000,2.413502,0.000000,0.355978,0.662732,0.219539,0.185567,200,1080,1080,31.000000,0,0,16,15,76,76,10,0,393.000000,711,0,0,59,141,0,59,17,12,5,0,17,5,5,5,0,0,0,0,0,42,0,42,42,42,0,0,0,0
695,13000224,50,2,347.204367009924,175.000000000000,22.000000000000,2.538775132272,1743548bca1fff84,8d15af1f9d36efa1,9c69f5d7a56af2ee,200,118,59.000000,344.618644,317.588469,0.600000,3.800000,485.868270,3.348291,453.223773,6.271186,2.678378,0.000000,0.293893,0.606299,0.212766,0.093137,200,1016,1016,32.000000,0,0,16,16,34,34,8,0,308.000000,740,0,0,18,106,0,18,16,12,4,0,16,4,4,0,4,0,0,0,0,2,80,2,82,6,76,0,0,0
696,13000225,50,2,121.567429911567,325.000000000000,24.000000000000,2.805866293252,44c7fc3061f9c7a1,8d15af1f9d36efa1,5fa2574fa1ff546e,200,100,50.000000,159.990000,232.136843,0.500000,1.100000,170.700851,2.233333,166.525312,2.200000,2.000000,0.000000,0.584121,0.607073,0.476190,0.261745,200,960,960,31.000000,0,0,16,15,34,34,10,0,309.000000,220,0,0,19,90,0,19,15,10,5,0,15,5,5,0,5,0,0,0,0,4,100,0,100,9,91,0,0,0
697,13000226,50,2,284.816949042839,325.000000000000,25.000000000000,2.067850625061,f17e060a175099a8,8d15af1f9d36efa1,f8b0dad3f6f35de0,200,118,59.000000,332.118644,365.990485,0.700000,3.900000,443.121290,2.767347,430.466790,5.542373,2.512232,0.000000,0.343373,0.630996,0.234192,0.143979,200,912,912,32.000000,0,0,16,16,50,50,10,0,342.000000,654,0,0,36,107,0,36,14,9,5,0,14,5,5,2,3,0,0,0,0,22,60,22,82,25,57,0,0,0
698,13000227,50,2,144.840639683425,175.000000000000,32.000000000000,2.557450623227,b5dbb860ced08f2f,8d15af1f9d36efa1,89f6859f4e9f255a,200,154,77.000000,278.000000,259.298748,0.800000,3.100000,279.322010,2.163194,336.108148,4.545455,2.190000,0.000000,0.321705,0.624060,0.222222,0.125000,200,936,936,32.000000,0,0,16,16,44,44,12,4,332.000000,700,0,0,24,138,0,24,18,12,6,0,18,6,6,4,2,0,0,0,0,6,40,6,46,8,38,0,0,0
699,13000228,50,2,91.415583580415,425.000000000000,32.000000000000,1.691731814326,eff855168bfa21eb,8d15af1f9d36efa1,9a6c6d00c54b87c0,200,174,87.000000,181.201149,170.247126,1.000000,2.500000,179.431431,2.633333,180.129097,2.545977,2.740406,0.000000,0.453761,0.647887,0.311042,0.234888,200,1040,1040,32.000000,0,0,16,16,60,60,16,0,368.000000,443,0,0,43,157,0,43,17,9,8,0,17,8,8,8,0,0,0,0,0,26,0,26,26,26,0,0,0,0
700,13000229,50,2,291.016903812755,425.000000000000,22.000000000000,1.893065482153,428340e7276b77a9,8d15af1f9d36efa1,10c95b4f7515fbfb,200,128,64.000000,244.992188,274.713600,0.800000,2.700000,290.171150,2.839583,280.909932,3.281250,3.047619,0.000000,0.484029,0.663300,0.322581,0.278351,200,1160,1160,32.000000,0,0,16,16,76,76,10,0,394.000000,420,0,0,61,115,0,61,15,10,5,0,15,5,5,3,2,0,0,0,0,46,40,32,72,48,24,0,0,0
701,13000230,50,2,362.868812032037,425.000000000000,26.000000000000,2.713745291998,d916c41e831c440f,8d15af1f9d36efa1,9129a61d93e7d960,200,179,89.500000,258.536313,291.373873,1.000000,4.100000,328.359281,2.525000,320.224968,3.994413,2.601399,0.000000,0.324835,0.632353,0.218579,0.135429,200,968,968,32.000000,0,0,16,16,55,55,2,0,344.000000,715,0,0,38,162,0,38,17,16,1,0,17,1,1,1,0,0,0,0,0,21,0,21,21,21,0,0,0,0
702,13000231,50,2,22.596390411293,175.000000000000,38.000000000000,2.933858099804,151ea80419e1a518,8d15af1f9d36efa1,11d0bc73969aa688,200,169,84.500000,239.928994,208.333347,1.000000,3.700000,264.720231,2.724286,271.300977,3.781065,2.341158,0.000000,0.375367,0.657534,0.238379,0.192162,200,1064,1064,32.000000,0,0,16,16,71,71,10,0,384.000000,639,0,0,51,149,0,51,20,15,5,0,20,5,5,5,0,0,0,0,0,31,0,31,31,31,0,0,0,0
703,13000232,50,2,224.494729135160,325.000000000000,27.000000000000,2.129109277073,8fdd2cab64d15b37,8d15af1f9d36efa1,4ac87be58132aa43,200,195,97.500000,290.620513,270.344312,1.000000,4.300000,346.303474,2.683333,362.352204,4.405128,2.483120,0.000000,0.273880,0.618321,0.188857,0.096740,200,1096,1096,32.000000,0,0,16,16,45,45,2,0,324.000000,859,0,0,25,175,0,25,20,19,1,0,20,1,1,1,0,0,0,0,0,5,0,5,5,5,0,0,0,0
704,13000233,50,2,447.121494160527,75.000000000000,29.000000000000,2.821871584445,a5bda59bcff93352,8d15af1f9d36efa1,9af48000c5bf41a1,200,119,59.500000,267.294118,208.525652,0.900000,3.900000,322.742418,2.855379,302.938741,3.966387,2.667373,0.000000,0.469663,0.676375,0.297619,0.282675,200,1192,1192,32.000000,0,0,16,16,87,87,12,0,418.000000,472,0,0,74,107,0,74,13,7,6,0,13,6,6,5,1,0,0,0,0,61,20,61,81,62,19,0,0,0
705,13000234,50,2,390.008141271625,425.000000000000,32.000000000000,1.530186162549,cb037b549a061337,8d15af1f9d36efa1,fe9e0315b157e5f0,200,126,63.000000,280.301587,245.332764,1.000000,4.200000,335.613946,2.650000,337.365657,4.309524,2.351750,0.000000,0.447609,0.687500,0.269179,0.276964,200,904,904,32.000000,0,0,16,16,98,98,12,0,440.000000,543,0,0,86,114,0,86,12,6,6,0,12,6,6,6,0,0,0,0,0,74,0,74,74,74,0,0,0,0
706,13000235,50,2,313.516474915025,175.000000000000,28.000000000000,2.533267125150,695864e86f6d3340,8d15af1f9d36efa1,9ae00f00c5add894,200,126,63.000000,187.293651,256.469806,0.700000,2.100000,222.913597,2.511905,221.734533,3.000000,2.423280,0.000000,0.463068,0.619772,0.346021,0.199153,200,1152,1152,32.000000,0,0,16,16,44,44,6,0,326.000000,378,0,0,29,114,0,29,15,12,3,0,15,3,3,0,3,0,0,0,0,14,60,14,74,17,57,0,0,0
707,13000236,50,2,295.233770167910,325.000000000000,29.000000000000,2.241883353272,45659e910bee554b,8d15af1f9d36efa1,376bae783cd1fa62,200,179,89.500000,296.474860,283.831907,1.000000,5.000000,391.283982,2.636429,386.324529,5.039106,2.284922,0.000000,0.274920,0.630996,0.181488,0.108696,200,1128,1128,32.000000,0,0,16,16,55,55,0,0,342.000000,902,0,0,38,162,0,38,17,17,0,0,17,0,0,0,0,0,0,0,0,21,0,21,21,21,0,0,0,0
708,13000237,50,2,283.294458586825,75.000000000000,20.000000000000,1.986096015432,601b7ef42cccad9d,8d15af1f9d36efa1,14afdc50084e4f9f,200,92,46.000000,247.586957,220.263241,0.600000,1.900000,248.274994,2.142857,271.864471,3.391304,2.416667,0.000000,0.541176,0.647887,0.390625,0.303571,200,888,888,32.000000,0,0,16,16,59,59,18,2,368.000000,312,0,0,44,82,0,44,14,5,9,0,14,9,9,5,4,0,0,0,0,30,80,28,108,34,74,0,0,0
709,13000238,50,2,314.072092486967,325.000000000000,27.000000000000,2.410920981754,615561ef3dfef5ba,8d15af1f9d36efa1,463e456d555fc893,200,193,96.500000,332.854922,302.768360,1.000000,5.600000,436.435825,2.105000,428.711948,5.585492,2.075139,0.000000,0.232194,0.619772,0.156495,0.080205,200,992,992,32.000000,0,0,16,16,45,45,4,0,326.000000,1078,0,0,26,174,0,26,19,17,2,0,19,2,2,2,0,0,0,0,0,7,0,7,7,7,0,0,0,0
710,13000239,50,2,369.712344018821,325.000000000000,38.000000000000,1.731338320699,662d5b87558975e8,8d15af1f9d36efa1,8cd1c4f70c11919,200,179,89.500000,281.178771,293.781457,0.900000,4.200000,348.184021,2.424735,352.321838,4.759777,2.282864,0.000000,0.268041,0.609375,0.190114,0.085837,200,872,872,32.000000,0,0,16,16,39,39,2,0,312.000000,852,0,0,20,161,0,20,19,18,1,0,19,1,1,0,1,0,0,0,0,1,20,1,21,2,19,0,0,0
711,13000240,50,2,444.313232931516,425.000000000000,31.000000000000,2.932656743075,85fd29bf30d07048,8d15af1f9d36efa1,54f347c5eba82d03,200,153,76.500000,310.660131,307.520436,1.000000,4.800000,375.491178,2.761310,368.454369,5.000000,2.525490,0.000000,0.342218,0.665552,0.207254,0.178303,200,1080,1080,32.000000,0,0,16,16,77,77,12,0,398.000000,765,0,0,62,138,0,62,15,9,6,0,15,6,6,6,0,0,0,0,0,47,0,47,47,47,0,0,0,0
712,13000241,50,2,113.120778283201,75.000000000000,17.000000000000,2.875230102870,815ad5d08416ae0,8d15af1f9d36efa1,725adccd7351ba1,200,92,46.000000,243.260870,331.853600,0.600000,2.300000,309.686752,2.833333,299.631853,3.554348,2.697248,0.000000,0.542657,0.659864,0.379507,0.322981,200,984,984,32.000000,0,0,16,16,72,72,12,0,388.000000,327,0,0,60,84,0,60,12,6,6,0,12,6,6,2,4,0,0,0,0,48,80,28,108,52,56,0,0,0
713,13000242,50,2,368.400877072020,175.000000000000,33.000000000000,2.108904812128,9606e5c5ac67b9e4,8d15af1f9d36efa1,5d45a29a6c2c420b,200,120,60.000000,240.600000,280.050830,0.600000,2.500000,302.854307,1.783069,297.241771,4.275000,2.128655,0.000000,0.382671,0.613900,0.280505,0.143573,200,864,864,32.000000,0,0,16,16,38,38,10,2,318.000000,513,0,0,21,108,0,21,16,11,5,0,16,5,5,1,4,0,0,0,0,5,80,0,80,9,71,0,0,0
714,13000243,50,2,99.262594662258,175.000000000000,27.000000000000,2.969148258166,e38afe0a70d26da7,8d15af1f9d36efa1,36a05be123acab0c,200,178,89.000000,304.011236,254.654209,0.900000,4.800000,378.388794,2.117172,372.571376,5.370787,1.913180,0.000000,0.256610,0.622642,0.173010,0.092979,200,840,840,32.000000,0,0,16,16,40,40,18,0,330.000000,956,0,0,21,160,0,21,19,10,9,0,19,9,9,8,1,0,0,0,0,2,20,2,22,3,19,0,0,0
715,13000244,50,2,346.865284394075,425.000000000000,25.000000000000,2.423987383278,36bd6f34f99e6939,8d15af1f9d36efa1,54705b3448a21045,200,156,78.000000,238.237179,215.793657,1.000000,3.900000,295.436168,1.922976,275.735605,3.737179,2.001715,0.000000,0.402051,0.662162,0.255428,0.215343,200,1096,1096,32.000000,0,0,16,16,77,77,6,6,392.000000,583,0,0,59,141,0,59,15,12,3,0,15,3,3,3,0,0,0,0,0,44,0,44,44,44,0,0,0,0
716,13000245,50,2,405.153586547868,175.000000000000,37.000000000000,2.076733146144,1eb6d7b343dabf30,8d15af1f9d36efa1,91e2866c917029ee,200,99,49.500000,155.555556,219.209337,0.500000,1.200000,163.056819,2.028571,159.451874,2.353535,1.836910,0.000000,0.572477,0.609375,0.461894,0.255591,200,1192,1192,32.000000,0,0,16,16,33,33,14,0,312.000000,233,0,0,18,89,0,18,15,8,7,0,15,7,7,2,5,0,0,0,0,3,100,1,101,8,93,0,0,0
717,13000246,50,2,79.022362732115,75.000000000000,33.000000000000,1.716864475624,1450754c07bc389b,8d15af1f9d36efa1,0,200,0,0.000000,NA,328.724088,0.000000,0.000000,nan,nan,NA,NA,NA,NA,1.000000,0.686520,1.000000,1.000000,200,920,920,32.000000,0,0,16,16,96,96,14,0,438.000000,0,0,0,89,0,0,89,7,0,7,0,7,7,7,0,7,0,0,0,0,82,200,0,200,89,111,0,0,0
718,13000247,50,2,70.663961448419,325.000000000000,42.000000000000,1.947405159186,52ecf5b47b978fb8,8d15af1f9d36efa1,99dd8e7918457226,200,175,87.500000,286.691429,285.742309,0.900000,4.000000,359.586826,3.302381,337.707609,4.457143,2.969231,0.000000,0.303571,0.629630,0.204082,0.121622,200,1112,1112,32.000000,0,0,16,16,47,47,14,4,340.000000,780,0,0,26,157,0,26,19,12,7,0,19,7,7,6,1,0,0,0,0,7,20,5,25,8,17,0,0,0
719,13000248,50,2,3.943475538997,75.000000000000,33.000000000000,1.907469896134,6347a29356069668,8d15af1f9d36efa1,97d2ac4f30a842a3,200,119,59.500000,279.285714,238.800378,0.700000,2.700000,312.461096,2.910714,295.454923,3.781513,2.560000,0.000000,0.441687,0.640288,0.307692,0.218750,200,1032,1032,30.000000,0,0,16,14,52,52,22,2,356.000000,450,0,0,36,107,0,36,15,4,11,0,15,11,11,8,3,0,0,0,0,21,60,21,81,24,57,0,0,0
720,13000249,50,2,442.851272383086,325.000000000000,39.000000000000,2.975100171965,6973ef16fa659b1b,8d15af1f9d36efa1,bc51ff0a35360f68,200,150,75.000000,189.053333,203.541554,0.900000,2.700000,222.053454,3.351852,213.367381,3.033333,3.030769,0.000000,0.453782,0.653979,0.305344,0.242928,200,1168,1168,32.000000,0,0,16,16,70,70,6,0,378.000000,455,0,0,54,135,0,54,16,13,3,0,16,3,3,2,1,0,0,0,0,38,20,30,50,39,11,0,0,0
721,13000250,50,2,387.204586894665,325.000000000000,33.000000000000,2.656296104373,474c35a73bcf804c,8d15af1f9d36efa1,13a4205f6d84e997,200,175,87.500000,254.657143,272.881766,0.900000,3.200000,298.068337,2.909259,304.949426,3.645714,3.144201,0.000000,0.336798,0.618321,0.238663,0.126027,200,1112,1112,32.000000,0,0,16,16,43,43,6,0,324.000000,638,0,0,24,157,0,24,19,16,3,0,19,3,3,2,1,0,0,0,0,5,20,5,25,6,19,0,0,0
722,13000251,50,2,475.839621125605,425.000000000000,32.000000000000,1.896124114420,a6bbab815918cebb,8d15af1f9d36efa1,62b144b45fc04ce4,200,132,66.000000,299.765152,269.792018,1.000000,4.300000,347.037671,2.152976,344.338906,4.310606,2.254833,0.000000,0.440511,0.691358,0.260078,0.275159,200,976,976,32.000000,0,0,16,16,100,100,16,12,448.000000,569,0,0,81,119,0,81,13,5,8,0,13,8,8,8,0,0,0,0,0,68,0,68,68,68,0,0,0,0
723,13000252,50,2,481.219524128531,425.000000000000,39.000000000000,1.604349081828,89ba5b78c61b0537,8d15af1f9d36efa1,9ab3da00c588439a,200,147,73.500000,282.136054,257.121286,0.900000,3.700000,313.761158,2.508995,310.492095,4.272109,2.339172,0.000000,0.385519,0.663300,0.241546,0.205063,200,1096,1096,32.000000,0,0,16,16,70,70,22,0,394.000000,628,0,0,53,131,0,53,17,6,11,0,17,11,11,10,1,0,0,0,0,36,20,33,53,37,16,0,0,0
724,13000253,50,2,250.245908146181,425.000000000000,22.000000000000,1.769691478404,c74fbac81eacdb74,8d15af1f9d36efa1,6ab0f0f90b7e534e,200,140,70.000000,338.964286,323.258786,0.800000,4.500000,430.446824,2.415476,419.204925,5.264286,2.097693,0.000000,0.364107,0.678457,0.213447,0.204962,200,992,992,32.000000,0,0,16,16,89,89,12,2,422.000000,737,0,0,71,125,0,71,17,11,6,0,17,6,6,4,2,0,0,0,0,54,40,20,60,56,4,0,0,0
725,13000254,50,2,482.118288182770,175.000000000000,42.000000000000,2.367045639079,2e6f6970a15e82c4,8d15af1f9d36efa1,9284804fbe827337,200,91,45.500000,233.120879,268.137600,0.500000,1.600000,266.137903,2.960000,271.555799,3.351648,2.777049,0.000000,0.527132,0.629630,0.396040,0.261501,200,1016,1016,32.000000,0,0,16,16,48,48,12,0,340.000000,305,0,0,33,81,0,33,15,9,6,0,15,6,6,1,5,0,0,0,0,18,100,9,109,23,86,0,0,0
726,13000255,50,2,425.181296197448,425.000000000000,31.000000000000,2.078730680293,fbdc946cbc4dc906,8d15af1f9d36efa1,d8b8147982f4557d,200,86,43.000000,198.232558,256.307990,0.600000,1.900000,258.650355,2.638889,186.878278,2.534884,2.628440,0.000000,0.647249,0.666667,0.478469,0.435233,200,1024,1024,32.000000,0,0,16,16,78,78,12,4,400.000000,218,0,0,66,77,0,66,12,6,6,0,12,6,6,3,3,0,0,0,0,54,80,34,114,57,57,0,0,0
727,13000256,50,2,242.711252434018,325.000000000000,25.000000000000,1.937370413865,58d7bed295e394fa,8d15af1f9d36efa1,26d16838f2e35bb4,200,186,93.000000,369.274194,293.829410,1.000000,6.300000,504.137813,2.413214,465.296843,6.134409,2.192813,0.000000,0.232167,0.633028,0.149142,0.090837,200,944,944,31.000000,0,0,16,15,50,50,14,0,345.000000,1141,0,0,32,168,0,32,18,11,7,0,18,7,7,7,0,0,0,0,0,14,0,14,14,14,0,0,0,0
728,13000257,50,2,428.396893811226,175.000000000000,40.000000000000,1.593985203385,ab78af54974a8c5e,8d15af1f9d36efa1,cc1dce9b6ec1bb24,200,130,65.000000,231.923077,261.105001,0.700000,2.500000,285.713613,2.909524,268.901599,3.530769,2.649237,0.000000,0.416773,0.621212,0.303490,0.172973,200,1120,1120,32.000000,0,0,16,16,44,44,8,0,328.000000,459,0,0,27,116,0,27,17,13,4,0,17,4,4,1,3,0,0,0,0,10,60,10,70,13,57,0,0,0
729,13000258,50,2,417.618427338013,325.000000000000,40.000000000000,2.487071401649,87390042ae6cacfa,8d15af1f9d36efa1,858463c40110439b,200,182,91.000000,279.664835,236.232447,1.000000,4.200000,337.417426,2.311111,342.750300,4.285714,2.503846,0.000000,0.312169,0.638989,0.204082,0.135255,200,1088,1088,32.000000,0,0,16,16,57,57,8,2,354.000000,780,0,0,37,163,0,37,19,15,4,0,19,4,4,4,0,0,0,0,0,18,0,18,18,18,0,0,0,0
730,13000259,50,2,21.634215715215,175.000000000000,40.000000000000,2.480113107972,19e31b30a971a3f9,8d15af1f9d36efa1,44ff4bccd55d5752,200,137,68.500000,350.934307,275.050256,0.800000,4.300000,414.167489,2.239583,439.803593,5.737226,2.204835,0.000000,0.309315,0.637681,0.202840,0.132450,200,1008,1008,32.000000,0,0,16,16,56,56,8,2,352.000000,786,0,0,39,123,0,39,16,12,4,0,16,4,4,2,2,0,0,0,0,23,40,23,63,25,38,0,0,0
731,13000260,50,2,223.387587852132,325.000000000000,26.000000000000,1.836073828108,3f9390d967ee0941,8d15af1f9d36efa1,50558015738d8f69,200,200,100.000000,284.470000,230.461408,1.000000,4.500000,370.930445,3.075833,343.698590,4.500000,2.363333,0.000000,0.260477,0.613153,0.181818,0.087221,200,1064,1064,31.000000,0,0,16,15,43,43,0,6,317.000000,900,0,0,20,180,0,20,20,20,0,0,20,0,0,0,0,0,0,0,0,0,0,0,0,0,0,0,0,0
732,13000261,50,2,379.169564328855,75.000000000000,35.000000000000,1.666544985303,c9b1dcd414d8d38b,8d15af1f9d36efa1,c9cded97bf4f2c3d,200,140,70.000000,281.635714,279.605276,0.800000,4.200000,392.248594,2.252083,353.677157,4.857143,2.205882,0.000000,0.334638,0.630996,0.227273,0.139241,200,840,840,32.000000,0,0,16,16,53,53,4,2,342.000000,680,0,0,36,126,0,36,16,14,2,0,16,2,2,0,2,0,0,0,0,20,40,20,60,22,38,0,0,0
733,13000262,50,2,418.701086751592,325.000000000000,45.000000000000,1.664580242297,acf9f2c26cb32d01,8d15af1f9d36efa1,be214c7a08babb7,200,172,86.000000,265.110465,269.785422,0.900000,3.400000,308.821813,3.188889,324.914011,4.040698,2.815827,0.000000,0.320626,0.621212,0.223464,0.121365,200,1112,1112,32.000000,0,0,16,16,46,46,4,0,328.000000,695,0,0,27,154,0,27,19,17,2,0,19,2,2,1,1,0,0,0,0,8,20,8,28,9,19,0,0,0
734,13000263,50,2,477.424735754854,325.000000000000,40.000000000000,2.390605631676,3a8e27c31d5ee069,8d15af1f9d36efa1,2a83e40c6dcc0a46,200,200,100.000000,310.300000,236.730474,1.000000,5.200000,420.437543,2.047738,391.819084,5.200000,2.134615,0.000000,0.237537,0.618321,0.161290,0.081272,200,1072,1072,32.000000,0,0,16,16,40,40,12,0,324.000000,1040,0,0,20,180,0,20,20,14,6,0,20,6,6,6,0,0,0,0,0,0,0,0,0,0,0,0,0,0
735,13000264,50,2,19.222688256547,425.000000000000,33.000000000000,1.629884061224,c3284c774e5de8a6,8d15af1f9d36efa1,251e3658d54b71c2,200,52,26.000000,335.019231,265.849484,0.700000,3.500000,388.393062,2.441126,349.151561,4.326923,2.608889,0.000000,0.688797,0.713467,0.470588,0.541752,200,912,912,32.000000,0,0,16,16,125,125,16,0,498.000000,225,0,0,115,45,0,115,10,2,8,0,10,8,8,5,3,0,0,0,0,105,60,88,148,108,40,0,0,0
736,13000265,50,2,16.529410434468,175.000000000000,45.000000000000,2.300898009468,dac69f0721014dd8,8d15af1f9d36efa1,1fe39a9b4ca8ea57,200,182,91.000000,277.082418,279.600236,1.000000,4.300000,335.809857,2.350000,331.646835,4.357143,2.196721,0.000000,0.312229,0.642857,0.201410,0.138979,200,1000,1000,32.000000,0,0,16,16,56,56,16,0,360.000000,793,0,0,37,163,0,37,19,11,8,0,19,8,8,8,0,0,0,0,0,18,0,18,18,18,0,0,0,0
737,13000266,50,2,261.767718472254,425.000000000000,18.000000000000,1.819128184378,caafa3a50c98d3eb,8d15af1f9d36efa1,f77d847198d6d6de,200,119,59.500000,182.680672,236.648680,0.900000,3.200000,291.203887,2.385185,223.114430,2.890756,2.148256,0.000000,0.540107,0.668874,0.367647,0.333333,200,992,992,32.000000,0,0,16,16,85,85,2,0,404.000000,344,0,0,73,108,0,73,12,11,1,0,12,1,1,0,1,0,0,0,0,61,20,61,81,62,19,0,0,0
738,13000267,50,2,192.293122014958,425.000000000000,22.000000000000,2.317822751598,b1bab85adba66dc7,8d15af1f9d36efa1,3a2343a08baa2901,200,116,58.000000,318.844828,283.739386,0.800000,4.200000,393.445570,2.366667,375.145814,5.146552,2.266332,0.000000,0.414132,0.678457,0.250941,0.241423,200,848,848,32.000000,0,0,16,16,85,85,20,0,422.000000,597,0,0,76,105,0,73,12,2,10,0,12,10,10,9,1,0,0,0,0,64,40,44,84,65,19,0,0,0
739,13000268,50,2,431.323447340142,75.000000000000,21.000000000000,2.578101763068,529c9560bf1c727d,8d15af1f9d36efa1,d51a3d68f8a124ba,200,59,29.500000,225.288136,315.724683,0.400000,1.300000,243.417354,2.716667,276.895670,3.661017,2.787037,0.000000,0.637584,0.655172,0.480769,0.406593,200,984,984,32.000000,0,0,16,16,67,67,14,0,380.000000,216,0,0,56,54,0,56,11,4,7,0,11,7,7,1,6,0,0,0,0,45,120,21,141,51,90,0,0,0
740,13000269,50,2,407.713899753950,425.000000000000,36.000000000000,1.824369576359,a7856e2d5ccc98d9,8d15af1f9d36efa1,9a80d300c55cde1c,200,52,26.000000,201.326923,300.828003,0.400000,0.900000,189.600302,2.666667,226.599102,2.673077,2.446043,0.000000,0.760757,0.688474,0.589971,0.601719,200,952,952,32.000000,0,0,16,16,101,101,8,4,442.000000,139,0,0,97,46,0,90,9,5,4,0,9,4,4,1,3,0,0,0,0,88,120,28,148,91,57,0,0,0
741,13000270,50,2,440.251730553545,175.000000000000,33.000000000000,2.734954392476,72140fbba0354d75,8d15af1f9d36efa1,a346753a6fb7028e,200,160,80.000000,326.956250,259.651157,0.900000,4.900000,409.971431,1.813492,391.336324,5.512500,1.825397,0.000000,0.294400,0.647887,0.184843,0.133595,200,920,920,32.000000,0,0,16,16,59,59,18,10,368.000000,882,0,0,37,144,0,37,17,8,9,0,17,9,9,8,1,0,0,0,0,20,20,20,40,21,19,0,0,0
742,13000271,50,2,79.716372795841,75.000000000000,33.000000000000,1.558565030002,ec02c25285cac0e0,8d15af1f9d36efa1,c2f8dab5c1a0f40,200,162,81.000000,247.506173,241.654967,1.000000,3.600000,285.270589,2.879524,274.386860,3.561728,2.426343,0.000000,0.402073,0.659864,0.257400,0.212824,200,1120,1120,32.000000,0,0,16,16,74,74,8,4,388.000000,577,0,0,55,145,0,55,17,13,4,0,17,4,4,4,0,0,0,0,0,38,0,38,38,38,0,0,0,0
743,13000272,50,2,52.617424874928,175.000000000000,45.000000000000,2.044089298431,9c9a0b268dd52076,8d15af1f9d36efa1,c317ea3745f4dbe1,200,158,79.000000,231.803797,206.926919,0.900000,2.500000,228.388776,2.574074,261.728071,3.221519,2.510806,0.000000,0.413594,0.642218,0.282087,0.200942,200,1016,1016,31.000000,0,0,16,15,61,61,6,2,359.000000,509,0,0,41,140,0,41,19,16,3,0,19,3,3,2,1,0,0,0,0,22,20,22,42,23,19,0,0,0
744,13000273,50,2,35.309946050102,425.000000000000,23.000000000000,2.641128173928,c922d8b57a450d66,8d15af1f9d36efa1,91a1084966b9a8b3,200,96,48.000000,407.916667,357.376680,0.700000,4.300000,501.061197,2.094310,496.200260,6.322917,2.011532,0.000000,0.405485,0.674267,0.247831,0.230672,200,928,928,32.000000,0,0,16,16,80,80,22,0,414.000000,607,0,0,68,87,0,68,12,1,11,0,12,11,11,8,3,0,0,0,0,56,60,44,104,59,45,0,0,0
745,13000274,50,2,281.933373112165,75.000000000000,19.000000000000,2.076150857243,da2befac9b24d23d,8d15af1f9d36efa1,7e8bebc29878e9a2,200,161,80.500000,411.645963,251.390760,1.000000,8.100000,629.712444,2.191896,526.047782,7.130435,2.173345,0.000000,0.255512,0.663300,0.148368,0.123664,200,960,960,32.000000,0,0,16,16,73,73,16,0,394.000000,1148,0,0,56,144,0,56,17,9,8,0,17,8,8,8,0,0,0,0,0,39,0,39,39,39,0,0,0,0
746,13000275,50,2,100.978532406547,175.000000000000,28.000000000000,2.662072795638,3f9006e075330835,8d15af1f9d36efa1,9b08bd00c5d05252,200,113,56.500000,218.159292,276.361095,0.600000,1.900000,262.574718,2.761111,269.469873,3.238938,2.762295,0.000000,0.498630,0.645390,0.353357,0.265060,200,1088,1088,32.000000,0,0,16,16,61,61,10,0,364.000000,366,0,0,46,102,0,46,15,10,5,0,15,5,5,1,4,0,0,0,0,31,80,7,87,35,52,0,0,0
747,13000276,50,2,370.162241396264,425.000000000000,31.000000000000,2.503362745134,78611a28d058c232,8d15af1f9d36efa1,53abb6e5864bb475,200,114,57.000000,175.087719,241.364301,0.600000,1.700000,213.724407,2.652778,205.767966,2.824561,2.788820,0.000000,0.546479,0.659864,0.383142,0.326360,200,1008,1008,32.000000,0,0,16,16,75,75,6,0,388.000000,322,0,0,60,102,0,60,15,12,3,0,15,3,3,0,3,0,0,0,0,45,80,6,86,48,38,0,0,0
748,13000277,50,2,131.867532260146,175.000000000000,42.000000000000,1.710886379413,a5fa6add1791fcd7,8d15af1f9d36efa1,e32838cb9de0340d,200,138,69.000000,315.086957,341.834484,0.700000,3.900000,399.042215,2.382406,403.001965,5.536232,2.462042,0.000000,0.289963,0.609375,0.207469,0.094787,200,880,880,32.000000,0,0,16,16,34,34,12,0,312.000000,764,0,0,19,124,0,19,17,11,6,0,17,6,6,3,3,0,0,0,0,2,60,2,62,5,57,0,0,0
749,13000278,50,2,295.738972996388,175.000000000000,26.000000000000,2.376644941799,89c9e9be8a900b7d,8d15af1f9d36efa1,a93a1d535f8d85c3,200,153,76.500000,456.424837,265.554285,0.800000,5.900000,598.064196,2.236206,625.479884,7.575163,2.109577,0.000000,0.216362,0.615385,0.147167,0.070569,200,888,888,32.000000,0,0,16,16,42,42,4,2,320.000000,1159,0,0,24,138,0,24,17,15,2,0,17,2,2,0,2,0,0,0,0,7,40,7,47,9,38,0,0,0
750,13000279,50,2,485.218498950656,325.000000000000,43.000000000000,1.556529361730,1d9833dd160f121d,8d15af1f9d36efa1,9b0c1700c5d32117,200,85,42.500000,295.788235,225.190743,1.000000,3.700000,268.055851,2.576905,352.143464,4.800000,2.323529,0.000000,0.557484,0.719888,0.328947,0.408696,200,1136,1136,32.000000,0,0,16,16,138,138,6,14,514.000000,408,0,0,123,77,0,123,8,5,3,0,8,3,3,3,0,0,0,0,0,115,0,115,115,115,0,0,0,0
751,13000280,50,2,165.099942965758,325.000000000000,32.000000000000,2.268470542568,620be2c46b45698e,8d15af1f9d36efa1,c3d4bf7921090993,200,195,97.500000,241.441026,214.283262,1.000000,4.000000,301.139964,2.260000,297.596171,3.897436,2.232895,0.000000,0.298893,0.618321,0.208333,0.107981,200,1064,1064,32.000000,0,0,16,16,45,45,2,0,324.000000,760,0,0,25,175,0,25,20,19,1,0,20,1,1,1,0,0,0,0,0,5,0,5,5,5,0,0,0,0
752,13000281,50,2,376.146373280291,325.000000000000,42.000000000000,1.799807735481,fc5e618534363235,8d15af1f9d36efa1,412306a78dd76477,200,200,100.000000,270.855000,215.623336,1.000000,4.500000,332.950254,2.576667,336.427926,4.500000,2.400000,0.000000,0.258649,0.610895,0.181818,0.083503,200,1056,1056,32.000000,0,0,16,16,41,41,0,2,314.000000,900,0,0,20,180,0,20,20,20,0,0,20,0,0,0,0,0,0,0,0,0,0,0,0,0,0,0,0,0
753,13000282,50,2,497.944104062126,425.000000000000,31.000000000000,2.601692311210,a4dfb1fb595f861b,8d15af1f9d36efa1,9a9f8900c57710ed,200,40,20.000000,180.975000,203.024029,0.600000,1.300000,176.520435,2.866667,138.017805,1.825000,2.753425,0.000000,0.867273,0.704579,0.732601,0.771160,200,1040,1040,31.000000,0,0,16,15,116,116,14,0,477.000000,73,0,0,108,35,0,108,8,1,7,0,8,7,7,4,3,0,0,0,0,100,80,80,160,103,57,0,0,0
754,13000283,50,2,368.588113554635,425.000000000000,35.000000000000,1.580775872524,c7ef583bbe081dca,8d15af1f9d36efa1,d8b21abd985de945,200,125,62.500000,373.600000,267.317384,1.000000,5.800000,451.085384,2.751389,475.480863,6.312000,2.569075,0.000000,0.356968,0.686520,0.202224,0.207035,200,1256,1256,32.000000,0,0,16,16,102,102,2,2,438.000000,789,0,0,88,112,0,88,13,12,1,0,13,1,1,1,0,0,0,0,0,75,0,75,75,75,0,0,0,0
755,13000284,50,2,106.071528446064,175.000000000000,35.000000000000,2.563558210546,76b183fa650dab42,8d15af1f9d36efa1,6edbb8a253374a8,200,130,65.000000,199.100000,227.638808,0.700000,2.000000,230.091667,2.904762,225.728448,2.846154,2.621622,0.000000,0.471429,0.622642,0.350877,0.209402,200,944,944,32.000000,0,0,16,16,45,45,8,2,330.000000,370,0,0,27,116,0,27,17,13,4,0,17,4,4,1,3,0,0,0,0,10,60,10,70,13,57,0,0,0
756,13000285,50,2,13.199554047269,325.000000000000,44.000000000000,2.383279345356,b9800be09bcfa3a1,8d15af1f9d36efa1,421b39ebce9b8a20,200,186,93.000000,211.204301,208.236574,1.000000,3.000000,234.840294,3.216667,239.404790,3.080645,3.013962,0.000000,0.376496,0.633700,0.258732,0.165939,200,1096,1096,32.000000,0,0,16,16,54,54,6,0,346.000000,573,0,0,34,166,0,34,20,17,3,0,20,3,3,3,0,0,0,0,0,14,0,14,14,14,0,0,0,0
757,13000286,50,2,353.697666845677,175.000000000000,32.000000000000,2.726444927186,1d94ab444ed015ab,8d15af1f9d36efa1,83bc54a5196ba92,200,120,60.000000,246.308333,314.233981,0.600000,2.300000,307.158295,3.091667,298.682265,3.833333,3.043478,0.000000,0.399478,0.604743,0.303030,0.138577,200,1120,1120,32.000000,0,0,16,16,33,33,8,2,306.000000,460,0,0,16,108,0,16,16,12,4,0,16,4,4,0,4,0,0,0,0,0,80,0,80,4,76,0,0,0
758,13000287,50,2,102.984437507873,175.000000000000,35.000000000000,1.998560059000,48fa76c9b34ea4a4,8d15af1f9d36efa1,9a8b1700c565a62d,200,173,86.500000,286.739884,258.131308,0.900000,3.900000,327.301369,2.018519,350.633532,4.601156,2.204774,0.000000,0.291815,0.621212,0.200803,0.107623,200,856,856,32.000000,0,0,16,16,45,45,6,0,328.000000,796,0,0,26,155,0,26,19,16,3,0,19,3,3,2,1,0,0,0,0,7,20,7,27,8,19,0,0,0
759,13000288,50,2,381.361496355032,325.000000000000,33.000000000000,2.092423043893,4b7d381b2b8e6afa,8d15af1f9d36efa1,5ede60b4554eab18,200,100,50.000000,326.710000,301.311598,0.500000,2.700000,404.911390,1.772078,398.200974,5.400000,1.962963,0.000000,0.367681,0.610895,0.270270,0.131833,200,976,976,32.000000,0,0,16,16,31,31,20,2,314.000000,540,0,0,15,90,0,15,15,5,10,0,15,10,10,5,5,0,0,0,0,0,100,0,100,5,95,0,0,0
760,13000289,50,2,402.946798360115,325.000000000000,43.000000000000,1.544229015067,97f399c714cbd609,8d15af1f9d36efa1,9a80b700c55cae88,200,136,68.000000,204.941176,204.907180,0.800000,2.200000,216.526788,3.532738,209.515122,2.735294,3.169355,0.000000,0.504000,0.653979,0.349650,0.281853,200,1056,1056,32.000000,0,0,16,16,71,71,4,14,378.000000,372,0,0,46,120,0,46,18,16,2,0,18,2,2,0,2,0,0,0,0,28,40,24,64,30,34,0,0,0
761,13000290,50,2,7.632241757572,325.000000000000,44.000000000000,1.926674172563,c1ae2d2cbb10d8c0,8d15af1f9d36efa1,2ecbff44d2c2d0b,200,141,70.500000,260.801418,259.618409,1.000000,4.200000,318.357409,2.453333,315.225132,4.290780,2.320661,0.000000,0.405113,0.673203,0.248447,0.229299,200,920,920,32.000000,0,0,16,16,87,87,6,0,412.000000,605,0,0,73,127,0,73,14,11,3,0,14,3,3,3,0,0,0,0,0,59,0,59,59,59,0,0,0,0
762,13000291,50,2,463.379653492400,75.000000000000,34.000000000000,2.108542229862,fb3025d4b99566fa,8d15af1f9d36efa1,d2a86e69d2a0c8ff,200,112,56.000000,314.428571,201.068137,1.000000,5.900000,462.646581,2.325769,374.517284,5.017857,2.113879,0.000000,0.450098,0.696970,0.262467,0.288608,200,960,960,32.000000,0,0,16,16,110,110,8,4,460.000000,562,0,0,98,102,0,98,10,6,4,0,10,4,4,4,0,0,0,0,0,88,0,88,88,88,0,0,0,0
763,13000292,50,2,85.641173044678,175.000000000000,44.000000000000,1.528302234529,298b2883a2155df5,8d15af1f9d36efa1,ca081e812a3248f6,200,194,97.000000,285.716495,242.481834,1.000000,4.500000,354.284840,2.485238,348.224703,4.453608,2.196759,0.000000,0.276382,0.622642,0.187970,0.101871,200,968,968,32.000000,0,0,16,16,46,46,6,0,330.000000,864,0,0,26,174,0,26,20,17,3,0,20,3,3,3,0,0,0,0,0,6,0,6,6,6,0,0,0,0
764,13000293,50,2,390.473049941510,325.000000000000,23.000000000000,2.979160606329,5cee82ff9af5eb0b,8d15af1f9d36efa1,5709ca4f9d25aa60,200,160,80.000000,290.325000,246.391277,0.800000,3.800000,355.192643,2.814187,361.348076,4.750000,2.500000,0.000000,0.289720,0.607843,0.208333,0.093079,200,944,944,32.000000,0,0,16,16,37,37,4,2,310.000000,760,0,0,18,144,0,18,18,16,2,0,18,2,2,0,2,0,0,0,0,0,40,0,40,2,38,0,0,0
765,13000294,50,2,334.089917872648,325.000000000000,28.000000000000,1.932064542303,b1939f72aaf31e2d,8d15af1f9d36efa1,c4b83790442fce08,200,200,100.000000,385.985000,258.329615,1.000000,6.600000,513.394286,2.168214,515.776961,6.600000,2.080303,0.000000,0.193154,0.612403,0.131579,0.059829,200,952,952,32.000000,0,0,16,16,40,40,4,0,316.000000,1320,0,0,20,180,0,20,20,18,2,0,20,2,2,2,0,0,0,0,0,0,0,0,0,0,0,0,0,0
766,13000295,50,2,219.222564171212,75.000000000000,26.000000000000,1.532150332444,bf789943d62f99d9,8d15af1f9d36efa1,af4c2615a94014a1,200,120,60.000000,209.700000,267.476685,0.600000,2.000000,270.973919,2.511111,257.564123,3.333333,2.400000,0.000000,0.457995,0.628253,0.333333,0.209486,200,1104,1104,32.000000,0,0,16,16,50,50,6,0,338.000000,400,0,0,35,108,0,35,15,12,3,0,15,3,3,0,3,0,0,0,0,20,80,0,80,23,57,0,0,0
767,13000296,50,2,145.660625332114,75.000000000000,21.000000000000,2.695752109398,8dcda4b2c55d6537,8d15af1f9d36efa1,a77b6366f6fd4343,200,121,60.500000,261.768595,279.954359,0.700000,3.000000,345.561891,2.469048,304.266097,4.132231,2.392000,0.000000,0.410377,0.635036,0.285714,0.188312,200,976,976,32.000000,0,0,16,16,52,52,12,2,348.000000,500,0,0,36,109,0,36,15,9,6,0,15,6,6,3,3,0,0,0,0,21,60,19,79,24,55,0,0,0
768,13000297,50,2,493.009692543287,175.000000000000,42.000000000000,2.568728254927,167d20b6e07b1aa4,8d15af1f9d36efa1,3437914f895ff1f2,200,73,36.500000,188.972603,264.119413,0.400000,1.000000,195.721694,3.541667,198.686597,2.520548,3.385870,0.000000,0.665455,0.646643,0.520833,0.421384,200,1136,1136,32.000000,0,0,16,16,59,59,16,0,366.000000,184,0,0,45,65,0,45,14,6,8,0,14,8,8,2,6,0,0,0,0,31,120,7,127,37,90,0,0,0
769,13000298,50,2,19.519716538647,175.000000000000,44.000000000000,2.000839714931,32e0e57cbb1ca23b,8d15af1f9d36efa1,2b59cbf7b9312a4b,200,184,92.000000,318.494565,287.614254,1.000000,5.300000,406.139170,2.058929,386.728130,5.266304,2.113519,0.000000,0.264237,0.635036,0.171086,0.106912,200,840,840,32.000000,0,0,16,16,52,52,12,0,348.000000,969,0,0,34,166,0,34,18,12,6,0,18,6,6,6,0,0,0,0,0,16,0,16,16,16,0,0,0,0
770,13000299,50,2,32.261527005321,425.000000000000,25.000000000000,2.993849752731,d443c9af9066c03d,8d15af1f9d36efa1,e7e82f7632a831a,200,144,72.000000,261.868056,244.435538,1.000000,3.600000,293.655877,2.786667,295.556249,3.604167,2.589595,0.000000,0.447284,0.677419,0.278164,0.265912,200,1008,1008,32.000000,0,0,16,16,86,86,16,4,420.000000,519,0,0,70,130,0,70,14,6,8,0,14,8,8,8,0,0,0,0,0,56,0,56,56,56,0,0,0,0
771,13000300,50,2,85.956040300232,175.000000000000,32.000000000000,2.854756998045,eff1841ef83dba9f,8d15af1f9d36efa1,7ce9c2224fde928e,200,190,95.000000,411.578947,364.144983,1.000000,7.100000,535.177087,2.262659,533.967746,7.184211,2.127473,0.000000,0.202221,0.633700,0.127796,0.077079,200,896,896,32.000000,0,0,16,16,48,48,18,0,346.000000,1365,0,0,29,171,0,29,19,10,9,0,19,9,9,9,0,0,0,0,0,10,0,10,10,10,0,0,0,0
772,13000301,50,2,363.260020429754,75.000000000000,24.000000000000,2.269009340733,415eb272de95635c,8d15af1f9d36efa1,2054f5bf74d1deb2,200,119,59.500000,282.344538,285.495307,0.700000,3.500000,389.611168,3.202381,359.606360,4.705882,3.278571,0.000000,0.399142,0.650350,0.263158,0.200000,200,1200,1200,32.000000,0,0,16,16,67,67,6,0,372.000000,560,0,0,54,108,0,54,13,10,3,0,13,3,3,1,2,0,0,0,0,41,60,21,81,43,38,0,0,0
773,13000302,50,2,326.250743048818,75.000000000000,21.000000000000,2.225824205362,d6f66c9d41202d1c,8d15af1f9d36efa1,e9e07ab30d435fce,200,186,93.000000,316.220430,288.155384,1.000000,5.300000,410.942609,2.996071,398.659199,5.172043,2.979210,0.000000,0.260000,0.628253,0.172117,0.099251,200,1168,1168,32.000000,0,0,16,16,50,50,6,0,338.000000,962,0,0,32,168,0,32,18,15,3,0,18,3,3,3,0,0,0,0,0,14,0,14,14,14,0,0,0,0
774,13000303,50,2,445.569120373857,175.000000000000,40.000000000000,2.366590921576,ecdf8109d702d31c,8d15af1f9d36efa1,b5a93b98d0533142,200,105,52.500000,297.752381,309.334360,0.600000,2.800000,342.225875,2.567460,349.622396,4.638095,2.390144,0.000000,0.416766,0.635036,0.291121,0.192371,200,880,880,32.000000,0,0,16,16,51,51,14,0,348.000000,487,0,0,35,93,0,35,16,9,7,0,16,7,7,3,4,0,0,0,0,19,80,15,95,23,72,0,0,0
775,13000304,50,2,112.935443213173,175.000000000000,38.000000000000,1.863236327467,d5d753ea71ec652a,8d15af1f9d36efa1,70b12f4fab9551fe,200,160,80.000000,206.506250,216.552991,0.800000,2.400000,248.017603,2.610795,245.199688,3.000000,2.083333,0.000000,0.398496,0.613900,0.294118,0.151943,200,880,880,32.000000,0,0,16,16,40,40,6,0,318.000000,480,0,0,22,144,0,22,18,15,3,0,18,3,3,1,2,0,0,0,0,4,40,0,40,6,34,0,0,0
776,13000305,50,2,455.618521074582,175.000000000000,35.000000000000,2.844828769825,b6ec0b57f9218acc,8d15af1f9d36efa1,61ee6cca133be96b,200,171,85.500000,227.029240,256.061958,0.900000,3.300000,280.990812,2.480159,265.583539,3.584795,2.446982,0.000000,0.356768,0.629630,0.246002,0.149792,200,1056,1056,32.000000,0,0,16,16,50,50,8,0,340.000000,613,0,0,31,153,0,31,19,15,4,0,19,4,4,3,1,0,0,0,0,12,20,9,29,13,16,0,0,0
777,13000306,50,2,40.179516779638,75.000000000000,32.000000000000,2.116766228349,e3e3b46b0634f3d4,8d15af1f9d36efa1,2ecfe35262ffee27,200,49,24.500000,333.265306,226.923611,1.000000,3.600000,279.136254,2.921667,319.718588,4.000000,2.382653,0.000000,0.750636,0.746835,0.505051,0.646209,200,1064,1064,32.000000,0,0,16,16,175,175,8,12,590.000000,196,0,0,160,40,0,160,9,5,4,0,9,4,4,4,0,0,0,0,0,151,0,151,151,151,0,0,0,0
778,13000307,50,2,377.770695611269,325.000000000000,40.000000000000,2.189109595148,5cea7f21d8f98b91,8d15af1f9d36efa1,9ac83900c5998e11,200,80,40.000000,165.212500,240.019107,0.400000,1.000000,183.139656,2.791667,178.646982,2.500000,2.900000,0.000000,0.600000,0.600000,0.500000,0.253731,200,1232,1232,32.000000,0,0,16,16,28,28,12,0,300.000000,200,0,0,14,72,0,14,14,8,6,0,14,6,6,0,6,0,0,0,0,0,120,0,120,6,114,0,0,0
779,13000308,50,2,380.829439803609,75.000000000000,31.000000000000,2.438614346364,7f7d01f2079aa513,8d15af1f9d36efa1,9a9f8700c5770d87,200,139,69.500000,179.388489,216.353421,0.800000,2.100000,203.935879,3.093750,211.792484,2.654676,3.238482,0.000000,0.507343,0.655172,0.351494,0.286267,200,1144,1144,32.000000,0,0,16,16,71,71,6,0,380.000000,369,0,0,56,125,0,56,15,12,3,0,15,3,3,2,1,0,0,0,0,41,40,21,61,42,19,0,0,0
780,13000309,50,2,378.293379572376,325.000000000000,26.000000000000,2.789775271699,b47bae40b567f540,8d15af1f9d36efa1,9b08b800c5d049d3,200,200,100.000000,412.195000,309.843412,1.000000,6.600000,540.457918,2.490350,545.888575,6.600000,2.424242,0.000000,0.196102,0.616858,0.131579,0.063830,200,968,968,32.000000,0,0,16,16,40,40,10,0,322.000000,1320,0,0,20,180,0,20,20,15,5,0,20,5,5,5,0,0,0,0,0,0,0,0,0,0,0,0,0,0
781,13000310,50,2,405.990666603115,75.000000000000,34.000000000000,2.159825918907,ba61c0b7c0b439de,8d15af1f9d36efa1,308ec8b90a20fda6,200,142,71.000000,317.450704,282.201314,0.900000,4.500000,382.814585,2.728219,374.004491,4.971831,2.735127,0.000000,0.371886,0.676375,0.220751,0.208520,200,1016,1016,32.000000,0,0,16,16,87,87,12,14,418.000000,706,0,0,62,125,0,62,18,12,6,0,18,6,6,5,1,0,0,0,0,44,20,38,58,45,13,0,0,0
782,13000311,50,2,329.519790937113,325.000000000000,34.000000000000,2.127165531619,7fbdeeeb6938be58,8d15af1f9d36efa1,553ddb8f81b88764,200,195,97.500000,303.871795,256.121503,1.000000,5.000000,386.667618,2.203730,388.817517,5.051282,2.162437,0.000000,0.247517,0.618321,0.168776,0.085422,200,992,992,32.000000,0,0,16,16,45,45,2,0,324.000000,985,0,0,25,175,0,25,20,19,1,0,20,1,1,1,0,0,0,0,0,5,0,5,5,5,0,0,0,0
783,13000312,50,2,425.815659170486,75.000000000000,34.000000000000,1.606465764724,16e0ef1b00fe1d4,8d15af1f9d36efa1,80cce8526a9c65ca,200,172,86.000000,353.319767,306.929924,1.000000,5.600000,449.200072,2.413968,444.882760,5.511628,2.393460,0.000000,0.278539,0.646643,0.174216,0.123845,200,1024,1024,32.000000,0,0,16,16,62,62,10,0,366.000000,948,0,0,45,155,0,45,17,12,5,0,17,5,5,5,0,0,0,0,0,28,0,28,28,28,0,0,0,0
784,13000313,50,2,138.615587011746,325.000000000000,35.000000000000,2.304339342341,27db97871ede6c0,8d15af1f9d36efa1,9ae36a00c5b0a90c,200,152,76.000000,214.776316,226.502409,0.800000,2.600000,255.166002,2.683333,250.130178,3.388158,2.438835,0.000000,0.386174,0.618321,0.279720,0.151565,200,1040,1040,32.000000,0,0,16,16,44,44,4,0,324.000000,515,0,0,26,136,0,26,18,16,2,0,18,2,2,0,2,0,0,0,0,8,40,8,48,10,38,0,0,0
785,13000314,50,2,58.547522700709,175.000000000000,41.000000000000,2.166510910215,173f1a1b173e58a0,8d15af1f9d36efa1,9ae6d600c5b39667,200,100,50.000000,201.130000,285.518743,0.500000,1.700000,223.205033,2.613333,227.808529,3.530000,3.036827,0.000000,0.464340,0.604743,0.361664,0.173302,200,1080,1080,32.000000,0,0,16,16,30,30,14,0,306.000000,353,0,0,15,90,0,15,15,8,7,0,15,7,7,2,5,0,0,0,0,0,100,0,100,5,95,0,0,0
786,13000315,50,2,235.103089073689,75.000000000000,27.000000000000,1.919272292743,b1c7a61f3eeae388,8d15af1f9d36efa1,cd008758f926b30d,200,159,79.500000,280.025157,268.366922,0.900000,4.300000,371.476008,2.737434,352.875515,4.691824,2.390080,0.000000,0.332737,0.650350,0.211416,0.158014,200,1000,1000,32.000000,0,0,16,16,68,68,4,0,372.000000,746,0,0,51,143,0,51,17,15,2,0,17,2,2,1,1,0,0,0,0,34,20,21,41,35,6,0,0,0
787,13000316,50,2,123.080873567007,325.000000000000,42.000000000000,1.561700829915,a1b1140884071273,8d15af1f9d36efa1,1d3ad0500d1c6b56,200,194,97.000000,232.113402,239.286704,1.000000,3.700000,284.141491,2.924762,277.653192,3.675258,2.884993,0.000000,0.317703,0.624060,0.219058,0.123001,200,1072,1072,32.000000,0,0,16,16,46,46,8,0,332.000000,713,0,0,26,174,0,26,20,16,4,0,20,4,4,4,0,0,0,0,0,6,0,6,6,6,0,0,0,0
788,13000317,50,2,473.042037228637,175.000000000000,33.000000000000,2.480946354856,381b3e1b20fadfbb,8d15af1f9d36efa1,612e1b5ade7b8808,200,180,90.000000,465.966667,330.105706,1.000000,7.200000,573.041881,2.190794,585.862782,7.166667,2.113178,0.000000,0.231228,0.659864,0.134228,0.107884,200,928,928,32.000000,0,0,16,16,63,63,30,6,388.000000,1290,0,0,40,160,0,40,20,5,15,0,20,15,15,15,0,0,0,0,0,20,0,20,20,20,0,0,0,0
789,13000318,50,2,125.569062493534,425.000000000000,22.000000000000,2.893185398225,1823b948c5d3e620,8d15af1f9d36efa1,c601cad4adef6fd2,200,170,85.000000,281.682353,275.059102,0.900000,3.900000,348.007232,2.981481,333.556275,4.311765,2.889495,0.000000,0.311737,0.624060,0.214362,0.120048,200,1048,1048,32.000000,0,0,16,16,47,47,6,2,332.000000,733,0,0,28,153,0,28,18,15,3,0,18,3,3,2,1,0,0,0,0,10,20,10,30,11,19,0,0,0
790,13000319,50,2,98.405123944376,175.000000000000,36.000000000000,2.853034657296,d7b2c5610a48ea04,8d15af1f9d36efa1,7910b20c6d2e1999,200,153,76.500000,264.418301,277.294063,0.900000,3.500000,314.047998,2.720370,318.961051,4.084967,2.526400,0.000000,0.368049,0.645390,0.242424,0.174373,200,952,952,32.000000,0,0,16,16,61,61,10,0,364.000000,625,0,0,44,137,0,44,17,12,5,0,17,5,5,4,1,0,0,0,0,27,20,27,47,28,19,0,0,0
791,13000320,50,2,108.488983505589,175.000000000000,34.000000000000,2.218209670665,1db8972ed96f739d,8d15af1f9d36efa1,fdfb17b6372355f,200,200,100.000000,335.000000,287.953938,1.000000,5.300000,435.815593,2.160000,425.149666,5.530000,2.048825,0.000000,0.226573,0.618321,0.153139,0.076795,200,864,864,32.000000,0,0,16,16,40,40,12,0,324.000000,1106,0,0,20,180,0,20,20,14,6,0,20,6,6,6,0,0,0,0,0,0,0,0,0,0,0,0,0,0
792,13000321,50,2,457.526671953235,325.000000000000,45.000000000000,1.812529959866,cca2b0caab5e2faf,8d15af1f9d36efa1,f7e55aa92f8e73f1,200,137,68.500000,313.788321,303.680818,1.000000,5.100000,394.984169,2.924762,371.630574,4.963504,2.545588,0.000000,0.386835,0.682035,0.227273,0.225513,200,1096,1096,31.000000,0,0,16,15,97,97,4,4,429.000000,680,0,0,79,121,0,79,16,14,2,0,16,2,2,2,0,0,0,0,0,63,0,63,63,63,0,0,0,0
793,13000322,50,2,405.439683841451,425.000000000000,36.000000000000,1.910104452821,50ed525740921c65,8d15af1f9d36efa1,9ab06b00c5855126,200,125,62.500000,225.584000,272.460039,0.700000,2.500000,293.864070,2.944048,281.410689,3.624000,2.675497,0.000000,0.442804,0.642857,0.306279,0.220310,200,1088,1088,32.000000,0,0,16,16,60,60,8,0,360.000000,453,0,0,45,113,0,45,15,11,4,0,15,4,4,1,3,0,0,0,0,30,60,15,75,33,42,0,0,0
794,13000323,50,2,117.797891671671,75.000000000000,31.000000000000,1.806178228613,dfc070a90f98c1ac,8d15af1f9d36efa1,5269e89152ad0b00,200,181,90.500000,359.464088,299.226345,1.000000,5.700000,447.844465,2.526190,444.076610,5.602210,2.639053,0.000000,0.260933,0.641577,0.164745,0.110526,200,1016,1016,32.000000,0,0,16,16,57,57,12,0,358.000000,1014,0,0,38,162,0,38,19,13,6,0,19,6,6,6,0,0,0,0,0,19,0,19,19,19,0,0,0,0
795,13000324,50,2,148.286237330751,325.000000000000,25.000000000000,2.837515550061,603dfa73b5cf200f,8d15af1f9d36efa1,6fb6b5db87483174,200,186,93.000000,294.451613,259.287840,1.000000,5.100000,389.523557,2.033889,370.073730,5.053763,1.631915,0.000000,0.269619,0.634369,0.175439,0.109848,200,1000,1000,31.000000,0,0,16,15,54,54,8,0,347.000000,940,0,0,34,166,0,34,20,16,4,0,20,4,4,4,0,0,0,0,0,14,0,14,14,14,0,0,0,0
796,13000325,50,2,87.967749680309,425.000000000000,28.000000000000,1.509821774397,c4544a89cadd500e,8d15af1f9d36efa1,85c2b6cc8e136865,200,86,43.000000,210.662791,257.543543,0.500000,1.400000,231.999001,3.100000,219.260435,2.720930,3.222222,0.000000,0.620130,0.656357,0.460829,0.390625,200,1176,1176,32.000000,0,0,16,16,66,66,18,0,382.000000,234,0,0,53,76,0,53,15,6,9,0,15,9,9,4,5,0,0,0,0,38,100,14,114,43,71,0,0,0
797,13000326,50,2,356.965088823786,325.000000000000,31.000000000000,2.438350152512,28f370af649f7273,8d15af1f9d36efa1,4778bf0d700c49b8,200,180,90.000000,296.166667,240.648349,1.000000,4.400000,336.091780,2.183333,360.596158,4.788889,2.243619,0.000000,0.292282,0.640288,0.188324,0.125761,200,912,912,32.000000,0,0,16,16,60,60,4,0,356.000000,862,0,0,40,160,0,40,20,18,2,0,20,2,2,2,0,0,0,0,0,20,0,20,20,20,0,0,0,0
798,13000327,50,2,104.590028577074,425.000000000000,23.000000000000,2.731971341748,b30200a8088f49db,8d15af1f9d36efa1,e90542ab76ca175b,200,98,49.000000,269.081633,195.907428,1.000000,3.400000,270.356596,2.858333,325.936265,4.265306,2.968900,0.000000,0.535556,0.706745,0.323625,0.374251,200,1184,1184,32.000000,0,0,16,16,120,120,10,0,482.000000,418,0,0,111,89,0,111,9,4,5,0,9,5,5,5,0,0,0,0,0,102,0,102,102,102,0,0,0,0
799,13000328,50,2,403.882858904438,75.000000000000,22.000000000000,2.902083448697,98c3486076104979,8d15af1f9d36efa1,2fb7ab360e786dab,200,110,55.000000,282.154545,276.012502,0.800000,3.000000,284.487649,2.362500,348.587766,4.436364,2.489754,0.000000,0.449210,0.665552,0.290698,0.253823,200,968,968,32.000000,0,0,16,16,75,75,16,2,398.000000,488,0,0,62,100,0,62,12,4,8,0,12,8,8,6,2,0,0,0,0,50,40,50,90,52,38,0,0,0
800,13000329,50,2,83.583501697342,325.000000000000,46.000000000000,1.779220693121,632dbf118de318fd,8d15af1f9d36efa1,2e35eb42f40e4ead,200,192,96.000000,248.838542,215.934873,1.000000,4.000000,309.572241,2.644167,306.307016,3.869792,2.617766,0.000000,0.304958,0.619772,0.212089,0.112306,200,1016,1016,32.000000,0,0,16,16,46,46,2,0,326.000000,743,0,0,27,173,0,27,19,18,1,0,19,1,1,1,0,0,0,0,0,8,0,8,8,8,0,0,0,0
801,13000330,50,2,142.715382217044,175.000000000000,33.000000000000,2.386674437310,4c635eb47d5f5b47,8d15af1f9d36efa1,e7286ab9664075be,200,152,76.000000,228.157895,240.229144,0.800000,2.800000,265.231640,2.820833,271.003146,3.486842,2.673585,0.000000,0.382284,0.621212,0.273973,0.153355,200,1048,1048,32.000000,0,0,16,16,45,45,6,0,328.000000,530,0,0,27,136,0,27,18,15,3,0,18,3,3,1,2,0,0,0,0,9,40,8,48,11,37,0,0,0
802,13000331,50,2,466.589702842536,325.000000000000,43.000000000000,1.993502425526,772495033e50805f,8d15af1f9d36efa1,1af77f0815cecae4,200,200,100.000000,254.630000,245.253807,1.000000,4.100000,309.025351,3.021667,302.944481,4.100000,2.804878,0.000000,0.281961,0.616858,0.196078,0.098901,200,992,992,32.000000,0,0,16,16,41,41,8,2,322.000000,820,0,0,20,180,0,20,20,16,4,0,20,4,4,4,0,0,0,0,0,0,0,0,0,0,0,0,0,0
803,13000332,50,2,259.753850019693,425.000000000000,23.000000000000,2.062981805108,dd72a6726525324e,8d15af1f9d36efa1,eed61ba97e7a3c31,200,133,66.500000,238.451128,259.974500,0.800000,2.900000,276.319350,3.014583,298.403540,4.000000,2.687970,0.000000,0.396825,0.636364,0.273224,0.181538,200,1064,1064,32.000000,0,0,16,16,55,55,8,0,350.000000,532,0,0,42,120,2,40,13,9,4,0,13,4,4,2,2,0,0,0,0,27,40,27,67,29,38,0,0,0
804,13000333,50,2,184.927734359960,75.000000000000,18.000000000000,2.476338646959,56da2193c5cea941,8d15af1f9d36efa1,f05ade096fe6d938,200,139,69.500000,330.417266,284.184025,0.800000,4.200000,403.094150,2.776637,395.951623,5.438849,2.472222,0.000000,0.320755,0.640934,0.209205,0.142857,200,1032,1032,31.000000,0,0,16,15,51,51,24,0,357.000000,756,0,0,36,126,0,36,15,3,12,0,15,12,12,10,2,0,0,0,0,21,40,21,61,23,38,0,0,0
805,13000334,50,2,480.049826028756,75.000000000000,34.000000000000,1.673071381905,242a0518cfd7b739,8d15af1f9d36efa1,a386fa768b6f94d7,200,163,81.500000,313.184049,271.257841,1.000000,5.900000,433.738212,2.544444,382.776657,5.214724,2.491765,0.000000,0.311183,0.657534,0.190476,0.151697,200,1072,1072,32.000000,0,0,16,16,71,71,10,0,384.000000,850,0,0,54,146,0,54,17,12,5,0,17,5,5,5,0,0,0,0,0,37,0,37,37,37,0,0,0,0
806,13000335,50,2,72.377367044034,425.000000000000,28.000000000000,2.722749442062,fae7f2b5fa3e24c5,8d15af1f9d36efa1,9baaa2ffbe290716,200,96,48.000000,245.927083,242.608673,0.600000,1.900000,245.836158,2.342593,248.814163,3.260417,2.019169,0.000000,0.574150,0.678457,0.389864,0.377734,200,1008,1008,32.000000,0,0,16,16,86,86,18,28,422.000000,313,0,0,57,85,0,57,15,6,9,0,15,9,9,5,4,0,0,0,0,42,80,24,104,46,58,0,0,0
807,13000336,50,2,332.244087330786,325.000000000000,39.000000000000,1.781978719740,eba7709f7d260ea9,8d15af1f9d36efa1,1813d986fd21caf,200,200,100.000000,252.760000,239.777332,1.000000,4.400000,319.737155,2.517500,316.287529,4.400000,2.461364,0.000000,0.262982,0.610895,0.185185,0.085239,200,1032,1032,32.000000,0,0,16,16,41,41,0,2,314.000000,880,0,0,20,180,0,20,20,20,0,0,20,0,0,0,0,0,0,0,0,0,0,0,0,0,0,0,0,0
808,13000337,50,2,301.546025565917,75.000000000000,25.000000000000,1.605391102017,a7beb116f0321c77,8d15af1f9d36efa1,2af55c4f83f65d6e,200,112,56.000000,229.419643,274.970550,0.700000,2.700000,268.552996,3.392857,276.916382,4.008929,3.138085,0.000000,0.457074,0.653979,0.308166,0.245378,200,1064,1064,32.000000,0,0,16,16,68,68,10,0,378.000000,449,0,0,57,102,2,55,11,6,5,0,11,5,5,2,3,0,0,0,0,44,60,28,88,47,41,0,0,0
809,13000338,50,2,481.682054548496,175.000000000000,41.000000000000,2.211749070969,dc4b60f51ce8ad69,8d15af1f9d36efa1,8f73d15600b6f105,200,154,77.000000,207.376623,198.839791,1.000000,3.000000,227.191118,2.746667,217.586816,2.896104,2.773543,0.000000,0.476526,0.669967,0.309598,0.280645,200,1120,1120,32.000000,0,0,16,16,80,80,14,0,406.000000,446,0,0,63,137,0,63,17,10,7,0,17,7,7,7,0,0,0,0,0,46,0,46,46,46,0,0,0,0
810,13000339,50,2,126.623166186959,175.000000000000,31.000000000000,2.665660969260,56b838e94bff90d,8d15af1f9d36efa1,3b4db06a25a72fd0,200,159,79.500000,227.295597,195.984689,0.800000,2.800000,277.864208,3.050000,274.762589,3.503145,2.680431,0.000000,0.366325,0.616858,0.264201,0.139104,200,1144,1144,32.000000,0,0,16,16,43,43,4,2,322.000000,557,0,0,24,143,0,24,18,16,2,0,18,2,2,0,2,0,0,0,0,6,40,1,41,8,33,0,0,0
811,13000340,50,2,85.424894664852,175.000000000000,31.000000000000,2.520642856380,21d8236dc8a8cdc9,8d15af1f9d36efa1,49fe00ee0d550f81,200,116,58.000000,318.637931,275.839484,0.600000,3.200000,404.232752,2.491071,404.690645,5.362069,2.517685,0.000000,0.337593,0.613153,0.243309,0.121469,200,1152,1152,31.000000,0,0,16,15,38,38,10,0,317.000000,622,0,0,22,104,0,22,16,11,5,0,16,5,5,1,4,0,0,0,0,6,80,4,84,10,74,0,0,0
812,13000341,50,2,120.490322635348,425.000000000000,21.000000000000,2.507862026642,5940e5d5c0ebc239,8d15af1f9d36efa1,a0ca733d4df5a998,200,26,13.000000,250.538462,347.743039,0.300000,1.000000,236.184116,2.166667,326.299211,4.500000,1.666667,0.000000,0.801358,0.702381,0.630915,0.672269,200,936,936,32.000000,0,0,16,16,116,116,8,20,472.000000,117,0,0,100,24,0,100,6,2,4,0,6,4,4,0,4,0,0,0,0,94,140,34,174,98,76,0,0,0
813,13000342,50,2,379.847921957294,325.000000000000,32.000000000000,2.634275277534,90612730cd969e6e,8d15af1f9d36efa1,fbbdb0df3703530e,200,200,100.000000,241.860000,240.343787,1.000000,4.100000,307.058334,2.465476,292.064071,4.100000,2.195122,0.000000,0.278169,0.612403,0.196078,0.092920,200,944,944,32.000000,0,0,16,16,40,40,4,0,316.000000,820,0,0,20,180,0,20,20,18,2,0,20,2,2,2,0,0,0,0,0,0,0,0,0,0,0,0,0,0
814,13000343,50,2,418.212104261285,325.000000000000,33.000000000000,2.755828012429,42731f9642806c33,8d15af1f9d36efa1,e523c3fc21dbe170,200,185,92.500000,278.567568,296.890106,1.000000,4.500000,354.784577,2.386667,350.709132,4.567568,2.523077,0.000000,0.284505,0.626866,0.191388,0.109589,200,1000,1000,32.000000,0,0,16,16,51,51,2,0,336.000000,845,0,0,33,167,0,33,18,17,1,0,18,1,1,1,0,0,0,0,0,15,0,15,15,15,0,0,0,0
815,13000344,50,2,466.252163124815,75.000000000000,34.000000000000,2.220883016538,1203c5ef5e7d1333,8d15af1f9d36efa1,9aad0d00c5827b95,200,80,40.000000,169.450000,222.132208,0.400000,0.900000,165.681339,3.187500,173.519952,2.250000,3.000000,0.000000,0.655172,0.630996,0.526316,0.379310,200,1080,1080,32.000000,0,0,16,16,46,46,18,0,342.000000,180,0,0,32,72,0,32,14,5,9,0,14,9,9,3,6,0,0,0,0,18,120,0,120,24,96,0,0,0
816,13000345,50,2,79.871135837530,175.000000000000,33.000000000000,2.597694376401,609e40bf1154cd4c,8d15af1f9d36efa1,6a4b76dbbbd67977,200,200,100.000000,255.625000,252.859371,1.000000,4.000000,304.097317,2.870833,310.464649,4.200000,2.547619,0.000000,0.275862,0.615385,0.192308,0.094828,200,1136,1136,32.000000,0,0,16,16,40,40,8,0,320.000000,840,0,0,20,180,0,20,20,16,4,0,20,4,4,4,0,0,0,0,0,0,0,0,0,0,0,0,0,0
817,13000346,50,2,404.718728169405,175.000000000000,45.000000000000,1.554271470419,b9bb6b378ea9bfca,8d15af1f9d36efa1,1a15f471ac6b747a,200,105,52.500000,204.895238,245.737422,0.700000,2.200000,226.680209,3.333333,240.971146,3.447619,2.494475,0.000000,0.497222,0.641577,0.355872,0.258197,200,1120,1120,32.000000,0,0,16,16,58,58,10,0,358.000000,362,0,0,47,96,0,47,12,7,5,0,12,5,5,2,3,0,0,0,0,35,60,35,95,38,57,0,0,0
818,13000347,50,2,157.977130464743,325.000000000000,23.000000000000,2.839354244389,ae9b08a7fd16528d,8d15af1f9d36efa1,b552b37de9df8400,200,140,70.000000,235.328571,282.095704,0.700000,2.700000,282.358678,2.989286,283.434746,3.857143,3.000000,0.000000,0.369159,0.612403,0.270270,0.134615,200,912,912,32.000000,0,0,16,16,39,39,6,2,316.000000,540,0,0,21,126,0,21,17,14,3,0,17,3,3,0,3,0,0,0,0,4,60,0,60,7,53,0,0,0
819,13000348,50,2,146.861748122496,175.000000000000,27.000000000000,2.570200002612,a8dbee6fc031adfa,8d15af1f9d36efa1,9c27dbdfe0a221e9,200,120,60.000000,241.850000,258.999137,0.600000,2.600000,309.490200,2.415476,303.307133,4.333333,2.576923,0.000000,0.379475,0.613900,0.277778,0.141914,200,1048,1048,32.000000,0,0,16,16,39,39,8,0,318.000000,520,0,0,23,108,0,23,16,12,4,0,16,4,4,0,4,0,0,0,0,7,80,0,80,11,69,0,0,0
820,13000349,50,2,376.903620968731,175.000000000000,26.000000000000,2.700287940467,bc692bfd00d8c528,8d15af1f9d36efa1,53896003f6bcbd14,200,60,30.000000,268.666667,347.793808,0.300000,1.200000,306.236154,2.388889,300.186124,4.000000,2.666667,0.000000,0.560440,0.604743,0.454545,0.235669,200,952,952,32.000000,0,0,16,16,29,29,16,6,306.000000,240,0,0,13,54,0,13,13,5,8,0,13,8,8,1,7,0,0,0,0,0,140,0,140,7,133,0,0,0
821,13000350,50,2,188.906914349028,325.000000000000,29.000000000000,2.205264342574,6ba9680106eb1ed6,8d15af1f9d36efa1,9a65c100c545f7ce,200,198,99.000000,315.954545,270.350669,1.000000,5.500000,388.142211,2.259167,376.417189,5.545455,2.178506,0.000000,0.231092,0.622642,0.154083,0.081940,200,1000,1000,32.000000,0,0,16,16,49,49,0,14,330.000000,1098,0,0,22,178,0,22,20,20,0,0,20,0,0,0,0,0,0,0,0,2,0,2,2,2,0,0,0,0
822,13000351,50,2,192.695735802101,325.000000000000,23.000000000000,2.573202644362,722afa9b0f59e35b,8d15af1f9d36efa1,9a659500c545ad0a,200,80,40.000000,142.175000,237.253839,0.400000,0.700000,137.692248,4.062500,136.510221,1.750000,3.714286,0.000000,0.684685,0.603175,0.588235,0.339623,200,1160,1160,32.000000,0,0,16,16,28,28,16,0,304.000000,140,0,0,14,72,0,14,14,6,8,0,14,8,8,2,6,0,0,0,0,0,120,0,120,6,114,0,0,0
823,13000352,50,2,477.424165052966,175.000000000000,31.000000000000,2.983106504469,2114ccba2bd145ea,8d15af1f9d36efa1,6d004bd1f9ea212f,200,172,86.000000,232.104651,252.091918,0.900000,3.500000,297.807092,2.457407,273.532225,3.819767,1.984779,0.000000,0.337033,0.625468,0.233372,0.134387,200,992,992,32.000000,0,0,16,16,48,48,6,0,334.000000,657,0,0,29,154,0,29,19,16,3,0,19,3,3,2,1,0,0,0,0,10,20,8,28,11,17,0,0,0
824,13000353,50,2,343.509877139714,75.000000000000,19.000000000000,2.910198576794,2e3eb347355f0c4f,8d15af1f9d36efa1,cc8aa7485cd29418,200,59,29.500000,238.728814,236.075982,0.600000,2.000000,272.898972,3.111111,273.193239,3.457627,3.093137,0.000000,0.665574,0.669967,0.495050,0.460317,200,1096,1096,32.000000,0,0,16,16,79,79,16,0,406.000000,204,0,0,70,54,0,70,9,1,8,0,9,8,8,4,4,0,0,0,0,61,80,61,141,65,76,0,0,0
825,13000354,50,2,110.148290945389,325.000000000000,23.000000000000,2.996144742551,fb9dda0b298226df,8d15af1f9d36efa1,14e2e2500879b36a,200,153,76.500000,131.633987,151.159196,0.800000,1.200000,106.111355,2.812500,124.601464,1.699346,2.900000,0.000000,0.551724,0.615385,0.434783,0.252874,200,968,968,32.000000,0,0,16,16,42,42,4,2,320.000000,260,0,0,24,138,0,24,17,15,2,0,17,2,2,0,2,0,0,0,0,7,40,7,47,9,38,0,0,0
826,13000355,50,2,281.396283007000,175.000000000000,27.000000000000,2.017073197883,b547948b85e54ffc,8d15af1f9d36efa1,b629654fd2fb21fb,200,198,99.000000,302.080808,264.017300,1.000000,5.100000,386.542164,2.460595,381.961210,5.131313,2.236220,0.000000,0.240658,0.616858,0.164474,0.081374,200,936,936,32.000000,0,0,16,16,42,42,6,0,322.000000,1016,0,0,22,178,0,22,20,17,3,0,20,3,3,3,0,0,0,0,0,2,0,2,2,2,0,0,0,0
827,13000356,50,2,100.128340779531,425.000000000000,37.000000000000,1.763907360438,63df72be1135ff38,8d15af1f9d36efa1,3dd036fbb1419861,200,119,59.500000,278.159664,297.856030,1.000000,4.900000,377.067454,2.446667,313.471999,4.260504,2.678501,0.000000,0.476780,0.697885,0.282885,0.312076,200,1056,1056,32.000000,0,0,16,16,111,111,8,4,462.000000,507,0,0,95,105,0,95,14,10,4,0,14,4,4,4,0,0,0,0,0,81,0,81,81,81,0,0,0,0
828,13000357,50,2,473.988675954622,425.000000000000,29.000000000000,1.788151218435,b8e68bb877ff73ef,8d15af1f9d36efa1,26a6225012a93635,200,33,16.500000,137.939394,230.817072,0.200000,0.300000,104.884937,3.250000,149.571366,2.000000,3.621212,0.000000,0.873077,0.694190,0.751880,0.770833,200,1040,1040,32.000000,0,0,16,16,105,105,12,0,454.000000,66,0,0,96,30,0,96,9,3,6,0,9,6,6,0,6,0,0,0,0,87,160,7,167,93,74,0,0,0
829,13000358,50,2,48.919803580493,175.000000000000,40.000000000000,2.593347228516,67f1860a355133df,8d15af1f9d36efa1,ae1636b2245dea7c,200,158,79.000000,349.651899,274.488578,0.800000,4.000000,402.280870,2.553274,412.523895,5.126582,2.150617,0.000000,0.302926,0.637681,0.198020,0.129032,200,1072,1072,32.000000,0,0,16,16,50,50,20,4,352.000000,810,0,0,30,142,0,30,18,8,10,0,18,10,10,8,2,0,0,0,0,12,40,2,42,14,28,0,0,0
830,13000359,50,2,443.079248022076,75.000000000000,37.000000000000,1.593528223373,28b8ccb6f65ffaa4,8d15af1f9d36efa1,fe25f6efe164123,200,98,49.000000,327.581633,282.035483,0.900000,3.800000,331.722681,2.459788,397.436703,5.132653,2.455268,0.000000,0.471083,0.691358,0.284495,0.300417,200,1176,1176,32.000000,0,0,16,16,103,103,10,2,448.000000,503,0,0,92,89,0,92,10,5,5,0,10,5,5,4,1,0,0,0,0,82,20,82,102,83,19,0,0,0
831,13000360,50,2,96.568967600292,325.000000000000,43.000000000000,1.627171869930,34722f8c6b0501b5,8d15af1f9d36efa1,2cd83f3152a57386,200,157,78.500000,288.375796,290.099096,0.800000,3.600000,359.619125,2.983532,355.964960,4.598726,2.908587,0.000000,0.309751,0.618321,0.216920,0.113022,200,1024,1024,32.000000,0,0,16,16,40,40,12,2,324.000000,722,0,0,21,141,0,21,18,12,6,0,18,6,6,4,2,0,0,0,0,3,40,3,43,5,38,0,0,0
832,13000361,50,2,56.530636556298,325.000000000000,42.000000000000,2.421053324421,4ba457b7b2fcf81c,8d15af1f9d36efa1,2b28504f8421a2a3,200,192,96.000000,238.828125,215.902737,1.000000,4.000000,298.128011,2.492619,288.233806,3.973958,2.259502,0.000000,0.306994,0.628253,0.207684,0.121979,200,1024,1024,32.000000,0,0,16,16,50,50,6,4,338.000000,763,0,0,28,172,0,28,20,17,3,0,20,3,3,3,0,0,0,0,0,8,0,8,8,8,0,0,0,0
833,13000362,50,2,394.198639541846,325.000000000000,32.000000000000,2.593897220129,400e18e156577197,8d15af1f9d36efa1,83a74e90c45ccb7c,200,197,98.500000,351.208122,339.492307,1.000000,5.700000,453.922828,2.552381,436.550139,5.817259,2.294939,0.000000,0.226721,0.626866,0.148588,0.083200,200,1064,1064,32.000000,0,0,16,16,49,49,6,12,336.000000,1146,0,0,23,177,0,23,20,17,3,0,20,3,3,3,0,0,0,0,0,3,0,3,3,3,0,0,0,0
834,13000363,50,2,477.380285796273,325.000000000000,37.000000000000,2.607525453356,281ca64f91911e8e,8d15af1f9d36efa1,b60938eedb9896ab,200,145,72.500000,254.386207,268.148492,0.900000,3.300000,294.099875,2.900000,288.842886,3.924138,2.806678,0.000000,0.401682,0.656357,0.260078,0.208623,200,1056,1056,32.000000,0,0,16,16,71,71,8,4,382.000000,569,0,0,52,129,0,52,17,13,4,0,17,4,4,3,1,0,0,0,0,35,20,35,55,36,19,0,0,0
835,13000364,50,2,240.221261182602,75.000000000000,16.000000000000,1.897523025738,af56612f9a01aa7,8d15af1f9d36efa1,fdb4c87124ed916e,200,166,83.000000,242.608434,229.033733,0.900000,3.300000,289.427589,3.435450,287.726171,3.885542,2.862016,0.000000,0.339816,0.624060,0.236686,0.134228,200,1184,1184,32.000000,0,0,16,16,48,48,4,0,332.000000,645,0,0,31,150,0,31,17,15,2,0,17,2,2,1,1,0,0,0,0,14,20,14,34,15,19,0,0,0
836,13000365,50,2,439.702011888576,75.000000000000,27.000000000000,2.689466851384,cc9de30164778c98,8d15af1f9d36efa1,b216924f3f9d0816,200,142,71.000000,212.654930,220.937102,1.000000,3.200000,260.042219,3.153333,231.801291,2.823944,3.301746,0.000000,0.510379,0.676375,0.332779,0.316865,200,1160,1160,32.000000,0,0,16,16,86,86,14,0,418.000000,401,0,0,72,128,0,72,14,7,7,0,14,7,7,7,0,0,0,0,0,58,0,58,58,58,0,0,0,0
837,13000366,50,2,468.607231193104,175.000000000000,47.000000000000,1.996376919413,bf3602f5d31dd21a,8d15af1f9d36efa1,873cf25ae5e58205,200,189,94.500000,227.735450,229.431809,1.000000,3.400000,271.754455,3.493333,263.030310,3.338624,3.424723,0.000000,0.347466,0.626866,0.240674,0.141497,200,1136,1136,32.000000,0,0,16,16,51,51,2,0,336.000000,631,0,0,31,169,0,31,20,19,1,0,20,1,1,1,0,0,0,0,0,11,0,11,11,11,0,0,0,0
838,13000367,50,2,333.799387759298,175.000000000000,28.000000000000,2.445681363863,7c8cf763f450ba11,8d15af1f9d36efa1,c89850791f1e55db,200,200,100.000000,333.560000,229.245191,1.000000,5.200000,421.059205,2.347698,423.834588,5.200000,2.326923,0.000000,0.230769,0.609375,0.161290,0.071429,200,1128,1128,32.000000,0,0,16,16,40,40,0,0,312.000000,1040,0,0,20,180,0,20,20,20,0,0,20,0,0,0,0,0,0,0,0,0,0,0,0,0,0,0,0,0
839,13000368,50,2,253.584281845541,175.000000000000,17.000000000000,2.030126235252,9afac3497ea7d57e,8d15af1f9d36efa1,6457d543b47cdabe,200,86,43.000000,188.069767,258.924372,0.500000,1.300000,205.383185,2.500000,204.383416,2.627907,2.123894,0.000000,0.592058,0.621212,0.469484,0.298137,200,992,992,32.000000,0,0,16,16,42,42,12,0,328.000000,226,0,0,28,77,0,28,14,8,6,0,14,6,6,1,5,0,0,0,0,14,100,14,114,19,95,0,0,0
840,13000369,50,2,134.721242899224,75.000000000000,21.000000000000,2.952569976339,d39bb52d529aa52b,8d15af1f9d36efa1,2715e23e682d210b,200,120,60.000000,297.625000,276.829105,0.900000,4.000000,358.473247,2.457672,362.115428,4.683333,2.181495,0.000000,0.422998,0.673203,0.262467,0.242588,200,912,912,32.000000,0,0,16,16,84,84,12,0,412.000000,562,0,0,72,109,0,72,12,6,6,0,12,6,6,5,1,0,0,0,0,60,20,60,80,61,19,0,0,0
841,13000370,50,2,108.363272621241,175.000000000000,41.000000000000,1.558684155678,e1a1c87111bec175,8d15af1f9d36efa1,3556c063608ec0e,200,187,93.500000,397.812834,273.531566,1.000000,6.600000,524.576466,3.057436,511.027847,6.465241,2.330852,0.000000,0.224503,0.636364,0.141945,0.088922,200,1120,1120,32.000000,0,0,16,16,53,53,12,0,350.000000,1209,0,0,33,167,0,33,20,14,6,0,20,6,6,6,0,0,0,0,0,13,0,13,13,13,0,0,0,0
842,13000371,50,2,404.040680665127,175.000000000000,31.000000000000,2.557090735790,ff39f3cf9cb63e84,8d15af1f9d36efa1,1991404f7a17ac53,200,120,60.000000,180.558333,250.067761,0.600000,1.600000,200.495993,2.777778,198.901159,2.666667,2.562500,0.000000,0.488818,0.604743,0.384615,0.187817,200,1000,1000,32.000000,0,0,16,16,33,33,8,0,306.000000,320,0,0,17,108,0,17,16,12,4,0,16,4,4,0,4,0,0,0,0,1,80,0,80,5,75,0,0,0
843,13000372,50,2,133.386058023818,75.000000000000,24.000000000000,1.873430293276,b545ab252fac0284,8d15af1f9d36efa1,d9c35790bb801737,200,157,78.500000,236.910828,202.655317,1.000000,3.700000,292.426089,2.407460,284.653933,3.713376,2.216123,0.000000,0.395855,0.656357,0.255428,0.204638,200,1272,1272,32.000000,0,0,16,16,71,71,8,0,382.000000,583,0,0,57,143,0,57,14,10,4,0,14,4,4,4,0,0,0,0,0,43,0,43,43,43,0,0,0,0
844,13000373,50,2,410.786664912998,325.000000000000,42.000000000000,1.992385701315,e664a1f7dcb14f1c,8d15af1f9d36efa1,d0d85f44072cfcd5,200,176,88.000000,211.107955,212.700608,0.900000,2.900000,251.727177,3.683333,247.954183,3.204545,3.737589,0.000000,0.361991,0.615385,0.261780,0.134969,200,1232,1232,32.000000,0,0,16,16,42,42,4,0,320.000000,564,0,0,23,158,0,23,19,17,2,0,19,2,2,1,1,0,0,0,0,4,20,4,24,5,19,0,0,0
845,13000374,50,2,243.257333746274,175.000000000000,27.000000000000,1.762127282672,58919b9dee9c02d1,8d15af1f9d36efa1,3fa76e545c2714ed,200,135,67.500000,387.681481,276.650106,1.000000,5.100000,406.491546,2.270833,472.148245,6.066667,1.984127,0.000000,0.351544,0.689441,0.196271,0.205626,200,912,912,32.000000,0,0,16,16,99,99,14,0,444.000000,819,0,0,82,118,0,82,17,10,7,0,17,7,7,7,0,0,0,0,0,65,0,65,65,65,0,0,0,0
846,13000375,50,2,36.637574783820,175.000000000000,42.000000000000,1.670678938645,dc4b51b08d02e8a5,8d15af1f9d36efa1,6b7af329c2242f4a,200,186,93.000000,349.451613,291.069072,1.000000,5.300000,408.784751,2.416667,414.484665,5.381720,2.575425,0.000000,0.270940,0.650350,0.166528,0.122699,200,1032,1032,32.000000,0,0,16,16,59,59,22,10,372.000000,1001,0,0,34,166,0,34,20,9,11,0,20,11,11,11,0,0,0,0,0,14,0,14,14,14,0,0,0,0
847,13000376,50,2,409.655602081884,75.000000000000,30.000000000000,2.693832203486,73f6e4c5d5daca99,8d15af1f9d36efa1,87ef54f707eb583,200,164,82.000000,267.865854,241.447106,1.000000,4.000000,317.108441,2.366905,314.235621,4.079268,2.372197,0.000000,0.365877,0.658703,0.230150,0.187120,200,960,960,32.000000,0,0,16,16,73,73,8,6,386.000000,669,0,0,53,147,0,53,17,13,4,0,17,4,4,4,0,0,0,0,0,36,0,36,36,36,0,0,0,0
848,13000377,50,2,428.934740482781,325.000000000000,42.000000000000,1.611956164822,5467d73fab8b4ab8,8d15af1f9d36efa1,d92fd57c2886dece,200,138,69.000000,321.268116,284.921562,0.900000,4.500000,386.345169,2.667857,394.866019,5.152174,2.361463,0.000000,0.362903,0.669421,0.219539,0.196610,200,1056,1056,31.000000,0,0,16,15,82,82,10,0,405.000000,711,0,0,64,121,0,64,18,13,5,0,18,5,5,4,1,0,0,0,0,46,20,42,62,47,15,0,0,0
849,13000378,50,2,151.569724795711,75.000000000000,30.000000000000,1.722910232252,a16d0ff106d16533,8d15af1f9d36efa1,5af4415f4eb0fd7e,200,103,51.500000,316.475728,288.704966,0.600000,2.800000,369.667887,2.416667,383.850656,4.893204,2.152778,0.000000,0.422018,0.647887,0.284091,0.212500,200,1000,1000,32.000000,0,0,16,16,62,62,12,0,368.000000,504,0,0,47,92,0,47,15,9,6,0,15,6,6,2,4,0,0,0,0,32,80,17,97,36,61,0,0,0
850,13000379,50,2,189.570874138332,75.000000000000,21.000000000000,1.890638719999,b2410155d3bc8654,8d15af1f9d36efa1,9a6fc300c54e4fb9,200,33,16.500000,176.696970,296.940719,0.300000,0.900000,222.306725,2.222222,167.322546,2.575758,2.529412,0.000000,0.826176,0.668874,0.701754,0.669261,200,1104,1104,32.000000,0,0,16,16,79,79,14,6,404.000000,85,0,0,67,30,0,67,9,2,7,0,9,7,7,1,6,0,0,0,0,58,140,27,167,64,103,0,0,0
851,13000380,50,2,479.182158293224,425.000000000000,29.000000000000,2.631092505820,f2a9a5e6c8ceea32,8d15af1f9d36efa1,2cddf9dd74b1ad6c,200,77,38.500000,352.220779,264.758774,0.700000,4.000000,430.500584,2.248810,383.289431,5.311688,2.259169,0.000000,0.558792,0.721448,0.328407,0.411511,200,864,864,32.000000,0,0,16,16,134,134,18,36,518.000000,409,0,0,104,68,0,104,12,3,9,0,12,9,9,6,3,0,0,0,0,92,60,63,123,95,28,0,0,0
852,13000381,50,2,229.414482620211,175.000000000000,26.000000000000,1.812658896993,47400bd2f5d3f565,8d15af1f9d36efa1,f43407f1b1b6c5bf,200,160,80.000000,270.043750,261.989378,0.800000,3.500000,344.515244,3.553571,329.036965,4.375000,3.028571,0.000000,0.308300,0.609375,0.222222,0.102564,200,1128,1128,32.000000,0,0,16,16,36,36,8,0,312.000000,700,0,0,18,144,0,18,18,14,4,0,18,4,4,2,2,0,0,0,0,0,40,0,40,2,38,0,0,0
853,13000382,50,2,209.242592271865,325.000000000000,20.000000000000,2.312970312399,76a4d20e5478a3b2,8d15af1f9d36efa1,19bd814f7a3d55b1,200,161,80.500000,392.987578,232.206032,1.000000,7.300000,564.381327,2.396548,506.953450,6.757764,2.169118,0.000000,0.257338,0.653380,0.155280,0.118314,200,936,936,31.000000,0,0,16,15,72,72,2,6,377.000000,1088,0,0,54,146,0,54,15,14,1,0,15,1,1,1,0,0,0,0,0,39,0,39,39,39,0,0,0,0
854,13000383,50,2,60.659964857651,175.000000000000,35.000000000000,2.527118115032,4ab6db68aab6c1a0,8d15af1f9d36efa1,9ab3d700c5883e81,200,131,65.500000,242.099237,240.693270,0.900000,4.000000,327.309458,2.493563,288.689076,4.015267,2.064639,0.000000,0.436227,0.670511,0.275482,0.250712,200,1016,1016,31.000000,0,0,16,15,86,86,4,0,407.000000,526,0,0,72,118,0,72,14,12,2,0,14,2,2,1,1,0,0,0,0,58,20,49,69,59,10,0,0,0
855,13000384,50,2,83.601703810302,75.000000000000,33.000000000000,1.988662904622,d096a780a2820713,8d15af1f9d36efa1,6237c91792aee7ff,200,139,69.500000,313.453237,258.388423,1.000000,4.800000,362.404020,2.244524,383.106391,5.136691,2.400560,0.000000,0.370370,0.677419,0.218818,0.208426,200,960,960,32.000000,0,0,16,16,87,87,14,0,420.000000,714,0,0,74,126,0,74,13,6,7,0,13,7,7,7,0,0,0,0,0,61,0,61,61,61,0,0,0,0
856,13000385,50,2,269.903252208412,175.000000000000,28.000000000000,1.607475126712,6f1b96bcf90d4734,8d15af1f9d36efa1,a1c1214e0d77e30f,200,200,100.000000,442.685000,359.223487,1.000000,7.500000,616.331766,2.284127,582.737671,7.570000,2.180317,0.000000,0.176279,0.618321,0.116686,0.057285,200,936,936,32.000000,0,0,16,16,42,42,8,4,324.000000,1514,0,0,20,180,0,20,20,16,4,0,20,4,4,4,0,0,0,0,0,0,0,0,0,0,0,0,0,0
857,13000386,50,2,74.388214285410,325.000000000000,28.000000000000,2.690165767882,493ad38f976c75d1,8d15af1f9d36efa1,3f47a41beee173ac,200,140,70.000000,330.542857,381.857274,0.700000,3.800000,435.775092,2.745918,420.753432,5.428571,2.500000,0.000000,0.294991,0.613900,0.208333,0.101655,200,1016,1016,32.000000,0,0,16,16,37,37,12,6,318.000000,760,0,0,17,126,0,17,17,11,6,0,17,6,6,3,3,0,0,0,0,0,60,0,60,3,57,0,0,0
858,13000387,50,2,27.392586156788,75.000000000000,35.000000000000,1.700398291276,98cbe2e8659adc88,8d15af1f9d36efa1,8abf79e04c3d1b87,200,122,61.000000,275.729508,238.673126,1.000000,3.700000,287.104420,2.990714,327.107661,4.262295,2.653846,0.000000,0.472617,0.699700,0.277778,0.310345,200,1112,1112,32.000000,0,0,16,16,115,115,4,14,466.000000,520,0,0,93,107,0,93,15,13,2,0,15,2,2,2,0,0,0,0,0,78,0,78,78,78,0,0,0,0
859,13000388,50,2,399.196843960615,325.000000000000,36.000000000000,2.147914483306,7e3ee5e21b744cc8,8d15af1f9d36efa1,bfd9e3a3cfc89cbd,200,195,97.500000,317.815385,272.022331,1.000000,5.300000,390.983626,1.969008,398.539359,5.471795,2.042174,0.000000,0.237312,0.624060,0.157853,0.085690,200,984,984,32.000000,0,0,16,16,47,47,6,4,332.000000,1067,0,0,25,175,0,25,20,17,3,0,20,3,3,3,0,0,0,0,0,5,0,5,5,5,0,0,0,0
860,13000389,50,2,481.112090396727,75.000000000000,28.000000000000,2.992042077710,170c3c06450e5e87,8d15af1f9d36efa1,81b9d4af48e9c656,200,141,70.500000,309.936170,225.580413,1.000000,4.400000,330.129281,2.201667,347.228376,4.631206,2.182236,0.000000,0.397045,0.682540,0.234467,0.232667,200,912,912,32.000000,0,0,16,16,91,91,16,0,430.000000,653,0,0,75,125,0,75,16,8,8,0,16,8,8,8,0,0,0,0,0,59,0,59,59,59,0,0,0,0
861,13000390,50,2,204.593748074053,425.000000000000,18.000000000000,2.383245288744,5a51cb1feb9a6ffa,8d15af1f9d36efa1,8f5f824f2bee5d0b,200,143,71.500000,292.895105,241.051933,1.000000,4.700000,366.402446,2.593333,352.904605,4.755245,2.522059,0.000000,0.376147,0.672131,0.227273,0.207459,200,1128,1128,32.000000,0,0,16,16,86,86,6,2,410.000000,680,0,0,71,129,0,71,14,11,3,0,14,3,3,3,0,0,0,0,0,57,0,57,57,57,0,0,0,0
862,13000391,50,2,78.190930327669,425.000000000000,30.000000000000,1.684459760832,d13aed8dc0cd985a,8d15af1f9d36efa1,8710976300cf884c,200,116,58.000000,355.982759,258.502092,0.900000,5.000000,386.779225,1.857716,420.817596,5.905172,1.772263,0.000000,0.408973,0.703264,0.225989,0.261057,200,768,768,32.000000,0,0,16,16,112,112,18,4,474.000000,685,0,0,97,103,0,97,13,4,9,0,13,9,9,9,0,0,0,0,0,84,20,64,84,84,0,0,0,0
863,13000392,50,2,156.155356960125,175.000000000000,39.000000000000,1.505886310864,e6f23351c2e7e0ee,8d15af1f9d36efa1,96c23cea6ac21fcb,200,100,50.000000,256.180000,257.457573,0.500000,2.100000,304.957651,2.045000,304.485132,4.200000,2.000000,0.000000,0.423077,0.606299,0.322581,0.153226,200,960,960,32.000000,0,0,16,16,30,30,16,0,308.000000,420,0,0,15,90,0,15,15,7,8,0,15,8,8,3,5,0,0,0,0,0,100,0,100,5,95,0,0,0
864,13000393,50,2,47.105333096974,325.000000000000,39.000000000000,2.708727572822,af88a32c4d7fb24e,8d15af1f9d36efa1,1b360c3013c3faa2,200,152,76.000000,241.901316,219.721627,0.900000,3.400000,288.810977,2.187302,292.495465,3.861842,2.347530,0.000000,0.382755,0.645390,0.254130,0.183588,200,896,896,32.000000,0,0,16,16,64,64,4,0,364.000000,587,0,0,47,136,0,47,17,15,2,0,17,2,2,1,1,0,0,0,0,30,20,28,48,31,17,0,0,0
865,13000394,50,2,88.020367897888,425.000000000000,20.000000000000,2.647434135869,c6a2998c3e8adc77,8d15af1f9d36efa1,abf46099b7c08e7f,200,172,86.000000,436.168605,327.777478,1.000000,7.400000,578.097223,1.560469,554.911879,7.093023,1.513934,0.000000,0.236546,0.653979,0.140845,0.106881,200,1032,1032,32.000000,0,0,16,16,62,62,22,2,378.000000,1220,0,0,45,155,0,45,17,6,11,0,17,11,11,11,0,0,0,0,0,28,0,28,28,28,0,0,0,0
866,13000395,50,2,295.297690466685,75.000000000000,23.000000000000,1.862337924052,e2fde5d7e56761be,8d15af1f9d36efa1,e2d1cee30bd4755e,200,114,57.000000,281.421053,306.193151,0.700000,2.900000,309.100661,2.034014,334.861903,4.359649,2.078471,0.000000,0.424102,0.646643,0.286944,0.212361,200,832,832,32.000000,0,0,16,16,59,59,16,0,366.000000,497,0,0,45,103,0,45,14,6,8,0,14,8,8,5,3,0,0,0,0,31,60,26,86,34,52,0,0,0
867,13000396,50,2,102.434255514553,175.000000000000,42.000000000000,2.072347821591,36e2352ad81f5d8a,8d15af1f9d36efa1,59e2c90f26e2cadf,200,156,78.000000,164.467949,175.143542,0.800000,1.900000,170.504842,2.194444,176.554489,2.378205,2.857143,0.000000,0.463097,0.615385,0.350263,0.191721,200,1320,1320,32.000000,0,0,16,16,40,40,8,0,320.000000,371,0,0,22,140,0,22,18,14,4,0,18,4,4,2,2,0,0,0,0,4,40,4,44,6,38,0,0,0
868,13000397,50,2,414.597194754320,175.000000000000,34.000000000000,2.254140493250,267e1395cc1f5155,8d15af1f9d36efa1,b0f1adf47e9b9527,200,200,100.000000,234.755000,152.702531,1.000000,3.800000,287.023021,2.540606,282.810201,3.900000,2.146154,0.000000,0.287020,0.610895,0.204082,0.095128,200,1112,1112,32.000000,0,0,16,16,40,40,2,0,314.000000,780,0,0,20,180,0,20,20,19,1,0,20,1,1,1,0,0,0,0,0,0,0,0,0,0,0,0,0,0
869,13000398,50,2,480.658019713592,425.000000000000,27.000000000000,2.413100257463,bc60e3257fbc1c91,8d15af1f9d36efa1,f8529bd6a1c88c8,200,72,36.000000,241.722222,237.313649,0.800000,2.700000,254.807151,2.429167,238.304804,3.138889,2.367257,0.000000,0.687845,0.713467,0.469484,0.540650,200,944,944,32.000000,0,0,16,16,126,126,14,0,498.000000,226,0,0,115,63,0,115,11,4,7,0,11,7,7,5,2,0,0,0,0,104,40,88,128,106,22,0,0,0
870,13000399,50,2,496.587342217654,325.000000000000,37.000000000000,2.014117188897,e3e67cbfc38426d3,8d15af1f9d36efa1,dd3041c9e1d2a04b,200,75,37.500000,270.013333,313.383668,0.400000,1.900000,358.542194,2.458333,333.552729,4.560000,2.078947,0.000000,0.489552,0.621212,0.369004,0.219178,200,848,848,32.000000,0,0,16,16,40,40,16,0,328.000000,342,0,0,26,67,0,26,14,6,8,0,14,8,8,2,6,0,0,0,0,12,120,5,125,18,107,0,0,0
871,13000400,50,2,93.227790257211,425.000000000000,22.000000000000,2.576107037456,a18c11e187278110,8d15af1f9d36efa1,f95b5497b59288e0,200,131,65.500000,192.519084,216.197738,1.000000,3.300000,235.425315,3.410000,216.048898,3.099237,2.790640,0.000000,0.508475,0.677419,0.330033,0.316498,200,1072,1072,32.000000,0,0,16,16,91,91,6,0,420.000000,406,0,0,80,120,0,80,11,8,3,0,11,3,3,3,0,0,0,0,0,69,0,69,69,69,0,0,0,0
872,13000401,50,2,122.218434956994,175.000000000000,39.000000000000,2.115629972195,acd0fe5d1c8ecd37,8d15af1f9d36efa1,115b7514980a716d,200,135,67.500000,199.496296,234.066695,0.700000,2.100000,237.396229,4.171429,226.860893,2.925926,3.430380,0.000000,0.446003,0.613900,0.336134,0.178794,200,1352,1352,32.000000,0,0,16,16,40,40,6,0,318.000000,395,0,0,23,121,0,23,17,14,3,0,17,3,3,0,3,0,0,0,0,6,60,5,65,9,56,0,0,0
873,13000402,50,2,388.734450661666,175.000000000000,37.000000000000,2.168880877748,930a6f5a6997ec04,8d15af1f9d36efa1,b8c029ceb1c7138e,200,157,78.500000,266.777070,294.907033,0.800000,3.500000,343.822693,2.082738,332.154182,4.267516,2.034328,0.000000,0.331337,0.624060,0.229885,0.129870,200,888,888,32.000000,0,0,16,16,46,46,8,8,332.000000,670,0,0,24,141,0,24,18,14,4,0,18,4,4,2,2,0,0,0,0,6,40,3,43,8,35,0,0,0
874,13000403,50,2,466.983908557944,425.000000000000,27.000000000000,2.246154852869,f7de78e36545a051,8d15af1f9d36efa1,b932a98ceef44a76,200,131,65.500000,368.862595,266.723346,1.000000,5.700000,448.106394,3.204762,428.888320,5.465649,2.724860,0.000000,0.381693,0.688474,0.218341,0.226782,200,1264,1264,32.000000,0,0,16,16,100,100,10,2,442.000000,716,0,0,84,116,0,84,15,10,5,0,15,5,5,5,0,0,0,0,0,69,0,69,69,69,0,0,0,0
875,13000404,50,2,101.939063763331,325.000000000000,41.000000000000,1.651886242162,1d4b85d86f945540,8d15af1f9d36efa1,9a07b39024d9ba21,200,175,87.500000,455.737143,357.238645,0.900000,6.500000,587.573468,2.290833,600.766631,7.931429,2.064841,0.000000,0.192084,0.622642,0.125945,0.065949,200,856,856,32.000000,0,0,16,16,43,43,12,0,330.000000,1388,0,0,24,157,0,24,19,13,6,0,19,6,6,5,1,0,0,0,0,5,20,5,25,6,19,0,0,0
876,13000405,50,2,20.397624009212,175.000000000000,38.000000000000,2.741534895619,7c4e8d6580f43725,8d15af1f9d36efa1,fb67a9df9efda274,200,169,84.500000,331.946746,262.371696,1.000000,5.600000,394.523931,2.177976,422.271837,5.964497,2.386905,0.000000,0.268505,0.649123,0.165563,0.120419,200,936,936,32.000000,0,0,16,16,67,67,4,0,370.000000,1008,0,0,49,151,0,49,18,16,2,0,18,2,2,2,0,0,0,0,0,31,0,31,31,31,0,0,0,0
877,13000406,50,2,317.792399645186,425.000000000000,28.000000000000,1.588211891152,8fb0622c518cd994,8d15af1f9d36efa1,cca5c53a4cfd9c61,200,158,79.000000,412.430380,326.671891,1.000000,6.700000,538.392852,2.070574,549.353122,6.835443,2.067593,0.000000,0.264305,0.659864,0.156250,0.126214,200,1000,1000,32.000000,0,0,16,16,70,70,16,0,388.000000,1080,0,0,56,144,0,56,14,6,8,0,14,8,8,8,0,0,0,0,0,42,0,42,42,42,0,0,0,0
878,13000407,50,2,60.997785929866,325.000000000000,39.000000000000,2.734024885617,a63cd2f27975b978,8d15af1f9d36efa1,fb872e46dc3daa8b,200,184,92.000000,323.826087,274.568713,1.000000,5.200000,401.367408,2.808413,388.564703,5.119565,2.300425,0.000000,0.278714,0.645390,0.175131,0.122905,200,1048,1048,32.000000,0,0,16,16,57,57,18,2,364.000000,942,0,0,36,164,0,36,20,11,9,0,20,9,9,9,0,0,0,0,0,16,0,16,16,16,0,0,0,0
879,13000408,50,2,277.179828394147,425.000000000000,14.000000000000,2.290670814967,a2d700b2feac9baa,8d15af1f9d36efa1,fa73fb0893399bca,200,175,87.500000,270.771429,276.124862,1.000000,4.300000,335.358551,2.967500,328.579508,4.308571,2.736074,0.000000,0.324373,0.644128,0.209644,0.147059,200,1192,1192,32.000000,0,0,16,16,62,62,6,6,362.000000,754,0,0,42,158,0,42,17,14,3,0,17,3,3,3,0,0,0,0,0,25,0,25,25,25,0,0,0,0
880,13000409,50,2,386.132764108456,325.000000000000,42.000000000000,1.873010004594,ba38e90209afdc5a,8d15af1f9d36efa1,9a988800c570f08c,200,176,88.000000,230.778409,225.633192,1.000000,3.200000,262.229519,3.113333,258.550161,3.250000,2.891608,0.000000,0.388889,0.645390,0.259067,0.187500,200,1088,1088,32.000000,0,0,16,16,66,66,0,4,364.000000,572,0,0,44,156,0,44,20,20,0,0,20,0,0,0,0,0,0,0,0,24,0,24,24,24,0,0,0,0
881,13000410,50,2,346.934744119089,175.000000000000,30.000000000000,2.515040942953,79c0bbfcc79ec306,8d15af1f9d36efa1,27b03eedf9ffd209,200,80,40.000000,204.700000,274.589732,0.400000,1.200000,244.425091,4.783333,242.578249,3.000000,4.333333,0.000000,0.555556,0.600000,0.454545,0.220779,200,1144,1144,32.000000,0,0,16,16,28,28,12,0,300.000000,240,0,0,14,72,0,14,14,8,6,0,14,6,6,0,6,0,0,0,0,0,120,0,120,6,114,0,0,0
882,13000411,50,2,189.690720837937,425.000000000000,32.000000000000,1.793254364965,ade25bd419cabef9,8d15af1f9d36efa1,9aed8300c5b9280c,200,186,93.000000,259.844086,239.770140,1.000000,4.100000,318.819426,2.564444,316.126224,4.145161,2.621271,0.000000,0.306031,0.629630,0.205973,0.122867,200,1064,1064,32.000000,0,0,16,16,51,51,6,2,340.000000,771,0,0,32,168,0,32,18,15,3,0,18,3,3,3,0,0,0,0,0,14,0,14,14,14,0,0,0,0
883,13000412,50,2,389.385869622931,325.000000000000,28.000000000000,2.716195166351,d1b130904fd0600e,8d15af1f9d36efa1,a746331a0ac8e89d,200,80,40.000000,245.750000,329.185771,0.400000,1.700000,285.864417,2.212500,288.278370,4.250000,2.058824,0.000000,0.470405,0.601594,0.370370,0.170732,200,872,872,32.000000,0,0,16,16,28,28,14,0,302.000000,340,0,0,14,72,0,14,14,7,7,0,14,7,7,1,6,0,0,0,0,0,120,0,120,6,114,0,0,0
884,13000413,50,2,122.584625863999,175.000000000000,29.000000000000,2.706893203299,f969d9faca8163a9,8d15af1f9d36efa1,28d878cee21ec399,200,80,40.000000,271.912500,294.397155,0.400000,1.700000,328.075423,3.804167,335.611830,4.500000,3.222222,0.000000,0.472141,0.616858,0.357143,0.200000,200,1152,1152,32.000000,0,0,16,16,39,39,12,0,322.000000,360,0,0,25,72,0,25,14,8,6,0,14,6,6,0,6,0,0,0,0,11,120,0,120,17,103,0,0,0
885,13000414,50,2,147.604633837376,325.000000000000,33.000000000000,2.433559208959,214d9a4c649f4113,8d15af1f9d36efa1,9a842400c55f9d96,200,186,93.000000,264.763441,250.088650,1.000000,4.400000,336.274062,3.213571,328.302129,4.317204,2.869240,0.000000,0.296231,0.628253,0.199402,0.116612,200,1080,1080,32.000000,0,0,16,16,51,51,4,2,338.000000,803,0,0,32,168,0,32,18,16,2,0,18,2,2,2,0,0,0,0,0,14,0,14,14,14,0,0,0,0
886,13000415,50,2,106.597227185240,75.000000000000,35.000000000000,2.159800242091,55eec87473d448ec,8d15af1f9d36efa1,d4fd0e4f5373db67,200,176,88.000000,206.301136,199.341990,1.000000,2.700000,222.670739,3.975000,218.965308,2.767045,3.696099,0.000000,0.429074,0.646643,0.291121,0.215781,200,1528,1528,32.000000,0,0,16,16,62,62,10,0,366.000000,487,0,0,43,157,0,43,19,14,5,0,19,5,5,5,0,0,0,0,0,24,0,24,24,24,0,0,0,0
887,13000416,50,2,152.447784181541,325.000000000000,26.000000000000,2.924085173684,365cebeedda2cb63,8d15af1f9d36efa1,78de09080ca5847d,200,178,89.000000,396.505618,328.225580,0.900000,6.200000,529.951688,2.418579,514.993666,7.022472,2.470400,0.000000,0.206853,0.619772,0.137931,0.069940,200,984,984,32.000000,0,0,16,16,41,41,12,2,326.000000,1250,0,0,21,160,0,21,19,13,6,0,19,6,6,5,1,0,0,0,0,2,20,2,22,3,19,0,0,0
888,13000417,50,2,191.023155789349,325.000000000000,30.000000000000,1.850246097613,efa34405540b6ba1,8d15af1f9d36efa1,ba71c44f44426965,200,200,100.000000,303.450000,308.632313,1.000000,5.000000,396.129203,2.360476,384.519876,5.065000,2.179664,0.000000,0.241199,0.616858,0.164880,0.081596,200,936,936,32.000000,0,0,16,16,41,41,8,2,322.000000,1013,0,0,20,180,0,20,20,16,4,0,20,4,4,4,0,0,0,0,0,0,0,0,0,0,0,0,0,0
889,13000418,50,2,89.323699403604,325.000000000000,42.000000000000,1.925119178990,b30b2b468cc38454,8d15af1f9d36efa1,61e3c28e4b4e6346,200,199,99.500000,260.693467,239.410232,1.000000,4.200000,306.342043,1.988095,313.624874,4.211055,2.167064,0.000000,0.277586,0.616858,0.192678,0.096983,200,1120,1120,32.000000,0,0,16,16,41,41,8,0,322.000000,838,0,0,21,179,0,21,20,16,4,0,20,4,4,4,0,0,0,0,0,1,0,1,1,1,0,0,0,0
890,13000419,50,2,132.107839527792,175.000000000000,40.000000000000,2.420958823772,44d46d8cafcb9b14,8d15af1f9d36efa1,6c95508e26be6a45,200,120,60.000000,298.858333,344.481531,0.600000,2.600000,358.392310,3.313492,366.402078,4.333333,3.000000,0.000000,0.375000,0.609375,0.277778,0.133333,200,1040,1040,32.000000,0,0,16,16,33,33,14,2,312.000000,520,0,0,16,108,0,16,16,9,7,0,16,7,7,3,4,0,0,0,0,0,80,0,80,4,76,0,0,0
891,13000420,50,2,397.367374068216,325.000000000000,40.000000000000,2.085143463355,62bbe6d0beeab60,8d15af1f9d36efa1,8470bb9b8ef5c6a,200,174,87.000000,331.201149,287.127677,1.000000,5.100000,402.006503,2.728333,406.138715,5.298851,2.707158,0.000000,0.289676,0.652778,0.178253,0.135084,200,1032,1032,32.000000,0,0,16,16,70,70,4,8,376.000000,922,0,0,46,154,0,46,20,18,2,0,20,2,2,2,0,0,0,0,0,26,0,26,26,26,0,0,0,0
892,13000421,50,2,384.664437097382,425.000000000000,33.000000000000,2.261003705191,4db520c654915425,8d15af1f9d36efa1,4e12374f97fb619c,200,185,92.500000,195.200000,206.649390,1.000000,3.000000,232.438558,3.376667,219.655763,2.935135,3.344383,0.000000,0.386441,0.630996,0.269179,0.168453,200,1336,1336,32.000000,0,0,16,16,51,51,8,0,342.000000,543,0,0,33,167,0,33,18,14,4,0,18,4,4,4,0,0,0,0,0,15,0,15,15,15,0,0,0,0
893,13000422,50,2,264.891319751670,425.000000000000,14.000000000000,2.086693083293,8db4b163908bcf2d,8d15af1f9d36efa1,9d223517ec76a00d,200,105,52.500000,293.171429,327.046579,0.800000,3.700000,340.942104,2.732292,348.566990,4.866667,2.387476,0.000000,0.480163,0.702381,0.281294,0.319574,200,1032,1032,32.000000,0,0,16,16,114,114,12,2,472.000000,511,0,0,104,96,0,104,9,3,6,0,9,6,6,6,0,0,0,0,0,95,40,55,95,95,0,0,0,0
894,13000423,50,2,285.761789525474,175.000000000000,36.000000000000,1.516799620670,789997ed0a10ad0b,8d15af1f9d36efa1,51458431cd905bed,200,176,88.000000,257.420455,265.133709,0.900000,3.600000,315.339762,2.861111,316.487596,4.005682,2.685106,0.000000,0.310850,0.613900,0.220994,0.108723,200,1072,1072,32.000000,0,0,16,16,42,42,2,0,318.000000,705,0,0,23,158,0,23,19,18,1,0,19,1,1,0,1,0,0,0,0,4,20,4,24,5,19,0,0,0
895,13000424,50,2,152.356447750410,425.000000000000,25.000000000000,2.728290756981,393e06a6324ca0e1,8d15af1f9d36efa1,42c664fff2ec804,200,144,72.000000,248.368056,204.139755,1.000000,3.600000,283.346098,2.256667,279.101584,3.756944,2.186691,0.000000,0.433508,0.674267,0.269906,0.251729,200,1064,1064,32.000000,0,0,16,16,88,88,6,0,414.000000,541,0,0,72,128,0,72,16,13,3,0,16,3,3,3,0,0,0,0,0,56,0,56,56,56,0,0,0,0
896,13000425,50,2,443.668453651105,75.000000000000,28.000000000000,2.752860365863,f43d14f68639cb3e,8d15af1f9d36efa1,c0f09d15b3554452,200,136,68.000000,271.492647,269.690758,1.000000,4.400000,352.341222,2.985000,308.005460,3.882353,2.753788,0.000000,0.451143,0.684543,0.274725,0.276712,200,1104,1104,32.000000,0,0,16,16,92,92,18,0,434.000000,528,0,0,78,122,0,78,14,5,9,0,14,9,9,9,0,0,0,0,0,64,0,64,64,64,0,0,0,0
897,13000426,50,2,251.100860195219,75.000000000000,24.000000000000,1.711306732596,17f5d23f26dd6ff0,8d15af1f9d36efa1,2288de4f7f4207c8,200,109,54.500000,226.688073,271.847413,0.800000,2.800000,267.981914,3.266667,267.745822,3.642202,2.715365,0.000000,0.496831,0.662162,0.335008,0.287253,200,1048,1048,32.000000,0,0,16,16,77,77,6,0,392.000000,397,0,0,64,98,0,64,13,10,3,0,13,3,3,1,2,0,0,0,0,51,40,51,91,53,38,0,0,0
898,13000427,50,2,277.203489693447,425.000000000000,14.000000000000,1.883696080397,2db15f4b6620db6f,8d15af1f9d36efa1,f84afc92d0f85484,200,112,56.000000,202.383929,243.215834,0.700000,2.000000,214.322927,4.285714,220.207084,3.062500,3.206997,0.000000,0.509299,0.640288,0.368324,0.265525,200,1376,1376,32.000000,0,0,16,16,54,54,16,0,356.000000,343,0,0,41,102,0,41,13,5,8,0,13,8,8,5,3,0,0,0,0,28,60,28,88,31,57,0,0,0
899,13000428,50,2,440.388320393233,425.000000000000,23.000000000000,2.425969042112,f428555062dbf585,8d15af1f9d36efa1,62ce2048139856d7,200,91,45.500000,256.263736,263.091292,0.900000,3.400000,309.520431,3.053704,267.226895,3.197802,3.182131,0.000000,0.620600,0.704142,0.407332,0.456075,200,1040,1040,32.000000,0,0,16,16,117,117,10,6,476.000000,291,0,0,102,80,0,102,12,7,5,0,12,5,5,4,1,0,0,0,0,90,20,89,109,91,18,0,0,0
900,13000429,50,2,193.131942745157,325.000000000000,37.000000000000,1.602973503198,c90b2fd5cac8da19,8d15af1f9d36efa1,668e15e1724c540e,200,119,59.500000,237.495798,254.295656,0.600000,2.100000,284.012852,2.616667,282.617139,3.504202,2.565947,0.000000,0.426410,0.607843,0.324149,0.157576,200,968,968,32.000000,0,0,16,16,34,34,10,2,310.000000,417,0,0,17,107,0,17,16,11,5,0,16,5,5,1,4,0,0,0,0,1,80,1,81,5,76,0,0,0
901,13000430,50,2,156.685135146789,175.000000000000,34.000000000000,1.976398483582,d10e4e962de197f2,8d15af1f9d36efa1,9316a84fbefea54c,200,140,70.000000,217.128571,269.140606,0.700000,2.600000,260.945101,2.542857,261.564198,3.807143,2.388368,0.000000,0.366231,0.606299,0.272851,0.124795,200,976,976,32.000000,0,0,16,16,34,34,8,0,308.000000,533,0,0,17,126,0,17,17,13,4,0,17,4,4,1,3,0,0,0,0,0,60,0,60,3,57,0,0,0
902,13000431,50,2,377.507464813059,75.000000000000,24.000000000000,2.646548617927,40a1f9ccf0932b7d,8d15af1f9d36efa1,81ba6ce331d6c598,200,155,77.500000,225.258065,233.997578,1.000000,3.400000,279.005189,2.930952,254.555384,3.212903,2.652610,0.000000,0.444196,0.665552,0.286533,0.250000,200,992,992,32.000000,0,0,16,16,77,77,12,0,398.000000,498,0,0,61,139,0,61,16,10,6,0,16,6,6,6,0,0,0,0,0,45,0,45,45,45,0,0,0,0
903,13000432,50,2,329.450957667847,75.000000000000,23.000000000000,2.253686721206,d9e29e3f47d924b1,8d15af1f9d36efa1,bc80cab394ec2fb4,200,60,30.000000,198.233333,317.233630,0.400000,1.700000,309.673598,2.041071,226.603255,3.333333,2.300000,0.000000,0.625468,0.625468,0.500000,0.337748,200,832,832,32.000000,0,0,16,16,45,45,12,2,334.000000,200,0,0,32,54,0,32,12,6,6,0,12,6,6,0,6,0,0,0,0,20,120,20,140,26,114,0,0,0
904,13000433,50,2,401.912136036728,75.000000000000,20.000000000000,2.913213015370,e8978ec7ec0d6dee,8d15af1f9d36efa1,19e62f4f7a5fcf6f,200,131,65.500000,238.022901,256.395404,0.900000,3.300000,282.463219,2.391534,250.868190,3.305344,2.337182,0.000000,0.481437,0.667774,0.315956,0.281924,200,936,936,32.000000,0,0,16,16,79,79,12,4,402.000000,433,0,0,63,118,0,63,14,8,6,0,14,6,6,5,1,0,0,0,0,49,20,49,69,50,19,0,0,0
905,13000434,50,2,176.326770866469,175.000000000000,28.000000000000,2.206367485104,c1824b6d5b47be,8d15af1f9d36efa1,d3705ea38937af5e,200,160,80.000000,245.250000,283.657885,0.800000,3.300000,299.460868,2.677083,294.537869,4.125000,2.333333,0.000000,0.318182,0.606299,0.232558,0.103261,200,1024,1024,32.000000,0,0,16,16,36,36,4,0,308.000000,660,0,0,18,144,0,18,18,16,2,0,18,2,2,0,2,0,0,0,0,0,40,0,40,2,38,0,0,0
906,13000435,50,2,167.306210646502,175.000000000000,28.000000000000,2.340689170970,220912253b05ad9b,8d15af1f9d36efa1,8bc404f70b2e312,200,159,79.500000,294.477987,281.842159,0.800000,4.000000,365.248559,1.939236,367.757673,4.993711,1.955919,0.000000,0.283394,0.610895,0.201207,0.093607,200,976,976,32.000000,0,0,16,16,39,39,4,4,314.000000,794,0,0,19,143,0,19,18,16,2,0,18,2,2,0,2,0,0,0,0,1,40,1,41,3,38,0,0,0
907,13000436,50,2,108.638662092192,175.000000000000,41.000000000000,1.551788967842,95b9a8e253bc671f,8d15af1f9d36efa1,1ebd34de4a0d44be,200,166,83.000000,252.728916,276.034666,0.900000,3.900000,328.849865,2.868519,316.045447,4.289157,2.776685,0.000000,0.319312,0.625468,0.219298,0.125307,200,960,960,32.000000,0,0,16,16,50,50,2,0,334.000000,712,0,0,32,149,0,32,18,17,1,0,18,1,1,0,1,0,0,0,0,14,20,14,34,15,19,0,0,0
908,13000437,50,2,256.267531163809,75.000000000000,15.000000000000,2.022728216446,2f4b5c7b70a1a260,8d15af1f9d36efa1,496122755d28bb8c,200,86,43.000000,348.290698,306.938319,1.000000,5.300000,402.238644,2.335159,428.219670,5.627907,2.305785,0.000000,0.508130,0.714286,0.292398,0.356383,200,888,888,32.000000,0,0,16,16,130,130,8,0,500.000000,484,0,0,122,78,0,122,8,4,4,0,8,4,4,4,0,0,0,0,0,114,0,114,114,114,0,0,0,0
909,13000438,50,2,153.309142058651,175.000000000000,34.000000000000,2.348952928297,3146aa74b9ae53d4,8d15af1f9d36efa1,57cf7fe619b8308f,200,79,39.500000,237.670886,273.805967,0.400000,1.500000,299.821522,2.312500,291.819943,3.974684,2.073248,0.000000,0.495177,0.606299,0.389105,0.194872,200,952,952,32.000000,0,0,16,16,31,31,14,2,308.000000,314,0,0,16,71,0,16,14,7,7,0,14,7,7,1,6,0,0,0,0,2,120,1,121,8,113,0,0,0
910,13000439,50,2,129.729019199754,175.000000000000,28.000000000000,2.470082022843,393524794ecbd501,8d15af1f9d36efa1,b3c7f17082042f63,200,160,80.000000,307.931250,259.837017,0.800000,4.100000,407.266634,3.001190,382.478094,5.206250,2.824730,0.000000,0.273758,0.610895,0.193611,0.089617,200,912,912,32.000000,0,0,16,16,37,37,8,2,314.000000,833,0,0,18,144,0,18,18,14,4,0,18,4,4,2,2,0,0,0,0,0,40,0,40,2,38,0,0,0
911,13000440,50,2,86.577512952624,75.000000000000,25.000000000000,2.706588393867,5be7fea421eae9b2,8d15af1f9d36efa1,cd6810ee72d7170a,200,81,40.500000,318.839506,309.246070,0.700000,3.600000,379.236074,2.382885,355.952933,5.037037,1.882353,0.000000,0.528868,0.696049,0.328947,0.356467,200,1000,1000,32.000000,0,0,16,16,106,106,14,6,458.000000,408,0,0,90,71,0,90,13,6,7,0,13,7,7,4,3,0,0,0,0,77,60,59,119,80,39,0,0,0
912,13000441,50,2,2.516669385485,425.000000000000,28.000000000000,2.933758426832,78619cfa6c97d055,8d15af1f9d36efa1,1709cd2138e33531,200,70,35.000000,389.214286,304.163183,1.000000,7.400000,524.836356,2.371667,426.855021,6.100000,2.576112,0.000000,0.560700,0.731544,0.318979,0.423752,200,944,944,31.000000,0,0,16,15,148,148,18,0,545.000000,427,0,0,139,61,0,139,9,0,9,0,9,9,9,9,0,0,0,0,0,130,0,130,130,130,0,0,0,0
913,13000442,50,2,336.679916673696,75.000000000000,28.000000000000,1.885027378641,ad77217c1f749d56,8d15af1f9d36efa1,9ab3bf00c58815b9,200,159,79.500000,246.446541,240.782080,1.000000,3.600000,284.392486,2.408333,292.813762,3.679245,2.610256,0.000000,0.397528,0.658703,0.254777,0.208390,200,1160,1160,32.000000,0,0,16,16,73,73,8,0,386.000000,585,0,0,57,143,0,57,16,12,4,0,16,4,4,4,0,0,0,0,0,41,0,41,41,41,0,0,0,0
914,13000443,50,2,385.246359021461,175.000000000000,33.000000000000,2.875692471760,c33c5acde8df6ab6,8d15af1f9d36efa1,9b08bc00c5d0509f,200,173,86.500000,301.664740,262.776002,0.900000,4.500000,387.303203,3.188492,386.176153,5.069364,2.795895,0.000000,0.268557,0.616858,0.185701,0.093071,200,1064,1064,32.000000,0,0,16,16,43,43,4,0,322.000000,877,0,0,25,156,0,25,18,16,2,0,18,2,2,1,1,0,0,0,0,7,20,7,27,8,19,0,0,0
915,13000444,50,2,42.820545902835,175.000000000000,36.000000000000,2.707175201084,48360e6452203ce1,8d15af1f9d36efa1,c112e29d402af05d,200,78,39.000000,280.602564,330.172183,0.600000,2.600000,345.050996,2.480159,346.445635,4.269231,2.462462,0.000000,0.529661,0.652174,0.375235,0.301887,200,888,888,31.000000,0,0,16,15,66,66,12,0,375.000000,333,0,0,54,70,0,54,12,6,6,0,12,6,6,2,4,0,0,0,0,42,80,42,122,46,76,0,0,0
916,13000445,50,2,471.061964482633,175.000000000000,35.000000000000,2.786593408563,36336aac69b11ecd,8d15af1f9d36efa1,624f85f6d6819499,200,183,91.500000,305.502732,294.843557,1.000000,4.800000,355.365227,3.281548,356.183116,4.830601,2.510181,0.000000,0.287097,0.640288,0.184502,0.123016,200,1088,1088,32.000000,0,0,16,16,59,59,6,4,356.000000,884,0,0,37,163,0,37,20,17,3,0,20,3,3,3,0,0,0,0,0,17,0,17,17,17,0,0,0,0
917,13000446,50,2,91.076534060359,75.000000000000,33.000000000000,2.025725612373,b1be98f604a99a72,8d15af1f9d36efa1,9a76b900c5545d69,200,170,85.000000,215.629412,207.482544,1.000000,3.500000,262.343175,3.428095,245.307398,3.252941,3.296564,0.000000,0.399566,0.647887,0.265604,0.197388,200,1232,1232,32.000000,0,0,16,16,62,62,12,0,368.000000,553,0,0,46,154,0,46,16,10,6,0,16,6,6,6,0,0,0,0,0,30,0,30,30,30,0,0,0,0
918,13000447,50,2,402.747092601819,425.000000000000,36.000000000000,2.065751419192,f66a8762ad8df018,8d15af1f9d36efa1,9a8e7000c568733f,200,101,50.500000,200.524752,196.119304,0.900000,3.000000,255.288670,2.224339,224.750305,2.811881,2.165493,0.000000,0.612551,0.691834,0.413223,0.434263,200,1048,1048,31.000000,0,0,16,15,105,105,8,0,449.000000,284,0,0,95,92,0,95,10,6,4,0,10,4,4,3,1,0,0,0,0,85,20,79,99,86,13,0,0,0
919,13000448,50,2,215.907332321386,425.000000000000,23.000000000000,1.536179347879,6d2a5ad21b7d15dc,8d15af1f9d36efa1,e56fbc4f5c854ef7,200,163,81.500000,398.134969,259.329979,1.000000,5.800000,488.326465,2.408485,499.250139,5.938650,2.774793,0.000000,0.289280,0.663300,0.171233,0.143363,200,1112,1112,32.000000,0,0,16,16,73,73,16,8,394.000000,968,0,0,53,147,0,53,16,8,8,0,16,8,8,8,0,0,0,0,0,37,0,37,37,37,0,0,0,0
920,13000449,50,2,338.911851761406,325.000000000000,32.000000000000,2.070974015204,29f499de2435605d,8d15af1f9d36efa1,9b8e2b4cc3efc076,200,178,89.000000,233.280899,252.327913,0.900000,3.500000,281.154200,2.565079,268.341763,3.921348,2.404011,0.000000,0.312315,0.613153,0.222717,0.109694,200,1032,1032,31.000000,0,0,16,15,41,41,4,2,317.000000,698,0,0,21,160,0,21,19,17,2,0,19,2,2,1,1,0,0,0,0,2,20,2,22,3,19,0,0,0
921,13000450,50,2,476.091405121412,425.000000000000,33.000000000000,2.068752955262,43623800f31bc013,8d15af1f9d36efa1,9a98b400c5713b50,200,138,69.000000,217.565217,184.623912,1.000000,2.800000,206.915681,2.770000,246.719944,3.101449,2.686916,0.000000,0.494090,0.676375,0.318471,0.302932,200,1088,1088,32.000000,0,0,16,16,90,90,6,0,418.000000,428,0,0,76,124,0,76,14,11,3,0,14,3,3,3,0,0,0,0,0,62,0,62,62,62,0,0,0,0
922,13000451,50,2,408.657053495573,325.000000000000,46.000000000000,1.746865317315,5f003d2ab7fe44e,8d15af1f9d36efa1,25eada7223b269ef,200,153,76.500000,209.111111,224.425522,0.800000,2.600000,250.891457,3.081250,244.283227,3.215686,2.898374,0.000000,0.398533,0.619772,0.289017,0.160410,200,1032,1032,32.000000,0,0,16,16,45,45,4,0,326.000000,492,0,0,27,137,0,27,18,16,2,0,18,2,2,0,2,0,0,0,0,9,40,7,47,11,36,0,0,0
923,13000452,50,2,365.990257461507,175.000000000000,37.000000000000,1.709683704054,395b28a2b17cce35,8d15af1f9d36efa1,2ad7e131670227,200,200,100.000000,463.745000,336.341762,1.000000,8.400000,643.320465,2.542352,611.808396,8.400000,2.178571,0.000000,0.162512,0.619772,0.106383,0.052988,200,800,800,32.000000,0,0,16,16,43,43,8,6,326.000000,1680,0,0,20,180,0,20,20,16,4,0,20,4,4,4,0,0,0,0,0,0,0,0,0,0,0,0,0,0
924,13000453,50,2,382.773991891310,175.000000000000,40.000000000000,1.755362958883,c9735ffead12c1fe,8d15af1f9d36efa1,46d675ee48ec2cda,200,180,90.000000,275.633333,258.739375,0.900000,3.800000,327.525623,2.394268,331.647869,4.333333,2.153846,0.000000,0.293478,0.618321,0.204082,0.105505,200,920,920,32.000000,0,0,16,16,39,39,14,2,324.000000,780,0,0,19,162,0,19,19,12,7,0,19,7,7,6,1,0,0,0,0,0,20,0,20,1,19,0,0,0
925,13000454,50,2,246.272452665597,325.000000000000,29.000000000000,1.833536890948,fff8e58ed090873c,8d15af1f9d36efa1,81e9024fb54e4c23,200,100,50.000000,164.380000,197.703117,0.500000,1.200000,168.396057,2.350000,161.956278,2.400000,2.225000,0.000000,0.560440,0.604743,0.454545,0.235669,200,1000,1000,32.000000,0,0,16,16,31,31,12,2,306.000000,240,0,0,15,90,0,15,15,9,6,0,15,6,6,1,5,0,0,0,0,0,100,0,100,5,95,0,0,0
926,13000455,50,2,111.324550734735,75.000000000000,33.000000000000,1.559462995849,8bc606a2b98ff8e6,8d15af1f9d36efa1,49e7185f82f474d9,200,126,63.000000,389.103175,221.752901,1.000000,4.700000,355.141491,2.785833,463.292524,5.976190,2.735724,0.000000,0.379225,0.696970,0.209864,0.232416,200,1016,1016,32.000000,0,0,16,16,103,103,22,2,460.000000,753,0,0,88,112,0,88,14,3,11,0,14,11,11,11,0,0,0,0,0,74,0,74,74,74,0,0,0,0
927,13000456,50,2,349.503197535818,425.000000000000,26.000000000000,1.821583352618,15e835afc232c141,8d15af1f9d36efa1,1dfc5a500dc0b4b3,200,173,86.500000,259.757225,272.152454,1.000000,4.900000,398.280613,2.935278,319.297678,4.219653,2.736986,0.000000,0.329044,0.641577,0.215054,0.147196,200,1072,1072,32.000000,0,0,16,16,62,62,2,2,358.000000,730,0,0,44,156,0,44,17,16,1,0,17,1,1,1,0,0,0,0,0,27,0,27,27,27,0,0,0,0
928,13000457,50,2,43.865349554498,175.000000000000,45.000000000000,2.409921087536,dea08ce2de49afff,8d15af1f9d36efa1,f50b202db6be86bc,200,149,74.500000,269.046980,278.040613,1.000000,4.400000,346.848532,3.078889,325.570478,4.114094,2.960848,0.000000,0.399608,0.671053,0.246002,0.223067,200,1104,1104,32.000000,0,0,16,16,83,83,10,0,408.000000,613,0,0,67,133,0,67,16,11,5,0,16,5,5,5,0,0,0,0,0,51,0,51,51,51,0,0,0,0
929,13000458,50,2,276.635884734244,75.000000000000,16.000000000000,2.247354881688,cb17db03c730bdb8,8d15af1f9d36efa1,39c44bcc1511a833,200,158,79.000000,217.208861,200.993844,1.000000,3.400000,251.246807,3.421190,248.625296,3.373418,3.018762,0.000000,0.416210,0.655172,0.272851,0.217327,200,1160,1160,32.000000,0,0,16,16,72,72,4,0,380.000000,533,0,0,57,143,0,57,15,13,2,0,15,2,2,2,0,0,0,0,0,42,0,42,42,42,0,0,0,0
930,13000459,50,2,264.490376265973,175.000000000000,25.000000000000,1.738946277446,dcc2cf17e7096c99,8d15af1f9d36efa1,c0cd8ba046ebcbda,200,180,90.000000,260.355556,248.221010,0.900000,3.900000,337.135507,2.601058,329.556022,4.333333,2.025641,0.000000,0.287020,0.610895,0.204082,0.095128,200,1040,1040,32.000000,0,0,16,16,38,38,6,0,314.000000,780,0,0,19,162,0,19,19,16,3,0,19,3,3,2,1,0,0,0,0,0,20,0,20,1,19,0,0,0
931,13000460,50,2,180.445367087983,425.000000000000,30.000000000000,1.719891602036,2a71b0a4228f9a58,8d15af1f9d36efa1,d8cca1371236c4f5,200,105,52.500000,316.047619,257.248894,0.700000,3.200000,346.452542,1.882143,375.683512,5.000000,2.388571,0.000000,0.416018,0.651568,0.275862,0.212894,200,1160,1160,32.000000,0,0,16,16,60,60,22,0,374.000000,525,0,0,48,95,0,48,13,2,11,0,13,11,11,8,3,0,0,0,0,35,60,35,95,38,57,0,0,0
932,13000461,50,2,229.132202609874,175.000000000000,26.000000000000,1.923854254709,b91a0b3cf3dabd16,8d15af1f9d36efa1,1efcb6c1332d3239,200,164,82.000000,261.219512,208.634517,1.000000,3.900000,328.514135,4.144167,331.483046,4.262195,3.303290,0.000000,0.342427,0.645390,0.222469,0.158845,200,1264,1264,32.000000,0,0,16,16,66,66,0,0,364.000000,699,0,0,51,149,0,51,15,15,0,0,15,0,0,0,0,0,0,0,0,36,0,36,36,36,0,0,0,0
933,13000462,50,2,372.412792842430,325.000000000000,39.000000000000,2.130862475781,63bc5885a337769c,8d15af1f9d36efa1,b4b2beede4a0ef16,200,194,97.000000,323.180412,237.734289,1.000000,4.900000,387.648930,2.876310,393.264821,4.922680,2.647120,0.000000,0.260836,0.627561,0.173160,0.099906,200,1056,1056,31.000000,0,0,16,15,48,48,10,4,337.000000,955,0,0,26,174,0,26,20,15,5,0,20,5,5,5,0,0,0,0,0,6,0,6,6,6,0,0,0,0
934,13000463,50,2,132.123569543287,175.000000000000,35.000000000000,1.539984138191,caa1dc80a5d28db3,8d15af1f9d36efa1,9eeb04d630dbcd5f,200,190,95.000000,332.831579,259.516500,1.000000,5.800000,423.157938,2.311071,424.549168,5.836842,2.358882,0.000000,0.234645,0.629630,0.152788,0.088743,200,992,992,32.000000,0,0,16,16,50,50,8,0,340.000000,1109,0,0,30,170,0,30,20,16,4,0,20,4,4,4,0,0,0,0,0,10,0,10,10,10,0,0,0,0
935,13000464,50,2,411.082037204741,175.000000000000,42.000000000000,1.865297320785,e8fde0a4a4574ed1,8d15af1f9d36efa1,b8fd692d1179c60e,200,200,100.000000,225.785000,203.824027,1.000000,3.500000,263.864854,2.253333,253.759722,3.500000,2.142857,0.000000,0.316406,0.618321,0.222222,0.116162,200,968,968,32.000000,0,0,16,16,41,41,10,2,324.000000,700,0,0,20,180,0,20,20,15,5,0,20,5,5,5,0,0,0,0,0,0,0,0,0,0,0,0,0,0
936,13000465,50,2,154.206621129209,175.000000000000,33.000000000000,2.199431465566,56221185ad46d31b,8d15af1f9d36efa1,3151b75e7f76abb0,200,159,79.500000,199.886792,218.540349,0.800000,2.200000,223.912914,3.791667,227.325543,2.880503,3.277293,0.000000,0.403646,0.607843,0.303951,0.145522,200,1144,1144,32.000000,0,0,16,16,37,37,4,2,310.000000,458,0,0,19,143,0,19,18,16,2,0,18,2,2,0,2,0,0,0,0,1,40,1,41,3,38,0,0,0
937,13000466,50,2,252.396496960826,325.000000000000,29.000000000000,1.905755516238,6b26870c1ae5827c,8d15af1f9d36efa1,47525bd60214af82,200,109,54.500000,333.834862,309.953037,0.700000,4.200000,459.196536,2.272109,431.260833,5.899083,2.136858,0.000000,0.357642,0.641577,0.237248,0.163849,200,1120,1120,32.000000,0,0,16,16,57,57,12,0,358.000000,643,0,0,44,99,0,44,13,7,6,0,13,6,6,3,3,0,0,0,0,31,60,31,91,34,57,0,0,0
938,13000467,50,2,460.165175002658,425.000000000000,28.000000000000,2.765159816525,cabd813b66877b2,8d15af1f9d36efa1,f9097c173aeb080e,200,138,69.000000,436.000000,325.662934,1.000000,6.500000,489.299051,2.178016,517.895468,6.905797,2.280168,0.000000,0.309920,0.681529,0.173461,0.170583,200,944,944,32.000000,0,0,16,16,92,92,12,8,428.000000,953,0,0,75,125,0,75,13,7,6,0,13,6,6,6,0,0,0,0,0,62,0,62,62,62,0,0,0,0
939,13000468,50,2,178.293260027137,75.000000000000,22.000000000000,1.560424649185,baeaad11314a85c2,8d15af1f9d36efa1,dd5f324f581f439a,200,71,35.500000,232.492958,303.196599,0.500000,1.800000,279.015980,3.050000,255.061626,3.464789,2.658537,0.000000,0.595395,0.644128,0.448430,0.345745,200,1040,1040,32.000000,0,0,16,16,55,55,20,4,362.000000,246,0,0,41,64,0,41,12,2,10,0,12,10,10,5,5,0,0,0,0,29,100,29,129,34,95,0,0,0
940,13000469,50,2,100.923402804729,425.000000000000,20.000000000000,2.882057387817,f6ac0265dd69f518,8d15af1f9d36efa1,9ac4b600c59679a1,200,139,69.500000,183.625899,198.931582,0.800000,2.300000,212.265462,2.489583,205.700851,2.755396,2.519582,0.000000,0.492715,0.650350,0.343053,0.267686,200,960,960,32.000000,0,0,16,16,69,69,2,0,372.000000,383,0,0,55,126,0,55,14,13,1,0,14,1,1,0,1,0,0,0,0,41,40,21,61,42,19,0,0,0
941,13000470,50,2,346.890230256553,175.000000000000,18.000000000000,2.856026995782,4170a21a9bfb772a,8d15af1f9d36efa1,9e97429276cc3a86,200,180,90.000000,311.972222,275.867586,0.900000,4.400000,393.768546,2.203764,382.907602,4.888889,2.343182,0.000000,0.265442,0.613900,0.185185,0.089027,200,1056,1056,32.000000,0,0,16,16,40,40,6,4,318.000000,880,0,0,19,162,0,19,19,16,3,0,19,3,3,2,1,0,0,0,0,0,20,0,20,1,19,0,0,0
942,13000471,50,2,370.230032011212,425.000000000000,25.000000000000,2.204036733420,cc1b1c406c4aa9e5,8d15af1f9d36efa1,51551a045aca04a5,200,127,63.500000,367.251969,243.024604,1.000000,5.700000,434.295310,2.858175,462.693035,6.259843,2.630189,0.000000,0.362470,0.693252,0.201005,0.216749,200,1016,1016,32.000000,0,0,16,16,101,101,18,0,452.000000,795,0,0,87,113,0,87,14,5,9,0,14,9,9,9,0,0,0,0,0,73,0,73,73,73,0,0,0,0
943,13000472,50,2,401.330049290766,425.000000000000,16.000000000000,2.851818431600,3b757c5f64480dc6,8d15af1f9d36efa1,7604542d7b8c4d9b,200,152,76.000000,215.046053,224.716853,1.000000,3.400000,274.768511,2.835833,242.057664,2.953947,2.643653,0.000000,0.464839,0.661017,0.308166,0.260297,200,1088,1088,32.000000,0,0,16,16,78,78,2,4,390.000000,449,0,0,62,138,0,62,14,13,1,0,14,1,1,1,0,0,0,0,0,48,0,48,48,48,0,0,0,0
944,13000473,50,2,135.416762359660,425.000000000000,28.000000000000,1.681779703221,270cdf4a13adeaa1,8d15af1f9d36efa1,209c41311303ae65,200,156,78.000000,368.788462,295.574584,1.000000,6.600000,496.278869,2.406190,449.185601,6.250000,2.417436,0.000000,0.295011,0.671053,0.170213,0.152911,200,976,976,32.000000,0,0,16,16,76,76,24,0,408.000000,975,0,0,60,140,0,60,16,4,12,0,16,12,12,12,0,0,0,0,0,44,0,44,44,44,0,0,0,0
945,13000474,50,2,51.475089878615,175.000000000000,43.000000000000,2.051147798732,a71f62e053ff9f37,8d15af1f9d36efa1,c207e78c7f5c0868,200,173,86.500000,247.364162,225.880270,1.000000,4.100000,291.468556,3.076667,283.572460,4.034682,2.664756,0.000000,0.348881,0.651568,0.222717,0.169048,200,1152,1152,32.000000,0,0,16,16,67,67,8,0,374.000000,698,0,0,47,153,0,47,20,16,4,0,20,4,4,4,0,0,0,0,0,27,0,27,27,27,0,0,0,0
946,13000475,50,2,343.830283035874,325.000000000000,38.000000000000,1.511215777408,96f603d417941bfa,8d15af1f9d36efa1,76b138abc1a50257,200,185,92.500000,310.162162,305.066215,1.000000,5.200000,395.983979,3.165238,398.968846,5.243243,2.959794,0.000000,0.258410,0.628253,0.170940,0.098513,200,1216,1216,32.000000,0,0,16,16,53,53,0,4,338.000000,970,0,0,33,167,0,33,18,18,0,0,18,0,0,0,0,0,0,0,0,15,0,15,15,15,0,0,0,0
947,13000476,50,2,352.257018260901,175.000000000000,25.000000000000,2.947836601840,df0478deed58b6ef,8d15af1f9d36efa1,e165a380f269f8cf,200,137,68.500000,197.430657,214.068346,0.700000,2.000000,234.457169,2.945238,228.863066,2.854015,2.808184,0.000000,0.445390,0.610895,0.338409,0.173362,200,1008,1008,32.000000,0,0,16,16,37,37,8,0,314.000000,391,0,0,20,123,0,20,17,13,4,0,17,4,4,1,3,0,0,0,0,3,60,3,63,6,57,0,0,0
948,13000477,50,2,315.046048349566,425.000000000000,28.000000000000,1.897416939782,45fb195260e09a5,8d15af1f9d36efa1,8a7dbf93fedc5c97,200,186,93.000000,349.037634,307.623376,1.000000,5.800000,473.668080,2.095833,445.384695,5.559140,2.279497,0.000000,0.249637,0.632353,0.162075,0.097731,200,936,936,32.000000,0,0,16,16,50,50,12,0,344.000000,1034,0,0,32,168,0,32,18,12,6,0,18,6,6,6,0,0,0,0,0,14,0,14,14,14,0,0,0,0
949,13000478,50,2,65.669460623530,175.000000000000,29.000000000000,2.999728099305,7bb1a7a82d1121e8,8d15af1f9d36efa1,4bdc5bdabad4a5ff,200,140,70.000000,311.542857,318.909514,0.700000,3.400000,397.001327,3.133333,400.210059,4.857143,3.205882,0.000000,0.313131,0.607843,0.227273,0.102902,200,968,968,32.000000,0,0,16,16,34,34,10,0,310.000000,680,0,0,17,126,0,17,17,12,5,0,17,5,5,2,3,0,0,0,0,0,60,0,60,3,57,0,0,0
950,13000479,50,2,43.135773940958,175.000000000000,45.000000000000,1.662036412654,c8d1d03997386ecd,8d15af1f9d36efa1,daadeeb7495d435f,200,187,93.500000,290.566845,287.002495,1.000000,4.500000,349.039901,2.731667,344.917670,4.647059,2.451093,0.000000,0.288288,0.637681,0.187091,0.121335,200,1056,1056,32.000000,0,0,16,16,54,54,12,2,352.000000,869,0,0,33,167,0,33,20,14,6,0,20,6,6,6,0,0,0,0,0,13,0,13,13,13,0,0,0,0
951,13000480,50,2,466.680753823685,325.000000000000,48.000000000000,1.997762391119,b530b4a20d877a7d,8d15af1f9d36efa1,a5e71e5f2f06061c,200,196,98.000000,247.301020,220.504384,1.000000,4.100000,297.933854,2.672024,297.937492,4.061224,2.613065,0.000000,0.291815,0.621212,0.200803,0.107623,200,1064,1064,32.000000,0,0,16,16,42,42,12,0,328.000000,796,0,0,24,176,2,22,18,12,6,0,18,6,6,6,0,0,0,0,0,4,0,4,4,4,0,0,0,0
952,13000481,50,2,26.091590360253,75.000000000000,31.000000000000,1.565838496272,b6bb9a08d7b4953f,8d15af1f9d36efa1,f78b1b4f66ff7c45,200,110,55.000000,237.090909,230.177530,1.000000,4.200000,319.581096,2.700000,265.046349,3.427273,2.607427,0.000000,0.553846,0.700599,0.346620,0.384992,200,1024,1024,32.000000,0,0,16,16,112,112,12,0,468.000000,377,0,0,101,99,0,101,11,5,6,0,11,6,6,6,0,0,0,0,0,90,0,90,90,90,0,0,0,0
953,13000482,50,2,40.159481661455,75.000000000000,30.000000000000,1.901586924046,30295a7a66680251,8d15af1f9d36efa1,45c391c27486df2e,200,69,34.500000,405.724638,365.917698,0.500000,3.100000,500.980000,2.843810,495.600803,6.028986,2.795673,0.000000,0.476071,0.653979,0.324675,0.259786,200,1024,1024,32.000000,0,0,16,16,63,63,20,0,378.000000,416,0,0,50,61,0,50,13,3,10,0,13,10,10,5,5,0,0,0,0,37,100,31,131,42,89,0,0,0
954,13000483,50,2,169.595718286513,325.000000000000,36.000000000000,2.303177110623,c4a8249f8220e903,8d15af1f9d36efa1,9b383a4fc3733174,200,160,80.000000,220.200000,218.353858,0.800000,2.900000,302.716711,2.812500,264.740173,3.625000,2.275862,0.000000,0.346847,0.606299,0.256410,0.115854,200,1128,1128,32.000000,0,0,16,16,36,36,4,0,308.000000,580,0,0,18,144,0,18,18,16,2,0,18,2,2,0,2,0,0,0,0,0,40,0,40,2,38,0,0,0
955,13000484,50,2,288.933576657959,75.000000000000,21.000000000000,1.913850319695,88aafab8b41043ab,8d15af1f9d36efa1,94d8d33d87f7fb6,200,124,62.000000,298.830645,272.524724,0.900000,3.700000,335.240391,2.634524,367.072508,4.483871,2.685252,0.000000,0.434959,0.681529,0.264550,0.260638,200,1000,1000,32.000000,0,0,16,16,96,96,4,0,428.000000,556,0,0,83,112,0,83,13,11,2,0,13,2,2,1,1,0,0,0,0,70,20,56,76,71,5,0,0,0
956,13000485,50,2,376.066611510739,75.000000000000,27.000000000000,2.471988924488,94eacbf454202c96,8d15af1f9d36efa1,779c16d48167cf45,200,146,73.000000,378.534247,240.816111,1.000000,5.300000,408.125594,2.995000,482.212521,6.472603,2.269841,0.000000,0.302583,0.672131,0.174672,0.158504,200,1024,1024,32.000000,0,0,16,16,84,84,10,0,410.000000,945,0,0,69,131,0,69,15,10,5,0,15,5,5,5,0,0,0,0,0,54,0,54,54,54,0,0,0,0
957,13000486,50,2,3.706253660915,75.000000000000,29.000000000000,2.828523984233,90f8201eb651a671,8d15af1f9d36efa1,9f6e1487b03a705a,200,110,55.000000,329.463636,307.783369,1.000000,4.800000,386.343333,2.679167,405.463273,5.372727,2.597293,0.000000,0.442453,0.701046,0.252845,0.287093,200,1064,1064,31.000000,0,0,16,15,112,112,14,0,469.000000,591,0,0,101,99,0,101,11,4,7,0,11,7,7,7,0,0,0,0,0,90,0,90,90,90,0,0,0,0
958,13000487,50,2,155.610295185290,175.000000000000,23.000000000000,2.792907644855,5c315349edba1d4a,8d15af1f9d36efa1,27224763b9e69009,200,172,86.000000,253.122093,257.075319,1.000000,4.200000,321.555170,2.572619,315.270668,4.180233,2.744089,0.000000,0.328665,0.637681,0.217628,0.143027,200,1080,1080,32.000000,0,0,16,16,60,60,0,0,352.000000,719,0,0,44,156,0,44,16,16,0,0,16,0,0,0,0,0,0,0,0,28,0,28,28,28,0,0,0,0
959,13000488,50,2,83.069673718156,175.000000000000,42.000000000000,1.791361338227,4d0a3842eee26468,8d15af1f9d36efa1,9a953600c56e2f5f,200,159,79.500000,288.062893,278.285453,0.800000,3.600000,356.879404,2.918403,360.337401,4.584906,2.414266,0.000000,0.302392,0.612403,0.215285,0.103321,200,1064,1064,32.000000,0,0,16,16,38,38,8,0,316.000000,729,0,0,20,143,0,20,18,14,4,0,18,4,4,2,2,0,0,0,0,2,40,1,41,4,37,0,0,0
960,13000489,50,2,229.198176385370,175.000000000000,28.000000000000,2.064706577286,63008a4f322103c9,8d15af1f9d36efa1,cbea154f4e321d99,200,199,99.500000,232.351759,222.294839,1.000000,4.100000,308.558619,2.743889,293.744043,4.115578,2.317460,0.000000,0.278414,0.612403,0.196271,0.093023,200,912,912,32.000000,0,0,16,16,41,41,2,0,316.000000,819,0,0,21,179,0,21,20,19,1,0,20,1,1,1,0,0,0,0,0,1,0,1,1,1,0,0,0,0
961,13000490,50,2,246.376270979599,75.000000000000,24.000000000000,1.535688606799,f743db610e11e92c,8d15af1f9d36efa1,939c8202f199797a,200,151,75.500000,254.430464,190.718960,1.000000,3.700000,278.418025,2.588889,308.983625,4.059603,2.396411,0.000000,0.396059,0.667774,0.246002,0.217114,200,928,928,32.000000,0,0,16,16,83,83,4,16,402.000000,613,0,0,62,138,0,62,13,11,2,0,13,2,2,2,0,0,0,0,0,49,0,49,49,49,0,0,0,0
962,13000491,50,2,269.726145734664,75.000000000000,24.000000000000,1.633541476448,68b3d38fd4fb9c0c,8d15af1f9d36efa1,aa7d1330ced58c63,200,92,46.000000,261.913043,276.938664,0.600000,2.200000,285.367534,1.833333,323.755292,4.097826,1.965517,0.000000,0.531677,0.681529,0.346620,0.342059,200,856,856,32.000000,0,0,16,16,92,92,12,8,428.000000,377,0,0,78,84,0,78,10,4,6,0,10,6,6,4,2,0,0,0,0,68,80,28,108,70,38,0,0,0
963,13000492,50,2,476.195913100607,325.000000000000,43.000000000000,1.959360270288,e6df75a9d86b9dbe,8d15af1f9d36efa1,b227a730fa368b4e,200,100,50.000000,183.570000,264.667011,0.500000,1.200000,191.715792,2.733333,183.233312,2.470000,2.919028,0.000000,0.579216,0.629630,0.447427,0.304225,200,1024,1024,32.000000,0,0,16,16,44,44,20,0,340.000000,247,0,0,29,90,0,29,15,5,10,0,15,10,10,5,5,0,0,0,0,14,100,0,100,19,81,0,0,0
964,13000493,50,2,141.096967762815,175.000000000000,31.000000000000,2.311638668945,dbd4be931701cb1e,8d15af1f9d36efa1,93a7cad0b28ab15d,200,160,80.000000,245.968750,259.336996,0.800000,2.800000,261.422092,2.107143,287.373673,3.875000,2.032258,0.000000,0.339019,0.613900,0.243902,0.121813,200,912,912,32.000000,0,0,16,16,37,37,12,2,318.000000,620,0,0,18,144,0,18,18,12,6,0,18,6,6,4,2,0,0,0,0,0,40,0,40,2,38,0,0,0
965,13000494,50,2,442.559594652618,175.000000000000,38.000000000000,2.528754023606,8e22bf53b5c3480d,8d15af1f9d36efa1,69cbac72a90f4d20,200,191,95.500000,336.837696,318.336826,1.000000,4.800000,396.100850,2.664286,408.780596,5.204188,2.342052,0.000000,0.257100,0.632353,0.167504,0.101266,200,1056,1056,32.000000,0,0,16,16,49,49,14,0,344.000000,994,0,0,29,171,0,29,20,13,7,0,20,7,7,7,0,0,0,0,0,9,0,9,9,9,0,0,0,0
966,13000495,50,2,436.407816037917,325.000000000000,31.000000000000,2.411846091369,40ad39390b0586e2,8d15af1f9d36efa1,9abe1100c590f594,200,172,86.000000,203.511628,211.048211,0.900000,2.800000,232.720987,2.055556,229.158927,2.976744,2.210938,0.000000,0.396226,0.626866,0.280899,0.168831,200,904,904,32.000000,0,0,16,16,44,44,16,0,336.000000,512,0,0,26,155,0,26,18,10,8,0,18,8,8,7,1,0,0,0,0,8,20,8,28,9,19,0,0,0
967,13000496,50,2,27.013401526944,325.000000000000,33.000000000000,2.883570270679,fbb45fea3aae6e65,8d15af1f9d36efa1,9a8e7300c5687858,200,188,94.000000,304.244681,288.717472,1.000000,4.900000,367.654877,2.542143,365.031322,4.909574,2.598050,0.000000,0.273800,0.635036,0.178094,0.111646,200,968,968,32.000000,0,0,16,16,53,53,10,2,348.000000,923,0,0,32,168,0,32,20,15,5,0,20,5,5,5,0,0,0,0,0,12,0,12,12,12,0,0,0,0
968,13000497,50,2,106.112613850390,425.000000000000,33.000000000000,2.263816427918,629b91a6843e4e7a,8d15af1f9d36efa1,b62dfe80d9f627ff,200,158,79.000000,258.196203,229.928742,1.000000,4.500000,337.133499,3.160833,311.314152,4.322785,2.897511,0.000000,0.362278,0.659864,0.226501,0.185936,200,1096,1096,32.000000,0,0,16,16,70,70,16,0,388.000000,683,0,0,56,144,0,56,14,6,8,0,14,8,8,8,0,0,0,0,0,42,0,42,42,42,0,0,0,0
969,13000498,50,2,415.578253551736,325.000000000000,40.000000000000,1.816514249841,72aed285da121146,8d15af1f9d36efa1,9b74a4c11807a77a,200,200,100.000000,296.675000,257.532513,1.000000,4.800000,369.148180,2.369307,368.225388,4.800000,2.250000,0.000000,0.254658,0.621212,0.172414,0.090909,200,912,912,32.000000,0,0,16,16,41,41,14,2,328.000000,960,0,0,20,180,0,20,20,13,7,0,20,7,7,7,0,0,0,0,0,0,0,0,0,0,0,0,0,0
970,13000499,50,2,57.253971541370,75.000000000000,34.000000000000,1.891977269229,46216d7624c69eb0,8d15af1f9d36efa1,2d8bfbeced5fa6f8,200,79,39.500000,254.202532,253.248966,0.700000,2.800000,297.583324,2.885714,267.715301,3.556962,2.786477,0.000000,0.615595,0.692308,0.415800,0.436874,200,1176,1176,32.000000,0,0,16,16,103,103,12,6,450.000000,281,0,0,90,69,0,90,13,7,6,0,13,6,6,3,3,0,0,0,0,77,60,61,121,80,41,0,0,0
971,13000500,50,2,440.406114664951,325.000000000000,35.000000000000,2.552211572887,3fddbef5b2ea72d4,8d15af1f9d36efa1,ba67cf4f443a2791,200,132,66.000000,303.856061,265.142409,0.700000,2.800000,300.463393,2.558163,376.419984,4.893939,2.407121,0.000000,0.339468,0.624060,0.236407,0.134048,200,968,968,32.000000,0,0,16,16,46,46,8,0,332.000000,646,0,0,29,118,0,29,17,13,4,0,17,4,4,1,3,0,0,0,0,12,60,8,68,15,53,0,0,0
972,13000501,50,2,403.076948593686,75.000000000000,17.000000000000,2.752634357018,51170bf18372beb0,8d15af1f9d36efa1,ecd9434ff1634831,200,33,16.500000,217.242424,294.362708,0.200000,0.700000,292.636383,2.875000,239.219015,3.393939,2.285714,0.000000,0.774194,0.657534,0.641026,0.575758,200,1240,1240,32.000000,0,0,16,16,69,69,14,0,384.000000,112,0,0,60,30,0,60,9,2,7,0,9,7,7,1,6,0,0,0,0,51,160,7,167,57,110,0,0,0
973,13000502,50,2,61.822639283063,425.000000000000,31.000000000000,2.270156085021,ed464772bdcc7b74,8d15af1f9d36efa1,9f7526f5bf3cd0e5,200,160,80.000000,206.087500,240.836201,0.800000,2.500000,233.916232,3.304167,235.735334,3.125000,3.280000,0.000000,0.410377,0.635036,0.285714,0.188312,200,1144,1144,32.000000,0,0,16,16,54,54,8,0,348.000000,500,0,0,37,144,0,37,17,13,4,0,17,4,4,3,1,0,0,0,0,20,40,0,40,21,19,0,0,0
974,13000503,50,2,89.719931021490,425.000000000000,28.000000000000,1.724462703154,426b288a8a1c121f,8d15af1f9d36efa1,40392b5021079875,200,56,28.000000,235.142857,307.697659,0.500000,2.000000,300.170062,1.933333,267.411614,3.785714,1.735849,0.000000,0.685460,0.697885,0.485437,0.520362,200,928,928,32.000000,0,0,16,16,109,109,12,0,462.000000,212,0,0,100,50,0,100,9,3,6,0,9,6,6,3,3,0,0,0,0,91,100,44,144,94,50,0,0,0
975,13000504,50,2,293.350600697443,75.000000000000,20.000000000000,2.168231078730,7d2e4daa0fa860bf,8d15af1f9d36efa1,a1a33ed73b9d2d6b,200,163,81.500000,245.963190,271.995867,0.900000,3.800000,324.478492,3.043519,296.578483,4.122699,2.872024,0.000000,0.339882,0.633700,0.229358,0.145038,200,1088,1088,32.000000,0,0,16,16,51,51,12,0,346.000000,672,0,0,34,147,0,34,17,11,6,0,17,6,6,5,1,0,0,0,0,17,20,17,37,18,19,0,0,0
976,13000505,50,2,311.440030684383,175.000000000000,40.000000000000,1.507602926146,9bc2e3dde9ef3152,8d15af1f9d36efa1,baa047c14a22663b,200,200,100.000000,209.955000,213.751725,1.000000,3.300000,255.564387,2.809286,248.094310,3.300000,2.910606,0.000000,0.320988,0.609375,0.232558,0.108108,200,1112,1112,32.000000,0,0,16,16,40,40,0,0,312.000000,660,0,0,20,180,0,20,20,20,0,0,20,0,0,0,0,0,0,0,0,0,0,0,0,0,0,0,0,0
977,13000506,50,2,409.454740958267,425.000000000000,26.000000000000,2.869010291631,25f77b37e427a1bc,8d15af1f9d36efa1,9ec5b84ae7c9fab5,200,145,72.500000,415.841379,323.932873,0.900000,5.800000,496.579235,2.830026,526.003776,6.744828,2.633947,0.000000,0.277696,0.652778,0.169779,0.128342,200,904,904,32.000000,0,0,16,16,63,63,18,0,376.000000,978,0,0,49,132,0,49,14,5,9,0,14,9,9,8,1,0,0,0,0,35,20,35,55,36,19,0,0,0
978,13000507,50,2,325.175689171631,325.000000000000,26.000000000000,2.703923742618,18ce789bdfda420c,8d15af1f9d36efa1,9f03ef4466cd2e71,200,200,100.000000,270.670000,240.022418,1.000000,4.200000,340.521044,2.240952,335.276573,4.300000,2.294186,0.000000,0.267462,0.610895,0.188679,0.087049,200,1048,1048,32.000000,0,0,16,16,41,41,0,2,314.000000,860,0,0,20,180,0,20,20,20,0,0,20,0,0,0,0,0,0,0,0,0,0,0,0,0,0,0,0,0
979,13000508,50,2,8.819252567926,325.000000000000,39.000000000000,2.561425876332,b540d66638ffc240,8d15af1f9d36efa1,3f42d80ab8af7f50,200,79,39.500000,158.506329,260.372771,0.500000,1.100000,155.808145,2.466667,148.209912,2.113924,2.293413,0.000000,0.681905,0.641577,0.544959,0.430034,200,840,840,32.000000,0,0,16,16,55,55,16,0,358.000000,167,0,0,43,71,0,43,13,5,8,0,13,8,8,3,5,0,0,0,0,30,100,21,121,35,86,0,0,0
980,13000509,50,2,18.951713437038,175.000000000000,48.000000000000,1.931287085922,8ba0fa7b6d902876,8d15af1f9d36efa1,1819182a6dda485a,200,149,74.500000,316.248322,285.863781,1.000000,5.400000,413.167592,2.659246,381.456778,5.033557,2.584000,0.000000,0.355116,0.673736,0.210526,0.195279,200,1080,1080,31.000000,0,0,16,15,84,84,14,2,413.000000,750,0,0,67,133,0,67,16,9,7,0,16,7,7,7,0,0,0,0,0,51,0,51,51,51,0,0,0,0
981,13000510,50,2,334.620341872217,325.000000000000,24.000000000000,2.677374212932,e428eb40c1d8b7d1,8d15af1f9d36efa1,8be9ddf07194f89c,200,200,100.000000,308.015000,263.634458,1.000000,4.600000,377.008990,2.790000,371.077250,4.665000,2.342980,0.000000,0.255387,0.615385,0.176523,0.086190,200,1000,1000,32.000000,0,0,16,16,43,43,2,6,320.000000,933,0,0,20,180,0,20,20,19,1,0,20,1,1,1,0,0,0,0,0,0,0,0,0,0,0,0,0,0
982,13000511,50,2,64.935684171630,175.000000000000,34.000000000000,2.977763654752,eb3cf481c1bcca9a,8d15af1f9d36efa1,e952d44fefbaba59,200,173,86.500000,163.248555,156.803235,0.900000,2.500000,205.158611,2.666667,184.768605,2.768786,2.553236,0.000000,0.400501,0.615385,0.294551,0.155203,200,1104,1104,32.000000,0,0,16,16,43,43,2,0,320.000000,479,0,0,25,156,0,25,18,17,1,0,18,1,1,0,1,0,0,0,0,7,20,7,27,8,19,0,0,0
983,13000512,50,2,371.743062563920,175.000000000000,33.000000000000,2.570502899513,478c89c8902a2240,8d15af1f9d36efa1,ecccffb9389df210,200,179,89.500000,313.463687,313.065070,1.000000,5.600000,406.775473,2.036667,405.838165,5.474860,2.016327,0.000000,0.263158,0.636364,0.169492,0.107468,200,1008,1008,32.000000,0,0,16,16,57,57,4,0,350.000000,980,0,0,39,161,0,39,18,16,2,0,18,2,2,2,0,0,0,0,0,21,0,21,21,21,0,0,0,0
984,13000513,50,2,146.156395034893,175.000000000000,25.000000000000,2.871623185324,51a1b832d37fe674,8d15af1f9d36efa1,dcebe2c2531f6505,200,93,46.500000,265.956989,284.064137,0.500000,2.000000,318.941922,2.577778,333.453867,4.150538,2.450777,0.000000,0.448571,0.610895,0.341297,0.175214,200,1096,1096,32.000000,0,0,16,16,35,35,12,0,314.000000,386,0,0,21,84,0,21,14,8,6,0,14,6,6,1,5,0,0,0,0,7,100,7,107,12,95,0,0,0
985,13000514,50,2,366.208155284001,325.000000000000,27.000000000000,2.635542564013,d2d18229cb96f631,8d15af1f9d36efa1,449ceb8499ad7721,200,197,98.500000,316.629442,271.485410,1.000000,4.900000,394.955024,2.462619,392.399605,4.883249,2.183992,0.000000,0.258860,0.626866,0.172117,0.097561,200,872,872,32.000000,0,0,16,16,43,43,18,0,336.000000,962,0,0,23,177,0,23,20,11,9,0,20,9,9,9,0,0,0,0,0,3,0,3,3,3,0,0,0,0
986,13000515,50,2,18.684142971735,75.000000000000,30.000000000000,2.851979267193,fb1303cb2a455459,8d15af1f9d36efa1,64a287bdf3107371,200,144,72.000000,395.083333,297.836657,0.900000,4.400000,407.510265,2.923457,454.681233,5.527778,2.582915,0.000000,0.333333,0.665552,0.200803,0.172557,200,1072,1072,32.000000,0,0,16,16,71,71,24,6,398.000000,796,0,0,52,129,0,52,16,4,12,0,16,12,12,11,1,0,0,0,0,36,20,36,56,37,19,0,0,0
987,13000516,50,2,481.274710526923,425.000000000000,30.000000000000,2.178543304357,aa77d9021709ced3,8d15af1f9d36efa1,9ab07500c5856224,200,123,61.500000,244.097561,234.657971,0.900000,3.400000,301.531946,1.915344,261.024970,3.308943,2.339066,0.000000,0.522860,0.690402,0.329489,0.344605,200,1008,1008,32.000000,0,0,16,16,99,99,16,0,446.000000,407,0,0,85,110,0,85,14,6,8,0,14,8,8,7,1,0,0,0,0,71,20,57,77,72,5,0,0,0
988,13000517,50,2,68.006640410312,175.000000000000,28.000000000000,2.782105120048,91df7c1e99564b5c,8d15af1f9d36efa1,678b6acd0253c261,200,160,80.000000,342.368750,309.371905,0.800000,4.300000,420.066618,2.601190,421.239352,5.500000,2.568182,0.000000,0.265442,0.613900,0.185185,0.089027,200,1104,1104,32.000000,0,0,16,16,38,38,10,4,318.000000,880,0,0,18,144,0,18,18,13,5,0,18,5,5,3,2,0,0,0,0,0,40,0,40,2,38,0,0,0
989,13000518,50,2,366.244039179700,425.000000000000,26.000000000000,2.914129439600,4db3cad2a8d86497,8d15af1f9d36efa1,df8ad7ed5a675e4c,200,97,48.500000,348.907216,289.729079,0.800000,5.000000,483.397638,2.376786,418.974190,5.515464,1.966355,0.000000,0.444444,0.681529,0.272109,0.268126,200,984,984,32.000000,0,0,16,16,89,89,18,0,428.000000,535,0,0,76,86,0,76,13,4,9,0,13,9,9,7,2,0,0,0,0,63,40,63,103,65,38,0,0,0
990,13000519,50,2,374.247436728010,75.000000000000,20.000000000000,2.986431148207,37c6813c00ca0efc,8d15af1f9d36efa1,d7735b8fcb8cf57d,200,161,80.500000,292.515528,276.667436,1.000000,4.900000,362.772877,2.811667,356.804599,4.925466,2.605296,0.000000,0.324532,0.655766,0.201410,0.159067,200,976,976,31.000000,0,0,16,15,71,71,8,0,381.000000,793,0,0,55,145,0,55,16,12,4,0,16,4,4,4,0,0,0,0,0,39,0,39,39,39,0,0,0,0
991,13000520,50,2,456.479286196744,175.000000000000,42.000000000000,2.106964851137,a39fd379775d5ada,8d15af1f9d36efa1,1db66fc18bd49b25,200,146,73.000000,261.931507,238.295284,0.800000,3.200000,321.108676,2.586012,304.928952,4.047945,2.372250,0.000000,0.374603,0.638989,0.252845,0.171108,200,1048,1048,32.000000,0,0,16,16,54,54,14,0,354.000000,591,0,0,36,130,0,36,18,11,7,0,18,7,7,5,2,0,0,0,0,18,40,14,54,20,34,0,0,0
992,13000521,50,2,272.258741486526,175.000000000000,33.000000000000,1.759000207318,5e481d0fc06c2b02,8d15af1f9d36efa1,8a85f0f3f2f48f1d,200,200,100.000000,220.735000,209.956160,1.000000,3.400000,263.993115,2.854762,266.887557,3.435000,2.726346,0.000000,0.313686,0.610895,0.225479,0.106632,200,1312,1312,32.000000,0,0,16,16,40,40,2,0,314.000000,687,0,0,20,180,0,20,20,19,1,0,20,1,1,1,0,0,0,0,0,0,0,0,0,0,0,0,0,0
993,13000522,50,2,293.433084487364,75.000000000000,19.000000000000,1.588859527801,e9cd1ecfd2ffb8cc,8d15af1f9d36efa1,3ea8642dd8b1c4bf,200,123,61.500000,286.674797,273.624537,0.900000,4.600000,377.581629,2.486376,349.721104,4.983740,2.440457,0.000000,0.398430,0.669967,0.246002,0.221093,200,1200,1200,32.000000,0,0,16,16,84,84,6,2,406.000000,613,0,0,70,111,0,70,13,10,3,0,13,3,3,2,1,0,0,0,0,57,20,57,77,58,19,0,0,0
994,13000523,50,2,393.910155795595,325.000000000000,43.000000000000,1.515443786602,da0724b5ec765e3d,8d15af1f9d36efa1,9f7de4113d925361,200,167,83.500000,201.323353,197.125765,0.900000,2.700000,239.803815,2.685185,237.320176,3.119760,2.293666,0.000000,0.392065,0.626866,0.277393,0.166400,200,1056,1056,32.000000,0,0,16,16,50,50,4,0,336.000000,521,0,0,32,150,0,32,18,16,2,0,18,2,2,1,1,0,0,0,0,14,20,13,33,15,18,0,0,0
995,13000524,50,2,479.013863817089,175.000000000000,42.000000000000,2.363800256691,6ab58f40180da925,8d15af1f9d36efa1,d60acd08131e7c1e,200,63,31.500000,329.444444,334.038481,0.400000,1.800000,375.382749,2.575000,381.128182,4.603175,2.389655,0.000000,0.574780,0.662162,0.408163,0.355556,200,1040,1040,32.000000,0,0,16,16,71,71,18,0,392.000000,290,0,0,57,55,0,57,14,5,9,0,14,9,9,3,6,0,0,0,0,43,120,17,137,49,88,0,0,0
996,13000525,50,2,187.220336821834,425.000000000000,21.000000000000,2.460609619261,504c806a5be8be79,8d15af1f9d36efa1,f18016cd5c151236,200,104,52.000000,176.500000,237.829851,0.600000,1.500000,181.210290,2.527778,194.832561,2.663462,2.620939,0.000000,0.559618,0.637681,0.419287,0.302267,200,1088,1088,32.000000,0,0,16,16,54,54,12,4,352.000000,277,0,0,38,94,0,38,14,8,6,0,14,6,6,2,4,0,0,0,0,24,80,16,96,28,68,0,0,0
997,13000526,50,2,43.133241289342,425.000000000000,29.000000000000,2.755412093168,8498edb629d724f8,8d15af1f9d36efa1,10c94c4f7515e27e,200,83,41.500000,162.192771,181.026206,0.700000,1.700000,198.359217,3.150000,161.001441,2.096386,3.666667,0.000000,0.716612,0.687500,0.534759,0.544503,200,1184,1184,32.000000,0,0,16,16,99,99,10,0,440.000000,174,0,0,88,75,0,88,11,6,5,0,11,5,5,2,3,0,0,0,0,77,60,57,117,80,37,0,0,0
998,13000527,50,2,483.376896854251,425.000000000000,27.000000000000,2.964539579232,611e86ea2997c482,8d15af1f9d36efa1,ce786819ec067b0,200,69,34.500000,342.014493,328.431129,0.500000,2.300000,345.108183,3.612857,395.160648,5.217391,2.622222,0.000000,0.537275,0.676375,0.357143,0.340659,200,1136,1136,32.000000,0,0,16,16,82,82,22,2,418.000000,360,0,0,68,61,0,68,13,2,11,0,13,11,11,6,5,0,0,0,0,55,100,31,131,60,71,0,0,0
999,13000528,50,2,10.973752417568,175.000000000000,45.000000000000,1.762341487658,ef8ba4a4c756ab21,8d15af1f9d36efa1,3323e0b6aa6439e4,200,180,90.000000,382.677778,316.137485,0.900000,5.900000,484.183235,2.159171,480.155657,6.555556,2.191525,0.000000,0.216467,0.619772,0.144928,0.073783,200,880,880,32.000000,0,0,16,16,40,40,14,4,326.000000,1180,0,0,19,162,0,19,19,12,7,0,19,7,7,6,1,0,0,0,0,0,20,0,20,1,19,0,0,0
