scenario_id,scenario_seed,node_count,selected_oc,x,y,local_density,speed,topology_hash,acoustic_state_hash,route_hash,generated_packets,delivered_packets,PDR,E2ED_ms,mean_source_destination_distance_m,connected_flow_pair_ratio,mean_static_shortest_hops,mean_static_shortest_path_length_m,mean_static_feasible_relay_candidates,mean_delivered_path_length_m,mean_delivered_hop_count,mean_delivered_relay_candidate_count,mean_delivered_relay_wait_ms,ROR_total,ROR_generated,ROR_hello,ROR_reactive,hello_tx,neighbor_update_tx,raw_neighbor_update_burden,compressed_topology_updates,topology_digest_packets,mc_topology_digest_ack_packets,lc_topology_update_tx,mc_topology_update_tx,route_request_tx,route_reply_tx,mc_control_tx,gateway_control_tx,control_transmissions,data_hops,OC_data_hops,architecture_violations,controller_requests,installed_route_hits,lc_cache_hits,lc_cache_misses,oc_route_computations,oc_route_successes,oc_route_failures,oc_cache_hits,oc_cache_misses,mc_fallbacks,mc_route_computations,mc_route_successes,mc_route_failures,route_recoveries,recovery_successes,recovery_failures,link_invalidations,control_unreachable,no_physical_path,routing_failure_with_path,final_no_path_drops,failed_route_attempts,negative_cache_hits,pending_route_suppressions,route_discovery_buffered_retries,route_discovery_timeout_drops
1000,14000029,75,0,139.186156155,425,31,2.51351639545,a3b750feed541e10,8d15af1f9d36efa1,d2676547095bcb63,200,175,87.500000,206.062857,222.858951,1.000000,3.200000,253.378640,3.483214,230.678957,3.074286,3.321561,0.000000,0.462000,0.697885,0.357995,0.194611,300,2104,2104,32.000000,0,0,16,16,59,59,12,0,462.000000,538,0,0,42,158,0,42,17,11,6,0,17,6,6,6,0,0,0,0,0,25,0,25,25,25,0,0,0,0
1001,14000030,75,0,428.102477102882,175.000000000000,50.000000000000,2.869176924174,3308d26163874310,8d15af1f9d36efa1,5b92b42cea4b4d9f,200,188,94.000000,222.627660,242.119571,1.000000,3.300000,271.365664,3.478333,267.250525,3.340426,3.371019,0.000000,0.409774,0.685535,0.323276,0.142077,300,2248,2248,32.000000,0,0,16,16,50,50,4,0,436.000000,628,0,0,31,169,0,31,19,17,2,0,19,2,2,2,0,0,0,0,0,12,0,12,12,12,0,0,0,0
1002,14000031,75,0,426.899263494881,425.000000000000,37.000000000000,2.672123108728,fb4c20cbc05762a3,8d15af1f9d36efa1,7e04aefd684238fe,200,136,68.000000,327.919118,272.916854,1.000000,4.000000,317.091749,3.311667,340.481516,4.257353,2.994819,0.000000,0.517902,0.756691,0.341297,0.333717,300,2240,2240,32.000000,0,0,16,16,138,138,14,80,622.000000,579,0,0,81,119,0,81,17,10,7,0,17,7,7,7,0,0,0,0,0,64,0,64,64,64,0,0,0,0
1003,14000032,75,0,367.652027531130,75.000000000000,41.000000000000,2.823073586256,355b2763bbae509c,8d15af1f9d36efa1,67791f4fa63450de,200,166,83.000000,218.355422,219.517557,1.000000,3.200000,251.143348,3.773810,243.310138,3.204819,3.524436,0.000000,0.471173,0.703264,0.360577,0.210682,300,2696,2696,32.000000,0,0,16,16,67,67,8,2,474.000000,532,0,0,50,150,0,50,16,12,4,0,16,4,4,4,0,0,0,0,0,34,0,34,34,34,0,0,0,0
1004,14000033,75,0,51.827644399599,325.000000000000,67.000000000000,1.514202440742,666791cd0643c5d,8d15af1f9d36efa1,9b168d00c5dc3e1e,200,200,100.000000,222.740000,214.686134,1.000000,3.300000,261.054458,4.590000,260.422040,3.365000,4.056464,0.000000,0.380865,0.674267,0.308325,0.108609,300,2344,2344,32.000000,0,0,16,16,41,41,0,2,414.000000,673,0,0,20,180,0,20,20,20,0,0,20,0,0,0,0,0,0,0,0,0,0,0,0,0,0,0,0,0
1005,14000034,75,0,158.431645128791,425.000000000000,36.000000000000,2.354505666628,6b634ff68115a8e3,8d15af1f9d36efa1,194ec4d75960cfe0,200,184,92.000000,275.434783,295.263420,1.000000,4.000000,336.329769,4.361667,338.500713,4.331522,3.836888,0.000000,0.356739,0.688474,0.273473,0.121279,300,2576,2576,32.000000,0,0,16,16,52,52,6,0,442.000000,797,0,0,34,166,0,34,18,15,3,0,18,3,3,3,0,0,0,0,0,16,0,16,16,16,0,0,0,0
1006,14000035,75,0,415.252778525857,325.000000000000,48.000000000000,2.838086954564,cc34bae8274615aa,8d15af1f9d36efa1,5bbb0915104e3225,200,172,86.000000,222.383721,234.106560,1.000000,3.400000,265.413274,4.001667,265.139246,3.488372,3.821667,0.000000,0.433962,0.696970,0.333333,0.175824,300,2464,2464,32.000000,0,0,16,16,62,62,4,0,460.000000,600,0,0,45,155,0,45,17,15,2,0,17,2,2,2,0,0,0,0,0,28,0,28,28,28,0,0,0,0
1007,14000036,75,0,282.905525870281,325.000000000000,46.000000000000,1.510360052637,2ab479a0dd704922,8d15af1f9d36efa1,9ac87a00c599fc84,200,200,100.000000,282.365000,300.587411,1.000000,4.400000,341.918435,3.079405,344.930110,4.400000,2.886364,0.000000,0.318885,0.673203,0.254237,0.083333,300,2208,2208,32.000000,0,0,16,16,40,40,0,0,412.000000,880,0,0,20,180,0,20,20,20,0,0,20,0,0,0,0,0,0,0,0,0,0,0,0,0,0,0,0,0
1008,14000037,75,0,268.295275042469,75.000000000000,28.000000000000,2.053111965568,4d5596e2a9a98cc2,8d15af1f9d36efa1,c9b8a9b7a106d400,200,138,69.000000,244.340580,205.063538,1.000000,3.300000,254.616244,3.419167,275.934042,3.565217,3.231707,0.000000,0.512871,0.721448,0.378788,0.274336,300,2248,2248,32.000000,0,0,16,16,86,86,14,0,518.000000,492,0,0,74,126,0,74,12,5,7,0,12,7,7,7,0,0,0,0,0,62,0,62,62,62,0,0,0,0
1009,14000038,75,0,337.122741841739,325.000000000000,47.000000000000,2.531075542356,1b8f3613ce5cc5f5,8d15af1f9d36efa1,9a7a3500c55765f4,200,200,100.000000,234.265000,238.704236,1.000000,3.500000,281.030315,3.740000,279.585822,3.500000,3.268571,0.000000,0.371634,0.674267,0.300000,0.104859,300,2192,2192,32.000000,0,0,16,16,40,40,2,0,414.000000,700,0,0,20,180,0,20,20,19,1,0,20,1,1,1,0,0,0,0,0,0,0,0,0,0,0,0,0,0
1010,14000039,75,0,355.768995579711,75.000000000000,31.000000000000,2.929519514060,260149ce107e4af1,8d15af1f9d36efa1,9b500a00c60cd7cc,200,141,70.500000,196.893617,192.696364,1.000000,2.900000,212.871304,4.441667,214.783049,2.886525,4.034398,0.000000,0.556161,0.718310,0.424328,0.304274,300,2800,2800,32.000000,0,0,16,16,85,85,8,0,510.000000,407,0,0,72,128,0,72,13,9,4,0,13,4,4,4,0,0,0,0,0,59,0,59,59,59,0,0,0,0
1011,14000040,75,0,277.440560181098,325.000000000000,42.000000000000,1.553046270352,c21de8cc8bef5bc8,8d15af1f9d36efa1,c8314834378dd1a,200,153,76.500000,229.673203,233.860259,1.000000,3.900000,283.888927,3.538333,287.961413,4.013072,3.456026,0.000000,0.441818,0.708455,0.328228,0.200521,300,2192,2192,32.000000,0,0,16,16,77,77,0,0,486.000000,614,0,0,62,138,0,62,15,15,0,0,15,0,0,0,0,0,0,0,0,47,0,47,47,47,0,0,0,0
1012,14000041,75,0,205.195257667090,75.000000000000,24.000000000000,2.254200452085,92d55cb2e1476eda,8d15af1f9d36efa1,ba38c25066563d87,200,160,80.000000,218.337500,176.699373,1.000000,3.100000,244.069883,3.059167,248.350057,3.125000,2.920000,0.000000,0.490835,0.706745,0.375000,0.230769,300,2168,2168,32.000000,0,0,16,16,73,73,4,2,482.000000,500,0,0,56,144,0,56,16,14,2,0,16,2,2,2,0,0,0,0,0,40,0,40,40,40,0,0,0,0
1013,14000042,75,0,231.433807721948,75.000000000000,29.000000000000,2.188350936048,c11cfa99da8e4630,8d15af1f9d36efa1,3276a867688e768b,200,159,79.500000,230.157233,221.411294,1.000000,3.300000,255.744960,3.005000,281.106949,3.622642,2.885417,0.000000,0.455577,0.706745,0.342466,0.206612,300,2120,2120,32.000000,0,0,16,16,71,71,8,0,482.000000,576,0,0,56,144,0,56,15,11,4,0,15,4,4,4,0,0,0,0,0,41,0,41,41,41,0,0,0,0
1014,14000043,75,0,326.966031443460,75.000000000000,43.000000000000,1.565418805820,2b98b076d2300ba5,8d15af1f9d36efa1,e19d1f0228933a4c,200,125,62.500000,228.472000,194.267398,1.000000,2.900000,231.608436,3.448333,257.165504,3.400000,3.927059,0.000000,0.562307,0.731903,0.413793,0.334898,300,2432,2432,32.000000,0,0,16,16,106,106,2,10,546.000000,425,0,0,88,112,0,88,13,12,1,0,13,1,1,1,0,0,0,0,0,75,0,75,75,75,0,0,0,0
1015,14000044,75,0,180.911531350593,75.000000000000,32.000000000000,2.638170452559,346b6d10bf9c1891,8d15af1f9d36efa1,9c0af7877f3ee94e,200,150,75.000000,252.833333,281.181397,1.000000,4.000000,326.627472,3.397143,305.119362,3.973333,3.612416,0.000000,0.453211,0.711816,0.334821,0.213720,300,2400,2400,32.000000,0,0,16,16,79,79,4,2,494.000000,596,0,0,64,136,0,64,14,12,2,0,14,2,2,2,0,0,0,0,0,50,0,50,50,50,0,0,0,0
1016,14000045,75,0,407.750376247216,175.000000000000,41.000000000000,2.770499381979,e11bb43dda52ec3a,8d15af1f9d36efa1,41126cd8f04eb9fb,200,194,97.000000,219.458763,227.623002,1.000000,3.500000,262.713027,3.395476,256.405720,3.453608,3.359701,0.000000,0.390909,0.682540,0.309278,0.127604,300,2296,2296,32.000000,0,0,16,16,46,46,6,0,430.000000,670,0,0,26,174,0,26,20,17,3,0,20,3,3,3,0,0,0,0,0,6,0,6,6,6,0,0,0,0
1017,14000046,75,0,196.814832400029,425.000000000000,28.000000000000,2.366496232658,70c35d7122976103,8d15af1f9d36efa1,b5ef884fd2c9e52d,200,148,74.000000,218.175676,222.955750,1.000000,3.300000,261.451719,3.611905,245.374887,3.243243,3.466667,0.000000,0.511202,0.715100,0.384615,0.261538,300,2208,2208,32.000000,0,0,16,16,80,80,10,0,502.000000,480,0,0,66,134,0,66,14,9,5,0,14,5,5,5,0,0,0,0,0,52,0,52,52,52,0,0,0,0
1018,14000047,75,0,378.132815680250,425.000000000000,28.000000000000,2.936092616647,4d6205ab775a64a9,8d15af1f9d36efa1,eb2b75b78433c035,200,159,79.500000,242.798742,218.457597,1.000000,3.400000,261.024657,4.298056,296.403123,4.100629,3.274540,0.000000,0.425044,0.706745,0.315126,0.187032,300,2568,2568,32.000000,0,0,16,16,71,71,8,0,482.000000,652,0,0,56,144,0,56,15,11,4,0,15,4,4,4,0,0,0,0,0,41,0,41,41,41,0,0,0,0
1019,14000048,75,0,118.756936309478,325.000000000000,47.000000000000,2.337787678296,f33b502dfe254ce6,8d15af1f9d36efa1,cfe328f53c873797,200,176,88.000000,246.732955,256.140910,1.000000,4.200000,310.291180,3.392619,298.563392,4.221591,3.220727,0.000000,0.385443,0.699700,0.287632,0.152794,300,2408,2408,32.000000,0,0,16,16,64,64,6,12,466.000000,743,0,0,41,159,0,41,17,14,3,0,17,3,3,3,0,0,0,0,0,24,0,24,24,24,0,0,0,0
1020,14000049,75,0,62.923851014254,325.000000000000,58.000000000000,2.276618436891,5429dd5e6571f7c0,8d15af1f9d36efa1,f74de14f66cb6b99,200,186,93.000000,284.951613,303.133368,1.000000,4.500000,360.158331,3.870000,354.940017,4.580645,3.461268,0.000000,0.343606,0.690402,0.260417,0.118012,300,2320,2320,32.000000,0,0,16,16,54,54,6,0,446.000000,852,0,0,34,166,0,34,20,17,3,0,20,3,3,3,0,0,0,0,0,14,0,14,14,14,0,0,0,0
1021,14000050,75,0,342.356285666013,425.000000000000,50.000000000000,1.877805593284,9e74abeb54ce0b5a,8d15af1f9d36efa1,61e0e73d1968fb9b,200,156,78.000000,250.262821,272.551783,1.000000,3.800000,313.676945,4.413333,291.181870,3.628205,4.153710,0.000000,0.465028,0.710983,0.346420,0.220386,300,2424,2424,32.000000,0,0,16,16,76,76,8,0,492.000000,566,0,0,60,140,0,60,16,12,4,0,16,4,4,4,0,0,0,0,0,44,0,44,44,44,0,0,0,0
1022,14000051,75,0,497.510506564721,325.000000000000,58.000000000000,2.942909921558,4a2da881a2fc7705,8d15af1f9d36efa1,5639fb064e9a043,200,178,89.000000,310.623596,303.016539,1.000000,4.900000,389.137698,3.309048,382.659204,4.882022,3.337169,0.000000,0.346125,0.696970,0.256630,0.128385,300,2352,2352,32.000000,0,0,16,16,61,61,6,2,460.000000,869,0,0,41,159,0,41,19,16,3,0,19,3,3,3,0,0,0,0,0,22,0,22,22,22,0,0,0,0
1023,14000052,75,0,197.825884596861,425.000000000000,36.000000000000,1.695180468354,c249c27f28ceba12,8d15af1f9d36efa1,1acff48df6061411,200,105,52.500000,263.771429,206.716778,0.800000,2.700000,271.609159,3.770833,310.419073,3.895238,3.325183,0.000000,0.552026,0.715909,0.423131,0.296041,300,2392,2392,32.000000,0,0,16,16,79,79,14,0,504.000000,409,0,0,67,95,0,67,12,5,7,0,12,7,7,5,2,0,0,0,0,55,40,55,95,57,38,0,0,0
1024,14000053,75,0,363.920447209291,75.000000000000,33.000000000000,2.436625384605,7d1ef4e469ed6a0a,8d15af1f9d36efa1,af010e5a954c7cfa,200,131,65.500000,284.305344,271.685930,1.000000,4.200000,317.861035,4.379048,338.437255,4.442748,3.407216,0.000000,0.478495,0.727520,0.340136,0.257653,300,2384,2384,32.000000,0,0,16,16,97,97,8,0,534.000000,582,0,0,83,117,0,83,14,10,4,0,14,4,4,4,0,0,0,0,0,69,0,69,69,69,0,0,0,0
1025,14000054,75,0,68.157627392197,175.000000000000,47.000000000000,2.815084616083,533afab87bccc392,8d15af1f9d36efa1,261b6a0ccf22d4f0,200,190,95.000000,280.136842,260.973721,1.000000,4.300000,327.789214,3.470833,335.832663,4.531579,2.914053,0.000000,0.339217,0.688474,0.258398,0.113285,300,2088,2088,32.000000,0,0,16,16,51,51,8,2,442.000000,861,0,0,30,170,0,30,20,16,4,0,20,4,4,4,0,0,0,0,0,10,0,10,10,10,0,0,0,0
1026,14000055,75,0,408.484357099281,75.000000000000,25.000000000000,2.640163179532,7a1fb3bb8755f695,8d15af1f9d36efa1,3c6ac33f054ceddb,200,138,69.000000,250.398551,210.094241,1.000000,3.400000,250.241499,3.916667,261.727729,3.652174,3.845238,0.000000,0.514451,0.727520,0.373134,0.286119,300,2576,2576,32.000000,0,0,16,16,94,94,14,8,534.000000,504,0,0,76,124,0,76,14,7,7,0,14,7,7,7,0,0,0,0,0,62,0,62,62,62,0,0,0,0
1027,14000056,75,0,452.615644406170,425.000000000000,32.000000000000,2.907209432347,f017e7d89bfdf5c8,8d15af1f9d36efa1,2844fa3abaf09c58,200,162,81.000000,285.814815,274.633241,1.000000,4.300000,341.560931,3.259603,328.842011,4.172840,2.866864,0.000000,0.420240,0.710145,0.307377,0.189448,300,2504,2504,32.000000,0,0,16,16,73,73,12,2,490.000000,676,0,0,55,145,0,55,17,11,6,0,17,6,6,6,0,0,0,0,0,38,0,38,38,38,0,0,0,0
1028,14000057,75,0,270.633827136075,325.000000000000,28.000000000000,1.850849972427,3acb4ebedb1becc3,8d15af1f9d36efa1,e570858b2ac5a79f,200,193,96.500000,268.886010,271.878740,1.000000,4.400000,345.254612,4.115476,330.136066,4.430052,3.955556,0.000000,0.334630,0.682540,0.259740,0.102833,300,2592,2592,32.000000,0,0,16,16,47,47,4,0,430.000000,855,0,0,27,173,0,27,20,18,2,0,20,2,2,2,0,0,0,0,0,7,0,7,7,7,0,0,0,0
1029,14000058,75,0,59.854678480850,325.000000000000,60.000000000000,1.517720935421,16b8bf50076f3712,8d15af1f9d36efa1,9b388a00c5f91f6b,200,192,96.000000,230.833333,232.341712,1.000000,3.700000,272.812444,3.768095,270.602718,3.713542,3.366059,0.000000,0.381613,0.687500,0.296150,0.131547,300,2376,2376,32.000000,0,0,16,16,48,48,12,0,440.000000,713,0,0,28,172,0,28,20,14,6,0,20,6,6,6,0,0,0,0,0,8,0,8,8,8,0,0,0,0
1030,14000059,75,0,238.910266356284,425.000000000000,28.000000000000,1.859765170647,68ad2386d8a5677a,8d15af1f9d36efa1,5f49b3fd570c542,200,173,86.500000,235.942197,284.456585,0.900000,3.600000,298.887122,3.186508,283.509759,3.878613,3.126677,0.000000,0.388332,0.680511,0.308960,0.122876,300,2216,2216,32.000000,0,0,16,16,43,43,8,0,426.000000,671,0,0,25,156,0,25,18,14,4,0,18,4,4,3,1,0,0,0,0,7,20,7,27,8,19,0,0,0
1031,14000060,75,0,402.337724910636,175.000000000000,62.000000000000,1.837795971198,b82cd51e5c617677,8d15af1f9d36efa1,14a1a4bbca903495,200,181,90.500000,271.325967,301.662245,1.000000,4.400000,345.966589,3.976190,324.816469,4.292818,3.872587,0.000000,0.368806,0.694190,0.278552,0.135706,300,2288,2288,32.000000,0,0,16,16,59,59,4,0,454.000000,777,0,0,39,161,0,39,20,18,2,0,20,2,2,2,0,0,0,0,0,19,0,19,19,19,0,0,0,0
1032,14000061,75,0,369.965569329590,425.000000000000,30.000000000000,2.713992706775,bfaee04d4feda251,8d15af1f9d36efa1,73a0587d63e0e5e9,200,172,86.000000,305.924419,296.610151,1.000000,4.600000,358.028543,3.285000,371.667661,4.808140,3.227328,0.000000,0.362375,0.701493,0.266193,0.143005,300,2144,2144,32.000000,0,0,16,16,63,63,12,2,470.000000,827,0,0,45,155,0,45,17,11,6,0,17,6,6,6,0,0,0,0,0,28,0,28,28,28,0,0,0,0
1033,14000062,75,0,137.940872957063,325.000000000000,48.000000000000,2.262205340429,f031d742c3212505,8d15af1f9d36efa1,3807d7090c5a3a9e,200,200,100.000000,272.545000,250.756174,1.000000,4.000000,301.599562,3.047619,311.181845,4.275000,2.756725,0.000000,0.331509,0.679487,0.259740,0.097149,300,2176,2176,32.000000,0,0,16,16,43,43,6,6,424.000000,855,0,0,20,180,0,20,20,17,3,0,20,3,3,3,0,0,0,0,0,0,0,0,0,0,0,0,0,0
1034,14000063,75,0,234.975913615296,175.000000000000,40.000000000000,1.818099375852,fa549e4af138b19e,8d15af1f9d36efa1,a6a4c4a0380e02cc,200,200,100.000000,268.235000,257.394470,1.000000,4.200000,318.231479,3.540278,328.604040,4.300000,3.410465,0.000000,0.329173,0.678457,0.258621,0.094737,300,2240,2240,32.000000,0,0,16,16,41,41,8,2,422.000000,860,0,0,20,180,0,20,20,16,4,0,20,4,4,4,0,0,0,0,0,0,0,0,0,0,0,0,0,0
1035,14000064,75,0,94.492668845221,325.000000000000,63.000000000000,1.534476798583,dc92f2431fc41c28,8d15af1f9d36efa1,9aa9b300c57facd0,200,180,90.000000,229.538889,239.113819,0.900000,3.200000,261.952346,3.425000,266.908112,3.594444,3.401855,0.000000,0.394761,0.678457,0.316790,0.122117,300,2008,2008,32.000000,0,0,16,16,38,38,14,0,422.000000,647,0,0,19,162,0,19,19,12,7,0,19,7,7,6,1,0,0,0,0,0,20,0,20,1,19,0,0,0
1036,14000065,75,0,274.256568827983,75.000000000000,21.000000000000,1.829847869709,21b2aff6e07d99e,8d15af1f9d36efa1,81f69d4fb559dde0,200,90,45.000000,226.144444,225.383091,0.900000,3.100000,259.920496,4.233333,256.106990,3.611111,3.129231,0.000000,0.631101,0.735450,0.480000,0.408015,300,2600,2600,32.000000,0,0,16,16,108,108,8,0,556.000000,325,0,0,99,82,0,99,9,5,4,0,9,4,4,3,1,0,0,0,0,90,20,90,110,91,19,0,0,0
1037,14000066,75,0,437.727651851801,325.000000000000,51.000000000000,2.958899664548,c3a04c72d2723c41,8d15af1f9d36efa1,c342a5addaacdff8,200,191,95.500000,245.026178,243.007145,1.000000,3.800000,293.365246,3.731667,292.767349,3.900524,3.818792,0.000000,0.363792,0.680511,0.287081,0.112038,300,2192,2192,32.000000,0,0,16,16,47,47,0,0,426.000000,745,0,0,28,172,0,28,19,19,0,0,19,0,0,0,0,0,0,0,0,9,0,9,9,9,0,0,0,0
1038,14000067,75,0,43.194703990751,75.000000000000,43.000000000000,2.323951412682,824c4148de3dd98a,8d15af1f9d36efa1,1cd7da57bd0a52cb,200,144,72.000000,348.208333,324.906220,1.000000,5.300000,412.690003,4.371190,407.775676,5.208333,3.778667,0.000000,0.414977,0.726776,0.285714,0.210526,300,2544,2544,32.000000,0,0,16,16,89,89,22,6,532.000000,750,0,0,71,129,0,71,15,4,11,0,15,11,11,11,0,0,0,0,0,56,0,56,56,56,0,0,0,0
1039,14000068,75,0,257.438313948018,325.000000000000,51.000000000000,1.519724555607,b7b0fc29190b258f,8d15af1f9d36efa1,c3339d841b26abaa,200,199,99.500000,227.005025,194.356120,1.000000,3.400000,270.488217,3.585000,270.857758,3.487437,3.453890,0.000000,0.374775,0.675325,0.301811,0.107969,300,2320,2320,32.000000,0,0,16,16,41,41,2,0,416.000000,694,0,0,21,179,0,21,20,19,1,0,20,1,1,1,0,0,0,0,0,1,0,1,1,1,0,0,0,0
1040,14000069,75,0,425.352070376003,325.000000000000,55.000000000000,2.741059348775,117be058a31f3988,8d15af1f9d36efa1,7511af0a9fc3340a,200,200,100.000000,294.790000,319.036036,1.000000,4.800000,381.343134,3.519048,372.290611,4.800000,3.470833,0.000000,0.303338,0.676375,0.238095,0.082218,300,2376,2376,32.000000,0,0,16,16,40,40,6,0,418.000000,960,0,0,20,180,0,20,20,17,3,0,20,3,3,3,0,0,0,0,0,0,0,0,0,0,0,0,0,0
1041,14000070,75,0,155.410951414937,75.000000000000,43.000000000000,1.622698846015,c4a83b29b7bdc153,8d15af1f9d36efa1,5a1804d3dfc7ddc4,200,139,69.500000,238.697842,235.059540,1.000000,3.500000,269.403933,3.573333,288.594039,3.812950,3.220755,0.000000,0.491363,0.719101,0.361446,0.253521,300,2296,2296,32.000000,0,0,16,16,87,87,6,0,512.000000,530,0,0,74,126,0,74,13,10,3,0,13,3,3,3,0,0,0,0,0,61,0,61,61,61,0,0,0,0
1042,14000071,75,0,82.390553605364,325.000000000000,62.000000000000,2.049364612283,f4dce1a43485d1,8d15af1f9d36efa1,607e6a22c8010be4,200,199,99.500000,256.135678,249.825464,1.000000,3.700000,294.858301,3.380000,294.790825,3.703518,3.525102,0.000000,0.367382,0.681529,0.289296,0.115246,300,2184,2184,32.000000,0,0,16,16,42,42,12,2,428.000000,737,0,0,21,179,0,21,20,14,6,0,20,6,6,6,0,0,0,0,0,1,0,1,1,1,0,0,0,0
1043,14000072,75,0,438.018211609698,75.000000000000,44.000000000000,1.579793944424,4ad889e77938267f,8d15af1f9d36efa1,be6591782f2bd365,200,103,51.500000,419.320388,287.547401,1.000000,5.600000,446.830873,3.623611,530.304709,6.980583,2.766342,0.000000,0.448196,0.744898,0.294406,0.259526,300,2432,2432,32.000000,0,0,16,16,119,119,14,0,584.000000,719,0,0,108,92,0,108,11,4,7,0,11,7,7,7,0,0,0,0,0,97,0,97,97,97,0,0,0,0
1044,14000073,75,0,436.451265579026,75.000000000000,39.000000000000,2.779290815249,6d44ad070e8d1420,8d15af1f9d36efa1,28f2d0a20635f82a,200,152,76.000000,299.026316,235.057911,1.000000,4.400000,352.442479,3.643214,374.771566,4.631579,2.951705,0.000000,0.416252,0.715100,0.298805,0.194508,300,2368,2368,32.000000,0,0,16,16,78,78,14,0,502.000000,704,0,0,63,137,0,63,15,8,7,0,15,7,7,7,0,0,0,0,0,48,0,48,48,48,0,0,0,0
1045,14000074,75,0,454.225014409477,75.000000000000,39.000000000000,2.435146658465,df2b8a79f3b5e71a,8d15af1f9d36efa1,b0f9c95060ef44ce,200,119,59.500000,297.831933,275.595546,1.000000,4.100000,340.289551,3.830000,347.119590,4.235294,3.307540,0.000000,0.523629,0.734748,0.373134,0.305785,300,2256,2256,32.000000,0,0,16,16,107,107,8,0,554.000000,504,0,0,94,106,0,94,13,9,4,0,13,4,4,4,0,0,0,0,0,81,0,81,81,81,0,0,0,0
1046,14000075,75,0,349.907126456228,175.000000000000,43.000000000000,2.469457872963,8c23aab60bbcd68e,8d15af1f9d36efa1,3e9e4f6befdd0d,200,200,100.000000,301.310000,330.443160,1.000000,5.100000,386.227726,2.990476,382.610750,5.100000,3.005882,0.000000,0.289694,0.675325,0.227273,0.076087,300,2192,2192,32.000000,0,0,16,16,40,40,4,0,416.000000,1020,0,0,20,180,0,20,20,18,2,0,20,2,2,2,0,0,0,0,0,0,0,0,0,0,0,0,0,0
1047,14000076,75,0,177.398358798342,325.000000000000,40.000000000000,2.622102915258,1a10e6cc395eb574,8d15af1f9d36efa1,9aed7f00c5b92140,200,177,88.500000,190.610169,188.088899,1.000000,2.800000,210.219828,3.641190,215.123790,2.898305,3.438596,0.000000,0.466181,0.691358,0.369004,0.184420,300,2112,2112,32.000000,0,0,16,16,57,57,2,0,448.000000,513,0,0,40,160,0,40,17,16,1,0,17,1,1,1,0,0,0,0,0,23,0,23,23,23,0,0,0,0
1048,14000077,75,0,460.095074645645,175.000000000000,65.000000000000,1.587153946852,7bf1d12f42d94491,8d15af1f9d36efa1,61a623cc7751c386,200,142,71.000000,251.915493,262.442600,0.800000,3.400000,322.915192,4.539583,309.148656,4.246479,3.640133,0.000000,0.457246,0.717514,0.332226,0.225931,300,2592,2592,32.000000,0,0,16,16,86,86,4,0,508.000000,603,0,0,72,128,0,72,14,12,2,0,14,2,2,2,0,0,0,0,0,58,40,18,58,58,0,0,0,0
1049,14000078,75,0,18.592528569505,175.000000000000,59.000000000000,2.411829082331,808d755c8b1dfe55,8d15af1f9d36efa1,37737b300a8422ca,200,169,84.500000,242.621302,250.946211,1.000000,3.700000,303.053989,4.482619,278.362096,3.715976,3.869427,0.000000,0.431159,0.704142,0.323276,0.186528,300,2352,2352,32.000000,0,0,16,16,69,69,6,0,476.000000,628,0,0,50,150,0,50,19,16,3,0,19,3,3,3,0,0,0,0,0,31,0,31,31,31,0,0,0,0
1050,14000079,75,0,372.116428777598,325.000000000000,40.000000000000,2.625063010329,8db6a5ca15b24cbf,8d15af1f9d36efa1,af5b8f6d43f5ca28,200,195,97.500000,344.394872,299.554712,1.000000,5.200000,438.886486,3.757619,425.279108,5.230769,3.313725,0.000000,0.299931,0.686028,0.227273,0.094139,300,2192,2192,31.000000,0,0,16,15,45,45,16,0,437.000000,1020,0,0,25,175,0,25,20,12,8,0,20,8,8,8,0,0,0,0,0,5,0,5,5,5,0,0,0,0
1051,14000080,75,0,83.954619615347,75.000000000000,38.000000000000,2.420471139436,6bfce9accf80e759,8d15af1f9d36efa1,3debfeee97e394e2,200,118,59.000000,235.864407,276.422445,1.000000,4.000000,313.056129,3.097857,272.177952,3.576271,2.964455,0.000000,0.568507,0.735450,0.415512,0.346749,300,2272,2272,32.000000,0,0,16,16,108,108,8,4,556.000000,422,0,0,94,106,0,94,12,8,4,0,12,4,4,4,0,0,0,0,0,82,0,82,82,82,0,0,0,0
1052,14000081,75,0,163.344246008876,325.000000000000,43.000000000000,2.751371107708,74738338e732ee33,8d15af1f9d36efa1,9b2e0c00c5eff4cc,200,186,93.000000,249.053763,234.285946,1.000000,4.100000,322.948802,3.592500,304.465998,4.064516,3.392857,0.000000,0.366834,0.686520,0.284091,0.122970,300,2208,2208,32.000000,0,0,16,16,50,50,6,0,438.000000,756,0,0,32,168,0,32,18,15,3,0,18,3,3,3,0,0,0,0,0,14,0,14,14,14,0,0,0,0
1053,14000082,75,0,173.460755659726,425.000000000000,30.000000000000,2.541177938626,3da85b5094a97d1b,8d15af1f9d36efa1,92c5aa40eb7e6aae,200,118,59.000000,260.152542,278.220197,1.000000,4.100000,329.421166,3.898333,296.302441,3.932203,3.215517,0.000000,0.543307,0.734043,0.392670,0.321637,300,2536,2536,32.000000,0,0,16,16,106,106,8,0,552.000000,464,0,0,94,106,0,94,12,8,4,0,12,4,4,4,0,0,0,0,0,82,0,82,82,82,0,0,0,0
1054,14000083,75,0,263.920091308257,325.000000000000,41.000000000000,1.979440097327,72f3c18e424ccf43,8d15af1f9d36efa1,14d29597a54de382,200,200,100.000000,222.145000,181.592875,1.000000,3.200000,255.537681,2.911905,261.687472,3.265000,2.857580,0.000000,0.388004,0.674267,0.314795,0.111565,300,2112,2112,32.000000,0,0,16,16,40,40,2,0,414.000000,653,0,0,20,180,0,20,20,19,1,0,20,1,1,1,0,0,0,0,0,0,0,0,0,0,0,0,0,0
1055,14000084,75,0,385.586298589460,175.000000000000,54.000000000000,2.561990254797,b28dfcfc13107395,8d15af1f9d36efa1,dfeeb5d2821fc7a6,200,171,85.500000,211.140351,219.617715,0.900000,2.700000,248.902499,3.674074,246.293710,3.099415,3.533962,0.000000,0.449064,0.683544,0.361446,0.158730,300,2328,2328,32.000000,0,0,16,16,46,46,8,0,432.000000,530,0,0,28,154,0,28,18,14,4,0,18,4,4,3,1,0,0,0,0,10,20,9,29,11,18,0,0,0
1056,14000085,75,0,125.612417787388,425.000000000000,29.000000000000,2.738888095225,552138ce6c3a8e6d,8d15af1f9d36efa1,b0bfb853d517d401,200,182,91.000000,339.813187,264.022122,1.000000,5.100000,394.982526,3.655357,420.971502,5.208791,3.245781,0.000000,0.324786,0.695122,0.240385,0.115672,300,2312,2312,32.000000,0,0,16,16,54,54,16,0,456.000000,948,0,0,36,164,0,36,18,10,8,0,18,8,8,8,0,0,0,0,0,18,0,18,18,18,0,0,0,0
1057,14000086,75,0,169.845148025891,175.000000000000,56.000000000000,1.688934443463,93984735de17b4fe,8d15af1f9d36efa1,f3dac259bafd8075,200,200,100.000000,311.760000,297.453587,1.000000,4.900000,398.947024,3.706667,394.591469,4.965000,3.607251,0.000000,0.297240,0.677419,0.232019,0.081406,300,2232,2232,32.000000,0,0,16,16,41,41,6,2,420.000000,993,0,0,20,180,0,20,20,17,3,0,20,3,3,3,0,0,0,0,0,0,0,0,0,0,0,0,0,0
1058,14000087,75,0,203.356778628314,75.000000000000,21.000000000000,2.423113357915,7b76a4a1f8f12a50,8d15af1f9d36efa1,843f4c13466488cb,200,122,61.000000,295.631148,253.358325,1.000000,3.300000,284.757152,4.278333,352.578109,4.229508,3.521318,0.000000,0.513208,0.731183,0.367647,0.291209,300,2480,2480,32.000000,0,0,16,16,100,100,12,0,544.000000,516,0,0,89,111,0,89,11,5,6,0,11,6,6,6,0,0,0,0,0,78,0,78,78,78,0,0,0,0
1059,14000088,75,0,32.013266575080,325.000000000000,60.000000000000,2.608586705196,17147857e11f6127,8d15af1f9d36efa1,37daff79b8cc8adf,200,196,98.000000,294.418367,275.152274,1.000000,4.100000,342.695194,4.172381,355.019389,4.306122,3.592417,0.000000,0.339593,0.684543,0.262238,0.107822,300,2360,2360,32.000000,0,0,16,16,45,45,12,2,434.000000,844,0,0,24,176,0,24,20,14,6,0,20,6,6,6,0,0,0,0,0,4,0,4,4,4,0,0,0,0
1060,14000089,75,0,350.312885964753,75.000000000000,34.000000000000,2.151880743372,bcebae1b1893c832,8d15af1f9d36efa1,8ede5a6b76ee4102,200,175,87.500000,236.457143,229.525964,1.000000,3.600000,273.919584,3.513333,271.786090,3.617143,3.330174,0.000000,0.421918,0.697885,0.321543,0.170380,300,2128,2128,32.000000,0,0,16,16,62,62,6,2,462.000000,633,0,0,43,157,0,43,18,15,3,0,18,3,3,3,0,0,0,0,0,25,0,25,25,25,0,0,0,0
1061,14000090,75,0,477.969239340464,75.000000000000,50.000000000000,1.736591322645,5535336a11607167,8d15af1f9d36efa1,bb9c6db0cc371267,200,147,73.500000,324.571429,291.776338,1.000000,4.300000,356.547162,3.191667,356.970102,4.448980,3.175841,0.000000,0.459504,0.735450,0.314465,0.255125,300,2144,2144,32.000000,0,0,16,16,105,105,14,36,556.000000,654,0,0,70,130,0,70,17,10,7,0,17,7,7,7,0,0,0,0,0,53,0,53,53,53,0,0,0,0
1062,14000091,75,0,195.495744544922,75.000000000000,33.000000000000,2.205392877130,3a129bec772ed3e6,8d15af1f9d36efa1,8fbcbf3f0e71daa6,200,137,68.500000,337.423358,334.517262,1.000000,5.300000,428.906736,3.858333,406.055742,5.291971,3.382069,0.000000,0.420464,0.724518,0.292683,0.211099,300,2560,2560,32.000000,0,0,16,16,94,94,6,2,526.000000,725,0,0,78,122,0,78,15,12,3,0,15,3,3,3,0,0,0,0,0,63,0,63,63,63,0,0,0,0
1063,14000092,75,0,146.812932075193,75.000000000000,47.000000000000,2.141898031646,60036a6d5114bbf0,8d15af1f9d36efa1,ed9873508343d57b,200,172,86.000000,139.645349,155.633686,1.000000,2.600000,183.964081,3.066667,147.183358,2.220930,2.965969,0.000000,0.546318,0.696970,0.439883,0.250980,300,2120,2120,32.000000,0,0,16,16,64,64,0,0,460.000000,382,0,0,46,154,0,46,18,18,0,0,18,0,0,0,0,0,0,0,0,28,0,28,28,28,0,0,0,0
1064,14000093,75,0,187.559579805558,325.000000000000,40.000000000000,2.615659639658,e04bd880ad24dd3e,8d15af1f9d36efa1,e10b2636d5c0e56b,200,184,92.000000,314.201087,295.256459,1.000000,4.400000,357.387623,3.922381,392.143260,4.869565,3.169643,0.000000,0.336296,0.694190,0.250836,0.119843,300,2336,2336,32.000000,0,0,16,16,56,56,10,8,454.000000,896,0,0,34,166,0,34,18,13,5,0,18,5,5,5,0,0,0,0,0,16,0,16,16,16,0,0,0,0
1065,14000094,75,0,326.225097344763,75.000000000000,31.000000000000,2.264747044995,e9658c2a3065b798,8d15af1f9d36efa1,88469d48ac2bc19c,200,123,61.500000,223.479675,247.575089,1.000000,4.300000,334.021844,2.883333,252.612613,3.349593,3.317961,0.000000,0.568134,0.730458,0.421348,0.337621,300,2104,2104,32.000000,0,0,16,16,101,101,8,0,542.000000,412,0,0,89,111,0,89,12,8,4,0,12,4,4,4,0,0,0,0,0,77,0,77,77,77,0,0,0,0
1066,14000095,75,0,478.371345571524,425.000000000000,53.000000000000,2.174404839442,77bc82d81a8a5187,8d15af1f9d36efa1,328968fe46b5742,200,163,81.500000,300.730061,288.909694,1.000000,4.200000,339.896591,3.861667,364.217282,4.539877,3.670270,0.000000,0.398374,0.710145,0.288462,0.175947,300,2184,2184,32.000000,0,0,16,16,73,73,12,0,490.000000,740,0,0,55,145,0,55,18,12,6,0,18,6,6,6,0,0,0,0,0,37,0,37,37,37,0,0,0,0
1067,14000096,75,0,454.898620183118,75.000000000000,40.000000000000,2.804760333925,a2760bd3e534739b,8d15af1f9d36efa1,443347aa433fb088,200,162,81.000000,319.938272,314.379069,1.000000,4.500000,365.301286,4.268810,378.196208,4.759259,3.811933,0.000000,0.388580,0.710145,0.280112,0.170075,300,2728,2728,32.000000,0,0,16,16,70,70,18,0,490.000000,771,0,0,54,146,0,54,16,7,9,0,16,9,9,9,0,0,0,0,0,38,0,38,38,38,0,0,0,0
1068,14000097,75,0,413.284357309570,325.000000000000,68.000000000000,1.596518557773,1bd30b6e39af7ea6,8d15af1f9d36efa1,82fb741e1cab8fa8,200,177,88.500000,126.954802,117.102882,1.000000,1.600000,122.903648,3.383333,123.615515,1.604520,3.415493,0.000000,0.614130,0.693252,0.513699,0.297030,300,2328,2328,32.000000,0,0,16,16,59,59,2,0,452.000000,284,0,0,41,159,0,41,18,17,1,0,18,1,1,1,0,0,0,0,0,23,0,23,23,23,0,0,0,0
1069,14000098,75,0,428.939681423297,425.000000000000,42.000000000000,2.687686151603,129bc9b434997516,8d15af1f9d36efa1,fd697d86fe67c8d3,200,133,66.500000,396.300752,377.205060,1.000000,5.900000,455.927061,3.126786,486.677566,6.488722,2.848204,0.000000,0.388377,0.732620,0.257954,0.200185,300,2192,2192,32.000000,0,0,16,16,95,95,26,0,548.000000,863,0,0,81,119,0,81,14,1,13,0,14,13,13,13,0,0,0,0,0,67,0,67,67,67,0,0,0,0
1070,14000099,75,0,321.322047314360,425.000000000000,39.000000000000,2.035885679165,76fd469a850cf682,8d15af1f9d36efa1,e9d0ac4ff025bb74,200,152,76.000000,252.059211,256.864744,1.000000,4.000000,323.511416,3.293333,298.061681,3.967105,3.255390,0.000000,0.449315,0.710983,0.332226,0.209699,300,2120,2120,32.000000,0,0,16,16,77,77,6,2,492.000000,603,0,0,62,138,0,62,14,11,3,0,14,3,3,3,0,0,0,0,0,48,0,48,48,48,0,0,0,0
1071,14000100,75,0,151.683550207008,175.000000000000,37.000000000000,2.628777689348,1c93e19a0f546123,8d15af1f9d36efa1,2bc087e95d4bb4e4,200,195,97.500000,256.405128,270.176660,1.000000,4.100000,321.646053,4.091667,318.415475,4.169231,3.637146,0.000000,0.342765,0.679487,0.269542,0.101657,300,2416,2416,32.000000,0,0,16,16,45,45,2,0,424.000000,813,0,0,25,175,0,25,20,19,1,0,20,1,1,1,0,0,0,0,0,5,0,5,5,5,0,0,0,0
1072,14000101,75,0,173.643014089858,425.000000000000,32.000000000000,2.376500790471,ec0d2c07c87ece92,8d15af1f9d36efa1,c1b728506a401d9b,200,136,68.000000,180.705882,196.530619,1.000000,2.900000,215.883714,4.636667,189.305816,2.573529,4.314286,0.000000,0.598163,0.722607,0.461538,0.351852,300,2664,2664,31.000000,0,0,16,15,94,94,2,0,521.000000,350,0,0,79,121,0,79,15,14,1,0,15,1,1,1,0,0,0,0,0,64,0,64,64,64,0,0,0,0
1073,14000102,75,0,225.022258622780,425.000000000000,29.000000000000,1.764586665958,56f5279dffba78d1,8d15af1f9d36efa1,9ae38200c5b0d1d4,200,173,86.500000,261.682081,298.658235,1.000000,4.600000,354.432424,4.304167,319.529419,4.300578,3.857527,0.000000,0.382060,0.696970,0.287356,0.146789,300,2360,2360,32.000000,0,0,16,16,61,61,6,0,460.000000,744,0,0,44,156,0,44,17,14,3,0,17,3,3,3,0,0,0,0,0,27,0,27,27,27,0,0,0,0
1074,14000103,75,0,474.057100981416,175.000000000000,66.000000000000,2.045638670070,5e819b4737b97913,8d15af1f9d36efa1,ffa0a14b12c4d94,200,145,72.500000,273.724138,273.736864,0.900000,3.700000,314.070740,3.974868,313.752513,4.165517,3.738411,0.000000,0.446886,0.709302,0.331858,0.205263,300,2312,2312,32.000000,0,0,16,16,76,76,4,6,488.000000,604,0,0,54,127,0,54,19,17,2,0,19,2,2,1,1,0,0,0,0,35,20,35,55,36,19,0,0,0
1075,14000104,75,0,88.112286019920,325.000000000000,58.000000000000,2.426910241309,e33f63d1fb708133,8d15af1f9d36efa1,8952913721808e83,200,162,81.000000,290.500000,271.574998,1.000000,5.000000,388.473672,3.836429,360.196747,4.808642,3.504493,0.000000,0.380763,0.705449,0.278035,0.159655,300,2464,2464,31.000000,0,0,16,15,68,68,12,0,479.000000,779,0,0,53,147,0,53,15,9,6,0,15,6,6,6,0,0,0,0,0,38,0,38,38,38,0,0,0,0
1076,14000105,75,0,480.859899347049,175.000000000000,63.000000000000,2.945705759488,35cb7594dd1457cd,8d15af1f9d36efa1,86436a51958c0618,200,188,94.000000,227.803191,230.644739,1.000000,3.400000,263.792859,3.911667,262.463108,3.452128,4.130971,0.000000,0.404040,0.687500,0.316122,0.142668,300,2720,2720,32.000000,0,0,16,16,52,52,4,0,440.000000,649,0,0,32,168,0,32,20,18,2,0,20,2,2,2,0,0,0,0,0,12,0,12,12,12,0,0,0,0
1077,14000106,75,0,89.544231229386,175.000000000000,50.000000000000,2.401180613069,df3777ab50c09e7a,8d15af1f9d36efa1,7e09602c86633d2a,200,193,96.500000,234.051813,197.262970,1.000000,3.500000,265.119504,2.734524,263.970079,3.554404,2.590379,0.000000,0.387500,0.684543,0.304260,0.129442,300,2064,2064,32.000000,0,0,16,16,47,47,8,4,434.000000,686,0,0,26,174,0,26,19,15,4,0,19,4,4,4,0,0,0,0,0,7,0,7,7,7,0,0,0,0
1078,14000107,75,0,454.707133251706,325.000000000000,62.000000000000,1.821075211018,e16fcf723c794b87,8d15af1f9d36efa1,48e5ce5025f210ef,200,178,89.000000,256.938202,275.957301,1.000000,4.100000,307.883554,4.191548,306.094409,4.134831,3.442935,0.000000,0.382550,0.695122,0.289575,0.144186,300,2560,2560,32.000000,0,0,16,16,56,56,12,0,456.000000,736,0,0,39,161,0,39,17,11,6,0,17,6,6,6,0,0,0,0,0,22,0,22,22,22,0,0,0,0
1079,14000108,75,0,357.496777809365,425.000000000000,45.000000000000,1.869867364655,96945b04bd265306,8d15af1f9d36efa1,9b3ba900c5fb89ef,200,118,59.000000,166.533898,194.241250,0.800000,2.300000,201.411284,2.709821,161.042455,2.389831,2.989362,0.000000,0.650124,0.723757,0.515464,0.405063,300,2144,2144,32.000000,0,0,16,16,92,92,8,0,524.000000,282,0,0,77,104,0,77,15,11,4,0,15,4,4,3,1,0,0,0,0,62,40,42,82,63,19,0,0,0
1080,14000109,75,0,448.881469792054,425.000000000000,50.000000000000,2.117670119936,73c3a526338cbe6f,8d15af1f9d36efa1,a87584505c26be22,200,152,76.000000,233.947368,209.645983,1.000000,3.100000,240.738514,4.294048,255.070643,3.269737,3.949698,0.000000,0.507433,0.719101,0.376412,0.265879,300,2552,2552,32.000000,0,0,16,16,84,84,12,0,512.000000,497,0,0,66,134,0,66,18,12,6,0,18,6,6,6,0,0,0,0,0,48,0,48,48,48,0,0,0,0
1081,14000110,75,0,48.408759571864,175.000000000000,59.000000000000,2.272459658753,8ec8db8c8cce1ac7,8d15af1f9d36efa1,bfbe409b2474f332,200,189,94.500000,270.026455,268.962104,1.000000,3.900000,316.668010,4.523333,305.790844,3.968254,4.006667,0.000000,0.375000,0.692308,0.285714,0.135945,300,2344,2344,32.000000,0,0,16,16,51,51,16,0,450.000000,750,0,0,31,169,0,31,20,12,8,0,20,8,8,8,0,0,0,0,0,11,0,11,11,11,0,0,0,0
1082,14000111,75,0,203.812102060079,425.000000000000,37.000000000000,1.725324033089,bec3572d295d857f,8d15af1f9d36efa1,49cba1a76f813b26,200,114,57.000000,289.491228,267.384366,0.900000,3.200000,278.812964,3.120370,333.083744,4.087719,3.137339,0.000000,0.534000,0.727520,0.391645,0.302395,300,2160,2160,32.000000,0,0,16,16,94,94,14,0,534.000000,466,0,0,80,101,0,80,14,7,7,0,14,7,7,6,1,0,0,0,0,66,20,66,86,67,19,0,0,0
1083,14000112,75,0,461.327269580718,175.000000000000,64.000000000000,2.513386855857,35abcc6efdfabbed,8d15af1f9d36efa1,2fac3bc60b2335d4,200,152,76.000000,286.769737,274.760376,0.900000,3.600000,315.734404,4.653439,340.877380,4.243421,4.835659,0.000000,0.422560,0.702381,0.317460,0.178344,300,2776,2776,32.000000,0,0,16,16,65,65,10,2,472.000000,645,0,0,46,135,0,46,18,13,5,0,18,5,5,4,1,0,0,0,0,28,20,28,48,29,19,0,0,0
1084,14000113,75,0,22.949328970383,325.000000000000,63.000000000000,2.057954670073,2448584240a18d2,8d15af1f9d36efa1,bd88065206173b21,200,190,95.000000,357.047368,364.979928,1.000000,5.500000,428.535164,3.914167,446.092981,5.842105,3.324324,0.000000,0.285714,0.689441,0.212766,0.091653,300,2368,2368,32.000000,0,0,16,16,48,48,16,0,444.000000,1110,0,0,29,171,0,29,19,11,8,0,19,8,8,8,0,0,0,0,0,10,0,10,10,10,0,0,0,0
1085,14000114,75,0,489.221162421113,175.000000000000,55.000000000000,2.875638113151,a248303ef0a2d7dd,8d15af1f9d36efa1,a78468505b5a0bed,200,192,96.000000,341.359375,291.610886,1.000000,4.700000,376.926790,3.722381,417.264036,5.088542,3.749232,0.000000,0.311487,0.688474,0.234926,0.101196,300,2144,2144,32.000000,0,0,16,16,49,49,12,6,442.000000,977,0,0,27,173,0,27,19,13,6,0,19,6,6,6,0,0,0,0,0,8,0,8,8,8,0,0,0,0
1086,14000115,75,0,327.905209133425,425.000000000000,37.000000000000,1.843445319007,90cff143a8f858a4,8d15af1f9d36efa1,bc34172ab3c8281d,200,159,79.500000,229.333333,239.050083,1.000000,3.500000,269.210166,4.091429,272.457469,3.572327,3.589789,0.000000,0.463138,0.710145,0.345622,0.217631,300,2280,2280,32.000000,0,0,16,16,73,73,12,0,490.000000,568,0,0,57,143,0,57,16,10,6,0,16,6,6,6,0,0,0,0,0,41,0,41,41,41,0,0,0,0
1087,14000116,75,0,338.157101013401,425.000000000000,41.000000000000,1.918199150101,547bb1a5f977d369,8d15af1f9d36efa1,7bc0ba7906f70d23,200,146,73.000000,229.191781,232.923349,1.000000,3.700000,289.692348,3.641190,261.927986,3.486301,3.506876,0.000000,0.498522,0.716714,0.370828,0.254758,300,2376,2376,32.000000,0,0,16,16,85,85,4,2,506.000000,509,0,0,69,131,0,69,15,13,2,0,15,2,2,2,0,0,0,0,0,54,0,54,54,54,0,0,0,0
1088,14000117,75,0,374.637247873053,175.000000000000,49.000000000000,2.435346140648,3719fea5dffcb039,8d15af1f9d36efa1,82ae0137b6f598dd,200,194,97.000000,264.670103,280.633849,1.000000,4.100000,327.823539,3.980476,324.919586,4.072165,3.834177,0.000000,0.349259,0.679487,0.275229,0.104308,300,2336,2336,32.000000,0,0,16,16,46,46,0,0,424.000000,790,0,0,26,174,0,26,20,20,0,0,20,0,0,0,0,0,0,0,0,6,0,6,6,6,0,0,0,0
1089,14000118,75,0,420.366016580076,175.000000000000,59.000000000000,2.287703012730,dec635d2bbc6b6ab,8d15af1f9d36efa1,b7a76925392b4c70,200,193,96.500000,257.652850,265.337035,1.000000,4.100000,323.133766,3.800952,319.150951,4.088083,3.425856,0.000000,0.351684,0.681529,0.275482,0.108475,300,2360,2360,32.000000,0,0,16,16,47,47,2,0,428.000000,789,0,0,27,173,0,27,20,19,1,0,20,1,1,1,0,0,0,0,0,7,0,7,7,7,0,0,0,0
1090,14000119,75,0,305.682076131418,425.000000000000,32.000000000000,1.573585037834,1c484cb857127f96,8d15af1f9d36efa1,a59b3244470c5058,200,165,82.500000,242.981818,208.480214,1.000000,3.900000,296.318208,3.771667,286.226230,3.818182,3.915873,0.000000,0.431408,0.705015,0.322581,0.188144,300,2192,2192,32.000000,0,0,16,16,69,69,8,0,478.000000,630,0,0,52,148,0,52,17,13,4,0,17,4,4,4,0,0,0,0,0,35,0,35,35,35,0,0,0,0
1091,14000120,75,0,119.849949548494,175.000000000000,53.000000000000,2.358964886505,6ab7e327cf8eb073,8d15af1f9d36efa1,35dd07bb646ab153,200,192,96.000000,302.255208,327.662657,1.000000,4.700000,385.169215,4.057143,380.965705,4.744792,3.671789,0.000000,0.321668,0.683544,0.247729,0.098912,300,2280,2280,32.000000,0,0,16,16,48,48,4,0,432.000000,911,0,0,28,172,0,28,20,18,2,0,20,2,2,2,0,0,0,0,0,8,0,8,8,8,0,0,0,0
1092,14000121,75,0,403.868603217969,75.000000000000,54.000000000000,1.571690437201,902e502b27269ffa,8d15af1f9d36efa1,2f9f2ea8fc6e46c9,200,156,78.000000,270.544872,277.809500,1.000000,3.900000,323.210687,4.173333,310.658812,4.102564,3.867188,0.000000,0.438596,0.714286,0.319149,0.207921,300,2256,2256,32.000000,0,0,16,16,74,74,20,0,500.000000,640,0,0,59,141,0,59,15,5,10,0,15,10,10,10,0,0,0,0,0,44,0,44,44,44,0,0,0,0
1093,14000122,75,0,461.245089710417,425.000000000000,48.000000000000,2.344303986654,1b6e0e91c79e46b4,8d15af1f9d36efa1,a3f1693637889788,200,138,69.000000,280.369565,261.183681,1.000000,4.400000,335.076579,3.340238,328.398134,4.202899,2.979310,0.000000,0.471767,0.721448,0.340909,0.242820,300,2240,2240,32.000000,0,0,16,16,89,89,8,2,518.000000,580,0,0,75,125,0,75,13,9,4,0,13,4,4,4,0,0,0,0,0,62,0,62,62,62,0,0,0,0
1094,14000123,75,0,446.435112587050,325.000000000000,64.000000000000,2.143347241185,a9e6978c3235c568,8d15af1f9d36efa1,2628d136817b9b54,200,178,89.000000,181.325843,163.151866,1.000000,2.500000,189.304832,3.685714,194.974145,2.646067,3.524416,0.000000,0.493003,0.696049,0.389105,0.211055,300,2312,2312,32.000000,0,0,16,16,61,61,4,2,458.000000,471,0,0,41,159,0,41,19,17,2,0,19,2,2,2,0,0,0,0,0,22,0,22,22,22,0,0,0,0
1095,14000124,75,0,162.269375417057,75.000000000000,40.000000000000,1.877106001146,7394d1909754b617,8d15af1f9d36efa1,84cb180d6fdc0817,200,144,72.000000,291.270833,306.605210,1.000000,4.100000,348.883474,4.018571,351.290163,4.312500,3.689211,0.000000,0.450928,0.718310,0.325733,0.222778,300,2288,2288,32.000000,0,0,16,16,82,82,14,0,510.000000,621,0,0,69,131,0,69,13,6,7,0,13,7,7,7,0,0,0,0,0,56,0,56,56,56,0,0,0,0
1096,14000125,75,0,408.944762715671,75.000000000000,37.000000000000,2.648885908740,7a50a1222294b0b6,8d15af1f9d36efa1,6f71161d71bb58e3,200,119,59.500000,225.201681,199.999590,1.000000,3.100000,230.420187,3.783333,255.714150,3.478992,3.089372,0.000000,0.569647,0.732620,0.420168,0.342857,300,2448,2448,32.000000,0,0,16,16,106,106,4,2,548.000000,414,0,0,93,107,0,93,12,10,2,0,12,2,2,2,0,0,0,0,0,81,0,81,81,81,0,0,0,0
1097,14000126,75,0,141.994202262139,175.000000000000,64.000000000000,1.573102563797,e7fb40149df71c0b,8d15af1f9d36efa1,26cd18170b002fd8,200,197,98.500000,301.974619,252.295678,1.000000,4.700000,373.164884,4.088571,378.166733,4.705584,3.763754,0.000000,0.315867,0.681529,0.244499,0.093842,300,2432,2432,32.000000,0,0,16,16,43,43,10,0,428.000000,927,0,0,23,177,0,23,20,15,5,0,20,5,5,5,0,0,0,0,0,3,0,3,3,3,0,0,0,0
1098,14000127,75,0,337.577812532942,425.000000000000,40.000000000000,2.200830461052,e46e48c6d9c23620,8d15af1f9d36efa1,650d6750251538b3,200,143,71.500000,337.496503,327.266667,1.000000,4.900000,412.737067,3.991667,396.160752,5.132867,3.544959,0.000000,0.415605,0.722992,0.290135,0.205628,300,2320,2320,32.000000,0,0,16,16,91,91,8,4,522.000000,734,0,0,73,127,0,73,16,12,4,0,16,4,4,4,0,0,0,0,0,57,0,57,57,57,0,0,0,0
1099,14000128,75,0,58.621397308740,175.000000000000,62.000000000000,1.988884758374,66475b10e366e3bc,8d15af1f9d36efa1,e359031a91df05aa,200,168,84.000000,268.380952,284.754058,1.000000,3.900000,314.033252,3.376667,322.076914,4.065476,3.144949,0.000000,0.411714,0.705015,0.305188,0.176116,300,2104,2104,32.000000,0,0,16,16,72,72,2,0,478.000000,683,0,0,52,148,0,52,20,19,1,0,20,1,1,1,0,0,0,0,0,32,0,32,32,32,0,0,0,0
1100,14000129,75,0,27.594234656186,175.000000000000,59.000000000000,2.506376575533,813364c0de7bd994,8d15af1f9d36efa1,f5f33d4a94ab2db4,200,193,96.500000,302.844560,295.830489,1.000000,4.700000,367.136488,3.837500,378.669089,4.823834,3.744361,0.000000,0.315944,0.682540,0.243704,0.095238,300,2184,2184,32.000000,0,0,16,16,47,47,4,0,430.000000,931,0,0,27,173,0,27,20,18,2,0,20,2,2,2,0,0,0,0,0,7,0,7,7,7,0,0,0,0
1101,14000130,75,0,318.274087542331,75.000000000000,41.000000000000,1.774394286145,c78266e43446c199,8d15af1f9d36efa1,d8be394fe68c80ac,200,156,78.000000,301.711538,307.973069,1.000000,4.700000,380.606675,4.105714,370.183851,4.717949,3.490489,0.000000,0.398693,0.709302,0.289575,0.174888,300,2216,2216,32.000000,0,0,16,16,74,74,8,0,488.000000,736,0,0,59,141,0,59,15,11,4,0,15,4,4,4,0,0,0,0,0,44,0,44,44,44,0,0,0,0
1102,14000131,75,0,331.475090679536,75.000000000000,31.000000000000,2.663410692779,d7074f62b1ea57a9,8d15af1f9d36efa1,240c4beb2c86065c,200,136,68.000000,280.970588,262.437155,1.000000,4.000000,314.150524,3.028333,346.178270,4.404412,3.252087,0.000000,0.461815,0.719888,0.333704,0.233035,300,2176,2176,32.000000,0,0,16,16,88,88,6,0,514.000000,599,0,0,76,124,0,76,12,9,3,0,12,3,3,3,0,0,0,0,0,64,0,64,64,64,0,0,0,0
1103,14000132,75,0,358.575763336375,75.000000000000,39.000000000000,2.483996912881,a1c35b303b266813,8d15af1f9d36efa1,9cb49faaf9590a8e,200,170,85.000000,270.682353,250.863879,1.000000,4.000000,332.390481,3.053333,326.766871,4.017647,3.137628,0.000000,0.405570,0.699700,0.305188,0.164015,300,2216,2216,32.000000,0,0,16,16,64,64,6,0,466.000000,683,0,0,47,153,0,47,17,14,3,0,17,3,3,3,0,0,0,0,0,30,0,30,30,30,0,0,0,0
1104,14000133,75,0,63.902539699683,425.000000000000,40.000000000000,2.524192401057,cd320212cc2cdb98,8d15af1f9d36efa1,fe59d9366be26b79,200,180,90.000000,273.366667,243.826707,1.000000,3.400000,275.890239,4.508095,304.440274,3.705556,4.260870,0.000000,0.412852,0.701046,0.310238,0.171429,300,2544,2544,31.000000,0,0,16,15,56,56,26,0,469.000000,667,0,0,38,162,0,38,18,5,13,0,18,13,13,13,0,0,0,0,0,20,0,20,20,20,0,0,0,0
1105,14000134,75,0,433.759043021142,175.000000000000,44.000000000000,2.976030192818,afbdeaa42313d8d1,8d15af1f9d36efa1,70684447af8f1384,200,181,90.500000,276.425414,271.608392,1.000000,4.300000,334.962552,3.830952,332.903368,4.370166,3.787611,0.000000,0.364659,0.694190,0.274977,0.133625,300,2216,2216,32.000000,0,0,16,16,57,57,8,0,454.000000,791,0,0,38,162,0,38,19,15,4,0,19,4,4,4,0,0,0,0,0,19,0,19,19,19,0,0,0,0
1106,14000135,75,0,57.308359559277,175.000000000000,43.000000000000,2.967959912005,d3ad9956f537721d,8d15af1f9d36efa1,3b2da45aebe675a1,200,199,99.500000,360.472362,288.015739,1.000000,5.500000,458.069916,3.903611,457.158003,5.522613,3.707916,0.000000,0.281230,0.682540,0.214439,0.081871,300,2464,2464,32.000000,0,0,16,16,41,41,16,0,430.000000,1099,0,0,21,179,0,21,20,12,8,0,20,8,8,8,0,0,0,0,0,1,0,1,1,1,0,0,0,0
1107,14000136,75,0,35.673758311945,325.000000000000,62.000000000000,1.795808881063,ec37ee8ccd4b6e98,8d15af1f9d36efa1,54c1b8cd0ea7cc8b,200,171,85.500000,277.350877,250.787697,1.000000,3.900000,303.442830,3.885000,308.118615,3.953216,3.178994,0.000000,0.410122,0.701493,0.307377,0.169533,300,2368,2368,32.000000,0,0,16,16,67,67,4,8,470.000000,676,0,0,46,154,0,46,17,15,2,0,17,2,2,2,0,0,0,0,0,29,0,29,29,29,0,0,0,0
1108,14000137,75,0,446.330124810600,175.000000000000,64.000000000000,1.636946648245,9872fd3d9f15b464,8d15af1f9d36efa1,b1fd6fd6e2a99897,200,175,87.500000,247.240000,260.391361,1.000000,3.500000,286.183721,4.563333,307.551573,3.674286,4.331260,0.000000,0.415985,0.696049,0.318134,0.163849,300,2640,2640,32.000000,0,0,16,16,61,61,4,0,458.000000,643,0,0,43,157,0,43,18,16,2,0,18,2,2,2,0,0,0,0,0,25,0,25,25,25,0,0,0,0
1109,14000138,75,0,367.405432236481,325.000000000000,47.000000000000,2.543450145428,5b235ac55cc1e9d1,8d15af1f9d36efa1,9bd80f4fc3fb13dc,200,184,92.000000,186.211957,184.169596,1.000000,3.000000,220.268875,3.198333,219.750565,2.934783,3.118519,0.000000,0.446721,0.685535,0.357143,0.161491,300,2240,2240,32.000000,0,0,16,16,52,52,0,0,436.000000,540,0,0,34,166,0,34,18,18,0,0,18,0,0,0,0,0,0,0,0,16,0,16,16,16,0,0,0,0
1110,14000139,75,0,197.588961879778,75.000000000000,29.000000000000,1.594098787870,17ba550e1b1dc8d1,8d15af1f9d36efa1,624478b5a833bc42,200,176,88.000000,321.312500,325.235372,1.000000,4.700000,378.384438,3.837619,382.839576,4.829545,3.545882,0.000000,0.356061,0.701493,0.260870,0.139676,300,2432,2432,32.000000,0,0,16,16,59,59,20,2,470.000000,850,0,0,41,159,0,41,17,7,10,0,17,10,10,10,0,0,0,0,0,24,0,24,24,24,0,0,0,0
1111,14000140,75,0,102.105399709045,325.000000000000,64.000000000000,1.708266310080,4ba14fe0168475dd,8d15af1f9d36efa1,ea8baf2239cd5354,200,199,99.500000,248.185930,230.129633,1.000000,4.100000,300.835485,3.410000,288.730386,4.095477,2.907975,0.000000,0.343272,0.680511,0.269058,0.103410,300,2256,2256,32.000000,0,0,16,16,41,41,12,0,426.000000,815,0,0,21,179,0,21,20,14,6,0,20,6,6,6,0,0,0,0,0,1,0,1,1,1,0,0,0,0
1112,14000141,75,0,89.220762792642,425.000000000000,31.000000000000,2.979309560097,45da55acb8a72098,8d15af1f9d36efa1,9aa2ac00c579823d,200,125,62.500000,292.688000,304.671791,1.000000,4.600000,354.107996,3.661429,336.824822,4.320000,3.259259,0.000000,0.502762,0.731903,0.357143,0.283820,300,2416,2416,32.000000,0,0,16,16,99,99,16,0,546.000000,540,0,0,87,113,0,87,12,4,8,0,12,8,8,8,0,0,0,0,0,75,0,75,75,75,0,0,0,0
1113,14000142,75,0,363.218946669683,75.000000000000,32.000000000000,2.795488487167,7364cee0bf21e1bd,8d15af1f9d36efa1,9a7408fd3a709173,200,158,79.000000,238.892405,220.152681,1.000000,3.500000,287.250733,3.911667,278.047146,3.544304,3.500000,0.000000,0.462572,0.706745,0.348837,0.211268,300,2408,2408,32.000000,0,0,16,16,71,71,8,2,482.000000,560,0,0,56,144,0,56,14,10,4,0,14,4,4,4,0,0,0,0,0,42,0,42,42,42,0,0,0,0
1114,14000143,75,0,103.729005895195,425.000000000000,41.000000000000,2.488591868885,40a7b6e09e14ec09,8d15af1f9d36efa1,d75caf663d7b1c0a,200,193,96.500000,266.502591,264.985147,1.000000,3.800000,304.918514,4.371667,323.421563,4.072539,4.069975,0.000000,0.354680,0.683544,0.276243,0.112867,300,2264,2264,32.000000,0,0,16,16,45,45,10,0,432.000000,786,0,0,26,174,0,26,19,14,5,0,19,5,5,5,0,0,0,0,0,7,0,7,7,7,0,0,0,0
1115,14000144,75,0,183.878934308881,425.000000000000,29.000000000000,2.515833014122,14f0d4a2a3d5885c,8d15af1f9d36efa1,ca136b0d2bd6429f,200,150,75.000000,242.113333,244.163101,1.000000,3.400000,295.752813,5.056667,282.773196,3.640000,4.439560,0.000000,0.478011,0.714286,0.354610,0.235294,300,2640,2640,32.000000,0,0,16,16,80,80,8,0,500.000000,546,0,0,65,135,0,65,15,11,4,0,15,4,4,4,0,0,0,0,0,50,0,50,50,50,0,0,0,0
1116,14000145,75,0,277.178764414714,425.000000000000,24.000000000000,2.294408551187,798706b626d17a30,8d15af1f9d36efa1,186b0bf322982fe7,200,139,69.500000,249.237410,244.664558,1.000000,3.800000,296.901449,3.070000,317.217425,4.287770,2.632550,0.000000,0.461121,0.718310,0.334821,0.229974,300,2360,2360,32.000000,0,0,16,16,87,87,4,0,510.000000,596,0,0,74,126,0,74,13,11,2,0,13,2,2,2,0,0,0,0,0,61,0,61,61,61,0,0,0,0
1117,14000146,75,0,148.678916183279,325.000000000000,42.000000000000,2.419817573726,e02825cff72fe290,8d15af1f9d36efa1,baa9f5003185ba1,200,200,100.000000,253.545000,255.323428,1.000000,3.700000,302.762276,3.998571,305.852164,3.800000,3.553947,0.000000,0.355932,0.677419,0.283019,0.103774,300,2240,2240,32.000000,0,0,16,16,40,40,8,0,420.000000,760,0,0,20,180,0,20,20,16,4,0,20,4,4,4,0,0,0,0,0,0,0,0,0,0,0,0,0,0
1118,14000147,75,0,322.661919484822,175.000000000000,57.000000000000,1.828924821690,909d7aa5c5fac44b,8d15af1f9d36efa1,1b7c37bd786fcd98,200,197,98.500000,259.177665,268.434065,1.000000,4.100000,322.520762,3.743333,325.289098,4.203046,3.335749,0.000000,0.336538,0.677419,0.265957,0.096070,300,2264,2264,32.000000,0,0,16,16,43,43,2,0,420.000000,828,0,0,23,177,0,23,20,19,1,0,20,1,1,1,0,0,0,0,0,3,0,3,3,3,0,0,0,0
1119,14000148,75,0,375.652708265521,75.000000000000,25.000000000000,2.897814339658,84e55670146fde78,8d15af1f9d36efa1,9b08cf00c5d070e8,200,132,66.000000,233.863636,254.452105,0.800000,3.200000,298.783516,4.200000,281.140480,3.787879,3.952000,0.000000,0.510763,0.722992,0.375000,0.275362,300,2552,2552,32.000000,0,0,16,16,90,90,10,0,522.000000,500,0,0,76,120,0,76,14,9,5,0,14,5,5,3,2,0,0,0,0,62,40,28,68,64,4,0,0,0
1120,14000149,75,0,245.152550794051,325.000000000000,45.000000000000,1.893085086744,5c8ed8f0dfd2c96b,8d15af1f9d36efa1,4dec3870a779dccd,200,200,100.000000,178.170000,172.443285,1.000000,2.600000,198.162139,3.740000,209.663936,2.670000,3.735955,0.000000,0.435518,0.673203,0.359712,0.130293,300,2552,2552,32.000000,0,0,16,16,40,40,0,0,412.000000,534,0,0,20,180,0,20,20,20,0,0,20,0,0,0,0,0,0,0,0,0,0,0,0,0,0,0,0,0
1121,14000150,75,0,353.147904810476,75.000000000000,29.000000000000,2.989904354597,4449c480c618ac42,8d15af1f9d36efa1,263a03effdc5c6ed,200,159,79.500000,299.075472,312.083141,1.000000,4.700000,361.318926,3.276429,352.145096,4.654088,2.871622,0.000000,0.398374,0.710145,0.288462,0.175947,300,2128,2128,32.000000,0,0,16,16,72,72,14,2,490.000000,740,0,0,56,144,0,56,15,8,7,0,15,7,7,7,0,0,0,0,0,41,0,41,41,41,0,0,0,0
1122,14000151,75,0,428.262087550003,325.000000000000,64.000000000000,1.524366390992,1bd4202763c68d8a,8d15af1f9d36efa1,6286d9cb51ac642f,200,190,95.000000,330.947368,298.334055,1.000000,5.300000,422.224071,3.791667,411.258216,5.378947,3.413894,0.000000,0.306178,0.692780,0.226929,0.105079,300,2376,2376,31.000000,0,0,16,15,51,51,18,2,451.000000,1022,0,0,30,170,0,30,20,11,9,0,20,9,9,9,0,0,0,0,0,10,0,10,10,10,0,0,0,0
1123,14000152,75,0,205.590251967412,75.000000000000,27.000000000000,2.305614472818,23fd41fd883df2f6,8d15af1f9d36efa1,ec71c95fe863c651,200,173,86.500000,241.317919,257.199463,0.900000,3.300000,291.107127,4.038889,287.529446,3.687861,4.029781,0.000000,0.399247,0.679487,0.319829,0.126027,300,2464,2464,32.000000,0,0,16,16,43,43,6,0,424.000000,638,0,0,25,156,0,25,18,15,3,0,18,3,3,2,1,0,0,0,0,7,20,7,27,8,19,0,0,0
1124,14000153,75,0,45.914544095864,75.000000000000,42.000000000000,1.989426852965,2ebfd5fdda8671d8,8d15af1f9d36efa1,d607fa03a7808d47,200,160,80.000000,177.443750,186.924379,1.000000,2.700000,202.224729,4.205000,188.833769,2.750000,3.818182,0.000000,0.522777,0.706745,0.405405,0.254237,300,2512,2512,32.000000,0,0,16,16,72,72,6,0,482.000000,440,0,0,56,144,0,56,16,13,3,0,16,3,3,3,0,0,0,0,0,40,0,40,40,40,0,0,0,0
1125,14000154,75,0,45.700318421776,425.000000000000,51.000000000000,1.804843844274,44be8f02dec4643,8d15af1f9d36efa1,8b0b850527e1203d,200,131,65.500000,281.412214,264.977551,1.000000,3.900000,316.935245,4.430000,354.148767,4.419847,4.086356,0.000000,0.474114,0.722992,0.341297,0.247074,300,2552,2552,32.000000,0,0,16,16,93,93,4,0,522.000000,579,0,0,81,119,0,81,12,10,2,0,12,2,2,2,0,0,0,0,0,69,0,69,69,69,0,0,0,0
1126,14000155,75,0,374.159435248720,325.000000000000,60.000000000000,1.920855297257,cb1c517a1e15b34d,8d15af1f9d36efa1,2ac40f81ad079cff,200,198,99.000000,257.318182,278.222006,1.000000,3.800000,301.584324,3.850000,315.661488,3.944444,3.541613,0.000000,0.348624,0.676375,0.277521,0.099193,300,2288,2288,32.000000,0,0,16,16,42,42,2,0,418.000000,781,0,0,22,178,0,22,20,19,1,0,20,1,1,1,0,0,0,0,0,2,0,2,2,2,0,0,0,0
1127,14000156,75,0,286.150041448206,325.000000000000,37.000000000000,2.193924661636,c946adbcdf9d2e58,8d15af1f9d36efa1,43f683e79353e7f6,200,200,100.000000,256.550000,268.393566,1.000000,3.600000,308.651263,4.300000,308.344264,3.700000,3.702703,0.000000,0.358752,0.674267,0.288462,0.099757,300,2456,2456,32.000000,0,0,16,16,41,41,0,2,414.000000,740,0,0,20,180,0,20,20,20,0,0,20,0,0,0,0,0,0,0,0,0,0,0,0,0,0,0,0,0
1128,14000157,75,0,465.810983133580,425.000000000000,48.000000000000,2.819223059052,fa39c4db770f0ef1,8d15af1f9d36efa1,9ad2a200c5a29501,200,160,80.000000,250.006250,245.602373,1.000000,3.400000,268.326572,3.530952,280.770926,3.456250,3.493671,0.000000,0.468780,0.709302,0.351700,0.220028,300,2224,2224,32.000000,0,0,16,16,74,74,8,0,488.000000,553,0,0,57,143,0,57,17,13,4,0,17,4,4,4,0,0,0,0,0,40,0,40,40,40,0,0,0,0
1129,14000158,75,0,347.861088072727,75.000000000000,34.000000000000,2.862722491941,3bec98da21dbae2d,8d15af1f9d36efa1,c0a8a3b80d904320,200,140,70.000000,296.285714,272.084202,1.000000,4.000000,327.478089,3.573333,365.558958,4.571429,3.603125,0.000000,0.443478,0.718310,0.319149,0.217604,300,2536,2536,32.000000,0,0,16,16,88,88,2,0,510.000000,640,0,0,74,126,0,74,14,13,1,0,14,1,1,1,0,0,0,0,0,60,0,60,60,60,0,0,0,0
1130,14000159,75,0,216.754974567974,175.000000000000,48.000000000000,1.765368101540,11778c33d550e2fd,8d15af1f9d36efa1,30bf40142cd26aee,200,197,98.500000,278.878173,297.755898,1.000000,4.600000,348.199805,3.503095,344.250917,4.578680,3.245011,0.000000,0.316667,0.676375,0.249584,0.087045,300,2240,2240,32.000000,0,0,16,16,43,43,0,0,418.000000,902,0,0,23,177,0,23,20,20,0,0,20,0,0,0,0,0,0,0,0,3,0,3,3,3,0,0,0,0
1131,14000160,75,0,0.336723618718,325.000000000000,70.000000000000,2.017820763434,41ab037f4907c713,8d15af1f9d36efa1,1551e2a609f1b2a8,200,188,94.000000,252.984043,258.882390,1.000000,3.700000,301.601861,3.461667,298.977864,3.734043,3.121083,0.000000,0.387435,0.689441,0.299401,0.137592,300,2224,2224,32.000000,0,0,16,16,52,52,8,0,444.000000,702,0,0,32,168,0,32,20,16,4,0,20,4,4,4,0,0,0,0,0,12,0,12,12,12,0,0,0,0
1132,14000161,75,0,218.107888319901,325.000000000000,47.000000000000,2.311828452516,d0b0bea070a7cca3,8d15af1f9d36efa1,9b2e3f00c5f04b75,200,146,73.000000,272.136986,299.789303,0.800000,3.600000,338.744581,3.656250,341.294507,4.773973,3.348637,0.000000,0.381544,0.682540,0.300903,0.123270,300,2248,2248,32.000000,0,0,16,16,46,46,6,0,430.000000,697,0,0,30,132,0,30,16,13,3,0,16,3,3,1,2,0,0,0,0,14,40,14,54,16,38,0,0,0
1133,14000162,75,0,466.147203253467,75.000000000000,47.000000000000,2.504031059251,7633ba9570278a5a,8d15af1f9d36efa1,39a434495dafb118,200,120,60.000000,301.041667,277.574070,1.000000,4.300000,345.758311,2.905714,358.433091,4.591667,3.210526,0.000000,0.502258,0.735450,0.352526,0.289032,300,2064,2064,32.000000,0,0,16,16,106,106,12,0,556.000000,551,0,0,93,107,0,93,13,7,6,0,13,6,6,6,0,0,0,0,0,80,0,80,80,80,0,0,0,0
1134,14000163,75,0,218.363762669098,175.000000000000,33.000000000000,2.306787638508,3adbc457603bc92,8d15af1f9d36efa1,e2597551eca9de1c,200,200,100.000000,289.340000,320.562368,1.000000,4.400000,360.138124,4.703333,363.904059,4.600000,3.935870,0.000000,0.312407,0.676375,0.245902,0.085487,300,2384,2384,32.000000,0,0,16,16,40,40,6,0,418.000000,920,0,0,20,180,0,20,20,17,3,0,20,3,3,3,0,0,0,0,0,0,0,0,0,0,0,0,0,0
1135,14000164,75,0,495.388098092680,175.000000000000,67.000000000000,2.020887752865,facf326679a33ec2,8d15af1f9d36efa1,630f9552c4f08352,200,172,86.000000,273.459302,266.924470,1.000000,4.100000,324.898300,3.710000,334.257107,4.215116,3.492414,0.000000,0.396839,0.704579,0.292683,0.167623,300,2336,2336,31.000000,0,0,16,15,70,70,6,8,477.000000,725,0,0,47,153,0,47,19,16,3,0,19,3,3,3,0,0,0,0,0,28,0,28,28,28,0,0,0,0
1136,14000165,75,0,147.924674676262,75.000000000000,44.000000000000,1.835019654028,69b9acfca852260f,8d15af1f9d36efa1,6418df7d2d440151,200,149,74.500000,312.000000,257.382345,1.000000,4.500000,350.979021,3.614762,386.599447,5.080537,3.323646,0.000000,0.397772,0.714286,0.283822,0.181622,300,2256,2256,32.000000,0,0,16,16,79,79,10,0,500.000000,757,0,0,65,135,0,65,14,9,5,0,14,5,5,5,0,0,0,0,0,51,0,51,51,51,0,0,0,0
1137,14000166,75,0,395.700316107303,75.000000000000,46.000000000000,2.329920496599,748658043aa09935,8d15af1f9d36efa1,5ab9c750302f8e48,200,111,55.500000,259.162162,281.328814,1.000000,3.800000,314.748531,4.184524,309.482497,3.720721,3.876513,0.000000,0.576410,0.737533,0.420757,0.357698,300,2528,2528,32.000000,0,0,16,16,111,111,8,0,562.000000,413,0,0,100,100,0,100,11,7,4,0,11,4,4,4,0,0,0,0,0,89,0,89,89,89,0,0,0,0
1138,14000167,75,0,379.418168516047,425.000000000000,46.000000000000,1.616415923259,4bc19f4db5a5f232,8d15af1f9d36efa1,4d76e82140fb1a76,200,142,71.000000,281.943662,283.167456,1.000000,4.300000,340.352569,3.035833,330.890942,4.218310,3.148581,0.000000,0.464701,0.722222,0.333704,0.238882,300,2048,2048,32.000000,0,0,16,16,88,88,12,0,520.000000,599,0,0,73,127,0,73,15,9,6,0,15,6,6,6,0,0,0,0,0,58,0,58,58,58,0,0,0,0
1139,14000168,75,0,110.713025896505,75.000000000000,42.000000000000,2.198183565674,4b6262ac677fee8a,8d15af1f9d36efa1,9ad94200c5a8108f,200,157,78.500000,276.350318,273.150283,1.000000,3.900000,314.825137,3.100476,326.415856,3.980892,2.995200,0.000000,0.439462,0.710145,0.324324,0.201788,300,2048,2048,32.000000,0,0,16,16,74,74,10,2,490.000000,625,0,0,58,142,0,58,15,10,5,0,15,5,5,5,0,0,0,0,0,43,0,43,43,43,0,0,0,0
1140,14000169,75,0,336.543726955059,325.000000000000,54.000000000000,2.180808941865,d4e4b8101510ab30,8d15af1f9d36efa1,9aea4000c5b6805c,200,191,95.500000,253.942408,261.328300,1.000000,3.800000,311.195827,4.178333,308.150510,3.958115,3.575397,0.000000,0.362563,0.682540,0.284091,0.114754,300,2376,2376,32.000000,0,0,16,16,49,49,0,0,430.000000,756,0,0,29,171,0,29,20,20,0,0,20,0,0,0,0,0,0,0,0,9,0,9,9,9,0,0,0,0
1141,14000170,75,0,389.069878801073,175.000000000000,42.000000000000,2.837701823940,62a8b5b6c73fd942,8d15af1f9d36efa1,fb63eb4ffa2c18ca,200,170,85.000000,266.029412,251.160473,0.900000,3.600000,307.187552,3.302646,319.945974,4.358824,2.998650,0.000000,0.371501,0.686520,0.288184,0.125148,300,2336,2336,32.000000,0,0,16,16,48,48,10,0,438.000000,741,0,0,30,153,0,30,18,13,5,0,18,5,5,4,1,0,0,0,0,12,20,10,30,13,17,0,0,0
1142,14000171,75,0,154.504660137506,175.000000000000,50.000000000000,1.876859649242,e6746ac78254c847,8d15af1f9d36efa1,719d4f791e1a6e1e,200,200,100.000000,233.155000,233.552599,1.000000,3.400000,258.019255,3.183333,277.060862,3.660000,3.129781,0.000000,0.360140,0.673203,0.290698,0.098522,300,2152,2152,32.000000,0,0,16,16,40,40,0,0,412.000000,732,0,0,20,180,0,20,20,20,0,0,20,0,0,0,0,0,0,0,0,0,0,0,0,0,0,0,0,0
1143,14000172,75,0,28.314188566246,425.000000000000,47.000000000000,2.706816334786,9fdca32095475937,8d15af1f9d36efa1,22434ab8964b5801,200,164,82.000000,281.481707,264.784612,1.000000,4.000000,305.761070,4.963333,327.278441,4.457317,3.625171,0.000000,0.398354,0.707602,0.290980,0.172140,300,2704,2704,32.000000,0,0,16,16,70,70,12,0,484.000000,731,0,0,53,147,0,53,17,11,6,0,17,6,6,6,0,0,0,0,0,36,0,36,36,36,0,0,0,0
1144,14000173,75,0,112.765586000152,325.000000000000,40.000000000000,2.330555892736,354bf324949fac71,8d15af1f9d36efa1,9a6ca500c54be6e8,200,200,100.000000,229.885000,231.773004,1.000000,3.600000,279.929285,3.195000,268.928446,3.665000,3.144611,0.000000,0.362054,0.675325,0.290416,0.102815,300,2184,2184,32.000000,0,0,16,16,41,41,2,2,416.000000,733,0,0,20,180,0,20,20,19,1,0,20,1,1,1,0,0,0,0,0,0,0,0,0,0,0,0,0,0
1145,14000174,75,0,97.579508645104,75.000000000000,24.000000000000,2.935554030828,c55fac694963dae0,8d15af1f9d36efa1,5a9b9438e68ab23,200,197,98.500000,306.477157,300.883780,1.000000,4.500000,361.797460,3.684762,353.156555,4.583756,3.163898,0.000000,0.328625,0.688474,0.249377,0.108588,300,2296,2296,32.000000,0,0,16,16,43,43,24,0,442.000000,903,0,0,23,177,0,23,20,8,12,0,20,12,12,12,0,0,0,0,0,3,0,3,3,3,0,0,0,0
1146,14000175,75,0,119.889574054494,75.000000000000,39.000000000000,2.168914793489,33a8bc1aba3e231b,8d15af1f9d36efa1,9b492e00c606f64a,200,117,58.500000,215.905983,228.829376,1.000000,3.600000,267.982309,3.203333,235.488104,3.205128,3.136000,0.000000,0.595469,0.734043,0.444444,0.369748,300,2240,2240,32.000000,0,0,16,16,103,103,14,0,552.000000,375,0,0,93,107,0,93,10,3,7,0,10,7,7,7,0,0,0,0,0,83,0,83,83,83,0,0,0,0
1147,14000176,75,0,356.161335974224,175.000000000000,43.000000000000,2.626080562097,15cb13ab1c29974f,8d15af1f9d36efa1,237b8b87959b83cb,200,199,99.500000,283.819095,240.265843,1.000000,4.400000,339.451254,3.693333,344.207947,4.412060,3.542141,0.000000,0.324615,0.678457,0.254669,0.092975,300,2376,2376,32.000000,0,0,16,16,42,42,6,2,422.000000,878,0,0,21,179,0,21,20,17,3,0,20,3,3,3,0,0,0,0,0,1,0,1,1,1,0,0,0,0
1148,14000177,75,0,316.363189849070,175.000000000000,42.000000000000,2.521805470718,5fb78579e305d299,8d15af1f9d36efa1,9ad5b900c5a4f1ed,200,179,89.500000,183.139665,194.560426,1.000000,2.800000,207.282989,3.528333,203.061016,2.737430,3.504082,0.000000,0.474249,0.688474,0.379747,0.183333,300,2424,2424,32.000000,0,0,16,16,55,55,0,0,442.000000,490,0,0,38,162,0,38,17,17,0,0,17,0,0,0,0,0,0,0,0,21,0,21,21,21,0,0,0,0
1149,14000178,75,0,96.995055192642,75.000000000000,34.000000000000,2.800850000967,df18ec3e3ebe5996,8d15af1f9d36efa1,51ce4e3fbcaef906,200,154,77.000000,294.259740,274.327041,1.000000,4.100000,327.031002,3.627381,341.630775,4.246753,3.322630,0.000000,0.434256,0.715100,0.314465,0.206311,300,2088,2088,32.000000,0,0,16,16,78,78,14,4,502.000000,654,0,0,61,139,0,61,15,8,7,0,15,7,7,7,0,0,0,0,0,46,0,46,46,46,0,0,0,0
1150,14000179,75,0,369.747507537733,425.000000000000,38.000000000000,2.697259993144,e7195fbd8c053f38,8d15af1f9d36efa1,976c29540374c035,200,126,63.000000,381.611111,360.139017,1.000000,5.300000,411.893743,3.829286,425.481055,5.253968,3.332326,0.000000,0.451987,0.731903,0.311850,0.244292,300,2384,2384,32.000000,0,0,16,16,104,104,6,12,546.000000,662,0,0,86,114,0,86,12,9,3,0,12,3,3,3,0,0,0,0,0,74,0,74,74,74,0,0,0,0
1151,14000180,75,0,206.938598114925,175.000000000000,41.000000000000,1.849880014629,73ef423a66a05077,8d15af1f9d36efa1,c4c799d9bc2c6320,200,199,99.500000,291.160804,305.848152,1.000000,4.500000,369.586022,3.740000,356.056108,4.492462,3.208054,0.000000,0.320669,0.678457,0.251256,0.091463,300,2192,2192,32.000000,0,0,16,16,44,44,2,6,422.000000,894,0,0,21,179,0,21,20,19,1,0,20,1,1,1,0,0,0,0,0,1,0,1,1,1,0,0,0,0
1152,14000181,75,0,227.363966813691,325.000000000000,40.000000000000,1.771772583645,6fd5c51c11ff8605,8d15af1f9d36efa1,9968b2a1d9d55865,200,165,82.500000,251.133333,274.249269,1.000000,4.000000,313.423599,3.495000,314.826930,4.042424,3.505247,0.000000,0.410256,0.698795,0.310238,0.165207,300,2432,2432,32.000000,0,0,16,16,65,65,2,0,464.000000,667,0,0,50,150,0,50,15,14,1,0,15,1,1,1,0,0,0,0,0,35,0,35,35,35,0,0,0,0
1153,14000182,75,0,21.096918186916,75.000000000000,50.000000000000,2.096676089325,e94c64963f4d2803,8d15af1f9d36efa1,a6468c206b526c87,200,111,55.500000,216.882883,249.185777,1.000000,4.600000,339.713069,3.403333,224.876961,3.216216,3.067227,0.000000,0.621421,0.745547,0.456621,0.415712,300,2384,2384,32.000000,0,0,16,16,121,121,12,20,586.000000,357,0,0,100,100,0,100,11,5,6,0,11,6,6,6,0,0,0,0,0,89,0,89,89,89,0,0,0,0
1154,14000183,75,0,63.949098179903,325.000000000000,62.000000000000,1.708210552585,5ac7865d25a6d00d,8d15af1f9d36efa1,81ef9488c9aae95,200,180,90.000000,262.261111,264.819964,1.000000,4.200000,328.767673,4.163333,321.178314,4.333333,3.794872,0.000000,0.366883,0.693252,0.277778,0.133333,300,2216,2216,32.000000,0,0,16,16,56,56,8,0,452.000000,780,0,0,38,162,0,38,18,14,4,0,18,4,4,4,0,0,0,0,0,20,0,20,20,20,0,0,0,0
1155,14000184,75,0,141.367364058588,175.000000000000,39.000000000000,2.931722452243,7dbdefe4ffbbae46,8d15af1f9d36efa1,a07794bb83cb8a88,200,200,100.000000,236.725000,253.480631,1.000000,3.400000,278.428295,4.705000,284.286008,3.465000,4.844156,0.000000,0.373984,0.674267,0.302115,0.105806,300,2488,2488,32.000000,0,0,16,16,40,40,2,0,414.000000,693,0,0,20,180,0,20,20,19,1,0,20,1,1,1,0,0,0,0,0,0,0,0,0,0,0,0,0,0
1156,14000185,75,0,466.832644909012,75.000000000000,46.000000000000,2.634963003689,f7417ff41da41483,8d15af1f9d36efa1,9b3bb100c5fb9787,200,152,76.000000,240.401316,197.486764,1.000000,2.900000,219.424419,3.525000,259.849025,3.236842,3.621951,0.000000,0.512871,0.721448,0.378788,0.274336,300,2216,2216,32.000000,0,0,16,16,91,91,4,18,518.000000,492,0,0,65,135,0,65,17,15,2,0,17,2,2,2,0,0,0,0,0,48,0,48,48,48,0,0,0,0
1157,14000186,75,0,459.826254823201,75.000000000000,46.000000000000,2.071423694975,87011f237cb7507b,8d15af1f9d36efa1,9b757d4fc3a7516b,200,120,60.000000,249.741667,250.814732,1.000000,3.900000,289.442269,3.532381,268.992664,3.558333,3.023419,0.000000,0.564730,0.734748,0.412655,0.342065,300,2248,2248,32.000000,0,0,16,16,106,106,10,0,554.000000,427,0,0,93,107,0,93,13,8,5,0,13,5,5,5,0,0,0,0,0,80,0,80,80,80,0,0,0,0
1158,14000187,75,0,51.146104008320,325.000000000000,58.000000000000,2.460401924517,a5e8d2a44a3e9dd5,8d15af1f9d36efa1,ce645f55b80141a1,200,200,100.000000,430.285000,316.527581,1.000000,6.800000,548.021727,3.945040,545.428529,6.800000,3.617647,0.000000,0.246955,0.690402,0.180723,0.077341,300,2480,2480,32.000000,0,0,16,16,41,41,32,2,446.000000,1360,0,0,20,180,0,20,20,4,16,0,20,16,16,16,0,0,0,0,0,0,0,0,0,0,0,0,0,0
1159,14000188,75,0,156.195252129530,75.000000000000,21.000000000000,2.415537645372,1ebfa6b761a24db4,8d15af1f9d36efa1,2ab37cce03cff972,200,40,20.000000,247.525000,288.610967,0.600000,2.700000,359.620161,4.322619,310.594393,4.000000,4.175000,0.000000,0.784946,0.744898,0.652174,0.611650,300,2488,2488,32.000000,0,0,16,16,123,123,6,0,584.000000,160,0,0,116,36,0,116,7,4,3,0,7,3,3,0,3,0,0,0,0,109,80,80,160,112,48,0,0,0
1160,14000189,75,0,45.537365401215,325.000000000000,53.000000000000,2.695859837098,525f99c536858356,8d15af1f9d36efa1,9ad59f00c5a4c5bf,200,193,96.500000,303.373057,307.453496,1.000000,4.700000,379.777555,3.266667,379.105596,4.803109,3.434736,0.000000,0.317881,0.683544,0.244499,0.097371,300,2392,2392,32.000000,0,0,16,16,47,47,6,0,432.000000,927,0,0,27,173,0,27,20,17,3,0,20,3,3,3,0,0,0,0,0,7,0,7,7,7,0,0,0,0
1161,14000190,75,0,164.570948689136,175.000000000000,45.000000000000,2.012264043798,d2df9c0a98b9ae16,8d15af1f9d36efa1,12a6de25b6fb5ba0,200,199,99.500000,308.552764,329.897957,1.000000,5.100000,398.860842,3.754643,395.191841,5.100503,3.517241,0.000000,0.292683,0.677419,0.228137,0.079782,300,2176,2176,32.000000,0,0,16,16,41,41,6,0,420.000000,1015,0,0,21,179,0,21,20,17,3,0,20,3,3,3,0,0,0,0,0,1,0,1,1,1,0,0,0,0
1162,14000191,75,0,318.472196494891,325.000000000000,47.000000000000,1.914210754211,8e24a608dc5af116,8d15af1f9d36efa1,3bd8474f8d67405c,200,134,67.000000,278.104478,239.187532,0.700000,2.800000,304.321744,3.978571,319.410281,4.097015,3.475410,0.000000,0.447130,0.689441,0.353357,0.169440,300,2224,2224,32.000000,0,0,16,16,53,53,6,10,444.000000,549,0,0,31,120,0,31,17,14,3,0,17,3,3,0,3,0,0,0,0,14,60,6,66,17,49,0,0,0
1163,14000192,75,0,450.882349835555,75.000000000000,53.000000000000,2.190706878850,ccc8166ce246e24a,8d15af1f9d36efa1,4726abb87f24f8d4,200,182,91.000000,224.203297,203.672434,1.000000,3.100000,233.261002,3.623333,252.563000,3.225275,3.798978,0.000000,0.433944,0.692308,0.338219,0.167376,300,2496,2496,32.000000,0,0,16,16,56,56,6,0,450.000000,587,0,0,37,163,0,37,19,16,3,0,19,3,3,3,0,0,0,0,0,18,0,18,18,18,0,0,0,0
1164,14000193,75,0,90.306103500546,175.000000000000,43.000000000000,2.988617047925,4fcf6289e58c3a43,8d15af1f9d36efa1,16136ee8bfe11316,200,199,99.500000,318.075377,318.929402,1.000000,4.800000,388.185354,3.279524,389.217025,4.899497,3.247179,0.000000,0.303074,0.679487,0.235294,0.086223,300,2160,2160,32.000000,0,0,16,16,42,42,8,2,424.000000,975,0,0,21,179,0,21,20,16,4,0,20,4,4,4,0,0,0,0,0,1,0,1,1,1,0,0,0,0
1165,14000194,75,0,490.025450562982,175.000000000000,64.000000000000,1.967386707429,fd7d582fd87d8599,8d15af1f9d36efa1,19fcfce10d77bf83,200,200,100.000000,280.075000,290.022737,1.000000,4.300000,350.534871,3.210476,345.210036,4.400000,3.325000,0.000000,0.326187,0.680511,0.254237,0.096509,300,2112,2112,32.000000,0,0,16,16,41,41,12,2,426.000000,880,0,0,20,180,0,20,20,14,6,0,20,6,6,6,0,0,0,0,0,0,0,0,0,0,0,0,0,0
1166,14000195,75,0,70.371286499965,325.000000000000,49.000000000000,2.968617201545,67e55f8b3d5fa23b,8d15af1f9d36efa1,ae1c9b04aaf36b61,200,176,88.000000,270.437500,271.797880,0.900000,3.900000,337.270522,3.309524,329.531865,4.318182,3.256579,0.000000,0.358108,0.679487,0.283019,0.107981,300,2240,2240,32.000000,0,0,16,16,42,42,8,0,424.000000,760,0,0,23,158,0,23,19,15,4,0,19,4,4,3,1,0,0,0,0,4,20,4,24,5,19,0,0,0
1167,14000196,75,0,88.739738396451,175.000000000000,58.000000000000,2.408304845644,6844efc6a4c09ca0,8d15af1f9d36efa1,af5253bbcd185ba7,200,193,96.500000,218.901554,224.556983,1.000000,3.200000,252.461288,3.583333,262.111713,3.347150,3.575851,0.000000,0.396262,0.679487,0.317125,0.124661,300,2376,2376,32.000000,0,0,16,16,45,45,2,0,424.000000,646,0,0,26,174,0,26,19,18,1,0,19,1,1,1,0,0,0,0,0,7,0,7,7,7,0,0,0,0
1168,14000197,75,0,472.684318892273,425.000000000000,41.000000000000,2.929715478531,6c368a270b92df47,8d15af1f9d36efa1,92d2b44fbec4ece4,200,169,84.500000,248.881657,224.215664,1.000000,4.000000,319.604313,3.525556,303.061150,3.846154,3.610769,0.000000,0.417563,0.699700,0.315789,0.170918,300,2128,2128,32.000000,0,0,16,16,64,64,6,2,466.000000,650,0,0,47,153,0,47,16,13,3,0,16,3,3,3,0,0,0,0,0,31,0,31,31,31,0,0,0,0
1169,14000198,75,0,191.532142955024,425.000000000000,37.000000000000,1.924359890139,5fb0200e18a76f4a,8d15af1f9d36efa1,9b5db100c6187ded,200,130,65.000000,185.730769,222.308759,1.000000,3.300000,252.078876,4.458333,208.151952,2.738462,4.733146,0.000000,0.596372,0.724518,0.457317,0.352727,300,2344,2344,32.000000,0,0,16,16,96,96,2,0,526.000000,356,0,0,83,117,0,83,13,12,1,0,13,1,1,1,0,0,0,0,0,70,0,70,70,70,0,0,0,0
1170,14000199,75,0,77.465214781716,325.000000000000,47.000000000000,2.592882707002,78898697f5b23a1,8d15af1f9d36efa1,d9a22d8cc388ca19,200,190,95.000000,255.289474,244.200035,1.000000,4.000000,302.648286,3.250000,308.878771,4.026316,3.057516,0.000000,0.364090,0.686520,0.281690,0.121699,300,2392,2392,32.000000,0,0,16,16,51,51,4,2,438.000000,765,0,0,30,170,0,30,20,18,2,0,20,2,2,2,0,0,0,0,0,10,0,10,10,10,0,0,0,0
1171,14000200,75,0,25.446790776893,175.000000000000,68.000000000000,2.556885664404,808c33854971309e,8d15af1f9d36efa1,3f7e0f50206875b0,200,171,85.500000,215.134503,209.667365,1.000000,2.700000,228.067351,4.946667,234.658464,2.906433,4.408451,0.000000,0.488157,0.703264,0.376412,0.222222,300,2696,2696,32.000000,0,0,16,16,69,69,4,0,474.000000,497,0,0,49,151,0,49,20,18,2,0,20,2,2,2,0,0,0,0,0,29,0,29,29,29,0,0,0,0
1172,14000201,75,0,89.144386995236,325.000000000000,61.000000000000,1.801074619965,edaa317df3ba935,8d15af1f9d36efa1,ee4dc84317d02084,200,189,94.500000,259.899471,265.884251,1.000000,4.000000,313.929150,3.512500,317.784568,4.275132,3.496287,0.000000,0.350482,0.685535,0.270758,0.114035,300,2296,2296,32.000000,0,0,16,16,51,51,2,0,436.000000,808,0,0,31,169,0,31,20,19,1,0,20,1,1,1,0,0,0,0,0,11,0,11,11,11,0,0,0,0
1173,14000202,75,0,216.068699922224,325.000000000000,41.000000000000,1.577715446382,e3affe5ab525d037,8d15af1f9d36efa1,ec9673d78f48c5e3,200,200,100.000000,237.920000,248.853897,1.000000,3.700000,292.793910,4.108333,293.666183,3.700000,3.694595,0.000000,0.357639,0.673203,0.288462,0.097561,300,2632,2632,32.000000,0,0,16,16,40,40,0,0,412.000000,740,0,0,20,180,0,20,20,20,0,0,20,0,0,0,0,0,0,0,0,0,0,0,0,0,0,0,0,0
1174,14000203,75,0,91.858339486658,425.000000000000,33.000000000000,2.990313928835,78e410dbcc5310b1,8d15af1f9d36efa1,78d6384fb00cde32,200,142,71.000000,298.225352,334.116120,0.900000,4.200000,376.815328,3.891358,366.593220,5.007042,3.631505,0.000000,0.407006,0.709302,0.296736,0.179931,300,2448,2448,32.000000,0,0,16,16,71,71,14,2,488.000000,711,0,0,54,127,0,54,16,9,7,0,16,7,7,6,1,0,0,0,0,38,20,38,58,39,19,0,0,0
1175,14000204,75,0,324.128807715876,425.000000000000,36.000000000000,1.775007581457,2ff2398a94c9c99e,8d15af1f9d36efa1,a0a5064f35b30e4f,200,153,76.500000,323.228758,278.055657,1.000000,5.100000,406.690019,4.734444,398.593428,5.209150,4.091593,0.000000,0.385505,0.714286,0.273473,0.174093,300,2624,2624,32.000000,0,0,16,16,77,77,14,0,500.000000,797,0,0,62,138,0,62,15,8,7,0,15,7,7,7,0,0,0,0,0,47,0,47,47,47,0,0,0,0
1176,14000205,75,0,316.332926303752,175.000000000000,50.000000000000,1.919129817757,c8e71e6affc31852,8d15af1f9d36efa1,bb4e2549ec69a077,200,200,100.000000,304.240000,284.477691,1.000000,5.100000,396.069475,3.267857,392.490161,5.230000,3.128107,0.000000,0.282579,0.673203,0.222883,0.071048,300,2224,2224,32.000000,0,0,16,16,40,40,0,0,412.000000,1046,0,0,20,180,0,20,20,20,0,0,20,0,0,0,0,0,0,0,0,0,0,0,0,0,0,0,0,0
1177,14000206,75,0,18.601442542619,175.000000000000,60.000000000000,1.900091260783,6e60b63c9a2ee9f1,8d15af1f9d36efa1,359e764321c222d9,200,169,84.500000,230.118343,229.597652,1.000000,3.400000,275.096224,3.339167,261.882122,3.508876,3.728499,0.000000,0.448885,0.707174,0.335946,0.204027,300,2368,2368,31.000000,0,0,16,15,71,71,10,0,483.000000,593,0,0,51,149,0,51,20,15,5,0,20,5,5,5,0,0,0,0,0,31,0,31,31,31,0,0,0,0
1178,14000207,75,0,478.149651746253,175.000000000000,53.000000000000,2.916773160820,4582bf6a7c2d0226,8d15af1f9d36efa1,9802dcb944963087,200,197,98.500000,183.928934,155.442912,1.000000,2.500000,182.731424,3.353333,188.607986,2.502538,3.233266,0.000000,0.464712,0.681529,0.378310,0.162988,300,2512,2512,32.000000,0,0,16,16,43,43,10,0,428.000000,493,0,0,23,177,0,23,20,15,5,0,20,5,5,5,0,0,0,0,0,3,0,3,3,3,0,0,0,0
1179,14000208,75,0,60.567806956605,175.000000000000,51.000000000000,2.522757533552,36c173b6454e18f7,8d15af1f9d36efa1,2c29867ce5b667d5,200,200,100.000000,264.230000,272.347601,1.000000,3.900000,301.726681,4.231667,307.042038,3.965000,3.621690,0.000000,0.346249,0.677419,0.274474,0.099886,300,2352,2352,32.000000,0,0,16,16,40,40,8,0,420.000000,793,0,0,20,180,0,20,20,16,4,0,20,4,4,4,0,0,0,0,0,0,0,0,0,0,0,0,0,0
1180,14000209,75,0,122.967864785704,425.000000000000,42.000000000000,2.706366950920,564ee1444cca159c,8d15af1f9d36efa1,d69368ce8ae7d0ae,200,159,79.500000,276.867925,271.248305,1.000000,4.100000,321.529337,3.613333,310.379657,4.006289,3.646782,0.000000,0.442695,0.716714,0.320171,0.214550,300,2240,2240,32.000000,0,0,16,16,80,80,14,6,506.000000,637,0,0,59,141,0,59,18,11,7,0,18,7,7,7,0,0,0,0,0,41,0,41,41,41,0,0,0,0
1181,14000210,75,0,434.675267028181,325.000000000000,59.000000000000,2.791578626474,d129fa215b237b9b,8d15af1f9d36efa1,b77ed87cb8ff4a4c,200,194,97.000000,251.551546,257.307945,1.000000,3.900000,317.958361,3.911667,299.340788,4.005155,3.743887,0.000000,0.356255,0.682540,0.278552,0.112000,300,2344,2344,32.000000,0,0,16,16,46,46,6,0,430.000000,777,0,0,26,174,0,26,20,17,3,0,20,3,3,3,0,0,0,0,0,6,0,6,6,6,0,0,0,0
1182,14000211,75,0,206.663339591599,425.000000000000,40.000000000000,2.043653566757,77255a6aed107db7,8d15af1f9d36efa1,772f8c14f863bd68,200,137,68.500000,242.948905,246.018345,1.000000,3.700000,289.768913,3.641667,279.752927,3.569343,4.096115,0.000000,0.515362,0.722222,0.380228,0.277696,300,2536,2536,32.000000,0,0,16,16,89,89,10,0,520.000000,489,0,0,76,124,0,76,13,8,5,0,13,5,5,5,0,0,0,0,0,63,0,63,63,63,0,0,0,0
1183,14000212,75,0,492.399051920904,425.000000000000,42.000000000000,2.800626467890,57770ed28c0b22a7,8d15af1f9d36efa1,1d6026500d3c19b5,200,108,54.000000,295.018519,265.997957,1.000000,4.100000,317.888415,3.776667,334.255019,4.416667,3.314465,0.000000,0.547009,0.742268,0.386100,0.338419,300,2112,2112,32.000000,0,0,16,16,116,116,12,0,576.000000,477,0,0,104,96,0,104,12,6,6,0,12,6,6,6,0,0,0,0,0,92,0,92,92,92,0,0,0,0
1184,14000213,75,0,317.568634333918,75.000000000000,42.000000000000,2.088756513939,265d45cf646ea5ed,8d15af1f9d36efa1,48dbde5025e9d79a,200,145,72.500000,300.806897,281.267262,1.000000,4.300000,333.232102,3.516190,369.033601,4.579310,3.772590,0.000000,0.432479,0.716714,0.311203,0.207637,300,2248,2248,32.000000,0,0,16,16,81,81,12,0,506.000000,664,0,0,68,132,0,68,13,7,6,0,13,6,6,6,0,0,0,0,0,55,0,55,55,55,0,0,0,0
1185,14000214,75,0,193.692907438688,75.000000000000,41.000000000000,2.131561373525,a7459bc86adee87e,8d15af1f9d36efa1,be4d36e5d4b27a03,200,135,67.500000,284.525926,263.520149,1.000000,4.800000,392.863404,3.666905,340.054750,4.466667,3.625207,0.000000,0.464951,0.723757,0.332226,0.241509,300,2384,2384,32.000000,0,0,16,16,95,95,2,0,524.000000,603,0,0,80,120,0,80,15,14,1,0,15,1,1,1,0,0,0,0,0,65,0,65,65,65,0,0,0,0
1186,14000215,75,0,316.807528629361,425.000000000000,47.000000000000,1.658340617532,95494fdb882382b7,8d15af1f9d36efa1,b5d4874fd2b31bc2,200,120,60.000000,215.816667,246.332992,1.000000,3.500000,286.203656,3.950000,251.545000,3.225000,3.896641,0.000000,0.586096,0.732620,0.436681,0.358209,300,2328,2328,32.000000,0,0,16,16,108,108,0,8,548.000000,387,0,0,92,108,0,92,12,12,0,0,12,0,0,0,0,0,0,0,0,80,0,80,80,80,0,0,0,0
1187,14000216,75,0,474.599258393810,175.000000000000,65.000000000000,2.424684111977,dce624da29ff93ac,8d15af1f9d36efa1,81c7084fb5316fef,200,169,84.500000,229.656805,204.490618,0.900000,3.000000,253.227025,4.240741,254.702317,3.473373,3.781942,0.000000,0.436119,0.694190,0.338219,0.172073,300,2448,2448,32.000000,0,0,16,16,55,55,12,4,454.000000,587,0,0,34,151,0,34,19,13,6,0,19,6,6,5,1,0,0,0,0,15,20,11,31,16,15,0,0,0
1188,14000217,75,0,161.194740689249,425.000000000000,35.000000000000,2.317261743153,a97f3a3d3783759a,8d15af1f9d36efa1,38166ae7e8ac6d94,200,73,36.500000,208.890411,303.479383,0.700000,3.000000,322.380338,4.119048,253.449955,3.369863,3.243902,0.000000,0.702899,0.744246,0.549451,0.504032,300,2200,2200,32.000000,0,0,16,16,123,123,4,4,582.000000,246,0,0,112,66,0,112,9,7,2,0,9,2,2,0,2,0,0,0,0,103,60,67,127,105,22,0,0,0
1189,14000218,75,0,250.096287177054,425.000000000000,28.000000000000,1.975378849365,ec135d3ba4f32c8a,8d15af1f9d36efa1,dfc34a911989645,200,154,77.000000,272.746753,264.883845,1.000000,3.700000,297.581589,4.603333,301.764326,3.792208,3.892123,0.000000,0.462247,0.715100,0.339367,0.225464,300,2512,2512,32.000000,0,0,16,16,78,78,14,0,502.000000,584,0,0,62,138,0,62,16,9,7,0,16,7,7,7,0,0,0,0,0,46,0,46,46,46,0,0,0,0
1190,14000219,75,0,202.198662838136,75.000000000000,22.000000000000,2.363572607627,dfd4bf690a2dae23,8d15af1f9d36efa1,e58b260bd5512f39,200,140,70.000000,352.621429,341.437314,0.900000,4.000000,376.839917,4.950000,441.030381,5.335714,4.178046,0.000000,0.412274,0.723757,0.286533,0.204473,300,2456,2456,32.000000,0,0,16,16,88,88,16,0,524.000000,747,0,0,74,126,0,74,14,6,8,0,14,8,8,8,0,0,0,0,0,60,20,40,60,60,0,0,0,0
1191,14000220,75,0,322.652331234240,75.000000000000,45.000000000000,2.204866293669,af1de66d80c7e3bf,8d15af1f9d36efa1,293282f7713853cc,200,171,85.500000,230.929825,216.155049,1.000000,3.500000,269.208912,3.497143,239.317006,3.157895,3.279630,0.000000,0.470588,0.705882,0.357143,0.215116,300,2248,2248,32.000000,0,0,16,16,67,67,14,4,480.000000,540,0,0,47,153,0,47,18,11,7,0,18,7,7,7,0,0,0,0,0,29,0,29,29,29,0,0,0,0
1192,14000221,75,0,278.669843624602,325.000000000000,36.000000000000,1.763731450489,ec90105c15b85e0,8d15af1f9d36efa1,8d291bc3fcadd9ef,200,200,100.000000,328.540000,325.219489,1.000000,5.300000,428.264064,3.291190,420.055684,5.435000,3.071757,0.000000,0.275333,0.673736,0.216294,0.070145,300,2296,2296,31.000000,0,0,16,15,40,40,2,0,413.000000,1087,0,0,20,180,0,20,20,19,1,0,20,1,1,1,0,0,0,0,0,0,0,0,0,0,0,0,0,0
1193,14000222,75,0,398.831449079203,325.000000000000,44.000000000000,2.974452294672,76051f0bd29c6700,8d15af1f9d36efa1,5f1a614fa18bcbd4,200,181,90.500000,209.154696,206.438866,1.000000,3.300000,252.140696,3.757857,245.009844,3.165746,3.551483,0.000000,0.437684,0.690402,0.343643,0.165939,300,2528,2528,32.000000,0,0,16,16,54,54,6,0,446.000000,573,0,0,37,163,0,36,18,15,3,0,18,3,3,3,0,0,0,0,0,19,0,19,19,19,0,0,0,0
1194,14000223,75,0,281.492860707642,325.000000000000,36.000000000000,1.527865403174,fe2315f9608967e5,8d15af1f9d36efa1,9ab39900c587d527,200,200,100.000000,264.485000,285.683455,1.000000,4.100000,318.845241,4.058571,329.410848,4.200000,3.753571,0.000000,0.330144,0.674267,0.263158,0.088937,300,2360,2360,32.000000,0,0,16,16,40,40,2,0,414.000000,840,0,0,20,180,0,20,20,19,1,0,20,1,1,1,0,0,0,0,0,0,0,0,0,0,0,0,0,0
1195,14000224,75,0,42.887978342853,425.000000000000,46.000000000000,2.535390012380,bac381c974e0f2d9,8d15af1f9d36efa1,ca8948506f4a86b9,200,125,62.500000,296.904000,283.807222,1.000000,4.400000,326.738673,3.842500,352.821478,4.552000,3.304042,0.000000,0.490600,0.732620,0.345224,0.275159,300,2368,2368,32.000000,0,0,16,16,101,101,14,0,548.000000,569,0,0,88,112,0,88,13,6,7,0,13,7,7,7,0,0,0,0,0,75,0,75,75,75,0,0,0,0
1196,14000225,75,0,190.779038577456,325.000000000000,54.000000000000,2.047723124307,3344b1c5c3092af6,8d15af1f9d36efa1,40d305d202874616,200,200,100.000000,243.645000,245.044499,1.000000,3.500000,282.111118,4.598333,306.858902,3.700000,4.406757,0.000000,0.357639,0.673203,0.288462,0.097561,300,2592,2592,32.000000,0,0,16,16,40,40,0,0,412.000000,740,0,0,20,180,0,20,20,20,0,0,20,0,0,0,0,0,0,0,0,0,0,0,0,0,0,0,0,0
1197,14000226,75,0,22.501874381901,75.000000000000,42.000000000000,2.813891189562,47a289544aee5ecf,8d15af1f9d36efa1,5126c29a0c506f,200,164,82.000000,294.036585,300.463134,1.000000,4.400000,343.894905,3.332222,349.377641,4.457317,3.105335,0.000000,0.398354,0.707602,0.290980,0.172140,300,2088,2088,32.000000,0,0,16,16,70,70,12,0,484.000000,731,0,0,53,147,0,53,17,11,6,0,17,6,6,6,0,0,0,0,0,36,0,36,36,36,0,0,0,0
1198,14000227,75,0,377.067278551150,75.000000000000,48.000000000000,1.918120175774,e6a4810b1960de4c,8d15af1f9d36efa1,6caba776fd9ac91a,200,118,59.000000,308.203390,330.829905,1.000000,5.400000,423.253969,3.591667,372.233553,4.847458,4.006993,0.000000,0.494700,0.736842,0.344037,0.285000,300,2344,2344,32.000000,0,0,16,16,110,110,8,4,560.000000,572,0,0,95,105,0,95,13,9,4,0,13,4,4,4,0,0,0,0,0,82,0,82,82,82,0,0,0,0
1199,14000228,75,0,196.392699371742,75.000000000000,33.000000000000,2.216685717050,a3d992092f5e9675,8d15af1f9d36efa1,64dfc6ebe25593ee,200,153,76.500000,227.973856,201.115171,1.000000,3.200000,242.254265,3.343333,247.467441,3.313725,3.216963,0.000000,0.496524,0.714286,0.371747,0.248889,300,2520,2520,32.000000,0,0,16,16,79,79,10,0,500.000000,507,0,0,63,137,0,63,16,11,5,0,16,5,5,5,0,0,0,0,0,47,0,47,47,47,0,0,0,0
1200,14000229,75,0,134.602180823691,75.000000000000,40.000000000000,2.628247479260,5ded8bd7e28331a4,8d15af1f9d36efa1,a5cbfe21da5659a6,200,106,53.000000,265.858491,231.673047,0.800000,2.700000,270.178609,4.802083,325.714523,4.254717,4.124169,0.000000,0.544904,0.729730,0.399467,0.315630,300,2728,2728,32.000000,0,0,16,16,100,100,8,8,540.000000,451,0,0,85,96,0,85,11,7,4,0,11,4,4,3,1,0,0,0,0,74,40,54,94,75,19,0,0,0
1201,14000230,75,0,227.209817854169,175.000000000000,55.000000000000,1.502945776237,16f946695e66c87b,8d15af1f9d36efa1,272490393829bc5c,200,200,100.000000,280.455000,267.078001,1.000000,4.100000,339.297220,3.653690,351.401836,4.370000,3.075515,0.000000,0.321429,0.674267,0.255537,0.085774,300,2344,2344,32.000000,0,0,16,16,40,40,2,0,414.000000,874,0,0,20,180,0,20,20,19,1,0,20,1,1,1,0,0,0,0,0,0,0,0,0,0,0,0,0,0
1202,14000231,75,0,383.225256372985,175.000000000000,52.000000000000,2.491802853190,2717df7ca6322bee,8d15af1f9d36efa1,a1d4d5ae7fdbfa0f,200,195,97.500000,250.528205,249.689071,1.000000,3.400000,291.706478,3.625000,297.195308,3.430769,3.578475,0.000000,0.388483,0.680000,0.309598,0.123198,300,2128,2128,31.000000,0,0,16,15,46,46,2,2,425.000000,669,0,0,25,175,0,25,20,19,1,0,20,1,1,1,0,0,0,0,0,5,0,5,5,5,0,0,0,0
1203,14000232,75,0,286.837198686395,325.000000000000,42.000000000000,1.962184377473,ca83a6282953c822,8d15af1f9d36efa1,bc8aade98eea8c25,200,186,93.000000,252.413978,260.392897,1.000000,3.900000,300.150622,3.187857,302.310482,3.913978,3.365385,0.000000,0.376712,0.687500,0.291829,0.129187,300,2032,2032,32.000000,0,0,16,16,52,52,4,4,440.000000,728,0,0,32,168,0,32,18,16,2,0,18,2,2,2,0,0,0,0,0,14,0,14,14,14,0,0,0,0
1204,14000233,75,0,79.463443822106,175.000000000000,52.000000000000,2.664011010756,4c5e7d0fa8f0bbc1,8d15af1f9d36efa1,838173b9aa57eceb,200,200,100.000000,286.450000,275.121121,1.000000,4.300000,335.452075,3.716667,341.740964,4.435000,3.158963,0.000000,0.323417,0.679487,0.252738,0.093973,300,2080,2080,32.000000,0,0,16,16,42,42,8,4,424.000000,887,0,0,20,180,0,20,20,16,4,0,20,4,4,4,0,0,0,0,0,0,0,0,0,0,0,0,0,0
1205,14000234,75,0,121.841703979377,175.000000000000,63.000000000000,1.551600278493,1c7286cba7108787,8d15af1f9d36efa1,959a7d2689b391d0,200,180,90.000000,237.850000,237.858375,0.900000,3.200000,287.203926,4.342593,287.219561,3.850000,4.118326,0.000000,0.371714,0.672131,0.302115,0.101167,300,2456,2456,32.000000,0,0,16,16,38,38,2,0,410.000000,693,0,0,19,162,0,19,19,18,1,0,19,1,1,0,1,0,0,0,0,0,20,0,20,1,19,0,0,0
1206,14000235,75,0,80.361556208432,425.000000000000,45.000000000000,2.302053341834,c335de45e1629285,8d15af1f9d36efa1,b4d1dff5564a5a54,200,150,75.000000,284.926667,257.718650,1.000000,3.900000,307.630000,3.540000,319.937196,4.186667,3.402866,0.000000,0.450088,0.719888,0.323276,0.224691,300,2432,2432,32.000000,0,0,16,16,84,84,14,4,514.000000,628,0,0,66,134,0,66,16,9,7,0,16,7,7,7,0,0,0,0,0,50,0,50,50,50,0,0,0,0
1207,14000236,75,0,63.945307978289,325.000000000000,64.000000000000,1.889788231947,418f76ab071cc4ab,8d15af1f9d36efa1,11c1f4e9e47563b8,200,172,86.000000,305.645349,263.458917,1.000000,4.200000,323.087475,4.023889,345.268614,4.500000,3.277778,0.000000,0.384738,0.707602,0.279330,0.164147,300,2400,2400,32.000000,0,0,16,16,71,71,10,6,484.000000,774,0,0,48,152,0,48,20,15,5,0,20,5,5,5,0,0,0,0,0,28,0,28,28,28,0,0,0,0
1208,14000237,75,0,133.524237636493,175.000000000000,37.000000000000,2.905166961241,c1540b5a4c9218b5,8d15af1f9d36efa1,e54c19ad8f0c9e31,200,198,99.000000,256.232323,250.260073,1.000000,4.200000,308.590341,3.555476,316.683340,4.191919,3.362651,0.000000,0.337061,0.678457,0.265487,0.097826,300,2240,2240,32.000000,0,0,16,16,42,42,6,0,422.000000,830,0,0,22,178,0,22,20,17,3,0,20,3,3,3,0,0,0,0,0,2,0,2,2,2,0,0,0,0
1209,14000238,75,0,170.885755461468,425.000000000000,37.000000000000,1.973885336804,b81e238ccbff2306,8d15af1f9d36efa1,510a501230d79508,200,151,75.500000,274.741722,299.574408,1.000000,4.200000,328.514699,4.015000,325.415821,4.125828,3.624398,0.000000,0.448184,0.716714,0.325027,0.218319,300,2392,2392,32.000000,0,0,16,16,80,80,14,2,506.000000,623,0,0,64,136,0,64,15,8,7,0,15,7,7,7,0,0,0,0,0,49,0,49,49,49,0,0,0,0
1210,14000239,75,0,380.983636446847,75.000000000000,33.000000000000,2.711425894034,15e251067aff7ecb,8d15af1f9d36efa1,9f29d7cab9024e51,200,165,82.500000,307.436364,314.778373,1.000000,4.400000,355.783176,3.809048,361.228552,4.357576,3.817803,0.000000,0.404308,0.709302,0.294406,0.178286,300,2136,2136,32.000000,0,0,16,16,70,70,16,2,488.000000,719,0,0,52,148,0,52,17,9,8,0,17,8,8,8,0,0,0,0,0,35,0,35,35,35,0,0,0,0
1211,14000240,75,0,321.686421570713,425.000000000000,39.000000000000,2.135513336978,27267a0bfa3529b4,8d15af1f9d36efa1,6a36f4d531fee571,200,185,92.500000,315.816216,322.340929,1.000000,5.200000,403.529145,4.098810,387.081929,4.972973,3.815217,0.000000,0.327485,0.691358,0.245902,0.111969,300,2160,2160,32.000000,0,0,16,16,53,53,10,0,448.000000,920,0,0,34,166,0,34,19,14,5,0,19,5,5,5,0,0,0,0,0,15,0,15,15,15,0,0,0,0
1212,14000241,75,0,8.928302580921,325.000000000000,61.000000000000,2.686070084399,907b96ca32d147ff,8d15af1f9d36efa1,3b610998c89ea200,200,200,100.000000,261.120000,245.269778,1.000000,3.700000,299.858079,3.668333,300.302314,3.700000,3.891892,0.000000,0.368601,0.683544,0.288462,0.119048,300,2352,2352,32.000000,0,0,16,16,41,41,18,2,432.000000,740,0,0,20,180,0,20,20,11,9,0,20,9,9,9,0,0,0,0,0,0,0,0,0,0,0,0,0,0
1213,14000242,75,0,82.321305153552,325.000000000000,46.000000000000,2.849027547972,e7f05b4d23760c3,8d15af1f9d36efa1,a2a7621b9da25e05,200,193,96.500000,241.062176,219.548102,1.000000,3.800000,289.222111,3.641667,284.800947,3.787565,3.377565,0.000000,0.374679,0.686520,0.290980,0.126643,300,2368,2368,32.000000,0,0,16,16,47,47,12,0,438.000000,731,0,0,27,173,0,27,20,14,6,0,20,6,6,6,0,0,0,0,0,7,0,7,7,7,0,0,0,0
1214,14000243,75,0,357.896994577347,75.000000000000,39.000000000000,2.015288638043,89471a50005d83b4,8d15af1f9d36efa1,9b4ca100c609ef8a,200,106,53.000000,249.481132,227.401953,1.000000,3.600000,273.760717,3.714762,273.753412,3.594340,3.577428,0.000000,0.604361,0.744246,0.440529,0.396197,300,2176,2176,32.000000,0,0,16,16,121,121,8,2,582.000000,381,0,0,107,93,0,107,13,9,4,0,13,4,4,4,0,0,0,0,0,94,0,94,94,94,0,0,0,0
1215,14000244,75,0,57.620101724810,325.000000000000,57.000000000000,2.623292229867,15cd2e4a56908dc9,8d15af1f9d36efa1,4e2a9438bd2517ae,200,180,90.000000,308.350000,301.400392,1.000000,4.300000,361.515569,4.645000,378.929123,4.677778,3.975059,0.000000,0.355283,0.698795,0.262697,0.135524,300,2768,2768,32.000000,0,0,16,16,58,58,16,0,464.000000,842,0,0,39,161,0,39,19,11,8,0,19,8,8,8,0,0,0,0,0,20,0,20,20,20,0,0,0,0
1216,14000245,75,0,134.332606197093,325.000000000000,62.000000000000,1.861342692349,c6d259d291b9f5a1,8d15af1f9d36efa1,96ce2c14fce26bfa,200,200,100.000000,241.705000,255.213924,1.000000,3.700000,295.410652,4.351667,288.435777,3.700000,4.405405,0.000000,0.358752,0.674267,0.288462,0.099757,300,2552,2552,32.000000,0,0,16,16,40,40,2,0,414.000000,740,0,0,20,180,0,20,20,19,1,0,20,1,1,1,0,0,0,0,0,0,0,0,0,0,0,0,0,0
1217,14000246,75,0,493.528047343091,175.000000000000,62.000000000000,2.068665388633,96e1bfbbc20c059,8d15af1f9d36efa1,bb2f65b0cbda32ef,200,132,66.000000,278.393939,285.615778,1.000000,4.000000,320.905285,3.983333,327.884773,4.196970,4.066787,0.000000,0.488458,0.725652,0.351288,0.263298,300,2232,2232,31.000000,0,0,16,15,94,94,10,0,529.000000,554,0,0,81,119,0,81,13,8,5,0,13,5,5,5,0,0,0,0,0,68,0,68,68,68,0,0,0,0
1218,14000247,75,0,143.731254408226,325.000000000000,54.000000000000,1.954744397076,3b4404b52faa0417,8d15af1f9d36efa1,cf7a25c1d512b0f1,200,184,92.000000,220.614130,234.744611,1.000000,3.300000,264.063726,4.083333,260.970361,3.532609,3.670769,0.000000,0.405850,0.689441,0.315789,0.146982,300,2320,2320,32.000000,0,0,16,16,56,56,0,0,444.000000,650,0,0,36,164,0,36,20,20,0,0,20,0,0,0,0,0,0,0,0,16,0,16,16,16,0,0,0,0
1219,14000248,75,0,151.784037868969,325.000000000000,57.000000000000,1.693359819027,66ba9418924cafed,8d15af1f9d36efa1,d20a050045643b6,200,196,98.000000,227.403061,246.814547,1.000000,3.500000,278.927390,3.636905,275.577542,3.525510,3.615051,0.000000,0.379155,0.678457,0.302725,0.115237,300,2480,2480,32.000000,0,0,16,16,44,44,2,0,422.000000,691,0,0,24,176,0,24,20,19,1,0,20,1,1,1,0,0,0,0,0,4,0,4,4,4,0,0,0,0
1220,14000249,75,0,100.849327599305,175.000000000000,63.000000000000,1.775341434973,4e5345fcfeadd0dc,8d15af1f9d36efa1,78cc7546252bd3a3,200,200,100.000000,230.265000,227.173930,1.000000,3.400000,264.060548,3.495000,258.964559,3.465000,3.212121,0.000000,0.381802,0.681529,0.302115,0.121673,300,2208,2208,32.000000,0,0,16,16,42,42,12,4,428.000000,693,0,0,20,180,0,20,20,14,6,0,20,6,6,6,0,0,0,0,0,0,0,0,0,0,0,0,0,0
1221,14000250,75,0,383.786534595982,425.000000000000,48.000000000000,2.059213473920,c8982ee99dfa9e99,8d15af1f9d36efa1,c9bdf2d30689a408,200,167,83.500000,254.023952,267.162388,1.000000,3.800000,295.236496,3.656667,282.444868,3.664671,3.472222,0.000000,0.438532,0.705015,0.328947,0.192612,300,2288,2288,32.000000,0,0,16,16,66,66,14,2,478.000000,612,0,0,49,151,0,49,16,9,7,0,16,7,7,7,0,0,0,0,0,33,0,33,33,33,0,0,0,0
1222,14000251,75,0,354.412687916465,325.000000000000,56.000000000000,1.588177664833,fc3e3c77f354d1dc,8d15af1f9d36efa1,cf29680c1a5afaa5,200,197,98.500000,297.269036,295.128752,1.000000,4.300000,358.270635,3.972381,370.777607,4.517766,3.698876,0.000000,0.321646,0.678457,0.252101,0.091837,300,2168,2168,32.000000,0,0,16,16,43,43,4,0,422.000000,890,0,0,23,177,0,23,20,18,2,0,20,2,2,2,0,0,0,0,0,3,0,3,3,3,0,0,0,0
1223,14000252,75,0,432.557099956938,325.000000000000,58.000000000000,1.686778701888,a34bf2ac5314d1f4,8d15af1f9d36efa1,9b662347c7d1ce9b,200,184,92.000000,304.543478,319.817967,1.000000,4.500000,377.098905,3.940714,373.254494,4.505435,3.550060,0.000000,0.350822,0.691358,0.265722,0.122751,300,2392,2392,32.000000,0,0,16,16,56,56,4,0,448.000000,829,0,0,36,164,0,36,20,18,2,0,20,2,2,2,0,0,0,0,0,16,0,16,16,16,0,0,0,0
1224,14000253,75,0,11.495898704066,425.000000000000,42.000000000000,2.656192563193,e7e463ea530945e2,8d15af1f9d36efa1,8fefa45f2f704ba6,200,153,76.500000,261.732026,264.885356,1.000000,4.100000,293.484813,4.134762,290.278708,3.888889,3.902521,0.000000,0.459582,0.716714,0.335196,0.226268,300,2368,2368,32.000000,0,0,16,16,77,77,20,0,506.000000,595,0,0,62,138,0,62,15,5,10,0,15,10,10,10,0,0,0,0,0,47,0,47,47,47,0,0,0,0
1225,14000254,75,0,483.320302895425,425.000000000000,45.000000000000,2.378004643663,fd31a43047dd255b,8d15af1f9d36efa1,aaa6e46333fbfaaa,200,106,53.000000,324.613208,315.200491,1.000000,5.200000,376.698327,2.893214,377.198338,5.056604,2.550373,0.000000,0.519713,0.743590,0.358852,0.316327,300,2328,2328,32.000000,0,0,16,16,117,117,14,2,580.000000,536,0,0,105,95,0,105,11,4,7,0,11,7,7,7,0,0,0,0,0,94,0,94,94,94,0,0,0,0
1226,14000255,75,0,356.765337388979,75.000000000000,24.000000000000,2.835888679395,bf11df55537dac7d,8d15af1f9d36efa1,b6db6fa4e0fdab64,200,171,85.500000,226.695906,243.033941,0.900000,2.900000,256.580197,4.670370,252.220895,3.315789,4.208113,0.000000,0.431294,0.682540,0.346021,0.147368,300,2760,2760,32.000000,0,0,16,16,47,47,4,4,430.000000,567,0,0,27,154,0,27,18,16,2,0,18,2,2,1,1,0,0,0,0,9,20,9,29,10,19,0,0,0
1227,14000256,75,0,418.277991225567,75.000000000000,42.000000000000,2.804087566278,c37c8b2195833212,8d15af1f9d36efa1,d283f86866864e2f,200,152,76.000000,230.026316,204.343361,1.000000,3.100000,247.501667,3.958333,263.619229,3.401316,3.504836,0.000000,0.487611,0.710983,0.367197,0.236337,300,2296,2296,32.000000,0,0,16,16,76,76,8,0,492.000000,517,0,0,62,138,0,62,14,10,4,0,14,4,4,4,0,0,0,0,0,48,0,48,48,48,0,0,0,0
1228,14000257,75,0,93.699922691346,75.000000000000,35.000000000000,2.786531217241,48427e1d05faff88,8d15af1f9d36efa1,980848ef5bd2e9ac,200,174,87.000000,246.316092,248.149668,1.000000,3.800000,293.441978,3.463095,279.786264,3.591954,3.315200,0.000000,0.427131,0.699700,0.324324,0.176548,300,2240,2240,32.000000,0,0,16,16,61,61,12,2,466.000000,625,0,0,43,157,0,43,17,11,6,0,17,6,6,6,0,0,0,0,0,26,0,26,26,26,0,0,0,0
1229,14000258,75,0,419.325235035082,175.000000000000,67.000000000000,1.828474426342,e07a68bc33766e8d,8d15af1f9d36efa1,9a9f6e00c576e30c,200,177,88.500000,176.887006,186.711402,1.000000,2.800000,200.386918,4.075000,196.650230,2.689266,3.834034,0.000000,0.487069,0.693252,0.386598,0.201342,300,2552,2552,32.000000,0,0,16,16,59,59,2,0,452.000000,476,0,0,41,159,0,41,18,17,1,0,18,1,1,1,0,0,0,0,0,23,0,23,23,23,0,0,0,0
1230,14000259,75,0,223.483348717189,175.000000000000,38.000000000000,1.921285312296,a0e9a439ebe3bba0,8d15af1f9d36efa1,4b1d2cf27c241740,200,186,93.000000,316.473118,311.520205,1.000000,4.800000,385.112274,3.152381,396.461419,4.962366,3.391116,0.000000,0.322817,0.687500,0.245298,0.104753,300,2136,2136,32.000000,0,0,16,16,52,52,4,4,440.000000,923,0,0,32,168,0,32,18,16,2,0,18,2,2,2,0,0,0,0,0,14,0,14,14,14,0,0,0,0
1231,14000260,75,0,161.536121797882,175.000000000000,46.000000000000,2.198242388077,b2dbb194d5ac6713,8d15af1f9d36efa1,d7da8291b7a79574,200,200,100.000000,322.685000,295.352887,1.000000,5.200000,406.847575,3.760397,410.515192,5.200000,3.582692,0.000000,0.287671,0.677419,0.223881,0.078014,300,2160,2160,32.000000,0,0,16,16,41,41,6,2,420.000000,1040,0,0,20,180,0,20,20,17,3,0,20,3,3,3,0,0,0,0,0,0,0,0,0,0,0,0,0,0
1232,14000261,75,0,277.934659469076,175.000000000000,38.000000000000,2.246024998912,3a7cab66293cbc,8d15af1f9d36efa1,1d9bb19749c946fa,200,186,93.000000,264.489247,283.496726,1.000000,4.100000,329.346806,3.720000,333.303093,4.107527,3.543194,0.000000,0.361204,0.683544,0.281955,0.115741,300,2272,2272,32.000000,0,0,16,16,50,50,0,0,432.000000,764,0,0,32,168,0,32,18,18,0,0,18,0,0,0,0,0,0,0,0,14,0,14,14,14,0,0,0,0
1233,14000262,75,0,364.417302413565,325.000000000000,55.000000000000,2.415028522066,3b494f75e775fddb,8d15af1f9d36efa1,ccf6890d5bd90585,200,188,94.000000,293.952128,304.492804,1.000000,4.700000,374.179450,4.107619,365.234421,4.787234,3.900000,0.000000,0.326347,0.685535,0.250000,0.103586,300,2576,2576,32.000000,0,0,16,16,52,52,0,0,436.000000,900,0,0,32,168,0,32,20,20,0,0,20,0,0,0,0,0,0,0,0,12,0,12,12,12,0,0,0,0
1234,14000263,75,0,128.850435096260,325.000000000000,37.000000000000,2.689808609063,fac88db1fdd23334,8d15af1f9d36efa1,6bf38a4e3ac92af,200,199,99.500000,288.783920,290.492441,1.000000,4.200000,336.639817,3.616667,350.874309,4.457286,3.547914,0.000000,0.322383,0.678457,0.252738,0.092119,300,2440,2440,32.000000,0,0,16,16,42,42,6,2,422.000000,887,0,0,21,179,0,21,20,17,3,0,20,3,3,3,0,0,0,0,0,1,0,1,1,1,0,0,0,0
1235,14000264,75,0,410.829058938990,325.000000000000,46.000000000000,2.746868542375,a0744b306ca2c431,8d15af1f9d36efa1,5fb5737b78f6acb2,200,173,86.500000,256.959538,267.446827,0.900000,3.500000,304.475968,3.626984,303.667834,3.959538,3.487591,0.000000,0.386750,0.683544,0.304569,0.127389,300,2160,2160,32.000000,0,0,16,16,45,45,10,0,432.000000,685,0,0,26,155,0,26,19,14,5,0,19,5,5,4,1,0,0,0,0,7,20,7,27,8,19,0,0,0
1236,14000265,75,0,429.571517281240,425.000000000000,48.000000000000,2.100648410580,c6a3a75e93d2cb81,8d15af1f9d36efa1,6b18c340d6c1655f,200,167,83.500000,291.874251,304.074893,1.000000,4.700000,378.013040,3.361905,347.916105,4.592814,3.396349,0.000000,0.387869,0.708455,0.281162,0.167210,300,2208,2208,32.000000,0,0,16,16,68,68,18,2,486.000000,767,0,0,50,150,0,50,17,8,9,0,17,9,9,9,0,0,0,0,0,33,0,33,33,33,0,0,0,0
1237,14000266,75,0,263.897066955480,75.000000000000,29.000000000000,1.839679231050,e7d541b462a01e5f,8d15af1f9d36efa1,367097853c92caa,200,180,90.000000,291.627778,279.499198,1.000000,4.400000,355.634551,3.346667,362.636009,4.605556,3.431846,0.000000,0.351837,0.692308,0.265722,0.124604,300,2368,2368,32.000000,0,0,16,16,56,56,6,0,450.000000,829,0,0,38,162,0,38,18,15,3,0,18,3,3,3,0,0,0,0,0,20,0,20,20,20,0,0,0,0
1238,14000267,75,0,466.214454695883,75.000000000000,56.000000000000,2.249347751252,c8092074fde07967,8d15af1f9d36efa1,67f6f90568ed5fd3,200,129,64.500000,271.790698,280.795049,1.000000,4.400000,336.511331,3.815000,304.640079,4.054264,3.686424,0.000000,0.507996,0.729730,0.364520,0.284542,300,2360,2360,32.000000,0,0,16,16,100,100,8,2,540.000000,523,0,0,85,115,0,85,14,10,4,0,14,4,4,4,0,0,0,0,0,71,0,71,71,71,0,0,0,0
1239,14000268,75,0,295.305648402584,325.000000000000,36.000000000000,2.247522400572,a7b4f91e4dc55959,8d15af1f9d36efa1,2668a7501274b716,200,20,10.000000,137.350000,364.871660,0.100000,0.200000,145.795452,4.500000,145.795452,2.000000,4.500000,0.000000,0.906542,0.659864,0.882353,0.583333,300,2384,2384,32.000000,0,0,16,16,20,20,16,0,388.000000,40,0,0,10,18,0,10,10,2,8,0,10,8,8,0,8,0,0,0,0,0,180,0,180,8,172,0,0,0
1240,14000269,75,0,78.423585688749,425.000000000000,30.000000000000,2.990782181026,24bb03864baa5a62,8d15af1f9d36efa1,9b492700c606ea65,200,103,51.500000,285.864078,335.078364,0.600000,2.500000,329.972303,3.238095,329.614837,4.174757,3.504651,0.000000,0.534632,0.711816,0.410959,0.273649,300,2184,2184,32.000000,0,0,16,16,70,70,22,0,494.000000,430,0,0,55,92,0,55,15,4,11,0,15,11,11,7,4,0,0,0,0,40,80,17,97,44,53,0,0,0
1241,14000270,75,0,112.669561065834,175.000000000000,64.000000000000,1.588061228427,af67b13161cc30f3,8d15af1f9d36efa1,1dc72d1e6d7e8bd2,200,200,100.000000,228.820000,216.395530,1.000000,3.500000,264.152502,3.770833,270.289597,3.600000,3.340278,0.000000,0.363958,0.673203,0.294118,0.100000,300,2240,2240,32.000000,0,0,16,16,40,40,0,0,412.000000,720,0,0,20,180,0,20,20,20,0,0,20,0,0,0,0,0,0,0,0,0,0,0,0,0,0,0,0,0
1242,14000271,75,0,72.843809172995,325.000000000000,52.000000000000,2.528841529723,1117eb0f970a8465,8d15af1f9d36efa1,cf4d502f974451bd,200,196,98.000000,342.831633,315.903758,1.000000,4.600000,371.858763,4.090238,422.096342,5.306122,3.000962,0.000000,0.297297,0.687500,0.223881,0.094077,300,2392,2392,32.000000,0,0,16,16,46,46,16,4,440.000000,1040,0,0,24,176,0,24,20,12,8,0,20,8,8,8,0,0,0,0,0,4,0,4,4,4,0,0,0,0
1243,14000272,75,0,469.657943821723,75.000000000000,49.000000000000,1.515875881997,988efbe4723a646c,8d15af1f9d36efa1,c52366a76f12b405,200,144,72.000000,256.208333,207.867349,1.000000,3.900000,283.490652,2.864524,298.536878,3.965278,2.528897,0.000000,0.474701,0.720670,0.344432,0.243709,300,2016,2016,32.000000,0,0,16,16,86,86,12,0,516.000000,571,0,0,71,129,0,71,15,9,6,0,15,6,6,6,0,0,0,0,0,56,0,56,56,56,0,0,0,0
1244,14000273,75,0,412.972073240806,425.000000000000,43.000000000000,2.363302942702,57edddf5152fd0f0,8d15af1f9d36efa1,9b5a5300c615a85c,200,133,66.500000,190.428571,176.450907,1.000000,2.800000,212.049489,4.405000,203.975147,2.804511,3.873995,0.000000,0.584169,0.723757,0.445765,0.339823,300,2272,2272,32.000000,0,0,16,16,93,93,6,0,524.000000,373,0,0,80,120,0,80,13,10,3,0,13,3,3,3,0,0,0,0,0,67,0,67,67,67,0,0,0,0
1245,14000274,75,0,289.674355963361,175.000000000000,44.000000000000,1.782729555532,fdb382af40b7be55,8d15af1f9d36efa1,70fc719e1c13d7ad,200,200,100.000000,240.405000,267.274504,1.000000,3.800000,300.392784,3.448333,290.617453,3.800000,3.244737,0.000000,0.351536,0.673203,0.283019,0.095238,300,2264,2264,32.000000,0,0,16,16,40,40,0,0,412.000000,760,0,0,20,180,0,20,20,20,0,0,20,0,0,0,0,0,0,0,0,0,0,0,0,0,0,0,0,0
1246,14000275,75,0,15.426156532767,325.000000000000,58.000000000000,1.525001292882,3cf107d211142ff8,8d15af1f9d36efa1,1a5f8e44c6606d31,200,159,79.500000,278.201258,218.283004,1.000000,4.800000,341.488885,2.851667,333.083560,4.779874,2.631579,0.000000,0.388084,0.706745,0.283019,0.164835,300,2112,2112,32.000000,0,0,16,16,70,70,10,0,482.000000,760,0,0,56,144,0,56,15,10,5,0,15,5,5,5,0,0,0,0,0,41,0,41,41,41,0,0,0,0
1247,14000276,75,0,448.601322680047,425.000000000000,41.000000000000,2.535179701752,9f7a176e3b59ac98,8d15af1f9d36efa1,7a23321d553795c2,200,103,51.500000,226.961165,197.447515,0.900000,2.700000,225.583306,3.615079,262.926180,3.582524,3.861789,0.000000,0.601081,0.735450,0.448430,0.377740,300,2224,2224,32.000000,0,0,16,16,108,108,8,0,556.000000,369,0,0,96,92,0,96,12,8,4,0,12,4,4,3,1,0,0,0,0,84,20,77,97,85,12,0,0,0
1248,14000277,75,0,411.530344368081,425.000000000000,45.000000000000,2.071864613357,ebae9821b4bc665a,8d15af1f9d36efa1,3c5a8cd7d9f2e766,200,179,89.500000,266.039106,280.808058,1.000000,4.100000,327.302124,3.778333,314.929341,3.994413,3.525874,0.000000,0.390452,0.696049,0.295567,0.149822,300,2304,2304,32.000000,0,0,16,16,55,55,16,0,458.000000,715,0,0,38,162,0,38,17,9,8,0,17,8,8,8,0,0,0,0,0,21,0,21,21,21,0,0,0,0
1249,14000278,75,0,121.599814610007,425.000000000000,37.000000000000,2.212557624612,b23359b599e09e57,8d15af1f9d36efa1,65b1e985ddc5a9cb,200,138,69.000000,279.413043,218.064894,1.000000,3.700000,299.757938,3.695000,316.272117,4.007246,3.311031,0.000000,0.486537,0.723757,0.351700,0.257718,300,2488,2488,32.000000,0,0,16,16,92,92,8,4,524.000000,553,0,0,76,124,0,76,14,10,4,0,14,4,4,4,0,0,0,0,0,62,0,62,62,62,0,0,0,0
1250,14000279,75,0,131.047617230012,175.000000000000,51.000000000000,2.242180979639,a4f28155ff91c443,8d15af1f9d36efa1,ceca80ac52143587,200,181,90.500000,290.850829,281.866385,1.000000,4.500000,359.750259,3.579167,357.696624,4.569061,3.379686,0.000000,0.354411,0.694190,0.266193,0.128556,300,2272,2272,32.000000,0,0,16,16,58,58,6,6,454.000000,827,0,0,37,163,0,37,18,15,3,0,18,3,3,3,0,0,0,0,0,19,0,19,19,19,0,0,0,0
1251,14000280,75,0,348.457785828773,175.000000000000,47.000000000000,2.250689701257,7cda3bfb37efd196,8d15af1f9d36efa1,cfb94b4fe15712eb,200,193,96.500000,215.243523,222.033290,1.000000,3.600000,263.772627,3.751190,257.529870,3.476684,3.374069,0.000000,0.387215,0.679487,0.308960,0.120577,300,2176,2176,32.000000,0,0,16,16,46,46,0,2,424.000000,671,0,0,26,174,0,26,19,19,0,0,19,0,0,0,0,0,0,0,0,7,0,7,7,7,0,0,0,0
1252,14000281,75,0,447.958030336075,175.000000000000,58.000000000000,2.775265347218,c9a565ad73f23160,8d15af1f9d36efa1,8800a0a0b7bd9c21,200,175,87.500000,219.171429,232.229539,1.000000,3.200000,258.491103,4.271667,252.720650,3.222857,4.122340,0.000000,0.449219,0.696970,0.347222,0.184971,300,2424,2424,32.000000,0,0,16,16,63,63,2,4,460.000000,564,0,0,43,157,0,43,18,17,1,0,18,1,1,1,0,0,0,0,0,25,0,25,25,25,0,0,0,0
1253,14000282,75,0,139.741912450251,75.000000000000,27.000000000000,2.926950812244,be1a9ed75add9c8a,8d15af1f9d36efa1,e93413b024b166c7,200,154,77.000000,291.175325,281.559529,1.000000,4.500000,339.898479,4.445952,352.472468,4.474026,4.583454,0.000000,0.420521,0.714286,0.303337,0.196033,300,2576,2576,32.000000,0,0,16,16,78,78,12,0,500.000000,689,0,0,62,138,0,62,16,10,6,0,16,6,6,6,0,0,0,0,0,46,0,46,46,46,0,0,0,0
1254,14000283,75,0,26.594903377687,75.000000000000,49.000000000000,1.826167350404,8719ec54c4a5264f,8d15af1f9d36efa1,9b058f00c5cdce51,200,141,70.500000,270.574468,281.412860,1.000000,4.000000,320.397640,4.183810,307.157991,3.801418,4.218284,0.000000,0.499065,0.727520,0.358852,0.273713,300,2272,2272,32.000000,0,0,16,16,94,94,14,6,534.000000,536,0,0,75,125,0,75,16,9,7,0,16,7,7,7,0,0,0,0,0,59,0,59,59,59,0,0,0,0
1255,14000284,75,0,158.283235937815,175.000000000000,43.000000000000,2.169004595232,9c840650cf5aff3,8d15af1f9d36efa1,805c98c7edac6f6e,200,200,100.000000,256.475000,264.747544,1.000000,4.200000,329.816746,3.467500,312.300901,4.300000,3.567442,0.000000,0.324961,0.674267,0.258621,0.087049,300,2048,2048,32.000000,0,0,16,16,40,40,2,0,414.000000,860,0,0,20,180,0,20,20,19,1,0,20,1,1,1,0,0,0,0,0,0,0,0,0,0,0,0,0,0
1256,14000285,75,0,420.577597949653,175.000000000000,45.000000000000,2.915951145847,2b4ef8496b582ce8,8d15af1f9d36efa1,7d6e27024f8703fc,200,198,99.000000,268.000000,246.920344,1.000000,3.900000,302.200885,4.174524,318.046212,4.136364,3.478632,0.000000,0.344275,0.682540,0.268097,0.106870,300,2432,2432,32.000000,0,0,16,16,46,46,6,8,430.000000,819,0,0,22,178,0,22,20,17,3,0,20,3,3,3,0,0,0,0,0,2,0,2,2,2,0,0,0,0
1257,14000286,75,0,270.303076236548,325.000000000000,38.000000000000,1.767818133220,37612b3faa8345ec,8d15af1f9d36efa1,642ce2a1c5615baf,200,171,85.500000,225.122807,222.450482,1.000000,3.300000,252.129168,3.307143,267.402081,3.543860,2.844884,0.000000,0.450091,0.712644,0.331126,0.212987,300,2088,2088,32.000000,0,0,16,16,81,81,2,40,496.000000,606,0,0,45,155,0,45,16,15,1,0,16,1,1,1,0,0,0,0,0,29,0,29,29,29,0,0,0,0
1258,14000287,75,0,419.920697309518,175.000000000000,56.000000000000,2.502750489745,a71997cc0e23bdd5,8d15af1f9d36efa1,8acee5c9c58722d6,200,200,100.000000,326.390000,321.791206,1.000000,4.900000,379.680766,3.142540,402.220945,5.230000,2.977055,0.000000,0.289402,0.680511,0.222883,0.082456,300,2032,2032,32.000000,0,0,16,16,43,43,8,6,426.000000,1046,0,0,20,180,0,20,20,16,4,0,20,4,4,4,0,0,0,0,0,0,0,0,0,0,0,0,0,0
1259,14000288,75,0,318.526071907736,75.000000000000,35.000000000000,2.450683177679,c6e656e481c0c53f,8d15af1f9d36efa1,53093e044abdb5f4,200,94,47.000000,282.787234,233.009585,1.000000,3.800000,300.585324,3.946667,322.939866,4.000000,3.664894,0.000000,0.611570,0.747475,0.443787,0.408805,300,2208,2208,32.000000,0,0,16,16,126,126,8,0,592.000000,376,0,0,116,84,0,116,10,6,4,0,10,4,4,4,0,0,0,0,0,106,0,106,106,106,0,0,0,0
1260,14000289,75,0,91.338584098340,425.000000000000,44.000000000000,2.144591404710,7248bf9694f716f,8d15af1f9d36efa1,45c01e3b6be21b1,200,186,93.000000,250.322581,273.943490,1.000000,4.200000,320.809391,3.166667,304.877387,4.021505,3.127005,0.000000,0.374582,0.691358,0.286260,0.134259,300,2088,2088,32.000000,0,0,16,16,52,52,12,0,448.000000,748,0,0,33,167,0,33,19,13,6,0,19,6,6,6,0,0,0,0,0,14,0,14,14,14,0,0,0,0
1261,14000290,75,0,499.708208114064,175.000000000000,63.000000000000,1.959204396349,5691a1d1e2b90c10,8d15af1f9d36efa1,7bbfd7d514d43dc7,200,140,70.000000,261.892857,235.625354,0.900000,3.300000,303.454714,3.331746,285.384175,3.557143,3.433735,0.000000,0.501002,0.714286,0.375940,0.252252,300,2056,2056,32.000000,0,0,16,16,75,75,18,6,500.000000,498,0,0,56,125,0,56,16,7,9,0,16,9,9,8,1,0,0,0,0,40,20,40,60,41,19,0,0,0
1262,14000291,75,0,283.125843886690,325.000000000000,38.000000000000,1.673649120976,da7c15c57265f2d6,8d15af1f9d36efa1,6afd38503919296f,200,200,100.000000,245.175000,236.949960,1.000000,3.700000,292.803743,3.856190,296.920651,3.800000,3.443421,0.000000,0.351536,0.673203,0.283019,0.095238,300,2224,2224,32.000000,0,0,16,16,40,40,0,0,412.000000,760,0,0,20,180,0,20,20,20,0,0,20,0,0,0,0,0,0,0,0,0,0,0,0,0,0,0,0,0
1263,14000292,75,0,4.769061322674,75.000000000000,42.000000000000,2.670958558179,3b2eaf17b47ba9d8,8d15af1f9d36efa1,beac29b2e8b06561,200,121,60.500000,337.884298,313.362961,0.900000,4.300000,360.070713,4.163889,385.746577,5.231405,3.156398,0.000000,0.453368,0.724138,0.321543,0.234583,300,2328,2328,31.000000,0,0,16,15,85,85,24,0,525.000000,633,0,0,72,109,0,72,13,1,12,0,13,12,12,11,1,0,0,0,0,59,20,59,79,60,19,0,0,0
1264,14000293,75,0,81.386745634791,75.000000000000,39.000000000000,2.409078049344,3daeed16ecb25209,8d15af1f9d36efa1,2869886e27568968,200,178,89.000000,309.241573,275.781335,1.000000,4.400000,343.969068,3.355714,367.436310,4.595506,3.448655,0.000000,0.359937,0.696970,0.268336,0.135307,300,2416,2416,32.000000,0,0,16,16,59,59,10,2,460.000000,818,0,0,40,160,0,40,18,13,5,0,18,5,5,5,0,0,0,0,0,22,0,22,22,22,0,0,0,0
1265,14000294,75,0,312.285161931592,425.000000000000,32.000000000000,2.300270247742,82e77a66a57ddf5c,8d15af1f9d36efa1,9aedb800c5b9821b,200,185,92.500000,215.821622,201.181193,1.000000,3.300000,261.740882,3.590000,245.892894,3.324324,3.230894,0.000000,0.419263,0.689441,0.327869,0.154058,300,2488,2488,32.000000,0,0,16,16,52,52,8,2,444.000000,615,0,0,33,167,0,33,18,14,4,0,18,4,4,4,0,0,0,0,0,15,0,15,15,15,0,0,0,0
1266,14000295,75,0,311.062289647219,75.000000000000,37.000000000000,1.568843297635,2c4d581a5b4ed280,8d15af1f9d36efa1,67b2f84fa66586e0,200,118,59.000000,258.474576,270.078448,1.000000,4.400000,335.100924,3.277381,304.987102,4.033898,3.239496,0.000000,0.536965,0.734043,0.386598,0.316092,300,2240,2240,32.000000,0,0,16,16,106,106,8,0,552.000000,476,0,0,94,106,0,94,12,8,4,0,12,4,4,4,0,0,0,0,0,82,0,82,82,82,0,0,0,0
1267,14000296,75,0,395.373453400416,75.000000000000,55.000000000000,1.612901954984,789f8d67486974a,8d15af1f9d36efa1,d8c676d70660791,200,140,70.000000,341.335714,277.285289,1.000000,4.600000,360.790182,4.518929,427.318551,5.600000,3.492347,0.000000,0.399694,0.722992,0.276753,0.195072,300,2808,2808,32.000000,0,0,16,16,90,90,10,0,522.000000,784,0,0,75,125,0,75,15,10,5,0,15,5,5,5,0,0,0,0,0,60,0,60,60,60,0,0,0,0
1268,14000297,75,0,363.670015048777,425.000000000000,40.000000000000,2.966946167635,389301c0e7638e16,8d15af1f9d36efa1,146a2d480c4aacf0,200,178,89.000000,284.848315,305.393424,1.000000,4.700000,360.741467,4.316667,345.365091,4.752809,4.094563,0.000000,0.348228,0.693252,0.261780,0.124224,300,2440,2440,32.000000,0,0,16,16,59,59,2,2,452.000000,846,0,0,40,160,0,40,18,17,1,0,18,1,1,1,0,0,0,0,0,22,0,22,22,22,0,0,0,0
1269,14000298,75,0,92.082503475937,175.000000000000,67.000000000000,1.855773462973,4bb61e64eacf96ad,8d15af1f9d36efa1,a451b14fc8ba310a,200,156,78.000000,214.903846,227.589209,0.800000,2.300000,227.120156,3.641667,258.994236,3.275641,3.917808,0.000000,0.454642,0.680511,0.369914,0.155372,300,2312,2312,32.000000,0,0,16,16,45,45,4,0,426.000000,511,0,0,27,140,0,27,18,16,2,0,18,2,2,0,2,0,0,0,0,9,40,4,44,11,33,0,0,0
1270,14000299,75,0,86.055484330483,175.000000000000,47.000000000000,2.797688224321,d44bd0b2a59a67a1,8d15af1f9d36efa1,edb66816d4fa2549,200,171,85.500000,247.233918,260.266167,0.900000,3.100000,292.701384,3.079630,285.675168,3.432749,3.277683,0.000000,0.428432,0.687500,0.338219,0.155396,300,1848,1848,32.000000,0,0,16,16,48,48,12,2,440.000000,587,0,0,28,153,0,28,19,13,6,0,19,6,6,5,1,0,0,0,0,9,20,9,29,10,19,0,0,0
1271,14000300,75,0,9.949336442273,175.000000000000,60.000000000000,2.680953801913,7c50fa9a104921ca,8d15af1f9d36efa1,bed2149814400ee4,200,192,96.000000,347.000000,306.839733,1.000000,4.800000,407.917107,3.676667,415.362763,4.906250,3.387473,0.000000,0.324247,0.693252,0.241546,0.112994,300,2464,2464,32.000000,0,0,16,16,51,51,18,6,452.000000,942,0,0,28,172,0,28,20,11,9,0,20,9,9,9,0,0,0,0,0,8,0,8,8,8,0,0,0,0
1272,14000301,75,0,10.660572865019,325.000000000000,65.000000000000,2.430403526529,4afbf6b6af192825,8d15af1f9d36efa1,282469aba4e61920,200,155,77.500000,213.948387,196.889352,1.000000,2.900000,215.658025,3.298333,239.864837,3.141935,3.293634,0.000000,0.506586,0.714286,0.381194,0.256489,300,2200,2200,32.000000,0,0,16,16,77,77,14,0,500.000000,487,0,0,61,139,0,61,16,9,7,0,16,7,7,7,0,0,0,0,0,45,0,45,45,45,0,0,0,0
1273,14000302,75,0,140.846949039061,75.000000000000,36.000000000000,2.139837361605,959a61ae0f44a648,8d15af1f9d36efa1,49f24f662c13b33,200,145,72.500000,185.572414,174.701081,1.000000,2.500000,196.073316,3.958333,214.953874,2.689655,3.694872,0.000000,0.560811,0.713467,0.434783,0.298561,300,2448,2448,32.000000,0,0,16,16,81,81,4,0,498.000000,390,0,0,68,132,0,68,13,11,2,0,13,2,2,2,0,0,0,0,0,55,0,55,55,55,0,0,0,0
1274,14000303,75,0,20.796933653223,175.000000000000,54.000000000000,2.871466251760,9eb28cc5e7b9c0f7,8d15af1f9d36efa1,f491561e2911422,200,173,86.500000,261.306358,257.741773,1.000000,3.800000,303.500217,4.186667,318.623622,4.000000,3.734104,0.000000,0.399306,0.696970,0.302419,0.156098,300,2496,2496,32.000000,0,0,16,16,61,61,6,0,460.000000,692,0,0,44,156,0,44,17,14,3,0,17,3,3,3,0,0,0,0,0,27,0,27,27,27,0,0,0,0
1275,14000304,75,0,325.952730458642,325.000000000000,37.000000000000,2.603360309702,9d89a0bc1ca6af54,8d15af1f9d36efa1,ba12bc4f43f1c749,200,193,96.500000,240.886010,245.537330,1.000000,3.800000,291.400958,3.891667,285.574215,3.720207,3.568245,0.000000,0.373473,0.681529,0.294695,0.117936,300,2168,2168,32.000000,0,0,16,16,47,47,2,4,428.000000,718,0,0,26,174,0,26,19,18,1,0,19,1,1,1,0,0,0,0,0,7,0,7,7,7,0,0,0,0
1276,14000305,75,0,454.144872165950,325.000000000000,46.000000000000,2.891668703686,bdb1c0cc0ef46279,8d15af1f9d36efa1,e1d3557bc2b72f70,200,189,94.500000,283.910053,265.435210,1.000000,4.400000,329.459691,3.580357,325.738016,4.523810,3.224561,0.000000,0.353741,0.700599,0.259740,0.137235,300,2360,2360,32.000000,0,0,16,16,62,62,12,26,468.000000,855,0,0,30,170,0,30,19,13,6,0,19,6,6,6,0,0,0,0,0,11,0,11,11,11,0,0,0,0
1277,14000306,75,0,55.734928446798,325.000000000000,49.000000000000,2.741501561600,f0aa2621a32f87d3,8d15af1f9d36efa1,d0fa1864de89e329,200,193,96.500000,291.481865,282.511518,1.000000,4.300000,341.039049,3.600952,354.037174,4.419689,3.203986,0.000000,0.337218,0.684543,0.260191,0.106806,300,2056,2056,32.000000,0,0,16,16,47,47,8,0,434.000000,853,0,0,27,173,0,27,20,16,4,0,20,4,4,4,0,0,0,0,0,7,0,7,7,7,0,0,0,0
1278,14000307,75,0,375.010304277106,175.000000000000,37.000000000000,2.951863799145,470cad308bc61b38,8d15af1f9d36efa1,d99a02b4a04b7843,200,187,93.500000,243.342246,251.228225,1.000000,3.900000,288.199321,2.881667,284.042880,3.941176,2.716418,0.000000,0.374894,0.688474,0.289296,0.129870,300,2032,2032,32.000000,0,0,16,16,54,54,2,2,442.000000,737,0,0,33,167,0,33,20,19,1,0,20,1,1,1,0,0,0,0,0,13,0,13,13,13,0,0,0,0
1279,14000308,75,0,364.374403536341,425.000000000000,39.000000000000,2.695017238759,7fc50413133ad69f,8d15af1f9d36efa1,99af4f56fa0e8915,200,133,66.500000,361.624060,284.323216,1.000000,5.300000,403.910930,3.262222,447.671858,5.954887,2.425505,0.000000,0.405405,0.729730,0.274725,0.208000,300,2224,2224,32.000000,0,0,16,16,98,98,12,10,540.000000,792,0,0,80,120,0,80,13,7,6,0,13,6,6,6,0,0,0,0,0,67,0,67,67,67,0,0,0,0
1280,14000309,75,0,48.583283072912,425.000000000000,40.000000000000,2.991592950099,1585d6381537104f,8d15af1f9d36efa1,eea578bde19bc041,200,171,85.500000,244.906433,265.685739,1.000000,3.900000,309.534436,3.938571,290.227236,3.748538,3.798752,0.000000,0.419910,0.698795,0.318810,0.170763,300,2360,2360,32.000000,0,0,16,16,63,63,6,0,464.000000,641,0,0,46,154,0,46,17,14,3,0,17,3,3,3,0,0,0,0,0,29,0,29,29,29,0,0,0,0
1281,14000310,75,0,205.520753851804,325.000000000000,54.000000000000,1.543799621085,b5a95b477fecf6a7,8d15af1f9d36efa1,26a27b5012a5e499,200,200,100.000000,250.165000,247.376783,1.000000,3.900000,307.651854,3.530000,299.491401,4.035000,3.447336,0.000000,0.341224,0.676375,0.271003,0.096305,300,2400,2400,32.000000,0,0,16,16,41,41,4,2,418.000000,807,0,0,20,180,0,20,20,18,2,0,20,2,2,2,0,0,0,0,0,0,0,0,0,0,0,0,0,0
1282,14000311,75,0,483.167904562710,75.000000000000,43.000000000000,2.539019578991,a2e8b7292fa682b0,8d15af1f9d36efa1,521e48502b53c62d,200,113,56.500000,258.955752,292.507970,1.000000,4.300000,353.212377,3.377857,305.353081,3.946903,3.091928,0.000000,0.559289,0.738903,0.402145,0.344118,300,2216,2216,32.000000,0,0,16,16,111,111,12,0,566.000000,446,0,0,99,101,0,99,12,6,6,0,12,6,6,6,0,0,0,0,0,87,0,87,87,87,0,0,0,0
1283,14000312,75,0,483.083090246271,175.000000000000,64.000000000000,2.113572812395,bd5b7311f34d41e3,8d15af1f9d36efa1,77015b08b4cda399,200,183,91.500000,345.169399,334.504961,1.000000,4.900000,393.240396,3.884444,419.142198,5.234973,3.233820,0.000000,0.328191,0.700599,0.238474,0.124314,300,2688,2688,32.000000,0,0,16,16,58,58,20,2,468.000000,958,0,0,37,163,0,37,20,10,10,0,20,10,10,10,0,0,0,0,0,17,0,17,17,17,0,0,0,0
1284,14000313,75,0,236.464130546977,425.000000000000,32.000000000000,1.577873813735,87acce508bfd7445,8d15af1f9d36efa1,cfcbc5c3b599a481,200,143,71.500000,160.328671,188.085429,1.000000,2.600000,207.657634,3.901667,156.346337,2.055944,3.642857,0.000000,0.635236,0.719101,0.505051,0.379747,300,2344,2344,32.000000,0,0,16,16,88,88,4,2,512.000000,294,0,0,72,128,0,72,15,13,2,0,15,2,2,2,0,0,0,0,0,57,0,57,57,57,0,0,0,0
1285,14000314,75,0,395.173514887336,75.000000000000,33.000000000000,2.829500867618,b3aabaea9a410d64,8d15af1f9d36efa1,9b428600c6016d24,200,124,62.000000,233.032258,250.362652,0.900000,3.100000,264.291877,4.442593,255.878656,3.411290,4.170213,0.000000,0.553326,0.723757,0.414938,0.312195,300,2568,2568,32.000000,0,0,16,16,87,87,18,0,524.000000,423,0,0,76,114,0,76,11,2,9,0,11,9,9,8,1,0,0,0,0,65,20,56,76,66,10,0,0,0
1286,14000315,75,0,424.098193188222,325.000000000000,53.000000000000,2.174761888374,8e033d1ad2d12fa2,8d15af1f9d36efa1,796741f304bd5649,200,193,96.500000,234.186528,239.903589,1.000000,3.500000,277.884636,4.045000,276.950799,3.694301,3.711080,0.000000,0.372911,0.679487,0.296150,0.114286,300,2376,2376,32.000000,0,0,16,16,45,45,2,0,424.000000,713,0,0,26,174,0,26,19,18,1,0,19,1,1,1,0,0,0,0,0,7,0,7,7,7,0,0,0,0
1287,14000316,75,0,337.643950365245,75.000000000000,39.000000000000,1.933340767588,fc4c5efacabe163f,8d15af1f9d36efa1,3901ec3e727f4d28,200,151,75.500000,245.013245,241.603278,0.900000,3.000000,277.255456,3.928571,296.200287,3.549669,3.542910,0.000000,0.464000,0.698795,0.358852,0.197605,300,2472,2472,32.000000,0,0,16,16,65,65,2,0,464.000000,536,0,0,49,136,0,49,16,15,1,0,16,1,1,0,1,0,0,0,0,33,20,29,49,34,15,0,0,0
1288,14000317,75,0,411.235466086745,425.000000000000,35.000000000000,2.973700721133,c041028b25ea311a,8d15af1f9d36efa1,5ce3afe58bac8e80,200,135,67.500000,150.696296,155.011025,1.000000,2.300000,182.311138,4.056667,164.054896,2.066667,3.903226,0.000000,0.651685,0.722992,0.518135,0.405117,300,2384,2384,32.000000,0,0,16,16,93,93,4,0,522.000000,279,0,0,79,121,0,79,14,12,2,0,14,2,2,2,0,0,0,0,0,65,0,65,65,65,0,0,0,0
1289,14000318,75,0,480.434940556055,175.000000000000,65.000000000000,2.060689409885,9b150d86bd45b5da,8d15af1f9d36efa1,cf7bc5004336e36,200,147,73.500000,290.836735,319.529624,0.800000,3.200000,314.711302,4.399306,334.674649,4.333333,3.681319,0.000000,0.425609,0.702381,0.320171,0.180180,300,2296,2296,32.000000,0,0,16,16,63,63,14,10,472.000000,637,0,0,40,131,0,40,18,11,7,0,18,7,7,5,2,0,0,0,0,22,40,13,53,24,29,0,0,0
1290,14000319,75,0,166.276398367582,175.000000000000,53.000000000000,2.119541281378,f4f8a57ae937089d,8d15af1f9d36efa1,56fa66f9190327dd,200,193,96.500000,269.709845,284.606615,1.000000,4.400000,327.170507,3.345000,330.382796,4.378238,3.201183,0.000000,0.337255,0.682540,0.262009,0.103924,300,2120,2120,32.000000,0,0,16,16,47,47,4,4,430.000000,845,0,0,26,174,0,26,19,17,2,0,19,2,2,2,0,0,0,0,0,7,0,7,7,7,0,0,0,0
1291,14000320,75,0,285.210155098274,75.000000000000,32.000000000000,1.591525867462,c08bd5ccbe5be42b,8d15af1f9d36efa1,850c4b2def6b572,200,117,58.500000,200.487179,190.074594,1.000000,2.600000,215.597033,4.260000,212.384647,2.547009,4.315436,0.000000,0.646919,0.731903,0.501672,0.417969,300,2344,2344,32.000000,0,0,16,16,105,105,4,0,546.000000,298,0,0,94,106,0,94,11,9,2,0,11,2,2,2,0,0,0,0,0,83,0,83,83,83,0,0,0,0
1292,14000321,75,0,161.383151411076,75.000000000000,33.000000000000,2.551439782048,9abe7f9360d6a0cd,8d15af1f9d36efa1,9b2aaa00c5ed186f,200,165,82.500000,274.090909,269.652338,1.000000,4.500000,325.018137,3.776667,335.088808,4.557576,3.011968,0.000000,0.385621,0.702381,0.285171,0.156951,300,2296,2296,32.000000,0,0,16,16,65,65,10,0,472.000000,752,0,0,50,150,0,50,15,10,5,0,15,5,5,5,0,0,0,0,0,35,0,35,35,35,0,0,0,0
1293,14000322,75,0,219.562089734294,75.000000000000,33.000000000000,1.893161860636,ee0b73d7fde87849,8d15af1f9d36efa1,738df2ace3e72eef,200,158,79.000000,324.481013,313.319301,1.000000,5.200000,403.076702,3.524762,413.824339,5.246835,3.255730,0.000000,0.367658,0.706745,0.265722,0.153218,300,2136,2136,32.000000,0,0,16,16,70,70,10,0,482.000000,829,0,0,56,144,0,56,14,9,5,0,14,5,5,5,0,0,0,0,0,42,0,42,42,42,0,0,0,0
1294,14000323,75,0,379.989452419276,175.000000000000,46.000000000000,2.563686301978,393d8f5c90e77ae9,8d15af1f9d36efa1,5a4cb82ccff35431,200,193,96.500000,311.891192,279.010351,1.000000,4.800000,374.962602,3.545000,377.742676,4.834197,3.211147,0.000000,0.319475,0.686520,0.243309,0.102021,300,2240,2240,32.000000,0,0,16,16,48,48,10,2,438.000000,933,0,0,27,173,0,27,20,15,5,0,20,5,5,5,0,0,0,0,0,7,0,7,7,7,0,0,0,0
1295,14000324,75,0,401.719934314430,325.000000000000,59.000000000000,2.317545521547,7ffdb165481805b2,8d15af1f9d36efa1,e447b5d4e1467458,200,192,96.000000,233.489583,228.095286,1.000000,3.700000,268.514708,3.087500,280.455392,3.885417,3.036193,0.000000,0.366185,0.683043,0.286807,0.118203,300,2232,2232,31.000000,0,0,16,15,47,47,6,2,431.000000,746,0,0,27,173,0,27,19,16,3,0,19,3,3,3,0,0,0,0,0,8,0,8,8,8,0,0,0,0
1296,14000325,75,0,495.988521230853,175.000000000000,65.000000000000,2.463326076576,e74e338e97ea9f27,8d15af1f9d36efa1,2bf97ee354418fcb,200,173,86.500000,254.687861,238.762635,0.900000,3.200000,286.163213,4.104497,294.079300,3.664740,3.714511,0.000000,0.404135,0.682540,0.321199,0.133880,300,2360,2360,32.000000,0,0,16,16,45,45,8,0,430.000000,634,0,0,26,155,0,26,19,15,4,0,19,4,4,3,1,0,0,0,0,7,20,7,27,8,19,0,0,0
1297,14000326,75,0,487.888913001678,325.000000000000,56.000000000000,2.738676490718,2d062fc897303b71,8d15af1f9d36efa1,3c7818e197517c56,200,184,92.000000,298.565217,297.051850,1.000000,4.700000,375.105095,3.790317,359.630684,4.635870,3.633060,0.000000,0.344350,0.691358,0.260191,0.119711,300,2480,2480,32.000000,0,0,16,16,56,56,4,0,448.000000,853,0,0,36,164,0,36,20,18,2,0,20,2,2,2,0,0,0,0,0,16,0,16,16,16,0,0,0,0
1298,14000327,75,0,224.731228609053,325.000000000000,37.000000000000,2.183784037949,46542d944e4028c,8d15af1f9d36efa1,cec7dfc0b19ac5f1,200,180,90.000000,241.727778,259.816228,1.000000,3.800000,293.069628,3.898333,291.849552,3.788889,3.807918,0.000000,0.397527,0.692308,0.305499,0.147500,300,2360,2360,32.000000,0,0,16,16,56,56,6,0,450.000000,682,0,0,38,162,0,38,18,15,3,0,18,3,3,3,0,0,0,0,0,20,0,20,20,20,0,0,0,0
1299,14000328,75,0,29.534124781961,75.000000000000,41.000000000000,2.560522200508,a428758e504c3d9d,8d15af1f9d36efa1,99099f7fd4002300,200,164,82.000000,251.000000,240.381651,1.000000,3.700000,284.331249,3.653333,271.642021,3.603659,3.522843,0.000000,0.455300,0.711816,0.336700,0.215139,300,2592,2592,32.000000,0,0,16,16,73,73,16,2,494.000000,591,0,0,54,146,0,54,18,10,8,0,18,8,8,8,0,0,0,0,0,36,0,36,36,36,0,0,0,0
1300,14000329,75,0,189.620126096361,425.000000000000,39.000000000000,2.010565228837,b9e7fbe1e0e9e542,8d15af1f9d36efa1,96e2d3076bb8cb92,200,153,76.500000,264.019608,256.140070,0.800000,2.800000,295.585955,4.500000,311.176821,3.823529,4.215385,0.000000,0.422507,0.681529,0.338983,0.140969,300,2368,2368,32.000000,0,0,16,16,42,42,12,2,428.000000,585,0,0,24,138,0,24,17,11,6,0,17,6,6,4,2,0,0,0,0,7,40,7,47,9,38,0,0,0
1301,14000330,75,0,371.403304676578,75.000000000000,32.000000000000,2.853870048087,e524dc11c95ace69,8d15af1f9d36efa1,2aed4b0065ebbaff,200,113,56.500000,288.637168,315.046220,1.000000,4.800000,382.692332,3.504048,335.196871,4.451327,2.884692,0.000000,0.529467,0.738903,0.373599,0.317503,300,2304,2304,32.000000,0,0,16,16,114,114,6,6,566.000000,503,0,0,99,101,0,99,12,9,3,0,12,3,3,3,0,0,0,0,0,87,0,87,87,87,0,0,0,0
1302,14000331,75,0,77.865971518297,75.000000000000,40.000000000000,2.910526588330,8a4d210310650705,8d15af1f9d36efa1,603a9377881240c7,200,172,86.000000,297.029070,303.887286,1.000000,4.500000,342.751677,3.524167,351.211077,4.639535,3.225564,0.000000,0.370662,0.701493,0.273224,0.147436,300,2408,2408,32.000000,0,0,16,16,64,64,10,0,470.000000,798,0,0,46,154,0,46,18,13,5,0,18,5,5,5,0,0,0,0,0,28,0,28,28,28,0,0,0,0
1303,14000332,75,0,203.451472600593,325.000000000000,42.000000000000,1.940459983755,dd2c66ce93350ade,8d15af1f9d36efa1,434611477a5aec35,200,189,94.500000,276.873016,280.127888,1.000000,4.300000,359.519479,3.083016,340.400634,4.470899,2.842604,0.000000,0.340874,0.686028,0.262009,0.111462,300,2192,2192,31.000000,0,0,16,15,51,51,4,0,437.000000,845,0,0,31,169,0,31,20,18,2,0,20,2,2,2,0,0,0,0,0,11,0,11,11,11,0,0,0,0
1304,14000333,75,0,447.189934657022,75.000000000000,53.000000000000,1.502427518080,e564f358f73d791f,8d15af1f9d36efa1,4bcfeaade5343060,200,151,75.500000,273.483444,214.852272,1.000000,3.900000,301.619738,3.231905,331.195868,4.278146,3.430341,0.000000,0.435315,0.713467,0.317125,0.204433,300,2536,2536,32.000000,0,0,16,16,79,79,8,0,498.000000,646,0,0,64,136,0,64,15,11,4,0,15,4,4,4,0,0,0,0,0,49,0,49,49,49,0,0,0,0
1305,14000334,75,0,487.201263625380,425.000000000000,54.000000000000,2.007556926378,dfd6a820556bc918,8d15af1f9d36efa1,dd65656cb3f50c77,200,157,78.500000,303.382166,306.600017,1.000000,4.900000,393.470015,3.866667,359.450065,4.707006,3.415426,0.000000,0.402587,0.713467,0.288739,0.183425,300,2360,2360,32.000000,0,0,16,16,75,75,16,0,498.000000,739,0,0,59,141,0,59,16,8,8,0,16,8,8,8,0,0,0,0,0,43,0,43,43,43,0,0,0,0
1306,14000335,75,0,470.720677407682,75.000000000000,41.000000000000,2.869945578891,74b3c7ba0a1c59d3,8d15af1f9d36efa1,c833ee09e0deb48c,200,159,79.500000,234.855346,232.296979,1.000000,3.400000,281.595664,4.435000,273.761679,3.534591,3.998221,0.000000,0.462715,0.707602,0.348028,0.212885,300,2472,2472,32.000000,0,0,16,16,71,71,10,0,484.000000,562,0,0,56,144,0,56,15,10,5,0,15,5,5,5,0,0,0,0,0,41,0,41,41,41,0,0,0,0
1307,14000336,75,0,342.366949110171,175.000000000000,41.000000000000,2.527625938120,5f8c7ed2f747070d,8d15af1f9d36efa1,2dfe8815a512db53,200,196,98.000000,200.392857,205.077686,1.000000,3.300000,244.399884,3.575000,232.865005,3.316327,3.529231,0.000000,0.395911,0.680511,0.315789,0.126344,300,2240,2240,32.000000,0,0,16,16,44,44,6,0,426.000000,650,0,0,24,176,0,24,20,17,3,0,20,3,3,3,0,0,0,0,0,4,0,4,4,4,0,0,0,0
1308,14000337,75,0,487.914150590332,325.000000000000,55.000000000000,2.899110834749,b35f58d0aaa3e75,8d15af1f9d36efa1,955265cdb8a83532,200,178,89.000000,180.353933,178.365403,1.000000,2.500000,195.628046,5.016667,198.021669,2.511236,4.675615,0.000000,0.504983,0.695122,0.401606,0.217163,300,2824,2824,32.000000,0,0,16,16,58,58,8,0,456.000000,447,0,0,40,160,0,40,18,14,4,0,18,4,4,4,0,0,0,0,0,22,0,22,22,22,0,0,0,0
1309,14000338,75,0,391.075499528143,75.000000000000,31.000000000000,2.932942297784,14ac76aa4b285bff,8d15af1f9d36efa1,c449e98658abb5d,200,142,71.000000,280.795775,268.118398,1.000000,4.400000,353.106031,3.686667,335.234353,4.408451,3.186901,0.000000,0.449912,0.719101,0.323974,0.223325,300,2584,2584,32.000000,0,0,16,16,84,84,12,0,512.000000,626,0,0,71,129,0,71,13,7,6,0,13,6,6,6,0,0,0,0,0,58,0,58,58,58,0,0,0,0
1310,14000339,75,0,368.259321927795,325.000000000000,47.000000000000,2.108388711177,8e23c87fa59d0d8b,8d15af1f9d36efa1,7983a5efeb8c8a47,200,200,100.000000,249.170000,262.921342,1.000000,4.000000,308.223403,3.799524,300.527510,4.065000,3.485855,0.000000,0.336327,0.673203,0.269542,0.089586,300,2288,2288,32.000000,0,0,16,16,40,40,0,0,412.000000,813,0,0,20,180,0,20,20,20,0,0,20,0,0,0,0,0,0,0,0,0,0,0,0,0,0,0,0,0
1311,14000340,75,0,59.270811276863,175.000000000000,49.000000000000,2.915450899633,cfb9ff8ec9cf7d3b,8d15af1f9d36efa1,5778945b64b977ce,200,195,97.500000,260.846154,249.440858,1.000000,4.100000,331.508691,4.522976,311.109394,4.061538,3.881313,0.000000,0.352412,0.683043,0.274725,0.112108,300,2576,2576,31.000000,0,0,16,15,46,46,8,2,431.000000,792,0,0,25,175,0,25,20,16,4,0,20,4,4,4,0,0,0,0,0,5,0,5,5,5,0,0,0,0
1312,14000341,75,0,73.938828469336,175.000000000000,51.000000000000,2.837824171216,55d59bb86d1da1b7,8d15af1f9d36efa1,4cdb58d0060054c2,200,179,89.500000,280.541899,264.325884,1.000000,4.500000,350.686608,3.063333,329.888450,4.301676,2.987013,0.000000,0.378029,0.700599,0.280374,0.150110,300,2008,2008,32.000000,0,0,16,16,62,62,12,10,468.000000,770,0,0,39,161,0,39,18,12,6,0,18,6,6,6,0,0,0,0,0,21,0,21,21,21,0,0,0,0
1313,14000342,75,0,448.970728583149,175.000000000000,61.000000000000,2.572939915350,59e5b4f4dd1f0dec,8d15af1f9d36efa1,9a7d3600c5599d7e,200,192,96.000000,258.093750,240.280400,1.000000,3.500000,285.464381,4.399524,300.771360,3.583333,3.883721,0.000000,0.391150,0.688474,0.303644,0.137845,300,2592,2592,32.000000,0,0,16,16,48,48,14,0,442.000000,688,0,0,28,172,0,28,20,13,7,0,20,7,7,7,0,0,0,0,0,8,0,8,8,8,0,0,0,0
1314,14000343,75,0,458.983633150545,425.000000000000,53.000000000000,2.291666093993,b4bf39faf1f59717,8d15af1f9d36efa1,8cc766cdb3da06ca,200,137,68.500000,197.547445,171.241943,1.000000,2.900000,213.695612,3.130000,220.868680,3.065693,2.845238,0.000000,0.557895,0.726027,0.416667,0.320388,300,2088,2088,32.000000,0,0,16,16,95,95,8,0,530.000000,420,0,0,79,121,0,79,16,12,4,0,16,4,4,4,0,0,0,0,0,63,0,63,63,63,0,0,0,0
1315,14000344,75,0,325.188829253039,425.000000000000,20.000000000000,2.593287846540,946104c1833f3474,8d15af1f9d36efa1,367bc482f8e5a9cc,200,145,72.500000,254.006897,252.019405,1.000000,3.700000,296.426004,4.960000,297.862298,3.648276,4.744802,0.000000,0.488889,0.716714,0.361882,0.247511,300,2832,2832,32.000000,0,0,16,16,81,81,12,0,506.000000,529,0,0,68,132,0,68,13,7,6,0,13,6,6,6,0,0,0,0,0,55,0,55,55,55,0,0,0,0
1316,14000345,75,0,287.117873798674,425.000000000000,32.000000000000,1.582935129934,2b71e6ac20fb78a1,8d15af1f9d36efa1,74dc4af8ecc506c5,200,151,75.500000,281.655629,305.478359,1.000000,4.200000,345.349183,3.126667,344.605799,4.119205,3.270096,0.000000,0.442652,0.711816,0.325380,0.206633,300,2184,2184,32.000000,0,0,16,16,75,75,12,0,494.000000,622,0,0,62,138,0,62,13,7,6,0,13,6,6,6,0,0,0,0,0,49,0,49,49,49,0,0,0,0
1317,14000346,75,0,205.245283566348,325.000000000000,40.000000000000,2.024629800384,cb810655851ac1d7,8d15af1f9d36efa1,c58b1cad9c008228,200,179,89.500000,266.670391,286.006565,1.000000,4.000000,335.097236,4.001667,325.343597,4.072626,3.556927,0.000000,0.383249,0.693721,0.291545,0.143361,300,2408,2408,31.000000,0,0,16,15,59,59,4,0,453.000000,729,0,0,40,160,0,40,19,17,2,0,19,2,2,2,0,0,0,0,0,21,0,21,21,21,0,0,0,0
1318,14000347,75,0,122.994491872511,175.000000000000,54.000000000000,2.248743076632,f361f5f718e0db3a,8d15af1f9d36efa1,1db8cb500d87a7ea,200,166,83.000000,224.765060,235.894075,1.000000,3.600000,272.748381,3.351667,277.630557,3.710843,3.232143,0.000000,0.429630,0.698795,0.327511,0.176471,300,2264,2264,32.000000,0,0,16,16,66,66,0,0,464.000000,616,0,0,50,150,0,50,16,16,0,0,16,0,0,0,0,0,0,0,0,34,0,34,34,34,0,0,0,0
1319,14000348,75,0,135.665652726783,75.000000000000,39.000000000000,2.456875696210,945922b486a15f1a,8d15af1f9d36efa1,9b495400c60736dc,200,175,87.500000,192.765714,196.914583,1.000000,2.800000,211.912636,3.760000,205.453845,2.782857,3.905544,0.000000,0.485744,0.696970,0.381194,0.208130,300,2368,2368,32.000000,0,0,16,16,60,60,8,2,460.000000,487,0,0,42,158,0,42,17,13,4,0,17,4,4,4,0,0,0,0,0,25,0,25,25,25,0,0,0,0
1320,14000349,75,0,228.117679065375,325.000000000000,34.000000000000,2.263674951860,bdeeb23e076714a8,8d15af1f9d36efa1,9f662c5056e847be,200,180,90.000000,256.661111,267.705683,1.000000,3.700000,298.329139,4.133333,302.159558,3.761111,3.614476,0.000000,0.398222,0.691358,0.307062,0.146280,300,2344,2344,32.000000,0,0,16,16,56,56,4,0,448.000000,677,0,0,38,162,0,38,18,16,2,0,18,2,2,2,0,0,0,0,0,20,0,20,20,20,0,0,0,0
1321,14000350,75,0,28.487954446867,425.000000000000,45.000000000000,2.875282698235,7494524cc2158522,8d15af1f9d36efa1,38b044f83f8f34bf,200,138,69.000000,243.586957,233.622277,1.000000,3.300000,254.566115,4.252619,267.353026,3.536232,3.864754,0.000000,0.519685,0.725275,0.380711,0.286550,300,2472,2472,32.000000,0,0,16,16,90,90,16,0,528.000000,488,0,0,76,124,0,76,14,6,8,0,14,8,8,8,0,0,0,0,0,62,0,62,62,62,0,0,0,0
1322,14000351,75,0,430.984288216029,175.000000000000,49.000000000000,2.936166731374,8edd77d10508c306,8d15af1f9d36efa1,19da3873e6b2bd07,200,178,89.000000,265.061798,256.381979,0.900000,3.500000,302.538857,3.803704,301.370232,3.938202,3.723252,0.000000,0.380195,0.682540,0.299700,0.122653,300,2184,2184,32.000000,0,0,16,16,46,46,6,12,430.000000,701,0,0,21,160,0,21,19,16,3,0,19,3,3,2,1,0,0,0,0,2,20,2,22,3,19,0,0,0
1323,14000352,75,0,411.398996568667,175.000000000000,48.000000000000,2.454563959008,feb67df20946715b,8d15af1f9d36efa1,9ef925572fd7a41b,200,200,100.000000,266.300000,271.521641,1.000000,3.900000,310.850312,4.091667,325.289193,4.030000,3.843672,0.000000,0.341503,0.676375,0.271248,0.096413,300,2520,2520,32.000000,0,0,16,16,41,41,4,2,418.000000,806,0,0,20,180,0,20,20,18,2,0,20,2,2,2,0,0,0,0,0,0,0,0,0,0,0,0,0,0
1324,14000353,75,0,334.284549511200,175.000000000000,47.000000000000,2.079202126081,90a81ee4b0f13b8,8d15af1f9d36efa1,3c7c84dd3e87d7f,200,200,100.000000,353.275000,316.353377,1.000000,5.700000,458.144649,3.700952,449.527104,5.700000,3.507895,0.000000,0.268293,0.676375,0.208333,0.070147,300,2368,2368,32.000000,0,0,16,16,41,41,4,2,418.000000,1140,0,0,20,180,0,20,20,18,2,0,20,2,2,2,0,0,0,0,0,0,0,0,0,0,0,0,0,0
1325,14000354,75,0,358.725461361485,75.000000000000,39.000000000000,2.348695348626,429c88f8c1acaeb7,8d15af1f9d36efa1,4cbd4570a4093e80,200,151,75.500000,202.119205,177.274835,1.000000,2.900000,209.347402,4.185000,239.005168,3.178808,3.935417,0.000000,0.517103,0.719888,0.384615,0.274924,300,2392,2392,32.000000,0,0,16,16,89,89,4,28,514.000000,480,0,0,62,138,0,62,13,11,2,0,13,2,2,2,0,0,0,0,0,49,0,49,49,49,0,0,0,0
1326,14000355,75,0,103.469348320502,75.000000000000,41.000000000000,2.385477823048,d47a8d871fc9484a,8d15af1f9d36efa1,66e8b6a5c0df3cd,200,142,71.000000,350.683099,358.344823,1.000000,5.800000,429.018801,3.333333,411.397959,5.584507,3.334174,0.000000,0.396040,0.722222,0.274474,0.191641,300,1968,1968,32.000000,0,0,16,16,89,89,10,6,520.000000,793,0,0,72,128,0,72,14,9,5,0,14,5,5,5,0,0,0,0,0,58,0,58,58,58,0,0,0,0
1327,14000356,75,0,491.474537649391,75.000000000000,50.000000000000,2.206883442909,eb598fab3d50c1b0,8d15af1f9d36efa1,d07135898b7879ca,200,171,85.500000,247.321637,205.212019,1.000000,3.500000,259.837066,3.026667,265.779687,3.631579,2.975845,0.000000,0.435967,0.705882,0.325733,0.192458,300,2328,2328,32.000000,0,0,16,16,66,66,16,2,480.000000,621,0,0,47,153,0,47,18,10,8,0,18,8,8,8,0,0,0,0,0,29,0,29,29,29,0,0,0,0
1328,14000357,75,0,368.752481603164,425.000000000000,40.000000000000,2.129586840836,1c859e9cdabeac88,8d15af1f9d36efa1,d09e5170a2371be2,200,151,75.500000,220.172185,246.994163,0.900000,2.900000,250.996606,3.801852,257.968682,3.397351,3.707602,0.000000,0.471679,0.696049,0.369004,0.197183,300,2480,2480,32.000000,0,0,16,16,59,59,8,0,458.000000,513,0,0,44,137,0,44,15,11,4,0,15,4,4,3,1,0,0,0,0,29,20,29,49,30,19,0,0,0
1329,14000358,75,0,438.246428691746,325.000000000000,61.000000000000,2.503230938106,219f617d66f94c77,8d15af1f9d36efa1,bf1c950b42f1ea2,200,189,94.500000,262.037037,251.034834,1.000000,3.800000,306.549400,4.487222,298.271571,3.846561,3.929849,0.000000,0.382328,0.692308,0.292113,0.139645,300,2432,2432,32.000000,0,0,16,16,52,52,14,2,450.000000,727,0,0,31,169,0,31,20,13,7,0,20,7,7,7,0,0,0,0,0,11,0,11,11,11,0,0,0,0
1330,14000359,75,0,23.920375426611,425.000000000000,56.000000000000,1.516411409575,fe6dd3ae6d2b64b7,8d15af1f9d36efa1,3773cbca27257925,200,173,86.500000,184.265896,167.232045,1.000000,2.500000,202.058188,3.723333,186.443025,2.485549,3.790698,0.000000,0.521158,0.700599,0.410959,0.240283,300,2416,2416,32.000000,0,0,16,16,63,63,10,0,468.000000,430,0,0,45,155,0,45,18,13,5,0,18,5,5,5,0,0,0,0,0,27,0,27,27,27,0,0,0,0
1331,14000360,75,0,169.414622224421,175.000000000000,35.000000000000,2.514095534517,cc2c478d471e860e,8d15af1f9d36efa1,9a1775813e1ca014,200,142,71.000000,169.964789,196.475529,0.900000,2.100000,193.166658,4.350000,184.265692,2.281690,4.077160,0.000000,0.589873,0.699700,0.480769,0.292576,300,2448,2448,32.000000,0,0,16,16,66,66,2,0,466.000000,324,0,0,52,129,0,52,14,13,1,0,14,1,1,0,1,0,0,0,0,38,20,38,58,39,19,0,0,0
1332,14000361,75,0,275.493959144217,75.000000000000,26.000000000000,1.845925080325,bc33244a44e6d191,8d15af1f9d36efa1,280c303461eeeeb5,200,155,77.500000,336.722581,274.448562,1.000000,4.500000,356.211599,3.350595,416.030956,5.354839,3.212048,0.000000,0.374057,0.712644,0.265487,0.164990,300,2312,2312,32.000000,0,0,16,16,77,77,10,0,496.000000,830,0,0,61,139,0,61,16,11,5,0,16,5,5,5,0,0,0,0,0,45,0,45,45,45,0,0,0,0
1333,14000362,75,0,336.211061105018,325.000000000000,34.000000000000,2.458290159978,6185cc1f7461c9d2,8d15af1f9d36efa1,33408d0823688963,200,190,95.000000,356.578947,317.599090,1.000000,5.900000,475.680922,4.355952,454.091789,5.963158,3.676964,0.000000,0.277884,0.685535,0.209351,0.084074,300,2720,2720,32.000000,0,0,16,16,50,50,4,4,436.000000,1133,0,0,29,171,0,29,19,17,2,0,19,2,2,2,0,0,0,0,0,10,0,10,10,10,0,0,0,0
1334,14000363,75,0,465.572678319310,175.000000000000,66.000000000000,2.081436068843,475c227f4efb992,8d15af1f9d36efa1,6118eae61f283f83,200,165,82.500000,317.024242,288.384001,1.000000,4.300000,342.672670,3.478333,370.822790,4.854545,3.302122,0.000000,0.383372,0.713467,0.272480,0.171665,300,2360,2360,32.000000,0,0,16,16,78,78,10,6,498.000000,801,0,0,55,145,0,55,20,15,5,0,20,5,5,5,0,0,0,0,0,35,0,35,35,35,0,0,0,0
1335,14000364,75,0,456.705195118388,175.000000000000,54.000000000000,2.711988577982,c35270e89b729904,8d15af1f9d36efa1,4667b3f4b7eae8f0,200,176,88.000000,260.602273,254.253588,0.900000,3.300000,284.726838,3.983069,283.748930,3.659091,3.715839,0.000000,0.409174,0.690402,0.317797,0.150396,300,2272,2272,32.000000,0,0,16,16,47,47,20,10,446.000000,644,0,0,23,158,0,23,19,9,10,0,19,10,10,9,1,0,0,0,0,4,20,4,24,5,19,0,0,0
1336,14000365,75,0,109.512848331440,325.000000000000,45.000000000000,2.846849150889,d22baebff760ff84,8d15af1f9d36efa1,5776a14f9d823695,200,196,98.000000,286.438776,303.411504,1.000000,4.400000,365.186932,3.870238,357.068547,4.540816,3.914607,0.000000,0.322679,0.679487,0.252101,0.093686,300,2400,2400,32.000000,0,0,16,16,44,44,4,0,424.000000,890,0,0,24,176,0,24,20,18,2,0,20,2,2,2,0,0,0,0,0,4,0,4,4,4,0,0,0,0
1337,14000366,75,0,230.270830874087,425.000000000000,38.000000000000,1.664552746405,e372f1d513408f5b,8d15af1f9d36efa1,4dbf285de14192b3,200,165,82.500000,249.278788,257.721698,1.000000,3.800000,299.470488,4.161667,301.848464,3.921212,4.063369,0.000000,0.420770,0.701493,0.316790,0.175796,300,2456,2456,32.000000,0,0,16,16,66,66,6,2,470.000000,647,0,0,50,150,0,50,15,12,3,0,15,3,3,3,0,0,0,0,0,35,0,35,35,35,0,0,0,0
1338,14000367,75,0,378.683556686434,325.000000000000,46.000000000000,2.635869891659,bf89b5e347118272,8d15af1f9d36efa1,9ab07800c585673d,200,200,100.000000,192.770000,180.883398,1.000000,2.800000,213.808464,3.176667,214.782690,2.900000,3.472414,0.000000,0.417671,0.675325,0.340909,0.126506,300,2384,2384,32.000000,0,0,16,16,40,40,4,0,416.000000,580,0,0,20,180,0,20,20,18,2,0,20,2,2,2,0,0,0,0,0,0,0,0,0,0,0,0,0,0
1339,14000368,75,0,155.616324055047,425.000000000000,45.000000000000,1.851093593721,5d366800239a5a34,8d15af1f9d36efa1,5eacd796f1d242cc,200,155,77.500000,223.251613,254.200751,0.900000,3.000000,266.368701,4.020370,255.630223,3.387097,3.900952,0.000000,0.468085,0.697885,0.363636,0.198473,300,2456,2456,32.000000,0,0,16,16,64,64,2,2,462.000000,525,0,0,46,139,0,46,17,16,1,0,17,1,1,0,1,0,0,0,0,29,20,25,45,30,15,0,0,0
1340,14000369,75,0,457.223851395337,75.000000000000,54.000000000000,1.670992361579,cacd426949865d68,8d15af1f9d36efa1,9c1183b3f0a833c0,200,130,65.000000,305.038462,265.723894,1.000000,4.500000,353.016320,3.521667,331.448457,4.192308,3.170642,0.000000,0.503191,0.734043,0.355030,0.287582,300,2264,2264,32.000000,0,0,16,16,103,103,14,2,552.000000,545,0,0,86,114,0,86,16,9,7,0,16,7,7,7,0,0,0,0,0,70,0,70,70,70,0,0,0,0
1341,14000370,75,0,94.786550257815,75.000000000000,42.000000000000,1.656143347671,4f6aa62b60a7e748,8d15af1f9d36efa1,1a5def519dc7b7e6,200,134,67.000000,348.246269,276.372064,1.000000,5.000000,403.921283,4.096944,419.061998,5.425373,3.389271,0.000000,0.421639,0.726027,0.292113,0.214054,300,2376,2376,32.000000,0,0,16,16,91,91,16,2,530.000000,727,0,0,78,122,0,78,12,4,8,0,12,8,8,8,0,0,0,0,0,66,0,66,66,66,0,0,0,0
1342,14000371,75,0,252.709077652626,325.000000000000,43.000000000000,1.909496450467,68a8a22a4db00ec,8d15af1f9d36efa1,8affb176955da351,200,173,86.500000,237.161850,258.573981,1.000000,3.700000,295.987790,3.661667,290.041596,3.612717,3.489600,0.000000,0.419684,0.693252,0.324324,0.161074,300,2160,2160,32.000000,0,0,16,16,60,60,0,2,452.000000,625,0,0,44,156,2,42,15,15,0,0,15,0,0,0,0,0,0,0,0,27,0,27,27,27,0,0,0,0
1343,14000372,75,0,114.529236259556,75.000000000000,37.000000000000,2.656874571220,62fdc4974121c217,8d15af1f9d36efa1,9b45ee00c60453b3,200,158,79.000000,198.094937,174.931147,1.000000,2.900000,214.342372,3.361667,225.945304,3.044304,2.823285,0.000000,0.499480,0.705882,0.384123,0.235294,300,2536,2536,32.000000,0,0,16,16,70,70,8,0,480.000000,481,0,0,56,144,0,56,14,10,4,0,14,4,4,4,0,0,0,0,0,42,0,42,42,42,0,0,0,0
1344,14000373,75,0,59.619120641830,175.000000000000,57.000000000000,2.758917246395,a5a9351a6e0fd4ef,8d15af1f9d36efa1,dcf21c40e03a7e7f,200,185,92.500000,242.756757,253.398979,1.000000,3.800000,300.528840,3.988333,280.346418,3.745946,3.477633,0.000000,0.394760,0.693252,0.302115,0.147601,300,2280,2280,32.000000,0,0,16,16,55,55,10,0,452.000000,693,0,0,35,165,0,35,20,15,5,0,20,5,5,5,0,0,0,0,0,15,0,15,15,15,0,0,0,0
1345,14000374,75,0,104.428020043115,75.000000000000,44.000000000000,1.851579908813,fb9b348176067c68,8d15af1f9d36efa1,5110cb239a9e2d62,200,146,73.000000,245.342466,240.738847,1.000000,3.800000,282.904482,3.188333,263.760070,3.643836,3.518797,0.000000,0.495256,0.722992,0.360577,0.263158,300,2248,2248,32.000000,0,0,16,16,86,86,18,0,522.000000,532,0,0,70,130,0,70,16,7,9,0,16,9,9,9,0,0,0,0,0,54,0,54,54,54,0,0,0,0
1346,14000375,75,0,33.359155591652,175.000000000000,63.000000000000,1.924482572155,7d6057304b5ce7e3,8d15af1f9d36efa1,2dfb12d5053f24f6,200,197,98.500000,248.522843,224.272908,1.000000,3.600000,288.173397,3.636667,300.388634,3.959391,3.037179,0.000000,0.352159,0.679487,0.277778,0.105505,300,2208,2208,32.000000,0,0,16,16,43,43,6,0,424.000000,780,0,0,23,177,0,23,20,17,3,0,20,3,3,3,0,0,0,0,0,3,0,3,3,3,0,0,0,0
1347,14000376,75,0,379.468325643622,175.000000000000,37.000000000000,2.892193212546,1c4348b70cb3bf1b,8d15af1f9d36efa1,7fe5db8e9613084e,200,200,100.000000,258.115000,257.813464,1.000000,3.800000,292.957246,4.766190,304.621206,3.900000,4.002564,0.000000,0.352159,0.679487,0.277778,0.105505,300,2760,2760,32.000000,0,0,16,16,40,40,12,0,424.000000,780,0,0,20,180,0,20,20,14,6,0,20,6,6,6,0,0,0,0,0,0,0,0,0,0,0,0,0,0
1348,14000377,75,0,359.359488600989,325.000000000000,42.000000000000,2.827021420158,1869f99a3c1078fb,8d15af1f9d36efa1,31068b6e6ebd860f,200,176,88.000000,271.784091,273.859547,1.000000,4.200000,332.626001,3.855238,328.464304,4.306818,3.671504,0.000000,0.380719,0.699700,0.283554,0.150224,300,2184,2184,32.000000,0,0,16,16,63,63,8,6,466.000000,758,0,0,42,158,0,42,18,14,4,0,18,4,4,4,0,0,0,0,0,24,0,24,24,24,0,0,0,0
1349,14000378,75,0,348.400665928505,325.000000000000,51.000000000000,1.992451507648,643a3c7245bfd1a8,8d15af1f9d36efa1,62153c4a0bf5e398,200,180,90.000000,286.455556,282.022953,0.900000,4.400000,364.263322,3.057275,362.275033,4.888889,2.757955,0.000000,0.318885,0.673203,0.254237,0.083333,300,2048,2048,32.000000,0,0,16,16,38,38,4,0,412.000000,880,0,0,19,162,0,19,19,17,2,0,19,2,2,1,1,0,0,0,0,0,20,0,20,1,19,0,0,0
1350,14000379,75,0,263.091456941309,425.000000000000,28.000000000000,2.175302932497,e1061045f4167f79,8d15af1f9d36efa1,cfbc6e4fe159843b,200,186,93.000000,224.209677,214.542929,1.000000,3.300000,262.999260,4.110714,253.300434,3.284946,3.576105,0.000000,0.421949,0.690402,0.329308,0.157241,300,2400,2400,32.000000,0,0,16,16,51,51,12,2,446.000000,611,0,0,32,168,0,32,18,12,6,0,18,6,6,6,0,0,0,0,0,14,0,14,14,14,0,0,0,0
1351,14000380,75,0,291.672314669879,325.000000000000,53.000000000000,1.737006315639,332bb47a651820ed,8d15af1f9d36efa1,68f641b4bae8e24a,200,193,96.500000,302.766839,323.323634,1.000000,4.900000,404.427984,3.670833,383.978740,4.922280,3.492632,0.000000,0.309593,0.680511,0.240000,0.090038,300,2232,2232,32.000000,0,0,16,16,46,46,2,2,426.000000,950,0,0,26,174,0,26,19,18,1,0,19,1,1,1,0,0,0,0,0,7,0,7,7,7,0,0,0,0
1352,14000381,75,0,105.464628186045,425.000000000000,42.000000000000,2.194275807682,2c5d7ddacfa76afe,8d15af1f9d36efa1,5f0addbad787f3b6,200,178,89.000000,293.095506,278.047224,1.000000,4.100000,333.875234,3.835000,347.300660,4.224719,3.671543,0.000000,0.384615,0.701493,0.285171,0.155056,300,2472,2472,32.000000,0,0,16,16,60,60,18,0,470.000000,752,0,0,41,159,0,41,19,10,9,0,19,9,9,9,0,0,0,0,0,22,0,22,22,22,0,0,0,0
1353,14000382,75,0,136.178502331672,75.000000000000,41.000000000000,1.924544272733,8fa1e36bc9acac5,8d15af1f9d36efa1,cb6cab4f4dc7d768,200,190,95.000000,217.710526,248.942893,1.000000,3.400000,276.776859,3.996667,259.898364,3.368421,3.703125,0.000000,0.402985,0.683544,0.319149,0.135135,300,2256,2256,32.000000,0,0,16,16,48,48,4,0,432.000000,640,0,0,29,171,0,29,19,17,2,0,19,2,2,2,0,0,0,0,0,10,0,10,10,10,0,0,0,0
1354,14000383,75,0,426.612349504190,75.000000000000,44.000000000000,2.942184183474,3f4cc5b3bd9bfc29,8d15af1f9d36efa1,eb8ca8b056518fcd,200,157,78.500000,280.108280,292.376196,1.000000,4.200000,333.552815,3.701667,322.660933,4.108280,3.638760,0.000000,0.439618,0.716714,0.317460,0.212454,300,2120,2120,32.000000,0,0,16,16,79,79,16,4,506.000000,645,0,0,60,140,0,60,17,9,8,0,17,8,8,8,0,0,0,0,0,43,0,43,43,43,0,0,0,0
1355,14000384,75,0,425.181717723108,75.000000000000,46.000000000000,1.781762281064,84be11cf504bf51a,8d15af1f9d36efa1,9aa4378f0cc00dd8,200,121,60.500000,325.355372,332.196595,1.000000,4.800000,389.964092,3.448810,399.089660,4.958678,3.461667,0.000000,0.480069,0.734748,0.333333,0.270073,300,2104,2104,32.000000,0,0,16,16,107,107,8,0,554.000000,600,0,0,93,107,0,93,14,10,4,0,14,4,4,4,0,0,0,0,0,79,0,79,79,79,0,0,0,0
1356,14000385,75,0,342.040799109169,325.000000000000,52.000000000000,1.523386872264,6188c6bbaf583fe5,8d15af1f9d36efa1,abb72a9b8a753dfc,200,192,96.000000,322.203125,341.462097,1.000000,5.300000,415.282745,3.605952,406.373144,5.338542,3.471220,0.000000,0.299385,0.686520,0.226415,0.093722,300,2184,2184,32.000000,0,0,16,16,48,48,10,0,438.000000,1025,0,0,28,172,0,28,20,15,5,0,20,5,5,5,0,0,0,0,0,8,0,8,8,8,0,0,0,0
1357,14000386,75,0,494.087490379349,325.000000000000,65.000000000000,1.766688856448,f33ec25d686b6e91,8d15af1f9d36efa1,260cd520a8c7331,200,159,79.500000,269.748428,261.170292,1.000000,3.900000,322.818712,4.444286,310.128726,3.811321,3.882838,0.000000,0.456014,0.717514,0.331126,0.225064,300,2384,2384,32.000000,0,0,16,16,78,78,20,14,508.000000,606,0,0,56,144,0,56,15,5,10,0,15,10,10,10,0,0,0,0,0,41,0,41,41,41,0,0,0,0
1358,14000387,75,0,250.307387205659,425.000000000000,38.000000000000,2.033716270272,63b33427b87b04ee,8d15af1f9d36efa1,7d18d37b20bc2829,200,128,64.000000,295.328125,328.482777,1.000000,4.300000,369.012340,4.470000,370.604405,4.492188,3.782609,0.000000,0.480578,0.726776,0.342857,0.258065,300,2648,2648,32.000000,0,0,16,16,97,97,6,2,532.000000,575,0,0,84,116,0,84,12,9,3,0,12,3,3,3,0,0,0,0,0,72,0,72,72,72,0,0,0,0
1359,14000388,75,0,400.200113115848,425.000000000000,35.000000000000,2.593173652719,6646ec79edb56407,8d15af1f9d36efa1,5ff4f2efeb54baf8,200,132,66.000000,236.825758,249.116679,0.900000,3.300000,291.717018,3.831481,296.247373,3.954545,3.074713,0.000000,0.498077,0.721448,0.364964,0.262712,300,2328,2328,32.000000,0,0,16,16,92,92,2,0,518.000000,522,0,0,80,120,0,80,12,11,1,0,12,1,1,1,0,0,0,0,0,68,20,48,68,68,0,0,0,0
1360,14000389,75,0,386.822951391168,325.000000000000,55.000000000000,2.032266385778,aa2d98d51d2217ea,8d15af1f9d36efa1,cebb1413abfa6031,200,196,98.000000,215.188776,212.977246,1.000000,3.300000,266.760733,3.011667,247.248241,3.326531,3.099693,0.000000,0.395176,0.680511,0.315126,0.126005,300,2144,2144,32.000000,0,0,16,16,44,44,6,0,426.000000,652,0,0,24,176,0,24,20,17,3,0,20,3,3,3,0,0,0,0,0,4,0,4,4,4,0,0,0,0
1361,14000390,75,0,145.261406033721,325.000000000000,39.000000000000,2.810360012277,6a9f75447df04b05,8d15af1f9d36efa1,3be80a134e83a77d,200,154,77.000000,226.584416,259.436772,0.800000,2.900000,287.315712,3.585119,268.040660,3.493506,3.490706,0.000000,0.445361,0.683544,0.357995,0.156740,300,2096,2096,32.000000,0,0,16,16,47,47,6,0,432.000000,538,0,0,29,138,0,29,18,15,3,0,18,3,3,1,2,0,0,0,0,11,40,6,46,13,33,0,0,0
1362,14000391,75,0,380.590725292319,325.000000000000,47.000000000000,2.572332640443,a7a5c8544f670597,8d15af1f9d36efa1,8907592ae3f1c27c,200,200,100.000000,265.730000,219.396474,1.000000,4.200000,329.339930,3.603333,317.332966,4.200000,3.538095,0.000000,0.334390,0.678457,0.263158,0.096774,300,2456,2456,32.000000,0,0,16,16,42,42,6,4,422.000000,840,0,0,20,180,0,20,20,17,3,0,20,3,3,3,0,0,0,0,0,0,0,0,0,0,0,0,0,0
1363,14000392,75,0,316.585975164316,325.000000000000,36.000000000000,2.378917727248,84ec1c37954184ac,8d15af1f9d36efa1,60f1e64f8c9203e5,200,172,86.000000,368.558140,343.381305,1.000000,6.400000,508.148362,4.030000,492.205036,6.377907,3.262534,0.000000,0.293625,0.695122,0.214746,0.101556,300,2424,2424,32.000000,0,0,16,16,60,60,4,0,456.000000,1097,0,0,44,156,0,44,16,14,2,0,16,2,2,2,0,0,0,0,0,28,0,28,28,28,0,0,0,0
1364,14000393,75,0,461.129059487126,325.000000000000,58.000000000000,2.388347840793,701c5f318a5ae588,8d15af1f9d36efa1,50f0b5470c46d527,200,192,96.000000,273.890625,246.279554,1.000000,4.400000,329.484613,3.158333,331.330999,4.411458,2.850059,0.000000,0.341880,0.687500,0.261552,0.113089,300,2176,2176,32.000000,0,0,16,16,48,48,12,0,440.000000,847,0,0,28,172,0,28,20,14,6,0,20,6,6,6,0,0,0,0,0,8,0,8,8,8,0,0,0,0
1365,14000394,75,0,67.706452264215,325.000000000000,68.000000000000,1.676848526423,e01e4368d3f0d223,8d15af1f9d36efa1,38b778573d65f975,200,174,87.000000,260.040230,293.396725,0.900000,3.900000,331.550249,3.951058,319.594635,4.310345,3.341333,0.000000,0.362245,0.680511,0.285714,0.111374,300,2520,2520,32.000000,0,0,16,16,44,44,6,0,426.000000,750,0,0,25,156,0,25,19,16,3,0,19,3,3,2,1,0,0,0,0,6,20,6,26,7,19,0,0,0
1366,14000395,75,0,400.812179076603,425.000000000000,41.000000000000,1.980442063526,534a3f6c46952b03,8d15af1f9d36efa1,81db854fb542ed60,200,176,88.000000,311.744318,270.766597,1.000000,4.500000,353.177389,3.646667,380.123657,4.772727,3.515476,0.000000,0.361702,0.704142,0.263158,0.146341,300,2352,2352,32.000000,0,0,16,16,63,63,18,2,476.000000,840,0,0,43,157,0,43,19,10,9,0,19,9,9,9,0,0,0,0,0,24,0,24,24,24,0,0,0,0
1367,14000396,75,0,29.781230776106,425.000000000000,48.000000000000,1.624222882243,c8b0732765d93bc,8d15af1f9d36efa1,ef3fae0d20a62a0c,200,182,91.000000,277.120879,305.113727,1.000000,4.500000,351.083654,3.213333,322.350211,4.390110,3.370463,0.000000,0.366376,0.697885,0.272975,0.139935,300,2064,2064,32.000000,0,0,16,16,56,56,18,0,462.000000,799,0,0,37,163,0,37,19,10,9,0,19,9,9,9,0,0,0,0,0,18,0,18,18,18,0,0,0,0
1368,14000397,75,0,341.196239019694,175.000000000000,38.000000000000,2.610151816896,45a638d16930273e,8d15af1f9d36efa1,4a1229dee1e8ac53,200,193,96.500000,308.544041,291.918336,1.000000,4.700000,372.629564,4.055952,377.279765,4.720207,3.877058,0.000000,0.319642,0.681529,0.247729,0.095333,300,2456,2456,32.000000,0,0,16,16,46,46,4,2,428.000000,911,0,0,26,174,0,26,19,17,2,0,19,2,2,2,0,0,0,0,0,7,0,7,7,7,0,0,0,0
1369,14000398,75,0,167.034481595659,325.000000000000,35.000000000000,2.597581204323,65ccf638f843c783,8d15af1f9d36efa1,74605fe28a411f67,200,196,98.000000,261.428571,276.130715,1.000000,4.200000,328.620543,3.982857,315.982171,4.265306,3.539474,0.000000,0.339652,0.682540,0.264085,0.104925,300,2472,2472,32.000000,0,0,16,16,48,48,2,8,430.000000,836,0,0,24,176,0,24,20,19,1,0,20,1,1,1,0,0,0,0,0,4,0,4,4,4,0,0,0,0
1370,14000399,75,0,171.047144368637,425.000000000000,35.000000000000,2.253972774082,b56b60e5701c647e,8d15af1f9d36efa1,fbf6fa175cf9c14d,200,180,90.000000,283.038889,267.968268,1.000000,4.300000,358.349164,3.491667,337.526953,4.372222,3.203304,0.000000,0.367871,0.696049,0.275989,0.138007,300,2112,2112,32.000000,0,0,16,16,57,57,12,2,458.000000,787,0,0,38,162,0,38,18,12,6,0,18,6,6,6,0,0,0,0,0,20,0,20,20,20,0,0,0,0
1371,14000400,75,0,143.153596166922,175.000000000000,49.000000000000,2.349284879387,74c24f74582e7b47,8d15af1f9d36efa1,e407e38b33a154d2,200,152,76.000000,249.625000,271.531252,0.800000,2.800000,280.539681,3.510417,301.979837,3.723684,3.374558,0.000000,0.434000,0.684543,0.346420,0.152695,300,2160,2160,32.000000,0,0,16,16,48,48,6,0,434.000000,566,0,0,30,136,0,30,18,15,3,0,18,3,3,1,2,0,0,0,0,12,40,8,48,14,34,0,0,0
1372,14000401,75,0,72.390740026056,325.000000000000,56.000000000000,2.212397551718,c1fa2fad75519fc5,8d15af1f9d36efa1,3c38bfbf8661e6f6,200,186,93.000000,275.666667,267.761814,1.000000,4.600000,346.989242,3.499286,338.254669,4.559140,2.963443,0.000000,0.344668,0.690402,0.261324,0.118503,300,2344,2344,32.000000,0,0,16,16,52,52,10,0,446.000000,848,0,0,33,167,0,33,19,14,5,0,19,5,5,5,0,0,0,0,0,14,0,14,14,14,0,0,0,0
1373,14000402,75,0,201.719619862707,425.000000000000,36.000000000000,2.220307382281,c2b03bf8a7ae4cda,8d15af1f9d36efa1,be58934fd77b4193,200,159,79.500000,166.446541,155.866809,1.000000,2.200000,177.769384,4.186667,185.908617,2.245283,4.756303,0.000000,0.571429,0.704142,0.456621,0.287425,300,2712,2712,32.000000,0,0,16,16,71,71,2,0,476.000000,357,0,0,56,144,0,56,15,14,1,0,15,1,1,1,0,0,0,0,0,41,0,41,41,41,0,0,0,0
1374,14000403,75,0,124.216528608414,325.000000000000,55.000000000000,1.987584868207,7430bd5d1d8da201,8d15af1f9d36efa1,b47489884d176455,200,200,100.000000,231.215000,253.316225,1.000000,3.700000,282.377210,4.190000,278.708865,3.700000,3.729730,0.000000,0.359862,0.675325,0.288462,0.101942,300,2448,2448,32.000000,0,0,16,16,40,40,4,0,416.000000,740,0,0,20,180,0,20,20,18,2,0,20,2,2,2,0,0,0,0,0,0,0,0,0,0,0,0,0,0
1375,14000404,75,0,466.238430496802,175.000000000000,59.000000000000,2.103791115574,50224615c926d709,8d15af1f9d36efa1,6786984fa63fa8d5,200,200,100.000000,296.740000,278.332574,1.000000,4.600000,374.278493,4.038333,367.640187,4.800000,3.694792,0.000000,0.302326,0.675325,0.238095,0.080460,300,2240,2240,32.000000,0,0,16,16,40,40,4,0,416.000000,960,0,0,20,180,0,20,20,18,2,0,20,2,2,2,0,0,0,0,0,0,0,0,0,0,0,0,0,0
1376,14000405,75,0,88.190438159616,175.000000000000,61.000000000000,2.342622589637,33087ac0f09c6e1f,8d15af1f9d36efa1,e6de28122d292f04,200,194,97.000000,256.567010,260.879359,1.000000,3.800000,307.755684,3.545000,315.563215,3.938144,3.274869,0.000000,0.360134,0.682540,0.281955,0.113689,300,2256,2256,32.000000,0,0,16,16,46,46,6,0,430.000000,764,0,0,26,174,0,26,20,17,3,0,20,3,3,3,0,0,0,0,0,6,0,6,6,6,0,0,0,0
1377,14000406,75,0,190.510857816507,325.000000000000,57.000000000000,1.620548619820,269d574fa057ec00,8d15af1f9d36efa1,c3a5ea0379c1643f,200,200,100.000000,273.135000,272.939271,1.000000,4.400000,330.006156,3.536111,338.545900,4.500000,3.125556,0.000000,0.317147,0.676375,0.250000,0.087221,300,2088,2088,32.000000,0,0,16,16,41,41,4,2,418.000000,900,0,0,20,180,0,20,20,18,2,0,20,2,2,2,0,0,0,0,0,0,0,0,0,0,0,0,0,0
1378,14000407,75,0,117.804434598164,325.000000000000,41.000000000000,2.823697597234,4c8e3c20d0b9fee3,8d15af1f9d36efa1,9aea1300c5b633e5,200,200,100.000000,295.575000,308.608503,1.000000,4.800000,373.297075,2.955833,360.805305,4.800000,3.091667,0.000000,0.306358,0.679487,0.238095,0.087452,300,2160,2160,32.000000,0,0,16,16,41,41,10,2,424.000000,960,0,0,20,180,0,20,20,15,5,0,20,5,5,5,0,0,0,0,0,0,0,0,0,0,0,0,0,0
1379,14000408,75,0,369.859457505470,425.000000000000,33.000000000000,2.882061746240,f79fd9e683b189a9,8d15af1f9d36efa1,c8e8dd066bfa6cbf,200,173,86.500000,209.797688,239.872772,0.900000,2.800000,242.083216,4.064815,248.178025,3.115607,4.024119,0.000000,0.437956,0.677419,0.357569,0.140351,300,2616,2616,32.000000,0,0,16,16,43,43,2,0,420.000000,539,0,0,25,156,0,25,18,17,1,0,18,1,1,0,1,0,0,0,0,7,20,7,27,8,19,0,0,0
1380,14000409,75,0,39.948206278946,425.000000000000,56.000000000000,1.596902867333,f5a475c3da36ff17,8d15af1f9d36efa1,a93ca622c0fb5c04,200,145,72.500000,276.813793,274.687397,1.000000,4.100000,341.413573,3.895000,322.063128,4.324138,3.376396,0.000000,0.447577,0.717514,0.323625,0.219178,300,2680,2680,32.000000,0,0,16,16,81,81,14,0,508.000000,627,0,0,68,132,0,68,13,6,7,0,13,7,7,7,0,0,0,0,0,55,0,55,55,55,0,0,0,0
1381,14000410,75,0,377.412984320920,75.000000000000,44.000000000000,2.063137477852,eb02293e75a4b1e0,8d15af1f9d36efa1,fe9bd28f50a5fa9e,200,101,50.500000,292.544554,270.155797,1.000000,4.500000,325.618498,3.404286,369.155824,4.970297,3.386454,0.000000,0.533457,0.741602,0.374065,0.325269,300,2200,2200,32.000000,0,0,16,16,117,117,8,0,574.000000,502,0,0,108,92,0,108,9,5,4,0,9,4,4,4,0,0,0,0,0,99,0,99,99,99,0,0,0,0
1382,14000411,75,0,136.727607333361,75.000000000000,38.000000000000,2.641449517420,9d6549d9a36e562d,8d15af1f9d36efa1,512736de34362a35,200,161,80.500000,232.124224,202.206855,1.000000,3.000000,234.253305,3.733333,274.964525,3.509317,3.488496,0.000000,0.461392,0.707602,0.346821,0.211994,300,2408,2408,32.000000,0,0,16,16,73,73,6,0,484.000000,565,0,0,56,144,0,56,17,14,3,0,17,3,3,3,0,0,0,0,0,39,0,39,39,39,0,0,0,0
1383,14000412,75,0,128.552742794245,425.000000000000,45.000000000000,2.166644331515,10ee267a3375575d,8d15af1f9d36efa1,a3eae56be7fcf6b1,200,193,96.500000,208.295337,201.707480,1.000000,3.100000,236.394912,3.371667,226.303866,3.176166,3.259380,0.000000,0.413958,0.684044,0.328587,0.142657,300,2168,2168,31.000000,0,0,16,15,45,45,12,0,433.000000,613,0,0,26,174,0,26,19,13,6,0,19,6,6,6,0,0,0,0,0,7,0,7,7,7,0,0,0,0
1384,14000413,75,0,408.778971464394,425.000000000000,31.000000000000,2.488263478675,563704a49e923413,8d15af1f9d36efa1,a512426d8ef7d532,200,144,72.000000,211.118056,216.383340,1.000000,3.000000,253.486704,3.723333,246.305808,3.208333,3.411255,0.000000,0.524691,0.718310,0.393701,0.278125,300,2272,2272,32.000000,0,0,16,16,86,86,6,0,510.000000,462,0,0,71,129,0,71,15,12,3,0,15,3,3,3,0,0,0,0,0,56,0,56,56,56,0,0,0,0
1385,14000414,75,0,440.667609588065,325.000000000000,64.000000000000,2.159053716057,d9ae7a0175f14fe1,8d15af1f9d36efa1,f56e1ea3a2fbc23d,200,195,97.500000,290.574359,305.097874,1.000000,4.700000,359.342209,3.732976,357.837822,4.800000,3.564103,0.000000,0.315789,0.683544,0.242718,0.096525,300,2392,2392,32.000000,0,0,16,16,45,45,10,0,432.000000,936,0,0,25,175,0,25,20,15,5,0,20,5,5,5,0,0,0,0,0,5,0,5,5,5,0,0,0,0
1386,14000415,75,0,91.537611611192,425.000000000000,39.000000000000,2.561943360599,88bad3dcf6e5f382,8d15af1f9d36efa1,16de57b98a252616,200,179,89.500000,240.737430,196.605321,1.000000,3.700000,279.989431,2.960000,291.435222,3.882682,2.831655,0.000000,0.394071,0.693252,0.301508,0.147239,300,2256,2256,32.000000,0,0,16,16,57,57,6,0,452.000000,695,0,0,39,161,0,39,18,15,3,0,18,3,3,3,0,0,0,0,0,21,0,21,21,21,0,0,0,0
1387,14000416,75,0,217.742685334056,425.000000000000,23.000000000000,2.030664317498,d564efe93133ac58,8d15af1f9d36efa1,abcdf03ae5783052,200,179,89.500000,262.167598,278.924652,1.000000,4.200000,323.584462,3.183333,306.535570,4.027933,3.079057,0.000000,0.384287,0.692308,0.293830,0.140644,300,2152,2152,32.000000,0,0,16,16,57,57,4,4,450.000000,721,0,0,38,162,0,38,17,15,2,0,17,2,2,2,0,0,0,0,0,21,0,21,21,21,0,0,0,0
1388,14000417,75,0,63.524181425313,175.000000000000,66.000000000000,1.666663550188,209d1c85a1ea67ac,8d15af1f9d36efa1,fe2bf9f79dc221de,200,200,100.000000,243.865000,253.141322,1.000000,3.500000,286.676993,5.028333,285.512225,3.565000,4.746143,0.000000,0.372911,0.679487,0.296150,0.114286,300,2560,2560,32.000000,0,0,16,16,40,40,12,0,424.000000,713,0,0,20,180,0,20,20,14,6,0,20,6,6,6,0,0,0,0,0,0,0,0,0,0,0,0,0,0
1389,14000418,75,0,449.744431146914,175.000000000000,57.000000000000,2.188017211293,b6a9e22510220332,8d15af1f9d36efa1,b8f1b3b77fbb4a28,200,177,88.500000,233.932203,224.822744,1.000000,3.400000,274.870712,3.845000,270.101789,3.463277,3.792822,0.000000,0.429767,0.697885,0.328587,0.174966,300,2768,2768,32.000000,0,0,16,16,64,64,2,2,462.000000,613,0,0,43,157,0,43,20,19,1,0,20,1,1,1,0,0,0,0,0,23,0,23,23,23,0,0,0,0
1390,14000419,75,0,9.426387517098,325.000000000000,67.000000000000,2.510831956624,ecbdd5ce1466a2fd,8d15af1f9d36efa1,3587c01df0f224bc,200,173,86.500000,211.630058,213.668106,1.000000,3.200000,248.741592,3.167857,239.313177,3.225434,3.299283,0.000000,0.451866,0.696970,0.349650,0.186589,300,2472,2472,32.000000,0,0,16,16,61,61,6,0,460.000000,558,0,0,45,155,2,43,16,13,3,0,16,3,3,3,0,0,0,0,0,27,0,27,27,27,0,0,0,0
1391,14000420,75,0,100.093432662525,175.000000000000,54.000000000000,2.228238887389,f9ccad24f21e2b1e,8d15af1f9d36efa1,ba42cf50665ea823,200,189,94.500000,250.978836,245.241288,1.000000,4.000000,304.274665,2.800000,297.049892,4.079365,3.225681,0.000000,0.363336,0.687500,0.280112,0.122867,300,2064,2064,32.000000,0,0,16,16,50,50,8,2,440.000000,771,0,0,30,170,0,30,19,15,4,0,19,4,4,4,0,0,0,0,0,11,0,11,11,11,0,0,0,0
1392,14000421,75,0,403.890992905146,425.000000000000,36.000000000000,2.469766028490,7e82fe2ff3451be0,8d15af1f9d36efa1,ba86624f44541ee9,200,159,79.500000,239.886792,257.736532,1.000000,3.700000,302.137610,3.426190,268.930802,3.540881,3.222025,0.000000,0.461244,0.706745,0.347625,0.210379,300,2048,2048,32.000000,0,0,16,16,73,73,4,4,482.000000,563,0,0,56,144,0,56,15,13,2,0,15,2,2,2,0,0,0,0,0,41,0,41,41,41,0,0,0,0
1393,14000422,75,0,92.292497729049,75.000000000000,44.000000000000,1.904470720927,29636b55d1d3905a,8d15af1f9d36efa1,abb0b0277a47ad6a,200,125,62.500000,361.960000,359.713039,1.000000,5.200000,412.856025,3.830833,423.175979,5.352000,3.814649,0.000000,0.453878,0.735450,0.309598,0.250840,300,2112,2112,32.000000,0,0,16,16,104,104,16,2,556.000000,669,0,0,89,111,0,89,14,6,8,0,14,8,8,8,0,0,0,0,0,75,0,75,75,75,0,0,0,0
1394,14000423,75,0,0.165393933540,325.000000000000,67.000000000000,2.606355545731,a641a70f32d50b0f,8d15af1f9d36efa1,8453f1f660873f75,200,178,89.000000,294.005618,266.032078,1.000000,4.300000,326.928722,3.183571,340.327406,4.589888,3.001224,0.000000,0.363211,0.699700,0.268577,0.140904,300,2192,2192,32.000000,0,0,16,16,62,62,10,0,466.000000,817,0,0,42,158,0,42,20,15,5,0,20,5,5,5,0,0,0,0,0,22,0,22,22,22,0,0,0,0
1395,14000424,75,0,280.504120498738,75.000000000000,35.000000000000,1.878585949834,c10448663fe3e00b,8d15af1f9d36efa1,e667ea68f2b1746,200,137,68.500000,304.547445,293.254532,1.000000,4.400000,338.944025,3.714167,364.510839,4.525547,3.425806,0.000000,0.457093,0.722992,0.326087,0.234568,300,2000,2000,32.000000,0,0,16,16,90,90,10,2,522.000000,620,0,0,76,124,0,76,13,8,5,0,13,5,5,5,0,0,0,0,0,63,0,63,63,63,0,0,0,0
1396,14000425,75,0,347.633161814718,75.000000000000,40.000000000000,2.214504403957,f29db2ba325c83e7,8d15af1f9d36efa1,e9a1380d319cbc8d,200,166,83.000000,310.210843,327.759135,1.000000,4.600000,389.947170,4.000000,373.456060,4.554217,3.387566,0.000000,0.390323,0.707602,0.284091,0.167401,300,2104,2104,32.000000,0,0,16,16,68,68,16,0,484.000000,756,0,0,51,149,0,51,17,9,8,0,17,8,8,8,0,0,0,0,0,34,0,34,34,34,0,0,0,0
1397,14000426,75,0,322.082311592944,425.000000000000,38.000000000000,2.130684474150,23953d14c611c647,8d15af1f9d36efa1,621e4f57c2231e73,200,170,85.000000,246.111765,250.603567,1.000000,3.600000,284.457887,3.411667,302.700894,3.723529,3.860979,0.000000,0.421918,0.697885,0.321543,0.170380,300,2400,2400,32.000000,0,0,16,16,64,64,2,0,462.000000,633,0,0,47,153,0,47,17,16,1,0,17,1,1,1,0,0,0,0,0,30,0,30,30,30,0,0,0,0
1398,14000427,75,0,187.738430111657,75.000000000000,39.000000000000,1.797149679381,44e56efe91c3c134,8d15af1f9d36efa1,1aecd60856f3cb9,200,100,50.000000,269.680000,301.600349,1.000000,4.200000,346.963099,3.575000,334.500761,4.000000,3.367500,0.000000,0.590164,0.742268,0.428571,0.378882,300,2176,2176,32.000000,0,0,16,16,120,120,4,0,576.000000,400,0,0,110,90,0,110,10,8,2,0,10,2,2,2,0,0,0,0,0,100,0,100,100,100,0,0,0,0
1399,14000428,75,0,329.810199197491,175.000000000000,49.000000000000,2.008751928507,5f85f2d022cef90e,8d15af1f9d36efa1,2acc0703b3f4851a,200,180,90.000000,227.933333,227.357303,0.900000,3.200000,268.753926,3.420899,270.715553,3.555556,3.093750,0.000000,0.393939,0.675325,0.319149,0.116022,300,2232,2232,32.000000,0,0,16,16,38,38,8,0,416.000000,640,0,0,19,162,0,19,19,15,4,0,19,4,4,3,1,0,0,0,0,0,20,0,20,1,19,0,0,0
1400,14000429,75,0,48.802721582613,425.000000000000,46.000000000000,1.771965301035,14b0cee80c1ab12a,8d15af1f9d36efa1,d8363c4fe618ec2d,200,175,87.500000,255.788571,239.363532,1.000000,3.900000,303.054839,3.838333,292.486082,3.994286,3.115880,0.000000,0.400000,0.699700,0.300300,0.160864,300,2512,2512,32.000000,0,0,16,16,61,61,12,0,466.000000,699,0,0,43,157,0,43,18,12,6,0,18,6,6,6,0,0,0,0,0,25,0,25,25,25,0,0,0,0
1401,14000430,75,0,80.475451762688,175.000000000000,50.000000000000,2.591619069450,9add5191c7f7b874,8d15af1f9d36efa1,a539f42e274c203e,200,162,81.000000,233.728395,241.002074,0.900000,3.000000,255.834161,3.190476,268.481458,3.530864,3.187063,0.000000,0.439216,0.691358,0.344037,0.168605,300,2056,2056,32.000000,0,0,16,16,54,54,8,0,448.000000,572,0,0,36,145,0,36,18,14,4,0,18,4,4,3,1,0,0,0,0,18,20,18,38,19,19,0,0,0
1402,14000431,75,0,118.060301265612,75.000000000000,40.000000000000,2.369755749788,6fcc85480e52d897,8d15af1f9d36efa1,f1eb4e4ff494441e,200,177,88.500000,212.491525,173.752520,1.000000,2.800000,209.007332,3.291667,222.666286,3.096045,3.208029,0.000000,0.458498,0.698795,0.353774,0.194118,300,2240,2240,32.000000,0,0,16,16,64,64,4,10,464.000000,548,0,0,41,159,0,41,18,16,2,0,18,2,2,2,0,0,0,0,0,23,0,23,23,23,0,0,0,0
1403,14000432,75,0,95.143851641607,175.000000000000,59.000000000000,2.377826789243,7523deb1eb594c7d,8d15af1f9d36efa1,8c0e1ba6d929b122,200,149,74.500000,292.912752,296.208012,0.900000,4.200000,377.804904,3.966667,361.478834,4.510067,3.784226,0.000000,0.410526,0.700599,0.308642,0.168317,300,2376,2376,32.000000,0,0,16,16,65,65,6,0,468.000000,672,0,0,48,133,0,48,17,14,3,0,17,3,3,2,1,0,0,0,0,31,20,31,51,32,19,0,0,0
1404,14000433,75,0,117.473709179237,175.000000000000,51.000000000000,1.958563758822,38a488347aebcc04,8d15af1f9d36efa1,9ae32600c5b03580,200,191,95.500000,185.732984,178.111030,1.000000,2.900000,213.213861,3.833333,205.535836,2.801047,3.536449,0.000000,0.445596,0.682540,0.359281,0.154818,300,2088,2088,32.000000,0,0,16,16,47,47,4,0,430.000000,535,0,0,28,172,0,28,19,17,2,0,19,2,2,2,0,0,0,0,0,9,0,9,9,9,0,0,0,0
1405,14000434,75,0,233.759489574975,325.000000000000,39.000000000000,1.511331862635,9321ade46b9735d4,8d15af1f9d36efa1,5b931f6cffe9a7f5,200,200,100.000000,282.220000,274.162045,1.000000,4.300000,336.147351,3.818571,343.890574,4.400000,3.669318,0.000000,0.322034,0.676375,0.254237,0.089027,300,2224,2224,32.000000,0,0,16,16,42,42,2,4,418.000000,880,0,0,20,180,0,20,20,19,1,0,20,1,1,1,0,0,0,0,0,0,0,0,0,0,0,0,0,0
1406,14000435,75,0,444.508195892752,425.000000000000,52.000000000000,1.886548591519,e348cb99d47314b7,8d15af1f9d36efa1,70b5527a8afea3ca,200,112,56.000000,203.285714,231.413164,1.000000,3.500000,280.183518,3.563810,217.460228,2.812500,3.320635,0.000000,0.640000,0.736842,0.487805,0.419890,300,2072,2072,32.000000,0,0,16,16,110,110,8,0,560.000000,315,0,0,99,101,0,99,11,7,4,0,11,4,4,4,0,0,0,0,0,88,0,88,88,88,0,0,0,0
1407,14000436,75,0,78.019845721511,425.000000000000,56.000000000000,1.538310073505,33065146c528bb3a,8d15af1f9d36efa1,9db32494fbfc2595,200,87,43.500000,308.540230,246.409174,1.000000,4.100000,327.822561,4.013095,345.449395,4.609195,3.698254,0.000000,0.609542,0.757869,0.427960,0.423022,300,2472,2472,32.000000,0,0,16,16,145,145,4,24,626.000000,401,0,0,123,77,0,123,10,8,2,0,10,2,2,2,0,0,0,0,0,113,0,113,113,113,0,0,0,0
1408,14000437,75,0,428.928323894858,425.000000000000,54.000000000000,1.699847091363,82900ec2b2d35926,8d15af1f9d36efa1,eff41db0e9f749f7,200,183,91.500000,283.655738,274.194011,1.000000,4.300000,334.669706,3.165000,331.397983,4.530055,3.083233,0.000000,0.356866,0.696970,0.265722,0.133751,300,2136,2136,32.000000,0,0,16,16,55,55,18,0,460.000000,829,0,0,36,164,0,36,19,10,9,0,19,9,9,9,0,0,0,0,0,17,0,17,17,17,0,0,0,0
1409,14000438,75,0,169.116664831505,325.000000000000,31.000000000000,2.510291522647,10be238b3f67e442,8d15af1f9d36efa1,ecc25150828de0cc,200,190,95.000000,271.484211,282.038346,1.000000,4.400000,334.276151,3.736667,337.087685,4.452632,3.360520,0.000000,0.335950,0.681529,0.261780,0.101911,300,2384,2384,32.000000,0,0,16,16,48,48,0,0,428.000000,846,0,0,29,171,0,29,19,19,0,0,19,0,0,0,0,0,0,0,0,10,0,10,10,10,0,0,0,0
1410,14000439,75,0,52.512231353470,75.000000000000,44.000000000000,2.434705047602,62bddcb9b8e731e,8d15af1f9d36efa1,9b499c00c607b134,200,100,50.000000,178.360000,230.328370,0.700000,1.600000,181.061542,4.630952,185.861035,2.400000,5.166667,0.000000,0.670330,0.709302,0.555556,0.393939,300,2680,2680,32.000000,0,0,16,16,75,75,6,2,488.000000,240,0,0,61,90,0,61,13,10,3,0,13,3,3,0,3,0,0,0,0,48,60,40,100,51,49,0,0,0
1411,14000440,75,0,188.216888641831,325.000000000000,46.000000000000,2.236045253001,896de9bb6215b588,8d15af1f9d36efa1,9eee8ffd500d00f6,200,176,88.000000,233.244318,255.576558,1.000000,3.700000,308.027247,4.230000,289.771756,3.653409,3.488336,0.000000,0.410632,0.691358,0.318134,0.152833,300,2248,2248,32.000000,0,0,16,16,58,58,0,0,448.000000,643,0,0,41,159,0,41,17,17,0,0,17,0,0,0,0,0,0,0,0,24,0,24,24,24,0,0,0,0
1412,14000441,75,0,463.614055405467,325.000000000000,68.000000000000,2.159586472318,e5daeddc25757225,8d15af1f9d36efa1,5a51cab351141ea,200,197,98.500000,270.116751,278.334689,1.000000,4.200000,340.602896,4.349762,326.193591,4.253807,3.959427,0.000000,0.335975,0.679487,0.263620,0.098925,300,2288,2288,32.000000,0,0,16,16,43,43,6,0,424.000000,838,0,0,23,177,0,23,20,17,3,0,20,3,3,3,0,0,0,0,0,3,0,3,3,3,0,0,0,0
1413,14000442,75,0,147.164364451639,325.000000000000,49.000000000000,2.548438736634,d5391ed0d047a8b0,8d15af1f9d36efa1,9b058800c5cdc26c,200,200,100.000000,223.720000,202.795976,1.000000,2.900000,234.171738,6.046429,262.338696,3.200000,4.875000,0.000000,0.395085,0.676375,0.319149,0.118457,300,2776,2776,32.000000,0,0,16,16,42,42,2,4,418.000000,640,0,0,20,180,0,20,20,19,1,0,20,1,1,1,0,0,0,0,0,0,0,0,0,0,0,0,0,0
1414,14000443,75,0,430.689662470666,75.000000000000,38.000000000000,2.733383661210,6c017a6da8eb02f0,8d15af1f9d36efa1,50d4a98083f4b380,200,170,85.000000,310.705882,232.929056,1.000000,4.200000,335.966822,3.400379,367.193726,4.800000,3.294118,0.000000,0.368421,0.704142,0.268817,0.150000,300,2016,2016,32.000000,0,0,16,16,63,63,18,2,476.000000,816,0,0,46,154,0,46,16,7,9,0,16,9,9,9,0,0,0,0,0,30,0,30,30,30,0,0,0,0
1415,14000444,75,0,55.163255667228,75.000000000000,38.000000000000,2.685468028631,10c055c434b5083e,8d15af1f9d36efa1,23b541290df3e7b5,200,143,71.500000,295.314685,265.272012,1.000000,4.500000,356.730450,3.577500,341.510359,4.307692,3.418831,0.000000,0.460595,0.724518,0.327511,0.239506,300,2344,2344,32.000000,0,0,16,16,90,90,14,2,526.000000,616,0,0,73,127,0,73,16,9,7,0,16,7,7,7,0,0,0,0,0,57,0,57,57,57,0,0,0,0
1416,14000445,75,0,238.030531502813,75.000000000000,32.000000000000,1.554471153295,a3c9af7d7bb7b2d0,8d15af1f9d36efa1,b7346cbe149a2d1b,200,134,67.000000,243.746269,229.394261,1.000000,3.500000,268.811886,3.626667,277.857178,3.805970,3.264706,0.000000,0.506770,0.723757,0.370370,0.273504,300,2552,2552,32.000000,0,0,16,16,95,95,2,2,524.000000,510,0,0,80,120,0,80,14,13,1,0,14,1,1,1,0,0,0,0,0,66,0,66,66,66,0,0,0,0
1417,14000446,75,0,411.851291084783,425.000000000000,46.000000000000,2.158136258736,8e6d74803f2ae376,8d15af1f9d36efa1,e14811af39f8c9f1,200,130,65.000000,232.923077,197.189363,1.000000,3.800000,284.113289,3.601667,263.701704,3.592308,3.203426,0.000000,0.533467,0.727520,0.391134,0.301943,300,2368,2368,32.000000,0,0,16,16,96,96,10,0,534.000000,467,0,0,83,117,0,83,13,8,5,0,13,5,5,5,0,0,0,0,0,70,0,70,70,70,0,0,0,0
1418,14000447,75,0,307.749889791400,325.000000000000,46.000000000000,2.282725788368,6df3c463b528d027,8d15af1f9d36efa1,2853222577a378bb,200,199,99.500000,264.723618,273.716136,1.000000,4.100000,325.328815,3.783333,315.948289,4.090452,3.469287,0.000000,0.342488,0.679487,0.269300,0.101545,300,2216,2216,32.000000,0,0,16,16,42,42,8,2,424.000000,814,0,0,21,179,0,21,20,16,4,0,20,4,4,4,0,0,0,0,0,1,0,1,1,1,0,0,0,0
1419,14000448,75,0,366.490146313198,325.000000000000,56.000000000000,2.111399826972,472f8ef767739629,8d15af1f9d36efa1,8b4dce77d379d147,200,196,98.000000,241.969388,249.253925,1.000000,3.700000,283.318516,3.615000,295.023428,3.821429,3.293725,0.000000,0.360376,0.678457,0.285987,0.107271,300,2232,2232,32.000000,0,0,16,16,44,44,2,0,422.000000,749,0,0,24,176,0,24,20,19,1,0,20,1,1,1,0,0,0,0,0,4,0,4,4,4,0,0,0,0
1420,14000449,75,0,126.251280972055,75.000000000000,36.000000000000,2.551180949160,865a782ce81f6f2a,8d15af1f9d36efa1,949b3885c8f7860b,200,138,69.000000,288.181159,301.294117,1.000000,4.300000,345.752204,3.812937,356.940444,4.572464,3.797147,0.000000,0.450827,0.721448,0.322234,0.227662,300,2208,2208,32.000000,0,0,16,16,88,88,10,0,518.000000,631,0,0,75,125,0,75,13,8,5,0,13,5,5,5,0,0,0,0,0,62,0,62,62,62,0,0,0,0
1421,14000450,75,0,243.694222561633,175.000000000000,39.000000000000,1.823169591954,dc50cd0be2724ac1,8d15af1f9d36efa1,3708955e3ee05f35,200,200,100.000000,248.465000,273.459571,1.000000,3.800000,309.163697,3.535000,301.208343,3.800000,3.657895,0.000000,0.351536,0.673203,0.283019,0.095238,300,2384,2384,32.000000,0,0,16,16,40,40,0,0,412.000000,760,0,0,20,180,0,20,20,20,0,0,20,0,0,0,0,0,0,0,0,0,0,0,0,0,0,0,0,0
1422,14000451,75,0,21.046094794494,175.000000000000,67.000000000000,2.276242507987,55a800b3ea41b932,8d15af1f9d36efa1,1874a9509b6a3e01,200,174,87.000000,260.885057,228.203033,1.000000,3.600000,283.343934,3.626667,295.872450,3.844828,3.292975,0.000000,0.417755,0.705882,0.309598,0.181151,300,2208,2208,32.000000,0,0,16,16,66,66,16,0,480.000000,669,0,0,46,154,0,46,20,12,8,0,20,8,8,8,0,0,0,0,0,26,0,26,26,26,0,0,0,0
1423,14000452,75,0,265.001317185003,175.000000000000,42.000000000000,1.859560597909,c8db933958aa57d1,8d15af1f9d36efa1,4ad3315ec1837c4b,200,188,94.000000,286.696809,323.117240,1.000000,4.300000,369.547948,4.501905,361.382977,4.468085,3.940476,0.000000,0.339623,0.683544,0.263158,0.106383,300,2320,2320,32.000000,0,0,16,16,50,50,0,0,432.000000,840,0,0,31,169,0,31,19,19,0,0,19,0,0,0,0,0,0,0,0,12,0,12,12,12,0,0,0,0
1424,14000453,75,0,348.076100184872,75.000000000000,34.000000000000,2.674893790898,5d929ae3e7ca80b4,8d15af1f9d36efa1,b2f9f036812694f5,200,193,96.500000,268.658031,250.945953,1.000000,3.800000,274.581157,3.328571,318.777648,4.202073,2.838471,0.000000,0.348594,0.684543,0.270027,0.111720,300,2576,2576,32.000000,0,0,16,16,45,45,12,0,434.000000,811,0,0,26,174,0,26,19,13,6,0,19,6,6,6,0,0,0,0,0,7,0,7,7,7,0,0,0,0
1425,14000454,75,0,261.165544549205,175.000000000000,43.000000000000,2.206283612126,5b4638286ae74a70,8d15af1f9d36efa1,e5d2e5a2991d10d7,200,185,92.500000,278.648649,256.174605,1.000000,3.900000,313.039273,3.416667,325.918776,4.183784,3.395349,0.000000,0.362438,0.687500,0.279330,0.122449,300,2416,2416,32.000000,0,0,16,16,52,52,4,2,440.000000,774,0,0,33,167,0,33,18,16,2,0,18,2,2,2,0,0,0,0,0,15,0,15,15,15,0,0,0,0
1426,14000455,75,0,260.592930813117,425.000000000000,36.000000000000,1.609671609731,1fb149b2ca0a4ea9,8d15af1f9d36efa1,ac02a324dff172af,200,176,88.000000,301.892045,285.492315,1.000000,4.700000,361.123954,3.323333,364.927029,4.801136,3.082840,0.000000,0.352490,0.696970,0.262009,0.131552,300,2288,2288,32.000000,0,0,16,16,59,59,10,2,460.000000,845,0,0,41,159,0,41,17,12,5,0,17,5,5,5,0,0,0,0,0,24,0,24,24,24,0,0,0,0
1427,14000456,75,0,292.510210300066,425.000000000000,45.000000000000,1.634731474816,e30d9da07628ca4,8d15af1f9d36efa1,9aa61000c57c6200,200,180,90.000000,207.383333,193.393352,1.000000,3.000000,225.231406,2.989048,216.673793,2.900000,3.203065,0.000000,0.468432,0.696970,0.364964,0.196923,300,2136,2136,32.000000,0,0,16,16,59,59,10,2,460.000000,522,0,0,39,161,0,39,19,14,5,0,19,5,5,5,0,0,0,0,0,20,0,20,20,20,0,0,0,0
1428,14000457,75,0,421.417043812556,325.000000000000,50.000000000000,2.767566181434,1207f13dec364698,8d15af1f9d36efa1,9a6fd400c54e6c9c,200,193,96.500000,212.020725,228.903046,1.000000,3.300000,277.828011,3.496667,253.616160,3.202073,3.587379,0.000000,0.406910,0.679487,0.326797,0.129577,300,2304,2304,32.000000,0,0,16,16,45,45,2,0,424.000000,618,0,0,26,174,0,26,19,18,1,0,19,1,1,1,0,0,0,0,0,7,0,7,7,7,0,0,0,0
1429,14000458,75,0,207.401244134844,325.000000000000,32.000000000000,2.350116234038,60c0a94bf8c175a4,8d15af1f9d36efa1,41cd8a2ae644d532,200,173,86.500000,236.751445,253.441039,1.000000,3.300000,276.445159,4.513095,287.114509,3.341040,3.859862,0.000000,0.441006,0.695122,0.341686,0.176638,300,2584,2584,32.000000,0,0,16,16,61,61,2,0,456.000000,578,0,0,44,156,0,44,17,16,1,0,17,1,1,1,0,0,0,0,0,27,0,27,27,27,0,0,0,0
1430,14000459,75,0,145.314480032502,425.000000000000,30.000000000000,2.680531139522,b7443d0f7d0644c,8d15af1f9d36efa1,c3225f4f4930bd1e,200,180,90.000000,203.522222,207.575498,0.900000,2.600000,232.666244,4.096296,240.699153,3.033333,4.399267,0.000000,0.428870,0.672131,0.354610,0.125000,300,2888,2888,32.000000,0,0,16,16,38,38,2,0,410.000000,546,0,0,19,162,0,19,19,18,1,0,19,1,1,0,1,0,0,0,0,0,20,0,20,1,19,0,0,0
1431,14000460,75,0,449.885599081536,325.000000000000,65.000000000000,2.202049467599,f45808a76b56cd5e,8d15af1f9d36efa1,feabb3595555f3bc,200,176,88.000000,264.164773,293.192298,1.000000,4.200000,345.224362,3.950000,331.661908,4.210227,3.704453,0.000000,0.385062,0.698795,0.288184,0.151203,300,2296,2296,32.000000,0,0,16,16,63,63,6,6,464.000000,741,0,0,42,158,0,42,18,15,3,0,18,3,3,3,0,0,0,0,0,24,0,24,24,24,0,0,0,0
1432,14000461,75,0,199.620630840115,325.000000000000,54.000000000000,2.139093070702,a78430f9d7b3f174,8d15af1f9d36efa1,14ad8469c0d40d28,200,140,70.000000,144.900000,167.526498,0.700000,1.500000,157.202772,5.700680,148.938145,2.142857,4.400000,0.000000,0.577465,0.672131,0.500000,0.206349,300,2800,2800,32.000000,0,0,16,16,35,35,8,2,410.000000,300,0,0,17,126,0,17,17,13,4,0,17,4,4,1,3,0,0,0,0,0,60,0,60,3,57,0,0,0
1433,14000462,75,0,140.963303903811,175.000000000000,47.000000000000,2.643499050723,936c88e0021aeaad,8d15af1f9d36efa1,517a565761d41c41,200,200,100.000000,217.975000,216.010806,1.000000,3.200000,258.075849,4.241667,251.991558,3.200000,4.000000,0.000000,0.393939,0.675325,0.319149,0.116022,300,2440,2440,32.000000,0,0,16,16,40,40,4,0,416.000000,640,0,0,20,180,0,20,20,18,2,0,20,2,2,2,0,0,0,0,0,0,0,0,0,0,0,0,0,0
1434,14000463,75,0,329.784058069524,425.000000000000,29.000000000000,2.751560812749,8a78b10f30fd8650,8d15af1f9d36efa1,a0306b4ca21c1adc,200,125,62.500000,269.744000,291.744961,1.000000,4.000000,330.383262,3.771667,344.527912,4.216000,3.741935,0.000000,0.500474,0.725275,0.362757,0.271093,300,2424,2424,32.000000,0,0,16,16,97,97,2,0,528.000000,527,0,0,86,114,0,86,11,10,1,0,11,1,1,1,0,0,0,0,0,75,0,75,75,75,0,0,0,0
1435,14000464,75,0,347.406034464765,325.000000000000,41.000000000000,2.900393316433,d22c88a589389d7,8d15af1f9d36efa1,3aadbff4cfcbe45a,200,186,93.000000,277.392473,291.911167,1.000000,4.200000,348.780230,3.543810,345.430975,4.322581,3.732587,0.000000,0.351613,0.685535,0.271739,0.114537,300,2448,2448,32.000000,0,0,16,16,51,51,2,2,436.000000,804,0,0,32,168,0,32,18,17,1,0,18,1,1,1,0,0,0,0,0,14,0,14,14,14,0,0,0,0
1436,14000465,75,0,52.347693247134,75.000000000000,47.000000000000,2.102254831711,bb67e57d6f86638d,8d15af1f9d36efa1,fc07906bda46117f,200,145,72.500000,243.455172,264.913667,1.000000,3.900000,324.395065,3.701905,288.854158,3.813793,3.240506,0.000000,0.475829,0.715100,0.351700,0.235131,300,2064,2064,32.000000,0,0,16,16,81,81,8,0,502.000000,553,0,0,68,132,0,68,13,9,4,0,13,4,4,4,0,0,0,0,0,55,0,55,55,55,0,0,0,0
1437,14000466,75,0,83.871166831091,75.000000000000,47.000000000000,2.092635848196,f5d9e5595cdb9534,8d15af1f9d36efa1,3253c67e1696eed1,200,158,79.000000,292.069620,291.066013,1.000000,4.300000,333.797659,3.159524,333.829161,4.531646,3.203911,0.000000,0.416463,0.718706,0.295276,0.200893,300,2088,2088,31.000000,0,0,16,15,78,78,24,0,511.000000,716,0,0,60,140,0,60,18,6,12,0,18,12,12,12,0,0,0,0,0,42,0,42,42,42,0,0,0,0
1438,14000467,75,0,217.667179961904,175.000000000000,52.000000000000,1.847251635490,d06f4750f709e076,8d15af1f9d36efa1,9ad93c00c5a8065d,200,137,68.500000,244.751825,275.997768,0.700000,2.900000,325.327619,3.662245,301.137255,4.182482,3.090750,0.000000,0.418274,0.673203,0.343643,0.122511,300,2200,2200,32.000000,0,0,16,16,37,37,6,0,412.000000,573,0,0,20,123,0,20,17,14,3,0,17,3,3,0,3,0,0,0,0,3,60,3,63,6,57,0,0,0
1439,14000468,75,0,335.009848991443,325.000000000000,39.000000000000,2.755261666665,99da622e7a52fff5,8d15af1f9d36efa1,9b3bc200c5fbb46a,200,184,92.000000,262.065217,264.531520,1.000000,3.900000,305.752950,3.233095,319.404034,4.103261,3.214570,0.000000,0.376548,0.695122,0.284360,0.141069,300,2008,2008,32.000000,0,0,16,16,58,58,8,12,456.000000,755,0,0,34,166,0,34,18,14,4,0,18,4,4,4,0,0,0,0,0,16,0,16,16,16,0,0,0,0
1440,14000469,75,0,248.217901405679,175.000000000000,39.000000000000,1.848463847849,b01c8cf427dcfbf8,8d15af1f9d36efa1,a249ff5dd6685518,200,200,100.000000,268.450000,289.427784,1.000000,4.400000,327.691293,3.300000,340.470550,4.635000,3.110032,0.000000,0.308725,0.674267,0.244499,0.081269,300,2120,2120,32.000000,0,0,16,16,40,40,2,0,414.000000,927,0,0,20,180,0,20,20,19,1,0,20,1,1,1,0,0,0,0,0,0,0,0,0,0,0,0,0,0
1441,14000470,75,0,294.981342530647,175.000000000000,37.000000000000,1.718825090169,baa4aeeb87fec839,8d15af1f9d36efa1,1febea8a4d4e83cc,200,184,92.000000,253.869565,277.365333,1.000000,3.700000,314.352042,4.850000,300.097832,3.711957,5.033675,0.000000,0.391266,0.687011,0.305188,0.136536,300,2816,2816,31.000000,0,0,16,15,52,52,4,0,439.000000,683,0,0,34,166,0,34,18,16,2,0,18,2,2,2,0,0,0,0,0,16,0,16,16,16,0,0,0,0
1442,14000471,75,0,26.200829113607,75.000000000000,50.000000000000,2.166259382865,6439c686b388c8d0,8d15af1f9d36efa1,6bc7ffed03e350d,200,95,47.500000,292.800000,248.644093,1.000000,3.500000,291.108898,4.070476,349.360681,4.136842,4.277354,0.000000,0.600203,0.746835,0.432900,0.396313,300,2744,2744,32.000000,0,0,16,16,125,125,8,0,590.000000,393,0,0,115,85,0,115,10,6,4,0,10,4,4,4,0,0,0,0,0,105,0,105,105,105,0,0,0,0
1443,14000472,75,0,129.376530627809,325.000000000000,55.000000000000,2.438503416784,ea9e29d615ea6910,8d15af1f9d36efa1,edf4c7b57af4b7,200,192,96.000000,279.375000,262.122358,1.000000,4.300000,319.464899,4.007500,332.628364,4.307292,3.790810,0.000000,0.343129,0.683544,0.266193,0.107875,300,2384,2384,32.000000,0,0,16,16,50,50,0,4,432.000000,827,0,0,28,172,0,28,20,20,0,0,20,0,0,0,0,0,0,0,0,8,0,8,8,8,0,0,0,0
1444,14000473,75,0,477.159685349264,425.000000000000,45.000000000000,2.904031302614,d23041848b50fc61,8d15af1f9d36efa1,8efc45ef5697398e,200,123,61.500000,237.008130,243.990773,1.000000,3.800000,282.667971,4.296667,266.459393,3.528455,4.370968,0.000000,0.552577,0.728261,0.408719,0.319749,300,2616,2616,32.000000,0,0,16,16,97,97,10,0,536.000000,434,0,0,87,113,0,87,10,5,5,0,10,5,5,5,0,0,0,0,0,77,0,77,77,77,0,0,0,0
1445,14000474,75,0,223.719552459754,75.000000000000,36.000000000000,1.587478529143,b9dbc81c6585dd5d,8d15af1f9d36efa1,3ff0255cc9d2976e,200,136,68.000000,253.294118,225.679395,0.900000,2.900000,248.014981,3.130952,306.283162,3.875000,3.176471,0.000000,0.480788,0.709302,0.362757,0.228404,300,2304,2304,32.000000,0,0,16,16,74,74,8,2,488.000000,527,0,0,59,122,0,59,15,11,4,0,15,4,4,3,1,0,0,0,0,44,20,44,64,45,19,0,0,0
1446,14000475,75,0,244.219640870593,75.000000000000,30.000000000000,2.075450778631,330198e4c3be674b,8d15af1f9d36efa1,19967a4cb9b5d726,200,146,73.000000,290.226027,293.873849,1.000000,4.700000,381.323895,3.932381,366.167951,4.678082,3.556369,0.000000,0.422654,0.714286,0.305188,0.197415,300,2232,2232,32.000000,0,0,16,16,82,82,4,0,500.000000,683,0,0,68,132,0,68,14,12,2,0,14,2,2,2,0,0,0,0,0,54,0,54,54,54,0,0,0,0
1447,14000476,75,0,350.824950462926,425.000000000000,28.000000000000,2.927826606980,9db46b74d632d7a3,8d15af1f9d36efa1,791ab5091f93aca,200,158,79.000000,232.892405,197.128784,1.000000,3.400000,259.806115,3.861190,282.865857,3.810127,3.961794,0.000000,0.445672,0.707602,0.332594,0.201592,300,2760,2760,32.000000,0,0,16,16,72,72,8,0,484.000000,602,0,0,57,143,0,57,15,11,4,0,15,4,4,4,0,0,0,0,0,42,0,42,42,42,0,0,0,0
1448,14000477,75,0,181.685901784906,325.000000000000,44.000000000000,2.391811551561,b818aac1f0346647,8d15af1f9d36efa1,9ab06a00c5854f73,200,186,93.000000,196.349462,189.084589,1.000000,2.900000,232.261016,3.360000,222.265281,2.892473,3.338290,0.000000,0.446502,0.684543,0.357995,0.159375,300,2392,2392,32.000000,0,0,16,16,51,51,0,2,434.000000,538,0,0,32,168,0,32,18,18,0,0,18,0,0,0,0,0,0,0,0,14,0,14,14,14,0,0,0,0
1449,14000478,75,0,347.555161844047,175.000000000000,54.000000000000,2.433673994773,658b571a71ee9dcc,8d15af1f9d36efa1,c2ffff4f49133398,200,116,58.000000,247.086207,260.723536,0.600000,2.200000,275.243159,4.416667,305.176243,3.801724,4.378685,0.000000,0.483001,0.673203,0.404858,0.153551,300,2504,2504,32.000000,0,0,16,16,36,36,8,0,412.000000,441,0,0,20,104,0,20,16,12,4,0,16,4,4,0,4,0,0,0,0,4,80,4,84,8,76,0,0,0
1450,14000479,75,0,398.682620043910,75.000000000000,47.000000000000,1.808115477325,bfc9806eeec8760a,8d15af1f9d36efa1,9ab74000c58b26c3,200,120,60.000000,237.508333,201.756544,1.000000,2.900000,229.008535,2.827143,278.447135,3.466667,3.146635,0.000000,0.570248,0.734043,0.418994,0.345912,300,2488,2488,32.000000,0,0,16,16,108,108,4,0,552.000000,416,0,0,94,106,0,94,14,12,2,0,14,2,2,2,0,0,0,0,0,80,0,80,80,80,0,0,0,0
1451,14000480,75,0,223.711012384572,325.000000000000,45.000000000000,1.776734765088,fb6b69fa15aea8b2,8d15af1f9d36efa1,2ee96550173a2286,200,200,100.000000,214.200000,202.426686,1.000000,2.900000,224.708103,4.100000,237.931690,2.900000,4.008621,0.000000,0.420000,0.677419,0.340909,0.131737,300,2512,2512,32.000000,0,0,16,16,44,44,0,8,420.000000,580,0,0,20,180,0,20,20,20,0,0,20,0,0,0,0,0,0,0,0,0,0,0,0,0,0,0,0,0
1452,14000481,75,0,411.667104256084,325.000000000000,54.000000000000,2.399723603393,2354a59557eedc14,8d15af1f9d36efa1,cd7e0781ae6fe77f,200,176,88.000000,287.079545,280.744748,1.000000,4.500000,358.114556,3.457143,358.337599,4.460227,3.498089,0.000000,0.372502,0.699700,0.276498,0.145811,300,2120,2120,32.000000,0,0,16,16,64,64,6,0,466.000000,785,0,0,44,156,0,44,20,17,3,0,20,3,3,3,0,0,0,0,0,24,0,24,24,24,0,0,0,0
1453,14000482,75,0,84.030115204540,175.000000000000,59.000000000000,1.813903007941,e4e4e1eb9127ea5d,8d15af1f9d36efa1,f4e885bda1d4fb0,200,200,100.000000,226.420000,211.496912,1.000000,3.200000,271.895328,4.390000,271.058190,3.330000,3.782282,0.000000,0.385609,0.676375,0.310559,0.114362,300,2416,2416,32.000000,0,0,16,16,40,40,6,0,418.000000,666,0,0,20,180,0,20,20,17,3,0,20,3,3,3,0,0,0,0,0,0,0,0,0,0,0,0,0,0
1454,14000483,75,0,225.934892811775,325.000000000000,43.000000000000,1.933564216713,3b1f2e0c868fe1fb,8d15af1f9d36efa1,a67f1ede6a0aed57,200,179,89.500000,274.279330,265.665696,1.000000,4.400000,337.378089,3.340000,337.513998,4.446927,3.443467,0.000000,0.359098,0.690402,0.273723,0.125275,300,2200,2200,32.000000,0,0,16,16,57,57,0,4,446.000000,796,0,0,38,162,0,38,17,17,0,0,17,0,0,0,0,0,0,0,0,21,0,21,21,21,0,0,0,0
1455,14000484,75,0,39.573857303409,75.000000000000,53.000000000000,2.436366436953,1dcb170a8a9c8b3e,8d15af1f9d36efa1,4e07abc6f40ac8e0,200,172,86.000000,209.180233,220.715718,1.000000,3.400000,271.926071,4.680952,244.730477,3.290698,4.238516,0.000000,0.449416,0.697885,0.346420,0.186782,300,2448,2448,32.000000,0,0,16,16,62,62,6,0,462.000000,566,0,0,45,155,0,45,17,14,3,0,17,3,3,3,0,0,0,0,0,28,0,28,28,28,0,0,0,0
1456,14000485,75,0,151.405545057043,425.000000000000,36.000000000000,2.213360231578,74deb5532f647c51,8d15af1f9d36efa1,698013a2bd02f843,200,165,82.500000,289.430303,261.041708,1.000000,4.300000,354.396410,3.051667,357.738423,4.406061,3.096286,0.000000,0.394671,0.703264,0.292113,0.163406,300,2200,2200,32.000000,0,0,16,16,69,69,4,4,474.000000,727,0,0,51,149,0,51,16,14,2,0,16,2,2,2,0,0,0,0,0,35,0,35,35,35,0,0,0,0
1457,14000486,75,0,410.196675558159,425.000000000000,47.000000000000,2.132922833193,6250b109082f66eb,8d15af1f9d36efa1,33d8d5f6c7881918,200,117,58.500000,327.512821,265.851930,1.000000,5.000000,392.817436,3.361786,391.448607,4.871795,3.329825,0.000000,0.495575,0.736842,0.344828,0.285714,300,2192,2192,32.000000,0,0,16,16,109,109,10,0,560.000000,570,0,0,96,104,0,96,13,8,5,0,13,5,5,5,0,0,0,0,0,83,0,83,83,83,0,0,0,0
1458,14000487,75,0,461.347199499057,425.000000000000,49.000000000000,2.664651883375,7b140e373d14f81b,8d15af1f9d36efa1,958ae3631d7b619c,200,180,90.000000,261.861111,256.052964,1.000000,3.800000,297.339875,3.716667,299.792539,3.805556,3.512409,0.000000,0.402790,0.697885,0.304569,0.159509,300,2528,2528,32.000000,0,0,16,16,61,61,8,2,462.000000,685,0,0,40,160,0,40,20,16,4,0,20,4,4,4,0,0,0,0,0,20,0,20,20,20,0,0,0,0
1459,14000488,75,0,169.962752136751,425.000000000000,45.000000000000,1.654576191512,69ae09cd369bdca8,8d15af1f9d36efa1,2dbe9bef746ca2b8,200,193,96.500000,203.958549,203.813990,1.000000,3.200000,233.688099,3.378333,221.593586,3.098446,3.872910,0.000000,0.427203,0.690402,0.334076,0.160112,300,2080,2080,32.000000,0,0,16,16,48,48,18,6,446.000000,598,0,0,26,174,0,26,19,10,9,0,19,9,9,9,0,0,0,0,0,7,0,7,7,7,0,0,0,0
1460,14000489,75,0,143.814574648667,425.000000000000,31.000000000000,2.701780533250,cd83e35207d8d439,8d15af1f9d36efa1,12123fdd57d5b640,200,136,68.000000,239.147059,248.578761,1.000000,4.500000,336.337168,3.697619,281.520710,3.882353,3.350379,0.000000,0.499051,0.724518,0.362319,0.268698,300,2288,2288,32.000000,0,0,16,16,94,94,6,0,526.000000,528,0,0,79,121,0,79,15,12,3,0,15,3,3,3,0,0,0,0,0,64,0,64,64,64,0,0,0,0
1461,14000490,75,0,41.756433359464,175.000000000000,55.000000000000,2.888949800021,266eaa21516eea41,8d15af1f9d36efa1,4119f6cd81d8e0ad,200,178,89.000000,281.803371,286.310248,1.000000,4.100000,327.828010,3.895000,330.545429,4.039326,3.795549,0.000000,0.395290,0.701493,0.294406,0.161027,300,2176,2176,32.000000,0,0,16,16,62,62,14,0,470.000000,719,0,0,42,158,0,42,20,13,7,0,20,7,7,7,0,0,0,0,0,22,0,22,22,22,0,0,0,0
1462,14000491,75,0,387.969583246746,75.000000000000,22.000000000000,2.971331143462,77e75986d36de413,8d15af1f9d36efa1,b7effc8b1a6f046e,200,114,57.000000,258.421053,236.739304,1.000000,3.800000,296.061355,3.901190,337.038736,4.315789,3.530488,0.000000,0.533207,0.737533,0.378788,0.318560,300,2336,2336,32.000000,0,0,16,16,113,113,4,14,562.000000,492,0,0,96,104,0,96,10,8,2,0,10,2,2,2,0,0,0,0,0,86,0,86,86,86,0,0,0,0
1463,14000492,75,0,226.284659744169,425.000000000000,41.000000000000,1.670496575995,f5ec892dc7466b25,8d15af1f9d36efa1,a88a3a505c389c6e,200,186,93.000000,319.290323,289.246399,1.000000,4.600000,365.486500,3.981548,379.491559,4.607527,3.812135,0.000000,0.361876,0.708455,0.259291,0.152324,300,2488,2488,32.000000,0,0,16,16,70,70,14,40,486.000000,857,0,0,32,168,0,32,18,11,7,0,18,7,7,7,0,0,0,0,0,14,0,14,14,14,0,0,0,0
1464,14000493,75,0,38.939641088793,175.000000000000,66.000000000000,1.821019654111,858487cda26557fa,8d15af1f9d36efa1,e134cf4feb49539f,200,186,93.000000,224.301075,232.363202,1.000000,3.400000,264.666578,3.453333,271.526680,3.505376,3.228528,0.000000,0.402930,0.687500,0.315126,0.142105,300,2248,2248,32.000000,0,0,16,16,52,52,4,0,440.000000,652,0,0,33,167,0,33,19,17,2,0,19,2,2,2,0,0,0,0,0,14,0,14,14,14,0,0,0,0
1465,14000494,75,0,103.652702178530,75.000000000000,44.000000000000,1.683076097449,e112fc0425c37c47,8d15af1f9d36efa1,996867f3e45f3d2,200,172,86.000000,273.168605,270.141342,1.000000,4.000000,317.569290,3.735238,327.080494,4.209302,3.348066,0.000000,0.393635,0.701493,0.292969,0.160093,300,2288,2288,32.000000,0,0,16,16,63,63,12,2,470.000000,724,0,0,45,155,0,45,17,11,6,0,17,6,6,6,0,0,0,0,0,28,0,28,28,28,0,0,0,0
1466,14000495,75,0,466.861528659409,325.000000000000,63.000000000000,1.660640701884,2aac3f00998cbf57,8d15af1f9d36efa1,9b23fb00c5e78364,200,183,91.500000,217.218579,209.877758,1.000000,3.200000,251.728870,3.460000,249.796337,3.251366,3.314286,0.000000,0.428434,0.690402,0.335196,0.160790,300,2144,2144,32.000000,0,0,16,16,55,55,4,0,446.000000,595,0,0,36,164,0,36,19,17,2,0,19,2,2,2,0,0,0,0,0,17,0,17,17,17,0,0,0,0
1467,14000496,75,0,121.035501929138,325.000000000000,35.000000000000,2.665507981660,4c60f85da7464885,8d15af1f9d36efa1,5757f64f9d681675,200,176,88.000000,349.954545,325.981750,1.000000,5.500000,421.744033,3.941468,454.310763,5.823864,3.264390,0.000000,0.306964,0.694190,0.226415,0.106364,300,2472,2472,32.000000,0,0,16,16,58,58,6,0,454.000000,1025,0,0,41,159,0,41,17,14,3,0,17,3,3,3,0,0,0,0,0,24,0,24,24,24,0,0,0,0
1468,14000497,75,0,467.873288866745,425.000000000000,41.000000000000,2.948925254364,2a711d9aa97ce86d,8d15af1f9d36efa1,8d4489ff5a66eee8,200,125,62.500000,282.976000,257.418088,1.000000,3.900000,314.236584,4.498810,310.206859,3.872000,4.101240,0.000000,0.540797,0.740260,0.382653,0.329640,300,2520,2520,32.000000,0,0,16,16,114,114,10,18,570.000000,484,0,0,90,110,0,90,15,10,5,0,15,5,5,5,0,0,0,0,0,75,0,75,75,75,0,0,0,0
1469,14000498,75,0,461.689015771926,325.000000000000,51.000000000000,2.886390262703,f34505afad19ac70,8d15af1f9d36efa1,5644b44f9c7e3d48,200,184,92.000000,299.956522,294.432909,1.000000,4.300000,342.327191,3.849762,362.442899,4.744565,3.652921,0.000000,0.341132,0.693252,0.255754,0.120846,300,2344,2344,32.000000,0,0,16,16,56,56,8,0,452.000000,873,0,0,36,164,0,36,20,16,4,0,20,4,4,4,0,0,0,0,0,16,0,16,16,16,0,0,0,0
1470,14000499,75,0,316.997930942276,75.000000000000,42.000000000000,1.742365155137,69b9015a17fbc1cd,8d15af1f9d36efa1,8650f15048f4d59b,200,179,89.500000,243.000000,247.725183,1.000000,3.300000,279.116180,4.083333,279.930205,3.486034,3.871795,0.000000,0.421150,0.694190,0.324675,0.163539,300,2416,2416,32.000000,0,0,16,16,60,60,2,10,454.000000,624,0,0,38,162,0,38,17,16,1,0,17,1,1,1,0,0,0,0,0,21,0,21,21,21,0,0,0,0
1471,14000500,75,0,139.364896059185,175.000000000000,56.000000000000,1.743051941258,5d0f0d9ec2dc5c52,8d15af1f9d36efa1,fd05f03fd6ef43f8,200,200,100.000000,343.210000,327.387387,1.000000,5.300000,424.005713,3.648571,430.375244,5.300000,3.308491,0.000000,0.285714,0.679487,0.220588,0.079861,300,2176,2176,32.000000,0,0,16,16,42,42,8,4,424.000000,1060,0,0,20,180,0,20,20,16,4,0,20,4,4,4,0,0,0,0,0,0,0,0,0,0,0,0,0,0
1472,14000501,75,0,103.455415805036,175.000000000000,46.000000000000,2.811596014617,be60dac9dd8e89e2,8d15af1f9d36efa1,69635d4670a99b93,200,196,98.000000,221.336735,228.633560,1.000000,3.400000,257.562195,4.161667,269.982286,3.500000,3.935860,0.000000,0.381982,0.679487,0.304260,0.118252,300,2400,2400,32.000000,0,0,16,16,44,44,4,0,424.000000,686,0,0,24,176,0,24,20,18,2,0,20,2,2,2,0,0,0,0,0,4,0,4,4,4,0,0,0,0
1473,14000502,75,0,45.989163555601,175.000000000000,49.000000000000,2.797548863856,1569a28ac15b4564,8d15af1f9d36efa1,8bfdd6eb67659585,200,190,95.000000,217.536842,207.259242,1.000000,3.000000,253.297240,4.288810,266.122349,3.173684,4.167496,0.000000,0.417391,0.683544,0.332226,0.142248,300,2296,2296,32.000000,0,0,16,16,50,50,0,0,432.000000,603,0,0,30,170,0,30,20,20,0,0,20,0,0,0,0,0,0,0,0,10,0,10,10,10,0,0,0,0
1474,14000503,75,0,317.038513956774,75.000000000000,26.000000000000,2.461162657262,2fed217a0e970b9a,8d15af1f9d36efa1,33489f454266c12f,200,110,55.000000,234.081818,229.165506,1.000000,3.400000,273.652983,4.113333,288.524879,3.818182,3.092857,0.000000,0.570552,0.736148,0.416667,0.349845,300,2576,2576,32.000000,0,0,16,16,108,108,10,0,558.000000,420,0,0,99,101,0,99,9,4,5,0,9,5,5,5,0,0,0,0,0,90,0,90,90,90,0,0,0,0
1475,14000504,75,0,37.279375059173,425.000000000000,40.000000000000,2.417254355647,77db5d4e40279527,8d15af1f9d36efa1,4817bfd3d564a45c,200,123,61.500000,192.016260,184.456956,0.900000,2.400000,190.822335,4.053704,196.707542,2.723577,3.949254,0.000000,0.607268,0.721448,0.472441,0.357006,300,2768,2768,32.000000,0,0,16,16,88,88,10,2,518.000000,335,0,0,73,110,0,73,14,9,5,0,14,5,5,4,1,0,0,0,0,59,20,57,77,60,17,0,0,0
1476,14000505,75,0,341.313900898795,75.000000000000,34.000000000000,2.285646989068,8ef5ab060eda059d,8d15af1f9d36efa1,bc851ccd9113f781,200,160,80.000000,252.650000,254.250430,1.000000,3.800000,293.724590,3.900714,308.524543,3.750000,3.633333,0.000000,0.442379,0.704142,0.333333,0.193548,300,2336,2336,32.000000,0,0,16,16,72,72,0,0,476.000000,600,0,0,56,144,0,56,16,16,0,0,16,0,0,0,0,0,0,0,0,40,0,40,40,40,0,0,0,0
1477,14000506,75,0,72.305920183808,325.000000000000,57.000000000000,2.233945078807,26e878542ea43c55,8d15af1f9d36efa1,c83bcaad4c8a6380,200,140,70.000000,228.414286,248.550413,0.700000,2.600000,274.138817,4.302721,272.848718,3.714286,3.653846,0.000000,0.457203,0.686520,0.365854,0.169329,300,2264,2264,32.000000,0,0,16,16,49,49,8,2,438.000000,520,0,0,31,126,0,31,17,13,4,0,17,4,4,1,3,0,0,0,0,14,60,0,60,17,43,0,0,0
1478,14000507,75,0,162.253021402312,325.000000000000,60.000000000000,1.787790625311,faf1b1f726bc335e,8d15af1f9d36efa1,9ac81f00c59961e3,200,200,100.000000,304.925000,309.601015,1.000000,4.600000,361.945950,4.912500,379.583280,4.665000,4.386924,0.000000,0.311439,0.678457,0.243309,0.087977,300,2696,2696,32.000000,0,0,16,16,40,40,10,0,422.000000,933,0,0,20,180,0,20,20,15,5,0,20,5,5,5,0,0,0,0,0,0,0,0,0,0,0,0,0,0
1479,14000508,75,0,448.639915098378,425.000000000000,46.000000000000,2.295738543278,7a929c2eccfe9379,8d15af1f9d36efa1,24aa34278c89e905,200,148,74.000000,222.182432,204.168036,1.000000,3.300000,235.600336,3.308333,237.175273,3.344595,3.303030,0.000000,0.508441,0.719101,0.377358,0.266667,300,2232,2232,32.000000,0,0,16,16,84,84,12,0,512.000000,495,0,0,68,132,0,68,16,10,6,0,16,6,6,6,0,0,0,0,0,52,0,52,52,52,0,0,0,0
1480,14000509,75,0,476.742023796555,75.000000000000,39.000000000000,2.904533494746,6e98081555c7cb02,8d15af1f9d36efa1,8c994e48b77988a4,200,57,28.500000,309.719298,256.549886,1.000000,3.900000,295.881771,3.222500,323.533703,4.333333,3.506073,0.000000,0.727674,0.767442,0.548446,0.570435,300,2280,2280,32.000000,0,0,16,16,158,158,12,6,660.000000,247,0,0,149,51,0,149,6,0,6,0,6,6,6,6,0,0,0,0,0,143,0,143,143,143,0,0,0,0
1481,14000510,75,0,56.486716548624,175.000000000000,43.000000000000,2.827169920995,9e6b3bfd4bde4869,8d15af1f9d36efa1,d577df3836954028,200,182,91.000000,336.351648,337.711584,1.000000,5.000000,418.826547,4.012500,426.601557,5.115385,3.642320,0.000000,0.325851,0.692308,0.243704,0.112488,300,2224,2224,32.000000,0,0,16,16,58,58,2,0,450.000000,931,0,0,38,162,0,38,20,19,1,0,20,1,1,1,0,0,0,0,0,18,0,18,18,18,0,0,0,0
1482,14000511,75,0,269.083864461834,425.000000000000,25.000000000000,1.667332463449,ef9e109a59327c12,8d15af1f9d36efa1,667a8966da715333,200,152,76.000000,186.322368,190.855693,0.900000,2.500000,207.542912,3.077778,212.898685,2.914474,3.492099,0.000000,0.507230,0.695122,0.403769,0.218695,300,2360,2360,32.000000,0,0,16,16,58,58,8,0,456.000000,443,0,0,43,138,0,43,15,11,4,0,15,4,4,3,1,0,0,0,0,28,20,28,48,29,19,0,0,0
1483,14000512,75,0,327.744833597785,425.000000000000,47.000000000000,1.854973308716,72daf1d688861691,8d15af1f9d36efa1,cad3c438843357a2,200,179,89.500000,218.743017,230.055813,1.000000,3.700000,279.366742,3.410000,256.770333,3.547486,2.740157,0.000000,0.412581,0.690402,0.320856,0.152203,300,2272,2272,32.000000,0,0,16,16,57,57,0,0,446.000000,635,0,0,39,161,0,39,18,18,0,0,18,0,0,0,0,0,0,0,0,21,0,21,21,21,0,0,0,0
1484,14000513,75,0,221.267983187887,325.000000000000,41.000000000000,2.124993461753,be76e99f94d631bc,8d15af1f9d36efa1,e1698f6d295b70,200,195,97.500000,317.030769,328.744657,1.000000,5.000000,391.783807,3.838214,405.782094,5.194872,3.563672,0.000000,0.294077,0.678457,0.228484,0.081596,300,2160,2160,32.000000,0,0,16,16,45,45,0,0,422.000000,1013,0,0,25,175,0,25,20,20,0,0,20,0,0,0,0,0,0,0,0,5,0,5,5,5,0,0,0,0
1485,14000514,75,0,221.496507416789,325.000000000000,37.000000000000,1.555002296096,5b8d990a87108228,8d15af1f9d36efa1,d229b3ac0daf7e0c,200,200,100.000000,278.430000,269.318017,1.000000,4.400000,330.969177,3.819762,335.941956,4.500000,3.850000,0.000000,0.317147,0.676375,0.250000,0.087221,300,2792,2792,32.000000,0,0,16,16,41,41,4,2,418.000000,900,0,0,20,180,0,20,20,18,2,0,20,2,2,2,0,0,0,0,0,0,0,0,0,0,0,0,0,0
1486,14000515,75,0,291.615113415045,425.000000000000,38.000000000000,2.047827054814,a762c3280abd7c7d,8d15af1f9d36efa1,b196245061742211,200,145,72.500000,170.234483,166.653421,1.000000,2.800000,208.548340,3.941667,179.302668,2.524138,3.975410,0.000000,0.579310,0.715909,0.450450,0.319703,300,2608,2608,32.000000,0,0,16,16,83,83,6,0,504.000000,366,0,0,69,131,0,69,14,11,3,0,14,3,3,3,0,0,0,0,0,55,0,55,55,55,0,0,0,0
1487,14000516,75,0,176.023669531828,325.000000000000,53.000000000000,1.844678864048,ae4615f6443d86fa,8d15af1f9d36efa1,70f2d4cbfb0b19f0,200,200,100.000000,327.050000,242.551658,1.000000,5.200000,414.929894,3.485357,416.314653,5.330000,3.157598,0.000000,0.280702,0.675325,0.219619,0.073043,300,2264,2264,32.000000,0,0,16,16,40,40,4,0,416.000000,1066,0,0,20,180,0,20,20,18,2,0,20,2,2,2,0,0,0,0,0,0,0,0,0,0,0,0,0,0
1488,14000517,75,0,30.901654440385,75.000000000000,57.000000000000,2.566848793497,d431dc483076b77c,8d15af1f9d36efa1,7296e5bf3a111eee,200,162,81.000000,308.487654,278.238173,1.000000,4.300000,335.863185,4.171667,361.167732,4.358025,3.926346,0.000000,0.407718,0.708455,0.298211,0.179070,300,2496,2496,32.000000,0,0,16,16,70,70,14,0,486.000000,706,0,0,54,146,0,54,16,9,7,0,16,7,7,7,0,0,0,0,0,38,0,38,38,38,0,0,0,0
1489,14000518,75,0,253.646276229037,325.000000000000,48.000000000000,1.662718676938,c24da71f3deb9ad,8d15af1f9d36efa1,a58591c72b83189,200,158,79.000000,236.462025,245.791422,1.000000,3.700000,291.149921,3.241429,295.940171,3.879747,3.130506,0.000000,0.442220,0.708455,0.328587,0.200782,300,2232,2232,32.000000,0,0,16,16,76,76,2,12,486.000000,613,0,0,56,144,0,56,14,13,1,0,14,1,1,1,0,0,0,0,0,42,0,42,42,42,0,0,0,0
1490,14000519,75,0,398.135563260307,75.000000000000,40.000000000000,2.642709591759,49b644a3b2a8ee68,8d15af1f9d36efa1,36c03c988e570898,200,138,69.000000,211.434783,254.009918,1.000000,3.500000,291.953684,4.283333,228.363795,2.855072,4.258883,0.000000,0.578158,0.729730,0.432277,0.345515,300,2408,2408,32.000000,0,0,16,16,102,102,4,24,540.000000,394,0,0,76,124,0,76,14,12,2,0,14,2,2,2,0,0,0,0,0,62,0,62,62,62,0,0,0,0
1491,14000520,75,0,341.310165684605,425.000000000000,36.000000000000,2.384795599422,5fcdeab252a8136e,8d15af1f9d36efa1,9a5ef900c5403848,200,190,95.000000,242.742105,233.030620,1.000000,3.700000,284.733213,3.825000,281.450423,3.689474,3.328103,0.000000,0.383465,0.685535,0.299700,0.129193,300,2272,2272,32.000000,0,0,16,16,48,48,8,0,436.000000,701,0,0,29,171,0,29,19,15,4,0,19,4,4,4,0,0,0,0,0,10,0,10,10,10,0,0,0,0
1492,14000521,75,0,256.786949335545,75.000000000000,23.000000000000,1.632929189017,c7675cf89042e56b,8d15af1f9d36efa1,3991336d751059db,200,142,71.000000,290.676056,336.456431,1.000000,5.500000,427.603654,3.813690,344.153837,4.718310,3.343284,0.000000,0.438861,0.723757,0.309278,0.222738,300,2416,2416,32.000000,0,0,16,16,89,89,14,2,524.000000,670,0,0,73,127,0,73,15,8,7,0,15,7,7,7,0,0,0,0,0,58,0,58,58,58,0,0,0,0
1493,14000522,75,0,49.089689519210,325.000000000000,52.000000000000,2.922323414095,9849a06931e9ab87,8d15af1f9d36efa1,1b18190526f6fa15,200,184,92.000000,322.353261,299.863612,1.000000,5.200000,415.959012,3.499762,396.912789,5.206522,3.088727,0.000000,0.319602,0.692308,0.238474,0.109665,300,2248,2248,32.000000,0,0,16,16,55,55,8,2,450.000000,958,0,0,36,164,2,34,18,14,4,0,18,4,4,4,0,0,0,0,0,16,0,16,16,16,0,0,0,0
1494,14000523,75,0,7.676935957707,75.000000000000,51.000000000000,2.496182686545,ddc1e3846469d90a,8d15af1f9d36efa1,7c20ad5042c0dad0,200,135,67.500000,310.903704,276.750479,1.000000,4.500000,353.550139,3.980714,360.095033,4.681481,3.572785,0.000000,0.456110,0.726027,0.321888,0.238554,300,2296,2296,32.000000,0,0,16,16,94,94,10,2,530.000000,632,0,0,79,121,0,79,14,9,5,0,14,5,5,5,0,0,0,0,0,65,0,65,65,65,0,0,0,0
1495,14000524,75,0,351.758592063146,325.000000000000,50.000000000000,2.226175155384,48af090449f76102,8d15af1f9d36efa1,25d4a0ca20996a24,200,195,97.500000,240.820513,243.212785,1.000000,3.700000,290.948291,4.333095,291.262467,3.717949,3.737931,0.000000,0.371206,0.681529,0.292683,0.116931,300,2696,2696,32.000000,0,0,16,16,45,45,6,0,428.000000,725,0,0,25,175,0,25,20,17,3,0,20,3,3,3,0,0,0,0,0,5,0,5,5,5,0,0,0,0
1496,14000525,75,0,408.528775777428,175.000000000000,65.000000000000,1.749327790009,a1817b00cc8745ef,8d15af1f9d36efa1,276bba979cacbb0,200,194,97.000000,251.587629,269.967580,1.000000,4.000000,318.396495,3.559524,312.760690,3.984536,3.531695,0.000000,0.355296,0.680511,0.279590,0.108420,300,2560,2560,32.000000,0,0,16,16,44,44,6,0,426.000000,773,0,0,26,174,2,24,18,15,3,0,18,3,3,3,0,0,0,0,0,6,0,6,6,6,0,0,0,0
1497,14000526,75,0,494.841048624912,175.000000000000,52.000000000000,2.980168889728,3da755b8f77f06f,8d15af1f9d36efa1,11d153991e4ebd4e,200,193,96.500000,254.233161,238.403712,1.000000,3.700000,286.546311,3.543333,299.843162,3.751295,3.189227,0.000000,0.375862,0.685535,0.292969,0.125604,300,2136,2136,32.000000,0,0,16,16,47,47,10,0,436.000000,724,0,0,27,173,0,27,20,15,5,0,20,5,5,5,0,0,0,0,0,7,0,7,7,7,0,0,0,0
1498,14000527,75,0,274.072755780703,425.000000000000,39.000000000000,1.591823170953,9cebdf9173f49c5a,8d15af1f9d36efa1,ff9f374f6b68b58f,200,158,79.000000,213.639241,185.963357,1.000000,2.900000,234.486746,4.960000,252.471409,3.120253,4.592292,0.000000,0.492276,0.705015,0.378310,0.228482,300,2544,2544,32.000000,0,0,16,16,70,70,6,0,478.000000,493,0,0,56,144,0,56,14,11,3,0,14,3,3,3,0,0,0,0,0,42,0,42,42,42,0,0,0,0
1499,14000528,75,0,17.597703563339,175.000000000000,54.000000000000,2.914551219213,2d226b5850e0fbe,8d15af1f9d36efa1,992f174423f73073,200,190,95.000000,284.963158,296.804905,1.000000,4.400000,334.836546,3.158333,338.634101,4.421053,3.286905,0.000000,0.347826,0.691358,0.263158,0.121339,300,2088,2088,32.000000,0,0,16,16,50,50,16,0,448.000000,840,0,0,30,170,0,30,20,12,8,0,20,8,8,8,0,0,0,0,0,10,0,10,10,10,0,0,0,0
