scenario_id,scenario_seed,node_count,selected_oc,x,y,local_density,speed,topology_hash,acoustic_state_hash,route_hash,generated_packets,delivered_packets,PDR,E2ED_ms,mean_source_destination_distance_m,connected_flow_pair_ratio,mean_static_shortest_hops,mean_static_shortest_path_length_m,mean_static_feasible_relay_candidates,mean_delivered_path_length_m,mean_delivered_hop_count,mean_delivered_relay_candidate_count,mean_delivered_relay_wait_ms,ROR_total,ROR_generated,ROR_hello,ROR_reactive,hello_tx,neighbor_update_tx,raw_neighbor_update_burden,compressed_topology_updates,topology_digest_packets,mc_topology_digest_ack_packets,lc_topology_update_tx,mc_topology_update_tx,route_request_tx,route_reply_tx,mc_control_tx,gateway_control_tx,control_transmissions,data_hops,OC_data_hops,architecture_violations,controller_requests,installed_route_hits,lc_cache_hits,lc_cache_misses,oc_route_computations,oc_route_successes,oc_route_failures,oc_cache_hits,oc_cache_misses,mc_fallbacks,mc_route_computations,mc_route_successes,mc_route_failures,route_recoveries,recovery_successes,recovery_failures,link_invalidations,control_unreachable,no_physical_path,routing_failure_with_path,final_no_path_drops,failed_route_attempts,negative_cache_hits,pending_route_suppressions,route_discovery_buffered_retries,route_discovery_timeout_drops
1000,14000029,75,2,471.26241702,175,55,2.61369396976,a3b750feed541e10,8d15af1f9d36efa1,d2676547095bcb63,200,182,91.000000,223.576923,222.858951,1.000000,3.200000,253.378640,3.483214,249.531671,3.236264,3.393888,0.000000,0.437440,0.696049,0.337458,0.176224,300,2104,2104,32.000000,0,0,16,16,58,58,10,0,458.000000,589,0,0,38,162,0,38,20,15,5,0,20,5,5,5,0,0,0,0,0,18,0,18,18,18,0,0,0,0
1001,14000030,75,2,381.984555513153,75.000000000000,47.000000000000,2.312516720306,3308d26163874310,8d15af1f9d36efa1,4eec5d71b1bc9ef8,200,152,76.000000,222.565789,242.119571,1.000000,3.300000,271.365664,3.478333,275.172172,3.427632,3.364683,0.000000,0.482622,0.708455,0.365408,0.228148,300,2248,2248,32.000000,0,0,16,16,76,76,2,0,486.000000,521,0,0,62,138,0,62,14,13,1,0,14,1,1,1,0,0,0,0,0,48,0,48,48,48,0,0,0,0
1002,14000031,75,2,81.975688906784,175.000000000000,59.000000000000,1.972497835046,fb4c20cbc05762a3,8d15af1f9d36efa1,c29848c80a89b165,200,168,84.000000,286.678571,272.916854,1.000000,4.000000,317.091749,3.311667,319.980462,3.994048,3.122206,0.000000,0.437552,0.722992,0.308960,0.220674,300,2240,2240,32.000000,0,0,16,16,88,88,14,32,522.000000,671,0,0,52,148,0,52,20,13,7,0,20,7,7,7,0,0,0,0,0,32,0,32,32,32,0,0,0,0
1003,14000032,75,2,136.380121038322,175.000000000000,37.000000000000,2.973881720887,355b2763bbae509c,8d15af1f9d36efa1,8864b6f233d0b9ed,200,195,97.500000,230.769231,219.517557,1.000000,3.200000,251.143348,3.773810,271.964119,3.353846,3.640673,0.000000,0.394444,0.680511,0.314465,0.125668,300,2696,2696,32.000000,0,0,16,16,45,45,4,0,426.000000,654,0,0,25,175,0,25,20,18,2,0,20,2,2,2,0,0,0,0,0,5,0,5,5,5,0,0,0,0
1004,14000033,75,2,254.547825809492,175.000000000000,44.000000000000,1.708849501395,666791cd0643c5d,8d15af1f9d36efa1,faa324b744f4f38e,200,174,87.000000,217.425287,214.686134,1.000000,3.300000,261.054458,4.590000,254.721641,3.281609,4.050788,0.000000,0.441838,0.693252,0.344432,0.173661,300,2344,2344,32.000000,0,0,16,16,60,60,0,0,452.000000,571,0,0,43,157,0,43,17,17,0,0,17,0,0,0,0,0,0,0,0,26,0,26,26,26,0,0,0,0
1005,14000034,75,2,37.675865930769,325.000000000000,57.000000000000,2.921848028548,6b634ff68115a8e3,8d15af1f9d36efa1,95654fddb010b97a,200,193,96.500000,274.067358,295.263420,1.000000,4.000000,336.329769,4.361667,333.817324,4.243523,3.937729,0.000000,0.346369,0.684543,0.268097,0.110749,300,2576,2576,32.000000,0,0,16,16,47,47,8,0,434.000000,819,0,0,27,173,0,27,20,16,4,0,20,4,4,4,0,0,0,0,0,7,0,7,7,7,0,0,0,0
1006,14000035,75,2,165.264740978099,75.000000000000,24.000000000000,2.804162095700,cc34bae8274615aa,8d15af1f9d36efa1,9b166300c5dbf6c0,200,172,86.000000,229.029070,234.106560,1.000000,3.400000,265.413274,4.001667,273.589317,3.540698,3.743842,0.000000,0.435589,0.701493,0.330033,0.184739,300,2464,2464,32.000000,0,0,16,16,66,66,6,12,470.000000,609,0,0,44,156,0,44,16,13,3,0,16,3,3,3,0,0,0,0,0,28,0,28,28,28,0,0,0,0
1007,14000036,75,2,118.310009149313,425.000000000000,31.000000000000,2.593439383013,2ab479a0dd704922,8d15af1f9d36efa1,1e1a44c072a10417,200,138,69.000000,284.673913,300.587411,1.000000,4.400000,341.918435,3.079405,318.697110,4.028986,2.881295,0.000000,0.488029,0.726027,0.350467,0.262599,300,2208,2208,32.000000,0,0,16,16,90,90,18,4,530.000000,556,0,0,75,125,0,75,13,4,9,0,13,9,9,9,0,0,0,0,0,62,0,62,62,62,0,0,0,0
1008,14000037,75,2,47.564624880132,425.000000000000,50.000000000000,2.045470166295,4d5596e2a9a98cc2,8d15af1f9d36efa1,9b242300c5e7c75c,200,173,86.500000,213.468208,205.063538,1.000000,3.300000,254.616244,3.419167,235.598862,3.156069,3.097070,0.000000,0.458333,0.697885,0.354610,0.192308,300,2248,2248,32.000000,0,0,16,16,62,62,6,2,462.000000,546,0,0,44,156,0,44,17,14,3,0,17,3,3,3,0,0,0,0,0,27,0,27,27,27,0,0,0,0
1009,14000038,75,2,68.799608962324,175.000000000000,65.000000000000,1.537151617075,1b8f3613ce5cc5f5,8d15af1f9d36efa1,9a7a3500c55765f4,200,200,100.000000,242.010000,238.704236,1.000000,3.500000,281.030315,3.740000,280.538886,3.500000,3.322857,0.000000,0.373882,0.676375,0.300000,0.109415,300,2192,2192,32.000000,0,0,16,16,41,41,4,2,418.000000,700,0,0,20,180,0,20,20,18,2,0,20,2,2,2,0,0,0,0,0,0,0,0,0,0,0,0,0,0
1010,14000039,75,2,274.074153073762,175.000000000000,37.000000000000,1.841029407640,260149ce107e4af1,8d15af1f9d36efa1,48834f50259e6ec7,200,171,85.500000,179.818713,192.696364,1.000000,2.900000,212.871304,4.441667,211.633404,2.877193,4.241870,0.000000,0.481013,0.695122,0.378788,0.201299,300,2800,2800,32.000000,0,0,16,16,61,61,2,0,456.000000,492,0,0,45,155,0,45,16,15,1,0,16,1,1,1,0,0,0,0,0,29,0,29,29,29,0,0,0,0
1011,14000040,75,2,454.653490233254,425.000000000000,52.000000000000,2.193288548176,c21de8cc8bef5bc8,8d15af1f9d36efa1,c8314834378dd1a,200,135,67.500000,255.066667,233.860259,1.000000,3.900000,283.888927,3.538333,299.444987,4.155556,3.315508,0.000000,0.483901,0.724518,0.348432,0.256954,300,2192,2192,32.000000,0,0,16,16,93,93,8,0,526.000000,561,0,0,79,121,0,79,14,10,4,0,14,4,4,4,0,0,0,0,0,65,0,65,65,65,0,0,0,0
1012,14000041,75,2,390.387260924328,175.000000000000,43.000000000000,2.715878022433,92d55cb2e1476eda,8d15af1f9d36efa1,a9db09b5b8f61b85,200,195,97.500000,210.189744,176.699373,1.000000,3.100000,244.069883,3.059167,245.979818,3.092308,2.820896,0.000000,0.413994,0.680511,0.332226,0.134864,300,2168,2168,32.000000,0,0,16,16,45,45,4,0,426.000000,603,0,0,25,175,0,25,20,18,2,0,20,2,2,2,0,0,0,0,0,5,0,5,5,5,0,0,0,0
1013,14000042,75,2,254.401992987079,325.000000000000,35.000000000000,2.107243003011,c11cfa99da8e4630,8d15af1f9d36efa1,e77fc3ea5bba0dea,200,193,96.500000,220.461140,221.411294,1.000000,3.300000,255.744960,3.005000,256.422839,3.305699,2.965517,0.000000,0.399247,0.679487,0.319829,0.126027,300,2120,2120,32.000000,0,0,16,16,46,46,0,2,424.000000,638,0,0,26,174,0,26,19,19,0,0,19,0,0,0,0,0,0,0,0,7,0,7,7,7,0,0,0,0
1014,14000043,75,2,15.630891452202,325.000000000000,68.000000000000,1.611032329293,2b98b076d2300ba5,8d15af1f9d36efa1,e19d1f0228933a4c,200,179,89.500000,200.547486,194.267398,1.000000,2.900000,231.608436,3.448333,221.648076,2.871508,3.764591,0.000000,0.470103,0.695122,0.368550,0.194357,300,2432,2432,32.000000,0,0,16,16,57,57,10,0,456.000000,514,0,0,39,161,0,39,18,13,5,0,18,5,5,5,0,0,0,0,0,21,0,21,21,21,0,0,0,0
1015,14000044,75,2,452.693667769715,425.000000000000,53.000000000000,1.884914659231,346b6d10bf9c1891,8d15af1f9d36efa1,1708747c8b951d34,200,138,69.000000,316.572464,281.181397,1.000000,4.000000,326.627472,3.397143,378.062306,4.528986,3.265600,0.000000,0.456994,0.724518,0.324324,0.236874,300,2400,2400,32.000000,0,0,16,16,88,88,18,0,526.000000,625,0,0,75,125,0,75,13,4,9,0,13,9,9,9,0,0,0,0,0,62,0,62,62,62,0,0,0,0
1016,14000045,75,2,41.300669092635,425.000000000000,53.000000000000,1.794170685937,e11bb43dda52ec3a,8d15af1f9d36efa1,e9b2184ff00bc269,200,150,75.000000,239.360000,227.623002,1.000000,3.500000,262.713027,3.395476,265.116287,3.440000,3.620155,0.000000,0.497076,0.718310,0.367647,0.256484,300,2296,2296,32.000000,0,0,16,16,83,83,12,2,510.000000,516,0,0,66,134,0,66,16,10,6,0,16,6,6,6,0,0,0,0,0,50,0,50,50,50,0,0,0,0
1017,14000046,75,2,417.274071286647,325.000000000000,55.000000000000,2.395318952417,70c35d7122976103,8d15af1f9d36efa1,445075ec6c460ba1,200,185,92.500000,231.616216,222.955750,1.000000,3.300000,261.451719,3.611905,267.858335,3.410811,3.489699,0.000000,0.414113,0.690402,0.322234,0.153020,300,2208,2208,32.000000,0,0,16,16,55,55,4,0,446.000000,631,0,0,35,165,0,35,20,18,2,0,20,2,2,2,0,0,0,0,0,15,0,15,15,15,0,0,0,0
1018,14000047,75,2,226.162378898879,75.000000000000,36.000000000000,1.885495743028,4d6205ab775a64a9,8d15af1f9d36efa1,eb2b75b78433c035,200,163,81.500000,234.257669,218.457597,1.000000,3.400000,261.024657,4.298056,247.369097,3.269939,3.615385,0.000000,0.480000,0.710983,0.360144,0.230880,300,2568,2568,32.000000,0,0,16,16,73,73,14,0,492.000000,533,0,0,55,145,0,55,18,11,7,0,18,7,7,7,0,0,0,0,0,37,0,37,37,37,0,0,0,0
1019,14000048,75,2,33.125990367496,425.000000000000,47.000000000000,2.320599120078,f33b502dfe254ce6,8d15af1f9d36efa1,2441214e817314ef,200,149,74.500000,244.530201,256.140910,1.000000,4.200000,310.291180,3.392619,279.493999,4.040268,3.264120,0.000000,0.455696,0.715909,0.332594,0.222222,300,2408,2408,32.000000,0,0,16,16,80,80,12,2,504.000000,602,0,0,65,135,0,65,14,8,6,0,14,6,6,6,0,0,0,0,0,51,0,51,51,51,0,0,0,0
1020,14000049,75,2,464.400078769925,175.000000000000,66.000000000000,2.277554316690,5429dd5e6571f7c0,8d15af1f9d36efa1,f74de14f66cb6b99,200,168,84.000000,289.892857,303.133368,1.000000,4.500000,360.158331,3.870000,360.483874,4.720238,3.493064,0.000000,0.374112,0.703264,0.274474,0.151872,300,2320,2320,32.000000,0,0,16,16,66,66,10,0,474.000000,793,0,0,49,151,0,49,17,12,5,0,17,5,5,5,0,0,0,0,0,32,0,32,32,32,0,0,0,0
1021,14000050,75,2,381.745020367927,175.000000000000,40.000000000000,2.799013382638,9e74abeb54ce0b5a,8d15af1f9d36efa1,bdcb3c0350d7d94b,200,195,97.500000,254.912821,272.551783,1.000000,3.800000,313.676945,4.413333,307.195009,3.933333,4.033898,0.000000,0.358159,0.681529,0.281162,0.111240,300,2424,2424,32.000000,0,0,16,16,45,45,6,0,428.000000,767,0,0,25,175,0,25,20,17,3,0,20,3,3,3,0,0,0,0,0,5,0,5,5,5,0,0,0,0
1022,14000051,75,2,121.335368505855,75.000000000000,39.000000000000,2.592130361644,4a2da881a2fc7705,8d15af1f9d36efa1,2c2a166db6186b45,200,134,67.000000,322.880597,303.016539,1.000000,4.900000,389.137698,3.309048,384.643322,4.970149,3.303303,0.000000,0.446844,0.728997,0.310559,0.236239,300,2352,2352,32.000000,0,0,16,16,94,94,18,0,538.000000,666,0,0,80,120,0,80,14,5,9,0,14,9,9,9,0,0,0,0,0,66,0,66,66,66,0,0,0,0
1023,14000052,75,2,331.091334409958,325.000000000000,40.000000000000,2.355292711317,c249c27f28ceba12,8d15af1f9d36efa1,845ea5092927a5a,200,160,80.000000,230.812500,206.716778,0.800000,2.700000,271.609159,3.770833,280.487833,3.500000,3.273214,0.000000,0.422680,0.672131,0.348837,0.122257,300,2392,2392,32.000000,0,0,16,16,36,36,6,0,410.000000,560,0,0,18,144,0,18,18,15,3,0,18,3,3,1,2,0,0,0,0,0,40,0,40,2,38,0,0,0
1024,14000053,75,2,4.788517597660,325.000000000000,62.000000000000,2.287745480958,7d1ef4e469ed6a0a,8d15af1f9d36efa1,7000a6baa6c06f2d,200,185,92.500000,307.708108,271.685930,1.000000,4.200000,317.861035,4.379048,343.193537,4.491892,3.654633,0.000000,0.356313,0.696970,0.265252,0.133472,300,2384,2384,32.000000,0,0,16,16,59,59,10,8,460.000000,831,0,0,35,165,0,35,20,15,5,0,20,5,5,5,0,0,0,0,0,15,0,15,15,15,0,0,0,0
1025,14000054,75,2,312.300787649280,325.000000000000,34.000000000000,2.524644690221,533afab87bccc392,8d15af1f9d36efa1,261b6a0ccf22d4f0,200,200,100.000000,285.570000,260.973721,1.000000,4.300000,327.789214,3.470833,347.870643,4.600000,2.914130,0.000000,0.311377,0.675325,0.245902,0.083665,300,2088,2088,32.000000,0,0,16,16,40,40,4,0,416.000000,920,0,0,20,180,0,20,20,18,2,0,20,2,2,2,0,0,0,0,0,0,0,0,0,0,0,0,0,0
1026,14000055,75,2,82.857240321684,325.000000000000,57.000000000000,2.904795404400,7a1fb3bb8755f695,8d15af1f9d36efa1,3c6ac33f054ceddb,200,187,93.500000,223.818182,210.094241,1.000000,3.400000,250.241499,3.916667,241.953692,3.374332,3.871632,0.000000,0.416281,0.692308,0.322234,0.157543,300,2576,2576,32.000000,0,0,16,16,55,55,8,4,450.000000,631,0,0,33,167,0,33,20,16,4,0,20,4,4,4,0,0,0,0,0,13,0,13,13,13,0,0,0,0
1027,14000056,75,2,73.233829409596,325.000000000000,63.000000000000,2.385097913156,f017e7d89bfdf5c8,8d15af1f9d36efa1,187e8d509b7262f2,200,182,91.000000,289.730769,274.633241,1.000000,4.300000,341.560931,3.259603,339.995307,4.269231,2.840412,0.000000,0.374899,0.699700,0.278552,0.147091,300,2504,2504,32.000000,0,0,16,16,65,65,4,14,466.000000,777,0,0,38,162,0,38,20,18,2,0,20,2,2,2,0,0,0,0,0,18,0,18,18,18,0,0,0,0
1028,14000057,75,2,257.405761561531,425.000000000000,23.000000000000,1.929385871677,3acb4ebedb1becc3,8d15af1f9d36efa1,f0ea4ba0eed526d4,200,179,89.500000,273.072626,271.878740,1.000000,4.400000,345.254612,4.115476,328.415081,4.407821,3.850444,0.000000,0.365245,0.694190,0.275482,0.133919,300,2592,2592,32.000000,0,0,16,16,55,55,12,0,454.000000,789,0,0,38,162,0,38,17,11,6,0,17,6,6,6,0,0,0,0,0,21,0,21,21,21,0,0,0,0
1029,14000058,75,2,332.466921845446,75.000000000000,28.000000000000,2.605701260654,16b8bf50076f3712,8d15af1f9d36efa1,e2e687356a2130e8,200,161,80.500000,220.739130,232.341712,1.000000,3.700000,272.812444,3.768095,266.500314,3.546584,3.441331,0.000000,0.458768,0.707602,0.344432,0.210235,300,2376,2376,32.000000,0,0,16,16,73,73,6,0,484.000000,571,0,0,56,144,0,56,17,14,3,0,17,3,3,3,0,0,0,0,0,39,0,39,39,39,0,0,0,0
1030,14000059,75,2,354.513880205699,325.000000000000,50.000000000000,1.624637187416,68ad2386d8a5677a,8d15af1f9d36efa1,2502b440785f5214,200,180,90.000000,234.955556,284.456585,0.900000,3.600000,298.887122,3.186508,295.791381,4.000000,3.175000,0.000000,0.363958,0.673203,0.294118,0.100000,300,2216,2216,32.000000,0,0,16,16,38,38,4,0,412.000000,720,0,0,19,162,0,19,19,17,2,0,19,2,2,1,1,0,0,0,0,0,20,0,20,1,19,0,0,0
1031,14000060,75,2,448.402095891646,425.000000000000,43.000000000000,2.467667575984,b82cd51e5c617677,8d15af1f9d36efa1,e5ba0d5a2ba90374,200,147,73.500000,296.687075,301.662245,1.000000,4.400000,345.966589,3.976190,341.635574,4.448980,3.850153,0.000000,0.441026,0.720670,0.314465,0.219570,300,2288,2288,32.000000,0,0,16,16,85,85,14,0,516.000000,654,0,0,69,131,0,69,16,9,7,0,16,7,7,7,0,0,0,0,0,53,0,53,53,53,0,0,0,0
1032,14000061,75,2,33.810314805358,75.000000000000,40.000000000000,2.948513795062,bfaee04d4feda251,8d15af1f9d36efa1,9af7cb00c5c1f6e9,200,157,78.500000,279.382166,296.610151,1.000000,4.600000,358.028543,3.285000,335.227355,4.222930,3.464555,0.000000,0.425974,0.710983,0.311526,0.194411,300,2144,2144,32.000000,0,0,16,16,77,77,6,0,492.000000,663,0,0,60,140,0,60,17,14,3,0,17,3,3,3,0,0,0,0,0,43,0,43,43,43,0,0,0,0
1033,14000062,75,2,342.553072735018,175.000000000000,41.000000000000,2.357711031107,f031d742c3212505,8d15af1f9d36efa1,a8866c2096b6eb5f,200,200,100.000000,249.030000,250.756174,1.000000,4.000000,301.599562,3.047619,301.638912,4.000000,2.901250,0.000000,0.341021,0.674267,0.272727,0.092971,300,2176,2176,32.000000,0,0,16,16,41,41,0,2,414.000000,800,0,0,20,180,0,20,20,20,0,0,20,0,0,0,0,0,0,0,0,0,0,0,0,0,0,0,0,0
1034,14000063,75,2,44.541964795929,425.000000000000,39.000000000000,1.925063825534,fa549e4af138b19e,8d15af1f9d36efa1,586031e27b55f993,200,106,53.000000,275.830189,257.394470,1.000000,4.200000,318.231479,3.540278,299.361588,4.000000,3.318396,0.000000,0.578529,0.744246,0.414365,0.370920,300,2240,2240,32.000000,0,0,16,16,117,117,16,2,582.000000,424,0,0,105,95,0,105,11,3,8,0,11,8,8,8,0,0,0,0,0,94,0,94,94,94,0,0,0,0
1035,14000064,75,2,109.486688746437,75.000000000000,36.000000000000,2.925857788375,dc92f2431fc41c28,8d15af1f9d36efa1,9aa9b300c57facd0,200,172,86.000000,218.465116,239.113819,0.900000,3.200000,261.952346,3.425000,253.589527,3.441860,3.344595,0.000000,0.418468,0.680511,0.336323,0.137026,300,2008,2008,32.000000,0,0,16,16,44,44,6,0,426.000000,592,0,0,26,155,0,26,18,15,3,0,18,3,3,2,1,0,0,0,0,8,20,8,28,9,19,0,0,0
1036,14000065,75,2,115.561642687522,425.000000000000,44.000000000000,1.914664645408,21b2aff6e07d99e,8d15af1f9d36efa1,81f69d4fb559dde0,200,154,77.000000,235.097403,225.383091,0.900000,3.100000,259.920496,4.233333,251.033281,3.441558,3.845283,0.000000,0.473161,0.704142,0.361446,0.213650,300,2600,2600,32.000000,0,0,16,16,66,66,12,6,476.000000,530,0,0,46,138,0,46,17,11,6,0,17,6,6,5,1,0,0,0,0,29,20,26,46,30,16,0,0,0
1037,14000066,75,2,49.309387872168,75.000000000000,54.000000000000,2.143037761983,c3a04c72d2723c41,8d15af1f9d36efa1,c4ff88fe307d85f5,200,188,94.000000,241.420213,243.007145,1.000000,3.800000,293.365246,3.731667,291.261518,3.835106,3.662968,0.000000,0.380052,0.688474,0.293830,0.132371,300,2192,2192,32.000000,0,0,16,16,50,50,10,0,442.000000,721,0,0,31,169,0,31,19,14,5,0,19,5,5,5,0,0,0,0,0,12,0,12,12,12,0,0,0,0
1038,14000067,75,2,450.641800808925,175.000000000000,54.000000000000,2.606673487822,824c4148de3dd98a,8d15af1f9d36efa1,b199c2ea46e5d662,200,178,89.000000,353.084270,324.906220,1.000000,5.300000,412.690003,4.371190,425.060960,5.550562,3.953441,0.000000,0.323288,0.702381,0.232919,0.124113,300,2544,2544,32.000000,0,0,16,16,64,64,12,4,472.000000,988,0,0,42,158,0,42,20,14,6,0,20,6,6,6,0,0,0,0,0,22,0,22,22,22,0,0,0,0
1039,14000068,75,2,399.990311665145,75.000000000000,34.000000000000,2.629082211472,b7b0fc29190b258f,8d15af1f9d36efa1,a96d4d07b26c7951,200,164,82.000000,234.914634,194.356120,1.000000,3.400000,270.488217,3.585000,266.731412,3.445122,3.520354,0.000000,0.459330,0.705882,0.346821,0.207574,300,2320,2320,32.000000,0,0,16,16,67,67,14,2,480.000000,565,0,0,51,149,0,51,15,8,7,0,15,7,7,7,0,0,0,0,0,36,0,36,36,36,0,0,0,0
1040,14000069,75,2,472.910262908072,75.000000000000,44.000000000000,2.648988362637,117be058a31f3988,8d15af1f9d36efa1,cabfd4506f79040d,200,117,58.500000,294.162393,319.036036,1.000000,4.800000,381.343134,3.519048,347.422346,4.564103,3.473783,0.000000,0.508287,0.734043,0.359712,0.291777,300,2376,2376,32.000000,0,0,16,16,105,105,10,0,552.000000,534,0,0,94,106,0,94,11,6,5,0,11,5,5,5,0,0,0,0,0,83,0,83,83,83,0,0,0,0
1041,14000070,75,2,28.302502422742,175.000000000000,64.000000000000,2.168095067291,c4a83b29b7bdc153,8d15af1f9d36efa1,4cc864cac444cb9d,200,186,93.000000,228.032258,235.059540,1.000000,3.500000,269.403933,3.573333,284.938401,3.715054,3.674385,0.000000,0.384684,0.683544,0.302725,0.126422,300,2296,2296,32.000000,0,0,16,16,50,50,0,0,432.000000,691,0,0,32,168,0,32,18,18,0,0,18,0,0,0,0,0,0,0,0,14,0,14,14,14,0,0,0,0
1042,14000071,75,2,381.716201208059,425.000000000000,27.000000000000,2.721189393263,f4dce1a43485d1,8d15af1f9d36efa1,607e6a22c8010be4,200,113,56.500000,283.982301,249.825464,1.000000,3.700000,294.858301,3.380000,344.404584,4.460177,3.309524,0.000000,0.526316,0.736842,0.373134,0.311475,300,2184,2184,32.000000,0,0,16,16,109,109,10,0,560.000000,504,0,0,98,102,0,98,11,6,5,0,11,5,5,5,0,0,0,0,0,87,0,87,87,87,0,0,0,0
1043,14000072,75,2,378.895676006117,175.000000000000,46.000000000000,1.855061315761,4ad889e77938267f,8d15af1f9d36efa1,7d22c325439cf9ce,200,164,82.000000,357.317073,287.547401,1.000000,5.600000,446.830873,3.623611,460.405544,6.012195,2.841785,0.000000,0.327422,0.705882,0.233281,0.130511,300,2432,2432,32.000000,0,0,16,16,70,70,8,0,480.000000,986,0,0,53,147,0,53,17,13,4,0,17,4,4,4,0,0,0,0,0,36,0,36,36,36,0,0,0,0
1044,14000073,75,2,422.775298022881,175.000000000000,57.000000000000,2.660600042967,6d44ad070e8d1420,8d15af1f9d36efa1,85c1f250487b1f08,200,175,87.500000,301.017143,235.057911,1.000000,4.400000,352.442479,3.643214,378.840160,4.782857,2.949821,0.000000,0.358621,0.700599,0.263852,0.139774,300,2368,2368,32.000000,0,0,16,16,65,65,6,0,468.000000,837,0,0,45,155,0,45,20,17,3,0,20,3,3,3,0,0,0,0,0,25,0,25,25,25,0,0,0,0
1045,14000074,75,2,115.049801746896,325.000000000000,62.000000000000,1.814918093124,df2b8a79f3b5e71a,8d15af1f9d36efa1,4c730ab02c6d0db1,200,194,97.000000,270.128866,275.595546,1.000000,4.100000,340.289551,3.830000,334.333457,4.072165,3.524051,0.000000,0.353519,0.683544,0.275229,0.112360,300,2256,2256,32.000000,0,0,16,16,46,46,8,0,432.000000,790,0,0,26,174,0,26,20,16,4,0,20,4,4,4,0,0,0,0,0,6,0,6,6,6,0,0,0,0
1046,14000075,75,2,77.771588926457,325.000000000000,47.000000000000,2.839712681531,8c23aab60bbcd68e,8d15af1f9d36efa1,3e9e4f6befdd0d,200,200,100.000000,306.005000,330.443160,1.000000,5.100000,386.227726,2.990476,383.167567,5.100000,2.980392,0.000000,0.291667,0.677419,0.227273,0.079422,300,2192,2192,32.000000,0,0,16,16,41,41,6,2,420.000000,1020,0,0,20,180,0,20,20,17,3,0,20,3,3,3,0,0,0,0,0,0,0,0,0,0,0,0,0,0
1047,14000076,75,2,70.800413404357,425.000000000000,49.000000000000,1.614322975147,1a10e6cc395eb574,8d15af1f9d36efa1,9ac18600c593f23a,200,153,76.500000,239.294118,188.088899,1.000000,2.800000,210.219828,3.641190,260.142035,3.437908,3.203422,0.000000,0.487329,0.714286,0.363196,0.242075,300,2112,2112,32.000000,0,0,16,16,79,79,10,0,500.000000,526,0,0,63,137,0,63,16,11,5,0,16,5,5,5,0,0,0,0,0,47,0,47,47,47,0,0,0,0
1048,14000077,75,2,40.613148153441,75.000000000000,46.000000000000,2.976268437450,7bf1d12f42d94491,8d15af1f9d36efa1,61a623cc7751c386,200,96,48.000000,281.072917,262.442600,0.800000,3.400000,322.915192,4.539583,318.747392,4.250000,3.747549,0.000000,0.612167,0.763033,0.423729,0.433333,300,2592,2592,32.000000,0,0,16,16,154,154,4,52,644.000000,408,0,0,116,84,0,116,12,10,2,0,12,2,2,2,0,0,0,0,0,104,40,64,104,104,0,0,0,0
1049,14000078,75,2,420.791790931638,75.000000000000,42.000000000000,2.457122536371,808d755c8b1dfe55,8d15af1f9d36efa1,ee7737fb5cc0ab83,200,111,55.500000,238.279279,250.946211,1.000000,3.700000,303.053989,4.482619,259.081043,3.387387,3.670213,0.000000,0.603376,0.740933,0.443787,0.389610,300,2352,2352,32.000000,0,0,16,16,115,115,10,0,572.000000,376,0,0,102,98,0,102,13,8,5,0,13,5,5,5,0,0,0,0,0,89,0,89,89,89,0,0,0,0
1050,14000079,75,2,127.006466066204,425.000000000000,37.000000000000,1.602289074100,8db6a5ca15b24cbf,8d15af1f9d36efa1,aabb22296869d368,200,164,82.000000,352.329268,299.554712,1.000000,5.200000,438.886486,3.757619,437.667607,5.274390,3.232370,0.000000,0.357355,0.706314,0.257511,0.147783,300,2192,2192,31.000000,0,0,16,15,72,72,6,0,481.000000,865,0,0,54,146,0,54,18,15,3,0,18,3,3,3,0,0,0,0,0,36,0,36,36,36,0,0,0,0
1051,14000080,75,2,370.327649848602,425.000000000000,43.000000000000,2.343649627666,6bfce9accf80e759,8d15af1f9d36efa1,ee234d4f6175c789,200,136,68.000000,301.426471,276.422445,1.000000,4.000000,313.056129,3.097857,383.692108,4.919118,3.436472,0.000000,0.443890,0.727520,0.309598,0.231917,300,2272,2272,32.000000,0,0,16,16,97,97,8,10,534.000000,669,0,0,78,122,0,78,14,10,4,0,14,4,4,4,0,0,0,0,0,64,0,64,64,64,0,0,0,0
1052,14000081,75,2,95.695803619399,425.000000000000,37.000000000000,2.956426455840,74738338e732ee33,8d15af1f9d36efa1,27ddb0fc59a41bd4,200,125,62.500000,246.720000,234.285946,1.000000,4.100000,322.948802,3.592500,269.464437,3.648000,3.861842,0.000000,0.550296,0.736148,0.396825,0.331378,300,2208,2208,32.000000,0,0,16,16,105,105,16,0,558.000000,456,0,0,90,110,0,90,15,7,8,0,15,8,8,8,0,0,0,0,0,75,0,75,75,75,0,0,0,0
1053,14000082,75,2,367.376973221163,325.000000000000,36.000000000000,2.690631644265,3da85b5094a97d1b,8d15af1f9d36efa1,1f24cc4705f2535c,200,184,92.000000,256.472826,278.220197,1.000000,4.100000,329.421166,3.898333,314.282156,4.190217,3.465629,0.000000,0.365432,0.689441,0.280112,0.126840,300,2536,2536,32.000000,0,0,16,16,54,54,4,0,444.000000,771,0,0,35,165,0,35,19,17,2,0,19,2,2,2,0,0,0,0,0,16,0,16,16,16,0,0,0,0
1054,14000083,75,2,74.775925216802,425.000000000000,52.000000000000,1.943257114321,72f3c18e424ccf43,8d15af1f9d36efa1,9ad5a900c5a4d6bd,200,169,84.500000,234.745562,181.592875,1.000000,3.200000,255.537681,2.911905,264.778536,3.337278,2.978723,0.000000,0.455598,0.702381,0.347222,0.198864,300,2112,2112,32.000000,0,0,16,16,63,63,14,0,472.000000,564,0,0,47,153,0,47,16,9,7,0,16,7,7,7,0,0,0,0,0,31,0,31,31,31,0,0,0,0
1055,14000084,75,2,70.292725874624,325.000000000000,44.000000000000,2.945889353441,b28dfcfc13107395,8d15af1f9d36efa1,dfeeb5d2821fc7a6,200,159,79.500000,211.893082,219.617715,0.900000,2.700000,248.902499,3.674074,246.032866,3.125786,3.573441,0.000000,0.471838,0.689441,0.376412,0.183908,300,2328,2328,32.000000,0,0,16,16,53,53,6,0,444.000000,497,0,0,37,144,0,37,16,13,3,0,16,3,3,2,1,0,0,0,0,21,20,21,41,22,19,0,0,0
1056,14000085,75,2,276.611191214333,325.000000000000,39.000000000000,2.129117769970,552138ce6c3a8e6d,8d15af1f9d36efa1,b0bfb853d517d401,200,200,100.000000,318.890000,264.022122,1.000000,5.100000,394.982526,3.655357,407.586078,5.100000,3.274510,0.000000,0.289694,0.675325,0.227273,0.076087,300,2312,2312,32.000000,0,0,16,16,40,40,4,0,416.000000,1020,0,0,20,180,0,20,20,18,2,0,20,2,2,2,0,0,0,0,0,0,0,0,0,0,0,0,0,0
1057,14000086,75,2,304.363627888006,325.000000000000,34.000000000000,2.466867073213,93984735de17b4fe,8d15af1f9d36efa1,975bb84f304330a2,200,113,56.500000,261.867257,297.453587,1.000000,4.900000,398.947024,3.706667,323.668456,4.044248,3.628009,0.000000,0.548865,0.735450,0.396301,0.328928,300,2232,2232,32.000000,0,0,16,16,109,109,6,0,556.000000,457,0,0,98,102,0,98,11,8,3,0,11,3,3,3,0,0,0,0,0,87,0,87,87,87,0,0,0,0
1058,14000087,75,2,371.984070368558,425.000000000000,57.000000000000,1.761746022719,7b76a4a1f8f12a50,8d15af1f9d36efa1,2902286acda73b9d,200,187,93.500000,248.796791,253.358325,1.000000,3.300000,284.757152,4.278333,294.260290,3.433155,4.020249,0.000000,0.408840,0.689441,0.318471,0.148541,300,2480,2480,32.000000,0,0,16,16,51,51,10,0,444.000000,642,0,0,32,168,0,32,19,14,5,0,19,5,5,5,0,0,0,0,0,13,0,13,13,13,0,0,0,0
1059,14000088,75,2,258.946741395000,75.000000000000,38.000000000000,2.072312849238,17147857e11f6127,8d15af1f9d36efa1,8f6ba166e8b54c66,200,131,65.500000,234.534351,275.152274,1.000000,4.100000,342.695194,4.172381,277.780022,3.167939,4.436145,0.000000,0.559915,0.725275,0.419580,0.320786,300,2360,2360,32.000000,0,0,16,16,96,96,4,2,528.000000,415,0,0,82,118,0,82,13,11,2,0,13,2,2,2,0,0,0,0,0,69,0,69,69,69,0,0,0,0
1060,14000089,75,2,85.168947317873,425.000000000000,43.000000000000,2.882016437180,bcebae1b1893c832,8d15af1f9d36efa1,9903ecb7188f995c,200,151,75.500000,251.748344,229.525964,1.000000,3.600000,273.919584,3.513333,282.846604,3.629139,3.244526,0.000000,0.481061,0.717514,0.353774,0.243094,300,2128,2128,32.000000,0,0,16,16,81,81,14,0,508.000000,548,0,0,65,135,0,65,16,9,7,0,16,7,7,7,0,0,0,0,0,49,0,49,49,49,0,0,0,0
1061,14000090,75,2,269.838810445046,425.000000000000,22.000000000000,2.200881642870,5535336a11607167,8d15af1f9d36efa1,5df9d2c013eabf76,200,86,43.000000,339.267442,291.776338,1.000000,4.300000,356.547162,3.191667,443.156801,5.453488,3.087420,0.000000,0.560450,0.749373,0.390117,0.361905,300,2144,2144,32.000000,0,0,16,16,132,132,2,4,598.000000,469,0,0,122,78,0,122,8,7,1,0,8,1,1,1,0,0,0,0,0,114,0,114,114,114,0,0,0,0
1062,14000091,75,2,6.792589764470,325.000000000000,61.000000000000,2.595781900585,3a129bec772ed3e6,8d15af1f9d36efa1,14d801eac1b3d42e,200,177,88.500000,373.666667,334.517262,1.000000,5.300000,428.906736,3.858333,430.660355,5.480226,3.343299,0.000000,0.344595,0.718310,0.236220,0.155052,300,2560,2560,32.000000,0,0,16,16,79,79,20,32,510.000000,970,0,0,43,157,0,43,20,10,10,0,20,10,10,10,0,0,0,0,0,23,0,23,23,23,0,0,0,0
1063,14000092,75,2,100.623999965518,175.000000000000,49.000000000000,2.645344507858,60036a6d5114bbf0,8d15af1f9d36efa1,9b351600c5f62478,200,191,95.500000,152.204188,155.633686,1.000000,2.600000,183.964081,3.066667,165.211659,2.486911,3.023158,0.000000,0.472808,0.680511,0.387097,0.165202,300,2120,2120,32.000000,0,0,16,16,47,47,0,0,426.000000,475,0,0,28,172,0,28,19,19,0,0,19,0,0,0,0,0,0,0,0,9,0,9,9,9,0,0,0,0
1064,14000093,75,2,297.435202029544,175.000000000000,44.000000000000,1.990672313927,e04bd880ad24dd3e,8d15af1f9d36efa1,e10b2636d5c0e56b,200,195,97.500000,295.779487,295.256459,1.000000,4.400000,357.387623,3.922381,373.931652,4.717949,3.160870,0.000000,0.317507,0.681529,0.245902,0.094488,300,2336,2336,32.000000,0,0,16,16,45,45,6,0,428.000000,920,0,0,25,175,0,25,20,17,3,0,20,3,3,3,0,0,0,0,0,5,0,5,5,5,0,0,0,0
1065,14000094,75,2,418.551039604260,175.000000000000,66.000000000000,1.697702143591,e9658c2a3065b798,8d15af1f9d36efa1,10ebac004ce731c9,200,192,96.000000,269.427083,247.575089,1.000000,4.300000,334.021844,2.883333,317.318448,4.250000,3.254902,0.000000,0.352381,0.689441,0.268817,0.120690,300,2104,2104,32.000000,0,0,16,16,48,48,16,0,444.000000,816,0,0,28,172,0,28,20,12,8,0,20,8,8,8,0,0,0,0,0,8,0,8,8,8,0,0,0,0
1066,14000095,75,2,152.395013718747,75.000000000000,29.000000000000,2.868147946229,77bc82d81a8a5187,8d15af1f9d36efa1,10d90cc46efd7ad4,200,137,68.500000,267.459854,288.909694,1.000000,4.200000,339.896591,3.861667,325.840834,4.021898,3.814882,0.000000,0.485528,0.722222,0.352526,0.254398,300,2184,2184,32.000000,0,0,16,16,91,91,6,0,520.000000,551,0,0,77,123,0,77,14,11,3,0,14,3,3,3,0,0,0,0,0,63,0,63,63,63,0,0,0,0
1067,14000096,75,2,206.048304287255,175.000000000000,47.000000000000,2.228654850616,a2760bd3e534739b,8d15af1f9d36efa1,e72176a58ed79b46,200,200,100.000000,307.185000,314.379069,1.000000,4.500000,365.301286,4.268810,379.977101,4.830000,3.774327,0.000000,0.301013,0.675325,0.236967,0.080000,300,2728,2728,32.000000,0,0,16,16,40,40,4,0,416.000000,966,0,0,20,180,0,20,20,18,2,0,20,2,2,2,0,0,0,0,0,0,0,0,0,0,0,0,0,0
1068,14000097,75,2,169.662222824264,175.000000000000,40.000000000000,2.336578641261,1bd30b6e39af7ea6,8d15af1f9d36efa1,e42327507daec049,200,200,100.000000,128.785000,117.102882,1.000000,1.600000,122.903648,3.383333,122.183283,1.600000,3.437500,0.000000,0.562842,0.673203,0.483871,0.200000,300,2328,2328,32.000000,0,0,16,16,40,40,0,0,412.000000,320,0,0,20,180,0,20,20,20,0,0,20,0,0,0,0,0,0,0,0,0,0,0,0,0,0,0,0,0
1069,14000098,75,2,112.800027884826,175.000000000000,43.000000000000,2.657008880381,129bc9b434997516,8d15af1f9d36efa1,2bed968d6b9aa225,200,174,87.000000,355.413793,377.205060,1.000000,5.900000,455.927061,3.126786,449.936164,6.045977,2.881179,0.000000,0.308804,0.701493,0.221893,0.115966,300,2192,2192,32.000000,0,0,16,16,64,64,10,0,470.000000,1052,0,0,45,155,0,45,19,14,5,0,19,5,5,5,0,0,0,0,0,26,0,26,26,26,0,0,0,0
1070,14000099,75,2,82.412002824819,75.000000000000,53.000000000000,1.566073529869,76fd469a850cf682,8d15af1f9d36efa1,e9d0ac4ff025bb74,200,160,80.000000,273.037500,256.864744,1.000000,4.000000,323.511416,3.293333,318.182526,4.025000,3.332298,0.000000,0.432099,0.710145,0.317797,0.197007,300,2120,2120,32.000000,0,0,16,16,73,73,12,2,490.000000,644,0,0,56,144,0,56,16,10,6,0,16,6,6,6,0,0,0,0,0,40,0,40,40,40,0,0,0,0
1071,14000100,75,2,135.441606821830,325.000000000000,34.000000000000,2.913143680023,1c93e19a0f546123,8d15af1f9d36efa1,ec56a7d9f0e16ce,200,191,95.500000,259.335079,270.176660,1.000000,4.100000,321.646053,4.091667,320.934179,4.083770,3.902564,0.000000,0.356436,0.683544,0.277778,0.113636,300,2416,2416,32.000000,0,0,16,16,47,47,6,0,432.000000,780,0,0,28,172,0,28,19,16,3,0,19,3,3,3,0,0,0,0,0,9,0,9,9,9,0,0,0,0
1072,14000101,75,2,2.199547292583,75.000000000000,52.000000000000,2.563880768354,ec0d2c07c87ece92,8d15af1f9d36efa1,c1b728506a401d9b,200,132,66.000000,200.886364,196.530619,1.000000,2.900000,215.883714,4.636667,211.869569,2.909091,4.130208,0.000000,0.586652,0.731544,0.438596,0.357860,300,2664,2664,31.000000,0,0,16,15,105,105,4,22,545.000000,384,0,0,81,119,0,81,13,11,2,0,13,2,2,2,0,0,0,0,0,68,0,68,68,68,0,0,0,0
1073,14000102,75,2,418.048134050277,75.000000000000,47.000000000000,1.642400226856,56f5279dffba78d1,8d15af1f9d36efa1,88b1d8501ba27db1,200,152,76.000000,286.309211,298.658235,1.000000,4.600000,354.432424,4.304167,340.648887,4.480263,3.795888,0.000000,0.422392,0.713467,0.305810,0.195986,300,2360,2360,32.000000,0,0,16,16,79,79,8,2,498.000000,681,0,0,63,137,0,63,15,11,4,0,15,4,4,4,0,0,0,0,0,48,0,48,48,48,0,0,0,0
1074,14000103,75,2,78.066543907925,325.000000000000,61.000000000000,2.325554861018,5e819b4737b97913,8d15af1f9d36efa1,312b6950e0c95309,200,165,82.500000,243.266667,273.736864,0.900000,3.700000,314.070740,3.974868,291.680338,3.909091,3.837209,0.000000,0.412033,0.693252,0.317460,0.156863,300,2312,2312,32.000000,0,0,16,16,58,58,4,0,452.000000,645,0,0,39,147,0,39,19,17,2,0,19,2,2,1,1,0,0,0,0,20,20,15,35,21,14,0,0,0
1075,14000104,75,2,58.566909747492,175.000000000000,67.000000000000,1.972391235105,e33f63d1fb708133,8d15af1f9d36efa1,a6cb1b4d02065273,200,177,88.500000,304.553672,271.574998,1.000000,5.000000,388.473672,3.836429,371.671480,4.892655,3.322171,0.000000,0.351311,0.701046,0.257290,0.137450,300,2464,2464,31.000000,0,0,16,15,63,63,12,0,469.000000,866,0,0,43,157,0,43,20,14,6,0,20,6,6,6,0,0,0,0,0,23,0,23,23,23,0,0,0,0
1076,14000105,75,2,87.442478565548,325.000000000000,57.000000000000,2.459917571327,35cb7594dd1457cd,8d15af1f9d36efa1,fb086b4ff9de939d,200,180,90.000000,229.555556,230.644739,1.000000,3.400000,263.792859,3.911667,259.081279,3.377778,4.129934,0.000000,0.431776,0.697885,0.330396,0.176152,300,2720,2720,32.000000,0,0,16,16,60,60,10,0,462.000000,608,0,0,40,160,0,40,20,15,5,0,20,5,5,5,0,0,0,0,0,20,0,20,20,20,0,0,0,0
1077,14000106,75,2,153.158039676930,325.000000000000,41.000000000000,2.700469306267,df3777ab50c09e7a,8d15af1f9d36efa1,150e19fcce35bdd8,200,189,94.500000,231.306878,197.262970,1.000000,3.500000,265.119504,2.734524,267.130368,3.624339,2.579562,0.000000,0.392192,0.688474,0.304569,0.138365,300,2064,2064,32.000000,0,0,16,16,49,49,12,0,442.000000,685,0,0,30,170,0,30,19,13,6,0,19,6,6,6,0,0,0,0,0,11,0,11,11,11,0,0,0,0
1078,14000107,75,2,350.960814671877,175.000000000000,52.000000000000,2.212536498161,e16fcf723c794b87,8d15af1f9d36efa1,48e5ce5025f210ef,200,200,100.000000,264.215000,275.957301,1.000000,4.100000,307.883554,4.191548,329.045634,4.430000,3.261851,0.000000,0.319508,0.675325,0.252951,0.086598,300,2560,2560,32.000000,0,0,16,16,40,40,4,0,416.000000,886,0,0,20,180,0,20,20,18,2,0,20,2,2,2,0,0,0,0,0,0,0,0,0,0,0,0,0,0
1079,14000108,75,2,252.270699378215,75.000000000000,29.000000000000,1.618095700679,96945b04bd265306,8d15af1f9d36efa1,b0781297b124c645,200,96,48.000000,234.479167,194.241250,0.800000,2.300000,201.411284,2.709821,245.247776,3.375000,2.811728,0.000000,0.633484,0.736842,0.480769,0.413043,300,2144,2144,32.000000,0,0,16,16,109,109,10,2,560.000000,324,0,0,96,85,0,96,12,7,5,0,12,5,5,4,1,0,0,0,0,84,40,64,104,85,19,0,0,0
1080,14000109,75,2,5.515584018813,325.000000000000,69.000000000000,2.020888790730,73c3a526338cbe6f,8d15af1f9d36efa1,6803372d8127f94f,200,196,98.000000,235.198980,209.645983,1.000000,3.100000,240.738514,4.294048,249.404406,3.214286,3.857143,0.000000,0.406780,0.683544,0.322581,0.136986,300,2552,2552,32.000000,0,0,16,16,45,45,10,2,432.000000,630,0,0,24,176,0,24,20,15,5,0,20,5,5,5,0,0,0,0,0,4,0,4,4,4,0,0,0,0
1081,14000110,75,2,406.233273369505,325.000000000000,54.000000000000,2.526289322987,8ec8db8c8cce1ac7,8d15af1f9d36efa1,e02cd9bb2dad1368,200,192,96.000000,257.583333,268.962104,1.000000,3.900000,316.668010,4.523333,304.662019,4.020833,3.970207,0.000000,0.357737,0.682540,0.279851,0.112644,300,2344,2344,32.000000,0,0,16,16,48,48,2,0,430.000000,772,0,0,28,172,0,28,20,19,1,0,20,1,1,1,0,0,0,0,0,8,0,8,8,8,0,0,0,0
1082,14000111,75,2,445.323562258411,175.000000000000,55.000000000000,2.551734085239,bec3572d295d857f,8d15af1f9d36efa1,8b8c1acf19960dff,200,175,87.500000,234.325714,267.384366,0.900000,3.200000,278.812964,3.120370,276.773613,3.560000,3.025682,0.000000,0.409479,0.683544,0.325027,0.138313,300,2160,2160,32.000000,0,0,16,16,43,43,14,0,432.000000,623,0,0,24,157,0,24,19,12,7,0,19,7,7,6,1,0,0,0,0,5,20,5,25,6,19,0,0,0
1083,14000112,75,2,41.349717268864,325.000000000000,51.000000000000,2.644325008279,35abcc6efdfabbed,8d15af1f9d36efa1,d101fa5d913c70f6,200,160,80.000000,257.787500,274.760376,0.900000,3.600000,315.734404,4.653439,305.787603,3.843750,4.811382,0.000000,0.431082,0.699700,0.327869,0.178905,300,2776,2776,32.000000,0,0,16,16,64,64,6,4,466.000000,615,0,0,43,142,0,43,19,16,3,0,19,3,3,2,1,0,0,0,0,24,20,20,40,25,15,0,0,0
1084,14000113,75,2,207.582884865289,175.000000000000,41.000000000000,2.089010804582,2448584240a18d2,8d15af1f9d36efa1,28cd5dfd4f262015,200,190,95.000000,335.815789,364.979928,1.000000,5.500000,428.535164,3.914167,425.900087,5.552632,3.359242,0.000000,0.291471,0.684543,0.221402,0.088159,300,2368,2368,32.000000,0,0,16,16,48,48,6,0,434.000000,1055,0,0,29,171,0,29,19,16,3,0,19,3,3,3,0,0,0,0,0,10,0,10,10,10,0,0,0,0
1085,14000114,75,2,161.018192260642,75.000000000000,24.000000000000,2.650690743909,a248303ef0a2d7dd,8d15af1f9d36efa1,b7b169341e811dfc,200,157,78.500000,354.356688,291.610886,1.000000,4.700000,376.926790,3.722381,396.100881,4.840764,3.688158,0.000000,0.412674,0.727520,0.283019,0.209979,300,2144,2144,32.000000,0,0,16,16,91,91,20,32,534.000000,760,0,0,59,141,0,59,16,6,10,0,16,10,10,10,0,0,0,0,0,43,0,43,43,43,0,0,0,0
1086,14000115,75,2,348.425553465600,325.000000000000,58.000000000000,1.770448042266,90cff143a8f858a4,8d15af1f9d36efa1,aa34b09313331340,200,191,95.500000,229.099476,239.050083,1.000000,3.500000,269.210166,4.091429,265.532736,3.507853,3.723881,0.000000,0.398564,0.689441,0.309278,0.143223,300,2280,2280,32.000000,0,0,16,16,53,53,6,8,444.000000,670,0,0,29,171,0,29,20,17,3,0,20,3,3,3,0,0,0,0,0,9,0,9,9,9,0,0,0,0
1087,14000116,75,2,79.735310258105,175.000000000000,38.000000000000,2.994302438755,547bb1a5f977d369,8d15af1f9d36efa1,9a734800c551678f,200,187,93.500000,238.352941,232.923349,1.000000,3.700000,289.692348,3.641190,277.108587,3.663102,3.372263,0.000000,0.396476,0.692308,0.304569,0.146949,300,2376,2376,32.000000,0,0,16,16,53,53,12,0,450.000000,685,0,0,33,167,0,33,20,14,6,0,20,6,6,6,0,0,0,0,0,13,0,13,13,13,0,0,0,0
1088,14000117,75,2,473.513927228821,325.000000000000,65.000000000000,2.221624009414,3719fea5dffcb039,8d15af1f9d36efa1,ddbaf79df275b5e8,200,180,90.000000,271.027778,280.633849,1.000000,4.100000,327.823539,3.980476,332.253419,4.144444,3.867292,0.000000,0.377295,0.693252,0.286807,0.138568,300,2336,2336,32.000000,0,0,16,16,56,56,8,0,452.000000,746,0,0,38,162,0,38,18,14,4,0,18,4,4,4,0,0,0,0,0,20,0,20,20,20,0,0,0,0
1089,14000118,75,2,339.793642389539,425.000000000000,34.000000000000,2.611903330574,dec635d2bbc6b6ab,8d15af1f9d36efa1,e5e5cc43bd07cf73,200,136,68.000000,278.397059,265.337035,1.000000,4.100000,323.133766,3.800952,344.249119,4.308824,3.435154,0.000000,0.468240,0.720670,0.338600,0.238961,300,2360,2360,32.000000,0,0,16,16,90,90,4,0,516.000000,586,0,0,77,123,0,77,13,11,2,0,13,2,2,2,0,0,0,0,0,64,0,64,64,64,0,0,0,0
1090,14000119,75,2,423.663355144021,325.000000000000,41.000000000000,2.882506074496,1c484cb857127f96,8d15af1f9d36efa1,9ad5a900c5a4d6bd,200,199,99.500000,247.969849,208.480214,1.000000,3.900000,296.318208,3.771667,297.897676,3.914573,3.856226,0.000000,0.352452,0.679487,0.278035,0.105626,300,2192,2192,32.000000,0,0,16,16,41,41,10,0,424.000000,779,0,0,21,179,0,21,20,15,5,0,20,5,5,5,0,0,0,0,0,1,0,1,1,1,0,0,0,0
1091,14000120,75,2,123.561232455501,325.000000000000,46.000000000000,2.591044099524,6ab7e327cf8eb073,8d15af1f9d36efa1,7ffe6e5bee68f70d,200,200,100.000000,307.630000,327.662657,1.000000,4.700000,385.169215,4.057143,389.375146,4.895000,3.505618,0.000000,0.303203,0.680511,0.234558,0.087605,300,2280,2280,32.000000,0,0,16,16,40,40,14,0,426.000000,979,0,0,20,180,0,20,20,13,7,0,20,7,7,7,0,0,0,0,0,0,0,0,0,0,0,0,0,0
1092,14000121,75,2,101.790334368960,425.000000000000,34.000000000000,2.542211386633,902e502b27269ffa,8d15af1f9d36efa1,6108ab47172db5b4,200,153,76.500000,229.882353,277.809500,1.000000,3.900000,323.210687,4.173333,272.843971,3.516340,3.691450,0.000000,0.475634,0.709302,0.357995,0.224784,300,2256,2256,32.000000,0,0,16,16,77,77,2,0,488.000000,538,0,0,62,138,0,62,15,14,1,0,15,1,1,1,0,0,0,0,0,47,0,47,47,47,0,0,0,0
1093,14000122,75,2,162.621034349279,325.000000000000,51.000000000000,1.976112933291,1b6e0e91c79e46b4,8d15af1f9d36efa1,39bff16ec383229f,200,193,96.500000,276.036269,261.183681,1.000000,4.400000,335.076579,3.340238,334.455717,4.378238,2.813018,0.000000,0.337255,0.682540,0.262009,0.103924,300,2240,2240,32.000000,0,0,16,16,47,47,4,4,430.000000,845,0,0,26,174,0,26,19,17,2,0,19,2,2,2,0,0,0,0,0,7,0,7,7,7,0,0,0,0
1094,14000123,75,2,120.482433529572,175.000000000000,56.000000000000,1.769418061011,a9e6978c3235c568,8d15af1f9d36efa1,6f0402427e50197a,200,193,96.500000,169.269430,163.151866,1.000000,2.500000,189.304832,3.685714,186.840816,2.492228,3.663202,0.000000,0.469680,0.680511,0.384123,0.163478,300,2312,2312,32.000000,0,0,16,16,47,47,0,0,426.000000,481,0,0,27,173,0,27,20,20,0,0,20,0,0,0,0,0,0,0,0,7,0,7,7,7,0,0,0,0
1095,14000124,75,2,262.642892790505,175.000000000000,46.000000000000,1.630492185690,7394d1909754b617,8d15af1f9d36efa1,e652a6c15321bb3a,200,186,93.000000,282.946237,306.605210,1.000000,4.100000,348.883474,4.018571,365.174885,4.419355,3.790754,0.000000,0.344498,0.683544,0.267380,0.108460,300,2288,2288,32.000000,0,0,16,16,50,50,0,0,432.000000,822,0,0,32,168,0,32,18,18,0,0,18,0,0,0,0,0,0,0,0,14,0,14,14,14,0,0,0,0
1096,14000125,75,2,373.150808367717,175.000000000000,48.000000000000,2.410312680808,7a50a1222294b0b6,8d15af1f9d36efa1,bfff6de63bf23c8f,200,177,88.500000,199.915254,199.999590,1.000000,3.100000,230.420187,3.783333,224.424572,3.186441,3.354610,0.000000,0.444882,0.693252,0.347222,0.175439,300,2448,2448,32.000000,0,0,16,16,59,59,2,0,452.000000,564,0,0,41,159,0,41,18,17,1,0,18,1,1,1,0,0,0,0,0,23,0,23,23,23,0,0,0,0
1097,14000126,75,2,86.164026274492,325.000000000000,56.000000000000,2.499243014742,e7fb40149df71c0b,8d15af1f9d36efa1,2f236550176b9acd,200,184,92.000000,308.701087,252.295678,1.000000,4.700000,373.164884,4.088571,387.296342,4.804348,3.788462,0.000000,0.336336,0.691358,0.253378,0.116000,300,2432,2432,32.000000,0,0,16,16,56,56,4,0,448.000000,884,0,0,36,164,0,36,20,18,2,0,20,2,2,2,0,0,0,0,0,16,0,16,16,16,0,0,0,0
1098,14000127,75,2,20.672196586435,175.000000000000,60.000000000000,2.132804224224,e46e48c6d9c23620,8d15af1f9d36efa1,1a6e1d53535e9c4f,200,191,95.500000,320.502618,327.266667,1.000000,4.900000,412.737067,3.991667,391.794317,5.047120,3.482365,0.000000,0.315341,0.689441,0.237342,0.104089,300,2320,2320,32.000000,0,0,16,16,49,49,14,0,444.000000,964,0,0,29,171,0,29,20,13,7,0,20,7,7,7,0,0,0,0,0,9,0,9,9,9,0,0,0,0
1099,14000128,75,2,293.576102178444,75.000000000000,36.000000000000,2.015775442490,66475b10e366e3bc,8d15af1f9d36efa1,e359031a91df05aa,200,120,60.000000,254.858333,284.754058,1.000000,3.900000,314.033252,3.376667,300.492838,3.666667,3.002273,0.000000,0.558233,0.735450,0.405405,0.337349,300,2104,2104,32.000000,0,0,16,16,109,109,6,10,556.000000,440,0,0,92,108,0,92,12,9,3,0,12,3,3,3,0,0,0,0,0,80,0,80,80,80,0,0,0,0
1100,14000129,75,2,128.582989177261,425.000000000000,37.000000000000,2.548277941483,813364c0de7bd994,8d15af1f9d36efa1,f5f33d4a94ab2db4,200,164,82.000000,285.774390,295.830489,1.000000,4.700000,367.136488,3.837500,342.782442,4.536585,4.026882,0.000000,0.393148,0.706745,0.287356,0.167785,300,2184,2184,32.000000,0,0,16,16,70,70,10,0,482.000000,744,0,0,53,147,0,53,17,12,5,0,17,5,5,5,0,0,0,0,0,36,0,36,36,36,0,0,0,0
1101,14000130,75,2,447.691994417028,325.000000000000,62.000000000000,2.282343777213,c78266e43446c199,8d15af1f9d36efa1,cdcfbd885a310a7e,200,200,100.000000,310.695000,307.973069,1.000000,4.700000,380.606675,4.105714,375.912158,4.830000,3.507246,0.000000,0.306034,0.680511,0.236967,0.088679,300,2216,2216,32.000000,0,0,16,16,41,41,12,2,426.000000,966,0,0,20,180,0,20,20,14,6,0,20,6,6,6,0,0,0,0,0,0,0,0,0,0,0,0,0,0
1102,14000131,75,2,152.494236765703,175.000000000000,55.000000000000,1.663100043313,d7074f62b1ea57a9,8d15af1f9d36efa1,d4f18d7b2a512b55,200,200,100.000000,254.910000,262.437155,1.000000,4.000000,314.150524,3.028333,309.102186,4.000000,3.191250,0.000000,0.341021,0.674267,0.272727,0.092971,300,2176,2176,32.000000,0,0,16,16,40,40,2,0,414.000000,800,0,0,20,180,0,20,20,19,1,0,20,1,1,1,0,0,0,0,0,0,0,0,0,0,0,0,0,0
1103,14000132,75,2,349.021131711306,425.000000000000,26.000000000000,2.773353880834,a1c35b303b266813,8d15af1f9d36efa1,3ba435a062409b8d,200,146,73.000000,273.993151,250.863879,1.000000,4.000000,332.390481,3.053333,341.422847,4.280822,3.110400,0.000000,0.446413,0.715909,0.324324,0.215809,300,2216,2216,32.000000,0,0,16,16,82,82,8,0,504.000000,625,0,0,68,132,0,68,14,10,4,0,14,4,4,4,0,0,0,0,0,54,0,54,54,54,0,0,0,0
1104,14000133,75,2,496.384282862709,75.000000000000,54.000000000000,1.964658344904,cd320212cc2cdb98,8d15af1f9d36efa1,9a98aa00c5712a52,200,168,84.000000,241.672619,243.826707,1.000000,3.400000,275.890239,4.508095,248.102127,3.095238,4.323077,0.000000,0.481555,0.707174,0.365854,0.226190,300,2544,2544,31.000000,0,0,16,15,66,66,20,0,483.000000,520,0,0,49,151,0,49,17,7,10,0,17,10,10,10,0,0,0,0,0,32,0,32,32,32,0,0,0,0
1105,14000134,75,2,84.673542438503,75.000000000000,34.000000000000,2.853017922022,afbdeaa42313d8d1,8d15af1f9d36efa1,9a731f00c55121e4,200,118,59.000000,284.347458,271.608392,1.000000,4.300000,334.962552,3.830952,328.353067,4.415254,3.537428,0.000000,0.517146,0.736148,0.365408,0.302544,300,2216,2216,32.000000,0,0,16,16,106,106,14,0,558.000000,521,0,0,94,106,0,94,12,5,7,0,12,7,7,7,0,0,0,0,0,82,0,82,82,82,0,0,0,0
1106,14000135,75,2,188.590289828993,325.000000000000,34.000000000000,2.417210379661,d3ad9956f537721d,8d15af1f9d36efa1,83c4e2c10cf2c69e,200,172,86.000000,354.918605,288.015739,1.000000,5.500000,458.069916,3.903611,470.319753,5.662791,3.745380,0.000000,0.316971,0.693252,0.235479,0.109689,300,2464,2464,32.000000,0,0,16,16,60,60,0,0,452.000000,974,0,0,44,156,0,44,16,16,0,0,16,0,0,0,0,0,0,0,0,28,0,28,28,28,0,0,0,0
1107,14000136,75,2,497.989393594221,175.000000000000,67.000000000000,1.763947987382,ec37ee8ccd4b6e98,8d15af1f9d36efa1,54c1b8cd0ea7cc8b,200,153,76.500000,276.718954,250.787697,1.000000,3.900000,303.442830,3.885000,320.314706,4.026144,3.444805,0.000000,0.450000,0.715909,0.327511,0.218274,300,2368,2368,32.000000,0,0,16,16,77,77,18,0,504.000000,616,0,0,62,138,0,62,15,6,9,0,15,9,9,9,0,0,0,0,0,47,0,47,47,47,0,0,0,0
1108,14000137,75,2,485.159583083858,75.000000000000,51.000000000000,2.140555915109,9872fd3d9f15b464,8d15af1f9d36efa1,b10420bee9b12921,200,155,77.500000,230.645161,260.391361,1.000000,3.500000,286.183721,4.563333,286.355802,3.451613,4.392523,0.000000,0.479065,0.710983,0.359281,0.230216,300,2640,2640,32.000000,0,0,16,16,77,77,6,0,492.000000,535,0,0,61,139,0,61,16,13,3,0,16,3,3,3,0,0,0,0,0,45,0,45,45,45,0,0,0,0
1109,14000138,75,2,139.481460633722,425.000000000000,50.000000000000,1.528174772611,5b235ac55cc1e9d1,8d15af1f9d36efa1,4510754f92c87476,200,162,81.000000,203.598765,184.169596,1.000000,3.000000,220.268875,3.198333,237.249763,3.185185,3.189922,0.000000,0.477733,0.702381,0.367647,0.213415,300,2240,2240,32.000000,0,0,16,16,68,68,4,0,472.000000,516,0,0,53,147,0,53,15,13,2,0,15,2,2,2,0,0,0,0,0,38,0,38,38,38,0,0,0,0
1110,14000139,75,2,377.005662560016,175.000000000000,45.000000000000,2.873733564726,17ba550e1b1dc8d1,8d15af1f9d36efa1,99ab59b31257da8c,200,186,93.000000,309.500000,325.235372,1.000000,4.700000,378.384438,3.837619,390.675584,4.897849,3.583974,0.000000,0.328666,0.690402,0.247729,0.111220,300,2432,2432,32.000000,0,0,16,16,55,55,4,6,446.000000,911,0,0,33,167,0,33,19,17,2,0,19,2,2,2,0,0,0,0,0,14,0,14,14,14,0,0,0,0
1111,14000140,75,2,374.924751195851,175.000000000000,41.000000000000,2.845892351392,4ba14fe0168475dd,8d15af1f9d36efa1,a0dadd6b2209334e,200,200,100.000000,248.475000,230.129633,1.000000,4.100000,300.835485,3.410000,292.762359,4.165000,2.935174,0.000000,0.335196,0.677419,0.264784,0.095548,300,2256,2256,32.000000,0,0,16,16,40,40,8,0,420.000000,833,0,0,20,180,0,20,20,16,4,0,20,4,4,4,0,0,0,0,0,0,0,0,0,0,0,0,0,0
1112,14000141,75,2,273.975206303170,75.000000000000,41.000000000000,1.747917123273,45da55acb8a72098,8d15af1f9d36efa1,9aa2ac00c579823d,200,175,87.500000,309.725714,304.671791,1.000000,4.600000,354.107996,3.661429,376.102570,4.765714,3.785372,0.000000,0.358462,0.699700,0.264550,0.138430,300,2416,2416,32.000000,0,0,16,16,62,62,10,2,466.000000,834,0,0,43,157,0,43,18,13,5,0,18,5,5,5,0,0,0,0,0,25,0,25,25,25,0,0,0,0
1113,14000142,75,2,112.734058221619,325.000000000000,53.000000000000,2.324961139501,7364cee0bf21e1bd,8d15af1f9d36efa1,6713164fa5dd8e61,200,197,98.500000,232.659898,220.152681,1.000000,3.500000,287.250733,3.911667,277.603713,3.532995,3.652299,0.000000,0.377460,0.678457,0.301205,0.114504,300,2408,2408,32.000000,0,0,16,16,43,43,4,0,422.000000,696,0,0,23,177,0,23,20,18,2,0,20,2,2,2,0,0,0,0,0,3,0,3,3,3,0,0,0,0
1114,14000143,75,2,339.860932546769,325.000000000000,45.000000000000,2.370202431897,40a7b6e09e14ec09,8d15af1f9d36efa1,9a8afa00c56574e6,200,197,98.500000,254.527919,264.985147,1.000000,3.800000,304.918514,4.371667,310.128521,3.923858,4.045278,0.000000,0.353138,0.678457,0.279590,0.104287,300,2264,2264,32.000000,0,0,16,16,43,43,4,0,422.000000,773,0,0,23,177,0,23,20,18,2,0,20,2,2,2,0,0,0,0,0,3,0,3,3,3,0,0,0,0
1115,14000144,75,2,407.238888041369,75.000000000000,51.000000000000,2.315986366489,14f0d4a2a3d5885c,8d15af1f9d36efa1,29157f68978b3ddc,200,176,88.000000,249.045455,244.163101,1.000000,3.400000,295.752813,5.056667,296.349151,3.596591,4.652449,0.000000,0.418733,0.695122,0.321543,0.163804,300,2640,2640,32.000000,0,0,16,16,60,60,4,0,456.000000,633,0,0,42,158,0,42,18,16,2,0,18,2,2,2,0,0,0,0,0,24,0,24,24,24,0,0,0,0
1116,14000145,75,2,198.129594635513,75.000000000000,46.000000000000,1.502671498870,798706b626d17a30,8d15af1f9d36efa1,c68e754fdc00feb5,200,125,62.500000,234.776000,244.664558,1.000000,3.800000,296.901449,3.070000,283.874471,3.744000,3.275641,0.000000,0.533865,0.728261,0.390625,0.303571,300,2360,2360,32.000000,0,0,16,16,100,100,4,2,536.000000,468,0,0,87,113,0,87,12,10,2,0,12,2,2,2,0,0,0,0,0,75,0,75,75,75,0,0,0,0
1117,14000146,75,2,455.780515525943,75.000000000000,47.000000000000,2.566135800274,e02825cff72fe290,8d15af1f9d36efa1,baa9f5003185ba1,200,136,68.000000,249.779412,255.323428,1.000000,3.700000,302.762276,3.998571,276.728295,3.433824,3.614561,0.000000,0.528759,0.723757,0.391134,0.291351,300,2240,2240,32.000000,0,0,16,16,88,88,16,0,524.000000,467,0,0,76,124,0,76,12,4,8,0,12,8,8,8,0,0,0,0,0,64,0,64,64,64,0,0,0,0
1118,14000147,75,2,351.422776258854,325.000000000000,46.000000000000,2.787212567993,909d7aa5c5fac44b,8d15af1f9d36efa1,61bfa65bc8c39e8f,200,193,96.500000,263.481865,268.434065,1.000000,4.100000,322.520762,3.743333,332.759036,4.243523,3.358974,0.000000,0.341110,0.679487,0.268097,0.100988,300,2264,2264,32.000000,0,0,16,16,45,45,2,0,424.000000,819,0,0,26,174,0,26,19,18,1,0,19,1,1,1,0,0,0,0,0,7,0,7,7,7,0,0,0,0
1119,14000148,75,2,227.856341605985,325.000000000000,52.000000000000,1.914726550286,84e55670146fde78,8d15af1f9d36efa1,9b08cf00c5d070e8,200,160,80.000000,254.562500,254.452105,0.800000,3.200000,298.783516,4.200000,306.843185,4.000000,4.134375,0.000000,0.393939,0.675325,0.319149,0.116022,300,2552,2552,32.000000,0,0,16,16,36,36,12,0,416.000000,640,0,0,18,144,0,18,18,12,6,0,18,6,6,4,2,0,0,0,0,0,40,0,40,2,38,0,0,0
1120,14000149,75,2,373.925905509362,425.000000000000,39.000000000000,2.223776208524,5c8ed8f0dfd2c96b,8d15af1f9d36efa1,4dec3870a779dccd,200,200,100.000000,182.440000,172.443285,1.000000,2.600000,198.162139,3.740000,197.636127,2.600000,3.769231,0.000000,0.446809,0.677419,0.365854,0.144737,300,2552,2552,32.000000,0,0,16,16,40,40,8,0,420.000000,520,0,0,20,180,0,20,20,16,4,0,20,4,4,4,0,0,0,0,0,0,0,0,0,0,0,0,0,0
1121,14000150,75,2,107.320505685131,175.000000000000,49.000000000000,2.339126779191,4449c480c618ac42,8d15af1f9d36efa1,dade4f6f50c30188,200,199,99.500000,289.155779,312.083141,1.000000,4.700000,361.318926,3.276429,353.387317,4.693467,2.840471,0.000000,0.314244,0.681529,0.243112,0.093204,300,2128,2128,32.000000,0,0,16,16,41,41,14,0,428.000000,934,0,0,21,179,0,21,20,13,7,0,20,7,7,7,0,0,0,0,0,1,0,1,1,1,0,0,0,0
1122,14000151,75,2,174.228441313341,75.000000000000,30.000000000000,2.517991232476,1bd4202763c68d8a,8d15af1f9d36efa1,6286d9cb51ac642f,200,129,64.500000,349.139535,298.334055,1.000000,5.300000,422.224071,3.791667,439.073356,5.883721,3.679842,0.000000,0.412539,0.727149,0.283286,0.210198,300,2376,2376,31.000000,0,0,16,15,99,99,4,0,533.000000,759,0,0,85,115,0,85,14,12,2,0,14,2,2,2,0,0,0,0,0,71,0,71,71,71,0,0,0,0
1123,14000152,75,2,409.597077767536,425.000000000000,52.000000000000,2.063743204687,23fd41fd883df2f6,8d15af1f9d36efa1,ee056454a8a4599d,200,145,72.500000,244.144828,257.199463,0.900000,3.300000,291.107127,4.038889,271.110651,3.531034,4.105469,0.000000,0.491054,0.711816,0.369458,0.240356,300,2464,2464,32.000000,0,0,16,16,74,74,14,0,494.000000,512,0,0,56,128,0,56,18,11,7,0,18,7,7,6,1,0,0,0,0,38,20,35,55,39,16,0,0,0
1124,14000153,75,2,56.270866614937,325.000000000000,63.000000000000,2.400372643965,2ebfd5fdda8671d8,8d15af1f9d36efa1,b5f028796f37746b,200,191,95.500000,185.685864,186.924379,1.000000,2.700000,202.224729,4.205000,197.435439,2.706806,3.856867,0.000000,0.458639,0.686520,0.367197,0.170144,300,2512,2512,32.000000,0,0,16,16,51,51,4,4,438.000000,517,0,0,29,171,0,29,20,18,2,0,20,2,2,2,0,0,0,0,0,9,0,9,9,9,0,0,0,0
1125,14000154,75,2,418.439831123414,175.000000000000,60.000000000000,2.289198628507,44be8f02dec4643,8d15af1f9d36efa1,8b0b850527e1203d,200,181,90.500000,270.248619,264.977551,1.000000,3.900000,316.935245,4.430000,324.597040,3.950276,4.173427,0.000000,0.387318,0.693252,0.295567,0.143713,300,2552,2552,32.000000,0,0,16,16,57,57,6,4,452.000000,715,0,0,37,163,0,37,18,15,3,0,18,3,3,3,0,0,0,0,0,19,0,19,19,19,0,0,0,0
1126,14000155,75,2,278.783200359426,75.000000000000,29.000000000000,1.985223537661,cb1c517a1e15b34d,8d15af1f9d36efa1,5972e7bbd30d8182,200,189,94.500000,268.931217,278.222006,1.000000,3.800000,301.584324,3.850000,325.063785,4.058201,3.455020,0.000000,0.364540,0.687500,0.281162,0.123429,300,2288,2288,32.000000,0,0,16,16,49,49,10,0,440.000000,767,0,0,30,170,0,30,19,14,5,0,19,5,5,5,0,0,0,0,0,11,0,11,11,11,0,0,0,0
1127,14000156,75,2,88.861408477396,175.000000000000,63.000000000000,1.679594859172,c946adbcdf9d2e58,8d15af1f9d36efa1,43f683e79353e7f6,200,200,100.000000,258.545000,268.393566,1.000000,3.600000,308.651263,4.300000,312.504315,3.735000,3.688086,0.000000,0.358798,0.676375,0.286533,0.103241,300,2456,2456,32.000000,0,0,16,16,40,40,6,0,418.000000,747,0,0,20,180,0,20,20,17,3,0,20,3,3,3,0,0,0,0,0,0,0,0,0,0,0,0,0,0
1128,14000157,75,2,318.462705924292,75.000000000000,36.000000000000,2.088610930039,fa39c4db770f0ef1,8d15af1f9d36efa1,72933485bf5c26f7,200,139,69.500000,238.553957,245.602373,1.000000,3.400000,268.326572,3.530952,245.318044,3.028777,3.484561,0.000000,0.561001,0.728997,0.416089,0.328549,300,2224,2224,32.000000,0,0,16,16,93,93,20,0,538.000000,421,0,0,77,123,0,77,16,6,10,0,16,10,10,10,0,0,0,0,0,61,0,61,61,61,0,0,0,0
1129,14000158,75,2,236.292605359895,425.000000000000,30.000000000000,1.978197648221,3bec98da21dbae2d,8d15af1f9d36efa1,6e2ed123dbfa489b,200,139,69.500000,253.345324,272.084202,1.000000,4.000000,327.478089,3.573333,300.370086,3.805755,3.423440,0.000000,0.493780,0.720670,0.361882,0.258065,300,2536,2536,32.000000,0,0,16,16,90,90,4,2,516.000000,529,0,0,75,125,0,75,14,12,2,0,14,2,2,2,0,0,0,0,0,61,0,61,61,61,0,0,0,0
1130,14000159,75,2,59.880623423931,75.000000000000,47.000000000000,1.686562650789,11778c33d550e2fd,8d15af1f9d36efa1,cc05504f4e494992,200,175,87.500000,285.142857,297.755898,1.000000,4.600000,348.199805,3.503095,335.644730,4.428571,3.234839,0.000000,0.374496,0.698795,0.279070,0.145535,300,2240,2240,32.000000,0,0,16,16,61,61,10,0,464.000000,775,0,0,43,157,0,43,18,13,5,0,18,5,5,5,0,0,0,0,0,25,0,25,25,25,0,0,0,0
1131,14000160,75,2,381.127746174325,425.000000000000,52.000000000000,1.643282946313,41ab037f4907c713,8d15af1f9d36efa1,f20c36680af72aaa,200,126,63.000000,240.674603,258.882390,1.000000,3.700000,301.601861,3.461667,286.343957,3.626984,3.006565,0.000000,0.538850,0.727520,0.396301,0.306525,300,2224,2224,32.000000,0,0,16,16,100,100,2,0,534.000000,457,0,0,87,113,0,87,13,12,1,0,13,1,1,1,0,0,0,0,0,74,0,74,74,74,0,0,0,0
1132,14000161,75,2,217.844065646783,75.000000000000,28.000000000000,2.059629096834,d0b0bea070a7cca3,8d15af1f9d36efa1,e6c8bd10082a4f30,200,119,59.500000,285.714286,299.789303,0.800000,3.600000,338.744581,3.656250,345.181202,4.882353,3.142857,0.000000,0.453434,0.706745,0.340522,0.205198,300,2248,2248,32.000000,0,0,16,16,67,67,16,0,482.000000,581,0,0,54,108,0,54,13,5,8,0,13,8,8,6,2,0,0,0,0,41,40,41,81,43,38,0,0,0
1133,14000162,75,2,101.127923735279,325.000000000000,38.000000000000,2.828056645250,7633ba9570278a5a,8d15af1f9d36efa1,9b428900c601723d,200,200,100.000000,270.080000,277.574070,1.000000,4.300000,345.758311,2.905714,328.458199,4.300000,2.991860,0.000000,0.327074,0.676375,0.258621,0.090909,300,2064,2064,32.000000,0,0,16,16,41,41,4,2,418.000000,860,0,0,20,180,0,20,20,18,2,0,20,2,2,2,0,0,0,0,0,0,0,0,0,0,0,0,0,0
1134,14000163,75,2,361.490200079710,75.000000000000,38.000000000000,2.472052873666,3adbc457603bc92,8d15af1f9d36efa1,82a31a80b1db9b12,200,184,92.000000,299.141304,320.562368,1.000000,4.400000,360.138124,4.703333,360.683084,4.586957,3.954976,0.000000,0.348765,0.693252,0.262238,0.124481,300,2384,2384,32.000000,0,0,16,16,52,52,16,0,452.000000,844,0,0,34,166,0,34,18,10,8,0,18,8,8,8,0,0,0,0,0,16,0,16,16,16,0,0,0,0
1135,14000164,75,2,439.789280583483,75.000000000000,48.000000000000,1.531761472621,facf326679a33ec2,8d15af1f9d36efa1,3f6bdce2af9d0f49,200,152,76.000000,269.618421,266.924470,1.000000,4.100000,324.898300,3.710000,317.660470,3.980263,3.692562,0.000000,0.460784,0.721060,0.331492,0.235145,300,2336,2336,31.000000,0,0,16,15,87,87,12,14,517.000000,605,0,0,64,136,0,64,16,10,6,0,16,6,6,6,0,0,0,0,0,48,0,48,48,48,0,0,0,0
1136,14000165,75,2,344.463991147288,175.000000000000,31.000000000000,2.803135845588,69b9acfca852260f,8d15af1f9d36efa1,b0bfff6d6c16d86,200,200,100.000000,284.535000,257.382345,1.000000,4.500000,350.979021,3.614762,357.099739,4.665000,3.438371,0.000000,0.307350,0.674267,0.243309,0.080788,300,2256,2256,32.000000,0,0,16,16,40,40,2,0,414.000000,933,0,0,20,180,0,20,20,19,1,0,20,1,1,1,0,0,0,0,0,0,0,0,0,0,0,0,0,0
1137,14000166,75,2,115.967236197646,425.000000000000,36.000000000000,2.471246134241,748658043aa09935,8d15af1f9d36efa1,da30ff541b2e59f1,200,188,94.000000,257.132979,281.328814,1.000000,3.800000,314.748531,4.184524,313.638494,3.734043,4.116809,0.000000,0.386364,0.688474,0.299401,0.135468,300,2528,2528,32.000000,0,0,16,16,50,50,10,0,442.000000,702,0,0,31,169,0,31,19,14,5,0,19,5,5,5,0,0,0,0,0,12,0,12,12,12,0,0,0,0
1138,14000167,75,2,105.471120759810,75.000000000000,43.000000000000,1.887611994158,4bc19f4db5a5f232,8d15af1f9d36efa1,78222f98225bca89,200,166,83.000000,306.349398,283.167456,1.000000,4.300000,340.352569,3.035833,369.821425,4.873494,3.006180,0.000000,0.370428,0.704142,0.270514,0.151102,300,2048,2048,32.000000,0,0,16,16,68,68,8,0,476.000000,809,0,0,51,149,0,51,17,13,4,0,17,4,4,4,0,0,0,0,0,34,0,34,34,34,0,0,0,0
1139,14000168,75,2,137.171919539912,425.000000000000,33.000000000000,2.726492500692,4b6262ac677fee8a,8d15af1f9d36efa1,9b570a00c612f67a,200,134,67.000000,275.925373,273.150283,1.000000,3.900000,314.825137,3.100476,318.494626,4.000000,2.916045,0.000000,0.496241,0.725275,0.358852,0.267760,300,2048,2048,32.000000,0,0,16,16,93,93,10,2,528.000000,536,0,0,79,121,0,79,13,8,5,0,13,5,5,5,0,0,0,0,0,66,0,66,66,66,0,0,0,0
1140,14000169,75,2,21.550552710723,75.000000000000,56.000000000000,2.313526178246,d4e4b8101510ab30,8d15af1f9d36efa1,600a6f37def2a9d2,200,148,74.000000,236.560811,261.328300,1.000000,3.800000,311.195827,4.178333,287.110390,3.668919,3.893186,0.000000,0.481375,0.715909,0.355872,0.240559,300,2376,2376,32.000000,0,0,16,16,84,84,4,0,504.000000,543,0,0,68,132,0,68,16,14,2,0,16,2,2,2,0,0,0,0,0,52,0,52,52,52,0,0,0,0
1141,14000170,75,2,86.749839668692,75.000000000000,31.000000000000,2.978947281595,62a8b5b6c73fd942,8d15af1f9d36efa1,bc65ac187c4f6e25,200,138,69.000000,281.565217,251.160473,0.900000,3.600000,307.187552,3.302646,323.512353,4.369565,3.011609,0.000000,0.464000,0.722992,0.332226,0.239596,300,2336,2336,32.000000,0,0,16,16,89,89,12,6,522.000000,603,0,0,71,124,0,71,15,9,6,0,15,6,6,5,1,0,0,0,0,56,20,42,62,57,5,0,0,0
1142,14000171,75,2,434.491771998633,75.000000000000,42.000000000000,2.838152094923,e6746ac78254c847,8d15af1f9d36efa1,719d4f791e1a6e1e,200,173,86.500000,241.994220,233.552599,1.000000,3.400000,258.019255,3.183333,270.315753,3.502890,3.452145,0.000000,0.437848,0.702381,0.331126,0.187668,300,2152,2152,32.000000,0,0,16,16,61,61,18,0,472.000000,606,0,0,44,156,0,44,17,8,9,0,17,9,9,9,0,0,0,0,0,27,0,27,27,27,0,0,0,0
1143,14000172,75,2,180.459550139322,75.000000000000,42.000000000000,1.774829573968,9fdca32095475937,8d15af1f9d36efa1,73da2da490933e61,200,174,87.000000,269.103448,264.784612,1.000000,4.000000,305.761070,4.963333,337.212819,4.597701,3.855000,0.000000,0.363057,0.695122,0.272727,0.134199,300,2704,2704,32.000000,0,0,16,16,60,60,4,0,456.000000,800,0,0,43,157,0,43,17,15,2,0,17,2,2,2,0,0,0,0,0,26,0,26,26,26,0,0,0,0
1144,14000173,75,2,141.674388771664,75.000000000000,37.000000000000,2.027847787637,354bf324949fac71,8d15af1f9d36efa1,9a6ca500c54be6e8,200,173,86.500000,253.184971,231.773004,1.000000,3.600000,279.929285,3.195000,298.849990,4.005780,3.054834,0.000000,0.403101,0.700599,0.302115,0.164053,300,2184,2184,32.000000,0,0,16,16,61,61,14,0,468.000000,693,0,0,44,156,0,44,17,10,7,0,17,7,7,7,0,0,0,0,0,27,0,27,27,27,0,0,0,0
1145,14000174,75,2,488.972479301696,175.000000000000,59.000000000000,2.635651337025,c55fac694963dae0,8d15af1f9d36efa1,66f181514efcce39,200,158,79.000000,325.006329,300.883780,1.000000,4.500000,361.797460,3.684762,391.794570,5.031646,3.046541,0.000000,0.383243,0.711816,0.273973,0.169279,300,2296,2296,32.000000,0,0,16,16,76,76,10,4,494.000000,795,0,0,58,142,0,58,16,11,5,0,16,5,5,5,0,0,0,0,0,42,0,42,42,42,0,0,0,0
1146,14000175,75,2,178.644337539287,425.000000000000,34.000000000000,2.320689998793,33a8bc1aba3e231b,8d15af1f9d36efa1,3f26d567febdbd54,200,186,93.000000,229.075269,228.829376,1.000000,3.600000,267.982309,3.203333,267.856756,3.645161,3.017699,0.000000,0.390288,0.684543,0.306748,0.130769,300,2240,2240,32.000000,0,0,16,16,50,50,2,0,434.000000,678,0,0,32,168,0,32,18,17,1,0,18,1,1,1,0,0,0,0,0,14,0,14,14,14,0,0,0,0
1147,14000176,75,2,63.854747278782,425.000000000000,36.000000000000,2.764708591885,15cb13ab1c29974f,8d15af1f9d36efa1,12649bb1539cf2b,200,181,90.500000,286.502762,240.265843,1.000000,4.400000,339.451254,3.693333,349.997962,4.541436,3.440389,0.000000,0.358814,0.696970,0.267380,0.134737,300,2376,2376,32.000000,0,0,16,16,58,58,12,2,460.000000,822,0,0,38,162,0,38,19,13,6,0,19,6,6,6,0,0,0,0,0,19,0,19,19,19,0,0,0,0
1148,14000177,75,2,76.791410560894,325.000000000000,63.000000000000,2.073219111950,5fb78579e305d299,8d15af1f9d36efa1,5e93dafd56c09328,200,192,96.000000,191.333333,194.560426,1.000000,2.800000,207.282989,3.528333,209.821843,2.833333,3.455882,0.000000,0.443763,0.684543,0.355450,0.157895,300,2424,2424,32.000000,0,0,16,16,46,46,10,0,434.000000,544,0,0,27,173,0,27,19,14,5,0,19,5,5,5,0,0,0,0,0,8,0,8,8,8,0,0,0,0
1149,14000178,75,2,375.357784611649,175.000000000000,58.000000000000,1.616466735675,df18ec3e3ebe5996,8d15af1f9d36efa1,2d43bd95b0030217,200,200,100.000000,273.855000,274.327041,1.000000,4.100000,327.031002,3.627381,347.241796,4.330000,3.497691,0.000000,0.323437,0.674267,0.257290,0.086498,300,2088,2088,32.000000,0,0,16,16,40,40,2,0,414.000000,866,0,0,20,180,0,20,20,19,1,0,20,1,1,1,0,0,0,0,0,0,0,0,0,0,0,0,0,0
1150,14000179,75,2,484.599815094550,75.000000000000,46.000000000000,2.843262070922,e7195fbd8c053f38,8d15af1f9d36efa1,ab4db1ca21df32f0,200,144,72.000000,373.659722,360.139017,1.000000,5.300000,411.893743,3.829286,434.303578,5.777778,3.484375,0.000000,0.388235,0.725275,0.265018,0.190661,300,2384,2384,32.000000,0,0,16,16,88,88,20,4,528.000000,832,0,0,71,129,0,71,15,5,10,0,15,10,10,10,0,0,0,0,0,56,0,56,56,56,0,0,0,0
1151,14000180,75,2,417.389904135862,425.000000000000,43.000000000000,2.756316535265,73ef423a66a05077,8d15af1f9d36efa1,d715f49fa7626c,200,171,85.500000,294.953216,305.848152,1.000000,4.500000,369.586022,3.740000,341.579394,4.315789,3.379404,0.000000,0.393092,0.705015,0.289017,0.165158,300,2192,2192,32.000000,0,0,16,16,64,64,18,2,478.000000,738,0,0,46,154,0,46,17,8,9,0,17,9,9,9,0,0,0,0,0,29,0,29,29,29,0,0,0,0
1152,14000181,75,2,22.188228529794,425.000000000000,50.000000000000,2.292821735140,6fd5c51c11ff8605,8d15af1f9d36efa1,9968b2a1d9d55865,200,125,62.500000,251.896000,274.249269,1.000000,4.000000,313.423599,3.495000,299.972082,3.944000,3.533469,0.000000,0.519961,0.727520,0.378310,0.290647,300,2432,2432,32.000000,0,0,16,16,97,97,8,0,534.000000,493,0,0,86,114,0,86,11,7,4,0,11,4,4,4,0,0,0,0,0,75,0,75,75,75,0,0,0,0
1153,14000182,75,2,452.565998301928,325.000000000000,61.000000000000,2.057340591029,e94c64963f4d2803,8d15af1f9d36efa1,cf6af54fe1145f78,200,183,91.500000,304.060109,249.185777,1.000000,4.600000,339.713069,3.403333,357.896788,4.775956,3.315789,0.000000,0.345808,0.697885,0.255537,0.129482,300,2384,2384,32.000000,0,0,16,16,61,61,8,8,462.000000,874,0,0,37,163,0,37,20,16,4,0,20,4,4,4,0,0,0,0,0,17,0,17,17,17,0,0,0,0
1154,14000183,75,2,466.470435267732,75.000000000000,49.000000000000,2.210831593373,5ac7865d25a6d00d,8d15af1f9d36efa1,81ef9488c9aae95,200,118,59.000000,255.618644,264.819964,1.000000,4.200000,328.767673,4.163333,293.029035,3.847458,3.922907,0.000000,0.546000,0.731903,0.397878,0.320359,300,2216,2216,32.000000,0,0,16,16,104,104,6,0,546.000000,454,0,0,93,107,0,93,11,8,3,0,11,3,3,3,0,0,0,0,0,82,0,82,82,82,0,0,0,0
1155,14000184,75,2,398.093067070424,325.000000000000,64.000000000000,1.585997700262,7dbdefe4ffbbae46,8d15af1f9d36efa1,a07794bb83cb8a88,200,200,100.000000,235.005000,253.480631,1.000000,3.400000,278.428295,4.705000,280.509700,3.400000,4.764706,0.000000,0.377289,0.673203,0.306122,0.105263,300,2488,2488,32.000000,0,0,16,16,40,40,0,0,412.000000,680,0,0,20,180,0,20,20,20,0,0,20,0,0,0,0,0,0,0,0,0,0,0,0,0,0,0,0,0
1156,14000185,75,2,229.981554522668,425.000000000000,32.000000000000,1.717070007032,f7417ff41da41483,8d15af1f9d36efa1,9b3bb100c5fb9787,200,91,45.500000,143.505495,197.486764,1.000000,2.900000,219.424419,3.525000,133.515335,1.824176,3.403614,0.000000,0.781003,0.747475,0.643777,0.610329,300,2216,2216,32.000000,0,0,16,16,127,127,6,0,592.000000,166,0,0,118,82,0,118,9,6,3,0,9,3,3,3,0,0,0,0,0,109,0,109,109,109,0,0,0,0
1157,14000186,75,2,20.727746853045,325.000000000000,53.000000000000,2.950386850804,87011f237cb7507b,8d15af1f9d36efa1,fd9e20e8e1c052e1,200,179,89.500000,254.815642,250.814732,1.000000,3.900000,289.442269,3.532381,308.672959,4.100559,2.987738,0.000000,0.380068,0.692308,0.290135,0.138498,300,2248,2248,32.000000,0,0,16,16,57,57,4,0,450.000000,734,0,0,39,161,0,39,18,16,2,0,18,2,2,2,0,0,0,0,0,21,0,21,21,21,0,0,0,0
1158,14000187,75,2,60.391119491266,175.000000000000,67.000000000000,2.367327165754,a5e8d2a44a3e9dd5,8d15af1f9d36efa1,fe18e2bf6dd03610,200,196,98.000000,421.790816,316.527581,1.000000,6.800000,548.021727,3.945040,545.147008,6.806122,3.601949,0.000000,0.246328,0.685535,0.183599,0.072323,300,2480,2480,32.000000,0,0,16,16,44,44,16,0,436.000000,1334,0,0,24,176,0,24,20,12,8,0,20,8,8,8,0,0,0,0,0,4,0,4,4,4,0,0,0,0
1159,14000188,75,2,451.704676607387,325.000000000000,65.000000000000,1.604265327256,1ebfa6b761a24db4,8d15af1f9d36efa1,d4ee3453367b5dfc,200,112,56.000000,297.633929,288.610967,0.600000,2.700000,359.620161,4.322619,351.068693,4.517857,4.314229,0.000000,0.466245,0.688474,0.372208,0.178571,300,2488,2488,32.000000,0,0,16,16,44,44,22,0,442.000000,506,0,0,28,100,0,28,16,5,11,0,16,11,11,7,4,0,0,0,0,12,80,8,88,16,72,0,0,0
1160,14000189,75,2,399.037577794320,175.000000000000,53.000000000000,2.283471294497,525f99c536858356,8d15af1f9d36efa1,e3430f54b50c2b3,200,174,87.000000,309.465517,307.453496,1.000000,4.700000,379.777555,3.266667,367.982042,4.701149,3.334963,0.000000,0.371736,0.707602,0.268336,0.156701,300,2392,2392,32.000000,0,0,16,16,69,69,14,6,484.000000,818,0,0,46,154,0,46,20,13,7,0,20,7,7,7,0,0,0,0,0,26,0,26,26,26,0,0,0,0
1161,14000190,75,2,187.953445219458,325.000000000000,45.000000000000,2.021612977450,d2df9c0a98b9ae16,8d15af1f9d36efa1,b0c6ea5adf0ebae9,200,200,100.000000,315.240000,329.897957,1.000000,5.100000,398.860842,3.754643,402.365007,5.170000,3.407157,0.000000,0.285912,0.674267,0.224888,0.073477,300,2176,2176,32.000000,0,0,16,16,41,41,0,2,414.000000,1034,0,0,20,180,0,20,20,20,0,0,20,0,0,0,0,0,0,0,0,0,0,0,0,0,0,0,0,0
1162,14000191,75,2,13.238700078188,175.000000000000,54.000000000000,2.799524765267,8e24a608dc5af116,8d15af1f9d36efa1,e711d156c93ef3ee,200,139,69.500000,290.381295,239.187532,0.700000,2.800000,304.321744,3.978571,328.436437,4.266187,3.460371,0.000000,0.418057,0.680511,0.335946,0.136827,300,2224,2224,32.000000,0,0,16,16,38,38,18,6,426.000000,593,0,0,18,125,0,18,17,8,9,0,17,9,9,6,3,0,0,0,0,1,60,1,61,4,57,0,0,0
1163,14000192,75,2,180.479232294047,425.000000000000,47.000000000000,1.608937437656,ccc8166ce246e24a,8d15af1f9d36efa1,4cdadf5804641970,200,107,53.500000,186.252336,203.672434,1.000000,3.100000,233.261002,3.623333,187.332256,2.476636,3.728302,0.000000,0.684148,0.741602,0.530973,0.477318,300,2496,2496,32.000000,0,0,16,16,117,117,8,0,574.000000,265,0,0,105,95,0,105,12,8,4,0,12,4,4,4,0,0,0,0,0,93,0,93,93,93,0,0,0,0
1164,14000193,75,2,24.015421693336,425.000000000000,42.000000000000,2.821624659409,4fcf6289e58c3a43,8d15af1f9d36efa1,16136ee8bfe11316,200,165,82.500000,328.751515,318.929402,1.000000,4.800000,388.185354,3.279524,384.610923,4.830303,3.288582,0.000000,0.381691,0.710983,0.273473,0.167189,300,2160,2160,32.000000,0,0,16,16,67,67,26,0,492.000000,797,0,0,51,149,0,51,16,3,13,0,16,13,13,13,0,0,0,0,0,35,0,35,35,35,0,0,0,0
1165,14000194,75,2,14.536343046893,425.000000000000,51.000000000000,2.281485732234,fd7d582fd87d8599,8d15af1f9d36efa1,cfcd4291d7b17291,200,133,66.500000,323.406015,290.022737,1.000000,4.300000,350.534871,3.210476,380.742698,4.631579,3.366883,0.000000,0.468048,0.730458,0.327511,0.254237,300,2112,2112,32.000000,0,0,16,16,99,99,12,0,542.000000,616,0,0,83,117,0,83,16,10,6,0,16,6,6,6,0,0,0,0,0,67,0,67,67,67,0,0,0,0
1166,14000195,75,2,179.013962499683,175.000000000000,57.000000000000,1.985834376336,67e55f8b3d5fa23b,8d15af1f9d36efa1,ad5f18da1e46b28,200,166,83.000000,269.867470,271.797880,0.900000,3.900000,337.270522,3.309524,342.672106,4.487952,3.369128,0.000000,0.370245,0.686520,0.287081,0.124559,300,2240,2240,32.000000,0,0,16,16,48,48,10,0,438.000000,745,0,0,31,150,0,31,17,12,5,0,17,5,5,4,1,0,0,0,0,14,20,14,34,15,19,0,0,0
1167,14000196,75,2,451.422180762583,425.000000000000,54.000000000000,1.868449050081,6844efc6a4c09ca0,8d15af1f9d36efa1,352fcf9e243b747d,200,151,75.500000,238.490066,224.556983,1.000000,3.200000,252.461288,3.583333,262.805796,3.331126,3.499006,0.000000,0.503455,0.718310,0.373599,0.261380,300,2376,2376,32.000000,0,0,16,16,84,84,10,2,510.000000,503,0,0,66,134,0,66,17,12,5,0,17,5,5,5,0,0,0,0,0,49,0,49,49,49,0,0,0,0
1168,14000197,75,2,7.457166046042,175.000000000000,63.000000000000,2.806258529388,6c368a270b92df47,8d15af1f9d36efa1,92d2b44fbec4ece4,200,162,81.000000,273.919753,224.215664,1.000000,4.000000,319.604313,3.525556,309.168205,3.981481,3.432558,0.000000,0.437663,0.715100,0.317460,0.208589,300,2128,2128,32.000000,0,0,16,16,79,79,12,10,502.000000,645,0,0,56,144,0,56,18,12,6,0,18,6,6,6,0,0,0,0,0,38,0,38,38,38,0,0,0,0
1169,14000198,75,2,484.118840323880,175.000000000000,65.000000000000,2.457889674242,5fb0200e18a76f4a,8d15af1f9d36efa1,a29ac39544978c01,200,172,86.000000,226.209302,222.308759,1.000000,3.300000,252.078876,4.458333,255.954785,3.389535,4.168096,0.000000,0.450518,0.705015,0.339751,0.200274,300,2344,2344,32.000000,0,0,16,16,68,68,10,0,478.000000,583,0,0,48,152,0,48,20,15,5,0,20,5,5,5,0,0,0,0,0,28,0,28,28,28,0,0,0,0
1170,14000199,75,2,390.526056052678,75.000000000000,47.000000000000,2.122097444226,78898697f5b23a1,8d15af1f9d36efa1,55065ae8668bc449,200,144,72.000000,297.125000,244.200035,1.000000,4.000000,302.648286,3.250000,347.927183,4.534722,3.166922,0.000000,0.446141,0.724518,0.314795,0.229044,300,2392,2392,32.000000,0,0,16,16,91,91,12,10,526.000000,653,0,0,71,129,0,71,15,9,6,0,15,6,6,6,0,0,0,0,0,56,0,56,56,56,0,0,0,0
1171,14000200,75,2,28.580921849691,425.000000000000,49.000000000000,1.892071635697,808c33854971309e,8d15af1f9d36efa1,3f7e0f50206875b0,200,144,72.000000,233.520833,209.667365,1.000000,2.700000,228.067351,4.946667,246.496453,3.027778,4.371560,0.000000,0.544885,0.722992,0.407609,0.303514,300,2696,2696,32.000000,0,0,16,16,88,88,14,0,522.000000,436,0,0,72,128,0,72,16,9,7,0,16,7,7,7,0,0,0,0,0,56,0,56,56,56,0,0,0,0
1172,14000201,75,2,90.252209019063,175.000000000000,43.000000000000,2.879345444889,edaa317df3ba935,8d15af1f9d36efa1,9b0fb200c5d65e4f,200,188,94.000000,259.010638,265.884251,1.000000,4.000000,313.929150,3.512500,310.945098,4.117021,3.536176,0.000000,0.362438,0.687500,0.279330,0.122449,300,2296,2296,32.000000,0,0,16,16,52,52,4,0,440.000000,774,0,0,32,168,0,32,20,18,2,0,20,2,2,2,0,0,0,0,0,12,0,12,12,12,0,0,0,0
1173,14000202,75,2,370.729054829455,75.000000000000,39.000000000000,2.592838921532,e3affe5ab525d037,8d15af1f9d36efa1,ec9673d78f48c5e3,200,180,90.000000,246.438889,248.853897,1.000000,3.700000,292.793910,4.108333,286.294435,3.555556,3.887500,0.000000,0.416058,0.695122,0.319149,0.162304,300,2632,2632,32.000000,0,0,16,16,56,56,12,0,456.000000,640,0,0,38,162,0,38,18,12,6,0,18,6,6,6,0,0,0,0,0,20,0,20,20,20,0,0,0,0
1174,14000203,75,2,391.470638190359,75.000000000000,27.000000000000,2.855757556081,78e410dbcc5310b1,8d15af1f9d36efa1,11046e96f1499a45,200,124,62.000000,286.290323,334.116120,0.900000,4.200000,376.815328,3.891358,343.809120,4.669355,3.537133,0.000000,0.472197,0.721448,0.341297,0.243137,300,2448,2448,32.000000,0,0,16,16,88,88,10,8,518.000000,579,0,0,71,112,0,71,13,8,5,0,13,5,5,4,1,0,0,0,0,58,20,56,76,59,17,0,0,0
1175,14000204,75,2,309.374314545904,75.000000000000,37.000000000000,1.558268222580,2ff2398a94c9c99e,8d15af1f9d36efa1,a0a5064f35b30e4f,200,163,81.500000,296.141104,278.055657,1.000000,5.100000,406.690019,4.734444,375.072586,4.895706,4.255639,0.000000,0.371654,0.702381,0.273224,0.149254,300,2624,2624,32.000000,0,0,16,16,69,69,2,0,472.000000,798,0,0,53,147,0,53,16,15,1,0,16,1,1,1,0,0,0,0,0,37,0,37,37,37,0,0,0,0
1176,14000205,75,2,144.738091447731,75.000000000000,38.000000000000,1.921888213116,c8e71e6affc31852,8d15af1f9d36efa1,bb4e2549ec69a077,200,184,92.000000,316.554348,284.477691,1.000000,5.100000,396.069475,3.267857,397.047721,5.282609,3.041152,0.000000,0.313559,0.689441,0.235849,0.103321,300,2224,2224,32.000000,0,0,16,16,52,52,8,0,444.000000,972,0,0,34,166,0,34,18,14,4,0,18,4,4,4,0,0,0,0,0,16,0,16,16,16,0,0,0,0
1177,14000206,75,2,5.753646718564,75.000000000000,43.000000000000,1.969381617792,6e60b63c9a2ee9f1,8d15af1f9d36efa1,359e764321c222d9,200,129,64.500000,236.844961,229.597652,1.000000,3.400000,275.096224,3.339167,276.313147,3.775194,3.562628,0.000000,0.523483,0.727891,0.381194,0.295224,300,2368,2368,31.000000,0,0,16,15,97,97,10,0,535.000000,487,0,0,84,116,0,84,13,8,5,0,13,5,5,5,0,0,0,0,0,71,0,71,71,71,0,0,0,0
1178,14000207,75,2,99.294460694774,325.000000000000,51.000000000000,2.808882594015,4582bf6a7c2d0226,8d15af1f9d36efa1,9ae33500c5b04efd,200,191,95.500000,174.094241,155.442912,1.000000,2.500000,182.731424,3.353333,183.155975,2.513089,3.395833,0.000000,0.473684,0.683544,0.384615,0.172414,300,2512,2512,32.000000,0,0,16,16,49,49,2,0,432.000000,480,0,0,29,171,0,29,20,19,1,0,20,1,1,1,0,0,0,0,0,9,0,9,9,9,0,0,0,0
1179,14000208,75,2,365.161625052676,75.000000000000,46.000000000000,1.648936461661,36c173b6454e18f7,8d15af1f9d36efa1,2c29867ce5b667d5,200,179,89.500000,252.597765,272.347601,1.000000,3.900000,301.726681,4.231667,294.384161,3.849162,3.687954,0.000000,0.397200,0.694190,0.303337,0.150432,300,2352,2352,32.000000,0,0,16,16,55,55,12,0,454.000000,689,0,0,38,162,0,38,17,11,6,0,17,6,6,6,0,0,0,0,0,21,0,21,21,21,0,0,0,0
1180,14000209,75,2,363.284164458085,175.000000000000,50.000000000000,1.900840573679,564ee1444cca159c,8d15af1f9d36efa1,828fe3e6f1213c31,200,193,96.500000,266.839378,271.248305,1.000000,4.100000,321.529337,3.613333,318.351473,4.072539,3.729008,0.000000,0.357843,0.686520,0.276243,0.118834,300,2240,2240,32.000000,0,0,16,16,50,50,6,6,438.000000,786,0,0,27,173,0,27,20,17,3,0,20,3,3,3,0,0,0,0,0,7,0,7,7,7,0,0,0,0
1181,14000210,75,2,243.259410356470,75.000000000000,28.000000000000,2.029292401388,d129fa215b237b9b,8d15af1f9d36efa1,a5b99d70f4ffac1d,200,126,63.000000,233.888889,257.307945,1.000000,3.900000,317.958361,3.911667,275.696146,3.595238,3.732892,0.000000,0.541962,0.728261,0.398406,0.310502,300,2344,2344,32.000000,0,0,16,16,100,100,4,0,536.000000,453,0,0,87,113,0,87,13,11,2,0,13,2,2,2,0,0,0,0,0,74,0,74,74,74,0,0,0,0
1182,14000211,75,2,80.905437030282,175.000000000000,59.000000000000,2.072303422789,77255a6aed107db7,8d15af1f9d36efa1,35f1df5f80da21f6,200,194,97.000000,241.268041,246.018345,1.000000,3.700000,289.768913,3.641667,292.088555,3.747423,3.464924,0.000000,0.369471,0.680511,0.292113,0.114495,300,2536,2536,32.000000,0,0,16,16,46,46,2,0,426.000000,727,0,0,26,174,0,26,20,19,1,0,20,1,1,1,0,0,0,0,0,6,0,6,6,6,0,0,0,0
1183,14000212,75,2,224.993118924155,75.000000000000,37.000000000000,1.826277663226,57770ed28c0b22a7,8d15af1f9d36efa1,d0d8f125060badc1,200,190,95.000000,260.636842,265.997957,1.000000,4.100000,317.888415,3.776667,296.358624,4.000000,3.573684,0.000000,0.369818,0.690402,0.283019,0.130435,300,2112,2112,32.000000,0,0,16,16,49,49,16,2,446.000000,760,0,0,29,171,0,29,19,11,8,0,19,8,8,8,0,0,0,0,0,10,0,10,10,10,0,0,0,0
1184,14000213,75,2,134.741397863938,175.000000000000,42.000000000000,2.622933412426,265d45cf646ea5ed,8d15af1f9d36efa1,f717975a62e63411,200,197,98.500000,270.375635,281.267262,1.000000,4.300000,333.232102,3.516190,330.081350,4.365482,3.538372,0.000000,0.331260,0.680511,0.258621,0.098532,300,2248,2248,32.000000,0,0,16,16,43,43,8,0,426.000000,860,0,0,23,177,0,23,20,16,4,0,20,4,4,4,0,0,0,0,0,3,0,3,3,3,0,0,0,0
1185,14000214,75,2,21.474246088491,175.000000000000,66.000000000000,1.733130671869,a7459bc86adee87e,8d15af1f9d36efa1,793c324fb0638732,200,176,88.000000,316.426136,263.520149,1.000000,4.800000,392.863404,3.666905,375.461811,4.875000,3.447552,0.000000,0.352941,0.700599,0.259067,0.136821,300,2384,2384,32.000000,0,0,16,16,61,61,14,2,468.000000,858,0,0,42,158,0,42,18,11,7,0,18,7,7,7,0,0,0,0,0,24,0,24,24,24,0,0,0,0
1186,14000215,75,2,95.801441820931,75.000000000000,36.000000000000,2.722014416388,95494fdb882382b7,8d15af1f9d36efa1,b5d4874fd2b31bc2,200,187,93.500000,226.144385,246.332992,1.000000,3.500000,286.203656,3.950000,264.547290,3.395722,3.401575,0.000000,0.411492,0.689441,0.320856,0.149933,300,2328,2328,32.000000,0,0,16,16,52,52,8,2,444.000000,635,0,0,32,168,0,32,19,15,4,0,19,4,4,4,0,0,0,0,0,13,0,13,13,13,0,0,0,0
1187,14000216,75,2,155.198095868434,425.000000000000,34.000000000000,2.281145822460,dce624da29ff93ac,8d15af1f9d36efa1,c726747807b4b14b,200,127,63.500000,242.889764,204.490618,0.900000,3.000000,253.227025,4.240741,264.270761,3.543307,3.688889,0.000000,0.538934,0.724518,0.400000,0.301242,300,2448,2448,32.000000,0,0,16,16,87,87,20,0,526.000000,450,0,0,72,113,0,72,15,5,10,0,15,10,10,9,1,0,0,0,0,57,20,53,73,58,15,0,0,0
1188,14000217,75,2,364.902660433305,175.000000000000,54.000000000000,2.340969436464,a97f3a3d3783759a,8d15af1f9d36efa1,e629fb5bf5d568a0,200,140,70.000000,265.200000,303.479383,0.700000,3.000000,322.380338,4.119048,347.793379,4.521429,3.737757,0.000000,0.390760,0.669967,0.321543,0.104668,300,2200,2200,32.000000,0,0,16,16,34,34,6,0,406.000000,633,0,0,17,126,0,17,17,14,3,0,17,3,3,0,3,0,0,0,0,0,60,0,60,3,57,0,0,0
1189,14000218,75,2,356.038103061545,175.000000000000,58.000000000000,2.040102882178,ec135d3ba4f32c8a,8d15af1f9d36efa1,dfc34a911989645,200,200,100.000000,256.940000,264.883845,1.000000,3.700000,297.581589,4.603333,308.172094,3.765000,4.306773,0.000000,0.354756,0.674267,0.284900,0.098204,300,2512,2512,32.000000,0,0,16,16,40,40,2,0,414.000000,753,0,0,20,180,0,20,20,19,1,0,20,1,1,1,0,0,0,0,0,0,0,0,0,0,0,0,0,0
1190,14000219,75,2,7.225079488818,325.000000000000,66.000000000000,1.955280738296,dfd4bf690a2dae23,8d15af1f9d36efa1,fd0a9877f52898c4,200,109,54.500000,302.917431,341.437314,0.900000,4.000000,376.839917,4.950000,374.278455,4.559633,4.436620,0.000000,0.521655,0.730458,0.376412,0.297030,300,2456,2456,32.000000,0,0,16,16,103,103,4,4,542.000000,497,0,0,88,97,0,88,13,11,2,0,13,2,2,1,1,0,0,0,0,75,20,71,91,76,15,0,0,0
1191,14000220,75,2,181.955481207563,425.000000000000,18.000000000000,2.573400307784,af1de66d80c7e3bf,8d15af1f9d36efa1,a57b1729517c75b9,200,120,60.000000,248.316667,216.155049,1.000000,3.500000,269.208912,3.497143,301.628323,3.866667,2.894397,0.000000,0.536000,0.728261,0.392670,0.305389,300,2248,2248,32.000000,0,0,16,16,102,102,0,0,536.000000,464,0,0,91,109,0,91,11,11,0,0,11,0,0,0,0,0,0,0,0,80,0,80,80,80,0,0,0,0
1192,14000221,75,2,379.203823064828,425.000000000000,42.000000000000,2.613133834434,ec90105c15b85e0,8d15af1f9d36efa1,27279cb770fb796b,200,158,79.000000,312.892405,325.219489,1.000000,5.300000,428.264064,3.291190,387.107568,5.151899,3.133907,0.000000,0.396590,0.727891,0.269300,0.200393,300,2296,2296,31.000000,0,0,16,15,95,95,14,50,535.000000,814,0,0,56,144,0,56,14,7,7,0,14,7,7,7,0,0,0,0,0,42,0,42,42,42,0,0,0,0
1193,14000222,75,2,388.229438666965,425.000000000000,48.000000000000,1.842148841636,76051f0bd29c6700,8d15af1f9d36efa1,5fc4454fa21c1c3e,200,131,65.500000,181.740458,206.438866,1.000000,3.300000,252.140696,3.757857,201.734685,2.633588,3.727536,0.000000,0.604811,0.725275,0.465116,0.362292,300,2528,2528,32.000000,0,0,16,16,96,96,4,0,528.000000,345,0,0,83,117,0,82,14,12,2,0,14,2,2,2,0,0,0,0,0,69,0,69,69,69,0,0,0,0
1194,14000223,75,2,175.699572376584,425.000000000000,32.000000000000,2.371666659451,fe2315f9608967e5,8d15af1f9d36efa1,91cd8f47d5738493,200,158,79.000000,265.854430,285.683455,1.000000,4.100000,318.845241,4.058571,339.807615,4.297468,3.715758,0.000000,0.411101,0.703264,0.306435,0.172960,300,2360,2360,32.000000,0,0,16,16,70,70,2,0,474.000000,679,0,0,56,144,0,56,14,13,1,0,14,1,1,1,0,0,0,0,0,42,0,42,42,42,0,0,0,0
1195,14000224,75,2,92.594776794586,325.000000000000,51.000000000000,2.632808838690,bac381c974e0f2d9,8d15af1f9d36efa1,fa3075558c99fb18,200,172,86.000000,286.581395,283.807222,1.000000,4.400000,326.738673,3.842500,349.449072,4.552326,3.443167,0.000000,0.375100,0.701493,0.277008,0.149837,300,2368,2368,32.000000,0,0,16,16,68,68,2,8,470.000000,783,0,0,46,154,0,46,18,17,1,0,18,1,1,1,0,0,0,0,0,28,0,28,28,28,0,0,0,0
1196,14000225,75,2,467.328918899146,75.000000000000,48.000000000000,2.722288301618,3344b1c5c3092af6,8d15af1f9d36efa1,f1f25bb3c7dae4f0,200,134,67.000000,227.052239,245.044499,1.000000,3.500000,282.111118,4.598333,252.746178,3.119403,4.404306,0.000000,0.557203,0.724518,0.417827,0.316993,300,2592,2592,32.000000,0,0,16,16,92,92,10,0,526.000000,418,0,0,79,121,0,79,13,8,5,0,13,5,5,5,0,0,0,0,0,66,0,66,66,66,0,0,0,0
1197,14000226,75,2,414.162317507617,425.000000000000,36.000000000000,2.766099528100,47a289544aee5ecf,8d15af1f9d36efa1,f232c54ff4d110f6,200,176,88.000000,312.767045,300.463134,1.000000,4.400000,343.894905,3.332222,368.679535,4.681818,3.046117,0.000000,0.363215,0.701493,0.266904,0.143451,300,2088,2088,32.000000,0,0,16,16,60,60,18,0,470.000000,824,0,0,42,158,0,42,18,9,9,0,18,9,9,9,0,0,0,0,0,24,0,24,24,24,0,0,0,0
1198,14000227,75,2,240.523322011489,175.000000000000,46.000000000000,1.520604810472,e6a4810b1960de4c,8d15af1f9d36efa1,9806d7ce4068f096,200,200,100.000000,338.190000,330.829905,1.000000,5.400000,423.253969,3.591667,421.807176,5.400000,3.079630,0.000000,0.281915,0.679487,0.217391,0.078498,300,2344,2344,32.000000,0,0,16,16,42,42,8,4,424.000000,1080,0,0,20,180,0,20,20,16,4,0,20,4,4,4,0,0,0,0,0,0,0,0,0,0,0,0,0,0
1199,14000228,75,2,482.413985801971,325.000000000000,67.000000000000,1.556677639967,a3d992092f5e9675,8d15af1f9d36efa1,8c679f430f521ab8,200,153,76.500000,222.653595,201.115171,1.000000,3.200000,242.254265,3.343333,242.372611,3.235294,3.195960,0.000000,0.511352,0.721448,0.377358,0.273128,300,2520,2520,32.000000,0,0,16,16,86,86,14,14,518.000000,495,0,0,63,137,0,63,16,9,7,0,16,7,7,7,0,0,0,0,0,47,0,47,47,47,0,0,0,0
1200,14000229,75,2,388.330505312648,425.000000000000,31.000000000000,2.912345246229,5ded8bd7e28331a4,8d15af1f9d36efa1,e1097f798791c322,200,134,67.000000,233.313433,231.673047,0.800000,2.700000,270.178609,4.802083,253.367738,3.268657,4.166667,0.000000,0.510067,0.695122,0.406504,0.220641,300,2728,2728,32.000000,0,0,16,16,60,60,4,2,456.000000,438,0,0,44,121,0,44,15,13,2,0,15,2,2,0,2,0,0,0,0,29,40,26,66,31,35,0,0,0
1201,14000230,75,2,395.687725042933,325.000000000000,46.000000000000,2.372038426096,16f946695e66c87b,8d15af1f9d36efa1,272490393829bc5c,200,200,100.000000,286.585000,267.078001,1.000000,4.100000,339.297220,3.653690,358.973327,4.500000,3.044444,0.000000,0.316109,0.675325,0.250000,0.085366,300,2344,2344,32.000000,0,0,16,16,40,40,4,0,416.000000,900,0,0,20,180,0,20,20,18,2,0,20,2,2,2,0,0,0,0,0,0,0,0,0,0,0,0,0,0
1202,14000231,75,2,165.517591016354,325.000000000000,44.000000000000,2.265471449654,2717df7ca6322bee,8d15af1f9d36efa1,9a693000c548ea42,200,200,100.000000,254.810000,249.689071,1.000000,3.400000,291.706478,3.625000,300.126302,3.630000,3.331956,0.000000,0.365939,0.676898,0.292398,0.108108,300,2128,2128,31.000000,0,0,16,15,41,41,6,2,419.000000,726,0,0,20,180,0,20,20,17,3,0,20,3,3,3,0,0,0,0,0,0,0,0,0,0,0,0,0,0
1203,14000232,75,2,151.804532820805,175.000000000000,53.000000000000,1.952880389084,ca83a6282953c822,8d15af1f9d36efa1,bc8aade98eea8c25,200,200,100.000000,248.990000,260.392897,1.000000,3.900000,300.150622,3.187857,303.679699,3.900000,3.307692,0.000000,0.348915,0.676375,0.277778,0.099307,300,2032,2032,32.000000,0,0,16,16,42,42,2,4,418.000000,780,0,0,20,180,0,20,20,19,1,0,20,1,1,1,0,0,0,0,0,0,0,0,0,0,0,0,0,0
1204,14000233,75,2,371.468060723252,325.000000000000,43.000000000000,2.583342727379,4c5e7d0fa8f0bbc1,8d15af1f9d36efa1,838173b9aa57eceb,200,200,100.000000,292.790000,275.121121,1.000000,4.300000,335.452075,3.716667,344.479609,4.400000,3.254545,0.000000,0.327217,0.681529,0.254237,0.098361,300,2080,2080,32.000000,0,0,16,16,44,44,8,8,428.000000,880,0,0,20,180,0,20,20,16,4,0,20,4,4,4,0,0,0,0,0,0,0,0,0,0,0,0,0,0
1205,14000234,75,2,383.407839003295,75.000000000000,38.000000000000,2.307468558738,1c7286cba7108787,8d15af1f9d36efa1,a14b0820658e1163,200,144,72.000000,230.500000,237.858375,0.900000,3.200000,287.203926,4.342593,265.420720,3.631944,4.282983,0.000000,0.477522,0.705015,0.364520,0.218236,300,2456,2456,32.000000,0,0,16,16,66,66,14,0,478.000000,523,0,0,51,130,0,51,15,8,7,0,15,7,7,6,1,0,0,0,0,36,20,36,56,37,19,0,0,0
1206,14000235,75,2,169.950902088134,75.000000000000,42.000000000000,1.867111887270,c335de45e1629285,8d15af1f9d36efa1,b4d1dff5564a5a54,200,130,65.000000,259.938462,257.718650,1.000000,3.900000,307.630000,3.540000,308.419561,4.123077,3.848881,0.000000,0.497186,0.726027,0.358852,0.269755,300,2432,2432,32.000000,0,0,16,16,96,96,6,0,530.000000,536,0,0,83,117,0,83,13,10,3,0,13,3,3,3,0,0,0,0,0,70,0,70,70,70,0,0,0,0
1207,14000236,75,2,383.319934132563,75.000000000000,50.000000000000,2.101001267901,418f76ab071cc4ab,8d15af1f9d36efa1,c8fb38dfd17f531f,200,132,66.000000,304.583333,263.458917,1.000000,4.200000,323.087475,4.023889,330.228915,4.340909,3.359511,0.000000,0.510675,0.749373,0.343643,0.317044,300,2400,2400,32.000000,0,0,16,16,130,130,6,68,598.000000,573,0,0,82,118,0,82,14,11,3,0,14,3,3,3,0,0,0,0,0,68,0,68,68,68,0,0,0,0
1208,14000237,75,2,398.084219179044,75.000000000000,34.000000000000,2.662426644415,c1540b5a4c9218b5,8d15af1f9d36efa1,ad60a5a386db099,200,151,75.500000,275.754967,250.260073,1.000000,4.200000,308.590341,3.555476,316.495467,4.238411,3.207813,0.000000,0.439580,0.715100,0.319149,0.209877,300,2240,2240,32.000000,0,0,16,16,78,78,14,2,502.000000,640,0,0,63,137,0,63,14,7,7,0,14,7,7,7,0,0,0,0,0,49,0,49,49,49,0,0,0,0
1209,14000238,75,2,399.479736901594,175.000000000000,64.000000000000,1.628582976671,b81e238ccbff2306,8d15af1f9d36efa1,e8c7f6ebfeb38969,200,197,98.500000,277.568528,299.574408,1.000000,4.200000,328.514699,4.015000,356.566147,4.553299,3.513935,0.000000,0.319939,0.678457,0.250627,0.091185,300,2392,2392,32.000000,0,0,16,16,43,43,4,0,422.000000,897,0,0,23,177,0,23,20,18,2,0,20,2,2,2,0,0,0,0,0,3,0,3,3,3,0,0,0,0
1210,14000239,75,2,198.646759371973,175.000000000000,44.000000000000,1.994073482316,15e251067aff7ecb,8d15af1f9d36efa1,da1c7cf3dab2b284,200,200,100.000000,295.345000,314.778373,1.000000,4.400000,355.783176,3.809048,367.497125,4.465000,3.769317,0.000000,0.318841,0.676375,0.251467,0.087845,300,2136,2136,32.000000,0,0,16,16,40,40,6,0,418.000000,893,0,0,20,180,0,20,20,17,3,0,20,3,3,3,0,0,0,0,0,0,0,0,0,0,0,0,0,0
1211,14000240,75,2,462.401743002107,175.000000000000,58.000000000000,2.739468302095,27267a0bfa3529b4,8d15af1f9d36efa1,98d565182750bb98,200,179,89.500000,324.005587,322.340929,1.000000,5.200000,403.529145,4.098810,391.484224,5.005587,3.834821,0.000000,0.342144,0.699700,0.250836,0.130097,300,2160,2160,32.000000,0,0,16,16,61,61,12,0,466.000000,896,0,0,41,159,0,41,20,14,6,0,20,6,6,6,0,0,0,0,0,21,0,21,21,21,0,0,0,0
1212,14000241,75,2,280.938236062659,175.000000000000,48.000000000000,1.924790932397,907b96ca32d147ff,8d15af1f9d36efa1,3b610998c89ea200,200,200,100.000000,241.240000,245.269778,1.000000,3.700000,299.858079,3.668333,302.341000,3.765000,3.848606,0.000000,0.353648,0.673203,0.284900,0.096038,300,2352,2352,32.000000,0,0,16,16,40,40,0,0,412.000000,753,0,0,20,180,0,20,20,20,0,0,20,0,0,0,0,0,0,0,0,0,0,0,0,0,0,0,0,0
1213,14000242,75,2,342.644959030725,75.000000000000,53.000000000000,1.578864643491,e7f05b4d23760c3,8d15af1f9d36efa1,bfcc2b746f19db75,200,157,78.500000,227.222930,219.548102,1.000000,3.800000,289.222111,3.641667,259.534293,3.592357,3.540780,0.000000,0.463878,0.709302,0.347222,0.216667,300,2368,2368,32.000000,0,0,16,16,73,73,10,0,488.000000,564,0,0,58,142,0,58,15,10,5,0,15,5,5,5,0,0,0,0,0,43,0,43,43,43,0,0,0,0
1214,14000243,75,2,31.523777246941,325.000000000000,53.000000000000,2.911049787211,89471a50005d83b4,8d15af1f9d36efa1,dd772de4c2d6d4d1,200,196,98.000000,217.000000,227.401953,1.000000,3.600000,273.760717,3.714762,252.694633,3.489796,3.146199,0.000000,0.384892,0.681529,0.304878,0.123077,300,2176,2176,32.000000,0,0,16,16,45,45,6,2,428.000000,684,0,0,24,176,0,24,20,17,3,0,20,3,3,3,0,0,0,0,0,4,0,4,4,4,0,0,0,0
1215,14000244,75,2,176.668086285795,425.000000000000,34.000000000000,1.911796137023,15cd2e4a56908dc9,8d15af1f9d36efa1,e480acdc8d2473d,200,161,80.500000,313.192547,301.400392,1.000000,4.300000,361.515569,4.645000,380.257177,4.720497,3.844737,0.000000,0.389068,0.707602,0.283019,0.166667,300,2768,2768,32.000000,0,0,16,16,73,73,6,0,484.000000,760,0,0,56,144,0,56,17,14,3,0,17,3,3,3,0,0,0,0,0,39,0,39,39,39,0,0,0,0
1216,14000245,75,2,223.521343447157,75.000000000000,27.000000000000,2.252506881886,c6d259d291b9f5a1,8d15af1f9d36efa1,a019c04f353cc7ee,200,164,82.000000,250.097561,255.213924,1.000000,3.700000,295.410652,4.351667,293.938984,3.914634,4.116822,0.000000,0.423698,0.702381,0.318471,0.179028,300,2552,2552,32.000000,0,0,16,16,67,67,6,2,472.000000,642,0,0,51,149,0,51,15,12,3,0,15,3,3,3,0,0,0,0,0,36,0,36,36,36,0,0,0,0
1217,14000246,75,2,385.031146122285,325.000000000000,62.000000000000,2.045312704931,96e1bfbbc20c059,8d15af1f9d36efa1,bb2f65b0cbda32ef,200,167,83.500000,256.131737,285.615778,1.000000,4.000000,320.905285,3.983333,310.941851,3.970060,4.010558,0.000000,0.414311,0.701046,0.311526,0.172285,300,2232,2232,31.000000,0,0,16,15,67,67,4,0,469.000000,663,0,0,50,150,0,50,17,15,2,0,17,2,2,2,0,0,0,0,0,33,0,33,33,33,0,0,0,0
1218,14000247,75,2,480.670599856799,75.000000000000,43.000000000000,2.659886913596,3b4404b52faa0417,8d15af1f9d36efa1,5669da4f9c9d9a17,200,135,67.500000,260.355556,234.744611,1.000000,3.300000,264.063726,4.083333,278.669721,3.674074,3.812500,0.000000,0.524904,0.732620,0.376884,0.303371,300,2320,2320,32.000000,0,0,16,16,101,101,14,12,548.000000,496,0,0,80,120,0,80,15,8,7,0,15,7,7,7,0,0,0,0,0,65,0,65,65,65,0,0,0,0
1219,14000248,75,2,121.296947206009,425.000000000000,49.000000000000,2.072387832363,66ba9418924cafed,8d15af1f9d36efa1,3e78e99bb9098980,200,152,76.000000,230.743421,246.814547,1.000000,3.500000,278.927390,3.636905,283.412670,3.644737,3.851986,0.000000,0.470363,0.710983,0.351288,0.224090,300,2480,2480,32.000000,0,0,16,16,78,78,4,0,492.000000,554,0,0,63,137,0,63,15,13,2,0,15,2,2,2,0,0,0,0,0,48,0,48,48,48,0,0,0,0
1220,14000249,75,2,318.791748410894,325.000000000000,42.000000000000,2.396300072900,4e5345fcfeadd0dc,8d15af1f9d36efa1,78cc7546252bd3a3,200,196,98.000000,218.989796,227.173930,1.000000,3.400000,264.060548,3.495000,252.737290,3.367347,3.172727,0.000000,0.392265,0.680511,0.312500,0.124668,300,2208,2208,32.000000,0,0,16,16,46,46,2,4,426.000000,660,0,0,24,176,0,24,20,19,1,0,20,1,1,1,0,0,0,0,0,4,0,4,4,4,0,0,0,0
1221,14000250,75,2,270.266390679365,75.000000000000,31.000000000000,1.875138502833,c8982ee99dfa9e99,8d15af1f9d36efa1,c1fcc7ae7d1e06ae,200,165,82.500000,251.454545,267.162388,1.000000,3.800000,295.236496,3.656667,307.810230,4.078788,3.249629,0.000000,0.410167,0.700599,0.308325,0.168109,300,2288,2288,32.000000,0,0,16,16,65,65,6,0,468.000000,673,0,0,50,150,0,50,15,12,3,0,15,3,3,3,0,0,0,0,0,35,0,35,35,35,0,0,0,0
1222,14000251,75,2,89.970402619252,175.000000000000,44.000000000000,2.982962499493,fc3e3c77f354d1dc,8d15af1f9d36efa1,cf29680c1a5afaa5,200,188,94.000000,293.574468,295.128752,1.000000,4.300000,358.270635,3.972381,353.208736,4.351064,3.640587,0.000000,0.351823,0.689441,0.268336,0.120430,300,2168,2168,32.000000,0,0,16,16,52,52,8,0,444.000000,818,0,0,32,168,0,32,20,16,4,0,20,4,4,4,0,0,0,0,0,12,0,12,12,12,0,0,0,0
1223,14000252,75,2,103.194147324619,425.000000000000,34.000000000000,2.682457698964,a34bf2ac5314d1f4,8d15af1f9d36efa1,8247a45c0d041f2e,200,135,67.500000,325.340741,319.817967,1.000000,4.500000,377.098905,3.940714,386.591206,4.703704,3.406299,0.000000,0.456801,0.727520,0.320856,0.241338,300,2392,2392,32.000000,0,0,16,16,95,95,12,0,534.000000,635,0,0,80,120,0,80,15,9,6,0,15,6,6,6,0,0,0,0,0,65,0,65,65,65,0,0,0,0
1224,14000253,75,2,160.045814898266,175.000000000000,56.000000000000,1.609399008481,e7e463ea530945e2,8d15af1f9d36efa1,aa181011eb2f703c,200,200,100.000000,250.005000,264.885356,1.000000,4.100000,293.484813,4.134762,304.396223,4.100000,3.829268,0.000000,0.335494,0.674267,0.267857,0.090909,300,2368,2368,32.000000,0,0,16,16,41,41,0,2,414.000000,820,0,0,20,180,0,20,20,20,0,0,20,0,0,0,0,0,0,0,0,0,0,0,0,0,0,0,0,0
1225,14000254,75,2,339.068337870132,325.000000000000,46.000000000000,2.210105472116,fd31a43047dd255b,8d15af1f9d36efa1,7877bef62c9e1a72,200,179,89.500000,316.329609,315.200491,1.000000,5.200000,376.698327,2.893214,390.079958,5.268156,2.671262,0.000000,0.325947,0.695122,0.241352,0.116214,300,2328,2328,32.000000,0,0,16,16,59,59,6,4,456.000000,943,0,0,39,161,0,39,18,15,3,0,18,3,3,3,0,0,0,0,0,21,0,21,21,21,0,0,0,0
1226,14000255,75,2,141.490729033456,175.000000000000,48.000000000000,2.697232051563,bf11df55537dac7d,8d15af1f9d36efa1,b070305a96847e74,200,180,90.000000,224.961111,243.033941,0.900000,2.900000,256.580197,4.670370,252.998494,3.333333,4.201667,0.000000,0.409449,0.675325,0.333333,0.122807,300,2760,2760,32.000000,0,0,16,16,40,40,4,4,416.000000,600,0,0,19,162,0,19,19,17,2,0,19,2,2,1,1,0,0,0,0,0,20,0,20,1,19,0,0,0
1227,14000256,75,2,255.242443745358,325.000000000000,46.000000000000,1.730179616171,c37c8b2195833212,8d15af1f9d36efa1,d283f86866864e2f,200,200,100.000000,215.860000,204.343361,1.000000,3.100000,247.501667,3.958333,247.043758,3.200000,3.593750,0.000000,0.392789,0.674267,0.319149,0.113573,300,2296,2296,32.000000,0,0,16,16,40,40,2,0,414.000000,640,0,0,20,180,0,20,20,19,1,0,20,1,1,1,0,0,0,0,0,0,0,0,0,0,0,0,0,0
1228,14000257,75,2,97.287458324342,425.000000000000,45.000000000000,1.845163029765,48427e1d05faff88,8d15af1f9d36efa1,7a1b7634595671eb,200,128,64.000000,277.304688,248.149668,1.000000,3.800000,293.441978,3.463095,327.950650,4.242188,3.290976,0.000000,0.495822,0.727520,0.355872,0.271141,300,2240,2240,32.000000,0,0,16,16,97,97,8,2,534.000000,543,0,0,84,116,0,84,12,8,4,0,12,4,4,4,0,0,0,0,0,72,0,72,72,72,0,0,0,0
1229,14000258,75,2,401.444273759435,325.000000000000,53.000000000000,1.919527166999,e07a68bc33766e8d,8d15af1f9d36efa1,9a9f6e00c576e30c,200,181,90.500000,189.453039,186.711402,1.000000,2.800000,200.386918,4.075000,205.965004,2.839779,3.678988,0.000000,0.470103,0.695122,0.368550,0.194357,300,2552,2552,32.000000,0,0,16,16,59,59,6,0,456.000000,514,0,0,39,161,0,39,20,17,3,0,20,3,3,3,0,0,0,0,0,19,0,19,19,19,0,0,0,0
1230,14000259,75,2,161.246809792529,425.000000000000,33.000000000000,2.644043185396,a0e9a439ebe3bba0,8d15af1f9d36efa1,155ac47cdf96561a,200,152,76.000000,286.519737,311.520205,1.000000,4.800000,385.112274,3.152381,352.648562,4.421053,3.369048,0.000000,0.421687,0.710145,0.308642,0.190361,300,2136,2136,32.000000,0,0,16,16,76,76,6,0,490.000000,672,0,0,62,138,0,62,14,11,3,0,14,3,3,3,0,0,0,0,0,48,0,48,48,48,0,0,0,0
1231,14000260,75,2,357.585346623939,325.000000000000,40.000000000000,2.643151962455,b2dbb194d5ac6713,8d15af1f9d36efa1,d7da8291b7a79574,200,200,100.000000,326.515000,295.352887,1.000000,5.200000,406.847575,3.760397,412.545936,5.200000,3.557692,0.000000,0.287671,0.677419,0.223881,0.078014,300,2160,2160,32.000000,0,0,16,16,40,40,8,0,420.000000,1040,0,0,20,180,0,20,20,16,4,0,20,4,4,4,0,0,0,0,0,0,0,0,0,0,0,0,0,0
1232,14000261,75,2,252.265744239002,325.000000000000,39.000000000000,1.671178466854,3a7cab66293cbc,8d15af1f9d36efa1,9ebe8867a095bb38,200,193,96.500000,264.326425,283.496726,1.000000,4.100000,329.346806,3.720000,333.700619,4.207254,3.520936,0.000000,0.341977,0.678457,0.269784,0.099778,300,2272,2272,32.000000,0,0,16,16,45,45,0,0,422.000000,812,0,0,26,174,0,26,19,19,0,0,19,0,0,0,0,0,0,0,0,7,0,7,7,7,0,0,0,0
1233,14000262,75,2,478.170403863341,425.000000000000,55.000000000000,2.356635274304,3b494f75e775fddb,8d15af1f9d36efa1,1499ec399c7ff4ca,200,152,76.000000,310.388158,304.492804,1.000000,4.700000,374.179450,4.107619,371.176989,4.769737,4.071724,0.000000,0.409128,0.715100,0.292683,0.189944,300,2576,2576,32.000000,0,0,16,16,81,81,8,2,502.000000,725,0,0,64,136,0,64,16,12,4,0,16,4,4,4,0,0,0,0,0,48,0,48,48,48,0,0,0,0
1234,14000263,75,2,473.819026371331,425.000000000000,41.000000000000,2.956172386859,fac88db1fdd23334,8d15af1f9d36efa1,6b127515832fd085,200,145,72.500000,282.503448,290.492441,1.000000,4.200000,336.639817,3.616667,308.311283,3.889655,3.258865,0.000000,0.483516,0.725275,0.347222,0.257895,300,2440,2440,32.000000,0,0,16,16,87,87,22,0,528.000000,564,0,0,71,129,0,71,16,5,11,0,16,11,11,11,0,0,0,0,0,55,0,55,55,55,0,0,0,0
1235,14000264,75,2,66.977213905885,175.000000000000,64.000000000000,1.564283299184,a0744b306ca2c431,8d15af1f9d36efa1,bdb8d14fd6f37f74,200,160,80.000000,257.768750,267.446827,0.900000,3.500000,304.475968,3.626984,299.059820,3.993750,3.594679,0.000000,0.416438,0.695122,0.319489,0.162516,300,2160,2160,32.000000,0,0,16,16,58,58,8,4,456.000000,639,0,0,39,144,0,39,17,13,4,0,17,4,4,3,1,0,0,0,0,22,20,20,40,23,17,0,0,0
1236,14000265,75,2,151.936436749705,75.000000000000,43.000000000000,1.821116249197,c6a3a75e93d2cb81,8d15af1f9d36efa1,b8d202e24cef2c97,200,137,68.500000,280.503650,304.074893,1.000000,4.700000,378.013040,3.361905,325.910613,4.328467,3.549747,0.000000,0.477533,0.730458,0.335946,0.261519,300,2208,2208,32.000000,0,0,16,16,100,100,10,10,542.000000,593,0,0,79,121,0,79,16,11,5,0,16,5,5,5,0,0,0,0,0,63,0,63,63,63,0,0,0,0
1237,14000266,75,2,113.645142816581,175.000000000000,57.000000000000,1.920354059947,e7d541b462a01e5f,8d15af1f9d36efa1,3a765f1f1a18337d,200,200,100.000000,302.235000,279.499198,1.000000,4.400000,355.634551,3.346667,381.504236,4.800000,3.395833,0.000000,0.304348,0.677419,0.238095,0.083969,300,2368,2368,32.000000,0,0,16,16,40,40,8,0,420.000000,960,0,0,20,180,0,20,20,16,4,0,20,4,4,4,0,0,0,0,0,0,0,0,0,0,0,0,0,0
1238,14000267,75,2,141.506910227822,325.000000000000,52.000000000000,1.825067041266,c8092074fde07967,8d15af1f9d36efa1,bc1379698f1bdec4,200,182,91.000000,279.675824,280.795049,1.000000,4.400000,336.511331,3.815000,347.035436,4.560440,3.574699,0.000000,0.350548,0.691358,0.265487,0.122622,300,2360,2360,32.000000,0,0,16,16,56,56,4,0,448.000000,830,0,0,37,163,0,37,19,17,2,0,19,2,2,2,0,0,0,0,0,18,0,18,18,18,0,0,0,0
1239,14000268,75,2,360.669683000327,175.000000000000,47.000000000000,2.224841344405,a7b4f91e4dc55959,8d15af1f9d36efa1,2668a7501274b716,200,20,10.000000,139.650000,364.871660,0.100000,0.200000,145.795452,4.500000,145.795452,2.000000,4.500000,0.000000,0.906542,0.659864,0.882353,0.583333,300,2384,2384,32.000000,0,0,16,16,20,20,16,0,388.000000,40,0,0,10,18,0,10,10,2,8,0,10,8,8,0,8,0,0,0,0,0,180,0,180,8,172,0,0,0
1240,14000269,75,2,114.236934354914,175.000000000000,50.000000000000,2.318371111526,24bb03864baa5a62,8d15af1f9d36efa1,9b492700c606ea65,200,113,56.500000,286.495575,335.078364,0.600000,2.500000,329.972303,3.238095,348.530862,4.477876,3.470356,0.000000,0.458244,0.681529,0.372208,0.159468,300,2184,2184,32.000000,0,0,16,16,41,41,14,0,428.000000,506,0,0,25,101,0,25,16,9,7,0,16,7,7,3,4,0,0,0,0,9,80,7,87,13,74,0,0,0
1241,14000270,75,2,425.634639525327,75.000000000000,41.000000000000,2.710483365293,af67b13161cc30f3,8d15af1f9d36efa1,8dc34aa224f673a3,200,149,74.500000,215.241611,216.395530,1.000000,3.500000,264.152502,3.770833,229.646939,3.073826,3.159389,0.000000,0.526860,0.718310,0.395778,0.279874,300,2240,2240,32.000000,0,0,16,16,81,81,16,0,510.000000,458,0,0,66,134,0,66,15,7,8,0,15,8,8,8,0,0,0,0,0,51,0,51,51,51,0,0,0,0
1242,14000271,75,2,401.408783140487,175.000000000000,46.000000000000,2.890581093671,1117eb0f970a8465,8d15af1f9d36efa1,1d28ed9b1909b590,200,197,98.500000,322.878173,315.903758,1.000000,4.600000,371.858763,4.090238,398.482052,5.010152,3.253293,0.000000,0.302473,0.681529,0.233100,0.088643,300,2392,2392,32.000000,0,0,16,16,46,46,4,6,428.000000,987,0,0,23,177,0,23,20,18,2,0,20,2,2,2,0,0,0,0,0,3,0,3,3,3,0,0,0,0
1243,14000272,75,2,433.356009392822,175.000000000000,48.000000000000,2.860070328319,988efbe4723a646c,8d15af1f9d36efa1,9b19d500c5deee4d,200,186,93.000000,248.526882,207.867349,1.000000,3.900000,283.490652,2.864524,290.235615,3.924731,2.563014,0.000000,0.380306,0.691358,0.291262,0.137116,300,2016,2016,32.000000,0,0,16,16,54,54,8,0,448.000000,730,0,0,34,166,0,34,20,16,4,0,20,4,4,4,0,0,0,0,0,14,0,14,14,14,0,0,0,0
1244,14000273,75,2,19.877911644531,175.000000000000,64.000000000000,1.667813951998,57edddf5152fd0f0,8d15af1f9d36efa1,9af48000c5bf41a1,200,158,79.000000,213.284810,176.450907,1.000000,2.800000,212.049489,4.405000,232.750542,3.082278,3.679671,0.000000,0.503568,0.711816,0.381194,0.249615,300,2272,2272,32.000000,0,0,16,16,78,78,6,0,494.000000,487,0,0,60,140,0,60,18,15,3,0,18,3,3,3,0,0,0,0,0,42,0,42,42,42,0,0,0,0
1245,14000274,75,2,223.828616426136,425.000000000000,34.000000000000,1.646287430528,fdb382af40b7be55,8d15af1f9d36efa1,70fc719e1c13d7ad,200,160,80.000000,246.656250,267.274504,1.000000,3.800000,300.392784,3.448333,284.906888,3.750000,3.333333,0.000000,0.449541,0.710145,0.333333,0.208443,300,2264,2264,32.000000,0,0,16,16,72,72,14,0,490.000000,600,0,0,56,144,0,56,16,9,7,0,16,7,7,7,0,0,0,0,0,40,0,40,40,40,0,0,0,0
1246,14000275,75,2,484.285302900748,175.000000000000,57.000000000000,2.706185727661,3cf107d211142ff8,8d15af1f9d36efa1,2d04f7d933e79022,200,175,87.500000,282.262857,218.283004,1.000000,4.800000,341.488885,2.851667,345.043956,4.965714,2.590334,0.000000,0.346125,0.696970,0.256630,0.128385,300,2112,2112,32.000000,0,0,16,16,59,59,10,0,460.000000,869,0,0,42,158,0,42,17,12,5,0,17,5,5,5,0,0,0,0,0,25,0,25,25,25,0,0,0,0
1247,14000276,75,2,419.867242996290,325.000000000000,38.000000000000,2.810934294456,9f7a176e3b59ac98,8d15af1f9d36efa1,bc43ac187c3287bf,200,161,80.500000,208.130435,197.447515,0.900000,2.700000,225.583306,3.615079,244.691857,3.285714,3.597353,0.000000,0.458547,0.691358,0.361882,0.179845,300,2224,2224,32.000000,0,0,16,16,57,57,2,2,448.000000,529,0,0,39,145,0,39,17,16,1,0,17,1,1,0,1,0,0,0,0,22,20,19,39,23,16,0,0,0
1248,14000277,75,2,418.695383894241,175.000000000000,45.000000000000,2.844146482430,ebae9821b4bc665a,8d15af1f9d36efa1,5d6dc464c30113ac,200,200,100.000000,274.775000,280.808058,1.000000,4.100000,327.302124,3.778333,327.544032,4.100000,3.536585,0.000000,0.339775,0.678457,0.267857,0.098901,300,2304,2304,32.000000,0,0,16,16,40,40,10,0,422.000000,820,0,0,20,180,0,20,20,15,5,0,20,5,5,5,0,0,0,0,0,0,0,0,0,0,0,0,0,0
1249,14000278,75,2,369.473061198441,175.000000000000,49.000000000000,2.177094550196,b23359b599e09e57,8d15af1f9d36efa1,65b1e985ddc5a9cb,200,195,97.500000,242.123077,218.064894,1.000000,3.700000,299.757938,3.695000,289.669531,3.661538,3.257703,0.000000,0.373684,0.680511,0.295858,0.116337,300,2488,2488,32.000000,0,0,16,16,45,45,4,0,426.000000,714,0,0,25,175,0,25,20,18,2,0,20,2,2,2,0,0,0,0,0,5,0,5,5,5,0,0,0,0
1250,14000279,75,2,485.620836441436,325.000000000000,65.000000000000,2.326692776511,a4f28155ff91c443,8d15af1f9d36efa1,676afe96f6cc0ec5,200,179,89.500000,311.284916,281.866385,1.000000,4.500000,359.750259,3.579167,355.329097,4.553073,3.368098,0.000000,0.368706,0.704142,0.269058,0.150156,300,2272,2272,32.000000,0,0,16,16,64,64,16,6,476.000000,815,0,0,41,159,0,41,20,12,8,0,20,8,8,8,0,0,0,0,0,21,0,21,21,21,0,0,0,0
1251,14000280,75,2,408.415259617386,75.000000000000,53.000000000000,1.757132084267,7cda3bfb37efd196,8d15af1f9d36efa1,d0a083ad5e99a43a,200,165,82.500000,218.454545,222.033290,1.000000,3.600000,263.772627,3.751190,241.702396,3.254545,3.216015,0.000000,0.475073,0.708455,0.358423,0.222865,300,2176,2176,32.000000,0,0,16,16,74,74,6,2,486.000000,537,0,0,54,146,0,54,19,16,3,0,19,3,3,3,0,0,0,0,0,35,0,35,35,35,0,0,0,0
1252,14000281,75,2,114.310801420086,425.000000000000,55.000000000000,1.547184513476,c9a565ad73f23160,8d15af1f9d36efa1,78c5784faffed7bf,200,144,72.000000,260.423611,232.229539,1.000000,3.200000,258.491103,4.271667,271.940330,3.402778,4.244898,0.000000,0.522417,0.728261,0.379747,0.293948,300,2424,2424,32.000000,0,0,16,16,98,98,8,8,536.000000,490,0,0,75,125,0,75,19,15,4,0,19,4,4,4,0,0,0,0,0,56,0,56,56,56,0,0,0,0
1253,14000282,75,2,142.099620007853,175.000000000000,50.000000000000,2.336013462305,be1a9ed75add9c8a,8d15af1f9d36efa1,5d9112f8302b9ace,200,199,99.500000,280.723618,281.559529,1.000000,4.500000,339.898479,4.445952,346.921500,4.512563,4.718263,0.000000,0.315549,0.674267,0.250417,0.083673,300,2576,2576,32.000000,0,0,16,16,41,41,0,0,414.000000,898,0,0,21,179,0,21,20,20,0,0,20,0,0,0,0,0,0,0,0,1,0,1,1,1,0,0,0,0
1254,14000283,75,2,401.463502593806,425.000000000000,35.000000000000,2.938114598725,8719ec54c4a5264f,8d15af1f9d36efa1,9af43200c5bebd17,200,164,82.000000,249.445122,281.412860,1.000000,4.000000,320.397640,4.183810,299.907708,3.725610,4.238953,0.000000,0.439963,0.705882,0.329308,0.194993,300,2272,2272,32.000000,0,0,16,16,71,71,6,2,480.000000,611,0,0,53,147,0,53,17,14,3,0,17,3,3,3,0,0,0,0,0,36,0,36,36,36,0,0,0,0
1255,14000284,75,2,159.837288150750,425.000000000000,36.000000000000,2.353316972270,9c840650cf5aff3,8d15af1f9d36efa1,2f4a13270251eb1b,200,167,83.500000,290.676647,264.747544,1.000000,4.200000,329.816746,3.467500,348.653396,4.646707,3.345361,0.000000,0.381180,0.705015,0.278810,0.158351,300,2048,2048,32.000000,0,0,16,16,67,67,12,0,478.000000,776,0,0,50,150,0,50,17,11,6,0,17,6,6,6,0,0,0,0,0,33,0,33,33,33,0,0,0,0
1256,14000285,75,2,73.181985689012,325.000000000000,53.000000000000,2.843281366136,2b4ef8496b582ce8,8d15af1f9d36efa1,84ef0d5bea5beb3,200,198,99.000000,264.247475,246.920344,1.000000,3.900000,302.200885,4.174524,312.379317,4.055556,3.459527,0.000000,0.346623,0.680511,0.271985,0.104794,300,2432,2432,32.000000,0,0,16,16,43,43,8,2,426.000000,803,0,0,22,178,0,22,20,16,4,0,20,4,4,4,0,0,0,0,0,2,0,2,2,2,0,0,0,0
1257,14000286,75,2,149.284500120038,75.000000000000,35.000000000000,2.815091025311,37612b3faa8345ec,8d15af1f9d36efa1,28720eb687514dde,200,154,77.000000,223.759740,222.450482,1.000000,3.300000,252.129168,3.307143,273.437214,3.577922,2.929220,0.000000,0.481656,0.719101,0.352526,0.246238,300,2088,2088,32.000000,0,0,16,16,88,88,4,28,512.000000,551,0,0,60,140,0,60,14,12,2,0,14,2,2,2,0,0,0,0,0,46,0,46,46,46,0,0,0,0
1258,14000287,75,2,108.679562517115,325.000000000000,32.000000000000,2.903120279681,a71997cc0e23bdd5,8d15af1f9d36efa1,8acee5c9c58722d6,200,199,99.500000,331.633166,321.791206,1.000000,4.900000,379.680766,3.142540,412.650562,5.567839,2.953971,0.000000,0.274869,0.677419,0.213068,0.073579,300,2032,2032,32.000000,0,0,16,16,41,41,6,0,420.000000,1108,0,0,21,179,0,21,20,17,3,0,20,3,3,3,0,0,0,0,0,1,0,1,1,1,0,0,0,0
1259,14000288,75,2,40.519461127960,325.000000000000,64.000000000000,2.374091430947,c6e656e481c0c53f,8d15af1f9d36efa1,2abef17458958fd8,200,181,90.500000,267.082873,233.009585,1.000000,3.800000,300.585324,3.946667,317.609748,4.033149,3.367123,0.000000,0.385522,0.696049,0.291262,0.147196,300,2208,2208,32.000000,0,0,16,16,59,59,8,0,458.000000,730,0,0,39,161,0,39,20,16,4,0,20,4,4,4,0,0,0,0,0,19,0,19,19,19,0,0,0,0
1260,14000289,75,2,140.553671848049,325.000000000000,54.000000000000,1.923457826339,7248bf9694f716f,8d15af1f9d36efa1,e66b17f67f612f23,200,200,100.000000,250.100000,273.943490,1.000000,4.200000,320.809391,3.166667,314.077089,4.200000,3.071429,0.000000,0.331210,0.675325,0.263158,0.090909,300,2088,2088,32.000000,0,0,16,16,40,40,4,0,416.000000,840,0,0,20,180,0,20,20,18,2,0,20,2,2,2,0,0,0,0,0,0,0,0,0,0,0,0,0,0
1261,14000290,75,2,37.939359753799,425.000000000000,36.000000000000,2.960337473507,5691a1d1e2b90c10,8d15af1f9d36efa1,a7583ec42e38df98,200,119,59.500000,246.907563,235.625354,0.900000,3.300000,303.454714,3.331746,277.379281,3.672269,2.997712,0.000000,0.550874,0.728261,0.407056,0.318253,300,2056,2056,32.000000,0,0,16,16,97,97,10,4,536.000000,437,0,0,83,108,0,83,12,7,5,0,12,5,5,4,1,0,0,0,0,71,20,61,81,72,9,0,0,0
1262,14000291,75,2,23.195458002380,175.000000000000,68.000000000000,2.039371946134,da7c15c57265f2d6,8d15af1f9d36efa1,cbe66cd8d6d70a25,200,171,85.500000,280.877193,236.949960,1.000000,3.700000,292.803743,3.856190,309.046606,3.982456,3.292217,0.000000,0.417451,0.709302,0.305810,0.186380,300,2224,2224,32.000000,0,0,16,16,70,70,16,2,488.000000,681,0,0,49,151,0,49,20,12,8,0,20,8,8,8,0,0,0,0,0,29,0,29,29,29,0,0,0,0
1263,14000292,75,2,36.173900998282,425.000000000000,52.000000000000,2.699355170380,3b2eaf17b47ba9d8,8d15af1f9d36efa1,beac29b2e8b06561,200,150,75.000000,312.860000,313.362961,0.900000,4.300000,360.070713,4.163889,370.010723,4.933333,3.508108,0.000000,0.396903,0.708879,0.288462,0.174107,300,2328,2328,31.000000,0,0,16,15,69,69,18,0,487.000000,740,0,0,54,136,0,54,15,6,9,0,15,9,9,8,1,0,0,0,0,39,20,30,50,40,10,0,0,0
1264,14000293,75,2,466.032830795429,175.000000000000,60.000000000000,2.341544797845,3daeed16ecb25209,8d15af1f9d36efa1,9a628900c54362cf,200,185,92.500000,328.140541,275.781335,1.000000,4.400000,343.969068,3.355714,402.059762,5.129730,3.495258,0.000000,0.324555,0.695122,0.240192,0.115564,300,2416,2416,32.000000,0,0,16,16,55,55,14,0,456.000000,949,0,0,35,165,0,35,20,13,7,0,20,7,7,7,0,0,0,0,0,15,0,15,15,15,0,0,0,0
1265,14000294,75,2,25.118878363130,325.000000000000,66.000000000000,2.559823404139,82e77a66a57ddf5c,8d15af1f9d36efa1,be00144fd72ff3f0,200,194,97.000000,227.257732,201.181193,1.000000,3.300000,261.740882,3.590000,255.591423,3.407216,3.301059,0.000000,0.397448,0.685535,0.312175,0.135948,300,2488,2488,32.000000,0,0,16,16,46,46,12,0,436.000000,661,0,0,26,174,0,26,20,14,6,0,20,6,6,6,0,0,0,0,0,6,0,6,6,6,0,0,0,0
1266,14000295,75,2,115.760908661525,175.000000000000,57.000000000000,2.218238361441,2c4d581a5b4ed280,8d15af1f9d36efa1,82065beebe2052a3,200,200,100.000000,266.435000,270.078448,1.000000,4.400000,335.100924,3.277381,324.049375,4.500000,3.044444,0.000000,0.318182,0.677419,0.250000,0.089069,300,2240,2240,32.000000,0,0,16,16,40,40,8,0,420.000000,900,0,0,20,180,0,20,20,16,4,0,20,4,4,4,0,0,0,0,0,0,0,0,0,0,0,0,0,0
1267,14000296,75,2,169.166796774272,425.000000000000,25.000000000000,2.459863344980,789f8d67486974a,8d15af1f9d36efa1,93e35259bc515684,200,154,77.000000,310.259740,277.285289,1.000000,4.600000,360.790182,4.518929,379.271927,4.896104,4.293103,0.000000,0.397764,0.713467,0.284630,0.180435,300,2808,2808,32.000000,0,0,16,16,80,80,6,0,498.000000,754,0,0,63,137,0,63,17,14,3,0,17,3,3,3,0,0,0,0,0,46,0,46,46,46,0,0,0,0
1268,14000297,75,2,348.052370866760,175.000000000000,57.000000000000,1.834813167550,389301c0e7638e16,8d15af1f9d36efa1,4b351e0d02be307b,200,200,100.000000,284.545000,305.393424,1.000000,4.700000,360.741467,4.316667,354.745078,4.830000,4.193582,0.000000,0.302023,0.676375,0.236967,0.081749,300,2440,2440,32.000000,0,0,16,16,40,40,6,0,418.000000,966,0,0,20,180,0,20,20,17,3,0,20,3,3,3,0,0,0,0,0,0,0,0,0,0,0,0,0,0
1269,14000298,75,2,311.576818245482,325.000000000000,52.000000000000,1.650352400383,4bb61e64eacf96ad,8d15af1f9d36efa1,13fa11790c098f67,200,160,80.000000,203.018750,227.589209,0.800000,2.300000,227.120156,3.641667,229.849700,3.000000,3.860417,0.000000,0.459459,0.671053,0.384615,0.136691,300,2312,2312,32.000000,0,0,16,16,36,36,4,0,408.000000,480,0,0,18,144,0,18,18,16,2,0,18,2,2,0,2,0,0,0,0,0,40,0,40,2,38,0,0,0
1270,14000299,75,2,243.168012364048,425.000000000000,26.000000000000,1.580591653408,d44bd0b2a59a67a1,8d15af1f9d36efa1,9a9f7700c576f257,200,146,73.000000,267.178082,260.266167,0.900000,3.100000,292.701384,3.079630,316.800630,3.773973,3.324864,0.000000,0.462439,0.703264,0.352526,0.204906,300,1848,1848,32.000000,0,0,16,16,64,64,14,0,474.000000,551,0,0,49,132,0,49,15,8,7,0,15,7,7,6,1,0,0,0,0,34,20,34,54,35,19,0,0,0
1271,14000300,75,2,352.739198439224,325.000000000000,48.000000000000,2.626192116706,7c50fa9a104921ca,8d15af1f9d36efa1,ac9319018983813f,200,194,97.000000,329.969072,306.839733,1.000000,4.800000,407.917107,3.676667,405.919409,4.835052,3.311301,0.000000,0.315328,0.683544,0.242326,0.096339,300,2464,2464,32.000000,0,0,16,16,48,48,4,4,432.000000,938,0,0,26,174,0,26,20,18,2,0,20,2,2,2,0,0,0,0,0,6,0,6,6,6,0,0,0,0
1272,14000301,75,2,365.181719112391,425.000000000000,38.000000000000,2.513673003742,4afbf6b6af192825,8d15af1f9d36efa1,4e26c74f980cff56,200,110,55.000000,220.272727,196.889352,1.000000,2.900000,215.658025,3.298333,224.685011,2.972727,3.486239,0.000000,0.636263,0.740933,0.478469,0.423280,300,2200,2200,32.000000,0,0,16,16,116,116,8,8,572.000000,327,0,0,101,99,0,101,11,7,4,0,11,4,4,4,0,0,0,0,0,90,0,90,90,90,0,0,0,0
1273,14000302,75,2,275.990927565288,325.000000000000,54.000000000000,1.827336973124,959a61ae0f44a648,8d15af1f9d36efa1,9aea3900c5b67477,200,200,100.000000,171.685000,174.701081,1.000000,2.500000,196.073316,3.958333,194.634801,2.500000,3.800000,0.000000,0.454148,0.675325,0.375000,0.143836,300,2448,2448,32.000000,0,0,16,16,40,40,4,0,416.000000,500,0,0,20,180,0,20,20,18,2,0,20,2,2,2,0,0,0,0,0,0,0,0,0,0,0,0,0,0
1274,14000303,75,2,427.650416752314,425.000000000000,44.000000000000,2.518656273603,9eb28cc5e7b9c0f7,8d15af1f9d36efa1,ba902a4f445c1446,200,102,51.000000,247.196078,257.741773,1.000000,3.800000,303.500217,4.186667,275.427058,3.470588,3.401130,0.000000,0.625793,0.747475,0.458716,0.423453,300,2496,2496,32.000000,0,0,16,16,122,122,16,0,592.000000,354,0,0,110,90,0,110,12,4,8,0,12,8,8,8,0,0,0,0,0,98,0,98,98,98,0,0,0,0
1275,14000304,75,2,157.345784455858,75.000000000000,25.000000000000,2.856181738055,9d89a0bc1ca6af54,8d15af1f9d36efa1,55d4b52424184eda,200,144,72.000000,263.319444,245.537330,1.000000,3.800000,291.400958,3.891667,308.087317,3.965278,3.446585,0.000000,0.469824,0.716714,0.344432,0.233557,300,2168,2168,32.000000,0,0,16,16,81,81,12,2,506.000000,571,0,0,68,132,0,68,12,6,6,0,12,6,6,6,0,0,0,0,0,56,0,56,56,56,0,0,0,0
1276,14000305,75,2,433.621199537031,425.000000000000,43.000000000000,1.532829970026,bdb1c0cc0ef46279,8d15af1f9d36efa1,9b353300c5f655bf,200,157,78.500000,281.312102,265.435210,1.000000,4.400000,329.459691,3.580357,322.281735,4.394904,3.353623,0.000000,0.423077,0.716714,0.303030,0.201389,300,2360,2360,32.000000,0,0,16,16,80,80,14,14,506.000000,690,0,0,58,142,0,58,15,8,7,0,15,7,7,7,0,0,0,0,0,43,0,43,43,43,0,0,0,0
1277,14000306,75,2,385.190884201779,175.000000000000,46.000000000000,2.490578093725,f0aa2621a32f87d3,8d15af1f9d36efa1,bdf21a28d50e7a31,200,196,98.000000,281.479592,282.511518,1.000000,4.300000,341.039049,3.600952,343.215894,4.408163,3.165509,0.000000,0.330233,0.680511,0.257732,0.098121,300,2056,2056,32.000000,0,0,16,16,44,44,6,0,426.000000,864,0,0,24,176,0,24,20,17,3,0,20,3,3,3,0,0,0,0,0,4,0,4,4,4,0,0,0,0
1278,14000307,75,2,156.709166238403,75.000000000000,36.000000000000,2.250713490271,470cad308bc61b38,8d15af1f9d36efa1,8dead2b9b6c186cb,200,143,71.500000,247.517483,251.228225,1.000000,3.900000,288.199321,2.881667,283.588460,4.000000,2.592657,0.000000,0.471349,0.718310,0.344037,0.237333,300,2032,2032,32.000000,0,0,16,16,89,89,0,4,510.000000,572,0,0,72,128,0,72,15,15,0,0,15,0,0,0,0,0,0,0,0,57,0,57,57,57,0,0,0,0
1279,14000308,75,2,273.562025639679,325.000000000000,38.000000000000,1.775865792260,7fc50413133ad69f,8d15af1f9d36efa1,99af4f56fa0e8915,200,162,81.000000,340.672840,284.323216,1.000000,5.300000,403.910930,3.262222,424.504674,5.648148,2.493989,0.000000,0.347826,0.709302,0.246914,0.145658,300,2224,2224,32.000000,0,0,16,16,72,72,12,0,488.000000,915,0,0,55,145,0,55,17,11,6,0,17,6,6,6,0,0,0,0,0,38,0,38,38,38,0,0,0,0
1280,14000309,75,2,153.756924314930,175.000000000000,45.000000000000,2.103111342772,1585d6381537104f,8d15af1f9d36efa1,c3fb53fefd90c99f,200,200,100.000000,260.825000,265.685739,1.000000,3.900000,309.534436,3.938571,320.121772,4.105000,3.919610,0.000000,0.336297,0.675325,0.267618,0.092818,300,2360,2360,32.000000,0,0,16,16,40,40,4,0,416.000000,821,0,0,20,180,0,20,20,18,2,0,20,2,2,2,0,0,0,0,0,0,0,0,0,0,0,0,0,0
1281,14000310,75,2,268.660389565461,175.000000000000,54.000000000000,1.511516351347,b5a95b477fecf6a7,8d15af1f9d36efa1,26a27b5012a5e499,200,200,100.000000,246.155000,247.376783,1.000000,3.900000,307.651854,3.530000,296.305039,3.900000,3.410256,0.000000,0.347826,0.675325,0.277778,0.097222,300,2400,2400,32.000000,0,0,16,16,40,40,4,0,416.000000,780,0,0,20,180,0,20,20,18,2,0,20,2,2,2,0,0,0,0,0,0,0,0,0,0,0,0,0,0
1282,14000311,75,2,190.241353554880,425.000000000000,36.000000000000,2.337504279944,a2e8b7292fa682b0,8d15af1f9d36efa1,5f79434fa1dc2d5e,200,179,89.500000,278.513966,292.507970,1.000000,4.300000,353.212377,3.377857,350.205378,4.402235,3.398477,0.000000,0.364516,0.693252,0.275735,0.132159,300,2216,2216,32.000000,0,0,16,16,55,55,10,0,452.000000,788,0,0,38,162,0,38,17,12,5,0,17,5,5,5,0,0,0,0,0,21,0,21,21,21,0,0,0,0
1283,14000312,75,2,462.260469577076,75.000000000000,49.000000000000,2.278056118649,bd5b7311f34d41e3,8d15af1f9d36efa1,e48915507e0554e5,200,137,68.500000,320.613139,334.504961,1.000000,4.900000,393.240396,3.884444,385.555115,4.737226,3.442219,0.000000,0.451395,0.727520,0.316122,0.237368,300,2688,2688,32.000000,0,0,16,16,94,94,14,2,534.000000,649,0,0,78,122,0,78,15,8,7,0,15,7,7,7,0,0,0,0,0,63,0,63,63,63,0,0,0,0
1284,14000313,75,2,215.219067374616,175.000000000000,40.000000000000,2.220177892673,87acce508bfd7445,8d15af1f9d36efa1,b9e72c506610e77d,200,193,96.500000,188.963731,188.085429,1.000000,2.600000,207.657634,3.901667,209.161231,2.658031,3.635478,0.000000,0.453674,0.680511,0.369004,0.154860,300,2344,2344,32.000000,0,0,16,16,45,45,4,0,426.000000,513,0,0,26,174,0,26,19,17,2,0,19,2,2,2,0,0,0,0,0,7,0,7,7,7,0,0,0,0
1285,14000314,75,2,78.353296634784,175.000000000000,49.000000000000,2.786363367756,b3aabaea9a410d64,8d15af1f9d36efa1,85beb45048787fd7,200,180,90.000000,228.372222,250.362652,0.900000,3.100000,264.291877,4.442593,271.664003,3.633333,4.120795,0.000000,0.389925,0.676375,0.314465,0.116216,300,2568,2568,32.000000,0,0,16,16,42,42,2,0,418.000000,654,0,0,23,162,0,23,19,18,1,0,19,1,1,0,1,0,0,0,0,4,20,0,20,5,15,0,0,0
1286,14000315,75,2,41.954263761486,75.000000000000,45.000000000000,2.523662548686,8e033d1ad2d12fa2,8d15af1f9d36efa1,535274a6baa36d1c,200,161,80.500000,221.136646,239.903589,1.000000,3.500000,277.884636,4.045000,257.666871,3.385093,3.840367,0.000000,0.468293,0.705882,0.355030,0.213564,300,2376,2376,32.000000,0,0,16,16,71,71,6,0,480.000000,545,0,0,55,145,0,55,16,13,3,0,16,3,3,3,0,0,0,0,0,39,0,39,39,39,0,0,0,0
1287,14000316,75,2,294.103542596515,325.000000000000,56.000000000000,1.748736731815,fc4c5efacabe163f,8d15af1f9d36efa1,9ad5ce00c5a5159c,200,180,90.000000,232.761111,241.603278,0.900000,3.000000,277.255456,3.928571,282.688813,3.444444,3.645161,0.000000,0.398058,0.672131,0.326087,0.111748,300,2472,2472,32.000000,0,0,16,16,38,38,2,0,410.000000,620,0,0,19,162,0,19,19,18,1,0,19,1,1,0,1,0,0,0,0,0,20,0,20,1,19,0,0,0
1288,14000317,75,2,243.066371321367,175.000000000000,44.000000000000,1.868512696454,c041028b25ea311a,8d15af1f9d36efa1,9a7a0500c5571464,200,186,93.000000,168.510753,155.011025,1.000000,2.300000,182.311138,4.056667,189.044528,2.360215,4.214123,0.000000,0.495982,0.683544,0.405954,0.185529,300,2384,2384,32.000000,0,0,16,16,50,50,0,0,432.000000,439,0,0,32,168,0,32,18,18,0,0,18,0,0,0,0,0,0,0,0,14,0,14,14,14,0,0,0,0
1289,14000318,75,2,109.645325696333,325.000000000000,38.000000000000,2.575844570777,9b150d86bd45b5da,8d15af1f9d36efa1,83abbce005e4c465,200,130,65.000000,258.646154,319.529624,0.800000,3.200000,314.711302,4.399306,298.776917,3.900000,3.751479,0.000000,0.481064,0.701493,0.371747,0.213953,300,2296,2296,32.000000,0,0,16,16,65,65,8,6,470.000000,507,0,0,47,117,0,47,15,11,4,0,15,4,4,2,2,0,0,0,0,32,40,30,70,34,36,0,0,0
1290,14000319,75,2,386.911331707453,425.000000000000,31.000000000000,2.873360500449,f4f8a57ae937089d,8d15af1f9d36efa1,7bff602ee0c1d884,200,131,65.500000,261.534351,284.606615,1.000000,4.400000,327.170507,3.345000,318.475891,4.244275,3.312950,0.000000,0.487085,0.725275,0.350467,0.260638,300,2120,2120,32.000000,0,0,16,16,95,95,6,0,528.000000,556,0,0,82,118,0,82,13,10,3,0,13,3,3,3,0,0,0,0,0,69,0,69,69,69,0,0,0,0
1291,14000320,75,2,45.213669651066,175.000000000000,70.000000000000,1.662844109361,c08bd5ccbe5be42b,8d15af1f9d36efa1,fe6b9587e5f2d561,200,139,69.500000,233.035971,190.074594,1.000000,2.600000,215.597033,4.260000,263.717256,3.237410,3.973333,0.000000,0.536082,0.722222,0.400000,0.294671,300,2344,2344,32.000000,0,0,16,16,92,92,4,6,520.000000,450,0,0,75,125,0,75,14,12,2,0,14,2,2,2,0,0,0,0,0,61,0,61,61,61,0,0,0,0
1292,14000321,75,2,223.160755670349,425.000000000000,30.000000000000,2.147492877630,9abe7f9360d6a0cd,8d15af1f9d36efa1,30ef41f9263e6bf1,200,145,72.500000,291.144828,269.652338,1.000000,4.500000,325.018137,3.776667,365.501415,4.827586,2.811429,0.000000,0.415693,0.713467,0.300000,0.191686,300,2296,2296,32.000000,0,0,16,16,82,82,2,2,498.000000,700,0,0,68,132,0,68,13,12,1,0,13,1,1,1,0,0,0,0,0,55,0,55,55,55,0,0,0,0
1293,14000322,75,2,130.780198167947,425.000000000000,39.000000000000,2.068215802348,ee0b73d7fde87849,8d15af1f9d36efa1,80bfbd7102e83f00,200,138,69.000000,317.659420,313.319301,1.000000,5.200000,403.076702,3.524762,397.560224,5.000000,3.278261,0.000000,0.427861,0.720670,0.303030,0.210526,300,2136,2136,32.000000,0,0,16,16,87,87,10,2,516.000000,690,0,0,74,126,0,74,12,7,5,0,12,5,5,5,0,0,0,0,0,62,0,62,62,62,0,0,0,0
1294,14000323,75,2,220.458989188314,75.000000000000,37.000000000000,1.858351240101,393d8f5c90e77ae9,8d15af1f9d36efa1,afa7eb52b5b88cfc,200,89,44.500000,371.067416,279.010351,1.000000,4.800000,374.962602,3.545000,432.631273,5.528090,3.123984,0.000000,0.551913,0.751861,0.378788,0.357702,300,2240,2240,32.000000,0,0,16,16,132,132,10,6,606.000000,492,0,0,120,80,0,120,9,4,5,0,9,5,5,5,0,0,0,0,0,111,0,111,111,111,0,0,0,0
1295,14000324,75,2,10.955946334084,75.000000000000,50.000000000000,2.536989592932,7ffdb165481805b2,8d15af1f9d36efa1,b2f896875a31921b,200,119,59.500000,219.268908,228.095286,1.000000,3.700000,268.514708,3.087500,233.615896,3.168067,3.297082,0.000000,0.591106,0.731544,0.443131,0.362098,300,2232,2232,31.000000,0,0,16,15,103,103,8,0,545.000000,377,0,0,92,108,0,92,11,7,4,0,11,4,4,4,0,0,0,0,0,81,0,81,81,81,0,0,0,0
1296,14000325,75,2,172.954757606477,75.000000000000,36.000000000000,2.389413593100,e74e338e97ea9f27,8d15af1f9d36efa1,2bf97ee354418fcb,200,173,86.500000,238.387283,238.762635,0.900000,3.200000,286.163213,4.104497,289.455534,3.572254,3.838188,0.000000,0.404624,0.677419,0.326797,0.124646,300,2360,2360,32.000000,0,0,16,16,42,42,4,0,420.000000,618,0,0,25,156,0,25,18,16,2,0,18,2,2,1,1,0,0,0,0,7,20,7,27,8,19,0,0,0
1297,14000326,75,2,160.229398203021,425.000000000000,34.000000000000,2.602495129761,2d062fc897303b71,8d15af1f9d36efa1,3c7818e197517c56,200,176,88.000000,307.306818,297.051850,1.000000,4.700000,375.105095,3.790317,373.954143,4.829545,3.511765,0.000000,0.351145,0.696970,0.260870,0.130879,300,2480,2480,32.000000,0,0,16,16,60,60,8,0,460.000000,850,0,0,42,158,0,42,18,14,4,0,18,4,4,4,0,0,0,0,0,24,0,24,24,24,0,0,0,0
1298,14000327,75,2,420.677712354847,175.000000000000,56.000000000000,2.542877393300,46542d944e4028c,8d15af1f9d36efa1,24d1e6c7ac3993da,200,190,95.000000,249.747368,259.816228,1.000000,3.800000,293.069628,3.898333,298.984157,3.831579,3.884615,0.000000,0.373494,0.684543,0.291829,0.122892,300,2360,2360,32.000000,0,0,16,16,50,50,2,0,434.000000,728,0,0,30,170,0,30,20,19,1,0,20,1,1,1,0,0,0,0,0,10,0,10,10,10,0,0,0,0
1299,14000328,75,2,464.570688008458,425.000000000000,57.000000000000,1.520430591124,a428758e504c3d9d,8d15af1f9d36efa1,b0cb58055e6c28a7,200,186,93.000000,258.629032,240.381651,1.000000,3.700000,284.331249,3.653333,285.887213,3.736559,3.600000,0.000000,0.396177,0.695122,0.301508,0.151404,300,2592,2592,32.000000,0,0,16,16,55,55,14,2,456.000000,695,0,0,34,166,0,34,20,13,7,0,20,7,7,7,0,0,0,0,0,14,0,14,14,14,0,0,0,0
1300,14000329,75,2,484.916980330971,75.000000000000,49.000000000000,2.635179067356,b9e7fbe1e0e9e542,8d15af1f9d36efa1,96e2d3076bb8cb92,200,131,65.500000,249.343511,256.140070,0.800000,2.800000,295.585955,4.500000,290.861013,3.496183,4.344978,0.000000,0.509636,0.704142,0.395778,0.239203,300,2368,2368,32.000000,0,0,16,16,65,65,14,0,476.000000,458,0,0,51,119,0,51,14,7,7,0,14,7,7,5,2,0,0,0,0,37,40,29,69,39,30,0,0,0
1301,14000330,75,2,96.647246910755,325.000000000000,50.000000000000,2.322673844258,e524dc11c95ace69,8d15af1f9d36efa1,b3a6f6fa2e4fb99a,200,175,87.500000,317.114286,315.046220,1.000000,4.800000,382.692332,3.504048,402.243046,5.188571,3.088106,0.000000,0.337226,0.697885,0.248344,0.125241,300,2304,2304,32.000000,0,0,16,16,61,61,8,0,462.000000,908,0,0,43,157,0,43,18,14,4,0,18,4,4,4,0,0,0,0,0,25,0,25,25,25,0,0,0,0
1302,14000331,75,2,81.311589224062,325.000000000000,53.000000000000,2.478354285519,8a4d210310650705,8d15af1f9d36efa1,603a9377881240c7,200,184,92.000000,293.652174,303.887286,1.000000,4.500000,342.751677,3.524167,350.945208,4.646739,3.273684,0.000000,0.346830,0.694190,0.259740,0.124872,300,2408,2408,32.000000,0,0,16,16,56,56,10,0,454.000000,855,0,0,36,164,0,36,20,15,5,0,20,5,5,5,0,0,0,0,0,16,0,16,16,16,0,0,0,0
1303,14000332,75,2,138.178896963514,175.000000000000,30.000000000000,2.993054506457,dd2c66ce93350ade,8d15af1f9d36efa1,877d56a9441c5745,200,183,91.500000,284.907104,280.127888,1.000000,4.300000,359.519479,3.083016,354.080278,4.540984,2.927798,0.000000,0.348746,0.689922,0.265252,0.120635,300,2192,2192,31.000000,0,0,16,15,53,53,8,0,445.000000,831,0,0,35,165,0,35,18,14,4,0,18,4,4,4,0,0,0,0,0,17,0,17,17,17,0,0,0,0
1304,14000333,75,2,245.748490813210,425.000000000000,34.000000000000,1.914934459052,e564f358f73d791f,8d15af1f9d36efa1,c603d5d9de00cf0f,200,173,86.500000,251.300578,214.852272,1.000000,3.900000,301.619738,3.231905,293.875364,3.872832,3.592537,0.000000,0.404973,0.695122,0.309278,0.156171,300,2536,2536,32.000000,0,0,16,16,61,61,2,0,456.000000,670,0,0,44,156,0,44,17,16,1,0,17,1,1,1,0,0,0,0,0,27,0,27,27,27,0,0,0,0
1305,14000334,75,2,348.188289170791,325.000000000000,37.000000000000,2.558610930481,dfd6a820556bc918,8d15af1f9d36efa1,724c161e1366f5ea,200,186,93.000000,303.247312,306.600017,1.000000,4.900000,393.470015,3.866667,380.694638,5.032258,3.450855,0.000000,0.316788,0.684543,0.242718,0.098266,300,2360,2360,32.000000,0,0,16,16,50,50,2,0,434.000000,936,0,0,32,168,0,32,18,17,1,0,18,1,1,1,0,0,0,0,0,14,0,14,14,14,0,0,0,0
1306,14000335,75,2,66.878658742309,325.000000000000,60.000000000000,2.521592160082,74b3c7ba0a1c59d3,8d15af1f9d36efa1,9a986800c570ba2c,200,193,96.500000,222.264249,232.296979,1.000000,3.400000,281.595664,4.435000,264.289159,3.445596,4.000000,0.000000,0.392694,0.682540,0.310881,0.128440,300,2472,2472,32.000000,0,0,16,16,46,46,6,2,430.000000,665,0,0,26,174,0,26,19,16,3,0,19,3,3,3,0,0,0,0,0,7,0,7,7,7,0,0,0,0
1307,14000336,75,2,88.208303592525,425.000000000000,43.000000000000,2.133644516459,5f8c7ed2f747070d,8d15af1f9d36efa1,52f589a92632caac,200,171,85.500000,228.684211,205.077686,1.000000,3.300000,244.399884,3.575000,253.989203,3.543860,3.468647,0.000000,0.439926,0.704142,0.331126,0.192000,300,2240,2240,32.000000,0,0,16,16,64,64,16,2,476.000000,606,0,0,46,154,0,46,17,9,8,0,17,8,8,8,0,0,0,0,0,29,0,29,29,29,0,0,0,0
1308,14000337,75,2,378.600071751206,425.000000000000,43.000000000000,1.980621012238,b35f58d0aaa3e75,8d15af1f9d36efa1,7b5b139792bcc0c2,200,138,69.000000,179.550725,178.365403,1.000000,2.500000,195.628046,5.016667,210.588167,2.659420,4.980926,0.000000,0.583428,0.719888,0.449775,0.331512,300,2824,2824,32.000000,0,0,16,16,91,91,0,2,514.000000,367,0,0,76,124,0,76,14,14,0,0,14,0,0,0,0,0,0,0,0,62,0,62,62,62,0,0,0,0
1309,14000338,75,2,460.915045973634,425.000000000000,36.000000000000,2.981961631884,14ac76aa4b285bff,8d15af1f9d36efa1,e9fe70e4f7f60b7,200,154,77.000000,285.623377,268.118398,1.000000,4.400000,353.106031,3.686667,335.922262,4.396104,3.553914,0.000000,0.423830,0.713467,0.307062,0.196916,300,2584,2584,32.000000,0,0,16,16,76,76,14,0,498.000000,677,0,0,61,139,0,61,15,8,7,0,15,7,7,7,0,0,0,0,0,46,0,46,46,46,0,0,0,0
1310,14000339,75,2,388.430594247370,75.000000000000,36.000000000000,2.325060358531,8e23c87fa59d0d8b,8d15af1f9d36efa1,7983a5efeb8c8a47,200,161,80.500000,255.509317,262.921342,1.000000,4.000000,308.223403,3.799524,296.190027,4.062112,3.616208,0.000000,0.426316,0.708455,0.314465,0.190594,300,2288,2288,32.000000,0,0,16,16,71,71,12,0,486.000000,654,0,0,55,145,0,55,16,10,6,0,16,6,6,6,0,0,0,0,0,39,0,39,39,39,0,0,0,0
1311,14000340,75,2,248.414411165648,75.000000000000,37.000000000000,1.868114655884,cfb9ff8ec9cf7d3b,8d15af1f9d36efa1,ea1061f6639ede82,200,176,88.000000,246.505682,249.440858,1.000000,4.100000,331.508691,4.522976,290.227656,3.778409,3.863158,0.000000,0.407308,0.695586,0.310881,0.159292,300,2576,2576,31.000000,0,0,16,15,58,58,10,0,457.000000,665,0,0,41,159,0,41,17,12,5,0,17,5,5,5,0,0,0,0,0,24,0,24,24,24,0,0,0,0
1312,14000341,75,2,400.870839832376,425.000000000000,29.000000000000,2.716873522616,55d59bb86d1da1b7,8d15af1f9d36efa1,f875b23b47b4672e,200,180,90.000000,355.877778,264.325884,1.000000,4.500000,350.686608,3.063333,428.464198,5.377778,2.964876,0.000000,0.335165,0.709302,0.236593,0.138790,300,2008,2008,32.000000,0,0,16,16,65,65,26,10,488.000000,968,0,0,40,160,0,40,20,7,13,0,20,13,13,13,0,0,0,0,0,20,0,20,20,20,0,0,0,0
1313,14000342,75,2,221.303509646425,325.000000000000,41.000000000000,1.841505485546,59e5b4f4dd1f0dec,8d15af1f9d36efa1,2636951a628993d8,200,186,93.000000,253.413978,240.280400,1.000000,3.500000,285.464381,4.399524,305.852699,3.612903,3.852679,0.000000,0.392405,0.684543,0.308642,0.131783,300,2592,2592,32.000000,0,0,16,16,50,50,2,0,434.000000,672,0,0,32,168,0,32,18,17,1,0,18,1,1,1,0,0,0,0,0,14,0,14,14,14,0,0,0,0
1314,14000343,75,2,417.988610865898,325.000000000000,67.000000000000,1.665812041113,b4bf39faf1f59717,8d15af1f9d36efa1,454cdd03c31cdd7b,200,198,99.000000,190.111111,171.241943,1.000000,2.900000,213.695612,3.130000,219.634267,3.005051,3.030252,0.000000,0.412636,0.676375,0.335196,0.126285,300,2088,2088,32.000000,0,0,16,16,42,42,2,0,418.000000,595,0,0,22,178,0,22,20,19,1,0,20,1,1,1,0,0,0,0,0,2,0,2,2,2,0,0,0,0
1315,14000344,75,2,11.300609369822,325.000000000000,60.000000000000,2.902967595858,946104c1833f3474,8d15af1f9d36efa1,4e37804f981af9e4,200,192,96.000000,253.729167,252.019405,1.000000,3.700000,296.426004,4.960000,300.094021,3.739583,4.416435,0.000000,0.381034,0.688474,0.294695,0.132850,300,2832,2832,32.000000,0,0,16,16,48,48,14,0,442.000000,718,0,0,28,172,0,28,20,13,7,0,20,7,7,7,0,0,0,0,0,8,0,8,8,8,0,0,0,0
1316,14000345,75,2,317.139555275154,75.000000000000,27.000000000000,2.685232653002,2b71e6ac20fb78a1,8d15af1f9d36efa1,b7b99def7e8591ce,200,159,79.500000,277.339623,305.478359,1.000000,4.200000,345.349183,3.126667,335.306995,4.119497,3.268702,0.000000,0.424934,0.707602,0.314136,0.188352,300,2184,2184,32.000000,0,0,16,16,71,71,10,0,484.000000,655,0,0,56,144,0,56,15,10,5,0,15,5,5,5,0,0,0,0,0,41,0,41,41,41,0,0,0,0
1317,14000346,75,2,274.478643728557,175.000000000000,46.000000000000,2.169340287729,cb810655851ac1d7,8d15af1f9d36efa1,1399a151b09dbced,200,176,88.000000,280.965909,286.006565,1.000000,4.000000,335.097236,4.001667,339.046412,4.284091,3.592838,0.000000,0.378401,0.696510,0.284630,0.145125,300,2408,2408,31.000000,0,0,16,15,63,63,2,10,459.000000,754,0,0,41,159,0,41,17,16,1,0,17,1,1,1,0,0,0,0,0,24,0,24,24,24,0,0,0,0
1318,14000347,75,2,263.661917529342,425.000000000000,30.000000000000,2.205776417320,f361f5f718e0db3a,8d15af1f9d36efa1,ac1b3591ed779933,200,165,82.500000,233.260606,235.894075,1.000000,3.600000,272.748381,3.351667,271.214246,3.606061,3.426891,0.000000,0.442362,0.702381,0.335196,0.190476,300,2264,2264,32.000000,0,0,16,16,67,67,6,0,472.000000,595,0,0,51,149,0,51,16,13,3,0,16,3,3,3,0,0,0,0,0,35,0,35,35,35,0,0,0,0
1319,14000348,75,2,455.374998406670,425.000000000000,39.000000000000,2.790471925180,945922b486a15f1a,8d15af1f9d36efa1,9a98b400c5713b50,200,151,75.500000,208.887417,196.914583,1.000000,2.800000,211.912636,3.760000,205.853387,2.807947,4.051887,0.000000,0.547974,0.719888,0.414365,0.300330,300,2368,2368,32.000000,0,0,16,16,82,82,18,2,514.000000,424,0,0,65,135,0,65,16,7,9,0,16,9,9,9,0,0,0,0,0,49,0,49,49,49,0,0,0,0
1320,14000349,75,2,343.977108064743,75.000000000000,40.000000000000,2.743255424141,bdeeb23e076714a8,8d15af1f9d36efa1,b852e3db643b2546,200,179,89.500000,266.290503,267.705683,1.000000,3.700000,298.329139,4.133333,308.156030,3.815642,3.509517,0.000000,0.400351,0.695122,0.305188,0.153656,300,2344,2344,32.000000,0,0,16,16,58,58,8,2,456.000000,683,0,0,39,161,0,39,18,14,4,0,18,4,4,4,0,0,0,0,0,21,0,21,21,21,0,0,0,0
1321,14000350,75,2,332.297042850577,75.000000000000,41.000000000000,1.903500644758,7494524cc2158522,8d15af1f9d36efa1,10bb8d4f750a1395,200,174,87.000000,227.689655,233.622277,1.000000,3.300000,254.566115,4.252619,261.899863,3.459770,4.003322,0.000000,0.434211,0.697885,0.332594,0.177596,300,2472,2472,32.000000,0,0,16,16,60,60,10,0,462.000000,602,0,0,43,157,0,43,17,12,5,0,17,5,5,5,0,0,0,0,0,26,0,26,26,26,0,0,0,0
1322,14000351,75,2,126.666293412293,325.000000000000,51.000000000000,2.007455452901,8edd77d10508c306,8d15af1f9d36efa1,19da3873e6b2bd07,200,178,89.000000,274.926966,256.381979,0.900000,3.500000,302.538857,3.803704,309.023710,4.089888,3.685440,0.000000,0.372414,0.683544,0.291829,0.120773,300,2184,2184,32.000000,0,0,16,16,47,47,6,14,432.000000,728,0,0,21,160,0,21,19,16,3,0,19,3,3,2,1,0,0,0,0,2,20,2,22,3,19,0,0,0
1323,14000352,75,2,216.900235693799,75.000000000000,40.000000000000,1.529545037361,feb67df20946715b,8d15af1f9d36efa1,a0abc24f35b8b971,200,163,81.500000,271.766871,271.521641,1.000000,3.900000,310.850312,4.091667,322.068267,3.993865,3.769585,0.000000,0.426432,0.707602,0.315457,0.189290,300,2520,2520,32.000000,0,0,16,16,71,71,10,4,484.000000,651,0,0,53,147,0,53,16,11,5,0,16,5,5,5,0,0,0,0,0,37,0,37,37,37,0,0,0,0
1324,14000353,75,2,70.420420681034,75.000000000000,45.000000000000,2.062672641450,90a81ee4b0f13b8,8d15af1f9d36efa1,3498b90390e2db65,200,159,79.500000,380.383648,316.353377,1.000000,5.700000,458.144649,3.700952,457.805048,5.924528,3.322718,0.000000,0.347645,0.715100,0.241546,0.152878,300,2368,2368,32.000000,0,0,16,16,76,76,18,2,502.000000,942,0,0,58,142,0,58,17,8,9,0,17,9,9,9,0,0,0,0,0,41,0,41,41,41,0,0,0,0
1325,14000354,75,2,183.228431011688,175.000000000000,39.000000000000,2.532774686656,429c88f8c1acaeb7,8d15af1f9d36efa1,9aa96900c57f2f12,200,186,93.000000,181.258065,177.274835,1.000000,2.900000,209.347402,4.185000,204.196617,2.892473,3.890335,0.000000,0.447639,0.685535,0.357995,0.161994,300,2392,2392,32.000000,0,0,16,16,50,50,4,0,436.000000,538,0,0,32,168,0,32,18,16,2,0,18,2,2,2,0,0,0,0,0,14,0,14,14,14,0,0,0,0
1326,14000355,75,2,418.074760317791,175.000000000000,63.000000000000,1.526812298183,d47a8d871fc9484a,8d15af1f9d36efa1,874e145cfe7c9d68,200,199,99.500000,345.271357,358.344823,1.000000,5.800000,429.018801,3.333333,431.220419,5.824121,3.381363,0.000000,0.269691,0.681529,0.205620,0.076494,300,1968,1968,32.000000,0,0,16,16,41,41,14,0,428.000000,1159,0,0,21,179,0,21,20,13,7,0,20,7,7,7,0,0,0,0,0,1,0,1,1,1,0,0,0,0
1327,14000356,75,2,250.937013219445,425.000000000000,37.000000000000,1.701905650414,eb598fab3d50c1b0,8d15af1f9d36efa1,79dff2794d5bae20,200,138,69.000000,196.369565,205.212019,1.000000,3.500000,259.837066,3.026667,227.923082,3.137681,2.879908,0.000000,0.541799,0.719101,0.409277,0.293638,300,2328,2328,32.000000,0,0,16,16,86,86,8,0,512.000000,433,0,0,74,126,0,74,12,8,4,0,12,4,4,4,0,0,0,0,0,62,0,62,62,62,0,0,0,0
1328,14000357,75,2,363.364493813973,75.000000000000,38.000000000000,2.452060764962,1c859e9cdabeac88,8d15af1f9d36efa1,fdc15be4ad28a36f,200,149,74.500000,216.268456,246.994163,0.900000,2.900000,250.996606,3.801852,251.475963,3.194631,3.611345,0.000000,0.503132,0.706745,0.386598,0.239617,300,2480,2480,32.000000,0,0,16,16,71,71,8,0,482.000000,476,0,0,56,135,0,56,15,11,4,0,15,4,4,3,1,0,0,0,0,41,20,31,51,42,9,0,0,0
1329,14000358,75,2,444.385206836560,75.000000000000,46.000000000000,2.536922664159,219f617d66f94c77,8d15af1f9d36efa1,c21738f4a35a8b91,200,141,70.500000,268.659574,251.034834,1.000000,3.800000,306.549400,4.487222,299.822891,3.921986,4.057866,0.000000,0.486537,0.723757,0.351700,0.257718,300,2432,2432,32.000000,0,0,16,16,89,89,14,0,524.000000,553,0,0,74,126,0,74,15,8,7,0,15,7,7,7,0,0,0,0,0,59,0,59,59,59,0,0,0,0
1330,14000359,75,2,94.260132602469,175.000000000000,51.000000000000,2.449950866521,fe6dd3ae6d2b64b7,8d15af1f9d36efa1,9b428d00c6017909,200,200,100.000000,185.300000,167.232045,1.000000,2.500000,202.058188,3.723333,202.587160,2.600000,3.563462,0.000000,0.444444,0.675325,0.365854,0.139073,300,2416,2416,32.000000,0,0,16,16,40,40,4,0,416.000000,520,0,0,20,180,0,20,20,18,2,0,20,2,2,2,0,0,0,0,0,0,0,0,0,0,0,0,0,0
1331,14000360,75,2,224.454962301063,425.000000000000,36.000000000000,1.686095521183,cc2c478d471e860e,8d15af1f9d36efa1,9a1775813e1ca014,200,117,58.500000,181.572650,196.475529,0.900000,2.100000,193.166658,4.350000,207.984887,2.555556,4.086957,0.000000,0.639324,0.726027,0.500835,0.398390,300,2448,2448,32.000000,0,0,16,16,96,96,6,26,530.000000,299,0,0,73,108,0,73,10,7,3,0,10,3,3,2,1,0,0,0,0,63,20,63,83,64,19,0,0,0
1332,14000361,75,2,79.358457246255,325.000000000000,52.000000000000,2.644808481660,bc33244a44e6d191,8d15af1f9d36efa1,4e63547dc663ca68,200,191,95.500000,287.157068,274.448562,1.000000,4.500000,356.211599,3.350595,360.170903,4.712042,3.482222,0.000000,0.326347,0.685535,0.250000,0.103586,300,2312,2312,32.000000,0,0,16,16,49,49,6,0,436.000000,900,0,0,29,171,0,29,20,17,3,0,20,3,3,3,0,0,0,0,0,9,0,9,9,9,0,0,0,0
1333,14000362,75,2,399.496370220254,175.000000000000,53.000000000000,2.327092844160,6185cc1f7461c9d2,8d15af1f9d36efa1,70504ec6c0caa1ec,200,199,99.500000,349.673367,317.599090,1.000000,5.900000,475.680922,4.355952,447.988548,5.879397,3.768376,0.000000,0.265075,0.678457,0.204082,0.071429,300,2720,2720,32.000000,0,0,16,16,41,41,8,0,422.000000,1170,0,0,21,179,0,21,20,16,4,0,20,4,4,4,0,0,0,0,0,1,0,1,1,1,0,0,0,0
1334,14000363,75,2,49.413639312842,325.000000000000,59.000000000000,2.560864104950,475c227f4efb992,8d15af1f9d36efa1,b221069a8401a23b,200,190,95.000000,280.336842,288.384001,1.000000,4.300000,342.672670,3.478333,331.403595,4.257895,3.197775,0.000000,0.351243,0.686520,0.270514,0.115847,300,2360,2360,32.000000,0,0,16,16,51,51,4,2,438.000000,809,0,0,30,170,0,30,20,18,2,0,20,2,2,2,0,0,0,0,0,10,0,10,10,10,0,0,0,0
1335,14000364,75,2,341.343518531365,425.000000000000,36.000000000000,2.787741053904,c35270e89b729904,8d15af1f9d36efa1,4f68ada436d7987b,200,168,84.000000,251.821429,254.253588,0.900000,3.300000,284.726838,3.983069,284.196945,3.642857,3.725490,0.000000,0.420455,0.689441,0.328947,0.154696,300,2272,2272,32.000000,0,0,16,16,48,48,16,0,444.000000,612,0,0,30,151,0,30,18,10,8,0,18,8,8,7,1,0,0,0,0,12,20,12,32,13,19,0,0,0
1336,14000365,75,2,354.072176014259,425.000000000000,35.000000000000,2.332052161646,d22baebff760ff84,8d15af1f9d36efa1,5776a14f9d823695,200,163,81.500000,302.374233,303.411504,1.000000,4.400000,365.186932,3.870238,363.587912,4.515337,3.937500,0.000000,0.396721,0.707602,0.289575,0.171171,300,2400,2400,32.000000,0,0,16,16,70,70,12,2,484.000000,736,0,0,53,147,0,53,16,10,6,0,16,6,6,6,0,0,0,0,0,37,0,37,37,37,0,0,0,0
1337,14000366,75,2,314.817299813480,175.000000000000,43.000000000000,2.390880657859,e372f1d513408f5b,8d15af1f9d36efa1,26e83f83d0dc9051,200,186,93.000000,258.295699,257.721698,1.000000,3.800000,299.470488,4.161667,321.482078,4.107527,3.578534,0.000000,0.361204,0.683544,0.281955,0.115741,300,2456,2456,32.000000,0,0,16,16,50,50,0,0,432.000000,764,0,0,32,168,0,32,18,18,0,0,18,0,0,0,0,0,0,0,0,14,0,14,14,14,0,0,0,0
1338,14000367,75,2,87.718151918088,425.000000000000,40.000000000000,2.669378668870,bf89b5e347118272,8d15af1f9d36efa1,adaf784fce3b855c,200,185,92.500000,193.827027,180.883398,1.000000,2.800000,213.808464,3.176667,213.285837,2.821622,3.498084,0.000000,0.459627,0.689441,0.364964,0.176656,300,2384,2384,32.000000,0,0,16,16,53,53,6,0,444.000000,522,0,0,34,166,0,34,19,16,3,0,19,3,3,3,0,0,0,0,0,15,0,15,15,15,0,0,0,0
1339,14000368,75,2,241.344537905102,75.000000000000,38.000000000000,1.568010816202,5d366800239a5a34,8d15af1f9d36efa1,9b2a9c00c5ed00a5,200,109,54.500000,210.889908,254.200751,0.900000,3.000000,266.368701,4.020370,231.886208,2.944954,3.735202,0.000000,0.624561,0.727520,0.483092,0.386233,300,2456,2456,32.000000,0,0,16,16,97,97,8,4,534.000000,321,0,0,83,98,0,83,12,8,4,0,12,4,4,3,1,0,0,0,0,71,20,71,91,72,19,0,0,0
1340,14000369,75,2,47.878660598928,425.000000000000,48.000000000000,2.158775464257,cacd426949865d68,8d15af1f9d36efa1,c7ceddb9e0c4662e,200,147,73.500000,288.482993,265.723894,1.000000,4.500000,353.016320,3.521667,340.017742,4.496599,3.170953,0.000000,0.436488,0.719101,0.312175,0.214031,300,2264,2264,32.000000,0,0,16,16,83,83,14,0,512.000000,661,0,0,68,132,0,68,15,8,7,0,15,7,7,7,0,0,0,0,0,53,0,53,53,53,0,0,0,0
1341,14000370,75,2,377.935571879963,175.000000000000,52.000000000000,2.263129393002,4f6aa62b60a7e748,8d15af1f9d36efa1,1a5def519dc7b7e6,200,200,100.000000,315.070000,276.372064,1.000000,5.000000,403.921283,4.096944,392.670435,5.135000,3.486855,0.000000,0.293187,0.680511,0.226074,0.083854,300,2376,2376,32.000000,0,0,16,16,40,40,14,0,426.000000,1027,0,0,20,180,0,20,20,13,7,0,20,7,7,7,0,0,0,0,0,0,0,0,0,0,0,0,0,0
1342,14000371,75,2,152.184097729079,175.000000000000,50.000000000000,2.067776760223,68a8a22a4db00ec,8d15af1f9d36efa1,b10b25397786b79e,200,179,89.500000,238.078212,258.573981,1.000000,3.700000,295.987790,3.661667,299.330443,3.703911,3.535445,0.000000,0.398912,0.687500,0.311526,0.140078,300,2160,2160,32.000000,0,0,16,16,53,53,2,0,440.000000,663,0,0,38,162,2,36,15,14,1,0,15,1,1,1,0,0,0,0,0,21,0,21,21,21,0,0,0,0
1343,14000372,75,2,41.824232138757,425.000000000000,40.000000000000,2.946455784376,62fdc4974121c217,8d15af1f9d36efa1,9b277700c5ea8bef,200,144,72.000000,213.958333,174.931147,1.000000,2.900000,214.342372,3.361667,229.312449,2.937500,2.486998,0.000000,0.547594,0.719101,0.414938,0.298507,300,2536,2536,32.000000,0,0,16,16,85,85,10,2,512.000000,423,0,0,70,130,0,70,14,9,5,0,14,5,5,5,0,0,0,0,0,56,0,56,56,56,0,0,0,0
1344,14000373,75,2,140.774401756715,325.000000000000,49.000000000000,2.218139639649,a5a9351a6e0fd4ef,8d15af1f9d36efa1,dcf21c40e03a7e7f,200,188,94.000000,257.430851,253.398979,1.000000,3.800000,300.528840,3.988333,303.173784,3.962766,3.561074,0.000000,0.372367,0.688474,0.287081,0.128655,300,2280,2280,32.000000,0,0,16,16,53,53,4,2,442.000000,745,0,0,32,168,0,32,20,18,2,0,20,2,2,2,0,0,0,0,0,12,0,12,12,12,0,0,0,0
1345,14000374,75,2,448.839311153379,425.000000000000,57.000000000000,2.009254770805,fb9b348176067c68,8d15af1f9d36efa1,9b167c00c5dc213b,200,176,88.000000,256.056818,240.738847,1.000000,3.800000,282.904482,3.188333,280.003348,3.869318,3.160059,0.000000,0.407311,0.700599,0.305810,0.166463,300,2248,2248,32.000000,0,0,16,16,60,60,16,4,468.000000,681,0,0,41,159,0,41,17,9,8,0,17,8,8,8,0,0,0,0,0,24,0,24,24,24,0,0,0,0
1346,14000375,75,2,57.068349469123,75.000000000000,49.000000000000,2.175558675881,7d6057304b5ce7e3,8d15af1f9d36efa1,d490494f53176dc8,200,173,86.500000,233.040462,224.272908,1.000000,3.600000,288.173397,3.636667,261.761061,3.346821,3.227979,0.000000,0.446991,0.700599,0.341297,0.190210,300,2208,2208,32.000000,0,0,16,16,61,61,14,0,468.000000,579,0,0,44,156,0,44,17,10,7,0,17,7,7,7,0,0,0,0,0,27,0,27,27,27,0,0,0,0
1347,14000376,75,2,111.157605642136,75.000000000000,56.000000000000,1.503277334546,1c4348b70cb3bf1b,8d15af1f9d36efa1,38f3ad090cd632c5,200,142,71.000000,269.126761,257.813464,1.000000,3.800000,292.957246,4.766190,302.616825,3.866197,3.837887,0.000000,0.487395,0.722992,0.353357,0.257104,300,2760,2760,32.000000,0,0,16,16,86,86,18,0,522.000000,549,0,0,72,128,0,72,14,5,9,0,14,9,9,9,0,0,0,0,0,58,0,58,58,58,0,0,0,0
1348,14000377,75,2,365.569445254088,425.000000000000,36.000000000000,2.737657397527,1869f99a3c1078fb,8d15af1f9d36efa1,113567ab704d18d0,200,126,63.000000,287.714286,273.859547,1.000000,4.200000,332.626001,3.855238,332.201473,4.365079,3.598182,0.000000,0.502712,0.735450,0.352941,0.289406,300,2184,2184,32.000000,0,0,16,16,105,105,14,6,556.000000,550,0,0,88,112,0,88,14,7,7,0,14,7,7,7,0,0,0,0,0,74,0,74,74,74,0,0,0,0
1349,14000378,75,2,301.021859234047,175.000000000000,40.000000000000,2.296473842915,643a3c7245bfd1a8,8d15af1f9d36efa1,e5930939a3fc8e2d,200,173,86.500000,285.549133,282.022953,0.900000,4.400000,364.263322,3.057275,362.438420,4.803468,2.824308,0.000000,0.335731,0.677419,0.265252,0.095756,300,2048,2048,32.000000,0,0,16,16,43,43,2,0,420.000000,831,0,0,25,156,0,25,18,17,1,0,18,1,1,0,1,0,0,0,0,7,20,7,27,8,19,0,0,0
1350,14000379,75,2,127.155416318255,325.000000000000,53.000000000000,2.148422397918,e1061045f4167f79,8d15af1f9d36efa1,cfbc6e4fe159843b,200,200,100.000000,221.840000,214.542929,1.000000,3.300000,262.999260,4.110714,255.705684,3.300000,3.607576,0.000000,0.388889,0.677419,0.312500,0.117647,300,2400,2400,32.000000,0,0,16,16,41,41,6,2,420.000000,660,0,0,20,180,0,20,20,17,3,0,20,3,3,3,0,0,0,0,0,0,0,0,0,0,0,0,0,0
1351,14000380,75,2,137.440041145339,75.000000000000,35.000000000000,2.292756185984,332bb47a651820ed,8d15af1f9d36efa1,c7858c9fe8a881ae,200,152,76.000000,318.473684,323.323634,1.000000,4.900000,404.427984,3.670833,402.685439,5.098684,3.584516,0.000000,0.388319,0.710983,0.279070,0.171123,300,2232,2232,32.000000,0,0,16,16,76,76,8,0,492.000000,775,0,0,62,138,0,62,14,10,4,0,14,4,4,4,0,0,0,0,0,48,0,48,48,48,0,0,0,0
1352,14000381,75,2,268.741290953091,75.000000000000,27.000000000000,2.135896855087,2c5d7ddacfa76afe,8d15af1f9d36efa1,95ce9d9d39122dd9,200,148,74.000000,251.412162,278.047224,1.000000,4.100000,333.875234,3.835000,302.799648,3.804054,3.420959,0.000000,0.470367,0.714286,0.347625,0.229822,300,2472,2472,32.000000,0,0,16,16,82,82,4,0,500.000000,563,0,0,67,133,0,67,15,13,2,0,15,2,2,2,0,0,0,0,0,52,0,52,52,52,0,0,0,0
1353,14000382,75,2,125.805867830970,325.000000000000,57.000000000000,1.882117293401,8fa1e36bc9acac5,8d15af1f9d36efa1,cb6cab4f4dc7d768,200,200,100.000000,220.090000,248.942893,1.000000,3.400000,276.776859,3.996667,266.194333,3.400000,3.788235,0.000000,0.378428,0.674267,0.306122,0.107612,300,2256,2256,32.000000,0,0,16,16,40,40,2,0,414.000000,680,0,0,20,180,0,20,20,19,1,0,20,1,1,1,0,0,0,0,0,0,0,0,0,0,0,0,0,0
1354,14000383,75,2,403.352570321170,175.000000000000,56.000000000000,2.365121123005,3f4cc5b3bd9bfc29,8d15af1f9d36efa1,925c45ecc426d245,200,186,93.000000,271.962366,292.376196,1.000000,4.200000,333.552815,3.701667,326.621870,4.166667,3.436129,0.000000,0.368378,0.693252,0.279070,0.134078,300,2120,2120,32.000000,0,0,16,16,54,54,12,4,452.000000,775,0,0,33,167,0,33,19,13,6,0,19,6,6,6,0,0,0,0,0,14,0,14,14,14,0,0,0,0
1355,14000384,75,2,145.601824041823,325.000000000000,54.000000000000,1.733817348567,84be11cf504bf51a,8d15af1f9d36efa1,fbdfcdf0a8a9ddd2,200,197,98.500000,321.654822,332.196595,1.000000,4.800000,389.964092,3.448810,405.179845,5.000000,3.430457,0.000000,0.303887,0.682540,0.233463,0.090489,300,2104,2104,32.000000,0,0,16,16,48,48,2,10,430.000000,985,0,0,23,177,0,23,20,19,1,0,20,1,1,1,0,0,0,0,0,3,0,3,3,3,0,0,0,0
1356,14000385,75,2,149.839245473709,425.000000000000,46.000000000000,1.682810065953,6188c6bbaf583fe5,8d15af1f9d36efa1,a973f74f3abaf1b9,200,132,66.000000,362.840909,341.462097,1.000000,5.300000,415.282745,3.605952,433.615881,5.765152,3.444152,0.000000,0.416858,0.731183,0.282752,0.217883,300,2184,2184,32.000000,0,0,16,16,97,97,18,2,544.000000,761,0,0,82,118,0,82,14,5,9,0,14,9,9,9,0,0,0,0,0,68,0,68,68,68,0,0,0,0
1357,14000386,75,2,180.024983563746,175.000000000000,44.000000000000,2.181967720166,f33ec25d686b6e91,8d15af1f9d36efa1,f69a79508877362d,200,200,100.000000,273.240000,261.170292,1.000000,3.900000,322.818712,4.444286,327.348868,4.065000,3.851169,0.000000,0.340633,0.677419,0.269542,0.097669,300,2384,2384,32.000000,0,0,16,16,42,42,4,4,420.000000,813,0,0,20,180,0,20,20,18,2,0,20,2,2,2,0,0,0,0,0,0,0,0,0,0,0,0,0,0
1358,14000387,75,2,133.022400921754,325.000000000000,61.000000000000,1.731291370172,63b33427b87b04ee,8d15af1f9d36efa1,cdfee8efc759f626,200,186,93.000000,312.456989,328.482777,1.000000,4.300000,369.012340,4.470000,387.581556,4.784946,3.591011,0.000000,0.330827,0.687500,0.252101,0.108216,300,2648,2648,32.000000,0,0,16,16,51,51,6,2,440.000000,890,0,0,32,168,0,32,18,15,3,0,18,3,3,3,0,0,0,0,0,14,0,14,14,14,0,0,0,0
1359,14000388,75,2,9.830519534095,75.000000000000,51.000000000000,2.354187326060,6646ec79edb56407,8d15af1f9d36efa1,2ad4dedf40e7752a,200,86,43.000000,215.116279,249.116679,0.900000,3.300000,291.717018,3.831481,238.318656,3.069767,3.098485,0.000000,0.681928,0.738903,0.531915,0.469880,300,2328,2328,32.000000,0,0,16,16,114,114,6,0,566.000000,264,0,0,104,77,0,104,10,7,3,0,10,3,3,2,1,0,0,0,0,94,20,94,114,95,19,0,0,0
1360,14000389,75,2,123.434452154842,425.000000000000,35.000000000000,2.437702886305,aa2d98d51d2217ea,8d15af1f9d36efa1,9ae6ad00c5b350bc,200,136,68.000000,246.573529,212.977246,1.000000,3.300000,266.760733,3.011667,278.035894,3.617647,3.164634,0.000000,0.516699,0.724518,0.378788,0.282799,300,2144,2144,32.000000,0,0,16,16,92,92,10,0,526.000000,492,0,0,78,122,0,78,14,9,5,0,14,5,5,5,0,0,0,0,0,64,0,64,64,64,0,0,0,0
1361,14000390,75,2,358.242341338165,175.000000000000,38.000000000000,2.738607801946,6a9f75447df04b05,8d15af1f9d36efa1,9ad93500c5a7fa78,200,160,80.000000,237.512500,259.436772,0.800000,2.900000,287.315712,3.585119,275.660894,3.625000,3.436207,0.000000,0.414141,0.672131,0.340909,0.118541,300,2096,2096,32.000000,0,0,16,16,37,37,4,2,410.000000,580,0,0,18,144,0,18,18,16,2,0,18,2,2,0,2,0,0,0,0,0,40,0,40,2,38,0,0,0
1362,14000391,75,2,197.216435630179,175.000000000000,48.000000000000,1.604461243604,a7a5c8544f670597,8d15af1f9d36efa1,8907592ae3f1c27c,200,200,100.000000,264.980000,219.396474,1.000000,4.200000,329.339930,3.603333,324.871573,4.300000,3.433721,0.000000,0.326019,0.675325,0.258621,0.088983,300,2456,2456,32.000000,0,0,16,16,41,41,2,2,416.000000,860,0,0,20,180,0,20,20,19,1,0,20,1,1,1,0,0,0,0,0,0,0,0,0,0,0,0,0,0
1363,14000392,75,2,316.967661094449,175.000000000000,44.000000000000,2.186688032865,84ec1c37954184ac,8d15af1f9d36efa1,d8e7ff0db8043085,200,200,100.000000,378.985000,343.381305,1.000000,6.400000,508.148362,4.030000,500.392408,6.500000,3.220769,0.000000,0.244186,0.677419,0.187500,0.063401,300,2424,2424,32.000000,0,0,16,16,40,40,8,0,420.000000,1300,0,0,20,180,0,20,20,16,4,0,20,4,4,4,0,0,0,0,0,0,0,0,0,0,0,0,0,0
1364,14000393,75,2,101.378631298602,175.000000000000,48.000000000000,2.250840401306,701c5f318a5ae588,8d15af1f9d36efa1,2b31ec4367af2883,200,172,86.000000,261.308140,246.279554,1.000000,4.400000,329.484613,3.158333,314.246419,4.232558,2.824176,0.000000,0.387205,0.696970,0.291829,0.149533,300,2176,2176,32.000000,0,0,16,16,64,64,0,0,460.000000,728,0,0,46,154,0,46,18,18,0,0,18,0,0,0,0,0,0,0,0,28,0,28,28,28,0,0,0,0
1365,14000394,75,2,272.796912826297,425.000000000000,21.000000000000,2.213632888073,e01e4368d3f0d223,8d15af1f9d36efa1,ff2a6e006d8af46b,200,151,75.500000,265.476821,293.396725,0.900000,3.900000,331.550249,3.951058,304.909145,4.231788,3.172144,0.000000,0.422764,0.700599,0.319489,0.175484,300,2520,2520,32.000000,0,0,16,16,65,65,6,8,468.000000,639,0,0,45,136,0,45,16,13,3,0,16,3,3,2,1,0,0,0,0,29,20,29,49,30,19,0,0,0
1366,14000395,75,2,162.861141250147,75.000000000000,28.000000000000,2.437072888802,534a3f6c46952b03,8d15af1f9d36efa1,9a988500c570eb73,200,149,74.500000,295.348993,270.766597,1.000000,4.500000,353.177389,3.646667,357.892196,4.476510,3.599700,0.000000,0.429427,0.715100,0.310238,0.203106,300,2352,2352,32.000000,0,0,16,16,80,80,10,2,502.000000,667,0,0,65,135,0,65,14,9,5,0,14,5,5,5,0,0,0,0,0,51,0,51,51,51,0,0,0,0
1367,14000396,75,2,408.088505259819,75.000000000000,33.000000000000,2.927074190351,c8b0732765d93bc,8d15af1f9d36efa1,8071b614fdcd3f3b,200,147,73.500000,297.006803,305.113727,1.000000,4.500000,351.083654,3.213333,347.621019,4.721088,3.317003,0.000000,0.424544,0.719101,0.301811,0.205950,300,2064,2064,32.000000,0,0,16,16,83,83,14,0,512.000000,694,0,0,68,132,0,68,15,8,7,0,15,7,7,7,0,0,0,0,0,53,0,53,53,53,0,0,0,0
1368,14000397,75,2,136.542328337947,425.000000000000,29.000000000000,2.672177326863,45a638d16930273e,8d15af1f9d36efa1,3d613878f1f84f45,200,138,69.000000,307.557971,291.918336,1.000000,4.700000,372.629564,4.055952,375.948462,4.724638,3.852761,0.000000,0.440823,0.719888,0.315126,0.218225,300,2456,2456,32.000000,0,0,16,16,87,87,8,2,514.000000,652,0,0,74,126,0,74,12,8,4,0,12,4,4,4,0,0,0,0,0,62,0,62,62,62,0,0,0,0
1369,14000398,75,2,148.796959202640,425.000000000000,35.000000000000,2.414339311879,65ccf638f843c783,8d15af1f9d36efa1,74605fe28a411f67,200,166,83.000000,265.759036,276.130715,1.000000,4.200000,328.620543,3.982857,303.805722,4.162651,3.678726,0.000000,0.413910,0.709302,0.302725,0.184179,300,2472,2472,32.000000,0,0,16,16,75,75,6,10,488.000000,691,0,0,52,148,0,52,18,15,3,0,18,3,3,3,0,0,0,0,0,34,0,34,34,34,0,0,0,0
1370,14000399,75,2,362.951819540043,325.000000000000,42.000000000000,2.930556046040,b56b60e5701c647e,8d15af1f9d36efa1,fbf6fa175cf9c14d,200,200,100.000000,289.535000,267.968268,1.000000,4.300000,358.349164,3.491667,352.425333,4.435000,3.297632,0.000000,0.320307,0.676375,0.252738,0.088386,300,2112,2112,32.000000,0,0,16,16,41,41,4,2,418.000000,887,0,0,20,180,0,20,20,18,2,0,20,2,2,2,0,0,0,0,0,0,0,0,0,0,0,0,0,0
1371,14000400,75,2,57.198604150663,325.000000000000,54.000000000000,2.891066812615,74c24f74582e7b47,8d15af1f9d36efa1,e407e38b33a154d2,200,155,77.500000,250.174194,271.531252,0.800000,2.800000,280.539681,3.510417,293.969327,3.606452,3.370304,0.000000,0.434783,0.682540,0.349243,0.149163,300,2160,2160,32.000000,0,0,16,16,43,43,12,0,430.000000,559,0,0,25,139,0,25,18,12,6,0,18,6,6,4,2,0,0,0,0,7,40,5,45,9,36,0,0,0
1372,14000401,75,2,321.985105618510,425.000000000000,33.000000000000,2.124506374502,c1fa2fad75519fc5,8d15af1f9d36efa1,40f31540de87c893,200,164,82.000000,270.213415,267.761814,1.000000,4.600000,346.989242,3.499286,326.903887,4.335366,2.942335,0.000000,0.405021,0.707602,0.296736,0.176130,300,2344,2344,32.000000,0,0,16,16,69,69,14,2,484.000000,711,0,0,52,148,0,52,16,9,7,0,16,7,7,7,0,0,0,0,0,36,0,36,36,36,0,0,0,0
1373,14000402,75,2,47.654070216201,75.000000000000,51.000000000000,1.858048581832,c2b03bf8a7ae4cda,8d15af1f9d36efa1,2f47ba2f653863f,200,161,80.500000,182.503106,155.866809,1.000000,2.200000,177.769384,4.186667,184.588170,2.291925,4.349593,0.000000,0.569428,0.709302,0.448430,0.297143,300,2712,2712,32.000000,0,0,16,16,71,71,14,0,488.000000,369,0,0,55,145,0,55,16,9,7,0,16,7,7,7,0,0,0,0,0,39,0,39,39,39,0,0,0,0
1374,14000403,75,2,448.496405500480,425.000000000000,45.000000000000,2.869262741306,7430bd5d1d8da201,8d15af1f9d36efa1,226cabc95df9a2b1,200,177,88.500000,257.977401,253.316225,1.000000,3.700000,282.377210,4.190000,287.396256,3.807910,3.759644,0.000000,0.409807,0.700599,0.308008,0.167901,300,2448,2448,32.000000,0,0,16,16,61,61,14,4,468.000000,674,0,0,41,159,0,41,18,11,7,0,18,7,7,7,0,0,0,0,0,23,0,23,23,23,0,0,0,0
1375,14000404,75,2,14.342476547506,425.000000000000,53.000000000000,1.670002220345,50224615c926d709,8d15af1f9d36efa1,6786984fa63fa8d5,200,108,54.000000,292.657407,278.332574,1.000000,4.600000,374.278493,4.038333,334.886366,4.333333,4.617521,0.000000,0.550000,0.740933,0.390625,0.338983,300,2240,2240,32.000000,0,0,16,16,114,114,12,0,572.000000,468,0,0,103,97,0,103,11,5,6,0,11,6,6,6,0,0,0,0,0,92,0,92,92,92,0,0,0,0
1376,14000405,75,2,438.445754513014,75.000000000000,50.000000000000,2.228018725276,33087ac0f09c6e1f,8d15af1f9d36efa1,79d8a1b8a2696234,200,160,80.000000,303.231250,260.879359,1.000000,3.800000,307.755684,3.545000,356.134073,4.393750,3.310100,0.000000,0.414654,0.713467,0.299103,0.191024,300,2256,2256,32.000000,0,0,16,16,74,74,18,0,498.000000,703,0,0,57,143,0,57,17,8,9,0,17,9,9,9,0,0,0,0,0,40,0,40,40,40,0,0,0,0
1377,14000406,75,2,161.149578133758,425.000000000000,44.000000000000,1.885083671084,269d574fa057ec00,8d15af1f9d36efa1,21a1b0caabdf5483,200,168,84.000000,278.982143,272.939271,1.000000,4.400000,330.006156,3.536111,334.781539,4.500000,3.285714,0.000000,0.388350,0.705882,0.284091,0.163717,300,2088,2088,32.000000,0,0,16,16,70,70,8,8,480.000000,756,0,0,49,151,0,49,17,13,4,0,17,4,4,4,0,0,0,0,0,32,0,32,32,32,0,0,0,0
1378,14000407,75,2,418.640928655679,175.000000000000,49.000000000000,2.797705845797,4c8e3c20d0b9fee3,8d15af1f9d36efa1,9aea1300c5b633e5,200,200,100.000000,304.380000,308.608503,1.000000,4.800000,373.297075,2.955833,363.430037,4.835000,3.095140,0.000000,0.306810,0.681529,0.236780,0.090310,300,2160,2160,32.000000,0,0,16,16,42,42,12,4,428.000000,967,0,0,20,180,0,20,20,14,6,0,20,6,6,6,0,0,0,0,0,0,0,0,0,0,0,0,0,0
1379,14000408,75,2,8.292372534018,75.000000000000,44.000000000000,1.867961914228,f79fd9e683b189a9,8d15af1f9d36efa1,e917f1fcb51fe567,200,68,34.000000,245.220588,239.872772,0.900000,2.800000,242.083216,4.064815,263.571712,3.264706,4.292793,0.000000,0.741259,0.760766,0.574713,0.577947,300,2616,2616,32.000000,0,0,16,16,148,148,8,0,636.000000,222,0,0,140,60,0,140,8,4,4,0,8,4,4,4,0,0,0,0,0,132,20,112,132,132,0,0,0,0
1380,14000409,75,2,151.234561882623,175.000000000000,36.000000000000,2.886491666813,f5a475c3da36ff17,8d15af1f9d36efa1,34b971ca25b404cb,200,186,93.000000,254.333333,274.687397,1.000000,4.100000,341.413573,3.895000,301.795242,3.994624,3.543742,0.000000,0.370872,0.686520,0.287632,0.124853,300,2680,2680,32.000000,0,0,16,16,51,51,4,2,438.000000,743,0,0,32,168,0,32,18,16,2,0,18,2,2,2,0,0,0,0,0,14,0,14,14,14,0,0,0,0
1381,14000410,75,2,38.061085513312,425.000000000000,47.000000000000,2.296342605504,eb02293e75a4b1e0,8d15af1f9d36efa1,42dbbb828e9bf261,200,166,83.000000,294.108434,270.155797,1.000000,4.500000,325.618498,3.404286,338.319228,4.584337,2.998686,0.000000,0.388755,0.707602,0.282752,0.166484,300,2200,2200,32.000000,0,0,16,16,69,69,14,2,484.000000,761,0,0,51,149,0,51,17,10,7,0,17,7,7,7,0,0,0,0,0,34,0,34,34,34,0,0,0,0
1382,14000411,75,2,70.873627560525,175.000000000000,56.000000000000,2.594070412368,9d6549d9a36e562d,8d15af1f9d36efa1,4f2d68b364031def,200,182,91.000000,202.945055,202.206855,1.000000,3.000000,234.253305,3.733333,234.159651,3.082418,3.438503,0.000000,0.448378,0.695122,0.348432,0.181022,300,2408,2408,32.000000,0,0,16,16,56,56,12,0,456.000000,561,0,0,37,163,0,37,19,13,6,0,19,6,6,6,0,0,0,0,0,18,0,18,18,18,0,0,0,0
1383,14000412,75,2,499.818921477107,75.000000000000,40.000000000000,2.826898912478,10ee267a3375575d,8d15af1f9d36efa1,a3eae56be7fcf6b1,200,143,71.500000,224.314685,201.707480,1.000000,3.100000,236.394912,3.371667,217.458056,3.048951,3.305046,0.000000,0.548187,0.725652,0.407609,0.312303,300,2168,2168,31.000000,0,0,16,15,92,92,14,2,529.000000,436,0,0,74,126,0,74,17,10,7,0,17,7,7,7,0,0,0,0,0,57,0,57,57,57,0,0,0,0
1384,14000413,75,2,161.606451603713,75.000000000000,45.000000000000,2.438151319096,563704a49e923413,8d15af1f9d36efa1,736703b56b3067f5,200,185,92.500000,218.151351,216.383340,1.000000,3.000000,253.486704,3.723333,255.482618,3.172973,3.560477,0.000000,0.429543,0.688474,0.338219,0.157819,300,2272,2272,32.000000,0,0,16,16,54,54,2,2,442.000000,587,0,0,34,166,0,34,19,18,1,0,19,1,1,1,0,0,0,0,0,15,0,15,15,15,0,0,0,0
1385,14000414,75,2,465.356885055021,175.000000000000,51.000000000000,2.891907625550,d9ae7a0175f14fe1,8d15af1f9d36efa1,6337e0e4515cb1bb,200,187,93.500000,287.721925,305.097874,1.000000,4.700000,359.342209,3.732976,350.965702,4.823529,3.542129,0.000000,0.330861,0.690402,0.249584,0.112205,300,2392,2392,32.000000,0,0,16,16,53,53,8,0,446.000000,902,0,0,33,167,0,33,20,16,4,0,20,4,4,4,0,0,0,0,0,13,0,13,13,13,0,0,0,0
1386,14000415,75,2,316.273218809421,175.000000000000,53.000000000000,1.677563792089,88bad3dcf6e5f382,8d15af1f9d36efa1,ba51d9f6a6724363,200,197,98.500000,234.578680,196.605321,1.000000,3.700000,279.989431,2.960000,277.000306,3.873096,2.758847,0.000000,0.353937,0.676375,0.282220,0.101296,300,2256,2256,32.000000,0,0,16,16,43,43,0,0,418.000000,763,0,0,23,177,0,23,20,20,0,0,20,0,0,0,0,0,0,0,0,3,0,3,3,3,0,0,0,0
1387,14000416,75,2,451.307683025392,325.000000000000,59.000000000000,2.184326782718,d564efe93133ac58,8d15af1f9d36efa1,14f0665008851e12,200,186,93.000000,276.758065,278.924652,1.000000,4.200000,323.584462,3.183333,319.206632,4.193548,3.098718,0.000000,0.368932,0.695122,0.277778,0.137168,300,2152,2152,32.000000,0,0,16,16,55,55,14,2,456.000000,780,0,0,34,166,0,34,20,13,7,0,20,7,7,7,0,0,0,0,0,14,0,14,14,14,0,0,0,0
1388,14000417,75,2,151.513881704759,425.000000000000,46.000000000000,1.799304438319,209d1c85a1ea67ac,8d15af1f9d36efa1,fe2bf9f79dc221de,200,200,100.000000,237.450000,253.141322,1.000000,3.500000,286.676993,5.028333,279.138700,3.500000,4.685714,0.000000,0.376114,0.678457,0.300000,0.113924,300,2560,2560,32.000000,0,0,16,16,43,43,4,6,422.000000,700,0,0,20,180,0,20,20,18,2,0,20,2,2,2,0,0,0,0,0,0,0,0,0,0,0,0,0,0
1389,14000418,75,2,115.407548447455,425.000000000000,33.000000000000,2.680914073279,b6a9e22510220332,8d15af1f9d36efa1,b0d7b55060d23c6c,200,142,71.000000,240.274648,224.822744,1.000000,3.400000,274.870712,3.845000,273.184666,3.570423,3.767258,0.000000,0.506329,0.722222,0.371747,0.270504,300,2768,2768,32.000000,0,0,16,16,92,92,4,0,520.000000,507,0,0,75,125,0,75,17,15,2,0,17,2,2,2,0,0,0,0,0,58,0,58,58,58,0,0,0,0
1390,14000419,75,2,399.418420089419,75.000000000000,36.000000000000,2.009761561273,ecbdd5ce1466a2fd,8d15af1f9d36efa1,ecee9447065dc,200,146,73.000000,220.410959,213.668106,1.000000,3.200000,248.741592,3.167857,257.340293,3.273973,3.684100,0.000000,0.514228,0.716714,0.385604,0.266871,300,2472,2472,32.000000,0,0,16,16,82,82,10,0,506.000000,478,0,0,68,132,0,68,14,9,5,0,14,5,5,5,0,0,0,0,0,54,0,54,54,54,0,0,0,0
1391,14000420,75,2,229.752261290719,75.000000000000,29.000000000000,1.653698409443,f9ccad24f21e2b1e,8d15af1f9d36efa1,ba42cf50665ea823,200,163,81.500000,274.846626,245.241288,1.000000,4.000000,304.274665,2.800000,325.418313,4.453988,3.257576,0.000000,0.400990,0.708455,0.292398,0.175000,300,2064,2064,32.000000,0,0,16,16,73,73,8,4,486.000000,726,0,0,54,146,0,54,17,13,4,0,17,4,4,4,0,0,0,0,0,37,0,37,37,37,0,0,0,0
1392,14000421,75,2,89.783298183690,175.000000000000,50.000000000000,2.921019735368,7e82fe2ff3451be0,8d15af1f9d36efa1,9c041a4fc4206178,200,188,94.000000,270.670213,257.736532,1.000000,3.700000,302.137610,3.426190,318.596841,4.132979,3.087516,0.000000,0.366748,0.692308,0.278552,0.131844,300,2048,2048,32.000000,0,0,16,16,52,52,14,0,450.000000,777,0,0,32,168,0,32,20,13,7,0,20,7,7,7,0,0,0,0,0,12,0,12,12,12,0,0,0,0
1393,14000422,75,2,448.218029746218,175.000000000000,61.000000000000,1.724865767898,29636b55d1d3905a,8d15af1f9d36efa1,abb0b0277a47ad6a,200,120,60.000000,349.200000,359.713039,1.000000,5.200000,412.856025,3.830833,427.964241,5.408333,3.838213,0.000000,0.464079,0.737533,0.316122,0.261661,300,2112,2112,32.000000,0,0,16,16,110,110,10,4,562.000000,649,0,0,94,106,0,94,14,9,5,0,14,5,5,5,0,0,0,0,0,80,0,80,80,80,0,0,0,0
1394,14000423,75,2,381.923247847637,75.000000000000,32.000000000000,2.602903306890,a641a70f32d50b0f,8d15af1f9d36efa1,53c53f06f0477e66,200,154,77.000000,275.746753,266.032078,1.000000,4.300000,326.928722,3.183571,321.408581,4.376623,3.048961,0.000000,0.426871,0.715100,0.308008,0.201422,300,2192,2192,32.000000,0,0,16,16,78,78,14,0,502.000000,674,0,0,62,138,0,62,16,9,7,0,16,7,7,7,0,0,0,0,0,46,0,46,46,46,0,0,0,0
1395,14000424,75,2,23.609963194157,325.000000000000,55.000000000000,2.568777675060,c10448663fe3e00b,8d15af1f9d36efa1,6658dfebc6a6d6f1,200,194,97.000000,289.273196,293.254532,1.000000,4.400000,338.944025,3.714167,353.682462,4.484536,3.342529,0.000000,0.333844,0.685535,0.256410,0.106776,300,2000,2000,32.000000,0,0,16,16,46,46,12,0,436.000000,870,0,0,26,174,0,26,20,14,6,0,20,6,6,6,0,0,0,0,0,6,0,6,6,6,0,0,0,0
1396,14000425,75,2,129.099508936586,175.000000000000,51.000000000000,2.166512746410,f29db2ba325c83e7,8d15af1f9d36efa1,a090bd39eb22eee5,200,195,97.500000,293.220513,327.759135,1.000000,4.600000,389.947170,4.000000,372.839022,4.610256,3.439377,0.000000,0.322532,0.681529,0.250209,0.096482,300,2104,2104,32.000000,0,0,16,16,45,45,6,0,428.000000,899,0,0,25,175,0,25,20,17,3,0,20,3,3,3,0,0,0,0,0,5,0,5,5,5,0,0,0,0
1397,14000426,75,2,0.974205233340,175.000000000000,64.000000000000,1.504074539904,23953d14c611c647,8d15af1f9d36efa1,bebb8c9c03020325,200,200,100.000000,255.215000,250.603567,1.000000,3.600000,284.457887,3.411667,286.801091,3.600000,3.833333,0.000000,0.373913,0.682540,0.294118,0.119804,300,2400,2400,32.000000,0,0,16,16,40,40,18,0,430.000000,720,0,0,20,180,0,20,20,11,9,0,20,9,9,9,0,0,0,0,0,0,0,0,0,0,0,0,0,0
1398,14000427,75,2,199.761249656895,425.000000000000,28.000000000000,1.662383371971,44e56efe91c3c134,8d15af1f9d36efa1,2df6850b95ed3514,200,146,73.000000,312.000000,301.600349,1.000000,4.200000,346.963099,3.575000,381.322927,4.595890,3.107303,0.000000,0.427962,0.715100,0.308960,0.202140,300,2176,2176,32.000000,0,0,16,16,83,83,4,2,502.000000,671,0,0,68,132,0,68,14,12,2,0,14,2,2,2,0,0,0,0,0,54,0,54,54,54,0,0,0,0
1399,14000428,75,2,120.331629419286,75.000000000000,28.000000000000,2.960715081998,5f85f2d022cef90e,8d15af1f9d36efa1,8ed183504db9f647,200,151,75.500000,246.953642,227.357303,0.900000,3.200000,268.753926,3.420899,289.607802,3.807947,3.062609,0.000000,0.447646,0.699700,0.342857,0.188999,300,2232,2232,32.000000,0,0,16,16,61,61,12,0,466.000000,575,0,0,45,136,0,45,16,10,6,0,16,6,6,5,1,0,0,0,0,29,20,29,49,30,19,0,0,0
1400,14000429,75,2,392.220901191634,75.000000000000,37.000000000000,2.496045573620,14b0cee80c1ab12a,8d15af1f9d36efa1,bac2df540fb732ae,200,93,46.500000,275.838710,239.363532,1.000000,3.900000,303.054839,3.838333,306.380247,3.913978,3.686813,0.000000,0.622407,0.750000,0.451807,0.424051,300,2512,2512,32.000000,0,0,16,16,131,131,6,0,600.000000,364,0,0,119,81,0,119,12,9,3,0,12,3,3,3,0,0,0,0,0,107,0,107,107,107,0,0,0,0
1401,14000430,75,2,434.601350640122,425.000000000000,49.000000000000,2.148784902768,9add5191c7f7b874,8d15af1f9d36efa1,34536526755058bc,200,134,67.000000,231.470149,241.002074,0.900000,3.000000,255.834161,3.190476,259.502443,3.417910,3.371179,0.000000,0.535497,0.725275,0.395778,0.299694,300,2056,2056,32.000000,0,0,16,16,94,94,8,0,528.000000,458,0,0,80,120,0,80,14,10,4,0,14,4,4,4,0,0,0,0,0,66,20,46,66,66,0,0,0,0
1402,14000431,75,2,463.549847319692,175.000000000000,57.000000000000,2.901764313627,6fcc85480e52d897,8d15af1f9d36efa1,5699ba4f9cc68779,200,194,97.000000,200.345361,173.752520,1.000000,2.800000,209.007332,3.291667,221.211189,3.025773,3.383305,0.000000,0.423945,0.683544,0.338219,0.145560,300,2240,2240,32.000000,0,0,16,16,46,46,8,0,432.000000,587,0,0,26,174,0,26,20,16,4,0,20,4,4,4,0,0,0,0,0,6,0,6,6,6,0,0,0,0
1403,14000432,75,2,230.058293329228,75.000000000000,33.000000000000,1.733068494846,7523deb1eb594c7d,8d15af1f9d36efa1,b66d7c4fd33515dc,200,101,50.500000,320.425743,296.208012,0.900000,4.200000,377.804904,3.966667,406.189766,4.930693,4.170683,0.000000,0.521154,0.730458,0.375940,0.296610,300,2376,2376,32.000000,0,0,16,16,102,102,6,0,542.000000,498,0,0,91,91,0,91,11,8,3,0,11,3,3,2,1,0,0,0,0,80,20,79,99,81,18,0,0,0
1404,14000433,75,2,472.301706119681,425.000000000000,51.000000000000,1.867402612612,38a488347aebcc04,8d15af1f9d36efa1,9ae32600c5b03580,200,154,77.000000,205.012987,178.111030,1.000000,2.900000,213.213861,3.833333,230.425843,3.142857,3.454545,0.000000,0.503080,0.710145,0.382653,0.246106,300,2088,2088,32.000000,0,0,16,16,74,74,10,0,490.000000,484,0,0,60,140,0,60,14,9,5,0,14,5,5,5,0,0,0,0,0,46,0,46,46,46,0,0,0,0
1405,14000434,75,2,298.927351374037,175.000000000000,41.000000000000,2.262205241387,9321ade46b9735d4,8d15af1f9d36efa1,37d8aae617f5b147,200,200,100.000000,276.480000,274.162045,1.000000,4.300000,336.147351,3.818571,341.081021,4.335000,3.701269,0.000000,0.327386,0.678457,0.257069,0.094044,300,2224,2224,32.000000,0,0,16,16,40,40,10,0,422.000000,867,0,0,20,180,0,20,20,15,5,0,20,5,5,5,0,0,0,0,0,0,0,0,0,0,0,0,0,0
1406,14000435,75,2,197.835002917980,325.000000000000,45.000000000000,1.587327634156,e348cb99d47314b7,8d15af1f9d36efa1,3a02daae8203c98c,200,194,97.000000,220.943299,231.413164,1.000000,3.500000,280.183518,3.563810,261.031537,3.458763,3.378539,0.000000,0.388332,0.680511,0.308960,0.122876,300,2072,2072,32.000000,0,0,16,16,46,46,2,0,426.000000,671,0,0,26,174,0,26,20,19,1,0,20,1,1,1,0,0,0,0,0,6,0,6,6,6,0,0,0,0
1407,14000436,75,2,494.733444479243,325.000000000000,68.000000000000,1.781468499521,33065146c528bb3a,8d15af1f9d36efa1,6e6814b7a30ffe42,200,163,81.500000,262.128834,246.409174,1.000000,4.100000,327.822561,4.013095,311.231218,4.110429,3.728358,0.000000,0.421416,0.709302,0.309278,0.188862,300,2472,2472,32.000000,0,0,16,16,73,73,10,0,488.000000,670,0,0,55,145,0,55,18,13,5,0,18,5,5,5,0,0,0,0,0,37,0,37,37,37,0,0,0,0
1408,14000437,75,2,30.318564311858,75.000000000000,48.000000000000,1.856044727285,82900ec2b2d35926,8d15af1f9d36efa1,eac88f0ff5d0ded,200,148,74.000000,278.858108,274.194011,1.000000,4.300000,334.669706,3.165000,310.298742,4.182432,3.066236,0.000000,0.452697,0.719101,0.326442,0.225282,300,2136,2136,32.000000,0,0,16,16,85,85,10,2,512.000000,619,0,0,68,132,0,68,16,11,5,0,16,5,5,5,0,0,0,0,0,52,0,52,52,52,0,0,0,0
1409,14000438,75,2,253.321486480266,75.000000000000,37.000000000000,1.945907620868,10be238b3f67e442,8d15af1f9d36efa1,482621df835dea14,200,138,69.000000,270.586957,282.038346,1.000000,4.400000,334.276151,3.736667,329.574044,4.144928,3.669580,0.000000,0.475229,0.721448,0.344037,0.245383,300,2384,2384,32.000000,0,0,16,16,90,90,6,0,518.000000,572,0,0,76,124,0,76,14,11,3,0,14,3,3,3,0,0,0,0,0,62,0,62,62,62,0,0,0,0
1410,14000439,75,2,268.416616182501,425.000000000000,43.000000000000,1.839656486301,62bddcb9b8e731e,8d15af1f9d36efa1,f24588078b66c8ec,200,96,48.000000,160.000000,230.328370,0.700000,1.600000,181.061542,4.630952,146.550900,1.906250,4.327869,0.000000,0.735166,0.717514,0.621118,0.490251,300,2680,2680,32.000000,0,0,16,16,84,84,8,0,508.000000,183,0,0,70,85,0,70,14,10,4,0,14,4,4,1,3,0,0,0,0,56,60,44,104,59,45,0,0,0
1411,14000440,75,2,291.188797798404,175.000000000000,38.000000000000,1.829586263762,896de9bb6215b588,8d15af1f9d36efa1,b0c4c0ca833e01d8,200,200,100.000000,250.210000,255.576558,1.000000,3.700000,308.027247,4.230000,305.317553,3.835000,3.524120,0.000000,0.350550,0.674267,0.281162,0.096584,300,2248,2248,32.000000,0,0,16,16,41,41,0,2,414.000000,767,0,0,20,180,0,20,20,20,0,0,20,0,0,0,0,0,0,0,0,0,0,0,0,0,0,0,0,0
1412,14000441,75,2,368.180550994189,75.000000000000,25.000000000000,2.922490464557,e5daeddc25757225,8d15af1f9d36efa1,c5afd6320cad0bf2,200,145,72.500000,287.820690,278.334689,1.000000,4.200000,340.602896,4.349762,338.921950,4.379310,4.031496,0.000000,0.446382,0.719101,0.320856,0.220859,300,2288,2288,32.000000,0,0,16,16,83,83,14,0,512.000000,635,0,0,69,131,0,69,14,7,7,0,14,7,7,7,0,0,0,0,0,55,0,55,55,55,0,0,0,0
1413,14000442,75,2,449.346422819767,425.000000000000,53.000000000000,1.819042994773,d5391ed0d047a8b0,8d15af1f9d36efa1,9b058800c5cdc26c,200,193,96.500000,218.352332,202.795976,1.000000,2.900000,234.171738,6.046429,247.766357,3.000000,5.181347,0.000000,0.426165,0.682540,0.341297,0.144756,300,2776,2776,32.000000,0,0,16,16,46,46,6,2,430.000000,579,0,0,26,174,0,26,19,16,3,0,19,3,3,3,0,0,0,0,0,7,0,7,7,7,0,0,0,0
1414,14000443,75,2,395.872710299434,425.000000000000,33.000000000000,2.438526063383,6c017a6da8eb02f0,8d15af1f9d36efa1,3b7dbd7a4bcb795e,200,153,76.500000,255.209150,232.929056,1.000000,4.200000,335.966822,3.400379,302.198157,3.973856,3.210526,0.000000,0.446266,0.710145,0.330396,0.206266,300,2016,2016,32.000000,0,0,16,16,75,75,8,0,490.000000,608,0,0,61,139,0,61,14,10,4,0,14,4,4,4,0,0,0,0,0,47,0,47,47,47,0,0,0,0
1415,14000444,75,2,20.248339324585,325.000000000000,51.000000000000,2.934114783563,10c055c434b5083e,8d15af1f9d36efa1,5bc4521ce49af115,200,197,98.500000,297.715736,265.272012,1.000000,4.500000,356.730450,3.577500,362.248989,4.522843,3.205387,0.000000,0.327547,0.684543,0.251889,0.102719,300,2344,2344,32.000000,0,0,16,16,43,43,16,0,434.000000,891,0,0,23,177,0,23,20,12,8,0,20,8,8,8,0,0,0,0,0,3,0,3,3,3,0,0,0,0
1416,14000445,75,2,68.357260764758,175.000000000000,48.000000000000,2.443048702306,a3c9af7d7bb7b2d0,8d15af1f9d36efa1,b7346cbe149a2d1b,200,186,93.000000,241.661290,229.394261,1.000000,3.500000,268.811886,3.626667,270.991788,3.639785,3.508124,0.000000,0.399290,0.692308,0.307062,0.148428,300,2552,2552,32.000000,0,0,16,16,54,54,10,0,450.000000,677,0,0,34,166,0,34,20,15,5,0,20,5,5,5,0,0,0,0,0,14,0,14,14,14,0,0,0,0
1417,14000446,75,2,434.146795779651,175.000000000000,46.000000000000,2.970170577423,8e6d74803f2ae376,8d15af1f9d36efa1,e14811af39f8c9f1,200,185,92.500000,246.967568,197.189363,1.000000,3.800000,284.113289,3.601667,279.852882,3.848649,3.199438,0.000000,0.387263,0.692308,0.296443,0.142169,300,2368,2368,32.000000,0,0,16,16,57,57,4,4,450.000000,712,0,0,35,165,0,35,20,18,2,0,20,2,2,2,0,0,0,0,0,15,0,15,15,15,0,0,0,0
1418,14000447,75,2,12.103037891683,175.000000000000,64.000000000000,1.863318290787,6df3c463b528d027,8d15af1f9d36efa1,2b3ade51da7fa49d,200,177,88.500000,269.186441,273.716136,1.000000,4.100000,325.328815,3.783333,308.184064,3.988701,3.509915,0.000000,0.398637,0.700599,0.298211,0.161520,300,2216,2216,32.000000,0,0,16,16,59,59,18,0,468.000000,706,0,0,41,159,0,41,18,9,9,0,18,9,9,9,0,0,0,0,0,23,0,23,23,23,0,0,0,0
1419,14000448,75,2,153.973346643743,175.000000000000,62.000000000000,1.589665853672,472f8ef767739629,8d15af1f9d36efa1,11397a4f7575385f,200,200,100.000000,241.945000,249.253925,1.000000,3.700000,283.318516,3.615000,293.605009,3.800000,3.357895,0.000000,0.351536,0.673203,0.283019,0.095238,300,2232,2232,32.000000,0,0,16,16,40,40,0,0,412.000000,760,0,0,20,180,0,20,20,20,0,0,20,0,0,0,0,0,0,0,0,0,0,0,0,0,0,0,0,0
1420,14000449,75,2,305.555435888770,325.000000000000,40.000000000000,2.246791908715,865a782ce81f6f2a,8d15af1f9d36efa1,63f59550bc8bdbb7,200,172,86.000000,259.261628,301.294117,1.000000,4.300000,345.752204,3.812937,331.360922,4.302326,3.631081,0.000000,0.379195,0.693252,0.288462,0.139535,300,2208,2208,32.000000,0,0,16,16,60,60,0,0,452.000000,740,0,0,44,156,0,44,16,16,0,0,16,0,0,0,0,0,0,0,0,28,0,28,28,28,0,0,0,0
1421,14000450,75,2,393.798535529826,425.000000000000,54.000000000000,1.845844729984,dc50cd0be2724ac1,8d15af1f9d36efa1,dd21afc6374b2c79,200,158,79.000000,247.335443,273.459571,1.000000,3.800000,309.163697,3.535000,288.854226,3.601266,3.743409,0.000000,0.460664,0.708455,0.345224,0.213001,300,2384,2384,32.000000,0,0,16,16,72,72,10,0,486.000000,569,0,0,57,143,0,57,15,10,5,0,15,5,5,5,0,0,0,0,0,42,0,42,42,42,0,0,0,0
1422,14000451,75,2,74.085320771645,425.000000000000,47.000000000000,2.207270146856,55a800b3ea41b932,8d15af1f9d36efa1,b6118b4fd2e6d0ac,200,142,71.000000,247.401408,228.203033,1.000000,3.600000,283.343934,3.626667,268.889739,3.584507,3.345776,0.000000,0.508213,0.724518,0.370828,0.275960,300,2208,2208,32.000000,0,0,16,16,90,90,14,0,526.000000,509,0,0,74,126,0,74,16,9,7,0,16,7,7,7,0,0,0,0,0,58,0,58,58,58,0,0,0,0
1423,14000452,75,2,427.431544525458,325.000000000000,62.000000000000,2.295270748201,c8db933958aa57d1,8d15af1f9d36efa1,9a623000c542cb94,200,190,95.000000,298.552632,323.117240,1.000000,4.300000,369.547948,4.501905,369.429467,4.510526,4.023337,0.000000,0.340262,0.688474,0.259291,0.113754,300,2320,2320,32.000000,0,0,16,16,50,50,10,0,442.000000,857,0,0,30,170,0,30,20,15,5,0,20,5,5,5,0,0,0,0,0,10,0,10,10,10,0,0,0,0
1424,14000453,75,2,220.142622712217,425.000000000000,20.000000000000,2.331555840737,5d929ae3e7ca80b4,8d15af1f9d36efa1,81ca664fb5344580,200,142,71.000000,237.394366,250.945953,1.000000,3.800000,274.581157,3.328571,273.393275,3.619718,2.714008,0.000000,0.499025,0.719101,0.368550,0.259366,300,2576,2576,32.000000,0,0,16,16,86,86,8,0,512.000000,514,0,0,72,128,0,72,14,10,4,0,14,4,4,4,0,0,0,0,0,58,0,58,58,58,0,0,0,0
1425,14000454,75,2,176.220319842204,425.000000000000,28.000000000000,2.568820252559,5b4638286ae74a70,8d15af1f9d36efa1,645945ff6f9562c,200,159,79.500000,248.880503,256.174605,1.000000,3.900000,313.039273,3.416667,285.512968,3.773585,3.331667,0.000000,0.444444,0.705882,0.333333,0.197861,300,2416,2416,32.000000,0,0,16,16,73,73,2,4,480.000000,600,0,0,56,144,0,56,15,14,1,0,15,1,1,1,0,0,0,0,0,41,0,41,41,41,0,0,0,0
1426,14000455,75,2,435.758381139823,325.000000000000,70.000000000000,1.524107714115,1fb149b2ca0a4ea9,8d15af1f9d36efa1,7c0dd8e24a2b921e,200,193,96.500000,307.062176,285.492315,1.000000,4.700000,361.123954,3.323333,374.254702,4.989637,3.195223,0.000000,0.314591,0.688474,0.237530,0.102516,300,2288,2288,32.000000,0,0,16,16,47,47,16,0,442.000000,963,0,0,27,173,0,27,20,12,8,0,20,8,8,8,0,0,0,0,0,7,0,7,7,7,0,0,0,0
1427,14000456,75,2,499.216321293680,175.000000000000,55.000000000000,2.956492322727,e30d9da07628ca4,8d15af1f9d36efa1,9aed9100c5b93fd6,200,181,90.500000,225.988950,193.393352,1.000000,3.000000,225.231406,2.989048,225.772892,3.116022,2.943262,0.000000,0.453488,0.700599,0.347222,0.194286,300,2136,2136,32.000000,0,0,16,16,61,61,14,4,468.000000,564,0,0,39,161,0,39,20,13,7,0,20,7,7,7,0,0,0,0,0,19,0,19,19,19,0,0,0,0
1428,14000457,75,2,214.321760092234,75.000000000000,36.000000000000,2.194019241789,1207f13dec364698,8d15af1f9d36efa1,ee2d734f617e5ca0,200,152,76.000000,216.315789,228.903046,1.000000,3.300000,277.828011,3.496667,246.898475,3.401316,3.379110,0.000000,0.491642,0.714286,0.367197,0.245255,300,2304,2304,32.000000,0,0,16,16,78,78,12,0,500.000000,517,0,0,63,137,0,63,15,9,6,0,15,6,6,6,0,0,0,0,0,48,0,48,48,48,0,0,0,0
1429,14000458,75,2,284.505402286562,425.000000000000,40.000000000000,2.210952126123,60c0a94bf8c175a4,8d15af1f9d36efa1,9043324f2cafcd60,200,157,78.500000,250.980892,253.441039,1.000000,3.300000,276.445159,4.513095,295.931025,3.452229,3.889299,0.000000,0.471735,0.707602,0.356295,0.219020,300,2584,2584,32.000000,0,0,16,16,73,73,6,4,484.000000,542,0,0,57,143,0,57,14,11,3,0,14,3,3,3,0,0,0,0,0,43,0,43,43,43,0,0,0,0
1430,14000459,75,2,96.878337249023,175.000000000000,42.000000000000,2.988968897572,b7443d0f7d0644c,8d15af1f9d36efa1,c3225f4f4930bd1e,200,180,90.000000,204.855556,207.575498,0.900000,2.600000,232.666244,4.096296,236.731114,2.961111,4.273921,0.000000,0.435979,0.673203,0.360144,0.130506,300,2888,2888,32.000000,0,0,16,16,38,38,4,0,412.000000,533,0,0,19,162,0,19,19,17,2,0,19,2,2,1,1,0,0,0,0,0,20,0,20,1,19,0,0,0
1431,14000460,75,2,62.766225190360,75.000000000000,30.000000000000,2.800041386093,f45808a76b56cd5e,8d15af1f9d36efa1,56f4d0364ebb8529,200,139,69.500000,259.460432,293.192298,1.000000,4.200000,345.224362,3.950000,305.069864,3.906475,3.688766,0.000000,0.489182,0.722222,0.355872,0.257182,300,2296,2296,32.000000,0,0,16,16,89,89,10,0,520.000000,543,0,0,75,125,0,75,14,9,5,0,14,5,5,5,0,0,0,0,0,61,0,61,61,61,0,0,0,0
1432,14000461,75,2,396.166344033099,175.000000000000,41.000000000000,2.995619243636,a78430f9d7b3f174,8d15af1f9d36efa1,14ad8469c0d40d28,200,140,70.000000,146.471429,167.526498,0.700000,1.500000,157.202772,5.700680,148.938145,2.142857,4.400000,0.000000,0.576271,0.671053,0.500000,0.202128,300,2800,2800,32.000000,0,0,16,16,34,34,8,0,408.000000,300,0,0,17,126,0,17,17,13,4,0,17,4,4,1,3,0,0,0,0,0,60,0,60,3,57,0,0,0
1433,14000462,75,2,422.212200640485,75.000000000000,48.000000000000,2.218691377201,936c88e0021aeaad,8d15af1f9d36efa1,517a565761d41c41,200,175,87.500000,236.280000,216.010806,1.000000,3.200000,258.075849,4.241667,261.881646,3.268571,4.213287,0.000000,0.447876,0.698795,0.344037,0.187500,300,2440,2440,32.000000,0,0,16,16,60,60,12,2,464.000000,572,0,0,42,158,0,42,17,11,6,0,17,6,6,6,0,0,0,0,0,25,0,25,25,25,0,0,0,0
1434,14000463,75,2,84.753638960604,75.000000000000,56.000000000000,1.776053308502,8a78b10f30fd8650,8d15af1f9d36efa1,a56963e63580a385,200,174,87.000000,277.942529,291.744961,1.000000,4.000000,330.383262,3.771667,332.416674,3.971264,3.817656,0.000000,0.401732,0.698795,0.302725,0.160389,300,2424,2424,32.000000,0,0,16,16,62,62,8,0,464.000000,691,0,0,44,156,0,44,18,14,4,0,18,4,4,4,0,0,0,0,0,26,0,26,26,26,0,0,0,0
1435,14000464,75,2,414.295066316976,175.000000000000,64.000000000000,1.743846846071,d22c88a589389d7,8d15af1f9d36efa1,ca53b4d06f1a3029,200,197,98.500000,279.781726,291.911167,1.000000,4.200000,348.780230,3.543810,346.741250,4.329949,3.650645,0.000000,0.332028,0.679487,0.260191,0.097354,300,2448,2448,32.000000,0,0,16,16,43,43,6,0,424.000000,853,0,0,23,177,0,23,20,17,3,0,20,3,3,3,0,0,0,0,0,3,0,3,3,3,0,0,0,0
1436,14000465,75,2,374.532502881864,175.000000000000,41.000000000000,2.897550444175,bb67e57d6f86638d,8d15af1f9d36efa1,fc07906bda46117f,200,200,100.000000,259.820000,264.913667,1.000000,3.900000,324.395065,3.701905,315.249076,4.000000,3.297500,0.000000,0.343186,0.676375,0.272727,0.097065,300,2064,2064,32.000000,0,0,16,16,40,40,6,0,418.000000,800,0,0,20,180,0,20,20,17,3,0,20,3,3,3,0,0,0,0,0,0,0,0,0,0,0,0,0,0
1437,14000466,75,2,57.541088222299,175.000000000000,63.000000000000,2.044119722313,f5d9e5595cdb9534,8d15af1f9d36efa1,9b4cba00c60a1a05,200,176,88.000000,288.522727,291.066013,1.000000,4.300000,333.797659,3.159524,342.959606,4.647727,3.155257,0.000000,0.369314,0.705449,0.268336,0.153209,300,2088,2088,31.000000,0,0,16,15,68,68,12,12,479.000000,818,0,0,43,157,0,43,19,13,6,0,19,6,6,6,0,0,0,0,0,24,0,24,24,24,0,0,0,0
1438,14000467,75,2,320.399260484028,75.000000000000,36.000000000000,1.572825905705,d06f4750f709e076,8d15af1f9d36efa1,685e7d76dae8f883,200,116,58.000000,249.594828,275.997768,0.700000,2.900000,325.327619,3.662245,305.705344,4.379310,2.834646,0.000000,0.482688,0.703264,0.371287,0.218462,300,2200,2200,32.000000,0,0,16,16,66,66,10,0,474.000000,508,0,0,51,104,0,51,15,10,5,0,15,5,5,2,3,0,0,0,0,36,60,24,84,39,45,0,0,0
1439,14000468,75,2,119.234525621782,75.000000000000,34.000000000000,2.854830121386,99da622e7a52fff5,8d15af1f9d36efa1,e761427ba8d3f996,200,166,83.000000,286.048193,264.531520,1.000000,3.900000,305.752950,3.233095,344.186955,4.295181,3.367461,0.000000,0.404344,0.707602,0.296150,0.175723,300,2008,2008,32.000000,0,0,16,16,68,68,16,0,484.000000,713,0,0,51,149,0,51,17,9,8,0,17,8,8,8,0,0,0,0,0,34,0,34,34,34,0,0,0,0
1440,14000469,75,2,43.790005332395,75.000000000000,48.000000000000,2.289798971632,b01c8cf427dcfbf8,8d15af1f9d36efa1,a250cf5dd66e2236,200,147,73.500000,258.789116,289.427784,1.000000,4.400000,327.691293,3.300000,306.555332,4.272109,3.025478,0.000000,0.448155,0.718310,0.323276,0.220844,300,2120,2120,32.000000,0,0,16,16,83,83,12,0,510.000000,628,0,0,68,132,0,68,15,9,6,0,15,6,6,6,0,0,0,0,0,53,0,53,53,53,0,0,0,0
1441,14000470,75,2,29.866216097032,75.000000000000,39.000000000000,2.700637886921,baa4aeeb87fec839,8d15af1f9d36efa1,cf7d3be8cec9144,200,163,81.500000,290.509202,277.365333,1.000000,3.700000,314.352042,4.850000,325.236478,4.012270,5.165138,0.000000,0.430809,0.712230,0.314465,0.200489,300,2816,2816,31.000000,0,0,16,15,71,71,22,0,495.000000,654,0,0,54,146,0,54,17,6,11,0,17,11,11,11,0,0,0,0,0,37,0,37,37,37,0,0,0,0
1442,14000471,75,2,322.878341236608,425.000000000000,41.000000000000,1.948413866311,6439c686b388c8d0,8d15af1f9d36efa1,ae71e9206fcef325,200,168,84.000000,263.523810,248.644093,1.000000,3.500000,291.108898,4.070476,320.627340,3.773810,4.305994,0.000000,0.424682,0.700599,0.321199,0.176623,300,2744,2744,32.000000,0,0,16,16,67,67,2,2,468.000000,634,0,0,49,151,0,49,17,16,1,0,17,1,1,1,0,0,0,0,0,32,0,32,32,32,0,0,0,0
1443,14000472,75,2,297.318942219077,75.000000000000,25.000000000000,1.696953436928,ea9e29d615ea6910,8d15af1f9d36efa1,edf4c7b57af4b7,200,120,60.000000,272.458333,262.122358,1.000000,4.300000,319.464899,4.007500,293.837722,3.833333,3.486957,0.000000,0.547244,0.735450,0.394737,0.327485,300,2384,2384,32.000000,0,0,16,16,106,106,12,0,556.000000,460,0,0,93,107,0,93,13,7,6,0,13,6,6,6,0,0,0,0,0,80,0,80,80,80,0,0,0,0
1444,14000473,75,2,419.097400042091,75.000000000000,54.000000000000,1.563599257834,d23041848b50fc61,8d15af1f9d36efa1,8efc45ef5697398e,200,176,88.000000,246.153409,243.990773,1.000000,3.800000,282.667971,4.296667,287.835573,3.829545,4.439169,0.000000,0.405644,0.696970,0.308008,0.159601,300,2616,2616,32.000000,0,0,16,16,60,60,8,0,460.000000,674,0,0,42,158,0,42,18,14,4,0,18,4,4,4,0,0,0,0,0,24,0,24,24,24,0,0,0,0
1445,14000474,75,2,106.093230656736,175.000000000000,64.000000000000,1.741966655069,b9dbc81c6585dd5d,8d15af1f9d36efa1,9aa96500c57f2846,200,175,87.500000,227.371429,225.679395,0.900000,2.900000,248.014981,3.130952,264.606189,3.400000,3.146218,0.000000,0.418377,0.681529,0.335196,0.138929,300,2304,2304,32.000000,0,0,16,16,44,44,8,2,428.000000,595,0,0,24,157,0,24,19,15,4,0,19,4,4,3,1,0,0,0,0,5,20,5,25,6,19,0,0,0
1446,14000475,75,2,127.100451844283,175.000000000000,45.000000000000,2.566894672401,330198e4c3be674b,8d15af1f9d36efa1,7baf916cd91c6532,200,179,89.500000,278.189944,293.873849,1.000000,4.700000,381.323895,3.932381,354.369073,4.547486,3.643735,0.000000,0.353968,0.690402,0.269300,0.122845,300,2232,2232,32.000000,0,0,16,16,55,55,4,0,446.000000,814,0,0,38,162,0,38,17,15,2,0,17,2,2,2,0,0,0,0,0,21,0,21,21,21,0,0,0,0
1447,14000476,75,2,45.130865455376,75.000000000000,41.000000000000,2.655098008187,9db46b74d632d7a3,8d15af1f9d36efa1,d33d58b25ea6a921,200,168,84.000000,226.142857,197.128784,1.000000,3.400000,259.806115,3.861190,246.102998,3.339286,3.666667,0.000000,0.462128,0.706745,0.348432,0.210970,300,2760,2760,32.000000,0,0,16,16,66,66,18,0,482.000000,561,0,0,49,151,0,49,17,8,9,0,17,9,9,9,0,0,0,0,0,32,0,32,32,32,0,0,0,0
1448,14000477,75,2,16.129118883809,425.000000000000,47.000000000000,1.824430355673,b818aac1f0346647,8d15af1f9d36efa1,9ab06a00c5854f73,200,145,72.500000,207.234483,189.084589,1.000000,2.900000,232.261016,3.360000,217.451975,2.868966,3.139423,0.000000,0.550756,0.718310,0.418994,0.299663,300,2392,2392,32.000000,0,0,16,16,81,81,16,0,510.000000,416,0,0,68,132,0,68,13,5,8,0,13,8,8,8,0,0,0,0,0,55,0,55,55,55,0,0,0,0
1449,14000478,75,2,20.501689600085,325.000000000000,60.000000000000,2.591806057357,658b571a71ee9dcc,8d15af1f9d36efa1,24d2d38a2a7843ca,200,112,56.000000,245.098214,260.723536,0.600000,2.200000,275.243159,4.416667,296.372360,3.750000,4.195238,0.000000,0.501188,0.678457,0.416667,0.176471,300,2504,2504,32.000000,0,0,16,16,39,39,12,0,422.000000,420,0,0,24,101,0,24,15,9,6,0,15,6,6,2,4,0,0,0,0,9,80,8,88,13,75,0,0,0
1450,14000479,75,2,106.568313861052,325.000000000000,48.000000000000,2.617721673282,bfc9806eeec8760a,8d15af1f9d36efa1,9b3bd200c5fbcf9a,200,200,100.000000,192.510000,201.756544,1.000000,2.900000,229.008535,2.827143,232.362801,3.000000,2.966667,0.000000,0.408284,0.674267,0.333333,0.120235,300,2488,2488,32.000000,0,0,16,16,40,40,2,0,414.000000,600,0,0,20,180,0,20,20,19,1,0,20,1,1,1,0,0,0,0,0,0,0,0,0,0,0,0,0,0
1451,14000480,75,2,428.018809867142,425.000000000000,51.000000000000,1.588105081389,fb6b69fa15aea8b2,8d15af1f9d36efa1,2ee96550173a2286,200,180,90.000000,222.233333,202.426686,1.000000,2.900000,224.708103,4.100000,246.238745,3.000000,3.927778,0.000000,0.457831,0.695122,0.357143,0.186747,300,2512,2512,32.000000,0,0,16,16,57,57,10,2,456.000000,540,0,0,38,162,0,38,18,13,5,0,18,5,5,5,0,0,0,0,0,20,0,20,20,20,0,0,0,0
1452,14000481,75,2,103.337050737671,75.000000000000,36.000000000000,2.714795734374,2354a59557eedc14,8d15af1f9d36efa1,cd7e0781ae6fe77f,200,121,60.500000,242.454545,280.744748,1.000000,4.500000,358.114556,3.457143,266.601571,3.471074,3.376190,0.000000,0.569672,0.735450,0.416667,0.347826,300,2120,2120,32.000000,0,0,16,16,108,108,8,6,556.000000,420,0,0,92,108,0,92,13,9,4,0,13,4,4,4,0,0,0,0,0,79,0,79,79,79,0,0,0,0
1453,14000482,75,2,272.256371002633,75.000000000000,28.000000000000,2.222754856522,e4e4e1eb9127ea5d,8d15af1f9d36efa1,d54792c8dd69c5cb,200,143,71.500000,249.167832,211.496912,1.000000,3.200000,271.895328,4.390000,289.801141,3.482517,3.704819,0.000000,0.509843,0.721448,0.375940,0.271930,300,2416,2416,32.000000,0,0,16,16,86,86,14,6,518.000000,498,0,0,70,130,0,70,13,6,7,0,13,7,7,7,0,0,0,0,0,57,0,57,57,57,0,0,0,0
1454,14000483,75,2,292.367014928196,75.000000000000,38.000000000000,1.788775785647,3b1f2e0c868fe1fb,8d15af1f9d36efa1,2ed4ecee3afc3c76,200,142,71.000000,285.014085,265.665696,1.000000,4.400000,337.378089,3.340000,353.143302,4.823944,3.145985,0.000000,0.427736,0.719101,0.304569,0.208092,300,2200,2200,32.000000,0,0,16,16,84,84,12,0,512.000000,685,0,0,71,129,0,71,13,7,6,0,13,6,6,6,0,0,0,0,0,58,0,58,58,58,0,0,0,0
1455,14000484,75,2,66.123670683062,175.000000000000,56.000000000000,2.539364712596,1dcb170a8a9c8b3e,8d15af1f9d36efa1,9a76ac00c5544752,200,190,95.000000,214.300000,220.715718,1.000000,3.400000,271.926071,4.680952,249.058192,3.389474,4.197205,0.000000,0.403704,0.685535,0.317797,0.139037,300,2448,2448,32.000000,0,0,16,16,50,50,4,0,436.000000,644,0,0,30,170,0,30,20,18,2,0,20,2,2,2,0,0,0,0,0,10,0,10,10,10,0,0,0,0
1456,14000485,75,2,406.624192988956,75.000000000000,34.000000000000,2.617391241970,74deb5532f647c51,8d15af1f9d36efa1,3859667b688387c0,200,140,70.000000,329.264286,261.041708,1.000000,4.300000,354.396410,3.051667,395.876680,4.850000,2.951399,0.000000,0.439306,0.726776,0.306435,0.227531,300,2200,2200,32.000000,0,0,16,16,90,90,20,0,532.000000,679,0,0,75,125,0,75,15,5,10,0,15,10,10,10,0,0,0,0,0,60,0,60,60,60,0,0,0,0
1457,14000486,75,2,264.104299752956,75.000000000000,31.000000000000,1.992572798341,6250b109082f66eb,8d15af1f9d36efa1,3c37e581a8734cca,200,181,90.500000,322.331492,265.851930,1.000000,5.000000,392.817436,3.361786,381.742107,4.933702,2.916013,0.000000,0.342899,0.699700,0.251467,0.130477,300,2192,2192,32.000000,0,0,16,16,58,58,18,2,466.000000,893,0,0,38,162,0,38,19,10,9,0,19,9,9,9,0,0,0,0,0,19,0,19,19,19,0,0,0,0
1458,14000487,75,2,411.713488506288,175.000000000000,63.000000000000,1.795869023075,7b140e373d14f81b,8d15af1f9d36efa1,7f0ab6360d916a1b,200,183,91.500000,252.622951,256.052964,1.000000,3.800000,297.339875,3.716667,295.958227,3.737705,3.464912,0.000000,0.397887,0.693252,0.304878,0.149254,300,2528,2528,32.000000,0,0,16,16,57,57,6,0,452.000000,684,0,0,37,163,0,37,20,17,3,0,20,3,3,3,0,0,0,0,0,17,0,17,17,17,0,0,0,0
1459,14000488,75,2,142.387312672738,325.000000000000,49.000000000000,2.150863285054,69ae09cd369bdca8,8d15af1f9d36efa1,2dbe9bef746ca2b8,200,200,100.000000,211.420000,203.813990,1.000000,3.200000,233.688099,3.378333,230.432141,3.235000,3.680062,0.000000,0.400371,0.683544,0.316790,0.133869,300,2080,2080,32.000000,0,0,16,16,48,48,4,16,432.000000,647,0,0,20,180,0,20,20,18,2,0,20,2,2,2,0,0,0,0,0,0,0,0,0,0,0,0,0,0
1460,14000489,75,2,387.378080329216,325.000000000000,66.000000000000,1.619897693653,cd83e35207d8d439,8d15af1f9d36efa1,ca07bf5748285d26,200,168,84.000000,244.214286,248.578761,1.000000,4.500000,336.337168,3.697619,301.944480,4.214286,3.268362,0.000000,0.395904,0.698795,0.297619,0.157143,300,2288,2288,32.000000,0,0,16,16,66,66,0,0,464.000000,708,0,0,49,151,0,49,17,17,0,0,17,0,0,0,0,0,0,0,0,32,0,32,32,32,0,0,0,0
1461,14000490,75,2,32.757131493236,325.000000000000,66.000000000000,2.127380923831,266eaa21516eea41,8d15af1f9d36efa1,e039414fea738b2f,200,190,95.000000,267.915789,286.310248,1.000000,4.100000,327.828010,3.895000,330.308438,4.052632,3.818182,0.000000,0.360465,0.684543,0.280374,0.116972,300,2176,2176,32.000000,0,0,16,16,48,48,6,0,434.000000,770,0,0,29,171,0,29,19,16,3,0,19,3,3,3,0,0,0,0,0,10,0,10,10,10,0,0,0,0
1462,14000491,75,2,76.909364233594,425.000000000000,53.000000000000,1.753319916714,77e75986d36de413,8d15af1f9d36efa1,b035428c2e87cdd0,200,163,81.500000,262.472393,236.739304,1.000000,3.800000,296.061355,3.901190,288.869838,3.711656,3.497521,0.000000,0.446478,0.709302,0.331492,0.204993,300,2336,2336,32.000000,0,0,16,16,73,73,10,4,488.000000,605,0,0,54,146,0,54,17,12,5,0,17,5,5,5,0,0,0,0,0,37,0,37,37,37,0,0,0,0
1463,14000492,75,2,347.954539831993,175.000000000000,37.000000000000,2.725944954553,f5ec892dc7466b25,8d15af1f9d36efa1,9754ee4f303d6db6,200,144,72.000000,282.791667,289.246399,1.000000,4.600000,365.486500,3.981548,366.729943,4.486111,3.848297,0.000000,0.432337,0.710983,0.317125,0.198511,300,2488,2488,32.000000,0,0,16,16,80,80,0,0,492.000000,646,0,0,68,132,0,68,12,12,0,0,12,0,0,0,0,0,0,0,0,56,0,56,56,56,0,0,0,0
1464,14000493,75,2,414.633155441810,425.000000000000,36.000000000000,2.866590099790,858487cda26557fa,8d15af1f9d36efa1,a876d881631f1910,200,151,75.500000,245.139073,232.363202,1.000000,3.400000,264.666578,3.453333,273.822271,3.543046,3.315888,0.000000,0.488038,0.718310,0.359281,0.249649,300,2248,2248,32.000000,0,0,16,16,81,81,16,0,510.000000,535,0,0,65,135,0,65,16,8,8,0,16,8,8,8,0,0,0,0,0,49,0,49,49,49,0,0,0,0
1465,14000494,75,2,453.752920373644,425.000000000000,53.000000000000,2.052275785667,e112fc0425c37c47,8d15af1f9d36efa1,ac8dc056ac046dcd,200,125,62.500000,249.328000,270.141342,1.000000,4.000000,317.569290,3.735238,303.151911,3.984000,3.323293,0.000000,0.516505,0.726776,0.375940,0.286533,300,2288,2288,32.000000,0,0,16,16,97,97,6,0,532.000000,498,0,0,86,114,0,86,11,8,3,0,11,3,3,3,0,0,0,0,0,75,0,75,75,75,0,0,0,0
1466,14000495,75,2,167.768745608261,75.000000000000,46.000000000000,1.536878860013,2aac3f00998cbf57,8d15af1f9d36efa1,a0adafadc71b4781,200,153,76.500000,221.836601,209.877758,1.000000,3.200000,251.728870,3.460000,252.671662,3.366013,3.357282,0.000000,0.495593,0.716714,0.368098,0.252540,300,2144,2144,32.000000,0,0,16,16,81,81,12,0,506.000000,515,0,0,64,136,0,64,17,11,6,0,17,6,6,6,0,0,0,0,0,47,0,47,47,47,0,0,0,0
1467,14000496,75,2,367.850849371530,75.000000000000,43.000000000000,2.550414196677,4c60f85da7464885,8d15af1f9d36efa1,5757f64f9d681675,200,156,78.000000,333.647436,325.981750,1.000000,5.500000,421.744033,3.941468,405.822277,5.128205,3.677500,0.000000,0.383667,0.713467,0.272727,0.171843,300,2472,2472,32.000000,0,0,16,16,76,76,14,0,498.000000,800,0,0,60,140,0,60,16,9,7,0,16,7,7,7,0,0,0,0,0,44,0,44,44,44,0,0,0,0
1468,14000497,75,2,457.452007432437,75.000000000000,42.000000000000,2.737469594434,2a711d9aa97ce86d,8d15af1f9d36efa1,3494f4f5987a7705,200,115,57.500000,303.913043,257.418088,1.000000,3.900000,314.236584,4.498810,336.537685,4.173913,4.116667,0.000000,0.544592,0.741602,0.384615,0.335180,300,2520,2520,32.000000,0,0,16,16,116,116,10,6,574.000000,480,0,0,99,101,0,99,14,9,5,0,14,5,5,5,0,0,0,0,0,85,0,85,85,85,0,0,0,0
1469,14000498,75,2,41.365740795502,425.000000000000,53.000000000000,1.597015995265,f34505afad19ac70,8d15af1f9d36efa1,4eed2370c0187a28,200,157,78.500000,298.350318,294.432909,1.000000,4.300000,342.327191,3.849762,344.321231,4.401274,3.746744,0.000000,0.419815,0.714286,0.302725,0.195576,300,2344,2344,32.000000,0,0,16,16,76,76,16,2,500.000000,691,0,0,59,141,0,59,16,8,8,0,16,8,8,8,0,0,0,0,0,43,0,43,43,43,0,0,0,0
1470,14000499,75,2,100.444680337233,425.000000000000,47.000000000000,2.041460358899,69b9015a17fbc1cd,8d15af1f9d36efa1,9b166300c5dbf6c0,200,135,67.500000,220.651852,247.725183,1.000000,3.300000,279.116180,4.083333,242.842947,2.977778,4.019900,0.000000,0.565875,0.723757,0.427350,0.323232,300,2416,2416,32.000000,0,0,16,16,92,92,8,2,524.000000,402,0,0,78,122,0,78,13,9,4,0,13,4,4,4,0,0,0,0,0,65,0,65,65,65,0,0,0,0
1471,14000500,75,2,423.741262829979,325.000000000000,49.000000000000,2.726145809929,5d0f0d9ec2dc5c52,8d15af1f9d36efa1,fd05f03fd6ef43f8,200,200,100.000000,342.710000,327.387387,1.000000,5.300000,424.005713,3.648571,430.415982,5.300000,3.245283,0.000000,0.284750,0.678457,0.220588,0.078261,300,2176,2176,32.000000,0,0,16,16,40,40,10,0,422.000000,1060,0,0,20,180,0,20,20,15,5,0,20,5,5,5,0,0,0,0,0,0,0,0,0,0,0,0,0,0
1472,14000501,75,2,374.001856793109,325.000000000000,57.000000000000,1.782880101762,be60dac9dd8e89e2,8d15af1f9d36efa1,b2099a0bfc817f24,200,197,98.500000,228.431472,228.633560,1.000000,3.400000,257.562195,4.161667,273.809012,3.543147,3.763610,0.000000,0.376786,0.678457,0.300601,0.114213,300,2400,2400,32.000000,0,0,16,16,43,43,4,0,422.000000,698,0,0,23,177,0,23,20,18,2,0,20,2,2,2,0,0,0,0,0,3,0,3,3,3,0,0,0,0
1473,14000502,75,2,209.012373284656,425.000000000000,32.000000000000,1.730216672829,1569a28ac15b4564,8d15af1f9d36efa1,9b3be8fec3878422,200,115,57.500000,246.521739,207.259242,1.000000,3.000000,253.297240,4.288810,269.860856,3.234783,4.040323,0.000000,0.600000,0.736148,0.446429,0.377926,300,2296,2296,32.000000,0,0,16,16,109,109,8,0,558.000000,372,0,0,97,103,0,97,12,8,4,0,12,4,4,4,0,0,0,0,0,85,0,85,85,85,0,0,0,0
1474,14000503,75,2,107.158216135620,325.000000000000,47.000000000000,2.779478894901,2fed217a0e970b9a,8d15af1f9d36efa1,27b9332f63d8c09d,200,194,97.000000,234.505155,229.165506,1.000000,3.400000,273.652983,4.113333,276.975537,3.530928,3.712409,0.000000,0.386750,0.683544,0.304569,0.127389,300,2576,2576,32.000000,0,0,16,16,48,48,4,4,432.000000,685,0,0,26,174,0,26,20,18,2,0,20,2,2,2,0,0,0,0,0,6,0,6,6,6,0,0,0,0
1475,14000504,75,2,443.822665836305,175.000000000000,59.000000000000,2.950160953038,77db5d4e40279527,8d15af1f9d36efa1,ef668ee5de72cdaf,200,157,78.500000,192.611465,184.456956,0.900000,2.400000,190.822335,4.053704,217.732542,2.840764,4.060538,0.000000,0.503341,0.693252,0.402145,0.212014,300,2768,2768,32.000000,0,0,16,16,57,57,6,0,452.000000,446,0,0,40,141,0,40,17,14,3,0,17,3,3,2,1,0,0,0,0,23,20,23,43,24,19,0,0,0
1476,14000505,75,2,44.856089128761,425.000000000000,52.000000000000,1.937296355242,8ef5ab060eda059d,8d15af1f9d36efa1,7fa536d393be6a8a,200,128,64.000000,291.898438,254.250430,1.000000,3.800000,293.724590,3.900714,330.446054,4.062500,3.492308,0.000000,0.512195,0.731903,0.365854,0.291553,300,2336,2336,32.000000,0,0,16,16,98,98,18,0,546.000000,520,0,0,85,115,0,85,13,4,9,0,13,9,9,9,0,0,0,0,0,72,0,72,72,72,0,0,0,0
1477,14000506,75,2,316.334179359256,175.000000000000,41.000000000000,2.250983662929,26e878542ea43c55,8d15af1f9d36efa1,c83bcaad4c8a6380,200,133,66.500000,231.375940,248.550413,0.700000,2.600000,274.138817,4.302721,274.297592,3.699248,3.676829,0.000000,0.460526,0.677419,0.378788,0.151724,300,2264,2264,32.000000,0,0,16,16,39,39,10,0,420.000000,492,0,0,23,120,0,23,16,11,5,0,16,5,5,2,3,0,0,0,0,7,60,7,67,10,57,0,0,0
1478,14000507,75,2,381.179797374629,425.000000000000,49.000000000000,1.698193001887,faf1b1f726bc335e,8d15af1f9d36efa1,e1632087e75b97b5,200,164,82.000000,301.878049,309.601015,1.000000,4.600000,361.945950,4.912500,370.824800,4.597561,4.240053,0.000000,0.388979,0.705882,0.284630,0.164080,300,2696,2696,32.000000,0,0,16,16,68,68,12,0,480.000000,754,0,0,52,148,0,52,16,10,6,0,16,6,6,6,0,0,0,0,0,36,0,36,36,36,0,0,0,0
1479,14000508,75,2,87.138708786554,325.000000000000,61.000000000000,2.184540737619,7a929c2eccfe9379,8d15af1f9d36efa1,f39c55dbda177aff,200,187,93.500000,218.850267,204.168036,1.000000,3.300000,235.600336,3.308333,239.427073,3.347594,3.257188,0.000000,0.420370,0.694190,0.323974,0.163102,300,2232,2232,32.000000,0,0,16,16,59,59,4,12,454.000000,626,0,0,33,167,0,33,20,18,2,0,20,2,2,2,0,0,0,0,0,13,0,13,13,13,0,0,0,0
1480,14000509,75,2,122.756492082691,175.000000000000,50.000000000000,2.283772055725,6e98081555c7cb02,8d15af1f9d36efa1,4f07a1c58c0f16ff,200,199,99.500000,255.130653,256.549886,1.000000,3.900000,295.881771,3.222500,303.365279,4.000000,3.409548,0.000000,0.347541,0.679487,0.273723,0.103604,300,2280,2280,32.000000,0,0,16,16,41,41,10,0,424.000000,796,0,0,21,179,0,21,20,15,5,0,20,5,5,5,0,0,0,0,0,1,0,1,1,1,0,0,0,0
1481,14000510,75,2,317.243301036066,75.000000000000,39.000000000000,1.531397932990,9e6b3bfd4bde4869,8d15af1f9d36efa1,647fa8f3157026db,200,147,73.500000,337.095238,337.711584,1.000000,5.000000,418.826547,4.012500,415.347672,5.183673,3.611549,0.000000,0.398104,0.715909,0.282486,0.184154,300,2224,2224,32.000000,0,0,16,16,82,82,8,2,504.000000,762,0,0,67,133,0,67,14,10,4,0,14,4,4,4,0,0,0,0,0,53,0,53,53,53,0,0,0,0
1482,14000511,75,2,361.902616437941,175.000000000000,49.000000000000,2.555307975214,ef9e109a59327c12,8d15af1f9d36efa1,667a8966da715333,200,180,90.000000,182.255556,190.855693,0.900000,2.500000,207.542912,3.077778,212.735481,2.888889,3.344231,0.000000,0.440860,0.672131,0.365854,0.130435,300,2360,2360,32.000000,0,0,16,16,38,38,2,0,410.000000,520,0,0,19,162,0,19,19,18,1,0,19,1,1,0,1,0,0,0,0,0,20,0,20,1,19,0,0,0
1483,14000512,75,2,120.474964121212,75.000000000000,30.000000000000,2.676552335271,72daf1d688861691,8d15af1f9d36efa1,885fe0b2e9e12124,200,162,81.000000,261.580247,230.055813,1.000000,3.700000,279.366742,3.410000,299.287999,3.987654,3.012384,0.000000,0.430335,0.709302,0.317125,0.194514,300,2272,2272,32.000000,0,0,16,16,70,70,16,0,488.000000,646,0,0,54,146,0,54,16,8,8,0,16,8,8,8,0,0,0,0,0,38,0,38,38,38,0,0,0,0
1484,14000513,75,2,388.908641666821,75.000000000000,35.000000000000,2.436910523714,be76e99f94d631bc,8d15af1f9d36efa1,600e927258ee003e,200,152,76.000000,302.809211,328.744657,1.000000,5.000000,391.783807,3.838214,382.140951,4.907895,3.526810,0.000000,0.399356,0.712644,0.286807,0.180220,300,2160,2160,32.000000,0,0,16,16,76,76,12,0,496.000000,746,0,0,62,138,0,62,14,8,6,0,14,6,6,6,0,0,0,0,0,48,0,48,48,48,0,0,0,0
1485,14000514,75,2,81.102197349041,425.000000000000,29.000000000000,2.947120565178,5b8d990a87108228,8d15af1f9d36efa1,d229b3ac0daf7e0c,200,159,79.500000,267.867925,269.318017,1.000000,4.400000,330.969177,3.819762,322.910380,4.333333,3.712627,0.000000,0.413617,0.708455,0.303337,0.182681,300,2792,2792,32.000000,0,0,16,16,72,72,10,2,486.000000,689,0,0,56,144,0,56,15,10,5,0,15,5,5,5,0,0,0,0,0,41,0,41,41,41,0,0,0,0
1486,14000515,75,2,441.357004795898,75.000000000000,33.000000000000,2.708997375216,a762c3280abd7c7d,8d15af1f9d36efa1,eee0c6de6fc2b5db,200,154,77.000000,202.636364,166.653421,1.000000,2.800000,208.548340,3.941667,225.441738,3.090909,3.567227,0.000000,0.507246,0.710145,0.386598,0.249211,300,2608,2608,32.000000,0,0,16,16,78,78,2,6,490.000000,476,0,0,61,139,0,61,15,14,1,0,15,1,1,1,0,0,0,0,0,46,0,46,46,46,0,0,0,0
1487,14000516,75,2,305.008295618273,425.000000000000,37.000000000000,1.542567591863,ae4615f6443d86fa,8d15af1f9d36efa1,db9b7b3ff88b788a,200,146,73.000000,288.184932,242.551658,1.000000,5.200000,414.929894,3.485357,364.962647,4.732877,3.175109,0.000000,0.421757,0.715909,0.302725,0.199305,300,2264,2264,32.000000,0,0,16,16,82,82,8,0,504.000000,691,0,0,68,132,0,68,14,10,4,0,14,4,4,4,0,0,0,0,0,54,0,54,54,54,0,0,0,0
1488,14000517,75,2,463.297100529026,325.000000000000,54.000000000000,2.979436360225,d431dc483076b77c,8d15af1f9d36efa1,518935a9b573c013,200,175,87.500000,279.182857,278.238173,1.000000,4.300000,335.863185,4.171667,345.868641,4.497143,4.114358,0.000000,0.367871,0.696049,0.275989,0.138007,300,2496,2496,32.000000,0,0,16,16,59,59,8,0,458.000000,787,0,0,42,158,0,42,17,13,4,0,17,4,4,4,0,0,0,0,0,25,0,25,25,25,0,0,0,0
1489,14000518,75,2,342.811185576150,425.000000000000,32.000000000000,2.691333141458,c24da71f3deb9ad,8d15af1f9d36efa1,7374f5da404cee50,200,124,62.000000,267.524194,245.791422,1.000000,3.700000,291.149921,3.241429,320.152687,4.096774,3.320866,0.000000,0.518027,0.731903,0.371287,0.296399,300,2232,2232,32.000000,0,0,16,16,103,103,8,2,546.000000,508,0,0,89,111,0,89,13,9,4,0,13,4,4,4,0,0,0,0,0,76,0,76,76,76,0,0,0,0
1490,14000519,75,2,495.587214494577,175.000000000000,66.000000000000,1.660294831115,49b644a3b2a8ee68,8d15af1f9d36efa1,353c6ba354561ea2,200,185,92.500000,258.589189,254.009918,1.000000,3.500000,291.953684,4.283333,282.903444,3.540541,3.911450,0.000000,0.411500,0.696049,0.314136,0.161332,300,2408,2408,32.000000,0,0,16,16,56,56,14,2,458.000000,655,0,0,35,165,0,35,20,13,7,0,20,7,7,7,0,0,0,0,0,15,0,15,15,15,0,0,0,0
1491,14000520,75,2,225.764231972727,175.000000000000,44.000000000000,1.882638772030,5fcdeab252a8136e,8d15af1f9d36efa1,9a5ef900c5403848,200,200,100.000000,236.820000,233.030620,1.000000,3.700000,284.733213,3.825000,280.448392,3.700000,3.324324,0.000000,0.359862,0.675325,0.288462,0.101942,300,2272,2272,32.000000,0,0,16,16,40,40,4,0,416.000000,740,0,0,20,180,0,20,20,18,2,0,20,2,2,2,0,0,0,0,0,0,0,0,0,0,0,0,0,0
1492,14000521,75,2,446.506864187914,175.000000000000,44.000000000000,2.910056492097,c7675cf89042e56b,8d15af1f9d36efa1,a4fd256ed489b1a,200,182,91.000000,321.120879,336.456431,1.000000,5.500000,427.603654,3.813690,395.507212,5.313187,3.500517,0.000000,0.319493,0.694190,0.236780,0.112029,300,2416,2416,32.000000,0,0,16,16,58,58,6,8,454.000000,967,0,0,36,164,0,36,18,15,3,0,18,3,3,3,0,0,0,0,0,18,0,18,18,18,0,0,0,0
1493,14000522,75,2,452.609963565831,175.000000000000,42.000000000000,2.994402219820,9849a06931e9ab87,8d15af1f9d36efa1,a35f187fd66eaa43,200,190,95.000000,323.978947,299.863612,1.000000,5.200000,415.959012,3.499762,398.289104,5.221053,3.214718,0.000000,0.308229,0.688474,0.232198,0.099819,300,2248,2248,32.000000,0,0,16,16,49,49,12,2,442.000000,992,0,0,30,170,2,28,18,12,6,0,18,6,6,6,0,0,0,0,0,10,0,10,10,10,0,0,0,0
1494,14000523,75,2,434.501795221496,175.000000000000,55.000000000000,2.766597524004,ddc1e3846469d90a,8d15af1f9d36efa1,58df49d83f234041,200,192,96.000000,295.921875,276.750479,1.000000,4.500000,353.550139,3.980714,348.767677,4.520833,3.763825,0.000000,0.334356,0.685535,0.256849,0.106996,300,2296,2296,32.000000,0,0,16,16,50,50,4,4,436.000000,868,0,0,28,172,0,28,20,18,2,0,20,2,2,2,0,0,0,0,0,8,0,8,8,8,0,0,0,0
1495,14000524,75,2,417.637679262017,175.000000000000,41.000000000000,2.984960742687,48af090449f76102,8d15af1f9d36efa1,25d4a0ca20996a24,200,198,99.000000,245.383838,243.212785,1.000000,3.700000,290.948291,4.333095,295.026746,3.767677,3.737265,0.000000,0.361301,0.678457,0.286807,0.107656,300,2696,2696,32.000000,0,0,16,16,43,43,4,2,422.000000,746,0,0,22,178,0,22,20,18,2,0,20,2,2,2,0,0,0,0,0,2,0,2,2,2,0,0,0,0
1496,14000525,75,2,407.448219675430,75.000000000000,37.000000000000,2.769628000403,a1817b00cc8745ef,8d15af1f9d36efa1,307c9db07d4357bf,200,172,86.000000,258.273256,269.967580,1.000000,4.000000,318.396495,3.559524,313.539713,3.988372,3.517493,0.000000,0.407599,0.702381,0.304260,0.169492,300,2560,2560,32.000000,0,0,16,16,63,63,14,0,472.000000,686,0,0,46,154,1,45,17,10,7,0,17,7,7,7,0,0,0,0,0,28,0,28,28,28,0,0,0,0
1497,14000526,75,2,430.178423892016,425.000000000000,34.000000000000,2.844838011645,3da755b8f77f06f,8d15af1f9d36efa1,cc06c7f4a9576ed8,200,151,75.500000,297.006623,238.403712,1.000000,3.700000,286.546311,3.543333,342.635157,4.298013,3.095532,0.000000,0.440999,0.719101,0.316122,0.217129,300,2136,2136,32.000000,0,0,16,16,80,80,20,2,512.000000,649,0,0,64,136,0,64,15,5,10,0,15,10,10,10,0,0,0,0,0,49,0,49,49,49,0,0,0,0
1498,14000527,75,2,265.158864878030,325.000000000000,38.000000000000,1.796466692723,9cebdf9173f49c5a,8d15af1f9d36efa1,cadaaf506f8f8ce6,200,193,96.500000,207.823834,185.963357,1.000000,2.900000,234.486746,4.960000,245.298965,2.968912,4.804538,0.000000,0.424121,0.678457,0.343643,0.135747,300,2544,2544,32.000000,0,0,16,16,45,45,0,0,422.000000,573,0,0,26,174,0,26,19,19,0,0,19,0,0,0,0,0,0,0,0,7,0,7,7,7,0,0,0,0
1499,14000528,75,2,285.291487355422,425.000000000000,37.000000000000,1.881646729918,2d226b5850e0fbe,8d15af1f9d36efa1,992f174423f73073,200,150,75.000000,289.746667,296.804905,1.000000,4.400000,334.836546,3.158333,352.518004,4.520000,3.135693,0.000000,0.425424,0.715100,0.306748,0.200472,300,2088,2088,32.000000,0,0,16,16,82,82,6,0,502.000000,678,0,0,66,134,0,66,16,13,3,0,16,3,3,3,0,0,0,0,0,50,0,50,50,50,0,0,0,0
